ISO-10303-21;
HEADER;
FILE_DESCRIPTION (( 'STEP AP214' ),
    '1' );
FILE_NAME ('[打印]1.4GHz自组网盒子-上盖兼GPS接口.STEP',
    '2025-08-21T10:02:18',
    ( '' ),
    ( '' ),
    'SwSTEP 2.0',
    'SolidWorks 2020',
    '' );
FILE_SCHEMA (( 'AUTOMOTIVE_DESIGN' ));
ENDSEC;

DATA;
#1 = EDGE_CURVE ( 'NONE', #207, #3809, #9400, .T. ) ;
#2 = ORIENTED_EDGE ( 'NONE', *, *, #11099, .T. ) ;
#3 = ORIENTED_EDGE ( 'NONE', *, *, #8469, .F. ) ;
#4 = FACE_OUTER_BOUND ( 'NONE', #3295, .T. ) ;
#5 = AXIS2_PLACEMENT_3D ( 'NONE', #2913, #10190, #2201 ) ;
#6 = VECTOR ( 'NONE', #9265, 1000.000000000000114 ) ;
#7 = CARTESIAN_POINT ( 'NONE',  ( 7.540374389010897183, 9.459625610989101929, 105.6808488109149238 ) ) ;
#8 = DIRECTION ( 'NONE',  ( -0.000000000000000000, -0.000000000000000000, -1.000000000000000000 ) ) ;
#9 = DIRECTION ( 'NONE',  ( 0.000000000000000000, 0.000000000000000000, 1.000000000000000000 ) ) ;
#10 = CARTESIAN_POINT ( 'NONE',  ( -21.90091163631642601, 2.250000000000000444, 110.4960766834540919 ) ) ;
#11 = B_SPLINE_CURVE_WITH_KNOTS ( 'NONE', 3,
 ( #37, #10829, #2721, #6341, #5804, #7464 ),
 .UNSPECIFIED., .F., .F.,
 ( 4, 2, 4 ),
 ( 1.734723475976807094E-18, 0.0003975156579629303194, 0.0007950313159258589040 ),
 .UNSPECIFIED. ) ;
#12 = CARTESIAN_POINT ( 'NONE',  ( -7.127430812560486828, 8.892507632832652220, 105.2602266787836385 ) ) ;
#13 = ORIENTED_EDGE ( 'NONE', *, *, #5660, .F. ) ;
#14 = VECTOR ( 'NONE', #8242, 1000.000000000000000 ) ;
#15 = EDGE_CURVE ( 'NONE', #3696, #10059, #9513, .T. ) ;
#16 = ORIENTED_EDGE ( 'NONE', *, *, #997, .F. ) ;
#17 = CARTESIAN_POINT ( 'NONE',  ( 4.321783606379105080, 8.500000000000000000, 103.2384425154164944 ) ) ;
#18 = LINE ( 'NONE', #856, #9752 ) ;
#19 = CARTESIAN_POINT ( 'NONE',  ( 19.74999999999982236, 7.249999999999999112, 124.4242565173703525 ) ) ;
#20 = CARTESIAN_POINT ( 'NONE',  ( -29.37500000000054357, 1.250000000000004885, 80.80000000000001137 ) ) ;
#21 = CARTESIAN_POINT ( 'NONE',  ( -7.663197318814769510, 9.922907052438295850, 102.4713030507509188 ) ) ;
#22 = ORIENTED_EDGE ( 'NONE', *, *, #9267, .T. ) ;
#23 = VECTOR ( 'NONE', #3733, 1000.000000000000000 ) ;
#24 = CARTESIAN_POINT ( 'NONE',  ( 15.86167683370010373, 27.77546953098697813, 100.1757653858252297 ) ) ;
#25 = ORIENTED_EDGE ( 'NONE', *, *, #1045, .F. ) ;
#26 = PLANE ( 'NONE',  #5943 ) ;
#27 = CARTESIAN_POINT ( 'NONE',  ( 2.593973936281586568, 13.33050436616502488, 104.8773464072780968 ) ) ;
#28 = ORIENTED_EDGE ( 'NONE', *, *, #11248, .T. ) ;
#29 = CIRCLE ( 'NONE', #10266, 1.999999999999974021 ) ;
#30 = VERTEX_POINT ( 'NONE', #10397 ) ;
#31 = CARTESIAN_POINT ( 'NONE',  ( 19.75000000000000000, 7.249999999999999112, 105.4242565173703667 ) ) ;
#32 = CARTESIAN_POINT ( 'NONE',  ( 18.11169591142203217, 7.249999999999999112, 108.5714093900724748 ) ) ;
#33 = CARTESIAN_POINT ( 'NONE',  ( -15.25000000000002665, 14.53030822565386337, 138.8414722278378406 ) ) ;
#34 = VERTEX_POINT ( 'NONE', #3125 ) ;
#35 = PLANE ( 'NONE',  #10014 ) ;
#36 = ORIENTED_EDGE ( 'NONE', *, *, #4312, .T. ) ;
#37 = CARTESIAN_POINT ( 'NONE',  ( 15.29114218035016037, 26.55195401848749981, 107.5242346141747731 ) ) ;
#38 = PLANE ( 'NONE',  #7610 ) ;
#39 = ORIENTED_EDGE ( 'NONE', *, *, #7037, .T. ) ;
#40 = AXIS2_PLACEMENT_3D ( 'NONE', #3520, #7960, #9088 ) ;
#42 = VECTOR ( 'NONE', #5548, 1000.000000000000114 ) ;
#41 = CARTESIAN_POINT ( 'NONE',  ( -2.987593916065862221, 13.65178855590478513, 103.6567119640854031 ) ) ;
#43 = LINE ( 'NONE', #3674, #6678 ) ;
#44 = CARTESIAN_POINT ( 'NONE',  ( 0.1768766589186820670, -7.802420220472374268, 100.3144660940671997 ) ) ;
#45 = VECTOR ( 'NONE', #10055, 1000.000000000000227 ) ;
#46 = DIRECTION ( 'NONE',  ( 1.000000000000000000, 0.000000000000000000, 4.827056628805024630E-15 ) ) ;
#47 = EDGE_CURVE ( 'NONE', #8477, #2223, #8439, .T. ) ;
#48 = DIRECTION ( 'NONE',  ( 0.4226182617407009956, 0.9063077870366492705, 1.110223024625156417E-16 ) ) ;
#49 = ORIENTED_EDGE ( 'NONE', *, *, #3660, .F. ) ;
#50 = FACE_OUTER_BOUND ( 'NONE', #4973, .T. ) ;
#51 = EDGE_CURVE ( 'NONE', #7389, #7439, #1988, .T. ) ;
#52 = CARTESIAN_POINT ( 'NONE',  ( 5.088607924003982319, 8.988129009434869587, 102.6257460103347938 ) ) ;
#53 = ORIENTED_EDGE ( 'NONE', *, *, #2929, .T. ) ;
#54 = DIRECTION ( 'NONE',  ( 0.000000000000000000, -1.000000000000000000, 0.000000000000000000 ) ) ;
#55 = CARTESIAN_POINT ( 'NONE',  ( -15.86167683370010373, 27.77546953098697813, 107.5242346141747589 ) ) ;
#56 = DIRECTION ( 'NONE',  ( -0.000000000000000000, -1.000000000000000000, -0.000000000000000000 ) ) ;
#57 = CARTESIAN_POINT ( 'NONE',  ( -29.37500000000054357, 0.000000000000000000, 82.35000000000000853 ) ) ;
#58 = ORIENTED_EDGE ( 'NONE', *, *, #9290, .F. ) ;
#59 = B_SPLINE_CURVE_WITH_KNOTS ( 'NONE', 3,
 ( #4049, #6885, #7665, #5880, #11314, #522 ),
 .UNSPECIFIED., .F., .F.,
 ( 4, 2, 4 ),
 ( 0.000000000000000000, 0.0003975084460223998707, 0.0007950168920447997414 ),
 .UNSPECIFIED. ) ;
#60 = LINE ( 'NONE', #3630, #11343 ) ;
#61 = VECTOR ( 'NONE', #11510, 1000.000000000000114 ) ;
#62 = VECTOR ( 'NONE', #5977, 1000.000000000000227 ) ;
#63 = ORIENTED_EDGE ( 'NONE', *, *, #10853, .F. ) ;
#64 = EDGE_CURVE ( 'NONE', #269, #11212, #11168, .T. ) ;
#65 = ORIENTED_EDGE ( 'NONE', *, *, #2213, .F. ) ;
#66 = CARTESIAN_POINT ( 'NONE',  ( 18.11169591142181545, 3.888304088578181883, 125.5714093900724464 ) ) ;
#67 = VECTOR ( 'NONE', #5735, 1000.000000000000114 ) ;
#68 = ADVANCED_FACE ( 'NONE', ( #11283 ), #2228, .T. ) ;
#69 = LINE ( 'NONE', #8314, #7237 ) ;
#70 = CARTESIAN_POINT ( 'NONE',  ( 6.999999999999990230, 2.250000000000000444, 94.43550806100924433 ) ) ;
#71 = FACE_OUTER_BOUND ( 'NONE', #10726, .T. ) ;
#72 = CARTESIAN_POINT ( 'NONE',  ( 16.25000000000000000, 5.750000000000031086, 107.6000000000000085 ) ) ;
#73 = CARTESIAN_POINT ( 'NONE',  ( -8.077344618109883356, 9.011488837849881861, 103.9563565960733058 ) ) ;
#74 = ORIENTED_EDGE ( 'NONE', *, *, #2055, .T. ) ;
#75 = VECTOR ( 'NONE', #4757, 1000.000000000000000 ) ;
#76 = B_SPLINE_CURVE_WITH_KNOTS ( 'NONE', 3,
 ( #6624, #4547, #2826, #8157 ),
 .UNSPECIFIED., .F., .F.,
 ( 4, 4 ),
 ( 0.0006606262640832956910, 0.0008837436163812440989 ),
 .UNSPECIFIED. ) ;
#77 = ORIENTED_EDGE ( 'NONE', *, *, #6942, .T. ) ;
#78 = CARTESIAN_POINT ( 'NONE',  ( 7.911710925221847823, 9.164483209790876828, 104.6643693510155373 ) ) ;
#79 = CARTESIAN_POINT ( 'NONE',  ( 13.91590890337862341, 28.29392192247968296, 104.9098115997281582 ) ) ;
#80 = DIRECTION ( 'NONE',  ( 0.000000000000000000, -1.000000000000000000, 0.000000000000000000 ) ) ;
#81 = AXIS2_PLACEMENT_3D ( 'NONE', #2356, #5914, #9464 ) ;
#82 = CARTESIAN_POINT ( 'NONE',  ( -19.75000000000001776, 2.250000000000008882, 110.9111501086126168 ) ) ;
#83 = FACE_OUTER_BOUND ( 'NONE', #11649, .T. ) ;
#84 = ORIENTED_EDGE ( 'NONE', *, *, #6895, .T. ) ;
#85 = CARTESIAN_POINT ( 'NONE',  ( 14.50221515314512644, 28.40939692359802748, 163.0000000000001421 ) ) ;
#86 = EDGE_CURVE ( 'NONE', #6994, #5261, #488, .T. ) ;
#87 = ORIENTED_EDGE ( 'NONE', *, *, #10562, .F. ) ;
#88 = EDGE_CURVE ( 'NONE', #8683, #10848, #10168, .T. ) ;
#89 = CARTESIAN_POINT ( 'NONE',  ( 16.10352159634808089, 27.11100650659829725, 100.3144660940671997 ) ) ;
#90 = CARTESIAN_POINT ( 'NONE',  ( 2.718342266383912520, 13.37057851855294466, 104.7251011051653649 ) ) ;
#91 = ORIENTED_EDGE ( 'NONE', *, *, #8516, .T. ) ;
#92 = AXIS2_PLACEMENT_3D ( 'NONE', #5372, #3416, #909 ) ;
#93 = VERTEX_POINT ( 'NONE', #2053 ) ;
#94 = LINE ( 'NONE', #7334, #5926 ) ;
#95 = CARTESIAN_POINT ( 'NONE',  ( 26.50000000000052935, 2.250000000000000000, 119.8000000000000398 ) ) ;
#96 = DIRECTION ( 'NONE',  ( 0.000000000000000000, 1.000000000000000000, 0.000000000000000000 ) ) ;
#97 = EDGE_LOOP ( 'NONE', ( #4671, #9286, #3661, #4692 ) ) ;
#98 = LINE ( 'NONE', #6394, #2824 ) ;
#99 = ORIENTED_EDGE ( 'NONE', *, *, #10708, .F. ) ;
#100 = DIRECTION ( 'NONE',  ( 0.000000000000000000, 0.000000000000000000, 1.000000000000000000 ) ) ;
#101 = CARTESIAN_POINT ( 'NONE',  ( -7.223831845300358268, 9.249999999999998224, 101.7351536916750661 ) ) ;
#102 = ADVANCED_FACE ( 'NONE', ( #5670 ), #9284, .F. ) ;
#103 = VERTEX_POINT ( 'NONE', #11112 ) ;
#104 = DIRECTION ( 'NONE',  ( -0.000000000000000000, -1.000000000000000000, -0.000000000000000000 ) ) ;
#105 = CARTESIAN_POINT ( 'NONE',  ( 6.086249529982446838, 9.730329714914814687, 105.4015383698490069 ) ) ;
#106 = CARTESIAN_POINT ( 'NONE',  ( 0.000000000000000000, 2.250000000000000000, 78.10000000000002274 ) ) ;
#107 = DIRECTION ( 'NONE',  ( 0.7071067811865474617, 0.7071067811865474617, -1.594657013537751360E-15 ) ) ;
#108 = CARTESIAN_POINT ( 'NONE',  ( -4.353180627086083554, 8.499999999999996447, 105.2967907157005811 ) ) ;
#109 = ORIENTED_EDGE ( 'NONE', *, *, #6039, .F. ) ;
#110 = VERTEX_POINT ( 'NONE', #10221 ) ;
#111 = CARTESIAN_POINT ( 'NONE',  ( 16.15036770283172274, 27.32231563747103209, 104.9422663175757151 ) ) ;
#112 = CARTESIAN_POINT ( 'NONE',  ( 4.840619934010901737, 8.972637642788219736, 102.8587660937018171 ) ) ;
#113 = ORIENTED_EDGE ( 'NONE', *, *, #10279, .F. ) ;
#114 = PLANE ( 'NONE',  #2675 ) ;
#115 = CARTESIAN_POINT ( 'NONE',  ( -23.53921572489405634, 0.000000000000000000, 143.3489238107519839 ) ) ;
#116 = CARTESIAN_POINT ( 'NONE',  ( -4.783857206538385753, 9.571282885274483121, 104.1591488914813937 ) ) ;
#117 = DIRECTION ( 'NONE',  ( -0.000000000000000000, -0.000000000000000000, -1.000000000000000000 ) ) ;
#118 = ORIENTED_EDGE ( 'NONE', *, *, #7499, .F. ) ;
#119 = FACE_OUTER_BOUND ( 'NONE', #10361, .T. ) ;
#120 = ORIENTED_EDGE ( 'NONE', *, *, #8824, .F. ) ;
#121 = VECTOR ( 'NONE', #9992, 1000.000000000000000 ) ;
#122 = EDGE_LOOP ( 'NONE', ( #7197, #11319, #1418, #1851 ) ) ;
#123 = DIRECTION ( 'NONE',  ( 0.000000000000000000, -1.000000000000000000, 0.000000000000000000 ) ) ;
#124 = DIRECTION ( 'NONE',  ( 0.000000000000000000, 0.000000000000000000, -1.000000000000000000 ) ) ;
#125 = CARTESIAN_POINT ( 'NONE',  ( 14.29090602227477724, 27.95624303007970468, 163.0000000000001421 ) ) ;
#126 = CARTESIAN_POINT ( 'NONE',  ( 15.95560520473883415, 26.79379878113547164, 102.8116720171352512 ) ) ;
#127 = CARTESIAN_POINT ( 'NONE',  ( -18.11169591142183677, 7.249999999999999112, 125.5714093900724464 ) ) ;
#128 = CARTESIAN_POINT ( 'NONE',  ( -7.127430812560488604, 8.892507632832655773, 102.4397733212163786 ) ) ;
#129 = EDGE_CURVE ( 'NONE', #139, #8582, #2115, .T. ) ;
#130 = EDGE_LOOP ( 'NONE', ( #8864, #3023, #5529, #2797 ) ) ;
#131 = ADVANCED_FACE ( 'NONE', ( #6845 ), #5964, .F. ) ;
#132 = ORIENTED_EDGE ( 'NONE', *, *, #7381, .T. ) ;
#133 = CARTESIAN_POINT ( 'NONE',  ( 4.426688587134714581, 8.499999999999996447, 103.0089082616054128 ) ) ;
#134 = CYLINDRICAL_SURFACE ( 'NONE', #11637, 1.624999999999999112 ) ;
#135 = FACE_OUTER_BOUND ( 'NONE', #6354, .T. ) ;
#136 = CARTESIAN_POINT ( 'NONE',  ( -16.15036770282975453, 27.42420127523181250, 102.7103036013411668 ) ) ;
#137 = CARTESIAN_POINT ( 'NONE',  ( -4.750502354557105456, 9.567207725462896661, 103.9365679603315726 ) ) ;
#138 = DIRECTION ( 'NONE',  ( 0.000000000000000000, -0.000000000000000000, 1.000000000000000000 ) ) ;
#139 = VERTEX_POINT ( 'NONE', #1452 ) ;
#140 = DIRECTION ( 'NONE',  ( 0.000000000000000000, 0.000000000000000000, -1.000000000000000000 ) ) ;
#141 = AXIS2_PLACEMENT_3D ( 'NONE', #11531, #6929, #463 ) ;
#142 = ORIENTED_EDGE ( 'NONE', *, *, #7911, .T. ) ;
#143 = PLANE ( 'NONE',  #6130 ) ;
#144 = CARTESIAN_POINT ( 'NONE',  ( -9.999999999999994671, 2.250000000000000888, 109.8500000000000227 ) ) ;
#145 = ORIENTED_EDGE ( 'NONE', *, *, #10886, .F. ) ;
#146 = ORIENTED_EDGE ( 'NONE', *, *, #9174, .T. ) ;
#147 = DIRECTION ( 'NONE',  ( 0.000000000000000000, 0.000000000000000000, 1.000000000000000000 ) ) ;
#148 = EDGE_CURVE ( 'NONE', #1192, #385, #5071, .T. ) ;
#149 = DIRECTION ( 'NONE',  ( 0.000000000000000000, 1.000000000000000000, 0.000000000000000000 ) ) ;
#150 = DIRECTION ( 'NONE',  ( 0.000000000000000000, 0.2164396139381068729, -0.9762960071199324741 ) ) ;
#151 = CARTESIAN_POINT ( 'NONE',  ( 1.616560591396709823, 14.26997885381753228, 102.1298863533074552 ) ) ;
#152 = ORIENTED_EDGE ( 'NONE', *, *, #3481, .F. ) ;
#153 = LINE ( 'NONE', #11008, #9479 ) ;
#154 = CARTESIAN_POINT ( 'NONE',  ( -5.488751430221376459, 9.249999999999998224, 105.7553560474405430 ) ) ;
#155 = EDGE_LOOP ( 'NONE', ( #3668, #9555, #255, #5677 ) ) ;
#156 = CARTESIAN_POINT ( 'NONE',  ( -15.71692009268695678, 26.54918129398222959, 105.0125320479103550 ) ) ;
#157 = LINE ( 'NONE', #9949, #4035 ) ;
#158 = CARTESIAN_POINT ( 'NONE',  ( -1.749999999999999778, 2.249999999999998668, 84.60000000000003695 ) ) ;
#159 = CIRCLE ( 'NONE', #535, 2.000000000000001776 ) ;
#160 = VECTOR ( 'NONE', #262, 1000.000000000000000 ) ;
#161 = CYLINDRICAL_SURFACE ( 'NONE', #8528, 0.4999999999999865663 ) ;
#162 = EDGE_CURVE ( 'NONE', #6252, #5760, #4182, .T. ) ;
#163 = CARTESIAN_POINT ( 'NONE',  ( -8.269555066332962667, 8.500000000000000000, 104.9472013248070539 ) ) ;
#164 = ORIENTED_EDGE ( 'NONE', *, *, #6126, .F. ) ;
#165 = CARTESIAN_POINT ( 'NONE',  ( 20.26260754773824502, 7.249999999999999112, 137.1432295561562000 ) ) ;
#166 = ORIENTED_EDGE ( 'NONE', *, *, #7163, .F. ) ;
#167 = DIRECTION ( 'NONE',  ( 0.000000000000000000, 0.000000000000000000, -1.000000000000000000 ) ) ;
#168 = CARTESIAN_POINT ( 'NONE',  ( -1.250000000000001110, 12.39734380363551125, 114.0419669349226126 ) ) ;
#169 = VECTOR ( 'NONE', #4391, 1000.000000000000114 ) ;
#170 = ORIENTED_EDGE ( 'NONE', *, *, #3352, .F. ) ;
#171 = CARTESIAN_POINT ( 'NONE',  ( -35.58213756747417023, 2.250000000000000000, 24.91488095036069694 ) ) ;
#172 = CARTESIAN_POINT ( 'NONE',  ( -16.12252937251157192, 27.51199114146377767, 107.4366798128818203 ) ) ;
#173 = CARTESIAN_POINT ( 'NONE',  ( -6.133606430496180373, 9.736115317664557622, 105.4137953133113967 ) ) ;
#174 = DIRECTION ( 'NONE',  ( -0.000000000000000000, -1.000000000000000000, -0.000000000000000000 ) ) ;
#175 = ORIENTED_EDGE ( 'NONE', *, *, #8303, .F. ) ;
#176 = DIRECTION ( 'NONE',  ( 0.8660254037844437036, 0.000000000000000000, 0.4999999999999912847 ) ) ;
#177 = DIRECTION ( 'NONE',  ( 0.000000000000000000, 0.000000000000000000, -1.000000000000000000 ) ) ;
#178 = ORIENTED_EDGE ( 'NONE', *, *, #2547, .F. ) ;
#179 = B_SPLINE_CURVE_WITH_KNOTS ( 'NONE', 3,
 ( #6324, #1695, #7030, #7866, #4425, #4482 ),
 .UNSPECIFIED., .F., .F.,
 ( 4, 2, 4 ),
 ( 0.000000000000000000, 0.0003975084460223955881, 0.0007950168920447959467 ),
 .UNSPECIFIED. ) ;
#180 = VERTEX_POINT ( 'NONE', #3542 ) ;
#181 = AXIS2_PLACEMENT_3D ( 'NONE', #10355, #8749, #3141 ) ;
#182 = DIRECTION ( 'NONE',  ( 0.9063077870366489375, 0.4226182617407014397, 0.000000000000000000 ) ) ;
#183 = DIRECTION ( 'NONE',  ( 0.000000000000000000, 0.000000000000000000, -1.000000000000000000 ) ) ;
#184 = CARTESIAN_POINT ( 'NONE',  ( 15.87744843011666340, 26.66742901960584078, 104.9098115997281582 ) ) ;
#185 = CARTESIAN_POINT ( 'NONE',  ( 19.74999999999998934, 2.250000000000000000, 113.9242565173703525 ) ) ;
#186 = FACE_OUTER_BOUND ( 'NONE', #1944, .T. ) ;
#187 = ORIENTED_EDGE ( 'NONE', *, *, #3622, .F. ) ;
#188 = EDGE_LOOP ( 'NONE', ( #7611, #1264, #10186, #5090, #7352 ) ) ;
#189 = EDGE_CURVE ( 'NONE', #5732, #5659, #10888, .T. ) ;
#190 = VECTOR ( 'NONE', #4149, 1000.000000000000000 ) ;
#191 = CARTESIAN_POINT ( 'NONE',  ( 6.067272365475337992, 9.049264428481951228, 102.2354747767969769 ) ) ;
#192 = LINE ( 'NONE', #4659, #7682 ) ;
#193 = CARTESIAN_POINT ( 'NONE',  ( -6.249999999999998224, 9.749999999999998224, 127.2934762997707310 ) ) ;
#194 = EDGE_CURVE ( 'NONE', #6340, #802, #4733, .T. ) ;
#195 = LINE ( 'NONE', #3003, #357 ) ;
#196 = LINE ( 'NONE', #316, #9105 ) ;
#197 = CARTESIAN_POINT ( 'NONE',  ( -7.748812990946631452, 9.749999999999998224, 136.5914722278378690 ) ) ;
#198 = ORIENTED_EDGE ( 'NONE', *, *, #3775, .T. ) ;
#199 = AXIS2_PLACEMENT_3D ( 'NONE', #6004, #1492, #8166 ) ;
#200 = CARTESIAN_POINT ( 'NONE',  ( -15.18194599342261064, 28.09243322729249215, 103.8500000000000085 ) ) ;
#201 = CIRCLE ( 'NONE', #4375, 2.000000000000029310 ) ;
#202 = ORIENTED_EDGE ( 'NONE', *, *, #7121, .F. ) ;
#203 = CARTESIAN_POINT ( 'NONE',  ( 8.155797152265193972, 9.179730840277461112, 103.8500000000000085 ) ) ;
#204 = CARTESIAN_POINT ( 'NONE',  ( 2.849299672740642109, 13.42821498332717844, 104.5061367200077598 ) ) ;
#205 = VECTOR ( 'NONE', #6987, 1000.000000000000000 ) ;
#206 = ORIENTED_EDGE ( 'NONE', *, *, #4144, .T. ) ;
#207 = VERTEX_POINT ( 'NONE', #33 ) ;
#208 = CARTESIAN_POINT ( 'NONE',  ( -7.998399433221680788, 9.001600575549195682, 104.3130254962241850 ) ) ;
#209 = LINE ( 'NONE', #7459, #3897 ) ;
#210 = VECTOR ( 'NONE', #3498, 1000.000000000000000 ) ;
#211 = DIRECTION ( 'NONE',  ( -0.5735764363510466035, 0.000000000000000000, -0.8191520442889913545 ) ) ;
#212 = CARTESIAN_POINT ( 'NONE',  ( 3.100735592621915782, 13.70019625391859819, 104.7000095719102575 ) ) ;
#213 = VERTEX_POINT ( 'NONE', #9941 ) ;
#214 = EDGE_CURVE ( 'NONE', #180, #8201, #7327, .T. ) ;
#215 = LINE ( 'NONE', #4800, #2664 ) ;
#216 = CARTESIAN_POINT ( 'NONE',  ( -7.907010397414624414, 9.952681590805669387, 105.0735568859490314 ) ) ;
#217 = ORIENTED_EDGE ( 'NONE', *, *, #8758, .F. ) ;
#218 = CARTESIAN_POINT ( 'NONE',  ( -2.732918951732914881, 13.82581231533581168, 102.9955582636733880 ) ) ;
#219 = EDGE_CURVE ( 'NONE', #4530, #5135, #4549, .T. ) ;
#220 = PLANE ( 'NONE',  #9489 ) ;
#221 = CARTESIAN_POINT ( 'NONE',  ( 5.065512751760312682, 9.605676905260368770, 102.9499833152471808 ) ) ;
#222 = ORIENTED_EDGE ( 'NONE', *, *, #6690, .T. ) ;
#223 = FACE_OUTER_BOUND ( 'NONE', #3582, .T. ) ;
#224 = VECTOR ( 'NONE', #891, 1000.000000000000114 ) ;
#225 = CARTESIAN_POINT ( 'NONE',  ( -7.016988944574471532, 8.878674265572861657, 102.3893966668524200 ) ) ;
#226 = ORIENTED_EDGE ( 'NONE', *, *, #1656, .T. ) ;
#227 = EDGE_CURVE ( 'NONE', #5024, #9729, #2653, .T. ) ;
#228 = DIRECTION ( 'NONE',  ( -0.9063077870366493816, 0.4226182617407005515, 0.000000000000000000 ) ) ;
#229 = AXIS2_PLACEMENT_3D ( 'NONE', #637, #1655, #9772 ) ;
#230 = ORIENTED_EDGE ( 'NONE', *, *, #1656, .F. ) ;
#231 = DIRECTION ( 'NONE',  ( 0.000000000000000000, 0.000000000000000000, -1.000000000000000000 ) ) ;
#232 = ADVANCED_FACE ( 'NONE', ( #6392 ), #1772, .F. ) ;
#233 = CARTESIAN_POINT ( 'NONE',  ( 5.766025440140239766, 8.499999999999996447, 105.6872738534141121 ) ) ;
#234 = ORIENTED_EDGE ( 'NONE', *, *, #3399, .T. ) ;
#235 = AXIS2_PLACEMENT_3D ( 'NONE', #7015, #9795, #7905 ) ;
#236 = DIRECTION ( 'NONE',  ( -0.000000000000000000, -0.000000000000000000, -1.000000000000000000 ) ) ;
#237 = DIRECTION ( 'NONE',  ( 0.000000000000000000, 1.000000000000000000, 0.000000000000000000 ) ) ;
#238 = VECTOR ( 'NONE', #6256, 1000.000000000000000 ) ;
#239 = CARTESIAN_POINT ( 'NONE',  ( -5.159261902083997597, 9.617126349990694933, 104.8571084695679048 ) ) ;
#240 = CARTESIAN_POINT ( 'NONE',  ( -23.53921572489427305, 7.249999999999999112, 126.3489238107519981 ) ) ;
#241 = ORIENTED_EDGE ( 'NONE', *, *, #7019, .T. ) ;
#242 = ADVANCED_FACE ( 'NONE', ( #10943 ), #1883, .F. ) ;
#243 = DIRECTION ( 'NONE',  ( 0.000000000000000000, 0.000000000000000000, -1.000000000000000000 ) ) ;
#244 = VECTOR ( 'NONE', #1857, 1000.000000000000227 ) ;
#245 = DIRECTION ( 'NONE',  ( 0.000000000000000000, 0.000000000000000000, -1.000000000000000000 ) ) ;
#246 = EDGE_LOOP ( 'NONE', ( #5651, #1910, #4905, #1461 ) ) ;
#247 = ORIENTED_EDGE ( 'NONE', *, *, #6383, .F. ) ;
#248 = DIRECTION ( 'NONE',  ( 0.000000000000000000, 1.000000000000000000, -2.260169297513790404E-15 ) ) ;
#249 = DIRECTION ( 'NONE',  ( -0.000000000000000000, -1.000000000000000000, -0.000000000000000000 ) ) ;
#250 = VECTOR ( 'NONE', #3169, 1000.000000000000000 ) ;
#251 = FACE_OUTER_BOUND ( 'NONE', #2581, .T. ) ;
#252 = CARTESIAN_POINT ( 'NONE',  ( -8.415826435827888474, 8.584173564172106197, 103.2818195787513815 ) ) ;
#253 = DIRECTION ( 'NONE',  ( 1.000000000000000000, 1.119176436114068839E-16, -0.000000000000000000 ) ) ;
#254 = ORIENTED_EDGE ( 'NONE', *, *, #5958, .T. ) ;
#255 = ORIENTED_EDGE ( 'NONE', *, *, #7019, .F. ) ;
#256 = VECTOR ( 'NONE', #7256, 1000.000000000000000 ) ;
#257 = CARTESIAN_POINT ( 'NONE',  ( 7.777404640765507082, 9.156093336170297192, 102.8587660937018171 ) ) ;
#258 = CARTESIAN_POINT ( 'NONE',  ( -15.29114218035016037, 26.55195401848749981, 102.4084296756661701 ) ) ;
#259 = CARTESIAN_POINT ( 'NONE',  ( 9.999999999999998224, 9.966439613938089082, 127.3171802926508747 ) ) ;
#260 = CARTESIAN_POINT ( 'NONE',  ( -29.37500000000054357, 2.250000000000000000, 125.0500000000000540 ) ) ;
#261 = DIRECTION ( 'NONE',  ( 1.000000000000000000, 0.000000000000000000, 0.000000000000000000 ) ) ;
#262 = DIRECTION ( 'NONE',  ( -0.000000000000000000, -1.000000000000000000, -0.000000000000000000 ) ) ;
#263 = VERTEX_POINT ( 'NONE', #11005 ) ;
#264 = CARTESIAN_POINT ( 'NONE',  ( 15.29114218035015860, 26.55195401848749626, 163.0000000000001421 ) ) ;
#265 = VERTEX_POINT ( 'NONE', #2828 ) ;
#266 = CARTESIAN_POINT ( 'NONE',  ( -9.500000000000001776, 9.000000000000000000, 109.8500000000000227 ) ) ;
#268 = AXIS2_PLACEMENT_3D ( 'NONE', #2103, #1144, #5603 ) ;
#267 = CARTESIAN_POINT ( 'NONE',  ( 2.961383951833787442, 13.51178638554958766, 104.1886238596528784 ) ) ;
#269 = VERTEX_POINT ( 'NONE', #11706 ) ;
#270 = EDGE_CURVE ( 'NONE', #4672, #11676, #7396, .T. ) ;
#271 = VERTEX_POINT ( 'NONE', #9112 ) ;
#272 = DIRECTION ( 'NONE',  ( 0.000000000000000000, -1.000000000000000000, 2.260169297513790404E-15 ) ) ;
#273 = DIRECTION ( 'NONE',  ( 0.000000000000000000, 0.000000000000000000, 1.000000000000000000 ) ) ;
#274 = PLANE ( 'NONE',  #10671 ) ;
#275 = EDGE_CURVE ( 'NONE', #9298, #626, #1943, .T. ) ;
#276 = CARTESIAN_POINT ( 'NONE',  ( 2.676869003880224973, 14.17261011954944472, 102.5690883309613923 ) ) ;
#277 = ORIENTED_EDGE ( 'NONE', *, *, #5531, .F. ) ;
#278 = CARTESIAN_POINT ( 'NONE',  ( -29.37500000000054357, 1.250000000000005107, 82.35000000000000853 ) ) ;
#279 = CARTESIAN_POINT ( 'NONE',  ( -8.329860813852041801, 9.249999999999998224, 102.2916913954253744 ) ) ;
#280 = ORIENTED_EDGE ( 'NONE', *, *, #9557, .T. ) ;
#281 = CARTESIAN_POINT ( 'NONE',  ( -2.291839626365303140, 13.26533370431498859, 105.1249443378098789 ) ) ;
#282 = CYLINDRICAL_SURFACE ( 'NONE', #4792, 1.549999999999982059 ) ;
#283 = CARTESIAN_POINT ( 'NONE',  ( 4.790849562215075075, 9.572134940562717631, 104.1940638846569982 ) ) ;
#284 = AXIS2_PLACEMENT_3D ( 'NONE', #4853, #7516, #2187 ) ;
#285 = ORIENTED_EDGE ( 'NONE', *, *, #8098, .T. ) ;
#286 = DIRECTION ( 'NONE',  ( 2.419433718647660850E-16, -1.000000000000000000, 0.000000000000000000 ) ) ;
#287 = EDGE_CURVE ( 'NONE', #11062, #10023, #2264, .T. ) ;
#288 = CARTESIAN_POINT ( 'NONE',  ( -4.268927218549615432, 8.534466513549496369, 103.7436434039267397 ) ) ;
#289 = ORIENTED_EDGE ( 'NONE', *, *, #7902, .F. ) ;
#290 = LINE ( 'NONE', #9424, #9492 ) ;
#291 = ORIENTED_EDGE ( 'NONE', *, *, #2057, .F. ) ;
#292 = DIRECTION ( 'NONE',  ( 0.000000000000000000, 0.000000000000000000, -1.000000000000000000 ) ) ;
#293 = CARTESIAN_POINT ( 'NONE',  ( 4.281804886466092697, 8.499999999999996447, 103.3578867919798228 ) ) ;
#294 = ORIENTED_EDGE ( 'NONE', *, *, #3118, .T. ) ;
#295 = CARTESIAN_POINT ( 'NONE',  ( 7.188177909194384263, 9.811822090805616625, 102.2428823803150379 ) ) ;
#296 = CARTESIAN_POINT ( 'NONE',  ( -2.164727316715919780, 13.95578844866834878, 102.5017507694250583 ) ) ;
#297 = EDGE_CURVE ( 'NONE', #7402, #11419, #3776, .T. ) ;
#298 = CARTESIAN_POINT ( 'NONE',  ( -6.522227105418993531, 9.783571445677829104, 105.4714062046059979 ) ) ;
#299 = LINE ( 'NONE', #2155, #5023 ) ;
#300 = ORIENTED_EDGE ( 'NONE', *, *, #2055, .F. ) ;
#301 = CARTESIAN_POINT ( 'NONE',  ( -12.74999999999995204, 4.155852963935126709, 163.9225521154960745 ) ) ;
#302 = VERTEX_POINT ( 'NONE', #7152 ) ;
#303 = EDGE_CURVE ( 'NONE', #11036, #3882, #873, .T. ) ;
#304 = EDGE_LOOP ( 'NONE', ( #9247, #9128, #11678, #10542 ) ) ;
#305 = DIRECTION ( 'NONE',  ( 0.4999999999999879541, -0.000000000000000000, 0.8660254037844455910 ) ) ;
#306 = CARTESIAN_POINT ( 'NONE',  ( -12.08750162854155441, 21.45637587167327709, 107.6000000000000085 ) ) ;
#307 = CARTESIAN_POINT ( 'NONE',  ( 7.750000000000001776, 9.249999999999994671, 105.7831987774968781 ) ) ;
#308 = DIRECTION ( 'NONE',  ( -1.000000000000000000, 0.000000000000000000, -0.000000000000000000 ) ) ;
#309 = DIRECTION ( 'NONE',  ( 1.000000000000000000, 0.000000000000000000, 0.000000000000000000 ) ) ;
#310 = VERTEX_POINT ( 'NONE', #4495 ) ;
#311 = ADVANCED_FACE ( 'NONE', ( #2896, #10058 ), #6510, .T. ) ;
#312 = ORIENTED_EDGE ( 'NONE', *, *, #6239, .T. ) ;
#313 = DIRECTION ( 'NONE',  ( 0.1004173024523231372, -0.2153456000479074817, 0.9713612293622828631 ) ) ;
#314 = CARTESIAN_POINT ( 'NONE',  ( -6.890154112826953003, 24.15511052104320555, 137.6463311041970599 ) ) ;
#315 = CARTESIAN_POINT ( 'NONE',  ( -10.00000000000001066, 31.94302117641175442, 94.10000000000003695 ) ) ;
#316 = CARTESIAN_POINT ( 'NONE',  ( -10.00000000000000000, 8.448479721469176695, 134.1642548878282071 ) ) ;
#317 = CARTESIAN_POINT ( 'NONE',  ( 29.37500000000054357, 1.250000000000012212, 125.0500000000000540 ) ) ;
#318 = CARTESIAN_POINT ( 'NONE',  ( -20.26260754773809580, 7.249999999999999112, 145.6432295561562285 ) ) ;
#319 = VERTEX_POINT ( 'NONE', #1051 ) ;
#320 = FACE_BOUND ( 'NONE', #576, .T. ) ;
#321 = CARTESIAN_POINT ( 'NONE',  ( 2.865291182249960489, 13.43735453090712362, 104.4714055193084619 ) ) ;
#322 = ORIENTED_EDGE ( 'NONE', *, *, #7819, .T. ) ;
#323 = ORIENTED_EDGE ( 'NONE', *, *, #7425, .F. ) ;
#324 = CARTESIAN_POINT ( 'NONE',  ( 8.574066059726726863, -34.68350694015713742, 100.1000000000000227 ) ) ;
#325 = DIRECTION ( 'NONE',  ( 0.000000000000000000, 0.000000000000000000, -1.000000000000000000 ) ) ;
#326 = CYLINDRICAL_SURFACE ( 'NONE', #10298, 1.999999999999974021 ) ;
#327 = CYLINDRICAL_SURFACE ( 'NONE', #10964, 2.000000000000001776 ) ;
#328 = ORIENTED_EDGE ( 'NONE', *, *, #7819, .F. ) ;
#329 = CARTESIAN_POINT ( 'NONE',  ( 6.570612033729092971, 21.45637587167328064, 107.6000000000000085 ) ) ;
#330 = CARTESIAN_POINT ( 'NONE',  ( -4.650093782454328029, 9.249999999999998224, 102.6457001624902574 ) ) ;
#331 = ORIENTED_EDGE ( 'NONE', *, *, #3008, .T. ) ;
#332 = CARTESIAN_POINT ( 'NONE',  ( -2.925841272894925460, 13.47814640696039667, 104.3164537033363644 ) ) ;
#333 = FACE_OUTER_BOUND ( 'NONE', #6104, .T. ) ;
#334 = ORIENTED_EDGE ( 'NONE', *, *, #51, .T. ) ;
#335 = ADVANCED_FACE ( 'NONE', ( #7280 ), #4675, .F. ) ;
#336 = CARTESIAN_POINT ( 'NONE',  ( 8.652622945029635915, 9.249999999999996447, 105.0498166444477448 ) ) ;
#337 = ORIENTED_EDGE ( 'NONE', *, *, #6369, .T. ) ;
#338 = CARTESIAN_POINT ( 'NONE',  ( -4.520603050351272856, 8.565990103970582581, 104.6643693510115014 ) ) ;
#339 = ORIENTED_EDGE ( 'NONE', *, *, #2486, .T. ) ;
#340 = CARTESIAN_POINT ( 'NONE',  ( 9.999999999999998224, 2.250000000000003109, 160.2014815911317100 ) ) ;
#341 = ORIENTED_EDGE ( 'NONE', *, *, #1970, .F. ) ;
#342 = EDGE_CURVE ( 'NONE', #10330, #9832, #1105, .T. ) ;
#343 = CARTESIAN_POINT ( 'NONE',  ( 23.53921572489434411, 2.250000000000000444, 117.8489238107520265 ) ) ;
#344 = CARTESIAN_POINT ( 'NONE',  ( 4.643908931975221144, 8.499999999999996447, 102.6922524150503193 ) ) ;
#345 = ORIENTED_EDGE ( 'NONE', *, *, #823, .T. ) ;
#346 = PLANE ( 'NONE',  #1354 ) ;
#347 = EDGE_CURVE ( 'NONE', #1853, #2348, #3018, .T. ) ;
#348 = DIRECTION ( 'NONE',  ( -0.9063077870366486044, -0.4226182617407023279, 0.000000000000000000 ) ) ;
#349 = CARTESIAN_POINT ( 'NONE',  ( -1.961758183617619888, 14.25734951172318610, 102.1868536340881519 ) ) ;
#350 = VECTOR ( 'NONE', #8998, 1000.000000000000000 ) ;
#351 = CARTESIAN_POINT ( 'NONE',  ( 13.71949058798458587, 27.34322028156971385, 100.2369457228866167 ) ) ;
#352 = DIRECTION ( 'NONE',  ( 0.9063077870366493816, 0.4226182617407005515, 0.000000000000000000 ) ) ;
#353 = ORIENTED_EDGE ( 'NONE', *, *, #7902, .T. ) ;
#354 = B_SPLINE_CURVE_WITH_KNOTS ( 'NONE', 3,
 ( #2500, #8956, #1607, #8836, #825, #698, #4453, #7943, #11545 ),
 .UNSPECIFIED., .F., .F.,
 ( 4, 1, 2, 2, 4 ),
 ( 0.000000000000000000, 0.2499999999999931166, 0.3749999999999896749, 0.4999999999999862332, 1.000000000000000000 ),
 .UNSPECIFIED. ) ;
#355 = EDGE_CURVE ( 'NONE', #10470, #11104, #10407, .T. ) ;
#356 = DIRECTION ( 'NONE',  ( 0.000000000000000000, -1.000000000000000000, 0.000000000000000000 ) ) ;
#357 = VECTOR ( 'NONE', #7446, 1000.000000000000000 ) ;
#358 = VECTOR ( 'NONE', #4148, 1000.000000000000000 ) ;
#359 = ORIENTED_EDGE ( 'NONE', *, *, #3920, .F. ) ;
#360 = VERTEX_POINT ( 'NONE', #1288 ) ;
#361 = FACE_OUTER_BOUND ( 'NONE', #4359, .T. ) ;
#362 = EDGE_CURVE ( 'NONE', #6333, #10723, #5747, .T. ) ;
#363 = CARTESIAN_POINT ( 'NONE',  ( 2.999999999999989342, 0.000000000000000000, 0.000000000000000000 ) ) ;
#364 = VECTOR ( 'NONE', #10377, 1000.000000000000000 ) ;
#365 = CARTESIAN_POINT ( 'NONE',  ( 15.71779382203775199, 26.54958632928920181, 102.6880765838829035 ) ) ;
#366 = FACE_OUTER_BOUND ( 'NONE', #5173, .T. ) ;
#367 = ADVANCED_FACE ( 'NONE', ( #448 ), #6748, .T. ) ;
#368 = CARTESIAN_POINT ( 'NONE',  ( -4.520603050351272856, 8.565990103970582581, 104.6643693510115014 ) ) ;
#369 = EDGE_CURVE ( 'NONE', #8140, #7195, #9604, .T. ) ;
#370 = VERTEX_POINT ( 'NONE', #5857 ) ;
#371 = VECTOR ( 'NONE', #4110, 1000.000000000000000 ) ;
#372 = ORIENTED_EDGE ( 'NONE', *, *, #11662, .F. ) ;
#373 = CARTESIAN_POINT ( 'NONE',  ( -1.250000000000001110, 2.249999999999998668, 85.10000000000002274 ) ) ;
#374 = EDGE_CURVE ( 'NONE', #8704, #2183, #2237, .T. ) ;
#375 = CARTESIAN_POINT ( 'NONE',  ( 5.604868405412176458, 9.671560208995074959, 102.4921224999462908 ) ) ;
#376 = EDGE_CURVE ( 'NONE', #6295, #7090, #5696, .T. ) ;
#377 = DIRECTION ( 'NONE',  ( 0.000000000000000000, 0.000000000000000000, -1.000000000000000000 ) ) ;
#378 = CARTESIAN_POINT ( 'NONE',  ( -1.250000000000001110, 11.66512179830156271, 113.8796372244472224 ) ) ;
#379 = DIRECTION ( 'NONE',  ( 1.303638243049840170E-17, -0.9940563382222949995, -0.1088668748521888496 ) ) ;
#380 = CARTESIAN_POINT ( 'NONE',  ( -26.00112609145443088, 0.000000000000000000, 148.0463266998052632 ) ) ;
#381 = ORIENTED_EDGE ( 'NONE', *, *, #2458, .F. ) ;
#382 = DIRECTION ( 'NONE',  ( 1.000000000000000000, 1.119176436114068839E-16, 0.000000000000000000 ) ) ;
#383 = CARTESIAN_POINT ( 'NONE',  ( 2.914398411482463036, 13.73262229169450954, 103.3495872310439125 ) ) ;
#384 = ADVANCED_FACE ( 'NONE', ( #8522 ), #4972, .F. ) ;
#385 = VERTEX_POINT ( 'NONE', #2292 ) ;
#386 = VECTOR ( 'NONE', #7712, 1000.000000000000000 ) ;
#387 = EDGE_LOOP ( 'NONE', ( #4233, #4139, #1674, #1250, #614, #7641, #6646, #8553, #7693 ) ) ;
#388 = LINE ( 'NONE', #3184, #6301 ) ;
#389 = DIRECTION ( 'NONE',  ( 1.000000000000000000, 0.000000000000000000, 0.000000000000000000 ) ) ;
#390 = DIRECTION ( 'NONE',  ( -1.000000000000000000, -8.673617379884036705E-17, 3.912415967295317630E-16 ) ) ;
#391 = DIRECTION ( 'NONE',  ( 0.4999999999999912847, -0.000000000000000000, 0.8660254037844437036 ) ) ;
#392 = ORIENTED_EDGE ( 'NONE', *, *, #11001, .F. ) ;
#393 = LINE ( 'NONE', #7520, #8347 ) ;
#394 = PLANE ( 'NONE',  #2647 ) ;
#395 = ORIENTED_EDGE ( 'NONE', *, *, #2384, .F. ) ;
#396 = VECTOR ( 'NONE', #3799, 1000.000000000000000 ) ;
#397 = CARTESIAN_POINT ( 'NONE',  ( -3.000000000000002220, 13.59231140044261466, 103.8826828996874809 ) ) ;
#398 = AXIS2_PLACEMENT_3D ( 'NONE', #2863, #10206, #6480 ) ;
#399 = ORIENTED_EDGE ( 'NONE', *, *, #10883, .T. ) ;
#400 = CARTESIAN_POINT ( 'NONE',  ( 6.602557999854733239, 9.793381408130326093, 105.4767607642959319 ) ) ;
#401 = EDGE_LOOP ( 'NONE', ( #2160, #11007, #84, #9092 ) ) ;
#402 = ADVANCED_FACE ( 'NONE', ( #8463 ), #274, .F. ) ;
#403 = CIRCLE ( 'NONE', #6472, 2.000000000000001776 ) ;
#404 = CARTESIAN_POINT ( 'NONE',  ( -8.529361537061344478, 8.500000000000000000, 103.3571290797367936 ) ) ;
#405 = LINE ( 'NONE', #165, #1355 ) ;
#406 = VERTEX_POINT ( 'NONE', #1348 ) ;
#407 = DIRECTION ( 'NONE',  ( -0.000000000000000000, -1.000000000000000000, -0.000000000000000000 ) ) ;
#408 = CARTESIAN_POINT ( 'NONE',  ( 8.389699783732099903, 8.499999999999996447, 103.6015590561568729 ) ) ;
#409 = ORIENTED_EDGE ( 'NONE', *, *, #8367, .T. ) ;
#410 = CARTESIAN_POINT ( 'NONE',  ( -2.769364717132981379, -22.23528473947371964, 100.1000000000000227 ) ) ;
#411 = DIRECTION ( 'NONE',  ( -0.5865826283945186903, -0.6830537815141385360, 0.4351532507347422585 ) ) ;
#412 = CARTESIAN_POINT ( 'NONE',  ( -2.801747703506575871, 13.40305119270561285, 104.6017255548047586 ) ) ;
#413 = VECTOR ( 'NONE', #8614, 1000.000000000000000 ) ;
#414 = CARTESIAN_POINT ( 'NONE',  ( -6.483686521845077877, 9.778864977538129111, 105.4686438472832890 ) ) ;
#415 = DIRECTION ( 'NONE',  ( 0.8191520442889941300, 0.000000000000000000, 0.5735764363510429398 ) ) ;
#416 = ORIENTED_EDGE ( 'NONE', *, *, #2108, .T. ) ;
#417 = CARTESIAN_POINT ( 'NONE',  ( -8.499999999999987566, 8.500000000000012434, 163.0000000000001421 ) ) ;
#418 = ADVANCED_FACE ( 'NONE', ( #9296 ), #326, .F. ) ;
#419 = VERTEX_POINT ( 'NONE', #7698 ) ;
#420 = ORIENTED_EDGE ( 'NONE', *, *, #8096, .T. ) ;
#421 = FACE_OUTER_BOUND ( 'NONE', #5905, .T. ) ;
#422 = VECTOR ( 'NONE', #1393, 1000.000000000000000 ) ;
#423 =( BOUNDED_CURVE ( )  B_SPLINE_CURVE ( 3, ( #10175, #3722, #8338, #208 ),
 .UNSPECIFIED., .F., .F. ) 
 B_SPLINE_CURVE_WITH_KNOTS ( ( 4, 4 ),
 ( 4.972575582188905052, 5.994238356890171815 ),
 .UNSPECIFIED. ) 
 CURVE ( )  GEOMETRIC_REPRESENTATION_ITEM ( )  RATIONAL_B_SPLINE_CURVE ( ( 1.000000000000000000, 0.9148922277879647513, 0.9148922277879647513, 1.000000000000000000 ) ) 
 REPRESENTATION_ITEM ( '' )  );
#424 = FACE_OUTER_BOUND ( 'NONE', #7612, .T. ) ;
#425 = VECTOR ( 'NONE', #3377, 1000.000000000000000 ) ;
#426 = CARTESIAN_POINT ( 'NONE',  ( -12.44282032302743346, -8.525798494467299093, 67.32420150553271299 ) ) ;
#427 = CARTESIAN_POINT ( 'NONE',  ( 33.75000000000054001, 0.000000000000000000, 79.62590742770457553 ) ) ;
#428 = VECTOR ( 'NONE', #9097, 1000.000000000000227 ) ;
#429 = CARTESIAN_POINT ( 'NONE',  ( -4.738529704263476638, 8.593286449950982231, 104.9238430491928540 ) ) ;
#430 = VERTEX_POINT ( 'NONE', #10299 ) ;
#431 = EDGE_CURVE ( 'NONE', #2846, #10346, #5916, .T. ) ;
#432 = DIRECTION ( 'NONE',  ( 0.7071067811865466846, -0.7071067811865484609, 0.000000000000000000 ) ) ;
#433 = CARTESIAN_POINT ( 'NONE',  ( 21.35344314932018506, 2.250000000000000000, 156.6000000000001933 ) ) ;
#434 = VECTOR ( 'NONE', #5194, 1000.000000000000114 ) ;
#435 = DIRECTION ( 'NONE',  ( -0.9063077870366492705, -0.4226182617407008846, 0.000000000000000000 ) ) ;
#436 = PLANE ( 'NONE',  #7249 ) ;
#437 = CARTESIAN_POINT ( 'NONE',  ( 13.63300443847213295, 27.72846932217699134, 107.3855339059327463 ) ) ;
#438 = DIRECTION ( 'NONE',  ( 0.000000000000000000, 0.000000000000000000, 1.000000000000000000 ) ) ;
#439 = ORIENTED_EDGE ( 'NONE', *, *, #625, .F. ) ;
#440 = LINE ( 'NONE', #493, #6319 ) ;
#441 = CARTESIAN_POINT ( 'NONE',  ( 2.979487435703716436, 13.53552441263761175, 104.0984337345080348 ) ) ;
#442 = ORIENTED_EDGE ( 'NONE', *, *, #1759, .T. ) ;
#443 = AXIS2_PLACEMENT_3D ( 'NONE', #9660, #8546, #7718 ) ;
#444 = EDGE_LOOP ( 'NONE', ( #449, #7670, #2149, #6361, #7530 ) ) ;
#445 = LINE ( 'NONE', #4083, #9515 ) ;
#446 = DIRECTION ( 'NONE',  ( -0.8660254037844455910, 0.000000000000000000, 0.4999999999999880096 ) ) ;
#447 = CIRCLE ( 'NONE', #8189, 2.000000000000001776 ) ;
#448 = FACE_OUTER_BOUND ( 'NONE', #9496, .T. ) ;
#449 = ORIENTED_EDGE ( 'NONE', *, *, #4417, .T. ) ;
#450 = CARTESIAN_POINT ( 'NONE',  ( 7.249999999999997335, 19.30497212419179931, 100.1000000000000227 ) ) ;
#451 = EDGE_CURVE ( 'NONE', #3311, #11277, #9410, .T. ) ;
#452 = CARTESIAN_POINT ( 'NONE',  ( -38.85874574462973641, 2.250000000000000000, 27.20918669576421323 ) ) ;
#453 = EDGE_CURVE ( 'NONE', #419, #9993, #11293, .T. ) ;
#454 = ORIENTED_EDGE ( 'NONE', *, *, #8643, .F. ) ;
#455 = VECTOR ( 'NONE', #6382, 1000.000000000000000 ) ;
#456 = CARTESIAN_POINT ( 'NONE',  ( -2.995653101852784772, 13.57067688154221052, 103.9648856160089991 ) ) ;
#457 = VERTEX_POINT ( 'NONE', #3847 ) ;
#458 = CARTESIAN_POINT ( 'NONE',  ( 4.878626305066527280, 9.582854267076305277, 104.4427905574641784 ) ) ;
#459 = ORIENTED_EDGE ( 'NONE', *, *, #490, .T. ) ;
#460 = VECTOR ( 'NONE', #11032, 1000.000000000000000 ) ;
#461 = CARTESIAN_POINT ( 'NONE',  ( -4.914784363578115212, 8.615363181158219419, 105.0742539896634611 ) ) ;
#462 = EDGE_CURVE ( 'NONE', #10534, #2061, #7078, .T. ) ;
#463 = DIRECTION ( 'NONE',  ( 0.000000000000000000, -0.2164396139381074557, 0.9762960071199322520 ) ) ;
#464 = VERTEX_POINT ( 'NONE', #2065 ) ;
#465 = LINE ( 'NONE', #6877, #8309 ) ;
#466 = CARTESIAN_POINT ( 'NONE',  ( -12.74999999999995737, 14.50355421017943414, 101.0762960071199501 ) ) ;
#467 = ORIENTED_EDGE ( 'NONE', *, *, #3846, .T. ) ;
#468 = DIRECTION ( 'NONE',  ( -0.7071067811865279218, 0.000000000000000000, -0.7071067811865672237 ) ) ;
#469 = DIRECTION ( 'NONE',  ( -1.000000000000000000, 0.000000000000000000, 0.000000000000000000 ) ) ;
#470 = CARTESIAN_POINT ( 'NONE',  ( -2.916010543797137089, 14.11599454681109478, 102.8244646763519370 ) ) ;
#471 = LINE ( 'NONE', #10197, #2874 ) ;
#472 = DIRECTION ( 'NONE',  ( -0.000000000000000000, 0.000000000000000000, 1.000000000000000000 ) ) ;
#473 = ORIENTED_EDGE ( 'NONE', *, *, #1954, .F. ) ;
#474 = CARTESIAN_POINT ( 'NONE',  ( 4.999999999999990230, 0.000000000000000000, 94.43550806100924433 ) ) ;
#475 = VECTOR ( 'NONE', #4361, 1000.000000000000114 ) ;
#476 = ORIENTED_EDGE ( 'NONE', *, *, #1045, .T. ) ;
#477 = PLANE ( 'NONE',  #3276 ) ;
#478 = ORIENTED_EDGE ( 'NONE', *, *, #6668, .F. ) ;
#479 = DIRECTION ( 'NONE',  ( 0.000000000000000000, -0.2164396139381068174, 0.9762960071199324741 ) ) ;
#480 = LINE ( 'NONE', #530, #10629 ) ;
#481 = CARTESIAN_POINT ( 'NONE',  ( 15.77422662347483318, 26.57998926457842614, 102.7277325623070254 ) ) ;
#482 = DIRECTION ( 'NONE',  ( 0.000000000000000000, 0.000000000000000000, -1.000000000000000000 ) ) ;
#483 = CARTESIAN_POINT ( 'NONE',  ( 16.24999999999997513, 13.71999382411755164, 100.1000000000000227 ) ) ;
#484 = EDGE_LOOP ( 'NONE', ( #899, #10782, #761, #10174 ) ) ;
#485 = CARTESIAN_POINT ( 'NONE',  ( 6.693160100422574033, 9.804443412737425589, 102.2253668451646860 ) ) ;
#486 = LINE ( 'NONE', #4122, #4152 ) ;
#487 = CARTESIAN_POINT ( 'NONE',  ( 0.000000000000000000, 21.45637587167328064, 0.000000000000000000 ) ) ;
#488 = LINE ( 'NONE', #7733, #7669 ) ;
#489 = ADVANCED_BREP_SHAPE_REPRESENTATION ( '[打印]1.4GHz自组网盒子-上盖兼GPS接口', ( #4347, #6467 ), #10053 ) ;
#490 = EDGE_CURVE ( 'NONE', #370, #11046, #5683, .T. ) ;
#491 = FACE_OUTER_BOUND ( 'NONE', #5030, .T. ) ;
#492 = VERTEX_POINT ( 'NONE', #10638 ) ;
#493 = CARTESIAN_POINT ( 'NONE',  ( -19.74999999999964473, 7.249999999999999112, 139.4242565173703667 ) ) ;
#494 = LINE ( 'NONE', #8682, #7613 ) ;
#495 = EDGE_CURVE ( 'NONE', #8942, #11473, #6533, .T. ) ;
#496 = ORIENTED_EDGE ( 'NONE', *, *, #7816, .T. ) ;
#497 = ORIENTED_EDGE ( 'NONE', *, *, #1840, .F. ) ;
#498 = EDGE_CURVE ( 'NONE', #6544, #7919, #9580, .T. ) ;
#499 = CARTESIAN_POINT ( 'NONE',  ( 1.499999999999999778, 14.08714635609838517, 102.2766314021073271 ) ) ;
#500 = DIRECTION ( 'NONE',  ( -0.000000000000000000, -1.000000000000000000, -0.000000000000000000 ) ) ;
#501 = CARTESIAN_POINT ( 'NONE',  ( 14.50221515314512288, 28.40939692359802038, 102.4084296756661701 ) ) ;
#502 = EDGE_LOOP ( 'NONE', ( #3100, #5920, #10438, #6241 ) ) ;
#503 = DIRECTION ( 'NONE',  ( 1.000000000000000000, 0.000000000000000000, -9.654113257610012971E-15 ) ) ;
#504 = CARTESIAN_POINT ( 'NONE',  ( 16.15036770283123602, 27.32231563746960035, 107.4017489647370098 ) ) ;
#505 = ORIENTED_EDGE ( 'NONE', *, *, #5377, .T. ) ;
#506 = CARTESIAN_POINT ( 'NONE',  ( -2.986829423076147183, 13.54831193252300636, 104.0498515937435258 ) ) ;
#507 = EDGE_CURVE ( 'NONE', #8807, #6475, #11412, .T. ) ;
#508 = ORIENTED_EDGE ( 'NONE', *, *, #9975, .T. ) ;
#509 = CARTESIAN_POINT ( 'NONE',  ( 4.464140169099166222, 9.249999999999996447, 104.7502565193797324 ) ) ;
#510 = ORIENTED_EDGE ( 'NONE', *, *, #5981, .T. ) ;
#511 = ADVANCED_FACE ( 'NONE', ( #4362 ), #8811, .T. ) ;
#512 = CYLINDRICAL_SURFACE ( 'NONE', #4909, 0.4999999999999987232 ) ;
#513 = PLANE ( 'NONE',  #4728 ) ;
#514 = ORIENTED_EDGE ( 'NONE', *, *, #4226, .T. ) ;
#515 = CARTESIAN_POINT ( 'NONE',  ( -12.66611185142060059, 8.499999999999998224, 107.6000000000000085 ) ) ;
#516 = CARTESIAN_POINT ( 'NONE',  ( -29.37500000000054357, 0.000000000000000000, 82.35000000000000853 ) ) ;
#517 = ORIENTED_EDGE ( 'NONE', *, *, #1299, .T. ) ;
#518 = DIRECTION ( 'NONE',  ( 0.000000000000000000, 0.000000000000000000, -1.000000000000000000 ) ) ;
#519 = PLANE ( 'NONE',  #5350 ) ;
#520 = CARTESIAN_POINT ( 'NONE',  ( 6.716770005543242661, 9.807328963784994968, 105.4740501851852059 ) ) ;
#521 = CARTESIAN_POINT ( 'NONE',  ( -21.35344314932018506, 2.250000000000000000, 156.6000000000001933 ) ) ;
#522 = CARTESIAN_POINT ( 'NONE',  ( -13.93168049979518130, 27.18588141109855272, 107.5242346141747731 ) ) ;
#523 = ORIENTED_EDGE ( 'NONE', *, *, #9583, .T. ) ;
#524 = DIRECTION ( 'NONE',  ( 0.8660254037844437036, -0.000000000000000000, -0.4999999999999912847 ) ) ;
#525 = EDGE_LOOP ( 'NONE', ( #7630, #2753, #7763, #7948 ) ) ;
#526 = CARTESIAN_POINT ( 'NONE',  ( 8.403198945438949963, 8.499999999999996447, 103.9742230430333905 ) ) ;
#527 = DIRECTION ( 'NONE',  ( -0.000000000000000000, -1.000000000000000000, -0.000000000000000000 ) ) ;
#528 = VERTEX_POINT ( 'NONE', #6920 ) ;
#529 = CARTESIAN_POINT ( 'NONE',  ( -29.37500000000054357, 1.250000000000001554, 125.0500000000000540 ) ) ;
#530 = CARTESIAN_POINT ( 'NONE',  ( -11.83244258749949296, -18.00910212206669669, 100.1000000000000227 ) ) ;
#531 = CARTESIAN_POINT ( 'NONE',  ( -6.720863141229588500, 9.807828727248624645, 102.2260707791799206 ) ) ;
#532 = CARTESIAN_POINT ( 'NONE',  ( 29.37500000000054357, 2.250000000000000000, 82.35000000000000853 ) ) ;
#533 = DIRECTION ( 'NONE',  ( -0.000000000000000000, -1.000000000000000000, -0.000000000000000000 ) ) ;
#534 = AXIS2_PLACEMENT_3D ( 'NONE', #5653, #249, #1023 ) ;
#535 = AXIS2_PLACEMENT_3D ( 'NONE', #1065, #8480, #9375 ) ;
#536 = AXIS2_PLACEMENT_3D ( 'NONE', #9162, #1038, #8329 ) ;
#537 = VERTEX_POINT ( 'NONE', #2530 ) ;
#538 = VECTOR ( 'NONE', #8160, 1000.000000000000000 ) ;
#539 = AXIS2_PLACEMENT_3D ( 'NONE', #9737, #8729, #6011 ) ;
#540 = CARTESIAN_POINT ( 'NONE',  ( 6.620638232912795296, 9.795589113217731736, 102.2251179056321604 ) ) ;
#541 = CARTESIAN_POINT ( 'NONE',  ( -16.15036770283123602, 27.32231563746960035, 107.4017489647370098 ) ) ;
#542 = CARTESIAN_POINT ( 'NONE',  ( -8.333518189841775836, 8.666481810158209953, 104.3983312847592657 ) ) ;
#543 = CARTESIAN_POINT ( 'NONE',  ( 8.499999999999992895, 8.500000000000000000, 0.000000000000000000 ) ) ;
#544 = PLANE ( 'NONE',  #6108 ) ;
#545 = FACE_BOUND ( 'NONE', #7414, .T. ) ;
#546 = ORIENTED_EDGE ( 'NONE', *, *, #2174, .T. ) ;
#547 = CARTESIAN_POINT ( 'NONE',  ( -6.331243836428570582, 8.499999999999996447, 101.6606345105206657 ) ) ;
#548 = DIRECTION ( 'NONE',  ( -2.463446951939766251E-16, 0.9940563382222949995, 0.1088668748521888496 ) ) ;
#549 = ORIENTED_EDGE ( 'NONE', *, *, #10012, .F. ) ;
#550 = VECTOR ( 'NONE', #107, 1000.000000000000114 ) ;
#551 = EDGE_CURVE ( 'NONE', #11046, #8167, #6145, .T. ) ;
#552 = B_SPLINE_CURVE_WITH_KNOTS ( 'NONE', 3,
 ( #800, #2817, #9983, #8039, #11646, #10815 ),
 .UNSPECIFIED., .F., .F.,
 ( 4, 2, 4 ),
 ( 0.000000000000000000, 0.0002888011194784513179, 0.0005776022389569026357 ),
 .UNSPECIFIED. ) ;
#553 = ORIENTED_EDGE ( 'NONE', *, *, #342, .F. ) ;
#554 = EDGE_CURVE ( 'NONE', #4406, #5502, #1577, .T. ) ;
#555 = CARTESIAN_POINT ( 'NONE',  ( 11.49999999999998934, 7.249999999999999112, 94.43550806100928696 ) ) ;
#556 = LINE ( 'NONE', #8745, #1610 ) ;
#557 = CARTESIAN_POINT ( 'NONE',  ( -6.157242225149904158, 9.249999999999998224, 101.6904713567094944 ) ) ;
#558 = DIRECTION ( 'NONE',  ( 0.000000000000000000, -1.000000000000000000, 0.000000000000000000 ) ) ;
#559 = CARTESIAN_POINT ( 'NONE',  ( -8.503038681384207820, 9.249999999999998224, 105.2379053313183448 ) ) ;
#560 = ORIENTED_EDGE ( 'NONE', *, *, #5006, .F. ) ;
#561 = VECTOR ( 'NONE', #677, 1000.000000000000114 ) ;
#562 = DIRECTION ( 'NONE',  ( 0.000000000000000000, 0.000000000000000000, 1.000000000000000000 ) ) ;
#563 = ORIENTED_EDGE ( 'NONE', *, *, #2219, .T. ) ;
#564 = CARTESIAN_POINT ( 'NONE',  ( 4.582056117909548476, 9.249999999999996447, 104.9558058982691762 ) ) ;
#565 = AXIS2_PLACEMENT_3D ( 'NONE', #516, #3374, #7045 ) ;
#566 = VERTEX_POINT ( 'NONE', #5256 ) ;
#567 = EDGE_CURVE ( 'NONE', #7471, #11387, #5086, .T. ) ;
#568 = CARTESIAN_POINT ( 'NONE',  ( -4.268927218549613656, 8.534466513549496369, 103.9563565960732916 ) ) ;
#569 = DIRECTION ( 'NONE',  ( 1.000000000000000000, 0.000000000000000000, 0.000000000000000000 ) ) ;
#570 = CARTESIAN_POINT ( 'NONE',  ( -3.834700656197441049, 8.499999999999996447, 103.2823349065951533 ) ) ;
#571 = ORIENTED_EDGE ( 'NONE', *, *, #2496, .T. ) ;
#572 = LINE ( 'NONE', #4990, #8119 ) ;
#573 = VECTOR ( 'NONE', #2294, 1000.000000000000000 ) ;
#574 = EDGE_CURVE ( 'NONE', #5875, #659, #9919, .T. ) ;
#575 = CARTESIAN_POINT ( 'NONE',  ( -20.26260754773808515, 0.000000000000000000, 145.6432295561562285 ) ) ;
#576 = EDGE_LOOP ( 'NONE', ( #1039, #5197 ) ) ;
#577 = CARTESIAN_POINT ( 'NONE',  ( 1.733792840815621794, 13.48033948838899043, 105.6917193537722568 ) ) ;
#578 = CARTESIAN_POINT ( 'NONE',  ( 6.570612033729088530, 21.45637587167327709, 100.1000000000000227 ) ) ;
#579 = CARTESIAN_POINT ( 'NONE',  ( 6.618064816489141577, 9.795275437979093169, 105.4748043518340523 ) ) ;
#580 =( GEOMETRIC_REPRESENTATION_CONTEXT ( 3 ) GLOBAL_UNCERTAINTY_ASSIGNED_CONTEXT ( ( #1817 ) ) GLOBAL_UNIT_ASSIGNED_CONTEXT ( ( #1646, #6097, #10589 ) ) REPRESENTATION_CONTEXT ( 'NONE', 'WORKASPACE' ) );
#581 = CARTESIAN_POINT ( 'NONE',  ( 7.750000000000001776, 9.249999999999994671, 101.9168012225030537 ) ) ;
#582 = CARTESIAN_POINT ( 'NONE',  ( 29.37500000000054357, 2.250000000000000000, 79.80000000000001137 ) ) ;
#583 = ORIENTED_EDGE ( 'NONE', *, *, #4556, .F. ) ;
#584 = DIRECTION ( 'NONE',  ( -1.000000000000000000, 0.000000000000000000, 0.000000000000000000 ) ) ;
#585 = VECTOR ( 'NONE', #10783, 1000.000000000000000 ) ;
#586 = EDGE_CURVE ( 'NONE', #4613, #457, #3117, .T. ) ;
#587 = EDGE_CURVE ( 'NONE', #6068, #1284, #447, .T. ) ;
#588 = ORIENTED_EDGE ( 'NONE', *, *, #3642, .T. ) ;
#589 = CARTESIAN_POINT ( 'NONE',  ( 6.171947324802039780, 8.499999999999996447, 105.7479776756996444 ) ) ;
#590 = DIRECTION ( 'NONE',  ( 0.000000000000000000, 0.000000000000000000, -1.000000000000000000 ) ) ;
#591 = ORIENTED_EDGE ( 'NONE', *, *, #6725, .F. ) ;
#592 = VECTOR ( 'NONE', #10834, 1000.000000000000000 ) ;
#593 = CARTESIAN_POINT ( 'NONE',  ( -10.00000000000000178, 9.749999999999996447, 134.4527949869000452 ) ) ;
#594 = LINE ( 'NONE', #3453, #3640 ) ;
#595 = EDGE_CURVE ( 'NONE', #3059, #5207, #2464, .T. ) ;
#596 = EDGE_CURVE ( 'NONE', #3302, #110, #6968, .T. ) ;
#597 = CARTESIAN_POINT ( 'NONE',  ( -6.086249529809508729, 9.730329714895217919, 102.2984616301989007 ) ) ;
#598 = CARTESIAN_POINT ( 'NONE',  ( 1.500000000000001332, 14.26997711284614567, 102.1298942063219357 ) ) ;
#599 = DIRECTION ( 'NONE',  ( 0.000000000000000000, 0.000000000000000000, 1.000000000000000000 ) ) ;
#600 = CIRCLE ( 'NONE', #11569, 1.549999999999995826 ) ;
#601 = EDGE_LOOP ( 'NONE', ( #9932, #4040, #9243, #467, #416, #11095, #3344, #4872 ) ) ;
#602 = VECTOR ( 'NONE', #7920, 1000.000000000000000 ) ;
#603 = CARTESIAN_POINT ( 'NONE',  ( 6.100100771359294072, 9.732020983523050006, 102.2946432938737757 ) ) ;
#604 = AXIS2_PLACEMENT_3D ( 'NONE', #4009, #1995, #7445 ) ;
#605 = PLANE ( 'NONE',  #1114 ) ;
#606 = FACE_OUTER_BOUND ( 'NONE', #6923, .T. ) ;
#607 = DIRECTION ( 'NONE',  ( 0.000000000000000000, 0.000000000000000000, -1.000000000000000000 ) ) ;
#608 = CARTESIAN_POINT ( 'NONE',  ( 0.1768766589186820670, -7.802420220472374268, 107.3855339059328173 ) ) ;
#609 = VECTOR ( 'NONE', #7743, 1000.000000000000000 ) ;
#610 = CARTESIAN_POINT ( 'NONE',  ( -7.769492847393714818, 8.499999999999996447, 105.4994396525126916 ) ) ;
#611 = DIRECTION ( 'NONE',  ( 0.000000000000000000, -1.000000000000000000, 0.000000000000000000 ) ) ;
#612 = ORIENTED_EDGE ( 'NONE', *, *, #9641, .F. ) ;
#613 = VECTOR ( 'NONE', #5245, 1000.000000000000000 ) ;
#614 = ORIENTED_EDGE ( 'NONE', *, *, #11299, .F. ) ;
#615 = CARTESIAN_POINT ( 'NONE',  ( 15.99999999999998934, 2.250000000000000000, 0.000000000000000000 ) ) ;
#616 = FACE_OUTER_BOUND ( 'NONE', #11667, .T. ) ;
#617 = CARTESIAN_POINT ( 'NONE',  ( -4.252484029178185132, 9.250000000000000000, 103.4802855984679439 ) ) ;
#618 = CARTESIAN_POINT ( 'NONE',  ( 15.95204941358041317, 27.73332810490155609, 102.4603080548040310 ) ) ;
#619 = PLANE ( 'NONE',  #10975 ) ;
#620 = ORIENTED_EDGE ( 'NONE', *, *, #10562, .T. ) ;
#621 = DIRECTION ( 'NONE',  ( 0.000000000000000000, 0.000000000000000000, 1.000000000000000000 ) ) ;
#622 = VERTEX_POINT ( 'NONE', #4603 ) ;
#624 = VECTOR ( 'NONE', #7570, 1000.000000000000000 ) ;
#623 = CARTESIAN_POINT ( 'NONE',  ( 6.845197260189662458, 9.249999999999996447, 101.6795957629587548 ) ) ;
#625 = EDGE_CURVE ( 'NONE', #8054, #10223, #857, .T. ) ;
#626 = VERTEX_POINT ( 'NONE', #9926 ) ;
#627 = EDGE_CURVE ( 'NONE', #5504, #566, #6377, .T. ) ;
#628 = LINE ( 'NONE', #3596, #2259 ) ;
#629 = CARTESIAN_POINT ( 'NONE',  ( -16.20695915089928718, -31.10416016031582842, 101.0999780776180188 ) ) ;
#630 = CARTESIAN_POINT ( 'NONE',  ( -6.951510674111581523, 8.500000000000000000, 101.7724536279482379 ) ) ;
#631 = ORIENTED_EDGE ( 'NONE', *, *, #4172, .F. ) ;
#632 = AXIS2_PLACEMENT_3D ( 'NONE', #1398, #8804, #7906 ) ;
#633 = PLANE ( 'NONE',  #7938 ) ;
#634 = CARTESIAN_POINT ( 'NONE',  ( 29.37500000000054357, 2.250000000000000000, 80.80000000000001137 ) ) ;
#635 = ORIENTED_EDGE ( 'NONE', *, *, #10378, .F. ) ;
#636 = CARTESIAN_POINT ( 'NONE',  ( -14.44877779753427838, 30.36522652993524929, 103.8500000000000085 ) ) ;
#637 = CARTESIAN_POINT ( 'NONE',  ( -14.61141134007267084, 26.86891771479302449, 103.8500000000000085 ) ) ;
#638 = CARTESIAN_POINT ( 'NONE',  ( -2.676869003880224085, 13.57770997366046650, 105.2525094778525272 ) ) ;
#639 = ADVANCED_FACE ( 'NONE', ( #3585 ), #911, .F. ) ;
#640 = CARTESIAN_POINT ( 'NONE',  ( 21.35344314932018506, 2.250000000000000000, 156.6000000000001933 ) ) ;
#641 = DIRECTION ( 'NONE',  ( 1.000000000000000000, 5.551115123125782702E-16, 0.000000000000000000 ) ) ;
#642 = EDGE_LOOP ( 'NONE', ( #2718, #2683, #3742, #6556, #8306, #6545, #4141, #3680, #2998 ) ) ;
#643 = CARTESIAN_POINT ( 'NONE',  ( 15.99999999999998579, 2.250000000000000444, 94.43550806100934381 ) ) ;
#644 = CIRCLE ( 'NONE', #5586, 2.000000000000001776 ) ;
#645 = EDGE_CURVE ( 'NONE', #7587, #10563, #6433, .T. ) ;
#646 = ORIENTED_EDGE ( 'NONE', *, *, #9732, .F. ) ;
#647 = CARTESIAN_POINT ( 'NONE',  ( 8.389699783732099903, 8.500000000000000000, 104.0984409438431584 ) ) ;
#648 = CIRCLE ( 'NONE', #8619, 2.000000000000001776 ) ;
#649 = CARTESIAN_POINT ( 'NONE',  ( -17.44999999998816875, 0.000000000000000000, 154.5000000000001705 ) ) ;
#650 = DIRECTION ( 'NONE',  ( 1.000000000000000000, 0.000000000000000000, 0.000000000000000000 ) ) ;
#651 = ORIENTED_EDGE ( 'NONE', *, *, #5311, .T. ) ;
#652 = DIRECTION ( 'NONE',  ( 0.000000000000000000, 0.000000000000000000, 1.000000000000000000 ) ) ;
#653 = CARTESIAN_POINT ( 'NONE',  ( 7.140878878799051144, 9.859121121200946192, 102.2796942668756373 ) ) ;
#654 = DIRECTION ( 'NONE',  ( 1.119176436114069085E-16, -1.000000000000000000, 0.000000000000000000 ) ) ;
#655 = DIRECTION ( 'NONE',  ( 0.000000000000000000, 0.000000000000000000, -1.000000000000000000 ) ) ;
#656 = FACE_OUTER_BOUND ( 'NONE', #304, .T. ) ;
#657 = VECTOR ( 'NONE', #8636, 1000.000000000000227 ) ;
#658 = EDGE_CURVE ( 'NONE', #8075, #10289, #2809, .T. ) ;
#659 = VERTEX_POINT ( 'NONE', #7323 ) ;
#660 = CARTESIAN_POINT ( 'NONE',  ( 7.077257537212902072, 9.851351566493354639, 102.2652179610879131 ) ) ;
#661 = CARTESIAN_POINT ( 'NONE',  ( -1.309761392714301698, -7.274147393296581221, 103.8500000000000085 ) ) ;
#662 = DIRECTION ( 'NONE',  ( 0.000000000000000000, 0.000000000000000000, 1.000000000000000000 ) ) ;
#663 = FACE_OUTER_BOUND ( 'NONE', #775, .T. ) ;
#664 = FACE_BOUND ( 'NONE', #10258, .T. ) ;
#665 = CARTESIAN_POINT ( 'NONE',  ( -6.799485047630037471, 8.499999999999996447, 101.7306579124252721 ) ) ;
#666 = CARTESIAN_POINT ( 'NONE',  ( 15.86167683370010373, 27.77546953098697813, 105.2915703243338328 ) ) ;
#667 = EDGE_CURVE ( 'NONE', #6216, #4293, #8756, .T. ) ;
#668 = ORIENTED_EDGE ( 'NONE', *, *, #3842, .F. ) ;
#669 = ADVANCED_FACE ( 'NONE', ( #10038 ), #6496, .F. ) ;
#670 = ORIENTED_EDGE ( 'NONE', *, *, #9042, .T. ) ;
#671 = VERTEX_POINT ( 'NONE', #1928 ) ;
#672 = CARTESIAN_POINT ( 'NONE',  ( 7.890210886943026303, 9.163137478648891943, 104.6905440268051279 ) ) ;
#673 = CARTESIAN_POINT ( 'NONE',  ( -21.38830408857771914, 0.000000000000000000, 131.7771036446682729 ) ) ;
#674 = AXIS2_PLACEMENT_3D ( 'NONE', #7337, #930, #3665 ) ;
#675 = CARTESIAN_POINT ( 'NONE',  ( -2.088892808673134649, -8.858965874824209052, 103.8500000000000085 ) ) ;
#676 = LINE ( 'NONE', #4087, #7210 ) ;
#677 = DIRECTION ( 'NONE',  ( -0.3892816206350255825, 0.8348171294789868968, 0.3892816206350261932 ) ) ;
#678 = ORIENTED_EDGE ( 'NONE', *, *, #5251, .T. ) ;
#679 = CARTESIAN_POINT ( 'NONE',  ( 3.358391833210450539, 2.250000000000000000, 150.5000000000000000 ) ) ;
#680 = ORIENTED_EDGE ( 'NONE', *, *, #627, .F. ) ;
#681 = CARTESIAN_POINT ( 'NONE',  ( 6.208250624159608932, 9.249999999999996447, 105.9900516354068571 ) ) ;
#682 = ORIENTED_EDGE ( 'NONE', *, *, #3287, .F. ) ;
#683 = AXIS2_PLACEMENT_3D ( 'NONE', #1158, #4784, #8396 ) ;
#684 = LINE ( 'NONE', #9815, #350 ) ;
#685 = PLANE ( 'NONE',  #7297 ) ;
#686 = CARTESIAN_POINT ( 'NONE',  ( 33.75000000000054001, 2.250000000000000000, 79.62590742770457553 ) ) ;
#687 = ORIENTED_EDGE ( 'NONE', *, *, #4589, .F. ) ;
#688 = CARTESIAN_POINT ( 'NONE',  ( 1.888924391169492845, 13.21872444636528598, 105.3020248659332765 ) ) ;
#689 = DIRECTION ( 'NONE',  ( -1.000000000000000000, -1.214306433183765459E-16, 2.744538118055427513E-31 ) ) ;
#690 = ORIENTED_EDGE ( 'NONE', *, *, #6264, .T. ) ;
#691 = DIRECTION ( 'NONE',  ( 1.000000000000000000, 8.673617379884035472E-17, 1.922894678927368293E-17 ) ) ;
#692 = CARTESIAN_POINT ( 'NONE',  ( -13.83775212875645266, 28.16755216095005210, 107.3855339059327321 ) ) ;
#693 = CARTESIAN_POINT ( 'NONE',  ( 7.075437628985267402, 9.851126268691317023, 105.4344419491467164 ) ) ;
#694 = DIRECTION ( 'NONE',  ( -0.000000000000000000, -1.000000000000000000, -0.000000000000000000 ) ) ;
#695 = ORIENTED_EDGE ( 'NONE', *, *, #7553, .T. ) ;
#696 = CARTESIAN_POINT ( 'NONE',  ( 33.75000000000054001, 2.250000000000000000, 85.07409257229544153 ) ) ;
#697 = EDGE_CURVE ( 'NONE', #5151, #6848, #4481, .T. ) ;
#698 = CARTESIAN_POINT ( 'NONE',  ( -7.413942370487706768, 9.586057629512295009, 105.6084736349211539 ) ) ;
#699 = EDGE_CURVE ( 'NONE', #5390, #1593, #2878, .T. ) ;
#700 = ORIENTED_EDGE ( 'NONE', *, *, #869, .T. ) ;
#701 = DIRECTION ( 'NONE',  ( 0.5735764363510428288, 0.000000000000000000, 0.8191520442889940190 ) ) ;
#702 = CARTESIAN_POINT ( 'NONE',  ( -33.75000000000054001, 2.250000000000000000, 127.7740925722955012 ) ) ;
#703 = DIRECTION ( 'NONE',  ( -0.4226182617407009401, 0.9063077870366492705, 0.000000000000000000 ) ) ;
#704 = ORIENTED_EDGE ( 'NONE', *, *, #1229, .F. ) ;
#705 = CARTESIAN_POINT ( 'NONE',  ( -2.782511546648855916, -6.587392717967943234, 103.8500000000000085 ) ) ;
#706 = VECTOR ( 'NONE', #3315, 1000.000000000000000 ) ;
#707 = DIRECTION ( 'NONE',  ( 0.000000000000000000, 1.000000000000000000, 0.000000000000000000 ) ) ;
#708 = EDGE_CURVE ( 'NONE', #2146, #622, #8219, .T. ) ;
#709 = CARTESIAN_POINT ( 'NONE',  ( -6.414454016057406172, 9.770414839101301041, 102.2374098745658273 ) ) ;
#710 = CARTESIAN_POINT ( 'NONE',  ( -1.499999999999999556, 14.26997711284614390, 102.1298942063219357 ) ) ;
#711 = CARTESIAN_POINT ( 'NONE',  ( 16.23849164777437082, 30.35820269488412393, 103.8500000000000085 ) ) ;
#712 = ORIENTED_EDGE ( 'NONE', *, *, #4275, .T. ) ;
#713 = EDGE_CURVE ( 'NONE', #6317, #6242, #1758, .T. ) ;
#714 = ORIENTED_EDGE ( 'NONE', *, *, #1232, .T. ) ;
#715 = CARTESIAN_POINT ( 'NONE',  ( 7.140878878799051144, 9.859121121200946192, 102.2796942668756373 ) ) ;
#716 = ADVANCED_FACE ( 'NONE', ( #135 ), #7380, .F. ) ;
#717 = DIRECTION ( 'NONE',  ( -0.4226182617407008846, 0.9063077870366491595, 0.000000000000000000 ) ) ;
#718 = CARTESIAN_POINT ( 'NONE',  ( 35.58213756747366574, 0.000000000000000000, 24.91488095035987271 ) ) ;
#719 = DIRECTION ( 'NONE',  ( 6.938893903907223447E-16, 0.000000000000000000, -1.000000000000000000 ) ) ;
#720 = FACE_BOUND ( 'NONE', #6024, .T. ) ;
#721 = CIRCLE ( 'NONE', #3975, 3.749999999999999112 ) ;
#722 = VECTOR ( 'NONE', #1705, 1000.000000000000000 ) ;
#723 = CARTESIAN_POINT ( 'NONE',  ( -3.880817125749090213, 8.500000000000000000, 103.1445528976855144 ) ) ;
#724 = DIRECTION ( 'NONE',  ( 0.000000000000000000, -1.000000000000000000, 0.000000000000000000 ) ) ;
#725 = ORIENTED_EDGE ( 'NONE', *, *, #4937, .F. ) ;
#726 = ADVANCED_FACE ( 'NONE', ( #5314 ), #8927, .F. ) ;
#727 = VECTOR ( 'NONE', #10219, 1000.000000000000000 ) ;
#728 = ORIENTED_EDGE ( 'NONE', *, *, #9984, .T. ) ;
#729 = EDGE_CURVE ( 'NONE', #671, #2159, #6322, .T. ) ;
#730 = CARTESIAN_POINT ( 'NONE',  ( 8.128680026661642799, 9.178034269492647113, 104.1706744956127295 ) ) ;
#731 = DIRECTION ( 'NONE',  ( 1.000000000000000000, 1.301042606982605567E-16, 0.000000000000000000 ) ) ;
#732 = VECTOR ( 'NONE', #1785, 1000.000000000000000 ) ;
#733 = DIRECTION ( 'NONE',  ( 3.983588851833182898E-16, -0.1088668748521888635, 0.9940563382222951105 ) ) ;
#734 = LINE ( 'NONE', #8868, #2865 ) ;
#735 = DIRECTION ( 'NONE',  ( -0.9063077870366487154, 0.4226182617407021613, 0.000000000000000000 ) ) ;
#736 = EDGE_CURVE ( 'NONE', #1181, #6165, #10749, .T. ) ;
#737 = ORIENTED_EDGE ( 'NONE', *, *, #5649, .T. ) ;
#738 = DIRECTION ( 'NONE',  ( 0.000000000000000000, 1.000000000000000000, 0.000000000000000000 ) ) ;
#739 = ADVANCED_FACE ( 'NONE', ( #6258 ), #8144, .F. ) ;
#740 = ORIENTED_EDGE ( 'NONE', *, *, #5848, .T. ) ;
#741 = VECTOR ( 'NONE', #1973, 1000.000000000000000 ) ;
#742 = CARTESIAN_POINT ( 'NONE',  ( 4.414264030226187074, 9.249999999999996447, 103.0567951804486455 ) ) ;
#743 = ORIENTED_EDGE ( 'NONE', *, *, #6172, .F. ) ;
#744 = APPLICATION_PROTOCOL_DEFINITION ( 'draft international standard', 'automotive_design', 1998, #2811 ) ;
#745 = CARTESIAN_POINT ( 'NONE',  ( 19.74999999999991118, 0.000000000000000000, 113.9242565173703525 ) ) ;
#746 = CARTESIAN_POINT ( 'NONE',  ( -47.56321848249422857, 7.249999999999999112, 33.30412412295780911 ) ) ;
#747 = VECTOR ( 'NONE', #8953, 1000.000000000000000 ) ;
#748 = CARTESIAN_POINT ( 'NONE',  ( 19.99999999999998934, 7.249999999999999112, 89.43550806100932959 ) ) ;
#749 = VERTEX_POINT ( 'NONE', #2758 ) ;
#750 = CARTESIAN_POINT ( 'NONE',  ( 1.598175319141481809, 13.20609510427071775, 105.3500066143470093 ) ) ;
#751 = FACE_OUTER_BOUND ( 'NONE', #5699, .T. ) ;
#752 = ORIENTED_EDGE ( 'NONE', *, *, #6404, .F. ) ;
#753 = DIRECTION ( 'NONE',  ( -0.9063077870366498257, 0.4226182617406997744, 0.000000000000000000 ) ) ;
#754 = LINE ( 'NONE', #5106, #11021 ) ;
#755 = CARTESIAN_POINT ( 'NONE',  ( -3.269424957042087243, 13.82347939415866733, 104.1439152628712321 ) ) ;
#756 = CARTESIAN_POINT ( 'NONE',  ( -16.15036770283172274, 27.32231563747103209, 104.9422663175757151 ) ) ;
#758 = ADVANCED_FACE ( 'NONE', ( #11226 ), #5842, .F. ) ;
#757 = CARTESIAN_POINT ( 'NONE',  ( -19.99999999999998934, 0.000000000000000000, 89.43550806100932959 ) ) ;
#759 = CIRCLE ( 'NONE', #2287, 2.000000000000015543 ) ;
#760 = DIRECTION ( 'NONE',  ( 0.000000000000000000, 0.000000000000000000, 1.000000000000000000 ) ) ;
#761 = ORIENTED_EDGE ( 'NONE', *, *, #10593, .F. ) ;
#762 = DIRECTION ( 'NONE',  ( 0.9396926207859076507, 0.3420201433256706558, 8.659560562354906974E-17 ) ) ;
#763 = CARTESIAN_POINT ( 'NONE',  ( -8.588833455959738572, 8.500000000000000000, 103.8500000000000085 ) ) ;
#764 = VERTEX_POINT ( 'NONE', #259 ) ;
#765 = PLANE ( 'NONE',  #2120 ) ;
#766 = LINE ( 'NONE', #5346, #8375 ) ;
#767 = AXIS2_PLACEMENT_3D ( 'NONE', #5780, #4059, #3167 ) ;
#768 = CIRCLE ( 'NONE', #4768, 1.999999999999988010 ) ;
#769 = CARTESIAN_POINT ( 'NONE',  ( -6.452904764410223315, 9.775105730736976639, 102.2335301594408037 ) ) ;
#770 = CARTESIAN_POINT ( 'NONE',  ( -4.500000000000000888, 3.999999999999998224, 109.8500000000000227 ) ) ;
#771 = ORIENTED_EDGE ( 'NONE', *, *, #3566, .F. ) ;
#772 = FACE_OUTER_BOUND ( 'NONE', #2524, .T. ) ;
#773 = ADVANCED_FACE ( 'NONE', ( #8391 ), #4779, .F. ) ;
#774 = CIRCLE ( 'NONE', #10250, 1.624999999999999112 ) ;
#775 = EDGE_LOOP ( 'NONE', ( #1004, #7259, #3683, #8519 ) ) ;
#776 = EDGE_CURVE ( 'NONE', #6242, #6388, #9217, .T. ) ;
#777 = ORIENTED_EDGE ( 'NONE', *, *, #11102, .T. ) ;
#778 = FACE_OUTER_BOUND ( 'NONE', #2370, .T. ) ;
#779 = DIRECTION ( 'NONE',  ( -0.4226182617407009401, 0.9063077870366492705, 0.000000000000000000 ) ) ;
#780 = FACE_OUTER_BOUND ( 'NONE', #2589, .T. ) ;
#781 = CARTESIAN_POINT ( 'NONE',  ( 7.949834432432207443, 21.45637587167328419, 106.0466991411009019 ) ) ;
#782 = DIRECTION ( 'NONE',  ( 0.5213286525587084164, 0.8533559843472836581, -0.000000000000000000 ) ) ;
#783 = AXIS2_PLACEMENT_3D ( 'NONE', #5461, #1967, #10144 ) ;
#784 = CARTESIAN_POINT ( 'NONE',  ( -7.383763632822698320, 8.500000000000000000, 101.9499990012989059 ) ) ;
#785 = CARTESIAN_POINT ( 'NONE',  ( 11.99999999998817479, 2.250000000000000000, 155.5000000000000853 ) ) ;
#786 = VERTEX_POINT ( 'NONE', #1154 ) ;
#787 = EDGE_CURVE ( 'NONE', #6315, #9317, #11051, .T. ) ;
#788 = VECTOR ( 'NONE', #469, 1000.000000000000000 ) ;
#789 = VERTEX_POINT ( 'NONE', #2944 ) ;
#790 = VERTEX_POINT ( 'NONE', #7561 ) ;
#791 = PLANE ( 'NONE',  #7438 ) ;
#792 = CARTESIAN_POINT ( 'NONE',  ( -13.25000000000000178, 0.000000000000000000, 85.10000000000002274 ) ) ;
#793 = AXIS2_PLACEMENT_3D ( 'NONE', #2906, #5692, #10184 ) ;
#794 = DIRECTION ( 'NONE',  ( 1.000000000000000000, -0.000000000000000000, -0.000000000000000000 ) ) ;
#795 = DIRECTION ( 'NONE',  ( 0.000000000000000000, 0.2164396139381068729, -0.9762960071199324741 ) ) ;
#796 = CARTESIAN_POINT ( 'NONE',  ( -7.105105961475818965, 9.854752740836060454, 102.2694991115171916 ) ) ;
#797 = VECTOR ( 'NONE', #6855, 1000.000000000000114 ) ;
#798 = ORIENTED_EDGE ( 'NONE', *, *, #8408, .T. ) ;
#799 = AXIS2_PLACEMENT_3D ( 'NONE', #4714, #8565, #5610 ) ;
#800 = CARTESIAN_POINT ( 'NONE',  ( -15.86167683370010373, 27.77546953098697813, 100.1757653858252297 ) ) ;
#801 =( BOUNDED_CURVE ( )  B_SPLINE_CURVE ( 3, ( #8193, #4522, #4586, #66 ),
 .UNSPECIFIED., .F., .F. ) 
 B_SPLINE_CURVE_WITH_KNOTS ( ( 4, 4 ),
 ( 1.570796326794813291, 3.752457891787802424 ),
 .UNSPECIFIED. ) 
 CURVE ( )  GEOMETRIC_REPRESENTATION_ITEM ( )  RATIONAL_B_SPLINE_CURVE ( ( 1.000000000000000000, 0.6411657421566663295, 0.6411657421566663295, 1.000000000000000000 ) ) 
 REPRESENTATION_ITEM ( '' )  );
#802 = VERTEX_POINT ( 'NONE', #193 ) ;
#803 = LINE ( 'NONE', #9168, #10261 ) ;
#804 = ORIENTED_EDGE ( 'NONE', *, *, #7886, .T. ) ;
#805 = B_SPLINE_SURFACE_WITH_KNOTS ( 'NONE', 1, 3, ( 
 ( #10657, #750, #3601, #688, #6275, #7102, #6163, #9768, #7219, #1710, #10764, #6102, #8105, #9711, #9883, #7931, #1594, #5389, #11708, #5330, #1774, #1651, #10827, #4380, #2719, #6339, #5217, #9819, #9943, #8943, #813, #1831, #8825, #8883 ),
 ( #3544, #5443, #4551, #8163, #4322, #3433, #7044, #2546, #5270, #7989, #3492, #8410, #212, #1173, #4797, #8342, #4619, #3784, #1945, #8224, #10890, #3848, #10945, #11066, #8283, #276, #2773, #2898, #7397, #1885, #3911, #6511, #151, #10060 ) ),
 .UNSPECIFIED., .F., .F., .F.,
 ( 2, 2 ),
 ( 4, 2, 2, 2, 2, 2, 2, 2, 2, 2, 2, 2, 2, 2, 2, 2, 4 ),
 ( 0.000000000000000000, 1.000000000000000000 ),
 ( 2.503946219068994921E-15, 0.1963495408493645678, 0.3926990816987266375, 0.5890486225480886517, 0.7853981633974507215, 0.9817477042468127912, 1.178097245096174861, 1.374446785945536931, 1.570796326794899000, 1.767145867644261070, 1.963495408493622918, 2.159844949342985210, 2.356194490192347057, 2.552544031041708905, 2.748893571891071197, 2.945243112740433489, 3.141592653589795336 ),
 .UNSPECIFIED. ) ;
#806 =( LENGTH_UNIT ( ) NAMED_UNIT ( * ) SI_UNIT ( .MILLI., .METRE. ) );
#807 = DIRECTION ( 'NONE',  ( 0.000000000000000000, 0.000000000000000000, -1.000000000000000000 ) ) ;
#808 = EDGE_CURVE ( 'NONE', #4849, #1343, #5729, .T. ) ;
#809 = DIRECTION ( 'NONE',  ( -0.006621501597491016855, 0.000000000000000000, 0.9999780776180017261 ) ) ;
#810 = EDGE_CURVE ( 'NONE', #1228, #4863, #9340, .T. ) ;
#811 = CARTESIAN_POINT ( 'NONE',  ( -8.093874960433376842, 8.500000000000000000, 102.5145087344968431 ) ) ;
#812 = ORIENTED_EDGE ( 'NONE', *, *, #3183, .T. ) ;
#813 = CARTESIAN_POINT ( 'NONE',  ( 1.888924391169497508, 13.98310337660133307, 102.3979751340667832 ) ) ;
#814 = DIRECTION ( 'NONE',  ( 0.4226182617407007736, 0.9063077870366492705, 0.000000000000000000 ) ) ;
#815 = ORIENTED_EDGE ( 'NONE', *, *, #4286, .T. ) ;
#816 = DIRECTION ( 'NONE',  ( 0.000000000000000000, 1.000000000000000000, -2.260169297513790404E-15 ) ) ;
#817 = AXIS2_PLACEMENT_3D ( 'NONE', #2284, #5908, #1401 ) ;
#818 = LINE ( 'NONE', #10661, #11587 ) ;
#819 = CARTESIAN_POINT ( 'NONE',  ( 4.881272354854980122, 9.583177876296529618, 104.4554263009002852 ) ) ;
#820 = CARTESIAN_POINT ( 'NONE',  ( -15.29114218035016037, 26.55195401848749981, 107.5242346141747731 ) ) ;
#821 = EDGE_CURVE ( 'NONE', #11348, #10946, #6674, .T. ) ;
#822 = DIRECTION ( 'NONE',  ( -1.000000000000000000, 0.000000000000000000, 0.000000000000000000 ) ) ;
#823 = EDGE_CURVE ( 'NONE', #4406, #11487, #4451, .T. ) ;
#824 = VECTOR ( 'NONE', #10288, 1000.000000000000000 ) ;
#825 = CARTESIAN_POINT ( 'NONE',  ( -7.387227511402062241, 9.612772488597935094, 105.5920937474122496 ) ) ;
#826 = ORIENTED_EDGE ( 'NONE', *, *, #6779, .T. ) ;
#827 = FACE_OUTER_BOUND ( 'NONE', #4735, .T. ) ;
#828 = CARTESIAN_POINT ( 'NONE',  ( 5.830172501334347501, 9.034453223603120975, 102.2769730618925337 ) ) ;
#829 = EDGE_LOOP ( 'NONE', ( #7580, #9521, #7340, #3288 ) ) ;
#830 = LINE ( 'NONE', #705, #10251 ) ;
#831 = DIRECTION ( 'NONE',  ( -1.000000000000000000, 0.000000000000000000, -0.000000000000000000 ) ) ;
#832 = CIRCLE ( 'NONE', #7851, 2.000000000000001776 ) ;
#833 = CARTESIAN_POINT ( 'NONE',  ( -4.881272354820505477, 9.583177876294204367, 103.2445736991612080 ) ) ;
#834 = LINE ( 'NONE', #10787, #5205 ) ;
#835 = ORIENTED_EDGE ( 'NONE', *, *, #9503, .F. ) ;
#836 = DIRECTION ( 'NONE',  ( -0.000000000000000000, -1.000000000000000000, -0.000000000000000000 ) ) ;
#837 = VERTEX_POINT ( 'NONE', #8507 ) ;
#838 = AXIS2_PLACEMENT_3D ( 'NONE', #5770, #9382, #352 ) ;
#839 = EDGE_LOOP ( 'NONE', ( #2168, #11118, #8662, #10692, #10519 ) ) ;
#840 = ORIENTED_EDGE ( 'NONE', *, *, #11425, .F. ) ;
#841 = CARTESIAN_POINT ( 'NONE',  ( -13.93168049979517953, 27.18588141109854917, 163.0000000000001421 ) ) ;
#842 = CARTESIAN_POINT ( 'NONE',  ( -19.99999999999998934, 2.250000000000000444, 89.43550806100932959 ) ) ;
#843 = PLANE ( 'NONE',  #40 ) ;
#844 = EDGE_CURVE ( 'NONE', #7127, #9864, #4983, .T. ) ;
#845 = AXIS2_PLACEMENT_3D ( 'NONE', #2652, #9880, #7985 ) ;
#846 = CARTESIAN_POINT ( 'NONE',  ( 12.66611185142060059, 8.500000000000000000, 121.1993297625707697 ) ) ;
#847 = CARTESIAN_POINT ( 'NONE',  ( -19.74999999999964473, 0.000000000000000000, 141.4242565173703667 ) ) ;
#848 = CARTESIAN_POINT ( 'NONE',  ( -4.281201779198278601, 8.536003960429932036, 103.6372912106165387 ) ) ;
#849 = DIRECTION ( 'NONE',  ( -0.6785983445458455554, 0.2810846377148242814, 0.6785983445458468877 ) ) ;
#850 = VERTEX_POINT ( 'NONE', #4294 ) ;
#851 = ORIENTED_EDGE ( 'NONE', *, *, #2682, .F. ) ;
#852 = ORIENTED_EDGE ( 'NONE', *, *, #808, .T. ) ;
#853 = ADVANCED_FACE ( 'NONE', ( #7901 ), #11505, .T. ) ;
#854 = B_SPLINE_CURVE_WITH_KNOTS ( 'NONE', 3,
 ( #5334, #10601, #1714, #9716, #8829, #692 ),
 .UNSPECIFIED., .F., .F.,
 ( 4, 2, 4 ),
 ( 1.734723475976807094E-18, 0.0003975156579629281510, 0.0007950313159258545672 ),
 .UNSPECIFIED. ) ;
#855 = CARTESIAN_POINT ( 'NONE',  ( 4.521293923512073043, 8.952689917462537394, 103.4286652428513946 ) ) ;
#856 = CARTESIAN_POINT ( 'NONE',  ( -2.292345519493477202, 13.62090828656137376, 105.0576544805065424 ) ) ;
#857 = LINE ( 'NONE', #10928, #2517 ) ;
#858 = ADVANCED_FACE ( 'NONE', ( #10624 ), #2516, .F. ) ;
#859 = DIRECTION ( 'NONE',  ( 0.000000000000000000, 0.000000000000000000, 1.000000000000000000 ) ) ;
#860 = CARTESIAN_POINT ( 'NONE',  ( -6.501090864058668650, 9.780990206045874658, 102.2277991323152833 ) ) ;
#861 = EDGE_CURVE ( 'NONE', #3255, #5563, #7957, .T. ) ;
#862 = VERTEX_POINT ( 'NONE', #2278 ) ;
#863 = DIRECTION ( 'NONE',  ( 0.000000000000000000, 1.000000000000000000, 0.000000000000000000 ) ) ;
#864 = EDGE_CURVE ( 'NONE', #5100, #4267, #5899, .T. ) ;
#865 = ORIENTED_EDGE ( 'NONE', *, *, #5224, .T. ) ;
#866 = CARTESIAN_POINT ( 'NONE',  ( -5.000000000000000888, 2.249999999999998668, 96.10000000000006537 ) ) ;
#867 = CARTESIAN_POINT ( 'NONE',  ( 15.18194599342261064, 28.09243322729249215, 103.8500000000000085 ) ) ;
#868 = VERTEX_POINT ( 'NONE', #5015 ) ;
#869 = EDGE_CURVE ( 'NONE', #2124, #8536, #8575, .T. ) ;
#870 = ORIENTED_EDGE ( 'NONE', *, *, #9645, .T. ) ;
#871 = DIRECTION ( 'NONE',  ( -0.7071067811865516806, -0.7071067811865434649, 0.000000000000000000 ) ) ;
#872 = FACE_OUTER_BOUND ( 'NONE', #6344, .T. ) ;
#873 = LINE ( 'NONE', #988, #538 ) ;
#874 = ORIENTED_EDGE ( 'NONE', *, *, #1041, .T. ) ;
#875 = CARTESIAN_POINT ( 'NONE',  ( 16.15036770282975453, 27.32231563746865532, 102.7577336824237193 ) ) ;
#876 = ORIENTED_EDGE ( 'NONE', *, *, #9706, .T. ) ;
#877 = ADVANCED_FACE ( 'NONE', ( #10026 ), #8971, .F. ) ;
#878 = LINE ( 'NONE', #9945, #4945 ) ;
#879 = ORIENTED_EDGE ( 'NONE', *, *, #2191, .F. ) ;
#880 = CARTESIAN_POINT ( 'NONE',  ( -2.979487435730778344, 13.66630341028930751, 103.6015662656531475 ) ) ;
#881 = CARTESIAN_POINT ( 'NONE',  ( 5.032307686721020801, 9.601630147987354036, 104.7018965350692525 ) ) ;
#882 = CARTESIAN_POINT ( 'NONE',  ( 7.499999999988182786, 2.250000000000000000, 163.0000000000001421 ) ) ;
#883 = EDGE_CURVE ( 'NONE', #6848, #2124, #6363, .T. ) ;
#884 = LINE ( 'NONE', #1182, #2460 ) ;
#885 = CARTESIAN_POINT ( 'NONE',  ( -15.95560520473883415, 26.79379878113547164, 163.0000000000001421 ) ) ;
#886 = VERTEX_POINT ( 'NONE', #8133 ) ;
#887 = PLANE ( 'NONE',  #9892 ) ;
#888 = CARTESIAN_POINT ( 'NONE',  ( 8.061474913887556326, 9.173838698574629191, 104.3735998953790727 ) ) ;
#889 = VERTEX_POINT ( 'NONE', #900 ) ;
#890 = DIRECTION ( 'NONE',  ( 0.000000000000000000, 1.000000000000000000, 0.000000000000000000 ) ) ;
#891 = DIRECTION ( 'NONE',  ( 0.000000000000000000, 0.2164396139381074557, -0.9762960071199322520 ) ) ;
#892 = EDGE_CURVE ( 'NONE', #6276, #3308, #10857, .T. ) ;
#893 = LINE ( 'NONE', #3626, #7791 ) ;
#894 = DIRECTION ( 'NONE',  ( -0.000000000000000000, 2.260169297513790404E-15, 1.000000000000000000 ) ) ;
#895 = EDGE_LOOP ( 'NONE', ( #8817, #4637, #2593, #10925 ) ) ;
#896 = ADVANCED_FACE ( 'NONE', ( #9792 ), #2684, .T. ) ;
#897 = LINE ( 'NONE', #7305, #10769 ) ;
#898 = ORIENTED_EDGE ( 'NONE', *, *, #1510, .T. ) ;
#899 = ORIENTED_EDGE ( 'NONE', *, *, #587, .F. ) ;
#900 = CARTESIAN_POINT ( 'NONE',  ( -8.077344618109883356, 9.011488837849888967, 103.8500000000000085 ) ) ;
#901 = DIRECTION ( 'NONE',  ( -0.6985753890242760722, -0.1548704352004010021, 0.6985753890242768493 ) ) ;
#902 = CARTESIAN_POINT ( 'NONE',  ( 26.50000000000052935, 2.250000000000000000, 87.60000000000000853 ) ) ;
#903 = DIRECTION ( 'NONE',  ( 1.527564034126566480E-15, 0.000000000000000000, -1.000000000000000000 ) ) ;
#904 = LINE ( 'NONE', #2629, #4251 ) ;
#905 = CARTESIAN_POINT ( 'NONE',  ( -7.980089528842992941, 8.999307177106100397, 103.3264001046333362 ) ) ;
#906 = VERTEX_POINT ( 'NONE', #10684 ) ;
#907 = ORIENTED_EDGE ( 'NONE', *, *, #2939, .F. ) ;
#908 = CARTESIAN_POINT ( 'NONE',  ( 4.214825629337463297, 8.499999999999996447, 103.7257769569666266 ) ) ;
#909 = DIRECTION ( 'NONE',  ( 0.5735764363510378328, 0.000000000000000000, -0.8191520442889975717 ) ) ;
#910 = B_SPLINE_CURVE_WITH_KNOTS ( 'NONE', 1,
 ( #10067, #3792 ),
 .UNSPECIFIED., .F., .F.,
 ( 2, 2 ),
 ( 0.000000000000000000, 1.000000000000000000 ),
 .UNSPECIFIED. ) ;
#911 = CYLINDRICAL_SURFACE ( 'NONE', #4600, 1.000000000000000888 ) ;
#912 = DIRECTION ( 'NONE',  ( 0.000000000000000000, 0.000000000000000000, -1.000000000000000000 ) ) ;
#913 = CARTESIAN_POINT ( 'NONE',  ( -4.814974847353216347, 9.575081128815265075, 103.4215760715275252 ) ) ;
#914 = VECTOR ( 'NONE', #6270, 1000.000000000000114 ) ;
#915 = ORIENTED_EDGE ( 'NONE', *, *, #1470, .T. ) ;
#916 = CARTESIAN_POINT ( 'NONE',  ( 51.55691212083456776, 0.000000000000000000, 36.10053851382406265 ) ) ;
#917 = B_SPLINE_CURVE_WITH_KNOTS ( 'NONE', 3,
 ( #11651, #9051, #1771, #10761, #8158, #10654 ),
 .UNSPECIFIED., .F., .F.,
 ( 4, 2, 4 ),
 ( 0.5000000000000000000, 0.5216548590999543489, 0.5433097181999085867 ),
 .UNSPECIFIED. ) ;
#918 = ORIENTED_EDGE ( 'NONE', *, *, #3553, .F. ) ;
#919 = DIRECTION ( 'NONE',  ( 0.000000000000000000, 0.000000000000000000, -1.000000000000000000 ) ) ;
#920 = CARTESIAN_POINT ( 'NONE',  ( 2.524674684041106065, 13.31250191950014816, 104.9457466318826278 ) ) ;
#921 = EDGE_CURVE ( 'NONE', #6120, #5689, #7251, .T. ) ;
#922 = ORIENTED_EDGE ( 'NONE', *, *, #9689, .F. ) ;
#923 = VECTOR ( 'NONE', #9209, 999.9999999999998863 ) ;
#924 = EDGE_CURVE ( 'NONE', #4337, #5950, #3570, .T. ) ;
#925 = VECTOR ( 'NONE', #3152, 1000.000000000000114 ) ;
#926 = EDGE_CURVE ( 'NONE', #5527, #10895, #961, .T. ) ;
#927 = ORIENTED_EDGE ( 'NONE', *, *, #11449, .T. ) ;
#928 = LINE ( 'NONE', #7458, #11222 ) ;
#929 = DIRECTION ( 'NONE',  ( 0.7047618386385929856, -0.000000000000000000, 0.7094439729807773265 ) ) ;
#930 = DIRECTION ( 'NONE',  ( -0.4226182617407007736, 0.9063077870366492705, 0.000000000000000000 ) ) ;
#931 = EDGE_LOOP ( 'NONE', ( #6265, #4261, #9818, #4434 ) ) ;
#932 = FACE_OUTER_BOUND ( 'NONE', #4963, .T. ) ;
#933 = ORIENTED_EDGE ( 'NONE', *, *, #2336, .F. ) ;
#934 = CARTESIAN_POINT ( 'NONE',  ( -7.750000000000001776, 9.249999999999998224, 163.0000000000001421 ) ) ;
#935 = CARTESIAN_POINT ( 'NONE',  ( 9.999999999999998224, 2.250000000000000000, 160.2014815911317100 ) ) ;
#936 = ORIENTED_EDGE ( 'NONE', *, *, #5092, .T. ) ;
#937 = AXIS2_PLACEMENT_3D ( 'NONE', #7427, #11035, #10200 ) ;
#938 = CARTESIAN_POINT ( 'NONE',  ( -2.918577452733857047, 13.72986521712979346, 103.3600534906930051 ) ) ;
#939 = DIRECTION ( 'NONE',  ( -6.938893903907126615E-15, 0.000000000000000000, 1.000000000000000000 ) ) ;
#940 = CARTESIAN_POINT ( 'NONE',  ( 15.92152795146884614, 29.67847185460665216, 103.8500000000000085 ) ) ;
#941 = CARTESIAN_POINT ( 'NONE',  ( 7.429567269602468826, 9.570432730397527621, 105.3181711008267598 ) ) ;
#942 = EDGE_CURVE ( 'NONE', #5261, #3422, #1800, .T. ) ;
#943 = AXIS2_PLACEMENT_3D ( 'NONE', #2642, #8988, #859 ) ;
#944 = EDGE_CURVE ( 'NONE', #2714, #5448, #801, .T. ) ;
#945 = DIRECTION ( 'NONE',  ( 0.000000000000000000, 0.000000000000000000, -1.000000000000000000 ) ) ;
#946 = ORIENTED_EDGE ( 'NONE', *, *, #10148, .F. ) ;
#947 = CARTESIAN_POINT ( 'NONE',  ( -16.25000000000000000, 9.749999999999996447, 136.5914722278378406 ) ) ;
#948 = CARTESIAN_POINT ( 'NONE',  ( 6.067272365475331775, 9.049264428481947675, 105.4645252232029975 ) ) ;
#949 = ORIENTED_EDGE ( 'NONE', *, *, #6159, .F. ) ;
#950 = DIRECTION ( 'NONE',  ( 0.000000000000000000, -1.000000000000000000, 0.000000000000000000 ) ) ;
#951 = DIRECTION ( 'NONE',  ( -0.000000000000000000, -1.000000000000000000, -0.000000000000000000 ) ) ;
#952 = CARTESIAN_POINT ( 'NONE',  ( -6.213106048948734639, 9.745823567528407949, 105.4313021183873929 ) ) ;
#953 = CARTESIAN_POINT ( 'NONE',  ( 0.3901541128268938285, -2.109845887173077195, 136.5914722278378690 ) ) ;
#954 = ORIENTED_EDGE ( 'NONE', *, *, #4563, .T. ) ;
#955 = PLANE ( 'NONE',  #4531 ) ;
#956 = VECTOR ( 'NONE', #689, 1000.000000000000000 ) ;
#957 = ORIENTED_EDGE ( 'NONE', *, *, #7538, .T. ) ;
#958 = EDGE_CURVE ( 'NONE', #11560, #6720, #7187, .T. ) ;
#959 = ADVANCED_FACE ( 'NONE', ( #3697 ), #9966, .F. ) ;
#960 = ORIENTED_EDGE ( 'NONE', *, *, #9272, .F. ) ;
#961 = LINE ( 'NONE', #6244, #9519 ) ;
#962 = AXIS2_PLACEMENT_3D ( 'NONE', #8812, #7865, #5088 ) ;
#963 = AXIS2_PLACEMENT_3D ( 'NONE', #8378, #2931, #8442 ) ;
#964 = FACE_OUTER_BOUND ( 'NONE', #2046, .T. ) ;
#965 = LINE ( 'NONE', #6246, #4236 ) ;
#966 = CARTESIAN_POINT ( 'NONE',  ( 15.29114218035016037, 26.55195401848749981, 105.2915703243338470 ) ) ;
#967 = LINE ( 'NONE', #10742, #5774 ) ;
#968 = VECTOR ( 'NONE', #6250, 1000.000000000000000 ) ;
#969 = CARTESIAN_POINT ( 'NONE',  ( -7.431487473081380024, 8.930592170241158811, 102.6257460103365560 ) ) ;
#970 = EDGE_LOOP ( 'NONE', ( #517, #6418, #1019, #109, #10301, #4109 ) ) ;
#971 = EDGE_CURVE ( 'NONE', #11473, #3245, #10643, .T. ) ;
#972 = VERTEX_POINT ( 'NONE', #1741 ) ;
#973 = CARTESIAN_POINT ( 'NONE',  ( 7.700356126698382653, 9.151280253161617750, 104.9238430491910634 ) ) ;
#974 = FACE_OUTER_BOUND ( 'NONE', #7546, .T. ) ;
#975 = CARTESIAN_POINT ( 'NONE',  ( -1.499999999999999556, 14.26997711284614390, 102.1298942063219357 ) ) ;
#976 = DIRECTION ( 'NONE',  ( 0.000000000000000000, 0.000000000000000000, 1.000000000000000000 ) ) ;
#977 = CARTESIAN_POINT ( 'NONE',  ( -8.118830556991193603, 9.978549142720906318, 102.8127683105657297 ) ) ;
#978 = ORIENTED_EDGE ( 'NONE', *, *, #3729, .T. ) ;
#979 = VECTOR ( 'NONE', #8557, 999.9999999999998863 ) ;
#980 = CYLINDRICAL_SURFACE ( 'NONE', #11424, 2.000000000000001776 ) ;
#981 = ORIENTED_EDGE ( 'NONE', *, *, #1951, .F. ) ;
#982 = LINE ( 'NONE', #3658, #4057 ) ;
#983 = CARTESIAN_POINT ( 'NONE',  ( -19.75000000000000000, 2.250000000000000444, 107.4242565173703667 ) ) ;
#984 = ORIENTED_EDGE ( 'NONE', *, *, #4312, .F. ) ;
#985 = ORIENTED_EDGE ( 'NONE', *, *, #6404, .T. ) ;
#986 = CARTESIAN_POINT ( 'NONE',  ( -23.53921572489431213, 2.250000000000000444, 117.8489238107519981 ) ) ;
#987 = CARTESIAN_POINT ( 'NONE',  ( 19.99999999999998934, 2.250000000000000444, 94.43550806100934381 ) ) ;
#988 = CARTESIAN_POINT ( 'NONE',  ( -15.29114218035015860, 26.55195401848749626, 163.0000000000001421 ) ) ;
#989 = ORIENTED_EDGE ( 'NONE', *, *, #6705, .T. ) ;
#990 = CARTESIAN_POINT ( 'NONE',  ( -1.250000000000000000, 9.966439613938117503, 125.0070671349781719 ) ) ;
#991 = ORIENTED_EDGE ( 'NONE', *, *, #11645, .F. ) ;
#992 = CARTESIAN_POINT ( 'NONE',  ( 15.25000000000000000, 5.335786437626944156, 138.8414722278378690 ) ) ;
#993 = CARTESIAN_POINT ( 'NONE',  ( -6.082913531126079576, 9.249999999999998224, 105.9655608899129930 ) ) ;
#994 = ORIENTED_EDGE ( 'NONE', *, *, #9969, .T. ) ;
#995 = CIRCLE ( 'NONE', #229, 3.749999999999999112 ) ;
#996 = CARTESIAN_POINT ( 'NONE',  ( -2.673242190697061815, 13.84699624523582351, 102.9150640905307625 ) ) ;
#997 = EDGE_CURVE ( 'NONE', #6273, #4185, #1564, .T. ) ;
#998 = CARTESIAN_POINT ( 'NONE',  ( 29.37500000000054357, 0.000000000000000000, 130.3000000000000398 ) ) ;
#999 = CARTESIAN_POINT ( 'NONE',  ( -15.65036770282975453, 27.32231563746865177, 163.0000000000001421 ) ) ;
#1000 = VECTOR ( 'NONE', #8744, 1000.000000000000000 ) ;
#1001 = DIRECTION ( 'NONE',  ( 0.000000000000000000, 0.000000000000000000, 1.000000000000000000 ) ) ;
#1002 = ADVANCED_FACE ( 'NONE', ( #778 ), #9026, .F. ) ;
#1003 = CARTESIAN_POINT ( 'NONE',  ( -8.573261829825105096, 8.500000000000000000, 104.1365829433021446 ) ) ;
#1004 = ORIENTED_EDGE ( 'NONE', *, *, #8002, .T. ) ;
#1005 = FACE_OUTER_BOUND ( 'NONE', #502, .T. ) ;
#1006 = CARTESIAN_POINT ( 'NONE',  ( 7.529416650772428277, 9.140601969523654446, 102.6257460103347654 ) ) ;
#1007 = B_SPLINE_CURVE_WITH_KNOTS ( 'NONE', 1,
 ( #8845, #11497 ),
 .UNSPECIFIED., .F., .F.,
 ( 2, 2 ),
 ( 0.000000000000000000, 0.7760940302079117892 ),
 .UNSPECIFIED. ) ;
#1008 = ORIENTED_EDGE ( 'NONE', *, *, #4943, .T. ) ;
#1009 = CARTESIAN_POINT ( 'NONE',  ( 7.260918272891375480, 9.739081727108622744, 102.1898935110344979 ) ) ;
#1010 = ADVANCED_FACE ( 'NONE', ( #5299 ), #8910, .F. ) ;
#1011 = CARTESIAN_POINT ( 'NONE',  ( -26.50000000000052935, 0.000000000000000000, 119.8000000000000398 ) ) ;
#1012 = CYLINDRICAL_SURFACE ( 'NONE', #11004, 3.750000000000000000 ) ;
#1013 = DIRECTION ( 'NONE',  ( 0.000000000000000000, 1.000000000000000000, 0.000000000000000000 ) ) ;
#1014 = ORIENTED_EDGE ( 'NONE', *, *, #10400, .F. ) ;
#1015 = ADVANCED_FACE ( 'NONE', ( #4 ), #7130, .T. ) ;
#1016 = CARTESIAN_POINT ( 'NONE',  ( 26.00112609145443088, 0.000000000000000000, 130.3000000000000398 ) ) ;
#1017 = VECTOR ( 'NONE', #7833, 1000.000000000000000 ) ;
#1018 = VECTOR ( 'NONE', #4024, 1000.000000000000000 ) ;
#1019 = ORIENTED_EDGE ( 'NONE', *, *, #4520, .T. ) ;
#1020 = VERTEX_POINT ( 'NONE', #7614 ) ;
#1021 = DIRECTION ( 'NONE',  ( 0.000000000000000000, 0.000000000000000000, 1.000000000000000000 ) ) ;
#1022 = AXIS2_PLACEMENT_3D ( 'NONE', #3955, #3069, #2282 ) ;
#1023 = DIRECTION ( 'NONE',  ( -1.734723475976805517E-15, 0.000000000000000000, 1.000000000000000000 ) ) ;
#1024 = DIRECTION ( 'NONE',  ( 0.000000000000000000, 0.9762960071199324741, 0.2164396139381068451 ) ) ;
#1025 = DIRECTION ( 'NONE',  ( 0.000000000000000000, -1.000000000000000000, 0.000000000000000000 ) ) ;
#1026 = CARTESIAN_POINT ( 'NONE',  ( -14.50221515314512288, 28.40939692359802038, 102.4084296756661701 ) ) ;
#1027 = CARTESIAN_POINT ( 'NONE',  ( -5.011587470450877824, 8.627488228965553674, 102.5579504388003755 ) ) ;
#1028 = ADVANCED_FACE ( 'NONE', ( #9389 ), #6081, .F. ) ;
#1029 = ORIENTED_EDGE ( 'NONE', *, *, #369, .F. ) ;
#1030 = VECTOR ( 'NONE', #5304, 1000.000000000000000 ) ;
#1031 = VERTEX_POINT ( 'NONE', #2217 ) ;
#1032 = CARTESIAN_POINT ( 'NONE',  ( 6.787852073442055101, 9.094277755355399506, 102.2769730618925053 ) ) ;
#1033 = CARTESIAN_POINT ( 'NONE',  ( -19.75000000000001776, 2.250000000000000000, 130.9242565173703667 ) ) ;
#1034 = CARTESIAN_POINT ( 'NONE',  ( -1.499999999999999556, 14.17856173447226453, 102.2032628042146314 ) ) ;
#1035 = AXIS2_PLACEMENT_3D ( 'NONE', #4970, #500, #8687 ) ;
#1036 = CARTESIAN_POINT ( 'NONE',  ( -17.05368864071140322, 4.946311359288582565, 124.0604184152886660 ) ) ;
#1037 = CARTESIAN_POINT ( 'NONE',  ( -5.253303302407884345, 9.628609952935313743, 102.7456997570508150 ) ) ;
#1038 = DIRECTION ( 'NONE',  ( -0.4999999999999879541, 0.000000000000000000, -0.8660254037844455910 ) ) ;
#1039 = ORIENTED_EDGE ( 'NONE', *, *, #6454, .T. ) ;
#1040 = CARTESIAN_POINT ( 'NONE',  ( -17.99999999999998934, 2.250000000000000444, 89.43550806100932959 ) ) ;
#1041 = EDGE_CURVE ( 'NONE', #3969, #2366, #7607, .T. ) ;
#1042 = ORIENTED_EDGE ( 'NONE', *, *, #4582, .T. ) ;
#1043 = CARTESIAN_POINT ( 'NONE',  ( 0.3901541128268973257, -2.109845887173075418, 138.8414722278378690 ) ) ;
#1044 = LINE ( 'NONE', #4431, #10814 ) ;
#1045 = EDGE_CURVE ( 'NONE', #764, #9876, #5652, .T. ) ;
#1046 = ORIENTED_EDGE ( 'NONE', *, *, #5796, .T. ) ;
#1047 = VECTOR ( 'NONE', #313, 999.9999999999998863 ) ;
#1048 = ORIENTED_EDGE ( 'NONE', *, *, #6342, .F. ) ;
#1049 = DIRECTION ( 'NONE',  ( 0.000000000000000000, -1.000000000000000000, 0.000000000000000000 ) ) ;
#1050 = LINE ( 'NONE', #2063, #4082 ) ;
#1051 = CARTESIAN_POINT ( 'NONE',  ( -15.95560520473883415, 26.79379878113547164, 102.8116720171352512 ) ) ;
#1052 = DIRECTION ( 'NONE',  ( -0.7071067811865462405, -0.7071067811865489050, 0.000000000000000000 ) ) ;
#1053 = VERTEX_POINT ( 'NONE', #7548 ) ;
#1054 = FACE_OUTER_BOUND ( 'NONE', #1239, .T. ) ;
#1055 = CARTESIAN_POINT ( 'NONE',  ( -5.378253650727434554, 9.249999999999998224, 105.6964122686652701 ) ) ;
#1056 = ORIENTED_EDGE ( 'NONE', *, *, #8915, .T. ) ;
#1057 = DIRECTION ( 'NONE',  ( 0.000000000000000000, 0.000000000000000000, -1.000000000000000000 ) ) ;
#1058 = LINE ( 'NONE', #2726, #1552 ) ;
#1059 = DIRECTION ( 'NONE',  ( 0.4226182617407007736, -0.9063077870366492705, -0.000000000000000000 ) ) ;
#1060 = CARTESIAN_POINT ( 'NONE',  ( 7.140878878799051144, 9.859121121200946192, 102.2796942668756373 ) ) ;
#1061 = CARTESIAN_POINT ( 'NONE',  ( -6.786701134427659099, 8.849829626204552824, 102.3079948524859191 ) ) ;
#1062 = EDGE_LOOP ( 'NONE', ( #3602, #7811, #5153, #6915, #5968 ) ) ;
#1063 = LINE ( 'NONE', #10254, #5137 ) ;
#1064 = ORIENTED_EDGE ( 'NONE', *, *, #362, .T. ) ;
#1065 = CARTESIAN_POINT ( 'NONE',  ( 17.99999999999998934, 0.000000000000000000, 94.43550806100934381 ) ) ;
#1066 = CARTESIAN_POINT ( 'NONE',  ( 8.096730651264335776, 9.176041061495977758, 104.2713347571486082 ) ) ;
#1067 = VERTEX_POINT ( 'NONE', #7367 ) ;
#1068 = CARTESIAN_POINT ( 'NONE',  ( -6.249999999999999112, 14.49829916147460018, 101.1000000000000227 ) ) ;
#1069 = CARTESIAN_POINT ( 'NONE',  ( -18.11169591142175861, 3.888304088578240059, 134.0714093900724038 ) ) ;
#1070 = CARTESIAN_POINT ( 'NONE',  ( -6.100100771591951521, 9.732020983552143178, 105.4053567061903038 ) ) ;
#1071 = FACE_OUTER_BOUND ( 'NONE', #8346, .T. ) ;
#1072 = ORIENTED_EDGE ( 'NONE', *, *, #275, .F. ) ;
#1073 = DIRECTION ( 'NONE',  ( -4.956352788505159323E-16, -0.000000000000000000, 1.000000000000000000 ) ) ;
#1074 = CYLINDRICAL_SURFACE ( 'NONE', #7942, 2.000000000000029310 ) ;
#1075 = ADVANCED_FACE ( 'NONE', ( #361 ), #3817, .T. ) ;
#1076 = ORIENTED_EDGE ( 'NONE', *, *, #11015, .F. ) ;
#1077 = EDGE_CURVE ( 'NONE', #2413, #7471, #4767, .T. ) ;
#1078 = ORIENTED_EDGE ( 'NONE', *, *, #6655, .T. ) ;
#1079 = DIRECTION ( 'NONE',  ( 0.000000000000000000, 1.000000000000000000, 0.000000000000000000 ) ) ;
#1080 = CYLINDRICAL_SURFACE ( 'NONE', #9505, 0.4999999999999865663 ) ;
#1081 = CARTESIAN_POINT ( 'NONE',  ( 15.77333019370330192, 26.57934447466324812, 104.9728477210950501 ) ) ;
#1082 = DIRECTION ( 'NONE',  ( -0.000000000000000000, 0.000000000000000000, 1.000000000000000000 ) ) ;
#1083 = CARTESIAN_POINT ( 'NONE',  ( -5.102615823599301770, 8.499999999999996447, 105.8178735577812546 ) ) ;
#1084 = EDGE_LOOP ( 'NONE', ( #3013, #6328, #8250, #6101, #3413, #2266 ) ) ;
#1085 = ADVANCED_FACE ( 'NONE', ( #4887 ), #7493, .F. ) ;
#1086 = ORIENTED_EDGE ( 'NONE', *, *, #3775, .F. ) ;
#1087 = EDGE_CURVE ( 'NONE', #7439, #7389, #11556, .T. ) ;
#1088 = CARTESIAN_POINT ( 'NONE',  ( 7.968963136111803180, 9.168059653110779195, 104.5701212598074790 ) ) ;
#1089 = CARTESIAN_POINT ( 'NONE',  ( 14.07643724080833358, 28.41216964810329415, 105.0125320479103692 ) ) ;
#1090 = CARTESIAN_POINT ( 'NONE',  ( 4.750502354557077034, 9.567207725462825607, 103.8500000000000085 ) ) ;
#1091 = DIRECTION ( 'NONE',  ( 0.000000000000000000, 1.000000000000000000, 0.000000000000000000 ) ) ;
#1092 = CARTESIAN_POINT ( 'NONE',  ( 13.83775212875645266, 28.16755216095005210, 100.3144660940672566 ) ) ;
#1093 = CARTESIAN_POINT ( 'NONE',  ( -12.74999999999995204, 9.749999999999996447, 134.4527949869000452 ) ) ;
#1094 = VERTEX_POINT ( 'NONE', #11213 ) ;
#1095 = DIRECTION ( 'NONE',  ( 0.4226182617407009401, 0.9063077870366492705, 0.000000000000000000 ) ) ;
#1096 = ORIENTED_EDGE ( 'NONE', *, *, #1447, .T. ) ;
#1097 = CARTESIAN_POINT ( 'NONE',  ( 8.128668832695874258, 9.178031615005508570, 103.5292818311608016 ) ) ;
#1098 = CARTESIAN_POINT ( 'NONE',  ( 2.984989288805772301, 13.54510598700216129, 104.0620316258104623 ) ) ;
#1099 = ADVANCED_FACE ( 'NONE', ( #3998 ), #3111, .F. ) ;
#1100 = ORIENTED_EDGE ( 'NONE', *, *, #8169, .F. ) ;
#1101 = EDGE_CURVE ( 'NONE', #10848, #2202, #6660, .T. ) ;
#1102 = ORIENTED_EDGE ( 'NONE', *, *, #5953, .F. ) ;
#1103 = CARTESIAN_POINT ( 'NONE',  ( -8.750000000000003553, 8.748812990946630563, 136.5914722278378406 ) ) ;
#1104 = CARTESIAN_POINT ( 'NONE',  ( 33.75000000000054001, 0.000000000000000000, 122.3259074277046068 ) ) ;
#1105 = LINE ( 'NONE', #8341, #4292 ) ;
#1106 = CARTESIAN_POINT ( 'NONE',  ( 15.25000000000000000, 21.45637587167328064, 100.1000000000000227 ) ) ;
#1107 = VERTEX_POINT ( 'NONE', #10269 ) ;
#1108 = LINE ( 'NONE', #6574, #5890 ) ;
#1109 = EDGE_CURVE ( 'NONE', #360, #8154, #10423, .T. ) ;
#1110 = CARTESIAN_POINT ( 'NONE',  ( -5.070272582278393614, 9.249999999999998224, 105.4892070948358480 ) ) ;
#1111 = ORIENTED_EDGE ( 'NONE', *, *, #9194, .T. ) ;
#1112 = CARTESIAN_POINT ( 'NONE',  ( -15.53962425880843412, 26.49121888804103619, 105.1360441590949080 ) ) ;
#1113 = CARTESIAN_POINT ( 'NONE',  ( -13.25000000000000178, 31.94302117641175442, 85.10000000000002274 ) ) ;
#1114 = AXIS2_PLACEMENT_3D ( 'NONE', #8912, #8020, #4295 ) ;
#1115 = DIRECTION ( 'NONE',  ( 0.000000000000000000, 1.000000000000000000, 0.000000000000000000 ) ) ;
#1116 = AXIS2_PLACEMENT_3D ( 'NONE', #9250, #1125, #4751 ) ;
#1117 = AXIS2_PLACEMENT_3D ( 'NONE', #1597, #4325, #10041 ) ;
#1118 = EDGE_LOOP ( 'NONE', ( #4395, #2582, #8371, #1821 ) ) ;
#1119 = LINE ( 'NONE', #9308, #550 ) ;
#1120 = CARTESIAN_POINT ( 'NONE',  ( -4.659085447609590425, 8.583335680383090249, 102.8587660936977954 ) ) ;
#1121 = ORIENTED_EDGE ( 'NONE', *, *, #5083, .F. ) ;
#1122 = LINE ( 'NONE', #4871, #1914 ) ;
#1123 = AXIS2_PLACEMENT_3D ( 'NONE', #6836, #2337, #9562 ) ;
#1124 = EDGE_LOOP ( 'NONE', ( #2269, #6776, #1689, #9909 ) ) ;
#1125 = DIRECTION ( 'NONE',  ( 0.000000000000000000, 0.000000000000000000, -1.000000000000000000 ) ) ;
#1126 = CARTESIAN_POINT ( 'NONE',  ( 8.296240968397309956, 8.500000000000000000, 104.4615574845835368 ) ) ;
#1127 = VECTOR ( 'NONE', #4734, 1000.000000000000000 ) ;
#1128 = ORIENTED_EDGE ( 'NONE', *, *, #10203, .F. ) ;
#1129 = CARTESIAN_POINT ( 'NONE',  ( -29.37500000000053291, 2.250000000000000000, 87.59999999999999432 ) ) ;
#1130 = CARTESIAN_POINT ( 'NONE',  ( -2.990330975271047631, 13.65259456393055970, 103.6536534250940775 ) ) ;
#1131 = CARTESIAN_POINT ( 'NONE',  ( -5.135208428787342072, 9.614191505817833772, 104.8305562095119967 ) ) ;
#1132 = DIRECTION ( 'NONE',  ( 0.000000000000000000, -1.000000000000000000, 0.000000000000000000 ) ) ;
#1133 = EDGE_LOOP ( 'NONE', ( #8125, #1537, #10051, #8968 ) ) ;
#1134 = CARTESIAN_POINT ( 'NONE',  ( -14.50221515314512288, 28.40939692359802038, 100.1757653858252439 ) ) ;
#1135 = LINE ( 'NONE', #11268, #5871 ) ;
#1136 = CIRCLE ( 'NONE', #181, 2.000000000000001776 ) ;
#1137 = B_SPLINE_CURVE_WITH_KNOTS ( 'NONE', 3,
 ( #10097, #8446, #252, #5655, #10334, #11218, #9443, #1326, #3890, #2995 ),
 .UNSPECIFIED., .F., .F.,
 ( 4, 3, 3, 4 ),
 ( 0.000000000000000000, 0.0001810746284539530839, 0.0003621493456093511200, 0.0007203473439364137254 ),
 .UNSPECIFIED. ) ;
#1138 = VERTEX_POINT ( 'NONE', #3886 ) ;
#1139 = VERTEX_POINT ( 'NONE', #4942 ) ;
#1140 = AXIS2_PLACEMENT_3D ( 'NONE', #11078, #4809, #8421 ) ;
#1141 = DIRECTION ( 'NONE',  ( 0.000000000000000000, 0.000000000000000000, -1.000000000000000000 ) ) ;
#1142 = DIRECTION ( 'NONE',  ( -0.000000000000000000, -0.000000000000000000, -1.000000000000000000 ) ) ;
#1143 = CARTESIAN_POINT ( 'NONE',  ( 0.000000000000000000, 21.45637587167328064, 0.000000000000000000 ) ) ;
#1144 = DIRECTION ( 'NONE',  ( -1.000000000000000000, 0.000000000000000000, 0.000000000000000000 ) ) ;
#1145 = ADVANCED_FACE ( 'NONE', ( #2991 ), #9328, .F. ) ;
#1146 = CARTESIAN_POINT ( 'NONE',  ( 2.539749456487760509E-15, 9.249999999999998224, 105.3500000000000227 ) ) ;
#1147 = VERTEX_POINT ( 'NONE', #11039 ) ;
#1148 = ADVANCED_FACE ( 'NONE', ( #3753 ), #10976, .F. ) ;
#1149 = EDGE_LOOP ( 'NONE', ( #6138, #4271, #5635, #6289, #840 ) ) ;
#1150 = AXIS2_PLACEMENT_3D ( 'NONE', #1175, #3786, #3021 ) ;
#1151 = CARTESIAN_POINT ( 'NONE',  ( 6.067272365475331775, 9.049264428481947675, 105.4645252232029975 ) ) ;
#1152 = AXIS2_PLACEMENT_3D ( 'NONE', #2039, #1079, #10092 ) ;
#1153 = DIRECTION ( 'NONE',  ( -0.5735764363510519326, 0.000000000000000000, -0.8191520442889876907 ) ) ;
#1154 = CARTESIAN_POINT ( 'NONE',  ( 20.26260754773842621, 2.250000000000000444, 120.1432295561562142 ) ) ;
#1155 = DIRECTION ( 'NONE',  ( -0.000000000000000000, -1.000000000000000000, -0.000000000000000000 ) ) ;
#1156 = CARTESIAN_POINT ( 'NONE',  ( -16.25000000000000000, 21.45637587167328064, 107.6000000000000085 ) ) ;
#1157 = LINE ( 'NONE', #10167, #5284 ) ;
#1158 = CARTESIAN_POINT ( 'NONE',  ( 15.65036770282975453, 27.32231563746865177, 163.0000000000001421 ) ) ;
#1159 = VECTOR ( 'NONE', #9203, 1000.000000000000114 ) ;
#1160 = DIRECTION ( 'NONE',  ( 0.000000000000000000, 1.000000000000000000, 0.000000000000000000 ) ) ;
#1161 = CIRCLE ( 'NONE', #4199, 2.549999999999996714 ) ;
#1162 = VERTEX_POINT ( 'NONE', #1979 ) ;
#1163 = FACE_BOUND ( 'NONE', #7688, .T. ) ;
#1164 = CARTESIAN_POINT ( 'NONE',  ( 2.754292113555467658, 13.81747045009178976, 103.0272521358037636 ) ) ;
#1165 = AXIS2_PLACEMENT_3D ( 'NONE', #2255, #5164, #5104 ) ;
#1166 = EDGE_LOOP ( 'NONE', ( #4521, #9587, #3420, #2618 ) ) ;
#1167 = EDGE_LOOP ( 'NONE', ( #10944, #3600, #1870, #2678 ) ) ;
#1168 = DIRECTION ( 'NONE',  ( 0.000000000000000000, 1.000000000000000000, 0.000000000000000000 ) ) ;
#1169 = CARTESIAN_POINT ( 'NONE',  ( 9.499999999999991118, 2.250000000000000444, 94.43550806100928696 ) ) ;
#1170 = ADVANCED_FACE ( 'NONE', ( #5598 ), #9207, .T. ) ;
#1171 = CIRCLE ( 'NONE', #8738, 2.000000000000001776 ) ;
#1172 = CARTESIAN_POINT ( 'NONE',  ( 19.74999999999973355, 7.249999999999999112, 132.9242565173703383 ) ) ;
#1173 = CARTESIAN_POINT ( 'NONE',  ( 3.189947207205967583, 13.74794393916032220, 104.4846336820602346 ) ) ;
#1174 = ORIENTED_EDGE ( 'NONE', *, *, #7620, .T. ) ;
#1175 = CARTESIAN_POINT ( 'NONE',  ( -29.37500000000054357, 2.250000000000000000, 82.35000000000000853 ) ) ;
#1176 = CARTESIAN_POINT ( 'NONE',  ( -7.981593435704427364, 9.961789697507200003, 105.0145801987423084 ) ) ;
#1177 = ORIENTED_EDGE ( 'NONE', *, *, #1460, .F. ) ;
#1178 = CARTESIAN_POINT ( 'NONE',  ( -2.412092472677056954, 13.28720914074680692, 105.0418460020794953 ) ) ;
#1179 = DIRECTION ( 'NONE',  ( 0.000000000000000000, 0.000000000000000000, 1.000000000000000000 ) ) ;
#1180 = CARTESIAN_POINT ( 'NONE',  ( 7.747810890743549450, 9.933240091413189532, 102.5193837648855464 ) ) ;
#1181 = VERTEX_POINT ( 'NONE', #593 ) ;
#1182 = CARTESIAN_POINT ( 'NONE',  ( 8.749999999999994671, 13.12141615403823458, 116.8679339569414708 ) ) ;
#1183 = VECTOR ( 'NONE', #2440, 1000.000000000000000 ) ;
#1184 = EDGE_CURVE ( 'NONE', #3985, #4902, #4234, .T. ) ;
#1185 = CARTESIAN_POINT ( 'NONE',  ( -3.880817125749091545, 8.499999999999996447, 104.5554471023145453 ) ) ;
#1186 = ORIENTED_EDGE ( 'NONE', *, *, #4635, .F. ) ;
#1187 = LINE ( 'NONE', #10313, #11553 ) ;
#1188 = VECTOR ( 'NONE', #1308, 1000.000000000000000 ) ;
#1189 = ORIENTED_EDGE ( 'NONE', *, *, #11255, .T. ) ;
#1190 = CARTESIAN_POINT ( 'NONE',  ( 15.86167683370010373, 27.77546953098697813, 105.2915703243338328 ) ) ;
#1191 = CARTESIAN_POINT ( 'NONE',  ( 4.321783606379105080, 8.500000000000000000, 103.2384425154164944 ) ) ;
#1192 = VERTEX_POINT ( 'NONE', #10504 ) ;
#1193 = CARTESIAN_POINT ( 'NONE',  ( 21.90091163631607074, 2.250000000000000444, 144.4960766834541062 ) ) ;
#1194 = CARTESIAN_POINT ( 'NONE',  ( -1.598175319141483364, 13.99573271869589064, 102.3499933856529651 ) ) ;
#1195 = VECTOR ( 'NONE', #10669, 1000.000000000000000 ) ;
#1196 = EDGE_CURVE ( 'NONE', #4124, #7838, #6006, .T. ) ;
#1197 = CARTESIAN_POINT ( 'NONE',  ( -6.270902174285010844, 9.752879785319068517, 105.4420765605947139 ) ) ;
#1198 = CARTESIAN_POINT ( 'NONE',  ( 17.99999999999998934, 0.000000000000000000, 89.43550806100932959 ) ) ;
#1199 = ORIENTED_EDGE ( 'NONE', *, *, #10310, .T. ) ;
#1200 = ADVANCED_FACE ( 'NONE', ( #421 ), #6894, .T. ) ;
#1201 = VECTOR ( 'NONE', #2687, 1000.000000000000000 ) ;
#1202 = LINE ( 'NONE', #11147, #10207 ) ;
#1203 = ORIENTED_EDGE ( 'NONE', *, *, #921, .F. ) ;
#1204 = EDGE_LOOP ( 'NONE', ( #6515, #2646, #5559, #5921 ) ) ;
#1205 = CARTESIAN_POINT ( 'NONE',  ( -21.90091163631615956, 2.250000000000000444, 135.9960766834541062 ) ) ;
#1206 = CARTESIAN_POINT ( 'NONE',  ( 11.99999999998817479, 2.250000000000000000, 163.0000000000001421 ) ) ;
#1207 = AXIS2_PLACEMENT_3D ( 'NONE', #9270, #1210, #11220 ) ;
#1208 = CARTESIAN_POINT ( 'NONE',  ( -1.250000000000001110, 31.94302117641175442, 85.10000000000002274 ) ) ;
#1209 = DIRECTION ( 'NONE',  ( -0.000000000000000000, -1.000000000000000000, -0.000000000000000000 ) ) ;
#1210 = DIRECTION ( 'NONE',  ( 0.000000000000000000, -1.000000000000000000, 0.000000000000000000 ) ) ;
#1211 = EDGE_LOOP ( 'NONE', ( #8685, #10204, #2215, #1096, #1493 ) ) ;
#1212 = EDGE_LOOP ( 'NONE', ( #241, #8610, #11260, #3949 ) ) ;
#1213 = AXIS2_PLACEMENT_3D ( 'NONE', #11683, #2689, #10862 ) ;
#1214 = CARTESIAN_POINT ( 'NONE',  ( 6.273703992880039770, 18.08853251025366404, 101.0762960071199785 ) ) ;
#1215 = CARTESIAN_POINT ( 'NONE',  ( 4.816308035304255775, 9.575244833468099515, 103.4217891525207449 ) ) ;
#1216 = EDGE_CURVE ( 'NONE', #2223, #906, #9498, .T. ) ;
#1217 = LINE ( 'NONE', #10514, #7935 ) ;
#1218 = DIRECTION ( 'NONE',  ( 0.000000000000000000, -1.000000000000000000, 0.000000000000000000 ) ) ;
#1219 = CARTESIAN_POINT ( 'NONE',  ( 13.68983573714720769, 27.85034443548722649, 107.3855339059327179 ) ) ;
#1220 = DIRECTION ( 'NONE',  ( -0.000000000000000000, -1.000000000000000000, -0.000000000000000000 ) ) ;
#1221 = ORIENTED_EDGE ( 'NONE', *, *, #3299, .T. ) ;
#1222 = CARTESIAN_POINT ( 'NONE',  ( 33.75000000000054001, 2.250000000000000000, 79.62590742770457553 ) ) ;
#1224 = AXIS2_PLACEMENT_3D ( 'NONE', #7123, #10730, #8185 ) ;
#1223 = CARTESIAN_POINT ( 'NONE',  ( 2.996842615340021165, 13.62671724193962852, 103.7519551984359794 ) ) ;
#1225 = B_SPLINE_CURVE_WITH_KNOTS ( 'NONE', 3,
 ( #8579, #499, #8686, #10350 ),
 .UNSPECIFIED., .F., .F.,
 ( 4, 4 ),
 ( 0.000000000000000000, 1.000000000000000000 ),
 .UNSPECIFIED. ) ;
#1226 = EDGE_LOOP ( 'NONE', ( #11344, #8527, #8996, #680 ) ) ;
#1227 = EDGE_CURVE ( 'NONE', #6198, #9724, #4285, .T. ) ;
#1228 = VERTEX_POINT ( 'NONE', #9613 ) ;
#1229 = EDGE_CURVE ( 'NONE', #7153, #10304, #10554, .T. ) ;
#1230 = CYLINDRICAL_SURFACE ( 'NONE', #7998, 0.5000000000000022204 ) ;
#1231 = CARTESIAN_POINT ( 'NONE',  ( 7.968732975592014434, 9.031267024405087440, 103.0329809010292195 ) ) ;
#1232 = EDGE_CURVE ( 'NONE', #5323, #6684, #6948, .T. ) ;
#1233 = CARTESIAN_POINT ( 'NONE',  ( -13.68983573714720769, 27.85034443548722649, 100.3144660940672992 ) ) ;
#1234 = DIRECTION ( 'NONE',  ( -0.4999999999999912847, 0.000000000000000000, -0.8660254037844437036 ) ) ;
#1235 = VERTEX_POINT ( 'NONE', #5005 ) ;
#1236 = CARTESIAN_POINT ( 'NONE',  ( 29.37500000000054357, 0.000000000000000000, 83.90000000000000568 ) ) ;
#1237 = CARTESIAN_POINT ( 'NONE',  ( -4.582056117909488968, 9.249999999999998224, 104.9558058982691762 ) ) ;
#1238 = EDGE_CURVE ( 'NONE', #4849, #5527, #3280, .T. ) ;
#1239 = EDGE_LOOP ( 'NONE', ( #9377, #280, #3133, #8605, #11252, #5749, #4315, #8641 ) ) ;
#1240 = CARTESIAN_POINT ( 'NONE',  ( -1.890879155094766118, 13.21618132876953666, 105.3116808531494115 ) ) ;
#1241 = CARTESIAN_POINT ( 'NONE',  ( -10.00000000000001066, 31.94302117641175442, 93.10000000000002274 ) ) ;
#1242 = ORIENTED_EDGE ( 'NONE', *, *, #3745, .F. ) ;
#1243 = CARTESIAN_POINT ( 'NONE',  ( 7.486092988675982163, 9.901279009746479787, 105.3127384869940499 ) ) ;
#1244 = AXIS2_PLACEMENT_3D ( 'NONE', #1942, #9409, #9231 ) ;
#1245 = EDGE_LOOP ( 'NONE', ( #6318, #6893, #7514, #4224 ) ) ;
#1246 = EDGE_CURVE ( 'NONE', #4054, #11300, #6062, .T. ) ;
#1247 = CARTESIAN_POINT ( 'NONE',  ( -6.799485047630043688, 8.500000000000000000, 105.9693420875747591 ) ) ;
#1248 = VERTEX_POINT ( 'NONE', #8611 ) ;
#1249 = CARTESIAN_POINT ( 'NONE',  ( 7.000000000000022204, 2.250000000000000000, 2.428612866367535849E-15 ) ) ;
#1250 = ORIENTED_EDGE ( 'NONE', *, *, #7533, .F. ) ;
#1251 = CARTESIAN_POINT ( 'NONE',  ( 14.61141134007267084, 26.86891771479302449, 103.8500000000000085 ) ) ;
#1252 = ADVANCED_FACE ( 'NONE', ( #5179 ), #10795, .F. ) ;
#1253 = CARTESIAN_POINT ( 'NONE',  ( 4.925118264955059999, 8.499999999999996447, 102.4200881589088681 ) ) ;
#1254 = ORIENTED_EDGE ( 'NONE', *, *, #4731, .F. ) ;
#1255 = DIRECTION ( 'NONE',  ( 0.000000000000000000, -1.000000000000000000, 0.000000000000000000 ) ) ;
#1256 = LINE ( 'NONE', #1369, #7992 ) ;
#1257 = CARTESIAN_POINT ( 'NONE',  ( -2.491239737712352742, 13.30346383853884440, 104.9800806058473199 ) ) ;
#1258 = EDGE_CURVE ( 'NONE', #2671, #5025, #5119, .T. ) ;
#1259 = CARTESIAN_POINT ( 'NONE',  ( -6.872900622501406431, 9.826394181435384567, 105.4640781249475623 ) ) ;
#1260 = LINE ( 'NONE', #7423, #8612 ) ;
#1261 = ORIENTED_EDGE ( 'NONE', *, *, #3553, .T. ) ;
#1262 = DIRECTION ( 'NONE',  ( 0.7071067811865279218, -0.000000000000000000, 0.7071067811865672237 ) ) ;
#1263 = EDGE_CURVE ( 'NONE', #6598, #5527, #7724, .T. ) ;
#1264 = ORIENTED_EDGE ( 'NONE', *, *, #11076, .T. ) ;
#1265 = EDGE_CURVE ( 'NONE', #9317, #5716, #7893, .T. ) ;
#1266 = EDGE_LOOP ( 'NONE', ( #3533, #5227, #5431, #6030, #3410, #8819, #7824, #8084, #6183, #2972, #11407, #7758 ) ) ;
#1267 = DIRECTION ( 'NONE',  ( 3.469446951953659154E-15, 0.000000000000000000, 1.000000000000000000 ) ) ;
#1268 = LINE ( 'NONE', #5779, #6096 ) ;
#1269 = EDGE_CURVE ( 'NONE', #5379, #6589, #2270, .T. ) ;
#1270 = CARTESIAN_POINT ( 'NONE',  ( -6.937659083412613725, 9.834303873448833500, 102.2434720767899847 ) ) ;
#1271 = DIRECTION ( 'NONE',  ( 0.000000000000000000, 0.000000000000000000, 1.000000000000000000 ) ) ;
#1272 = DIRECTION ( 'NONE',  ( -0.7071067811865433539, 0.7071067811865517916, -1.598181036901646320E-15 ) ) ;
#1273 = ORIENTED_EDGE ( 'NONE', *, *, #864, .T. ) ;
#1274 = EDGE_LOOP ( 'NONE', ( #743, #1174, #4846, #2467 ) ) ;
#1275 = CARTESIAN_POINT ( 'NONE',  ( -16.22516882465090404, 21.45637587167328064, 103.8500000000013159 ) ) ;
#1276 = CARTESIAN_POINT ( 'NONE',  ( 6.259525977335245628, 11.62144174458473600, 134.8676836331216862 ) ) ;
#1277 = DIRECTION ( 'NONE',  ( 0.000000000000000000, 1.000000000000000000, 0.000000000000000000 ) ) ;
#1278 = EDGE_LOOP ( 'NONE', ( #5349, #5552, #3653, #3366 ) ) ;
#1279 = CARTESIAN_POINT ( 'NONE',  ( -23.53921572489440450, 2.250000000000000444, 109.3489238107519981 ) ) ;
#1280 = ORIENTED_EDGE ( 'NONE', *, *, #9082, .F. ) ;
#1281 = EDGE_CURVE ( 'NONE', #4383, #9100, #3390, .T. ) ;
#1282 = DIRECTION ( 'NONE',  ( 0.000000000000000000, -1.000000000000000000, 0.000000000000000000 ) ) ;
#1283 = CARTESIAN_POINT ( 'NONE',  ( 2.987593916047875719, 13.55003926702709016, 104.0432880360564951 ) ) ;
#1284 = VERTEX_POINT ( 'NONE', #1494 ) ;
#1285 = ORIENTED_EDGE ( 'NONE', *, *, #5041, .F. ) ;
#1286 = CARTESIAN_POINT ( 'NONE',  ( 29.37500000000054357, 1.250000000000011990, 123.5000000000000711 ) ) ;
#1287 = CARTESIAN_POINT ( 'NONE',  ( 8.236415626202408191, 8.763584373797321803, 103.3705967213324186 ) ) ;
#1288 = CARTESIAN_POINT ( 'NONE',  ( -4.000000000000000888, 0.000000000000000000, 94.10000000000003695 ) ) ;
#1289 = DIRECTION ( 'NONE',  ( 0.8660254037844437036, 0.000000000000000000, -0.4999999999999912847 ) ) ;
#1290 = ORIENTED_EDGE ( 'NONE', *, *, #9510, .T. ) ;
#1291 = DIRECTION ( 'NONE',  ( 1.000000000000000000, 8.673617379884036705E-17, 0.000000000000000000 ) ) ;
#1292 = CARTESIAN_POINT ( 'NONE',  ( -7.928080595529877428, 9.249999999999998224, 105.6948152574055797 ) ) ;
#1293 = VERTEX_POINT ( 'NONE', #9730 ) ;
#1294 = ADVANCED_FACE ( 'NONE', ( #5060 ), #8728, .F. ) ;
#1295 = CARTESIAN_POINT ( 'NONE',  ( 17.44999999998816875, 2.250000000000000000, 156.6000000000001933 ) ) ;
#1296 = ORIENTED_EDGE ( 'NONE', *, *, #5884, .T. ) ;
#1297 = CARTESIAN_POINT ( 'NONE',  ( 5.011595392956013306, 9.599092498559937070, 104.6764086131606319 ) ) ;
#1298 = ADVANCED_FACE ( 'NONE', ( #3165 ), #4170, .T. ) ;
#1299 = EDGE_CURVE ( 'NONE', #3985, #862, #3684, .T. ) ;
#1300 = ORIENTED_EDGE ( 'NONE', *, *, #10816, .T. ) ;
#1301 = CARTESIAN_POINT ( 'NONE',  ( -5.679407112273806568, 8.711135803360253504, 105.4230269381099845 ) ) ;
#1302 = CARTESIAN_POINT ( 'NONE',  ( 19.74999999999998934, 2.250000000000001776, 110.9111501086125458 ) ) ;
#1303 = ORIENTED_EDGE ( 'NONE', *, *, #47, .F. ) ;
#1304 = LINE ( 'NONE', #8537, #3028 ) ;
#1305 = CARTESIAN_POINT ( 'NONE',  ( 7.586445408315291239, 8.499999999999996447, 102.3409038627450371 ) ) ;
#1306 = VERTEX_POINT ( 'NONE', #6291 ) ;
#1307 = CARTESIAN_POINT ( 'NONE',  ( -69.02500000000551950, 0.000000000000000000, 69.02500000000168257 ) ) ;
#1308 = DIRECTION ( 'NONE',  ( 0.000000000000000000, -1.000000000000000000, 0.000000000000000000 ) ) ;
#1309 = B_SPLINE_CURVE_WITH_KNOTS ( 'NONE', 3,
 ( #7917, #7809, #8583, #1466, #10527, #8691 ),
 .UNSPECIFIED., .F., .F.,
 ( 4, 2, 4 ),
 ( 0.5000000000000000000, 0.5230331337040744488, 0.5460662674081488976 ),
 .UNSPECIFIED. ) ;
#1310 = CARTESIAN_POINT ( 'NONE',  ( -1.696346574878894620, 13.99318598040798989, 102.3596690247235586 ) ) ;
#1311 = VECTOR ( 'NONE', #3489, 1000.000000000000000 ) ;
#1312 = CARTESIAN_POINT ( 'NONE',  ( -6.473589145773764209, 9.777632219181510820, 105.4678547186170476 ) ) ;
#1313 = CARTESIAN_POINT ( 'NONE',  ( 19.74999999999964473, 0.000000000000000000, 141.4242565173703667 ) ) ;
#1314 = ADVANCED_FACE ( 'NONE', ( #9900 ), #3615, .F. ) ;
#1315 = VERTEX_POINT ( 'NONE', #9018 ) ;
#1316 = PLANE ( 'NONE',  #7182 ) ;
#1317 = ADVANCED_FACE ( 'NONE', ( #3621 ), #6179, .F. ) ;
#1318 = VECTOR ( 'NONE', #901, 1000.000000000000114 ) ;
#1319 = VECTOR ( 'NONE', #7656, 1000.000000000000000 ) ;
#1320 = ORIENTED_EDGE ( 'NONE', *, *, #883, .T. ) ;
#1321 = VERTEX_POINT ( 'NONE', #7949 ) ;
#1322 = CARTESIAN_POINT ( 'NONE',  ( 9.999999999999998224, 36.40283343504449221, 8.070313877629478938 ) ) ;
#1323 = DIRECTION ( 'NONE',  ( -0.8660254037844455910, -0.000000000000000000, -0.4999999999999880096 ) ) ;
#1324 = CIRCLE ( 'NONE', #4164, 2.000000000000001776 ) ;
#1325 = PLANE ( 'NONE',  #767 ) ;
#1326 = CARTESIAN_POINT ( 'NONE',  ( -8.164474768765266788, 8.835525231234731436, 103.3438153911572783 ) ) ;
#1327 = DIRECTION ( 'NONE',  ( 1.000000000000000000, 6.608470384673549052E-16, 0.000000000000000000 ) ) ;
#1328 = B_SPLINE_CURVE_WITH_KNOTS ( 'NONE', 3,
 ( #8884, #1711, #5391, #3669, #4553, #10947 ),
 .UNSPECIFIED., .F., .F.,
 ( 4, 2, 4 ),
 ( 0.0002249180803212936738, 0.0005564735763529614875, 0.0008880290723846293553 ),
 .UNSPECIFIED. ) ;
#1329 = ADVANCED_FACE ( 'NONE', ( #4511 ), #765, .F. ) ;
#1330 = EDGE_CURVE ( 'NONE', #4378, #5502, #9679, .T. ) ;
#1331 = VECTOR ( 'NONE', #3551, 1000.000000000000000 ) ;
#1332 = ORIENTED_EDGE ( 'NONE', *, *, #9618, .F. ) ;
#1333 = DIRECTION ( 'NONE',  ( 0.000000000000000000, 0.000000000000000000, -1.000000000000000000 ) ) ;
#1334 = CARTESIAN_POINT ( 'NONE',  ( -12.08750162854155441, 21.45637587167327709, 107.6000000000000085 ) ) ;
#1335 = DIRECTION ( 'NONE',  ( -1.000000000000000000, 0.000000000000000000, 0.000000000000000000 ) ) ;
#1336 = DIRECTION ( 'NONE',  ( -0.000000000000000000, 2.260169297513790404E-15, 1.000000000000000000 ) ) ;
#1337 = ORIENTED_EDGE ( 'NONE', *, *, #2988, .F. ) ;
#1338 = LINE ( 'NONE', #3127, #6331 ) ;
#1339 = ORIENTED_EDGE ( 'NONE', *, *, #713, .F. ) ;
#1340 = PLANE ( 'NONE',  #2724 ) ;
#1341 = CARTESIAN_POINT ( 'NONE',  ( 2.975430917316579826, 13.52951667730835261, 104.1212542246954484 ) ) ;
#1342 = EDGE_CURVE ( 'NONE', #6927, #9100, #768, .T. ) ;
#1343 = VERTEX_POINT ( 'NONE', #11550 ) ;
#1344 = AXIS2_PLACEMENT_3D ( 'NONE', #8525, #2192, #1291 ) ;
#1345 = ORIENTED_EDGE ( 'NONE', *, *, #10310, .F. ) ;
#1346 = DIRECTION ( 'NONE',  ( 0.8660254037844455910, -0.000000000000000000, -0.4999999999999880096 ) ) ;
#1347 = CARTESIAN_POINT ( 'NONE',  ( 29.37500000000053291, 0.000000000000000000, 77.10000000000002274 ) ) ;
#1348 = CARTESIAN_POINT ( 'NONE',  ( 2.999999999999990674, 2.250000000000000444, 94.43550806100924433 ) ) ;
#1349 = VERTEX_POINT ( 'NONE', #7238 ) ;
#1350 = CARTESIAN_POINT ( 'NONE',  ( -26.50000000000052935, 2.250000000000000000, 119.8000000000000398 ) ) ;
#1351 = CARTESIAN_POINT ( 'NONE',  ( 16.12252937251157192, 27.51199114146377767, 107.4366798128818203 ) ) ;
#1352 = VECTOR ( 'NONE', #1179, 1000.000000000000000 ) ;
#1353 = ORIENTED_EDGE ( 'NONE', *, *, #8908, .T. ) ;
#1354 = AXIS2_PLACEMENT_3D ( 'NONE', #6469, #3986, #10966 ) ;
#1355 = VECTOR ( 'NONE', #4038, 1000.000000000000000 ) ;
#1356 = CARTESIAN_POINT ( 'NONE',  ( -2.119811646910868763, 13.24114279892876311, 105.2168539101713094 ) ) ;
#1357 = ORIENTED_EDGE ( 'NONE', *, *, #5687, .F. ) ;
#1358 = CARTESIAN_POINT ( 'NONE',  ( 6.006989913973911577, 9.720650425341062828, 102.3188480519838635 ) ) ;
#1359 = ORIENTED_EDGE ( 'NONE', *, *, #7158, .T. ) ;
#1360 = PRODUCT_DEFINITION_FORMATION_WITH_SPECIFIED_SOURCE ( '任何', '', #9611, .NOT_KNOWN. ) ;
#1361 = VECTOR ( 'NONE', #1059, 1000.000000000000227 ) ;
#1362 = CARTESIAN_POINT ( 'NONE',  ( -4.366182307816492525, 8.546648174293268951, 104.3735998953666666 ) ) ;
#1363 = DIRECTION ( 'NONE',  ( 0.5735764363510335029, 0.000000000000000000, -0.8191520442890006803 ) ) ;
#1364 = VERTEX_POINT ( 'NONE', #8121 ) ;
#1365 = LINE ( 'NONE', #5101, #7363 ) ;
#1366 = CARTESIAN_POINT ( 'NONE',  ( 6.583136539102239837, 8.499999999999996447, 105.7357432803062238 ) ) ;
#1367 = ORIENTED_EDGE ( 'NONE', *, *, #11076, .F. ) ;
#1368 = CARTESIAN_POINT ( 'NONE',  ( -33.75000000000054001, 2.250000000000000000, 122.3259074277046068 ) ) ;
#1369 = CARTESIAN_POINT ( 'NONE',  ( -15.25000000000001599, 16.18567293696069243, 107.6000000000000085 ) ) ;
#1370 = CARTESIAN_POINT ( 'NONE',  ( -1.696346574878888624, 13.20864184255863094, 105.3403309752764727 ) ) ;
#1371 = VECTOR ( 'NONE', #1323, 1000.000000000000114 ) ;
#1372 = CARTESIAN_POINT ( 'NONE',  ( -6.665966335885808114, 9.801122602592807098, 105.4749731007954239 ) ) ;
#1373 = LINE ( 'NONE', #10492, #9534 ) ;
#1374 = ORIENTED_EDGE ( 'NONE', *, *, #1840, .T. ) ;
#1375 = CARTESIAN_POINT ( 'NONE',  ( -17.44999999998816875, 2.250000000000000000, 154.5000000000001705 ) ) ;
#1376 = VECTOR ( 'NONE', #1024, 1000.000000000000114 ) ;
#1377 = VECTOR ( 'NONE', #3889, 1000.000000000000000 ) ;
#1378 = EDGE_CURVE ( 'NONE', #4869, #110, #9073, .T. ) ;
#1379 = VERTEX_POINT ( 'NONE', #4397 ) ;
#1380 = CARTESIAN_POINT ( 'NONE',  ( 9.499999999999989342, 0.000000000000000000, 0.000000000000000000 ) ) ;
#1381 = VECTOR ( 'NONE', #1346, 1000.000000000000114 ) ;
#1382 = ORIENTED_EDGE ( 'NONE', *, *, #5241, .F. ) ;
#1383 = CARTESIAN_POINT ( 'NONE',  ( -12.74999999999995204, 11.62144174458473778, 134.8676836331216862 ) ) ;
#1384 = VECTOR ( 'NONE', #2173, 1000.000000000000114 ) ;
#1385 = DIRECTION ( 'NONE',  ( 0.4226182617407006070, 0.9063077870366493816, 0.000000000000000000 ) ) ;
#1386 = EDGE_CURVE ( 'NONE', #10246, #6315, #8009, .T. ) ;
#1387 = AXIS2_PLACEMENT_3D ( 'NONE', #487, #3349, #7013 ) ;
#1388 = CARTESIAN_POINT ( 'NONE',  ( -6.899717522928408009, 9.829670510261726335, 102.2386951362059051 ) ) ;
#1389 = CYLINDRICAL_SURFACE ( 'NONE', #6149, 1.549999999999995826 ) ;
#1390 = FACE_OUTER_BOUND ( 'NONE', #8644, .T. ) ;
#1391 = ADVANCED_FACE ( 'NONE', ( #6355 ), #10727, .T. ) ;
#1392 = ORIENTED_EDGE ( 'NONE', *, *, #9406, .F. ) ;
#1393 = DIRECTION ( 'NONE',  ( -0.000000000000000000, 0.9762960071199324741, 0.2164396139381068174 ) ) ;
#1394 = VECTOR ( 'NONE', #9603, 1000.000000000000000 ) ;
#1395 = FACE_OUTER_BOUND ( 'NONE', #895, .T. ) ;
#1396 = CARTESIAN_POINT ( 'NONE',  ( -8.124329519732864213, 8.875670480267118023, 104.3457565630938007 ) ) ;
#1397 = ORIENTED_EDGE ( 'NONE', *, *, #1558, .T. ) ;
#1398 = CARTESIAN_POINT ( 'NONE',  ( 19.74999999999982236, 0.000000000000000000, 124.4242565173703525 ) ) ;
#1399 = EDGE_CURVE ( 'NONE', #4349, #889, #2151, .T. ) ;
#1400 = ORIENTED_EDGE ( 'NONE', *, *, #369, .T. ) ;
#1401 = DIRECTION ( 'NONE',  ( 0.000000000000000000, 0.000000000000000000, 1.000000000000000000 ) ) ;
#1402 = CARTESIAN_POINT ( 'NONE',  ( 1.890879155229153064, 13.98564649418942984, 102.3883191469062552 ) ) ;
#1403 = ORIENTED_EDGE ( 'NONE', *, *, #8502, .F. ) ;
#1404 = CIRCLE ( 'NONE', #632, 2.000000000000001776 ) ;
#1405 = EDGE_LOOP ( 'NONE', ( #6972, #10806, #10179, #5632 ) ) ;
#1406 = LINE ( 'NONE', #1286, #10277 ) ;
#1407 = LINE ( 'NONE', #10351, #11075 ) ;
#1408 = DIRECTION ( 'NONE',  ( 0.000000000000000000, -1.000000000000000000, 0.000000000000000000 ) ) ;
#1409 = VERTEX_POINT ( 'NONE', #9837 ) ;
#1410 = CARTESIAN_POINT ( 'NONE',  ( 15.86167683370010373, 27.77546953098697813, 102.4084296756661558 ) ) ;
#1411 = CARTESIAN_POINT ( 'NONE',  ( 0.000000000000000000, 36.40283343504449221, 8.070313877629478938 ) ) ;
#1412 = EDGE_CURVE ( 'NONE', #6068, #93, #5460, .T. ) ;
#1413 = EDGE_LOOP ( 'NONE', ( #3274, #2538, #10365, #1121 ) ) ;
#1414 = VECTOR ( 'NONE', #6899, 1000.000000000000000 ) ;
#1415 = CARTESIAN_POINT ( 'NONE',  ( -2.844029809838230616, 13.42513905277952446, 104.5178274040897008 ) ) ;
#1416 = ORIENTED_EDGE ( 'NONE', *, *, #1523, .T. ) ;
#1417 = CARTESIAN_POINT ( 'NONE',  ( 5.253303302407847042, 9.628609952935226701, 104.9543002429492020 ) ) ;
#1418 = ORIENTED_EDGE ( 'NONE', *, *, #4817, .F. ) ;
#1419 = VECTOR ( 'NONE', #3175, 1000.000000000000000 ) ;
#1420 = AXIS2_PLACEMENT_3D ( 'NONE', #2210, #8245, #8775 ) ;
#1421 = CARTESIAN_POINT ( 'NONE',  ( -7.127430812560486828, 8.892507632832652220, 105.2602266787836385 ) ) ;
#1422 = DIRECTION ( 'NONE',  ( 0.000000000000000000, 0.000000000000000000, -1.000000000000000000 ) ) ;
#1423 = ORIENTED_EDGE ( 'NONE', *, *, #5462, .F. ) ;
#1424 = CARTESIAN_POINT ( 'NONE',  ( 8.750000000000000000, 6.250000000000002665, 138.8414722278378406 ) ) ;
#1425 = CARTESIAN_POINT ( 'NONE',  ( -14.50221515314512644, 28.40939692359802748, 163.0000000000001421 ) ) ;
#1426 = EDGE_LOOP ( 'NONE', ( #6733, #5579 ) ) ;
#1427 = CARTESIAN_POINT ( 'NONE',  ( 1.499999999999999556, 13.48034298036375667, 105.6917036024919696 ) ) ;
#1428 = VECTOR ( 'NONE', #2127, 999.9999999999998863 ) ;
#1429 = LINE ( 'NONE', #6483, #1188 ) ;
#1430 = CARTESIAN_POINT ( 'NONE',  ( -3.223945270323405943, 13.97752937133957651, 103.4490407208123344 ) ) ;
#1431 = CARTESIAN_POINT ( 'NONE',  ( 13.63296657178917748, 27.72838811681332771, 100.3144660940672708 ) ) ;
#1432 = FACE_OUTER_BOUND ( 'NONE', #9462, .T. ) ;
#1433 = EDGE_LOOP ( 'NONE', ( #3355, #3761, #6190, #11000 ) ) ;
#1434 = CARTESIAN_POINT ( 'NONE',  ( 7.140878715601453486, 9.859120950853577980, 105.4203057533346595 ) ) ;
#1435 = VECTOR ( 'NONE', #731, 1000.000000000000000 ) ;
#1436 = B_SPLINE_CURVE_WITH_KNOTS ( 'NONE', 3,
 ( #2491, #3378, #693, #6883, #2428, #10490, #7109, #4327, #7937, #8773, #8831, #5107, #10662, #7830, #3440, #7051, #520, #10717, #3325, #6169, #2603, #6050, #5051, #579, #2378, #7770, #2552, #1657, #6107, #8657, #5275, #8889, #4154, #4276, #11373, #1540, #5996, #1485, #8710, #4220, #11432, #6937, #10545, #11484, #105, #9825, #6346, #1837, #4683, #9184, #8230, #6220, #4559, #11659, #10002, #7289, #3549, #10952, #5335, #4447, #11013, #5451, #1893, #5510, #9061, #881, #8949, #1715, #10066, #819, #9889, #6458, #8290, #8057 ),
 .UNSPECIFIED., .F., .F.,
 ( 4, 2, 1, 1, 2, 2, 2, 1, 1, 1, 1, 2, 2, 2, 2, 2, 2, 1, 2, 2, 2, 1, 2, 2, 2, 2, 2, 1, 2, 2, 2, 1, 2, 2, 2, 2, 2, 2, 2, 2, 2, 4 ),
 ( 0.000000000000000000, 0.01562500000004128295, 0.02343750000006192269, 0.02734375000007267104, 0.02929687500007783704, 0.03125000000008299611, 0.04687500000013177653, 0.05468750000015625695, 0.05859375000016850410, 0.06054687500017474217, 0.06152343750017778140, 0.06201171875017910673, 0.06250000000018043900, 0.07031250000017705282, 0.07421875000017522095, 0.07812500000017338908, 0.08593750000016971147, 0.08984375000016792123, 0.09179687500016739388, 0.09375000000016685264, 0.1093750000001639383, 0.1171875000001622591, 0.1210937500001614125, 0.1250000000001605660, 0.1406250000001580402, 0.1484375000001567357, 0.1562500000001554312, 0.1718750000001543210, 0.1796875000001545986, 0.1875000000001548484, 0.2187500000001501577, 0.2343750000001478540, 0.2421875000001450229, 0.2500000000001422196, 0.2812500000001283418, 0.2968750000001212364, 0.3125000000001141309, 0.3437500000000955902, 0.3593750000000838218, 0.3750000000000719980, 0.4375000000000360267, 0.5000000000000000000 ),
 .UNSPECIFIED. ) ;
#1437 = EDGE_LOOP ( 'NONE', ( #7556, #6879, #1502, #6637 ) ) ;
#1438 = DIRECTION ( 'NONE',  ( 0.000000000000000000, 0.000000000000000000, -1.000000000000000000 ) ) ;
#1439 = CYLINDRICAL_SURFACE ( 'NONE', #7972, 2.000000000000001776 ) ;
#1440 = ORIENTED_EDGE ( 'NONE', *, *, #7149, .F. ) ;
#1441 = DIRECTION ( 'NONE',  ( -1.000000000000000000, 0.000000000000000000, 0.000000000000000000 ) ) ;
#1442 = CARTESIAN_POINT ( 'NONE',  ( -12.74999999999995559, 13.96768987689089769, 109.2687067062699384 ) ) ;
#1443 = EDGE_CURVE ( 'NONE', #3337, #10895, #10905, .T. ) ;
#1444 = CARTESIAN_POINT ( 'NONE',  ( -6.994871044673308447, 9.841288320643682752, 102.2515357483469529 ) ) ;
#1445 = CARTESIAN_POINT ( 'NONE',  ( -1.500000000000000000, 13.48034298036375489, 105.6917036024919696 ) ) ;
#1446 = CARTESIAN_POINT ( 'NONE',  ( -26.00112609145443088, 2.250000000000000000, 130.3000000000000398 ) ) ;
#1447 = EDGE_CURVE ( 'NONE', #4185, #8608, #5149, .T. ) ;
#1448 = ORIENTED_EDGE ( 'NONE', *, *, #1077, .F. ) ;
#1449 = CARTESIAN_POINT ( 'NONE',  ( 6.259586128860659571, 9.751498111329386376, 102.2599246861495175 ) ) ;
#1450 = DIRECTION ( 'NONE',  ( 0.000000000000000000, 0.000000000000000000, 1.000000000000000000 ) ) ;
#1451 = CARTESIAN_POINT ( 'NONE',  ( 4.999999999999989342, 2.250000000000000444, 89.43550806100923012 ) ) ;
#1452 = CARTESIAN_POINT ( 'NONE',  ( -1.249999999999999778, 9.966439613938112174, 125.0070671349781719 ) ) ;
#1453 = DIRECTION ( 'NONE',  ( -1.000000000000000000, -2.591779716510695660E-17, 1.169076280688340587E-16 ) ) ;
#1454 = FACE_BOUND ( 'NONE', #3271, .T. ) ;
#1455 = ORIENTED_EDGE ( 'NONE', *, *, #2499, .T. ) ;
#1456 = CARTESIAN_POINT ( 'NONE',  ( -6.489345210049053847, 8.499999999999996447, 106.0252528034335455 ) ) ;
#1457 = DIRECTION ( 'NONE',  ( 0.000000000000000000, 1.000000000000000000, 0.000000000000000000 ) ) ;
#1458 = EDGE_CURVE ( 'NONE', #7127, #3203, #830, .T. ) ;
#1459 = ORIENTED_EDGE ( 'NONE', *, *, #3995, .F. ) ;
#1460 = EDGE_CURVE ( 'NONE', #10895, #2623, #4338, .T. ) ;
#1461 = ORIENTED_EDGE ( 'NONE', *, *, #9082, .T. ) ;
#1462 = CARTESIAN_POINT ( 'NONE',  ( 16.15036770283123602, 27.32231563746960035, 107.4017489647370098 ) ) ;
#1463 = CARTESIAN_POINT ( 'NONE',  ( -0.1768766589186837879, -7.802420220472374268, 102.8116720171349954 ) ) ;
#1464 = CARTESIAN_POINT ( 'NONE',  ( -2.442646126510160443, -6.745874566120680704, 104.8883279828647090 ) ) ;
#1465 = VERTEX_POINT ( 'NONE', #4459 ) ;
#1466 = CARTESIAN_POINT ( 'NONE',  ( -8.044217033593563215, 9.007339281613438331, 103.5381601000292733 ) ) ;
#1467 = DIRECTION ( 'NONE',  ( 0.000000000000000000, -1.000000000000000000, 0.000000000000000000 ) ) ;
#1468 = EDGE_LOOP ( 'NONE', ( #3535, #5420, #7299, #10939, #8139 ) ) ;
#1469 = CARTESIAN_POINT ( 'NONE',  ( -10.00000000000000888, 2.249999999999998668, 96.10000000000006537 ) ) ;
#1470 = EDGE_CURVE ( 'NONE', #2373, #1830, #3559, .T. ) ;
#1471 = ORIENTED_EDGE ( 'NONE', *, *, #9641, .T. ) ;
#1472 = CARTESIAN_POINT ( 'NONE',  ( 8.503038681384120778, 9.249999999999996447, 102.4620946686817859 ) ) ;
#1473 = EDGE_CURVE ( 'NONE', #3634, #5207, #2672, .T. ) ;
#1474 = EDGE_LOOP ( 'NONE', ( #612, #8834, #4310, #1482 ) ) ;
#1475 = CARTESIAN_POINT ( 'NONE',  ( -6.297766783074483676, 8.788588282033687804, 105.4750000000000227 ) ) ;
#1476 = EDGE_CURVE ( 'NONE', #8359, #8807, #2919, .T. ) ;
#1477 = DIRECTION ( 'NONE',  ( 0.5735764363510335029, 0.000000000000000000, -0.8191520442890006803 ) ) ;
#1478 = FACE_OUTER_BOUND ( 'NONE', #2667, .T. ) ;
#1479 = VERTEX_POINT ( 'NONE', #7537 ) ;
#1480 = LINE ( 'NONE', #515, #925 ) ;
#1481 = CARTESIAN_POINT ( 'NONE',  ( 4.731279135865203322, 8.499999999999996447, 105.1042339289646748 ) ) ;
#1482 = ORIENTED_EDGE ( 'NONE', *, *, #1871, .F. ) ;
#1483 = CARTESIAN_POINT ( 'NONE',  ( 1.500000000000001332, 14.26997711284614567, 102.1298942063219357 ) ) ;
#1484 = DIRECTION ( 'NONE',  ( -1.000000000000000000, 0.000000000000000000, 0.000000000000000000 ) ) ;
#1485 = CARTESIAN_POINT ( 'NONE',  ( 6.294133196456760615, 9.755717075608393074, 105.4460086960500576 ) ) ;
#1486 = CARTESIAN_POINT ( 'NONE',  ( -19.74999999999973355, 7.249999999999999112, 132.9242565173703383 ) ) ;
#1487 = DIRECTION ( 'NONE',  ( 0.000000000000000000, -0.9762960071199323631, -0.2164396139381074835 ) ) ;
#1488 = ORIENTED_EDGE ( 'NONE', *, *, #2121, .F. ) ;
#1489 = DIRECTION ( 'NONE',  ( 0.5735764363510440500, -0.000000000000000000, 0.8191520442889932418 ) ) ;
#1490 = ORIENTED_EDGE ( 'NONE', *, *, #462, .T. ) ;
#1491 = CARTESIAN_POINT ( 'NONE',  ( 7.886745438911213490, 8.500000000000000000, 105.1042339289646179 ) ) ;
#1492 = DIRECTION ( 'NONE',  ( 0.000000000000000000, -0.2164396139381068174, 0.9762960071199324741 ) ) ;
#1493 = ORIENTED_EDGE ( 'NONE', *, *, #10971, .F. ) ;
#1494 = CARTESIAN_POINT ( 'NONE',  ( 19.99999999999998934, 2.250000000000000444, 89.43550806100932959 ) ) ;
#1495 = DIRECTION ( 'NONE',  ( 0.4226182617407014952, -0.9063077870366490485, 0.000000000000000000 ) ) ;
#1496 = CARTESIAN_POINT ( 'NONE',  ( -6.310157092671642154, 9.757674853021477190, 102.2514292569024548 ) ) ;
#1497 = CARTESIAN_POINT ( 'NONE',  ( -3.234071572729936506, 13.77151969206021143, 104.3782903329744585 ) ) ;
#1498 = CARTESIAN_POINT ( 'NONE',  ( 9.999999999999998224, 9.966439613938101516, 127.3171802926508178 ) ) ;
#1499 = VECTOR ( 'NONE', #10916, 1000.000000000000000 ) ;
#1500 = CIRCLE ( 'NONE', #4528, 1.549999999999995826 ) ;
#1501 =( BOUNDED_CURVE ( )  B_SPLINE_CURVE ( 3, ( #306, #6778, #5061, #2162 ),
 .UNSPECIFIED., .F., .F. ) 
 B_SPLINE_CURVE_WITH_KNOTS ( ( 4, 4 ),
 ( 1.570796326794896558, 3.141592653589793116 ),
 .UNSPECIFIED. ) 
 CURVE ( )  GEOMETRIC_REPRESENTATION_ITEM ( )  RATIONAL_B_SPLINE_CURVE ( ( 1.000000000000000000, 0.8047378541243649375, 0.8047378541243649375, 1.000000000000000000 ) ) 
 REPRESENTATION_ITEM ( '' )  );
#1502 = ORIENTED_EDGE ( 'NONE', *, *, #3365, .F. ) ;
#1503 = VECTOR ( 'NONE', #4225, 1000.000000000000000 ) ;
#1504 = CARTESIAN_POINT ( 'NONE',  ( 6.872900622334086940, 9.826394181416297613, 102.2359218750351744 ) ) ;
#1505 = EDGE_CURVE ( 'NONE', #2431, #10475, #7419, .T. ) ;
#1506 = FACE_OUTER_BOUND ( 'NONE', #4667, .T. ) ;
#1507 = LINE ( 'NONE', #3404, #9336 ) ;
#1508 = FACE_BOUND ( 'NONE', #601, .T. ) ;
#1509 = CARTESIAN_POINT ( 'NONE',  ( -3.757438380699744229, 8.499999999999998224, 103.8500000000000085 ) ) ;
#1510 = EDGE_CURVE ( 'NONE', #2134, #10998, #6590, .T. ) ;
#1511 = CARTESIAN_POINT ( 'NONE',  ( 2.162668761927323935, 13.95534711472392964, 102.5034192622227778 ) ) ;
#1512 = ORIENTED_EDGE ( 'NONE', *, *, #9834, .T. ) ;
#1513 = AXIS2_PLACEMENT_3D ( 'NONE', #7347, #6581, #5574 ) ;
#1514 = ORIENTED_EDGE ( 'NONE', *, *, #9421, .F. ) ;
#1515 = DIRECTION ( 'NONE',  ( -0.7071067811865433539, 0.7071067811865517916, -1.598181036901646320E-15 ) ) ;
#1516 = CARTESIAN_POINT ( 'NONE',  ( 29.37500000000053291, 2.250000000000000000, 87.59999999999999432 ) ) ;
#1517 = CARTESIAN_POINT ( 'NONE',  ( -4.359901126968455110, 9.250000000000000000, 104.5920634506718301 ) ) ;
#1518 = EDGE_CURVE ( 'NONE', #5115, #10153, #4876, .T. ) ;
#1519 = LINE ( 'NONE', #5918, #2110 ) ;
#1520 = CARTESIAN_POINT ( 'NONE',  ( -16.25000000000000000, 5.250000000000000888, 138.8414722278378690 ) ) ;
#1521 = VERTEX_POINT ( 'NONE', #10195 ) ;
#1522 = DIRECTION ( 'NONE',  ( -0.4226182617407007736, -0.9063077870366492705, -0.000000000000000000 ) ) ;
#1523 = EDGE_CURVE ( 'NONE', #370, #8895, #6531, .T. ) ;
#1524 = VERTEX_POINT ( 'NONE', #7357 ) ;
#1525 = CARTESIAN_POINT ( 'NONE',  ( 4.333943023724265764, 9.249999999999996447, 104.4232681140169348 ) ) ;
#1526 = VECTOR ( 'NONE', #2775, 1000.000000000000227 ) ;
#1527 = ORIENTED_EDGE ( 'NONE', *, *, #4095, .F. ) ;
#1528 = EDGE_CURVE ( 'NONE', #7575, #1738, #9318, .T. ) ;
#1529 = FACE_OUTER_BOUND ( 'NONE', #4892, .T. ) ;
#1530 = PLANE ( 'NONE',  #141 ) ;
#1531 = CARTESIAN_POINT ( 'NONE',  ( -6.015028000230921990, 8.500000000000000000, 101.6606345105206941 ) ) ;
#1532 = ORIENTED_EDGE ( 'NONE', *, *, #7608, .T. ) ;
#1533 = FACE_OUTER_BOUND ( 'NONE', #6034, .T. ) ;
#1534 = VECTOR ( 'NONE', #4256, 1000.000000000000114 ) ;
#1535 = LINE ( 'NONE', #1425, #11366 ) ;
#1536 = VECTOR ( 'NONE', #10440, 1000.000000000000000 ) ;
#1537 = ORIENTED_EDGE ( 'NONE', *, *, #2910, .F. ) ;
#1538 = FACE_OUTER_BOUND ( 'NONE', #1118, .T. ) ;
#1539 = PLANE ( 'NONE',  #10647 ) ;
#1540 = CARTESIAN_POINT ( 'NONE',  ( 6.334671629428227035, 9.760670382800343603, 105.4523535550842581 ) ) ;
#1541 = LINE ( 'NONE', #8711, #4016 ) ;
#1542 = CARTESIAN_POINT ( 'NONE',  ( -29.37500000000054357, 0.000000000000000000, 80.80000000000001137 ) ) ;
#1543 = EDGE_LOOP ( 'NONE', ( #5307, #10817, #7333, #10585, #5382, #8563, #9965, #1008, #3050, #11047, #812, #7922, #39, #7813, #9870, #91, #11703, #4430, #11229, #9935, #2793, #8364, #3555, #6151, #6337, #11151, #8786, #9170, #8695, #8404, #7223, #2307, #8005, #9995, #8262, #28, #9022, #9394, #1835, #8131, #3960, #1416 ) ) ;
#1544 = EDGE_CURVE ( 'NONE', #9864, #5827, #7386, .T. ) ;
#1545 = LINE ( 'NONE', #5055, #4173 ) ;
#1546 = VECTOR ( 'NONE', #11027, 1000.000000000000000 ) ;
#1547 = VERTEX_POINT ( 'NONE', #8483 ) ;
#1548 = CARTESIAN_POINT ( 'NONE',  ( 5.259509869115723824, 8.500000000000000000, 105.4971253870907901 ) ) ;
#1549 = CARTESIAN_POINT ( 'NONE',  ( 1.249999999999987566, -1.249999999999990674, 163.0000000000001421 ) ) ;
#1550 = CARTESIAN_POINT ( 'NONE',  ( -29.37500000000053291, 0.000000000000000000, 77.10000000000002274 ) ) ;
#1551 = ORIENTED_EDGE ( 'NONE', *, *, #11255, .F. ) ;
#1552 = VECTOR ( 'NONE', #7345, 1000.000000000000000 ) ;
#1553 = DIRECTION ( 'NONE',  ( 0.000000000000000000, 0.000000000000000000, -1.000000000000000000 ) ) ;
#1554 = CARTESIAN_POINT ( 'NONE',  ( 21.90091163631628390, 0.000000000000000000, 127.4960766834540777 ) ) ;
#1555 = ADVANCED_FACE ( 'NONE', ( #10142 ), #346, .F. ) ;
#1556 = FACE_OUTER_BOUND ( 'NONE', #9989, .T. ) ;
#1557 = CARTESIAN_POINT ( 'NONE',  ( -2.395607408942418193, 13.53003906924059052, 105.4675390317964485 ) ) ;
#1558 = EDGE_CURVE ( 'NONE', #8532, #3328, #10318, .T. ) ;
#1559 = LINE ( 'NONE', #1446, #6429 ) ;
#1560 = CIRCLE ( 'NONE', #7052, 2.000000000000001776 ) ;
#1561 = EDGE_LOOP ( 'NONE', ( #3458, #4540, #4700, #9276 ) ) ;
#1562 = CIRCLE ( 'NONE', #9330, 1.625000000000000444 ) ;
#1563 = CARTESIAN_POINT ( 'NONE',  ( 6.133606430144163291, 9.736115317622358489, 102.2862046867739423 ) ) ;
#1564 = CIRCLE ( 'NONE', #5138, 2.000000000000001776 ) ;
#1565 = CARTESIAN_POINT ( 'NONE',  ( 15.18194599342261242, 28.09243322729249215, 103.8500000000000085 ) ) ;
#1566 = CARTESIAN_POINT ( 'NONE',  ( 11.49999999999998934, 2.250000000000000444, 94.43550806100928696 ) ) ;
#1567 = CARTESIAN_POINT ( 'NONE',  ( 18.11169591142175861, 7.249999999999999112, 134.0714093900724038 ) ) ;
#1568 = DIRECTION ( 'NONE',  ( 0.000000000000000000, 1.000000000000000000, 0.000000000000000000 ) ) ;
#1569 = AXIS2_PLACEMENT_3D ( 'NONE', #11689, #7970, #10747 ) ;
#1570 = CARTESIAN_POINT ( 'NONE',  ( 6.249999999999997335, 15.08215782319601317, 114.6371758732249759 ) ) ;
#1571 = LINE ( 'NONE', #6020, #10439 ) ;
#1572 =( BOUNDED_CURVE ( )  B_SPLINE_CURVE ( 3, ( #11540, #3439, #11658, #3548 ),
 .UNSPECIFIED., .F., .F. ) 
 B_SPLINE_CURVE_WITH_KNOTS ( ( 4, 4 ),
 ( 1.570796326794767994, 3.752457891787800648 ),
 .UNSPECIFIED. ) 
 CURVE ( )  GEOMETRIC_REPRESENTATION_ITEM ( )  RATIONAL_B_SPLINE_CURVE ( ( 1.000000000000000000, 0.6411657421566534509, 0.6411657421566534509, 1.000000000000000000 ) ) 
 REPRESENTATION_ITEM ( '' )  );
#1573 = VERTEX_POINT ( 'NONE', #11087 ) ;
#1574 = VERTEX_POINT ( 'NONE', #2029 ) ;
#1575 = DIRECTION ( 'NONE',  ( -0.5000000000000017764, -0.4999999999999973910, -0.7071067811865482389 ) ) ;
#1576 = LINE ( 'NONE', #9579, #5402 ) ;
#1577 = LINE ( 'NONE', #675, #2539 ) ;
#1578 = FACE_OUTER_BOUND ( 'NONE', #3375, .T. ) ;
#1579 = DIRECTION ( 'NONE',  ( 0.000000000000000000, 0.000000000000000000, -1.000000000000000000 ) ) ;
#1580 = ORIENTED_EDGE ( 'NONE', *, *, #5497, .F. ) ;
#1581 = CARTESIAN_POINT ( 'NONE',  ( -16.10352159634808089, 27.11100650659829725, 104.8883279828650359 ) ) ;
#1582 = VERTEX_POINT ( 'NONE', #4754 ) ;
#1584 = AXIS2_PLACEMENT_3D ( 'NONE', #4158, #6822, #8604 ) ;
#1583 = CARTESIAN_POINT ( 'NONE',  ( 7.704594778151387935, 9.249999999999996447, 105.8072700729321696 ) ) ;
#1585 = ADVANCED_FACE ( 'NONE', ( #9253 ), #114, .F. ) ;
#1586 = EDGE_LOOP ( 'NONE', ( #712, #5422, #5554, #8870 ) ) ;
#1587 = EDGE_CURVE ( 'NONE', #6216, #4165, #3873, .T. ) ;
#1588 = AXIS2_PLACEMENT_3D ( 'NONE', #6858, #733, #7808 ) ;
#1589 = DIRECTION ( 'NONE',  ( 0.000000000000000000, -1.000000000000000000, 0.000000000000000000 ) ) ;
#1590 = EDGE_CURVE ( 'NONE', #2623, #4329, #10079, .T. ) ;
#1591 = LINE ( 'NONE', #10419, #5974 ) ;
#1592 = CARTESIAN_POINT ( 'NONE',  ( -42.85243938297033139, 7.249999999999999112, 30.00560108663095704 ) ) ;
#1593 = VERTEX_POINT ( 'NONE', #1068 ) ;
#1594 = CARTESIAN_POINT ( 'NONE',  ( 3.000000000000001332, 13.57507305044131485, 103.9481753193498719 ) ) ;
#1595 = LINE ( 'NONE', #10658, #190 ) ;
#1596 = ORIENTED_EDGE ( 'NONE', *, *, #1, .F. ) ;
#1597 = CARTESIAN_POINT ( 'NONE',  ( -17.99999999999998934, 2.250000000000000444, 94.43550806100934381 ) ) ;
#1598 = CARTESIAN_POINT ( 'NONE',  ( -7.750000000000001776, 9.249999999999998224, 105.7831987774969207 ) ) ;
#1599 = CARTESIAN_POINT ( 'NONE',  ( -2.916010543797136645, 13.63432554639880934, 104.9971331324619825 ) ) ;
#1600 = CARTESIAN_POINT ( 'NONE',  ( -33.75000000000054001, 2.250000000000000000, 122.3259074277046068 ) ) ;
#1601 = CARTESIAN_POINT ( 'NONE',  ( 7.935701864246443193, 9.165977587355449430, 103.0795928131537664 ) ) ;
#1602 = ORIENTED_EDGE ( 'NONE', *, *, #6548, .F. ) ;
#1603 = CARTESIAN_POINT ( 'NONE',  ( 16.25000000000000000, 19.30497212419179931, 100.1000000000000227 ) ) ;
#1604 = AXIS2_PLACEMENT_3D ( 'NONE', #10323, #10198, #2033 ) ;
#1605 = EDGE_CURVE ( 'NONE', #8489, #5024, #9132, .T. ) ;
#1606 = EDGE_CURVE ( 'NONE', #10711, #8536, #7481, .T. ) ;
#1607 = CARTESIAN_POINT ( 'NONE',  ( -7.260918272891419889, 9.739081727108573006, 105.5101064889656186 ) ) ;
#1608 = VERTEX_POINT ( 'NONE', #5706 ) ;
#1609 = CARTESIAN_POINT ( 'NONE',  ( 5.380970235501543186, 8.500000000000000000, 102.1440353727066963 ) ) ;
#1610 = VECTOR ( 'NONE', #11411, 1000.000000000000000 ) ;
#1611 = CARTESIAN_POINT ( 'NONE',  ( 21.38830408857791809, 0.000000000000000000, 114.7771036446683013 ) ) ;
#1612 = CARTESIAN_POINT ( 'NONE',  ( -21.38830408857782572, 7.249999999999999112, 123.2771036446682729 ) ) ;
#1613 = ORIENTED_EDGE ( 'NONE', *, *, #6123, .T. ) ;
#1614 = DIRECTION ( 'NONE',  ( 0.000000000000000000, 0.000000000000000000, 1.000000000000000000 ) ) ;
#1615 = PLANE ( 'NONE',  #11394 ) ;
#1616 = CARTESIAN_POINT ( 'NONE',  ( -5.032307686778211497, 9.601630147988830188, 102.9981034648476168 ) ) ;
#1617 = DIRECTION ( 'NONE',  ( 0.8191520442889875797, 0.000000000000000000, -0.5735764363510521546 ) ) ;
#1618 = EDGE_CURVE ( 'NONE', #271, #7024, #3074, .T. ) ;
#1619 = CARTESIAN_POINT ( 'NONE',  ( -26.00112609145443088, 0.000000000000000000, 130.3000000000000398 ) ) ;
#1620 = VECTOR ( 'NONE', #11640, 1000.000000000000000 ) ;
#1621 = ADVANCED_FACE ( 'NONE', ( #1538 ), #10487, .F. ) ;
#1622 = ORIENTED_EDGE ( 'NONE', *, *, #3794, .F. ) ;
#1623 = EDGE_CURVE ( 'NONE', #8154, #3633, #10434, .T. ) ;
#1624 = DIRECTION ( 'NONE',  ( -1.000000000000000000, 0.000000000000000000, -0.000000000000000000 ) ) ;
#1625 = DIRECTION ( 'NONE',  ( -0.000000000000000000, -1.000000000000000000, -0.000000000000000000 ) ) ;
#1626 = DIRECTION ( 'NONE',  ( 0.000000000000000000, 0.000000000000000000, -1.000000000000000000 ) ) ;
#1627 = PLANE ( 'NONE',  #7964 ) ;
#1628 = CARTESIAN_POINT ( 'NONE',  ( 6.570612033729092971, 21.45637587167328064, 121.1993297625707697 ) ) ;
#1629 = CARTESIAN_POINT ( 'NONE',  ( -8.093874960433378618, 8.499999999999996447, 105.1854912655031740 ) ) ;
#1630 = CARTESIAN_POINT ( 'NONE',  ( 17.44999999998816875, 2.250000000000000000, 156.6000000000001933 ) ) ;
#1631 = EDGE_LOOP ( 'NONE', ( #4484, #9264, #9191, #1337, #8861, #58 ) ) ;
#1632 = VERTEX_POINT ( 'NONE', #3376 ) ;
#1633 = VERTEX_POINT ( 'NONE', #4993 ) ;
#1634 = CARTESIAN_POINT ( 'NONE',  ( -18.11169591142175861, 3.888304088578240059, 134.0714093900724038 ) ) ;
#1635 = CARTESIAN_POINT ( 'NONE',  ( -17.99999999999998934, 0.000000000000000000, 87.43550806100932959 ) ) ;
#1636 = CARTESIAN_POINT ( 'NONE',  ( 33.75000000000054001, 0.000000000000000000, 79.62590742770457553 ) ) ;
#1637 = DIRECTION ( 'NONE',  ( 0.000000000000000000, 0.6259234721840586380, 0.7798844830928821636 ) ) ;
#1638 = CARTESIAN_POINT ( 'NONE',  ( 0.000000000000000000, 8.500000000000000000, 107.6000000000000085 ) ) ;
#1639 = ORIENTED_EDGE ( 'NONE', *, *, #4954, .F. ) ;
#1640 = EDGE_CURVE ( 'NONE', #1846, #8028, #5876, .T. ) ;
#1641 = LINE ( 'NONE', #11524, #8577 ) ;
#1642 = EDGE_LOOP ( 'NONE', ( #10278, #5048, #3788, #8436 ) ) ;
#1643 = CARTESIAN_POINT ( 'NONE',  ( 4.333943023724265764, 9.249999999999996447, 103.2767318859830823 ) ) ;
#1644 = ORIENTED_EDGE ( 'NONE', *, *, #2100, .T. ) ;
#1645 = VECTOR ( 'NONE', #379, 1000.000000000000114 ) ;
#1646 =( LENGTH_UNIT ( ) NAMED_UNIT ( * ) SI_UNIT ( .MILLI., .METRE. ) );
#1647 = CARTESIAN_POINT ( 'NONE',  ( -5.000000000000000888, 0.000000000000000000, 96.10000000000006537 ) ) ;
#1648 = DIRECTION ( 'NONE',  ( -0.7071067811865486830, -0.7071067811865464625, 0.000000000000000000 ) ) ;
#1649 = CARTESIAN_POINT ( 'NONE',  ( -7.243656013060180143, 8.499999999999996447, 101.8821264422187767 ) ) ;
#1650 = ORIENTED_EDGE ( 'NONE', *, *, #3720, .F. ) ;
#1651 = CARTESIAN_POINT ( 'NONE',  ( 2.848249230583051350, 13.77587770416895729, 103.1852726833035945 ) ) ;
#1652 = CARTESIAN_POINT ( 'NONE',  ( 17.44999999998816875, 0.000000000000000000, 156.6000000000001933 ) ) ;
#1653 = ORIENTED_EDGE ( 'NONE', *, *, #3884, .F. ) ;
#1654 = CARTESIAN_POINT ( 'NONE',  ( 16.44999999998817586, 2.250000000000000000, 154.5000000000001421 ) ) ;
#1655 = DIRECTION ( 'NONE',  ( 0.4226182617407009956, -0.9063077870366493816, -0.000000000000000000 ) ) ;
#1656 = EDGE_CURVE ( 'NONE', #5659, #7429, #8655, .T. ) ;
#1657 = CARTESIAN_POINT ( 'NONE',  ( 6.532079479711469183, 9.784776029148325449, 105.4717943723368023 ) ) ;
#1658 = CARTESIAN_POINT ( 'NONE',  ( 7.750000000000001776, 9.249999999999994671, 105.7831987774968781 ) ) ;
#1659 = CARTESIAN_POINT ( 'NONE',  ( 14.14298963066553050, 27.63903530461687552, 163.0000000000001421 ) ) ;
#1660 = EDGE_CURVE ( 'NONE', #5563, #8260, #2206, .T. ) ;
#1661 = LINE ( 'NONE', #10778, #8890 ) ;
#1662 = VERTEX_POINT ( 'NONE', #636 ) ;
#1663 = CARTESIAN_POINT ( 'NONE',  ( -11.00000000000001066, 31.94302117641175442, 96.10000000000006537 ) ) ;
#1664 = FACE_OUTER_BOUND ( 'NONE', #10411, .T. ) ;
#1665 = ORIENTED_EDGE ( 'NONE', *, *, #8068, .T. ) ;
#1666 = CARTESIAN_POINT ( 'NONE',  ( 15.99999999999998934, 7.249999999999999112, 0.000000000000000000 ) ) ;
#1667 = VECTOR ( 'NONE', #1422, 1000.000000000000000 ) ;
#1668 = CARTESIAN_POINT ( 'NONE',  ( -18.11169591142203217, 3.847870860261949133, 108.5714093900724890 ) ) ;
#1669 = PLANE ( 'NONE',  #4765 ) ;
#1670 = FACE_OUTER_BOUND ( 'NONE', #1226, .T. ) ;
#1671 = EDGE_CURVE ( 'NONE', #1248, #7575, #4930, .T. ) ;
#1672 = ORIENTED_EDGE ( 'NONE', *, *, #10287, .T. ) ;
#1673 = DIRECTION ( 'NONE',  ( 0.000000000000000000, -1.000000000000000000, 0.000000000000000000 ) ) ;
#1674 = ORIENTED_EDGE ( 'NONE', *, *, #9834, .F. ) ;
#1675 = ORIENTED_EDGE ( 'NONE', *, *, #6219, .F. ) ;
#1676 = CARTESIAN_POINT ( 'NONE',  ( -12.74999999999995559, 13.96768987689089769, 109.2687067062699384 ) ) ;
#1677 = LINE ( 'NONE', #5244, #3396 ) ;
#1678 = LINE ( 'NONE', #10917, #6306 ) ;
#1679 = CARTESIAN_POINT ( 'NONE',  ( 13.50000000000005329, 7.249999999999999112, 9.367506770274788287E-15 ) ) ;
#1680 = DIRECTION ( 'NONE',  ( 0.000000000000000000, 0.000000000000000000, 1.000000000000000000 ) ) ;
#1681 = AXIS2_PLACEMENT_3D ( 'NONE', #3870, #11083, #3740 ) ;
#1682 = VECTOR ( 'NONE', #3977, 1000.000000000000000 ) ;
#1683 = CARTESIAN_POINT ( 'NONE',  ( -8.269555066332962667, 8.500000000000000000, 104.9472013248070539 ) ) ;
#1684 = LINE ( 'NONE', #5306, #2303 ) ;
#1685 = EDGE_CURVE ( 'NONE', #4748, #302, #6880, .T. ) ;
#1686 = VERTEX_POINT ( 'NONE', #1368 ) ;
#1687 = ADVANCED_FACE ( 'NONE', ( #5994 ), #9599, .F. ) ;
#1688 = CIRCLE ( 'NONE', #8115, 2.000000000000001776 ) ;
#1689 = ORIENTED_EDGE ( 'NONE', *, *, #4943, .F. ) ;
#1690 = ORIENTED_EDGE ( 'NONE', *, *, #9774, .F. ) ;
#1691 = LINE ( 'NONE', #5312, #3104 ) ;
#1692 = DIRECTION ( 'NONE',  ( 1.000000000000000000, 0.000000000000000000, 0.000000000000000000 ) ) ;
#1693 = VECTOR ( 'NONE', #6980, 1000.000000000000000 ) ;
#1694 = DIRECTION ( 'NONE',  ( -0.4226182617407007736, 0.9063077870366492705, 0.000000000000000000 ) ) ;
#1695 = CARTESIAN_POINT ( 'NONE',  ( 15.89877390606375940, 26.67192366782523294, 100.3144660940672566 ) ) ;
#1696 = CARTESIAN_POINT ( 'NONE',  ( -5.186367805915204521, 9.620435766710741632, 104.8889637636624741 ) ) ;
#1697 = EDGE_CURVE ( 'NONE', #6911, #6934, #7691, .T. ) ;
#1698 = ORIENTED_EDGE ( 'NONE', *, *, #5229, .F. ) ;
#1699 = CARTESIAN_POINT ( 'NONE',  ( 42.85243938297000454, 2.250000000000000000, 30.00560108663034597 ) ) ;
#1700 = EDGE_CURVE ( 'NONE', #492, #9577, #2426, .T. ) ;
#1701 = ORIENTED_EDGE ( 'NONE', *, *, #3810, .F. ) ;
#1702 = VECTOR ( 'NONE', #8308, 1000.000000000000000 ) ;
#1703 = CARTESIAN_POINT ( 'NONE',  ( -1.250000000000001554, 9.749999999999998224, 127.2934762997707310 ) ) ;
#1704 = VERTEX_POINT ( 'NONE', #3155 ) ;
#1705 = DIRECTION ( 'NONE',  ( -0.4975428121645172896, 0.4975428121645232848, -0.7105647754616336575 ) ) ;
#1706 = LINE ( 'NONE', #8880, #1996 ) ;
#1707 = AXIS2_PLACEMENT_3D ( 'NONE', #4629, #2606, #1001 ) ;
#1708 = DIRECTION ( 'NONE',  ( -0.7071067811865486830, -0.7071067811865464625, 0.000000000000000000 ) ) ;
#1709 = ORIENTED_EDGE ( 'NONE', *, *, #4129, .T. ) ;
#1710 = CARTESIAN_POINT ( 'NONE',  ( 2.630080605847292752, 13.34000833469312752, 104.8412397377123710 ) ) ;
#1711 = CARTESIAN_POINT ( 'NONE',  ( -16.15036770283126799, 27.42334051685572405, 104.9892956960624986 ) ) ;
#1712 = ORIENTED_EDGE ( 'NONE', *, *, #10101, .T. ) ;
#1713 = CARTESIAN_POINT ( 'NONE',  ( 51.55691212083456776, 7.249999999999999112, 36.10053851382406265 ) ) ;
#1714 = CARTESIAN_POINT ( 'NONE',  ( -14.24529353952174482, 28.47080834996550536, 107.4630542771134145 ) ) ;
#1715 = CARTESIAN_POINT ( 'NONE',  ( 4.978488372675415441, 9.595052220869815685, 104.6221760698454943 ) ) ;
#1716 = CARTESIAN_POINT ( 'NONE',  ( -1.309761392714299921, -7.274147393296581221, 103.8500000000000085 ) ) ;
#1717 = CARTESIAN_POINT ( 'NONE',  ( 18.11169591142191848, 0.000000000000000000, 117.0714093900724464 ) ) ;
#1718 = CONICAL_SURFACE ( 'NONE', #8717, 1.549999999999995826, 0.7853981633974524978 ) ;
#1719 = VECTOR ( 'NONE', #1441, 1000.000000000000000 ) ;
#1720 = DIRECTION ( 'NONE',  ( 0.000000000000000000, -1.000000000000000000, 0.000000000000000000 ) ) ;
#1721 = ORIENTED_EDGE ( 'NONE', *, *, #6517, .F. ) ;
#1722 = CARTESIAN_POINT ( 'NONE',  ( 7.250000000000009770, -31.10416016031583197, 100.1000000000000227 ) ) ;
#1723 = CARTESIAN_POINT ( 'NONE',  ( 7.968963136111803180, 9.168059653110779195, 104.5701212598074790 ) ) ;
#1724 = ORIENTED_EDGE ( 'NONE', *, *, #6415, .T. ) ;
#1725 = CARTESIAN_POINT ( 'NONE',  ( 16.25000000000000000, 21.45637587167328064, 107.6000000000000085 ) ) ;
#1726 = DIRECTION ( 'NONE',  ( 0.000000000000000000, 0.000000000000000000, -1.000000000000000000 ) ) ;
#1727 = VECTOR ( 'NONE', #10567, 1000.000000000000000 ) ;
#1728 = AXIS2_PLACEMENT_3D ( 'NONE', #11482, #9482, #7660 ) ;
#1729 = CARTESIAN_POINT ( 'NONE',  ( -6.203798113162909189, 9.744687452017535279, 102.2704450269037721 ) ) ;
#1730 = LINE ( 'NONE', #3627, #10311 ) ;
#1731 = ORIENTED_EDGE ( 'NONE', *, *, #10915, .T. ) ;
#1732 = CARTESIAN_POINT ( 'NONE',  ( 12.74999999999999289, 20.75294712637442984, 110.7729620231397831 ) ) ;
#1733 = ADVANCED_FACE ( 'NONE', ( #6047 ), #2312, .F. ) ;
#1734 = ADVANCED_FACE ( 'NONE', ( #9543 ), #5049, .F. ) ;
#1735 = EDGE_CURVE ( 'NONE', #10246, #9760, #3547, .T. ) ;
#1736 = VECTOR ( 'NONE', #8994, 1000.000000000000000 ) ;
#1737 = ORIENTED_EDGE ( 'NONE', *, *, #3201, .F. ) ;
#1738 = VERTEX_POINT ( 'NONE', #1654 ) ;
#1739 = EDGE_CURVE ( 'NONE', #6315, #3902, #9220, .T. ) ;
#1740 = EDGE_LOOP ( 'NONE', ( #8647, #9350, #9800, #2246, #6826, #4131 ) ) ;
#1741 = CARTESIAN_POINT ( 'NONE',  ( -19.99999999999998934, 2.250000000000000444, 94.43550806100934381 ) ) ;
#1742 = CARTESIAN_POINT ( 'NONE',  ( -17.75773640591582492, 2.249999999999999556, 107.6000000000000085 ) ) ;
#1743 = DIRECTION ( 'NONE',  ( -0.4226182617407014952, -0.9063077870366490485, 0.000000000000000000 ) ) ;
#1744 = DIRECTION ( 'NONE',  ( 0.000000000000000000, -1.000000000000000000, 0.000000000000000000 ) ) ;
#1745 = EDGE_CURVE ( 'NONE', #6128, #2774, #9771, .T. ) ;
#1746 = CARTESIAN_POINT ( 'NONE',  ( -4.500000000000000888, 3.999999999999998224, 107.6000000000000085 ) ) ;
#1747 = AXIS2_PLACEMENT_3D ( 'NONE', #2152, #5938, #10196 ) ;
#1748 = CARTESIAN_POINT ( 'NONE',  ( -7.884701194530087776, 8.987359336265358323, 103.1298787401801462 ) ) ;
#1749 = LINE ( 'NONE', #7080, #1159 ) ;
#1750 = ORIENTED_EDGE ( 'NONE', *, *, #9645, .F. ) ;
#1751 = EDGE_CURVE ( 'NONE', #9964, #6428, #3495, .T. ) ;
#1752 = AXIS2_PLACEMENT_3D ( 'NONE', #7978, #10584, #7093 ) ;
#1753 = EDGE_LOOP ( 'NONE', ( #5231, #8440, #8965, #5498 ) ) ;
#1754 = ORIENTED_EDGE ( 'NONE', *, *, #3257, .T. ) ;
#1755 = CARTESIAN_POINT ( 'NONE',  ( 4.706313649554560996, 8.964247769167640101, 103.0356306489844940 ) ) ;
#1756 = DIRECTION ( 'NONE',  ( -0.000000000000000000, -1.000000000000000000, -0.000000000000000000 ) ) ;
#1757 = AXIS2_PLACEMENT_3D ( 'NONE', #2868, #9, #8257 ) ;
#1758 = LINE ( 'NONE', #9159, #428 ) ;
#1759 = EDGE_CURVE ( 'NONE', #10826, #10042, #10776, .T. ) ;
#1760 = DIRECTION ( 'NONE',  ( 0.4226182617407007736, 0.9063077870366492705, 0.000000000000000000 ) ) ;
#1761 = CARTESIAN_POINT ( 'NONE',  ( -5.642552794939279970, 9.676145236999710519, 105.2298904533335957 ) ) ;
#1762 = AXIS2_PLACEMENT_3D ( 'NONE', #11291, #6746, #2125 ) ;
#1763 = ORIENTED_EDGE ( 'NONE', *, *, #3254, .F. ) ;
#1764 = CARTESIAN_POINT ( 'NONE',  ( -15.89877390606375940, 26.67192366782523294, 100.3144660940672566 ) ) ;
#1765 = ORIENTED_EDGE ( 'NONE', *, *, #2975, .T. ) ;
#1766 = AXIS2_PLACEMENT_3D ( 'NONE', #7626, #261, #4717 ) ;
#1767 = LINE ( 'NONE', #11698, #1736 ) ;
#1768 = VERTEX_POINT ( 'NONE', #6217 ) ;
#1769 = CARTESIAN_POINT ( 'NONE',  ( -29.37500000000053291, 2.250000000000000000, 87.59999999999999432 ) ) ;
#1770 = ADVANCED_FACE ( 'NONE', ( #10990 ), #10600, .F. ) ;
#1771 = CARTESIAN_POINT ( 'NONE',  ( -8.581372143876659919, 8.500000000000000000, 104.0485144131613708 ) ) ;
#1772 = PLANE ( 'NONE',  #7753 ) ;
#1773 = ORIENTED_EDGE ( 'NONE', *, *, #3254, .T. ) ;
#1774 = CARTESIAN_POINT ( 'NONE',  ( 2.923389366950810420, 13.72813001892866147, 103.3666770196011839 ) ) ;
#1775 = EDGE_LOOP ( 'NONE', ( #8823, #2505, #1876, #3671, #10881 ) ) ;
#1776 = CARTESIAN_POINT ( 'NONE',  ( -1.250000000000001110, 12.88549180719547671, 114.1501867418916589 ) ) ;
#1777 = B_SPLINE_CURVE_WITH_KNOTS ( 'NONE', 3,
 ( #581, #9827, #9775, #7939, #6052, #8774, #7110, #6884, #9659, #4448, #10546, #11542, #11434, #4277, #4388, #5336, #4222, #1658 ),
 .UNSPECIFIED., .F., .F.,
 ( 4, 2, 2, 2, 2, 2, 2, 2, 4 ),
 ( 0.000000000000000000, 0.1250000000000000000, 0.2500000000000000000, 0.3750000000000000000, 0.5000000000000000000, 0.6250000000000000000, 0.7500000000000000000, 0.8750000000000000000, 1.000000000000000000 ),
 .UNSPECIFIED. ) ;
#1778 = ORIENTED_EDGE ( 'NONE', *, *, #9507, .T. ) ;
#1779 = VECTOR ( 'NONE', #1272, 1000.000000000000000 ) ;
#1780 = CARTESIAN_POINT ( 'NONE',  ( -16.15036770283172274, 27.32231563747103209, 104.9422663175757151 ) ) ;
#1781 = LINE ( 'NONE', #2839, #6299 ) ;
#1782 = CARTESIAN_POINT ( 'NONE',  ( 21.90091163631636206, 2.250000000000000444, 118.9960766834541062 ) ) ;
#1783 = LINE ( 'NONE', #6282, #5308 ) ;
#1784 = AXIS2_PLACEMENT_3D ( 'NONE', #7372, #2578, #1680 ) ;
#1785 = DIRECTION ( 'NONE',  ( 1.197460884980067531E-16, -0.2164396139381068729, 0.9762960071199324741 ) ) ;
#1786 = ORIENTED_EDGE ( 'NONE', *, *, #6323, .F. ) ;
#1787 = CARTESIAN_POINT ( 'NONE',  ( 13.49999999999999112, 2.250000000000000444, 89.43550806100927275 ) ) ;
#1788 = CARTESIAN_POINT ( 'NONE',  ( 8.155797152265193972, 9.179730840277459336, 103.7436434039504292 ) ) ;
#1789 = ORIENTED_EDGE ( 'NONE', *, *, #2982, .T. ) ;
#1790 = CARTESIAN_POINT ( 'NONE',  ( -16.23849164777437082, 30.35820269488412393, 103.8500000000000085 ) ) ;
#1791 = DIRECTION ( 'NONE',  ( 0.000000000000000000, 0.000000000000000000, -1.000000000000000000 ) ) ;
#1792 = AXIS2_PLACEMENT_3D ( 'NONE', #11731, #894, #7241 ) ;
#1793 = LINE ( 'NONE', #11089, #8355 ) ;
#1794 = CARTESIAN_POINT ( 'NONE',  ( -20.01435804423745779, 15.30880079404637506, 104.8822491894937627 ) ) ;
#1795 = ORIENTED_EDGE ( 'NONE', *, *, #6187, .T. ) ;
#1796 = B_SPLINE_CURVE_WITH_KNOTS ( 'NONE', 3,
 ( #2289, #10296, #2186, #1462 ),
 .UNSPECIFIED., .F., .F.,
 ( 4, 4 ),
 ( 6.938893903907228378E-18, 0.0002177650351589428953 ),
 .UNSPECIFIED. ) ;
#1797 = CARTESIAN_POINT ( 'NONE',  ( -29.37500000000054357, 1.250000000000004885, 82.35000000000000853 ) ) ;
#1798 = ORIENTED_EDGE ( 'NONE', *, *, #2384, .T. ) ;
#1799 = ORIENTED_EDGE ( 'NONE', *, *, #2475, .T. ) ;
#1800 = LINE ( 'NONE', #5533, #10462 ) ;
#1801 = EDGE_CURVE ( 'NONE', #5437, #4849, #3438, .T. ) ;
#1802 = DIRECTION ( 'NONE',  ( -0.7071067811865671127, 0.000000000000000000, -0.7071067811865279218 ) ) ;
#1803 = CARTESIAN_POINT ( 'NONE',  ( -19.63714584916180073, 28.77338421335649699, 103.8500000000000085 ) ) ;
#1804 = AXIS2_PLACEMENT_3D ( 'NONE', #6856, #3185, #6796 ) ;
#1805 = DIRECTION ( 'NONE',  ( 0.000000000000000000, 0.000000000000000000, 1.000000000000000000 ) ) ;
#1806 = DIRECTION ( 'NONE',  ( -0.000000000000000000, -1.000000000000000000, -0.000000000000000000 ) ) ;
#1807 = ADVANCED_FACE ( 'NONE', ( #4718 ), #6798, .F. ) ;
#1808 = EDGE_CURVE ( 'NONE', #9724, #4869, #11539, .T. ) ;
#1809 = CARTESIAN_POINT ( 'NONE',  ( -6.422392489125845927, 8.804198242216903836, 105.4645252232005674 ) ) ;
#1810 = ORIENTED_EDGE ( 'NONE', *, *, #451, .F. ) ;
#1811 = ORIENTED_EDGE ( 'NONE', *, *, #4345, .F. ) ;
#1812 = CARTESIAN_POINT ( 'NONE',  ( 4.840619934010904402, 8.972637642788221513, 104.8412339062982142 ) ) ;
#1813 = DIRECTION ( 'NONE',  ( 0.6985753890242766273, -0.1548704352004005025, 0.6985753890242764053 ) ) ;
#1814 = DIRECTION ( 'NONE',  ( 0.000000000000000000, -1.000000000000000000, 0.000000000000000000 ) ) ;
#1815 = DIRECTION ( 'NONE',  ( -0.000000000000000000, -1.000000000000000000, -0.000000000000000000 ) ) ;
#1816 = CARTESIAN_POINT ( 'NONE',  ( -4.758613022549746496, 9.568198203072705965, 103.6768656544233949 ) ) ;
#1817 = UNCERTAINTY_MEASURE_WITH_UNIT (LENGTH_MEASURE( 1.000000000000000082E-05 ), #1646, 'distance_accuracy_value', 'NONE');
#1818 = ORIENTED_EDGE ( 'NONE', *, *, #5906, .T. ) ;
#1819 = CARTESIAN_POINT ( 'NONE',  ( -15.99999999999998579, 0.000000000000000000, 89.43550806100932959 ) ) ;
#1820 = EDGE_CURVE ( 'NONE', #6082, #972, #10390, .T. ) ;
#1821 = ORIENTED_EDGE ( 'NONE', *, *, #5835, .F. ) ;
#1822 = LINE ( 'NONE', #7390, #2915 ) ;
#1823 = CARTESIAN_POINT ( 'NONE',  ( 2.487775237749943802, 13.30371806913891142, 104.9791230974012137 ) ) ;
#1824 = EDGE_CURVE ( 'NONE', #11599, #7402, #4384, .T. ) ;
#1825 = ORIENTED_EDGE ( 'NONE', *, *, #10101, .F. ) ;
#1826 = ORIENTED_EDGE ( 'NONE', *, *, #10852, .T. ) ;
#1827 = LINE ( 'NONE', #10760, #8310 ) ;
#1828 = LINE ( 'NONE', #32, #9936 ) ;
#1829 = DIRECTION ( 'NONE',  ( -0.000000000000000000, -1.000000000000000000, -0.000000000000000000 ) ) ;
#1830 = VERTEX_POINT ( 'NONE', #4663 ) ;
#1831 = CARTESIAN_POINT ( 'NONE',  ( 1.696346574878890845, 13.99318598040799344, 102.3596690247235728 ) ) ;
#1832 = ORIENTED_EDGE ( 'NONE', *, *, #551, .F. ) ;
#1833 = CARTESIAN_POINT ( 'NONE',  ( -8.077344077902065322, 9.011487679370485893, 103.9281102329685638 ) ) ;
#1834 = CARTESIAN_POINT ( 'NONE',  ( 16.25000000000000000, 0.000000000000000000, 101.1000000000000227 ) ) ;
#1835 = ORIENTED_EDGE ( 'NONE', *, *, #5531, .T. ) ;
#1836 = CARTESIAN_POINT ( 'NONE',  ( -2.718342266387177908, 13.83124930441401013, 102.9748988948392423 ) ) ;
#1837 = CARTESIAN_POINT ( 'NONE',  ( 5.929658334789916552, 9.711208513069177428, 105.3533108532488995 ) ) ;
#1838 = LINE ( 'NONE', #44, #1361 ) ;
#1839 = LINE ( 'NONE', #2554, #7004 ) ;
#1840 = EDGE_CURVE ( 'NONE', #4324, #5950, #4837, .T. ) ;
#1841 = ADVANCED_FACE ( 'NONE', ( #11600 ), #3767, .F. ) ;
#1842 = DIRECTION ( 'NONE',  ( 0.000000000000000000, -1.000000000000000000, 0.000000000000000000 ) ) ;
#1843 = ORIENTED_EDGE ( 'NONE', *, *, #8552, .T. ) ;
#1844 = CARTESIAN_POINT ( 'NONE',  ( -21.90091163631607074, 7.249999999999999112, 144.4960766834541062 ) ) ;
#1845 = CARTESIAN_POINT ( 'NONE',  ( 7.968963136111804957, 9.168059653110780971, 103.1298787401925239 ) ) ;
#1846 = VERTEX_POINT ( 'NONE', #197 ) ;
#1847 = DIRECTION ( 'NONE',  ( -0.7071067811865516806, -0.7071067811865434649, 0.000000000000000000 ) ) ;
#1848 = DIRECTION ( 'NONE',  ( -0.000000000000000000, -1.000000000000000000, -0.000000000000000000 ) ) ;
#1849 = CARTESIAN_POINT ( 'NONE',  ( -5.604868405173709434, 9.671560208963734695, 105.2078774999200590 ) ) ;
#1850 = DIRECTION ( 'NONE',  ( 0.000000000000000000, 1.000000000000000000, 0.000000000000000000 ) ) ;
#1851 = ORIENTED_EDGE ( 'NONE', *, *, #11316, .F. ) ;
#1852 = DIRECTION ( 'NONE',  ( -0.4226182617407001629, -0.9063077870366496036, 0.000000000000000000 ) ) ;
#1853 = VERTEX_POINT ( 'NONE', #7157 ) ;
#1854 = ORIENTED_EDGE ( 'NONE', *, *, #11496, .F. ) ;
#1855 = DIRECTION ( 'NONE',  ( 0.000000000000000000, 0.000000000000000000, -1.000000000000000000 ) ) ;
#1856 = CARTESIAN_POINT ( 'NONE',  ( 7.235500201974637058, 9.764499798025358501, 105.4939501926483700 ) ) ;
#1857 = DIRECTION ( 'NONE',  ( -0.4226182617407007736, 0.9063077870366492705, 0.000000000000000000 ) ) ;
#1858 = DIRECTION ( 'NONE',  ( 0.4226182617407001629, 0.9063077870366496036, 0.000000000000000000 ) ) ;
#1859 = DIRECTION ( 'NONE',  ( 0.000000000000000000, -1.000000000000000000, 0.000000000000000000 ) ) ;
#1860 = CARTESIAN_POINT ( 'NONE',  ( -5.923879347533655526, 8.741757109182469065, 105.4645252232005390 ) ) ;
#1861 = VERTEX_POINT ( 'NONE', #10109 ) ;
#1862 = ORIENTED_EDGE ( 'NONE', *, *, #6008, .F. ) ;
#1863 = ADVANCED_FACE ( 'NONE', ( #1999 ), #2488, .T. ) ;
#1864 = CARTESIAN_POINT ( 'NONE',  ( 7.435532764700203856, 9.134737210906113347, 105.1420495611953356 ) ) ;
#1865 = FACE_OUTER_BOUND ( 'NONE', #4819, .T. ) ;
#1866 = CARTESIAN_POINT ( 'NONE',  ( -19.74999999999973355, 2.250000000000000444, 132.9242565173703383 ) ) ;
#1867 = CARTESIAN_POINT ( 'NONE',  ( -13.93168049979518130, 27.18588141109855272, 102.4084296756661701 ) ) ;
#1868 = CARTESIAN_POINT ( 'NONE',  ( -4.790849562215099944, 9.572134940562799343, 104.1940638846569414 ) ) ;
#1869 = AXIS2_PLACEMENT_3D ( 'NONE', #9822, #6436, #753 ) ;
#1870 = ORIENTED_EDGE ( 'NONE', *, *, #1671, .F. ) ;
#1871 = EDGE_CURVE ( 'NONE', #1524, #9595, #4518, .T. ) ;
#1872 = CARTESIAN_POINT ( 'NONE',  ( 6.249999999999998224, 13.96768987689089769, 109.2687067062699384 ) ) ;
#1873 = ORIENTED_EDGE ( 'NONE', *, *, #924, .T. ) ;
#1874 = DIRECTION ( 'NONE',  ( 0.000000000000000000, 0.000000000000000000, -1.000000000000000000 ) ) ;
#1875 = CARTESIAN_POINT ( 'NONE',  ( 2.293650842454986627, 13.26565293514246413, 105.1237341219101040 ) ) ;
#1876 = ORIENTED_EDGE ( 'NONE', *, *, #10512, .T. ) ;
#1877 = AXIS2_PLACEMENT_3D ( 'NONE', #8206, #6497, #4604 ) ;
#1878 = AXIS2_PLACEMENT_3D ( 'NONE', #9540, #5873, #9478 ) ;
#1879 = ORIENTED_EDGE ( 'NONE', *, *, #11563, .T. ) ;
#1880 = EDGE_CURVE ( 'NONE', #3748, #8990, #1157, .T. ) ;
#1881 = CYLINDRICAL_SURFACE ( 'NONE', #4231, 0.5000000000000004441 ) ;
#1882 = CARTESIAN_POINT ( 'NONE',  ( -6.000000000000000888, 0.000000000000000000, 94.10000000000003695 ) ) ;
#1883 = PLANE ( 'NONE',  #7180 ) ;
#1884 = EDGE_LOOP ( 'NONE', ( #4490, #1374, #4200, #5093, #10875, #8504 ) ) ;
#1885 = CARTESIAN_POINT ( 'NONE',  ( 2.073834777636699656, 14.24981232259238517, 102.2208516971941066 ) ) ;
#1886 = ORIENTED_EDGE ( 'NONE', *, *, #5817, .F. ) ;
#1887 = PLANE ( 'NONE',  #2101 ) ;
#1888 = CARTESIAN_POINT ( 'NONE',  ( -5.169012323297839551, 9.249999999999998224, 102.1366634182208770 ) ) ;
#1889 = EDGE_CURVE ( 'NONE', #6120, #2431, #8395, .T. ) ;
#1890 = ORIENTED_EDGE ( 'NONE', *, *, #7034, .T. ) ;
#1891 = AXIS2_PLACEMENT_3D ( 'NONE', #7244, #1673, #5292 ) ;
#1892 = CARTESIAN_POINT ( 'NONE',  ( -2.487775237714580534, 13.89810975383406699, 102.7208769025676958 ) ) ;
#1893 = CARTESIAN_POINT ( 'NONE',  ( 5.204888034915139627, 9.622698956015559801, 104.9046841655201376 ) ) ;
#1894 = DIRECTION ( 'NONE',  ( 0.000000000000000000, 0.000000000000000000, 1.000000000000000000 ) ) ;
#1895 = CARTESIAN_POINT ( 'NONE',  ( 2.442646126510160443, -6.745874566120680704, 100.3144660940672992 ) ) ;
#1896 = CIRCLE ( 'NONE', #11532, 2.000000000000001776 ) ;
#1897 = CARTESIAN_POINT ( 'NONE',  ( -7.607742132396015045, 8.952668901448395999, 102.7761569508071915 ) ) ;
#1898 = EDGE_LOOP ( 'NONE', ( #3425, #289, #9249, #4857 ) ) ;
#1899 = DIRECTION ( 'NONE',  ( 0.000000000000000000, 0.000000000000000000, -1.000000000000000000 ) ) ;
#1900 = CARTESIAN_POINT ( 'NONE',  ( 5.383495369266627861, 9.006550101255429652, 102.4397733212120869 ) ) ;
#1901 = VERTEX_POINT ( 'NONE', #7448 ) ;
#1902 = DIRECTION ( 'NONE',  ( 0.000000000000000000, 0.000000000000000000, 1.000000000000000000 ) ) ;
#1903 = CARTESIAN_POINT ( 'NONE',  ( 18.11169591142176927, 3.888304088578244055, 134.0714093900724038 ) ) ;
#1904 = EDGE_CURVE ( 'NONE', #1284, #3059, #8881, .T. ) ;
#1905 = DIRECTION ( 'NONE',  ( -0.4975428121645190105, -0.4975428121645131818, 0.7105647754616393197 ) ) ;
#1906 = CARTESIAN_POINT ( 'NONE',  ( -26.50000000000052935, 0.000000000000000000, 119.8000000000000398 ) ) ;
#1907 = ORIENTED_EDGE ( 'NONE', *, *, #11029, .T. ) ;
#1908 = CARTESIAN_POINT ( 'NONE',  ( 15.87315856730487518, 14.66845915400557665, 138.2183136605329707 ) ) ;
#1909 = VECTOR ( 'NONE', #7104, 1000.000000000000000 ) ;
#1910 = ORIENTED_EDGE ( 'NONE', *, *, #4207, .F. ) ;
#1911 = EDGE_CURVE ( 'NONE', #8895, #5568, #5099, .T. ) ;
#1912 = VERTEX_POINT ( 'NONE', #11652 ) ;
#1913 = CARTESIAN_POINT ( 'NONE',  ( 17.99999999999998934, 7.249999999999999112, 94.43550806100934381 ) ) ;
#1914 = VECTOR ( 'NONE', #10073, 1000.000000000000000 ) ;
#1915 = ADVANCED_FACE ( 'NONE', ( #4377 ), #4320, .T. ) ;
#1916 = VECTOR ( 'NONE', #7843, 1000.000000000000114 ) ;
#1917 = LINE ( 'NONE', #11153, #5154 ) ;
#1918 = DIRECTION ( 'NONE',  ( 0.9063077870366492705, -0.4226182617407008846, 0.000000000000000000 ) ) ;
#1919 = LINE ( 'NONE', #5536, #4404 ) ;
#1920 = CARTESIAN_POINT ( 'NONE',  ( -14.01913071002045186, 28.38136167750708339, 102.7277325623070539 ) ) ;
#1921 = PRESENTATION_LAYER_ASSIGNMENT (  '', '', ( #5143 ) ) ;
#1922 = CARTESIAN_POINT ( 'NONE',  ( -6.786701134427659099, 8.849829626204552824, 102.3079948524859191 ) ) ;
#1923 = ORIENTED_EDGE ( 'NONE', *, *, #11154, .F. ) ;
#1924 = VECTOR ( 'NONE', #8095, 1000.000000000000000 ) ;
#1925 = ORIENTED_EDGE ( 'NONE', *, *, #10851, .T. ) ;
#1926 = CARTESIAN_POINT ( 'NONE',  ( 5.031579166461123798, 8.500000000000000000, 102.3409038627450229 ) ) ;
#1927 = CARTESIAN_POINT ( 'NONE',  ( 13.83775212875645266, 28.16755216095005210, 104.8883279828647517 ) ) ;
#1928 = CARTESIAN_POINT ( 'NONE',  ( 20.26260754773828765, 2.250000000000000444, 128.6432295561562569 ) ) ;
#1929 = CARTESIAN_POINT ( 'NONE',  ( 16.15036770283194301, 27.25378315284005026, 104.9103628876702317 ) ) ;
#1930 = CARTESIAN_POINT ( 'NONE',  ( -5.730118240707870569, 9.686838759839693225, 102.4260587358032666 ) ) ;
#1931 = CARTESIAN_POINT ( 'NONE',  ( 15.29114218035015860, 26.55195401848749626, 163.0000000000001421 ) ) ;
#1932 = ORIENTED_EDGE ( 'NONE', *, *, #453, .F. ) ;
#1933 = AXIS2_PLACEMENT_3D ( 'NONE', #7003, #11551, #3339 ) ;
#1934 = DIRECTION ( 'NONE',  ( 0.000000000000000000, 0.000000000000000000, -1.000000000000000000 ) ) ;
#1935 = ORIENTED_EDGE ( 'NONE', *, *, #8844, .F. ) ;
#1936 = FACE_OUTER_BOUND ( 'NONE', #5736, .T. ) ;
#1937 = DIRECTION ( 'NONE',  ( 0.000000000000000000, 0.2164396139381068729, -0.9762960071199324741 ) ) ;
#1938 = ORIENTED_EDGE ( 'NONE', *, *, #3409, .T. ) ;
#1939 = VECTOR ( 'NONE', #3820, 1000.000000000000000 ) ;
#1940 = ORIENTED_EDGE ( 'NONE', *, *, #9694, .F. ) ;
#1941 = FACE_OUTER_BOUND ( 'NONE', #1212, .T. ) ;
#1942 = CARTESIAN_POINT ( 'NONE',  ( -19.75000000000000000, 0.000000000000000000, 107.4242565173703667 ) ) ;
#1943 = LINE ( 'NONE', #6336, #2635 ) ;
#1944 = EDGE_LOOP ( 'NONE', ( #9473, #3109, #473, #10473 ) ) ;
#1945 = CARTESIAN_POINT ( 'NONE',  ( 3.269424957042086355, 13.92684069905124211, 103.6776825459426874 ) ) ;
#1946 = VECTOR ( 'NONE', #8326, 1000.000000000000000 ) ;
#1947 = ORIENTED_EDGE ( 'NONE', *, *, #287, .T. ) ;
#1948 = CARTESIAN_POINT ( 'NONE',  ( -29.37500000000054357, 1.250000000000004885, 82.35000000000000853 ) ) ;
#1949 = CARTESIAN_POINT ( 'NONE',  ( -4.252585962947766696, 9.249999999999998224, 103.7341646134843529 ) ) ;
#1950 = ORIENTED_EDGE ( 'NONE', *, *, #4805, .F. ) ;
#1951 = EDGE_CURVE ( 'NONE', #8704, #4546, #10595, .T. ) ;
#1952 = CARTESIAN_POINT ( 'NONE',  ( -2.965688571249350147, 13.68489447440652285, 103.5309355351717215 ) ) ;
#1953 = CARTESIAN_POINT ( 'NONE',  ( 17.51067575510278473, 3.235006832329901716, 107.7130636518133144 ) ) ;
#1954 = EDGE_CURVE ( 'NONE', #6455, #265, #7987, .T. ) ;
#1955 = DIRECTION ( 'NONE',  ( 0.000000000000000000, 0.000000000000000000, 1.000000000000000000 ) ) ;
#1956 = CARTESIAN_POINT ( 'NONE',  ( 7.672924791949930601, 9.327075208050061406, 102.6121011335802677 ) ) ;
#1957 = ADVANCED_FACE ( 'NONE', ( #6930 ), #9766, .F. ) ;
#1958 = CARTESIAN_POINT ( 'NONE',  ( -5.102615823599301770, 8.499999999999996447, 105.8178735577812546 ) ) ;
#1959 = VERTEX_POINT ( 'NONE', #9817 ) ;
#1960 = CARTESIAN_POINT ( 'NONE',  ( 15.92152795146884614, 29.67847185460665216, 103.8500000000000085 ) ) ;
#1961 = ORIENTED_EDGE ( 'NONE', *, *, #9592, .T. ) ;
#1962 = AXIS2_PLACEMENT_3D ( 'NONE', #5168, #415, #9547 ) ;
#1963 = FACE_OUTER_BOUND ( 'NONE', #6393, .T. ) ;
#1964 = CARTESIAN_POINT ( 'NONE',  ( 5.383495369266656283, 9.006550101255422547, 105.2602266787879728 ) ) ;
#1965 = ORIENTED_EDGE ( 'NONE', *, *, #7233, .F. ) ;
#1966 = CARTESIAN_POINT ( 'NONE',  ( -21.38830408857771914, 7.249999999999999112, 131.7771036446682729 ) ) ;
#1967 = DIRECTION ( 'NONE',  ( 1.000000000000000000, 0.000000000000000000, 0.000000000000000000 ) ) ;
#1968 = CARTESIAN_POINT ( 'NONE',  ( -5.745996157423315154, 9.688790821066817216, 105.2793706118995800 ) ) ;
#1969 = LINE ( 'NONE', #5588, #75 ) ;
#1970 = EDGE_CURVE ( 'NONE', #6530, #11348, #9651, .T. ) ;
#1971 = ORIENTED_EDGE ( 'NONE', *, *, #7859, .T. ) ;
#1972 = DIRECTION ( 'NONE',  ( 0.000000000000000000, -1.000000000000000000, 0.000000000000000000 ) ) ;
#1973 = DIRECTION ( 'NONE',  ( 1.000000000000000000, -0.000000000000000000, 2.037106467202124000E-14 ) ) ;
#1974 = VECTOR ( 'NONE', #9285, 1000.000000000000000 ) ;
#1975 = ADVANCED_FACE ( 'NONE', ( #7929 ), #5215, .T. ) ;
#1976 = VECTOR ( 'NONE', #9755, 1000.000000000000000 ) ;
#1977 = EDGE_LOOP ( 'NONE', ( #690, #4989 ) ) ;
#1978 = ORIENTED_EDGE ( 'NONE', *, *, #1801, .T. ) ;
#1979 = CARTESIAN_POINT ( 'NONE',  ( -14.50221515314512288, 28.40939692359802038, 107.5242346141747731 ) ) ;
#1980 = CIRCLE ( 'NONE', #3120, 1.624999999999999112 ) ;
#1981 = CARTESIAN_POINT ( 'NONE',  ( -12.99999999998818190, 2.250000000000000000, 154.5000000000000853 ) ) ;
#1982 = FACE_OUTER_BOUND ( 'NONE', #4959, .T. ) ;
#1983 = ADVANCED_FACE ( 'NONE', ( #1478 ), #11303, .T. ) ;
#1984 = DIRECTION ( 'NONE',  ( -0.000000000000000000, 1.000000000000000000, 0.000000000000000000 ) ) ;
#1985 = CARTESIAN_POINT ( 'NONE',  ( 2.999999999999989342, 7.249999999999999112, 0.000000000000000000 ) ) ;
#1986 = ADVANCED_FACE ( 'NONE', ( #3258 ), #512, .F. ) ;
#1987 = CARTESIAN_POINT ( 'NONE',  ( -7.687186389049912805, 8.962619671016287981, 104.8412339063022216 ) ) ;
#1988 = CIRCLE ( 'NONE', #2937, 1.549999999999995826 ) ;
#1989 = VERTEX_POINT ( 'NONE', #11420 ) ;
#1990 = AXIS2_PLACEMENT_3D ( 'NONE', #9841, #4515, #8964 ) ;
#1991 = EDGE_CURVE ( 'NONE', #1608, #3725, #6928, .T. ) ;
#1992 = VERTEX_POINT ( 'NONE', #2418 ) ;
#1993 = CARTESIAN_POINT ( 'NONE',  ( 6.787852073442067535, 9.094277755355401283, 105.4230269381074976 ) ) ;
#1994 = PLANE ( 'NONE',  #4370 ) ;
#1995 = DIRECTION ( 'NONE',  ( 0.8191520442889952403, 0.000000000000000000, 0.5735764363510411634 ) ) ;
#1996 = VECTOR ( 'NONE', #1648, 1000.000000000000000 ) ;
#1997 = DIRECTION ( 'NONE',  ( 0.000000000000000000, 0.000000000000000000, 1.000000000000000000 ) ) ;
#1998 = DIRECTION ( 'NONE',  ( 0.000000000000000000, 1.000000000000000000, -2.260169297513790404E-15 ) ) ;
#1999 = FACE_OUTER_BOUND ( 'NONE', #8043, .T. ) ;
#2000 = VERTEX_POINT ( 'NONE', #9648 ) ;
#2001 = DIRECTION ( 'NONE',  ( 0.000000000000000000, 0.000000000000000000, 1.000000000000000000 ) ) ;
#2002 = VERTEX_POINT ( 'NONE', #4145 ) ;
#2003 = LINE ( 'NONE', #3836, #4815 ) ;
#2004 = CARTESIAN_POINT ( 'NONE',  ( 2.642057685000382072, 13.85695801806644845, 102.8772170658475460 ) ) ;
#2005 = ORIENTED_EDGE ( 'NONE', *, *, #2848, .T. ) ;
#2006 = VECTOR ( 'NONE', #2808, 999.9999999999998863 ) ;
#2007 = ORIENTED_EDGE ( 'NONE', *, *, #5065, .T. ) ;
#2008 = LINE ( 'NONE', #5681, #4606 ) ;
#2009 = CARTESIAN_POINT ( 'NONE',  ( 8.347804207010096178, 8.652195792989887835, 103.7474970113291306 ) ) ;
#2010 = CARTESIAN_POINT ( 'NONE',  ( -19.74999999999973355, 7.249999999999999112, 132.9242565173703383 ) ) ;
#2011 = CARTESIAN_POINT ( 'NONE',  ( 14.44877779753428726, 30.36522652993528126, 103.8500000000000085 ) ) ;
#2012 = ORIENTED_EDGE ( 'NONE', *, *, #374, .F. ) ;
#2013 = PLANE ( 'NONE',  #7786 ) ;
#2014 = CARTESIAN_POINT ( 'NONE',  ( -6.461632481551577101, 9.249999999999998224, 101.6793555281188901 ) ) ;
#2015 = ORIENTED_EDGE ( 'NONE', *, *, #5676, .T. ) ;
#2016 = CARTESIAN_POINT ( 'NONE',  ( 13.65792651620517972, 27.78191489034897899, 104.8883279828647659 ) ) ;
#2017 = LINE ( 'NONE', #5131, #5895 ) ;
#2018 = FACE_OUTER_BOUND ( 'NONE', #10020, .T. ) ;
#2019 = ORIENTED_EDGE ( 'NONE', *, *, #9152, .F. ) ;
#2020 = CARTESIAN_POINT ( 'NONE',  ( 21.38830408857765519, 0.000000000000000000, 140.2771036446683013 ) ) ;
#2021 = CARTESIAN_POINT ( 'NONE',  ( -7.127430812560488604, 8.892507632832655773, 102.4397733212163786 ) ) ;
#2022 = ORIENTED_EDGE ( 'NONE', *, *, #10012, .T. ) ;
#2023 = CARTESIAN_POINT ( 'NONE',  ( 19.99999999999998934, 0.000000000000000000, 94.43550806100934381 ) ) ;
#2024 = EDGE_LOOP ( 'NONE', ( #6162, #10731, #3144, #11590, #9252 ) ) ;
#2025 = DIRECTION ( 'NONE',  ( -1.000000000000000000, 0.000000000000000000, -0.000000000000000000 ) ) ;
#2026 = EDGE_CURVE ( 'NONE', #5950, #4044, #4078, .T. ) ;
#2027 = CARTESIAN_POINT ( 'NONE',  ( 4.462227422511216623, 8.949000138681059369, 103.9563565960496163 ) ) ;
#2028 = VERTEX_POINT ( 'NONE', #4097 ) ;
#2029 = CARTESIAN_POINT ( 'NONE',  ( -7.499999999988182786, 0.000000000000000000, 163.0000000000001421 ) ) ;
#2030 = CARTESIAN_POINT ( 'NONE',  ( -16.15036770283123602, 27.32231563746960035, 107.4017489647370098 ) ) ;
#2031 = ADVANCED_FACE ( 'NONE', ( #1529 ), #2200, .F. ) ;
#2032 = CARTESIAN_POINT ( 'NONE',  ( -5.351479498351901398, 9.640613048974886468, 105.0359519146173000 ) ) ;
#2033 = DIRECTION ( 'NONE',  ( 0.000000000000000000, 1.000000000000000000, 0.000000000000000000 ) ) ;
#2034 = ORIENTED_EDGE ( 'NONE', *, *, #808, .F. ) ;
#2035 = DIRECTION ( 'NONE',  ( -0.7071067811865474617, 0.7071067811865474617, 0.000000000000000000 ) ) ;
#2036 = LINE ( 'NONE', #9436, #741 ) ;
#2037 = ORIENTED_EDGE ( 'NONE', *, *, #6542, .F. ) ;
#2038 = EDGE_LOOP ( 'NONE', ( #10141, #1357, #3739, #6307 ) ) ;
#2039 = CARTESIAN_POINT ( 'NONE',  ( 29.37500000000054357, 1.250000000000004885, 82.35000000000000853 ) ) ;
#2040 = CARTESIAN_POINT ( 'NONE',  ( -38.85874574462972930, 0.000000000000000000, 27.20918669576420967 ) ) ;
#2041 = PLANE ( 'NONE',  #7996 ) ;
#2042 = CARTESIAN_POINT ( 'NONE',  ( 8.750000000000000000, 8.249999999999996447, 138.8414722278378690 ) ) ;
#2043 = CARTESIAN_POINT ( 'NONE',  ( -5.218841024099008408, 8.653447718566710023, 105.2602266787836385 ) ) ;
#2044 = VERTEX_POINT ( 'NONE', #8534 ) ;
#2045 = EDGE_CURVE ( 'NONE', #7153, #4349, #10924, .T. ) ;
#2046 = EDGE_LOOP ( 'NONE', ( #10314, #5657, #1622, #4550 ) ) ;
#2047 = CARTESIAN_POINT ( 'NONE',  ( 8.155797152265193972, 9.179730840277459336, 103.7436434039504292 ) ) ;
#2048 = CARTESIAN_POINT ( 'NONE',  ( -15.87753361774307059, 26.66761576680071855, 102.7902020575608617 ) ) ;
#2049 = DIRECTION ( 'NONE',  ( 1.000000000000000000, -0.000000000000000000, -0.000000000000000000 ) ) ;
#2050 = DIRECTION ( 'NONE',  ( 0.000000000000000000, 0.000000000000000000, -1.000000000000000000 ) ) ;
#2051 = CARTESIAN_POINT ( 'NONE',  ( -7.140878878798953444, 9.859121121201043891, 102.2796942668756088 ) ) ;
#2052 = CARTESIAN_POINT ( 'NONE',  ( 3.358391833210450539, 2.250000000000000000, 150.5000000000000000 ) ) ;
#2053 = CARTESIAN_POINT ( 'NONE',  ( 17.99999999999998934, 0.000000000000000000, 87.43550806100932959 ) ) ;
#2054 = DIRECTION ( 'NONE',  ( 0.000000000000000000, 0.000000000000000000, 1.000000000000000000 ) ) ;
#2055 = EDGE_CURVE ( 'NONE', #6573, #1959, #9879, .T. ) ;
#2056 = ORIENTED_EDGE ( 'NONE', *, *, #658, .T. ) ;
#2057 = EDGE_CURVE ( 'NONE', #3525, #4476, #4435, .T. ) ;
#2058 = PLANE ( 'NONE',  #7260 ) ;
#2059 = CARTESIAN_POINT ( 'NONE',  ( 2.993589701932616087, 13.63737998535345497, 103.7114556215004200 ) ) ;
#2060 = ORIENTED_EDGE ( 'NONE', *, *, #376, .F. ) ;
#2061 = VERTEX_POINT ( 'NONE', #6098 ) ;
#2062 = CARTESIAN_POINT ( 'NONE',  ( -23.53921572489427305, 2.250000000000000444, 126.3489238107519981 ) ) ;
#2063 = CARTESIAN_POINT ( 'NONE',  ( -13.75000000000000178, 31.94302117641175442, 88.60000000000002274 ) ) ;
#2064 = EDGE_CURVE ( 'NONE', #1031, #6888, #8879, .T. ) ;
#2065 = CARTESIAN_POINT ( 'NONE',  ( -19.74999999999964473, 0.000000000000000000, 139.4242565173703667 ) ) ;
#2066 = CARTESIAN_POINT ( 'NONE',  ( -7.283805491649734343, 10.42870612352672666, 135.6275400263034783 ) ) ;
#2067 = ORIENTED_EDGE ( 'NONE', *, *, #11160, .T. ) ;
#2068 = DIRECTION ( 'NONE',  ( 0.3145145977190313968, 0.000000000000000000, -0.9492526364575637476 ) ) ;
#2069 = CARTESIAN_POINT ( 'NONE',  ( -7.704594778151472312, 9.249999999999998224, 101.8927299270677906 ) ) ;
#2070 = EDGE_CURVE ( 'NONE', #10511, #5448, #2715, .T. ) ;
#2071 = ORIENTED_EDGE ( 'NONE', *, *, #5072, .T. ) ;
#2072 = CARTESIAN_POINT ( 'NONE',  ( -2.973294767074617706, 13.52673032622000449, 104.1318407279012632 ) ) ;
#2073 = CARTESIAN_POINT ( 'NONE',  ( -1.499999999999996225, 13.48034298036375489, 105.6917036024919696 ) ) ;
#2074 = VECTOR ( 'NONE', #3819, 1000.000000000000000 ) ;
#2075 = CARTESIAN_POINT ( 'NONE',  ( 7.663197318814717107, 9.922907052438159070, 105.2286969492491124 ) ) ;
#2076 = VECTOR ( 'NONE', #8063, 1000.000000000000000 ) ;
#2077 = ORIENTED_EDGE ( 'NONE', *, *, #8830, .T. ) ;
#2078 = CARTESIAN_POINT ( 'NONE',  ( 18.11169591142169111, 2.250000000000000444, 142.5714093900725175 ) ) ;
#2079 = CARTESIAN_POINT ( 'NONE',  ( -6.331243836428562588, 8.500000000000000000, 106.0393654894793229 ) ) ;
#2080 = ORIENTED_EDGE ( 'NONE', *, *, #4492, .F. ) ;
#2081 = DIRECTION ( 'NONE',  ( 0.4226182617407002184, 0.9063077870366496036, -0.000000000000000000 ) ) ;
#2082 = AXIS2_PLACEMENT_3D ( 'NONE', #4882, #7667, #177 ) ;
#2083 = EDGE_LOOP ( 'NONE', ( #5412, #1455, #7878, #815, #10478, #10253, #4491, #5404, #9418, #8547 ) ) ;
#2084 = CARTESIAN_POINT ( 'NONE',  ( 29.37500000000053291, 1.249999999999998890, 77.10000000000002274 ) ) ;
#2085 = CARTESIAN_POINT ( 'NONE',  ( 5.259509869115723824, 8.500000000000000000, 105.4971253870907901 ) ) ;
#2086 = VERTEX_POINT ( 'NONE', #3540 ) ;
#2087 = DIRECTION ( 'NONE',  ( 0.000000000000000000, -1.000000000000000000, 0.000000000000000000 ) ) ;
#2088 = CARTESIAN_POINT ( 'NONE',  ( 19.74999999999973355, 0.000000000000000000, 132.9242565173703383 ) ) ;
#2089 = DIRECTION ( 'NONE',  ( 0.5735764363510474917, 0.000000000000000000, -0.8191520442889909104 ) ) ;
#2090 = DIRECTION ( 'NONE',  ( 0.000000000000000000, 0.000000000000000000, -1.000000000000000000 ) ) ;
#2091 = EDGE_LOOP ( 'NONE', ( #1940, #11575, #3760, #6632 ) ) ;
#2092 = LINE ( 'NONE', #10265, #9829 ) ;
#2093 = AXIS2_PLACEMENT_3D ( 'NONE', #6522, #5316, #4605 ) ;
#2094 = EDGE_CURVE ( 'NONE', #11162, #9471, #1827, .T. ) ;
#2095 = ORIENTED_EDGE ( 'NONE', *, *, #10089, .T. ) ;
#2096 = ORIENTED_EDGE ( 'NONE', *, *, #7412, .T. ) ;
#2097 = CIRCLE ( 'NONE', #10224, 2.000000000000001776 ) ;
#2098 = DIRECTION ( 'NONE',  ( 1.000000000000000000, 0.000000000000000000, -0.000000000000000000 ) ) ;
#2099 = LINE ( 'NONE', #5719, #2690 ) ;
#2100 = EDGE_CURVE ( 'NONE', #1293, #11046, #10707, .T. ) ;
#2101 = AXIS2_PLACEMENT_3D ( 'NONE', #4382, #3545, #6215 ) ;
#2102 = PLANE ( 'NONE',  #1757 ) ;
#2103 = CARTESIAN_POINT ( 'NONE',  ( 33.75000000000054001, 2.250000000000000000, 122.3259074277046068 ) ) ;
#2104 = CARTESIAN_POINT ( 'NONE',  ( -4.366182307816492525, 8.546648174293268951, 104.3735998953666666 ) ) ;
#2105 = EDGE_CURVE ( 'NONE', #11546, #8850, #5265, .T. ) ;
#2106 = EDGE_CURVE ( 'NONE', #2961, #1465, #9707, .T. ) ;
#2107 = ORIENTED_EDGE ( 'NONE', *, *, #3429, .F. ) ;
#2108 = EDGE_CURVE ( 'NONE', #3191, #103, #10569, .T. ) ;
#2109 = ORIENTED_EDGE ( 'NONE', *, *, #5075, .F. ) ;
#2110 = VECTOR ( 'NONE', #9528, 1000.000000000000000 ) ;
#2111 = CARTESIAN_POINT ( 'NONE',  ( -15.18194599342261242, 28.09243322729249215, 103.8500000000000085 ) ) ;
#2112 = CARTESIAN_POINT ( 'NONE',  ( 4.750501930129053640, 9.567206815273994636, 103.7883005261308114 ) ) ;
#2113 = CYLINDRICAL_SURFACE ( 'NONE', #1877, 2.000000000000001776 ) ;
#2114 = DIRECTION ( 'NONE',  ( 0.000000000000000000, 0.000000000000000000, 1.000000000000000000 ) ) ;
#2115 = LINE ( 'NONE', #2177, #1645 ) ;
#2116 = CARTESIAN_POINT ( 'NONE',  ( -16.25000000000000000, 21.45637587167328064, 107.6000000000000085 ) ) ;
#2117 = ORIENTED_EDGE ( 'NONE', *, *, #10237, .F. ) ;
#2118 = PLANE ( 'NONE',  #2163 ) ;
#2119 = CARTESIAN_POINT ( 'NONE',  ( 2.374871072663359950, 13.92189049031633807, 102.6305355008820897 ) ) ;
#2120 = AXIS2_PLACEMENT_3D ( 'NONE', #1666, #4572, #10844 ) ;
#2121 = EDGE_CURVE ( 'NONE', #6116, #9312, #7150, .T. ) ;
#2122 = ORIENTED_EDGE ( 'NONE', *, *, #6839, .F. ) ;
#2123 = EDGE_CURVE ( 'NONE', #1162, #4775, #7872, .T. ) ;
#2124 = VERTEX_POINT ( 'NONE', #745 ) ;
#2125 = DIRECTION ( 'NONE',  ( 0.000000000000000000, 0.000000000000000000, 1.000000000000000000 ) ) ;
#2126 = EDGE_CURVE ( 'NONE', #11297, #6463, #7927, .T. ) ;
#2127 = DIRECTION ( 'NONE',  ( 0.5305617196240727251, 0.6610662019337344431, -0.5305617196240733913 ) ) ;
#2128 = VECTOR ( 'NONE', #4561, 1000.000000000000000 ) ;
#2129 = CARTESIAN_POINT ( 'NONE',  ( 12.08750162854155441, 21.45637587167328064, 100.1000000000000085 ) ) ;
#2130 = LINE ( 'NONE', #9178, #1127 ) ;
#2131 = EDGE_LOOP ( 'NONE', ( #2495, #11481, #1712, #10583 ) ) ;
#2132 = DIRECTION ( 'NONE',  ( -1.734723475976793684E-15, 0.000000000000000000, 1.000000000000000000 ) ) ;
#2133 = CARTESIAN_POINT ( 'NONE',  ( -4.303499617484206397, 9.249999999999998224, 103.3896128900789364 ) ) ;
#2134 = VERTEX_POINT ( 'NONE', #1769 ) ;
#2135 = CARTESIAN_POINT ( 'NONE',  ( -2.894153243175339618, 13.45520293058072880, 104.4035919074550947 ) ) ;
#2136 = DIRECTION ( 'NONE',  ( 0.4226182617407007736, 0.9063077870366492705, 0.000000000000000000 ) ) ;
#2137 = CARTESIAN_POINT ( 'NONE',  ( 5.476736701699611132, 9.655895717743128159, 105.1304381950189111 ) ) ;
#2138 = ORIENTED_EDGE ( 'NONE', *, *, #9939, .F. ) ;
#2139 = AXIS2_PLACEMENT_3D ( 'NONE', #7674, #11615, #831 ) ;
#2140 = EDGE_CURVE ( 'NONE', #2233, #8016, #684, .T. ) ;
#2141 = CARTESIAN_POINT ( 'NONE',  ( -8.465454710910393032, 8.500000000000000000, 104.5554471023145027 ) ) ;
#2142 = EDGE_CURVE ( 'NONE', #6672, #4656, #4317, .T. ) ;
#2143 = ORIENTED_EDGE ( 'NONE', *, *, #3642, .F. ) ;
#2144 = CARTESIAN_POINT ( 'NONE',  ( -11.99999999998817479, 2.250000000000000000, 155.5000000000000284 ) ) ;
#2145 = AXIS2_PLACEMENT_3D ( 'NONE', #125, #5050, #2867 ) ;
#2146 = VERTEX_POINT ( 'NONE', #11529 ) ;
#2147 = CYLINDRICAL_SURFACE ( 'NONE', #7172, 2.000000000000001776 ) ;
#2148 = CARTESIAN_POINT ( 'NONE',  ( 7.692906309821359478, 8.499999999999996447, 105.2799118410912058 ) ) ;
#2149 = ORIENTED_EDGE ( 'NONE', *, *, #4168, .T. ) ;
#2150 = CARTESIAN_POINT ( 'NONE',  ( 7.413942370487658806, 9.586057629512339417, 102.0915263650790337 ) ) ;
#2151 = B_SPLINE_CURVE_WITH_KNOTS ( 'NONE', 1,
 ( #11728, #6231 ),
 .UNSPECIFIED., .F., .F.,
 ( 2, 2 ),
 ( 0.000000000000000000, 1.000000000000000000 ),
 .UNSPECIFIED. ) ;
#2152 = CARTESIAN_POINT ( 'NONE',  ( -12.74999999999995559, 13.96768987689089769, 109.2687067062699384 ) ) ;
#2153 = VECTOR ( 'NONE', #7278, 1000.000000000000000 ) ;
#2154 = CARTESIAN_POINT ( 'NONE',  ( -6.458563320240791050, 9.775797958982716196, 105.4666281989047292 ) ) ;
#2155 = CARTESIAN_POINT ( 'NONE',  ( -12.66611185142060059, 8.499999999999998224, 121.1993297625707697 ) ) ;
#2156 = ORIENTED_EDGE ( 'NONE', *, *, #10347, .T. ) ;
#2157 = AXIS2_PLACEMENT_3D ( 'NONE', #1451, #9743, #5070 ) ;
#2158 = CARTESIAN_POINT ( 'NONE',  ( -43.56952484415455729, 2.250000000000000000, 30.50770973209273151 ) ) ;
#2159 = VERTEX_POINT ( 'NONE', #9938 ) ;
#2160 = ORIENTED_EDGE ( 'NONE', *, *, #1399, .F. ) ;
#2161 = DIRECTION ( 'NONE',  ( 0.8660254037844455910, 0.000000000000000000, -0.4999999999999879541 ) ) ;
#2162 = CARTESIAN_POINT ( 'NONE',  ( -7.949834432432205666, 21.45637587167328064, 103.8500000000000085 ) ) ;
#2163 = AXIS2_PLACEMENT_3D ( 'NONE', #1222, #4074, #2180 ) ;
#2164 = CARTESIAN_POINT ( 'NONE',  ( 15.29114218035016037, 26.55195401848749981, 102.4084296756661701 ) ) ;
#2165 = CARTESIAN_POINT ( 'NONE',  ( 16.25000000000000000, 0.000000000000000000, 0.000000000000000000 ) ) ;
#2166 = CARTESIAN_POINT ( 'NONE',  ( -9.999999999999996447, 2.250000000000003997, 160.2014815911317100 ) ) ;
#2167 = AXIS2_PLACEMENT_3D ( 'NONE', #7460, #7517, #4854 ) ;
#2168 = ORIENTED_EDGE ( 'NONE', *, *, #5209, .F. ) ;
#2169 = EDGE_LOOP ( 'NONE', ( #6022, #5776, #1367, #5715 ) ) ;
#2170 = AXIS2_PLACEMENT_3D ( 'NONE', #7206, #5615, #4486 ) ;
#2171 = ADVANCED_FACE ( 'NONE', ( #6210 ), #9814, .F. ) ;
#2172 = DIRECTION ( 'NONE',  ( 1.000000000000000000, 0.000000000000000000, -2.037106467202124000E-14 ) ) ;
#2173 = DIRECTION ( 'NONE',  ( -0.7155364601818561265, 0.6820163629766543556, 0.1511993875070771209 ) ) ;
#2174 = EDGE_CURVE ( 'NONE', #10131, #3696, #628, .T. ) ;
#2175 = DIRECTION ( 'NONE',  ( 0.000000000000000000, 0.000000000000000000, 1.000000000000000000 ) ) ;
#2176 = FACE_OUTER_BOUND ( 'NONE', #2091, .T. ) ;
#2177 = CARTESIAN_POINT ( 'NONE',  ( -1.249999999999999778, 9.966439613938115727, 125.0070671349781719 ) ) ;
#2178 = DIRECTION ( 'NONE',  ( -1.000000000000000000, 0.000000000000000000, 0.000000000000000000 ) ) ;
#2179 = ORIENTED_EDGE ( 'NONE', *, *, #1470, .F. ) ;
#2180 = DIRECTION ( 'NONE',  ( 0.000000000000000000, 0.000000000000000000, 1.000000000000000000 ) ) ;
#2182 = VECTOR ( 'NONE', #11630, 1000.000000000000114 ) ;
#2181 = CARTESIAN_POINT ( 'NONE',  ( 2.249290169191475730, 13.94318544352779732, 102.5496255101933230 ) ) ;
#2183 = VERTEX_POINT ( 'NONE', #10823 ) ;
#2184 = ORIENTED_EDGE ( 'NONE', *, *, #6112, .T. ) ;
#2185 = VECTOR ( 'NONE', #11178, 1000.000000000000000 ) ;
#2186 = CARTESIAN_POINT ( 'NONE',  ( 16.15036770283019862, 27.25031234153075133, 107.3914408426330596 ) ) ;
#2187 = DIRECTION ( 'NONE',  ( 0.000000000000000000, 0.000000000000000000, 1.000000000000000000 ) ) ;
#2188 = CARTESIAN_POINT ( 'NONE',  ( -39.57583120581397651, 2.250000000000000000, 27.71129534122605520 ) ) ;
#2189 = CARTESIAN_POINT ( 'NONE',  ( -21.90091163631615956, 7.249999999999999112, 135.9960766834541062 ) ) ;
#2190 = ORIENTED_EDGE ( 'NONE', *, *, #8491, .F. ) ;
#2191 = EDGE_CURVE ( 'NONE', #4657, #5456, #6334, .T. ) ;
#2192 = DIRECTION ( 'NONE',  ( 8.673617379884036705E-17, -1.000000000000000000, 0.000000000000000000 ) ) ;
#2193 = CARTESIAN_POINT ( 'NONE',  ( 15.94830303527152537, 27.73507506979734316, 107.5047241348394067 ) ) ;
#2194 = VERTEX_POINT ( 'NONE', #9764 ) ;
#2195 = CARTESIAN_POINT ( 'NONE',  ( -2.960570696648549216, 13.50985279259900373, 104.1959615989215848 ) ) ;
#2196 = EDGE_CURVE ( 'NONE', #3328, #7536, #8877, .T. ) ;
#2197 = VERTEX_POINT ( 'NONE', #9230 ) ;
#2198 = CARTESIAN_POINT ( 'NONE',  ( 7.907010397414595104, 9.952681590805550371, 105.0735568859490030 ) ) ;
#2199 = ORIENTED_EDGE ( 'NONE', *, *, #736, .F. ) ;
#2200 = CYLINDRICAL_SURFACE ( 'NONE', #9262, 2.000000000000001776 ) ;
#2201 = DIRECTION ( 'NONE',  ( 1.000000000000000000, 0.000000000000000000, -0.000000000000000000 ) ) ;
#2202 = VERTEX_POINT ( 'NONE', #1103 ) ;
#2203 = PLANE ( 'NONE',  #5668 ) ;
#2204 = CARTESIAN_POINT ( 'NONE',  ( 7.886745438911213490, 8.500000000000000000, 105.1042339289646179 ) ) ;
#2205 = EDGE_LOOP ( 'NONE', ( #5544, #9347, #7748, #11383 ) ) ;
#2206 = LINE ( 'NONE', #410, #2864 ) ;
#2207 = LINE ( 'NONE', #9146, #1376 ) ;
#2208 = CARTESIAN_POINT ( 'NONE',  ( -1.499999999999999334, 13.99573097772450403, 102.3500000000000227 ) ) ;
#2209 = CARTESIAN_POINT ( 'NONE',  ( 29.37500000000054357, 1.250000000000005107, 82.35000000000000853 ) ) ;
#2210 = CARTESIAN_POINT ( 'NONE',  ( -14.61141134007266906, 26.86891771479302449, 103.8500000000000085 ) ) ;
#2211 = ORIENTED_EDGE ( 'NONE', *, *, #2196, .F. ) ;
#2212 = ADVANCED_FACE ( 'NONE', ( #6446 ), #1881, .F. ) ;
#2213 = EDGE_CURVE ( 'NONE', #1662, #5369, #4673, .T. ) ;
#2214 = DIRECTION ( 'NONE',  ( 1.430334778780155825E-16, -0.2164396139381069006, 0.9762960071199324741 ) ) ;
#2215 = ORIENTED_EDGE ( 'NONE', *, *, #997, .T. ) ;
#2216 = ORIENTED_EDGE ( 'NONE', *, *, #5416, .F. ) ;
#2217 = CARTESIAN_POINT ( 'NONE',  ( 7.283805491649734343, 9.716194508350264769, 138.8414722278378406 ) ) ;
#2218 = CARTESIAN_POINT ( 'NONE',  ( -19.04289321881348229, 1.542893218813459866, 138.8414722278378690 ) ) ;
#2219 = EDGE_CURVE ( 'NONE', #10147, #10659, #423, .T. ) ;
#2220 = CARTESIAN_POINT ( 'NONE',  ( -6.784878555090921637, 9.815640844835803236, 102.2288272380409353 ) ) ;
#2221 = DIRECTION ( 'NONE',  ( -0.000000000000000000, -1.000000000000000000, -0.000000000000000000 ) ) ;
#2222 = FACE_OUTER_BOUND ( 'NONE', #7979, .T. ) ;
#2223 = VERTEX_POINT ( 'NONE', #11002 ) ;
#2224 = DIRECTION ( 'NONE',  ( 0.000000000000000000, 1.000000000000000000, 0.000000000000000000 ) ) ;
#2225 = CARTESIAN_POINT ( 'NONE',  ( 5.391923568516545195, 9.645548874567623443, 102.6322495392444409 ) ) ;
#2226 = CARTESIAN_POINT ( 'NONE',  ( -17.44999999998816875, 0.000000000000000000, 156.6000000000001933 ) ) ;
#2227 = CARTESIAN_POINT ( 'NONE',  ( 17.39427810540340147, 28.99171717927801240, 103.8500000000000085 ) ) ;
#2228 = PLANE ( 'NONE',  #6144 ) ;
#2229 = DIRECTION ( 'NONE',  ( 0.000000000000000000, 1.000000000000000000, 0.000000000000000000 ) ) ;
#2230 = ORIENTED_EDGE ( 'NONE', *, *, #6538, .T. ) ;
#2231 = LINE ( 'NONE', #6791, #5188 ) ;
#2232 = CARTESIAN_POINT ( 'NONE',  ( 2.981328695954820418, 13.66309746504013134, 103.6137461264815727 ) ) ;
#2233 = VERTEX_POINT ( 'NONE', #3663 ) ;
#2234 = VERTEX_POINT ( 'NONE', #2062 ) ;
#2235 = CARTESIAN_POINT ( 'NONE',  ( 26.50000000000052935, 0.000000000000000000, 87.60000000000000853 ) ) ;
#2236 = LINE ( 'NONE', #1463, #657 ) ;
#2237 = LINE ( 'NONE', #6626, #5193 ) ;
#2238 = ORIENTED_EDGE ( 'NONE', *, *, #2967, .F. ) ;
#2239 = CARTESIAN_POINT ( 'NONE',  ( 16.25000000000000000, 3.115450634534589899E-13, 137.8414722278378690 ) ) ;
#2240 = CIRCLE ( 'NONE', #6238, 2.000000000000001776 ) ;
#2241 = CARTESIAN_POINT ( 'NONE',  ( 15.86167683370010373, 27.77546953098697813, 107.5242346141747589 ) ) ;
#2242 = ORIENTED_EDGE ( 'NONE', *, *, #2986, .T. ) ;
#2243 = CARTESIAN_POINT ( 'NONE',  ( -2.688879230095222450, 13.35982710869618018, 104.7659561930765335 ) ) ;
#2244 = ORIENTED_EDGE ( 'NONE', *, *, #9344, .T. ) ;
#2245 = CARTESIAN_POINT ( 'NONE',  ( 5.253303302407846154, 9.628609952935224925, 102.7456997570508292 ) ) ;
#2246 = ORIENTED_EDGE ( 'NONE', *, *, #6895, .F. ) ;
#2247 = EDGE_CURVE ( 'NONE', #2844, #4124, #8759, .T. ) ;
#2248 = CARTESIAN_POINT ( 'NONE',  ( -6.786701134427673310, 8.849829626204547495, 105.3920051475140696 ) ) ;
#2249 = EDGE_CURVE ( 'NONE', #1364, #622, #2008, .T. ) ;
#2250 = CARTESIAN_POINT ( 'NONE',  ( 46.84613302130913581, 2.250000000000000000, 32.80201547749437907 ) ) ;
#2251 = VERTEX_POINT ( 'NONE', #3843 ) ;
#2252 = CYLINDRICAL_SURFACE ( 'NONE', #1878, 0.5000000000000004441 ) ;
#2253 = CARTESIAN_POINT ( 'NONE',  ( 4.840619934010904402, 8.972637642788221513, 104.8412339062982142 ) ) ;
#2254 = VERTEX_POINT ( 'NONE', #7394 ) ;
#2255 = CARTESIAN_POINT ( 'NONE',  ( 0.000000000000000000, -23.51734162784412518, 106.0798728642401443 ) ) ;
#2256 = CARTESIAN_POINT ( 'NONE',  ( 16.25000000000000000, 21.45637587167328064, 100.1000000000000227 ) ) ;
#2257 = CARTESIAN_POINT ( 'NONE',  ( -2.392501048138500064, 14.21779485279617816, 102.3652731704696208 ) ) ;
#2258 = VECTOR ( 'NONE', #231, 1000.000000000000000 ) ;
#2259 = VECTOR ( 'NONE', #7214, 1000.000000000000000 ) ;
#2260 = CARTESIAN_POINT ( 'NONE',  ( -6.846993968911268880, 9.823230881541306303, 105.4664840480388790 ) ) ;
#2261 = LINE ( 'NONE', #7883, #9156 ) ;
#2262 = ORIENTED_EDGE ( 'NONE', *, *, #2572, .T. ) ;
#2263 = DIRECTION ( 'NONE',  ( 0.000000000000000000, -1.000000000000000000, 2.260169297513790404E-15 ) ) ;
#2264 = CIRCLE ( 'NONE', #10766, 2.000000000000001776 ) ;
#2265 = AXIS2_PLACEMENT_3D ( 'NONE', #315, #6737, #6675 ) ;
#2266 = ORIENTED_EDGE ( 'NONE', *, *, #214, .F. ) ;
#2267 = CARTESIAN_POINT ( 'NONE',  ( 8.191335987641696903, 8.500000000000000000, 103.0089082616054412 ) ) ;
#2268 = EDGE_CURVE ( 'NONE', #3317, #9535, #928, .T. ) ;
#2269 = ORIENTED_EDGE ( 'NONE', *, *, #10021, .T. ) ;
#2270 = LINE ( 'NONE', #11495, #8350 ) ;
#2271 = CARTESIAN_POINT ( 'NONE',  ( 12.99999999998817479, 2.250000000000000000, 154.5000000000000853 ) ) ;
#2272 = LINE ( 'NONE', #426, #10432 ) ;
#2273 = CARTESIAN_POINT ( 'NONE',  ( -9.000000000000000000, 2.249999999999998668, 94.10000000000003695 ) ) ;
#2274 = B_SPLINE_CURVE_WITH_KNOTS ( 'NONE', 3,
 ( #9120, #5629, #1112, #156, #8348, #8168, #2905, #4682 ),
 .UNSPECIFIED., .F., .F.,
 ( 4, 2, 2, 4 ),
 ( 5.204170427930421283E-18, 0.0004418718081906350599, 0.0006628077122859478464, 0.0008837436163812607956 ),
 .UNSPECIFIED. ) ;
#2275 = LINE ( 'NONE', #4835, #6889 ) ;
#2276 = AXIS2_PLACEMENT_3D ( 'NONE', #6638, #9244, #3793 ) ;
#2277 = ORIENTED_EDGE ( 'NONE', *, *, #958, .T. ) ;
#2278 = CARTESIAN_POINT ( 'NONE',  ( 16.25000000000000000, 21.45637587167328064, 101.1000000000000227 ) ) ;
#2279 = DIRECTION ( 'NONE',  ( -1.000000000000000000, -0.000000000000000000, -0.000000000000000000 ) ) ;
#2280 = CARTESIAN_POINT ( 'NONE',  ( 16.15036770282975453, 27.32231563746865532, 102.7577336824237193 ) ) ;
#2281 = CARTESIAN_POINT ( 'NONE',  ( -6.570612033729096524, 21.45637587167328064, 121.1993297625707697 ) ) ;
#2282 = DIRECTION ( 'NONE',  ( -0.5735764363510466035, 0.000000000000000000, -0.8191520442889913545 ) ) ;
#2283 = ORIENTED_EDGE ( 'NONE', *, *, #7608, .F. ) ;
#2284 = CARTESIAN_POINT ( 'NONE',  ( 4.999999999999989342, 2.250000000000000444, 89.43550806100923012 ) ) ;
#2285 = CARTESIAN_POINT ( 'NONE',  ( -6.249999999999999112, 9.966439613938113951, 125.0070671349781719 ) ) ;
#2286 = ORIENTED_EDGE ( 'NONE', *, *, #6828, .T. ) ;
#2287 = AXIS2_PLACEMENT_3D ( 'NONE', #10180, #11243, #2132 ) ;
#2288 = ORIENTED_EDGE ( 'NONE', *, *, #3859, .T. ) ;
#2289 = CARTESIAN_POINT ( 'NONE',  ( 16.10352159634808089, 27.11100650659829725, 107.3855339059328173 ) ) ;
#2290 = CARTESIAN_POINT ( 'NONE',  ( -16.25000000000000000, 2.250000000000000000, 109.8500000000000227 ) ) ;
#2291 = CIRCLE ( 'NONE', #7027, 1.999999999999988010 ) ;
#2292 = CARTESIAN_POINT ( 'NONE',  ( 8.499999999999989342, 8.500000000000000000, 107.6000000000000085 ) ) ;
#2293 = ORIENTED_EDGE ( 'NONE', *, *, #11433, .T. ) ;
#2294 = DIRECTION ( 'NONE',  ( -0.6785983445458487751, -0.2810846377148117359, -0.6785983445458487751 ) ) ;
#2295 = FACE_OUTER_BOUND ( 'NONE', #4609, .T. ) ;
#2296 = AXIS2_PLACEMENT_3D ( 'NONE', #5475, #5654, #9268 ) ;
#2297 = ORIENTED_EDGE ( 'NONE', *, *, #2572, .F. ) ;
#2298 = VECTOR ( 'NONE', #2087, 1000.000000000000000 ) ;
#2299 = CARTESIAN_POINT ( 'NONE',  ( -2.626140150183755129, 13.34003363036294232, 104.8411544535026962 ) ) ;
#2300 = ORIENTED_EDGE ( 'NONE', *, *, #9630, .F. ) ;
#2301 = CARTESIAN_POINT ( 'NONE',  ( 7.663197318814708225, 9.922907052438162623, 102.4713030507509046 ) ) ;
#2302 = EDGE_LOOP ( 'NONE', ( #3513, #9532, #3546, #2816 ) ) ;
#2303 = VECTOR ( 'NONE', #4698, 1000.000000000000114 ) ;
#2304 = CIRCLE ( 'NONE', #6090, 2.000000000000001776 ) ;
#2305 = DIRECTION ( 'NONE',  ( 0.000000000000000000, -1.000000000000000000, 0.000000000000000000 ) ) ;
#2306 = LINE ( 'NONE', #629, #5266 ) ;
#2307 = ORIENTED_EDGE ( 'NONE', *, *, #10790, .T. ) ;
#2308 = EDGE_CURVE ( 'NONE', #5650, #2197, #6508, .T. ) ;
#2309 = CARTESIAN_POINT ( 'NONE',  ( 4.999999999999989342, 0.000000000000000000, 87.43550806100923012 ) ) ;
#2310 = DIRECTION ( 'NONE',  ( -0.000000000000000000, -1.000000000000000000, -0.000000000000000000 ) ) ;
#2311 = ORIENTED_EDGE ( 'NONE', *, *, #5427, .F. ) ;
#2312 = CYLINDRICAL_SURFACE ( 'NONE', #4379, 2.000000000000001776 ) ;
#2313 = DIRECTION ( 'NONE',  ( -0.4226182617407009956, 0.9063077870366492705, 1.110223024625156417E-16 ) ) ;
#2314 = EDGE_CURVE ( 'NONE', #3469, #7376, #9050, .T. ) ;
#2315 = DIRECTION ( 'NONE',  ( 0.4226182617407009956, 0.9063077870366493816, 0.000000000000000000 ) ) ;
#2316 = VECTOR ( 'NONE', #7175, 1000.000000000000000 ) ;
#2317 = CARTESIAN_POINT ( 'NONE',  ( -16.10352159634808089, 27.11100650659829725, 100.3144660940671997 ) ) ;
#2318 = PLANE ( 'NONE',  #443 ) ;
#2319 = ORIENTED_EDGE ( 'NONE', *, *, #883, .F. ) ;
#2320 = DIRECTION ( 'NONE',  ( 1.000000000000000000, 0.000000000000000000, 0.000000000000000000 ) ) ;
#2321 = VECTOR ( 'NONE', #6091, 1000.000000000000000 ) ;
#2322 = VECTOR ( 'NONE', #4502, 1000.000000000000114 ) ;
#2323 = EDGE_LOOP ( 'NONE', ( #6805, #5935, #454, #8621 ) ) ;
#2324 = CARTESIAN_POINT ( 'NONE',  ( 6.851999134636176159, 8.500000000000000000, 105.6872738534140979 ) ) ;
#2325 = VECTOR ( 'NONE', #4194, 1000.000000000000000 ) ;
#2326 = DIRECTION ( 'NONE',  ( 0.8660254037844437036, 0.000000000000000000, 0.4999999999999912847 ) ) ;
#2327 = B_SPLINE_SURFACE_WITH_KNOTS ( 'NONE', 1, 3, ( 
 ( #8030, #7139, #4305, #855, #2639, #6025, #1755, #4479, #9634, #7914, #5141, #11516, #2528, #6142, #2876, #191, #4777, #5483, #8389, #1032, #7443, #9095, #7321, #3762, #7261, #7378, #257, #5424, #8264, #10036, #7200, #6494, #2047, #5661, #10163, #10808, #5546, #1088, #78, #10985, #973, #6431, #1864, #11049, #2942, #10104, #1993, #9277, #9157, #4601, #1151, #9924, #6320, #5608, #9215, #3826, #2699, #8203, #1812, #4658, #6557, #3708, #10926, #4711, #10869, #8324 ),
 ( #9036, #908, #4533, #8142, #17, #133, #3647, #2807, #2756, #6375, #1926, #9976, #1609, #6003, #5232, #8719, #4112, #10437, #4229, #7839, #10551, #6891, #7722, #10500, #3275, #9666, #2386, #11440, #2267, #11491, #2434, #10611, #7503, #526, #647, #8838, #6827, #3894, #11320, #9609, #1491, #6944, #8663, #2502, #5116, #6058, #2324, #3217, #5174, #589, #3333, #6117, #4282, #5003, #1548, #9495, #11107, #8782, #7889, #3385, #6999, #5947, #9725, #9553, #3000, #6608 ) ),
 .UNSPECIFIED., .F., .T., .F.,
 ( 2, 2 ),
 ( 4, 2, 2, 2, 2, 2, 2, 2, 2, 2, 2, 2, 2, 2, 2, 2, 2, 2, 2, 2, 2, 2, 2, 2, 2, 2, 2, 2, 2, 2, 2, 2, 4 ),
 ( 0.000000000000000000, 1.000000000000000000 ),
 ( 3.141592653589793116, 3.337942194439155408, 3.534291735288517255, 3.730641276137879103, 3.926990816987241395, 4.123340357836603687, 4.319689898685965090, 4.516039439535327382, 4.712388980384689674, 4.908738521234051966, 5.105088062083414258, 5.301437602932775661, 5.497787143782137953, 5.694136684631500245, 5.890486225480861648, 6.086835766330223940, 6.283185307179586232, 6.479534848028948524, 6.675884388878310816, 6.872233929727672219, 7.068583470577034511, 7.264933011426396803, 7.461282552275758206, 7.657632093125120498, 7.853981633974482790, 8.050331174823845970, 8.246680715673207374, 8.443030256522568777, 8.639379797371930181, 8.835729338221291584, 9.032078879070654764, 9.228428419920017944, 9.424777960769379348 ),
 .UNSPECIFIED. ) ;
#2328 = ORIENTED_EDGE ( 'NONE', *, *, #3983, .F. ) ;
#2329 = CARTESIAN_POINT ( 'NONE',  ( -12.74999999999995559, 11.66512179830155560, 113.8796372244472224 ) ) ;
#2330 = AXIS2_PLACEMENT_3D ( 'NONE', #1913, #5471, #7072 ) ;
#2331 = EDGE_CURVE ( 'NONE', #9335, #8097, #4794, .T. ) ;
#2332 = LINE ( 'NONE', #5007, #1371 ) ;
#2333 = AXIS2_PLACEMENT_3D ( 'NONE', #1566, #8801, #662 ) ;
#2334 = CARTESIAN_POINT ( 'NONE',  ( -13.54708821653337125, 2.250000000000000444, 142.2275932130291380 ) ) ;
#2335 = DIRECTION ( 'NONE',  ( -0.000000000000000000, -1.000000000000000000, -0.000000000000000000 ) ) ;
#2336 = EDGE_CURVE ( 'NONE', #1321, #1349, #8220, .T. ) ;
#2337 = DIRECTION ( 'NONE',  ( 0.4226182617407009401, 0.9063077870366492705, 0.000000000000000000 ) ) ;
#2338 = ORIENTED_EDGE ( 'NONE', *, *, #8860, .T. ) ;
#2339 = EDGE_CURVE ( 'NONE', #3313, #6175, #76, .T. ) ;
#2340 = CARTESIAN_POINT ( 'NONE',  ( 6.522227103624111955, 9.783571445457399207, 102.2285937955217747 ) ) ;
#2341 = AXIS2_PLACEMENT_3D ( 'NONE', #3407, #8917, #11340 ) ;
#2342 = EDGE_CURVE ( 'NONE', #2856, #180, #3015, .T. ) ;
#2343 = FACE_OUTER_BOUND ( 'NONE', #9947, .T. ) ;
#2344 = CARTESIAN_POINT ( 'NONE',  ( -6.570612033729097412, 21.45637587167328064, 107.6000000000000085 ) ) ;
#2345 = DIRECTION ( 'NONE',  ( 0.000000000000000000, -1.000000000000000000, 0.000000000000000000 ) ) ;
#2346 = CARTESIAN_POINT ( 'NONE',  ( -18.11169591142192914, 3.888304088578069084, 117.0714093900724464 ) ) ;
#2347 = FACE_BOUND ( 'NONE', #7861, .T. ) ;
#2348 = VERTEX_POINT ( 'NONE', #10885 ) ;
#2349 = CARTESIAN_POINT ( 'NONE',  ( -8.511571180462041752, 8.499999999999996447, 104.4176650934049064 ) ) ;
#2350 = CARTESIAN_POINT ( 'NONE',  ( -13.81078583528171677, 27.24225551899126430, 102.4778292573720648 ) ) ;
#2351 = EDGE_CURVE ( 'NONE', #2761, #4136, #8280, .T. ) ;
#2352 = ORIENTED_EDGE ( 'NONE', *, *, #7149, .T. ) ;
#2353 = AXIS2_PLACEMENT_3D ( 'NONE', #1040, #10932, #2001 ) ;
#2354 = EDGE_LOOP ( 'NONE', ( #1397, #4081, #170, #9530 ) ) ;
#2355 = CYLINDRICAL_SURFACE ( 'NONE', #10457, 2.000000000000001776 ) ;
#2356 = CARTESIAN_POINT ( 'NONE',  ( -29.37500000000054357, 2.250000000000000000, 82.35000000000000853 ) ) ;
#2357 = CARTESIAN_POINT ( 'NONE',  ( 13.83775212875645266, 28.16755216095005210, 102.8116720171352512 ) ) ;
#2358 = ORIENTED_EDGE ( 'NONE', *, *, #10574, .T. ) ;
#2359 = DIRECTION ( 'NONE',  ( 9.654113257610012971E-15, -0.000000000000000000, 1.000000000000000000 ) ) ;
#2360 = CARTESIAN_POINT ( 'NONE',  ( 1.500000000000000222, 31.94302117641175442, 102.3500000000000227 ) ) ;
#2361 = ORIENTED_EDGE ( 'NONE', *, *, #1751, .F. ) ;
#2362 = CIRCLE ( 'NONE', #3686, 1.999999999999974021 ) ;
#2363 = DIRECTION ( 'NONE',  ( -1.000000000000000000, 0.000000000000000000, 4.956352788505160310E-16 ) ) ;
#2364 = VERTEX_POINT ( 'NONE', #986 ) ;
#2365 = CARTESIAN_POINT ( 'NONE',  ( 8.329860813851945878, 9.249999999999996447, 102.2916913954254881 ) ) ;
#2366 = VERTEX_POINT ( 'NONE', #9990 ) ;
#2367 = CARTESIAN_POINT ( 'NONE',  ( -7.431487473081375583, 8.930592170241160588, 105.0742539896634753 ) ) ;
#2368 = CARTESIAN_POINT ( 'NONE',  ( 29.37500000000054357, 2.250000000000000000, 122.5000000000000711 ) ) ;
#2369 = CARTESIAN_POINT ( 'NONE',  ( -6.799485047630037471, 8.499999999999996447, 101.7306579124252721 ) ) ;
#2370 = EDGE_LOOP ( 'NONE', ( #9235, #11242, #291, #9358 ) ) ;
#2371 = DIRECTION ( 'NONE',  ( 0.000000000000000000, 0.000000000000000000, -1.000000000000000000 ) ) ;
#2372 = CARTESIAN_POINT ( 'NONE',  ( 4.214825629337461521, 8.500000000000000000, 103.9742230430334047 ) ) ;
#2373 = VERTEX_POINT ( 'NONE', #5499 ) ;
#2374 = CARTESIAN_POINT ( 'NONE',  ( -16.25000000000000000, 8.500000000000000000, 107.6000000000000085 ) ) ;
#2375 = AXIS2_PLACEMENT_3D ( 'NONE', #746, #9765, #7279 ) ;
#2376 = FACE_OUTER_BOUND ( 'NONE', #9564, .T. ) ;
#2377 = APPLICATION_CONTEXT ( 'automotive_design' ) ;
#2378 = CARTESIAN_POINT ( 'NONE',  ( 6.608757589004528477, 9.794138727895857599, 105.4746089697723335 ) ) ;
#2379 = CARTESIAN_POINT ( 'NONE',  ( 29.37500000000054357, 2.250000000000000000, 127.6000000000000512 ) ) ;
#2380 = FACE_OUTER_BOUND ( 'NONE', #2083, .T. ) ;
#2381 = EDGE_LOOP ( 'NONE', ( #3494, #10464, #11019, #459 ) ) ;
#2382 = FACE_OUTER_BOUND ( 'NONE', #130, .T. ) ;
#2383 = VERTEX_POINT ( 'NONE', #4614 ) ;
#2384 = EDGE_CURVE ( 'NONE', #7536, #360, #94, .T. ) ;
#2385 = ORIENTED_EDGE ( 'NONE', *, *, #5068, .F. ) ;
#2386 = CARTESIAN_POINT ( 'NONE',  ( 7.974115642801193005, 8.500000000000000000, 102.6922524150503335 ) ) ;
#2387 = LINE ( 'NONE', #4554, #3814 ) ;
#2388 = ORIENTED_EDGE ( 'NONE', *, *, #10203, .T. ) ;
#2389 = CARTESIAN_POINT ( 'NONE',  ( -16.25000000000000000, 9.749999999999996447, 160.2014815911317100 ) ) ;
#2390 = ADVANCED_FACE ( 'NONE', ( #1941 ), #5560, .F. ) ;
#2391 = LINE ( 'NONE', #2615, #6670 ) ;
#2392 = CARTESIAN_POINT ( 'NONE',  ( -6.577344509618704649, 9.790303695288349317, 102.2261464715976587 ) ) ;
#2393 = CYLINDRICAL_SURFACE ( 'NONE', #7473, 1.999999999999974021 ) ;
#2394 = DIRECTION ( 'NONE',  ( -0.000000000000000000, -1.000000000000000000, -0.000000000000000000 ) ) ;
#2395 = ADVANCED_FACE ( 'NONE', ( #11239 ), #8635, .F. ) ;
#2396 = ORIENTED_EDGE ( 'NONE', *, *, #5096, .F. ) ;
#2397 = CARTESIAN_POINT ( 'NONE',  ( 6.483686521721309326, 9.778864977523278768, 102.2313561527260362 ) ) ;
#2398 = CYLINDRICAL_SURFACE ( 'NONE', #2265, 1.000000000000014655 ) ;
#2399 = CARTESIAN_POINT ( 'NONE',  ( 11.49999999999998934, 7.249999999999999112, 89.43550806100927275 ) ) ;
#2400 = FACE_OUTER_BOUND ( 'NONE', #2561, .T. ) ;
#2401 = FACE_BOUND ( 'NONE', #3912, .T. ) ;
#2402 = ADVANCED_FACE ( 'NONE', ( #6795 ), #2355, .F. ) ;
#2403 = CARTESIAN_POINT ( 'NONE',  ( -7.243656013060186361, 8.500000000000000000, 105.8178735577812546 ) ) ;
#2404 = CARTESIAN_POINT ( 'NONE',  ( -13.93168049979518130, 27.18588141109855272, 102.4084296756661701 ) ) ;
#2405 = ORIENTED_EDGE ( 'NONE', *, *, #1386, .T. ) ;
#2406 = EDGE_LOOP ( 'NONE', ( #11382, #3800, #11185, #5081 ) ) ;
#2407 = CARTESIAN_POINT ( 'NONE',  ( -19.75000000000001776, 2.250000000000000000, 130.9242565173703667 ) ) ;
#2408 = CARTESIAN_POINT ( 'NONE',  ( -15.54289321881346808, 5.042893218813431666, 107.6000000000000085 ) ) ;
#2409 = DIRECTION ( 'NONE',  ( 1.119176436114068839E-16, -1.000000000000000000, 0.000000000000000000 ) ) ;
#2410 = LINE ( 'NONE', #2239, #9302 ) ;
#2411 = EDGE_CURVE ( 'NONE', #10223, #1608, #10405, .T. ) ;
#2412 = DIRECTION ( 'NONE',  ( 1.197460884980067285E-16, -0.2164396139381074557, 0.9762960071199322520 ) ) ;
#2413 = VERTEX_POINT ( 'NONE', #3077 ) ;
#2414 = PLANE ( 'NONE',  #5922 ) ;
#2415 = EDGE_LOOP ( 'NONE', ( #11471, #9257, #852, #9506, #1029 ) ) ;
#2416 = CARTESIAN_POINT ( 'NONE',  ( 5.378253650727468305, 9.249999999999996447, 102.0035877313348465 ) ) ;
#2417 = ORIENTED_EDGE ( 'NONE', *, *, #10488, .T. ) ;
#2418 = CARTESIAN_POINT ( 'NONE',  ( -1.500000000000000000, 13.20609684524211325, 105.3500000000000227 ) ) ;
#2419 = EDGE_CURVE ( 'NONE', #1364, #6911, #1225, .T. ) ;
#2420 = DIRECTION ( 'NONE',  ( 0.9063077870366497146, -0.4226182617407002184, 0.000000000000000000 ) ) ;
#2421 = CARTESIAN_POINT ( 'NONE',  ( -4.353180627086078225, 8.500000000000000000, 102.4032092842994359 ) ) ;
#2422 = ORIENTED_EDGE ( 'NONE', *, *, #9557, .F. ) ;
#2423 = CARTESIAN_POINT ( 'NONE',  ( -10.00000000000000178, 9.749999999999996447, 160.2014815911317100 ) ) ;
#2424 = LINE ( 'NONE', #5934, #6644 ) ;
#2425 = ORIENTED_EDGE ( 'NONE', *, *, #3046, .F. ) ;
#2426 = LINE ( 'NONE', #4045, #205 ) ;
#2427 = CARTESIAN_POINT ( 'NONE',  ( 0.000000000000000000, 31.94302117641175442, 105.3500000000000227 ) ) ;
#2428 = CARTESIAN_POINT ( 'NONE',  ( 6.994871044569687335, 9.841288320631766950, 105.4484642516690656 ) ) ;
#2429 = CARTESIAN_POINT ( 'NONE',  ( 19.74999999999998934, 2.250000000000001776, 136.4111501086128442 ) ) ;
#2430 = CARTESIAN_POINT ( 'NONE',  ( -6.249999999999998224, 9.749999999999998224, 160.2014815911317100 ) ) ;
#2431 = VERTEX_POINT ( 'NONE', #7696 ) ;
#2432 = CARTESIAN_POINT ( 'NONE',  ( -23.53921572489427305, 0.000000000000000000, 126.3489238107519981 ) ) ;
#2433 = ORIENTED_EDGE ( 'NONE', *, *, #9035, .F. ) ;
#2434 = CARTESIAN_POINT ( 'NONE',  ( 8.336219688310320564, 8.500000000000000000, 103.3578867919798228 ) ) ;
#2435 = FACE_OUTER_BOUND ( 'NONE', #4647, .T. ) ;
#2436 = VECTOR ( 'NONE', #5324, 1000.000000000000000 ) ;
#2437 = CARTESIAN_POINT ( 'NONE',  ( -1.249999999999999556, 9.966439613938097963, 127.3171802926508178 ) ) ;
#2438 = ORIENTED_EDGE ( 'NONE', *, *, #6876, .F. ) ;
#2439 = DIRECTION ( 'NONE',  ( -0.4226182617407006070, -0.9063077870366493816, 0.000000000000000000 ) ) ;
#2440 = DIRECTION ( 'NONE',  ( 0.000000000000000000, 0.000000000000000000, -1.000000000000000000 ) ) ;
#2441 = CARTESIAN_POINT ( 'NONE',  ( -5.226482674544099538, 9.625340007161256040, 102.7740918766416343 ) ) ;
#2442 = CYLINDRICAL_SURFACE ( 'NONE', #11253, 0.5000000000000004441 ) ;
#2443 = DIRECTION ( 'NONE',  ( 0.4226182617407010511, -0.9063077870366493816, -1.110223024625156540E-16 ) ) ;
#2444 = EDGE_CURVE ( 'NONE', #7389, #3471, #1406, .T. ) ;
#2445 = AXIS2_PLACEMENT_3D ( 'NONE', #7061, #2558, #6176 ) ;
#2446 = ORIENTED_EDGE ( 'NONE', *, *, #9421, .T. ) ;
#2447 = VECTOR ( 'NONE', #6824, 1000.000000000000000 ) ;
#2448 = CARTESIAN_POINT ( 'NONE',  ( 7.006260064686220979, 9.842681784750121565, 102.2520621520432513 ) ) ;
#2449 = EDGE_CURVE ( 'NONE', #8460, #9383, #5176, .T. ) ;
#2450 = CARTESIAN_POINT ( 'NONE',  ( -16.25000000000001421, 9.749999999999996447, 127.2934762997707310 ) ) ;
#2451 = CARTESIAN_POINT ( 'NONE',  ( 18.11169591142181545, 3.888304088578181883, 125.5714093900724464 ) ) ;
#2452 = EDGE_CURVE ( 'NONE', #8960, #2978, #5975, .T. ) ;
#2453 = CARTESIAN_POINT ( 'NONE',  ( 7.499999999988182786, 0.000000000000000000, 163.0000000000001421 ) ) ;
#2454 = CARTESIAN_POINT ( 'NONE',  ( 13.83775212875645266, 28.16755216095005210, 104.8883279828647517 ) ) ;
#2455 = FACE_OUTER_BOUND ( 'NONE', #401, .T. ) ;
#2456 = LINE ( 'NONE', #9575, #6837 ) ;
#2457 = B_SPLINE_CURVE_WITH_KNOTS ( 'NONE', 3,
 ( #9713, #7932, #5162, #3435, #4270, #6985, #2483, #6103 ),
 .UNSPECIFIED., .F., .F.,
 ( 4, 2, 2, 4 ),
 ( 4.906538933386797396E-18, 0.0004418718081906421614, 0.0006628077122859566284, 0.0008837436163812713123 ),
 .UNSPECIFIED. ) ;
#2458 = EDGE_CURVE ( 'NONE', #2383, #8873, #9578, .T. ) ;
#2459 = ORIENTED_EDGE ( 'NONE', *, *, #1605, .T. ) ;
#2460 = VECTOR ( 'NONE', #5633, 1000.000000000000114 ) ;
#2461 = VERTEX_POINT ( 'NONE', #4907 ) ;
#2462 = CARTESIAN_POINT ( 'NONE',  ( 19.74999999999998934, 2.250000000000000000, 138.8414722278378690 ) ) ;
#2463 = DIRECTION ( 'NONE',  ( -1.000000000000000000, -1.214306433183765213E-16, 0.000000000000000000 ) ) ;
#2464 = LINE ( 'NONE', #6027, #7635 ) ;
#2465 = CARTESIAN_POINT ( 'NONE',  ( -29.37500000000054357, 2.250000000000000000, 130.3000000000000398 ) ) ;
#2466 = CARTESIAN_POINT ( 'NONE',  ( -8.750000000000003553, 0.000000000000000000, 163.0000000000001421 ) ) ;
#2467 = ORIENTED_EDGE ( 'NONE', *, *, #4984, .F. ) ;
#2468 = LINE ( 'NONE', #6150, #3644 ) ;
#2469 = EDGE_CURVE ( 'NONE', #11461, #6621, #1796, .T. ) ;
#2470 = ORIENTED_EDGE ( 'NONE', *, *, #8646, .F. ) ;
#2471 = CARTESIAN_POINT ( 'NONE',  ( 5.169012323297859979, 9.249999999999996447, 105.5633365817790548 ) ) ;
#2472 = AXIS2_PLACEMENT_3D ( 'NONE', #8653, #6878, #11537 ) ;
#2473 = EDGE_CURVE ( 'NONE', #11469, #4165, #5799, .T. ) ;
#2474 = ORIENTED_EDGE ( 'NONE', *, *, #9271, .T. ) ;
#2475 = EDGE_CURVE ( 'NONE', #3922, #11461, #5084, .T. ) ;
#2476 =( NAMED_UNIT ( * ) PLANE_ANGLE_UNIT ( ) SI_UNIT ( $, .RADIAN. ) );
#2477 = DIRECTION ( 'NONE',  ( 1.000000000000000000, -0.000000000000000000, -4.827056628805024630E-15 ) ) ;
#2478 = DIRECTION ( 'NONE',  ( -0.000000000000000000, 0.9762960071199324741, 0.2164396139381068174 ) ) ;
#2479 = DIRECTION ( 'NONE',  ( -0.8191520442889873577, 0.000000000000000000, 0.5735764363510523767 ) ) ;
#2480 = ORIENTED_EDGE ( 'NONE', *, *, #2452, .T. ) ;
#2481 = CARTESIAN_POINT ( 'NONE',  ( 16.15036770282975453, 27.25349471716676319, 102.7897713856933564 ) ) ;
#2482 = AXIS2_PLACEMENT_3D ( 'NONE', #7563, #1336, #3766 ) ;
#2483 = CARTESIAN_POINT ( 'NONE',  ( 13.65793059206189142, 27.78192363105191021, 102.8116720171352796 ) ) ;
#2484 = AXIS2_PLACEMENT_3D ( 'NONE', #1205, #4830, #1267 ) ;
#2485 = B_SPLINE_CURVE_WITH_KNOTS ( 'NONE', 3,
 ( #3208, #8486, #351, #11265, #1431, #8658 ),
 .UNSPECIFIED., .F., .F.,
 ( 4, 2, 4 ),
 ( 1.734723475976807094E-18, 0.0003975156579629321083, 0.0007950313159258624819 ),
 .UNSPECIFIED. ) ;
#2486 = EDGE_CURVE ( 'NONE', #9758, #2044, #4969, .T. ) ;
#2487 = ORIENTED_EDGE ( 'NONE', *, *, #1077, .T. ) ;
#2488 = PLANE ( 'NONE',  #10955 ) ;
#2490 = ADVANCED_FACE ( 'NONE', ( #7805 ), #1230, .F. ) ;
#2489 = DIRECTION ( 'NONE',  ( 0.000000000000000000, 0.000000000000000000, -1.000000000000000000 ) ) ;
#2491 = CARTESIAN_POINT ( 'NONE',  ( 7.140878715601453486, 9.859120950853577980, 105.4203057533346595 ) ) ;
#2492 = MECHANICAL_DESIGN_GEOMETRIC_PRESENTATION_REPRESENTATION (  '', ( #5143 ), #580 ) ;
#2493 = DIRECTION ( 'NONE',  ( 0.9063077870366492705, -0.4226182617407009401, 0.000000000000000000 ) ) ;
#2494 = LINE ( 'NONE', #5110, #4450 ) ;
#2495 = ORIENTED_EDGE ( 'NONE', *, *, #3214, .F. ) ;
#2496 = EDGE_CURVE ( 'NONE', #11062, #2234, #445, .T. ) ;
#2497 = FACE_OUTER_BOUND ( 'NONE', #1775, .T. ) ;
#2498 = CIRCLE ( 'NONE', #3624, 1.000000000000014655 ) ;
#2499 = EDGE_CURVE ( 'NONE', #9982, #4281, #388, .T. ) ;
#2500 = CARTESIAN_POINT ( 'NONE',  ( -7.140878715601372662, 9.859120950853688115, 105.4203057533346879 ) ) ;
#2501 = ORIENTED_EDGE ( 'NONE', *, *, #11521, .F. ) ;
#2502 = CARTESIAN_POINT ( 'NONE',  ( 7.358514705660712529, 8.499999999999996447, 105.4971253870907617 ) ) ;
#2503 = SURFACE_SIDE_STYLE ('',( #3063 ) ) ;
#2504 = LINE ( 'NONE', #1550, #11194 ) ;
#2505 = ORIENTED_EDGE ( 'NONE', *, *, #6683, .F. ) ;
#2506 = AXIS2_PLACEMENT_3D ( 'NONE', #3281, #7119, #6896 ) ;
#2507 = CARTESIAN_POINT ( 'NONE',  ( 3.536509025292400743, 14.94972097254194665, 119.4431798448437405 ) ) ;
#2508 = FACE_OUTER_BOUND ( 'NONE', #3368, .T. ) ;
#2509 = CARTESIAN_POINT ( 'NONE',  ( -6.100517142019221239, 9.732072840057059082, 102.2947285753478610 ) ) ;
#2510 = CARTESIAN_POINT ( 'NONE',  ( 0.000000000000000000, 21.45637587167328064, 0.000000000000000000 ) ) ;
#2511 = CARTESIAN_POINT ( 'NONE',  ( -16.25000000000000000, 14.53030822565385982, 137.8414722278378406 ) ) ;
#2512 = VECTOR ( 'NONE', #3232, 1000.000000000000000 ) ;
#2513 = ADVANCED_FACE ( 'NONE', ( #9463 ), #6918, .F. ) ;
#2514 = ORIENTED_EDGE ( 'NONE', *, *, #3631, .T. ) ;
#2515 = AXIS2_PLACEMENT_3D ( 'NONE', #1469, #4260, #562 ) ;
#2516 = PLANE ( 'NONE',  #4036 ) ;
#2517 = VECTOR ( 'NONE', #794, 1000.000000000000000 ) ;
#2518 = DIRECTION ( 'NONE',  ( 0.4226182617407007736, 0.9063077870366492705, 0.000000000000000000 ) ) ;
#2519 = DIRECTION ( 'NONE',  ( -0.5735764363510416075, 0.000000000000000000, 0.8191520442889949072 ) ) ;
#2520 = DIRECTION ( 'NONE',  ( 1.000000000000000000, -3.386527932111839715E-16, 1.527564034126566480E-15 ) ) ;
#2521 = CARTESIAN_POINT ( 'NONE',  ( 16.15036770283123602, 27.32231563746960035, 107.4017489647370098 ) ) ;
#2522 = CARTESIAN_POINT ( 'NONE',  ( -7.993091209573397471, 8.499999999999996447, 102.4032092842993933 ) ) ;
#2523 = CARTESIAN_POINT ( 'NONE',  ( 19.74999999999973355, 2.250000000000000444, 132.9242565173703383 ) ) ;
#2524 = EDGE_LOOP ( 'NONE', ( #10182, #7148, #3490, #5479 ) ) ;
#2525 = ORIENTED_EDGE ( 'NONE', *, *, #5584, .T. ) ;
#2526 = ORIENTED_EDGE ( 'NONE', *, *, #2469, .T. ) ;
#2527 = EDGE_CURVE ( 'NONE', #4054, #671, #9334, .T. ) ;
#2528 = CARTESIAN_POINT ( 'NONE',  ( 5.490606722257026284, 9.013241156097402396, 102.3893966668565980 ) ) ;
#2529 = LINE ( 'NONE', #6321, #10328 ) ;
#2530 = CARTESIAN_POINT ( 'NONE',  ( 14.50221515314512288, 28.40939692359802038, 100.1757653858252439 ) ) ;
#2531 = FACE_OUTER_BOUND ( 'NONE', #6607, .T. ) ;
#2532 = FACE_OUTER_BOUND ( 'NONE', #7332, .T. ) ;
#2533 = ORIENTED_EDGE ( 'NONE', *, *, #9712, .T. ) ;
#2534 = CARTESIAN_POINT ( 'NONE',  ( -4.000000000000000888, 2.250000000000000000, 0.000000000000000000 ) ) ;
#2535 = ORIENTED_EDGE ( 'NONE', *, *, #5758, .F. ) ;
#2537 = CIRCLE ( 'NONE', #4624, 2.549999999999996714 ) ;
#2536 = CARTESIAN_POINT ( 'NONE',  ( 4.262820717031432061, 9.249999999999996447, 103.6183313345318453 ) ) ;
#2538 = ORIENTED_EDGE ( 'NONE', *, *, #10033, .T. ) ;
#2539 = VECTOR ( 'NONE', #1694, 1000.000000000000227 ) ;
#2540 = FILL_AREA_STYLE ('',( #10759 ) ) ;
#2541 = DIRECTION ( 'NONE',  ( 0.000000000000000000, 0.000000000000000000, 1.000000000000000000 ) ) ;
#2542 = CARTESIAN_POINT ( 'NONE',  ( -16.10352159634808089, 27.11100650659829725, 107.3855339059328173 ) ) ;
#2543 = CARTESIAN_POINT ( 'NONE',  ( -4.076716770326523687, 8.500000000000000000, 102.7527986751929632 ) ) ;
#2544 = ORIENTED_EDGE ( 'NONE', *, *, #4058, .F. ) ;
#2545 = CIRCLE ( 'NONE', #6516, 1.999999999999974021 ) ;
#2546 = CARTESIAN_POINT ( 'NONE',  ( 2.586334228063096319, 13.56123806680019150, 105.3268094481986878 ) ) ;
#2547 = EDGE_CURVE ( 'NONE', #5448, #7965, #10577, .T. ) ;
#2548 = CARTESIAN_POINT ( 'NONE',  ( 3.536509025292401631, 14.94972097254194665, 119.4431798448437405 ) ) ;
#2549 = EDGE_LOOP ( 'NONE', ( #9202, #9416, #8493, #3091 ) ) ;
#2550 = DIRECTION ( 'NONE',  ( 0.000000000000000000, 1.000000000000000000, 0.000000000000000000 ) ) ;
#2551 = CARTESIAN_POINT ( 'NONE',  ( -16.25000000000000355, 5.749999999999974243, 137.8414722278378690 ) ) ;
#2552 = CARTESIAN_POINT ( 'NONE',  ( 6.558174440325725385, 9.787963272917460600, 105.4730985023945777 ) ) ;
#2553 = DIRECTION ( 'NONE',  ( 0.000000000000000000, 0.000000000000000000, -1.000000000000000000 ) ) ;
#2554 = CARTESIAN_POINT ( 'NONE',  ( 15.95560520473883415, 26.79379878113547164, 163.0000000000001421 ) ) ;
#2555 = AXIS2_PLACEMENT_3D ( 'NONE', #3808, #3747, #10083 ) ;
#2556 = CARTESIAN_POINT ( 'NONE',  ( 4.999999999999990230, 7.249999999999999112, 94.43550806100924433 ) ) ;
#2557 = ORIENTED_EDGE ( 'NONE', *, *, #6172, .T. ) ;
#2558 = DIRECTION ( 'NONE',  ( -0.000000000000000000, -1.000000000000000000, -0.000000000000000000 ) ) ;
#2559 = VECTOR ( 'NONE', #325, 1000.000000000000000 ) ;
#2560 =( NAMED_UNIT ( * ) SI_UNIT ( $, .STERADIAN. ) SOLID_ANGLE_UNIT ( ) );
#2561 = EDGE_LOOP ( 'NONE', ( #5521, #2882, #6197 ) ) ;
#2562 = DIRECTION ( 'NONE',  ( 0.1004173024523230540, 0.2153456000479074817, -0.9713612293622828631 ) ) ;
#2563 = DIRECTION ( 'NONE',  ( 0.4226182617407007736, 0.9063077870366492705, 0.000000000000000000 ) ) ;
#2564 = EDGE_CURVE ( 'NONE', #10475, #6859, #1691, .T. ) ;
#2565 = EDGE_CURVE ( 'NONE', #11191, #8430, #4360, .T. ) ;
#2566 = CARTESIAN_POINT ( 'NONE',  ( -4.750502354557113449, 9.567207725462907320, 103.7265868629511658 ) ) ;
#2567 = CARTESIAN_POINT ( 'NONE',  ( -21.44592637551861714, 37.68050493401063505, 103.8500000000000085 ) ) ;
#2568 = ORIENTED_EDGE ( 'NONE', *, *, #8792, .T. ) ;
#2569 = DIRECTION ( 'NONE',  ( 0.000000000000000000, 0.000000000000000000, -1.000000000000000000 ) ) ;
#2570 = AXIS2_PLACEMENT_3D ( 'NONE', #2111, #10986, #11164 ) ;
#2571 = ORIENTED_EDGE ( 'NONE', *, *, #4937, .T. ) ;
#2572 = EDGE_CURVE ( 'NONE', #11025, #6116, #11639, .T. ) ;
#2573 = ORIENTED_EDGE ( 'NONE', *, *, #4417, .F. ) ;
#2574 = CARTESIAN_POINT ( 'NONE',  ( 7.499999999988182786, 2.250000000000000000, 163.0000000000001421 ) ) ;
#2575 = DIRECTION ( 'NONE',  ( 0.9063077870366493816, -0.4226182617407005515, 0.000000000000000000 ) ) ;
#2576 = LINE ( 'NONE', #6192, #4979 ) ;
#2577 = LINE ( 'NONE', #6193, #3273 ) ;
#2578 = DIRECTION ( 'NONE',  ( 0.000000000000000000, 1.000000000000000000, 0.000000000000000000 ) ) ;
#2579 = CARTESIAN_POINT ( 'NONE',  ( -4.252396876226107736, 8.499999999999996447, 102.5145087344968431 ) ) ;
#2580 = LINE ( 'NONE', #3879, #6656 ) ;
#2581 = EDGE_LOOP ( 'NONE', ( #9516, #4764, #5941, #4086, #631 ) ) ;
#2582 = ORIENTED_EDGE ( 'NONE', *, *, #4485, .T. ) ;
#2583 = ORIENTED_EDGE ( 'NONE', *, *, #10893, .T. ) ;
#2584 = CARTESIAN_POINT ( 'NONE',  ( 16.25000000000000000, 16.18567293696069598, 101.1000000000000227 ) ) ;
#2585 = DIRECTION ( 'NONE',  ( -0.000000000000000000, -1.000000000000000000, -0.000000000000000000 ) ) ;
#2586 = CARTESIAN_POINT ( 'NONE',  ( 13.91582371575221799, 28.29373517528481230, 102.7902020575608475 ) ) ;
#2587 = CARTESIAN_POINT ( 'NONE',  ( -13.74999999999999467, 0.000000000000000000, 85.10000000000002274 ) ) ;
#2588 = CARTESIAN_POINT ( 'NONE',  ( -5.476736701699643994, 9.655895717743213424, 102.5695618049811060 ) ) ;
#2589 = EDGE_LOOP ( 'NONE', ( #5872, #2095, #11067, #5881, #9807 ) ) ;
#2590 = LINE ( 'NONE', #2534, #602 ) ;
#2591 = ORIENTED_EDGE ( 'NONE', *, *, #7622, .F. ) ;
#2592 = CARTESIAN_POINT ( 'NONE',  ( 6.461632481551534468, 9.249999999999996447, 101.6793555281189469 ) ) ;
#2593 = ORIENTED_EDGE ( 'NONE', *, *, #9477, .T. ) ;
#2594 = DIRECTION ( 'NONE',  ( 2.419433718647660850E-16, -1.000000000000000000, 0.000000000000000000 ) ) ;
#2595 = CARTESIAN_POINT ( 'NONE',  ( -13.93168049979518130, 27.18588141109855272, 105.2915703243338470 ) ) ;
#2596 = CARTESIAN_POINT ( 'NONE',  ( -7.769492847393709489, 8.500000000000000000, 102.2005603474873539 ) ) ;
#2597 = VERTEX_POINT ( 'NONE', #6966 ) ;
#2598 = FACE_OUTER_BOUND ( 'NONE', #2731, .T. ) ;
#2599 = CARTESIAN_POINT ( 'NONE',  ( -29.37500000000054357, 2.250000000000000000, 126.6000000000000512 ) ) ;
#2600 = ORIENTED_EDGE ( 'NONE', *, *, #3279, .T. ) ;
#2601 = CARTESIAN_POINT ( 'NONE',  ( -9.663712301646954828, 21.45637587167328419, 100.0999999999999943 ) ) ;
#2602 = CARTESIAN_POINT ( 'NONE',  ( 16.25000000000000000, 21.45637587167328064, 100.1000000000000227 ) ) ;
#2603 = CARTESIAN_POINT ( 'NONE',  ( 6.697698533667736598, 9.804997777476735621, 105.4746368897342705 ) ) ;
#2604 = EDGE_CURVE ( 'NONE', #6974, #2964, #10524, .T. ) ;
#2605 = DIRECTION ( 'NONE',  ( -0.000000000000000000, -1.000000000000000000, -0.000000000000000000 ) ) ;
#2606 = DIRECTION ( 'NONE',  ( 0.000000000000000000, 1.000000000000000000, 0.000000000000000000 ) ) ;
#2607 = ADVANCED_FACE ( 'NONE', ( #3415 ), #8809, .T. ) ;
#2608 = CARTESIAN_POINT ( 'NONE',  ( -17.99999999999998934, 0.000000000000000000, 94.43550806100934381 ) ) ;
#2609 = ORIENTED_EDGE ( 'NONE', *, *, #7103, .F. ) ;
#2610 = DIRECTION ( 'NONE',  ( 0.000000000000000000, -1.000000000000000000, 0.000000000000000000 ) ) ;
#2611 = EDGE_CURVE ( 'NONE', #10131, #4293, #10124, .T. ) ;
#2612 = CARTESIAN_POINT ( 'NONE',  ( 5.490606722257026284, 9.013241156097402396, 102.3893966668565980 ) ) ;
#2613 = ORIENTED_EDGE ( 'NONE', *, *, #498, .F. ) ;
#2614 = DIRECTION ( 'NONE',  ( -0.4999999999999969469, 0.5000000000000027756, -0.7071067811865479058 ) ) ;
#2615 = CARTESIAN_POINT ( 'NONE',  ( 6.249999999999998224, 36.40283343504449221, 8.070313877629478938 ) ) ;
#2616 = CARTESIAN_POINT ( 'NONE',  ( -5.590941889751748661, 9.669855109542472960, 102.5008822733875178 ) ) ;
#2617 = FACE_OUTER_BOUND ( 'NONE', #1753, .T. ) ;
#2618 = ORIENTED_EDGE ( 'NONE', *, *, #11603, .F. ) ;
#2619 = PLANE ( 'NONE',  #8893 ) ;
#2620 = ADVANCED_FACE ( 'NONE', ( #8086 ), #10635, .F. ) ;
#2621 = EDGE_LOOP ( 'NONE', ( #2319, #1290, #11415, #8236 ) ) ;
#2622 = ORIENTED_EDGE ( 'NONE', *, *, #6882, .F. ) ;
#2623 = VERTEX_POINT ( 'NONE', #3583 ) ;
#2624 = DIRECTION ( 'NONE',  ( 1.328316551414405946E-16, 0.000000000000000000, 1.000000000000000000 ) ) ;
#2625 = LINE ( 'NONE', #11626, #3973 ) ;
#2626 = CARTESIAN_POINT ( 'NONE',  ( 4.760832311550904805, 17.57529073286430332, 107.6000000000000085 ) ) ;
#2627 = VECTOR ( 'NONE', #717, 1000.000000000000227 ) ;
#2628 = CARTESIAN_POINT ( 'NONE',  ( -11.99999999998817479, 0.000000000000000000, 163.0000000000001421 ) ) ;
#2629 = CARTESIAN_POINT ( 'NONE',  ( 19.74999999999998934, 2.250000000000000000, 138.8414722278378690 ) ) ;
#2630 = VECTOR ( 'NONE', #2732, 1000.000000000000000 ) ;
#2631 = CARTESIAN_POINT ( 'NONE',  ( -7.431487473081375583, 8.930592170241160588, 105.0742539896634753 ) ) ;
#2632 = CARTESIAN_POINT ( 'NONE',  ( 16.10352159634808089, 27.11100650659829725, 107.3855339059328173 ) ) ;
#2633 = ADVANCED_FACE ( 'NONE', ( #9692 ), #791, .F. ) ;
#2634 = ORIENTED_EDGE ( 'NONE', *, *, #10531, .F. ) ;
#2635 = VECTOR ( 'NONE', #6448, 1000.000000000000000 ) ;
#2636 = VECTOR ( 'NONE', #2214, 1000.000000000000114 ) ;
#2637 = ORIENTED_EDGE ( 'NONE', *, *, #1196, .T. ) ;
#2638 = ORIENTED_EDGE ( 'NONE', *, *, #1184, .T. ) ;
#2639 = CARTESIAN_POINT ( 'NONE',  ( 4.556549660888853381, 8.954892280383891290, 103.3264001046209302 ) ) ;
#2640 = DIRECTION ( 'NONE',  ( 1.000000000000000000, 0.000000000000000000, 0.000000000000000000 ) ) ;
#2641 = CARTESIAN_POINT ( 'NONE',  ( -12.74999999999995204, 9.749999999999996447, 134.4527949869000452 ) ) ;
#2642 = CARTESIAN_POINT ( 'NONE',  ( -4.500000000000000888, 2.250000000000000000, 109.8500000000000227 ) ) ;
#2643 = CARTESIAN_POINT ( 'NONE',  ( -5.476736701699625343, 9.655895717743215201, 105.1304381950188969 ) ) ;
#2644 = ORIENTED_EDGE ( 'NONE', *, *, #3427, .T. ) ;
#2645 = CARTESIAN_POINT ( 'NONE',  ( 15.24999999999998579, 14.04116601645110940, 107.6000000000000085 ) ) ;
#2646 = ORIENTED_EDGE ( 'NONE', *, *, #8040, .F. ) ;
#2647 = AXIS2_PLACEMENT_3D ( 'NONE', #4198, #7810, #7644 ) ;
#2648 = CARTESIAN_POINT ( 'NONE',  ( 1.981684902202606180, 13.22678610192584081, 105.2714039631213723 ) ) ;
#2649 = ORIENTED_EDGE ( 'NONE', *, *, #5043, .T. ) ;
#2650 = SURFACE_STYLE_FILL_AREA ( #2540 ) ;
#2651 = CARTESIAN_POINT ( 'NONE',  ( -14.50221515314512644, 28.40939692359802748, 163.0000000000001421 ) ) ;
#2652 = CARTESIAN_POINT ( 'NONE',  ( 16.25000000000000000, 3.115450634534589899E-13, 137.8414722278378690 ) ) ;
#2653 = LINE ( 'NONE', #10825, #4726 ) ;
#2654 = ORIENTED_EDGE ( 'NONE', *, *, #11091, .F. ) ;
#2655 = DIRECTION ( 'NONE',  ( 0.8660254037844455910, 0.000000000000000000, 0.4999999999999880096 ) ) ;
#2656 = VERTEX_POINT ( 'NONE', #2584 ) ;
#2657 = LINE ( 'NONE', #934, #9664 ) ;
#2658 = EDGE_LOOP ( 'NONE', ( #10867, #6628, #1359, #1675 ) ) ;
#2659 = CARTESIAN_POINT ( 'NONE',  ( -2.940325579492117480, 13.71134897676103570, 103.4303994543528091 ) ) ;
#2660 = DIRECTION ( 'NONE',  ( -0.3420201433256651602, 0.9396926207859096492, 0.000000000000000000 ) ) ;
#2661 = DIRECTION ( 'NONE',  ( 0.4226182617407007736, 0.9063077870366492705, 0.000000000000000000 ) ) ;
#2662 = LINE ( 'NONE', #9064, #5690 ) ;
#2663 = EDGE_CURVE ( 'NONE', #6745, #10042, #10559, .T. ) ;
#2664 = VECTOR ( 'NONE', #6750, 1000.000000000000000 ) ;
#2665 = AXIS2_PLACEMENT_3D ( 'NONE', #5717, #6726, #8495 ) ;
#2666 = FACE_BOUND ( 'NONE', #3581, .T. ) ;
#2667 = EDGE_LOOP ( 'NONE', ( #2143, #9367, #3009, #2875 ) ) ;
#2668 = CARTESIAN_POINT ( 'NONE',  ( -16.25000000000000000, -31.10416016031582842, 107.6000000000000085 ) ) ;
#2669 = ADVANCED_FACE ( 'NONE', ( #7085 ), #2327, .T. ) ;
#2670 = CARTESIAN_POINT ( 'NONE',  ( 4.649061438664606527, 8.960671325847739510, 103.1298787401925523 ) ) ;
#2671 = VERTEX_POINT ( 'NONE', #10216 ) ;
#2672 = LINE ( 'NONE', #3743, #6460 ) ;
#2673 = CARTESIAN_POINT ( 'NONE',  ( -16.02085591390609309, 27.67110199698687367, 107.4816405483862241 ) ) ;
#2674 = CIRCLE ( 'NONE', #11378, 1.624999999999999112 ) ;
#2675 = AXIS2_PLACEMENT_3D ( 'NONE', #11202, #3101, #6714 ) ;
#2676 = CARTESIAN_POINT ( 'NONE',  ( -6.031959017111705457, 9.723699758422350570, 102.3134276261928477 ) ) ;
#2677 = DIRECTION ( 'NONE',  ( 1.000000000000000000, -0.000000000000000000, 0.000000000000000000 ) ) ;
#2678 = ORIENTED_EDGE ( 'NONE', *, *, #7849, .F. ) ;
#2679 = CARTESIAN_POINT ( 'NONE',  ( 14.50221515314512288, 28.40939692359802038, 105.2915703243338470 ) ) ;
#2680 = AXIS2_PLACEMENT_3D ( 'NONE', #3990, #6768, #2089 ) ;
#2681 = ORIENTED_EDGE ( 'NONE', *, *, #586, .T. ) ;
#2682 = EDGE_CURVE ( 'NONE', #8990, #1573, #5886, .T. ) ;
#2683 = ORIENTED_EDGE ( 'NONE', *, *, #9862, .T. ) ;
#2684 = PLANE ( 'NONE',  #8954 ) ;
#2685 = ADVANCED_FACE ( 'NONE', ( #8609 ), #477, .F. ) ;
#2686 = DIRECTION ( 'NONE',  ( -1.000000000000000000, -8.673617379884036705E-17, 3.912415967295317630E-16 ) ) ;
#2687 = DIRECTION ( 'NONE',  ( -1.000000000000000000, 0.000000000000000000, 0.000000000000000000 ) ) ;
#2688 = LINE ( 'NONE', #9915, #6869 ) ;
#2689 = DIRECTION ( 'NONE',  ( 0.000000000000000000, 0.000000000000000000, -1.000000000000000000 ) ) ;
#2690 = VECTOR ( 'NONE', #5889, 1000.000000000000114 ) ;
#2691 = CARTESIAN_POINT ( 'NONE',  ( -8.016441506318539467, 9.003860434527496182, 103.4286652428310447 ) ) ;
#2692 = DIRECTION ( 'NONE',  ( 0.000000000000000000, 0.000000000000000000, -1.000000000000000000 ) ) ;
#2693 = EDGE_LOOP ( 'NONE', ( #985, #7704, #984, #2007 ) ) ;
#2694 = ADVANCED_FACE ( 'NONE', ( #11384 ), #887, .F. ) ;
#2695 = VECTOR ( 'NONE', #6168, 1000.000000000000000 ) ;
#2696 = ORIENTED_EDGE ( 'NONE', *, *, #7572, .T. ) ;
#2697 = ORIENTED_EDGE ( 'NONE', *, *, #2174, .F. ) ;
#2698 = EDGE_CURVE ( 'NONE', #1379, #10470, #7296, .T. ) ;
#2699 = CARTESIAN_POINT ( 'NONE',  ( 5.088607924003993865, 8.988129009434871364, 105.0742539896652659 ) ) ;
#2700 = CARTESIAN_POINT ( 'NONE',  ( -26.00112609145443088, 2.250000000000000000, 130.3000000000000398 ) ) ;
#2701 = CARTESIAN_POINT ( 'NONE',  ( 26.50000000000052935, 2.250000000000000000, 119.8000000000000398 ) ) ;
#2702 = DIRECTION ( 'NONE',  ( 0.4226182617407058251, 0.9063077870366469391, 0.000000000000000000 ) ) ;
#2703 = CARTESIAN_POINT ( 'NONE',  ( -7.105105961475764786, 9.854752740836058678, 105.4305008884828538 ) ) ;
#2704 = VECTOR ( 'NONE', #5401, 1000.000000000000000 ) ;
#2705 = ORIENTED_EDGE ( 'NONE', *, *, #4825, .T. ) ;
#2706 = CARTESIAN_POINT ( 'NONE',  ( -15.95560520473883415, 26.79379878113547164, 100.3144660940672566 ) ) ;
#2707 = EDGE_CURVE ( 'NONE', #6761, #7838, #3556, .T. ) ;
#2708 = VERTEX_POINT ( 'NONE', #8958 ) ;
#2709 = EDGE_CURVE ( 'NONE', #5332, #6255, #4508, .T. ) ;
#2710 = CIRCLE ( 'NONE', #2333, 2.000000000000001776 ) ;
#2711 = FACE_BOUND ( 'NONE', #9962, .T. ) ;
#2712 = CARTESIAN_POINT ( 'NONE',  ( 1.697335035635912481, 13.20869440141843398, 105.3401343582072087 ) ) ;
#2713 = ORIENTED_EDGE ( 'NONE', *, *, #10070, .F. ) ;
#2714 = VERTEX_POINT ( 'NONE', #8117 ) ;
#2715 = LINE ( 'NONE', #11475, #722 ) ;
#2716 = CARTESIAN_POINT ( 'NONE',  ( 4.999999999999989342, 7.249999999999999112, 87.43550806100923012 ) ) ;
#2717 = DIRECTION ( 'NONE',  ( 0.000000000000000000, -1.000000000000000000, 0.000000000000000000 ) ) ;
#2718 = ORIENTED_EDGE ( 'NONE', *, *, #4589, .T. ) ;
#2719 = CARTESIAN_POINT ( 'NONE',  ( 2.630080605847297637, 13.86181948827349864, 102.8587602622876744 ) ) ;
#2720 = VERTEX_POINT ( 'NONE', #9780 ) ;
#2721 = CARTESIAN_POINT ( 'NONE',  ( 15.54806379397354732, 26.49054259212001838, 107.4630542771134145 ) ) ;
#2722 = FACE_OUTER_BOUND ( 'NONE', #7207, .T. ) ;
#2723 = ORIENTED_EDGE ( 'NONE', *, *, #7913, .F. ) ;
#2724 = AXIS2_PLACEMENT_3D ( 'NONE', #4017, #7736, #5673 ) ;
#2725 = CARTESIAN_POINT ( 'NONE',  ( -2.902570488722571618, 13.74135948535141694, 103.3164158014292298 ) ) ;
#2726 = CARTESIAN_POINT ( 'NONE',  ( 9.499999999999989342, 2.250000000000000000, 0.000000000000000000 ) ) ;
#2727 = CARTESIAN_POINT ( 'NONE',  ( -15.18194599342261242, 28.09243322729249215, 103.8500000000000085 ) ) ;
#2728 = CARTESIAN_POINT ( 'NONE',  ( -15.41052702440500966, 26.49628395143707493, 107.4973460343844067 ) ) ;
#2729 = VECTOR ( 'NONE', #10530, 1000.000000000000000 ) ;
#2730 = CARTESIAN_POINT ( 'NONE',  ( 51.55691212083458197, 2.250000000000000000, 36.10053851382406975 ) ) ;
#2731 = EDGE_LOOP ( 'NONE', ( #198, #5216, #3854, #10417 ) ) ;
#2732 = DIRECTION ( 'NONE',  ( 0.000000000000000000, -1.000000000000000000, 0.000000000000000000 ) ) ;
#2733 = CARTESIAN_POINT ( 'NONE',  ( 8.061474913887556326, 9.173838698574627415, 103.3264001046209586 ) ) ;
#2734 = ORIENTED_EDGE ( 'NONE', *, *, #2142, .T. ) ;
#2735 = CARTESIAN_POINT ( 'NONE',  ( 1.635551483740321110, 9.749999999999998224, 164.1666128935025313 ) ) ;
#2736 = LINE ( 'NONE', #9959, #5344 ) ;
#2737 = VECTOR ( 'NONE', #10980, 1000.000000000000114 ) ;
#2738 = CARTESIAN_POINT ( 'NONE',  ( -5.273532357899689771, 9.631093552682010284, 104.9710916848332118 ) ) ;
#2739 = CARTESIAN_POINT ( 'NONE',  ( -13.68983573714720769, 27.85034443548722649, 100.3144660940672992 ) ) ;
#2740 = ORIENTED_EDGE ( 'NONE', *, *, #8798, .T. ) ;
#2741 = DIRECTION ( 'NONE',  ( -0.000000000000000000, -1.000000000000000000, -0.000000000000000000 ) ) ;
#2742 = EDGE_CURVE ( 'NONE', #9402, #6273, #11725, .T. ) ;
#2743 = ADVANCED_FACE ( 'NONE', ( #827 ), #10724, .F. ) ;
#2744 = ORIENTED_EDGE ( 'NONE', *, *, #10385, .F. ) ;
#2745 = EDGE_LOOP ( 'NONE', ( #5790, #9904, #4766, #2109, #8377, #6286, #2184, #11289, #4015, #9639, #1653 ) ) ;
#2746 = DIRECTION ( 'NONE',  ( 0.5213286525587063069, -0.8533559843472849904, -0.000000000000000000 ) ) ;
#2747 = LINE ( 'NONE', #5534, #2074 ) ;
#2748 = DIRECTION ( 'NONE',  ( -0.4975428121645253388, -0.4975428121645194546, 0.7105647754616306599 ) ) ;
#2749 = PLANE ( 'NONE',  #4982 ) ;
#2750 = CARTESIAN_POINT ( 'NONE',  ( 19.04289321881343255, 1.542893218813448541, 107.6000000000000085 ) ) ;
#2751 = CARTESIAN_POINT ( 'NONE',  ( -5.923879347533651085, 8.741757109182469065, 102.2354747767994496 ) ) ;
#2752 = EDGE_CURVE ( 'NONE', #8957, #6544, #4455, .T. ) ;
#2753 = ORIENTED_EDGE ( 'NONE', *, *, #2314, .T. ) ;
#2754 = EDGE_CURVE ( 'NONE', #4293, #1768, #2786, .T. ) ;
#2755 = ORIENTED_EDGE ( 'NONE', *, *, #8473, .F. ) ;
#2756 = CARTESIAN_POINT ( 'NONE',  ( 4.731279135865206875, 8.500000000000000000, 102.5957660710353565 ) ) ;
#2757 = CARTESIAN_POINT ( 'NONE',  ( 29.37500000000054357, 2.250000000000000000, 119.8000000000000682 ) ) ;
#2758 = CARTESIAN_POINT ( 'NONE',  ( 26.00112609145443088, 2.250000000000000000, 148.0463266998052632 ) ) ;
#2759 = DIRECTION ( 'NONE',  ( 1.000000000000000000, 0.000000000000000000, 0.000000000000000000 ) ) ;
#2760 = CARTESIAN_POINT ( 'NONE',  ( -6.300295016482143851, 9.756468946964899303, 105.4493377380875216 ) ) ;
#2761 = VERTEX_POINT ( 'NONE', #5457 ) ;
#2762 = LINE ( 'NONE', #3771, #11246 ) ;
#2763 = ORIENTED_EDGE ( 'NONE', *, *, #7046, .F. ) ;
#2764 = DIRECTION ( 'NONE',  ( 0.000000000000000000, 0.000000000000000000, 1.000000000000000000 ) ) ;
#2765 = CARTESIAN_POINT ( 'NONE',  ( 2.673242190690844566, 13.35483157773140661, 104.7849359094770847 ) ) ;
#2766 = VERTEX_POINT ( 'NONE', #7232 ) ;
#2767 = VERTEX_POINT ( 'NONE', #3504 ) ;
#2768 = DIRECTION ( 'NONE',  ( 0.000000000000000000, 0.000000000000000000, -1.000000000000000000 ) ) ;
#2769 = ADVANCED_FACE ( 'NONE', ( #9015 ), #9068, .F. ) ;
#2770 = FACE_OUTER_BOUND ( 'NONE', #8106, .T. ) ;
#2771 = DIRECTION ( 'NONE',  ( 6.608470384673549052E-16, -1.000000000000000000, 0.000000000000000000 ) ) ;
#2772 = VERTEX_POINT ( 'NONE', #7945 ) ;
#2773 = CARTESIAN_POINT ( 'NONE',  ( 2.586334228063096763, 14.18908202640971616, 102.4947883606152175 ) ) ;
#2774 = VERTEX_POINT ( 'NONE', #1787 ) ;
#2775 = DIRECTION ( 'NONE',  ( 0.4226182617407007736, -0.9063077870366492705, -0.000000000000000000 ) ) ;
#2776 = CARTESIAN_POINT ( 'NONE',  ( -4.887064412546567205, 9.249999999999998224, 105.3276488321528603 ) ) ;
#2777 = VERTEX_POINT ( 'NONE', #10841 ) ;
#2778 = CARTESIAN_POINT ( 'NONE',  ( -2.373059856575353344, 13.92220972114307465, 102.6293252849834516 ) ) ;
#2779 = DIRECTION ( 'NONE',  ( -0.4975428121645161794, -0.4975428121645103507, 0.7105647754616434275 ) ) ;
#2780 = LINE ( 'NONE', #882, #7977 ) ;
#2781 = LINE ( 'NONE', #4449, #6633 ) ;
#2782 = EDGE_CURVE ( 'NONE', #4883, #10596, #6351, .T. ) ;
#2783 = EDGE_CURVE ( 'NONE', #9335, #10246, #9955, .T. ) ;
#2784 = CARTESIAN_POINT ( 'NONE',  ( -4.366182307816485419, 8.546648174293267175, 103.3264001046333362 ) ) ;
#2785 = ORIENTED_EDGE ( 'NONE', *, *, #810, .T. ) ;
#2786 = LINE ( 'NONE', #8177, #10389 ) ;
#2787 = CARTESIAN_POINT ( 'NONE',  ( 6.787852073442055101, 9.094277755355399506, 102.2769730618925053 ) ) ;
#2788 = ORIENTED_EDGE ( 'NONE', *, *, #11670, .F. ) ;
#2789 = CARTESIAN_POINT ( 'NONE',  ( -12.74999999999995559, 16.64226215436969269, 107.6000000000000085 ) ) ;
#2790 = CARTESIAN_POINT ( 'NONE',  ( -16.20033764930179387, 21.45637587167328064, 100.1000000000000227 ) ) ;
#2791 = CARTESIAN_POINT ( 'NONE',  ( -6.259586128972086883, 9.751498111341966535, 105.4400753138704800 ) ) ;
#2792 = LINE ( 'NONE', #1794, #10495 ) ;
#2793 = ORIENTED_EDGE ( 'NONE', *, *, #374, .T. ) ;
#2794 = LINE ( 'NONE', #9963, #11155 ) ;
#2795 = EDGE_LOOP ( 'NONE', ( #5705, #7480, #7124, #11070, #8091 ) ) ;
#2796 = AXIS2_PLACEMENT_3D ( 'NONE', #2556, #7230, #5455 ) ;
#2797 = ORIENTED_EDGE ( 'NONE', *, *, #9141, .F. ) ;
#2798 = DIRECTION ( 'NONE',  ( 0.000000000000000000, 1.000000000000000000, 0.000000000000000000 ) ) ;
#2799 = LINE ( 'NONE', #7368, #11700 ) ;
#2800 = CARTESIAN_POINT ( 'NONE',  ( 15.25000000000000000, 16.40736759960363855, 100.1000000000000227 ) ) ;
#2801 = DIRECTION ( 'NONE',  ( 1.000000000000000000, 0.000000000000000000, 0.000000000000000000 ) ) ;
#2802 = PLANE ( 'NONE',  #1213 ) ;
#2803 = CARTESIAN_POINT ( 'NONE',  ( -4.366182307816485419, 8.546648174293267175, 103.3264001046333362 ) ) ;
#2804 = ORIENTED_EDGE ( 'NONE', *, *, #8794, .F. ) ;
#2805 = ORIENTED_EDGE ( 'NONE', *, *, #5848, .F. ) ;
#2806 = ADVANCED_FACE ( 'NONE', ( #50 ), #6407, .F. ) ;
#2807 = CARTESIAN_POINT ( 'NONE',  ( 4.643908931975221144, 8.499999999999996447, 102.6922524150503193 ) ) ;
#2808 = DIRECTION ( 'NONE',  ( -0.5735764363510397201, 0.000000000000000000, -0.8191520442889962395 ) ) ;
#2809 = LINE ( 'NONE', #11641, #3646 ) ;
#2810 = EDGE_CURVE ( 'NONE', #2714, #9589, #9261, .T. ) ;
#2811 = APPLICATION_CONTEXT ( 'automotive_design' ) ;
#2812 = CARTESIAN_POINT ( 'NONE',  ( 16.10352159634808089, 27.11100650659829725, 104.8883279828650359 ) ) ;
#2813 = CARTESIAN_POINT ( 'NONE',  ( -7.393605452649802956, 9.889984399524179182, 102.3513022184239674 ) ) ;
#2814 = CARTESIAN_POINT ( 'NONE',  ( -6.640747617353616405, 24.13956060830023986, 136.5914722278378122 ) ) ;
#2815 = VECTOR ( 'NONE', #7983, 1000.000000000000114 ) ;
#2816 = ORIENTED_EDGE ( 'NONE', *, *, #8539, .T. ) ;
#2817 = CARTESIAN_POINT ( 'NONE',  ( -15.94841172305889287, 27.73502438784973734, 100.1953003444842949 ) ) ;
#2818 = EDGE_CURVE ( 'NONE', #3020, #6955, #9071, .T. ) ;
#2819 = ORIENTED_EDGE ( 'NONE', *, *, #11677, .F. ) ;
#2820 = DIRECTION ( 'NONE',  ( 0.000000000000000000, 0.000000000000000000, -1.000000000000000000 ) ) ;
#2821 = CARTESIAN_POINT ( 'NONE',  ( 2.797467816603274926, 13.40237509998167198, 104.6043121610220510 ) ) ;
#2822 = ORIENTED_EDGE ( 'NONE', *, *, #11425, .T. ) ;
#2823 = AXIS2_PLACEMENT_3D ( 'NONE', #8393, #1091, #1997 ) ;
#2824 = VECTOR ( 'NONE', #9994, 1000.000000000000000 ) ;
#2825 = ORIENTED_EDGE ( 'NONE', *, *, #6253, .F. ) ;
#2826 = CARTESIAN_POINT ( 'NONE',  ( -16.13574176230646628, 27.18010287547603454, 102.8116720171352654 ) ) ;
#2827 = DIRECTION ( 'NONE',  ( 0.000000000000000000, -1.000000000000000000, 0.000000000000000000 ) ) ;
#2828 = CARTESIAN_POINT ( 'NONE',  ( -23.53921572489440450, 0.000000000000000000, 109.3489238107519981 ) ) ;
#2829 = ORIENTED_EDGE ( 'NONE', *, *, #6597, .T. ) ;
#2830 = LINE ( 'NONE', #10234, #8318 ) ;
#2831 = EDGE_LOOP ( 'NONE', ( #5095, #9017, #3825, #10482, #9025, #3384, #714, #6002 ) ) ;
#2832 = EDGE_CURVE ( 'NONE', #11025, #10088, #7115, .T. ) ;
#2833 = LINE ( 'NONE', #7990, #6070 ) ;
#2834 = CARTESIAN_POINT ( 'NONE',  ( -8.503038681384225583, 9.249999999999998224, 102.4620946686817291 ) ) ;
#2835 = ORIENTED_EDGE ( 'NONE', *, *, #4581, .F. ) ;
#2836 = VECTOR ( 'NONE', #2394, 1000.000000000000000 ) ;
#2837 = CARTESIAN_POINT ( 'NONE',  ( 13.93168049979518130, 27.18588141109855272, 105.2915703243338470 ) ) ;
#2838 = EDGE_CURVE ( 'NONE', #6502, #4967, #9833, .T. ) ;
#2839 = CARTESIAN_POINT ( 'NONE',  ( 14.08601065356234550, 31.36192106651827771, 103.8500000000000085 ) ) ;
#2840 = DIRECTION ( 'NONE',  ( 1.000000000000000000, 0.000000000000000000, 0.000000000000000000 ) ) ;
#2841 = DIRECTION ( 'NONE',  ( -0.000000000000000000, -1.000000000000000000, -0.000000000000000000 ) ) ;
#2842 = CIRCLE ( 'NONE', #1707, 1.999999999999974021 ) ;
#2843 = CARTESIAN_POINT ( 'NONE',  ( -4.329830330340957545, 8.542094916871882049, 103.4286652428310589 ) ) ;
#2844 = VERTEX_POINT ( 'NONE', #3928 ) ;
#2845 = EDGE_CURVE ( 'NONE', #3838, #8850, #8298, .T. ) ;
#2846 = VERTEX_POINT ( 'NONE', #343 ) ;
#2847 = DIRECTION ( 'NONE',  ( 0.000000000000000000, 0.000000000000000000, 1.000000000000000000 ) ) ;
#2848 = EDGE_CURVE ( 'NONE', #2714, #5727, #5580, .T. ) ;
#2849 = CARTESIAN_POINT ( 'NONE',  ( 6.429884749929745347, 9.071916176247460939, 105.4750000000000085 ) ) ;
#2850 = ORIENTED_EDGE ( 'NONE', *, *, #11221, .T. ) ;
#2851 = DIRECTION ( 'NONE',  ( 1.000000000000000000, 0.000000000000000000, 0.000000000000000000 ) ) ;
#2852 = FACE_OUTER_BOUND ( 'NONE', #3414, .T. ) ;
#2853 = DIRECTION ( 'NONE',  ( 0.000000000000000000, 0.000000000000000000, 1.000000000000000000 ) ) ;
#2854 = CARTESIAN_POINT ( 'NONE',  ( 14.00072321524101859, 28.38354304830970776, 100.2937143655314856 ) ) ;
#2855 =( BOUNDED_CURVE ( )  B_SPLINE_CURVE ( 3, ( #6402, #941, #8892, #9893 ),
 .UNSPECIFIED., .F., .F. ) 
 B_SPLINE_CURVE_WITH_KNOTS ( ( 4, 4 ),
 ( 1.830982928599190540, 2.548113197116735673 ),
 .UNSPECIFIED. ) 
 CURVE ( )  GEOMETRIC_REPRESENTATION_ITEM ( )  RATIONAL_B_SPLINE_CURVE ( ( 1.000000000000000000, 0.9576008842018215450, 0.9576008842018215450, 1.000000000000000000 ) ) 
 REPRESENTATION_ITEM ( '' )  );
#2856 = VERTEX_POINT ( 'NONE', #5764 ) ;
#2857 = EDGE_CURVE ( 'NONE', #8448, #6046, #9129, .T. ) ;
#2858 = DIRECTION ( 'NONE',  ( -0.7071067811865474617, -0.000000000000000000, 0.7071067811865474617 ) ) ;
#2859 = CIRCLE ( 'NONE', #8141, 1.549999999999995826 ) ;
#2860 = EDGE_LOOP ( 'NONE', ( #4875, #9750, #6724, #10714, #7884, #4828, #2525, #7867, #4103, #11528, #10353, #2533, #9688, #5411, #5815, #11574, #3237, #7654, #3956, #2514 ) ) ;
#2861 = VECTOR ( 'NONE', #7675, 1000.000000000000114 ) ;
#2862 = ORIENTED_EDGE ( 'NONE', *, *, #9150, .F. ) ;
#2863 = CARTESIAN_POINT ( 'NONE',  ( -21.90091163631633364, 7.249999999999999112, 118.9960766834541062 ) ) ;
#2864 = VECTOR ( 'NONE', #9656, 1000.000000000000000 ) ;
#2865 = VECTOR ( 'NONE', #5257, 1000.000000000000000 ) ;
#2866 = CARTESIAN_POINT ( 'NONE',  ( -7.998399423212878112, 9.001600576784250407, 103.3869744587013741 ) ) ;
#2867 = DIRECTION ( 'NONE',  ( 1.000000000000000000, 0.000000000000000000, 0.000000000000000000 ) ) ;
#2868 = CARTESIAN_POINT ( 'NONE',  ( 0.000000000000000000, 0.000000000000000000, 109.8500000000000227 ) ) ;
#2869 = CARTESIAN_POINT ( 'NONE',  ( -16.44999999998811191, 2.250000000000000000, 154.5000000000001421 ) ) ;
#2870 = COLOUR_RGB ( '',1.000000000000000000, 0.6549019607843137303, 0.8627450980392157298 ) ;
#2871 = CARTESIAN_POINT ( 'NONE',  ( -4.076716770326523687, 8.499999999999996447, 104.9472013248070681 ) ) ;
#2872 = ORIENTED_EDGE ( 'NONE', *, *, #11359, .F. ) ;
#2873 = ADVANCED_FACE ( 'NONE', ( #1005 ), #2203, .F. ) ;
#2874 = VECTOR ( 'NONE', #6593, 1000.000000000000000 ) ;
#2875 = ORIENTED_EDGE ( 'NONE', *, *, #5398, .T. ) ;
#2876 = CARTESIAN_POINT ( 'NONE',  ( 5.830172501334347501, 9.034453223603120975, 102.2769730618925337 ) ) ;
#2877 = DIRECTION ( 'NONE',  ( 0.000000000000000000, 0.2164396139381074557, -0.9762960071199322520 ) ) ;
#2878 = LINE ( 'NONE', #4535, #42 ) ;
#2879 = LINE ( 'NONE', #3898, #5125 ) ;
#2880 = CARTESIAN_POINT ( 'NONE',  ( 12.83983744638693381, 31.94302117641175442, 103.8500000000000085 ) ) ;
#2881 = CARTESIAN_POINT ( 'NONE',  ( 8.142033734342497553, 8.857966265657477578, 104.4821512919768338 ) ) ;
#2882 = ORIENTED_EDGE ( 'NONE', *, *, #10137, .T. ) ;
#2883 = CIRCLE ( 'NONE', #7807, 2.549999999999996714 ) ;
#2884 = CARTESIAN_POINT ( 'NONE',  ( 9.499999999999987566, 7.249999999999999112, 89.43550806100927275 ) ) ;
#2885 = ORIENTED_EDGE ( 'NONE', *, *, #9194, .F. ) ;
#2886 = CARTESIAN_POINT ( 'NONE',  ( 7.839996671820104623, 9.160003342024964468, 102.9412207654360287 ) ) ;
#2887 = DIRECTION ( 'NONE',  ( -0.9063077870366493816, 0.4226182617407005515, -1.708035422500241705E-14 ) ) ;
#2888 = VERTEX_POINT ( 'NONE', #7534 ) ;
#2889 = CIRCLE ( 'NONE', #1752, 2.000000000000001776 ) ;
#2890 = EDGE_CURVE ( 'NONE', #9221, #5984, #10075, .T. ) ;
#2891 = VECTOR ( 'NONE', #11100, 1000.000000000000000 ) ;
#2892 = ORIENTED_EDGE ( 'NONE', *, *, #6970, .F. ) ;
#2893 = DIRECTION ( 'NONE',  ( 0.000000000000000000, 1.000000000000000000, 0.000000000000000000 ) ) ;
#2894 = CARTESIAN_POINT ( 'NONE',  ( 8.276660139276025063, 8.723339860723472228, 103.4576154648409698 ) ) ;
#2895 = VECTOR ( 'NONE', #9524, 1000.000000000000227 ) ;
#2896 = FACE_OUTER_BOUND ( 'NONE', #1884, .T. ) ;
#2897 = EDGE_CURVE ( 'NONE', #2223, #6701, #721, .T. ) ;
#2898 = CARTESIAN_POINT ( 'NONE',  ( 2.392501048138504061, 14.21779485279617994, 102.3652731704696066 ) ) ;
#2899 = AXIS2_PLACEMENT_3D ( 'NONE', #1676, #4409, #2624 ) ;
#2900 = ORIENTED_EDGE ( 'NONE', *, *, #10070, .T. ) ;
#2901 = FACE_OUTER_BOUND ( 'NONE', #11033, .T. ) ;
#2902 = CARTESIAN_POINT ( 'NONE',  ( -6.208250624159584952, 9.249999999999998224, 105.9900516354069282 ) ) ;
#2903 = EDGE_LOOP ( 'NONE', ( #5169, #10752, #6525, #740, #2713, #2734, #8983, #3128, #7173, #11523, #7875, #8632, #8218, #10134 ) ) ;
#2904 = VECTOR ( 'NONE', #9914, 1000.000000000000000 ) ;
#2905 = CARTESIAN_POINT ( 'NONE',  ( -15.92370005965352142, 26.72537797670014825, 104.8883279828647375 ) ) ;
#2906 = CARTESIAN_POINT ( 'NONE',  ( 0.000000000000000000, 21.45637587167328064, 0.000000000000000000 ) ) ;
#2907 = CARTESIAN_POINT ( 'NONE',  ( -16.25000000000000000, 14.75200288829680773, 137.8414722278378406 ) ) ;
#2908 = ORIENTED_EDGE ( 'NONE', *, *, #1458, .F. ) ;
#2909 = PLANE ( 'NONE',  #2093 ) ;
#2910 = EDGE_CURVE ( 'NONE', #10161, #5207, #159, .T. ) ;
#2911 = CARTESIAN_POINT ( 'NONE',  ( -6.015028000230917549, 8.499999999999996447, 106.0393654894793514 ) ) ;
#2912 = ORIENTED_EDGE ( 'NONE', *, *, #6700, .F. ) ;
#2913 = CARTESIAN_POINT ( 'NONE',  ( -29.37500000000053291, 2.250000000000000000, 77.10000000000002274 ) ) ;
#2914 = ORIENTED_EDGE ( 'NONE', *, *, #7816, .F. ) ;
#2915 = VECTOR ( 'NONE', #10995, 1000.000000000000000 ) ;
#2916 = DIRECTION ( 'NONE',  ( 0.000000000000000000, 1.000000000000000000, 0.000000000000000000 ) ) ;
#2917 = CARTESIAN_POINT ( 'NONE',  ( 7.358514705660712529, 8.499999999999996447, 105.4971253870907617 ) ) ;
#2918 = VERTEX_POINT ( 'NONE', #6643 ) ;
#2919 = LINE ( 'NONE', #3931, #14 ) ;
#2920 = DIRECTION ( 'NONE',  ( -1.000000000000000000, 0.000000000000000000, 9.654113257610012971E-15 ) ) ;
#2921 = CARTESIAN_POINT ( 'NONE',  ( -4.750502354557112561, 9.567207725462905543, 103.9117065685244512 ) ) ;
#2922 = CARTESIAN_POINT ( 'NONE',  ( 13.83775212875645266, 28.16755216095005210, 100.3144660940672566 ) ) ;
#2923 = VERTEX_POINT ( 'NONE', #10256 ) ;
#2924 = CARTESIAN_POINT ( 'NONE',  ( 0.000000000000000000, 12.18090418970229116, 115.0182629420205274 ) ) ;
#2925 = FACE_OUTER_BOUND ( 'NONE', #7353, .T. ) ;
#2926 = AXIS2_PLACEMENT_3D ( 'NONE', #4125, #9684, #8627 ) ;
#2927 = ORIENTED_EDGE ( 'NONE', *, *, #10868, .F. ) ;
#2928 = ADVANCED_FACE ( 'NONE', ( #6711 ), #2147, .F. ) ;
#2929 = EDGE_CURVE ( 'NONE', #5291, #1067, #1500, .T. ) ;
#2930 = ORIENTED_EDGE ( 'NONE', *, *, #3412, .T. ) ;
#2931 = DIRECTION ( 'NONE',  ( 0.000000000000000000, -1.000000000000000000, 0.000000000000000000 ) ) ;
#2932 = AXIS2_PLACEMENT_3D ( 'NONE', #9077, #8070, #4462 ) ;
#2933 = CARTESIAN_POINT ( 'NONE',  ( 1.904491469030932471, 17.11990141376360341, 105.4455085309690929 ) ) ;
#2934 = CARTESIAN_POINT ( 'NONE',  ( 18.11169591142192914, 3.888304088578084627, 117.0714093900724464 ) ) ;
#2935 = LINE ( 'NONE', #9211, #9370 ) ;
#2936 = CARTESIAN_POINT ( 'NONE',  ( -11.00000000000001066, 0.000000000000000000, 96.10000000000006537 ) ) ;
#2937 = AXIS2_PLACEMENT_3D ( 'NONE', #317, #6739, #10341 ) ;
#2938 = ORIENTED_EDGE ( 'NONE', *, *, #8995, .F. ) ;
#2939 = EDGE_CURVE ( 'NONE', #4419, #11436, #6755, .T. ) ;
#2940 = ADVANCED_FACE ( 'NONE', ( #1963 ), #11023, .F. ) ;
#2941 = ORIENTED_EDGE ( 'NONE', *, *, #2698, .T. ) ;
#2942 = CARTESIAN_POINT ( 'NONE',  ( 7.127417852519386976, 9.115489822861123415, 105.3106033331434475 ) ) ;
#2943 = LINE ( 'NONE', #4839, #6549 ) ;
#2944 = CARTESIAN_POINT ( 'NONE',  ( -8.499999999999992895, 8.500000000000000000, 107.6000000000000085 ) ) ;
#2945 = CONICAL_SURFACE ( 'NONE', #5787, 1.549999999999995826, 0.7853981633974524978 ) ;
#2946 = CARTESIAN_POINT ( 'NONE',  ( 1.981690339937749235, 11.61540154166133298, 106.2715328653982994 ) ) ;
#2947 = CARTESIAN_POINT ( 'NONE',  ( -29.37500000000054357, 1.250000000000001776, 125.0500000000000540 ) ) ;
#2948 = CARTESIAN_POINT ( 'NONE',  ( -29.37500000000054357, 2.250000000000000000, 125.0500000000000540 ) ) ;
#2949 = ORIENTED_EDGE ( 'NONE', *, *, #9908, .T. ) ;
#2950 = CARTESIAN_POINT ( 'NONE',  ( -21.90091163631615956, 0.000000000000000000, 135.9960766834541062 ) ) ;
#2951 = ORIENTED_EDGE ( 'NONE', *, *, #11280, .T. ) ;
#2952 = CARTESIAN_POINT ( 'NONE',  ( -14.50221515314512288, 28.40939692359802038, 105.2915703243338470 ) ) ;
#2953 = CARTESIAN_POINT ( 'NONE',  ( 3.000000000000001776, 13.60951642264701889, 103.8173170998500581 ) ) ;
#2954 = ORIENTED_EDGE ( 'NONE', *, *, #1880, .T. ) ;
#2955 = STYLED_ITEM ( 'NONE', ( #4394 ), #4347 ) ;
#2956 = ORIENTED_EDGE ( 'NONE', *, *, #844, .F. ) ;
#2957 = DIRECTION ( 'NONE',  ( 0.000000000000000000, 0.000000000000000000, -1.000000000000000000 ) ) ;
#2958 = LINE ( 'NONE', #95, #11451 ) ;
#2959 = CARTESIAN_POINT ( 'NONE',  ( -7.499999999988182786, 2.250000000000000000, 163.0000000000001421 ) ) ;
#2960 = DIRECTION ( 'NONE',  ( -0.8660254037844437036, 0.000000000000000000, 0.4999999999999912847 ) ) ;
#2961 = VERTEX_POINT ( 'NONE', #10315 ) ;
#2962 = CARTESIAN_POINT ( 'NONE',  ( 6.999999999999990230, 2.250000000000000444, 89.43550806100923012 ) ) ;
#2963 = CARTESIAN_POINT ( 'NONE',  ( -6.208250624159638242, 9.249999999999998224, 101.7099483645930889 ) ) ;
#2964 = VERTEX_POINT ( 'NONE', #2084 ) ;
#2965 = CARTESIAN_POINT ( 'NONE',  ( -2.902321975222357242, 13.46074052193564263, 104.3825601780686725 ) ) ;
#2966 = CARTESIAN_POINT ( 'NONE',  ( -18.11169591142203217, 3.847870860261949133, 108.5714093900724890 ) ) ;
#2967 = EDGE_CURVE ( 'NONE', #9205, #2197, #10579, .T. ) ;
#2968 = CARTESIAN_POINT ( 'NONE',  ( 5.730118240707834154, 9.686838759839597301, 102.4260587358032666 ) ) ;
#2969 = ORIENTED_EDGE ( 'NONE', *, *, #7388, .F. ) ;
#2970 = DIRECTION ( 'NONE',  ( 0.000000000000000000, -1.000000000000000000, 0.000000000000000000 ) ) ;
#2971 = CARTESIAN_POINT ( 'NONE',  ( -4.962508203836788923, 8.500000000000000000, 105.7500009987011254 ) ) ;
#2972 = ORIENTED_EDGE ( 'NONE', *, *, #88, .F. ) ;
#2973 = LINE ( 'NONE', #1249, #11186 ) ;
#2974 = ORIENTED_EDGE ( 'NONE', *, *, #10100, .T. ) ;
#2975 = EDGE_CURVE ( 'NONE', #837, #6295, #5108, .T. ) ;
#2976 = DIRECTION ( 'NONE',  ( 0.000000000000000000, -1.000000000000000000, 0.000000000000000000 ) ) ;
#2977 = CARTESIAN_POINT ( 'NONE',  ( 6.034888035674171647, 8.500000000000000000, 105.7357432803062096 ) ) ;
#2978 = VERTEX_POINT ( 'NONE', #4816 ) ;
#2979 = CARTESIAN_POINT ( 'NONE',  ( 18.11169591142191848, 7.249999999999999112, 117.0714093900724464 ) ) ;
#2980 = ADVANCED_FACE ( 'NONE', ( #10138 ), #8428, .T. ) ;
#2981 = CARTESIAN_POINT ( 'NONE',  ( -2.630080605847299857, 13.34000833469312752, 104.8412397377123710 ) ) ;
#2982 = EDGE_CURVE ( 'NONE', #8164, #4267, #8362, .T. ) ;
#2983 = FACE_OUTER_BOUND ( 'NONE', #4332, .T. ) ;
#2984 = CARTESIAN_POINT ( 'NONE',  ( 7.949834432432205666, 21.45637587167328064, 103.8500000000000085 ) ) ;
#2985 = ORIENTED_EDGE ( 'NONE', *, *, #2663, .T. ) ;
#2986 = EDGE_CURVE ( 'NONE', #4324, #4378, #572, .T. ) ;
#2987 = CARTESIAN_POINT ( 'NONE',  ( -15.29114218035015860, 26.55195401848749626, 163.0000000000001421 ) ) ;
#2988 = EDGE_CURVE ( 'NONE', #5196, #7429, #1480, .T. ) ;
#2989 = ORIENTED_EDGE ( 'NONE', *, *, #6703, .T. ) ;
#2990 = EDGE_LOOP ( 'NONE', ( #3479, #3437, #1339, #8513 ) ) ;
#2991 = FACE_OUTER_BOUND ( 'NONE', #4681, .T. ) ;
#2992 = ADVANCED_FACE ( 'NONE', ( #1533 ), #5991, .T. ) ;
#2993 = DIRECTION ( 'NONE',  ( 0.7071067811865474617, -0.000000000000000000, -0.7071067811865474617 ) ) ;
#2994 = CARTESIAN_POINT ( 'NONE',  ( 1.500000000000000000, 14.26997711284614567, 102.1298942063219357 ) ) ;
#2995 = CARTESIAN_POINT ( 'NONE',  ( -7.998399423212878112, 9.001600576784250407, 103.3869744587013741 ) ) ;
#2996 = FACE_OUTER_BOUND ( 'NONE', #3252, .T. ) ;
#2997 = ADVANCED_FACE ( 'NONE', ( #4101 ), #633, .T. ) ;
#2998 = ORIENTED_EDGE ( 'NONE', *, *, #10155, .T. ) ;
#2999 = EDGE_LOOP ( 'NONE', ( #6500, #7317, #11699, #2892 ) ) ;
#3000 = CARTESIAN_POINT ( 'NONE',  ( 4.214825629337461521, 8.500000000000000000, 103.9742230430334047 ) ) ;
#3001 = CARTESIAN_POINT ( 'NONE',  ( -7.949834432432205666, 21.45637587167328064, 103.8500000000000085 ) ) ;
#3002 = CARTESIAN_POINT ( 'NONE',  ( 5.463485167491571204, 9.654279546273144774, 102.5813774314033253 ) ) ;
#3003 = CARTESIAN_POINT ( 'NONE',  ( -12.74999999999995559, 13.96768987689089769, 109.2687067062699384 ) ) ;
#3004 = CARTESIAN_POINT ( 'NONE',  ( -7.489407524111749481, 9.510592475888248742, 102.0473174954224476 ) ) ;
#3005 = UNCERTAINTY_MEASURE_WITH_UNIT (LENGTH_MEASURE( 1.000000000000000082E-05 ), #806, 'distance_accuracy_value', 'NONE');
#3006 = CARTESIAN_POINT ( 'NONE',  ( 50.83982665964956738, 0.000000000000000000, 35.59842986836083867 ) ) ;
#3007 = CARTESIAN_POINT ( 'NONE',  ( -8.750000000000007105, 13.12141615403823813, 116.8679339569414708 ) ) ;
#3008 = EDGE_CURVE ( 'NONE', #10633, #5732, #6044, .T. ) ;
#3009 = ORIENTED_EDGE ( 'NONE', *, *, #4715, .F. ) ;
#3010 = CARTESIAN_POINT ( 'NONE',  ( -14.02002713979199733, 28.38200646742229694, 104.9728477210950501 ) ) ;
#3011 = CARTESIAN_POINT ( 'NONE',  ( 2.759950728312831281, 13.81517805625759721, 103.0359598850193663 ) ) ;
#3012 = EDGE_CURVE ( 'NONE', #9395, #8608, #9426, .T. ) ;
#3013 = ORIENTED_EDGE ( 'NONE', *, *, #2342, .F. ) ;
#3014 = ORIENTED_EDGE ( 'NONE', *, *, #1510, .F. ) ;
#3015 = LINE ( 'NONE', #31, #2153 ) ;
#3016 = B_SPLINE_CURVE_WITH_KNOTS ( 'NONE', 3,
 ( #2812, #6434, #1929, #4661 ),
 .UNSPECIFIED., .F., .F.,
 ( 4, 4 ),
 ( 4.388541835720875915E-17, 0.0002249180803212936738 ),
 .UNSPECIFIED. ) ;
#3017 = DIRECTION ( 'NONE',  ( 0.000000000000000000, 1.000000000000000000, -0.000000000000000000 ) ) ;
#3018 = LINE ( 'NONE', #5801, #1018 ) ;
#3019 = FACE_OUTER_BOUND ( 'NONE', #2205, .T. ) ;
#3020 = VERTEX_POINT ( 'NONE', #2309 ) ;
#3021 = DIRECTION ( 'NONE',  ( 0.000000000000000000, 0.000000000000000000, -1.000000000000000000 ) ) ;
#3022 = CARTESIAN_POINT ( 'NONE',  ( -8.582101839722144021, 9.249999999999996447, 102.5535766296085143 ) ) ;
#3023 = ORIENTED_EDGE ( 'NONE', *, *, #4592, .F. ) ;
#3024 = CARTESIAN_POINT ( 'NONE',  ( -3.000000000000000444, 13.61811893356471437, 103.7846342006251490 ) ) ;
#3025 = DIRECTION ( 'NONE',  ( 0.000000000000000000, -1.000000000000000000, 0.000000000000000000 ) ) ;
#3026 = VECTOR ( 'NONE', #2279, 1000.000000000000000 ) ;
#3027 = CARTESIAN_POINT ( 'NONE',  ( 4.918151319530343457, 9.587681075655986263, 104.5227941520537627 ) ) ;
#3028 = VECTOR ( 'NONE', #407, 1000.000000000000000 ) ;
#3029 = ORIENTED_EDGE ( 'NONE', *, *, #697, .T. ) ;
#3030 = CARTESIAN_POINT ( 'NONE',  ( -7.249999999999989342, -31.10416016031583553, 100.1000000000000227 ) ) ;
#3031 = CARTESIAN_POINT ( 'NONE',  ( -4.461570642129416342, 8.558596015134019908, 103.1298787401801462 ) ) ;
#3032 = ORIENTED_EDGE ( 'NONE', *, *, #362, .F. ) ;
#3033 = CARTESIAN_POINT ( 'NONE',  ( 21.35344314932018506, 2.250000000000000000, 156.6000000000001933 ) ) ;
#3034 = VECTOR ( 'NONE', #10789, 1000.000000000000000 ) ;
#3035 = VERTEX_POINT ( 'NONE', #11426 ) ;
#3036 = DIRECTION ( 'NONE',  ( 0.000000000000000000, 0.000000000000000000, -1.000000000000000000 ) ) ;
#3037 = CARTESIAN_POINT ( 'NONE',  ( 6.851999134636170830, 8.499999999999996447, 102.0127261465859334 ) ) ;
#3038 = ORIENTED_EDGE ( 'NONE', *, *, #7010, .T. ) ;
#3039 = CARTESIAN_POINT ( 'NONE',  ( 7.336345559596654908, 9.663654440403343315, 102.1402545072356389 ) ) ;
#3040 = CARTESIAN_POINT ( 'NONE',  ( -2.251725554795275031, 13.25827910529185694, 105.1517477035129389 ) ) ;
#3041 = CARTESIAN_POINT ( 'NONE',  ( -50.83982665965005054, 7.249999999999999112, 35.59842986836174106 ) ) ;
#3042 = CYLINDRICAL_SURFACE ( 'NONE', #838, 1.624999999999999112 ) ;
#3043 = EDGE_LOOP ( 'NONE', ( #8425, #11235, #7719, #2681 ) ) ;
#3044 = LINE ( 'NONE', #2987, #4739 ) ;
#3045 = VECTOR ( 'NONE', #11244, 1000.000000000000000 ) ;
#3046 = EDGE_CURVE ( 'NONE', #2366, #11469, #465, .T. ) ;
#3047 = EDGE_CURVE ( 'NONE', #2461, #9143, #1365, .T. ) ;
#3048 = ORIENTED_EDGE ( 'NONE', *, *, #4144, .F. ) ;
#3049 = B_SPLINE_CURVE_WITH_KNOTS ( 'NONE', 3,
 ( #9970, #5602, #3756, #3701, #1081, #184, #10861, #4770 ),
 .UNSPECIFIED., .F., .F.,
 ( 4, 2, 2, 4 ),
 ( 5.204170427930421283E-18, 0.0004418718081906350599, 0.0006628077122859478464, 0.0008837436163812607956 ),
 .UNSPECIFIED. ) ;
#3050 = ORIENTED_EDGE ( 'NONE', *, *, #3983, .T. ) ;
#3051 = DIRECTION ( 'NONE',  ( 0.000000000000000000, -1.000000000000000000, 0.000000000000000000 ) ) ;
#3052 = LINE ( 'NONE', #8496, #8562 ) ;
#3053 = AXIS2_PLACEMENT_3D ( 'NONE', #5331, #7221, #3728 ) ;
#3054 = CARTESIAN_POINT ( 'NONE',  ( -6.558174441128952203, 9.787963273012840304, 102.2269014975710206 ) ) ;
#3055 = CARTESIAN_POINT ( 'NONE',  ( 14.24529353952174482, 28.47080834996550536, 107.4630542771134145 ) ) ;
#3056 = CARTESIAN_POINT ( 'NONE',  ( 15.54289321881345032, 5.042893218813490286, 138.8414722278378690 ) ) ;
#3057 = EDGE_LOOP ( 'NONE', ( #5012, #7547, #7258, #9196 ) ) ;
#3058 = EDGE_CURVE ( 'NONE', #6621, #4419, #7711, .T. ) ;
#3059 = VERTEX_POINT ( 'NONE', #11307 ) ;
#3060 = VECTOR ( 'NONE', #4923, 1000.000000000000000 ) ;
#3061 = EDGE_CURVE ( 'NONE', #3035, #7411, #5160, .T. ) ;
#3062 = AXIS2_PLACEMENT_3D ( 'NONE', #6420, #8254, #10793 ) ;
#3063 = SURFACE_STYLE_FILL_AREA ( #7559 ) ;
#3064 = CARTESIAN_POINT ( 'NONE',  ( 5.225493481747728985, 9.625214639492714497, 102.7738294256859888 ) ) ;
#3065 = DIRECTION ( 'NONE',  ( 0.000000000000000000, -1.000000000000000000, 0.000000000000000000 ) ) ;
#3066 = DIRECTION ( 'NONE',  ( 0.000000000000000000, 0.000000000000000000, 1.000000000000000000 ) ) ;
#3067 = ORIENTED_EDGE ( 'NONE', *, *, #6671, .T. ) ;
#3068 = VECTOR ( 'NONE', #5195, 1000.000000000000000 ) ;
#3069 = DIRECTION ( 'NONE',  ( 0.8191520442889914655, 0.000000000000000000, -0.5735764363510467145 ) ) ;
#3070 = ORIENTED_EDGE ( 'NONE', *, *, #10771, .T. ) ;
#3071 = AXIS2_PLACEMENT_3D ( 'NONE', #9602, #8832, #5225 ) ;
#3072 = DIRECTION ( 'NONE',  ( -0.7071067811865475727, -0.7071067811865475727, 0.000000000000000000 ) ) ;
#3073 = CARTESIAN_POINT ( 'NONE',  ( 2.844029809991978297, 13.77668877010870041, 103.1821725962197576 ) ) ;
#3074 = CIRCLE ( 'NONE', #3432, 2.000000000000029310 ) ;
#3075 = ORIENTED_EDGE ( 'NONE', *, *, #2342, .T. ) ;
#3076 = ORIENTED_EDGE ( 'NONE', *, *, #11271, .T. ) ;
#3077 = CARTESIAN_POINT ( 'NONE',  ( 21.38830408857771559, 2.250000000000000444, 131.7771036446682729 ) ) ;
#3078 = CARTESIAN_POINT ( 'NONE',  ( -13.25000000000000178, 0.000000000000000000, 88.60000000000002274 ) ) ;
#3079 = AXIS2_PLACEMENT_3D ( 'NONE', #10674, #7064, #4398 ) ;
#3080 = DIRECTION ( 'NONE',  ( 0.000000000000000000, -1.000000000000000000, 0.000000000000000000 ) ) ;
#3081 = CYLINDRICAL_SURFACE ( 'NONE', #5867, 1.999999999999974021 ) ;
#3082 = ORIENTED_EDGE ( 'NONE', *, *, #4948, .F. ) ;
#3083 = CARTESIAN_POINT ( 'NONE',  ( -9.885719189479228675, 8.832699090104224382, 108.5048876997273624 ) ) ;
#3084 = EDGE_CURVE ( 'NONE', #7451, #1107, #3318, .T. ) ;
#3085 = CARTESIAN_POINT ( 'NONE',  ( -1.250000000000014211, 35.18246342614575184, 7.799764360207106506 ) ) ;
#3086 = EDGE_CURVE ( 'NONE', #8028, #1181, #3373, .T. ) ;
#3087 = EDGE_LOOP ( 'NONE', ( #6790, #2487, #6095, #2216 ) ) ;
#3088 = CARTESIAN_POINT ( 'NONE',  ( -2.995988742707607511, 13.63102974576851878, 103.7355827465876672 ) ) ;
#3089 = ORIENTED_EDGE ( 'NONE', *, *, #3212, .T. ) ;
#3090 = CARTESIAN_POINT ( 'NONE',  ( 7.981593435704388284, 9.961789697507049013, 105.0145801987422800 ) ) ;
#3091 = ORIENTED_EDGE ( 'NONE', *, *, #10853, .T. ) ;
#3092 = VECTOR ( 'NONE', #9331, 1000.000000000000000 ) ;
#3093 = CARTESIAN_POINT ( 'NONE',  ( -8.077344618109879804, 9.011488837849881861, 103.7436434039267255 ) ) ;
#3094 = EDGE_CURVE ( 'NONE', #8237, #9388, #6991, .T. ) ;
#3095 = DIRECTION ( 'NONE',  ( 0.000000000000000000, -1.000000000000000000, 0.000000000000000000 ) ) ;
#3096 = ORIENTED_EDGE ( 'NONE', *, *, #2897, .F. ) ;
#3097 = DIRECTION ( 'NONE',  ( 0.000000000000000000, -1.000000000000000000, 0.000000000000000000 ) ) ;
#3098 = VECTOR ( 'NONE', #7141, 1000.000000000000000 ) ;
#3099 = CARTESIAN_POINT ( 'NONE',  ( 6.034888035674174311, 8.499999999999996447, 101.9642567196938074 ) ) ;
#3100 = ORIENTED_EDGE ( 'NONE', *, *, #2564, .T. ) ;
#3101 = DIRECTION ( 'NONE',  ( 0.000000000000000000, 0.000000000000000000, -1.000000000000000000 ) ) ;
#3102 = CARTESIAN_POINT ( 'NONE',  ( -15.92152795146883193, 29.67847185460661308, 103.8500000000000085 ) ) ;
#3103 = DIRECTION ( 'NONE',  ( 0.9063077870366493816, -0.4226182617407005515, -8.540177112501208526E-15 ) ) ;
#3104 = VECTOR ( 'NONE', #7025, 1000.000000000000000 ) ;
#3105 = CARTESIAN_POINT ( 'NONE',  ( -7.140878715601372662, 9.859120950853688115, 105.4203057533346879 ) ) ;
#3106 = CARTESIAN_POINT ( 'NONE',  ( 14.50221515314512288, 28.40939692359802038, 100.1757653858252439 ) ) ;
#3107 = ORIENTED_EDGE ( 'NONE', *, *, #10215, .F. ) ;
#3108 = CARTESIAN_POINT ( 'NONE',  ( 21.90091163631628390, 7.249999999999999112, 127.4960766834540777 ) ) ;
#3109 = ORIENTED_EDGE ( 'NONE', *, *, #6173, .F. ) ;
#3110 = ORIENTED_EDGE ( 'NONE', *, *, #2140, .F. ) ;
#3111 = PLANE ( 'NONE',  #8551 ) ;
#3112 = LINE ( 'NONE', #1442, #6290 ) ;
#3113 = CARTESIAN_POINT ( 'NONE',  ( -6.709641698527860854, 9.806458507219272036, 102.2257526213230392 ) ) ;
#3114 = DIRECTION ( 'NONE',  ( -0.4226182617407010511, -0.9063077870366493816, -1.110223024625156540E-16 ) ) ;
#3115 = EDGE_CURVE ( 'NONE', #7439, #4925, #5816, .T. ) ;
#3116 = CARTESIAN_POINT ( 'NONE',  ( -15.20033764930179387, -31.10416016031582842, 100.1000000000000227 ) ) ;
#3117 = CIRCLE ( 'NONE', #9727, 1.500000000000001332 ) ;
#3118 = EDGE_CURVE ( 'NONE', #10923, #10754, #4927, .T. ) ;
#3119 = ORIENTED_EDGE ( 'NONE', *, *, #8571, .T. ) ;
#3120 = AXIS2_PLACEMENT_3D ( 'NONE', #9640, #7868, #3364 ) ;
#3121 = CARTESIAN_POINT ( 'NONE',  ( -12.83983744638693381, 31.94302117641175442, 103.8500000000000085 ) ) ;
#3122 = CARTESIAN_POINT ( 'NONE',  ( 5.159261902072168837, 9.617126349990622103, 102.8428915304451579 ) ) ;
#3123 = CARTESIAN_POINT ( 'NONE',  ( 1.042893218813654377, 19.54289321881344677, 107.6000000000000085 ) ) ;
#3124 = CARTESIAN_POINT ( 'NONE',  ( -29.37500000000054357, 0.000000000000000000, 126.6000000000000512 ) ) ;
#3125 = CARTESIAN_POINT ( 'NONE',  ( -6.249999999999999112, 12.18090418970228406, 115.0182629420205274 ) ) ;
#3126 = EDGE_CURVE ( 'NONE', #2964, #3997, #1304, .T. ) ;
#3127 = CARTESIAN_POINT ( 'NONE',  ( -5.000000000000000888, 31.94302117641175442, 93.10000000000003695 ) ) ;
#3128 = ORIENTED_EDGE ( 'NONE', *, *, #4230, .F. ) ;
#3129 = FACE_BOUND ( 'NONE', #1062, .T. ) ;
#3131 = VECTOR ( 'NONE', #174, 1000.000000000000000 ) ;
#3130 = CARTESIAN_POINT ( 'NONE',  ( 2.992576361714597954, 13.56167879179815472, 103.9990637390618815 ) ) ;
#3132 = ADVANCED_FACE ( 'NONE', ( #5933 ), #2252, .F. ) ;
#3133 = ORIENTED_EDGE ( 'NONE', *, *, #7399, .T. ) ;
#3134 = ORIENTED_EDGE ( 'NONE', *, *, #6300, .T. ) ;
#3135 = VECTOR ( 'NONE', #2463, 1000.000000000000000 ) ;
#3136 = DIRECTION ( 'NONE',  ( -0.4226182617407002184, 0.9063077870366494926, 0.000000000000000000 ) ) ;
#3137 = FACE_OUTER_BOUND ( 'NONE', #5482, .T. ) ;
#3138 = CARTESIAN_POINT ( 'NONE',  ( 7.949834432432205666, 21.45637587167328064, 103.8500000000000085 ) ) ;
#3139 = ORIENTED_EDGE ( 'NONE', *, *, #4825, .F. ) ;
#3140 = CARTESIAN_POINT ( 'NONE',  ( -7.499999999988182786, 0.000000000000000000, 163.0000000000001421 ) ) ;
#3141 = DIRECTION ( 'NONE',  ( 0.000000000000000000, 0.000000000000000000, 1.000000000000000000 ) ) ;
#3142 = VERTEX_POINT ( 'NONE', #1424 ) ;
#3143 = CARTESIAN_POINT ( 'NONE',  ( -2.978431148153576125, 13.53408055289392742, 104.1039182351044303 ) ) ;
#3144 = ORIENTED_EDGE ( 'NONE', *, *, #10593, .T. ) ;
#3145 = CARTESIAN_POINT ( 'NONE',  ( 7.105105961475754128, 9.854752740835937885, 105.4305008884828538 ) ) ;
#3146 = VECTOR ( 'NONE', #3584, 1000.000000000000000 ) ;
#3147 = ORIENTED_EDGE ( 'NONE', *, *, #574, .T. ) ;
#3148 = EDGE_CURVE ( 'NONE', #4438, #7198, #5046, .T. ) ;
#3149 = DIRECTION ( 'NONE',  ( 0.000000000000000000, 0.000000000000000000, -1.000000000000000000 ) ) ;
#3150 = LINE ( 'NONE', #11081, #9672 ) ;
#3151 = EDGE_LOOP ( 'NONE', ( #10904, #7888, #2015, #4143 ) ) ;
#3152 = DIRECTION ( 'NONE',  ( 0.4226182617407002184, -0.9063077870366494926, 0.000000000000000000 ) ) ;
#3153 = CARTESIAN_POINT ( 'NONE',  ( 7.974115642801193005, 8.500000000000000000, 102.6922524150503335 ) ) ;
#3154 = ORIENTED_EDGE ( 'NONE', *, *, #6668, .T. ) ;
#3155 = CARTESIAN_POINT ( 'NONE',  ( -26.50000000000052935, 0.000000000000000000, 87.60000000000000853 ) ) ;
#3156 = CARTESIAN_POINT ( 'NONE',  ( -33.75000000000054001, 0.000000000000000000, 85.07409257229544153 ) ) ;
#3157 = CARTESIAN_POINT ( 'NONE',  ( -2.073834777636693438, 14.24981232259238872, 102.2208516971941208 ) ) ;
#3158 = PLANE ( 'NONE',  #2680 ) ;
#3159 = LINE ( 'NONE', #2430, #10095 ) ;
#3160 = ORIENTED_EDGE ( 'NONE', *, *, #6153, .T. ) ;
#3161 = LINE ( 'NONE', #11379, #7574 ) ;
#3162 = ADVANCED_FACE ( 'NONE', ( #932 ), #35, .F. ) ;
#3163 = VERTEX_POINT ( 'NONE', #11535 ) ;
#3164 = ORIENTED_EDGE ( 'NONE', *, *, #2604, .F. ) ;
#3165 = FACE_OUTER_BOUND ( 'NONE', #7356, .T. ) ;
#3166 = LINE ( 'NONE', #3999, #11205 ) ;
#3167 = DIRECTION ( 'NONE',  ( -1.000000000000000000, 0.000000000000000000, -0.000000000000000000 ) ) ;
#3168 = CARTESIAN_POINT ( 'NONE',  ( -3.280974458441701547, 13.92652552472004857, 103.6791042054784953 ) ) ;
#3169 = DIRECTION ( 'NONE',  ( 0.000000000000000000, 0.000000000000000000, -1.000000000000000000 ) ) ;
#3170 = VECTOR ( 'NONE', #3231, 1000.000000000000000 ) ;
#3171 = ORIENTED_EDGE ( 'NONE', *, *, #7178, .F. ) ;
#3172 = CARTESIAN_POINT ( 'NONE',  ( 4.771146386054996746, 9.569736173246017330, 103.6032911564994521 ) ) ;
#3173 = CARTESIAN_POINT ( 'NONE',  ( 17.99999999999998934, 2.250000000000000444, 94.43550806100934381 ) ) ;
#3174 = CARTESIAN_POINT ( 'NONE',  ( -8.499999999999998224, 8.500000000000000000, 104.4382205592013122 ) ) ;
#3175 = DIRECTION ( 'NONE',  ( -0.5735764363510378328, 0.000000000000000000, 0.8191520442889975717 ) ) ;
#3176 = CARTESIAN_POINT ( 'NONE',  ( 9.885719189479225122, 8.832699090104224382, 108.5048876997273624 ) ) ;
#3177 = ORIENTED_EDGE ( 'NONE', *, *, #5649, .F. ) ;
#3178 = DIRECTION ( 'NONE',  ( 0.000000000000000000, 1.000000000000000000, 0.000000000000000000 ) ) ;
#3179 = CARTESIAN_POINT ( 'NONE',  ( 2.918577452825804830, 13.47196260590330397, 104.3399465090408142 ) ) ;
#3180 = ORIENTED_EDGE ( 'NONE', *, *, #6223, .T. ) ;
#3181 = EDGE_CURVE ( 'NONE', #8922, #7800, #9054, .T. ) ;
#3182 = ORIENTED_EDGE ( 'NONE', *, *, #2499, .F. ) ;
#3183 = EDGE_CURVE ( 'NONE', #4633, #4981, #9002, .T. ) ;
#3184 = CARTESIAN_POINT ( 'NONE',  ( -1.904491469030924700, 17.11990141376360697, 105.4455085309690929 ) ) ;
#3185 = DIRECTION ( 'NONE',  ( -1.000000000000000000, 0.000000000000000000, 0.000000000000000000 ) ) ;
#3186 = DIRECTION ( 'NONE',  ( 0.4774298500276914492, 0.000000000000000000, 0.8786698687803833341 ) ) ;
#3187 = ORIENTED_EDGE ( 'NONE', *, *, #9520, .F. ) ;
#3188 = DIRECTION ( 'NONE',  ( -0.000000000000000000, -1.000000000000000000, -0.000000000000000000 ) ) ;
#3189 = CARTESIAN_POINT ( 'NONE',  ( -18.11169591142192914, 7.249999999999999112, 117.0714093900724464 ) ) ;
#3190 = EDGE_CURVE ( 'NONE', #5469, #11355, #6304, .T. ) ;
#3191 = VERTEX_POINT ( 'NONE', #11654 ) ;
#3192 = CARTESIAN_POINT ( 'NONE',  ( 50.83982665964956738, 2.250000000000000000, 35.59842986836083156 ) ) ;
#3193 = ORIENTED_EDGE ( 'NONE', *, *, #86, .F. ) ;
#3194 = CARTESIAN_POINT ( 'NONE',  ( 4.758613022549711857, 9.568198203072634911, 104.0231343455765938 ) ) ;
#3195 = ORIENTED_EDGE ( 'NONE', *, *, #7121, .T. ) ;
#3196 = ADVANCED_FACE ( 'NONE', ( #2598 ), #805, .T. ) ;
#3197 = CARTESIAN_POINT ( 'NONE',  ( -4.659085447609588648, 8.583335680383092026, 104.8412339063022358 ) ) ;
#3198 = DIRECTION ( 'NONE',  ( 0.4226182617407007736, -0.9063077870366492705, -0.000000000000000000 ) ) ;
#3199 = EDGE_LOOP ( 'NONE', ( #10399, #6061, #7573, #142 ) ) ;
#3200 = DIRECTION ( 'NONE',  ( 0.000000000000000000, 0.000000000000000000, -1.000000000000000000 ) ) ;
#3201 = EDGE_CURVE ( 'NONE', #1235, #11546, #3965, .T. ) ;
#3202 = CARTESIAN_POINT ( 'NONE',  ( 4.228324791044312470, 8.499999999999996447, 104.0984409438431442 ) ) ;
#3203 = VERTEX_POINT ( 'NONE', #2011 ) ;
#3204 = DIRECTION ( 'NONE',  ( 0.000000000000000000, -1.000000000000000000, 0.000000000000000000 ) ) ;
#3205 = CYLINDRICAL_SURFACE ( 'NONE', #8946, 2.000000000000001776 ) ;
#3206 = CARTESIAN_POINT ( 'NONE',  ( -3.189947207205968471, 14.00237615404958369, 103.3369641267536707 ) ) ;
#3207 = VECTOR ( 'NONE', #4333, 1000.000000000000000 ) ;
#3208 = CARTESIAN_POINT ( 'NONE',  ( 13.93168049979518130, 27.18588141109855272, 100.1757653858252439 ) ) ;
#3209 = CARTESIAN_POINT ( 'NONE',  ( -4.500000000000000888, 2.250000000000001332, 109.8500000000000227 ) ) ;
#3210 = ORIENTED_EDGE ( 'NONE', *, *, #7900, .F. ) ;
#3211 = FACE_OUTER_BOUND ( 'NONE', #5219, .T. ) ;
#3212 = EDGE_CURVE ( 'NONE', #8430, #10161, #98, .T. ) ;
#3213 = VECTOR ( 'NONE', #9852, 1000.000000000000000 ) ;
#3214 = EDGE_CURVE ( 'NONE', #8075, #8638, #5624, .T. ) ;
#3215 = AXIS2_PLACEMENT_3D ( 'NONE', #9297, #6572, #10178 ) ;
#3216 = VERTEX_POINT ( 'NONE', #5503 ) ;
#3217 = CARTESIAN_POINT ( 'NONE',  ( 6.583136539102239837, 8.499999999999996447, 105.7357432803062238 ) ) ;
#3218 = ORIENTED_EDGE ( 'NONE', *, *, #667, .F. ) ;
#3219 = DIRECTION ( 'NONE',  ( 0.000000000000000000, 0.000000000000000000, -1.000000000000000000 ) ) ;
#3220 = FACE_OUTER_BOUND ( 'NONE', #2169, .T. ) ;
#3221 = ADVANCED_FACE ( 'NONE', ( #3019 ), #327, .F. ) ;
#3222 = VECTOR ( 'NONE', #7898, 1000.000000000000000 ) ;
#3223 = CARTESIAN_POINT ( 'NONE',  ( -6.650619750250371887, 9.799250094863420912, 102.2249407317618193 ) ) ;
#3224 = LINE ( 'NONE', #8669, #1414 ) ;
#3225 = CARTESIAN_POINT ( 'NONE',  ( -23.53921572489431213, 0.000000000000000000, 117.8489238107519981 ) ) ;
#3226 = AXIS2_PLACEMENT_3D ( 'NONE', #4975, #9468, #4138 ) ;
#3227 = EDGE_LOOP ( 'NONE', ( #8420, #5103, #9488, #3750 ) ) ;
#3228 = DIRECTION ( 'NONE',  ( 0.000000000000000000, 1.000000000000000000, 0.000000000000000000 ) ) ;
#3229 = CARTESIAN_POINT ( 'NONE',  ( -19.74999999999982236, 7.249999999999999112, 124.4242565173703525 ) ) ;
#3230 = CARTESIAN_POINT ( 'NONE',  ( 0.000000000000000000, 0.000000000000000000, 109.8500000000000227 ) ) ;
#3231 = DIRECTION ( 'NONE',  ( -2.478176394252580648E-16, 0.9762960071199324741, 0.2164396139381068174 ) ) ;
#3232 = DIRECTION ( 'NONE',  ( 0.000000000000000000, -1.000000000000000000, 0.000000000000000000 ) ) ;
#3233 = DIRECTION ( 'NONE',  ( 0.000000000000000000, 0.000000000000000000, 1.000000000000000000 ) ) ;
#3234 = ORIENTED_EDGE ( 'NONE', *, *, #10518, .T. ) ;
#3235 = CARTESIAN_POINT ( 'NONE',  ( -6.951510674111590404, 8.499999999999996447, 105.9275463720517791 ) ) ;
#3236 = LINE ( 'NONE', #9687, #11558 ) ;
#3237 = ORIENTED_EDGE ( 'NONE', *, *, #7069, .F. ) ;
#3238 = VECTOR ( 'NONE', #8007, 1000.000000000000227 ) ;
#3239 = VECTOR ( 'NONE', #11272, 1000.000000000000114 ) ;
#3240 = ORIENTED_EDGE ( 'NONE', *, *, #10732, .T. ) ;
#3241 = CARTESIAN_POINT ( 'NONE',  ( 19.74999999999964473, 7.249999999999999112, 139.4242565173703667 ) ) ;
#3242 = CARTESIAN_POINT ( 'NONE',  ( 23.53921572489431924, 2.250000000000000444, 126.3489238107520265 ) ) ;
#3243 = VECTOR ( 'NONE', #6946, 1000.000000000000114 ) ;
#3244 = DIRECTION ( 'NONE',  ( -0.000000000000000000, -1.000000000000000000, -0.000000000000000000 ) ) ;
#3245 = VERTEX_POINT ( 'NONE', #10121 ) ;
#3246 = CARTESIAN_POINT ( 'NONE',  ( 15.15322447347438484, 5.295700702034241480, 107.5032244734744040 ) ) ;
#3247 = DIRECTION ( 'NONE',  ( -1.000000000000000000, 0.000000000000000000, -0.000000000000000000 ) ) ;
#3248 = VECTOR ( 'NONE', #9735, 1000.000000000000000 ) ;
#3249 = ORIENTED_EDGE ( 'NONE', *, *, #9122, .F. ) ;
#3250 = VECTOR ( 'NONE', #10660, 1000.000000000000000 ) ;
#3251 = CARTESIAN_POINT ( 'NONE',  ( -16.10352159634808089, 27.11100650659829725, 102.8116720171349954 ) ) ;
#3252 = EDGE_LOOP ( 'NONE', ( #3906, #2819, #11159, #11428 ) ) ;
#3253 = CARTESIAN_POINT ( 'NONE',  ( 5.838132454147771710, 9.249999999999996447, 101.8011868241632527 ) ) ;
#3254 = EDGE_CURVE ( 'NONE', #2888, #139, #9234, .T. ) ;
#3255 = VERTEX_POINT ( 'NONE', #1106 ) ;
#3256 = AXIS2_PLACEMENT_3D ( 'NONE', #6357, #8184, #11030 ) ;
#3257 = EDGE_CURVE ( 'NONE', #11104, #207, #5684, .T. ) ;
#3258 = FACE_OUTER_BOUND ( 'NONE', #5037, .T. ) ;
#3259 = CARTESIAN_POINT ( 'NONE',  ( -21.90091163631607074, 0.000000000000000000, 144.4960766834541062 ) ) ;
#3260 = EDGE_LOOP ( 'NONE', ( #8665, #2396, #11146, #7671 ) ) ;
#3261 = CARTESIAN_POINT ( 'NONE',  ( 16.15036770282975453, 27.32231563746865177, 163.0000000000001421 ) ) ;
#3262 = LINE ( 'NONE', #634, #386 ) ;
#3263 = ORIENTED_EDGE ( 'NONE', *, *, #5161, .T. ) ;
#3264 = DIRECTION ( 'NONE',  ( -0.000000000000000000, -1.000000000000000000, -0.000000000000000000 ) ) ;
#3265 = CYLINDRICAL_SURFACE ( 'NONE', #2145, 0.4999999999999987232 ) ;
#3266 = CARTESIAN_POINT ( 'NONE',  ( -3.045525733931932155, 13.67729732782762575, 104.8032999525535303 ) ) ;
#3267 = CARTESIAN_POINT ( 'NONE',  ( -19.99999999999998934, 0.000000000000000000, 0.000000000000000000 ) ) ;
#3268 = CARTESIAN_POINT ( 'NONE',  ( -19.74999999999991118, 7.249999999999999112, 115.9242565173703525 ) ) ;
#3269 = ORIENTED_EDGE ( 'NONE', *, *, #9510, .F. ) ;
#3270 = LINE ( 'NONE', #4999, #3796 ) ;
#3271 = EDGE_LOOP ( 'NONE', ( #10110, #7043, #7981, #11696, #1750 ) ) ;
#3272 = VECTOR ( 'NONE', #3464, 1000.000000000000000 ) ;
#3273 = VECTOR ( 'NONE', #8914, 999.9999999999998863 ) ;
#3274 = ORIENTED_EDGE ( 'NONE', *, *, #431, .T. ) ;
#3275 = CARTESIAN_POINT ( 'NONE',  ( 7.692906309821353261, 8.500000000000000000, 102.4200881589088254 ) ) ;
#3276 = AXIS2_PLACEMENT_3D ( 'NONE', #5057, #4166, #7780 ) ;
#3277 = CARTESIAN_POINT ( 'NONE',  ( -17.99999999999998934, 7.249999999999999112, 87.43550806100932959 ) ) ;
#3278 = EDGE_LOOP ( 'NONE', ( #5912, #9003, #3107, #10703, #5783 ) ) ;
#3279 = EDGE_CURVE ( 'NONE', #8841, #1306, #2830, .T. ) ;
#3280 = LINE ( 'NONE', #5951, #6654 ) ;
#3281 = CARTESIAN_POINT ( 'NONE',  ( 21.90091163631607074, 7.249999999999999112, 144.4960766834541062 ) ) ;
#3282 = AXIS2_PLACEMENT_3D ( 'NONE', #2947, #8453, #3066 ) ;
#3283 = LINE ( 'NONE', #4116, #9309 ) ;
#3284 = DIRECTION ( 'NONE',  ( -1.000000000000000000, -5.551115123125782702E-16, 0.000000000000000000 ) ) ;
#3285 = CARTESIAN_POINT ( 'NONE',  ( -10.00000000000000178, 9.749999999999996447, 136.5914722278378406 ) ) ;
#3286 = B_SPLINE_CURVE_WITH_KNOTS ( 'NONE', 3,
 ( #9219, #4958, #6676, #10285, #3004, #11167, #11053, #4899, #2051 ),
 .UNSPECIFIED., .F., .F.,
 ( 4, 1, 2, 2, 4 ),
 ( 0.000000000000000000, 0.2499999999999885647, 0.3749999999999904521, 0.4999999999999923395, 1.000000000000000000 ),
 .UNSPECIFIED. ) ;
#3287 = EDGE_CURVE ( 'NONE', #2978, #1293, #2130, .T. ) ;
#3288 = ORIENTED_EDGE ( 'NONE', *, *, #3181, .T. ) ;
#3289 = CARTESIAN_POINT ( 'NONE',  ( 6.458563319849687012, 9.775797958935843468, 102.2333718011286976 ) ) ;
#3290 = AXIS2_PLACEMENT_3D ( 'NONE', #2166, #1327, #8384 ) ;
#3291 = CARTESIAN_POINT ( 'NONE',  ( 18.33578643762690774, 2.250000000000000000, 138.8414722278378690 ) ) ;
#3292 = CARTESIAN_POINT ( 'NONE',  ( -8.208340489934395023, 8.791659510065587213, 104.3671306234058136 ) ) ;
#3293 = DIRECTION ( 'NONE',  ( -0.000000000000000000, -1.000000000000000000, -0.000000000000000000 ) ) ;
#3294 = CARTESIAN_POINT ( 'NONE',  ( -9.999999999999998224, 2.250000000000000888, 136.5914722278378690 ) ) ;
#3295 = EDGE_LOOP ( 'NONE', ( #8100, #7944, #10532, #915, #9973, #3563, #10126, #11687, #7071, #2244 ) ) ;
#3296 = ADVANCED_FACE ( 'NONE', ( #4676 ), #11006, .F. ) ;
#3297 = CARTESIAN_POINT ( 'NONE',  ( -6.489345210049052071, 8.500000000000000000, 101.6747471965664715 ) ) ;
#3298 = CARTESIAN_POINT ( 'NONE',  ( 1.695680585134770713, 13.99573444778503450, 102.3500000000000369 ) ) ;
#3299 = EDGE_CURVE ( 'NONE', #11162, #9576, #7348, .T. ) ;
#3300 = ORIENTED_EDGE ( 'NONE', *, *, #1660, .F. ) ;
#3301 = CIRCLE ( 'NONE', #6139, 2.549999999999996714 ) ;
#3302 = VERTEX_POINT ( 'NONE', #2066 ) ;
#3303 = DIRECTION ( 'NONE',  ( -0.6985753890242766273, 0.1548704352004008911, -0.6985753890242764053 ) ) ;
#3304 = LINE ( 'NONE', #9693, #10687 ) ;
#3305 = DIRECTION ( 'NONE',  ( 0.5735764363510454933, -0.000000000000000000, 0.8191520442889921316 ) ) ;
#3306 = CARTESIAN_POINT ( 'NONE',  ( -1.500000000000000000, 31.94302117641175442, 105.3500000000000227 ) ) ;
#3307 = CARTESIAN_POINT ( 'NONE',  ( -2.000000000000000000, 2.250000000000000000, 109.8500000000000227 ) ) ;
#3308 = VERTEX_POINT ( 'NONE', #4856 ) ;
#3309 = VECTOR ( 'NONE', #9855, 1000.000000000000000 ) ;
#3310 = LINE ( 'NONE', #6924, #2729 ) ;
#3311 = VERTEX_POINT ( 'NONE', #8464 ) ;
#3312 = CARTESIAN_POINT ( 'NONE',  ( 8.582101839722030334, 9.249999999999992895, 102.5535766296085711 ) ) ;
#3313 = VERTEX_POINT ( 'NONE', #10300 ) ;
#3314 = CARTESIAN_POINT ( 'NONE',  ( -7.884701194530087776, 8.987359336265361875, 104.5701212598198850 ) ) ;
#3315 = DIRECTION ( 'NONE',  ( -1.000000000000000000, 0.000000000000000000, 0.000000000000000000 ) ) ;
#3316 = CARTESIAN_POINT ( 'NONE',  ( -8.511571180462038200, 8.500000000000000000, 103.2823349065951248 ) ) ;
#3317 = VERTEX_POINT ( 'NONE', #11180 ) ;
#3318 = LINE ( 'NONE', #10539, #1319 ) ;
#3319 = CARTESIAN_POINT ( 'NONE',  ( 4.321783606379108633, 8.499999999999996447, 104.4615574845835368 ) ) ;
#3320 = ORIENTED_EDGE ( 'NONE', *, *, #10155, .F. ) ;
#3321 = CARTESIAN_POINT ( 'NONE',  ( -16.25000000000000000, 9.749999999999996447, 136.5914722278378406 ) ) ;
#3322 = ADVANCED_FACE ( 'NONE', ( #8523 ), #5802, .F. ) ;
#3323 = VECTOR ( 'NONE', #8102, 1000.000000000000000 ) ;
#3324 = DIRECTION ( 'NONE',  ( -0.4226182617407020503, -0.9063077870366487154, 0.000000000000000000 ) ) ;
#3325 = CARTESIAN_POINT ( 'NONE',  ( 6.711388240928936710, 9.806671794731730785, 105.4742006193697392 ) ) ;
#3326 = CARTESIAN_POINT ( 'NONE',  ( -18.11169591142169111, 0.000000000000000000, 142.5714093900725175 ) ) ;
#3327 = LINE ( 'NONE', #5940, #1394 ) ;
#3328 = VERTEX_POINT ( 'NONE', #4911 ) ;
#3329 = PLANE ( 'NONE',  #3980 ) ;
#3330 = ADVANCED_FACE ( 'NONE', ( #7579 ), #3081, .F. ) ;
#3331 = EDGE_CURVE ( 'NONE', #11285, #7834, #2240, .T. ) ;
#3332 = ORIENTED_EDGE ( 'NONE', *, *, #6984, .F. ) ;
#3333 = CARTESIAN_POINT ( 'NONE',  ( 6.034888035674171647, 8.500000000000000000, 105.7357432803062096 ) ) ;
#3334 = DIRECTION ( 'NONE',  ( 0.000000000000000000, -1.000000000000000000, 0.000000000000000000 ) ) ;
#3335 = EDGE_CURVE ( 'NONE', #5495, #139, #11663, .T. ) ;
#3336 = CARTESIAN_POINT ( 'NONE',  ( 38.85874574462941666, 2.250000000000000000, 27.20918669576365545 ) ) ;
#3337 = VERTEX_POINT ( 'NONE', #6284 ) ;
#3338 = DIRECTION ( 'NONE',  ( 8.673617379884036705E-17, -1.000000000000000000, 0.000000000000000000 ) ) ;
#3339 = DIRECTION ( 'NONE',  ( -0.5735764363510416075, 0.000000000000000000, 0.8191520442889949072 ) ) ;
#3340 = ADVANCED_FACE ( 'NONE', ( #2666, #6115 ), #7112, .T. ) ;
#3341 = CARTESIAN_POINT ( 'NONE',  ( -5.882905644991466509, 9.705497590002865493, 102.3637071909164433 ) ) ;
#3342 = FACE_OUTER_BOUND ( 'NONE', #9131, .T. ) ;
#3343 = CARTESIAN_POINT ( 'NONE',  ( -29.37500000000054357, 2.250000000000000000, 130.3000000000000398 ) ) ;
#3344 = ORIENTED_EDGE ( 'NONE', *, *, #4205, .T. ) ;
#3345 = EDGE_CURVE ( 'NONE', #9206, #5379, #10667, .T. ) ;
#3346 = CARTESIAN_POINT ( 'NONE',  ( 6.912713148274379549, 9.831257293275923459, 102.2403755924765534 ) ) ;
#3347 = ADVANCED_FACE ( 'NONE', ( #6174 ), #4331, .F. ) ;
#3348 = PLANE ( 'NONE',  #5663 ) ;
#3349 = DIRECTION ( 'NONE',  ( -0.000000000000000000, 1.000000000000000000, 0.000000000000000000 ) ) ;
#3350 = DIRECTION ( 'NONE',  ( -0.000000000000000000, -1.000000000000000000, -0.000000000000000000 ) ) ;
#3351 = CARTESIAN_POINT ( 'NONE',  ( 0.000000000000000000, 11.42104779652046709, 113.8255273209624647 ) ) ;
#3352 = EDGE_CURVE ( 'NONE', #9619, #3633, #5279, .T. ) ;
#3353 = CARTESIAN_POINT ( 'NONE',  ( -8.588833455959738572, 8.500000000000000000, 103.7067055625060732 ) ) ;
#3354 = LINE ( 'NONE', #5970, #6048 ) ;
#3355 = ORIENTED_EDGE ( 'NONE', *, *, #3115, .F. ) ;
#3356 = VERTEX_POINT ( 'NONE', #5230 ) ;
#3357 = DIRECTION ( 'NONE',  ( -5.204170427930344764E-15, 0.000000000000000000, 1.000000000000000000 ) ) ;
#3358 = CARTESIAN_POINT ( 'NONE',  ( 15.65036770282975453, 27.32231563746865177, 163.0000000000001421 ) ) ;
#3359 = CARTESIAN_POINT ( 'NONE',  ( -4.759567079775593790, 9.250000000000000000, 102.4627968860730363 ) ) ;
#3360 = PLANE ( 'NONE',  #6653 ) ;
#3361 = FACE_OUTER_BOUND ( 'NONE', #9665, .T. ) ;
#3362 = ADVANCED_FACE ( 'NONE', ( #10838 ), #6997, .F. ) ;
#3363 = ORIENTED_EDGE ( 'NONE', *, *, #7235, .F. ) ;
#3364 = DIRECTION ( 'NONE',  ( 0.9063077870366493816, 0.4226182617407005515, 0.000000000000000000 ) ) ;
#3365 = EDGE_CURVE ( 'NONE', #4981, #2086, #1661, .T. ) ;
#3366 = ORIENTED_EDGE ( 'NONE', *, *, #7887, .F. ) ;
#3367 = CARTESIAN_POINT ( 'NONE',  ( 4.650093782454366220, 9.249999999999996447, 102.6457001624903569 ) ) ;
#3368 = EDGE_LOOP ( 'NONE', ( #1690, #10032, #7583, #981 ) ) ;
#3369 = CARTESIAN_POINT ( 'NONE',  ( 29.37500000000054357, 1.250000000000011990, 125.0500000000000540 ) ) ;
#3370 = FACE_OUTER_BOUND ( 'NONE', #1149, .T. ) ;
#3371 = CARTESIAN_POINT ( 'NONE',  ( -7.646687491608738618, 8.499999999999996447, 102.1092192492492217 ) ) ;
#3372 = VERTEX_POINT ( 'NONE', #3616 ) ;
#3373 = LINE ( 'NONE', #2423, #8876 ) ;
#3374 = DIRECTION ( 'NONE',  ( 0.000000000000000000, 1.000000000000000000, 0.000000000000000000 ) ) ;
#3375 = EDGE_LOOP ( 'NONE', ( #8541, #1076, #5771, #9790 ) ) ;
#3376 = CARTESIAN_POINT ( 'NONE',  ( -13.68983573714720769, 27.85034443548722649, 107.3855339059327179 ) ) ;
#3377 = DIRECTION ( 'NONE',  ( 0.000000000000000000, -1.000000000000000000, 0.000000000000000000 ) ) ;
#3378 = CARTESIAN_POINT ( 'NONE',  ( 7.109080668330005182, 9.855237790286397015, 105.4275410423495458 ) ) ;
#3379 = CARTESIAN_POINT ( 'NONE',  ( -16.13584918985604943, 27.18033325459955662, 104.8883279828647517 ) ) ;
#3380 = DIRECTION ( 'NONE',  ( 0.000000000000000000, 0.2164396139381074557, -0.9762960071199322520 ) ) ;
#3381 = ORIENTED_EDGE ( 'NONE', *, *, #5212, .T. ) ;
#3383 = EDGE_CURVE ( 'NONE', #11162, #419, #6224, .T. ) ;
#3382 = LINE ( 'NONE', #5942, #1503 ) ;
#3384 = ORIENTED_EDGE ( 'NONE', *, *, #8792, .F. ) ;
#3385 = CARTESIAN_POINT ( 'NONE',  ( 4.491610505483968119, 8.499999999999996447, 104.8011722141592230 ) ) ;
#3386 = CARTESIAN_POINT ( 'NONE',  ( 13.49999999999999112, 7.249999999999999112, 89.43550806100927275 ) ) ;
#3387 = AXIS2_PLACEMENT_3D ( 'NONE', #1713, #5333, #11657 ) ;
#3388 = PLANE ( 'NONE',  #6084 ) ;
#3389 = ORIENTED_EDGE ( 'NONE', *, *, #11010, .F. ) ;
#3390 = LINE ( 'NONE', #6121, #3239 ) ;
#3391 = DIRECTION ( 'NONE',  ( 0.9063077870366489375, 0.4226182617407014397, 0.000000000000000000 ) ) ;
#3392 = EDGE_CURVE ( 'NONE', #1912, #4672, #8004, .T. ) ;
#3393 = CARTESIAN_POINT ( 'NONE',  ( -5.929658335254705648, 9.711208513128365638, 102.3466891465876785 ) ) ;
#3394 = CARTESIAN_POINT ( 'NONE',  ( -3.056740127432961085, 14.07371142896903571, 103.0151914955634425 ) ) ;
#3395 = DIRECTION ( 'NONE',  ( -0.9063077870366496036, -0.4226182617407005515, 0.000000000000000000 ) ) ;
#3396 = VECTOR ( 'NONE', #1625, 1000.000000000000000 ) ;
#3397 = EDGE_CURVE ( 'NONE', #8698, #9758, #5839, .T. ) ;
#3398 = VECTOR ( 'NONE', #7283, 1000.000000000000000 ) ;
#3399 = EDGE_CURVE ( 'NONE', #6994, #4516, #8894, .T. ) ;
#3400 = VERTEX_POINT ( 'NONE', #9065 ) ;
#3401 = AXIS2_PLACEMENT_3D ( 'NONE', #5064, #6127, #599 ) ;
#3402 = DIRECTION ( 'NONE',  ( 0.7071067811865517916, 0.7071067811865433539, 0.000000000000000000 ) ) ;
#3403 = PLANE ( 'NONE',  #6423 ) ;
#3404 = CARTESIAN_POINT ( 'NONE',  ( 0.1768766589186837879, -7.802420220472374268, 102.8116720171349954 ) ) ;
#3405 = CARTESIAN_POINT ( 'NONE',  ( -16.25000000000000000, 21.45637587167328064, 107.6000000000000085 ) ) ;
#3406 = FACE_BOUND ( 'NONE', #1426, .T. ) ;
#3407 = CARTESIAN_POINT ( 'NONE',  ( -29.37500000000054357, 1.250000000000005107, 82.35000000000000853 ) ) ;
#3408 = CARTESIAN_POINT ( 'NONE',  ( 16.10352159634808089, 27.11100650659829725, 102.8116720171349954 ) ) ;
#3409 = EDGE_CURVE ( 'NONE', #9164, #6295, #9778, .T. ) ;
#3410 = ORIENTED_EDGE ( 'NONE', *, *, #4545, .T. ) ;
#3411 = VECTOR ( 'NONE', #5512, 1000.000000000000227 ) ;
#3412 = EDGE_CURVE ( 'NONE', #30, #10683, #4566, .T. ) ;
#3413 = ORIENTED_EDGE ( 'NONE', *, *, #3718, .T. ) ;
#3414 = EDGE_LOOP ( 'NONE', ( #6209, #5628, #8017, #5614 ) ) ;
#3415 = FACE_OUTER_BOUND ( 'NONE', #2323, .T. ) ;
#3416 = DIRECTION ( 'NONE',  ( 0.8191520442889975717, 0.000000000000000000, 0.5735764363510378328 ) ) ;
#3417 = CARTESIAN_POINT ( 'NONE',  ( 14.01913071002045186, 28.38136167750708339, 102.7277325623070539 ) ) ;
#3418 = LINE ( 'NONE', #3306, #3434 ) ;
#3419 = CARTESIAN_POINT ( 'NONE',  ( -3.536509025292390973, 14.94972097254192178, 119.4431798448437405 ) ) ;
#3420 = ORIENTED_EDGE ( 'NONE', *, *, #9341, .F. ) ;
#3421 = DIRECTION ( 'NONE',  ( 0.000000000000000000, 0.000000000000000000, -1.000000000000000000 ) ) ;
#3422 = VERTEX_POINT ( 'NONE', #8175 ) ;
#3423 = CARTESIAN_POINT ( 'NONE',  ( 4.303499617484256135, 9.249999999999996447, 103.3896128900789648 ) ) ;
#3424 = CIRCLE ( 'NONE', #3606, 2.000000000000001776 ) ;
#3425 = ORIENTED_EDGE ( 'NONE', *, *, #3257, .F. ) ;
#3426 = CARTESIAN_POINT ( 'NONE',  ( 33.75000000000054001, 0.000000000000000000, 85.07409257229544153 ) ) ;
#3427 = EDGE_CURVE ( 'NONE', #10147, #5875, #354, .T. ) ;
#3428 = CARTESIAN_POINT ( 'NONE',  ( -43.56952484415455729, 0.000000000000000000, 30.50770973209273507 ) ) ;
#3429 = EDGE_CURVE ( 'NONE', #2348, #9929, #2306, .T. ) ;
#3430 = DIRECTION ( 'NONE',  ( 0.000000000000000000, -1.000000000000000000, 0.000000000000000000 ) ) ;
#3431 = ORIENTED_EDGE ( 'NONE', *, *, #11504, .T. ) ;
#3432 = AXIS2_PLACEMENT_3D ( 'NONE', #1193, #3264, #4218 ) ;
#3433 = CARTESIAN_POINT ( 'NONE',  ( 2.289210667519880005, 13.52028550941960638, 105.5115344970220264 ) ) ;
#3434 = VECTOR ( 'NONE', #558, 1000.000000000000000 ) ;
#3435 = CARTESIAN_POINT ( 'NONE',  ( 13.65587170306733178, 27.51026394188988888, 102.6874679520896478 ) ) ;
#3436 = VECTOR ( 'NONE', #7672, 1000.000000000000000 ) ;
#3437 = ORIENTED_EDGE ( 'NONE', *, *, #776, .F. ) ;
#3438 = LINE ( 'NONE', #5613, #11142 ) ;
#3439 = CARTESIAN_POINT ( 'NONE',  ( 17.90542061413604813, 4.094579385863966969, 130.9242565173701394 ) ) ;
#3440 = CARTESIAN_POINT ( 'NONE',  ( 6.730332784660676637, 9.808984770025453770, 105.4736231736790160 ) ) ;
#3441 = AXIS2_PLACEMENT_3D ( 'NONE', #5117, #8720, #590 ) ;
#3442 = FACE_OUTER_BOUND ( 'NONE', #6439, .T. ) ;
#3443 = DIRECTION ( 'NONE',  ( 0.000000000000000000, 0.000000000000000000, -1.000000000000000000 ) ) ;
#3444 = AXIS2_PLACEMENT_3D ( 'NONE', #7346, #10953, #10898 ) ;
#3445 = ADVANCED_FACE ( 'NONE', ( #9537, #8764 ), #1530, .T. ) ;
#3446 = CARTESIAN_POINT ( 'NONE',  ( 14.52816144704116574, 31.15574276545980581, 2.761852814923557000E-15 ) ) ;
#3447 = ORIENTED_EDGE ( 'NONE', *, *, #8002, .F. ) ;
#3448 = DIRECTION ( 'NONE',  ( -1.000000000000000000, 0.000000000000000000, -0.000000000000000000 ) ) ;
#3449 = DIRECTION ( 'NONE',  ( 0.000000000000000000, -1.000000000000000000, 0.000000000000000000 ) ) ;
#3450 = ORIENTED_EDGE ( 'NONE', *, *, #7381, .F. ) ;
#3451 = AXIS2_PLACEMENT_3D ( 'NONE', #1554, #707, #10728 ) ;
#3452 = CARTESIAN_POINT ( 'NONE',  ( -19.74999999999964473, 7.249999999999999112, 141.4242565173703667 ) ) ;
#3453 = CARTESIAN_POINT ( 'NONE',  ( -42.42500000000001137, 21.45637587167328064, 42.42500000000001137 ) ) ;
#3454 = CARTESIAN_POINT ( 'NONE',  ( -5.204888034892838355, 9.622698956016686012, 102.7953158345051037 ) ) ;
#3455 = LINE ( 'NONE', #2567, #8422 ) ;
#3456 = CARTESIAN_POINT ( 'NONE',  ( 29.37500000000054357, 2.250000000000000000, 125.0500000000000540 ) ) ;
#3457 = VECTOR ( 'NONE', #9121, 999.9999999999998863 ) ;
#3458 = ORIENTED_EDGE ( 'NONE', *, *, #10143, .F. ) ;
#3459 = VECTOR ( 'NONE', #10393, 1000.000000000000000 ) ;
#3460 = CIRCLE ( 'NONE', #4988, 2.000000000000001776 ) ;
#3461 = ORIENTED_EDGE ( 'NONE', *, *, #2742, .F. ) ;
#3462 = CARTESIAN_POINT ( 'NONE',  ( 5.830484993226290769, 9.699097244180670430, 102.3843377732370499 ) ) ;
#3463 = LINE ( 'NONE', #3571, #4918 ) ;
#3464 = DIRECTION ( 'NONE',  ( 0.000000000000000000, -1.000000000000000000, 0.000000000000000000 ) ) ;
#3465 = CYLINDRICAL_SURFACE ( 'NONE', #8383, 1.000000000000000888 ) ;
#3466 = CARTESIAN_POINT ( 'NONE',  ( -17.39427810540338371, 28.99171717927797332, 103.8500000000000085 ) ) ;
#3467 = CARTESIAN_POINT ( 'NONE',  ( -5.394761162547891509, 8.499999999999996447, 101.7724536279482095 ) ) ;
#3468 = CARTESIAN_POINT ( 'NONE',  ( -23.53921572489414160, 0.000000000000000000, 134.8489238107520407 ) ) ;
#3469 = VERTEX_POINT ( 'NONE', #5870 ) ;
#3470 = ORIENTED_EDGE ( 'NONE', *, *, #11216, .T. ) ;
#3471 = VERTEX_POINT ( 'NONE', #2368 ) ;
#3472 = VECTOR ( 'NONE', #4891, 1000.000000000000000 ) ;
#3473 = CARTESIAN_POINT ( 'NONE',  ( 7.956842928634156209, 9.167298967746619454, 104.5847702039511518 ) ) ;
#3474 = FACE_OUTER_BOUND ( 'NONE', #10072, .T. ) ;
#3475 = CARTESIAN_POINT ( 'NONE',  ( 14.38148759860103887, 28.46569310683225851, 102.4777333278947680 ) ) ;
#3476 = ADVANCED_FACE ( 'NONE', ( #3370 ), #4987, .F. ) ;
#3477 = CARTESIAN_POINT ( 'NONE',  ( 16.25000000000000000, 19.30497212419179931, 100.1000000000000227 ) ) ;
#3478 = CARTESIAN_POINT ( 'NONE',  ( 17.90944285555228177, 3.641632148999711216, 108.2825620914746025 ) ) ;
#3479 = ORIENTED_EDGE ( 'NONE', *, *, #4954, .T. ) ;
#3480 = LINE ( 'NONE', #5150, #2321 ) ;
#3481 = EDGE_CURVE ( 'NONE', #789, #5659, #8650, .T. ) ;
#3482 = ORIENTED_EDGE ( 'NONE', *, *, #11444, .F. ) ;
#3484 = AXIS2_PLACEMENT_3D ( 'NONE', #9401, #2229, #8570 ) ;
#3483 = CARTESIAN_POINT ( 'NONE',  ( 5.838132454147766381, 9.249999999999996447, 105.8988131758367643 ) ) ;
#3485 = EDGE_LOOP ( 'NONE', ( #1488, #9387, #4798, #6916 ) ) ;
#3486 = EDGE_CURVE ( 'NONE', #1633, #5565, #5044, .T. ) ;
#3487 = CARTESIAN_POINT ( 'NONE',  ( -8.588806417526582138, 8.500000000000000000, 103.7512623413284416 ) ) ;
#3488 = CARTESIAN_POINT ( 'NONE',  ( -13.64335738898950368, 27.70942925193635631, 104.9097979424391838 ) ) ;
#3489 = DIRECTION ( 'NONE',  ( -0.000000000000000000, -0.000000000000000000, 1.000000000000000000 ) ) ;
#3490 = ORIENTED_EDGE ( 'NONE', *, *, #11721, .F. ) ;
#3491 = AXIS2_PLACEMENT_3D ( 'NONE', #1985, #308, #1082 ) ;
#3492 = CARTESIAN_POINT ( 'NONE',  ( 2.916010543797136645, 13.63432554639881111, 104.9971331324619541 ) ) ;
#3493 = CARTESIAN_POINT ( 'NONE',  ( -8.077344618109883356, 9.011488837849888967, 103.8500000000000085 ) ) ;
#3494 = ORIENTED_EDGE ( 'NONE', *, *, #551, .T. ) ;
#3495 = LINE ( 'NONE', #9715, #10805 ) ;
#3496 = DIRECTION ( 'NONE',  ( 1.000000000000000000, 0.000000000000000000, 0.000000000000000000 ) ) ;
#3497 = CARTESIAN_POINT ( 'NONE',  ( -1.961758183617623441, 13.49297058148672157, 105.6347441747257676 ) ) ;
#3498 = DIRECTION ( 'NONE',  ( 0.000000000000000000, -1.000000000000000000, 0.000000000000000000 ) ) ;
#3499 = EDGE_CURVE ( 'NONE', #10998, #1704, #6872, .T. ) ;
#3500 = CARTESIAN_POINT ( 'NONE',  ( -1.500000000000001332, 4.499999999999997335, 107.6000000000000085 ) ) ;
#3501 = AXIS2_PLACEMENT_3D ( 'NONE', #2165, #4890, #11043 ) ;
#3502 = DIRECTION ( 'NONE',  ( 0.000000000000000000, 0.000000000000000000, -1.000000000000000000 ) ) ;
#3503 = VERTEX_POINT ( 'NONE', #6812 ) ;
#3504 = CARTESIAN_POINT ( 'NONE',  ( -4.500000000000000888, 3.999999999999998224, 109.8500000000000227 ) ) ;
#3505 = AXIS2_PLACEMENT_3D ( 'NONE', #10887, #929, #4494 ) ;
#3506 =( LENGTH_UNIT ( ) NAMED_UNIT ( * ) SI_UNIT ( .MILLI., .METRE. ) );
#3507 = ORIENTED_EDGE ( 'NONE', *, *, #3126, .T. ) ;
#3508 = DIRECTION ( 'NONE',  ( -0.9063077870366492705, -0.4226182617407008846, 0.000000000000000000 ) ) ;
#3509 = CYLINDRICAL_SURFACE ( 'NONE', #2506, 2.000000000000029310 ) ;
#3510 = ADVANCED_FACE ( 'NONE', ( #4146 ), #513, .T. ) ;
#3511 = CARTESIAN_POINT ( 'NONE',  ( -4.750502354557109896, 9.567207725462898438, 103.8499999999999943 ) ) ;
#3512 = DIRECTION ( 'NONE',  ( 0.000000000000000000, 0.000000000000000000, 1.000000000000000000 ) ) ;
#3513 = ORIENTED_EDGE ( 'NONE', *, *, #10574, .F. ) ;
#3514 = CARTESIAN_POINT ( 'NONE',  ( -16.25000000000001421, 9.749999999999996447, 127.2934762997707310 ) ) ;
#3515 = VECTOR ( 'NONE', #2585, 1000.000000000000000 ) ;
#3516 = ORIENTED_EDGE ( 'NONE', *, *, #4560, .F. ) ;
#3517 = ORIENTED_EDGE ( 'NONE', *, *, #1735, .T. ) ;
#3518 = DIRECTION ( 'NONE',  ( -0.5735764363510393871, 0.000000000000000000, 0.8191520442889964615 ) ) ;
#3519 = CARTESIAN_POINT ( 'NONE',  ( -21.38830408857765519, 0.000000000000000000, 140.2771036446683013 ) ) ;
#3520 = CARTESIAN_POINT ( 'NONE',  ( -13.75000000000000178, 31.94302117641175442, 88.60000000000002274 ) ) ;
#3521 = CARTESIAN_POINT ( 'NONE',  ( 7.949834432432205666, 21.45637587167328064, 103.8500000000000085 ) ) ;
#3522 = CARTESIAN_POINT ( 'NONE',  ( -1.249999999999997558, 9.749999999999998224, 160.2014815911317100 ) ) ;
#3523 = CARTESIAN_POINT ( 'NONE',  ( -4.268927218549615432, 8.534466513549496369, 103.7436434039267397 ) ) ;
#3524 = CARTESIAN_POINT ( 'NONE',  ( -12.08750162854155441, 21.45637587167327709, 107.6000000000000085 ) ) ;
#3525 = VERTEX_POINT ( 'NONE', #10536 ) ;
#3526 = ORIENTED_EDGE ( 'NONE', *, *, #9930, .F. ) ;
#3527 = ORIENTED_EDGE ( 'NONE', *, *, #7572, .F. ) ;
#3528 = DIRECTION ( 'NONE',  ( 0.000000000000000000, 0.000000000000000000, 1.000000000000000000 ) ) ;
#3529 = LINE ( 'NONE', #10748, #7107 ) ;
#3530 = CARTESIAN_POINT ( 'NONE',  ( 19.74999999999998934, 2.250000000000000000, 138.8414722278378690 ) ) ;
#3531 = CARTESIAN_POINT ( 'NONE',  ( 16.10352159634808089, 27.11100650659829725, 163.0000000000001421 ) ) ;
#3532 = CARTESIAN_POINT ( 'NONE',  ( -5.398489071052942734, 9.646340089742345469, 105.0750385569833725 ) ) ;
#3533 = ORIENTED_EDGE ( 'NONE', *, *, #5356, .T. ) ;
#3534 = CARTESIAN_POINT ( 'NONE',  ( -13.93168049979518130, 27.18588141109855272, 107.5242346141747731 ) ) ;
#3535 = ORIENTED_EDGE ( 'NONE', *, *, #8405, .T. ) ;
#3536 = CARTESIAN_POINT ( 'NONE',  ( 15.86167683370010373, 27.77546953098697813, 100.1757653858252297 ) ) ;
#3537 = EDGE_CURVE ( 'NONE', #7247, #5115, #8293, .T. ) ;
#3538 = ORIENTED_EDGE ( 'NONE', *, *, #7525, .T. ) ;
#3539 = EDGE_CURVE ( 'NONE', #6398, #1768, #8701, .T. ) ;
#3540 = CARTESIAN_POINT ( 'NONE',  ( -26.00112609145443088, 2.250000000000000000, 130.3000000000000398 ) ) ;
#3541 = PLANE ( 'NONE',  #3505 ) ;
#3542 = CARTESIAN_POINT ( 'NONE',  ( 19.75000000000000000, 0.000000000000000000, 105.4242565173703667 ) ) ;
#3543 = ORIENTED_EDGE ( 'NONE', *, *, #11502, .F. ) ;
#3544 = CARTESIAN_POINT ( 'NONE',  ( 1.499999999999999556, 13.48034298036376022, 105.6917036024919696 ) ) ;
#3545 = DIRECTION ( 'NONE',  ( 0.7071067811865479058, 1.710797989087150897E-16, 0.7071067811865472397 ) ) ;
#3546 = ORIENTED_EDGE ( 'NONE', *, *, #4799, .T. ) ;
#3547 = LINE ( 'NONE', #2814, #4201 ) ;
#3548 = CARTESIAN_POINT ( 'NONE',  ( 18.11169591142176927, 3.888304088578244055, 134.0714093900724038 ) ) ;
#3549 = CARTESIAN_POINT ( 'NONE',  ( 5.508070137143632472, 9.659722695554670224, 105.1482143882816302 ) ) ;
#3550 = DIRECTION ( 'NONE',  ( -1.000000000000000000, 0.000000000000000000, 0.000000000000000000 ) ) ;
#3551 = DIRECTION ( 'NONE',  ( 6.608470384673549052E-16, -1.000000000000000000, 2.260169297513790404E-15 ) ) ;
#3552 = ADVANCED_FACE ( 'NONE', ( #4099, #7709 ), #11305, .T. ) ;
#3553 = EDGE_CURVE ( 'NONE', #9072, #1632, #1591, .T. ) ;
#3554 = DIRECTION ( 'NONE',  ( 0.9063077870366491595, -0.4226182617407009401, 0.000000000000000000 ) ) ;
#3555 = ORIENTED_EDGE ( 'NONE', *, *, #4931, .T. ) ;
#3556 = LINE ( 'NONE', #1663, #1195 ) ;
#3557 = CARTESIAN_POINT ( 'NONE',  ( 7.700356126698382653, 9.151280253161617750, 104.9238430491910634 ) ) ;
#3558 = ORIENTED_EDGE ( 'NONE', *, *, #9384, .T. ) ;
#3559 = LINE ( 'NONE', #7174, #585 ) ;
#3560 = CARTESIAN_POINT ( 'NONE',  ( -29.37500000000054357, 2.250000000000000000, 80.80000000000001137 ) ) ;
#3561 = CARTESIAN_POINT ( 'NONE',  ( -5.635927635561293947, 9.675353701488017322, 102.4760455902431886 ) ) ;
#3562 = CARTESIAN_POINT ( 'NONE',  ( -19.74999999999973355, 0.000000000000000000, 132.9242565173703383 ) ) ;
#3563 = ORIENTED_EDGE ( 'NONE', *, *, #194, .T. ) ;
#3564 = EDGE_CURVE ( 'NONE', #9993, #4579, #4273, .T. ) ;
#3565 = CARTESIAN_POINT ( 'NONE',  ( -20.26260754773836226, 0.000000000000000000, 120.1432295561562000 ) ) ;
#3566 = EDGE_CURVE ( 'NONE', #2461, #6964, #8438, .T. ) ;
#3567 = ORIENTED_EDGE ( 'NONE', *, *, #5513, .F. ) ;
#3568 = ADVANCED_FACE ( 'NONE', ( #10480 ), #11421, .F. ) ;
#3569 = ORIENTED_EDGE ( 'NONE', *, *, #7194, .T. ) ;
#3570 = LINE ( 'NONE', #8076, #7056 ) ;
#3571 = CARTESIAN_POINT ( 'NONE',  ( 12.99999999998818190, 0.000000000000000000, 154.5000000000000853 ) ) ;
#3572 = CARTESIAN_POINT ( 'NONE',  ( 2.442646126510160443, -6.745874566120680704, 102.8116720171353080 ) ) ;
#3573 = VECTOR ( 'NONE', #5189, 1000.000000000000000 ) ;
#3574 = PLANE ( 'NONE',  #7408 ) ;
#3575 = CARTESIAN_POINT ( 'NONE',  ( -29.37500000000053291, 2.250000000000000000, 77.10000000000002274 ) ) ;
#3576 = VECTOR ( 'NONE', #9357, 1000.000000000000000 ) ;
#3577 = CARTESIAN_POINT ( 'NONE',  ( -6.297766783074489005, 8.788588282033689580, 102.2250000000000227 ) ) ;
#3578 = CARTESIAN_POINT ( 'NONE',  ( -15.99999999999998579, 7.249999999999999112, 94.43550806100934381 ) ) ;
#3579 = ORIENTED_EDGE ( 'NONE', *, *, #7306, .F. ) ;
#3580 = AXIS2_PLACEMENT_3D ( 'NONE', #8437, #356, #245 ) ;
#3581 = EDGE_LOOP ( 'NONE', ( #2286, #670 ) ) ;
#3582 = EDGE_LOOP ( 'NONE', ( #8568, #6554, #10091, #300 ) ) ;
#3583 = CARTESIAN_POINT ( 'NONE',  ( 6.005241153290741707, 18.08853251025366404, 101.0762960071199785 ) ) ;
#3584 = DIRECTION ( 'NONE',  ( 1.000000000000000000, 1.301042606982605567E-16, 0.000000000000000000 ) ) ;
#3585 = FACE_OUTER_BOUND ( 'NONE', #9113, .T. ) ;
#3586 = DIRECTION ( 'NONE',  ( -0.9063077870366470501, 0.4226182617407058806, 0.000000000000000000 ) ) ;
#3587 = CARTESIAN_POINT ( 'NONE',  ( -6.602557999854745674, 9.793381408130436228, 105.4767607642959177 ) ) ;
#3588 = ORIENTED_EDGE ( 'NONE', *, *, #7941, .F. ) ;
#3589 = LINE ( 'NONE', #8210, #455 ) ;
#3590 = ORIENTED_EDGE ( 'NONE', *, *, #7859, .F. ) ;
#3591 = VECTOR ( 'NONE', #6055, 1000.000000000000000 ) ;
#3592 = DIRECTION ( 'NONE',  ( -0.000000000000000000, -1.000000000000000000, -0.000000000000000000 ) ) ;
#3593 = CARTESIAN_POINT ( 'NONE',  ( 2.162625589693329076, 13.24647473155312838, 105.1966019824991463 ) ) ;
#3594 = VERTEX_POINT ( 'NONE', #4212 ) ;
#3595 = ORIENTED_EDGE ( 'NONE', *, *, #10512, .F. ) ;
#3596 = CARTESIAN_POINT ( 'NONE',  ( -18.11169591142175861, 7.249999999999999112, 134.0714093900724038 ) ) ;
#3597 = CYLINDRICAL_SURFACE ( 'NONE', #5026, 1.500000000000001332 ) ;
#3598 = AXIS2_PLACEMENT_3D ( 'NONE', #6147, #8869, #735 ) ;
#3599 = DIRECTION ( 'NONE',  ( 2.463446951939750967E-16, -0.9940563382223012168, -0.1088668748521327695 ) ) ;
#3600 = ORIENTED_EDGE ( 'NONE', *, *, #1528, .F. ) ;
#3601 = CARTESIAN_POINT ( 'NONE',  ( 1.696346574878893287, 13.20864184255863449, 105.3403309752764727 ) ) ;
#3602 = ORIENTED_EDGE ( 'NONE', *, *, #86, .T. ) ;
#3603 = CARTESIAN_POINT ( 'NONE',  ( 2.442646126510160443, -6.745874566120680704, 104.8883279828647090 ) ) ;
#3604 = CARTESIAN_POINT ( 'NONE',  ( 15.29114218035016037, 26.55195401848749981, 102.4084296756661701 ) ) ;
#3605 = ORIENTED_EDGE ( 'NONE', *, *, #8096, .F. ) ;
#3606 = AXIS2_PLACEMENT_3D ( 'NONE', #5175, #2224, #8783 ) ;
#3607 = CARTESIAN_POINT ( 'NONE',  ( -1.597808422190553079, 13.99573271218960180, 102.3500000000000085 ) ) ;
#3608 = EDGE_CURVE ( 'NONE', #9044, #3035, #4265, .T. ) ;
#3609 = CARTESIAN_POINT ( 'NONE',  ( 7.748812990946626122, 9.749999999999998224, 136.5914722278378406 ) ) ;
#3610 = B_SPLINE_CURVE_WITH_KNOTS ( 'NONE', 3,
 ( #9934, #3659, #2712, #3774, #8214, #2648, #10879, #9046, #3593, #6386, #1875, #6266, #7391, #5436, #1823, #920, #9987, #27, #9875, #2765, #5493, #90, #3717, #7331, #10937, #2821, #11059, #204, #321, #8515, #4848, #3958, #3179, #11288, #4904, #267, #7632, #8335, #8458, #1341, #441, #1098, #1283, #5794, #11233, #9404, #3130, #6743, #6620, #2953, #9349, #1223, #6566, #10226, #2059, #4965, #7512, #9459, #10345, #2232, #11173, #7571, #10172, #8400, #5850, #8574, #4725, #383, #4075, #9289, #3837, #5674, #3073, #6682, #4018, #7453, #3011, #1164, #7690, #10114, #2004, #10291, #4789, #5618, #3904, #9227, #11116, #2119, #5738, #2181, #1511, #9518, #1402, #3298, #4356 ),
 .UNSPECIFIED., .F., .F.,
 ( 4, 2, 2, 2, 2, 2, 2, 2, 2, 2, 1, 2, 2, 2, 1, 2, 2, 2, 1, 1, 2, 2, 2, 1, 1, 2, 2, 2, 2, 1, 1, 2, 2, 2, 1, 2, 2, 2, 1, 2, 2, 2, 1, 2, 2, 2, 2, 2, 2, 2, 2, 2, 4 ),
 ( 0.000000000000000000, 0.06249999999970162756, 0.09374999999955163643, 0.1249999999994016453, 0.1562499999992516542, 0.1874999999991016630, 0.2187499999989516719, 0.2343749999988766763, 0.2499999999988016530, 0.2812499999986580734, 0.2968749999985829668, 0.3046874999985488275, 0.3124999999985146881, 0.3437499999983933407, 0.3593749999983291143, 0.3671874999983005816, 0.3749999999982720489, 0.4062499999981664112, 0.4218749999981177279, 0.4296874999980934695, 0.4335937499980814791, 0.4374999999980694887, 0.4531249999980121457, 0.4609374999979876653, 0.4648437499979793386, 0.4667968749979791165, 0.4687499999979788945, 0.4999999999979732879, 0.5156249999979674037, 0.5234374999979642951, 0.5273437499979678478, 0.5292968749979749532, 0.5312499999979820586, 0.5468749999980523357, 0.5546874999980835330, 0.5585937499981034060, 0.5624999999981232790, 0.5937499999982528420, 0.6093749999983176791, 0.6171874999983542054, 0.6249999999983907317, 0.6562499999985584864, 0.6718749999986423083, 0.6796874999986803889, 0.6874999999987184696, 0.7187499999988576915, 0.7343749999989238608, 0.7499999999989900301, 0.7812499999991162625, 0.8124999999992424948, 0.8437499999993688382, 0.8749999999994950706, 1.000000000000000000 ),
 .UNSPECIFIED. ) ;
#3611 = CARTESIAN_POINT ( 'NONE',  ( 17.44999999998816875, 0.000000000000000000, 156.6000000000001933 ) ) ;
#3612 = CARTESIAN_POINT ( 'NONE',  ( -15.89873603938080393, 26.67184246246157997, 107.3855339059327463 ) ) ;
#3613 = ADVANCED_FACE ( 'NONE', ( #8821 ), #685, .T. ) ;
#3614 = AXIS2_PLACEMENT_3D ( 'NONE', #5979, #3188, #7749 ) ;
#3615 = CONICAL_SURFACE ( 'NONE', #8153, 2.374999999999974243, 0.7853981633974452814 ) ;
#3616 = CARTESIAN_POINT ( 'NONE',  ( -21.38830408857790033, 0.000000000000000000, 114.7771036446682729 ) ) ;
#3617 = EDGE_LOOP ( 'NONE', ( #6437, #2755, #8993, #11624 ) ) ;
#3618 = CARTESIAN_POINT ( 'NONE',  ( 13.83775212875645266, 28.16755216095005210, 163.0000000000001421 ) ) ;
#3619 = CARTESIAN_POINT ( 'NONE',  ( 7.777404640765507082, 9.156093336170297192, 102.8587660937018171 ) ) ;
#3620 = ORIENTED_EDGE ( 'NONE', *, *, #5311, .F. ) ;
#3621 = FACE_OUTER_BOUND ( 'NONE', #4346, .T. ) ;
#3622 = EDGE_CURVE ( 'NONE', #2028, #7392, #4436, .T. ) ;
#3623 = LINE ( 'NONE', #1011, #11017 ) ;
#3624 = AXIS2_PLACEMENT_3D ( 'NONE', #6412, #10968, #2853 ) ;
#3625 = AXIS2_PLACEMENT_3D ( 'NONE', #1790, #8899, #3508 ) ;
#3626 = CARTESIAN_POINT ( 'NONE',  ( 28.47630646658391029, 50.47630646658336673, 67.53684665582524360 ) ) ;
#3627 = CARTESIAN_POINT ( 'NONE',  ( -29.37500000000053291, 2.250000000000000000, 78.10000000000002274 ) ) ;
#3628 = ORIENTED_EDGE ( 'NONE', *, *, #11137, .F. ) ;
#3629 = ADVANCED_FACE ( 'NONE', ( #5385 ), #4376, .F. ) ;
#3630 = CARTESIAN_POINT ( 'NONE',  ( 83.74999999999411671, 0.000000000000000000, 83.74999999999411671 ) ) ;
#3631 = EDGE_CURVE ( 'NONE', #9832, #10304, #1706, .T. ) ;
#3632 = CIRCLE ( 'NONE', #4574, 1.624999999999999112 ) ;
#3633 = VERTEX_POINT ( 'NONE', #1882 ) ;
#3634 = VERTEX_POINT ( 'NONE', #987 ) ;
#3635 = CARTESIAN_POINT ( 'NONE',  ( -6.249999999999999112, 12.88549180720036347, 114.1501867418696037 ) ) ;
#3636 = CARTESIAN_POINT ( 'NONE',  ( 7.465125326171513365, 9.534874673828484859, 105.6388027086293420 ) ) ;
#3637 = DIRECTION ( 'NONE',  ( 0.000000000000000000, 0.000000000000000000, -1.000000000000000000 ) ) ;
#3638 = FACE_OUTER_BOUND ( 'NONE', #4723, .T. ) ;
#3639 = CARTESIAN_POINT ( 'NONE',  ( -13.83775212875645266, 28.16755216095005210, 102.8116720171352512 ) ) ;
#3640 = VECTOR ( 'NONE', #5287, 1000.000000000000114 ) ;
#3641 = CARTESIAN_POINT ( 'NONE',  ( -7.884701194530087776, 8.987359336265361875, 104.5701212598198850 ) ) ;
#3642 = EDGE_CURVE ( 'NONE', #4349, #4992, #917, .T. ) ;
#3643 = ORIENTED_EDGE ( 'NONE', *, *, #10645, .T. ) ;
#3644 = VECTOR ( 'NONE', #6031, 1000.000000000000000 ) ;
#3645 = ORIENTED_EDGE ( 'NONE', *, *, #7120, .F. ) ;
#3646 = VECTOR ( 'NONE', #10987, 1000.000000000000114 ) ;
#3647 = CARTESIAN_POINT ( 'NONE',  ( 4.491610505483961902, 8.500000000000000000, 102.8988277858407940 ) ) ;
#3648 = DIRECTION ( 'NONE',  ( -0.006620834132176573426, 0.01419842461599852591, 0.9998772771164557982 ) ) ;
#3649 = DIRECTION ( 'NONE',  ( 0.000000000000000000, -1.000000000000000000, 0.000000000000000000 ) ) ;
#3650 = FACE_OUTER_BOUND ( 'NONE', #6562, .T. ) ;
#3651 = CARTESIAN_POINT ( 'NONE',  ( -6.300295016482197141, 9.756468946964913513, 102.2506622619124528 ) ) ;
#3652 = VECTOR ( 'NONE', #147, 1000.000000000000000 ) ;
#3653 = ORIENTED_EDGE ( 'NONE', *, *, #6077, .T. ) ;
#3654 = FACE_OUTER_BOUND ( 'NONE', #4147, .T. ) ;
#3655 = ADVANCED_FACE ( 'NONE', ( #9991 ), #9816, .F. ) ;
#3656 = ORIENTED_EDGE ( 'NONE', *, *, #11099, .F. ) ;
#3657 = VECTOR ( 'NONE', #8509, 1000.000000000000000 ) ;
#3658 = CARTESIAN_POINT ( 'NONE',  ( 9.999999999999998224, 2.250000000000000000, 109.8500000000000227 ) ) ;
#3659 = CARTESIAN_POINT ( 'NONE',  ( 1.597808422125231997, 13.20609511077701548, 105.3500000000000227 ) ) ;
#3660 = EDGE_CURVE ( 'NONE', #4476, #2766, #8999, .T. ) ;
#3661 = ORIENTED_EDGE ( 'NONE', *, *, #4926, .F. ) ;
#3662 = ORIENTED_EDGE ( 'NONE', *, *, #5981, .F. ) ;
#3663 = CARTESIAN_POINT ( 'NONE',  ( -29.37500000000054357, 0.000000000000000000, 130.3000000000000398 ) ) ;
#3664 = DIRECTION ( 'NONE',  ( 0.000000000000000000, 1.000000000000000000, 0.000000000000000000 ) ) ;
#3665 = DIRECTION ( 'NONE',  ( -0.9063077870366492705, -0.4226182617407009401, 0.000000000000000000 ) ) ;
#3666 = ORIENTED_EDGE ( 'NONE', *, *, #2742, .T. ) ;
#3667 = DIRECTION ( 'NONE',  ( 4.827056628805024630E-15, 0.000000000000000000, -1.000000000000000000 ) ) ;
#3668 = ORIENTED_EDGE ( 'NONE', *, *, #10625, .T. ) ;
#3669 = CARTESIAN_POINT ( 'NONE',  ( -16.02250662042654028, 27.66859737364832839, 105.1785812560410847 ) ) ;
#3670 = CARTESIAN_POINT ( 'NONE',  ( -13.89458342743152031, 28.28942727426028725, 100.3144660940672424 ) ) ;
#3671 = ORIENTED_EDGE ( 'NONE', *, *, #5584, .F. ) ;
#3672 = AXIS2_PLACEMENT_3D ( 'NONE', #5435, #9167, #9045 ) ;
#3673 = CARTESIAN_POINT ( 'NONE',  ( 13.64335738898950368, 27.70942925193635631, 104.9097979424391838 ) ) ;
#3674 = CARTESIAN_POINT ( 'NONE',  ( 13.68983573714720769, 27.85034443548722649, 163.0000000000001421 ) ) ;
#3675 = DIRECTION ( 'NONE',  ( 0.000000000000000000, 0.000000000000000000, -1.000000000000000000 ) ) ;
#3676 = VECTOR ( 'NONE', #11519, 1000.000000000000114 ) ;
#3677 = DIRECTION ( 'NONE',  ( -3.474573252360228620E-16, 0.6259234721840407634, 0.7798844830928964855 ) ) ;
#3678 = CIRCLE ( 'NONE', #8595, 1.624999999999999112 ) ;
#3679 = CARTESIAN_POINT ( 'NONE',  ( -5.011587470450877824, 8.627488228965553674, 102.5579504388003755 ) ) ;
#3680 = ORIENTED_EDGE ( 'NONE', *, *, #10720, .T. ) ;
#3681 = DIRECTION ( 'NONE',  ( 0.000000000000000000, 0.000000000000000000, -1.000000000000000000 ) ) ;
#3682 = CARTESIAN_POINT ( 'NONE',  ( 7.435532764700203856, 9.134737210906113347, 105.1420495611953356 ) ) ;
#3683 = ORIENTED_EDGE ( 'NONE', *, *, #595, .T. ) ;
#3684 = LINE ( 'NONE', #1725, #6267 ) ;
#3685 = LINE ( 'NONE', #3744, #4396 ) ;
#3686 = AXIS2_PLACEMENT_3D ( 'NONE', #3562, #7177, #5290 ) ;
#3687 = CARTESIAN_POINT ( 'NONE',  ( -4.977487977945735942, 9.594925983728840535, 104.6223540695230554 ) ) ;
#3688 = DIRECTION ( 'NONE',  ( 0.000000000000000000, 1.000000000000000000, 0.000000000000000000 ) ) ;
#3689 = ORIENTED_EDGE ( 'NONE', *, *, #10215, .T. ) ;
#3690 = CYLINDRICAL_SURFACE ( 'NONE', #1891, 2.000000000000001776 ) ;
#3691 = EDGE_CURVE ( 'NONE', #2197, #3372, #648, .T. ) ;
#3692 = ADVANCED_FACE ( 'NONE', ( #872 ), #3541, .F. ) ;
#3693 = VECTOR ( 'NONE', #10406, 1000.000000000000000 ) ;
#3694 = ORIENTED_EDGE ( 'NONE', *, *, #1685, .T. ) ;
#3695 = EDGE_CURVE ( 'NONE', #9059, #3308, #11512, .T. ) ;
#3696 = VERTEX_POINT ( 'NONE', #6211 ) ;
#3697 = FACE_OUTER_BOUND ( 'NONE', #11586, .T. ) ;
#3698 = DIRECTION ( 'NONE',  ( 1.000000000000000000, 0.000000000000000000, 0.000000000000000000 ) ) ;
#3699 = CARTESIAN_POINT ( 'NONE',  ( 33.75000000000054001, 2.250000000000000000, 79.62590742770457553 ) ) ;
#3700 = COLOUR_RGB ( '',1.000000000000000000, 0.6549019607843137303, 0.8627450980392157298 ) ;
#3701 = CARTESIAN_POINT ( 'NONE',  ( 15.71692009268695678, 26.54918129398222959, 105.0125320479103550 ) ) ;
#3702 = LINE ( 'NONE', #2750, #256 ) ;
#3703 = CARTESIAN_POINT ( 'NONE',  ( -4.252396876226105960, 8.500000000000000000, 105.1854912655031598 ) ) ;
#3704 = ORIENTED_EDGE ( 'NONE', *, *, #10880, .F. ) ;
#3705 = ADVANCED_FACE ( 'NONE', ( #2770 ), #3597, .F. ) ;
#3706 = EDGE_LOOP ( 'NONE', ( #1459, #1296, #1512, #3832 ) ) ;
#3707 = EDGE_CURVE ( 'NONE', #6965, #3020, #5326, .T. ) ;
#3708 = CARTESIAN_POINT ( 'NONE',  ( 4.556549660888859599, 8.954892280383896619, 104.3735998953790585 ) ) ;
#3709 = CARTESIAN_POINT ( 'NONE',  ( -15.77422662347483318, 26.57998926457842614, 102.7277325623070254 ) ) ;
#3710 = DIRECTION ( 'NONE',  ( 6.938893903907318308E-15, 0.000000000000000000, 1.000000000000000000 ) ) ;
#3711 = CARTESIAN_POINT ( 'NONE',  ( -16.02223792594729446, 27.66893135025871686, 102.5211311118060138 ) ) ;
#3712 = CARTESIAN_POINT ( 'NONE',  ( -7.486092988676050552, 9.901279009746614790, 102.3872615130059813 ) ) ;
#3713 = VERTEX_POINT ( 'NONE', #2542 ) ;
#3714 = CYLINDRICAL_SURFACE ( 'NONE', #2170, 1.549999999999995826 ) ;
#3715 = VERTEX_POINT ( 'NONE', #9940 ) ;
#3716 = DIRECTION ( 'NONE',  ( -0.000000000000000000, 0.9762960071199324741, 0.2164396139381068174 ) ) ;
#3717 = CARTESIAN_POINT ( 'NONE',  ( 2.732918951731148294, 13.37601550763099745, 104.7044417363292439 ) ) ;
#3718 = EDGE_CURVE ( 'NONE', #5376, #8201, #1828, .T. ) ;
#3719 = VERTEX_POINT ( 'NONE', #6391 ) ;
#3720 = EDGE_CURVE ( 'NONE', #10913, #11300, #4615, .T. ) ;
#3721 = ORIENTED_EDGE ( 'NONE', *, *, #6471, .F. ) ;
#3722 = CARTESIAN_POINT ( 'NONE',  ( -7.561842543001082717, 9.438157456998915507, 105.2713736304712029 ) ) ;
#3723 = CARTESIAN_POINT ( 'NONE',  ( 15.25000000000000000, 14.53030822565386337, 138.8414722278378406 ) ) ;
#3724 = DIRECTION ( 'NONE',  ( 1.197460884980067531E-16, -0.2164396139381068729, 0.9762960071199324741 ) ) ;
#3725 = VERTEX_POINT ( 'NONE', #1104 ) ;
#3726 = CARTESIAN_POINT ( 'NONE',  ( -19.74999999999991118, 7.249999999999999112, 115.9242565173703525 ) ) ;
#3727 = ORIENTED_EDGE ( 'NONE', *, *, #8992, .F. ) ;
#3728 = DIRECTION ( 'NONE',  ( -0.3145145977190313968, 0.000000000000000000, -0.9492526364575638587 ) ) ;
#3729 = EDGE_CURVE ( 'NONE', #9072, #5343, #10232, .T. ) ;
#3730 = CARTESIAN_POINT ( 'NONE',  ( -4.333943023724212473, 9.249999999999998224, 103.2767318859830823 ) ) ;
#3731 = ORIENTED_EDGE ( 'NONE', *, *, #4956, .F. ) ;
#3732 = CARTESIAN_POINT ( 'NONE',  ( -2.950631478517402151, 13.70177214706757773, 103.4667923974273549 ) ) ;
#3733 = DIRECTION ( 'NONE',  ( 1.000000000000000000, 5.551115123125782702E-16, 0.000000000000000000 ) ) ;
#3734 = DIRECTION ( 'NONE',  ( 0.000000000000000000, 0.7071067811865475727, -0.7071067811865475727 ) ) ;
#3735 = CARTESIAN_POINT ( 'NONE',  ( -7.750000000000003553, 5.250000000000000888, 136.5914722278378690 ) ) ;
#3736 = VECTOR ( 'NONE', #7797, 1000.000000000000000 ) ;
#3737 = CARTESIAN_POINT ( 'NONE',  ( -4.281201779198278601, 8.536003960429932036, 103.6372912106165387 ) ) ;
#3738 = ORIENTED_EDGE ( 'NONE', *, *, #6542, .T. ) ;
#3739 = ORIENTED_EDGE ( 'NONE', *, *, #10645, .F. ) ;
#3740 = DIRECTION ( 'NONE',  ( -0.9063077870366492705, -0.4226182617407010511, 0.000000000000000000 ) ) ;
#3741 = CARTESIAN_POINT ( 'NONE',  ( 7.127417852519378094, 9.115489822861128744, 102.3893966668566122 ) ) ;
#3742 = ORIENTED_EDGE ( 'NONE', *, *, #495, .T. ) ;
#3743 = CARTESIAN_POINT ( 'NONE',  ( 19.99999999999998934, 7.249999999999999112, 94.43550806100934381 ) ) ;
#3744 = CARTESIAN_POINT ( 'NONE',  ( -19.75000000000000000, 7.249999999999999112, 105.4242565173703667 ) ) ;
#3745 = EDGE_CURVE ( 'NONE', #5111, #8149, #209, .T. ) ;
#3746 = CARTESIAN_POINT ( 'NONE',  ( -4.836586631230806788, 9.577728864070374826, 104.3373805419808917 ) ) ;
#3747 = DIRECTION ( 'NONE',  ( -0.9063077870366487154, -0.4226182617407020503, 0.000000000000000000 ) ) ;
#3748 = VERTEX_POINT ( 'NONE', #1169 ) ;
#3749 = CARTESIAN_POINT ( 'NONE',  ( 11.49999999999998934, 2.250000000000000444, 89.43550806100927275 ) ) ;
#3750 = ORIENTED_EDGE ( 'NONE', *, *, #2527, .F. ) ;
#3751 = AXIS2_PLACEMENT_3D ( 'NONE', #9412, #391, #1289 ) ;
#3752 = VERTEX_POINT ( 'NONE', #6509 ) ;
#3753 = FACE_OUTER_BOUND ( 'NONE', #1166, .T. ) ;
#3754 = CARTESIAN_POINT ( 'NONE',  ( -1.500000000000001332, 4.499999999999997335, 109.8500000000000227 ) ) ;
#3755 = CARTESIAN_POINT ( 'NONE',  ( 19.74999999999982236, 7.249999999999999112, 124.4242565173703525 ) ) ;
#3756 = CARTESIAN_POINT ( 'NONE',  ( 15.53962425880843412, 26.49121888804103619, 105.1360441590949080 ) ) ;
#3757 = DIRECTION ( 'NONE',  ( 0.8660254037844455910, 0.000000000000000000, 0.4999999999999880096 ) ) ;
#3758 = EDGE_CURVE ( 'NONE', #5504, #406, #10882, .T. ) ;
#3759 = CARTESIAN_POINT ( 'NONE',  ( -7.687186389049914581, 8.962619671016287981, 102.8587660936977812 ) ) ;
#3760 = ORIENTED_EDGE ( 'NONE', *, *, #8098, .F. ) ;
#3761 = ORIENTED_EDGE ( 'NONE', *, *, #1087, .T. ) ;
#3762 = CARTESIAN_POINT ( 'NONE',  ( 7.435532764700210073, 9.134737210906108018, 102.5579504388046672 ) ) ;
#3763 = FACE_OUTER_BOUND ( 'NONE', #5863, .T. ) ;
#3764 = CARTESIAN_POINT ( 'NONE',  ( -5.000000000000000888, 31.94302117641175442, 94.10000000000003695 ) ) ;
#3765 = DIRECTION ( 'NONE',  ( -0.000000000000000000, 0.000000000000000000, 1.000000000000000000 ) ) ;
#3766 = DIRECTION ( 'NONE',  ( 0.000000000000000000, -1.000000000000000000, 2.260169297513790404E-15 ) ) ;
#3767 = PLANE ( 'NONE',  #3387 ) ;
#3768 = AXIS2_PLACEMENT_3D ( 'NONE', #1844, #10902, #7169 ) ;
#3769 = VECTOR ( 'NONE', #8055, 1000.000000000000000 ) ;
#3770 = ORIENTED_EDGE ( 'NONE', *, *, #15, .F. ) ;
#3771 = CARTESIAN_POINT ( 'NONE',  ( 6.249999999999999112, 12.88549180720036702, 101.1000000000000227 ) ) ;
#3772 = ORIENTED_EDGE ( 'NONE', *, *, #2108, .F. ) ;
#3773 = CARTESIAN_POINT ( 'NONE',  ( -19.74999999999991118, 2.250000000000000444, 115.9242565173703525 ) ) ;
#3774 = CARTESIAN_POINT ( 'NONE',  ( 1.840285706718334247, 13.21617751598372692, 105.3116997018037040 ) ) ;
#3775 = EDGE_CURVE ( 'NONE', #10891, #6934, #7567, .T. ) ;
#3776 = CIRCLE ( 'NONE', #5675, 3.749999999999999112 ) ;
#3777 = ORIENTED_EDGE ( 'NONE', *, *, #5605, .T. ) ;
#3778 = VECTOR ( 'NONE', #10284, 1000.000000000000000 ) ;
#3779 = VECTOR ( 'NONE', #10609, 1000.000000000000000 ) ;
#3780 = ORIENTED_EDGE ( 'NONE', *, *, #7499, .T. ) ;
#3781 = DIRECTION ( 'NONE',  ( 0.000000000000000000, -1.000000000000000000, 0.000000000000000000 ) ) ;
#3782 = CARTESIAN_POINT ( 'NONE',  ( -16.22497013598806248, 21.45616282790113161, 103.8199940709565254 ) ) ;
#3783 = CARTESIAN_POINT ( 'NONE',  ( -6.249999999999999112, 11.42596571056697741, 127.4770243968484635 ) ) ;
#3784 = CARTESIAN_POINT ( 'NONE',  ( 3.280904698085020943, 13.90100090764800811, 103.7942383127581110 ) ) ;
#3785 = EDGE_LOOP ( 'NONE', ( #4050, #8027, #8128, #145 ) ) ;
#3786 = DIRECTION ( 'NONE',  ( -0.000000000000000000, -1.000000000000000000, -0.000000000000000000 ) ) ;
#3787 = CARTESIAN_POINT ( 'NONE',  ( -7.347502219183424721, 9.249999999999998224, 101.7658244595232020 ) ) ;
#3788 = ORIENTED_EDGE ( 'NONE', *, *, #645, .F. ) ;
#3789 = AXIS2_PLACEMENT_3D ( 'NONE', #483, #10444, #4239 ) ;
#3790 = CARTESIAN_POINT ( 'NONE',  ( 13.64263604980174804, 27.57396627313319826, 104.9722674376929774 ) ) ;
#3791 = CARTESIAN_POINT ( 'NONE',  ( -15.20033764930179387, 16.30086634484253238, 100.1000000000000227 ) ) ;
#3792 = CARTESIAN_POINT ( 'NONE',  ( -1.500000000000000000, 13.20609684524211325, 105.3500000000000227 ) ) ;
#3793 = DIRECTION ( 'NONE',  ( -0.9063077870366486044, -0.4226182617407023279, 0.000000000000000000 ) ) ;
#3794 = EDGE_CURVE ( 'NONE', #5115, #9632, #1050, .T. ) ;
#3795 = EDGE_CURVE ( 'NONE', #10015, #11712, #10130, .T. ) ;
#3796 = VECTOR ( 'NONE', #7720, 1000.000000000000000 ) ;
#3797 = CARTESIAN_POINT ( 'NONE',  ( -8.093874960433378618, 8.499999999999996447, 105.1854912655031740 ) ) ;
#3798 = ORIENTED_EDGE ( 'NONE', *, *, #5542, .T. ) ;
#3799 = DIRECTION ( 'NONE',  ( -0.000000000000000000, -1.000000000000000000, -0.000000000000000000 ) ) ;
#3800 = ORIENTED_EDGE ( 'NONE', *, *, #7010, .F. ) ;
#3801 = CARTESIAN_POINT ( 'NONE',  ( -29.37500000000054357, 0.000000000000000000, 125.0500000000000540 ) ) ;
#3802 = CARTESIAN_POINT ( 'NONE',  ( 4.556549660888859599, 8.954892280383896619, 104.3735998953790585 ) ) ;
#3803 = ORIENTED_EDGE ( 'NONE', *, *, #1820, .T. ) ;
#3804 = DIRECTION ( 'NONE',  ( -0.5735764363510519326, 0.000000000000000000, -0.8191520442889876907 ) ) ;
#3805 = DIRECTION ( 'NONE',  ( 0.000000000000000000, 0.000000000000000000, 1.000000000000000000 ) ) ;
#3806 = EDGE_CURVE ( 'NONE', #2766, #8960, #2958, .T. ) ;
#3807 = CARTESIAN_POINT ( 'NONE',  ( -6.186214765163325247, 9.742540154362377081, 105.4256077117815664 ) ) ;
#3808 = CARTESIAN_POINT ( 'NONE',  ( -13.68983573714720769, 27.85034443548722649, 163.0000000000001421 ) ) ;
#3809 = VERTEX_POINT ( 'NONE', #3723 ) ;
#3810 = EDGE_CURVE ( 'NONE', #11560, #5732, #7577, .T. ) ;
#3811 = LINE ( 'NONE', #4474, #8926 ) ;
#3812 = DIRECTION ( 'NONE',  ( 0.000000000000000000, -1.000000000000000000, 0.000000000000000000 ) ) ;
#3813 = VECTOR ( 'NONE', #10337, 1000.000000000000000 ) ;
#3814 = VECTOR ( 'NONE', #2326, 1000.000000000000000 ) ;
#3815 = ORIENTED_EDGE ( 'NONE', *, *, #6153, .F. ) ;
#3816 = ORIENTED_EDGE ( 'NONE', *, *, #9477, .F. ) ;
#3817 = PLANE ( 'NONE',  #9106 ) ;
#3818 = VECTOR ( 'NONE', #2562, 999.9999999999998863 ) ;
#3819 = DIRECTION ( 'NONE',  ( -1.000000000000000000, 0.000000000000000000, 0.000000000000000000 ) ) ;
#3820 = DIRECTION ( 'NONE',  ( 0.000000000000000000, -1.000000000000000000, 0.000000000000000000 ) ) ;
#3821 = DIRECTION ( 'NONE',  ( 1.000000000000000000, 0.000000000000000000, 0.000000000000000000 ) ) ;
#3822 = CARTESIAN_POINT ( 'NONE',  ( -5.011587470450878712, 8.627488228965562556, 105.1420495611996415 ) ) ;
#3823 = EDGE_LOOP ( 'NONE', ( #5694, #8945, #1532, #8907, #2474, #2438 ) ) ;
#3824 = VECTOR ( 'NONE', #548, 1000.000000000000114 ) ;
#3825 = ORIENTED_EDGE ( 'NONE', *, *, #4121, .T. ) ;
#3826 = CARTESIAN_POINT ( 'NONE',  ( 5.182491810076214733, 8.993993768052412463, 105.1420495611953356 ) ) ;
#3827 = CARTESIAN_POINT ( 'NONE',  ( -15.92369598379681683, 26.72536923599723480, 102.8116720171352512 ) ) ;
#3828 = DIRECTION ( 'NONE',  ( 0.000000000000000000, -1.000000000000000000, 0.000000000000000000 ) ) ;
#3829 = DIRECTION ( 'NONE',  ( 0.000000000000000000, 0.000000000000000000, 1.000000000000000000 ) ) ;
#3830 = DIRECTION ( 'NONE',  ( -0.4226182617407018283, 0.9063077870366490485, 0.000000000000000000 ) ) ;
#3831 = DIRECTION ( 'NONE',  ( 0.7071067811865474617, -0.7071067811865474617, 1.594657013537751360E-15 ) ) ;
#3832 = ORIENTED_EDGE ( 'NONE', *, *, #3486, .F. ) ;
#3833 = VECTOR ( 'NONE', #5120, 1000.000000000000227 ) ;
#3834 = LINE ( 'NONE', #264, #5575 ) ;
#3835 = EDGE_LOOP ( 'NONE', ( #9899, #8475, #9922, #2067, #7490, #11688 ) ) ;
#3836 = CARTESIAN_POINT ( 'NONE',  ( 13.49999999999998757, 7.249999999999999112, 94.43550806100928696 ) ) ;
#3837 = CARTESIAN_POINT ( 'NONE',  ( 2.890801720451177115, 13.74883774705863893, 103.2880034814559593 ) ) ;
#3838 = VERTEX_POINT ( 'NONE', #5682 ) ;
#3839 = AXIS2_PLACEMENT_3D ( 'NONE', #4651, #5821, #5877 ) ;
#3840 = ADVANCED_FACE ( 'NONE', ( #8281 ), #4732, .T. ) ;
#3841 = ORIENTED_EDGE ( 'NONE', *, *, #6523, .F. ) ;
#3842 = EDGE_CURVE ( 'NONE', #10534, #11436, #9295, .T. ) ;
#3843 = CARTESIAN_POINT ( 'NONE',  ( -29.37500000000054357, 1.250000000000005107, 80.80000000000001137 ) ) ;
#3844 = DIRECTION ( 'NONE',  ( 0.000000000000000000, 1.000000000000000000, -2.260169297513790404E-15 ) ) ;
#3845 = AXIS2_PLACEMENT_3D ( 'NONE', #8520, #11177, #8461 ) ;
#3846 = EDGE_CURVE ( 'NONE', #8482, #3191, #5561, .T. ) ;
#3847 = CARTESIAN_POINT ( 'NONE',  ( 1.500000000000000000, 9.249999999999998224, 105.3500000000000227 ) ) ;
#3848 = CARTESIAN_POINT ( 'NONE',  ( 3.100735592621917114, 14.05012383929131303, 103.1215882369036478 ) ) ;
#3849 = VECTOR ( 'NONE', #9085, 1000.000000000000114 ) ;
#3850 = ORIENTED_EDGE ( 'NONE', *, *, #5806, .T. ) ;
#3851 = CARTESIAN_POINT ( 'NONE',  ( -15.25000000000001599, 2.250000000000000000, 107.6000000000000085 ) ) ;
#3852 = CARTESIAN_POINT ( 'NONE',  ( -8.034853441042557165, 9.249999999999998224, 102.0695208790199331 ) ) ;
#3853 = EDGE_CURVE ( 'NONE', #9632, #5054, #6352, .T. ) ;
#3854 = ORIENTED_EDGE ( 'NONE', *, *, #2419, .F. ) ;
#3855 = AXIS2_PLACEMENT_3D ( 'NONE', #3699, #7075, #5415 ) ;
#3856 = CARTESIAN_POINT ( 'NONE',  ( -2.849299672816308249, 13.77361283959890947, 103.1938632801502536 ) ) ;
#3857 = PLANE ( 'NONE',  #8919 ) ;
#3858 = CARTESIAN_POINT ( 'NONE',  ( 6.200969957883574857, 9.744339336096230042, 102.2689650789375833 ) ) ;
#3859 = EDGE_CURVE ( 'NONE', #4329, #4967, #6625, .T. ) ;
#3860 = B_SPLINE_CURVE_WITH_KNOTS ( 'NONE', 3,
 ( #1410, #618, #4137, #10581, #5031, #10640 ),
 .UNSPECIFIED., .F., .F.,
 ( 4, 2, 4 ),
 ( 0.000000000000000000, 0.0003303131320416478455, 0.0006606262640832956910 ),
 .UNSPECIFIED. ) ;
#3861 = B_SPLINE_CURVE_WITH_KNOTS ( 'NONE', 3,
 ( #11052, #7506, #3711, #5665, #136, #4716 ),
 .UNSPECIFIED., .F., .F.,
 ( 4, 2, 4 ),
 ( 0.000000000000000000, 0.0003303131320416478455, 0.0006606262640832956910 ),
 .UNSPECIFIED. ) ;
#3862 = ORIENTED_EDGE ( 'NONE', *, *, #431, .F. ) ;
#3863 = CARTESIAN_POINT ( 'NONE',  ( -1.749999999999999778, 31.94302117641175442, 85.10000000000002274 ) ) ;
#3864 = EDGE_CURVE ( 'NONE', #4044, #4406, #10249, .T. ) ;
#3865 = CARTESIAN_POINT ( 'NONE',  ( -4.076716770326523687, 8.499999999999996447, 104.9472013248070681 ) ) ;
#3866 = EDGE_LOOP ( 'NONE', ( #10599, #8863, #5082, #549 ) ) ;
#3867 = PLANE ( 'NONE',  #2482 ) ;
#3868 = ORIENTED_EDGE ( 'NONE', *, *, #5398, .F. ) ;
#3869 = VECTOR ( 'NONE', #3716, 1000.000000000000000 ) ;
#3870 = CARTESIAN_POINT ( 'NONE',  ( -14.61141134007267084, 26.86891771479302449, 103.8500000000000085 ) ) ;
#3871 = CARTESIAN_POINT ( 'NONE',  ( 5.766025440140237990, 8.500000000000000000, 102.0127261465859050 ) ) ;
#3872 = VERTEX_POINT ( 'NONE', #5744 ) ;
#3873 = LINE ( 'NONE', #1966, #8162 ) ;
#3874 = CARTESIAN_POINT ( 'NONE',  ( -2.491239737712359847, 13.89836398442777821, 102.7199193941527255 ) ) ;
#3875 = EDGE_CURVE ( 'NONE', #6428, #1547, #6917, .T. ) ;
#3876 = CARTESIAN_POINT ( 'NONE',  ( -6.032230184462834544, 9.723733633270713383, 105.3863904234878390 ) ) ;
#3877 = CARTESIAN_POINT ( 'NONE',  ( -13.25000000000000178, 2.249999999999998668, 89.10000000000000853 ) ) ;
#3878 = ORIENTED_EDGE ( 'NONE', *, *, #7500, .T. ) ;
#3879 = CARTESIAN_POINT ( 'NONE',  ( -42.85243938297033139, 0.000000000000000000, 30.00560108663095704 ) ) ;
#3880 = CARTESIAN_POINT ( 'NONE',  ( 21.38830408857765519, 7.249999999999999112, 140.2771036446683013 ) ) ;
#3881 = VECTOR ( 'NONE', #6961, 1000.000000000000227 ) ;
#3882 = VERTEX_POINT ( 'NONE', #4908 ) ;
#3883 = B_SPLINE_CURVE_WITH_KNOTS ( 'NONE', 3,
 ( #9776, #2728, #6348, #10774, #3612, #7111 ),
 .UNSPECIFIED., .F., .F.,
 ( 4, 2, 4 ),
 ( 1.734723475976807094E-18, 0.0003975156579629303194, 0.0007950313159258589040 ),
 .UNSPECIFIED. ) ;
#3884 = EDGE_CURVE ( 'NONE', #7650, #10826, #4885, .T. ) ;
#3885 = EDGE_LOOP ( 'NONE', ( #5887, #4687, #4073, #2805 ) ) ;
#3886 = CARTESIAN_POINT ( 'NONE',  ( -7.140878878798953444, 9.859121121201043891, 102.2796942668756088 ) ) ;
#3887 = VECTOR ( 'NONE', #3512, 1000.000000000000000 ) ;
#3888 = DIRECTION ( 'NONE',  ( -0.8660254037844437036, 0.000000000000000000, -0.4999999999999912847 ) ) ;
#3889 = DIRECTION ( 'NONE',  ( -2.419433718647660850E-16, 1.000000000000000000, 0.000000000000000000 ) ) ;
#3890 = CARTESIAN_POINT ( 'NONE',  ( -8.081396251558498278, 8.918603748438629353, 103.3650885110631350 ) ) ;
#3891 = LINE ( 'NONE', #4003, #3472 ) ;
#3892 = ORIENTED_EDGE ( 'NONE', *, *, #5497, .T. ) ;
#3893 = ORIENTED_EDGE ( 'NONE', *, *, #7568, .F. ) ;
#3894 = CARTESIAN_POINT ( 'NONE',  ( 8.191335987641698679, 8.499999999999996447, 104.6910917383945900 ) ) ;
#3895 = DIRECTION ( 'NONE',  ( 0.000000000000000000, 0.000000000000000000, -1.000000000000000000 ) ) ;
#3896 = DIRECTION ( 'NONE',  ( 0.000000000000000000, 0.000000000000000000, -1.000000000000000000 ) ) ;
#3897 = VECTOR ( 'NONE', #2827, 1000.000000000000000 ) ;
#3898 = CARTESIAN_POINT ( 'NONE',  ( 33.75000000000054001, 2.250000000000000000, 127.7740925722955012 ) ) ;
#3899 = CARTESIAN_POINT ( 'NONE',  ( -6.249999999999999112, 11.61101189481678375, 114.1237112262283233 ) ) ;
#3900 = ORIENTED_EDGE ( 'NONE', *, *, #926, .T. ) ;
#3901 = DIRECTION ( 'NONE',  ( 0.000000000000000000, 0.000000000000000000, 1.000000000000000000 ) ) ;
#3902 = VERTEX_POINT ( 'NONE', #5854 ) ;
#3903 = FACE_BOUND ( 'NONE', #3992, .T. ) ;
#3904 = CARTESIAN_POINT ( 'NONE',  ( 2.525028675285478030, 13.88947065354891564, 102.7537083317258748 ) ) ;
#3905 = B_SPLINE_CURVE_WITH_KNOTS ( 'NONE', 3,
 ( #126, #9615, #4889, #481, #365, #5836, #4833, #2164 ),
 .UNSPECIFIED., .F., .F.,
 ( 4, 2, 2, 4 ),
 ( 0.000000000000000000, 0.0002220072680961482586, 0.0004440145361922965173, 0.0008880290723846076713 ),
 .UNSPECIFIED. ) ;
#3906 = ORIENTED_EDGE ( 'NONE', *, *, #9873, .F. ) ;
#3907 = ORIENTED_EDGE ( 'NONE', *, *, #5884, .F. ) ;
#3908 = DIRECTION ( 'NONE',  ( 0.000000000000000000, 0.000000000000000000, 1.000000000000000000 ) ) ;
#3909 = CARTESIAN_POINT ( 'NONE',  ( -1.250000000000001110, 0.000000000000000000, 85.10000000000002274 ) ) ;
#3910 = CARTESIAN_POINT ( 'NONE',  ( 7.949834432432207443, 21.45637587167328419, 101.6533008588991152 ) ) ;
#3911 = CARTESIAN_POINT ( 'NONE',  ( 1.961758183617624995, 14.25734951172318610, 102.1868536340881519 ) ) ;
#3912 = EDGE_LOOP ( 'NONE', ( #7721, #6389, #11315, #11211, #10357 ) ) ;
#3913 = DIRECTION ( 'NONE',  ( 0.000000000000000000, 0.000000000000000000, 1.000000000000000000 ) ) ;
#3914 = CARTESIAN_POINT ( 'NONE',  ( -6.589672635954514135, 9.249999999999998224, 101.6732539937360258 ) ) ;
#3915 = EDGE_LOOP ( 'NONE', ( #7988, #7038, #8209, #5056 ) ) ;
#3916 = EDGE_CURVE ( 'NONE', #7439, #11077, #1576, .T. ) ;
#3917 = CARTESIAN_POINT ( 'NONE',  ( -2.754292113577053946, 13.38435737288281757, 104.6727478641640090 ) ) ;
#3918 = CARTESIAN_POINT ( 'NONE',  ( -17.75773640591582492, 2.828050031711099699, 107.6000000000000085 ) ) ;
#3919 = CARTESIAN_POINT ( 'NONE',  ( 6.501090864058612695, 9.780990206045773405, 105.4722008676847906 ) ) ;
#3920 = EDGE_CURVE ( 'NONE', #2777, #10289, #8802, .T. ) ;
#3921 = ADVANCED_FACE ( 'NONE', ( #616 ), #11465, .F. ) ;
#3922 = VERTEX_POINT ( 'NONE', #4084 ) ;
#3923 = PLANE ( 'NONE',  #1513 ) ;
#3924 = CARTESIAN_POINT ( 'NONE',  ( -7.646687491608740395, 8.500000000000000000, 105.5907807507507812 ) ) ;
#3925 = ORIENTED_EDGE ( 'NONE', *, *, #1238, .F. ) ;
#3926 = DIRECTION ( 'NONE',  ( 0.000000000000000000, 0.000000000000000000, -1.000000000000000000 ) ) ;
#3927 = ORIENTED_EDGE ( 'NONE', *, *, #11530, .F. ) ;
#3928 = CARTESIAN_POINT ( 'NONE',  ( -10.00000000000001066, 0.000000000000000000, 93.10000000000002274 ) ) ;
#3929 = CARTESIAN_POINT ( 'NONE',  ( 5.380970235501543186, 8.500000000000000000, 102.1440353727066963 ) ) ;
#3930 = ORIENTED_EDGE ( 'NONE', *, *, #11102, .F. ) ;
#3931 = CARTESIAN_POINT ( 'NONE',  ( -29.37500000000054357, 2.250000000000000000, 119.8000000000000682 ) ) ;
#3932 = CARTESIAN_POINT ( 'NONE',  ( -2.848249230583049574, 13.77587770416895552, 103.1852726833036087 ) ) ;
#3933 = CARTESIAN_POINT ( 'NONE',  ( -6.620638232912882337, 9.795589113217763710, 105.4748820943614760 ) ) ;
#3934 = FACE_BOUND ( 'NONE', #3996, .T. ) ;
#3935 = EDGE_CURVE ( 'NONE', #1465, #1293, #8521, .T. ) ;
#3936 = ORIENTED_EDGE ( 'NONE', *, *, #11360, .T. ) ;
#3937 = LINE ( 'NONE', #7545, #9266 ) ;
#3938 = ADVANCED_FACE ( 'NONE', ( #3137 ), #6967, .F. ) ;
#3939 = ORIENTED_EDGE ( 'NONE', *, *, #8052, .T. ) ;
#3940 = ORIENTED_EDGE ( 'NONE', *, *, #5676, .F. ) ;
#3941 = CARTESIAN_POINT ( 'NONE',  ( -16.25000000000000000, 2.250000000000000000, 107.6000000000000085 ) ) ;
#3942 = DIRECTION ( 'NONE',  ( -1.000000000000000000, 0.000000000000000000, 0.000000000000000000 ) ) ;
#3943 = CARTESIAN_POINT ( 'NONE',  ( -12.74999999999995559, 20.75294712637442984, 110.7729620231397831 ) ) ;
#3944 = PLANE ( 'NONE',  #6338 ) ;
#3945 = LINE ( 'NONE', #3056, #1779 ) ;
#3946 = ORIENTED_EDGE ( 'NONE', *, *, #11433, .F. ) ;
#3947 = ADVANCED_FACE ( 'NONE', ( #4022 ), #5085, .F. ) ;
#3948 = ADVANCED_FACE ( 'NONE', ( #10578 ), #2945, .F. ) ;
#3949 = ORIENTED_EDGE ( 'NONE', *, *, #11094, .F. ) ;
#3950 = FILL_AREA_STYLE_COLOUR ( '', #3700 ) ;
#3951 = CARTESIAN_POINT ( 'NONE',  ( 4.930608560854110145, 9.589203444994394587, 103.1589799401735945 ) ) ;
#3952 = FACE_OUTER_BOUND ( 'NONE', #4552, .T. ) ;
#3953 = DIRECTION ( 'NONE',  ( -6.451823249727109734E-16, 0.9762960071199324741, 0.2164396139381068451 ) ) ;
#3954 = CARTESIAN_POINT ( 'NONE',  ( -16.64015411282693435, 14.14015411282692902, 136.5914722278378406 ) ) ;
#3955 = CARTESIAN_POINT ( 'NONE',  ( -39.57583120581397651, 7.249999999999999112, 27.71129534122605520 ) ) ;
#3956 = ORIENTED_EDGE ( 'NONE', *, *, #342, .T. ) ;
#3957 = FACE_BOUND ( 'NONE', #2795, .T. ) ;
#3958 = CARTESIAN_POINT ( 'NONE',  ( 2.902570488794389281, 13.46046833765953288, 104.3835841983975143 ) ) ;
#3959 = EDGE_LOOP ( 'NONE', ( #2077, #9548, #523, #4427, #8693, #1527 ) ) ;
#3960 = ORIENTED_EDGE ( 'NONE', *, *, #8354, .T. ) ;
#3961 = DIRECTION ( 'NONE',  ( 0.6408563820557884316, 0.2988362387301204404, 0.7071067811865474617 ) ) ;
#3962 = DIRECTION ( 'NONE',  ( 0.000000000000000000, -1.000000000000000000, 0.000000000000000000 ) ) ;
#3963 = AXIS2_PLACEMENT_3D ( 'NONE', #8766, #1708, #5268 ) ;
#3964 = DIRECTION ( 'NONE',  ( -0.3145145977190313968, 0.000000000000000000, 0.9492526364575638587 ) ) ;
#3965 = LINE ( 'NONE', #7518, #10954 ) ;
#3966 = VERTEX_POINT ( 'NONE', #6083 ) ;
#3967 = DIRECTION ( 'NONE',  ( 0.000000000000000000, -1.000000000000000000, 0.000000000000000000 ) ) ;
#3968 = CARTESIAN_POINT ( 'NONE',  ( -4.414264030226130231, 9.249999999999998224, 104.6432048195514000 ) ) ;
#3969 = VERTEX_POINT ( 'NONE', #6026 ) ;
#3970 = CARTESIAN_POINT ( 'NONE',  ( -1.500000000000000000, 13.20609684524211325, 105.3500000000000227 ) ) ;
#3971 = FACE_OUTER_BOUND ( 'NONE', #10792, .T. ) ;
#3972 = ORIENTED_EDGE ( 'NONE', *, *, #3795, .T. ) ;
#3973 = VECTOR ( 'NONE', #6191, 1000.000000000000000 ) ;
#3974 = CARTESIAN_POINT ( 'NONE',  ( 6.501090864058617136, 9.780990206045771629, 102.2277991323152406 ) ) ;
#3975 = AXIS2_PLACEMENT_3D ( 'NONE', #1251, #6528, #11136 ) ;
#3976 = EDGE_LOOP ( 'NONE', ( #9413, #5002, #4865, #4034, #6089 ) ) ;
#3977 = DIRECTION ( 'NONE',  ( -0.000000000000000000, -0.000000000000000000, -1.000000000000000000 ) ) ;
#3978 = EDGE_LOOP ( 'NONE', ( #1551, #668, #1490, #3798 ) ) ;
#3979 = CARTESIAN_POINT ( 'NONE',  ( -26.50000000000052935, 2.250000000000000000, 119.8000000000000398 ) ) ;
#3980 = AXIS2_PLACEMENT_3D ( 'NONE', #1375, #10606, #9662 ) ;
#3981 = ORIENTED_EDGE ( 'NONE', *, *, #6454, .F. ) ;
#3982 = CARTESIAN_POINT ( 'NONE',  ( 16.15036770283126799, 27.42334051685572405, 104.9892956960624986 ) ) ;
#3983 = EDGE_CURVE ( 'NONE', #8359, #1686, #1407, .T. ) ;
#3984 = CARTESIAN_POINT ( 'NONE',  ( 4.474131828178699699, 8.949743785633124560, 104.0627087894038141 ) ) ;
#3985 = VERTEX_POINT ( 'NONE', #9635 ) ;
#3986 = DIRECTION ( 'NONE',  ( -0.8191520442889919096, 0.000000000000000000, 0.5735764363510460484 ) ) ;
#3987 = PLANE ( 'NONE',  #11573 ) ;
#3988 = FACE_OUTER_BOUND ( 'NONE', #2999, .T. ) ;
#3989 = ADVANCED_FACE ( 'NONE', ( #7744 ), #8580, .T. ) ;
#3990 = CARTESIAN_POINT ( 'NONE',  ( 42.85243938297000454, 7.249999999999999112, 30.00560108663034597 ) ) ;
#3991 = CARTESIAN_POINT ( 'NONE',  ( 14.38290970142343816, 28.46502996939549845, 100.2026360843920259 ) ) ;
#3992 = EDGE_LOOP ( 'NONE', ( #1826, #322 ) ) ;
#3993 = DIRECTION ( 'NONE',  ( 0.000000000000000000, 0.000000000000000000, -1.000000000000000000 ) ) ;
#3994 = CIRCLE ( 'NONE', #3226, 2.000000000000001776 ) ;
#3995 = EDGE_CURVE ( 'NONE', #11355, #1633, #2236, .T. ) ;
#3996 = EDGE_LOOP ( 'NONE', ( #5625, #10317, #6657, #10496, #9738, #9612, #10199, #4089, #3567 ) ) ;
#3997 = VERTEX_POINT ( 'NONE', #1347 ) ;
#3998 = FACE_OUTER_BOUND ( 'NONE', #6262, .T. ) ;
#3999 = CARTESIAN_POINT ( 'NONE',  ( 39.57583120581360703, 0.000000000000000000, 27.71129534122543348 ) ) ;
#4000 = EDGE_CURVE ( 'NONE', #5025, #2856, #6732, .T. ) ;
#4001 = CARTESIAN_POINT ( 'NONE',  ( -20.26260754773809580, 2.250000000000000444, 145.6432295561562285 ) ) ;
#4002 = LINE ( 'NONE', #2869, #2737 ) ;
#4003 = CARTESIAN_POINT ( 'NONE',  ( 17.44999999998816875, 0.000000000000000000, 155.5000000000001990 ) ) ;
#4004 = ORIENTED_EDGE ( 'NONE', *, *, #3012, .T. ) ;
#4005 =( BOUNDED_CURVE ( )  B_SPLINE_CURVE ( 3, ( #2346, #6578, #11401, #6635 ),
 .UNSPECIFIED., .F., .F. ) 
 B_SPLINE_CURVE_WITH_KNOTS ( ( 4, 4 ),
 ( 2.530727415391779367, 4.712388980384742965 ),
 .UNSPECIFIED. ) 
 CURVE ( )  GEOMETRIC_REPRESENTATION_ITEM ( )  RATIONAL_B_SPLINE_CURVE ( ( 1.000000000000000000, 0.6411657421566739901, 0.6411657421566739901, 1.000000000000000000 ) ) 
 REPRESENTATION_ITEM ( '' )  );
#4006 = ORIENTED_EDGE ( 'NONE', *, *, #2473, .T. ) ;
#4007 = VECTOR ( 'NONE', #5859, 1000.000000000000000 ) ;
#4008 = VECTOR ( 'NONE', #479, 1000.000000000000000 ) ;
#4009 = CARTESIAN_POINT ( 'NONE',  ( 38.85874574462941666, 7.249999999999999112, 27.20918669576364834 ) ) ;
#4010 = DIRECTION ( 'NONE',  ( -0.5735764363510411634, 0.000000000000000000, 0.8191520442889952403 ) ) ;
#4011 = PLANE ( 'NONE',  #1766 ) ;
#4012 = CARTESIAN_POINT ( 'NONE',  ( 13.62913291325043552, 27.58666507409668256, 107.4062856344685457 ) ) ;
#4013 = LINE ( 'NONE', #10222, #1974 ) ;
#4014 = EDGE_CURVE ( 'NONE', #4530, #1704, #556, .T. ) ;
#4015 = ORIENTED_EDGE ( 'NONE', *, *, #8587, .T. ) ;
#4016 = VECTOR ( 'NONE', #2605, 1000.000000000000000 ) ;
#4017 = CARTESIAN_POINT ( 'NONE',  ( -16.44999999998811191, 2.250000000000000000, 154.5000000000001421 ) ) ;
#4018 = CARTESIAN_POINT ( 'NONE',  ( 2.791145108841208700, 13.80204426463297906, 103.0858463085004644 ) ) ;
#4019 = EDGE_LOOP ( 'NONE', ( #5421, #954, #2634, #2600, #10735, #8767 ) ) ;
#4020 = ORIENTED_EDGE ( 'NONE', *, *, #11589, .F. ) ;
#4021 = DIRECTION ( 'NONE',  ( 8.659560562354969836E-17, 0.7071067811865444641, -0.7071067811865505703 ) ) ;
#4022 = FACE_OUTER_BOUND ( 'NONE', #1586, .T. ) ;
#4023 = CIRCLE ( 'NONE', #3451, 2.000000000000029310 ) ;
#4024 = DIRECTION ( 'NONE',  ( -0.7094439729807773265, -0.000000000000000000, 0.7047618386385929856 ) ) ;
#4025 = ORIENTED_EDGE ( 'NONE', *, *, #1041, .F. ) ;
#4026 = CARTESIAN_POINT ( 'NONE',  ( 16.25000000000000000, 14.75200288829680773, 137.8414722278378406 ) ) ;
#4027 = DIRECTION ( 'NONE',  ( 0.000000000000000000, 0.000000000000000000, 1.000000000000000000 ) ) ;
#4028 = EDGE_CURVE ( 'NONE', #7451, #11257, #4254, .T. ) ;
#4029 = ORIENTED_EDGE ( 'NONE', *, *, #3499, .T. ) ;
#4030 = CARTESIAN_POINT ( 'NONE',  ( -2.993111038175293004, 13.56310767282657537, 103.9936350778542078 ) ) ;
#4031 = EDGE_CURVE ( 'NONE', #2044, #5456, #7678, .T. ) ;
#4032 = ORIENTED_EDGE ( 'NONE', *, *, #574, .F. ) ;
#4033 = CARTESIAN_POINT ( 'NONE',  ( 5.912338457851606499, 9.709091556440244020, 105.3495726995450070 ) ) ;
#4034 = ORIENTED_EDGE ( 'NONE', *, *, #5072, .F. ) ;
#4035 = VECTOR ( 'NONE', #2779, 1000.000000000000000 ) ;
#4036 = AXIS2_PLACEMENT_3D ( 'NONE', #6129, #1624, #4350 ) ;
#4037 = CARTESIAN_POINT ( 'NONE',  ( -6.422392489125845927, 8.804198242216903836, 105.4645252232005674 ) ) ;
#4038 = DIRECTION ( 'NONE',  ( 0.000000000000000000, -1.000000000000000000, 0.000000000000000000 ) ) ;
#4039 = VECTOR ( 'NONE', #7599, 1000.000000000000000 ) ;
#4040 = ORIENTED_EDGE ( 'NONE', *, *, #4592, .T. ) ;
#4041 = CARTESIAN_POINT ( 'NONE',  ( 0.000000000000000000, 21.45637587167328064, 0.000000000000000000 ) ) ;
#4042 = VECTOR ( 'NONE', #80, 1000.000000000000000 ) ;
#4043 = CARTESIAN_POINT ( 'NONE',  ( 4.214825629337463297, 8.499999999999996447, 103.7257769569666266 ) ) ;
#4044 = VERTEX_POINT ( 'NONE', #7863 ) ;
#4045 = CARTESIAN_POINT ( 'NONE',  ( 11.99999999998817479, 2.250000000000000000, 154.5000000000000568 ) ) ;
#4046 = DIRECTION ( 'NONE',  ( 0.000000000000000000, -1.000000000000000000, 0.000000000000000000 ) ) ;
#4047 = CARTESIAN_POINT ( 'NONE',  ( -1.598175319141487805, 13.20609510427071953, 105.3500066143469809 ) ) ;
#4048 = CARTESIAN_POINT ( 'NONE',  ( -15.86167683370010373, 27.77546953098697813, 102.4084296756661558 ) ) ;
#4049 = CARTESIAN_POINT ( 'NONE',  ( -13.68983573714720769, 27.85034443548722649, 107.3855339059327179 ) ) ;
#4050 = ORIENTED_EDGE ( 'NONE', *, *, #10920, .F. ) ;
#4051 = CYLINDRICAL_SURFACE ( 'NONE', #2082, 2.000000000000001776 ) ;
#4052 = B_SPLINE_CURVE_WITH_KNOTS ( 'NONE', 3,
 ( #9020, #2921, #10846, #11730, #116, #8304, #3746, #7359, #4514, #8123, #4695, #3687, #7422, #7240, #6473, #1131, #239, #10145, #2738, #2032, #9960, #9200, #5643, #9255, #5525, #1849, #10081, #1968, #5463, #5587, #9076, #4756, #7302, #8369, #3876, #7484, #1070, #173, #3807, #952, #10908, #2791, #1197, #4996, #10429, #5769, #8434, #2154, #1312, #414, #9486, #298, #11206, #3933, #4157, #1372, #8603, #5824, #10373, #9381, #7717, #2260, #1259, #7601, #11375, #7541, #4934, #9321, #4822, #3105 ),
 .UNSPECIFIED., .F., .F.,
 ( 4, 2, 2, 2, 2, 2, 2, 2, 2, 2, 1, 2, 2, 2, 1, 2, 2, 1, 2, 2, 2, 1, 2, 2, 2, 1, 1, 2, 2, 2, 2, 2, 2, 2, 1, 1, 2, 2, 4 ),
 ( 0.5000000000000000000, 0.5312499999999990008, 0.5624999999999981126, 0.5937499999999971134, 0.6093749999999965583, 0.6249999999999960032, 0.6562499999999948930, 0.6718749999999944489, 0.6874999999999938938, 0.7187499999999980016, 0.7343749999999980016, 0.7421874999999998890, 0.7500000000000017764, 0.7812500000000045519, 0.7968750000000071054, 0.8046875000000085487, 0.8125000000000098810, 0.8281250000000102141, 0.8359375000000104361, 0.8437500000000108802, 0.8593750000000097700, 0.8671875000000095479, 0.8710937500000093259, 0.8750000000000092149, 0.8906250000000102141, 0.8984375000000106581, 0.9023437500000108802, 0.9042968750000109912, 0.9062500000000111022, 0.9218750000000088818, 0.9296875000000079936, 0.9335937500000076605, 0.9375000000000073275, 0.9531250000000059952, 0.9609375000000055511, 0.9648437500000051070, 0.9667968750000044409, 0.9687500000000037748, 1.000000000000000000 ),
 .UNSPECIFIED. ) ;
#4053 = ORIENTED_EDGE ( 'NONE', *, *, #4595, .F. ) ;
#4054 = VERTEX_POINT ( 'NONE', #3242 ) ;
#4055 = CARTESIAN_POINT ( 'NONE',  ( -16.25000000000000000, 2.250000000000000000, 107.6000000000000085 ) ) ;
#4056 = PLANE ( 'NONE',  #2139 ) ;
#4057 = VECTOR ( 'NONE', #5555, 1000.000000000000000 ) ;
#4058 = EDGE_CURVE ( 'NONE', #11452, #1094, #3304, .T. ) ;
#4059 = DIRECTION ( 'NONE',  ( 0.000000000000000000, 0.000000000000000000, -1.000000000000000000 ) ) ;
#4060 = LINE ( 'NONE', #9332, #4640 ) ;
#4061 = DIRECTION ( 'NONE',  ( 0.000000000000000000, 0.000000000000000000, 1.000000000000000000 ) ) ;
#4062 = EDGE_CURVE ( 'NONE', #4689, #11538, #6919, .T. ) ;
#4063 = VECTOR ( 'NONE', #390, 1000.000000000000000 ) ;
#4064 = EDGE_CURVE ( 'NONE', #4613, #7636, #11577, .T. ) ;
#4065 = ORIENTED_EDGE ( 'NONE', *, *, #11188, .F. ) ;
#4066 = VECTOR ( 'NONE', #4539, 1000.000000000000114 ) ;
#4067 = CYLINDRICAL_SURFACE ( 'NONE', #7199, 2.000000000000001776 ) ;
#4068 = CARTESIAN_POINT ( 'NONE',  ( 4.977487977923147788, 9.594925983724779783, 103.0776459305150752 ) ) ;
#4069 = LINE ( 'NONE', #7562, #3778 ) ;
#4070 = CARTESIAN_POINT ( 'NONE',  ( 18.11169591142169111, 0.000000000000000000, 142.5714093900725175 ) ) ;
#4071 = ORIENTED_EDGE ( 'NONE', *, *, #627, .T. ) ;
#4072 = CARTESIAN_POINT ( 'NONE',  ( -18.11169591142203217, 0.000000000000000000, 108.5714093900724890 ) ) ;
#4073 = ORIENTED_EDGE ( 'NONE', *, *, #2857, .F. ) ;
#4074 = DIRECTION ( 'NONE',  ( -1.000000000000000000, 0.000000000000000000, 0.000000000000000000 ) ) ;
#4076 = AXIS2_PLACEMENT_3D ( 'NONE', #8124, #1850, #9786 ) ;
#4075 = CARTESIAN_POINT ( 'NONE',  ( 2.902321975324163805, 13.74108730095892561, 103.3174398221981392 ) ) ;
#4077 = ADVANCED_FACE ( 'NONE', ( #10809 ), #7201, .F. ) ;
#4078 =( BOUNDED_CURVE ( )  B_SPLINE_CURVE ( 3, ( #7590, #10312, #4922, #6706 ),
 .UNSPECIFIED., .F., .F. ) 
 B_SPLINE_CURVE_WITH_KNOTS ( ( 4, 4 ),
 ( 4.712388980384689674, 6.271182951223632784 ),
 .UNSPECIFIED. ) 
 CURVE ( )  GEOMETRIC_REPRESENTATION_ITEM ( )  RATIONAL_B_SPLINE_CURVE ( ( 1.000000000000000000, 0.8075583309846747770, 0.8075583309846747770, 1.000000000000000000 ) ) 
 REPRESENTATION_ITEM ( '' )  );
#4079 = VERTEX_POINT ( 'NONE', #4423 ) ;
#4080 = EDGE_CURVE ( 'NONE', #4476, #7096, #9925, .T. ) ;
#4081 = ORIENTED_EDGE ( 'NONE', *, *, #7886, .F. ) ;
#4082 = VECTOR ( 'NONE', #3962, 1000.000000000000000 ) ;
#4083 = CARTESIAN_POINT ( 'NONE',  ( 43.56952484415416649, 2.250000000000000000, 30.50770973209207071 ) ) ;
#4084 = CARTESIAN_POINT ( 'NONE',  ( 15.95560520473883415, 26.79379878113547164, 107.3855339059327321 ) ) ;
#4085 = CARTESIAN_POINT ( 'NONE',  ( -13.62907007449843277, 27.58664583238164525, 100.2937242933424216 ) ) ;
#4086 = ORIENTED_EDGE ( 'NONE', *, *, #7500, .F. ) ;
#4087 = CARTESIAN_POINT ( 'NONE',  ( -16.25000000000000000, 2.250000000000000000, 107.6000000000000085 ) ) ;
#4088 = LINE ( 'NONE', #3189, #10025 ) ;
#4089 = ORIENTED_EDGE ( 'NONE', *, *, #6707, .F. ) ;
#4090 = CARTESIAN_POINT ( 'NONE',  ( -2.914398411331987848, 13.46920553116002139, 104.3504127693740884 ) ) ;
#4091 = ADVANCED_FACE ( 'NONE', ( #3474 ), #8031, .F. ) ;
#4092 = EDGE_LOOP ( 'NONE', ( #571, #9608, #1818, #10064 ) ) ;
#4093 = CARTESIAN_POINT ( 'NONE',  ( 6.906075003723576522, 9.830447010717119127, 102.2372779116217743 ) ) ;
#4094 = AXIS2_PLACEMENT_3D ( 'NONE', #2700, #2640, #10636 ) ;
#4095 = EDGE_CURVE ( 'NONE', #5151, #1053, #2529, .T. ) ;
#4096 = EDGE_LOOP ( 'NONE', ( #3119, #8093, #7304, #2638, #6651, #989, #9182 ) ) ;
#4097 = CARTESIAN_POINT ( 'NONE',  ( 29.37500000000054357, 1.250000000000005107, 80.80000000000001137 ) ) ;
#4098 = EDGE_CURVE ( 'NONE', #8942, #5297, #9867, .T. ) ;
#4099 = FACE_BOUND ( 'NONE', #9078, .T. ) ;
#4100 = ORIENTED_EDGE ( 'NONE', *, *, #2191, .T. ) ;
#4101 = FACE_OUTER_BOUND ( 'NONE', #2354, .T. ) ;
#4102 = CARTESIAN_POINT ( 'NONE',  ( -9.000000000000000000, 0.000000000000000000, 94.10000000000003695 ) ) ;
#4103 = ORIENTED_EDGE ( 'NONE', *, *, #7377, .T. ) ;
#4104 = CARTESIAN_POINT ( 'NONE',  ( 1.967438036280446667, 14.25956588240647704, 102.1768562319997216 ) ) ;
#4105 = FACE_BOUND ( 'NONE', #5438, .T. ) ;
#4106 = CARTESIAN_POINT ( 'NONE',  ( -1.499999999999997113, 13.20609684524212035, 105.3500000000000227 ) ) ;
#4107 = CARTESIAN_POINT ( 'NONE',  ( 5.330834210579488364, 16.64226215436969269, 107.6000000000000085 ) ) ;
#4108 = PLANE ( 'NONE',  #6506 ) ;
#4109 = ORIENTED_EDGE ( 'NONE', *, *, #7319, .T. ) ;
#4110 = DIRECTION ( 'NONE',  ( 0.000000000000000000, 1.000000000000000000, 0.000000000000000000 ) ) ;
#4111 = ORIENTED_EDGE ( 'NONE', *, *, #8433, .T. ) ;
#4112 = CARTESIAN_POINT ( 'NONE',  ( 6.171947324802048662, 8.500000000000000000, 101.9520223243003869 ) ) ;
#4113 = ORIENTED_EDGE ( 'NONE', *, *, #2249, .T. ) ;
#4114 = DIRECTION ( 'NONE',  ( 1.000000000000000000, 0.000000000000000000, 0.000000000000000000 ) ) ;
#4115 = DIRECTION ( 'NONE',  ( 0.5735764363510416075, 0.000000000000000000, -0.8191520442889949072 ) ) ;
#4116 = CARTESIAN_POINT ( 'NONE',  ( 26.00112609145443088, 2.250000000000000000, 148.0463266998052632 ) ) ;
#4117 = FACE_OUTER_BOUND ( 'NONE', #1405, .T. ) ;
#4118 = CYLINDRICAL_SURFACE ( 'NONE', #539, 2.000000000000001776 ) ;
#4119 = ORIENTED_EDGE ( 'NONE', *, *, #11237, .T. ) ;
#4120 = CARTESIAN_POINT ( 'NONE',  ( 19.74999999999991118, 0.000000000000000000, 115.9242565173703525 ) ) ;
#4121 = EDGE_CURVE ( 'NONE', #4921, #1593, #18, .T. ) ;
#4122 = CARTESIAN_POINT ( 'NONE',  ( -16.31847847611300750, -23.51811437013501305, 117.9416081523929023 ) ) ;
#4123 = DIRECTION ( 'NONE',  ( 0.4226182617407007736, -0.9063077870366492705, -0.000000000000000000 ) ) ;
#4124 = VERTEX_POINT ( 'NONE', #9803 ) ;
#4125 = CARTESIAN_POINT ( 'NONE',  ( 0.000000000000000000, 0.000000000000000000, 0.000000000000000000 ) ) ;
#4126 = ORIENTED_EDGE ( 'NONE', *, *, #1378, .T. ) ;
#4127 = B_SPLINE_SURFACE_WITH_KNOTS ( 'NONE', 1, 3, ( 
 ( #6459, #7406, #5631, #3090, #2198, #11250, #2075, #1243, #5693, #5923, #3145, #6757, #7588, #400, #3919, #9472, #6636, #7649, #4033, #11074, #9533, #2137, #4980, #1417, #11192, #6702, #1297, #3027, #458, #8419, #283, #3194, #6806, #10308, #10360, #8589, #8531, #5810, #7526, #8351, #221, #9419, #2245, #10245, #5756, #9368, #2968, #5865, #1358, #3858, #8472, #3974, #10415, #11301, #4093, #7470, #4919, #9306, #7705, #2301, #1180, #6579, #10185, #4807, #11129, #4864 ),
 ( #336, #11356, #9761, #10586, #5262, #6926, #5152, #1583, #5094, #5208, #9810, #6033, #8645, #7870, #8697, #681, #11588, #3483, #7980, #8874, #8818, #2471, #5038, #6208, #11418, #11472, #564, #509, #9588, #1525, #11527, #7756, #7923, #4314, #2536, #3423, #1643, #742, #8754, #5985, #3367, #4369, #7095, #7036, #9644, #2416, #4262, #10648, #3253, #10704, #6094, #2592, #10533, #623, #6152, #4204, #4142, #6866, #6975, #10476, #9703, #7815, #2365, #1472, #3312, #4670 ) ),
 .UNSPECIFIED., .F., .F., .F.,
 ( 2, 2 ),
 ( 4, 2, 2, 2, 2, 2, 2, 2, 2, 2, 2, 2, 2, 2, 2, 2, 2, 2, 2, 2, 2, 2, 2, 2, 2, 2, 2, 2, 2, 2, 2, 2, 4 ),
 ( 0.000000000000000000, 1.000000000000000000 ),
 ( 0.5845145657649025717, 0.7443319462539581544, 0.9041493267430138481, 1.063966707232069542, 1.223784087721125236, 1.383601468210180929, 1.543418848699236623, 1.703236229188292317, 1.863053609677347788, 2.022870990166403260, 2.182688370655458954, 2.342505751144514647, 2.502323131633570341, 2.662140512122626035, 2.821957892611681729, 2.981775273100737422, 3.141592653589793116, 3.301410034078848810, 3.461227414567904503, 3.621044795056960197, 3.780862175546015891, 3.940679556035071585, 4.100496936524127278, 4.260314317013182972, 4.420131697502238666, 4.579949077991294359, 4.739766458480350053, 4.899583838969405747, 5.059401219458461441, 5.219218599947517134, 5.379035980436572828, 5.538853360925628522, 5.698670741414683327 ),
 .UNSPECIFIED. ) ;
#4128 = CARTESIAN_POINT ( 'NONE',  ( -14.38132048863166546, 28.46577103149073196, 105.2221707426279238 ) ) ;
#4129 = EDGE_CURVE ( 'NONE', #1321, #1379, #4534, .T. ) ;
#4130 = CARTESIAN_POINT ( 'NONE',  ( -13.64271832602033818, 27.57286510511972111, 102.7271522789049669 ) ) ;
#4131 = ORIENTED_EDGE ( 'NONE', *, *, #3631, .F. ) ;
#4132 = EDGE_LOOP ( 'NONE', ( #7621, #6359, #3595, #3182, #8471, #7648 ) ) ;
#4133 = CARTESIAN_POINT ( 'NONE',  ( 33.75000000000054001, 0.000000000000000000, 127.7740925722955012 ) ) ;
#4134 = DIRECTION ( 'NONE',  ( 0.000000000000000000, 1.000000000000000000, 0.000000000000000000 ) ) ;
#4135 = CARTESIAN_POINT ( 'NONE',  ( 13.86966134969847886, 28.23598170608829960, 102.8116720171352654 ) ) ;
#4136 = VERTEX_POINT ( 'NONE', #5255 ) ;
#4137 = CARTESIAN_POINT ( 'NONE',  ( 16.02223792594729446, 27.66893135025871686, 102.5211311118060138 ) ) ;
#4138 = DIRECTION ( 'NONE',  ( 0.000000000000000000, 0.000000000000000000, 1.000000000000000000 ) ) ;
#4139 = ORIENTED_EDGE ( 'NONE', *, *, #8915, .F. ) ;
#4140 = CARTESIAN_POINT ( 'NONE',  ( -15.99999999999998579, 2.250000000000000444, 94.43550806100934381 ) ) ;
#4141 = ORIENTED_EDGE ( 'NONE', *, *, #3995, .T. ) ;
#4142 = CARTESIAN_POINT ( 'NONE',  ( 7.347502219183362548, 9.249999999999996447, 101.7658244595232873 ) ) ;
#4143 = ORIENTED_EDGE ( 'NONE', *, *, #4031, .F. ) ;
#4144 = EDGE_CURVE ( 'NONE', #8873, #8054, #7140, .T. ) ;
#4145 = CARTESIAN_POINT ( 'NONE',  ( -5.567395990495122682, 19.30497212419181707, 100.1000000000000227 ) ) ;
#4146 = FACE_OUTER_BOUND ( 'NONE', #9811, .T. ) ;
#4147 = EDGE_LOOP ( 'NONE', ( #5831, #6527, #2012, #8459 ) ) ;
#4148 = DIRECTION ( 'NONE',  ( -1.000000000000000000, -0.000000000000000000, -0.000000000000000000 ) ) ;
#4149 = DIRECTION ( 'NONE',  ( 1.000000000000000000, -0.000000000000000000, -0.000000000000000000 ) ) ;
#4150 = VERTEX_POINT ( 'NONE', #9754 ) ;
#4151 = CARTESIAN_POINT ( 'NONE',  ( 0.000000000000000000, 8.500000000000000000, 0.000000000000000000 ) ) ;
#4152 = VECTOR ( 'NONE', #5962, 1000.000000000000000 ) ;
#4153 = DIRECTION ( 'NONE',  ( -0.9063077870366491595, -0.4226182617407009401, 0.000000000000000000 ) ) ;
#4154 = CARTESIAN_POINT ( 'NONE',  ( 6.452904764671601789, 9.775105730765679013, 105.4664698405779149 ) ) ;
#4155 = AXIS2_PLACEMENT_3D ( 'NONE', #10011, #2610, #1899 ) ;
#4156 = VECTOR ( 'NONE', #11650, 1000.000000000000114 ) ;
#4157 = CARTESIAN_POINT ( 'NONE',  ( -6.638770561329000230, 9.797803006622336497, 105.4750359686066474 ) ) ;
#4158 = CARTESIAN_POINT ( 'NONE',  ( -19.74999999999964473, 0.000000000000000000, 141.4242565173703667 ) ) ;
#4159 = ORIENTED_EDGE ( 'NONE', *, *, #4275, .F. ) ;
#4160 = EDGE_CURVE ( 'NONE', #4150, #10931, #5200, .T. ) ;
#4161 = ADVANCED_FACE ( 'NONE', ( #7026 ), #6376, .F. ) ;
#4162 = LINE ( 'NONE', #5882, #9080 ) ;
#4163 = VECTOR ( 'NONE', #3724, 1000.000000000000000 ) ;
#4164 = AXIS2_PLACEMENT_3D ( 'NONE', #3749, #836, #8905 ) ;
#4165 = VERTEX_POINT ( 'NONE', #673 ) ;
#4166 = DIRECTION ( 'NONE',  ( -0.8191520442889929088, 0.000000000000000000, -0.5735764363510444941 ) ) ;
#4167 = CARTESIAN_POINT ( 'NONE',  ( 19.74999999999991118, 7.249999999999999112, 115.9242565173703525 ) ) ;
#4168 = EDGE_CURVE ( 'NONE', #9206, #11257, #6201, .T. ) ;
#4169 = ORIENTED_EDGE ( 'NONE', *, *, #8356, .T. ) ;
#4170 = PLANE ( 'NONE',  #4762 ) ;
#4171 = CARTESIAN_POINT ( 'NONE',  ( -29.37500000000054357, 1.250000000000001554, 123.5000000000000568 ) ) ;
#4172 = EDGE_CURVE ( 'NONE', #1235, #11352, #6143, .T. ) ;
#4173 = VECTOR ( 'NONE', #8835, 1000.000000000000000 ) ;
#4174 = CARTESIAN_POINT ( 'NONE',  ( -6.867593708973863009, 9.825740638084827339, 102.2352076564848034 ) ) ;
#4175 = DIRECTION ( 'NONE',  ( 0.000000000000000000, -1.000000000000000000, 0.000000000000000000 ) ) ;
#4176 = FACE_OUTER_BOUND ( 'NONE', #8628, .T. ) ;
#4177 = CIRCLE ( 'NONE', #3598, 2.374999999999969358 ) ;
#4178 = ORIENTED_EDGE ( 'NONE', *, *, #1184, .F. ) ;
#4179 = CARTESIAN_POINT ( 'NONE',  ( 6.665966335885205929, 9.801122602591751942, 102.2250268992045648 ) ) ;
#4180 = LINE ( 'NONE', #2226, #8684 ) ;
#4181 = DIRECTION ( 'NONE',  ( -0.000000000000000000, -1.000000000000000000, -0.000000000000000000 ) ) ;
#4182 = LINE ( 'NONE', #8676, #3170 ) ;
#4183 = FACE_BOUND ( 'NONE', #642, .T. ) ;
#4184 = CARTESIAN_POINT ( 'NONE',  ( 5.529407449007181619, 19.22350543407086931, 100.1653839314068932 ) ) ;
#4185 = VERTEX_POINT ( 'NONE', #1635 ) ;
#4186 = CARTESIAN_POINT ( 'NONE',  ( -3.773010006834381258, 8.500000000000000000, 103.5634170566978440 ) ) ;
#4187 = CARTESIAN_POINT ( 'NONE',  ( -21.90091163631633364, 0.000000000000000000, 118.9960766834541062 ) ) ;
#4188 = ORIENTED_EDGE ( 'NONE', *, *, #2106, .F. ) ;
#4189 = VECTOR ( 'NONE', #6118, 1000.000000000000114 ) ;
#4190 = VECTOR ( 'NONE', #1553, 1000.000000000000000 ) ;
#4191 = B_SPLINE_CURVE_WITH_KNOTS ( 'NONE', 3,
 ( #10507, #9501, #7551, #4946, #1444, #11156, #8668, #1270, #7616, #1388, #4174, #7787, #2220, #11217, #9560, #531, #8559, #5009, #8616, #3113, #11326, #10272, #3223, #11391, #6898, #2392, #3054, #6664, #6293, #11447, #8846, #8902, #769, #709, #7896, #4237, #1496, #5347, #5122, #5183, #1729, #9785, #8726, #2509, #597, #2676, #8011, #3393, #10729, #3341, #11554, #4461, #3561, #2616, #7846, #9840, #6951, #11671, #4340, #7951, #7122, #2441, #3454, #7065, #6065, #1616, #8790, #8069, #10617, #833, #8963, #6233, #2566, #3511 ),
 .UNSPECIFIED., .F., .F.,
 ( 4, 2, 1, 1, 2, 2, 2, 1, 1, 1, 1, 2, 2, 2, 2, 2, 2, 1, 2, 2, 2, 1, 2, 2, 2, 2, 2, 1, 2, 2, 2, 1, 2, 2, 2, 2, 2, 2, 2, 2, 2, 4 ),
 ( 0.000000000000000000, 0.01562499999992586486, 0.02343749999988931770, 0.02734374999987147087, 0.02929687499986233581, 0.03124999999985320076, 0.04687499999978748944, 0.05468749999975486276, 0.05859374999973836207, 0.06054687499973022968, 0.06152343749972640635, 0.06201171874972453285, 0.06249999999972265241, 0.07031249999972842557, 0.07421874999973143705, 0.07812499999973446241, 0.08593749999974019393, 0.08984374999974270581, 0.09179687499974398257, 0.09374999999974524545, 0.1093749999997534889, 0.1171874999997579714, 0.1210937499997599559, 0.1249999999997619682, 0.1406249999997692679, 0.1484374999997724320, 0.1562499999997756239, 0.1718749999997834232, 0.1796874999997873090, 0.1874999999997912226, 0.2187499999997998268, 0.2343749999998027411, 0.2421874999998059885, 0.2499999999998092637, 0.2812499999998264166, 0.2968749999998371858, 0.3124999999998480105, 0.3437499999998695488, 0.3593749999998802069, 0.3749999999998909206, 0.4374999999999454325, 0.5000000000000000000 ),
 .UNSPECIFIED. ) ;
#4192 = ORIENTED_EDGE ( 'NONE', *, *, #7194, .F. ) ;
#4193 = EDGE_CURVE ( 'NONE', #10763, #3400, #8925, .T. ) ;
#4194 = DIRECTION ( 'NONE',  ( 0.4774298500276914492, -0.000000000000000000, -0.8786698687803833341 ) ) ;
#4195 = CARTESIAN_POINT ( 'NONE',  ( -12.66611185142060059, 8.499999999999998224, 121.1993297625707697 ) ) ;
#4196 = CARTESIAN_POINT ( 'NONE',  ( -5.053967928310254543, 9.250000000000000000, 105.5138079080822848 ) ) ;
#4197 = DIRECTION ( 'NONE',  ( 1.000000000000000000, 0.000000000000000000, 0.000000000000000000 ) ) ;
#4198 = CARTESIAN_POINT ( 'NONE',  ( -1.250000000000000888, -1.250000000000000888, 163.0000000000001421 ) ) ;
#4199 = AXIS2_PLACEMENT_3D ( 'NONE', #11617, #10676, #4399 ) ;
#4200 = ORIENTED_EDGE ( 'NONE', *, *, #2026, .T. ) ;
#4201 = VECTOR ( 'NONE', #3831, 1000.000000000000114 ) ;
#4202 = CARTESIAN_POINT ( 'NONE',  ( 7.750000000000001776, 9.249999999999994671, 163.0000000000001421 ) ) ;
#4203 = ORIENTED_EDGE ( 'NONE', *, *, #926, .F. ) ;
#4204 = CARTESIAN_POINT ( 'NONE',  ( 7.223831845300285437, 9.249999999999996447, 101.7351536916751371 ) ) ;
#4205 = EDGE_CURVE ( 'NONE', #10563, #8898, #4652, .T. ) ;
#4206 = ORIENTED_EDGE ( 'NONE', *, *, #4745, .F. ) ;
#4207 = EDGE_CURVE ( 'NONE', #3525, #3725, #3529, .T. ) ;
#4208 = EDGE_CURVE ( 'NONE', #9749, #6589, #8087, .T. ) ;
#4209 = CIRCLE ( 'NONE', #7228, 3.749999999999999112 ) ;
#4210 = CARTESIAN_POINT ( 'NONE',  ( -5.559570702231822814, 8.696125725194812972, 105.3920051475140696 ) ) ;
#4211 = ADVANCED_FACE ( 'NONE', ( #974, #8265 ), #134, .F. ) ;
#4212 = CARTESIAN_POINT ( 'NONE',  ( 14.08601065356234550, 31.36192106651827771, 103.8500000000000085 ) ) ;
#4213 = CARTESIAN_POINT ( 'NONE',  ( -4.699584345050741518, 8.500000000000000000, 102.1092192492492501 ) ) ;
#4214 = ORIENTED_EDGE ( 'NONE', *, *, #6754, .T. ) ;
#4215 = DIRECTION ( 'NONE',  ( -0.7071067811865474617, -0.000000000000000000, 0.7071067811865474617 ) ) ;
#4216 = CARTESIAN_POINT ( 'NONE',  ( -11.00000000000001066, 2.250000000000000000, 94.10000000000006537 ) ) ;
#4217 = ORIENTED_EDGE ( 'NONE', *, *, #2142, .F. ) ;
#4218 = DIRECTION ( 'NONE',  ( -1.734723475976781654E-15, 0.000000000000000000, 1.000000000000000000 ) ) ;
#4219 = FACE_OUTER_BOUND ( 'NONE', #8936, .T. ) ;
#4220 = CARTESIAN_POINT ( 'NONE',  ( 6.240421637200676663, 9.749157446668380800, 105.4368618038228647 ) ) ;
#4221 = VECTOR ( 'NONE', #7844, 1000.000000000000114 ) ;
#4222 = CARTESIAN_POINT ( 'NONE',  ( 7.384992936475042846, 9.249999999999998224, 105.9535078971544522 ) ) ;
#4223 = DIRECTION ( 'NONE',  ( 1.000000000000000000, 0.000000000000000000, 0.000000000000000000 ) ) ;
#4224 = ORIENTED_EDGE ( 'NONE', *, *, #6906, .T. ) ;
#4225 = DIRECTION ( 'NONE',  ( -0.8660254037844437036, -0.000000000000000000, 0.4999999999999912847 ) ) ;
#4226 = EDGE_CURVE ( 'NONE', #2159, #7965, #7444, .T. ) ;
#4227 = AXIS2_PLACEMENT_3D ( 'NONE', #6218, #6106, #3324 ) ;
#4228 = ORIENTED_EDGE ( 'NONE', *, *, #297, .T. ) ;
#4229 = CARTESIAN_POINT ( 'NONE',  ( 6.583136539102238061, 8.500000000000000000, 101.9642567196937790 ) ) ;
#4230 = EDGE_CURVE ( 'NONE', #5650, #9137, #9096, .T. ) ;
#4231 = AXIS2_PLACEMENT_3D ( 'NONE', #10231, #2768, #9109 ) ;
#4232 = LINE ( 'NONE', #1834, #5903 ) ;
#4233 = ORIENTED_EDGE ( 'NONE', *, *, #297, .F. ) ;
#4234 = LINE ( 'NONE', #11389, #4008 ) ;
#4235 = CARTESIAN_POINT ( 'NONE',  ( -6.250000000000000000, 18.08327746154883187, 101.1000000000000227 ) ) ;
#4236 = VECTOR ( 'NONE', #7189, 1000.000000000000000 ) ;
#4237 = CARTESIAN_POINT ( 'NONE',  ( -6.334671629088154177, 9.760670382761265529, 102.2476464449660654 ) ) ;
#4238 = CARTESIAN_POINT ( 'NONE',  ( 20.26260754773842621, 0.000000000000000000, 120.1432295561562142 ) ) ;
#4239 = DIRECTION ( 'NONE',  ( 1.000000000000000000, 5.551115123125782702E-16, 0.000000000000000000 ) ) ;
#4240 = ORIENTED_EDGE ( 'NONE', *, *, #7120, .T. ) ;
#4241 = ADVANCED_FACE ( 'NONE', ( #3763 ), #6495, .F. ) ;
#4242 = CARTESIAN_POINT ( 'NONE',  ( 6.342636096145909619, 9.761644200435043217, 102.2463232624271683 ) ) ;
#4243 = VECTOR ( 'NONE', #1874, 1000.000000000000000 ) ;
#4244 = DIRECTION ( 'NONE',  ( 3.983588851833157753E-16, -0.1088668748521327695, 0.9940563382223012168 ) ) ;
#4245 = DIRECTION ( 'NONE',  ( 0.000000000000000000, 0.000000000000000000, 1.000000000000000000 ) ) ;
#4246 = CARTESIAN_POINT ( 'NONE',  ( 21.38830408857791809, 2.250000000000000444, 114.7771036446683013 ) ) ;
#4247 = PLANE ( 'NONE',  #11048 ) ;
#4248 = CARTESIAN_POINT ( 'NONE',  ( -8.344444149257626009, 8.500000000000000000, 102.8797793018832891 ) ) ;
#4249 = LINE ( 'NONE', #2285, #3824 ) ;
#4250 = EDGE_LOOP ( 'NONE', ( #4366, #7933, #2056, #359 ) ) ;
#4251 = VECTOR ( 'NONE', #4654, 1000.000000000000000 ) ;
#4252 = ORIENTED_EDGE ( 'NONE', *, *, #11280, .F. ) ;
#4253 = CARTESIAN_POINT ( 'NONE',  ( 29.37500000000053291, 1.249999999999998890, 77.10000000000002274 ) ) ;
#4254 = LINE ( 'NONE', #2290, #3135 ) ;
#4255 = CARTESIAN_POINT ( 'NONE',  ( 1.500000000000000000, 9.249999999999998224, 103.8500000000000227 ) ) ;
#4256 = DIRECTION ( 'NONE',  ( 0.5735764363510523767, -0.000000000000000000, 0.8191520442889873577 ) ) ;
#4257 = LINE ( 'NONE', #3419, #5697 ) ;
#4258 = VERTEX_POINT ( 'NONE', #9278 ) ;
#4259 = VECTOR ( 'NONE', #6730, 1000.000000000000000 ) ;
#4260 = DIRECTION ( 'NONE',  ( -0.000000000000000000, -1.000000000000000000, -0.000000000000000000 ) ) ;
#4261 = ORIENTED_EDGE ( 'NONE', *, *, #4984, .T. ) ;
#4262 = CARTESIAN_POINT ( 'NONE',  ( 5.488751430221435967, 9.249999999999996447, 101.9446439525595309 ) ) ;
#4263 = ORIENTED_EDGE ( 'NONE', *, *, #1342, .T. ) ;
#4264 = CARTESIAN_POINT ( 'NONE',  ( -6.890154112826899713, 23.89015411282693435, 138.8414722278378122 ) ) ;
#4265 = LINE ( 'NONE', #7873, #8232 ) ;
#4266 = CARTESIAN_POINT ( 'NONE',  ( -4.252396876226107736, 8.499999999999996447, 102.5145087344968431 ) ) ;
#4267 = VERTEX_POINT ( 'NONE', #4712 ) ;
#4268 = ADVANCED_FACE ( 'NONE', ( #1865 ), #8204, .F. ) ;
#4269 = DIRECTION ( 'NONE',  ( 0.000000000000000000, -1.000000000000000000, 0.000000000000000000 ) ) ;
#4270 = CARTESIAN_POINT ( 'NONE',  ( 13.64271832602033818, 27.57286510511972111, 102.7271522789049669 ) ) ;
#4271 = ORIENTED_EDGE ( 'NONE', *, *, #10239, .F. ) ;
#4272 = CARTESIAN_POINT ( 'NONE',  ( 3.280834937728335898, 13.92652552472200966, 103.6791042054696845 ) ) ;
#4273 = CIRCLE ( 'NONE', #5593, 2.000000000000029310 ) ;
#4274 = PLANE ( 'NONE',  #9702 ) ;
#4275 = EDGE_CURVE ( 'NONE', #4567, #7575, #2943, .T. ) ;
#4276 = CARTESIAN_POINT ( 'NONE',  ( 6.414454016448158491, 9.770414839145011854, 105.4625901254764102 ) ) ;
#4277 = CARTESIAN_POINT ( 'NONE',  ( 5.751159148947565747, 9.250000000000000000, 105.8991674264312195 ) ) ;
#4278 = CARTESIAN_POINT ( 'NONE',  ( -20.26260754773819173, 7.249999999999999112, 137.1432295561561716 ) ) ;
#4279 = ORIENTED_EDGE ( 'NONE', *, *, #1505, .F. ) ;
#4280 = CARTESIAN_POINT ( 'NONE',  ( -4.500000000000000888, 2.250000000000000000, 107.6000000000000085 ) ) ;
#4281 = VERTEX_POINT ( 'NONE', #11050 ) ;
#4282 = CARTESIAN_POINT ( 'NONE',  ( 5.634233262642807105, 8.500000000000000000, 105.6510408281912277 ) ) ;
#4283 = CYLINDRICAL_SURFACE ( 'NONE', #3441, 1.000000000000000888 ) ;
#4284 = ORIENTED_EDGE ( 'NONE', *, *, #3842, .T. ) ;
#4285 = LINE ( 'NONE', #10615, #1916 ) ;
#4286 = EDGE_CURVE ( 'NONE', #3503, #3337, #9158, .T. ) ;
#4287 = FACE_OUTER_BOUND ( 'NONE', #2038, .T. ) ;
#4288 = CARTESIAN_POINT ( 'NONE',  ( -8.750000000000003553, 6.250000000000001776, 136.5914722278378690 ) ) ;
#4289 = CARTESIAN_POINT ( 'NONE',  ( -1.732365644891768586, 13.48033950970585337, 105.6917192576181037 ) ) ;
#4290 = EDGE_CURVE ( 'NONE', #8104, #6544, #8251, .T. ) ;
#4291 = DIRECTION ( 'NONE',  ( 0.6985753890242761832, -0.6985753890242766273, -0.1548704352004019180 ) ) ;
#4292 = VECTOR ( 'NONE', #10762, 1000.000000000000000 ) ;
#4293 = VERTEX_POINT ( 'NONE', #1033 ) ;
#4294 = CARTESIAN_POINT ( 'NONE',  ( -20.26260754773845818, 2.250000000000000444, 111.6432295561562142 ) ) ;
#4295 = DIRECTION ( 'NONE',  ( -0.000000000000000000, 0.000000000000000000, 1.000000000000000000 ) ) ;
#4296 = DIRECTION ( 'NONE',  ( 0.7071067811865486830, 0.7071067811865464625, 0.000000000000000000 ) ) ;
#4297 = PLANE ( 'NONE',  #7436 ) ;
#4298 = FACE_BOUND ( 'NONE', #5147, .T. ) ;
#4299 = CARTESIAN_POINT ( 'NONE',  ( -4.076716770326523687, 8.500000000000000000, 102.7527986751929632 ) ) ;
#4300 = DIRECTION ( 'NONE',  ( 0.8660254037844455910, -0.000000000000000000, -0.4999999999999880096 ) ) ;
#4301 = EDGE_CURVE ( 'NONE', #5659, #9749, #192, .T. ) ;
#4302 = ORIENTED_EDGE ( 'NONE', *, *, #9647, .F. ) ;
#4303 = EDGE_CURVE ( 'NONE', #319, #4079, #11350, .T. ) ;
#4304 = ORIENTED_EDGE ( 'NONE', *, *, #3875, .T. ) ;
#4305 = CARTESIAN_POINT ( 'NONE',  ( 4.474131828178700587, 8.949743785633122783, 103.6372912105962172 ) ) ;
#4306 = CARTESIAN_POINT ( 'NONE',  ( -9.999999999999994671, 2.250000000000009326, 109.8500000000000227 ) ) ;
#4307 = CARTESIAN_POINT ( 'NONE',  ( 14.07556351145753482, 28.41176461279632548, 102.6880765838829035 ) ) ;
#4308 = CARTESIAN_POINT ( 'NONE',  ( -11.99999999998817479, 2.250000000000000000, 155.5000000000000284 ) ) ;
#4309 = PLANE ( 'NONE',  #6064 ) ;
#4310 = ORIENTED_EDGE ( 'NONE', *, *, #11598, .T. ) ;
#4311 = DIRECTION ( 'NONE',  ( 4.956352788505160310E-16, 0.000000000000000000, 1.000000000000000000 ) ) ;
#4312 = EDGE_CURVE ( 'NONE', #10779, #1162, #5221, .T. ) ;
#4313 = ORIENTED_EDGE ( 'NONE', *, *, #8755, .T. ) ;
#4314 = CARTESIAN_POINT ( 'NONE',  ( 4.252585962947820875, 9.249999999999996447, 103.7341646134843671 ) ) ;
#4315 = ORIENTED_EDGE ( 'NONE', *, *, #5161, .F. ) ;
#4316 = DIRECTION ( 'NONE',  ( -0.9063077870366491595, -0.4226182617407008846, 0.000000000000000000 ) ) ;
#4317 = LINE ( 'NONE', #5383, #4335 ) ;
#4318 = VECTOR ( 'NONE', #7059, 1000.000000000000000 ) ;
#4319 = CARTESIAN_POINT ( 'NONE',  ( 15.95560520473883415, 26.79379878113547164, 163.0000000000001421 ) ) ;
#4320 = PLANE ( 'NONE',  #10005 ) ;
#4321 = ORIENTED_EDGE ( 'NONE', *, *, #5687, .T. ) ;
#4322 = CARTESIAN_POINT ( 'NONE',  ( 2.073834777636697435, 13.50050777061751539, 105.6007461116197703 ) ) ;
#4323 = DIRECTION ( 'NONE',  ( -1.000000000000000000, -5.551115123125782702E-16, 0.000000000000000000 ) ) ;
#4324 = VERTEX_POINT ( 'NONE', #3001 ) ;
#4325 = DIRECTION ( 'NONE',  ( -0.000000000000000000, -1.000000000000000000, -0.000000000000000000 ) ) ;
#4326 = FACE_OUTER_BOUND ( 'NONE', #5087, .T. ) ;
#4327 = CARTESIAN_POINT ( 'NONE',  ( 6.937659083393488579, 9.834303873446568645, 105.4565279232126045 ) ) ;
#4328 = LINE ( 'NONE', #5167, #6659 ) ;
#4329 = VERTEX_POINT ( 'NONE', #1214 ) ;
#4330 = CARTESIAN_POINT ( 'NONE',  ( -29.37500000000054357, 2.250000000000000000, 119.8000000000000682 ) ) ;
#4331 = CYLINDRICAL_SURFACE ( 'NONE', #5294, 1.000000000000014655 ) ;
#4332 = EDGE_LOOP ( 'NONE', ( #3656, #4802, #11322, #11331, #3777 ) ) ;
#4333 = DIRECTION ( 'NONE',  ( -1.000000000000000000, -8.673617379884036705E-17, 1.960384370039590487E-31 ) ) ;
#4334 = CARTESIAN_POINT ( 'NONE',  ( 29.37500000000054357, 2.250000000000000000, 119.8000000000000682 ) ) ;
#4335 = VECTOR ( 'NONE', #871, 999.9999999999998863 ) ;
#4336 = CARTESIAN_POINT ( 'NONE',  ( -21.90091163631633364, 2.250000000000000444, 118.9960766834541062 ) ) ;
#4337 = VERTEX_POINT ( 'NONE', #5484 ) ;
#4338 = LINE ( 'NONE', #10673, #3818 ) ;
#4339 = CARTESIAN_POINT ( 'NONE',  ( -12.74999999999995204, 8.448479721469174919, 134.1642548878282071 ) ) ;
#4340 = CARTESIAN_POINT ( 'NONE',  ( -5.377498060212019482, 9.643790109419439815, 102.6423999183164284 ) ) ;
#4341 = LINE ( 'NONE', #11618, #3887 ) ;
#4342 = LINE ( 'NONE', #1498, #8696 ) ;
#4343 = AXIS2_PLACEMENT_3D ( 'NONE', #3123, #10394, #9398 ) ;
#4344 = VECTOR ( 'NONE', #9114, 1000.000000000000000 ) ;
#4345 = EDGE_CURVE ( 'NONE', #6684, #4814, #5662, .T. ) ;
#4346 = EDGE_LOOP ( 'NONE', ( #6640, #7366, #8200, #7156 ) ) ;
#4347 = MANIFOLD_SOLID_BREP ( '倒角8', #10680 ) ;
#4348 = ADVANCED_FACE ( 'NONE', ( #1664 ), #1994, .T. ) ;
#4349 = VERTEX_POINT ( 'NONE', #763 ) ;
#4350 = DIRECTION ( 'NONE',  ( -0.000000000000000000, 0.000000000000000000, 1.000000000000000000 ) ) ;
#4351 = CARTESIAN_POINT ( 'NONE',  ( -6.570612033729096524, 21.45637587167328064, 107.6000000000000085 ) ) ;
#4352 = DIRECTION ( 'NONE',  ( 0.5735764363510446051, 0.000000000000000000, -0.8191520442889929088 ) ) ;
#4353 = FACE_OUTER_BOUND ( 'NONE', #4697, .T. ) ;
#4354 = PLANE ( 'NONE',  #2926 ) ;
#4355 = CARTESIAN_POINT ( 'NONE',  ( -6.799485047630043688, 8.500000000000000000, 105.9693420875747591 ) ) ;
#4356 = CARTESIAN_POINT ( 'NONE',  ( 1.500000000000000222, 13.99573097773734709, 102.3500000000000227 ) ) ;
#4357 = VERTEX_POINT ( 'NONE', #8839 ) ;
#4358 = AXIS2_PLACEMENT_3D ( 'NONE', #10040, #9099, #7089 ) ;
#4359 = EDGE_LOOP ( 'NONE', ( #3154, #6512, #11294, #10486, #5973, #2446, #7738, #8191, #620, #8517 ) ) ;
#4360 = LINE ( 'NONE', #615, #8385 ) ;
#4361 = DIRECTION ( 'NONE',  ( 0.5735764363510428288, 0.000000000000000000, -0.8191520442889940190 ) ) ;
#4362 = FACE_OUTER_BOUND ( 'NONE', #6207, .T. ) ;
#4363 = LINE ( 'NONE', #11580, #8550 ) ;
#4364 = EDGE_CURVE ( 'NONE', #3035, #3317, #9667, .T. ) ;
#4365 = CARTESIAN_POINT ( 'NONE',  ( -16.44999999998811901, 2.250000000000000000, 154.5000000000001421 ) ) ;
#4366 = ORIENTED_EDGE ( 'NONE', *, *, #9049, .F. ) ;
#4367 = LINE ( 'NONE', #1699, #7634 ) ;
#4368 = ORIENTED_EDGE ( 'NONE', *, *, #11714, .T. ) ;
#4369 = CARTESIAN_POINT ( 'NONE',  ( 4.802599317125920031, 9.249999999999996447, 102.4597770041918494 ) ) ;
#4370 = AXIS2_PLACEMENT_3D ( 'NONE', #10670, #8897, #5785 ) ;
#4371 = ORIENTED_EDGE ( 'NONE', *, *, #736, .T. ) ;
#4372 =( NAMED_UNIT ( * ) SI_UNIT ( $, .STERADIAN. ) SOLID_ANGLE_UNIT ( ) );
#4373 =( BOUNDED_CURVE ( )  B_SPLINE_CURVE ( 3, ( #5036, #8642, #9700, #8933 ),
 .UNSPECIFIED., .F., .F. ) 
 B_SPLINE_CURVE_WITH_KNOTS ( ( 4, 4 ),
 ( 0.000000000000000000, 1.570796326794896558 ),
 .UNSPECIFIED. ) 
 CURVE ( )  GEOMETRIC_REPRESENTATION_ITEM ( )  RATIONAL_B_SPLINE_CURVE ( ( 1.000000000000000000, 0.8047378541243649375, 0.8047378541243649375, 1.000000000000000000 ) ) 
 REPRESENTATION_ITEM ( '' )  );
#4374 = DIRECTION ( 'NONE',  ( 0.000000000000000000, 1.000000000000000000, 0.000000000000000000 ) ) ;
#4375 = AXIS2_PLACEMENT_3D ( 'NONE', #6009, #6780, #6833 ) ;
#4376 = PLANE ( 'NONE',  #845 ) ;
#4377 = FACE_OUTER_BOUND ( 'NONE', #9337, .T. ) ;
#4378 = VERTEX_POINT ( 'NONE', #3121 ) ;
#4379 = AXIS2_PLACEMENT_3D ( 'NONE', #11261, #10425, #5936 ) ;
#4380 = CARTESIAN_POINT ( 'NONE',  ( 2.692661133401072604, 13.84174841168908010, 102.9350148557459761 ) ) ;
#4381 = VECTOR ( 'NONE', #6526, 1000.000000000000227 ) ;
#4382 = CARTESIAN_POINT ( 'NONE',  ( 7.250000000000009770, -31.10416016031583197, 100.1000000000000227 ) ) ;
#4383 = VERTEX_POINT ( 'NONE', #1611 ) ;
#4384 = LINE ( 'NONE', #1931, #3769 ) ;
#4385 = LINE ( 'NONE', #2551, #9508 ) ;
#4386 = CARTESIAN_POINT ( 'NONE',  ( -2.289210667519886666, 13.52028550941960638, 105.5115344970219979 ) ) ;
#4387 = VECTOR ( 'NONE', #7909, 1000.000000000000000 ) ;
#4388 = CARTESIAN_POINT ( 'NONE',  ( 6.157242225062581120, 9.249999999999998224, 106.0095286432979549 ) ) ;
#4389 = CARTESIAN_POINT ( 'NONE',  ( -16.10352159634808089, 27.11100650659829725, 163.0000000000001421 ) ) ;
#4390 = AXIS2_PLACEMENT_3D ( 'NONE', #10773, #9891, #4742 ) ;
#4391 = DIRECTION ( 'NONE',  ( -0.5735764363510476027, 0.000000000000000000, 0.8191520442889907994 ) ) ;
#4392 = ORIENTED_EDGE ( 'NONE', *, *, #6471, .T. ) ;
#4393 = CARTESIAN_POINT ( 'NONE',  ( 4.999999999999989342, 0.000000000000000000, 89.43550806100923012 ) ) ;
#4394 = PRESENTATION_STYLE_ASSIGNMENT (( #8505 ) ) ;
#4395 = ORIENTED_EDGE ( 'NONE', *, *, #1232, .F. ) ;
#4396 = VECTOR ( 'NONE', #10784, 1000.000000000000000 ) ;
#4397 = CARTESIAN_POINT ( 'NONE',  ( -16.25000000000000000, 16.18567293696069243, 107.6000000000000085 ) ) ;
#4398 = DIRECTION ( 'NONE',  ( 0.000000000000000000, 0.000000000000000000, 1.000000000000000000 ) ) ;
#4399 = DIRECTION ( 'NONE',  ( 0.000000000000000000, 0.000000000000000000, 1.000000000000000000 ) ) ;
#4400 = CARTESIAN_POINT ( 'NONE',  ( -1.250000000000006217, 31.94302117641175442, 88.60000000000002274 ) ) ;
#4401 = EDGE_LOOP ( 'NONE', ( #8757, #5392, #6230, #10884 ) ) ;
#4402 = VECTOR ( 'NONE', #6863, 1000.000000000000114 ) ;
#4403 = CARTESIAN_POINT ( 'NONE',  ( -14.29090602227477724, 27.95624303007970468, 163.0000000000001421 ) ) ;
#4404 = VECTOR ( 'NONE', #1025, 1000.000000000000000 ) ;
#4405 = AXIS2_PLACEMENT_3D ( 'NONE', #11464, #9753, #5254 ) ;
#4406 = VERTEX_POINT ( 'NONE', #6177 ) ;
#4407 = AXIS2_PLACEMENT_3D ( 'NONE', #6738, #9399, #1277 ) ;
#4408 = ORIENTED_EDGE ( 'NONE', *, *, #11589, .T. ) ;
#4409 = DIRECTION ( 'NONE',  ( -1.000000000000000000, -2.944806897488556328E-17, 1.328316551414405946E-16 ) ) ;
#4410 = EDGE_CURVE ( 'NONE', #4337, #2002, #6945, .T. ) ;
#4411 = LINE ( 'NONE', #6131, #3573 ) ;
#4412 = CARTESIAN_POINT ( 'NONE',  ( -16.13465519835815343, 27.17777273156929496, 107.3855339059327321 ) ) ;
#4413 = CARTESIAN_POINT ( 'NONE',  ( -7.750000000000001776, 9.249999999999998224, 163.0000000000001421 ) ) ;
#4414 = CARTESIAN_POINT ( 'NONE',  ( 6.249999999999998224, 11.66512179830156448, 113.8796372244472224 ) ) ;
#4415 = CARTESIAN_POINT ( 'NONE',  ( -8.588833455959738572, 8.499999999999996447, 103.9932944374939439 ) ) ;
#4416 = CARTESIAN_POINT ( 'NONE',  ( -15.25000000000001599, 5.335786437626880208, 107.6000000000000085 ) ) ;
#4417 = EDGE_CURVE ( 'NONE', #2767, #5379, #4953, .T. ) ;
#4418 = ORIENTED_EDGE ( 'NONE', *, *, #1263, .F. ) ;
#4419 = VERTEX_POINT ( 'NONE', #9726 ) ;
#4420 = ORIENTED_EDGE ( 'NONE', *, *, #11251, .F. ) ;
#4421 = AXIS2_PLACEMENT_3D ( 'NONE', #11286, #3178, #4788 ) ;
#4422 = CARTESIAN_POINT ( 'NONE',  ( 8.015284205281645313, 9.170954243405899931, 104.4768131114375649 ) ) ;
#4423 = CARTESIAN_POINT ( 'NONE',  ( -15.29114218035016037, 26.55195401848749981, 102.4084296756661701 ) ) ;
#4424 = DIRECTION ( 'NONE',  ( 1.000000000000000000, 0.000000000000000000, 9.654113257610012971E-15 ) ) ;
#4425 = CARTESIAN_POINT ( 'NONE',  ( 15.41044763207184864, 26.49632097269003594, 100.2026360843920259 ) ) ;
#4426 = CARTESIAN_POINT ( 'NONE',  ( -4.918151319530355003, 9.587681075656062646, 104.5227941520537343 ) ) ;
#4427 = ORIENTED_EDGE ( 'NONE', *, *, #3718, .F. ) ;
#4428 = DIRECTION ( 'NONE',  ( 0.000000000000000000, 0.000000000000000000, 1.000000000000000000 ) ) ;
#4429 = ADVANCED_FACE ( 'NONE', ( #2435 ), #11492, .F. ) ;
#4430 = ORIENTED_EDGE ( 'NONE', *, *, #5530, .T. ) ;
#4432 = VECTOR ( 'NONE', #7387, 1000.000000000000000 ) ;
#4431 = CARTESIAN_POINT ( 'NONE',  ( -19.74999999999973355, 7.249999999999999112, 130.9242565173703667 ) ) ;
#4433 = ADVANCED_FACE ( 'NONE', ( #7946 ), #5233, .F. ) ;
#4434 = ORIENTED_EDGE ( 'NONE', *, *, #6538, .F. ) ;
#4435 = LINE ( 'NONE', #7040, #914 ) ;
#4436 = LINE ( 'NONE', #5440, #4645 ) ;
#4437 = CARTESIAN_POINT ( 'NONE',  ( -8.269555066332960891, 8.499999999999996447, 102.7527986751929774 ) ) ;
#4438 = VERTEX_POINT ( 'NONE', #373 ) ;
#4439 = AXIS2_PLACEMENT_3D ( 'NONE', #2510, #5892, #5239 ) ;
#4440 = DIRECTION ( 'NONE',  ( -1.000000000000000000, 0.000000000000000000, -4.827056628805024630E-15 ) ) ;
#4441 = CARTESIAN_POINT ( 'NONE',  ( 0.1768766589186837879, -7.802420220472374268, 104.8883279828650359 ) ) ;
#4442 = EDGE_CURVE ( 'NONE', #2774, #2461, #10282, .T. ) ;
#4443 = ORIENTED_EDGE ( 'NONE', *, *, #4172, .T. ) ;
#4444 = CARTESIAN_POINT ( 'NONE',  ( -8.750000000000003553, 14.53030822565386337, 138.8414722278378406 ) ) ;
#4446 = ADVANCED_FACE ( 'NONE', ( #11612 ), #8564, .F. ) ;
#4445 = CARTESIAN_POINT ( 'NONE',  ( -11.15273910598653018, 9.433047331640334932, 138.8414722278378406 ) ) ;
#4447 = CARTESIAN_POINT ( 'NONE',  ( 5.299549403534794756, 9.634271320075269429, 104.9927415700819893 ) ) ;
#4448 = CARTESIAN_POINT ( 'NONE',  ( 4.252484029178249081, 9.250000000000000000, 104.2197144015249251 ) ) ;
#4449 = CARTESIAN_POINT ( 'NONE',  ( -17.44999999998816875, 2.250000000000000000, 156.6000000000001933 ) ) ;
#4450 = VECTOR ( 'NONE', #5053, 1000.000000000000000 ) ;
#4451 =( BOUNDED_CURVE ( )  B_SPLINE_CURVE ( 3, ( #1275, #10283, #5664, #1334 ),
 .UNSPECIFIED., .F., .F. ) 
 B_SPLINE_CURVE_WITH_KNOTS ( ( 4, 4 ),
 ( 3.478698810492154804E-13, 1.570796326794896558 ),
 .UNSPECIFIED. ) 
 CURVE ( )  GEOMETRIC_REPRESENTATION_ITEM ( )  RATIONAL_B_SPLINE_CURVE ( ( 1.000000000000000000, 0.8047378541244469830, 0.8047378541244469830, 1.000000000000000000 ) ) 
 REPRESENTATION_ITEM ( '' )  );
#4452 = EDGE_CURVE ( 'NONE', #1547, #2720, #3424, .T. ) ;
#4453 = CARTESIAN_POINT ( 'NONE',  ( -7.539256039099941908, 9.460743960900053651, 105.6827323614792107 ) ) ;
#4454 = ORIENTED_EDGE ( 'NONE', *, *, #1109, .T. ) ;
#4455 = LINE ( 'NONE', #3618, #7564 ) ;
#4456 = AXIS2_PLACEMENT_3D ( 'NONE', #3358, #10525, #389 ) ;
#4457 = CARTESIAN_POINT ( 'NONE',  ( 8.155797152265193972, 9.179730840277466442, 103.9563565960496021 ) ) ;
#4458 = ORIENTED_EDGE ( 'NONE', *, *, #5772, .F. ) ;
#4459 = CARTESIAN_POINT ( 'NONE',  ( 29.37500000000053291, 2.250000000000000000, 87.59999999999999432 ) ) ;
#4460 = DIRECTION ( 'NONE',  ( 0.000000000000000000, -1.000000000000000000, 0.000000000000000000 ) ) ;
#4461 = CARTESIAN_POINT ( 'NONE',  ( -5.728982562403746037, 9.686717615514449875, 102.4278835631101146 ) ) ;
#4462 = DIRECTION ( 'NONE',  ( -0.9063077870366489375, 0.4226182617407014397, 0.000000000000000000 ) ) ;
#4463 = VERTEX_POINT ( 'NONE', #5841 ) ;
#4464 = DIRECTION ( 'NONE',  ( -1.000000000000000000, 0.000000000000000000, 0.000000000000000000 ) ) ;
#4465 = AXIS2_PLACEMENT_3D ( 'NONE', #792, #7086, #10697 ) ;
#4466 = ORIENTED_EDGE ( 'NONE', *, *, #7307, .T. ) ;
#4467 = ORIENTED_EDGE ( 'NONE', *, *, #10855, .T. ) ;
#4468 = DIRECTION ( 'NONE',  ( -0.8191520442889964615, 0.000000000000000000, -0.5735764363510393871 ) ) ;
#4469 = FACE_BOUND ( 'NONE', #7543, .T. ) ;
#4470 = DIRECTION ( 'NONE',  ( -0.9063077870366489375, 0.4226182617407014397, 0.000000000000000000 ) ) ;
#4471 = FACE_OUTER_BOUND ( 'NONE', #1167, .T. ) ;
#4472 = LINE ( 'NONE', #5418, #5381 ) ;
#4473 = CARTESIAN_POINT ( 'NONE',  ( -6.048505053585008895, 8.757367069365686874, 102.2249999999999943 ) ) ;
#4474 = CARTESIAN_POINT ( 'NONE',  ( -9.500000000000001776, 9.000000000000000000, 107.6000000000000085 ) ) ;
#4475 = EDGE_LOOP ( 'NONE', ( #7527, #3210 ) ) ;
#4476 = VERTEX_POINT ( 'NONE', #4334 ) ;
#4477 = ORIENTED_EDGE ( 'NONE', *, *, #7483, .F. ) ;
#4478 = ADVANCED_FACE ( 'NONE', ( #9449 ), #4067, .F. ) ;
#4479 = CARTESIAN_POINT ( 'NONE',  ( 4.840619934010901737, 8.972637642788219736, 102.8587660937018171 ) ) ;
#4480 = DIRECTION ( 'NONE',  ( 0.000000000000000000, 0.000000000000000000, -1.000000000000000000 ) ) ;
#4481 = LINE ( 'NONE', #3530, #7245 ) ;
#4482 = CARTESIAN_POINT ( 'NONE',  ( 15.29114218035016037, 26.55195401848749981, 100.1757653858252439 ) ) ;
#4483 = CARTESIAN_POINT ( 'NONE',  ( -5.912338457851659790, 9.709091556440336390, 102.3504273004550100 ) ) ;
#4484 = ORIENTED_EDGE ( 'NONE', *, *, #4129, .F. ) ;
#4485 = EDGE_CURVE ( 'NONE', #5323, #4672, #11278, .T. ) ;
#4486 = DIRECTION ( 'NONE',  ( 0.000000000000000000, 0.000000000000000000, -1.000000000000000000 ) ) ;
#4487 = ORIENTED_EDGE ( 'NONE', *, *, #9008, .F. ) ;
#4488 = DIRECTION ( 'NONE',  ( 0.000000000000000000, 0.000000000000000000, 1.000000000000000000 ) ) ;
#4489 = CARTESIAN_POINT ( 'NONE',  ( 15.94841172305889287, 27.73502438784973734, 100.1953003444842949 ) ) ;
#4490 = ORIENTED_EDGE ( 'NONE', *, *, #2986, .F. ) ;
#4491 = ORIENTED_EDGE ( 'NONE', *, *, #1590, .T. ) ;
#4492 = EDGE_CURVE ( 'NONE', #3142, #6888, #7116, .T. ) ;
#4493 = DIRECTION ( 'NONE',  ( 0.000000000000000000, 0.000000000000000000, -1.000000000000000000 ) ) ;
#4494 = DIRECTION ( 'NONE',  ( 0.000000000000000000, 1.000000000000000000, 0.000000000000000000 ) ) ;
#4495 = CARTESIAN_POINT ( 'NONE',  ( -3.358391833210450539, 2.250000000000000000, 150.5000000000000000 ) ) ;
#4496 = ORIENTED_EDGE ( 'NONE', *, *, #8620, .T. ) ;
#4497 = CARTESIAN_POINT ( 'NONE',  ( -29.37500000000053291, 2.250000000000000000, 87.59999999999999432 ) ) ;
#4498 = ORIENTED_EDGE ( 'NONE', *, *, #2982, .F. ) ;
#4499 = CARTESIAN_POINT ( 'NONE',  ( -14.50221515314512288, 28.40939692359802038, 105.2915703243338470 ) ) ;
#4500 = ORIENTED_EDGE ( 'NONE', *, *, #10021, .F. ) ;
#4501 = CARTESIAN_POINT ( 'NONE',  ( -2.975430917337831715, 13.67231114563180583, 103.5787457754114484 ) ) ;
#4502 = DIRECTION ( 'NONE',  ( -1.303638243050511780E-17, 0.9940563382223012168, 0.1088668748521327695 ) ) ;
#4503 = DIRECTION ( 'NONE',  ( -0.4226182617407014952, 0.9063077870366490485, -0.000000000000000000 ) ) ;
#4504 = CARTESIAN_POINT ( 'NONE',  ( -1.250000000000001776, 9.749999999999998224, 124.9833631420980566 ) ) ;
#4505 = ADVANCED_FACE ( 'NONE', ( #10781 ), #10651, .T. ) ;
#4506 = CARTESIAN_POINT ( 'NONE',  ( -1.250000000000014211, 35.91468543148452142, 7.962094070660424627 ) ) ;
#4507 = ORIENTED_EDGE ( 'NONE', *, *, #3429, .T. ) ;
#4508 = LINE ( 'NONE', #11665, #7818 ) ;
#4509 = DIRECTION ( 'NONE',  ( 0.000000000000000000, 1.000000000000000000, -2.260169297513790404E-15 ) ) ;
#4510 = ORIENTED_EDGE ( 'NONE', *, *, #7739, .T. ) ;
#4511 = FACE_OUTER_BOUND ( 'NONE', #5253, .T. ) ;
#4512 = CARTESIAN_POINT ( 'NONE',  ( 7.839996678112651551, 9.160003365220998006, 104.7587792889157186 ) ) ;
#4513 = EDGE_CURVE ( 'NONE', #9720, #4921, #7826, .T. ) ;
#4514 = CARTESIAN_POINT ( 'NONE',  ( -4.886321568108852098, 9.583801716197145382, 104.4539558669540327 ) ) ;
#4515 = DIRECTION ( 'NONE',  ( 1.000000000000000000, 0.000000000000000000, 3.469446951953611724E-16 ) ) ;
#4516 = VERTEX_POINT ( 'NONE', #4102 ) ;
#4517 = CARTESIAN_POINT ( 'NONE',  ( 11.99999999998817479, 2.250000000000000000, 163.0000000000001421 ) ) ;
#4518 = CIRCLE ( 'NONE', #11330, 2.549999999999996714 ) ;
#4519 = ORIENTED_EDGE ( 'NONE', *, *, #9975, .F. ) ;
#4520 = EDGE_CURVE ( 'NONE', #3255, #8140, #5218, .T. ) ;
#4521 = ORIENTED_EDGE ( 'NONE', *, *, #3745, .T. ) ;
#4522 = CARTESIAN_POINT ( 'NONE',  ( 17.90542061413608010, 4.094579385863930554, 122.4242565173701962 ) ) ;
#4523 = CARTESIAN_POINT ( 'NONE',  ( 7.696473829994688209, 9.303526170005314455, 105.7596168115021698 ) ) ;
#4524 = CARTESIAN_POINT ( 'NONE',  ( 14.50221515314512644, 28.40939692359802748, 163.0000000000001421 ) ) ;
#4525 = VECTOR ( 'NONE', #1802, 1000.000000000000000 ) ;
#4526 = CARTESIAN_POINT ( 'NONE',  ( 12.74999999999999289, 13.96768987689089769, 109.2687067062699384 ) ) ;
#4527 = DIRECTION ( 'NONE',  ( 0.000000000000000000, 0.000000000000000000, 1.000000000000000000 ) ) ;
#4528 = AXIS2_PLACEMENT_3D ( 'NONE', #3801, #10962, #2847 ) ;
#4529 = CARTESIAN_POINT ( 'NONE',  ( -4.329830330340957545, 8.542094916871882049, 103.4286652428310589 ) ) ;
#4530 = VERTEX_POINT ( 'NONE', #8769 ) ;
#4531 = AXIS2_PLACEMENT_3D ( 'NONE', #4580, #9023, #1852 ) ;
#4532 = EDGE_LOOP ( 'NONE', ( #11092, #1280, #9585, #7702 ) ) ;
#4533 = CARTESIAN_POINT ( 'NONE',  ( 4.228324791044314246, 8.500000000000000000, 103.6015590561568729 ) ) ;
#4534 = LINE ( 'NONE', #7915, #9193 ) ;
#4535 = CARTESIAN_POINT ( 'NONE',  ( -6.249999999999999112, 11.66512179830155915, 113.8796372244472224 ) ) ;
#4536 = FACE_OUTER_BOUND ( 'NONE', #5400, .T. ) ;
#4537 = CARTESIAN_POINT ( 'NONE',  ( -7.203110206153064965, 9.866721053446957157, 102.2924204820438803 ) ) ;
#4538 = ORIENTED_EDGE ( 'NONE', *, *, #287, .F. ) ;
#4539 = DIRECTION ( 'NONE',  ( 0.5735764363510476027, 0.000000000000000000, -0.8191520442889907994 ) ) ;
#4540 = ORIENTED_EDGE ( 'NONE', *, *, #2890, .T. ) ;
#4541 = VECTOR ( 'NONE', #6222, 1000.000000000000000 ) ;
#4542 = DIRECTION ( 'NONE',  ( -0.000000000000000000, -1.000000000000000000, -0.000000000000000000 ) ) ;
#4543 = LINE ( 'NONE', #6504, #1924 ) ;
#4544 = ORIENTED_EDGE ( 'NONE', *, *, #11071, .F. ) ;
#4545 = EDGE_CURVE ( 'NONE', #8097, #6618, #10598, .T. ) ;
#4546 = VERTEX_POINT ( 'NONE', #9597 ) ;
#4547 = CARTESIAN_POINT ( 'NONE',  ( -16.15036770282975453, 27.25349471716676319, 102.7897713856933564 ) ) ;
#4548 = DIRECTION ( 'NONE',  ( 0.000000000000000000, -1.000000000000000000, 0.000000000000000000 ) ) ;
#4549 = LINE ( 'NONE', #6272, #121 ) ;
#4550 = ORIENTED_EDGE ( 'NONE', *, *, #3537, .F. ) ;
#4551 = CARTESIAN_POINT ( 'NONE',  ( 1.733116358441263438, 13.48288797768048575, 105.6802238614536407 ) ) ;
#4552 = EDGE_LOOP ( 'NONE', ( #11198, #7827, #7070, #591 ) ) ;
#4553 = CARTESIAN_POINT ( 'NONE',  ( -15.95182677467910715, 27.73343192312623984, 105.2398197510564444 ) ) ;
#4554 = CARTESIAN_POINT ( 'NONE',  ( -33.75000000000054001, 2.250000000000000000, 85.07409257229544153 ) ) ;
#4555 = ORIENTED_EDGE ( 'NONE', *, *, #2682, .T. ) ;
#4556 = EDGE_CURVE ( 'NONE', #4612, #2383, #8826, .T. ) ;
#4557 = AXIS2_PLACEMENT_3D ( 'NONE', #702, #4896, #6059 ) ;
#4558 = CARTESIAN_POINT ( 'NONE',  ( -2.984989288828868936, 13.65672183592477218, 103.6379683743513453 ) ) ;
#4559 = CARTESIAN_POINT ( 'NONE',  ( 5.635927635322794949, 9.675353701463841105, 105.2239544096267423 ) ) ;
#4560 = EDGE_CURVE ( 'NONE', #2028, #7841, #3262, .T. ) ;
#4561 = DIRECTION ( 'NONE',  ( -0.000000000000000000, -0.000000000000000000, 1.000000000000000000 ) ) ;
#4562 = CARTESIAN_POINT ( 'NONE',  ( -15.99999999999998934, 2.250000000000000000, 0.000000000000000000 ) ) ;
#4563 = EDGE_CURVE ( 'NONE', #8260, #6940, #11480, .T. ) ;
#4564 = AXIS2_PLACEMENT_3D ( 'NONE', #1960, #2081, #228 ) ;
#4565 = AXIS2_PLACEMENT_3D ( 'NONE', #10331, #5833, #9440 ) ;
#4566 = LINE ( 'NONE', #885, #10396 ) ;
#4567 = VERTEX_POINT ( 'NONE', #10422 ) ;
#4568 = CARTESIAN_POINT ( 'NONE',  ( 6.999999999999990230, 7.249999999999999112, 89.43550806100923012 ) ) ;
#4569 = CARTESIAN_POINT ( 'NONE',  ( 5.830172501334350166, 9.034453223603117422, 105.4230269381075260 ) ) ;
#4570 = VECTOR ( 'NONE', #8785, 1000.000000000000114 ) ;
#4571 = EDGE_LOOP ( 'NONE', ( #7146, #6479, #9447, #9847, #2568, #1078, #11439, #10499 ) ) ;
#4572 = DIRECTION ( 'NONE',  ( -1.000000000000000000, 0.000000000000000000, -0.000000000000000000 ) ) ;
#4573 = DIRECTION ( 'NONE',  ( 0.000000000000000000, -1.000000000000000000, 0.000000000000000000 ) ) ;
#4574 = AXIS2_PLACEMENT_3D ( 'NONE', #940, #8291, #11660 ) ;
#4575 = VECTOR ( 'NONE', #11614, 1000.000000000000000 ) ;
#4576 = DIRECTION ( 'NONE',  ( 0.000000000000000000, 0.000000000000000000, -1.000000000000000000 ) ) ;
#4577 = CYLINDRICAL_SURFACE ( 'NONE', #1224, 0.4999999999999987232 ) ;
#4578 = EDGE_CURVE ( 'NONE', #5135, #7144, #2424, .T. ) ;
#4579 = VERTEX_POINT ( 'NONE', #575 ) ;
#4580 = CARTESIAN_POINT ( 'NONE',  ( -2.769364717132981379, -22.23528473947371964, 100.1000000000000227 ) ) ;
#4581 = EDGE_CURVE ( 'NONE', #6803, #11572, #1535, .T. ) ;
#4582 = EDGE_CURVE ( 'NONE', #8638, #7361, #10035, .T. ) ;
#4583 = VECTOR ( 'NONE', #6728, 1000.000000000000000 ) ;
#4584 = ORIENTED_EDGE ( 'NONE', *, *, #2496, .F. ) ;
#4585 = VERTEX_POINT ( 'NONE', #4216 ) ;
#4586 = CARTESIAN_POINT ( 'NONE',  ( 17.05368864071141743, 4.946311359288602993, 124.0604184152886518 ) ) ;
#4587 = CARTESIAN_POINT ( 'NONE',  ( -13.25000000000000178, 31.94302117641175442, 88.60000000000002274 ) ) ;
#4588 = CARTESIAN_POINT ( 'NONE',  ( 23.53921572489405634, 7.249999999999999112, 143.3489238107519839 ) ) ;
#4589 = EDGE_CURVE ( 'NONE', #9273, #3469, #2457, .T. ) ;
#4590 = CARTESIAN_POINT ( 'NONE',  ( 12.66611185142060059, 8.500000000000000000, 107.6000000000000085 ) ) ;
#4591 = CARTESIAN_POINT ( 'NONE',  ( -16.25000000000000000, 5.749999999999976019, 108.6000000000000085 ) ) ;
#4592 = EDGE_CURVE ( 'NONE', #5054, #11212, #1595, .T. ) ;
#4593 = AXIS2_PLACEMENT_3D ( 'NONE', #5720, #10096, #7255 ) ;
#4594 = CARTESIAN_POINT ( 'NONE',  ( -7.825668786308218827, 8.979965247428797426, 103.0356306489885299 ) ) ;
#4595 = EDGE_CURVE ( 'NONE', #906, #10681, #4761, .T. ) ;
#4596 = VERTEX_POINT ( 'NONE', #6045 ) ;
#4597 = ADVANCED_FACE ( 'NONE', ( #9654 ), #5992, .F. ) ;
#4598 = AXIS2_PLACEMENT_3D ( 'NONE', #1295, #4916, #8586 ) ;
#4599 = ORIENTED_EDGE ( 'NONE', *, *, #5280, .F. ) ;
#4600 = AXIS2_PLACEMENT_3D ( 'NONE', #3764, #1814, #5426 ) ;
#4601 = CARTESIAN_POINT ( 'NONE',  ( 6.188139824846661696, 9.056814802711064871, 105.4750000000000085 ) ) ;
#4602 = CARTESIAN_POINT ( 'NONE',  ( -15.50245131122050957, 27.00510791200582261, 163.0000000000001421 ) ) ;
#4603 = CARTESIAN_POINT ( 'NONE',  ( -1.499999999999999778, 13.99573097772450403, 102.3500000000000227 ) ) ;
#4604 = DIRECTION ( 'NONE',  ( 0.000000000000000000, 0.000000000000000000, -1.000000000000000000 ) ) ;
#4605 = DIRECTION ( 'NONE',  ( -0.5735764363510476027, 0.000000000000000000, -0.8191520442889907994 ) ) ;
#4606 = VECTOR ( 'NONE', #5621, 1000.000000000000000 ) ;
#4607 = EDGE_LOOP ( 'NONE', ( #11114, #7442, #1056, #7242 ) ) ;
#4608 = DIRECTION ( 'NONE',  ( 0.000000000000000000, 0.000000000000000000, 1.000000000000000000 ) ) ;
#4609 = EDGE_LOOP ( 'NONE', ( #4836, #8660, #476, #1300, #11478, #9886, #4519, #6583 ) ) ;
#4610 = CARTESIAN_POINT ( 'NONE',  ( 21.38830408857771559, 0.000000000000000000, 131.7771036446682729 ) ) ;
#4611 = CARTESIAN_POINT ( 'NONE',  ( 16.15036770282998901, 27.41782741283026681, 100.2845773967162870 ) ) ;
#4612 = VERTEX_POINT ( 'NONE', #1652 ) ;
#4613 = VERTEX_POINT ( 'NONE', #10062 ) ;
#4614 = CARTESIAN_POINT ( 'NONE',  ( 21.35344314932018506, 0.000000000000000000, 156.6000000000001933 ) ) ;
#4615 = LINE ( 'NONE', #3428, #7291 ) ;
#4616 = EDGE_CURVE ( 'NONE', #5984, #10701, #1328, .T. ) ;
#4617 = DIRECTION ( 'NONE',  ( 0.000000000000000000, 0.000000000000000000, 1.000000000000000000 ) ) ;
#4618 = EDGE_LOOP ( 'NONE', ( #2300, #4538, #4368, #9669 ) ) ;
#4619 = CARTESIAN_POINT ( 'NONE',  ( 3.280904698085021831, 13.84931918556190134, 104.0273594960557944 ) ) ;
#4620 = ORIENTED_EDGE ( 'NONE', *, *, #4303, .T. ) ;
#4621 = DIRECTION ( 'NONE',  ( 0.000000000000000000, 0.000000000000000000, -1.000000000000000000 ) ) ;
#4622 = CARTESIAN_POINT ( 'NONE',  ( -8.237370610782004832, 9.993025295517696804, 104.7466662329552634 ) ) ;
#4623 = ORIENTED_EDGE ( 'NONE', *, *, #8824, .T. ) ;
#4624 = AXIS2_PLACEMENT_3D ( 'NONE', #7677, #6731, #7437 ) ;
#4625 = CARTESIAN_POINT ( 'NONE',  ( -2.772796350906262308, 13.81018147003000784, 103.0549456840566762 ) ) ;
#4626 = LINE ( 'NONE', #11128, #2512 ) ;
#4627 = LINE ( 'NONE', #5395, #10057 ) ;
#4628 = VECTOR ( 'NONE', #3186, 1000.000000000000000 ) ;
#4629 = CARTESIAN_POINT ( 'NONE',  ( -19.74999999999973355, 0.000000000000000000, 132.9242565173703383 ) ) ;
#4630 = CIRCLE ( 'NONE', #3484, 1.549999999999995826 ) ;
#4631 = CARTESIAN_POINT ( 'NONE',  ( -7.993091209573401024, 8.500000000000000000, 105.2967907157005953 ) ) ;
#4632 = ORIENTED_EDGE ( 'NONE', *, *, #3058, .F. ) ;
#4633 = VERTEX_POINT ( 'NONE', #8226 ) ;
#4634 = CARTESIAN_POINT ( 'NONE',  ( 16.02250662042654028, 27.66859737364832839, 105.1785812560410847 ) ) ;
#4635 = EDGE_CURVE ( 'NONE', #3966, #5291, #7155, .T. ) ;
#4636 = CARTESIAN_POINT ( 'NONE',  ( 7.911710925221849600, 9.164483209790876828, 103.0356306489844940 ) ) ;
#4637 = ORIENTED_EDGE ( 'NONE', *, *, #5590, .F. ) ;
#4638 = CARTESIAN_POINT ( 'NONE',  ( 7.642920928337697539, 9.357079071662296244, 101.9639766375651533 ) ) ;
#4639 = PLANE ( 'NONE',  #783 ) ;
#4640 = VECTOR ( 'NONE', #1209, 1000.000000000000000 ) ;
#4641 = FACE_BOUND ( 'NONE', #10706, .T. ) ;
#4642 = LINE ( 'NONE', #4696, #3131 ) ;
#4643 = ORIENTED_EDGE ( 'NONE', *, *, #11381, .T. ) ;
#4644 = DIRECTION ( 'NONE',  ( -1.000000000000000000, 0.000000000000000000, 0.000000000000000000 ) ) ;
#4645 = VECTOR ( 'NONE', #6271, 1000.000000000000114 ) ;
#4646 = ORIENTED_EDGE ( 'NONE', *, *, #10497, .T. ) ;
#4647 = EDGE_LOOP ( 'NONE', ( #11377, #1320, #5911, #6829 ) ) ;
#4648 = DIRECTION ( 'NONE',  ( -0.9063077870366493816, 0.4226182617407005515, 0.000000000000000000 ) ) ;
#4649 = ADVANCED_FACE ( 'NONE', ( #6277 ), #1887, .F. ) ;
#4650 = CARTESIAN_POINT ( 'NONE',  ( -19.74999999999964473, 2.250000000000000444, 139.4242565173703667 ) ) ;
#4651 = CARTESIAN_POINT ( 'NONE',  ( -10.00000000000001066, 31.94302117641175442, 94.10000000000003695 ) ) ;
#4652 = CIRCLE ( 'NONE', #4465, 0.4999999999999865663 ) ;
#4653 = CARTESIAN_POINT ( 'NONE',  ( -15.95560520473883415, 26.79379878113547164, 104.8883279828647517 ) ) ;
#4654 = DIRECTION ( 'NONE',  ( 0.000000000000000000, 0.000000000000000000, 1.000000000000000000 ) ) ;
#4655 = CARTESIAN_POINT ( 'NONE',  ( -5.218841024098999526, 8.653447718566704694, 102.4397733212163786 ) ) ;
#4656 = VERTEX_POINT ( 'NONE', #5446 ) ;
#4657 = VERTEX_POINT ( 'NONE', #11597 ) ;
#4658 = CARTESIAN_POINT ( 'NONE',  ( 4.706313649554560996, 8.964247769167645430, 104.6643693510155231 ) ) ;
#4659 = CARTESIAN_POINT ( 'NONE',  ( -9.999999999999996447, 2.250000000000003997, 107.6000000000000085 ) ) ;
#4660 = CARTESIAN_POINT ( 'NONE',  ( -1.499999999999999334, 14.08714635609838339, 102.2766314021073271 ) ) ;
#4661 = CARTESIAN_POINT ( 'NONE',  ( 16.15036770283172274, 27.32231563747103209, 104.9422663175757151 ) ) ;
#4662 = CARTESIAN_POINT ( 'NONE',  ( -5.011595392956061268, 9.599092498560013453, 103.0235913868393709 ) ) ;
#4663 = CARTESIAN_POINT ( 'NONE',  ( -6.249999999999999112, 13.96768987689089769, 109.2687067062699384 ) ) ;
#4664 = ORIENTED_EDGE ( 'NONE', *, *, #10292, .T. ) ;
#4665 = LINE ( 'NONE', #2884, #4432 ) ;
#4666 = ADVANCED_FACE ( 'NONE', ( #9820 ), #1718, .F. ) ;
#4667 = EDGE_LOOP ( 'NONE', ( #2388, #8401, #8212, #1254, #2985, #9142 ) ) ;
#4668 = EDGE_CURVE ( 'NONE', #3163, #2714, #8165, .T. ) ;
#4669 = FACE_OUTER_BOUND ( 'NONE', #2860, .T. ) ;
#4670 = CARTESIAN_POINT ( 'NONE',  ( 8.652622945029635915, 9.249999999999996447, 102.6501833555522722 ) ) ;
#4671 = ORIENTED_EDGE ( 'NONE', *, *, #3794, .T. ) ;
#4672 = VERTEX_POINT ( 'NONE', #1776 ) ;
#4673 = LINE ( 'NONE', #4730, #45 ) ;
#4674 = CARTESIAN_POINT ( 'NONE',  ( 8.141100494668801701, 8.858899505330924740, 103.2164800570430003 ) ) ;
#4675 = CYLINDRICAL_SURFACE ( 'NONE', #7113, 1.999999999999974021 ) ;
#4676 = FACE_OUTER_BOUND ( 'NONE', #10576, .T. ) ;
#4677 = EDGE_LOOP ( 'NONE', ( #7754, #10737, #8904, #7558 ) ) ;
#4678 = FACE_OUTER_BOUND ( 'NONE', #9710, .T. ) ;
#4679 = CARTESIAN_POINT ( 'NONE',  ( -5.718692923687650698, 9.249999999999998224, 105.8565574216462579 ) ) ;
#4680 = ADVANCED_FACE ( 'NONE', ( #751 ), #6396, .F. ) ;
#4681 = EDGE_LOOP ( 'NONE', ( #4646, #5811, #8679, #7699 ) ) ;
#4682 = CARTESIAN_POINT ( 'NONE',  ( -15.95560520473883415, 26.79379878113547164, 104.8883279828647517 ) ) ;
#4683 = CARTESIAN_POINT ( 'NONE',  ( 5.897056625716454725, 9.707226289443649847, 105.3415671873447366 ) ) ;
#4684 = FACE_OUTER_BOUND ( 'NONE', #6178, .T. ) ;
#4685 = PLANE ( 'NONE',  #8132 ) ;
#4686 = CARTESIAN_POINT ( 'NONE',  ( -7.334684366208619188, 8.918467122433826333, 102.5579504388003755 ) ) ;
#4687 = ORIENTED_EDGE ( 'NONE', *, *, #9781, .F. ) ;
#4688 = FACE_OUTER_BOUND ( 'NONE', #1266, .T. ) ;
#4689 = VERTEX_POINT ( 'NONE', #5505 ) ;
#4690 = CARTESIAN_POINT ( 'NONE',  ( -16.25000000000000000, 2.250000000000000000, 109.8500000000000227 ) ) ;
#4691 = CARTESIAN_POINT ( 'NONE',  ( 6.067272365475337992, 9.049264428481951228, 102.2354747767969769 ) ) ;
#4692 = ORIENTED_EDGE ( 'NONE', *, *, #1518, .F. ) ;
#4693 = CARTESIAN_POINT ( 'NONE',  ( 16.44999999998817586, 2.250000000000000000, 154.5000000000001421 ) ) ;
#4694 = LINE ( 'NONE', #2790, #8937 ) ;
#4695 = CARTESIAN_POINT ( 'NONE',  ( -4.930608560842841825, 9.589203444992495662, 104.5410200598073658 ) ) ;
#4696 = CARTESIAN_POINT ( 'NONE',  ( -33.75000000000054001, 2.250000000000000000, 85.07409257229544153 ) ) ;
#4697 = EDGE_LOOP ( 'NONE', ( #1961, #2211, #8598, #3527 ) ) ;
#4698 = DIRECTION ( 'NONE',  ( 0.7409656452732892307, -0.000000000000000000, -0.6715429342378178568 ) ) ;
#4699 = FACE_OUTER_BOUND ( 'NONE', #4618, .T. ) ;
#4700 = ORIENTED_EDGE ( 'NONE', *, *, #4616, .T. ) ;
#4701 = ORIENTED_EDGE ( 'NONE', *, *, #2845, .T. ) ;
#4702 = CARTESIAN_POINT ( 'NONE',  ( -14.50221515314512644, 28.40939692359802748, 163.0000000000001421 ) ) ;
#4703 = CARTESIAN_POINT ( 'NONE',  ( -4.000000000000000888, 31.94302117641175442, 96.10000000000006537 ) ) ;
#4704 = LINE ( 'NONE', #7434, #11400 ) ;
#4705 = DIRECTION ( 'NONE',  ( 0.000000000000000000, 0.000000000000000000, -1.000000000000000000 ) ) ;
#4706 = CYLINDRICAL_SURFACE ( 'NONE', #1207, 2.000000000000001776 ) ;
#4707 = EDGE_CURVE ( 'NONE', #2183, #310, #2833, .T. ) ;
#4708 = ORIENTED_EDGE ( 'NONE', *, *, #2754, .T. ) ;
#4709 = EDGE_CURVE ( 'NONE', #3356, #5025, #9004, .T. ) ;
#4710 = ORIENTED_EDGE ( 'NONE', *, *, #9274, .T. ) ;
#4711 = CARTESIAN_POINT ( 'NONE',  ( 4.474131828178699699, 8.949743785633124560, 104.0627087894038141 ) ) ;
#4712 = CARTESIAN_POINT ( 'NONE',  ( -12.74999999999995559, 20.75294712637442984, 110.7729620231398115 ) ) ;
#4713 = AXIS2_PLACEMENT_3D ( 'NONE', #9567, #4957, #435 ) ;
#4714 = CARTESIAN_POINT ( 'NONE',  ( 19.74999999999964473, 7.249999999999999112, 141.4242565173703667 ) ) ;
#4715 = EDGE_CURVE ( 'NONE', #10659, #889, #4867, .T. ) ;
#4716 = CARTESIAN_POINT ( 'NONE',  ( -16.15036770282975453, 27.32231563746865532, 102.7577336824237193 ) ) ;
#4717 = DIRECTION ( 'NONE',  ( 0.000000000000000000, 0.000000000000000000, -1.000000000000000000 ) ) ;
#4718 = FACE_OUTER_BOUND ( 'NONE', #5680, .T. ) ;
#4719 = VECTOR ( 'NONE', #3200, 1000.000000000000000 ) ;
#4720 = AXIS2_PLACEMENT_3D ( 'NONE', #1647, #4374, #6569 ) ;
#4721 = ORIENTED_EDGE ( 'NONE', *, *, #3047, .F. ) ;
#4722 = DIRECTION ( 'NONE',  ( 0.9063077870366491595, -0.4226182617407008846, 0.000000000000000000 ) ) ;
#4723 = EDGE_LOOP ( 'NONE', ( #9166, #11369, #7185, #9032 ) ) ;
#4724 = CARTESIAN_POINT ( 'NONE',  ( 8.155797152265195749, 9.179730840277461112, 103.6897744007667939 ) ) ;
#4725 = CARTESIAN_POINT ( 'NONE',  ( 2.925841273052754321, 13.72368141587812396, 103.3835462971461823 ) ) ;
#4726 = VECTOR ( 'NONE', #8282, 1000.000000000000000 ) ;
#4727 = EDGE_LOOP ( 'NONE', ( #11302, #4408, #7213, #704, #7449, #588, #3620, #11490, #226 ) ) ;
#4728 = AXIS2_PLACEMENT_3D ( 'NONE', #6040, #2420, #9475 ) ;
#4729 = ORIENTED_EDGE ( 'NONE', *, *, #8187, .T. ) ;
#4730 = CARTESIAN_POINT ( 'NONE',  ( -14.44877779753427482, 30.36522652993525284, 103.8500000000000085 ) ) ;
#4731 = EDGE_CURVE ( 'NONE', #6745, #5332, #878, .T. ) ;
#4732 = PLANE ( 'NONE',  #10510 ) ;
#4733 = LINE ( 'NONE', #3783, #11474 ) ;
#4734 = DIRECTION ( 'NONE',  ( 1.000000000000000000, -0.000000000000000000, -4.827056628805024630E-15 ) ) ;
#4735 = EDGE_LOOP ( 'NONE', ( #2230, #6380, #1932, #8337 ) ) ;
#4736 = DIRECTION ( 'NONE',  ( -0.5865826283945189124, 0.6830537815141384250, -0.4351532507347422030 ) ) ;
#4737 = CARTESIAN_POINT ( 'NONE',  ( -7.928080595529920949, 9.249999999999998224, 102.0051847425944658 ) ) ;
#4738 = ORIENTED_EDGE ( 'NONE', *, *, #3412, .F. ) ;
#4739 = VECTOR ( 'NONE', #6596, 1000.000000000000000 ) ;
#4740 = CARTESIAN_POINT ( 'NONE',  ( -1.981684902302465412, 13.97504172103290188, 102.4285960369125661 ) ) ;
#4741 = CARTESIAN_POINT ( 'NONE',  ( -16.10352159634808089, 27.11100650659829725, 163.0000000000001421 ) ) ;
#4742 = DIRECTION ( 'NONE',  ( 0.000000000000000000, 0.000000000000000000, 1.000000000000000000 ) ) ;
#4743 = VERTEX_POINT ( 'NONE', #10765 ) ;
#4744 = CARTESIAN_POINT ( 'NONE',  ( 7.839996671820104623, 9.160003342024964468, 102.9412207654360287 ) ) ;
#4745 = EDGE_CURVE ( 'NONE', #10683, #6205, #10892, .T. ) ;
#4746 = VECTOR ( 'NONE', #9039, 1000.000000000000000 ) ;
#4747 = CARTESIAN_POINT ( 'NONE',  ( -5.218841024098999526, 8.653447718566704694, 102.4397733212163786 ) ) ;
#4748 = VERTEX_POINT ( 'NONE', #992 ) ;
#4749 = CARTESIAN_POINT ( 'NONE',  ( -12.74999999999995559, 13.96768987689089769, 109.2687067062699384 ) ) ;
#4750 = ORIENTED_EDGE ( 'NONE', *, *, #2268, .T. ) ;
#4751 = DIRECTION ( 'NONE',  ( -1.000000000000000000, 0.000000000000000000, -0.000000000000000000 ) ) ;
#4752 = CARTESIAN_POINT ( 'NONE',  ( 6.583136539102238061, 8.500000000000000000, 101.9642567196937790 ) ) ;
#4753 = ORIENTED_EDGE ( 'NONE', *, *, #11188, .T. ) ;
#4754 = CARTESIAN_POINT ( 'NONE',  ( -18.11169591142183677, 0.000000000000000000, 125.5714093900724464 ) ) ;
#4755 = CARTESIAN_POINT ( 'NONE',  ( -2.923389366950810864, 13.47369780403796824, 104.3333229803988615 ) ) ;
#4756 = CARTESIAN_POINT ( 'NONE',  ( -5.896728142541839190, 9.707185419898511469, 105.3416600815604767 ) ) ;
#4757 = DIRECTION ( 'NONE',  ( 0.000000000000000000, 1.000000000000000000, 0.000000000000000000 ) ) ;
#4758 = ORIENTED_EDGE ( 'NONE', *, *, #10957, .T. ) ;
#4759 = LINE ( 'NONE', #6314, #10999 ) ;
#4760 = CYLINDRICAL_SURFACE ( 'NONE', #3580, 2.000000000000001776 ) ;
#4761 = CIRCLE ( 'NONE', #2472, 1.624999999999999112 ) ;
#4762 = AXIS2_PLACEMENT_3D ( 'NONE', #5888, #7783, #6777 ) ;
#4763 = VECTOR ( 'NONE', #7426, 1000.000000000000000 ) ;
#4764 = ORIENTED_EDGE ( 'NONE', *, *, #2105, .T. ) ;
#4765 = AXIS2_PLACEMENT_3D ( 'NONE', #10786, #654, #6124 ) ;
#4766 = ORIENTED_EDGE ( 'NONE', *, *, #7335, .T. ) ;
#4767 = LINE ( 'NONE', #11152, #7789 ) ;
#4768 = AXIS2_PLACEMENT_3D ( 'NONE', #11668, #890, #7300 ) ;
#4769 = CARTESIAN_POINT ( 'NONE',  ( 21.38830408857782928, 2.250000000000000444, 123.2771036446682871 ) ) ;
#4770 = CARTESIAN_POINT ( 'NONE',  ( 15.95560520473883415, 26.79379878113547164, 104.8883279828647517 ) ) ;
#4771 = DIRECTION ( 'NONE',  ( -0.8660254037844437036, 0.000000000000000000, -0.4999999999999912847 ) ) ;
#4772 = DIRECTION ( 'NONE',  ( 0.000000000000000000, 1.000000000000000000, 0.000000000000000000 ) ) ;
#4773 = EDGE_LOOP ( 'NONE', ( #2117, #1353, #478, #1639, #6585 ) ) ;
#4774 = AXIS2_PLACEMENT_3D ( 'NONE', #1716, #6109, #2493 ) ;
#4775 = VERTEX_POINT ( 'NONE', #4499 ) ;
#4776 = EDGE_CURVE ( 'NONE', #5343, #9059, #11655, .T. ) ;
#4777 = CARTESIAN_POINT ( 'NONE',  ( 6.188139824846669690, 9.056814802711070200, 102.2250000000000085 ) ) ;
#4778 = DIRECTION ( 'NONE',  ( 6.608470384673549052E-16, -1.000000000000000000, 0.000000000000000000 ) ) ;
#4779 = CYLINDRICAL_SURFACE ( 'NONE', #799, 2.000000000000001776 ) ;
#4780 = EDGE_CURVE ( 'NONE', #659, #9832, #2657, .T. ) ;
#4781 = CARTESIAN_POINT ( 'NONE',  ( 23.53921572489434411, 0.000000000000000000, 117.8489238107520265 ) ) ;
#4782 = DIRECTION ( 'NONE',  ( -0.9063077870366486044, -0.4226182617407023279, 0.000000000000000000 ) ) ;
#4783 = DIRECTION ( 'NONE',  ( 0.000000000000000000, -1.000000000000000000, 0.000000000000000000 ) ) ;
#4784 = DIRECTION ( 'NONE',  ( 0.000000000000000000, 0.000000000000000000, -1.000000000000000000 ) ) ;
#4785 = VECTOR ( 'NONE', #2993, 1000.000000000000114 ) ;
#4786 = LINE ( 'NONE', #11230, #6722 ) ;
#4787 = VERTEX_POINT ( 'NONE', #8107 ) ;
#4788 = DIRECTION ( 'NONE',  ( 0.000000000000000000, -0.000000000000000000, 1.000000000000000000 ) ) ;
#4789 = CARTESIAN_POINT ( 'NONE',  ( 2.593775476131727764, 13.87116735463716388, 102.8232410232344023 ) ) ;
#4790 = ORIENTED_EDGE ( 'NONE', *, *, #5494, .F. ) ;
#4791 = CIRCLE ( 'NONE', #2515, 1.000000000000014655 ) ;
#4792 = AXIS2_PLACEMENT_3D ( 'NONE', #7524, #8736, #11508 ) ;
#4793 = ORIENTED_EDGE ( 'NONE', *, *, #8444, .F. ) ;
#4794 = LINE ( 'NONE', #8406, #11403 ) ;
#4795 = CARTESIAN_POINT ( 'NONE',  ( 15.86167683370010373, 27.77546953098697813, 163.0000000000001421 ) ) ;
#4796 = VECTOR ( 'NONE', #5519, 1000.000000000000000 ) ;
#4797 = CARTESIAN_POINT ( 'NONE',  ( 3.223945270323406387, 13.77279072187032760, 104.3725570880015709 ) ) ;
#4798 = ORIENTED_EDGE ( 'NONE', *, *, #1685, .F. ) ;
#4799 = EDGE_CURVE ( 'NONE', #6701, #3922, #11, .T. ) ;
#4800 = CARTESIAN_POINT ( 'NONE',  ( -26.50000000000052935, 2.250000000000000000, 119.8000000000000398 ) ) ;
#4801 = CARTESIAN_POINT ( 'NONE',  ( -8.118830556991170511, 9.978549142720904541, 104.8872316894343300 ) ) ;
#4802 = ORIENTED_EDGE ( 'NONE', *, *, #10459, .T. ) ;
#4803 = AXIS2_PLACEMENT_3D ( 'NONE', #2399, #10566, #5963 ) ;
#4804 = CARTESIAN_POINT ( 'NONE',  ( -2.890801720473202163, 13.45299007592105589, 104.4119965184909091 ) ) ;
#4805 = EDGE_CURVE ( 'NONE', #5640, #3503, #8412, .T. ) ;
#4806 = CARTESIAN_POINT ( 'NONE',  ( 29.37500000000054357, 2.250000000000000000, 84.90000000000000568 ) ) ;
#4807 = CARTESIAN_POINT ( 'NONE',  ( 8.118830556991140313, 9.978549142720773091, 102.8127683105657297 ) ) ;
#4808 = ORIENTED_EDGE ( 'NONE', *, *, #3806, .F. ) ;
#4809 = DIRECTION ( 'NONE',  ( 1.119176436114068839E-16, -1.000000000000000000, 0.000000000000000000 ) ) ;
#4810 = CARTESIAN_POINT ( 'NONE',  ( -5.394761162547894173, 8.500000000000000000, 105.9275463720517791 ) ) ;
#4811 = ORIENTED_EDGE ( 'NONE', *, *, #4560, .T. ) ;
#4812 = EDGE_CURVE ( 'NONE', #6273, #7834, #4913, .T. ) ;
#4813 = CYLINDRICAL_SURFACE ( 'NONE', #7021, 2.000000000000001776 ) ;
#4814 = VERTEX_POINT ( 'NONE', #5750 ) ;
#4815 = VECTOR ( 'NONE', #5617, 1000.000000000000000 ) ;
#4816 = CARTESIAN_POINT ( 'NONE',  ( 26.50000000000052935, 0.000000000000000000, 87.60000000000000853 ) ) ;
#4817 = EDGE_CURVE ( 'NONE', #2194, #9317, #9299, .T. ) ;
#4818 = CARTESIAN_POINT ( 'NONE',  ( 6.446077249974372592, 8.499999999999996447, 101.9520223243003585 ) ) ;
#4819 = EDGE_LOOP ( 'NONE', ( #2459, #9910, #1665, #2037 ) ) ;
#4820 = DIRECTION ( 'NONE',  ( 4.956352788505160310E-16, 0.000000000000000000, -1.000000000000000000 ) ) ;
#4821 = CARTESIAN_POINT ( 'NONE',  ( -3.000000000000001332, 13.62675477252531486, 103.7518246806501878 ) ) ;
#4822 = CARTESIAN_POINT ( 'NONE',  ( -7.077257536995221976, 9.851351566466894027, 105.4347820389616430 ) ) ;
#4823 = LINE ( 'NONE', #9201, #460 ) ;
#4824 = ORIENTED_EDGE ( 'NONE', *, *, #2707, .T. ) ;
#4825 = EDGE_CURVE ( 'NONE', #2251, #8075, #2859, .T. ) ;
#4826 = FACE_OUTER_BOUND ( 'NONE', #1740, .T. ) ;
#4827 = VECTOR ( 'NONE', #8080, 1000.000000000000000 ) ;
#4828 = ORIENTED_EDGE ( 'NONE', *, *, #4410, .T. ) ;
#4829 = EDGE_LOOP ( 'NONE', ( #10854, #395, #5066, #3815 ) ) ;
#4830 = DIRECTION ( 'NONE',  ( -0.000000000000000000, -1.000000000000000000, -0.000000000000000000 ) ) ;
#4831 = CIRCLE ( 'NONE', #4076, 1.549999999999995826 ) ;
#4832 = DIRECTION ( 'NONE',  ( 0.000000000000000000, 0.000000000000000000, -1.000000000000000000 ) ) ;
#4833 = CARTESIAN_POINT ( 'NONE',  ( 15.41186973489424616, 26.49565783525326879, 102.4777333278947964 ) ) ;
#4834 = CARTESIAN_POINT ( 'NONE',  ( -33.75000000000054001, 2.250000000000000000, 79.62590742770457553 ) ) ;
#4835 = CARTESIAN_POINT ( 'NONE',  ( -12.74999999999995204, 9.716194508350262993, 138.8414722278378690 ) ) ;
#4836 = ORIENTED_EDGE ( 'NONE', *, *, #270, .T. ) ;
#4837 =( BOUNDED_CURVE ( )  B_SPLINE_CURVE ( 3, ( #8270, #10715, #2601, #8947 ),
 .UNSPECIFIED., .F., .F. ) 
 B_SPLINE_CURVE_WITH_KNOTS ( ( 4, 4 ),
 ( 3.141592653589793116, 4.712388980384689674 ),
 .UNSPECIFIED. ) 
 CURVE ( )  GEOMETRIC_REPRESENTATION_ITEM ( )  RATIONAL_B_SPLINE_CURVE ( ( 1.000000000000000000, 0.8047378541243649375, 0.8047378541243649375, 1.000000000000000000 ) ) 
 REPRESENTATION_ITEM ( '' )  );
#4838 = ORIENTED_EDGE ( 'NONE', *, *, #892, .T. ) ;
#4839 = CARTESIAN_POINT ( 'NONE',  ( 17.44999999998816875, 0.000000000000000000, 154.5000000000001705 ) ) ;
#4840 = CARTESIAN_POINT ( 'NONE',  ( 4.873123496671355248, 9.582191215817555729, 103.2750407455527437 ) ) ;
#4841 = VECTOR ( 'NONE', #1363, 1000.000000000000000 ) ;
#4842 = DIRECTION ( 'NONE',  ( -1.000000000000000000, 0.000000000000000000, 0.000000000000000000 ) ) ;
#4843 = CARTESIAN_POINT ( 'NONE',  ( -8.040356044272437330, 8.959643964498440027, 104.3240892936902640 ) ) ;
#4844 = EDGE_LOOP ( 'NONE', ( #10538, #9033, #6793, #1602 ) ) ;
#4845 = LINE ( 'NONE', #3007, #67 ) ;
#4846 = ORIENTED_EDGE ( 'NONE', *, *, #7456, .F. ) ;
#4847 = FACE_BOUND ( 'NONE', #839, .T. ) ;
#4848 = CARTESIAN_POINT ( 'NONE',  ( 2.881631501260065065, 13.44716286735739175, 104.4341353860851740 ) ) ;
#4849 = VERTEX_POINT ( 'NONE', #329 ) ;
#4850 = EDGE_CURVE ( 'NONE', #5465, #2413, #393, .T. ) ;
#4851 = VERTEX_POINT ( 'NONE', #1236 ) ;
#4852 = DIRECTION ( 'NONE',  ( 0.000000000000000000, 0.000000000000000000, -1.000000000000000000 ) ) ;
#4853 = CARTESIAN_POINT ( 'NONE',  ( 4.999999999999990230, 2.250000000000000444, 94.43550806100924433 ) ) ;
#4854 = DIRECTION ( 'NONE',  ( 1.000000000000000000, 0.000000000000000000, 0.000000000000000000 ) ) ;
#4855 = EDGE_CURVE ( 'NONE', #8415, #5742, #6456, .T. ) ;
#4856 = CARTESIAN_POINT ( 'NONE',  ( -13.93168049979518130, 27.18588141109855272, 105.2915703243338470 ) ) ;
#4857 = ORIENTED_EDGE ( 'NONE', *, *, #8408, .F. ) ;
#4858 = DIRECTION ( 'NONE',  ( -0.7071067811865481278, -0.000000000000000000, -0.7071067811865469066 ) ) ;
#4859 = CARTESIAN_POINT ( 'NONE',  ( -4.262820717031377882, 9.249999999999998224, 103.6183313345318169 ) ) ;
#4860 = ORIENTED_EDGE ( 'NONE', *, *, #2331, .F. ) ;
#4861 = CARTESIAN_POINT ( 'NONE',  ( -2.992576361714628597, 13.64014903116852828, 103.7009362609384340 ) ) ;
#4862 = DIRECTION ( 'NONE',  ( 0.9063077870366470501, 0.4226182617407058806, 0.000000000000000000 ) ) ;
#4863 = VERTEX_POINT ( 'NONE', #6629 ) ;
#4864 = CARTESIAN_POINT ( 'NONE',  ( 8.237370610781965752, 9.993025295517551143, 102.9533337670447963 ) ) ;
#4865 = ORIENTED_EDGE ( 'NONE', *, *, #4410, .F. ) ;
#4866 = ADVANCED_FACE ( 'NONE', ( #9360 ), #10302, .T. ) ;
#4867 = B_SPLINE_CURVE_WITH_KNOTS ( 'NONE', 3,
 ( #7285, #11710, #6452, #8944, #1833, #3493 ),
 .UNSPECIFIED., .F., .F.,
 ( 4, 2, 4 ),
 ( 0.4539378572308976345, 0.4769689286154488173, 0.5000000000000000000 ),
 .UNSPECIFIED. ) ;
#4868 = CARTESIAN_POINT ( 'NONE',  ( -5.559570702231820150, 8.696125725194818301, 102.3079948524859475 ) ) ;
#4869 = VERTEX_POINT ( 'NONE', #11068 ) ;
#4870 = ADVANCED_FACE ( 'NONE', ( #2901 ), #9180, .F. ) ;
#4871 = CARTESIAN_POINT ( 'NONE',  ( 26.50000000000052935, 0.000000000000000000, 119.8000000000000398 ) ) ;
#4872 = ORIENTED_EDGE ( 'NONE', *, *, #11585, .T. ) ;
#4873 = CARTESIAN_POINT ( 'NONE',  ( -19.74999999999964473, 7.249999999999999112, 141.4242565173703667 ) ) ;
#4874 = CARTESIAN_POINT ( 'NONE',  ( 8.296240968397308180, 8.499999999999996447, 103.2384425154164660 ) ) ;
#4875 = ORIENTED_EDGE ( 'NONE', *, *, #8906, .F. ) ;
#4876 = LINE ( 'NONE', #5583, #7409 ) ;
#4877 = DIRECTION ( 'NONE',  ( 0.000000000000000000, 1.000000000000000000, 0.000000000000000000 ) ) ;
#4878 = CARTESIAN_POINT ( 'NONE',  ( -2.692661133401070384, 13.84174841168908721, 102.9350148557459619 ) ) ;
#4879 = CARTESIAN_POINT ( 'NONE',  ( 29.37500000000054357, 1.250000000000004885, 83.90000000000000568 ) ) ;
#4880 = DIRECTION ( 'NONE',  ( -0.4226182617407017728, 0.9063077870366489375, 0.000000000000000000 ) ) ;
#4881 = ORIENTED_EDGE ( 'NONE', *, *, #6189, .T. ) ;
#4882 = CARTESIAN_POINT ( 'NONE',  ( -19.74999999999982236, 7.249999999999999112, 124.4242565173703525 ) ) ;
#4883 = VERTEX_POINT ( 'NONE', #2962 ) ;
#4884 = ADVANCED_FACE ( 'NONE', ( #1054 ), #10123, .T. ) ;
#4885 = B_SPLINE_CURVE_WITH_KNOTS ( 'NONE', 3,
 ( #11003, #9355, #1231, #5800, #4674, #1287, #2894, #10118, #2009, #5622 ),
 .UNSPECIFIED., .F., .F.,
 ( 4, 2, 2, 2, 4 ),
 ( 0.000000000000000000, 0.0003033170685280900999, 0.0006066341370561801997, 0.0009099512055842702996, 0.001213268274112360399 ),
 .UNSPECIFIED. ) ;
#4886 = ORIENTED_EDGE ( 'NONE', *, *, #4799, .F. ) ;
#4887 = FACE_OUTER_BOUND ( 'NONE', #7271, .T. ) ;
#4888 = CARTESIAN_POINT ( 'NONE',  ( 19.74999999999964473, 2.250000000000000444, 139.4242565173703667 ) ) ;
#4889 = CARTESIAN_POINT ( 'NONE',  ( 15.87753361774307059, 26.66761576680071855, 102.7902020575608617 ) ) ;
#4890 = DIRECTION ( 'NONE',  ( 1.000000000000000000, -0.000000000000000000, 0.000000000000000000 ) ) ;
#4891 = DIRECTION ( 'NONE',  ( -0.000000000000000000, -1.000000000000000000, 0.000000000000000000 ) ) ;
#4892 = EDGE_LOOP ( 'NONE', ( #372, #6658, #4004, #6784 ) ) ;
#4893 = ADVANCED_FACE ( 'NONE', ( #4678 ), #2013, .F. ) ;
#4894 = ORIENTED_EDGE ( 'NONE', *, *, #1281, .F. ) ;
#4895 = EDGE_CURVE ( 'NONE', #1574, #1139, #11182, .T. ) ;
#4896 = DIRECTION ( 'NONE',  ( 0.4999999999999879541, 0.000000000000000000, -0.8660254037844455910 ) ) ;
#4897 = CARTESIAN_POINT ( 'NONE',  ( 7.749999999999998224, 5.250000000000002665, 163.0000000000001421 ) ) ;
#4898 = CARTESIAN_POINT ( 'NONE',  ( -15.65036770282975453, 27.32231563746865177, 163.0000000000001421 ) ) ;
#4899 = CARTESIAN_POINT ( 'NONE',  ( -7.235500201974478074, 9.764499798025520150, 102.2060498073515618 ) ) ;
#4900 = ORIENTED_EDGE ( 'NONE', *, *, #9850, .F. ) ;
#4901 = CARTESIAN_POINT ( 'NONE',  ( 16.25000000000000000, 5.750000000000031974, 108.6000000000000227 ) ) ;
#4902 = VERTEX_POINT ( 'NONE', #4026 ) ;
#4903 = FACE_BOUND ( 'NONE', #3278, .T. ) ;
#4904 = CARTESIAN_POINT ( 'NONE',  ( 2.950631478578867650, 13.50005567595721168, 104.2332076023341187 ) ) ;
#4905 = ORIENTED_EDGE ( 'NONE', *, *, #11248, .F. ) ;
#4906 = ORIENTED_EDGE ( 'NONE', *, *, #9908, .F. ) ;
#4907 = CARTESIAN_POINT ( 'NONE',  ( 13.49999999999999112, 0.000000000000000000, 89.43550806100927275 ) ) ;
#4908 = CARTESIAN_POINT ( 'NONE',  ( -15.29114218035016037, 26.55195401848749981, 105.2915703243338470 ) ) ;
#4909 = AXIS2_PLACEMENT_3D ( 'NONE', #8592, #3149, #6810 ) ;
#4910 = CARTESIAN_POINT ( 'NONE',  ( -1.249999999999999778, 9.749999999999998224, 127.2934762997707310 ) ) ;
#4911 = CARTESIAN_POINT ( 'NONE',  ( -6.000000000000000888, 0.000000000000000000, 96.10000000000006537 ) ) ;
#4912 = EDGE_LOOP ( 'NONE', ( #1935, #4113, #2974, #5252 ) ) ;
#4913 = LINE ( 'NONE', #10354, #9094 ) ;
#4914 = CARTESIAN_POINT ( 'NONE',  ( -8.329860813852020485, 9.249999999999998224, 105.4083086045746285 ) ) ;
#4915 = ORIENTED_EDGE ( 'NONE', *, *, #2709, .T. ) ;
#4916 = DIRECTION ( 'NONE',  ( 1.000000000000000000, -0.000000000000000000, 0.000000000000000000 ) ) ;
#4917 = ORIENTED_EDGE ( 'NONE', *, *, #8502, .T. ) ;
#4918 = VECTOR ( 'NONE', #7853, 1000.000000000000000 ) ;
#4919 = CARTESIAN_POINT ( 'NONE',  ( 7.203110206153018780, 9.866721053446838141, 102.2924204820439087 ) ) ;
#4920 = VECTOR ( 'NONE', #2371, 1000.000000000000000 ) ;
#4921 = VERTEX_POINT ( 'NONE', #7642 ) ;
#4922 = CARTESIAN_POINT ( 'NONE',  ( -16.19605640517136891, 21.45637587167328419, 101.6292980926327516 ) ) ;
#4923 = DIRECTION ( 'NONE',  ( 0.2164396139381088990, 3.232197279591666135E-17, 0.9762960071199320300 ) ) ;
#4924 = AXIS2_PLACEMENT_3D ( 'NONE', #3514, #5467, #10849 ) ;
#4925 = VERTEX_POINT ( 'NONE', #5626 ) ;
#4926 = EDGE_CURVE ( 'NONE', #10153, #8898, #153, .T. ) ;
#4927 = LINE ( 'NONE', #10366, #4719 ) ;
#4928 = CARTESIAN_POINT ( 'NONE',  ( 8.191335987641696903, 8.500000000000000000, 103.0089082616054412 ) ) ;
#4929 = ORIENTED_EDGE ( 'NONE', *, *, #4193, .F. ) ;
#4930 = LINE ( 'NONE', #1307, #5718 ) ;
#4931 = EDGE_CURVE ( 'NONE', #310, #6120, #1108, .T. ) ;
#4932 = CARTESIAN_POINT ( 'NONE',  ( 7.499999999988182786, 2.250000000000000000, 163.0000000000001421 ) ) ;
#4933 = CARTESIAN_POINT ( 'NONE',  ( -2.414985144263543937, 13.91483589128784537, 102.6573388666053006 ) ) ;
#4934 = CARTESIAN_POINT ( 'NONE',  ( -6.922989955523839889, 9.832512528465500168, 105.4583850584610332 ) ) ;
#4935 = DIRECTION ( 'NONE',  ( 0.000000000000000000, 0.000000000000000000, 1.000000000000000000 ) ) ;
#4936 = ORIENTED_EDGE ( 'NONE', *, *, #2604, .T. ) ;
#4937 = EDGE_CURVE ( 'NONE', #8489, #9457, #759, .T. ) ;
#4938 = CARTESIAN_POINT ( 'NONE',  ( 18.11169591142203217, 0.000000000000000000, 108.5714093900724748 ) ) ;
#4939 = VECTOR ( 'NONE', #2263, 1000.000000000000000 ) ;
#4940 = ORIENTED_EDGE ( 'NONE', *, *, #944, .F. ) ;
#4941 = EDGE_LOOP ( 'NONE', ( #2122, #960, #6864, #10264 ) ) ;
#4942 = CARTESIAN_POINT ( 'NONE',  ( -3.358391833210450539, 0.000000000000000000, 150.5000000000000000 ) ) ;
#4943 = EDGE_CURVE ( 'NONE', #5135, #8359, #215, .T. ) ;
#4944 = FACE_OUTER_BOUND ( 'NONE', #2903, .T. ) ;
#4945 = VECTOR ( 'NONE', #814, 1000.000000000000227 ) ;
#4946 = CARTESIAN_POINT ( 'NONE',  ( -7.022190120996684826, 9.844623654343823915, 102.2560661939171212 ) ) ;
#4947 = FACE_OUTER_BOUND ( 'NONE', #246, .T. ) ;
#4948 = EDGE_CURVE ( 'NONE', #4902, #302, #2410, .T. ) ;
#4949 = CARTESIAN_POINT ( 'NONE',  ( -4.659085447609588648, 8.583335680383092026, 104.8412339063022358 ) ) ;
#4950 = VERTEX_POINT ( 'NONE', #10471 ) ;
#4951 = VECTOR ( 'NONE', #8360, 1000.000000000000000 ) ;
#4952 = VECTOR ( 'NONE', #10383, 999.9999999999998863 ) ;
#4953 = LINE ( 'NONE', #10612, #4189 ) ;
#4954 = EDGE_CURVE ( 'NONE', #2918, #6388, #5145, .T. ) ;
#4955 = CARTESIAN_POINT ( 'NONE',  ( 4.783857206541538787, 9.571282885274868590, 103.5408511085070842 ) ) ;
#4956 = EDGE_CURVE ( 'NONE', #9535, #5186, #11520, .T. ) ;
#4957 = DIRECTION ( 'NONE',  ( -0.4226182617407010511, 0.9063077870366493816, 1.110223024625156540E-16 ) ) ;
#4958 = CARTESIAN_POINT ( 'NONE',  ( -7.696473829994619820, 9.303526170005380180, 101.9403831884977336 ) ) ;
#4959 = EDGE_LOOP ( 'NONE', ( #6326, #3704, #1111, #8388 ) ) ;
#4960 = VECTOR ( 'NONE', #1972, 1000.000000000000000 ) ;
#4961 = CARTESIAN_POINT ( 'NONE',  ( -17.44999999998816875, 2.250000000000000000, 156.6000000000001933 ) ) ;
#4962 = EDGE_CURVE ( 'NONE', #1992, #886, #3418, .T. ) ;
#4963 = EDGE_LOOP ( 'NONE', ( #4029, #7114, #10227, #898 ) ) ;
#4964 = CARTESIAN_POINT ( 'NONE',  ( -1.035238203405513281E-15, 9.249999999999998224, 163.0000000000001421 ) ) ;
#4965 = CARTESIAN_POINT ( 'NONE',  ( 2.993181122378159031, 13.63852152128110085, 103.7071193564316616 ) ) ;
#4966 = EDGE_CURVE ( 'NONE', #6848, #10346, #6461, .T. ) ;
#4967 = VERTEX_POINT ( 'NONE', #450 ) ;
#4968 = ORIENTED_EDGE ( 'NONE', *, *, #6023, .T. ) ;
#4969 = LINE ( 'NONE', #3241, #8190 ) ;
#4970 = CARTESIAN_POINT ( 'NONE',  ( 19.75000000000000000, 2.250000000000000444, 107.4242565173703667 ) ) ;
#4971 = CIRCLE ( 'NONE', #6477, 0.4999999999999865663 ) ;
#4972 = CYLINDRICAL_SURFACE ( 'NONE', #2167, 0.5000000000000004441 ) ;
#4973 = EDGE_LOOP ( 'NONE', ( #10112, #7308, #6141, #6713 ) ) ;
#4974 = CARTESIAN_POINT ( 'NONE',  ( 21.38830408857799270, 2.250000000000000444, 106.2771036446682871 ) ) ;
#4975 = CARTESIAN_POINT ( 'NONE',  ( 19.75000000000000000, 0.000000000000000000, 107.4242565173703667 ) ) ;
#4976 = ORIENTED_EDGE ( 'NONE', *, *, #6369, .F. ) ;
#4977 = CARTESIAN_POINT ( 'NONE',  ( -1.695680585130463935, 13.20609337518155790, 105.3500000000000085 ) ) ;
#4978 = ORIENTED_EDGE ( 'NONE', *, *, #6984, .T. ) ;
#4979 = VECTOR ( 'NONE', #6310, 1000.000000000000000 ) ;
#4980 = CARTESIAN_POINT ( 'NONE',  ( 5.398489071052922306, 9.646340089742265533, 105.0750385569834009 ) ) ;
#4981 = VERTEX_POINT ( 'NONE', #2465 ) ;
#4982 = AXIS2_PLACEMENT_3D ( 'NONE', #1143, #1984, #8381 ) ;
#4983 = B_SPLINE_CURVE_WITH_KNOTS ( 'NONE', 3,
 ( #1090, #2112, #10338, #3172, #4955, #1215, #9279, #4840, #6611, #6785, #3951, #4068, #11165, #7624, #7505, #11109, #3122, #3064, #5786, #7681, #2225, #10165, #3002, #6735, #9397, #375, #9451, #11279, #9565, #3462, #10450, #6069, #5961, #11397, #8733, #5127, #603, #1563, #5243, #6905, #7730, #1449, #8672, #5187, #4242, #6014, #8851, #3289, #10513, #2397, #11333, #2340, #5067, #540, #11453, #4179, #8622, #485, #7794, #9620, #9680, #8799, #1504, #7852, #3346, #6957, #10564, #2448, #660, #715 ),
 .UNSPECIFIED., .F., .F.,
 ( 4, 2, 2, 2, 2, 2, 2, 2, 2, 2, 1, 2, 2, 2, 1, 2, 2, 1, 2, 2, 2, 1, 2, 2, 2, 1, 1, 2, 2, 2, 2, 2, 2, 2, 1, 1, 2, 2, 4 ),
 ( 0.5000000000000000000, 0.5312500000000062172, 0.5625000000000123235, 0.5937500000000184297, 0.6093750000000214273, 0.6250000000000244249, 0.6562500000000246470, 0.6718750000000245359, 0.6875000000000245359, 0.7187500000000195399, 0.7343750000000190958, 0.7421875000000189848, 0.7500000000000188738, 0.7812500000000217604, 0.7968750000000217604, 0.8046875000000205391, 0.8125000000000193179, 0.8281250000000193179, 0.8359375000000192069, 0.8437500000000190958, 0.8593750000000167644, 0.8671875000000157652, 0.8710937500000153211, 0.8750000000000149880, 0.8906250000000131006, 0.8984375000000121014, 0.9023437500000113243, 0.9042968750000113243, 0.9062500000000111022, 0.9218750000000096589, 0.9296875000000088818, 0.9335937500000082157, 0.9375000000000075495, 0.9531250000000048850, 0.9609375000000034417, 0.9648437500000027756, 0.9667968750000024425, 0.9687500000000021094, 1.000000000000000000 ),
 .UNSPECIFIED. ) ;
#4984 = EDGE_CURVE ( 'NONE', #3400, #11011, #6969, .T. ) ;
#4985 = VECTOR ( 'NONE', #2049, 1000.000000000000000 ) ;
#4986 = CARTESIAN_POINT ( 'NONE',  ( -4.281201779198280377, 8.536003960429937365, 104.0627087893834641 ) ) ;
#4987 = PLANE ( 'NONE',  #6783 ) ;
#4988 = AXIS2_PLACEMENT_3D ( 'NONE', #9759, #11354, #621 ) ;
#4989 = ORIENTED_EDGE ( 'NONE', *, *, #1871, .T. ) ;
#4990 = CARTESIAN_POINT ( 'NONE',  ( 4.708415594101734492, -5.689328911768953390, 103.8500000000000085 ) ) ;
#4991 = CARTESIAN_POINT ( 'NONE',  ( 6.446077249974364598, 8.500000000000000000, 105.7479776756996728 ) ) ;
#4992 = VERTEX_POINT ( 'NONE', #6801 ) ;
#4993 = CARTESIAN_POINT ( 'NONE',  ( 15.95560520473883415, 26.79379878113547164, 102.8116720171352512 ) ) ;
#4994 = DIRECTION ( 'NONE',  ( -0.4226182617407018283, 0.9063077870366490485, 0.000000000000000000 ) ) ;
#4995 = CARTESIAN_POINT ( 'NONE',  ( -2.676869003880223641, 14.17261011954944117, 102.5690883309614065 ) ) ;
#4996 = CARTESIAN_POINT ( 'NONE',  ( -6.309329699702525218, 9.757572396262329306, 105.4486509456434931 ) ) ;
#4997 = CARTESIAN_POINT ( 'NONE',  ( 29.37500000000054357, 1.250000000000012212, 126.6000000000000512 ) ) ;
#4998 = VERTEX_POINT ( 'NONE', #5202 ) ;
#4999 = CARTESIAN_POINT ( 'NONE',  ( 9.999999999999998224, 9.749999999999998224, 160.2014815911317100 ) ) ;
#5000 = VECTOR ( 'NONE', #5723, 1000.000000000000000 ) ;
#5001 = ADVANCED_FACE ( 'NONE', ( #1578 ), #11349, .F. ) ;
#5002 = ORIENTED_EDGE ( 'NONE', *, *, #7759, .T. ) ;
#5003 = CARTESIAN_POINT ( 'NONE',  ( 5.380970235501540522, 8.499999999999996447, 105.5559646272932923 ) ) ;
#5004 = ORIENTED_EDGE ( 'NONE', *, *, #462, .F. ) ;
#5005 = CARTESIAN_POINT ( 'NONE',  ( -1.500000000000001332, 4.499999999999997335, 109.8500000000000227 ) ) ;
#5006 = EDGE_CURVE ( 'NONE', #3163, #786, #11467, .T. ) ;
#5007 = CARTESIAN_POINT ( 'NONE',  ( 29.37500000000054357, 0.000000000000000000, 119.8000000000000682 ) ) ;
#5008 = VECTOR ( 'NONE', #5091, 1000.000000000000114 ) ;
#5009 = CARTESIAN_POINT ( 'NONE',  ( -6.714033537333921942, 9.806994827259018166, 102.2258714804688680 ) ) ;
#5010 = PLANE ( 'NONE',  #11060 ) ;
#5011 = PLANE ( 'NONE',  #1123 ) ;
#5012 = ORIENTED_EDGE ( 'NONE', *, *, #3707, .F. ) ;
#5013 = VECTOR ( 'NONE', #6234, 1000.000000000000114 ) ;
#5014 = ADVANCED_FACE ( 'NONE', ( #8748 ), #6860, .F. ) ;
#5015 = CARTESIAN_POINT ( 'NONE',  ( 21.38830408857765519, 2.250000000000000444, 140.2771036446683013 ) ) ;
#5016 = FACE_OUTER_BOUND ( 'NONE', #1561, .T. ) ;
#5017 = CARTESIAN_POINT ( 'NONE',  ( -8.250372394698095135, 8.749627605301887101, 104.3776071158445120 ) ) ;
#5018 = ORIENTED_EDGE ( 'NONE', *, *, #1623, .F. ) ;
#5019 = FACE_BOUND ( 'NONE', #1211, .T. ) ;
#5020 = ORIENTED_EDGE ( 'NONE', *, *, #2897, .T. ) ;
#5021 = LINE ( 'NONE', #8629, #5569 ) ;
#5023 = VECTOR ( 'NONE', #11207, 1000.000000000000000 ) ;
#5022 = DIRECTION ( 'NONE',  ( -0.000000000000000000, -1.000000000000000000, -0.000000000000000000 ) ) ;
#5024 = VERTEX_POINT ( 'NONE', #4974 ) ;
#5025 = VERTEX_POINT ( 'NONE', #6028 ) ;
#5026 = AXIS2_PLACEMENT_3D ( 'NONE', #7215, #4548, #7041 ) ;
#5027 = DIRECTION ( 'NONE',  ( 0.000000000000000000, 0.000000000000000000, -1.000000000000000000 ) ) ;
#5028 = DIRECTION ( 'NONE',  ( 0.4226182617407002184, -0.9063077870366494926, 0.000000000000000000 ) ) ;
#5029 = CARTESIAN_POINT ( 'NONE',  ( -26.00112609145443088, 0.000000000000000000, 148.0463266998052632 ) ) ;
#5030 = EDGE_LOOP ( 'NONE', ( #175, #4976, #5740, #7281, #1832, #10522, #682, #10503, #1698, #10693, #7519, #7930, #439, #3048, #381, #583, #10189, #8713, #4159, #285, #1580, #8376, #4279, #2969, #10573, #8352, #6758, #9714, #9791, #10672, #7804, #5210, #3032, #10642, #3110, #2912, #2190, #5982, #4500, #2744, #9770, #2501 ) ) ;
#5031 = CARTESIAN_POINT ( 'NONE',  ( 16.15036770282975453, 27.42420127523181250, 102.7103036013411668 ) ) ;
#5032 = ADVANCED_FACE ( 'NONE', ( #6921 ), #3360, .T. ) ;
#5033 = DIRECTION ( 'NONE',  ( 0.000000000000000000, -0.9762960071199324741, -0.2164396139381068729 ) ) ;
#5034 = EDGE_CURVE ( 'NONE', #889, #9581, #1309, .T. ) ;
#5035 = EDGE_LOOP ( 'NONE', ( #1261, #5118, #5198, #1843, #2829, #7486, #10295, #36, #254 ) ) ;
#5036 = CARTESIAN_POINT ( 'NONE',  ( 16.22516882465090049, 21.45637587167327709, 103.8500000000000085 ) ) ;
#5037 = EDGE_LOOP ( 'NONE', ( #9153, #9239, #10889, #6925 ) ) ;
#5038 = CARTESIAN_POINT ( 'NONE',  ( 5.070272582278441575, 9.249999999999996447, 105.4892070948357770 ) ) ;
#5039 = AXIS2_PLACEMENT_3D ( 'NONE', #10927, #6432, #1153 ) ;
#5040 = ORIENTED_EDGE ( 'NONE', *, *, #8755, .F. ) ;
#5041 = EDGE_CURVE ( 'NONE', #9469, #1107, #676, .T. ) ;
#5042 = CARTESIAN_POINT ( 'NONE',  ( -5.011587470450878712, 8.627488228965562556, 105.1420495611996415 ) ) ;
#5043 = EDGE_CURVE ( 'NONE', #9298, #6709, #11295, .T. ) ;
#5044 = LINE ( 'NONE', #4319, #1667 ) ;
#5045 = ORIENTED_EDGE ( 'NONE', *, *, #10001, .T. ) ;
#5046 = LINE ( 'NONE', #8652, #3398 ) ;
#5047 = DIRECTION ( 'NONE',  ( 0.000000000000000000, 0.000000000000000000, -1.000000000000000000 ) ) ;
#5048 = ORIENTED_EDGE ( 'NONE', *, *, #4205, .F. ) ;
#5049 = PLANE ( 'NONE',  #9310 ) ;
#5050 = DIRECTION ( 'NONE',  ( 0.000000000000000000, 0.000000000000000000, -1.000000000000000000 ) ) ;
#5051 = CARTESIAN_POINT ( 'NONE',  ( 6.650619760406499381, 9.799250096101264518, 105.4750592682886605 ) ) ;
#5052 = DIRECTION ( 'NONE',  ( 0.000000000000000000, 1.000000000000000000, 0.000000000000000000 ) ) ;
#5053 = DIRECTION ( 'NONE',  ( 0.000000000000000000, -1.000000000000000000, 0.000000000000000000 ) ) ;
#5054 = VERTEX_POINT ( 'NONE', #9637 ) ;
#5055 = CARTESIAN_POINT ( 'NONE',  ( -26.00112609145443088, 2.250000000000000000, 148.0463266998052632 ) ) ;
#5056 = ORIENTED_EDGE ( 'NONE', *, *, #2094, .F. ) ;
#5057 = CARTESIAN_POINT ( 'NONE',  ( 35.58213756747366574, 7.249999999999999112, 24.91488095035987271 ) ) ;
#5058 = CARTESIAN_POINT ( 'NONE',  ( -21.38830408857782572, 0.000000000000000000, 123.2771036446682729 ) ) ;
#5059 = ORIENTED_EDGE ( 'NONE', *, *, #1265, .T. ) ;
#5060 = FACE_OUTER_BOUND ( 'NONE', #1474, .T. ) ;
#5061 = CARTESIAN_POINT ( 'NONE',  ( -7.949834432432207443, 21.45637587167328419, 106.0466991411009019 ) ) ;
#5062 = DIRECTION ( 'NONE',  ( 1.360567432138672574E-16, -0.2164396139381068729, 0.9762960071199324741 ) ) ;
#5063 = CARTESIAN_POINT ( 'NONE',  ( -2.923172009450336617, 13.63229216386989862, 105.0063051283263178 ) ) ;
#5064 = CARTESIAN_POINT ( 'NONE',  ( 26.50000000000052935, 2.250000000000000000, 87.60000000000000853 ) ) ;
#5065 = EDGE_CURVE ( 'NONE', #10779, #10701, #1519, .T. ) ;
#5066 = ORIENTED_EDGE ( 'NONE', *, *, #9592, .F. ) ;
#5067 = CARTESIAN_POINT ( 'NONE',  ( 6.557448487322741215, 9.787874095520260553, 102.2266008788948000 ) ) ;
#5068 = EDGE_CURVE ( 'NONE', #3245, #5469, #3860, .T. ) ;
#5069 = DIRECTION ( 'NONE',  ( 0.000000000000000000, -1.000000000000000000, 0.000000000000000000 ) ) ;
#5070 = DIRECTION ( 'NONE',  ( 0.000000000000000000, 0.000000000000000000, 1.000000000000000000 ) ) ;
#5071 = LINE ( 'NONE', #543, #3736 ) ;
#5072 = EDGE_CURVE ( 'NONE', #5437, #4337, #734, .T. ) ;
#5073 = DIRECTION ( 'NONE',  ( 1.169076280688340587E-16, 0.000000000000000000, 1.000000000000000000 ) ) ;
#5074 = CARTESIAN_POINT ( 'NONE',  ( 43.56952484415417359, 7.249999999999999112, 30.50770973209207426 ) ) ;
#5075 = EDGE_CURVE ( 'NONE', #1192, #10330, #4363, .T. ) ;
#5076 = ORIENTED_EDGE ( 'NONE', *, *, #3935, .F. ) ;
#5077 = PRODUCT_DEFINITION_SHAPE ( 'NONE', 'NONE',  #6035 ) ;
#5078 = CARTESIAN_POINT ( 'NONE',  ( -5.856926626610433395, 8.500000000000000000, 106.0252528034335313 ) ) ;
#5079 = CARTESIAN_POINT ( 'NONE',  ( -19.75000000000000000, 2.250000000000000444, 107.4242565173703667 ) ) ;
#5080 = ADVANCED_FACE ( 'NONE', ( #2531 ), #9756, .F. ) ;
#5081 = ORIENTED_EDGE ( 'NONE', *, *, #5096, .T. ) ;
#5082 = ORIENTED_EDGE ( 'NONE', *, *, #3916, .T. ) ;
#5083 = EDGE_CURVE ( 'NONE', #2846, #9100, #7592, .T. ) ;
#5084 = LINE ( 'NONE', #5913, #2895 ) ;
#5085 = PLANE ( 'NONE',  #10319 ) ;
#5086 = LINE ( 'NONE', #8867, #5573 ) ;
#5087 = EDGE_LOOP ( 'NONE', ( #1186, #1724, #420, #7138 ) ) ;
#5088 = DIRECTION ( 'NONE',  ( -1.000000000000000000, 0.000000000000000000, -0.000000000000000000 ) ) ;
#5089 = LINE ( 'NONE', #452, #10777 ) ;
#5090 = ORIENTED_EDGE ( 'NONE', *, *, #1606, .F. ) ;
#5091 = DIRECTION ( 'NONE',  ( 0.6149751629055537627, -0.4935697499022553281, -0.6149751629055540958 ) ) ;
#5092 = EDGE_CURVE ( 'NONE', #8097, #3838, #8426, .T. ) ;
#5093 = ORIENTED_EDGE ( 'NONE', *, *, #3864, .T. ) ;
#5094 = CARTESIAN_POINT ( 'NONE',  ( 7.587885872350812022, 9.249999999999996447, 105.8553867060471703 ) ) ;
#5095 = ORIENTED_EDGE ( 'NONE', *, *, #11091, .T. ) ;
#5096 = EDGE_CURVE ( 'NONE', #10946, #2383, #9313, .T. ) ;
#5097 = CARTESIAN_POINT ( 'NONE',  ( -5.923879347533655526, 8.741757109182469065, 105.4645252232005390 ) ) ;
#5098 = DIRECTION ( 'NONE',  ( -0.000000000000000000, -1.000000000000000000, -0.000000000000000000 ) ) ;
#5099 = LINE ( 'NONE', #686, #5669 ) ;
#5100 = VERTEX_POINT ( 'NONE', #4749 ) ;
#5101 = CARTESIAN_POINT ( 'NONE',  ( 13.50000000000005329, 0.000000000000000000, 9.367506770274788287E-15 ) ) ;
#5102 = CARTESIAN_POINT ( 'NONE',  ( 4.491610505483968119, 8.499999999999996447, 104.8011722141592230 ) ) ;
#5103 = ORIENTED_EDGE ( 'NONE', *, *, #9969, .F. ) ;
#5104 = DIRECTION ( 'NONE',  ( 0.000000000000000000, -0.9762960071199324741, -0.2164396139381068174 ) ) ;
#5105 = VECTOR ( 'NONE', #2686, 1000.000000000000000 ) ;
#5106 = CARTESIAN_POINT ( 'NONE',  ( 6.249999999999998224, 12.88549180720036702, 114.1501867418696037 ) ) ;
#5107 = CARTESIAN_POINT ( 'NONE',  ( 6.813443824543842453, 9.819127401609549111, 105.4691873102126323 ) ) ;
#5108 = CIRCLE ( 'NONE', #1681, 3.749999999999999112 ) ;
#5109 = CYLINDRICAL_SURFACE ( 'NONE', #4774, 3.750000000000000000 ) ;
#5110 = CARTESIAN_POINT ( 'NONE',  ( 19.74999999999973355, 7.249999999999999112, 130.9242565173703667 ) ) ;
#5111 = VERTEX_POINT ( 'NONE', #11197 ) ;
#5112 = DIRECTION ( 'NONE',  ( 0.000000000000000000, 1.000000000000000000, 0.000000000000000000 ) ) ;
#5113 = EDGE_CURVE ( 'NONE', #8895, #8167, #6641, .T. ) ;
#5114 = AXIS2_PLACEMENT_3D ( 'NONE', #7953, #2443, #3395 ) ;
#5115 = VERTEX_POINT ( 'NONE', #8535 ) ;
#5116 = CARTESIAN_POINT ( 'NONE',  ( 7.237054339274874515, 8.500000000000000000, 105.5559646272933350 ) ) ;
#5117 = CARTESIAN_POINT ( 'NONE',  ( -5.000000000000000888, 31.94302117641175442, 94.10000000000003695 ) ) ;
#5118 = ORIENTED_EDGE ( 'NONE', *, *, #7425, .T. ) ;
#5119 = LINE ( 'NONE', #4055, #10244 ) ;
#5120 = DIRECTION ( 'NONE',  ( -0.4226182617407007736, -0.9063077870366492705, -0.000000000000000000 ) ) ;
#5121 = AXIS2_PLACEMENT_3D ( 'NONE', #5860, #6861, #3247 ) ;
#5122 = CARTESIAN_POINT ( 'NONE',  ( -6.288129189836594080, 9.754983522708863930, 102.2549761539628292 ) ) ;
#5123 = CARTESIAN_POINT ( 'NONE',  ( -3.233942672394921836, 13.97878856437185036, 103.4433608680939187 ) ) ;
#5124 = DIRECTION ( 'NONE',  ( -0.000000000000000000, -1.000000000000000000, -0.000000000000000000 ) ) ;
#5125 = VECTOR ( 'NONE', #7382, 1000.000000000000000 ) ;
#5126 = ORIENTED_EDGE ( 'NONE', *, *, #6023, .F. ) ;
#5127 = CARTESIAN_POINT ( 'NONE',  ( 6.052178652685791249, 9.726169102344726980, 102.3078537963583869 ) ) ;
#5128 = VECTOR ( 'NONE', #9116, 1000.000000000000000 ) ;
#5129 = LINE ( 'NONE', #7074, #3213 ) ;
#5130 = LINE ( 'NONE', #5901, #5358 ) ;
#5131 = CARTESIAN_POINT ( 'NONE',  ( 8.500000000000007105, 8.499999999999982236, 107.6000000000000085 ) ) ;
#5132 = FACE_BOUND ( 'NONE', #6800, .T. ) ;
#5133 = CARTESIAN_POINT ( 'NONE',  ( -7.769492847393709489, 8.500000000000000000, 102.2005603474873539 ) ) ;
#5134 = CARTESIAN_POINT ( 'NONE',  ( 23.53921572489419489, 0.000000000000000000, 134.8489238107520691 ) ) ;
#5135 = VERTEX_POINT ( 'NONE', #3979 ) ;
#5136 = EDGE_CURVE ( 'NONE', #8698, #7024, #1187, .T. ) ;
#5137 = VECTOR ( 'NONE', #6708, 1000.000000000000000 ) ;
#5138 = AXIS2_PLACEMENT_3D ( 'NONE', #5413, #2798, #1021 ) ;
#5139 = ORIENTED_EDGE ( 'NONE', *, *, #2308, .T. ) ;
#5140 = ADVANCED_FACE ( 'NONE', ( #10135 ), #4813, .F. ) ;
#5141 = CARTESIAN_POINT ( 'NONE',  ( 5.182491810076208516, 8.993993768052405358, 102.5579504388046814 ) ) ;
#5142 = DIRECTION ( 'NONE',  ( 0.000000000000000000, 0.000000000000000000, 1.000000000000000000 ) ) ;
#5143 = STYLED_ITEM ( 'NONE', ( #9878 ), #489 ) ;
#5144 = CARTESIAN_POINT ( 'NONE',  ( -7.750000000000001776, 9.249999999999998224, 105.7831987774969207 ) ) ;
#5145 = LINE ( 'NONE', #3246, #573 ) ;
#5146 = FACE_OUTER_BOUND ( 'NONE', #7385, .T. ) ;
#5147 = EDGE_LOOP ( 'NONE', ( #5317, #9631, #4304, #6749, #3177 ) ) ;
#5148 = CIRCLE ( 'NONE', #9677, 1.999999999999988010 ) ;
#5149 = CIRCLE ( 'NONE', #8732, 2.000000000000001776 ) ;
#5150 = CARTESIAN_POINT ( 'NONE',  ( -33.75000000000054001, 2.250000000000000000, 79.62590742770457553 ) ) ;
#5151 = VERTEX_POINT ( 'NONE', #1302 ) ;
#5152 = CARTESIAN_POINT ( 'NONE',  ( 7.928080595529820584, 9.249999999999996447, 105.6948152574054518 ) ) ;
#5153 = ORIENTED_EDGE ( 'NONE', *, *, #8392, .T. ) ;
#5154 = VECTOR ( 'NONE', #9441, 1000.000000000000000 ) ;
#5155 = EDGE_CURVE ( 'NONE', #7501, #6672, #1063, .T. ) ;
#5156 = CARTESIAN_POINT ( 'NONE',  ( -4.738529704263476638, 8.593286449950982231, 104.9238430491928540 ) ) ;
#5157 = DIRECTION ( 'NONE',  ( 0.000000000000000000, 1.000000000000000000, 0.000000000000000000 ) ) ;
#5158 = CARTESIAN_POINT ( 'NONE',  ( -6.489345210049052071, 8.500000000000000000, 101.6747471965664715 ) ) ;
#5159 = ORIENTED_EDGE ( 'NONE', *, *, #8860, .F. ) ;
#5160 = LINE ( 'NONE', #11479, #11702 ) ;
#5161 = EDGE_CURVE ( 'NONE', #3311, #10633, #290, .T. ) ;
#5162 = CARTESIAN_POINT ( 'NONE',  ( 13.72543348935243834, 27.33718993719248402, 102.5639558409051233 ) ) ;
#5163 = EDGE_LOOP ( 'NONE', ( #11126, #10230, #4477, #10828 ) ) ;
#5164 = DIRECTION ( 'NONE',  ( 0.000000000000000000, -0.2164396139381068174, 0.9762960071199324741 ) ) ;
#5165 = LINE ( 'NONE', #8772, #425 ) ;
#5166 = CARTESIAN_POINT ( 'NONE',  ( -3.280904698085020499, 13.90100090764800811, 103.7942383127580968 ) ) ;
#5167 = CARTESIAN_POINT ( 'NONE',  ( 2.999999999999989342, 2.250000000000000000, 0.000000000000000000 ) ) ;
#5168 = CARTESIAN_POINT ( 'NONE',  ( 54.83352029799014815, 7.249999999999999112, 38.39484425922750432 ) ) ;
#5169 = ORIENTED_EDGE ( 'NONE', *, *, #2611, .F. ) ;
#5170 = LINE ( 'NONE', #6774, #364 ) ;
#5171 = VECTOR ( 'NONE', #10320, 1000.000000000000114 ) ;
#5172 = VECTOR ( 'NONE', #9696, 1000.000000000000114 ) ;
#5173 = EDGE_LOOP ( 'NONE', ( #9176, #1965, #7679, #10010 ) ) ;
#5174 = CARTESIAN_POINT ( 'NONE',  ( 6.446077249974364598, 8.500000000000000000, 105.7479776756996728 ) ) ;
#5175 = CARTESIAN_POINT ( 'NONE',  ( -19.75000000000000000, 0.000000000000000000, 107.4242565173703667 ) ) ;
#5176 = CIRCLE ( 'NONE', #1762, 2.000000000000029310 ) ;
#5177 = CARTESIAN_POINT ( 'NONE',  ( -29.37500000000054357, 1.250000000000001554, 126.6000000000000512 ) ) ;
#5178 = ORIENTED_EDGE ( 'NONE', *, *, #10639, .F. ) ;
#5179 = FACE_OUTER_BOUND ( 'NONE', #9213, .T. ) ;
#5180 = DIRECTION ( 'NONE',  ( 0.7071067811865433539, -0.7071067811865517916, 1.598181036901646320E-15 ) ) ;
#5181 = EDGE_CURVE ( 'NONE', #6165, #1846, #9373, .T. ) ;
#5182 = ADVANCED_FACE ( 'NONE', ( #7531 ), #11134, .F. ) ;
#5183 = CARTESIAN_POINT ( 'NONE',  ( -6.240421637496242901, 9.749157446703121011, 102.2631381961264339 ) ) ;
#5184 = CARTESIAN_POINT ( 'NONE',  ( -2.395554016639796835, 14.22025244745712058, 102.3541876773339396 ) ) ;
#5185 = LINE ( 'NONE', #8618, #2836 ) ;
#5186 = VERTEX_POINT ( 'NONE', #2144 ) ;
#5187 = CARTESIAN_POINT ( 'NONE',  ( 6.309329699197449237, 9.757572396198421316, 102.2513490544427412 ) ) ;
#5188 = VECTOR ( 'NONE', #10401, 1000.000000000000000 ) ;
#5189 = DIRECTION ( 'NONE',  ( 0.000000000000000000, 0.000000000000000000, -1.000000000000000000 ) ) ;
#5190 = CARTESIAN_POINT ( 'NONE',  ( 11.49999999999998934, 2.250000000000000444, 89.43550806100927275 ) ) ;
#5191 = CARTESIAN_POINT ( 'NONE',  ( 9.663712301646954828, 21.45637587167328419, 107.5999999999999943 ) ) ;
#5192 = FACE_BOUND ( 'NONE', #6642, .T. ) ;
#5193 = VECTOR ( 'NONE', #9465, 1000.000000000000000 ) ;
#5194 = DIRECTION ( 'NONE',  ( -0.3417677507634555578, 0.7329233067192131301, -0.5882331434098750922 ) ) ;
#5195 = DIRECTION ( 'NONE',  ( -0.7071067811865486830, -0.7071067811865464625, 0.000000000000000000 ) ) ;
#5196 = VERTEX_POINT ( 'NONE', #7413 ) ;
#5197 = ORIENTED_EDGE ( 'NONE', *, *, #3920, .T. ) ;
#5198 = ORIENTED_EDGE ( 'NONE', *, *, #5830, .T. ) ;
#5199 = CARTESIAN_POINT ( 'NONE',  ( 8.155797152265195749, 9.179730840277457560, 104.0102262808312332 ) ) ;
#5200 = LINE ( 'NONE', #6257, #10139 ) ;
#5201 = CARTESIAN_POINT ( 'NONE',  ( -7.750000000000001776, 9.249999999999998224, 101.9168012225029969 ) ) ;
#5202 = CARTESIAN_POINT ( 'NONE',  ( -18.11169591142183677, 3.888304088578160567, 125.5714093900724464 ) ) ;
#5203 = LINE ( 'NONE', #8813, #561 ) ;
#5204 = ORIENTED_EDGE ( 'NONE', *, *, #1587, .F. ) ;
#5205 = VECTOR ( 'NONE', #2677, 1000.000000000000000 ) ;
#5206 = LINE ( 'NONE', #11416, #7845 ) ;
#5207 = VERTEX_POINT ( 'NONE', #2023 ) ;
#5208 = CARTESIAN_POINT ( 'NONE',  ( 7.347502219183354555, 9.249999999999996447, 105.9341755404767298 ) ) ;
#5209 = EDGE_CURVE ( 'NONE', #5504, #4883, #2973, .T. ) ;
#5210 = ORIENTED_EDGE ( 'NONE', *, *, #6779, .F. ) ;
#5211 = VECTOR ( 'NONE', #11064, 1000.000000000000000 ) ;
#5212 = EDGE_CURVE ( 'NONE', #5518, #3715, #405, .T. ) ;
#5213 = CARTESIAN_POINT ( 'NONE',  ( -2.000000000000000000, 2.250000000000000000, 109.8500000000000227 ) ) ;
#5214 = DIRECTION ( 'NONE',  ( 0.000000000000000000, -1.000000000000000000, 0.000000000000000000 ) ) ;
#5215 = PLANE ( 'NONE',  #3963 ) ;
#5216 = ORIENTED_EDGE ( 'NONE', *, *, #1697, .F. ) ;
#5217 = CARTESIAN_POINT ( 'NONE',  ( 2.414985144263543937, 13.91483589128785070, 102.6573388666052722 ) ) ;
#5218 = LINE ( 'NONE', #6933, #5703 ) ;
#5219 = EDGE_LOOP ( 'NONE', ( #8707, #4750, #9326, #9661 ) ) ;
#5220 = CARTESIAN_POINT ( 'NONE',  ( 8.236421058133723605, 8.763578941866260408, 104.3292527740143356 ) ) ;
#5221 = CIRCLE ( 'NONE', #2570, 3.749999999999999112 ) ;
#5222 = PLANE ( 'NONE',  #6114 ) ;
#5223 = CARTESIAN_POINT ( 'NONE',  ( -2.392501048138501840, 13.53252524041372595, 105.4563246383442845 ) ) ;
#5224 = EDGE_CURVE ( 'NONE', #2348, #4044, #7653, .T. ) ;
#5225 = DIRECTION ( 'NONE',  ( 0.000000000000000000, 0.000000000000000000, 1.000000000000000000 ) ) ;
#5226 = LINE ( 'NONE', #8833, #9351 ) ;
#5227 = ORIENTED_EDGE ( 'NONE', *, *, #1735, .F. ) ;
#5228 = CARTESIAN_POINT ( 'NONE',  ( -21.35344314932018506, 2.250000000000000000, 156.6000000000001933 ) ) ;
#5229 = EDGE_CURVE ( 'NONE', #7096, #8960, #1122, .T. ) ;
#5230 = CARTESIAN_POINT ( 'NONE',  ( 17.75773640591582492, 2.828050031711070833, 107.6000000000000085 ) ) ;
#5231 = ORIENTED_EDGE ( 'NONE', *, *, #971, .F. ) ;
#5232 = CARTESIAN_POINT ( 'NONE',  ( 5.766025440140237990, 8.500000000000000000, 102.0127261465859050 ) ) ;
#5233 = PLANE ( 'NONE',  #4557 ) ;
#5234 = DIRECTION ( 'NONE',  ( -1.000000000000000000, -2.419433718647665781E-16, -5.363755420425597902E-17 ) ) ;
#5235 = VERTEX_POINT ( 'NONE', #9248 ) ;
#5236 = CARTESIAN_POINT ( 'NONE',  ( -11.00000000000001066, 0.000000000000000000, 96.10000000000006537 ) ) ;
#5237 = LINE ( 'NONE', #6063, #1183 ) ;
#5238 = LINE ( 'NONE', #9902, #10803 ) ;
#5239 = DIRECTION ( 'NONE',  ( 0.000000000000000000, -0.000000000000000000, 1.000000000000000000 ) ) ;
#5240 = PLANE ( 'NONE',  #3401 ) ;
#5241 = EDGE_CURVE ( 'NONE', #4258, #11208, #3150, .T. ) ;
#5242 = ORIENTED_EDGE ( 'NONE', *, *, #10625, .F. ) ;
#5243 = CARTESIAN_POINT ( 'NONE',  ( 6.186214764809254696, 9.742540154321138957, 102.2743922882951182 ) ) ;
#5244 = CARTESIAN_POINT ( 'NONE',  ( -3.358391833210450539, 2.250000000000000000, 150.5000000000000000 ) ) ;
#5245 = DIRECTION ( 'NONE',  ( 0.000000000000000000, 0.000000000000000000, 1.000000000000000000 ) ) ;
#5246 = DIRECTION ( 'NONE',  ( 1.000000000000000000, 0.000000000000000000, 6.938893903907223447E-16 ) ) ;
#5247 = DIRECTION ( 'NONE',  ( 0.000000000000000000, 0.000000000000000000, -1.000000000000000000 ) ) ;
#5248 = CARTESIAN_POINT ( 'NONE',  ( -7.383763632822700984, 8.499999999999996447, 105.7500009987011396 ) ) ;
#5249 = CARTESIAN_POINT ( 'NONE',  ( 2.999999999999989342, 7.249999999999999112, 94.43550806100924433 ) ) ;
#5250 = ORIENTED_EDGE ( 'NONE', *, *, #8798, .F. ) ;
#5251 = EDGE_CURVE ( 'NONE', #5332, #3203, #8152, .T. ) ;
#5252 = ORIENTED_EDGE ( 'NONE', *, *, #4064, .F. ) ;
#5253 = EDGE_LOOP ( 'NONE', ( #9782, #3089, #6813, #10034 ) ) ;
#5254 = DIRECTION ( 'NONE',  ( -0.000000000000000000, 0.000000000000000000, 1.000000000000000000 ) ) ;
#5255 = CARTESIAN_POINT ( 'NONE',  ( -33.75000000000054001, 2.250000000000000000, 85.07409257229544153 ) ) ;
#5256 = CARTESIAN_POINT ( 'NONE',  ( 6.999999999999990230, 0.000000000000000000, 94.43550806100924433 ) ) ;
#5257 = DIRECTION ( 'NONE',  ( 0.000000000000000000, 0.000000000000000000, -1.000000000000000000 ) ) ;
#5258 = CARTESIAN_POINT ( 'NONE',  ( 9.499999999999989342, 0.000000000000000000, 94.43550806100928696 ) ) ;
#5259 = ORIENTED_EDGE ( 'NONE', *, *, #658, .F. ) ;
#5260 = CARTESIAN_POINT ( 'NONE',  ( -1.250000000000001110, 31.94302117641175442, 85.10000000000002274 ) ) ;
#5261 = VERTEX_POINT ( 'NONE', #9190 ) ;
#5262 = CARTESIAN_POINT ( 'NONE',  ( 8.235745377711236159, 9.249999999999996447, 105.4872244913807151 ) ) ;
#5263 = ORIENTED_EDGE ( 'NONE', *, *, #5817, .T. ) ;
#5264 = APPLICATION_PROTOCOL_DEFINITION ( 'draft international standard', 'automotive_design', 1998, #2377 ) ;
#5265 = LINE ( 'NONE', #5213, #9063 ) ;
#5266 = VECTOR ( 'NONE', #11476, 1000.000000000000000 ) ;
#5267 = DIRECTION ( 'NONE',  ( 0.5735764363510522656, -0.000000000000000000, 0.8191520442889874687 ) ) ;
#5268 = DIRECTION ( 'NONE',  ( 0.7071067811865464625, -0.7071067811865486830, 0.000000000000000000 ) ) ;
#5269 = ORIENTED_EDGE ( 'NONE', *, *, #6667, .F. ) ;
#5270 = CARTESIAN_POINT ( 'NONE',  ( 2.676869003880222753, 13.57770997366046473, 105.2525094778525130 ) ) ;
#5271 = CARTESIAN_POINT ( 'NONE',  ( 4.281804886466089144, 8.500000000000000000, 104.3421132080201801 ) ) ;
#5272 = ORIENTED_EDGE ( 'NONE', *, *, #3537, .T. ) ;
#5273 = DIRECTION ( 'NONE',  ( 0.000000000000000000, -1.000000000000000000, 0.000000000000000000 ) ) ;
#5274 = CARTESIAN_POINT ( 'NONE',  ( 16.10352159634808089, 27.11100650659829725, 163.0000000000001421 ) ) ;
#5275 = CARTESIAN_POINT ( 'NONE',  ( 6.500941501478910922, 9.780972147471098666, 105.4698823122496947 ) ) ;
#5276 = CARTESIAN_POINT ( 'NONE',  ( -21.38830408857782572, 2.250000000000000444, 123.2771036446682729 ) ) ;
#5277 = CARTESIAN_POINT ( 'NONE',  ( 16.25000000000000000, 16.18567293696069598, 121.1993297625707697 ) ) ;
#5278 = ADVANCED_FACE ( 'NONE', ( #4688 ), #3867, .F. ) ;
#5279 = LINE ( 'NONE', #11723, #4318 ) ;
#5280 = EDGE_CURVE ( 'NONE', #659, #1138, #3286, .T. ) ;
#5281 = ORIENTED_EDGE ( 'NONE', *, *, #5136, .T. ) ;
#5282 = CARTESIAN_POINT ( 'NONE',  ( -15.99999999999998579, 7.249999999999999112, 89.43550806100932959 ) ) ;
#5283 = VECTOR ( 'NONE', #6227, 1000.000000000000114 ) ;
#5284 = VECTOR ( 'NONE', #4783, 1000.000000000000000 ) ;
#5285 = ORIENTED_EDGE ( 'NONE', *, *, #7954, .F. ) ;
#5286 = CARTESIAN_POINT ( 'NONE',  ( 16.23849164777436727, 30.35820269488412748, 103.8500000000000085 ) ) ;
#5287 = DIRECTION ( 'NONE',  ( -0.7071067811865474617, -0.000000000000000000, -0.7071067811865474617 ) ) ;
#5288 = EDGE_CURVE ( 'NONE', #11208, #1181, #196, .T. ) ;
#5289 = CARTESIAN_POINT ( 'NONE',  ( -12.74999999999995204, 8.448479721469174919, 134.1642548878282071 ) ) ;
#5290 = DIRECTION ( 'NONE',  ( 0.000000000000000000, 0.000000000000000000, 1.000000000000000000 ) ) ;
#5291 = VERTEX_POINT ( 'NONE', #3124 ) ;
#5292 = DIRECTION ( 'NONE',  ( 0.000000000000000000, 0.000000000000000000, -1.000000000000000000 ) ) ;
#5293 = CIRCLE ( 'NONE', #2823, 1.549999999999995826 ) ;
#5294 = AXIS2_PLACEMENT_3D ( 'NONE', #9953, #1720, #7166 ) ;
#5295 = ORIENTED_EDGE ( 'NONE', *, *, #4962, .F. ) ;
#5296 = EDGE_CURVE ( 'NONE', #2961, #2978, #10340, .T. ) ;
#5297 = VERTEX_POINT ( 'NONE', #1092 ) ;
#5298 = VECTOR ( 'NONE', #8014, 1000.000000000000000 ) ;
#5299 = FACE_OUTER_BOUND ( 'NONE', #7083, .T. ) ;
#5300 = EDGE_CURVE ( 'NONE', #8634, #3966, #6873, .T. ) ;
#5301 = FACE_OUTER_BOUND ( 'NONE', #4829, .T. ) ;
#5302 = CARTESIAN_POINT ( 'NONE',  ( 11.99999999998817479, 0.000000000000000000, 154.5000000000000568 ) ) ;
#5303 = DIRECTION ( 'NONE',  ( 0.000000000000000000, -1.000000000000000000, 0.000000000000000000 ) ) ;
#5304 = DIRECTION ( 'NONE',  ( 0.000000000000000000, 0.000000000000000000, -1.000000000000000000 ) ) ;
#5305 = CARTESIAN_POINT ( 'NONE',  ( -7.646687491608740395, 8.500000000000000000, 105.5907807507507812 ) ) ;
#5306 = CARTESIAN_POINT ( 'NONE',  ( -0.5070248712770227817, 8.500000000000000000, 90.08012478663994216 ) ) ;
#5307 = ORIENTED_EDGE ( 'NONE', *, *, #1911, .T. ) ;
#5308 = VECTOR ( 'NONE', #5397, 1000.000000000000000 ) ;
#5309 = ADVANCED_FACE ( 'NONE', ( #2176 ), #5789, .T. ) ;
#5310 = ORIENTED_EDGE ( 'NONE', *, *, #11536, .T. ) ;
#5311 = EDGE_CURVE ( 'NONE', #789, #4992, #10989, .T. ) ;
#5312 = CARTESIAN_POINT ( 'NONE',  ( 11.99999999998817479, 0.000000000000000000, 163.0000000000001421 ) ) ;
#5313 = CARTESIAN_POINT ( 'NONE',  ( -16.25000000000000000, 4.499999999999995559, 109.8500000000000227 ) ) ;
#5314 = FACE_OUTER_BOUND ( 'NONE', #6568, .T. ) ;
#5315 = LINE ( 'NONE', #9698, #4746 ) ;
#5316 = DIRECTION ( 'NONE',  ( 0.8191520442889907994, 0.000000000000000000, -0.5735764363510476027 ) ) ;
#5317 = ORIENTED_EDGE ( 'NONE', *, *, #6173, .T. ) ;
#5318 = LINE ( 'NONE', #10474, #5008 ) ;
#5319 = EDGE_CURVE ( 'NONE', #10470, #11487, #11111, .T. ) ;
#5320 = ORIENTED_EDGE ( 'NONE', *, *, #1378, .F. ) ;
#5321 = CARTESIAN_POINT ( 'NONE',  ( -19.99999999999998934, 0.000000000000000000, 94.43550806100934381 ) ) ;
#5322 = VECTOR ( 'NONE', #8706, 1000.000000000000000 ) ;
#5323 = VERTEX_POINT ( 'NONE', #378 ) ;
#5324 = DIRECTION ( 'NONE',  ( 0.8660254037844437036, -0.000000000000000000, -0.4999999999999912847 ) ) ;
#5325 = AXIS2_PLACEMENT_3D ( 'NONE', #6602, #10208, #10029 ) ;
#5326 = LINE ( 'NONE', #2716, #6156 ) ;
#5327 = DIRECTION ( 'NONE',  ( 0.5735764363510523767, 0.000000000000000000, 0.8191520442889873577 ) ) ;
#5328 = EDGE_LOOP ( 'NONE', ( #2288, #6443, #8981, #2654, #8279, #8026 ) ) ;
#5329 = VECTOR ( 'NONE', #11140, 1000.000000000000114 ) ;
#5330 = CARTESIAN_POINT ( 'NONE',  ( 2.952024865938647213, 13.70328323621697741, 103.4610756088575982 ) ) ;
#5331 = CARTESIAN_POINT ( 'NONE',  ( 7.499999999988182786, 2.250000000000000000, 163.0000000000001421 ) ) ;
#5332 = VERTEX_POINT ( 'NONE', #2227 ) ;
#5333 = DIRECTION ( 'NONE',  ( -0.8191520442889907994, 0.000000000000000000, -0.5735764363510476027 ) ) ;
#5334 = CARTESIAN_POINT ( 'NONE',  ( -14.50221515314512288, 28.40939692359802038, 107.5242346141747731 ) ) ;
#5335 = CARTESIAN_POINT ( 'NONE',  ( 5.377498060081854270, 9.643790109401502164, 105.0576000815840274 ) ) ;
#5336 = CARTESIAN_POINT ( 'NONE',  ( 6.973116760693312877, 9.250000000000000000, 106.0364118581781412 ) ) ;
#5337 = FACE_OUTER_BOUND ( 'NONE', #5620, .T. ) ;
#5338 = AXIS2_PLACEMENT_3D ( 'NONE', #1486, #10603, #10663 ) ;
#5339 = CARTESIAN_POINT ( 'NONE',  ( -13.93168049979517953, 27.18588141109854917, 163.0000000000001421 ) ) ;
#5340 = ORIENTED_EDGE ( 'NONE', *, *, #7054, .F. ) ;
#5341 = DIRECTION ( 'NONE',  ( -0.8191520442889941300, 0.000000000000000000, 0.5735764363510429398 ) ) ;
#5342 = CARTESIAN_POINT ( 'NONE',  ( 8.750000000000000000, 14.53030822565386337, 138.8414722278378406 ) ) ;
#5343 = VERTEX_POINT ( 'NONE', #9343 ) ;
#5344 = VECTOR ( 'NONE', #7301, 1000.000000000000227 ) ;
#5345 = DIRECTION ( 'NONE',  ( 0.000000000000000000, 0.000000000000000000, -1.000000000000000000 ) ) ;
#5346 = CARTESIAN_POINT ( 'NONE',  ( 19.74999999999998934, 2.249999999999998668, 137.8414722278378690 ) ) ;
#5347 = CARTESIAN_POINT ( 'NONE',  ( -6.294133196335623737, 9.755717075594329657, 102.2539913039700252 ) ) ;
#5348 = LINE ( 'NONE', #7066, #7673 ) ;
#5349 = ORIENTED_EDGE ( 'NONE', *, *, #596, .F. ) ;
#5350 = AXIS2_PLACEMENT_3D ( 'NONE', #6819, #2313, #4153 ) ;
#5351 = CARTESIAN_POINT ( 'NONE',  ( 9.999999999999998224, 2.250000000000003109, 136.5914722278378406 ) ) ;
#5352 = ADVANCED_FACE ( 'NONE', ( #8567 ), #4011, .F. ) ;
#5353 = AXIS2_PLACEMENT_3D ( 'NONE', #11456, #3350, #6247 ) ;
#5354 = AXIS2_PLACEMENT_3D ( 'NONE', #7576, #9408, #3357 ) ;
#5355 = VERTEX_POINT ( 'NONE', #2880 ) ;
#5356 = EDGE_CURVE ( 'NONE', #3719, #9760, #11228, .T. ) ;
#5357 = EDGE_LOOP ( 'NONE', ( #4321, #1854, #132, #7267, #879 ) ) ;
#5358 = VECTOR ( 'NONE', #6787, 1000.000000000000000 ) ;
#5359 = ORIENTED_EDGE ( 'NONE', *, *, #11094, .T. ) ;
#5360 = CARTESIAN_POINT ( 'NONE',  ( 19.74999999999991118, 7.249999999999999112, 113.9242565173703525 ) ) ;
#5361 = FACE_OUTER_BOUND ( 'NONE', #10099, .T. ) ;
#5362 = CARTESIAN_POINT ( 'NONE',  ( -16.10352159634808089, 27.11100650659829725, 107.3855339059328173 ) ) ;
#5363 = LINE ( 'NONE', #8854, #8569 ) ;
#5364 = CARTESIAN_POINT ( 'NONE',  ( -13.86966134969847886, 28.23598170608829960, 102.8116720171352654 ) ) ;
#5365 = CARTESIAN_POINT ( 'NONE',  ( -8.065070057461214859, 9.009951390969431984, 103.6372912106165529 ) ) ;
#5366 = CARTESIAN_POINT ( 'NONE',  ( -33.75000000000054001, 0.000000000000000000, 85.07409257229544153 ) ) ;
#5367 = EDGE_LOOP ( 'NONE', ( #4252, #3218, #6695, #1403 ) ) ;
#5368 = VERTEX_POINT ( 'NONE', #5612 ) ;
#5369 = VERTEX_POINT ( 'NONE', #5844 ) ;
#5370 = AXIS2_PLACEMENT_3D ( 'NONE', #866, #4542, #4488 ) ;
#5371 = CARTESIAN_POINT ( 'NONE',  ( 18.11169591142183677, 7.249999999999999112, 125.5714093900724464 ) ) ;
#5372 = CARTESIAN_POINT ( 'NONE',  ( 50.83982665964956738, 7.249999999999999112, 35.59842986836083867 ) ) ;
#5373 = DIRECTION ( 'NONE',  ( 0.7071067811865489050, -0.7071067811865462405, 0.000000000000000000 ) ) ;
#5374 = CARTESIAN_POINT ( 'NONE',  ( 18.11169591142202506, 3.847870860261899839, 108.5714093900724748 ) ) ;
#5375 = CARTESIAN_POINT ( 'NONE',  ( -5.730118240707839483, 9.686838759839696777, 105.2739412641967220 ) ) ;
#5376 = VERTEX_POINT ( 'NONE', #8328 ) ;
#5377 = EDGE_CURVE ( 'NONE', #1662, #6573, #10280, .T. ) ;
#5378 = CARTESIAN_POINT ( 'NONE',  ( -15.54856582893773442, 26.49065206518019266, 100.2370662267259007 ) ) ;
#5379 = VERTEX_POINT ( 'NONE', #7447 ) ;
#5381 = VECTOR ( 'NONE', #782, 1000.000000000000114 ) ;
#5380 = DIRECTION ( 'NONE',  ( 0.000000000000000000, -0.9762960071199324741, -0.2164396139381068729 ) ) ;
#5382 = ORIENTED_EDGE ( 'NONE', *, *, #11645, .T. ) ;
#5383 = CARTESIAN_POINT ( 'NONE',  ( -19.75000000000001776, 2.250000000000000000, 108.6000000000000085 ) ) ;
#5384 = ADVANCED_FACE ( 'NONE', ( #6560 ), #6613, .F. ) ;
#5385 = FACE_OUTER_BOUND ( 'NONE', #9435, .T. ) ;
#5386 = CARTESIAN_POINT ( 'NONE',  ( 19.75000000000000000, 0.000000000000000000, 107.4242565173703667 ) ) ;
#5387 = ORIENTED_EDGE ( 'NONE', *, *, #2975, .F. ) ;
#5388 = VECTOR ( 'NONE', #1859, 1000.000000000000000 ) ;
#5389 = CARTESIAN_POINT ( 'NONE',  ( 3.000000000000001332, 13.62675477252530953, 103.7518246806501878 ) ) ;
#5390 = VERTEX_POINT ( 'NONE', #3899 ) ;
#5391 = CARTESIAN_POINT ( 'NONE',  ( -16.12112756828144100, 27.51410605402181275, 105.0542154896584890 ) ) ;
#5392 = ORIENTED_EDGE ( 'NONE', *, *, #5542, .F. ) ;
#5393 = CARTESIAN_POINT ( 'NONE',  ( -2.626418830647926583, 13.86195354907971122, 102.8582388446058360 ) ) ;
#5394 = CARTESIAN_POINT ( 'NONE',  ( -21.90091163631607074, 2.250000000000000444, 144.4960766834541062 ) ) ;
#5395 = CARTESIAN_POINT ( 'NONE',  ( -4.708415594101734492, -5.689328911768953390, 103.8500000000000085 ) ) ;
#5396 = EDGE_CURVE ( 'NONE', #5465, #5518, #6492, .T. ) ;
#5397 = DIRECTION ( 'NONE',  ( 1.000000000000000000, 4.118065680946789052E-16, 6.464068305004809337E-16 ) ) ;
#5398 = EDGE_CURVE ( 'NONE', #10659, #4992, #9633, .T. ) ;
#5399 = DIRECTION ( 'NONE',  ( 1.000000000000000000, 0.000000000000000000, 0.000000000000000000 ) ) ;
#5400 = EDGE_LOOP ( 'NONE', ( #9809, #6490, #99, #4420 ) ) ;
#5401 = DIRECTION ( 'NONE',  ( 0.000000000000000000, -1.000000000000000000, 0.000000000000000000 ) ) ;
#5402 = VECTOR ( 'NONE', #11240, 1000.000000000000114 ) ;
#5403 = CARTESIAN_POINT ( 'NONE',  ( 4.462227422511216623, 8.949000138681059369, 103.8500000000000085 ) ) ;
#5404 = ORIENTED_EDGE ( 'NONE', *, *, #9499, .T. ) ;
#5405 = DIRECTION ( 'NONE',  ( 0.4226182617407002184, 0.9063077870366496036, -0.000000000000000000 ) ) ;
#5406 = LINE ( 'NONE', #7420, #224 ) ;
#5407 = CARTESIAN_POINT ( 'NONE',  ( -1.309761392714299921, -7.274147393296581221, 103.8500000000000085 ) ) ;
#5408 = FACE_BOUND ( 'NONE', #6111, .T. ) ;
#5409 = ORIENTED_EDGE ( 'NONE', *, *, #11504, .F. ) ;
#5410 = DIRECTION ( 'NONE',  ( 0.000000000000000000, 1.000000000000000000, 0.000000000000000000 ) ) ;
#5411 = ORIENTED_EDGE ( 'NONE', *, *, #4520, .F. ) ;
#5412 = ORIENTED_EDGE ( 'NONE', *, *, #10008, .T. ) ;
#5413 = CARTESIAN_POINT ( 'NONE',  ( -17.99999999999998934, 0.000000000000000000, 89.43550806100932959 ) ) ;
#5414 = CARTESIAN_POINT ( 'NONE',  ( 19.74999999999998934, 2.250000000000000000, 113.9242565173703525 ) ) ;
#5415 = DIRECTION ( 'NONE',  ( 0.8660254037844437036, 0.000000000000000000, 0.4999999999999912847 ) ) ;
#5416 = EDGE_CURVE ( 'NONE', #5465, #11387, #5130, .T. ) ;
#5417 = DIRECTION ( 'NONE',  ( 0.000000000000000000, 0.000000000000000000, -1.000000000000000000 ) ) ;
#5418 = CARTESIAN_POINT ( 'NONE',  ( -5.596142019075240448, 16.20798330749883931, 107.6000000000000085 ) ) ;
#5419 = CARTESIAN_POINT ( 'NONE',  ( -7.980089528843000046, 8.999307177106096844, 104.3735998953666666 ) ) ;
#5420 = ORIENTED_EDGE ( 'NONE', *, *, #567, .F. ) ;
#5421 = ORIENTED_EDGE ( 'NONE', *, *, #7069, .T. ) ;
#5422 = ORIENTED_EDGE ( 'NONE', *, *, #1528, .T. ) ;
#5423 = ADVANCED_FACE ( 'NONE', ( #7796 ), #11455, .T. ) ;
#5424 = CARTESIAN_POINT ( 'NONE',  ( 7.911710925221849600, 9.164483209790876828, 103.0356306489844940 ) ) ;
#5425 = DIRECTION ( 'NONE',  ( 0.7071067811865516806, 0.7071067811865434649, 0.000000000000000000 ) ) ;
#5426 = DIRECTION ( 'NONE',  ( 0.000000000000000000, 0.000000000000000000, -1.000000000000000000 ) ) ;
#5427 = EDGE_CURVE ( 'NONE', #9395, #972, #8735, .T. ) ;
#5428 = LINE ( 'NONE', #1638, #7196 ) ;
#5429 = CARTESIAN_POINT ( 'NONE',  ( -5.011595392956039063, 9.599092498560017006, 104.6764086131606035 ) ) ;
#5430 = EDGE_CURVE ( 'NONE', #6175, #319, #1507, .T. ) ;
#5431 = ORIENTED_EDGE ( 'NONE', *, *, #2783, .F. ) ;
#5432 = CARTESIAN_POINT ( 'NONE',  ( -15.41044763207184864, 26.49632097269003594, 100.2026360843920259 ) ) ;
#5433 = ADVANCED_FACE ( 'NONE', ( #606 ), #6908, .T. ) ;
#5434 = ORIENTED_EDGE ( 'NONE', *, *, #8216, .T. ) ;
#5435 = CARTESIAN_POINT ( 'NONE',  ( -16.23849164777436727, 30.35820269488412393, 103.8500000000000085 ) ) ;
#5436 = CARTESIAN_POINT ( 'NONE',  ( 2.469034218952542936, 13.29947624954316154, 104.9952401823835544 ) ) ;
#5437 = VERTEX_POINT ( 'NONE', #2344 ) ;
#5438 = EDGE_LOOP ( 'NONE', ( #3538, #6093 ) ) ;
#5439 = CARTESIAN_POINT ( 'NONE',  ( -10.00000000000001066, 0.000000000000000000, 94.10000000000003695 ) ) ;
#5440 = CARTESIAN_POINT ( 'NONE',  ( 29.37500000000054357, 1.250000000000004885, 80.80000000000001137 ) ) ;
#5441 = DIRECTION ( 'NONE',  ( 3.469446951953611033E-15, 0.000000000000000000, 1.000000000000000000 ) ) ;
#5442 = ORIENTED_EDGE ( 'NONE', *, *, #3884, .T. ) ;
#5443 = CARTESIAN_POINT ( 'NONE',  ( 1.616560591396705826, 13.48034123939236650, 105.6917114555063648 ) ) ;
#5444 = ORIENTED_EDGE ( 'NONE', *, *, #1196, .F. ) ;
#5445 = ADVANCED_FACE ( 'NONE', ( #10515 ), #6959, .F. ) ;
#5446 = CARTESIAN_POINT ( 'NONE',  ( -18.13171527201528832, 3.868284727984717453, 108.6000000000000085 ) ) ;
#5447 = DIRECTION ( 'NONE',  ( -1.000000000000000000, -0.000000000000000000, -0.000000000000000000 ) ) ;
#5448 = VERTEX_POINT ( 'NONE', #2451 ) ;
#5449 = CARTESIAN_POINT ( 'NONE',  ( 13.72492571103983927, 27.33785131392608392, 105.1354637353811086 ) ) ;
#5450 = EDGE_CURVE ( 'NONE', #5368, #4546, #6073, .T. ) ;
#5451 = CARTESIAN_POINT ( 'NONE',  ( 5.226482674474839385, 9.625340007147650923, 104.9259081232931266 ) ) ;
#5452 = CARTESIAN_POINT ( 'NONE',  ( -12.74999999999995559, 13.96768987689089769, 109.2687067062699384 ) ) ;
#5453 = ADVANCED_FACE ( 'NONE', ( #11335 ), #436, .F. ) ;
#5454 = DIRECTION ( 'NONE',  ( 1.000000000000000000, 0.000000000000000000, 0.000000000000000000 ) ) ;
#5455 = DIRECTION ( 'NONE',  ( 0.000000000000000000, 0.000000000000000000, -1.000000000000000000 ) ) ;
#5456 = VERTEX_POINT ( 'NONE', #4070 ) ;
#5457 = CARTESIAN_POINT ( 'NONE',  ( -33.75000000000054001, 2.250000000000000000, 79.62590742770457553 ) ) ;
#5458 = CARTESIAN_POINT ( 'NONE',  ( 6.787852073442067535, 9.094277755355401283, 105.4230269381074976 ) ) ;
#5459 = EDGE_LOOP ( 'NONE', ( #4824, #5444, #2885, #6505 ) ) ;
#5460 = LINE ( 'NONE', #8181, #6661 ) ;
#5461 = CARTESIAN_POINT ( 'NONE',  ( -15.99999999999998934, 7.249999999999999112, 0.000000000000000000 ) ) ;
#5462 = EDGE_CURVE ( 'NONE', #9863, #2774, #9522, .T. ) ;
#5463 = CARTESIAN_POINT ( 'NONE',  ( -5.796382793019756896, 9.694936604520854928, 105.3013423677969911 ) ) ;
#5464 = FACE_OUTER_BOUND ( 'NONE', #2658, .T. ) ;
#5465 = VERTEX_POINT ( 'NONE', #11282 ) ;
#5466 = EDGE_CURVE ( 'NONE', #6128, #3748, #2710, .T. ) ;
#5467 = DIRECTION ( 'NONE',  ( 3.983588851833157753E-16, -0.1088668748521327695, 0.9940563382223012168 ) ) ;
#5468 = VECTOR ( 'NONE', #4493, 1000.000000000000000 ) ;
#5469 = VERTEX_POINT ( 'NONE', #2280 ) ;
#5470 = ORIENTED_EDGE ( 'NONE', *, *, #6587, .F. ) ;
#5471 = DIRECTION ( 'NONE',  ( 0.000000000000000000, -1.000000000000000000, 0.000000000000000000 ) ) ;
#5472 = CARTESIAN_POINT ( 'NONE',  ( -29.37500000000054357, 2.250000000000000000, 127.6000000000000512 ) ) ;
#5473 = CARTESIAN_POINT ( 'NONE',  ( -16.15036770283123602, 27.32231563746960035, 107.4017489647370098 ) ) ;
#5474 = CIRCLE ( 'NONE', #9823, 1.000000000000014655 ) ;
#5475 = CARTESIAN_POINT ( 'NONE',  ( 17.99999999999998934, 0.000000000000000000, 89.43550806100932959 ) ) ;
#5476 = LINE ( 'NONE', #3575, #8982 ) ;
#5477 = VECTOR ( 'NONE', #9192, 1000.000000000000000 ) ;
#5478 = CARTESIAN_POINT ( 'NONE',  ( -3.757438380699745117, 8.500000000000000000, 103.9932944374939296 ) ) ;
#5479 = ORIENTED_EDGE ( 'NONE', *, *, #11385, .F. ) ;
#5480 = EDGE_CURVE ( 'NONE', #9581, #1138, #7318, .T. ) ;
#5481 = AXIS2_PLACEMENT_3D ( 'NONE', #3456, #7067, #2569 ) ;
#5482 = EDGE_LOOP ( 'NONE', ( #2019, #2385, #1925, #6823 ) ) ;
#5483 = CARTESIAN_POINT ( 'NONE',  ( 6.429884749929748011, 9.071916176247459163, 102.2250000000000085 ) ) ;
#5484 = CARTESIAN_POINT ( 'NONE',  ( -6.570612033729096524, 21.45637587167328064, 100.1000000000000227 ) ) ;
#5485 = DIRECTION ( 'NONE',  ( 0.000000000000000000, -1.000000000000000000, 0.000000000000000000 ) ) ;
#5486 = LINE ( 'NONE', #8566, #9066 ) ;
#5487 = CARTESIAN_POINT ( 'NONE',  ( -4.790849562215109714, 9.572134940562788685, 103.5059361153430189 ) ) ;
#5488 = ORIENTED_EDGE ( 'NONE', *, *, #129, .F. ) ;
#5489 = CARTESIAN_POINT ( 'NONE',  ( 4.999999999999989342, 0.000000000000000000, 89.43550806100923012 ) ) ;
#5490 = ORIENTED_EDGE ( 'NONE', *, *, #4095, .T. ) ;
#5491 = AXIS2_PLACEMENT_3D ( 'NONE', #1659, #7292, #5454 ) ;
#5492 = CARTESIAN_POINT ( 'NONE',  ( 8.750000000000000000, 6.250000000000002665, 163.0000000000001421 ) ) ;
#5493 = CARTESIAN_POINT ( 'NONE',  ( 2.696192167759623448, 13.36253584021839913, 104.7556625282428655 ) ) ;
#5494 = EDGE_CURVE ( 'NONE', #4463, #2364, #11507, .T. ) ;
#5495 = VERTEX_POINT ( 'NONE', #6132 ) ;
#5496 = EDGE_CURVE ( 'NONE', #6965, #4883, #8003, .T. ) ;
#5497 = EDGE_CURVE ( 'NONE', #6859, #430, #6016, .T. ) ;
#5498 = ORIENTED_EDGE ( 'NONE', *, *, #10851, .F. ) ;
#5499 = CARTESIAN_POINT ( 'NONE',  ( -6.250000000000000000, 16.16435589288655095, 109.7556958376253107 ) ) ;
#5500 = CARTESIAN_POINT ( 'NONE',  ( 26.50000000000052935, 2.250000000000000000, 119.8000000000000398 ) ) ;
#5501 = CARTESIAN_POINT ( 'NONE',  ( 16.25000000000000000, 0.000000000000000000, 108.6000000000000227 ) ) ;
#5502 = VERTEX_POINT ( 'NONE', #1803 ) ;
#5503 = CARTESIAN_POINT ( 'NONE',  ( 16.15036770283282408, 27.32231563746894309, 100.2982510352636609 ) ) ;
#5504 = VERTEX_POINT ( 'NONE', #70 ) ;
#5505 = CARTESIAN_POINT ( 'NONE',  ( -17.75773640591582492, 2.828050031711099699, 107.6000000000000085 ) ) ;
#5506 = CARTESIAN_POINT ( 'NONE',  ( -5.169012323297814682, 9.249999999999998224, 105.5633365817790832 ) ) ;
#5507 = ORIENTED_EDGE ( 'NONE', *, *, #376, .T. ) ;
#5508 =( GEOMETRIC_REPRESENTATION_CONTEXT ( 3 ) GLOBAL_UNCERTAINTY_ASSIGNED_CONTEXT ( ( #7266 ) ) GLOBAL_UNIT_ASSIGNED_CONTEXT ( ( #3506, #11225, #2560 ) ) REPRESENTATION_CONTEXT ( 'NONE', 'WORKASPACE' ) );
#5509 = CARTESIAN_POINT ( 'NONE',  ( 13.68983573714720769, 27.85034443548722649, 104.8883279828647090 ) ) ;
#5510 = CARTESIAN_POINT ( 'NONE',  ( 5.134241216061789181, 9.614069427442844429, 104.8310191823835140 ) ) ;
#5511 = DIRECTION ( 'NONE',  ( -0.000000000000000000, -1.000000000000000000, -0.000000000000000000 ) ) ;
#5512 = DIRECTION ( 'NONE',  ( -0.4226182617407007736, 0.9063077870366492705, 0.000000000000000000 ) ) ;
#5513 = EDGE_CURVE ( 'NONE', #1409, #1020, #9794, .T. ) ;
#5514 = VECTOR ( 'NONE', #7383, 1000.000000000000000 ) ;
#5515 = ADVANCED_FACE ( 'NONE', ( #780 ), #9028, .F. ) ;
#5516 = AXIS2_PLACEMENT_3D ( 'NONE', #8556, #2098, #6600 ) ;
#5517 = CARTESIAN_POINT ( 'NONE',  ( -7.687186389049914581, 8.962619671016287981, 102.8587660936977812 ) ) ;
#5518 = VERTEX_POINT ( 'NONE', #8195 ) ;
#5519 = DIRECTION ( 'NONE',  ( 0.000000000000000000, 1.000000000000000000, 0.000000000000000000 ) ) ;
#5520 = DIRECTION ( 'NONE',  ( -0.000000000000000000, 0.9762960071199324741, 0.2164396139381068451 ) ) ;
#5521 = ORIENTED_EDGE ( 'NONE', *, *, #823, .F. ) ;
#5522 = DIRECTION ( 'NONE',  ( 0.000000000000000000, -1.000000000000000000, 0.000000000000000000 ) ) ;
#5523 = DIRECTION ( 'NONE',  ( 0.000000000000000000, 0.000000000000000000, 1.000000000000000000 ) ) ;
#5524 = VECTOR ( 'NONE', #8951, 1000.000000000000000 ) ;
#5525 = CARTESIAN_POINT ( 'NONE',  ( -5.546964508708112085, 9.664471427140183479, 105.1737655430621885 ) ) ;
#5526 = LINE ( 'NONE', #770, #10682 ) ;
#5527 = VERTEX_POINT ( 'NONE', #2626 ) ;
#5528 = DIRECTION ( 'NONE',  ( 0.000000000000000000, 0.000000000000000000, -1.000000000000000000 ) ) ;
#5529 = ORIENTED_EDGE ( 'NONE', *, *, #8939, .F. ) ;
#5530 = EDGE_CURVE ( 'NONE', #9044, #9535, #965, .T. ) ;
#5531 = EDGE_CURVE ( 'NONE', #2766, #2961, #7312, .T. ) ;
#5532 = ORIENTED_EDGE ( 'NONE', *, *, #11431, .F. ) ;
#5533 = CARTESIAN_POINT ( 'NONE',  ( -8.999999999999987566, 31.94302117641175442, 96.10000000000006537 ) ) ;
#5534 = CARTESIAN_POINT ( 'NONE',  ( 16.25000000000000000, 19.30497212419179931, 100.1000000000000227 ) ) ;
#5535 = CARTESIAN_POINT ( 'NONE',  ( -10.00000000000000178, 9.749999999999996447, 107.6000000000000085 ) ) ;
#5536 = CARTESIAN_POINT ( 'NONE',  ( -1.749999999999999778, 31.94302117641175442, 84.60000000000003695 ) ) ;
#5537 = CARTESIAN_POINT ( 'NONE',  ( -14.07556351145753482, 28.41176461279632548, 102.6880765838829035 ) ) ;
#5538 = VECTOR ( 'NONE', #7190, 1000.000000000000000 ) ;
#5539 = CARTESIAN_POINT ( 'NONE',  ( -4.738529704263471309, 8.593286449950987560, 102.7761569508071915 ) ) ;
#5540 = EDGE_LOOP ( 'NONE', ( #4496, #3666, #7694, #10061 ) ) ;
#5541 = AXIS2_PLACEMENT_3D ( 'NONE', #7310, #10914, #4648 ) ;
#5542 = EDGE_CURVE ( 'NONE', #2061, #8104, #1678, .T. ) ;
#5543 = AXIS2_PLACEMENT_3D ( 'NONE', #10489, #8484, #6881 ) ;
#5544 = ORIENTED_EDGE ( 'NONE', *, *, #2308, .F. ) ;
#5545 = AXIS2_PLACEMENT_3D ( 'NONE', #9978, #5373, #11691 ) ;
#5546 = CARTESIAN_POINT ( 'NONE',  ( 8.061474913887556326, 9.173838698574629191, 104.3735998953790727 ) ) ;
#5547 = DIRECTION ( 'NONE',  ( 1.000000000000000000, -0.000000000000000000, 2.037106467202124000E-14 ) ) ;
#5548 = DIRECTION ( 'NONE',  ( 0.000000000000000000, 0.2164396139381074557, -0.9762960071199322520 ) ) ;
#5549 = LINE ( 'NONE', #7264, #727 ) ;
#5550 = PLANE ( 'NONE',  #4358 ) ;
#5551 = CARTESIAN_POINT ( 'NONE',  ( 8.347804207010094402, 8.652195792989891387, 103.9520954646056907 ) ) ;
#5552 = ORIENTED_EDGE ( 'NONE', *, *, #11316, .T. ) ;
#5553 = DIRECTION ( 'NONE',  ( -1.000000000000000000, 0.000000000000000000, -0.000000000000000000 ) ) ;
#5554 = ORIENTED_EDGE ( 'NONE', *, *, #8249, .F. ) ;
#5555 = DIRECTION ( 'NONE',  ( 0.000000000000000000, -1.000000000000000000, 0.000000000000000000 ) ) ;
#5556 = PLANE ( 'NONE',  #7421 ) ;
#5557 = ORIENTED_EDGE ( 'NONE', *, *, #7306, .T. ) ;
#5558 = VECTOR ( 'NONE', #7452, 1000.000000000000114 ) ;
#5559 = ORIENTED_EDGE ( 'NONE', *, *, #6261, .T. ) ;
#5560 = CYLINDRICAL_SURFACE ( 'NONE', #7639, 0.4999999999999865663 ) ;
#5561 = LINE ( 'NONE', #3909, #5211 ) ;
#5562 = CARTESIAN_POINT ( 'NONE',  ( -9.999999999999996447, 2.250000000000003997, 107.6000000000000085 ) ) ;
#5563 = VERTEX_POINT ( 'NONE', #2800 ) ;
#5564 = CARTESIAN_POINT ( 'NONE',  ( -31.73340472719340255, 18.18459107585623258, 122.3580675006439265 ) ) ;
#5565 = VERTEX_POINT ( 'NONE', #10028 ) ;
#5566 = DIRECTION ( 'NONE',  ( -0.3107740238167411295, -0.7412675884084234390, 0.5949301374917156382 ) ) ;
#5567 = CARTESIAN_POINT ( 'NONE',  ( -4.414264030226142665, 9.249999999999998224, 103.0567951804485745 ) ) ;
#5568 = VERTEX_POINT ( 'NONE', #10860 ) ;
#5569 = VECTOR ( 'NONE', #7908, 1000.000000000000000 ) ;
#5570 = CARTESIAN_POINT ( 'NONE',  ( -1.840285706787236242, 13.98565030697764477, 102.3883002982100265 ) ) ;
#5571 = LINE ( 'NONE', #7405, #2322 ) ;
#5572 = LINE ( 'NONE', #5452, #592 ) ;
#5573 = VECTOR ( 'NONE', #3305, 1000.000000000000114 ) ;
#5574 = DIRECTION ( 'NONE',  ( 0.7071067811865477948, -0.7071067811865473507, 0.000000000000000000 ) ) ;
#5575 = VECTOR ( 'NONE', #7566, 1000.000000000000000 ) ;
#5576 = CARTESIAN_POINT ( 'NONE',  ( -6.422392489125846815, 8.804198242216902059, 102.2354747767994638 ) ) ;
#5577 = ORIENTED_EDGE ( 'NONE', *, *, #1824, .T. ) ;
#5578 = DIRECTION ( 'NONE',  ( 0.000000000000000000, 0.000000000000000000, -1.000000000000000000 ) ) ;
#5579 = ORIENTED_EDGE ( 'NONE', *, *, #9846, .T. ) ;
#5580 = LINE ( 'NONE', #5702, #5855 ) ;
#5581 = CARTESIAN_POINT ( 'NONE',  ( 5.182491810076214733, 8.993993768052412463, 105.1420495611953356 ) ) ;
#5582 = ORIENTED_EDGE ( 'NONE', *, *, #3695, .T. ) ;
#5583 = CARTESIAN_POINT ( 'NONE',  ( -13.74999999999995914, 2.250000000000000000, -6.814985084194575408E-15 ) ) ;
#5584 = EDGE_CURVE ( 'NONE', #2002, #11297, #8078, .T. ) ;
#5585 = CARTESIAN_POINT ( 'NONE',  ( -16.25000000000000000, 5.749999999999976019, 0.000000000000000000 ) ) ;
#5586 = AXIS2_PLACEMENT_3D ( 'NONE', #9256, #7542, #7360 ) ;
#5587 = CARTESIAN_POINT ( 'NONE',  ( -5.830484993147063477, 9.699097244173129795, 105.3156622267304385 ) ) ;
#5588 = CARTESIAN_POINT ( 'NONE',  ( 16.25000000000000000, 0.000000000000000000, 108.6000000000000227 ) ) ;
#5589 = ORIENTED_EDGE ( 'NONE', *, *, #10367, .T. ) ;
#5590 = EDGE_CURVE ( 'NONE', #3713, #9221, #7657, .T. ) ;
#5591 = CYLINDRICAL_SURFACE ( 'NONE', #9856, 2.000000000000001776 ) ;
#5592 = LINE ( 'NONE', #11209, #2636 ) ;
#5593 = AXIS2_PLACEMENT_3D ( 'NONE', #3259, #5930, #9649 ) ;
#5594 = ADVANCED_FACE ( 'NONE', ( #6422 ), #8913, .T. ) ;
#5595 = ORIENTED_EDGE ( 'NONE', *, *, #5739, .F. ) ;
#5596 =( BOUNDED_CURVE ( )  B_SPLINE_CURVE ( 3, ( #4744, #1956, #10132, #1060 ),
 .UNSPECIFIED., .F., .F. ) 
 B_SPLINE_CURVE_WITH_KNOTS ( ( 4, 4 ),
 ( 3.735071911504969755, 4.452202378580393471 ),
 .UNSPECIFIED. ) 
 CURVE ( )  GEOMETRIC_REPRESENTATION_ITEM ( )  RATIONAL_B_SPLINE_CURVE ( ( 1.000000000000000000, 0.9576008609751145428, 0.9576008609751145428, 1.000000000000000000 ) ) 
 REPRESENTATION_ITEM ( '' )  );
#5597 = EDGE_LOOP ( 'NONE', ( #4071, #7466, #3482, #11086 ) ) ;
#5598 = FACE_OUTER_BOUND ( 'NONE', #2693, .T. ) ;
#5599 = CARTESIAN_POINT ( 'NONE',  ( 17.90542061413613339, 4.094579385863878151, 113.9242565173702815 ) ) ;
#5600 = DIRECTION ( 'NONE',  ( 0.000000000000000000, -1.000000000000000000, 0.000000000000000000 ) ) ;
#5601 = AXIS2_PLACEMENT_3D ( 'NONE', #8810, #4480, #1692 ) ;
#5602 = CARTESIAN_POINT ( 'NONE',  ( 15.41203684486362313, 26.49557991059478468, 105.2221707426279238 ) ) ;
#5603 = DIRECTION ( 'NONE',  ( 0.000000000000000000, 0.000000000000000000, 1.000000000000000000 ) ) ;
#5604 = CARTESIAN_POINT ( 'NONE',  ( -7.607742132396021262, 8.952668901448394223, 104.9238430491928398 ) ) ;
#5605 = EDGE_CURVE ( 'NONE', #5235, #5355, #10449, .T. ) ;
#5606 = ORIENTED_EDGE ( 'NONE', *, *, #9689, .T. ) ;
#5607 = ORIENTED_EDGE ( 'NONE', *, *, #7057, .F. ) ;
#5608 = CARTESIAN_POINT ( 'NONE',  ( 5.490606722257025396, 9.013241156097400619, 105.3106033331434332 ) ) ;
#5609 = DIRECTION ( 'NONE',  ( 0.9063077870366493816, 0.4226182617407005515, 0.000000000000000000 ) ) ;
#5610 = DIRECTION ( 'NONE',  ( 0.000000000000000000, 0.000000000000000000, -1.000000000000000000 ) ) ;
#5611 = CARTESIAN_POINT ( 'NONE',  ( 13.49999999999998757, 0.000000000000000000, 94.43550806100928696 ) ) ;
#5612 = CARTESIAN_POINT ( 'NONE',  ( -11.99999999998817479, 0.000000000000000000, 155.5000000000000284 ) ) ;
#5613 = CARTESIAN_POINT ( 'NONE',  ( 6.570612033729092971, 21.45637587167328064, 107.6000000000000085 ) ) ;
#5614 = ORIENTED_EDGE ( 'NONE', *, *, #5396, .F. ) ;
#5615 = DIRECTION ( 'NONE',  ( -0.000000000000000000, -1.000000000000000000, -0.000000000000000000 ) ) ;
#5616 = ORIENTED_EDGE ( 'NONE', *, *, #11566, .T. ) ;
#5617 = DIRECTION ( 'NONE',  ( 0.000000000000000000, -1.000000000000000000, 0.000000000000000000 ) ) ;
#5618 = CARTESIAN_POINT ( 'NONE',  ( 2.578475920027001322, 13.87540227775150292, 102.8071555764674088 ) ) ;
#5619 = ORIENTED_EDGE ( 'NONE', *, *, #4028, .T. ) ;
#5620 = EDGE_LOOP ( 'NONE', ( #687, #11306, #11364, #7023 ) ) ;
#5621 = DIRECTION ( 'NONE',  ( -1.000000000000000000, -5.551115123125782702E-16, 0.000000000000000000 ) ) ;
#5622 = CARTESIAN_POINT ( 'NONE',  ( 8.347804207010076638, 8.652195792989910927, 103.8499999999999943 ) ) ;
#5623 = DIRECTION ( 'NONE',  ( 0.000000000000000000, 0.000000000000000000, -1.000000000000000000 ) ) ;
#5624 = LINE ( 'NONE', #11122, #4344 ) ;
#5625 = ORIENTED_EDGE ( 'NONE', *, *, #11360, .F. ) ;
#5626 = CARTESIAN_POINT ( 'NONE',  ( 29.37500000000054357, 0.000000000000000000, 126.6000000000000512 ) ) ;
#5627 = CARTESIAN_POINT ( 'NONE',  ( -6.845197260189687327, 9.249999999999998224, 106.0204042370413333 ) ) ;
#5628 = ORIENTED_EDGE ( 'NONE', *, *, #8405, .F. ) ;
#5629 = CARTESIAN_POINT ( 'NONE',  ( -15.41203684486362313, 26.49557991059478468, 105.2221707426279238 ) ) ;
#5630 = FACE_OUTER_BOUND ( 'NONE', #1642, .T. ) ;
#5631 = CARTESIAN_POINT ( 'NONE',  ( 8.118830556991131431, 9.978549142720774867, 104.8872316894343015 ) ) ;
#5632 = ORIENTED_EDGE ( 'NONE', *, *, #3094, .F. ) ;
#5633 = DIRECTION ( 'NONE',  ( 2.884802377828661565E-16, -0.2164396139381084827, 0.9762960071199321410 ) ) ;
#5634 = CARTESIAN_POINT ( 'NONE',  ( -7.980089528842992941, 8.999307177106100397, 103.3264001046333362 ) ) ;
#5635 = ORIENTED_EDGE ( 'NONE', *, *, #6725, .T. ) ;
#5636 = DIRECTION ( 'NONE',  ( -0.000000000000000000, -1.000000000000000000, -0.000000000000000000 ) ) ;
#5637 = ORIENTED_EDGE ( 'NONE', *, *, #6223, .F. ) ;
#5638 = CARTESIAN_POINT ( 'NONE',  ( 15.95182677467910715, 27.73343192312623984, 105.2398197510564444 ) ) ;
#5639 = CARTESIAN_POINT ( 'NONE',  ( 6.171947324802039780, 8.499999999999996447, 105.7479776756996444 ) ) ;
#5640 = VERTEX_POINT ( 'NONE', #10797 ) ;
#5641 = CARTESIAN_POINT ( 'NONE',  ( 7.539256039100078688, 9.460743960899918648, 102.0172676385208206 ) ) ;
#5642 = LINE ( 'NONE', #9254, #10069 ) ;
#5643 = CARTESIAN_POINT ( 'NONE',  ( -5.463485167478327575, 9.654279546274258550, 105.1186225685867583 ) ) ;
#5644 = LINE ( 'NONE', #240, #9558 ) ;
#5645 = ORIENTED_EDGE ( 'NONE', *, *, #2988, .T. ) ;
#5646 = CARTESIAN_POINT ( 'NONE',  ( 9.999999999999998224, 2.250000000000000000, 107.6000000000000085 ) ) ;
#5647 = FACE_OUTER_BOUND ( 'NONE', #7418, .T. ) ;
#5648 = EDGE_CURVE ( 'NONE', #8228, #5885, #8853, .T. ) ;
#5649 = EDGE_CURVE ( 'NONE', #265, #2720, #6366, .T. ) ;
#5650 = VERTEX_POINT ( 'NONE', #11627 ) ;
#5651 = ORIENTED_EDGE ( 'NONE', *, *, #1991, .T. ) ;
#5652 = LINE ( 'NONE', #1322, #6 ) ;
#5653 = CARTESIAN_POINT ( 'NONE',  ( 19.75000000000000000, 2.250000000000000444, 107.4242565173703667 ) ) ;
#5654 = DIRECTION ( 'NONE',  ( 0.000000000000000000, 1.000000000000000000, 0.000000000000000000 ) ) ;
#5655 = CARTESIAN_POINT ( 'NONE',  ( -8.373762527575966175, 8.626237472424028496, 103.2920356786598859 ) ) ;
#5656 = CARTESIAN_POINT ( 'NONE',  ( 16.25000000000000000, 0.000000000000000000, 101.1000000000000227 ) ) ;
#5657 = ORIENTED_EDGE ( 'NONE', *, *, #3853, .F. ) ;
#5658 = ADVANCED_FACE ( 'NONE', ( #9968 ), #843, .T. ) ;
#5659 = VERTEX_POINT ( 'NONE', #10686 ) ;
#5660 = EDGE_CURVE ( 'NONE', #271, #10343, #11565, .T. ) ;
#5661 = CARTESIAN_POINT ( 'NONE',  ( 8.155797152265193972, 9.179730840277466442, 103.9563565960496021 ) ) ;
#5662 = LINE ( 'NONE', #8450, #8056 ) ;
#5663 = AXIS2_PLACEMENT_3D ( 'NONE', #2450, #4244, #11680 ) ;
#5664 = CARTESIAN_POINT ( 'NONE',  ( -14.51129095543548431, 21.45637587167328064, 107.6000000000000085 ) ) ;
#5665 = CARTESIAN_POINT ( 'NONE',  ( -16.12112238977013590, 27.51420086336713311, 102.6457269171289965 ) ) ;
#5666 = DIRECTION ( 'NONE',  ( 0.000000000000000000, 0.000000000000000000, -1.000000000000000000 ) ) ;
#5667 = DIRECTION ( 'NONE',  ( 1.000000000000000000, 5.551115123125782702E-16, -0.000000000000000000 ) ) ;
#5668 = AXIS2_PLACEMENT_3D ( 'NONE', #7478, #3036, #2025 ) ;
#5669 = VECTOR ( 'NONE', #6042, 1000.000000000000000 ) ;
#5670 = FACE_OUTER_BOUND ( 'NONE', #7398, .T. ) ;
#5671 = DIRECTION ( 'NONE',  ( -0.8660254037844437036, -0.000000000000000000, 0.4999999999999912847 ) ) ;
#5672 = VERTEX_POINT ( 'NONE', #11681 ) ;
#5673 = DIRECTION ( 'NONE',  ( 0.000000000000000000, 1.000000000000000000, 0.000000000000000000 ) ) ;
#5674 = CARTESIAN_POINT ( 'NONE',  ( 2.865889612029945077, 13.76466831950950898, 103.2278603314381513 ) ) ;
#5675 = AXIS2_PLACEMENT_3D ( 'NONE', #8222, #7216, #9052 ) ;
#5676 = EDGE_CURVE ( 'NONE', #8698, #5456, #2576, .T. ) ;
#5677 = ORIENTED_EDGE ( 'NONE', *, *, #3148, .F. ) ;
#5678 = VECTOR ( 'NONE', #5124, 1000.000000000000000 ) ;
#5679 = EDGE_CURVE ( 'NONE', #3163, #10711, #7132, .T. ) ;
#5680 = EDGE_LOOP ( 'NONE', ( #10982, #6374, #10994, #10211 ) ) ;
#5681 = CARTESIAN_POINT ( 'NONE',  ( -1.499999999999999778, 13.99573097772450403, 102.3500000000000227 ) ) ;
#5682 = CARTESIAN_POINT ( 'NONE',  ( 9.999999999999998224, 2.250000000000003109, 109.8500000000000369 ) ) ;
#5683 = LINE ( 'NONE', #8689, #1976 ) ;
#5684 = LINE ( 'NONE', #5564, #10934 ) ;
#5685 = ORIENTED_EDGE ( 'NONE', *, *, #8815, .F. ) ;
#5686 = DIRECTION ( 'NONE',  ( 0.000000000000000000, 0.000000000000000000, 1.000000000000000000 ) ) ;
#5687 = EDGE_CURVE ( 'NONE', #4657, #10343, #10086, .T. ) ;
#5688 = CARTESIAN_POINT ( 'NONE',  ( -6.845197260189715749, 9.249999999999998224, 101.6795957629587122 ) ) ;
#5689 = VERTEX_POINT ( 'NONE', #4932 ) ;
#5690 = VECTOR ( 'NONE', #11543, 1000.000000000000000 ) ;
#5691 = CARTESIAN_POINT ( 'NONE',  ( -2.642057684849199894, 13.34486980485228180, 104.8227829343300073 ) ) ;
#5692 = DIRECTION ( 'NONE',  ( -0.000000000000000000, 1.000000000000000000, 0.000000000000000000 ) ) ;
#5693 = CARTESIAN_POINT ( 'NONE',  ( 7.393605452649747001, 9.889984399524053060, 105.3486977815760497 ) ) ;
#5694 = ORIENTED_EDGE ( 'NONE', *, *, #11732, .T. ) ;
#5695 = FACE_OUTER_BOUND ( 'NONE', #11694, .T. ) ;
#5696 = B_SPLINE_CURVE_WITH_KNOTS ( 'NONE', 3,
 ( #10233, #8409, #7578, #4085, #11179, #1233 ),
 .UNSPECIFIED., .F., .F.,
 ( 4, 2, 4 ),
 ( 1.734723475976807094E-18, 0.0003975156579629321083, 0.0007950313159258624819 ),
 .UNSPECIFIED. ) ;
#5697 = VECTOR ( 'NONE', #6971, 1000.000000000000114 ) ;
#5698 = CARTESIAN_POINT ( 'NONE',  ( -4.699584345050743295, 8.499999999999996447, 105.5907807507507954 ) ) ;
#5699 = EDGE_LOOP ( 'NONE', ( #10173, #1923, #1203, #9102 ) ) ;
#5700 = CARTESIAN_POINT ( 'NONE',  ( -19.75000000000000000, 7.249999999999999112, 107.4242565173703667 ) ) ;
#5701 = ORIENTED_EDGE ( 'NONE', *, *, #2611, .T. ) ;
#5702 = CARTESIAN_POINT ( 'NONE',  ( 19.74999999999982236, 7.249999999999999112, 122.4242565173703525 ) ) ;
#5703 = VECTOR ( 'NONE', #7877, 1000.000000000000000 ) ;
#5704 = CARTESIAN_POINT ( 'NONE',  ( 5.259509869115701619, 8.499999999999996447, 102.2028746129092553 ) ) ;
#5705 = ORIENTED_EDGE ( 'NONE', *, *, #9918, .F. ) ;
#5706 = CARTESIAN_POINT ( 'NONE',  ( 33.75000000000054001, 0.000000000000000000, 127.7740925722955012 ) ) ;
#5707 = CARTESIAN_POINT ( 'NONE',  ( -2.848249230583052682, 13.42595011879766531, 104.5147273166964652 ) ) ;
#5708 = FACE_OUTER_BOUND ( 'NONE', #6395, .T. ) ;
#5709 = CARTESIAN_POINT ( 'NONE',  ( -15.92152795146882838, 29.67847185460661308, 103.8500000000000085 ) ) ;
#5710 = EDGE_LOOP ( 'NONE', ( #994, #1650, #8441, #6430, #8909 ) ) ;
#5711 = DIRECTION ( 'NONE',  ( 0.000000000000000000, -1.000000000000000000, 0.000000000000000000 ) ) ;
#5712 = AXIS2_PLACEMENT_3D ( 'NONE', #1549, #432, #9396 ) ;
#5713 = VECTOR ( 'NONE', #3219, 1000.000000000000000 ) ;
#5714 = VECTOR ( 'NONE', #2692, 1000.000000000000000 ) ;
#5715 = ORIENTED_EDGE ( 'NONE', *, *, #11149, .F. ) ;
#5716 = VERTEX_POINT ( 'NONE', #10426 ) ;
#5717 = CARTESIAN_POINT ( 'NONE',  ( 29.37500000000054357, 1.250000000000012212, 125.0500000000000540 ) ) ;
#5718 = VECTOR ( 'NONE', #468, 1000.000000000000000 ) ;
#5719 = CARTESIAN_POINT ( 'NONE',  ( 12.66611185142060059, 8.500000000000000000, 101.1000000000000227 ) ) ;
#5720 = CARTESIAN_POINT ( 'NONE',  ( 29.37500000000054357, 1.250000000000011990, 125.0500000000000540 ) ) ;
#5721 = LINE ( 'NONE', #427, #6727 ) ;
#5722 = ADVANCED_FACE ( 'NONE', ( #9430 ), #3205, .F. ) ;
#5723 = DIRECTION ( 'NONE',  ( -0.000000000000000000, -0.000000000000000000, 1.000000000000000000 ) ) ;
#5724 = ORIENTED_EDGE ( 'NONE', *, *, #10771, .F. ) ;
#5725 = AXIS2_PLACEMENT_3D ( 'NONE', #1782, #5511, #1955 ) ;
#5726 = EDGE_CURVE ( 'NONE', #9589, #10913, #1429, .T. ) ;
#5727 = VERTEX_POINT ( 'NONE', #7369 ) ;
#5728 = CARTESIAN_POINT ( 'NONE',  ( -46.84613302130959056, 0.000000000000000000, 32.80201547749523172 ) ) ;
#5729 = LINE ( 'NONE', #10218, #1946 ) ;
#5730 = CARTESIAN_POINT ( 'NONE',  ( -19.75000000000001776, 2.250000000000000000, 122.4242565173703525 ) ) ;
#5731 = CARTESIAN_POINT ( 'NONE',  ( -7.998399433221680788, 9.001600575549195682, 104.3130254962241850 ) ) ;
#5732 = VERTEX_POINT ( 'NONE', #5535 ) ;
#5733 = AXIS2_PLACEMENT_3D ( 'NONE', #10427, #2315, #3103 ) ;
#5734 = EDGE_CURVE ( 'NONE', #4656, #9137, #8600, .T. ) ;
#5735 = DIRECTION ( 'NONE',  ( 2.884802377828661565E-16, -0.2164396139381084827, 0.9762960071199321410 ) ) ;
#5736 = EDGE_LOOP ( 'NONE', ( #5917, #63, #392, #9923 ) ) ;
#5737 = FACE_OUTER_BOUND ( 'NONE', #2381, .T. ) ;
#5738 = CARTESIAN_POINT ( 'NONE',  ( 2.291839626395459018, 13.93649411864627474, 102.5750556622103460 ) ) ;
#5739 = EDGE_CURVE ( 'NONE', #9876, #3902, #2207, .T. ) ;
#5740 = ORIENTED_EDGE ( 'NONE', *, *, #11719, .F. ) ;
#5741 = VECTOR ( 'NONE', #10094, 1000.000000000000227 ) ;
#5742 = VERTEX_POINT ( 'NONE', #10978 ) ;
#5743 = DIRECTION ( 'NONE',  ( 1.000000000000000000, 0.000000000000000000, 0.000000000000000000 ) ) ;
#5744 = CARTESIAN_POINT ( 'NONE',  ( -29.37500000000053291, 0.000000000000000000, 77.10000000000002274 ) ) ;
#5745 = AXIS2_PLACEMENT_3D ( 'NONE', #324, #3961, #3136 ) ;
#5746 = ADVANCED_FACE ( 'NONE', ( #1982 ), #7715, .F. ) ;
#5747 = LINE ( 'NONE', #5029, #4628 ) ;
#5748 = DIRECTION ( 'NONE',  ( 0.000000000000000000, -1.000000000000000000, 0.000000000000000000 ) ) ;
#5749 = ORIENTED_EDGE ( 'NONE', *, *, #3008, .F. ) ;
#5750 = CARTESIAN_POINT ( 'NONE',  ( 6.249999999999998224, 14.49829916147460551, 101.1000000000000227 ) ) ;
#5751 = CARTESIAN_POINT ( 'NONE',  ( -7.203110206153044537, 9.866721053446955381, 105.4075795179561510 ) ) ;
#5752 = ORIENTED_EDGE ( 'NONE', *, *, #6555, .F. ) ;
#5753 = AXIS2_PLACEMENT_3D ( 'NONE', #7507, #10220, #2114 ) ;
#5754 = CARTESIAN_POINT ( 'NONE',  ( -2.809126263876585039, 13.40807438792295869, 104.5826600972315390 ) ) ;
#5755 = CARTESIAN_POINT ( 'NONE',  ( 23.53921572489405634, 0.000000000000000000, 143.3489238107519839 ) ) ;
#5756 = CARTESIAN_POINT ( 'NONE',  ( 5.476736701699612908, 9.655895717743129936, 102.5695618049811060 ) ) ;
#5757 = ORIENTED_EDGE ( 'NONE', *, *, #9627, .F. ) ;
#5758 = EDGE_CURVE ( 'NONE', #5742, #360, #11263, .T. ) ;
#5759 = CARTESIAN_POINT ( 'NONE',  ( -4.914784363578116988, 8.615363181158214090, 102.6257460103365560 ) ) ;
#5760 = VERTEX_POINT ( 'NONE', #5937 ) ;
#5761 = CARTESIAN_POINT ( 'NONE',  ( 23.53921572489434411, 7.249999999999999112, 117.8489238107520265 ) ) ;
#5762 = ORIENTED_EDGE ( 'NONE', *, *, #7836, .F. ) ;
#5763 = AXIS2_PLACEMENT_3D ( 'NONE', #3268, #9103, #7208 ) ;
#5764 = CARTESIAN_POINT ( 'NONE',  ( 19.75000000000000000, 2.250000000000000444, 105.4242565173703667 ) ) ;
#5765 = CARTESIAN_POINT ( 'NONE',  ( 7.237054339274874515, 8.500000000000000000, 105.5559646272933350 ) ) ;
#5766 = ORIENTED_EDGE ( 'NONE', *, *, #6811, .F. ) ;
#5767 = CARTESIAN_POINT ( 'NONE',  ( 7.750000000000001776, 9.249999999999994671, 101.9168012225030537 ) ) ;
#5768 = CARTESIAN_POINT ( 'NONE',  ( -2.801747703506573650, 13.79877663026100798, 103.0982744451952868 ) ) ;
#5769 = CARTESIAN_POINT ( 'NONE',  ( -6.396464811784340121, 9.768217963204781640, 105.4603580439072914 ) ) ;
#5770 = CARTESIAN_POINT ( 'NONE',  ( -19.97317622158406181, 38.36725960933927126, 103.8500000000000085 ) ) ;
#5771 = ORIENTED_EDGE ( 'NONE', *, *, #7692, .F. ) ;
#5772 = EDGE_CURVE ( 'NONE', #11538, #5196, #1256, .T. ) ;
#5773 = DIRECTION ( 'NONE',  ( 0.7071067811865464625, -0.7071067811865486830, 0.000000000000000000 ) ) ;
#5774 = VECTOR ( 'NONE', #10919, 1000.000000000000000 ) ;
#5775 = EDGE_LOOP ( 'NONE', ( #2283, #4217, #8827, #8554, #2156 ) ) ;
#5776 = ORIENTED_EDGE ( 'NONE', *, *, #1342, .F. ) ;
#5777 = DIRECTION ( 'NONE',  ( -2.419433718647660850E-16, 1.000000000000000000, 0.000000000000000000 ) ) ;
#5778 = AXIS2_PLACEMENT_3D ( 'NONE', #57, #3688, #10019 ) ;
#5779 = CARTESIAN_POINT ( 'NONE',  ( -12.74999999999995559, 16.16435589288655095, 109.7556958376253107 ) ) ;
#5780 = CARTESIAN_POINT ( 'NONE',  ( 0.000000000000000000, 31.94302117641175442, 102.3500000000000227 ) ) ;
#5781 = DIRECTION ( 'NONE',  ( 1.000000000000000000, 0.000000000000000000, 0.000000000000000000 ) ) ;
#5782 = CARTESIAN_POINT ( 'NONE',  ( -5.679407112273806568, 8.711135803360253504, 105.4230269381099845 ) ) ;
#5783 = ORIENTED_EDGE ( 'NONE', *, *, #5462, .T. ) ;
#5784 = ORIENTED_EDGE ( 'NONE', *, *, #6186, .F. ) ;
#5785 = DIRECTION ( 'NONE',  ( 1.000000000000000000, 8.673617379884036705E-17, 0.000000000000000000 ) ) ;
#5786 = CARTESIAN_POINT ( 'NONE',  ( 5.273532357937774862, 9.631093552680644265, 102.7289083151299280 ) ) ;
#5787 = AXIS2_PLACEMENT_3D ( 'NONE', #7697, #7806, #5142 ) ;
#5788 = CARTESIAN_POINT ( 'NONE',  ( 9.999999999999998224, 9.749999999999998224, 136.5914722278378406 ) ) ;
#5789 = PLANE ( 'NONE',  #4407 ) ;
#5790 = ORIENTED_EDGE ( 'NONE', *, *, #8758, .T. ) ;
#5791 = DIRECTION ( 'NONE',  ( -0.4226182617407014952, 0.9063077870366490485, -0.000000000000000000 ) ) ;
#5792 = ORIENTED_EDGE ( 'NONE', *, *, #4966, .T. ) ;
#5793 = CARTESIAN_POINT ( 'NONE',  ( -14.07643724080833358, 28.41216964810329415, 105.0125320479103692 ) ) ;
#5794 = CARTESIAN_POINT ( 'NONE',  ( 2.990307652716429843, 13.55604412286418103, 104.0204722112545852 ) ) ;
#5795 = ORIENTED_EDGE ( 'NONE', *, *, #3190, .F. ) ;
#5796 = EDGE_CURVE ( 'NONE', #5716, #3302, #8543, .T. ) ;
#5797 = ORIENTED_EDGE ( 'NONE', *, *, #10435, .F. ) ;
#5798 = ADVANCED_FACE ( 'NONE', ( #7661 ), #3265, .F. ) ;
#5799 = LINE ( 'NONE', #11345, #797 ) ;
#5800 = CARTESIAN_POINT ( 'NONE',  ( 8.085892070243525964, 8.914107929753575021, 103.1489431107904124 ) ) ;
#5801 = CARTESIAN_POINT ( 'NONE',  ( 42.49905849014379555, 21.45637587167328064, 42.78140394410819880 ) ) ;
#5802 = PLANE ( 'NONE',  #3751 ) ;
#5803 = VERTEX_POINT ( 'NONE', #3156 ) ;
#5804 = CARTESIAN_POINT ( 'NONE',  ( 15.89873603938080393, 26.67184246246157997, 107.3855339059327463 ) ) ;
#5805 = CARTESIAN_POINT ( 'NONE',  ( -8.652622945029733614, 9.249999999999998224, 105.0498166444478443 ) ) ;
#5806 = EDGE_CURVE ( 'NONE', #10633, #1306, #6766, .T. ) ;
#5807 = ORIENTED_EDGE ( 'NONE', *, *, #2810, .F. ) ;
#5808 = CARTESIAN_POINT ( 'NONE',  ( -2.374871072693514940, 13.27993733265564558, 105.0694644990978190 ) ) ;
#5809 = ORIENTED_EDGE ( 'NONE', *, *, #8187, .F. ) ;
#5810 = CARTESIAN_POINT ( 'NONE',  ( 4.878626305066528168, 9.582854267076307053, 103.2572094425358387 ) ) ;
#5811 = ORIENTED_EDGE ( 'NONE', *, *, #9573, .F. ) ;
#5812 = EDGE_CURVE ( 'NONE', #5950, #1853, #9379, .T. ) ;
#5813 = DIRECTION ( 'NONE',  ( 0.000000000000000000, 0.000000000000000000, -1.000000000000000000 ) ) ;
#5814 = DIRECTION ( 'NONE',  ( 3.469446951953611724E-16, 0.000000000000000000, -1.000000000000000000 ) ) ;
#5815 = ORIENTED_EDGE ( 'NONE', *, *, #861, .T. ) ;
#5816 = LINE ( 'NONE', #6814, #9813 ) ;
#5817 = EDGE_CURVE ( 'NONE', #6573, #1662, #1562, .T. ) ;
#5818 = CARTESIAN_POINT ( 'NONE',  ( 4.649061438664609192, 8.960671325847739510, 104.5701212598074932 ) ) ;
#5819 = ORIENTED_EDGE ( 'NONE', *, *, #4230, .T. ) ;
#5820 = CARTESIAN_POINT ( 'NONE',  ( 15.15322447347439194, 5.295700702034238816, 138.9382477543634877 ) ) ;
#5821 = DIRECTION ( 'NONE',  ( 0.000000000000000000, -1.000000000000000000, 0.000000000000000000 ) ) ;
#5822 = CARTESIAN_POINT ( 'NONE',  ( -2.251725554795272366, 13.94354871767476389, 102.5482522964871208 ) ) ;
#5823 = ADVANCED_FACE ( 'NONE', ( #4105, #11311 ), #519, .T. ) ;
#5824 = CARTESIAN_POINT ( 'NONE',  ( -6.693160100422936409, 9.804443412738134356, 105.4746331548353311 ) ) ;
#5825 = VECTOR ( 'NONE', #2771, 1000.000000000000000 ) ;
#5826 = LINE ( 'NONE', #6650, #9177 ) ;
#5827 = VERTEX_POINT ( 'NONE', #7769 ) ;
#5828 = DIRECTION ( 'NONE',  ( 1.000000000000000000, 1.119176436114069085E-16, -2.529528219405923067E-31 ) ) ;
#5829 = ADVANCED_FACE ( 'NONE', ( #11372 ), #3987, .F. ) ;
#5830 = EDGE_CURVE ( 'NONE', #6276, #11036, #995, .T. ) ;
#5831 = ORIENTED_EDGE ( 'NONE', *, *, #10447, .T. ) ;
#5832 = ORIENTED_EDGE ( 'NONE', *, *, #4064, .T. ) ;
#5833 = DIRECTION ( 'NONE',  ( 0.000000000000000000, 1.000000000000000000, 0.000000000000000000 ) ) ;
#5834 = LINE ( 'NONE', #363, #4583 ) ;
#5835 = EDGE_CURVE ( 'NONE', #6684, #1912, #754, .T. ) ;
#5836 = CARTESIAN_POINT ( 'NONE',  ( 15.54045729638780493, 26.49125503205603849, 102.5645362646189369 ) ) ;
#5837 = CARTESIAN_POINT ( 'NONE',  ( 14.50221515314512288, 28.40939692359802038, 107.5242346141747731 ) ) ;
#5838 = PLANE ( 'NONE',  #11236 ) ;
#5839 = CIRCLE ( 'NONE', #10375, 2.000000000000001776 ) ;
#5840 = ORIENTED_EDGE ( 'NONE', *, *, #667, .T. ) ;
#5841 = CARTESIAN_POINT ( 'NONE',  ( -21.38830408857790033, 2.250000000000000444, 114.7771036446682729 ) ) ;
#5842 = PLANE ( 'NONE',  #604 ) ;
#5843 = FACE_OUTER_BOUND ( 'NONE', #4773, .T. ) ;
#5844 = CARTESIAN_POINT ( 'NONE',  ( -14.08601065356228688, 31.36192106651830613, 103.8500000000000085 ) ) ;
#5845 = DIRECTION ( 'NONE',  ( 0.000000000000000000, 0.000000000000000000, 1.000000000000000000 ) ) ;
#5846 = LINE ( 'NONE', #4901, #9734 ) ;
#5847 = ORIENTED_EDGE ( 'NONE', *, *, #4563, .F. ) ;
#5848 = EDGE_CURVE ( 'NONE', #1989, #8448, #4385, .T. ) ;
#5849 = LINE ( 'NONE', #7631, #624 ) ;
#5850 = CARTESIAN_POINT ( 'NONE',  ( 2.960570696714560412, 13.69197503028221163, 103.5040384014103694 ) ) ;
#5851 = ORIENTED_EDGE ( 'NONE', *, *, #6387, .T. ) ;
#5852 = EDGE_LOOP ( 'NONE', ( #10122, #409, #10268, #7633 ) ) ;
#5853 = DIRECTION ( 'NONE',  ( 0.000000000000000000, -1.000000000000000000, 0.000000000000000000 ) ) ;
#5854 = CARTESIAN_POINT ( 'NONE',  ( 9.999999999999998224, 9.749999999999998224, 134.4527949869000452 ) ) ;
#5855 = VECTOR ( 'NONE', #6465, 1000.000000000000000 ) ;
#5856 = AXIS2_PLACEMENT_3D ( 'NONE', #3369, #8101, #2541 ) ;
#5857 = CARTESIAN_POINT ( 'NONE',  ( 33.75000000000054001, 2.250000000000000000, 85.07409257229544153 ) ) ;
#5858 = ORIENTED_EDGE ( 'NONE', *, *, #8714, .T. ) ;
#5859 = DIRECTION ( 'NONE',  ( 0.000000000000000000, -1.000000000000000000, 0.000000000000000000 ) ) ;
#5860 = CARTESIAN_POINT ( 'NONE',  ( 0.000000000000000000, 0.000000000000000000, 107.6000000000000085 ) ) ;
#5861 = ORIENTED_EDGE ( 'NONE', *, *, #7544, .T. ) ;
#5862 = CARTESIAN_POINT ( 'NONE',  ( -2.578475920055035786, 13.32642554522089640, 104.8928444235046271 ) ) ;
#5863 = EDGE_LOOP ( 'NONE', ( #4620, #8041, #10694, #3171 ) ) ;
#5864 = AXIS2_PLACEMENT_3D ( 'NONE', #10988, #10107, #976 ) ;
#5865 = CARTESIAN_POINT ( 'NONE',  ( 5.912338457851602946, 9.709091556440251125, 102.3504273004550100 ) ) ;
#5866 = ADVANCED_FACE ( 'NONE', ( #2376 ), #5222, .F. ) ;
#5867 = AXIS2_PLACEMENT_3D ( 'NONE', #2189, #6694, #9013 ) ;
#5868 = ORIENTED_EDGE ( 'NONE', *, *, #9706, .F. ) ;
#5869 = CARTESIAN_POINT ( 'NONE',  ( -5.329282892085013046, 8.667281085826521903, 105.3106033331476254 ) ) ;
#5870 = CARTESIAN_POINT ( 'NONE',  ( 13.68983573714720769, 27.85034443548722649, 102.8116720171353080 ) ) ;
#5871 = VECTOR ( 'NONE', #5828, 1000.000000000000000 ) ;
#5872 = ORIENTED_EDGE ( 'NONE', *, *, #3126, .F. ) ;
#5873 = DIRECTION ( 'NONE',  ( 0.000000000000000000, 0.000000000000000000, -1.000000000000000000 ) ) ;
#5874 = CARTESIAN_POINT ( 'NONE',  ( 7.586445408315293015, 8.500000000000000000, 105.3590961372550083 ) ) ;
#5875 = VERTEX_POINT ( 'NONE', #1598 ) ;
#5876 = LINE ( 'NONE', #3321, #7793 ) ;
#5877 = DIRECTION ( 'NONE',  ( 0.000000000000000000, 0.000000000000000000, -1.000000000000000000 ) ) ;
#5878 = CARTESIAN_POINT ( 'NONE',  ( -2.630080605847290087, 13.86181948827349686, 102.8587602622876886 ) ) ;
#5879 = FACE_OUTER_BOUND ( 'NONE', #6226, .T. ) ;
#5880 = CARTESIAN_POINT ( 'NONE',  ( -13.71925174735939024, 27.34367523059097138, 107.4629337732740879 ) ) ;
#5881 = ORIENTED_EDGE ( 'NONE', *, *, #5113, .T. ) ;
#5882 = CARTESIAN_POINT ( 'NONE',  ( -50.83982665965005054, 2.250000000000000000, 35.59842986836174106 ) ) ;
#5883 = AXIS2_PLACEMENT_3D ( 'NONE', #1603, #10549, #584 ) ;
#5884 = EDGE_CURVE ( 'NONE', #11355, #2772, #11602, .T. ) ;
#5885 = VERTEX_POINT ( 'NONE', #6049 ) ;
#5886 = LINE ( 'NONE', #1380, #6870 ) ;
#5887 = ORIENTED_EDGE ( 'NONE', *, *, #10734, .F. ) ;
#5888 = CARTESIAN_POINT ( 'NONE',  ( -8.999999999999987566, 31.94302117641175442, 96.10000000000006537 ) ) ;
#5889 = DIRECTION ( 'NONE',  ( 0.4226182617407001629, 0.9063077870366496036, 0.000000000000000000 ) ) ;
#5890 = VECTOR ( 'NONE', #8344, 1000.000000000000000 ) ;
#5891 = DIRECTION ( 'NONE',  ( 0.4774298500276914492, -0.000000000000000000, -0.8786698687803833341 ) ) ;
#5892 = DIRECTION ( 'NONE',  ( -0.000000000000000000, 1.000000000000000000, 0.000000000000000000 ) ) ;
#5893 = CARTESIAN_POINT ( 'NONE',  ( -17.44999999998816875, 0.000000000000000000, 156.6000000000001933 ) ) ;
#5894 = ADVANCED_FACE ( 'NONE', ( #11483 ), #4274, .F. ) ;
#5895 = VECTOR ( 'NONE', #10128, 1000.000000000000000 ) ;
#5896 = EDGE_CURVE ( 'NONE', #5563, #2656, #7049, .T. ) ;
#5897 = VERTEX_POINT ( 'NONE', #578 ) ;
#5898 = VECTOR ( 'NONE', #8066, 1000.000000000000227 ) ;
#5899 = LINE ( 'NONE', #9509, #422 ) ;
#5900 = CYLINDRICAL_SURFACE ( 'NONE', #9812, 0.5000000000000004441 ) ;
#5901 = CARTESIAN_POINT ( 'NONE',  ( 23.53921572489419134, 7.249999999999999112, 134.8489238107520691 ) ) ;
#5902 = DIRECTION ( 'NONE',  ( 0.9063077870366492705, 0.4226182617407009401, 0.000000000000000000 ) ) ;
#5903 = VECTOR ( 'NONE', #11711, 1000.000000000000000 ) ;
#5904 = DIRECTION ( 'NONE',  ( 0.000000000000000000, -1.000000000000000000, 0.000000000000000000 ) ) ;
#5905 = EDGE_LOOP ( 'NONE', ( #4371, #10634, #5959, #9374 ) ) ;
#5906 = EDGE_CURVE ( 'NONE', #8460, #11712, #7108, .T. ) ;
#5907 = AXIS2_PLACEMENT_3D ( 'NONE', #999, #3675, #3550 ) ;
#5908 = DIRECTION ( 'NONE',  ( -0.000000000000000000, -1.000000000000000000, -0.000000000000000000 ) ) ;
#5909 = DIRECTION ( 'NONE',  ( 0.000000000000000000, 0.000000000000000000, -1.000000000000000000 ) ) ;
#5910 = EDGE_CURVE ( 'NONE', #8140, #5897, #9600, .T. ) ;
#5911 = ORIENTED_EDGE ( 'NONE', *, *, #10287, .F. ) ;
#5912 = ORIENTED_EDGE ( 'NONE', *, *, #1745, .F. ) ;
#5913 = CARTESIAN_POINT ( 'NONE',  ( -0.1768766589186820670, -7.802420220472374268, 107.3855339059328173 ) ) ;
#5914 = DIRECTION ( 'NONE',  ( -0.000000000000000000, -1.000000000000000000, -0.000000000000000000 ) ) ;
#5915 = VECTOR ( 'NONE', #7358, 1000.000000000000000 ) ;
#5916 = LINE ( 'NONE', #2188, #9163 ) ;
#5917 = ORIENTED_EDGE ( 'NONE', *, *, #8491, .T. ) ;
#5918 = CARTESIAN_POINT ( 'NONE',  ( -15.86167683370010373, 27.77546953098697813, 163.0000000000001421 ) ) ;
#5919 = CARTESIAN_POINT ( 'NONE',  ( -7.704594778151451884, 9.249999999999998224, 105.8072700729322406 ) ) ;
#5920 = ORIENTED_EDGE ( 'NONE', *, *, #9733, .F. ) ;
#5921 = ORIENTED_EDGE ( 'NONE', *, *, #6071, .F. ) ;
#5922 = AXIS2_PLACEMENT_3D ( 'NONE', #5260, #2363, #4311 ) ;
#5923 = CARTESIAN_POINT ( 'NONE',  ( 7.203110206153004569, 9.866721053446836365, 105.4075795179561226 ) ) ;
#5924 = ORIENTED_EDGE ( 'NONE', *, *, #214, .T. ) ;
#5925 = VECTOR ( 'NONE', #10516, 1000.000000000000000 ) ;
#5926 = VECTOR ( 'NONE', #10941, 1000.000000000000000 ) ;
#5927 = B_SPLINE_SURFACE_WITH_KNOTS ( 'NONE', 1, 3, ( 
 ( #2208, #1194, #1310, #10260, #8485, #296, #5822, #4933, #3874, #5878, #4878, #5768, #3932, #9431, #7539, #1130, #4821, #8544, #11141, #9380, #4755, #5707, #412, #11088, #2981, #1257, #8366, #3040, #9319, #6591, #10372, #1370, #4047, #4106 ),
 ( #6648, #7662, #11264, #349, #3157, #6767, #2257, #9485, #4995, #8601, #470, #7716, #11312, #3206, #1430, #9658, #5166, #7994, #755, #11541, #9545, #7881, #3266, #1599, #10602, #638, #9601, #5223, #4386, #11604, #3497, #9773, #9717, #6990 ) ),
 .UNSPECIFIED., .F., .F., .F.,
 ( 2, 2 ),
 ( 4, 2, 2, 2, 2, 2, 2, 2, 2, 2, 2, 2, 2, 2, 2, 2, 4 ),
 ( 0.000000000000000000, 1.000000000000000000 ),
 ( 3.141592653589795336, 3.337942194439157184, 3.534291735288519476, 3.730641276137881768, 3.926990816987244060, 4.123340357836606351, 4.319689898685968643, 4.516039439535330047, 4.712388980384692339, 4.908738521234054630, 5.105088062083416034, 5.301437602932778326, 5.497787143782140618, 5.694136684631502909, 5.890486225480865201, 6.086835766330226605, 6.283185307179588897 ),
 .UNSPECIFIED. ) ;
#5928 = VECTOR ( 'NONE', #3896, 1000.000000000000000 ) ;
#5929 = CARTESIAN_POINT ( 'NONE',  ( -8.500000000075814910, 8.499999999999998224, 103.2617562811714009 ) ) ;
#5930 = DIRECTION ( 'NONE',  ( 0.000000000000000000, 1.000000000000000000, 0.000000000000000000 ) ) ;
#5931 = AXIS2_PLACEMENT_3D ( 'NONE', #5190, #4181, #9568 ) ;
#5932 = EDGE_LOOP ( 'NONE', ( #4881, #294, #4065, #2835 ) ) ;
#5933 = FACE_OUTER_BOUND ( 'NONE', #5852, .T. ) ;
#5934 = CARTESIAN_POINT ( 'NONE',  ( -26.50000000000052935, 2.250000000000000000, 119.8000000000000398 ) ) ;
#5935 = ORIENTED_EDGE ( 'NONE', *, *, #11385, .T. ) ;
#5936 = DIRECTION ( 'NONE',  ( 0.000000000000000000, 0.000000000000000000, -1.000000000000000000 ) ) ;
#5937 = CARTESIAN_POINT ( 'NONE',  ( 6.249999999999997335, 16.16435589288655095, 109.7556958376253107 ) ) ;
#5938 = DIRECTION ( 'NONE',  ( 0.000000000000000000, 0.2164396139381068174, -0.9762960071199324741 ) ) ;
#5939 = CARTESIAN_POINT ( 'NONE',  ( -16.13462731478733758, 27.17771293505871100, 100.3144660940672708 ) ) ;
#5940 = CARTESIAN_POINT ( 'NONE',  ( -16.25000000000000000, 21.45637587167328064, 107.6000000000000085 ) ) ;
#5941 = ORIENTED_EDGE ( 'NONE', *, *, #2845, .F. ) ;
#5942 = CARTESIAN_POINT ( 'NONE',  ( -33.75000000000054001, 2.250000000000000000, 79.62590742770457553 ) ) ;
#5943 = AXIS2_PLACEMENT_3D ( 'NONE', #4964, #8573, #382 ) ;
#5944 = ADVANCED_FACE ( 'NONE', ( #7829 ), #1539, .T. ) ;
#5945 = ADVANCED_FACE ( 'NONE', ( #4219 ), #10716, .T. ) ;
#5946 = ORIENTED_EDGE ( 'NONE', *, *, #6517, .T. ) ;
#5947 = CARTESIAN_POINT ( 'NONE',  ( 4.321783606379108633, 8.499999999999996447, 104.4615574845835368 ) ) ;
#5948 = EDGE_CURVE ( 'NONE', #5186, #5368, #5165, .T. ) ;
#5949 = FACE_OUTER_BOUND ( 'NONE', #6816, .T. ) ;
#5950 = VERTEX_POINT ( 'NONE', #7880 ) ;
#5951 = CARTESIAN_POINT ( 'NONE',  ( 6.570612033729092971, 21.45637587167328064, 107.6000000000000085 ) ) ;
#5952 = LINE ( 'NONE', #1206, #7039 ) ;
#5953 = EDGE_CURVE ( 'NONE', #4463, #3372, #818, .T. ) ;
#5954 = AXIS2_PLACEMENT_3D ( 'NONE', #5489, #863, #4608 ) ;
#5955 = CARTESIAN_POINT ( 'NONE',  ( -14.61141134007266906, 26.86891771479302449, 103.8500000000000085 ) ) ;
#5956 = CARTESIAN_POINT ( 'NONE',  ( -3.280834937728339451, 13.82379456848984667, 104.1424936033354101 ) ) ;
#5957 = LINE ( 'NONE', #11557, #3222 ) ;
#5958 = EDGE_CURVE ( 'NONE', #1162, #9072, #854, .T. ) ;
#5959 = ORIENTED_EDGE ( 'NONE', *, *, #1640, .T. ) ;
#5960 = EDGE_CURVE ( 'NONE', #2923, #10088, #1572, .T. ) ;
#5961 = CARTESIAN_POINT ( 'NONE',  ( 5.945605451938463126, 9.713157043129914570, 102.3406804167952941 ) ) ;
#5962 = DIRECTION ( 'NONE',  ( -0.002590862907363708240, -0.9202715649868724590, 0.3912716883522340816 ) ) ;
#5963 = DIRECTION ( 'NONE',  ( 0.000000000000000000, 0.000000000000000000, -1.000000000000000000 ) ) ;
#5964 = CYLINDRICAL_SURFACE ( 'NONE', #6381, 2.000000000000001776 ) ;
#5965 = CYLINDRICAL_SURFACE ( 'NONE', #11578, 1.624999999999999112 ) ;
#5966 = FACE_BOUND ( 'NONE', #7751, .T. ) ;
#5967 = ADVANCED_FACE ( 'NONE', ( #4326 ), #11012, .F. ) ;
#5968 = ORIENTED_EDGE ( 'NONE', *, *, #9406, .T. ) ;
#5969 = CARTESIAN_POINT ( 'NONE',  ( -5.856926626610431619, 8.499999999999996447, 101.6747471965664715 ) ) ;
#5971 = AXIS2_PLACEMENT_3D ( 'NONE', #1198, #8435, #8487 ) ;
#5970 = CARTESIAN_POINT ( 'NONE',  ( -17.75773640591582492, 7.249999999999999112, 107.6000000000000085 ) ) ;
#5972 = ORIENTED_EDGE ( 'NONE', *, *, #4668, .T. ) ;
#5973 = ORIENTED_EDGE ( 'NONE', *, *, #7549, .F. ) ;
#5974 = VECTOR ( 'NONE', #3198, 1000.000000000000227 ) ;
#5975 = LINE ( 'NONE', #2235, #609 ) ;
#5976 = DIRECTION ( 'NONE',  ( 0.4226182617407007736, 0.9063077870366492705, 0.000000000000000000 ) ) ;
#5977 = DIRECTION ( 'NONE',  ( -0.4226182617407007736, -0.9063077870366492705, -0.000000000000000000 ) ) ;
#5978 = EDGE_LOOP ( 'NONE', ( #11634, #3816, #9118, #2930 ) ) ;
#5979 = CARTESIAN_POINT ( 'NONE',  ( 19.74999999999991118, 2.250000000000000444, 115.9242565173703525 ) ) ;
#5980 = FACE_OUTER_BOUND ( 'NONE', #8530, .T. ) ;
#5981 = EDGE_CURVE ( 'NONE', #7919, #906, #9352, .T. ) ;
#5982 = ORIENTED_EDGE ( 'NONE', *, *, #507, .F. ) ;
#5983 = DIRECTION ( 'NONE',  ( -0.000000000000000000, -1.000000000000000000, -0.000000000000000000 ) ) ;
#5984 = VERTEX_POINT ( 'NONE', #1780 ) ;
#5985 = CARTESIAN_POINT ( 'NONE',  ( 4.582056117909549364, 9.249999999999996447, 102.7441941017308693 ) ) ;
#5986 = ORIENTED_EDGE ( 'NONE', *, *, #10678, .T. ) ;
#5987 = CARTESIAN_POINT ( 'NONE',  ( -7.016988944574480414, 8.878674265572852775, 105.3106033331476254 ) ) ;
#5988 = CARTESIAN_POINT ( 'NONE',  ( 15.50245131122050957, 27.00510791200582261, 163.0000000000001421 ) ) ;
#5989 = CARTESIAN_POINT ( 'NONE',  ( -8.465454710910389480, 8.499999999999996447, 103.1445528976855002 ) ) ;
#5990 = ORIENTED_EDGE ( 'NONE', *, *, #586, .F. ) ;
#5991 = PLANE ( 'NONE',  #9445 ) ;
#5992 = PLANE ( 'NONE',  #6832 ) ;
#5993 = ORIENTED_EDGE ( 'NONE', *, *, #6811, .T. ) ;
#5994 = FACE_OUTER_BOUND ( 'NONE', #484, .T. ) ;
#5995 = DIRECTION ( 'NONE',  ( 0.000000000000000000, 0.000000000000000000, 1.000000000000000000 ) ) ;
#5996 = CARTESIAN_POINT ( 'NONE',  ( 6.310157092889941310, 9.757674853046729879, 105.4485707431320236 ) ) ;
#5997 = CARTESIAN_POINT ( 'NONE',  ( 29.37500000000054357, 2.250000000000000000, 130.3000000000000398 ) ) ;
#5998 = CARTESIAN_POINT ( 'NONE',  ( 29.37500000000054357, 1.250000000000012212, 123.5000000000000711 ) ) ;
#5999 = ORIENTED_EDGE ( 'NONE', *, *, #4855, .F. ) ;
#6000 = PLANE ( 'NONE',  #9839 ) ;
#6001 = ORIENTED_EDGE ( 'NONE', *, *, #7161, .F. ) ;
#6002 = ORIENTED_EDGE ( 'NONE', *, *, #4345, .T. ) ;
#6003 = CARTESIAN_POINT ( 'NONE',  ( 5.634233262642798223, 8.499999999999996447, 102.0489591718088462 ) ) ;
#6004 = CARTESIAN_POINT ( 'NONE',  ( -12.74999999999995204, 8.448479721469174919, 134.1642548878282071 ) ) ;
#6005 = EDGE_LOOP ( 'NONE', ( #5999, #9598, #7723, #2535 ) ) ;
#6006 = LINE ( 'NONE', #5236, #1536 ) ;
#6007 = LINE ( 'NONE', #10616, #7619 ) ;
#6008 = EDGE_CURVE ( 'NONE', #3882, #10683, #2274, .T. ) ;
#6009 = CARTESIAN_POINT ( 'NONE',  ( -21.90091163631624838, 2.250000000000000444, 127.4960766834540777 ) ) ;
#6010 = PLANE ( 'NONE',  #4439 ) ;
#6011 = DIRECTION ( 'NONE',  ( 0.000000000000000000, 0.000000000000000000, -1.000000000000000000 ) ) ;
#6012 = EDGE_CURVE ( 'NONE', #622, #1992, #9069, .T. ) ;
#6013 = ORIENTED_EDGE ( 'NONE', *, *, #10886, .T. ) ;
#6014 = CARTESIAN_POINT ( 'NONE',  ( 6.396464811020450725, 9.768217963111872848, 102.2396419561811882 ) ) ;
#6015 = LINE ( 'NONE', #6245, #6225 ) ;
#6016 = LINE ( 'NONE', #5302, #2904 ) ;
#6017 = PLANE ( 'NONE',  #793 ) ;
#6018 = DIRECTION ( 'NONE',  ( -0.4226182617407002184, 0.9063077870366494926, 0.000000000000000000 ) ) ;
#6019 = CARTESIAN_POINT ( 'NONE',  ( -5.546786789029446219, 8.499999999999996447, 105.9693420875747734 ) ) ;
#6020 = CARTESIAN_POINT ( 'NONE',  ( 33.75000000000054001, 2.250000000000000000, 127.7740925722955012 ) ) ;
#6021 = ADVANCED_FACE ( 'NONE', ( #10306 ), #9417, .F. ) ;
#6022 = ORIENTED_EDGE ( 'NONE', *, *, #5083, .T. ) ;
#6023 = EDGE_CURVE ( 'NONE', #3969, #11130, #7703, .T. ) ;
#6024 = EDGE_LOOP ( 'NONE', ( #7309, #10961 ) ) ;
#6025 = CARTESIAN_POINT ( 'NONE',  ( 4.649061438664606527, 8.960671325847739510, 103.1298787401925523 ) ) ;
#6026 = CARTESIAN_POINT ( 'NONE',  ( -20.26260754773819173, 2.250000000000000444, 137.1432295561561716 ) ) ;
#6027 = CARTESIAN_POINT ( 'NONE',  ( 19.99999999999998934, 0.000000000000000000, 0.000000000000000000 ) ) ;
#6028 = CARTESIAN_POINT ( 'NONE',  ( 17.75773640591582492, 2.249999999999999556, 107.6000000000000085 ) ) ;
#6029 = CARTESIAN_POINT ( 'NONE',  ( -6.972677081084034612, 9.249999999999998224, 106.0079610488161421 ) ) ;
#6030 = ORIENTED_EDGE ( 'NONE', *, *, #2331, .T. ) ;
#6031 = DIRECTION ( 'NONE',  ( -0.000000000000000000, -0.000000000000000000, -1.000000000000000000 ) ) ;
#6032 = ORIENTED_EDGE ( 'NONE', *, *, #2268, .F. ) ;
#6033 = CARTESIAN_POINT ( 'NONE',  ( 6.972677081084007966, 9.249999999999996447, 106.0079610488160284 ) ) ;
#6034 = EDGE_LOOP ( 'NONE', ( #9107, #7287, #865, #7776 ) ) ;
#6035 = PRODUCT_DEFINITION ( '未知', '', #1360, #11445 ) ;
#6036 = VECTOR ( 'NONE', #10710, 1000.000000000000000 ) ;
#6037 =( BOUNDED_CURVE ( )  B_SPLINE_CURVE ( 3, ( #3521, #781, #5191, #8079 ),
 .UNSPECIFIED., .F., .F. ) 
 B_SPLINE_CURVE_WITH_KNOTS ( ( 4, 4 ),
 ( 3.141592653589793116, 4.712388980384689674 ),
 .UNSPECIFIED. ) 
 CURVE ( )  GEOMETRIC_REPRESENTATION_ITEM ( )  RATIONAL_B_SPLINE_CURVE ( ( 1.000000000000000000, 0.8047378541243649375, 0.8047378541243649375, 1.000000000000000000 ) ) 
 REPRESENTATION_ITEM ( '' )  );
#6038 = CARTESIAN_POINT ( 'NONE',  ( -7.825668786308222380, 8.979965247428793873, 104.6643693510115156 ) ) ;
#6039 = EDGE_CURVE ( 'NONE', #2254, #8140, #4373, .T. ) ;
#6040 = CARTESIAN_POINT ( 'NONE',  ( 12.66611185142060059, 8.500000000000000000, 121.1993297625707697 ) ) ;
#6041 = ADVANCED_FACE ( 'NONE', ( #9531 ), #2414, .T. ) ;
#6042 = DIRECTION ( 'NONE',  ( -0.8660254037844437036, 0.000000000000000000, -0.4999999999999912847 ) ) ;
#6043 = ORIENTED_EDGE ( 'NONE', *, *, #6264, .F. ) ;
#6044 = LINE ( 'NONE', #10484, #6426 ) ;
#6045 = CARTESIAN_POINT ( 'NONE',  ( -33.75000000000054001, 0.000000000000000000, 127.7740925722955012 ) ) ;
#6046 = VERTEX_POINT ( 'NONE', #8816 ) ;
#6047 = FACE_OUTER_BOUND ( 'NONE', #6595, .T. ) ;
#6048 = VECTOR ( 'NONE', #9629, 1000.000000000000000 ) ;
#6049 = CARTESIAN_POINT ( 'NONE',  ( -19.75000000000001776, 2.250000000000001776, 119.4111501086127305 ) ) ;
#6050 = CARTESIAN_POINT ( 'NONE',  ( 6.664322330588970722, 9.800922452768231707, 105.4749923485298098 ) ) ;
#6051 = AXIS2_PLACEMENT_3D ( 'NONE', #4393, #8006, #9897 ) ;
#6052 = CARTESIAN_POINT ( 'NONE',  ( 5.751089780700894494, 9.249999999999998224, 101.8010688782468804 ) ) ;
#6053 = CARTESIAN_POINT ( 'NONE',  ( 15.29114218035016037, 26.55195401848749981, 100.1757653858252439 ) ) ;
#6054 = ORIENTED_EDGE ( 'NONE', *, *, #3084, .T. ) ;
#6055 = DIRECTION ( 'NONE',  ( 1.000000000000000000, 8.673617379884037937E-17, -3.912415967295318123E-16 ) ) ;
#6056 = CONICAL_SURFACE ( 'NONE', #11526, 1.549999999999995826, 0.7853981633974524978 ) ;
#6057 = ORIENTED_EDGE ( 'NONE', *, *, #9119, .T. ) ;
#6058 = CARTESIAN_POINT ( 'NONE',  ( 6.983791312133614149, 8.499999999999996447, 105.6510408281911850 ) ) ;
#6059 = DIRECTION ( 'NONE',  ( -0.8660254037844455910, 0.000000000000000000, -0.4999999999999879541 ) ) ;
#6060 = DIRECTION ( 'NONE',  ( 6.938893903907270187E-15, 0.000000000000000000, 1.000000000000000000 ) ) ;
#6061 = ORIENTED_EDGE ( 'NONE', *, *, #8474, .F. ) ;
#6062 = LINE ( 'NONE', #11323, #10050 ) ;
#6063 = CARTESIAN_POINT ( 'NONE',  ( 16.10352159634808089, 27.11100650659829725, 163.0000000000001421 ) ) ;
#6064 = AXIS2_PLACEMENT_3D ( 'NONE', #3531, #3586, #2702 ) ;
#6065 = CARTESIAN_POINT ( 'NONE',  ( -5.091084243400972653, 9.608807767815980228, 102.9198632850117576 ) ) ;
#6066 = CARTESIAN_POINT ( 'NONE',  ( 2.999999999999988898, 0.000000000000000000, 89.43550806100923012 ) ) ;
#6067 = CARTESIAN_POINT ( 'NONE',  ( 18.11169591142183677, 0.000000000000000000, 125.5714093900724464 ) ) ;
#6068 = VERTEX_POINT ( 'NONE', #10644 ) ;
#6069 = CARTESIAN_POINT ( 'NONE',  ( 5.896728142617253532, 9.707185419909816204, 102.3583399184106923 ) ) ;
#6070 = VECTOR ( 'NONE', #9997, 1000.000000000000114 ) ;
#6071 = EDGE_CURVE ( 'NONE', #6964, #1573, #2889, .T. ) ;
#6072 = FACE_OUTER_BOUND ( 'NONE', #10822, .T. ) ;
#6073 = LINE ( 'NONE', #7732, #613 ) ;
#6074 = DIRECTION ( 'NONE',  ( 0.000000000000000000, -1.000000000000000000, 0.000000000000000000 ) ) ;
#6075 = FACE_BOUND ( 'NONE', #10632, .T. ) ;
#6076 = CARTESIAN_POINT ( 'NONE',  ( -8.465454710910393032, 8.500000000000000000, 104.5554471023145027 ) ) ;
#6077 = EDGE_CURVE ( 'NONE', #2194, #1031, #9586, .T. ) ;
#6078 = CARTESIAN_POINT ( 'NONE',  ( 13.93168049979518130, 27.18588141109855272, 100.1757653858252439 ) ) ;
#6079 = ORIENTED_EDGE ( 'NONE', *, *, #2449, .F. ) ;
#6080 = VECTOR ( 'NONE', #9697, 1000.000000000000000 ) ;
#6081 = CONICAL_SURFACE ( 'NONE', #1152, 1.549999999999995826, 0.7853981633974524978 ) ;
#6082 = VERTEX_POINT ( 'NONE', #4140 ) ;
#6083 = CARTESIAN_POINT ( 'NONE',  ( -29.37500000000054357, 1.250000000000001776, 126.6000000000000512 ) ) ;
#6084 = AXIS2_PLACEMENT_3D ( 'NONE', #10613, #703, #4316 ) ;
#6085 = CARTESIAN_POINT ( 'NONE',  ( -7.283805491649739672, 14.58761066238850290, 116.8679339569414566 ) ) ;
#6086 = EDGE_CURVE ( 'NONE', #8957, #8477, #1641, .T. ) ;
#6087 = DIRECTION ( 'NONE',  ( 0.000000000000000000, -1.000000000000000000, 2.260169297513790404E-15 ) ) ;
#6088 = DIRECTION ( 'NONE',  ( 1.000000000000000000, 0.000000000000000000, 0.000000000000000000 ) ) ;
#6089 = ORIENTED_EDGE ( 'NONE', *, *, #9448, .F. ) ;
#6090 = AXIS2_PLACEMENT_3D ( 'NONE', #5079, #5022, #6792 ) ;
#6091 = DIRECTION ( 'NONE',  ( -0.000000000000000000, -1.000000000000000000, -0.000000000000000000 ) ) ;
#6092 = EDGE_CURVE ( 'NONE', #11546, #213, #2468, .T. ) ;
#6093 = ORIENTED_EDGE ( 'NONE', *, *, #7913, .T. ) ;
#6094 = CARTESIAN_POINT ( 'NONE',  ( 6.208250624159624032, 9.249999999999996447, 101.7099483645932025 ) ) ;
#6095 = ORIENTED_EDGE ( 'NONE', *, *, #567, .T. ) ;
#6096 = VECTOR ( 'NONE', #3942, 1000.000000000000000 ) ;
#6097 =( NAMED_UNIT ( * ) PLANE_ANGLE_UNIT ( ) SI_UNIT ( $, .RADIAN. ) );
#6098 = CARTESIAN_POINT ( 'NONE',  ( 14.50221515314512288, 28.40939692359802038, 107.5242346141747731 ) ) ;
#6099 = CARTESIAN_POINT ( 'NONE',  ( -16.25000000000000000, 21.45637587167328064, 107.6000000000000085 ) ) ;
#6100 = CARTESIAN_POINT ( 'NONE',  ( 17.44999999998816875, 2.250000000000000000, 156.6000000000001933 ) ) ;
#6101 = ORIENTED_EDGE ( 'NONE', *, *, #8908, .F. ) ;
#6102 = CARTESIAN_POINT ( 'NONE',  ( 2.801747703506572318, 13.40305119270561462, 104.6017255548047586 ) ) ;
#6103 = CARTESIAN_POINT ( 'NONE',  ( 13.68983573714720769, 27.85034443548722649, 102.8116720171353080 ) ) ;
#6104 = EDGE_LOOP ( 'NONE', ( #2908, #11404, #217, #695, #10614, #678 ) ) ;
#6105 = CARTESIAN_POINT ( 'NONE',  ( -12.74999999999995737, 13.48034298036374956, 105.6917036024919696 ) ) ;
#6106 = DIRECTION ( 'NONE',  ( 0.9063077870366487154, -0.4226182617407020503, -0.000000000000000000 ) ) ;
#6107 = CARTESIAN_POINT ( 'NONE',  ( 6.519696875056471441, 9.783263329250104334, 105.4710988182042257 ) ) ;
#6108 = AXIS2_PLACEMENT_3D ( 'NONE', #7586, #11189, #6909 ) ;
#6109 = DIRECTION ( 'NONE',  ( 0.4226182617407007736, 0.9063077870366492705, 0.000000000000000000 ) ) ;
#6110 = DIRECTION ( 'NONE',  ( -1.000000000000000000, 0.000000000000000000, -0.000000000000000000 ) ) ;
#6111 = EDGE_LOOP ( 'NONE', ( #8837, #6875, #2080, #7591, #5159, #11231, #9171, #4126 ) ) ;
#6112 = EDGE_CURVE ( 'NONE', #7105, #10791, #8871, .T. ) ;
#6113 = CARTESIAN_POINT ( 'NONE',  ( -15.25000000000002665, 5.749999999999976907, 138.8414722278378690 ) ) ;
#6114 = AXIS2_PLACEMENT_3D ( 'NONE', #2427, #5995, #6936 ) ;
#6115 = FACE_OUTER_BOUND ( 'NONE', #4475, .T. ) ;
#6116 = VERTEX_POINT ( 'NONE', #9808 ) ;
#6117 = CARTESIAN_POINT ( 'NONE',  ( 5.766025440140239766, 8.499999999999996447, 105.6872738534141121 ) ) ;
#6118 = DIRECTION ( 'NONE',  ( -0.7071067811865474617, 0.7071067811865474617, 0.000000000000000000 ) ) ;
#6119 = LINE ( 'NONE', #3336, #3243 ) ;
#6120 = VERTEX_POINT ( 'NONE', #679 ) ;
#6121 = CARTESIAN_POINT ( 'NONE',  ( -39.57583120581397651, 0.000000000000000000, 27.71129534122605520 ) ) ;
#6122 = DIRECTION ( 'NONE',  ( 0.000000000000000000, 0.000000000000000000, 1.000000000000000000 ) ) ;
#6123 = EDGE_CURVE ( 'NONE', #4516, #2844, #7433, .T. ) ;
#6124 = DIRECTION ( 'NONE',  ( 1.000000000000000000, 1.119176436114069085E-16, 0.000000000000000000 ) ) ;
#6125 = LINE ( 'NONE', #8727, #9921 ) ;
#6126 = EDGE_CURVE ( 'NONE', #2761, #4787, #3480, .T. ) ;
#6127 = DIRECTION ( 'NONE',  ( -1.000000000000000000, 0.000000000000000000, 0.000000000000000000 ) ) ;
#6128 = VERTEX_POINT ( 'NONE', #7812 ) ;
#6129 = CARTESIAN_POINT ( 'NONE',  ( 9.499999999999989342, 7.249999999999999112, 0.000000000000000000 ) ) ;
#6130 = AXIS2_PLACEMENT_3D ( 'NONE', #11058, #919, #6110 ) ;
#6131 = CARTESIAN_POINT ( 'NONE',  ( -19.75000000000001776, 2.250000000000000000, 0.000000000000000000 ) ) ;
#6132 = CARTESIAN_POINT ( 'NONE',  ( -1.250000000000000888, 12.18090418970228406, 115.0182629420205274 ) ) ;
#6133 = CARTESIAN_POINT ( 'NONE',  ( -2.000000000000000000, 2.250000000000000000, 107.6000000000000085 ) ) ;
#6134 = LINE ( 'NONE', #1628, #10483 ) ;
#6135 = VECTOR ( 'NONE', #1408, 1000.000000000000000 ) ;
#6136 = CARTESIAN_POINT ( 'NONE',  ( -8.269555066332960891, 8.499999999999996447, 102.7527986751929774 ) ) ;
#6137 = LINE ( 'NONE', #9748, #10621 ) ;
#6138 = ORIENTED_EDGE ( 'NONE', *, *, #3539, .T. ) ;
#6139 = AXIS2_PLACEMENT_3D ( 'NONE', #9872, #10876, #4428 ) ;
#6140 = ORIENTED_EDGE ( 'NONE', *, *, #4208, .T. ) ;
#6141 = ORIENTED_EDGE ( 'NONE', *, *, #4931, .F. ) ;
#6142 = CARTESIAN_POINT ( 'NONE',  ( 5.713949910657330378, 9.027193006022210753, 102.3079948524817695 ) ) ;
#6143 = LINE ( 'NONE', #5313, #1435 ) ;
#6144 = AXIS2_PLACEMENT_3D ( 'NONE', #2281, #5902, #8626 ) ;
#6145 = LINE ( 'NONE', #1636, #8208 ) ;
#6146 = DIRECTION ( 'NONE',  ( -0.7071067811865464625, 0.7071067811865486830, 0.000000000000000000 ) ) ;
#6147 = CARTESIAN_POINT ( 'NONE',  ( 16.23849164777436727, 30.35820269488412393, 103.8500000000000085 ) ) ;
#6148 = ORIENTED_EDGE ( 'NONE', *, *, #8340, .F. ) ;
#6149 = AXIS2_PLACEMENT_3D ( 'NONE', #532, #2335, #482 ) ;
#6150 = CARTESIAN_POINT ( 'NONE',  ( -2.000000000000000000, 3.999999999999998224, 109.8500000000000227 ) ) ;
#6151 = ORIENTED_EDGE ( 'NONE', *, *, #921, .T. ) ;
#6152 = CARTESIAN_POINT ( 'NONE',  ( 6.972677081084022177, 9.249999999999996447, 101.6920389511839886 ) ) ;
#6153 = EDGE_CURVE ( 'NONE', #5742, #2708, #2590, .T. ) ;
#6154 = ORIENTED_EDGE ( 'NONE', *, *, #4850, .F. ) ;
#6155 = EDGE_CURVE ( 'NONE', #5111, #5885, #4367, .T. ) ;
#6156 = VECTOR ( 'NONE', #6335, 1000.000000000000000 ) ;
#6157 = DIRECTION ( 'NONE',  ( 0.000000000000000000, 0.000000000000000000, 1.000000000000000000 ) ) ;
#6158 = CARTESIAN_POINT ( 'NONE',  ( 2.713754883200177659, 2.249999999999998668, 149.8879166758832753 ) ) ;
#6159 = EDGE_CURVE ( 'NONE', #5261, #6761, #4791, .T. ) ;
#6160 = CARTESIAN_POINT ( 'NONE',  ( -13.72492571103983927, 27.33785131392608392, 105.1354637353811086 ) ) ;
#6161 = CARTESIAN_POINT ( 'NONE',  ( -6.331243836428570582, 8.499999999999996447, 101.6606345105206657 ) ) ;
#6162 = ORIENTED_EDGE ( 'NONE', *, *, #2910, .T. ) ;
#6163 = CARTESIAN_POINT ( 'NONE',  ( 2.251725554795273254, 13.25827910529186049, 105.1517477035129247 ) ) ;
#6164 = DIRECTION ( 'NONE',  ( 0.8361687550770426913, 0.5108287026655483620, 0.1996893827070962690 ) ) ;
#6165 = VERTEX_POINT ( 'NONE', #7752 ) ;
#6166 = CARTESIAN_POINT ( 'NONE',  ( 13.50000000000005329, 2.250000000000000000, 9.367506770274788287E-15 ) ) ;
#6167 = VECTOR ( 'NONE', #3895, 1000.000000000000000 ) ;
#6168 = DIRECTION ( 'NONE',  ( 0.6985753890242761832, -0.1548704352004033058, 0.6985753890242761832 ) ) ;
#6169 = CARTESIAN_POINT ( 'NONE',  ( 6.709641712652852696, 9.806458508943972419, 105.4742473782988128 ) ) ;
#6170 = CARTESIAN_POINT ( 'NONE',  ( -29.37500000000053291, 0.000000000000000000, 87.59999999999999432 ) ) ;
#6171 = DIRECTION ( 'NONE',  ( 0.000000000000000000, 0.000000000000000000, -1.000000000000000000 ) ) ;
#6172 = EDGE_CURVE ( 'NONE', #9576, #3400, #6296, .T. ) ;
#6173 = EDGE_CURVE ( 'NONE', #265, #1479, #3460, .T. ) ;
#6174 = FACE_OUTER_BOUND ( 'NONE', #9842, .T. ) ;
#6175 = VERTEX_POINT ( 'NONE', #3251 ) ;
#6176 = DIRECTION ( 'NONE',  ( 1.734723475976805517E-15, 0.000000000000000000, 1.000000000000000000 ) ) ;
#6177 = CARTESIAN_POINT ( 'NONE',  ( -16.22516882465090404, 21.45637587167328064, 103.8500000000013159 ) ) ;
#6178 = EDGE_LOOP ( 'NONE', ( #10024, #3164, #5724, #5340 ) ) ;
#6179 = CYLINDRICAL_SURFACE ( 'NONE', #9861, 2.000000000000001776 ) ;
#6180 = PLANE ( 'NONE',  #1933 ) ;
#6181 = LINE ( 'NONE', #5289, #9859 ) ;
#6182 = CARTESIAN_POINT ( 'NONE',  ( 20.26260754773849371, 7.249999999999999112, 111.6432295561562427 ) ) ;
#6183 = ORIENTED_EDGE ( 'NONE', *, *, #1101, .F. ) ;
#6184 = EDGE_CURVE ( 'NONE', #9720, #6502, #5318, .T. ) ;
#6185 = LINE ( 'NONE', #2511, #8127 ) ;
#6186 = EDGE_CURVE ( 'NONE', #11011, #4579, #5206, .T. ) ;
#6187 = EDGE_CURVE ( 'NONE', #11191, #9108, #3310, .T. ) ;
#6188 = ORIENTED_EDGE ( 'NONE', *, *, #9075, .T. ) ;
#6189 = EDGE_CURVE ( 'NONE', #6803, #10923, #1980, .T. ) ;
#6190 = ORIENTED_EDGE ( 'NONE', *, *, #7941, .T. ) ;
#6191 = DIRECTION ( 'NONE',  ( 0.000000000000000000, -1.000000000000000000, 0.000000000000000000 ) ) ;
#6192 = CARTESIAN_POINT ( 'NONE',  ( 18.11169591142169111, 7.249999999999999112, 142.5714093900725175 ) ) ;
#6193 = CARTESIAN_POINT ( 'NONE',  ( -0.6348501492343290309, 11.06266623343385014, 106.7151498507656839 ) ) ;
#6194 = LINE ( 'NONE', #10030, #9739 ) ;
#6195 = CARTESIAN_POINT ( 'NONE',  ( -7.243656013060180143, 8.499999999999996447, 101.8821264422187767 ) ) ;
#6196 = LINE ( 'NONE', #785, #4763 ) ;
#6197 = ORIENTED_EDGE ( 'NONE', *, *, #5319, .T. ) ;
#6198 = VERTEX_POINT ( 'NONE', #6973 ) ;
#6199 = ORIENTED_EDGE ( 'NONE', *, *, #5041, .T. ) ;
#6200 = CARTESIAN_POINT ( 'NONE',  ( 7.935725138074205987, 9.165978932389691636, 104.6203693979678917 ) ) ;
#6201 = LINE ( 'NONE', #4306, #1620 ) ;
#6202 = CARTESIAN_POINT ( 'NONE',  ( -5.053898559898063247, 9.249999999999998224, 102.1864283966767601 ) ) ;
#6203 = LINE ( 'NONE', #9927, #9650 ) ;
#6204 = CARTESIAN_POINT ( 'NONE',  ( -4.878626305066549484, 9.582854267076381660, 104.4427905574641784 ) ) ;
#6205 = VERTEX_POINT ( 'NONE', #1581 ) ;
#6206 = DIRECTION ( 'NONE',  ( 0.000000000000000000, 0.000000000000000000, 1.000000000000000000 ) ) ;
#6207 = EDGE_LOOP ( 'NONE', ( #6235, #2422, #5488, #1763 ) ) ;
#6208 = CARTESIAN_POINT ( 'NONE',  ( 4.887064412546628489, 9.249999999999996447, 105.3276488321528461 ) ) ;
#6209 = ORIENTED_EDGE ( 'NONE', *, *, #5416, .T. ) ;
#6210 = FACE_OUTER_BOUND ( 'NONE', #3866, .T. ) ;
#6211 = CARTESIAN_POINT ( 'NONE',  ( -18.11169591142175861, 0.000000000000000000, 134.0714093900724038 ) ) ;
#6212 = CARTESIAN_POINT ( 'NONE',  ( -7.993091209573397471, 8.499999999999996447, 102.4032092842993933 ) ) ;
#6213 = ORIENTED_EDGE ( 'NONE', *, *, #303, .F. ) ;
#6214 = CARTESIAN_POINT ( 'NONE',  ( -33.75000000000054001, 2.250000000000000000, 127.7740925722955012 ) ) ;
#6215 = DIRECTION ( 'NONE',  ( -2.419433718647665781E-16, 1.000000000000000000, 0.000000000000000000 ) ) ;
#6216 = VERTEX_POINT ( 'NONE', #10753 ) ;
#6217 = CARTESIAN_POINT ( 'NONE',  ( -19.75000000000000355, 2.250000000000001776, 127.9111501086128726 ) ) ;
#6218 = CARTESIAN_POINT ( 'NONE',  ( 13.68983573714720769, 27.85034443548722649, 163.0000000000001421 ) ) ;
#6219 = EDGE_CURVE ( 'NONE', #11473, #537, #6327, .T. ) ;
#6220 = CARTESIAN_POINT ( 'NONE',  ( 5.728982562158706493, 9.686717615493323663, 105.2721164367716824 ) ) ;
#6221 = DIRECTION ( 'NONE',  ( 0.000000000000000000, 0.000000000000000000, 1.000000000000000000 ) ) ;
#6222 = DIRECTION ( 'NONE',  ( 0.000000000000000000, 0.000000000000000000, -1.000000000000000000 ) ) ;
#6223 = EDGE_CURVE ( 'NONE', #4743, #6455, #8148, .T. ) ;
#6224 = LINE ( 'NONE', #2730, #169 ) ;
#6225 = VECTOR ( 'NONE', #11506, 1000.000000000000000 ) ;
#6226 = EDGE_LOOP ( 'NONE', ( #1400, #2, #9678, #9307, #10376 ) ) ;
#6227 = DIRECTION ( 'NONE',  ( -0.4975428121645202317, 0.4975428121645261714, -0.7105647754616294387 ) ) ;
#6228 = CARTESIAN_POINT ( 'NONE',  ( 8.143892746597710897, 9.178987193325403027, 103.6372912105961888 ) ) ;
#6229 = AXIS2_PLACEMENT_3D ( 'NONE', #1592, #2479, #5327 ) ;
#6230 = ORIENTED_EDGE ( 'NONE', *, *, #6882, .T. ) ;
#6231 = CARTESIAN_POINT ( 'NONE',  ( -8.077344618109883356, 9.011488837849888967, 103.8500000000000085 ) ) ;
#6232 = DIRECTION ( 'NONE',  ( -0.000000000000000000, 0.9762960071199324741, 0.2164396139381068174 ) ) ;
#6233 = CARTESIAN_POINT ( 'NONE',  ( -4.767031609911527745, 9.569225271043682923, 103.6025780509287273 ) ) ;
#6234 = DIRECTION ( 'NONE',  ( 0.7071067811865483499, 0.7071067811865465735, -1.598181036901634487E-15 ) ) ;
#6235 = ORIENTED_EDGE ( 'NONE', *, *, #11362, .F. ) ;
#6236 = CARTESIAN_POINT ( 'NONE',  ( 12.08750162854155441, 21.45637587167328064, 100.1000000000000085 ) ) ;
#6237 = VECTOR ( 'NONE', #10679, 1000.000000000000000 ) ;
#6238 = AXIS2_PLACEMENT_3D ( 'NONE', #2608, #9895, #760 ) ;
#6239 = EDGE_CURVE ( 'NONE', #10493, #4814, #2762, .T. ) ;
#6240 = ORIENTED_EDGE ( 'NONE', *, *, #3335, .F. ) ;
#6241 = ORIENTED_EDGE ( 'NONE', *, *, #11154, .T. ) ;
#6242 = VERTEX_POINT ( 'NONE', #2645 ) ;
#6243 = CIRCLE ( 'NONE', #5114, 2.375000000000043965 ) ;
#6244 = CARTESIAN_POINT ( 'NONE',  ( 5.596142019075250218, 16.20798330749885352, 107.6000000000000085 ) ) ;
#6245 = CARTESIAN_POINT ( 'NONE',  ( -16.25000000000000000, 4.499999999999995559, 107.6000000000000085 ) ) ;
#6246 = CARTESIAN_POINT ( 'NONE',  ( -17.44999999998816875, 2.250000000000000000, 154.5000000000001705 ) ) ;
#6247 = DIRECTION ( 'NONE',  ( 0.000000000000000000, 0.000000000000000000, 1.000000000000000000 ) ) ;
#6248 = LINE ( 'NONE', #3522, #3309 ) ;
#6249 = CARTESIAN_POINT ( 'NONE',  ( -6.666864724385689556, 8.834819548039106962, 105.4230269381099561 ) ) ;
#6250 = DIRECTION ( 'NONE',  ( -1.000000000000000000, 0.000000000000000000, 0.000000000000000000 ) ) ;
#6251 = ADVANCED_FACE ( 'NONE', ( #10992 ), #980, .F. ) ;
#6252 = VERTEX_POINT ( 'NONE', #1872 ) ;
#6253 = EDGE_CURVE ( 'NONE', #10596, #3020, #7073, .T. ) ;
#6254 = VECTOR ( 'NONE', #9757, 1000.000000000000000 ) ;
#6255 = VERTEX_POINT ( 'NONE', #11695 ) ;
#6256 = DIRECTION ( 'NONE',  ( 1.000000000000000000, 0.000000000000000000, 0.000000000000000000 ) ) ;
#6257 = CARTESIAN_POINT ( 'NONE',  ( -26.00112609145443088, 2.250000000000000000, 148.0463266998052632 ) ) ;
#6258 = FACE_OUTER_BOUND ( 'NONE', #4844, .T. ) ;
#6259 = CARTESIAN_POINT ( 'NONE',  ( 26.00112609145443088, 0.000000000000000000, 148.0463266998052632 ) ) ;
#6260 = CARTESIAN_POINT ( 'NONE',  ( -6.906075003723615602, 9.830447010717231038, 102.2372779116217600 ) ) ;
#6261 = EDGE_CURVE ( 'NONE', #2000, #1573, #4665, .T. ) ;
#6262 = EDGE_LOOP ( 'NONE', ( #7899, #1100, #2328, #7912 ) ) ;
#6263 = CARTESIAN_POINT ( 'NONE',  ( 19.75000000000000000, 7.249999999999999112, 107.4242565173703667 ) ) ;
#6264 = EDGE_CURVE ( 'NONE', #9595, #1524, #3301, .T. ) ;
#6265 = ORIENTED_EDGE ( 'NONE', *, *, #4193, .T. ) ;
#6266 = CARTESIAN_POINT ( 'NONE',  ( 2.373059856603840334, 13.27961810182817715, 105.0706747149976223 ) ) ;
#6267 = VECTOR ( 'NONE', #8842, 1000.000000000000000 ) ;
#6268 = ORIENTED_EDGE ( 'NONE', *, *, #6671, .F. ) ;
#6269 = VECTOR ( 'NONE', #10085, 1000.000000000000000 ) ;
#6270 = DIRECTION ( 'NONE',  ( -0.8660254037844455910, -0.000000000000000000, -0.4999999999999880096 ) ) ;
#6271 = DIRECTION ( 'NONE',  ( 8.659560562354968603E-17, 0.7071067811865444641, -0.7071067811865505703 ) ) ;
#6272 = CARTESIAN_POINT ( 'NONE',  ( -26.50000000000052935, 2.250000000000000000, 87.60000000000000853 ) ) ;
#6273 = VERTEX_POINT ( 'NONE', #1819 ) ;
#6274 = VECTOR ( 'NONE', #3804, 1000.000000000000000 ) ;
#6275 = CARTESIAN_POINT ( 'NONE',  ( 1.983322980379338851, 13.22626163549556289, 105.2733893669589236 ) ) ;
#6276 = VERTEX_POINT ( 'NONE', #3534 ) ;
#6277 = FACE_OUTER_BOUND ( 'NONE', #5328, .T. ) ;
#6278 = ORIENTED_EDGE ( 'NONE', *, *, #6970, .T. ) ;
#6279 = CARTESIAN_POINT ( 'NONE',  ( 13.65562035571258903, 27.51119360908066724, 105.0119234161170994 ) ) ;
#6280 = LINE ( 'NONE', #1953, #3457 ) ;
#6281 = FACE_OUTER_BOUND ( 'NONE', #7343, .T. ) ;
#6282 = CARTESIAN_POINT ( 'NONE',  ( -2.709765764897707642E-16, 11.61101189481678553, 114.1237112262283233 ) ) ;
#6283 = CIRCLE ( 'NONE', #4390, 1.549999999999995826 ) ;
#6284 = CARTESIAN_POINT ( 'NONE',  ( -5.330834210579467936, 16.64226215436969269, 107.6000000000000085 ) ) ;
#6285 = EDGE_CURVE ( 'NONE', #764, #3311, #3589, .T. ) ;
#6286 = ORIENTED_EDGE ( 'NONE', *, *, #10400, .T. ) ;
#6287 = CARTESIAN_POINT ( 'NONE',  ( -54.83352029799014815, 7.249999999999999112, 38.39484425922750432 ) ) ;
#6288 = CARTESIAN_POINT ( 'NONE',  ( 4.706313649554560996, 8.964247769167640101, 103.0356306489844940 ) ) ;
#6289 = ORIENTED_EDGE ( 'NONE', *, *, #9996, .T. ) ;
#6290 = VECTOR ( 'NONE', #9329, 1000.000000000000000 ) ;
#6291 = CARTESIAN_POINT ( 'NONE',  ( 9.999999999999998224, 8.500000000000000000, 107.6000000000000085 ) ) ;
#6292 = CARTESIAN_POINT ( 'NONE',  ( -15.94830303527152537, 27.73507506979734316, 107.5047241348394067 ) ) ;
#6293 = CARTESIAN_POINT ( 'NONE',  ( -6.519696875636454614, 9.783263329319334289, 102.2289011817604916 ) ) ;
#6294 = CARTESIAN_POINT ( 'NONE',  ( 29.37500000000054357, 0.000000000000000000, 119.8000000000000682 ) ) ;
#6295 = VERTEX_POINT ( 'NONE', #6501 ) ;
#6296 = CIRCLE ( 'NONE', #9138, 2.000000000000001776 ) ;
#6297 = FACE_OUTER_BOUND ( 'NONE', #4250, .T. ) ;
#6298 = ADVANCED_FACE ( 'NONE', ( #10111 ), #3714, .F. ) ;
#6299 = VECTOR ( 'NONE', #2660, 1000.000000000000114 ) ;
#6300 = EDGE_CURVE ( 'NONE', #9395, #9301, #8215, .T. ) ;
#6301 = VECTOR ( 'NONE', #3303, 1000.000000000000114 ) ;
#6302 = EDGE_CURVE ( 'NONE', #10754, #11038, #552, .T. ) ;
#6303 = ORIENTED_EDGE ( 'NONE', *, *, #8433, .F. ) ;
#6304 = B_SPLINE_CURVE_WITH_KNOTS ( 'NONE', 3,
 ( #875, #2481, #8051, #11596 ),
 .UNSPECIFIED., .F., .F.,
 ( 4, 4 ),
 ( 0.0006606262640832956910, 0.0008837436163812440989 ),
 .UNSPECIFIED. ) ;
#6305 = ADVANCED_FACE ( 'NONE', ( #3654 ), #10043, .F. ) ;
#6306 = VECTOR ( 'NONE', #3637, 1000.000000000000000 ) ;
#6307 = ORIENTED_EDGE ( 'NONE', *, *, #1618, .F. ) ;
#6308 = DIRECTION ( 'NONE',  ( -1.000000000000000000, 0.000000000000000000, 0.000000000000000000 ) ) ;
#6309 = LINE ( 'NONE', #9967, #4525 ) ;
#6310 = DIRECTION ( 'NONE',  ( 0.000000000000000000, -1.000000000000000000, 0.000000000000000000 ) ) ;
#6311 = LINE ( 'NONE', #1567, #1727 ) ;
#6312 = LINE ( 'NONE', #9030, #4827 ) ;
#6313 = CARTESIAN_POINT ( 'NONE',  ( -7.825668786308222380, 8.979965247428793873, 104.6643693510115156 ) ) ;
#6314 = CARTESIAN_POINT ( 'NONE',  ( -13.75000000000000178, 0.000000000000000000, 88.60000000000002274 ) ) ;
#6315 = VERTEX_POINT ( 'NONE', #9165 ) ;
#6316 = EDGE_CURVE ( 'NONE', #1901, #837, #7502, .T. ) ;
#6317 = VERTEX_POINT ( 'NONE', #8092 ) ;
#6318 = ORIENTED_EDGE ( 'NONE', *, *, #4895, .T. ) ;
#6319 = VECTOR ( 'NONE', #1282, 1000.000000000000000 ) ;
#6320 = CARTESIAN_POINT ( 'NONE',  ( 5.713949910657335707, 9.027193006022208976, 105.3920051475182618 ) ) ;
#6321 = CARTESIAN_POINT ( 'NONE',  ( -21.19397030262947013, 43.19397030262995685, 52.43710053280394590 ) ) ;
#6322 = LINE ( 'NONE', #8032, #3098 ) ;
#6323 = EDGE_CURVE ( 'NONE', #9993, #9471, #9043, .T. ) ;
#6324 = CARTESIAN_POINT ( 'NONE',  ( 15.95560520473883415, 26.79379878113547164, 100.3144660940672566 ) ) ;
#6325 = CARTESIAN_POINT ( 'NONE',  ( -6.006989913973921347, 9.720650425341155199, 105.3811519480162104 ) ) ;
#6326 = ORIENTED_EDGE ( 'NONE', *, *, #10349, .F. ) ;
#6327 = LINE ( 'NONE', #85, #10103 ) ;
#6328 = ORIENTED_EDGE ( 'NONE', *, *, #4000, .F. ) ;
#6329 = CARTESIAN_POINT ( 'NONE',  ( -4.000000000000000888, 0.000000000000000000, 96.10000000000006537 ) ) ;
#6331 = VECTOR ( 'NONE', #10169, 1000.000000000000000 ) ;
#6330 = LINE ( 'NONE', #8042, #8368 ) ;
#6332 = VERTEX_POINT ( 'NONE', #24 ) ;
#6333 = VERTEX_POINT ( 'NONE', #380 ) ;
#6334 = LINE ( 'NONE', #6978, #7364 ) ;
#6335 = DIRECTION ( 'NONE',  ( 0.000000000000000000, -1.000000000000000000, 0.000000000000000000 ) ) ;
#6336 = CARTESIAN_POINT ( 'NONE',  ( 12.74999999999999289, 13.96768987689089769, 109.2687067062699384 ) ) ;
#6337 = ORIENTED_EDGE ( 'NONE', *, *, #8112, .T. ) ;
#6338 = AXIS2_PLACEMENT_3D ( 'NONE', #4834, #5781, #4705 ) ;
#6339 = CARTESIAN_POINT ( 'NONE',  ( 2.491239737712352298, 13.89836398442777643, 102.7199193941527398 ) ) ;
#6340 = VERTEX_POINT ( 'NONE', #9456 ) ;
#6341 = CARTESIAN_POINT ( 'NONE',  ( 15.79265977021659850, 26.57774738816301507, 107.4062757066576097 ) ) ;
#6342 = EDGE_CURVE ( 'NONE', #2888, #34, #4013, .T. ) ;
#6343 = PLANE ( 'NONE',  #199 ) ;
#6344 = EDGE_LOOP ( 'NONE', ( #9882, #5762, #2609, #2107 ) ) ;
#6345 = CARTESIAN_POINT ( 'NONE',  ( -2.118567389714006044, 13.96082144549166948, 102.4826307016226963 ) ) ;
#6346 = CARTESIAN_POINT ( 'NONE',  ( 5.979458902258600439, 9.717291279640676294, 105.3705629418197844 ) ) ;
#6347 = CARTESIAN_POINT ( 'NONE',  ( 15.99999999999998579, 2.250000000000000444, 89.43550806100932959 ) ) ;
#6348 = CARTESIAN_POINT ( 'NONE',  ( -15.54806379397354732, 26.49054259212001838, 107.4630542771134145 ) ) ;
#6349 = DIRECTION ( 'NONE',  ( -0.000000000000000000, -1.000000000000000000, -0.000000000000000000 ) ) ;
#6350 = ORIENTED_EDGE ( 'NONE', *, *, #9119, .F. ) ;
#6351 = LINE ( 'NONE', #4568, #2630 ) ;
#6352 = CIRCLE ( 'NONE', #11628, 0.4999999999999865663 ) ;
#6353 = CARTESIAN_POINT ( 'NONE',  ( 4.917668448078034160, 8.977450725796904507, 102.7761569508089536 ) ) ;
#6354 = EDGE_LOOP ( 'NONE', ( #4632, #9189, #4284, #907 ) ) ;
#6355 = FACE_OUTER_BOUND ( 'NONE', #5775, .T. ) ;
#6356 = DIRECTION ( 'NONE',  ( -0.5735764363510335029, 0.000000000000000000, 0.8191520442890006803 ) ) ;
#6357 = CARTESIAN_POINT ( 'NONE',  ( 29.37500000000054357, 2.250000000000000000, 82.35000000000000853 ) ) ;
#6358 = CARTESIAN_POINT ( 'NONE',  ( 7.750000000000001776, 9.249999999999994671, 107.6000000000000085 ) ) ;
#6359 = ORIENTED_EDGE ( 'NONE', *, *, #2126, .F. ) ;
#6360 = CYLINDRICAL_SURFACE ( 'NONE', #8518, 0.4999999999999987232 ) ;
#6361 = ORIENTED_EDGE ( 'NONE', *, *, #4028, .F. ) ;
#6362 = EDGE_LOOP ( 'NONE', ( #1765, #5507, #9229, #10856, #4753, #6372, #1731, #2850, #10436 ) ) ;
#6363 = LINE ( 'NONE', #5360, #10082 ) ;
#6364 = EDGE_CURVE ( 'NONE', #1053, #2918, #5846, .T. ) ;
#6365 = CARTESIAN_POINT ( 'NONE',  ( 11.99999999998817479, 2.250000000000000000, 155.5000000000000853 ) ) ;
#6366 = LINE ( 'NONE', #718, #7243 ) ;
#6367 = DIRECTION ( 'NONE',  ( 0.000000000000000000, -0.000000000000000000, 1.000000000000000000 ) ) ;
#6368 = CARTESIAN_POINT ( 'NONE',  ( 15.29114218035016037, 26.55195401848749981, 107.5242346141747731 ) ) ;
#6369 = EDGE_CURVE ( 'NONE', #3872, #4787, #4786, .T. ) ;
#6370 = ADVANCED_FACE ( 'NONE', ( #11113 ), #7629, .F. ) ;
#6371 = CARTESIAN_POINT ( 'NONE',  ( -7.016988944574480414, 8.878674265572852775, 105.3106033331476254 ) ) ;
#6372 = ORIENTED_EDGE ( 'NONE', *, *, #6302, .T. ) ;
#6373 = ORIENTED_EDGE ( 'NONE', *, *, #490, .F. ) ;
#6374 = ORIENTED_EDGE ( 'NONE', *, *, #11170, .F. ) ;
#6375 = CARTESIAN_POINT ( 'NONE',  ( 4.925118264955059999, 8.499999999999996447, 102.4200881589088681 ) ) ;
#6376 = CYLINDRICAL_SURFACE ( 'NONE', #5601, 0.5000000000000004441 ) ;
#6377 = LINE ( 'NONE', #8987, #9140 ) ;
#6378 = CARTESIAN_POINT ( 'NONE',  ( -13.83775212875645266, 28.16755216095005210, 107.3855339059327321 ) ) ;
#6379 = CARTESIAN_POINT ( 'NONE',  ( -6.501090864058628682, 9.780990206045871105, 105.4722008676847906 ) ) ;
#6380 = ORIENTED_EDGE ( 'NONE', *, *, #3564, .F. ) ;
#6381 = AXIS2_PLACEMENT_3D ( 'NONE', #10453, #2345, #9569 ) ;
#6382 = DIRECTION ( 'NONE',  ( 0.000000000000000000, -0.9940563382223012168, -0.1088668748521327695 ) ) ;
#6383 = EDGE_CURVE ( 'NONE', #8415, #8154, #1338, .T. ) ;
#6384 = ORIENTED_EDGE ( 'NONE', *, *, #9627, .T. ) ;
#6385 = LINE ( 'NONE', #8213, #3869 ) ;
#6386 = CARTESIAN_POINT ( 'NONE',  ( 2.249248478302950272, 13.25863640274926247, 105.1503985116678024 ) ) ;
#6387 = EDGE_CURVE ( 'NONE', #11487, #5437, #6563, .T. ) ;
#6388 = VERTEX_POINT ( 'NONE', #8397 ) ;
#6389 = ORIENTED_EDGE ( 'NONE', *, *, #7707, .F. ) ;
#6390 = CARTESIAN_POINT ( 'NONE',  ( -33.75000000000054001, 2.250000000000000000, 79.62590742770457553 ) ) ;
#6391 = CARTESIAN_POINT ( 'NONE',  ( 8.749999999999996447, 6.250000000000003553, 136.5914722278378406 ) ) ;
#6392 = FACE_OUTER_BOUND ( 'NONE', #10831, .T. ) ;
#6393 = EDGE_LOOP ( 'NONE', ( #8524, #3075, #120, #10255 ) ) ;
#6394 = CARTESIAN_POINT ( 'NONE',  ( 15.99999999999998934, 7.249999999999999112, 94.43550806100934381 ) ) ;
#6395 = EDGE_LOOP ( 'NONE', ( #8875, #7710, #7320, #927, #1242 ) ) ;
#6396 = PLANE ( 'NONE',  #3053 ) ;
#6397 = CARTESIAN_POINT ( 'NONE',  ( -4.464140169099125366, 9.249999999999998224, 102.9497434806202136 ) ) ;
#6398 = VERTEX_POINT ( 'NONE', #10342 ) ;
#6399 = CARTESIAN_POINT ( 'NONE',  ( -2.544003289526595601, 13.88447587612495582, 102.7726829459669773 ) ) ;
#6400 = CARTESIAN_POINT ( 'NONE',  ( -8.499999999999998224, 8.500000000000000000, 100.1000000000000227 ) ) ;
#6401 = CARTESIAN_POINT ( 'NONE',  ( -21.38830408857765519, 2.250000000000000444, 140.2771036446683013 ) ) ;
#6402 = CARTESIAN_POINT ( 'NONE',  ( 7.140878715601453486, 9.859120950853577980, 105.4203057533346595 ) ) ;
#6403 = ADVANCED_FACE ( 'NONE', ( #7509 ), #6740, .F. ) ;
#6404 = EDGE_CURVE ( 'NONE', #10701, #4775, #3678, .T. ) ;
#6405 = CARTESIAN_POINT ( 'NONE',  ( -4.576778989265765318, 8.500000000000000000, 105.4994396525127058 ) ) ;
#6406 = ORIENTED_EDGE ( 'NONE', *, *, #3864, .F. ) ;
#6407 = PLANE ( 'NONE',  #10758 ) ;
#6408 = CARTESIAN_POINT ( 'NONE',  ( 7.435532764700210073, 9.134737210906108018, 102.5579504388046672 ) ) ;
#6409 = ORIENTED_EDGE ( 'NONE', *, *, #1443, .F. ) ;
#6410 = DIRECTION ( 'NONE',  ( 1.000000000000000000, 0.000000000000000000, 0.000000000000000000 ) ) ;
#6411 = CARTESIAN_POINT ( 'NONE',  ( -7.140878715601372662, 9.859120950853688115, 105.4203057533346879 ) ) ;
#6412 = CARTESIAN_POINT ( 'NONE',  ( -10.00000000000001066, 2.249999999999998668, 94.10000000000003695 ) ) ;
#6413 = DIRECTION ( 'NONE',  ( -0.5735764363510393871, 0.000000000000000000, 0.8191520442889964615 ) ) ;
#6414 = ORIENTED_EDGE ( 'NONE', *, *, #5300, .T. ) ;
#6415 = EDGE_CURVE ( 'NONE', #3966, #8634, #4630, .T. ) ;
#6416 = LINE ( 'NONE', #10972, #6996 ) ;
#6417 = VECTOR ( 'NONE', #2594, 1000.000000000000000 ) ;
#6418 = ORIENTED_EDGE ( 'NONE', *, *, #9873, .T. ) ;
#6419 = ORIENTED_EDGE ( 'NONE', *, *, #2196, .T. ) ;
#6420 = CARTESIAN_POINT ( 'NONE',  ( 29.37500000000054357, 2.250000000000000000, 119.8000000000000682 ) ) ;
#6421 = PLANE ( 'NONE',  #6610 ) ;
#6422 = FACE_OUTER_BOUND ( 'NONE', #3978, .T. ) ;
#6423 = AXIS2_PLACEMENT_3D ( 'NONE', #8077, #11564, #8800 ) ;
#6424 = CYLINDRICAL_SURFACE ( 'NONE', #5325, 0.5000000000000022204 ) ;
#6425 = FACE_OUTER_BOUND ( 'NONE', #3260, .T. ) ;
#6426 = VECTOR ( 'NONE', #7825, 1000.000000000000000 ) ;
#6427 = CARTESIAN_POINT ( 'NONE',  ( -4.914784363578116988, 8.615363181158214090, 102.6257460103365560 ) ) ;
#6428 = VERTEX_POINT ( 'NONE', #4072 ) ;
#6429 = VECTOR ( 'NONE', #533, 1000.000000000000000 ) ;
#6430 = ORIENTED_EDGE ( 'NONE', *, *, #6548, .T. ) ;
#6431 = CARTESIAN_POINT ( 'NONE',  ( 7.529416650772430941, 9.140601969523654446, 105.0742539896652517 ) ) ;
#6432 = DIRECTION ( 'NONE',  ( 0.8191520442889876907, 0.000000000000000000, -0.5735764363510519326 ) ) ;
#6433 = LINE ( 'NONE', #8205, #4042 ) ;
#6434 = CARTESIAN_POINT ( 'NONE',  ( 16.13584918985604943, 27.18033325459955662, 104.8883279828647517 ) ) ;
#6435 = CARTESIAN_POINT ( 'NONE',  ( -7.981593435704439798, 9.961789697507198227, 102.6854198012577086 ) ) ;
#6436 = DIRECTION ( 'NONE',  ( 0.4226182617407002184, 0.9063077870366496036, -0.000000000000000000 ) ) ;
#6437 = ORIENTED_EDGE ( 'NONE', *, *, #194, .F. ) ;
#6438 = CARTESIAN_POINT ( 'NONE',  ( -11.99999999998817479, 2.250000000000000000, 163.0000000000001421 ) ) ;
#6439 = EDGE_LOOP ( 'NONE', ( #5701, #2951, #10973, #2697 ) ) ;
#6440 = AXIS2_PLACEMENT_3D ( 'NONE', #7055, #3677, #8172 ) ;
#6441 = LINE ( 'NONE', #5492, #4243 ) ;
#6442 = DIRECTION ( 'NONE',  ( -0.000000000000000000, -1.000000000000000000, -0.000000000000000000 ) ) ;
#6443 = ORIENTED_EDGE ( 'NONE', *, *, #2838, .F. ) ;
#6444 = ORIENTED_EDGE ( 'NONE', *, *, #729, .T. ) ;
#6445 = EDGE_CURVE ( 'NONE', #6701, #10681, #3834, .T. ) ;
#6446 = FACE_OUTER_BOUND ( 'NONE', #7001, .T. ) ;
#6447 = CARTESIAN_POINT ( 'NONE',  ( -15.25000000000002665, 14.53030822565386337, 138.8414722278378406 ) ) ;
#6448 = DIRECTION ( 'NONE',  ( 1.564652546959473522E-15, 0.2164396139381068729, -0.9762960071199324741 ) ) ;
#6449 = ORIENTED_EDGE ( 'NONE', *, *, #7555, .T. ) ;
#6450 = DIRECTION ( 'NONE',  ( -1.000000000000000000, 0.000000000000000000, 0.000000000000000000 ) ) ;
#6451 = ORIENTED_EDGE ( 'NONE', *, *, #6828, .F. ) ;
#6452 = CARTESIAN_POINT ( 'NONE',  ( -8.044219505541162718, 9.007340749768555810, 104.1618248790658185 ) ) ;
#6453 = CARTESIAN_POINT ( 'NONE',  ( -6.082913531126115991, 9.249999999999998224, 101.7344391100870098 ) ) ;
#6454 = EDGE_CURVE ( 'NONE', #10289, #2777, #7668, .T. ) ;
#6455 = VERTEX_POINT ( 'NONE', #1279 ) ;
#6456 = CIRCLE ( 'NONE', #11735, 1.000000000000000888 ) ;
#6457 = CARTESIAN_POINT ( 'NONE',  ( -1.887723163442864394, 13.98253084117788703, 102.4001447244925629 ) ) ;
#6458 = CARTESIAN_POINT ( 'NONE',  ( 4.767035377490081771, 9.569225731407584590, 104.0974357716171710 ) ) ;
#6459 = CARTESIAN_POINT ( 'NONE',  ( 8.237370610781965752, 9.993025295517551143, 104.7466662329552207 ) ) ;
#6460 = VECTOR ( 'NONE', #1255, 1000.000000000000000 ) ;
#6461 = CIRCLE ( 'NONE', #3614, 2.000000000000001776 ) ;
#6462 = CARTESIAN_POINT ( 'NONE',  ( -3.757438380699745117, 8.500000000000000000, 103.9932944374939296 ) ) ;
#6463 = VERTEX_POINT ( 'NONE', #6616 ) ;
#6464 = EDGE_LOOP ( 'NONE', ( #7295, #1199, #7231, #9954 ) ) ;
#6465 = DIRECTION ( 'NONE',  ( 0.000000000000000000, -1.000000000000000000, 0.000000000000000000 ) ) ;
#6466 = CARTESIAN_POINT ( 'NONE',  ( 6.188139824846661696, 9.056814802711064871, 105.4750000000000085 ) ) ;
#6467 = AXIS2_PLACEMENT_3D ( 'NONE', #7926, #6157, #9763 ) ;
#6468 = EDGE_LOOP ( 'NONE', ( #6576, #4313, #10983, #3516 ) ) ;
#6469 = CARTESIAN_POINT ( 'NONE',  ( -38.85874574462972930, 7.249999999999999112, 27.20918669576420967 ) ) ;
#6470 = CARTESIAN_POINT ( 'NONE',  ( -19.74999999999982236, 0.000000000000000000, 122.4242565173703525 ) ) ;
#6471 = EDGE_CURVE ( 'NONE', #2623, #6598, #8512, .T. ) ;
#6472 = AXIS2_PLACEMENT_3D ( 'NONE', #9242, #1115, #1894 ) ;
#6473 = CARTESIAN_POINT ( 'NONE',  ( -5.092050811131552557, 9.608924911785235778, 104.7797853895102094 ) ) ;
#6474 = DIRECTION ( 'NONE',  ( 0.4226182617407008291, -0.9063077870366492705, 0.000000000000000000 ) ) ;
#6475 = VERTEX_POINT ( 'NONE', #10398 ) ;
#6476 = CARTESIAN_POINT ( 'NONE',  ( 11.56273393245810510, 8.500000000000000000, 100.1000000000000227 ) ) ;
#6477 = AXIS2_PLACEMENT_3D ( 'NONE', #11028, #1848, #3805 ) ;
#6478 = EDGE_LOOP ( 'NONE', ( #9081, #10656, #1778, #9314, #2571, #8721, #3029, #5792, #3862, #6771, #560, #5972, #10240, #11636, #7991, #4192, #222, #2293, #6154, #11269, #10587, #2262, #8931, #11342, #10960, #3558, #5126, #874, #2763, #5840, #4708, #10935, #8253, #4584, #1947, #11270, #6539, #7969, #4790, #5861, #5819, #9362, #6605, #5637, #6669, #4119, #6199, #6788, #5619, #11610, #8343, #936, #4701, #10466 ) ) ;
#6479 = ORIENTED_EDGE ( 'NONE', *, *, #10279, .T. ) ;
#6480 = DIRECTION ( 'NONE',  ( 0.000000000000000000, 0.000000000000000000, -1.000000000000000000 ) ) ;
#6481 = ADVANCED_FACE ( 'NONE', ( #11169 ), #11056, .T. ) ;
#6482 = CARTESIAN_POINT ( 'NONE',  ( -19.75000000000001776, 2.250000000000000000, 0.000000000000000000 ) ) ;
#6483 = CARTESIAN_POINT ( 'NONE',  ( 21.38830408857782928, 7.249999999999999112, 123.2771036446682871 ) ) ;
#6484 = VECTOR ( 'NONE', #6804, 1000.000000000000000 ) ;
#6485 = FACE_OUTER_BOUND ( 'NONE', #970, .T. ) ;
#6486 = PLANE ( 'NONE',  #3501 ) ;
#6487 = CIRCLE ( 'NONE', #2296, 2.000000000000001776 ) ;
#6488 = CARTESIAN_POINT ( 'NONE',  ( -4.001827687401855016, 8.500000000000000000, 104.8202206981167279 ) ) ;
#6489 = VECTOR ( 'NONE', #2957, 1000.000000000000000 ) ;
#6490 = ORIENTED_EDGE ( 'NONE', *, *, #9199, .F. ) ;
#6491 = VECTOR ( 'NONE', #9911, 1000.000000000000000 ) ;
#6492 = CIRCLE ( 'NONE', #5753, 1.999999999999974021 ) ;
#6493 = EDGE_LOOP ( 'NONE', ( #187, #202, #6013, #328 ) ) ;
#6494 = CARTESIAN_POINT ( 'NONE',  ( 8.143892746597710897, 9.178987193325403027, 103.6372912105961888 ) ) ;
#6495 = CYLINDRICAL_SURFACE ( 'NONE', #8623, 0.5000000000000022204 ) ;
#6496 = PLANE ( 'NONE',  #5545 ) ;
#6497 = DIRECTION ( 'NONE',  ( 0.000000000000000000, -1.000000000000000000, 0.000000000000000000 ) ) ;
#6498 = CARTESIAN_POINT ( 'NONE',  ( -8.499999999999998224, 8.500000000000000000, 0.000000000000000000 ) ) ;
#6499 = CARTESIAN_POINT ( 'NONE',  ( 7.839996678112651551, 9.160003365220998006, 104.7587792889157186 ) ) ;
#6500 = ORIENTED_EDGE ( 'NONE', *, *, #11137, .T. ) ;
#6501 = CARTESIAN_POINT ( 'NONE',  ( -13.93168049979518130, 27.18588141109855272, 100.1757653858252439 ) ) ;
#6502 = VERTEX_POINT ( 'NONE', #8331 ) ;
#6503 = CARTESIAN_POINT ( 'NONE',  ( 7.956821724094942816, 9.167297108269435668, 103.1151928789902144 ) ) ;
#6504 = CARTESIAN_POINT ( 'NONE',  ( 12.74999999999999289, 20.75294712637442984, 110.7729620231397831 ) ) ;
#6505 = ORIENTED_EDGE ( 'NONE', *, *, #8392, .F. ) ;
#6506 = AXIS2_PLACEMENT_3D ( 'NONE', #6770, #1487, #3380 ) ;
#6507 = ORIENTED_EDGE ( 'NONE', *, *, #9996, .F. ) ;
#6508 = LINE ( 'NONE', #9293, #8952 ) ;
#6509 = CARTESIAN_POINT ( 'NONE',  ( -4.760832311550895035, 17.57529073286427490, 107.6000000000000085 ) ) ;
#6510 = CYLINDRICAL_SURFACE ( 'NONE', #674, 3.750000000000000000 ) ;
#6511 = CARTESIAN_POINT ( 'NONE',  ( 1.733116358441263216, 14.26743211552942192, 102.1413739473602647 ) ) ;
#6512 = ORIENTED_EDGE ( 'NONE', *, *, #4709, .T. ) ;
#6513 = DIRECTION ( 'NONE',  ( -0.000000000000000000, -1.000000000000000000, -0.000000000000000000 ) ) ;
#6514 = CARTESIAN_POINT ( 'NONE',  ( -6.589672635954477720, 9.249999999999998224, 106.0267460062639771 ) ) ;
#6515 = ORIENTED_EDGE ( 'NONE', *, *, #10488, .F. ) ;
#6516 = AXIS2_PLACEMENT_3D ( 'NONE', #2950, #1160, #3901 ) ;
#6517 = EDGE_CURVE ( 'NONE', #11469, #10059, #2545, .T. ) ;
#6518 = CARTESIAN_POINT ( 'NONE',  ( -2.293650842483466512, 13.93617488781953995, 102.5762658781090266 ) ) ;
#6519 = CARTESIAN_POINT ( 'NONE',  ( -17.78872151457645856, 3.293812310677665778, 107.9512534463278968 ) ) ;
#6520 = CARTESIAN_POINT ( 'NONE',  ( -1.749999999999999778, 2.249999999999998668, 88.60000000000002274 ) ) ;
#6521 = ORIENTED_EDGE ( 'NONE', *, *, #10347, .F. ) ;
#6522 = CARTESIAN_POINT ( 'NONE',  ( -51.55691212083456776, 7.249999999999999112, 36.10053851382406265 ) ) ;
#6523 = EDGE_CURVE ( 'NONE', #2202, #4869, #4845, .T. ) ;
#6524 = CARTESIAN_POINT ( 'NONE',  ( -6.297766783074489005, 8.788588282033689580, 102.2250000000000227 ) ) ;
#6525 = ORIENTED_EDGE ( 'NONE', *, *, #9384, .F. ) ;
#6526 = DIRECTION ( 'NONE',  ( -0.006621501597491016855, 0.000000000000000000, 0.9999780776180017261 ) ) ;
#6527 = ORIENTED_EDGE ( 'NONE', *, *, #6906, .F. ) ;
#6528 = DIRECTION ( 'NONE',  ( 0.4226182617407009956, 0.9063077870366493816, 0.000000000000000000 ) ) ;
#6529 = CARTESIAN_POINT ( 'NONE',  ( 7.692906309821353261, 8.500000000000000000, 102.4200881589088254 ) ) ;
#6530 = VERTEX_POINT ( 'NONE', #9346 ) ;
#6531 = LINE ( 'NONE', #8365, #11380 ) ;
#6532 = VECTOR ( 'NONE', #9345, 1000.000000000000000 ) ;
#6533 = B_SPLINE_CURVE_WITH_KNOTS ( 'NONE', 3,
 ( #2357, #4135, #2586, #3417, #4307, #7916, #3475, #501 ),
 .UNSPECIFIED., .F., .F.,
 ( 4, 2, 2, 4 ),
 ( 0.000000000000000000, 0.0002220072680961429460, 0.0004440145361922858921, 0.0008880290723845985640 ),
 .UNSPECIFIED. ) ;
#6534 = CARTESIAN_POINT ( 'NONE',  ( 21.38830408857791809, 7.249999999999999112, 114.7771036446683013 ) ) ;
#6535 = CIRCLE ( 'NONE', #5971, 2.000000000000001776 ) ;
#6536 = DIRECTION ( 'NONE',  ( 0.9063077870366492705, -0.4226182617407009401, 0.000000000000000000 ) ) ;
#6537 = CARTESIAN_POINT ( 'NONE',  ( -1.250000000000006217, 2.249999999999998668, 88.60000000000002274 ) ) ;
#6538 = EDGE_CURVE ( 'NONE', #10763, #4579, #8455, .T. ) ;
#6539 = ORIENTED_EDGE ( 'NONE', *, *, #6155, .F. ) ;
#6540 = FACE_OUTER_BOUND ( 'NONE', #10901, .T. ) ;
#6541 = DIRECTION ( 'NONE',  ( 0.000000000000000000, 0.000000000000000000, -1.000000000000000000 ) ) ;
#6542 = EDGE_CURVE ( 'NONE', #8489, #6982, #8855, .T. ) ;
#6543 = AXIS2_PLACEMENT_3D ( 'NONE', #6099, #2478, #9708 ) ;
#6544 = VERTEX_POINT ( 'NONE', #2454 ) ;
#6545 = ORIENTED_EDGE ( 'NONE', *, *, #3190, .T. ) ;
#6546 = CARTESIAN_POINT ( 'NONE',  ( -29.37500000000054357, 2.250000000000000000, 119.8000000000000682 ) ) ;
#6547 = LINE ( 'NONE', #3754, #10202 ) ;
#6548 = EDGE_CURVE ( 'NONE', #5727, #7965, #1404, .T. ) ;
#6549 = VECTOR ( 'NONE', #5547, 1000.000000000000000 ) ;
#6550 = LINE ( 'NONE', #7371, #1377 ) ;
#6551 = LINE ( 'NONE', #10273, #11616 ) ;
#6552 = ADVANCED_FACE ( 'NONE', ( #545, #3406, #9514, #720, #664, #491, #5132, #1508, #4298, #6075, #11338, #9626, #11509, #10568, #1454, #5966, #5192, #6910, #9746, #2347, #2401, #5019 ), #4354, .F. ) ;
#6553 = DIRECTION ( 'NONE',  ( -0.7071067811865475727, 0.000000000000000000, 0.7071067811865475727 ) ) ;
#6554 = ORIENTED_EDGE ( 'NONE', *, *, #2213, .T. ) ;
#6555 = EDGE_CURVE ( 'NONE', #1521, #10267, #7016, .T. ) ;
#6556 = ORIENTED_EDGE ( 'NONE', *, *, #971, .T. ) ;
#6557 = CARTESIAN_POINT ( 'NONE',  ( 4.649061438664609192, 8.960671325847739510, 104.5701212598074932 ) ) ;
#6558 = CARTESIAN_POINT ( 'NONE',  ( -15.41186973489424616, 26.49565783525326879, 102.4777333278947964 ) ) ;
#6559 = DIRECTION ( 'NONE',  ( -0.3417677507634552247, -0.7329233067192132411, 0.5882331434098752032 ) ) ;
#6560 = FACE_OUTER_BOUND ( 'NONE', #8885, .T. ) ;
#6561 = DIRECTION ( 'NONE',  ( 0.000000000000000000, 0.000000000000000000, 1.000000000000000000 ) ) ;
#6562 = EDGE_LOOP ( 'NONE', ( #6414, #8050, #6268, #3605 ) ) ;
#6563 = LINE ( 'NONE', #2116, #824 ) ;
#6564 = ORIENTED_EDGE ( 'NONE', *, *, #2939, .T. ) ;
#6565 = CARTESIAN_POINT ( 'NONE',  ( -13.91590890337862341, 28.29392192247968296, 104.9098115997281582 ) ) ;
#6566 = CARTESIAN_POINT ( 'NONE',  ( 2.995653101804778728, 13.63115094158585627, 103.7351143833857918 ) ) ;
#6567 = ORIENTED_EDGE ( 'NONE', *, *, #1801, .F. ) ;
#6568 = EDGE_LOOP ( 'NONE', ( #7329, #4808, #49, #9353 ) ) ;
#6569 = DIRECTION ( 'NONE',  ( 0.000000000000000000, 0.000000000000000000, 1.000000000000000000 ) ) ;
#6570 = DIRECTION ( 'NONE',  ( 0.000000000000000000, 0.000000000000000000, -1.000000000000000000 ) ) ;
#6571 = DIRECTION ( 'NONE',  ( -0.4226182617407014952, -0.9063077870366490485, 0.000000000000000000 ) ) ;
#6572 = DIRECTION ( 'NONE',  ( -0.000000000000000000, -1.000000000000000000, -0.000000000000000000 ) ) ;
#6573 = VERTEX_POINT ( 'NONE', #3466 ) ;
#6574 = CARTESIAN_POINT ( 'NONE',  ( -3.358391833210450539, 2.250000000000000000, 150.5000000000000000 ) ) ;
#6575 = CARTESIAN_POINT ( 'NONE',  ( -5.378253650727463864, 9.249999999999998224, 102.0035877313347896 ) ) ;
#6576 = ORIENTED_EDGE ( 'NONE', *, *, #10920, .T. ) ;
#6577 = CARTESIAN_POINT ( 'NONE',  ( -2.791145108685794796, 13.39978355826504419, 104.6141536917588155 ) ) ;
#6578 = CARTESIAN_POINT ( 'NONE',  ( -17.05368864071152757, 4.946311359288461773, 115.5604184152887228 ) ) ;
#6579 = CARTESIAN_POINT ( 'NONE',  ( 7.907010397414596881, 9.952681590805545042, 102.6264431140510140 ) ) ;
#6580 = ORIENTED_EDGE ( 'NONE', *, *, #5296, .T. ) ;
#6581 = DIRECTION ( 'NONE',  ( -0.6985753890242762942, -0.6985753890242767383, -0.1548704352004014739 ) ) ;
#6582 = CARTESIAN_POINT ( 'NONE',  ( -6.489345210049053847, 8.499999999999996447, 106.0252528034335455 ) ) ;
#6583 = ORIENTED_EDGE ( 'NONE', *, *, #3392, .T. ) ;
#6584 = DIRECTION ( 'NONE',  ( 1.000000000000000000, 0.000000000000000000, 0.000000000000000000 ) ) ;
#6585 = ORIENTED_EDGE ( 'NONE', *, *, #6364, .F. ) ;
#6586 = CARTESIAN_POINT ( 'NONE',  ( -19.74999999999991118, 0.000000000000000000, 115.9242565173703525 ) ) ;
#6587 = EDGE_CURVE ( 'NONE', #7838, #3422, #8019, .T. ) ;
#6588 = CARTESIAN_POINT ( 'NONE',  ( 8.336219688310320564, 8.499999999999996447, 104.3421132080201943 ) ) ;
#6589 = VERTEX_POINT ( 'NONE', #7961 ) ;
#6590 = LINE ( 'NONE', #1129, #1546 ) ;
#6591 = CARTESIAN_POINT ( 'NONE',  ( -1.983322980379347955, 13.22626163549556289, 105.2733893669588952 ) ) ;
#6592 = EDGE_CURVE ( 'NONE', #11212, #8482, #9539, .T. ) ;
#6593 = DIRECTION ( 'NONE',  ( -0.000000000000000000, -0.000000000000000000, -1.000000000000000000 ) ) ;
#6594 = LINE ( 'NONE', #8305, #7282 ) ;
#6595 = EDGE_LOOP ( 'NONE', ( #7137, #10668, #2825, #10767 ) ) ;
#6596 = DIRECTION ( 'NONE',  ( 0.000000000000000000, 0.000000000000000000, -1.000000000000000000 ) ) ;
#6597 = EDGE_CURVE ( 'NONE', #30, #3713, #10456, .T. ) ;
#6598 = VERTEX_POINT ( 'NONE', #4184 ) ;
#6599 = ORIENTED_EDGE ( 'NONE', *, *, #7233, .T. ) ;
#6600 = DIRECTION ( 'NONE',  ( -0.000000000000000000, 0.000000000000000000, -1.000000000000000000 ) ) ;
#6601 = CARTESIAN_POINT ( 'NONE',  ( 21.38830408857799270, 0.000000000000000000, 106.2771036446682871 ) ) ;
#6602 = CARTESIAN_POINT ( 'NONE',  ( -15.50245131122050957, 27.00510791200582261, 163.0000000000001421 ) ) ;
#6603 = CARTESIAN_POINT ( 'NONE',  ( 13.83775212875645266, 28.16755216095005210, 107.3855339059327321 ) ) ;
#6604 = LINE ( 'NONE', #11276, #250 ) ;
#6605 = ORIENTED_EDGE ( 'NONE', *, *, #6772, .T. ) ;
#6606 = ADVANCED_FACE ( 'NONE', ( #11568 ), #4247, .F. ) ;
#6607 = EDGE_LOOP ( 'NONE', ( #2862, #835, #11494, #7211, #4392 ) ) ;
#6608 = CARTESIAN_POINT ( 'NONE',  ( 4.214825629337462409, 8.499999999999998224, 103.8500000000000085 ) ) ;
#6609 = DIRECTION ( 'NONE',  ( 0.000000000000000000, 0.000000000000000000, -1.000000000000000000 ) ) ;
#6610 = AXIS2_PLACEMENT_3D ( 'NONE', #8379, #9027, #3888 ) ;
#6611 = CARTESIAN_POINT ( 'NONE',  ( 4.886321568102260038, 9.583801716197420717, 103.2460441330610905 ) ) ;
#6612 = CARTESIAN_POINT ( 'NONE',  ( 16.15036770282975453, 27.32231563746865177, 163.0000000000001421 ) ) ;
#6613 = CYLINDRICAL_SURFACE ( 'NONE', #10465, 2.000000000000029310 ) ;
#6614 = AXIS2_PLACEMENT_3D ( 'NONE', #8768, #10597, #11258 ) ;
#6615 = VERTEX_POINT ( 'NONE', #7077 ) ;
#6616 = CARTESIAN_POINT ( 'NONE',  ( -7.250000000000000000, 13.71999382411753921, 100.1000000000000227 ) ) ;
#6617 = ADVANCED_FACE ( 'NONE', ( #10628 ), #10689, .F. ) ;
#6618 = VERTEX_POINT ( 'NONE', #3294 ) ;
#6619 = CARTESIAN_POINT ( 'NONE',  ( -1.499999999999999778, 9.249999999999998224, 102.3500000000000227 ) ) ;
#6620 = CARTESIAN_POINT ( 'NONE',  ( 3.000000000000001332, 13.58370888915590236, 103.9153658003000231 ) ) ;
#6621 = VERTEX_POINT ( 'NONE', #2521 ) ;
#6622 = VECTOR ( 'NONE', #5711, 1000.000000000000000 ) ;
#6623 = EDGE_LOOP ( 'NONE', ( #1596, #798, #8770, #5986, #10605, #9155 ) ) ;
#6624 = CARTESIAN_POINT ( 'NONE',  ( -16.15036770282975453, 27.32231563746865532, 102.7577336824237193 ) ) ;
#6625 = LINE ( 'NONE', #10056, #1428 ) ;
#6626 = CARTESIAN_POINT ( 'NONE',  ( -11.99999999998817479, 2.250000000000000000, 163.0000000000001421 ) ) ;
#6627 = DIRECTION ( 'NONE',  ( 0.000000000000000000, 0.000000000000000000, -1.000000000000000000 ) ) ;
#6628 = ORIENTED_EDGE ( 'NONE', *, *, #4098, .T. ) ;
#6629 = CARTESIAN_POINT ( 'NONE',  ( 7.749999999999998224, 5.250000000000002665, 136.5914722278378406 ) ) ;
#6630 = CARTESIAN_POINT ( 'NONE',  ( -4.582056117909516502, 9.249999999999998224, 102.7441941017307983 ) ) ;
#6631 = EDGE_CURVE ( 'NONE', #4849, #5897, #6134, .T. ) ;
#6632 = ORIENTED_EDGE ( 'NONE', *, *, #9490, .F. ) ;
#6633 = VECTOR ( 'NONE', #3443, 1000.000000000000000 ) ;
#6634 = CARTESIAN_POINT ( 'NONE',  ( -2.993181122388905990, 13.56330630171530238, 103.9928806434568287 ) ) ;
#6635 = CARTESIAN_POINT ( 'NONE',  ( -19.75000000000001776, 2.250000000000000000, 113.9242565173703525 ) ) ;
#6636 = CARTESIAN_POINT ( 'NONE',  ( 6.200969957883575745, 9.744339336096228266, 105.4310349210623912 ) ) ;
#6637 = ORIENTED_EDGE ( 'NONE', *, *, #7921, .T. ) ;
#6638 = CARTESIAN_POINT ( 'NONE',  ( -15.92152795146882838, 29.67847185460661308, 103.8500000000000085 ) ) ;
#6639 = CARTESIAN_POINT ( 'NONE',  ( -4.738529704263471309, 8.593286449950987560, 102.7761569508071915 ) ) ;
#6640 = ORIENTED_EDGE ( 'NONE', *, *, #7620, .F. ) ;
#6641 = LINE ( 'NONE', #8478, #396 ) ;
#6642 = EDGE_LOOP ( 'NONE', ( #5946, #3770, #1890, #4917, #10864 ) ) ;
#6643 = CARTESIAN_POINT ( 'NONE',  ( 16.25000000000000000, 5.750000000000031086, 108.6000000000000227 ) ) ;
#6644 = VECTOR ( 'NONE', #2310, 1000.000000000000000 ) ;
#6645 = CARTESIAN_POINT ( 'NONE',  ( 6.983791312133609708, 8.500000000000000000, 102.0489591718088178 ) ) ;
#6646 = ORIENTED_EDGE ( 'NONE', *, *, #7158, .F. ) ;
#6647 = DIRECTION ( 'NONE',  ( 0.000000000000000000, 1.000000000000000000, 0.000000000000000000 ) ) ;
#6648 = CARTESIAN_POINT ( 'NONE',  ( -1.499999999999999556, 14.26997711284614745, 102.1298942063219357 ) ) ;
#6649 = CARTESIAN_POINT ( 'NONE',  ( 21.38830408857782928, 0.000000000000000000, 123.2771036446682871 ) ) ;
#6650 = CARTESIAN_POINT ( 'NONE',  ( -4.500000000000000888, 2.250000000000000000, 109.8500000000000227 ) ) ;
#6651 = ORIENTED_EDGE ( 'NONE', *, *, #4948, .T. ) ;
#6652 = PLANE ( 'NONE',  #937 ) ;
#6653 = AXIS2_PLACEMENT_3D ( 'NONE', #11413, #7700, #9582 ) ;
#6654 = VECTOR ( 'NONE', #2439, 1000.000000000000000 ) ;
#6655 = EDGE_CURVE ( 'NONE', #9762, #5495, #9090, .T. ) ;
#6656 = VECTOR ( 'NONE', #8980, 1000.000000000000114 ) ;
#6657 = ORIENTED_EDGE ( 'NONE', *, *, #4303, .F. ) ;
#6658 = ORIENTED_EDGE ( 'NONE', *, *, #6300, .F. ) ;
#6659 = VECTOR ( 'NONE', #6221, 1000.000000000000000 ) ;
#6660 = LINE ( 'NONE', #11097, #10619 ) ;
#6661 = VECTOR ( 'NONE', #54, 1000.000000000000000 ) ;
#6662 = CARTESIAN_POINT ( 'NONE',  ( 6.273703992880068192, 14.50355421017944479, 101.0762960071199501 ) ) ;
#6663 = EDGE_CURVE ( 'NONE', #3337, #3752, #4472, .T. ) ;
#6664 = CARTESIAN_POINT ( 'NONE',  ( -6.532079480409504590, 9.784776029231473160, 102.2282056276254139 ) ) ;
#6665 = FACE_OUTER_BOUND ( 'NONE', #4096, .T. ) ;
#6666 = DIRECTION ( 'NONE',  ( 0.000000000000000000, 1.000000000000000000, 0.000000000000000000 ) ) ;
#6667 = EDGE_CURVE ( 'NONE', #11352, #10235, #967, .T. ) ;
#6668 = EDGE_CURVE ( 'NONE', #6388, #3356, #3702, .T. ) ;
#6669 = ORIENTED_EDGE ( 'NONE', *, *, #11325, .T. ) ;
#6670 = VECTOR ( 'NONE', #8788, 1000.000000000000000 ) ;
#6671 = EDGE_CURVE ( 'NONE', #1067, #5291, #6897, .T. ) ;
#6672 = VERTEX_POINT ( 'NONE', #4591 ) ;
#6673 = CARTESIAN_POINT ( 'NONE',  ( -19.75000000000001776, 2.250000000000000000, 0.000000000000000000 ) ) ;
#6674 = LINE ( 'NONE', #433, #4985 ) ;
#6675 = DIRECTION ( 'NONE',  ( 0.000000000000000000, 0.000000000000000000, -1.000000000000000000 ) ) ;
#6676 = CARTESIAN_POINT ( 'NONE',  ( -7.617464455616671515, 9.382535544383323156, 101.9780479132637936 ) ) ;
#6677 = CARTESIAN_POINT ( 'NONE',  ( -1.749999999999999778, 31.94302117641175442, 89.10000000000000853 ) ) ;
#6678 = VECTOR ( 'NONE', #10897, 1000.000000000000000 ) ;
#6679 = DIRECTION ( 'NONE',  ( 0.000000000000000000, -1.000000000000000000, 0.000000000000000000 ) ) ;
#6680 = ORIENTED_EDGE ( 'NONE', *, *, #9150, .T. ) ;
#6681 = FACE_BOUND ( 'NONE', #9224, .T. ) ;
#6682 = CARTESIAN_POINT ( 'NONE',  ( 2.809126264045257226, 13.79375343496525907, 103.1173399030698761 ) ) ;
#6683 = EDGE_CURVE ( 'NONE', #4281, #3503, #6312, .T. ) ;
#6684 = VERTEX_POINT ( 'NONE', #4414 ) ;
#6685 = AXIS2_PLACEMENT_3D ( 'NONE', #8975, #8021, #1918 ) ;
#6686 = AXIS2_PLACEMENT_3D ( 'NONE', #2701, #10871, #4424 ) ;
#6687 = ADVANCED_FACE ( 'NONE', ( #6425 ), #2802, .F. ) ;
#6688 = EDGE_LOOP ( 'NONE', ( #9652, #10610, #870, #1102 ) ) ;
#6689 = CARTESIAN_POINT ( 'NONE',  ( 26.00112609145443088, 0.000000000000000000, 148.0463266998052632 ) ) ;
#6690 = EDGE_CURVE ( 'NONE', #10511, #2923, #904, .T. ) ;
#6691 = CARTESIAN_POINT ( 'NONE',  ( -16.22506948018979855, 21.45616282678892972, 103.8349970158934639 ) ) ;
#6692 = VECTOR ( 'NONE', #9802, 1000.000000000000000 ) ;
#6693 = DIRECTION ( 'NONE',  ( 0.000000000000000000, 0.000000000000000000, -1.000000000000000000 ) ) ;
#6694 = DIRECTION ( 'NONE',  ( 0.000000000000000000, -1.000000000000000000, 0.000000000000000000 ) ) ;
#6695 = ORIENTED_EDGE ( 'NONE', *, *, #1587, .T. ) ;
#6696 = DIRECTION ( 'NONE',  ( 0.000000000000000000, -0.000000000000000000, 1.000000000000000000 ) ) ;
#6697 = CARTESIAN_POINT ( 'NONE',  ( -8.582101839722129810, 9.249999999999996447, 105.1464233703914601 ) ) ;
#6698 = ORIENTED_EDGE ( 'NONE', *, *, #2698, .F. ) ;
#6699 = CARTESIAN_POINT ( 'NONE',  ( -2.488063694686793781, 13.30357599679036618, 104.9796635369121987 ) ) ;
#6700 = EDGE_CURVE ( 'NONE', #4596, #2233, #6194, .T. ) ;
#6701 = VERTEX_POINT ( 'NONE', #6368 ) ;
#6702 = CARTESIAN_POINT ( 'NONE',  ( 5.065512751760312682, 9.605676905260368770, 104.7500166847528362 ) ) ;
#6703 = EDGE_CURVE ( 'NONE', #6974, #3872, #5476, .T. ) ;
#6704 = ORIENTED_EDGE ( 'NONE', *, *, #4668, .F. ) ;
#6705 = EDGE_CURVE ( 'NONE', #302, #2918, #8258, .T. ) ;
#6706 = CARTESIAN_POINT ( 'NONE',  ( -16.22487079920108499, 21.45637587167328064, 103.8049922457927181 ) ) ;
#6707 = EDGE_CURVE ( 'NONE', #1020, #6803, #7350, .T. ) ;
#6708 = DIRECTION ( 'NONE',  ( -0.000000000000000000, -1.000000000000000000, 0.000000000000000000 ) ) ;
#6709 = VERTEX_POINT ( 'NONE', #9916 ) ;
#6710 = CIRCLE ( 'NONE', #2341, 1.549999999999995826 ) ;
#6711 = FACE_OUTER_BOUND ( 'NONE', #1274, .T. ) ;
#6712 = CARTESIAN_POINT ( 'NONE',  ( 8.403198945438953515, 8.500000000000000000, 103.7257769569666408 ) ) ;
#6713 = ORIENTED_EDGE ( 'NONE', *, *, #9411, .T. ) ;
#6714 = DIRECTION ( 'NONE',  ( -1.000000000000000000, 0.000000000000000000, -0.000000000000000000 ) ) ;
#6715 = DIRECTION ( 'NONE',  ( -0.000000000000000000, 0.5372996083468112305, 0.8433914458128937142 ) ) ;
#6716 = FACE_OUTER_BOUND ( 'NONE', #8796, .T. ) ;
#6717 = AXIS2_PLACEMENT_3D ( 'NONE', #7640, #11241, #6799 ) ;
#6718 = DIRECTION ( 'NONE',  ( -0.8191520442889932418, 0.000000000000000000, 0.5735764363510440500 ) ) ;
#6719 = PLANE ( 'NONE',  #2555 ) ;
#6720 = VERTEX_POINT ( 'NONE', #7191 ) ;
#6721 = CARTESIAN_POINT ( 'NONE',  ( -18.11169591142192914, 3.888304088578069084, 117.0714093900724464 ) ) ;
#6722 = VECTOR ( 'NONE', #5671, 1000.000000000000000 ) ;
#6723 = EDGE_LOOP ( 'NONE', ( #11549, #2022 ) ) ;
#6724 = ORIENTED_EDGE ( 'NONE', *, *, #7836, .T. ) ;
#6725 = EDGE_CURVE ( 'NONE', #4998, #1582, #9796, .T. ) ;
#6726 = DIRECTION ( 'NONE',  ( 0.000000000000000000, 1.000000000000000000, 0.000000000000000000 ) ) ;
#6727 = VECTOR ( 'NONE', #4771, 1000.000000000000000 ) ;
#6728 = DIRECTION ( 'NONE',  ( 0.000000000000000000, 0.000000000000000000, -1.000000000000000000 ) ) ;
#6729 = FACE_OUTER_BOUND ( 'NONE', #4912, .T. ) ;
#6730 = DIRECTION ( 'NONE',  ( 0.000000000000000000, -1.000000000000000000, 0.000000000000000000 ) ) ;
#6731 = DIRECTION ( 'NONE',  ( -0.000000000000000000, -1.000000000000000000, -0.000000000000000000 ) ) ;
#6732 = CIRCLE ( 'NONE', #1035, 2.000000000000001776 ) ;
#6733 = ORIENTED_EDGE ( 'NONE', *, *, #11010, .T. ) ;
#6734 = EDGE_CURVE ( 'NONE', #4921, #6463, #8916, .T. ) ;
#6735 = CARTESIAN_POINT ( 'NONE',  ( 5.479673724877661911, 9.656255220351962265, 102.5704401147231266 ) ) ;
#6736 = EDGE_CURVE ( 'NONE', #11277, #8582, #6248, .T. ) ;
#6737 = DIRECTION ( 'NONE',  ( 0.000000000000000000, -1.000000000000000000, 0.000000000000000000 ) ) ;
#6738 = CARTESIAN_POINT ( 'NONE',  ( 12.99999999998817479, 2.250000000000000000, 154.5000000000000853 ) ) ;
#6739 = DIRECTION ( 'NONE',  ( 0.000000000000000000, 1.000000000000000000, 0.000000000000000000 ) ) ;
#6740 = PLANE ( 'NONE',  #8972 ) ;
#6741 = ORIENTED_EDGE ( 'NONE', *, *, #10435, .T. ) ;
#6742 = CARTESIAN_POINT ( 'NONE',  ( 2.088892808673134649, -8.858965874824209052, 103.8500000000000085 ) ) ;
#6743 = CARTESIAN_POINT ( 'NONE',  ( 2.995988742708156849, 13.57079807719707887, 103.9644172534067650 ) ) ;
#6744 = ORIENTED_EDGE ( 'NONE', *, *, #11502, .T. ) ;
#6745 = VERTEX_POINT ( 'NONE', #8977 ) ;
#6746 = DIRECTION ( 'NONE',  ( 0.000000000000000000, 1.000000000000000000, 0.000000000000000000 ) ) ;
#6747 = DIRECTION ( 'NONE',  ( -1.000000000000000000, 0.000000000000000000, -2.037106467202124000E-14 ) ) ;
#6748 = PLANE ( 'NONE',  #6717 ) ;
#6749 = ORIENTED_EDGE ( 'NONE', *, *, #4452, .T. ) ;
#6750 = DIRECTION ( 'NONE',  ( -1.000000000000000000, 0.000000000000000000, 9.654113257610012971E-15 ) ) ;
#6751 = CARTESIAN_POINT ( 'NONE',  ( 16.15036770282991441, 27.41774885578255549, 107.4154113569145892 ) ) ;
#6752 = VERTEX_POINT ( 'NONE', #1746 ) ;
#6753 = CARTESIAN_POINT ( 'NONE',  ( -2.975367940184137971, 13.52964222050603205, 104.1207787060870658 ) ) ;
#6754 = EDGE_CURVE ( 'NONE', #464, #9471, #832, .T. ) ;
#6755 = B_SPLINE_CURVE_WITH_KNOTS ( 'NONE', 3,
 ( #111, #3982, #7415, #4634, #5638, #1190 ),
 .UNSPECIFIED., .F., .F.,
 ( 4, 2, 4 ),
 ( 0.0002249180803212936738, 0.0005564735763529614875, 0.0008880290723846293553 ),
 .UNSPECIFIED. ) ;
#6756 = ORIENTED_EDGE ( 'NONE', *, *, #8699, .T. ) ;
#6757 = CARTESIAN_POINT ( 'NONE',  ( 6.906075003723568528, 9.830447010717112022, 105.4627220883782570 ) ) ;
#6758 = ORIENTED_EDGE ( 'NONE', *, *, #5450, .F. ) ;
#6759 = CARTESIAN_POINT ( 'NONE',  ( -7.607742132396021262, 8.952668901448394223, 104.9238430491928398 ) ) ;
#6760 = CARTESIAN_POINT ( 'NONE',  ( 0.000000000000000000, 8.500000000000000000, 107.6000000000000085 ) ) ;
#6761 = VERTEX_POINT ( 'NONE', #8137 ) ;
#6762 = CARTESIAN_POINT ( 'NONE',  ( -19.99999999999998934, 7.249999999999999112, 89.43550806100932959 ) ) ;
#6763 = CARTESIAN_POINT ( 'NONE',  ( 4.706313649554560996, 8.964247769167645430, 104.6643693510155231 ) ) ;
#6764 = ORIENTED_EDGE ( 'NONE', *, *, #11431, .T. ) ;
#6765 = CARTESIAN_POINT ( 'NONE',  ( 2.395607408876137434, 14.22028102397620586, 102.3540587769862924 ) ) ;
#6766 = LINE ( 'NONE', #9484, #8753 ) ;
#6767 = CARTESIAN_POINT ( 'NONE',  ( -2.289210667519880893, 14.23003458379030128, 102.3100633117918932 ) ) ;
#6768 = DIRECTION ( 'NONE',  ( 0.8191520442889909104, 0.000000000000000000, 0.5735764363510474917 ) ) ;
#6769 = VECTOR ( 'NONE', #7565, 1000.000000000000114 ) ;
#6770 = CARTESIAN_POINT ( 'NONE',  ( -12.74999999999995559, 15.08215782319601317, 114.6371758732249759 ) ) ;
#6771 = ORIENTED_EDGE ( 'NONE', *, *, #11149, .T. ) ;
#6772 = EDGE_CURVE ( 'NONE', #850, #6455, #7092, .T. ) ;
#6773 = ADVANCED_FACE ( 'NONE', ( #6665 ), #6486, .T. ) ;
#6774 = CARTESIAN_POINT ( 'NONE',  ( -16.15036770282975453, 27.32231563746865177, 163.0000000000001421 ) ) ;
#6775 = ORIENTED_EDGE ( 'NONE', *, *, #6587, .T. ) ;
#6776 = ORIENTED_EDGE ( 'NONE', *, *, #1476, .F. ) ;
#6777 = DIRECTION ( 'NONE',  ( -0.000000000000000000, 0.000000000000000000, 1.000000000000000000 ) ) ;
#6778 = CARTESIAN_POINT ( 'NONE',  ( -9.663712301646954828, 21.45637587167328419, 107.5999999999999943 ) ) ;
#6779 = EDGE_CURVE ( 'NONE', #10723, #7800, #2935, .T. ) ;
#6780 = DIRECTION ( 'NONE',  ( -0.000000000000000000, -1.000000000000000000, -0.000000000000000000 ) ) ;
#6781 = CARTESIAN_POINT ( 'NONE',  ( 12.99999999998818190, 2.250000000000000000, 154.5000000000000853 ) ) ;
#6782 = CARTESIAN_POINT ( 'NONE',  ( -4.329830330340955769, 8.542094916871873167, 104.2713347571689724 ) ) ;
#6783 = AXIS2_PLACEMENT_3D ( 'NONE', #10592, #7821, #1477 ) ;
#6784 = ORIENTED_EDGE ( 'NONE', *, *, #1447, .F. ) ;
#6785 = CARTESIAN_POINT ( 'NONE',  ( 4.914753563769864719, 9.587269926251428487, 103.1885524852812779 ) ) ;
#6786 = CARTESIAN_POINT ( 'NONE',  ( 13.93168049979518130, 27.18588141109855272, 102.4084296756661701 ) ) ;
#6787 = DIRECTION ( 'NONE',  ( 0.000000000000000000, -1.000000000000000000, 0.000000000000000000 ) ) ;
#6788 = ORIENTED_EDGE ( 'NONE', *, *, #3084, .F. ) ;
#6789 = DIRECTION ( 'NONE',  ( -0.3107740238167393532, 0.7412675884084238831, -0.5949301374917160823 ) ) ;
#6790 = ORIENTED_EDGE ( 'NONE', *, *, #4850, .T. ) ;
#6791 = CARTESIAN_POINT ( 'NONE',  ( 29.37500000000054357, 2.250000000000000000, 130.3000000000000398 ) ) ;
#6792 = DIRECTION ( 'NONE',  ( -5.204170427930416550E-15, 0.000000000000000000, 1.000000000000000000 ) ) ;
#6793 = ORIENTED_EDGE ( 'NONE', *, *, #2547, .T. ) ;
#6794 = ORIENTED_EDGE ( 'NONE', *, *, #2339, .T. ) ;
#6795 = FACE_OUTER_BOUND ( 'NONE', #10877, .T. ) ;
#6796 = DIRECTION ( 'NONE',  ( 0.000000000000000000, 0.000000000000000000, 1.000000000000000000 ) ) ;
#6797 = AXIS2_PLACEMENT_3D ( 'NONE', #6586, #2916, #8238 ) ;
#6798 = CONICAL_SURFACE ( 'NONE', #1869, 2.374999999999974243, 0.7853981633974452814 ) ;
#6799 = DIRECTION ( 'NONE',  ( -0.4226182617407006070, -0.9063077870366493816, 0.000000000000000000 ) ) ;
#6800 = EDGE_LOOP ( 'NONE', ( #6775, #6744, #1613, #6931, #2637 ) ) ;
#6801 = CARTESIAN_POINT ( 'NONE',  ( -8.499999999999998224, 8.500000000000000000, 104.4382205592013122 ) ) ;
#6802 = DIRECTION ( 'NONE',  ( 0.000000000000000000, -1.000000000000000000, 0.000000000000000000 ) ) ;
#6803 = VERTEX_POINT ( 'NONE', #8498 ) ;
#6804 = DIRECTION ( 'NONE',  ( 0.5735764363510378328, 0.000000000000000000, -0.8191520442889975717 ) ) ;
#6805 = ORIENTED_EDGE ( 'NONE', *, *, #5513, .T. ) ;
#6806 = CARTESIAN_POINT ( 'NONE',  ( 4.750502354557078810, 9.567207725462825607, 103.9365679603315868 ) ) ;
#6807 = VECTOR ( 'NONE', #8114, 1000.000000000000000 ) ;
#6808 = ORIENTED_EDGE ( 'NONE', *, *, #47, .T. ) ;
#6809 = ADVANCED_FACE ( 'NONE', ( #366 ), #3944, .F. ) ;
#6810 = DIRECTION ( 'NONE',  ( -1.000000000000000000, 0.000000000000000000, 0.000000000000000000 ) ) ;
#6811 = EDGE_CURVE ( 'NONE', #4743, #2720, #6551, .T. ) ;
#6812 = CARTESIAN_POINT ( 'NONE',  ( -6.005241153290722167, 18.08853251025366404, 101.0762960071199785 ) ) ;
#6813 = ORIENTED_EDGE ( 'NONE', *, *, #8321, .T. ) ;
#6814 = CARTESIAN_POINT ( 'NONE',  ( 29.37500000000054357, 2.250000000000000000, 126.6000000000000512 ) ) ;
#6815 = DIRECTION ( 'NONE',  ( 0.7409656452732903409, -0.000000000000000000, 0.6715429342378166355 ) ) ;
#6816 = EDGE_LOOP ( 'NONE', ( #8671, #5059, #9466, #2199, #8386, #1382, #11133, #6384, #10804, #7589, #7117, #11534 ) ) ;
#6817 = CARTESIAN_POINT ( 'NONE',  ( 1.967491428574709156, 13.49072563429093385, 105.6448704771321161 ) ) ;
#6818 = ADVANCED_FACE ( 'NONE', ( #11101 ), #9392, .F. ) ;
#6819 = CARTESIAN_POINT ( 'NONE',  ( -14.52816144704116574, 31.15574276545980581, 2.761852814923557000E-15 ) ) ;
#6820 = CARTESIAN_POINT ( 'NONE',  ( -13.75000000000000000, 2.250000000000000000, 85.10000000000002274 ) ) ;
#6821 = CARTESIAN_POINT ( 'NONE',  ( -16.15036770283011691, 27.25040789281083420, 100.3085454780726877 ) ) ;
#6822 = DIRECTION ( 'NONE',  ( 0.000000000000000000, 1.000000000000000000, 0.000000000000000000 ) ) ;
#6823 = ORIENTED_EDGE ( 'NONE', *, *, #11299, .T. ) ;
#6824 = DIRECTION ( 'NONE',  ( 0.000000000000000000, 0.000000000000000000, -1.000000000000000000 ) ) ;
#6825 = AXIS2_PLACEMENT_3D ( 'NONE', #8526, #7701, #4027 ) ;
#6826 = ORIENTED_EDGE ( 'NONE', *, *, #1229, .T. ) ;
#6827 = CARTESIAN_POINT ( 'NONE',  ( 8.296240968397309956, 8.500000000000000000, 104.4615574845835368 ) ) ;
#6828 = EDGE_CURVE ( 'NONE', #3594, #6255, #8797, .T. ) ;
#6829 = ORIENTED_EDGE ( 'NONE', *, *, #10033, .F. ) ;
#6830 = CARTESIAN_POINT ( 'NONE',  ( -8.499999999999998224, 8.500000000000000000, 0.000000000000000000 ) ) ;
#6831 = PLANE ( 'NONE',  #9685 ) ;
#6832 = AXIS2_PLACEMENT_3D ( 'NONE', #2548, #6164, #9769 ) ;
#6833 = DIRECTION ( 'NONE',  ( 8.673617379883907677E-15, 0.000000000000000000, 1.000000000000000000 ) ) ;
#6834 = FACE_OUTER_BOUND ( 'NONE', #10912, .T. ) ;
#6835 = AXIS2_PLACEMENT_3D ( 'NONE', #9556, #8787, #652 ) ;
#6836 = CARTESIAN_POINT ( 'NONE',  ( 15.29114218035015860, 26.55195401848749626, 163.0000000000001421 ) ) ;
#6837 = VECTOR ( 'NONE', #5909, 1000.000000000000000 ) ;
#6838 = AXIS2_PLACEMENT_3D ( 'NONE', #1113, #3025, #607 ) ;
#6839 = EDGE_CURVE ( 'NONE', #528, #9044, #4002, .T. ) ;
#6840 = ORIENTED_EDGE ( 'NONE', *, *, #2832, .T. ) ;
#6841 = VECTOR ( 'NONE', #691, 1000.000000000000000 ) ;
#6842 = DIRECTION ( 'NONE',  ( 0.000000000000000000, 0.000000000000000000, 1.000000000000000000 ) ) ;
#6843 = DIRECTION ( 'NONE',  ( 0.000000000000000000, 0.000000000000000000, -1.000000000000000000 ) ) ;
#6844 = DIRECTION ( 'NONE',  ( -1.000000000000000000, 0.000000000000000000, -0.000000000000000000 ) ) ;
#6845 = FACE_OUTER_BOUND ( 'NONE', #7850, .T. ) ;
#6846 = DIRECTION ( 'NONE',  ( 0.9063077870366493816, -0.4226182617407005515, 0.000000000000000000 ) ) ;
#6847 = CARTESIAN_POINT ( 'NONE',  ( -10.00000000000000888, 0.000000000000000000, 96.10000000000006537 ) ) ;
#6848 = VERTEX_POINT ( 'NONE', #185 ) ;
#6849 = CIRCLE ( 'NONE', #3071, 1.549999999999995826 ) ;
#6850 = CARTESIAN_POINT ( 'NONE',  ( -5.102615823599299993, 8.500000000000000000, 101.8821264422188051 ) ) ;
#6851 = LINE ( 'NONE', #5249, #4387 ) ;
#6852 = B_SPLINE_CURVE_WITH_KNOTS ( 'NONE', 3,
 ( #2952, #4128, #9348, #5793, #3010, #6565, #7511, #11172 ),
 .UNSPECIFIED., .F., .F.,
 ( 4, 2, 2, 4 ),
 ( 5.204170427930421283E-18, 0.0004418718081906289883, 0.0006628077122859387391, 0.0008837436163812486525 ),
 .UNSPECIFIED. ) ;
#6853 = EDGE_LOOP ( 'NONE', ( #6148, #3070, #2989, #337, #164 ) ) ;
#6854 = EDGE_LOOP ( 'NONE', ( #9821, #1721, #2425, #4025 ) ) ;
#6855 = DIRECTION ( 'NONE',  ( 0.5735764363510393871, 0.000000000000000000, -0.8191520442889964615 ) ) ;
#6856 = CARTESIAN_POINT ( 'NONE',  ( 26.00112609145443088, 2.250000000000000000, 130.3000000000000398 ) ) ;
#6857 = AXIS2_PLACEMENT_3D ( 'NONE', #9500, #9559, #4832 ) ;
#6858 = CARTESIAN_POINT ( 'NONE',  ( 4.804351370985445486E-14, 9.966439613938115727, 125.0070671349781719 ) ) ;
#6859 = VERTEX_POINT ( 'NONE', #7496 ) ;
#6860 = PLANE ( 'NONE',  #8725 ) ;
#6861 = DIRECTION ( 'NONE',  ( 0.000000000000000000, 0.000000000000000000, -1.000000000000000000 ) ) ;
#6862 = ORIENTED_EDGE ( 'NONE', *, *, #9520, .T. ) ;
#6863 = DIRECTION ( 'NONE',  ( 2.884802377828661565E-16, -0.2164396139381084827, 0.9762960071199321410 ) ) ;
#6864 = ORIENTED_EDGE ( 'NONE', *, *, #3061, .F. ) ;
#6865 = AXIS2_PLACEMENT_3D ( 'NONE', #8289, #104, #1057 ) ;
#6866 = CARTESIAN_POINT ( 'NONE',  ( 7.587885872350805805, 9.249999999999996447, 101.8446132939528610 ) ) ;
#6867 = ORIENTED_EDGE ( 'NONE', *, *, #6445, .T. ) ;
#6868 = B_SPLINE_CURVE_WITH_KNOTS ( 'NONE', 3,
 ( #3536, #4489, #8151, #7274, #4611, #7147 ),
 .UNSPECIFIED., .F., .F.,
 ( 4, 2, 4 ),
 ( 0.000000000000000000, 0.0002888011194784513179, 0.0005776022389569026357 ),
 .UNSPECIFIED. ) ;
#6869 = VECTOR ( 'NONE', #1805, 1000.000000000000000 ) ;
#6870 = VECTOR ( 'NONE', #1438, 1000.000000000000000 ) ;
#6871 = CARTESIAN_POINT ( 'NONE',  ( 33.75000000000054001, 0.000000000000000000, 122.3259074277046068 ) ) ;
#6872 = LINE ( 'NONE', #7928, #1693 ) ;
#6873 = CIRCLE ( 'NONE', #3282, 1.549999999999995826 ) ;
#6874 = DIRECTION ( 'NONE',  ( -1.301042606982605321E-16, 1.000000000000000000, 0.000000000000000000 ) ) ;
#6875 = ORIENTED_EDGE ( 'NONE', *, *, #2064, .T. ) ;
#6876 = EDGE_CURVE ( 'NONE', #850, #1479, #11157, .T. ) ;
#6877 = CARTESIAN_POINT ( 'NONE',  ( -23.53921572489414160, 7.249999999999999112, 134.8489238107520407 ) ) ;
#6878 = DIRECTION ( 'NONE',  ( 0.4226182617407009956, 0.9063077870366493816, 0.000000000000000000 ) ) ;
#6879 = ORIENTED_EDGE ( 'NONE', *, *, #7911, .F. ) ;
#6880 = LINE ( 'NONE', #5820, #8357 ) ;
#6881 = DIRECTION ( 'NONE',  ( 0.000000000000000000, 0.000000000000000000, 1.000000000000000000 ) ) ;
#6882 = EDGE_CURVE ( 'NONE', #2061, #8957, #11163, .T. ) ;
#6883 = CARTESIAN_POINT ( 'NONE',  ( 7.022190120878576636, 9.844623654330090901, 105.4439338061030611 ) ) ;
#6884 = CARTESIAN_POINT ( 'NONE',  ( 4.359901127010122224, 9.250000000000000000, 103.1079365492512778 ) ) ;
#6885 = CARTESIAN_POINT ( 'NONE',  ( -13.63300443847213295, 27.72846932217699134, 107.3855339059327463 ) ) ;
#6886 = EDGE_LOOP ( 'NONE', ( #3067, #53 ) ) ;
#6887 = CARTESIAN_POINT ( 'NONE',  ( 13.68983573714720769, 27.85034443548722649, 107.3855339059327179 ) ) ;
#6888 = VERTEX_POINT ( 'NONE', #2042 ) ;
#6889 = VECTOR ( 'NONE', #309, 1000.000000000000000 ) ;
#6890 = ORIENTED_EDGE ( 'NONE', *, *, #11719, .T. ) ;
#6891 = CARTESIAN_POINT ( 'NONE',  ( 7.237054339274870074, 8.499999999999996447, 102.1440353727067247 ) ) ;
#6892 = LINE ( 'NONE', #1612, #8730 ) ;
#6893 = ORIENTED_EDGE ( 'NONE', *, *, #9411, .F. ) ;
#6894 = PLANE ( 'NONE',  #9305 ) ;
#6895 = EDGE_CURVE ( 'NONE', #7153, #9581, #1137, .T. ) ;
#6896 = DIRECTION ( 'NONE',  ( 0.000000000000000000, 0.000000000000000000, -1.000000000000000000 ) ) ;
#6897 = CIRCLE ( 'NONE', #1784, 1.549999999999995826 ) ;
#6898 = CARTESIAN_POINT ( 'NONE',  ( -6.608757589284085299, 9.794138727928986654, 102.2253910302229372 ) ) ;
#6899 = DIRECTION ( 'NONE',  ( -0.000000000000000000, -1.000000000000000000, -0.000000000000000000 ) ) ;
#6900 = ADVANCED_FACE ( 'NONE', ( #4947 ), #9269, .F. ) ;
#6901 = FACE_OUTER_BOUND ( 'NONE', #9799, .T. ) ;
#6902 = VERTEX_POINT ( 'NONE', #8560 ) ;
#6903 = AXIS2_PLACEMENT_3D ( 'NONE', #10, #2221, #1271 ) ;
#6904 = EDGE_CURVE ( 'NONE', #8167, #3997, #5721, .T. ) ;
#6905 = CARTESIAN_POINT ( 'NONE',  ( 6.213106048637871304, 9.745823567492822193, 102.2686978816749388 ) ) ;
#6906 = EDGE_CURVE ( 'NONE', #2183, #1574, #4060, .T. ) ;
#6907 = LINE ( 'NONE', #8508, #10392 ) ;
#6908 = PLANE ( 'NONE',  #1387 ) ;
#6909 = DIRECTION ( 'NONE',  ( -0.4774298500276914492, 0.000000000000000000, -0.8786698687803832231 ) ) ;
#6910 = FACE_BOUND ( 'NONE', #7597, .T. ) ;
#6911 = VERTEX_POINT ( 'NONE', #598 ) ;
#6912 = CARTESIAN_POINT ( 'NONE',  ( -4.699584345050741518, 8.500000000000000000, 102.1092192492492501 ) ) ;
#6913 = DIRECTION ( 'NONE',  ( -0.9063077870366492705, -0.4226182617407009401, 0.000000000000000000 ) ) ;
#6914 = ADVANCED_FACE ( 'NONE', ( #6834 ), #5010, .F. ) ;
#6915 = ORIENTED_EDGE ( 'NONE', *, *, #10880, .T. ) ;
#6916 = ORIENTED_EDGE ( 'NONE', *, *, #7895, .F. ) ;
#6917 = CIRCLE ( 'NONE', #1244, 2.000000000000001776 ) ;
#6918 = PLANE ( 'NONE',  #5745 ) ;
#6919 = LINE ( 'NONE', #2408, #8044 ) ;
#6920 = CARTESIAN_POINT ( 'NONE',  ( -17.44999999998816875, 2.250000000000000000, 155.5000000000001990 ) ) ;
#6921 = FACE_OUTER_BOUND ( 'NONE', #3706, .T. ) ;
#6922 = CARTESIAN_POINT ( 'NONE',  ( 12.66611185142060059, 8.500000000000000000, 107.6000000000000085 ) ) ;
#6923 = EDGE_LOOP ( 'NONE', ( #5851, #2071, #1873, #497, #922 ) ) ;
#6924 = CARTESIAN_POINT ( 'NONE',  ( 15.99999999999998579, 7.249999999999999112, 89.43550806100932959 ) ) ;
#6925 = ORIENTED_EDGE ( 'NONE', *, *, #2123, .T. ) ;
#6926 = CARTESIAN_POINT ( 'NONE',  ( 8.034853441042457689, 9.249999999999996447, 105.6304791209800413 ) ) ;
#6927 = VERTEX_POINT ( 'NONE', #4238 ) ;
#6928 = LINE ( 'NONE', #6871, #1682 ) ;
#6929 = DIRECTION ( 'NONE',  ( -5.419531529770773242E-16, 0.9762960071199323631, 0.2164396139381074835 ) ) ;
#6930 = FACE_OUTER_BOUND ( 'NONE', #188, .T. ) ;
#6931 = ORIENTED_EDGE ( 'NONE', *, *, #2247, .T. ) ;
#6932 = DIRECTION ( 'NONE',  ( 0.000000000000000000, -1.000000000000000000, 0.000000000000000000 ) ) ;
#6933 = CARTESIAN_POINT ( 'NONE',  ( 16.25000000000000000, 21.45637587167328064, 100.1000000000000227 ) ) ;
#6934 = VERTEX_POINT ( 'NONE', #11500 ) ;
#6935 = CARTESIAN_POINT ( 'NONE',  ( 2.595506223871174800, 13.55965040807705080, 105.3339709139020641 ) ) ;
#6936 = DIRECTION ( 'NONE',  ( 1.000000000000000000, 0.000000000000000000, -0.000000000000000000 ) ) ;
#6937 = CARTESIAN_POINT ( 'NONE',  ( 6.151189504199223279, 9.738262742967480179, 105.4177437247976457 ) ) ;
#6938 = CARTESIAN_POINT ( 'NONE',  ( 2.292345519493462547, 13.62090828656137020, 105.0576544805065708 ) ) ;
#6939 = FACE_OUTER_BOUND ( 'NONE', #931, .T. ) ;
#6940 = VERTEX_POINT ( 'NONE', #11275 ) ;
#6941 = DIRECTION ( 'NONE',  ( 0.000000000000000000, 1.000000000000000000, 0.000000000000000000 ) ) ;
#6942 = EDGE_CURVE ( 'NONE', #3715, #9388, #6125, .T. ) ;
#6943 = ORIENTED_EDGE ( 'NONE', *, *, #1263, .T. ) ;
#6944 = CARTESIAN_POINT ( 'NONE',  ( 7.692906309821359478, 8.499999999999996447, 105.2799118410912058 ) ) ;
#6945 = LINE ( 'NONE', #7890, #3238 ) ;
#6946 = DIRECTION ( 'NONE',  ( 0.5735764363510411634, 0.000000000000000000, -0.8191520442889952403 ) ) ;
#6947 = ORIENTED_EDGE ( 'NONE', *, *, #9174, .F. ) ;
#6948 = LINE ( 'NONE', #2329, #3436 ) ;
#6949 = ADVANCED_FACE ( 'NONE', ( #3342 ), #2442, .F. ) ;
#6950 = CARTESIAN_POINT ( 'NONE',  ( -51.55691212083458197, 2.250000000000000000, 36.10053851382406975 ) ) ;
#6951 = CARTESIAN_POINT ( 'NONE',  ( -5.508070137120791188, 9.659722695552302341, 102.5517856117335214 ) ) ;
#6952 = DIRECTION ( 'NONE',  ( -1.000000000000000000, 0.000000000000000000, 0.000000000000000000 ) ) ;
#6953 = FACE_OUTER_BOUND ( 'NONE', #9055, .T. ) ;
#6954 = ADVANCED_FACE ( 'NONE', ( #8617 ), #1389, .F. ) ;
#6955 = VERTEX_POINT ( 'NONE', #6066 ) ;
#6956 = ADVANCED_FACE ( 'NONE', ( #4117 ), #2393, .F. ) ;
#6957 = CARTESIAN_POINT ( 'NONE',  ( 6.920373677085349229, 9.832192970405873922, 102.2412964020325319 ) ) ;
#6958 = CARTESIAN_POINT ( 'NONE',  ( -10.00000000000001066, 2.249999999999998668, 94.10000000000003695 ) ) ;
#6959 = CYLINDRICAL_SURFACE ( 'NONE', #4803, 2.000000000000001776 ) ;
#6960 = PLANE ( 'NONE',  #235 ) ;
#6961 = DIRECTION ( 'NONE',  ( -0.4226182617407007736, 0.9063077870366492705, 0.000000000000000000 ) ) ;
#6962 = CARTESIAN_POINT ( 'NONE',  ( -6.331243836428562588, 8.500000000000000000, 106.0393654894793229 ) ) ;
#6963 = FACE_BOUND ( 'NONE', #5035, .T. ) ;
#6964 = VERTEX_POINT ( 'NONE', #7847 ) ;
#6965 = VERTEX_POINT ( 'NONE', #7727 ) ;
#6966 = CARTESIAN_POINT ( 'NONE',  ( 29.37500000000054357, 0.000000000000000000, 123.5000000000000711 ) ) ;
#6967 = CYLINDRICAL_SURFACE ( 'NONE', #4456, 0.5000000000000004441 ) ;
#6968 = LINE ( 'NONE', #6085, #5172 ) ;
#6969 = LINE ( 'NONE', #7029, #4007 ) ;
#6970 = EDGE_CURVE ( 'NONE', #10382, #2146, #8492, .T. ) ;
#6971 = DIRECTION ( 'NONE',  ( -0.1004173024523231095, 0.2153456000479074539, -0.9713612293622827520 ) ) ;
#6972 = ORIENTED_EDGE ( 'NONE', *, *, #7307, .F. ) ;
#6973 = CARTESIAN_POINT ( 'NONE',  ( -7.750000000000003553, 5.250000000000000888, 138.8414722278378690 ) ) ;
#6974 = VERTEX_POINT ( 'NONE', #8847 ) ;
#6975 = CARTESIAN_POINT ( 'NONE',  ( 7.704594778151401258, 9.249999999999996447, 101.8927299270678617 ) ) ;
#6976 = ORIENTED_EDGE ( 'NONE', *, *, #1269, .F. ) ;
#6977 = VECTOR ( 'NONE', #2477, 1000.000000000000000 ) ;
#6978 = CARTESIAN_POINT ( 'NONE',  ( -54.83352029799014815, 0.000000000000000000, 38.39484425922750432 ) ) ;
#6979 = ADVANCED_FACE ( 'NONE', ( #10508 ), #6010, .T. ) ;
#6980 = DIRECTION ( 'NONE',  ( 1.000000000000000000, 0.000000000000000000, 4.827056628805024630E-15 ) ) ;
#6981 = CARTESIAN_POINT ( 'NONE',  ( -16.25000000000000000, 4.499999999999995559, 109.8500000000000227 ) ) ;
#6982 = VERTEX_POINT ( 'NONE', #7676 ) ;
#6983 = DIRECTION ( 'NONE',  ( 0.000000000000000000, 0.000000000000000000, -1.000000000000000000 ) ) ;
#6984 = EDGE_CURVE ( 'NONE', #6934, #10382, #9502, .T. ) ;
#6985 = CARTESIAN_POINT ( 'NONE',  ( 13.64326908988935294, 27.70924395564552256, 102.7901884002718589 ) ) ;
#6986 = VERTEX_POINT ( 'NONE', #6781 ) ;
#6987 = DIRECTION ( 'NONE',  ( -0.000000000000000000, -0.000000000000000000, -1.000000000000000000 ) ) ;
#6988 = CIRCLE ( 'NONE', #4713, 3.750000000000000444 ) ;
#6989 = DIRECTION ( 'NONE',  ( 0.5735764363510472696, 0.000000000000000000, -0.8191520442889909104 ) ) ;
#6990 = CARTESIAN_POINT ( 'NONE',  ( -1.499999999999996225, 13.48034298036376022, 105.6917036024919696 ) ) ;
#6991 = CIRCLE ( 'NONE', #6614, 1.999999999999974021 ) ;
#6992 = LINE ( 'NONE', #8891, #210 ) ;
#6993 = CARTESIAN_POINT ( 'NONE',  ( 13.68983573714720769, 27.85034443548722649, 100.3144660940672992 ) ) ;
#6994 = VERTEX_POINT ( 'NONE', #2273 ) ;
#6995 = CARTESIAN_POINT ( 'NONE',  ( -11.00000000000001066, 2.250000000000000000, 0.000000000000000000 ) ) ;
#6996 = VECTOR ( 'NONE', #5528, 1000.000000000000000 ) ;
#6997 = CYLINDRICAL_SURFACE ( 'NONE', #2796, 2.000000000000001776 ) ;
#6998 = ORIENTED_EDGE ( 'NONE', *, *, #2783, .T. ) ;
#6999 = CARTESIAN_POINT ( 'NONE',  ( 4.426688587134718134, 8.500000000000000000, 104.6910917383945900 ) ) ;
#7000 = DIRECTION ( 'NONE',  ( 0.000000000000000000, -1.000000000000000000, 0.000000000000000000 ) ) ;
#7001 = EDGE_LOOP ( 'NONE', ( #3936, #2096, #2060, #8176 ) ) ;
#7002 = DIRECTION ( 'NONE',  ( 1.000000000000000000, 8.673617379884036705E-17, 0.000000000000000000 ) ) ;
#7003 = CARTESIAN_POINT ( 'NONE',  ( 39.57583120581360703, 7.249999999999999112, 27.71129534122543348 ) ) ;
#7004 = VECTOR ( 'NONE', #6171, 1000.000000000000000 ) ;
#7005 = CARTESIAN_POINT ( 'NONE',  ( 15.86167683370010373, 27.77546953098697813, 163.0000000000001421 ) ) ;
#7006 = CARTESIAN_POINT ( 'NONE',  ( -1.499999999999996225, 13.48034298036375489, 105.6917036024919696 ) ) ;
#7007 = FACE_OUTER_BOUND ( 'NONE', #10646, .T. ) ;
#7008 = ORIENTED_EDGE ( 'NONE', *, *, #10100, .F. ) ;
#7009 = DIRECTION ( 'NONE',  ( -0.000000000000000000, 0.000000000000000000, 1.000000000000000000 ) ) ;
#7010 = EDGE_CURVE ( 'NONE', #749, #8873, #3224, .T. ) ;
#7011 = VECTOR ( 'NONE', #4323, 1000.000000000000000 ) ;
#7012 = CARTESIAN_POINT ( 'NONE',  ( -16.10352159634808089, 27.11100650659829725, 163.0000000000001421 ) ) ;
#7013 = DIRECTION ( 'NONE',  ( 0.000000000000000000, -0.000000000000000000, 1.000000000000000000 ) ) ;
#7014 = ADVANCED_FACE ( 'NONE', ( #9616, #5408 ), #11672, .T. ) ;
#7015 = CARTESIAN_POINT ( 'NONE',  ( 17.44999999998816875, 2.250000000000000000, 155.5000000000001990 ) ) ;
#7016 = LINE ( 'NONE', #9571, #9169 ) ;
#7017 = CARTESIAN_POINT ( 'NONE',  ( -4.353180627086078225, 8.500000000000000000, 102.4032092842994359 ) ) ;
#7018 = CARTESIAN_POINT ( 'NONE',  ( -13.64326908988935294, 27.70924395564552256, 102.7901884002718589 ) ) ;
#7019 = EDGE_CURVE ( 'NONE', #7198, #8482, #7952, .T. ) ;
#7020 = ORIENTED_EDGE ( 'NONE', *, *, #9712, .F. ) ;
#7021 = AXIS2_PLACEMENT_3D ( 'NONE', #5700, #3095, #5578 ) ;
#7022 = AXIS2_PLACEMENT_3D ( 'NONE', #4702, #8313, #182 ) ;
#7023 = ORIENTED_EDGE ( 'NONE', *, *, #2314, .F. ) ;
#7024 = VERTEX_POINT ( 'NONE', #10847 ) ;
#7025 = DIRECTION ( 'NONE',  ( 1.000000000000000000, -0.000000000000000000, -0.000000000000000000 ) ) ;
#7026 = FACE_OUTER_BOUND ( 'NONE', #9751, .T. ) ;
#7027 = AXIS2_PLACEMENT_3D ( 'NONE', #4336, #527, #6060 ) ;
#7028 = CARTESIAN_POINT ( 'NONE',  ( 17.99999999999998934, 2.250000000000000444, 89.43550806100932959 ) ) ;
#7029 = CARTESIAN_POINT ( 'NONE',  ( -18.11169591142169111, 7.249999999999999112, 142.5714093900725175 ) ) ;
#7030 = CARTESIAN_POINT ( 'NONE',  ( 15.79263411825426466, 26.57780789377581243, 100.2937143655314713 ) ) ;
#7031 = ORIENTED_EDGE ( 'NONE', *, *, #11251, .T. ) ;
#7032 = AXIS2_PLACEMENT_3D ( 'NONE', #106, #3734, #2840 ) ;
#7033 = CARTESIAN_POINT ( 'NONE',  ( -19.74999999999964473, 2.250000000000000444, 141.4242565173703667 ) ) ;
#7034 = EDGE_CURVE ( 'NONE', #3696, #5672, #2362, .T. ) ;
#7035 = EDGE_LOOP ( 'NONE', ( #4111, #1440, #6001, #6054 ) ) ;
#7036 = CARTESIAN_POINT ( 'NONE',  ( 5.070272582278438911, 9.249999999999996447, 102.2107929051642117 ) ) ;
#7037 = EDGE_CURVE ( 'NONE', #2086, #4150, #4341, .T. ) ;
#7038 = ORIENTED_EDGE ( 'NONE', *, *, #453, .T. ) ;
#7039 = VECTOR ( 'NONE', #7725, 1000.000000000000000 ) ;
#7040 = CARTESIAN_POINT ( 'NONE',  ( 29.37500000000054357, 2.250000000000000000, 119.8000000000000682 ) ) ;
#7041 = DIRECTION ( 'NONE',  ( 0.000000000000000000, 0.000000000000000000, -1.000000000000000000 ) ) ;
#7042 = CARTESIAN_POINT ( 'NONE',  ( -23.53921572489440450, 7.249999999999999112, 109.3489238107519981 ) ) ;
#7043 = ORIENTED_EDGE ( 'NONE', *, *, #11449, .F. ) ;
#7044 = CARTESIAN_POINT ( 'NONE',  ( 2.392501048138500952, 13.53252524041372951, 105.4563246383442845 ) ) ;
#7045 = DIRECTION ( 'NONE',  ( 0.000000000000000000, 0.000000000000000000, 1.000000000000000000 ) ) ;
#7046 = EDGE_CURVE ( 'NONE', #6216, #2366, #5348, .T. ) ;
#7047 = ORIENTED_EDGE ( 'NONE', *, *, #11037, .T. ) ;
#7048 = DIRECTION ( 'NONE',  ( 1.000000000000000000, 0.000000000000000000, 0.000000000000000000 ) ) ;
#7050 = ADVANCED_FACE ( 'NONE', ( #1670 ), #9021, .F. ) ;
#7049 = LINE ( 'NONE', #11430, #2695 ) ;
#7051 = CARTESIAN_POINT ( 'NONE',  ( 6.720863141051467871, 9.807828727227436261, 105.4739292208255108 ) ) ;
#7052 = AXIS2_PLACEMENT_3D ( 'NONE', #10243, #3293, #7469 ) ;
#7053 = LINE ( 'NONE', #1600, #9497 ) ;
#7054 = EDGE_CURVE ( 'NONE', #5568, #10820, #1730, .T. ) ;
#7055 = CARTESIAN_POINT ( 'NONE',  ( -12.74999999999995737, 14.26997711284613857, 102.1298942063219357 ) ) ;
#7056 = VECTOR ( 'NONE', #6308, 1000.000000000000000 ) ;
#7057 = EDGE_CURVE ( 'NONE', #9457, #11117, #10909, .T. ) ;
#7058 = VECTOR ( 'NONE', #6989, 1000.000000000000000 ) ;
#7059 = DIRECTION ( 'NONE',  ( 0.000000000000000000, -1.000000000000000000, 0.000000000000000000 ) ) ;
#7060 = ORIENTED_EDGE ( 'NONE', *, *, #4058, .T. ) ;
#7061 = CARTESIAN_POINT ( 'NONE',  ( 19.74999999999982236, 2.250000000000000444, 124.4242565173703525 ) ) ;
#7062 = ORIENTED_EDGE ( 'NONE', *, *, #3383, .F. ) ;
#7063 = DIRECTION ( 'NONE',  ( 0.4226182617407007736, 0.9063077870366492705, 0.000000000000000000 ) ) ;
#7064 = DIRECTION ( 'NONE',  ( 0.000000000000000000, 1.000000000000000000, 0.000000000000000000 ) ) ;
#7065 = CARTESIAN_POINT ( 'NONE',  ( -5.134241216106392613, 9.614069427440842475, 102.8689808175661540 ) ) ;
#7066 = CARTESIAN_POINT ( 'NONE',  ( 47.56321848249373829, 2.250000000000000000, 33.30412412295692803 ) ) ;
#7067 = DIRECTION ( 'NONE',  ( -0.000000000000000000, -1.000000000000000000, -0.000000000000000000 ) ) ;
#7068 = AXIS2_PLACEMENT_3D ( 'NONE', #1313, #10430, #4935 ) ;
#7069 = EDGE_CURVE ( 'NONE', #1192, #8260, #834, .T. ) ;
#7070 = ORIENTED_EDGE ( 'NONE', *, *, #7170, .F. ) ;
#7071 = ORIENTED_EDGE ( 'NONE', *, *, #6342, .T. ) ;
#7072 = DIRECTION ( 'NONE',  ( 0.000000000000000000, 0.000000000000000000, -1.000000000000000000 ) ) ;
#7073 = CIRCLE ( 'NONE', #5954, 2.000000000000001776 ) ;
#7074 = CARTESIAN_POINT ( 'NONE',  ( -6.249999999999999112, 11.42104779652046709, 113.8255273209624647 ) ) ;
#7075 = DIRECTION ( 'NONE',  ( -0.4999999999999912847, 0.000000000000000000, 0.8660254037844437036 ) ) ;
#7076 = DIRECTION ( 'NONE',  ( 0.000000000000000000, 0.000000000000000000, -1.000000000000000000 ) ) ;
#7077 = CARTESIAN_POINT ( 'NONE',  ( -16.10352159634808089, 27.11100650659829725, 100.3144660940671997 ) ) ;
#7078 = CIRCLE ( 'NONE', #8602, 3.749999999999999112 ) ;
#7079 = CARTESIAN_POINT ( 'NONE',  ( -6.015028000230921990, 8.500000000000000000, 101.6606345105206941 ) ) ;
#7080 = CARTESIAN_POINT ( 'NONE',  ( -51.55691212083456776, 0.000000000000000000, 36.10053851382406265 ) ) ;
#7081 = ORIENTED_EDGE ( 'NONE', *, *, #5181, .F. ) ;
#7082 = AXIS2_PLACEMENT_3D ( 'NONE', #6438, #1934, #5553 ) ;
#7083 = EDGE_LOOP ( 'NONE', ( #11171, #10191, #4006, #5204 ) ) ;
#7084 = ADVANCED_FACE ( 'NONE', ( #2617 ), #10677, .T. ) ;
#7085 = FACE_OUTER_BOUND ( 'NONE', #7513, .T. ) ;
#7086 = DIRECTION ( 'NONE',  ( 0.000000000000000000, 1.000000000000000000, -0.000000000000000000 ) ) ;
#7087 = CARTESIAN_POINT ( 'NONE',  ( -6.157032294189179744, 9.249999999999996447, 106.0096908922880772 ) ) ;
#7088 = LINE ( 'NONE', #11692, #10594 ) ;
#7089 = DIRECTION ( 'NONE',  ( -1.000000000000000000, 0.000000000000000000, -0.000000000000000000 ) ) ;
#7090 = VERTEX_POINT ( 'NONE', #2739 ) ;
#7091 = EDGE_CURVE ( 'NONE', #4863, #3719, #9135, .T. ) ;
#7092 = CIRCLE ( 'NONE', #6903, 2.000000000000001776 ) ;
#7093 = DIRECTION ( 'NONE',  ( 0.000000000000000000, 0.000000000000000000, 1.000000000000000000 ) ) ;
#7094 = ORIENTED_EDGE ( 'NONE', *, *, #189, .F. ) ;
#7095 = CARTESIAN_POINT ( 'NONE',  ( 4.887064412546629377, 9.249999999999996447, 102.3723511678472136 ) ) ;
#7096 = VERTEX_POINT ( 'NONE', #6294 ) ;
#7097 = AXIS2_PLACEMENT_3D ( 'NONE', #7761, #5157, #11363 ) ;
#7098 = DIRECTION ( 'NONE',  ( 0.000000000000000000, 1.000000000000000000, -0.000000000000000000 ) ) ;
#7099 = CARTESIAN_POINT ( 'NONE',  ( -19.74999999999991118, 0.000000000000000000, 115.9242565173703525 ) ) ;
#7100 = CARTESIAN_POINT ( 'NONE',  ( -5.394761162547891509, 8.499999999999996447, 101.7724536279482095 ) ) ;
#7101 = ORIENTED_EDGE ( 'NONE', *, *, #1412, .F. ) ;
#7102 = CARTESIAN_POINT ( 'NONE',  ( 2.164727316715922001, 13.24603937429827205, 105.1982492305750156 ) ) ;
#7103 = EDGE_CURVE ( 'NONE', #9929, #10267, #2792, .T. ) ;
#7104 = DIRECTION ( 'NONE',  ( -0.000000000000000000, -1.000000000000000000, -0.000000000000000000 ) ) ;
#7105 = VERTEX_POINT ( 'NONE', #6358 ) ;
#7106 = CARTESIAN_POINT ( 'NONE',  ( 8.087117303037164362, 8.912882696962830309, 104.5497388756442803 ) ) ;
#7107 = VECTOR ( 'NONE', #1756, 1000.000000000000000 ) ;
#7108 = LINE ( 'NONE', #9657, #7058 ) ;
#7109 = CARTESIAN_POINT ( 'NONE',  ( 6.947343510738789085, 9.835486310717518776, 105.4552470799954875 ) ) ;
#7110 = CARTESIAN_POINT ( 'NONE',  ( 4.759565491643471979, 9.249999999999998224, 102.4631449110910637 ) ) ;
#7111 = CARTESIAN_POINT ( 'NONE',  ( -15.95560520473883415, 26.79379878113547164, 107.3855339059327321 ) ) ;
#7112 = PLANE ( 'NONE',  #8859 ) ;
#7113 = AXIS2_PLACEMENT_3D ( 'NONE', #2010, #2717, #5623 ) ;
#7114 = ORIENTED_EDGE ( 'NONE', *, *, #4014, .F. ) ;
#7115 = LINE ( 'NONE', #10780, #5283 ) ;
#7116 = LINE ( 'NONE', #5342, #9849 ) ;
#7117 = ORIENTED_EDGE ( 'NONE', *, *, #5739, .T. ) ;
#7118 = DIRECTION ( 'NONE',  ( -0.9063077870366498257, 0.4226182617406997744, 0.000000000000000000 ) ) ;
#7119 = DIRECTION ( 'NONE',  ( 0.000000000000000000, -1.000000000000000000, 0.000000000000000000 ) ) ;
#7120 = EDGE_CURVE ( 'NONE', #6573, #889, #3455, .T. ) ;
#7121 = EDGE_CURVE ( 'NONE', #263, #2028, #4831, .T. ) ;
#7122 = CARTESIAN_POINT ( 'NONE',  ( -5.274543878499056149, 9.631215431009849226, 102.7293014215076141 ) ) ;
#7123 = CARTESIAN_POINT ( 'NONE',  ( 14.29090602227477724, 27.95624303007970468, 163.0000000000001421 ) ) ;
#7124 = ORIENTED_EDGE ( 'NONE', *, *, #5136, .F. ) ;
#7125 = FACE_OUTER_BOUND ( 'NONE', #3617, .T. ) ;
#7126 = ADVANCED_FACE ( 'NONE', ( #5464 ), #4577, .F. ) ;
#7127 = VERTEX_POINT ( 'NONE', #8903 ) ;
#7128 = EDGE_CURVE ( 'NONE', #7361, #8638, #11438, .T. ) ;
#7129 = ORIENTED_EDGE ( 'NONE', *, *, #4715, .T. ) ;
#7130 = PLANE ( 'NONE',  #11190 ) ;
#7131 = LINE ( 'NONE', #7012, #10009 ) ;
#7132 = LINE ( 'NONE', #10740, #5741 ) ;
#7133 = FACE_OUTER_BOUND ( 'NONE', #8065, .T. ) ;
#7134 = CARTESIAN_POINT ( 'NONE',  ( -1.250000000000001110, 11.42104779652046709, 113.8255273209624647 ) ) ;
#7135 = CARTESIAN_POINT ( 'NONE',  ( -8.077344618109879804, 9.011488837849881861, 103.7436434039267255 ) ) ;
#7136 = LINE ( 'NONE', #2924, #968 ) ;
#7137 = ORIENTED_EDGE ( 'NONE', *, *, #5496, .F. ) ;
#7138 = ORIENTED_EDGE ( 'NONE', *, *, #2929, .F. ) ;
#7139 = CARTESIAN_POINT ( 'NONE',  ( 4.462227422511216623, 8.949000138681059369, 103.7436434039504149 ) ) ;
#7140 = LINE ( 'NONE', #7262, #10695 ) ;
#7141 = DIRECTION ( 'NONE',  ( 0.000000000000000000, -1.000000000000000000, 0.000000000000000000 ) ) ;
#7142 = FACE_OUTER_BOUND ( 'NONE', #7035, .T. ) ;
#7143 = CARTESIAN_POINT ( 'NONE',  ( -6.200969957883628147, 9.744339336096325965, 102.2689650789376117 ) ) ;
#7144 = VERTEX_POINT ( 'NONE', #1906 ) ;
#7145 = CARTESIAN_POINT ( 'NONE',  ( -15.79263411825426466, 26.57780789377581243, 100.2937143655314713 ) ) ;
#7146 = ORIENTED_EDGE ( 'NONE', *, *, #6736, .F. ) ;
#7147 = CARTESIAN_POINT ( 'NONE',  ( 16.15036770283282408, 27.32231563746894309, 100.2982510352636609 ) ) ;
#7148 = ORIENTED_EDGE ( 'NONE', *, *, #4581, .T. ) ;
#7149 = EDGE_CURVE ( 'NONE', #2767, #6752, #5526, .T. ) ;
#7150 = LINE ( 'NONE', #6158, #2815 ) ;
#7151 = CARTESIAN_POINT ( 'NONE',  ( -13.65792651620517972, 27.78191489034897899, 104.8883279828647659 ) ) ;
#7152 = CARTESIAN_POINT ( 'NONE',  ( 16.25000000000000000, 5.750000000000031086, 137.8414722278378690 ) ) ;
#7153 = VERTEX_POINT ( 'NONE', #10969 ) ;
#7154 = CARTESIAN_POINT ( 'NONE',  ( -17.44999999998816875, 2.250000000000000000, 156.6000000000001933 ) ) ;
#7155 = LINE ( 'NONE', #2599, #1909 ) ;
#7156 = ORIENTED_EDGE ( 'NONE', *, *, #6754, .F. ) ;
#7157 = CARTESIAN_POINT ( 'NONE',  ( -15.20033764930179387, 21.45637587167328064, 100.1000000000000227 ) ) ;
#7158 = EDGE_CURVE ( 'NONE', #5297, #537, #8613, .T. ) ;
#7159 = DIRECTION ( 'NONE',  ( 0.7071067811865516806, 0.7071067811865434649, -1.598181036901627387E-15 ) ) ;
#7160 = LINE ( 'NONE', #10772, #23 ) ;
#7161 = EDGE_CURVE ( 'NONE', #7451, #2767, #5826, .T. ) ;
#7162 = CARTESIAN_POINT ( 'NONE',  ( -10.00000000000000000, 8.448479721469174919, 134.1642548878282071 ) ) ;
#7163 = EDGE_CURVE ( 'NONE', #1662, #4357, #6594, .T. ) ;
#7164 = CARTESIAN_POINT ( 'NONE',  ( -29.37500000000054357, 0.000000000000000000, 83.90000000000000568 ) ) ;
#7165 = ADVANCED_FACE ( 'NONE', ( #1071 ), #6719, .T. ) ;
#7166 = DIRECTION ( 'NONE',  ( 0.000000000000000000, 0.000000000000000000, -1.000000000000000000 ) ) ;
#7167 = VECTOR ( 'NONE', #183, 1000.000000000000000 ) ;
#7168 = ORIENTED_EDGE ( 'NONE', *, *, #8649, .T. ) ;
#7169 = DIRECTION ( 'NONE',  ( 0.000000000000000000, 0.000000000000000000, -1.000000000000000000 ) ) ;
#7170 = EDGE_CURVE ( 'NONE', #1582, #10015, #644, .T. ) ;
#7171 = CARTESIAN_POINT ( 'NONE',  ( 7.234529205509787175, 9.122180877703099711, 105.2602266787879444 ) ) ;
#7172 = AXIS2_PLACEMENT_3D ( 'NONE', #4873, #2976, #167 ) ;
#7173 = ORIENTED_EDGE ( 'NONE', *, *, #10367, .F. ) ;
#7174 = CARTESIAN_POINT ( 'NONE',  ( -6.249999999999999112, 13.96768987689089947, 109.2687067062699384 ) ) ;
#7175 = DIRECTION ( 'NONE',  ( -0.000000000000000000, -1.000000000000000000, -0.000000000000000000 ) ) ;
#7176 = CARTESIAN_POINT ( 'NONE',  ( 8.347804207010076638, 8.652195792989910927, 103.8499999999999943 ) ) ;
#7177 = DIRECTION ( 'NONE',  ( 0.000000000000000000, 1.000000000000000000, 0.000000000000000000 ) ) ;
#7178 = EDGE_CURVE ( 'NONE', #319, #1901, #1260, .T. ) ;
#7179 = ORIENTED_EDGE ( 'NONE', *, *, #4776, .T. ) ;
#7180 = AXIS2_PLACEMENT_3D ( 'NONE', #5501, #9175, #96 ) ;
#7181 = CARTESIAN_POINT ( 'NONE',  ( -33.75000000000054001, 2.250000000000000000, 122.3259074277046068 ) ) ;
#7182 = AXIS2_PLACEMENT_3D ( 'NONE', #417, #5773, #11093 ) ;
#7183 = EDGE_CURVE ( 'NONE', #2918, #6317, #1969, .T. ) ;
#7184 = ORIENTED_EDGE ( 'NONE', *, *, #355, .T. ) ;
#7185 = ORIENTED_EDGE ( 'NONE', *, *, #7778, .F. ) ;
#7186 = VECTOR ( 'NONE', #10836, 1000.000000000000000 ) ;
#7187 = LINE ( 'NONE', #11679, #6491 ) ;
#7188 = CARTESIAN_POINT ( 'NONE',  ( -15.29114218035015860, 26.55195401848749626, 163.0000000000001421 ) ) ;
#7189 = DIRECTION ( 'NONE',  ( 1.000000000000000000, 0.000000000000000000, -2.037106467202124000E-14 ) ) ;
#7190 = DIRECTION ( 'NONE',  ( 0.000000000000000000, 0.000000000000000000, -1.000000000000000000 ) ) ;
#7191 = CARTESIAN_POINT ( 'NONE',  ( -10.00000000000000178, 9.966439613938097963, 127.3171802926508178 ) ) ;
#7192 = CARTESIAN_POINT ( 'NONE',  ( -8.065070057461213082, 9.009951390969433760, 104.0627087893834926 ) ) ;
#7193 = LINE ( 'NONE', #5646, #6269 ) ;
#7194 = EDGE_CURVE ( 'NONE', #10511, #671, #4823, .T. ) ;
#7195 = VERTEX_POINT ( 'NONE', #2984 ) ;
#7196 = VECTOR ( 'NONE', #11522, 1000.000000000000000 ) ;
#7197 = ORIENTED_EDGE ( 'NONE', *, *, #5796, .F. ) ;
#7198 = VERTEX_POINT ( 'NONE', #6537 ) ;
#7199 = AXIS2_PLACEMENT_3D ( 'NONE', #11548, #3449, #7680 ) ;
#7200 = CARTESIAN_POINT ( 'NONE',  ( 8.096730651264337553, 9.176041061495977758, 103.4286652428514230 ) ) ;
#7201 = PLANE ( 'NONE',  #4094 ) ;
#7202 = DIRECTION ( 'NONE',  ( -0.000000000000000000, -1.000000000000000000, -0.000000000000000000 ) ) ;
#7203 = CARTESIAN_POINT ( 'NONE',  ( 33.75000000000054001, 2.250000000000000000, 79.62590742770457553 ) ) ;
#7204 = CARTESIAN_POINT ( 'NONE',  ( -6.805051911723670521, 9.818110035416234282, 105.4720213315292057 ) ) ;
#7205 = VERTEX_POINT ( 'NONE', #8370 ) ;
#7206 = CARTESIAN_POINT ( 'NONE',  ( -29.37500000000054357, 2.250000000000000000, 82.35000000000000853 ) ) ;
#7207 = EDGE_LOOP ( 'NONE', ( #4510, #312, #1811, #8241, #508, #7457 ) ) ;
#7208 = DIRECTION ( 'NONE',  ( 0.000000000000000000, 0.000000000000000000, -1.000000000000000000 ) ) ;
#7209 = DIRECTION ( 'NONE',  ( -0.000000000000000000, -0.000000000000000000, -1.000000000000000000 ) ) ;
#7210 = VECTOR ( 'NONE', #4197, 1000.000000000000000 ) ;
#7211 = ORIENTED_EDGE ( 'NONE', *, *, #1590, .F. ) ;
#7212 = AXIS2_PLACEMENT_3D ( 'NONE', #935, #650, #9728 ) ;
#7213 = ORIENTED_EDGE ( 'NONE', *, *, #8906, .T. ) ;
#7214 = DIRECTION ( 'NONE',  ( 0.000000000000000000, -1.000000000000000000, 0.000000000000000000 ) ) ;
#7215 = CARTESIAN_POINT ( 'NONE',  ( -1.500000000000000000, 31.94302117641175442, 103.8500000000000227 ) ) ;
#7216 = DIRECTION ( 'NONE',  ( 0.4226182617407009956, 0.9063077870366493816, 0.000000000000000000 ) ) ;
#7217 = ORIENTED_EDGE ( 'NONE', *, *, #6523, .T. ) ;
#7218 = VECTOR ( 'NONE', #6410, 1000.000000000000000 ) ;
#7219 = CARTESIAN_POINT ( 'NONE',  ( 2.491239737712355407, 13.30346383853884440, 104.9800806058473199 ) ) ;
#7220 = ORIENTED_EDGE ( 'NONE', *, *, #10212, .T. ) ;
#7221 = DIRECTION ( 'NONE',  ( 0.9492526364575638587, 0.000000000000000000, -0.3145145977190313968 ) ) ;
#7222 = DIRECTION ( 'NONE',  ( 2.419433718647665781E-16, -1.000000000000000000, 0.000000000000000000 ) ) ;
#7223 = ORIENTED_EDGE ( 'NONE', *, *, #821, .T. ) ;
#7224 = CARTESIAN_POINT ( 'NONE',  ( -2.524674684019305282, 13.88932590347051388, 102.7542533680968546 ) ) ;
#7225 = DIRECTION ( 'NONE',  ( 0.000000000000000000, 0.000000000000000000, 1.000000000000000000 ) ) ;
#7226 = DIRECTION ( 'NONE',  ( 0.9063077870366492705, 0.4226182617407010511, 0.000000000000000000 ) ) ;
#7227 = CARTESIAN_POINT ( 'NONE',  ( -29.37500000000053291, 2.250000000000000000, 87.59999999999999432 ) ) ;
#7228 = AXIS2_PLACEMENT_3D ( 'NONE', #2727, #4503, #7226 ) ;
#7229 = ADVANCED_FACE ( 'NONE', ( #7602 ), #10146, .T. ) ;
#7230 = DIRECTION ( 'NONE',  ( 0.000000000000000000, -1.000000000000000000, 0.000000000000000000 ) ) ;
#7231 = ORIENTED_EDGE ( 'NONE', *, *, #10971, .T. ) ;
#7232 = CARTESIAN_POINT ( 'NONE',  ( 26.50000000000052935, 2.250000000000000000, 119.8000000000000398 ) ) ;
#7233 = EDGE_CURVE ( 'NONE', #4136, #5803, #4642, .T. ) ;
#7234 = CARTESIAN_POINT ( 'NONE',  ( 7.777404640765508859, 9.156093336170297192, 104.8412339062981999 ) ) ;
#7235 = EDGE_CURVE ( 'NONE', #2234, #8460, #5644, .T. ) ;
#7236 = ORIENTED_EDGE ( 'NONE', *, *, #2832, .F. ) ;
#7237 = VECTOR ( 'NONE', #3698, 1000.000000000000000 ) ;
#7238 = CARTESIAN_POINT ( 'NONE',  ( -12.66611185142060059, 8.499999999999998224, 101.1000000000000085 ) ) ;
#7239 = LINE ( 'NONE', #10080, #10821 ) ;
#7240 = CARTESIAN_POINT ( 'NONE',  ( -5.071464849349956339, 9.606412209951121994, 104.7540217187486178 ) ) ;
#7241 = DIRECTION ( 'NONE',  ( 0.000000000000000000, -1.000000000000000000, 2.260169297513790404E-15 ) ) ;
#7242 = ORIENTED_EDGE ( 'NONE', *, *, #1824, .F. ) ;
#7243 = VECTOR ( 'NONE', #4352, 999.9999999999998863 ) ;
#7244 = CARTESIAN_POINT ( 'NONE',  ( 11.49999999999998934, 7.249999999999999112, 89.43550806100927275 ) ) ;
#7245 = VECTOR ( 'NONE', #9038, 1000.000000000000000 ) ;
#7246 = VECTOR ( 'NONE', #11119, 1000.000000000000114 ) ;
#7247 = VERTEX_POINT ( 'NONE', #3877 ) ;
#7248 = ADVANCED_FACE ( 'NONE', ( #7485 ), #8038, .F. ) ;
#7249 = AXIS2_PLACEMENT_3D ( 'NONE', #3230, #1626, #6844 ) ;
#7250 = ORIENTED_EDGE ( 'NONE', *, *, #6077, .F. ) ;
#7251 = LINE ( 'NONE', #2574, #3849 ) ;
#7252 = EDGE_CURVE ( 'NONE', #93, #9108, #6535, .T. ) ;
#7253 = LINE ( 'NONE', #6482, #7167 ) ;
#7254 = CARTESIAN_POINT ( 'NONE',  ( 22.46618772424388411, 44.46618772424340449, 59.12018575798309428 ) ) ;
#7255 = DIRECTION ( 'NONE',  ( 0.000000000000000000, 0.000000000000000000, 1.000000000000000000 ) ) ;
#7256 = DIRECTION ( 'NONE',  ( 0.7071067811865433539, -0.7071067811865517916, 0.000000000000000000 ) ) ;
#7257 = CARTESIAN_POINT ( 'NONE',  ( -5.679407112273805680, 8.711135803360257057, 102.2769730618900752 ) ) ;
#7258 = ORIENTED_EDGE ( 'NONE', *, *, #11359, .T. ) ;
#7259 = ORIENTED_EDGE ( 'NONE', *, *, #1904, .T. ) ;
#7260 = AXIS2_PLACEMENT_3D ( 'NONE', #266, #3072, #11115 ) ;
#7261 = CARTESIAN_POINT ( 'NONE',  ( 7.529416650772428277, 9.140601969523654446, 102.6257460103347654 ) ) ;
#7262 = CARTESIAN_POINT ( 'NONE',  ( 26.00112609145443088, 0.000000000000000000, 130.3000000000000398 ) ) ;
#7263 = DIRECTION ( 'NONE',  ( 0.000000000000000000, 0.000000000000000000, -1.000000000000000000 ) ) ;
#7264 = CARTESIAN_POINT ( 'NONE',  ( 0.000000000000000000, 2.250000000000000000, 89.10000000000000853 ) ) ;
#7265 = CARTESIAN_POINT ( 'NONE',  ( -6.006989913973951545, 9.720650425341165857, 102.3188480519838350 ) ) ;
#7266 = UNCERTAINTY_MEASURE_WITH_UNIT (LENGTH_MEASURE( 1.000000000000000082E-05 ), #3506, 'distance_accuracy_value', 'NONE');
#7267 = ORIENTED_EDGE ( 'NONE', *, *, #4031, .T. ) ;
#7268 = DIRECTION ( 'NONE',  ( 2.419433718647665781E-16, -1.000000000000000000, 0.000000000000000000 ) ) ;
#7269 = EDGE_CURVE ( 'NONE', #7429, #1349, #299, .T. ) ;
#7270 = B_SPLINE_CURVE_WITH_KNOTS ( 'NONE', 3,
 ( #10878, #7273, #8334, #89 ),
 .UNSPECIFIED., .F., .F.,
 ( 4, 4 ),
 ( 0.0005776022389569026357, 0.0007950313159258676860 ),
 .UNSPECIFIED. ) ;
#7271 = EDGE_LOOP ( 'NONE', ( #3738, #5250, #5607, #725 ) ) ;
#7272 = ADVANCED_FACE ( 'NONE', ( #3934, #11145 ), #3042, .F. ) ;
#7273 = CARTESIAN_POINT ( 'NONE',  ( 16.15036770283011691, 27.25040789281083420, 100.3085454780726877 ) ) ;
#7275 = AXIS2_PLACEMENT_3D ( 'NONE', #3351, #7799, #11402 ) ;
#7274 = CARTESIAN_POINT ( 'NONE',  ( 16.12209655468985403, 27.51274920262758528, 100.2631145324418185 ) ) ;
#7276 = ORIENTED_EDGE ( 'NONE', *, *, #3427, .F. ) ;
#7277 = ORIENTED_EDGE ( 'NONE', *, *, #10639, .T. ) ;
#7278 = DIRECTION ( 'NONE',  ( 0.000000000000000000, -1.000000000000000000, 0.000000000000000000 ) ) ;
#7279 = DIRECTION ( 'NONE',  ( -0.5735764363510454933, 0.000000000000000000, -0.8191520442889922426 ) ) ;
#7280 = FACE_OUTER_BOUND ( 'NONE', #5367, .T. ) ;
#7281 = ORIENTED_EDGE ( 'NONE', *, *, #6904, .F. ) ;
#7282 = VECTOR ( 'NONE', #6474, 1000.000000000000114 ) ;
#7283 = DIRECTION ( 'NONE',  ( 4.956352788505160310E-16, -0.000000000000000000, 1.000000000000000000 ) ) ;
#7284 = ORIENTED_EDGE ( 'NONE', *, *, #11444, .T. ) ;
#7285 = CARTESIAN_POINT ( 'NONE',  ( -7.998399433221680788, 9.001600575549195682, 104.3130254962241850 ) ) ;
#7286 = DIRECTION ( 'NONE',  ( 0.000000000000000000, -1.000000000000000000, 0.000000000000000000 ) ) ;
#7287 = ORIENTED_EDGE ( 'NONE', *, *, #347, .T. ) ;
#7288 = CARTESIAN_POINT ( 'NONE',  ( -1.697335035498103162, 13.99313342155869577, 102.3598656417654382 ) ) ;
#7289 = CARTESIAN_POINT ( 'NONE',  ( 5.520314521812627717, 9.661219335262277497, 105.1560123515207437 ) ) ;
#7290 = PLANE ( 'NONE',  #3444 ) ;
#7291 = VECTOR ( 'NONE', #5267, 1000.000000000000114 ) ;
#7292 = DIRECTION ( 'NONE',  ( 0.000000000000000000, 0.000000000000000000, -1.000000000000000000 ) ) ;
#7293 = CARTESIAN_POINT ( 'NONE',  ( -6.048505053585008895, 8.757367069365686874, 102.2249999999999943 ) ) ;
#7294 = B_SPLINE_CURVE_WITH_KNOTS ( 'NONE', 3,
 ( #11313, #6821, #5939, #2317 ),
 .UNSPECIFIED., .F., .F.,
 ( 4, 4 ),
 ( 0.0005776022389569026357, 0.0007950313159258676860 ),
 .UNSPECIFIED. ) ;
#7295 = ORIENTED_EDGE ( 'NONE', *, *, #5427, .T. ) ;
#7296 = LINE ( 'NONE', #2668, #4796 ) ;
#7297 = AXIS2_PLACEMENT_3D ( 'NONE', #10824, #8048, #809 ) ;
#7298 = CARTESIAN_POINT ( 'NONE',  ( 4.521293923512073043, 8.952689917462537394, 103.4286652428513946 ) ) ;
#7299 = ORIENTED_EDGE ( 'NONE', *, *, #10160, .T. ) ;
#7300 = DIRECTION ( 'NONE',  ( 0.000000000000000000, 0.000000000000000000, 1.000000000000000000 ) ) ;
#7301 = DIRECTION ( 'NONE',  ( 0.7745966692414906207, 0.4472135954999517105, 0.4472135954999517105 ) ) ;
#7302 = CARTESIAN_POINT ( 'NONE',  ( -5.945605451804412134, 9.713157043111031896, 105.3593195831595040 ) ) ;
#7303 = DIRECTION ( 'NONE',  ( 0.000000000000000000, -1.000000000000000000, 0.000000000000000000 ) ) ;
#7304 = ORIENTED_EDGE ( 'NONE', *, *, #1299, .F. ) ;
#7305 = CARTESIAN_POINT ( 'NONE',  ( -6.249999999999999112, 36.40283343504449221, 8.070313877629478938 ) ) ;
#7306 = EDGE_CURVE ( 'NONE', #3308, #3882, #10120, .T. ) ;
#7307 = EDGE_CURVE ( 'NONE', #2923, #8237, #2494, .T. ) ;
#7308 = ORIENTED_EDGE ( 'NONE', *, *, #1889, .F. ) ;
#7309 = ORIENTED_EDGE ( 'NONE', *, *, #9126, .T. ) ;
#7310 = CARTESIAN_POINT ( 'NONE',  ( 15.18194599342261064, 28.09243322729249215, 103.8500000000000085 ) ) ;
#7311 = LINE ( 'NONE', #4703, #1499 ) ;
#7312 = LINE ( 'NONE', #902, #11408 ) ;
#7313 = LINE ( 'NONE', #2994, #2891 ) ;
#7314 = DIRECTION ( 'NONE',  ( 8.467327119750535557E-17, 0.5372996083468168926, 0.8433914458128900504 ) ) ;
#7315 = CARTESIAN_POINT ( 'NONE',  ( -4.659085447609590425, 8.583335680383090249, 102.8587660936977954 ) ) ;
#7316 = EDGE_CURVE ( 'NONE', #3969, #10059, #11266, .T. ) ;
#7317 = ORIENTED_EDGE ( 'NONE', *, *, #6012, .F. ) ;
#7318 =( BOUNDED_CURVE ( )  B_SPLINE_CURVE ( 3, ( #9623, #7684, #8625, #7904 ),
 .UNSPECIFIED., .F., .F. ) 
 B_SPLINE_CURVE_WITH_KNOTS ( ( 4, 4 ),
 ( 0.2889472842140036191, 1.310609724990681180 ),
 .UNSPECIFIED. ) 
 CURVE ( )  GEOMETRIC_REPRESENTATION_ITEM ( )  RATIONAL_B_SPLINE_CURVE ( ( 1.000000000000000000, 0.9148922822068308314, 0.9148922822068308314, 1.000000000000000000 ) ) 
 REPRESENTATION_ITEM ( '' )  );
#7319 = EDGE_CURVE ( 'NONE', #1343, #3985, #3327, .T. ) ;
#7320 = ORIENTED_EDGE ( 'NONE', *, *, #8862, .T. ) ;
#7321 = CARTESIAN_POINT ( 'NONE',  ( 7.234529205509781846, 9.122180877703106816, 102.4397733212121011 ) ) ;
#7322 = CARTESIAN_POINT ( 'NONE',  ( -19.97317622158406181, 38.36725960933927126, 103.8500000000000085 ) ) ;
#7323 = CARTESIAN_POINT ( 'NONE',  ( -7.750000000000001776, 9.249999999999998224, 101.9168012225029969 ) ) ;
#7324 = DIRECTION ( 'NONE',  ( 8.659560562354968603E-17, 0.7071067811865444641, -0.7071067811865505703 ) ) ;
#7325 = CARTESIAN_POINT ( 'NONE',  ( -7.907010397414653724, 9.952681590805676493, 102.6264431140510140 ) ) ;
#7326 = EDGE_LOOP ( 'NONE', ( #6278, #7277, #9538, #4978 ) ) ;
#7327 = CIRCLE ( 'NONE', #8843, 2.000000000000001776 ) ;
#7328 = DIRECTION ( 'NONE',  ( 0.000000000000000000, 0.000000000000000000, -1.000000000000000000 ) ) ;
#7329 = ORIENTED_EDGE ( 'NONE', *, *, #5229, .T. ) ;
#7330 = LINE ( 'NONE', #1043, #5558 ) ;
#7331 = CARTESIAN_POINT ( 'NONE',  ( 2.740806435359248283, 13.37904503926303335, 104.6929306078981767 ) ) ;
#7332 = EDGE_LOOP ( 'NONE', ( #2544, #8934, #1799, #7956 ) ) ;
#7333 = ORIENTED_EDGE ( 'NONE', *, *, #8340, .T. ) ;
#7334 = CARTESIAN_POINT ( 'NONE',  ( -4.000000000000000888, 0.000000000000000000, 96.10000000000006537 ) ) ;
#7335 = EDGE_CURVE ( 'NONE', #5827, #10330, #1373, .T. ) ;
#7336 = CARTESIAN_POINT ( 'NONE',  ( -16.22487079920108499, 21.45637587167328064, 103.8049922457927181 ) ) ;
#7337 = CARTESIAN_POINT ( 'NONE',  ( 1.309761392714299921, -7.274147393296581221, 103.8500000000000085 ) ) ;
#7338 = EDGE_LOOP ( 'NONE', ( #22, #9767 ) ) ;
#7339 = DIRECTION ( 'NONE',  ( 0.6985753890242646369, -0.1548704352004029450, 0.6985753890242878406 ) ) ;
#7340 = ORIENTED_EDGE ( 'NONE', *, *, #8516, .F. ) ;
#7341 = DIRECTION ( 'NONE',  ( 0.000000000000000000, 1.000000000000000000, 0.000000000000000000 ) ) ;
#7342 = CARTESIAN_POINT ( 'NONE',  ( -4.262820717031370776, 9.249999999999998224, 104.0816686654681433 ) ) ;
#7343 = EDGE_LOOP ( 'NONE', ( #9083, #6794, #9292, #10074 ) ) ;
#7344 = CARTESIAN_POINT ( 'NONE',  ( -2.961383951801897396, 13.69004143745096336, 103.5113761402070338 ) ) ;
#7345 = DIRECTION ( 'NONE',  ( 0.000000000000000000, 0.000000000000000000, 1.000000000000000000 ) ) ;
#7346 = CARTESIAN_POINT ( 'NONE',  ( 13.68983573714720769, 27.85034443548722649, 163.0000000000001421 ) ) ;
#7347 = CARTESIAN_POINT ( 'NONE',  ( -6.890154112826938793, 28.76157026686517071, 116.8679339569414282 ) ) ;
#7348 = CIRCLE ( 'NONE', #3215, 2.000000000000001776 ) ;
#7349 = ADVANCED_FACE ( 'NONE', ( #2380 ), #4108, .T. ) ;
#7350 = B_SPLINE_CURVE_WITH_KNOTS ( 'NONE', 3,
 ( #3639, #5364, #8197, #1920, #5537, #9149, #9971, #1026 ),
 .UNSPECIFIED., .F., .F.,
 ( 4, 2, 2, 4 ),
 ( 0.000000000000000000, 0.0002220072680961429460, 0.0004440145361922858921, 0.0008880290723845985640 ),
 .UNSPECIFIED. ) ;
#7351 = CARTESIAN_POINT ( 'NONE',  ( -4.252396876226105960, 8.500000000000000000, 105.1854912655031598 ) ) ;
#7352 = ORIENTED_EDGE ( 'NONE', *, *, #5679, .F. ) ;
#7353 = EDGE_LOOP ( 'NONE', ( #11022, #10553, #11080, #11503 ) ) ;
#7354 = CARTESIAN_POINT ( 'NONE',  ( -17.00379590873309255, 6.062232488658605867, 137.0876763191047587 ) ) ;
#7355 = CARTESIAN_POINT ( 'NONE',  ( 8.096730651264337553, 9.176041061495977758, 103.4286652428514230 ) ) ;
#7356 = EDGE_LOOP ( 'NONE', ( #234, #3543, #10974, #3193 ) ) ;
#7357 = CARTESIAN_POINT ( 'NONE',  ( -29.37500000000054357, 2.250000000000000000, 122.5000000000000568 ) ) ;
#7358 = DIRECTION ( 'NONE',  ( 0.000000000000000000, 0.000000000000000000, 1.000000000000000000 ) ) ;
#7359 = CARTESIAN_POINT ( 'NONE',  ( -4.873123496678206656, 9.582191215817408292, 104.4249592544638716 ) ) ;
#7360 = DIRECTION ( 'NONE',  ( 0.000000000000000000, 0.000000000000000000, 1.000000000000000000 ) ) ;
#7361 = VERTEX_POINT ( 'NONE', #1542 ) ;
#7362 = DIRECTION ( 'NONE',  ( 0.000000000000000000, 0.000000000000000000, 1.000000000000000000 ) ) ;
#7363 = VECTOR ( 'NONE', #11365, 1000.000000000000000 ) ;
#7364 = VECTOR ( 'NONE', #10590, 999.9999999999998863 ) ;
#7365 = ORIENTED_EDGE ( 'NONE', *, *, #9733, .T. ) ;
#7366 = ORIENTED_EDGE ( 'NONE', *, *, #3299, .F. ) ;
#7367 = CARTESIAN_POINT ( 'NONE',  ( -29.37500000000054357, 0.000000000000000000, 123.5000000000000568 ) ) ;
#7368 = CARTESIAN_POINT ( 'NONE',  ( -2.000000000000000000, 2.250000000000001776, 109.8500000000000227 ) ) ;
#7369 = CARTESIAN_POINT ( 'NONE',  ( 19.74999999999982236, 0.000000000000000000, 122.4242565173703525 ) ) ;
#7370 = VECTOR ( 'NONE', #912, 1000.000000000000000 ) ;
#7371 = CARTESIAN_POINT ( 'NONE',  ( -6.249999999999998224, 12.88549180720036347, 101.1000000000000227 ) ) ;
#7372 = CARTESIAN_POINT ( 'NONE',  ( -29.37500000000054357, 0.000000000000000000, 125.0500000000000540 ) ) ;
#7373 = CARTESIAN_POINT ( 'NONE',  ( -7.016988944574471532, 8.878674265572861657, 102.3893966668524200 ) ) ;
#7374 = ORIENTED_EDGE ( 'NONE', *, *, #810, .F. ) ;
#7375 = VECTOR ( 'NONE', #1262, 1000.000000000000000 ) ;
#7376 = VERTEX_POINT ( 'NONE', #6993 ) ;
#7377 = EDGE_CURVE ( 'NONE', #6463, #6502, #8712, .T. ) ;
#7378 = CARTESIAN_POINT ( 'NONE',  ( 7.700356126698385317, 9.151280253161610645, 102.7761569508089821 ) ) ;
#7379 = CARTESIAN_POINT ( 'NONE',  ( 13.86965727384176539, 28.23597296538536838, 104.8883279828647375 ) ) ;
#7380 = CYLINDRICAL_SURFACE ( 'NONE', #10274, 0.5000000000000004441 ) ;
#7381 = EDGE_CURVE ( 'NONE', #8752, #2044, #10850, .T. ) ;
#7382 = DIRECTION ( 'NONE',  ( -0.000000000000000000, -1.000000000000000000, -0.000000000000000000 ) ) ;
#7383 = DIRECTION ( 'NONE',  ( -0.000000000000000000, -1.000000000000000000, -0.000000000000000000 ) ) ;
#7384 = CARTESIAN_POINT ( 'NONE',  ( 8.347804207010076638, 8.652195792989910927, 103.8499999999999943 ) ) ;
#7385 = EDGE_LOOP ( 'NONE', ( #8179, #8320, #7779, #8882 ) ) ;
#7386 = B_SPLINE_CURVE_WITH_KNOTS ( 'NONE', 3,
 ( #8431, #295, #1009, #3039, #10259, #2150, #5641, #4638, #5767 ),
 .UNSPECIFIED., .F., .F.,
 ( 4, 1, 2, 2, 4 ),
 ( 0.000000000000000000, 0.2499999999999974465, 0.3749999999999961697, 0.4999999999999948930, 1.000000000000000000 ),
 .UNSPECIFIED. ) ;
#7387 = DIRECTION ( 'NONE',  ( 0.000000000000000000, -1.000000000000000000, 0.000000000000000000 ) ) ;
#7388 = EDGE_CURVE ( 'NONE', #1139, #2431, #2261, .T. ) ;
#7389 = VERTEX_POINT ( 'NONE', #5998 ) ;
#7390 = CARTESIAN_POINT ( 'NONE',  ( -9.999999999999971578, -4.000000000000005329, 107.6000000000000085 ) ) ;
#7391 = CARTESIAN_POINT ( 'NONE',  ( 2.412054309156931975, 13.28720110751049255, 105.0418752067793804 ) ) ;
#7392 = VERTEX_POINT ( 'NONE', #582 ) ;
#7393 = ORIENTED_EDGE ( 'NONE', *, *, #11496, .T. ) ;
#7394 = CARTESIAN_POINT ( 'NONE',  ( 16.22516882465090049, 21.45637587167327709, 103.8500000000000085 ) ) ;
#7395 = CARTESIAN_POINT ( 'NONE',  ( -10.00000000000000178, 9.749999999999996447, 160.2014815911317100 ) ) ;
#7396 = LINE ( 'NONE', #10119, #4163 ) ;
#7397 = CARTESIAN_POINT ( 'NONE',  ( 2.289210667519885334, 14.23003458379030484, 102.3100633117919074 ) ) ;
#7398 = EDGE_LOOP ( 'NONE', ( #2526, #10329, #6947, #2138 ) ) ;
#7399 = EDGE_CURVE ( 'NONE', #11176, #802, #3159, .T. ) ;
#7400 = CARTESIAN_POINT ( 'NONE',  ( -16.25000000000000000, 0.000000000000000000, 0.000000000000000000 ) ) ;
#7401 = CARTESIAN_POINT ( 'NONE',  ( -4.802599317125864964, 9.249999999999998224, 105.2402229958081961 ) ) ;
#7402 = VERTEX_POINT ( 'NONE', #6053 ) ;
#7403 = CARTESIAN_POINT ( 'NONE',  ( -2.249248478365110326, 13.94319142020748536, 102.5496014883681113 ) ) ;
#7404 = ADVANCED_FACE ( 'NONE', ( #1432 ), #2318, .F. ) ;
#7405 = CARTESIAN_POINT ( 'NONE',  ( -1.249999999999999556, 22.69056252269089669, 128.7106983892082042 ) ) ;
#7406 = CARTESIAN_POINT ( 'NONE',  ( 8.181485216069965816, 9.986200551584266449, 104.8188639220195171 ) ) ;
#7407 = DIRECTION ( 'NONE',  ( 0.000000000000000000, 0.000000000000000000, -1.000000000000000000 ) ) ;
#7408 = AXIS2_PLACEMENT_3D ( 'NONE', #4526, #2520, #903 ) ;
#7409 = VECTOR ( 'NONE', #4820, 1000.000000000000000 ) ;
#7410 = CARTESIAN_POINT ( 'NONE',  ( -6.666864724385681562, 8.834819548039110515, 102.2769730618900610 ) ) ;
#7411 = VERTEX_POINT ( 'NONE', #11435 ) ;
#7412 = EDGE_CURVE ( 'NONE', #1409, #7090, #10604, .T. ) ;
#7413 = CARTESIAN_POINT ( 'NONE',  ( -15.25000000000001599, 14.04116601645117157, 107.6000000000000085 ) ) ;
#7414 = EDGE_LOOP ( 'NONE', ( #6419, #1798, #4454, #9801, #804 ) ) ;
#7415 = CARTESIAN_POINT ( 'NONE',  ( 16.12112756828144100, 27.51410605402181275, 105.0542154896584890 ) ) ;
#7416 = ADVANCED_FACE ( 'NONE', ( #6939 ), #11486, .F. ) ;
#7417 = CARTESIAN_POINT ( 'NONE',  ( 6.171947324802048662, 8.500000000000000000, 101.9520223243003869 ) ) ;
#7418 = EDGE_LOOP ( 'NONE', ( #635, #339, #3450, #5809 ) ) ;
#7419 = LINE ( 'NONE', #9378, #5329 ) ;
#7420 = CARTESIAN_POINT ( 'NONE',  ( -6.250000000000000000, 15.08215782319601317, 114.6371758732249759 ) ) ;
#7421 = AXIS2_PLACEMENT_3D ( 'NONE', #8935, #5380, #1937 ) ;
#7422 = CARTESIAN_POINT ( 'NONE',  ( -5.012690126890583464, 9.599233734839550891, 104.6757802395291321 ) ) ;
#7423 = CARTESIAN_POINT ( 'NONE',  ( -15.95560520473883415, 26.79379878113547164, 163.0000000000001421 ) ) ;
#7424 = EDGE_LOOP ( 'NONE', ( #4203, #4418, #3721, #1177 ) ) ;
#7425 = EDGE_CURVE ( 'NONE', #1632, #6276, #59, .T. ) ;
#7426 = DIRECTION ( 'NONE',  ( 0.000000000000000000, 1.000000000000000000, 0.000000000000000000 ) ) ;
#7427 = CARTESIAN_POINT ( 'NONE',  ( -16.25000000000000000, 4.499999999999995559, 109.8500000000000227 ) ) ;
#7428 = VECTOR ( 'NONE', #4573, 1000.000000000000000 ) ;
#7429 = VERTEX_POINT ( 'NONE', #9487 ) ;
#7430 = ORIENTED_EDGE ( 'NONE', *, *, #10531, .T. ) ;
#7431 = DIRECTION ( 'NONE',  ( -1.000000000000000000, 0.000000000000000000, -0.000000000000000000 ) ) ;
#7432 = CARTESIAN_POINT ( 'NONE',  ( 18.11169591142192914, 3.888304088578084627, 117.0714093900724464 ) ) ;
#7433 = CIRCLE ( 'NONE', #10271, 1.000000000000014655 ) ;
#7434 = CARTESIAN_POINT ( 'NONE',  ( -16.25000000000000000, 2.250000000000000000, 138.8414722278378690 ) ) ;
#7435 = CARTESIAN_POINT ( 'NONE',  ( 14.38283030909027183, 28.46506699064844526, 107.4973460343844067 ) ) ;
#7436 = AXIS2_PLACEMENT_3D ( 'NONE', #9745, #11567, #9854 ) ;
#7437 = DIRECTION ( 'NONE',  ( 0.000000000000000000, 0.000000000000000000, 1.000000000000000000 ) ) ;
#7438 = AXIS2_PLACEMENT_3D ( 'NONE', #7862, #1575, #1515 ) ;
#7439 = VERTEX_POINT ( 'NONE', #4997 ) ;
#7440 = AXIS2_PLACEMENT_3D ( 'NONE', #9741, #3402, #7009 ) ;
#7441 = AXIS2_PLACEMENT_3D ( 'NONE', #7854, #10395, #4296 ) ;
#7442 = ORIENTED_EDGE ( 'NONE', *, *, #3486, .T. ) ;
#7443 = CARTESIAN_POINT ( 'NONE',  ( 6.904074664119070448, 9.101537972936316834, 102.3079948524817553 ) ) ;
#7444 = LINE ( 'NONE', #5728, #2006 ) ;
#7445 = DIRECTION ( 'NONE',  ( 0.5735764363510411634, 0.000000000000000000, -0.8191520442889952403 ) ) ;
#7446 = DIRECTION ( 'NONE',  ( 1.360567432138672574E-16, -0.2164396139381068729, 0.9762960071199324741 ) ) ;
#7447 = CARTESIAN_POINT ( 'NONE',  ( -4.999999999999997335, 4.499999999999997335, 109.8500000000000227 ) ) ;
#7448 = CARTESIAN_POINT ( 'NONE',  ( -15.95560520473883415, 26.79379878113547164, 100.3144660940672566 ) ) ;
#7449 = ORIENTED_EDGE ( 'NONE', *, *, #2045, .T. ) ;
#7450 = DIRECTION ( 'NONE',  ( 0.9063077870366493816, 0.4226182617407005515, -1.708035422500241705E-14 ) ) ;
#7451 = VERTEX_POINT ( 'NONE', #3209 ) ;
#7452 = DIRECTION ( 'NONE',  ( 0.7071067811865483499, 0.7071067811865465735, -1.598181036901634487E-15 ) ) ;
#7453 = CARTESIAN_POINT ( 'NONE',  ( 2.772507285937873878, 13.80997284015986004, 103.0557315606114059 ) ) ;
#7454 = ORIENTED_EDGE ( 'NONE', *, *, #5155, .T. ) ;
#7455 = CIRCLE ( 'NONE', #817, 2.000000000000001776 ) ;
#7456 = EDGE_CURVE ( 'NONE', #11011, #464, #11601, .T. ) ;
#7457 = ORIENTED_EDGE ( 'NONE', *, *, #162, .T. ) ;
#7458 = CARTESIAN_POINT ( 'NONE',  ( -12.99999999998818190, 2.250000000000000000, 154.5000000000000853 ) ) ;
#7459 = CARTESIAN_POINT ( 'NONE',  ( -20.26260754773836226, 7.249999999999999112, 120.1432295561562000 ) ) ;
#7460 = CARTESIAN_POINT ( 'NONE',  ( 14.14298963066553050, 27.63903530461687552, 163.0000000000001421 ) ) ;
#7461 = ADVANCED_FACE ( 'NONE', ( #7772 ), #11376, .F. ) ;
#7462 = CARTESIAN_POINT ( 'NONE',  ( 33.75000000000054001, 2.250000000000000000, 85.07409257229544153 ) ) ;
#7463 = ORIENTED_EDGE ( 'NONE', *, *, #7103, .T. ) ;
#7464 = CARTESIAN_POINT ( 'NONE',  ( 15.95560520473883415, 26.79379878113547164, 107.3855339059327321 ) ) ;
#7465 = CARTESIAN_POINT ( 'NONE',  ( -4.887064412546608061, 9.249999999999998224, 102.3723511678471141 ) ) ;
#7466 = ORIENTED_EDGE ( 'NONE', *, *, #8414, .F. ) ;
#7467 = VECTOR ( 'NONE', #5904, 1000.000000000000000 ) ;
#7468 = CARTESIAN_POINT ( 'NONE',  ( -2.718853637960897629, 13.37039701842662076, 104.7257852909911975 ) ) ;
#7469 = DIRECTION ( 'NONE',  ( -1.734723475976805517E-15, 0.000000000000000000, 1.000000000000000000 ) ) ;
#7470 = CARTESIAN_POINT ( 'NONE',  ( 7.105105961475756793, 9.854752740835937885, 102.2694991115171632 ) ) ;
#7471 = VERTEX_POINT ( 'NONE', #4610 ) ;
#7472 = PLANE ( 'NONE',  #7762 ) ;
#7473 = AXIS2_PLACEMENT_3D ( 'NONE', #10618, #4175, #655 ) ;
#7474 = CARTESIAN_POINT ( 'NONE',  ( -8.588833455959738572, 8.500000000000000000, 103.7067055625060732 ) ) ;
#7475 = ORIENTED_EDGE ( 'NONE', *, *, #10275, .T. ) ;
#7476 = DIRECTION ( 'NONE',  ( 0.000000000000000000, -1.000000000000000000, 0.000000000000000000 ) ) ;
#7477 = ORIENTED_EDGE ( 'NONE', *, *, #4301, .F. ) ;
#7478 = CARTESIAN_POINT ( 'NONE',  ( 11.99999999998817479, 2.250000000000000000, 163.0000000000001421 ) ) ;
#7479 = CARTESIAN_POINT ( 'NONE',  ( 7.974115642801194781, 8.499999999999996447, 105.0077475849496977 ) ) ;
#7480 = ORIENTED_EDGE ( 'NONE', *, *, #1618, .T. ) ;
#7481 = LINE ( 'NONE', #2979, #2298 ) ;
#7482 = CARTESIAN_POINT ( 'NONE',  ( 15.99999999999998934, 0.000000000000000000, 94.43550806100934381 ) ) ;
#7483 = EDGE_CURVE ( 'NONE', #3142, #3719, #6441, .T. ) ;
#7484 = CARTESIAN_POINT ( 'NONE',  ( -6.052178652569405237, 9.726169102330326055, 105.3921462036095704 ) ) ;
#7485 = FACE_OUTER_BOUND ( 'NONE', #10420, .T. ) ;
#7486 = ORIENTED_EDGE ( 'NONE', *, *, #5590, .T. ) ;
#7487 = CARTESIAN_POINT ( 'NONE',  ( 14.50221515314512288, 28.40939692359802038, 102.4084296756661701 ) ) ;
#7488 = DIRECTION ( 'NONE',  ( 0.000000000000000000, 0.000000000000000000, 1.000000000000000000 ) ) ;
#7489 = AXIS2_PLACEMENT_3D ( 'NONE', #5988, #9593, #569 ) ;
#7490 = ORIENTED_EDGE ( 'NONE', *, *, #9122, .T. ) ;
#7491 = ADVANCED_FACE ( 'NONE', ( #1936 ), #10936, .F. ) ;
#7492 = ORIENTED_EDGE ( 'NONE', *, *, #10708, .T. ) ;
#7493 = CYLINDRICAL_SURFACE ( 'NONE', #963, 2.000000000000015543 ) ;
#7494 = CARTESIAN_POINT ( 'NONE',  ( -6.000000000000000888, 2.250000000000000000, 94.10000000000003695 ) ) ;
#7495 = CARTESIAN_POINT ( 'NONE',  ( 9.999999999999998224, 9.749999999999998224, 107.6000000000000085 ) ) ;
#7496 = CARTESIAN_POINT ( 'NONE',  ( 11.99999999998817479, 0.000000000000000000, 163.0000000000001421 ) ) ;
#7497 = CARTESIAN_POINT ( 'NONE',  ( -4.268927218549613656, 8.534466513549496369, 103.9563565960732916 ) ) ;
#7498 = ORIENTED_EDGE ( 'NONE', *, *, #8182, .T. ) ;
#7499 = EDGE_CURVE ( 'NONE', #626, #8164, #6385, .T. ) ;
#7500 = EDGE_CURVE ( 'NONE', #11352, #3838, #982, .T. ) ;
#7501 = VERTEX_POINT ( 'NONE', #8274 ) ;
#7502 = B_SPLINE_CURVE_WITH_KNOTS ( 'NONE', 3,
 ( #2706, #1764, #7145, #5378, #5432, #8991 ),
 .UNSPECIFIED., .F., .F.,
 ( 4, 2, 4 ),
 ( 0.000000000000000000, 0.0003975084460223955881, 0.0007950168920447959467 ),
 .UNSPECIFIED. ) ;
#7503 = CARTESIAN_POINT ( 'NONE',  ( 8.403198945438953515, 8.500000000000000000, 103.7257769569666408 ) ) ;
#7504 = CARTESIAN_POINT ( 'NONE',  ( 14.38132048863166546, 28.46577103149073196, 105.2221707426279238 ) ) ;
#7505 = CARTESIAN_POINT ( 'NONE',  ( 5.092050811093460361, 9.608924911782958489, 102.9202146105375846 ) ) ;
#7506 = CARTESIAN_POINT ( 'NONE',  ( -15.95204941358041317, 27.73332810490155609, 102.4603080548040310 ) ) ;
#7507 = CARTESIAN_POINT ( 'NONE',  ( 21.90091163631619153, 2.250000000000000444, 135.9960766834541062 ) ) ;
#7508 = CARTESIAN_POINT ( 'NONE',  ( -8.573261829825105096, 8.499999999999996447, 103.5634170566978440 ) ) ;
#7509 = FACE_OUTER_BOUND ( 'NONE', #829, .T. ) ;
#7510 = ORIENTED_EDGE ( 'NONE', *, *, #9267, .F. ) ;
#7511 = CARTESIAN_POINT ( 'NONE',  ( -13.86965727384176539, 28.23597296538536838, 104.8883279828647375 ) ) ;
#7512 = CARTESIAN_POINT ( 'NONE',  ( 2.993111038182667105, 13.63872015012071337, 103.7063649222207005 ) ) ;
#7513 = EDGE_LOOP ( 'NONE', ( #7817, #2949, #442 ) ) ;
#7514 = ORIENTED_EDGE ( 'NONE', *, *, #4707, .F. ) ;
#7515 = CARTESIAN_POINT ( 'NONE',  ( -12.66611185142060059, 8.499999999999998224, 101.1000000000000085 ) ) ;
#7516 = DIRECTION ( 'NONE',  ( -0.000000000000000000, -1.000000000000000000, -0.000000000000000000 ) ) ;
#7517 = DIRECTION ( 'NONE',  ( 0.000000000000000000, 0.000000000000000000, -1.000000000000000000 ) ) ;
#7518 = CARTESIAN_POINT ( 'NONE',  ( -9.999999999999971578, -4.000000000000005329, 109.8500000000000227 ) ) ;
#7519 = ORIENTED_EDGE ( 'NONE', *, *, #1991, .F. ) ;
#7520 = CARTESIAN_POINT ( 'NONE',  ( -47.56321848249424278, 2.250000000000000000, 33.30412412295780911 ) ) ;
#7521 = CARTESIAN_POINT ( 'NONE',  ( -5.838132454147777928, 9.249999999999998224, 101.8011868241631674 ) ) ;
#7522 = ORIENTED_EDGE ( 'NONE', *, *, #10775, .T. ) ;
#7523 = CARTESIAN_POINT ( 'NONE',  ( -2.991393279872706312, 13.64315675562978392, 103.6895087901890520 ) ) ;
#7524 = CARTESIAN_POINT ( 'NONE',  ( 29.37500000000054357, 2.250000000000000000, 125.0500000000000540 ) ) ;
#7525 = EDGE_CURVE ( 'NONE', #1959, #5369, #10477, .T. ) ;
#7526 = CARTESIAN_POINT ( 'NONE',  ( 4.918151319530341681, 9.587681075655984486, 103.1772058479462828 ) ) ;
#7527 = ORIENTED_EDGE ( 'NONE', *, *, #5605, .F. ) ;
#7528 = FACE_OUTER_BOUND ( 'NONE', #5163, .T. ) ;
#7529 = CARTESIAN_POINT ( 'NONE',  ( -3.834700656197442381, 8.500000000000000000, 104.4176650934048922 ) ) ;
#7530 = ORIENTED_EDGE ( 'NONE', *, *, #7161, .T. ) ;
#7531 = FACE_OUTER_BOUND ( 'NONE', #9263, .T. ) ;
#7532 = ORIENTED_EDGE ( 'NONE', *, *, #4014, .T. ) ;
#7533 = EDGE_CURVE ( 'NONE', #3216, #2772, #7270, .T. ) ;
#7534 = CARTESIAN_POINT ( 'NONE',  ( -6.249999999999999112, 9.966439613938112174, 125.0070671349781719 ) ) ;
#7535 = CARTESIAN_POINT ( 'NONE',  ( 7.358514705660712529, 8.500000000000000000, 102.2028746129092411 ) ) ;
#7536 = VERTEX_POINT ( 'NONE', #6329 ) ;
#7537 = CARTESIAN_POINT ( 'NONE',  ( -20.26260754773845463, 0.000000000000000000, 111.6432295561562142 ) ) ;
#7538 = EDGE_CURVE ( 'NONE', #1228, #3142, #7330, .T. ) ;
#7539 = CARTESIAN_POINT ( 'NONE',  ( -2.952024865938646769, 13.70328323621697386, 103.4610756088575840 ) ) ;
#7540 = ADVANCED_FACE ( 'NONE', ( #4669 ), #143, .T. ) ;
#7541 = CARTESIAN_POINT ( 'NONE',  ( -6.920373677116090860, 9.832192970409522559, 105.4587035979637051 ) ) ;
#7542 = DIRECTION ( 'NONE',  ( 0.000000000000000000, 1.000000000000000000, 0.000000000000000000 ) ) ;
#7543 = EDGE_LOOP ( 'NONE', ( #510, #9093, #2358, #7060, #146, #6564, #1189, #8465, #8742 ) ) ;
#7544 = EDGE_CURVE ( 'NONE', #4463, #5650, #7837, .T. ) ;
#7545 = CARTESIAN_POINT ( 'NONE',  ( -7.750000000000003553, 5.250000000000000888, 163.0000000000001421 ) ) ;
#7546 = EDGE_LOOP ( 'NONE', ( #3645, #5263, #8156, #399, #563, #7129 ) ) ;
#7547 = ORIENTED_EDGE ( 'NONE', *, *, #7695, .F. ) ;
#7548 = CARTESIAN_POINT ( 'NONE',  ( 18.13171527201532029, 3.868284727984685922, 108.6000000000000227 ) ) ;
#7549 = EDGE_CURVE ( 'NONE', #8591, #213, #1822, .T. ) ;
#7550 = CARTESIAN_POINT ( 'NONE',  ( -1.250000000000000666, 11.61101189481678553, 114.1237112262283233 ) ) ;
#7551 = CARTESIAN_POINT ( 'NONE',  ( -7.075437629102832027, 9.851126268705307609, 102.2655580508763222 ) ) ;
#7552 = DIRECTION ( 'NONE',  ( -0.9063077870366487154, 0.4226182617407021613, 0.000000000000000000 ) ) ;
#7553 = EDGE_CURVE ( 'NONE', #7650, #6745, #11498, .T. ) ;
#7554 = CARTESIAN_POINT ( 'NONE',  ( -15.99999999999998579, 0.000000000000000000, 94.43550806100934381 ) ) ;
#7555 = EDGE_CURVE ( 'NONE', #6128, #9143, #2003, .T. ) ;
#7556 = ORIENTED_EDGE ( 'NONE', *, *, #2140, .T. ) ;
#7557 = VECTOR ( 'NONE', #11592, 1000.000000000000000 ) ;
#7558 = ORIENTED_EDGE ( 'NONE', *, *, #7555, .F. ) ;
#7559 = FILL_AREA_STYLE ('',( #3950 ) ) ;
#7560 = CIRCLE ( 'NONE', #8506, 3.749999999999999112 ) ;
#7561 = CARTESIAN_POINT ( 'NONE',  ( 2.999999999999989342, 0.000000000000000000, 94.43550806100924433 ) ) ;
#7562 = CARTESIAN_POINT ( 'NONE',  ( -17.44999999998816875, 2.250000000000000000, 155.5000000000001990 ) ) ;
#7563 = CARTESIAN_POINT ( 'NONE',  ( -16.25000000000000000, 14.53030822565385805, 136.5914722278378406 ) ) ;
#7564 = VECTOR ( 'NONE', #11611, 1000.000000000000000 ) ;
#7565 = DIRECTION ( 'NONE',  ( -0.7071067811865474617, 0.7071067811865474617, -1.598181036901636459E-15 ) ) ;
#7566 = DIRECTION ( 'NONE',  ( 0.000000000000000000, 0.000000000000000000, -1.000000000000000000 ) ) ;
#7567 = B_SPLINE_CURVE_WITH_KNOTS ( 'NONE', 1,
 ( #10942, #9173 ),
 .UNSPECIFIED., .F., .F.,
 ( 2, 2 ),
 ( 0.000000000000000000, 1.000000000000000000 ),
 .UNSPECIFIED. ) ;
#7568 = EDGE_CURVE ( 'NONE', #11348, #4612, #5226, .T. ) ;
#7569 = ORIENTED_EDGE ( 'NONE', *, *, #4776, .F. ) ;
#7570 = DIRECTION ( 'NONE',  ( 0.4951097151455117196, -0.5048664859272721239, -0.7070899528037276616 ) ) ;
#7571 = CARTESIAN_POINT ( 'NONE',  ( 2.975367940092020991, 13.67218560259107285, 103.5792212934134398 ) ) ;
#7572 = EDGE_CURVE ( 'NONE', #2708, #8532, #8779, .T. ) ;
#7573 = ORIENTED_EDGE ( 'NONE', *, *, #7037, .F. ) ;
#7574 = VECTOR ( 'NONE', #8606, 1000.000000000000000 ) ;
#7575 = VERTEX_POINT ( 'NONE', #8094 ) ;
#7576 = CARTESIAN_POINT ( 'NONE',  ( 21.90091163631628390, 2.250000000000000444, 127.4960766834540777 ) ) ;
#7577 = LINE ( 'NONE', #7395, #8997 ) ;
#7578 = CARTESIAN_POINT ( 'NONE',  ( -13.71949058798458587, 27.34322028156971385, 100.2369457228866167 ) ) ;
#7579 = FACE_OUTER_BOUND ( 'NONE', #6854, .T. ) ;
#7580 = ORIENTED_EDGE ( 'NONE', *, *, #9223, .T. ) ;
#7581 = DIRECTION ( 'NONE',  ( 0.000000000000000000, 0.000000000000000000, -1.000000000000000000 ) ) ;
#7582 = CARTESIAN_POINT ( 'NONE',  ( -7.587885872350855543, 9.249999999999998224, 105.8553867060472413 ) ) ;
#7583 = ORIENTED_EDGE ( 'NONE', *, *, #5450, .T. ) ;
#7584 = CIRCLE ( 'NONE', #10412, 1.999999999999974021 ) ;
#7585 = CARTESIAN_POINT ( 'NONE',  ( -2.759950728253981467, 13.38664976668452411, 104.6640401150711739 ) ) ;
#7586 = CARTESIAN_POINT ( 'NONE',  ( -26.00112609145443088, 2.250000000000000000, 148.0463266998052632 ) ) ;
#7587 = VERTEX_POINT ( 'NONE', #10818 ) ;
#7588 = CARTESIAN_POINT ( 'NONE',  ( 6.805051911723634106, 9.818110035416134806, 105.4720213315291915 ) ) ;
#7589 = ORIENTED_EDGE ( 'NONE', *, *, #10816, .F. ) ;
#7590 = CARTESIAN_POINT ( 'NONE',  ( -12.08750162854155619, 21.45637587167328064, 100.1000000000000227 ) ) ;
#7591 = ORIENTED_EDGE ( 'NONE', *, *, #7538, .F. ) ;
#7592 = LINE ( 'NONE', #5761, #10241 ) ;
#7593 = EDGE_LOOP ( 'NONE', ( #505, #4240, #9405, #7782, #8984, #166 ) ) ;
#7594 = DIRECTION ( 'NONE',  ( 0.6785983445458327878, -0.2810846377148342179, 0.6785983445458555474 ) ) ;
#7595 = AXIS2_PLACEMENT_3D ( 'NONE', #7623, #3334, #1333 ) ;
#7596 = CARTESIAN_POINT ( 'NONE',  ( 5.634233262642798223, 8.499999999999996447, 102.0489591718088462 ) ) ;
#7597 = EDGE_LOOP ( 'NONE', ( #2740, #10117, #4623, #5924, #11647 ) ) ;
#7598 = DIRECTION ( 'NONE',  ( 0.000000000000000000, -1.000000000000000000, 0.000000000000000000 ) ) ;
#7599 = DIRECTION ( 'NONE',  ( 0.000000000000000000, -1.000000000000000000, 0.000000000000000000 ) ) ;
#7600 = DIRECTION ( 'NONE',  ( 0.000000000000000000, 0.000000000000000000, 1.000000000000000000 ) ) ;
#7601 = CARTESIAN_POINT ( 'NONE',  ( -6.901076308488918620, 9.829835867784558090, 105.4609926056197367 ) ) ;
#7602 = FACE_OUTER_BOUND ( 'NONE', #9944, .T. ) ;
#7603 = ORIENTED_EDGE ( 'NONE', *, *, #3352, .T. ) ;
#7604 = LINE ( 'NONE', #2158, #1702 ) ;
#7605 = ADVANCED_FACE ( 'NONE', ( #2711, #8150 ), #26, .T. ) ;
#7606 = VECTOR ( 'NONE', #5636, 1000.000000000000000 ) ;
#7607 = CIRCLE ( 'NONE', #2484, 1.999999999999974021 ) ;
#7608 = EDGE_CURVE ( 'NONE', #4656, #9964, #5849, .T. ) ;
#7609 = ADVANCED_FACE ( 'NONE', ( #10225 ), #2058, .F. ) ;
#7610 = AXIS2_PLACEMENT_3D ( 'NONE', #9554, #5234, #7222 ) ;
#7611 = ORIENTED_EDGE ( 'NONE', *, *, #5006, .T. ) ;
#7612 = EDGE_LOOP ( 'NONE', ( #1285, #4643, #7860, #9460, #5645, #230, #11635, #6140, #3927, #6303 ) ) ;
#7613 = VECTOR ( 'NONE', #611, 1000.000000000000000 ) ;
#7614 = CARTESIAN_POINT ( 'NONE',  ( -13.83775212875645266, 28.16755216095005210, 102.8116720171352512 ) ) ;
#7615 = DIRECTION ( 'NONE',  ( 0.000000000000000000, 0.000000000000000000, -1.000000000000000000 ) ) ;
#7616 = CARTESIAN_POINT ( 'NONE',  ( -6.931409531513447853, 9.833540746228774054, 102.2426712767224473 ) ) ;
#7617 = CARTESIAN_POINT ( 'NONE',  ( 14.00069756327868831, 28.38360355392249801, 107.4062757066576097 ) ) ;
#7618 = DIRECTION ( 'NONE',  ( -1.000000000000000000, -8.673617379884036705E-17, 3.912415967295317630E-16 ) ) ;
#7619 = VECTOR ( 'NONE', #2563, 1000.000000000000227 ) ;
#7620 = EDGE_CURVE ( 'NONE', #9576, #464, #440, .T. ) ;
#7621 = ORIENTED_EDGE ( 'NONE', *, *, #6734, .T. ) ;
#7622 = EDGE_CURVE ( 'NONE', #4775, #5343, #6852, .T. ) ;
#7623 = CARTESIAN_POINT ( 'NONE',  ( 19.74999999999991118, 7.249999999999999112, 115.9242565173703525 ) ) ;
#7624 = CARTESIAN_POINT ( 'NONE',  ( 5.071464849309478495, 9.606412209948143044, 102.9459782813043489 ) ) ;
#7625 = CARTESIAN_POINT ( 'NONE',  ( -18.11169591142192914, 0.000000000000000000, 117.0714093900724464 ) ) ;
#7626 = CARTESIAN_POINT ( 'NONE',  ( -26.50000000000052935, 2.250000000000000000, 87.60000000000000853 ) ) ;
#7627 = CARTESIAN_POINT ( 'NONE',  ( 13.71925174735939024, 27.34367523059097138, 107.4629337732740879 ) ) ;
#7628 = AXIS2_PLACEMENT_3D ( 'NONE', #8110, #11716, #7225 ) ;
#7629 = PLANE ( 'NONE',  #1022 ) ;
#7630 = ORIENTED_EDGE ( 'NONE', *, *, #9862, .F. ) ;
#7631 = CARTESIAN_POINT ( 'NONE',  ( -17.43217733506230616, 3.154961500428032917, 107.6009562897000933 ) ) ;
#7632 = CARTESIAN_POINT ( 'NONE',  ( 2.965688571267658169, 13.51693334858053319, 104.1690644647438262 ) ) ;
#7633 = ORIENTED_EDGE ( 'NONE', *, *, #3118, .F. ) ;
#7634 = VECTOR ( 'NONE', #8751, 1000.000000000000114 ) ;
#7635 = VECTOR ( 'NONE', #9636, 1000.000000000000000 ) ;
#7636 = VERTEX_POINT ( 'NONE', #6619 ) ;
#7637 = DIRECTION ( 'NONE',  ( 0.000000000000000000, 0.000000000000000000, -1.000000000000000000 ) ) ;
#7638 = CARTESIAN_POINT ( 'NONE',  ( 17.44999999998816875, 2.250000000000000000, 154.5000000000001705 ) ) ;
#7639 = AXIS2_PLACEMENT_3D ( 'NONE', #9172, #1049, #7637 ) ;
#7640 = CARTESIAN_POINT ( 'NONE',  ( 6.570612033729092971, 21.45637587167328064, 121.1993297625707697 ) ) ;
#7641 = ORIENTED_EDGE ( 'NONE', *, *, #9385, .F. ) ;
#7642 = CARTESIAN_POINT ( 'NONE',  ( -6.273703992880068192, 14.50355421017943769, 101.0762960071199501 ) ) ;
#7643 = ADVANCED_FACE ( 'NONE', ( #5737 ), #2118, .F. ) ;
#7644 = DIRECTION ( 'NONE',  ( -0.7071067811865474617, 0.7071067811865474617, 0.000000000000000000 ) ) ;
#7645 = ADVANCED_FACE ( 'NONE', ( #8399 ), #1340, .T. ) ;
#7646 = ORIENTED_EDGE ( 'NONE', *, *, #9290, .T. ) ;
#7647 = CARTESIAN_POINT ( 'NONE',  ( -2.992098958730520231, 13.64139358492504606, 103.6962077991856006 ) ) ;
#7648 = ORIENTED_EDGE ( 'NONE', *, *, #4121, .F. ) ;
#7649 = CARTESIAN_POINT ( 'NONE',  ( 6.006989913973905360, 9.720650425341057499, 105.3811519480162104 ) ) ;
#7650 = VERTEX_POINT ( 'NONE', #11232 ) ;
#7651 = CARTESIAN_POINT ( 'NONE',  ( -8.551624790884925886, 8.500000000000000000, 103.4544796884072042 ) ) ;
#7652 = ADVANCED_FACE ( 'NONE', ( #4847, #10171, #3957, #8457, #320, #3903, #9517, #7689, #3129, #9288, #1163, #6681, #10290, #4903, #9403 ), #9458, .T. ) ;
#7653 = LINE ( 'NONE', #11256, #4381 ) ;
#7654 = ORIENTED_EDGE ( 'NONE', *, *, #5075, .T. ) ;
#7655 = VECTOR ( 'NONE', #4772, 1000.000000000000000 ) ;
#7656 = DIRECTION ( 'NONE',  ( -0.000000000000000000, -0.000000000000000000, -1.000000000000000000 ) ) ;
#7657 = B_SPLINE_CURVE_WITH_KNOTS ( 'NONE', 3,
 ( #5362, #4412, #8135, #5473 ),
 .UNSPECIFIED., .F., .F.,
 ( 4, 4 ),
 ( 6.938893903907228378E-18, 0.0002177650351589428953 ),
 .UNSPECIFIED. ) ;
#7658 = CARTESIAN_POINT ( 'NONE',  ( 4.462227422511216623, 8.949000138681059369, 103.8500000000000085 ) ) ;
#7659 = ORIENTED_EDGE ( 'NONE', *, *, #9830, .T. ) ;
#7660 = DIRECTION ( 'NONE',  ( 0.000000000000000000, 0.000000000000000000, 1.000000000000000000 ) ) ;
#7661 = FACE_OUTER_BOUND ( 'NONE', #4401, .T. ) ;
#7662 = CARTESIAN_POINT ( 'NONE',  ( -1.616560591396706936, 14.26997885381753051, 102.1298863533074268 ) ) ;
#7663 = VECTOR ( 'NONE', #9356, 1000.000000000000000 ) ;
#7664 = DIRECTION ( 'NONE',  ( 0.000000000000000000, 0.7071067811865444641, 0.7071067811865505703 ) ) ;
#7665 = CARTESIAN_POINT ( 'NONE',  ( -13.62913291325043552, 27.58666507409668256, 107.4062856344685457 ) ) ;
#7666 = ORIENTED_EDGE ( 'NONE', *, *, #10518, .F. ) ;
#7667 = DIRECTION ( 'NONE',  ( 0.000000000000000000, -1.000000000000000000, 0.000000000000000000 ) ) ;
#7668 = CIRCLE ( 'NONE', #9912, 2.549999999999996714 ) ;
#7669 = VECTOR ( 'NONE', #5845, 1000.000000000000000 ) ;
#7670 = ORIENTED_EDGE ( 'NONE', *, *, #3345, .F. ) ;
#7671 = ORIENTED_EDGE ( 'NONE', *, *, #7568, .T. ) ;
#7672 = DIRECTION ( 'NONE',  ( 1.000000000000000000, 5.291066992975785636E-16, 1.173001312028983765E-16 ) ) ;
#7673 = VECTOR ( 'NONE', #6413, 1000.000000000000000 ) ;
#7674 = CARTESIAN_POINT ( 'NONE',  ( -16.25000000000000000, 2.250000000000000000, 107.6000000000000085 ) ) ;
#7675 = DIRECTION ( 'NONE',  ( -0.8164965809277237030, 0.000000000000000000, -0.5773502691896290617 ) ) ;
#7676 = CARTESIAN_POINT ( 'NONE',  ( 23.53921572489443648, 0.000000000000000000, 109.3489238107519839 ) ) ;
#7677 = CARTESIAN_POINT ( 'NONE',  ( 29.37500000000054357, 2.250000000000000000, 82.35000000000000853 ) ) ;
#7678 = CIRCLE ( 'NONE', #9744, 2.000000000000001776 ) ;
#7679 = ORIENTED_EDGE ( 'NONE', *, *, #2351, .F. ) ;
#7680 = DIRECTION ( 'NONE',  ( 0.000000000000000000, 0.000000000000000000, -1.000000000000000000 ) ) ;
#7681 = CARTESIAN_POINT ( 'NONE',  ( 5.351479498391823242, 9.640613048972664245, 102.6640480853479147 ) ) ;
#7682 = VECTOR ( 'NONE', #4778, 1000.000000000000000 ) ;
#7683 = CYLINDRICAL_SURFACE ( 'NONE', #10575, 0.5000000000000004441 ) ;
#7684 = CARTESIAN_POINT ( 'NONE',  ( -7.874273989762985870, 9.125726010237016794, 102.8320518993014616 ) ) ;
#7685 = CARTESIAN_POINT ( 'NONE',  ( 13.81237504807348948, 27.24151445689602014, 107.4973639156079912 ) ) ;
#7686 = EDGE_CURVE ( 'NONE', #2254, #5235, #8514, .T. ) ;
#7687 = DIRECTION ( 'NONE',  ( -0.7071067811865433539, 0.7071067811865517916, -0.000000000000000000 ) ) ;
#7688 = EDGE_LOOP ( 'NONE', ( #8576, #5272, #8588, #5045, #7031, #6741, #8323, #5359 ) ) ;
#7689 = FACE_BOUND ( 'NONE', #1977, .T. ) ;
#7690 = CARTESIAN_POINT ( 'NONE',  ( 2.718853638047241450, 13.83143080450807716, 102.9742147091380957 ) ) ;
#7691 = B_SPLINE_CURVE_WITH_KNOTS ( 'NONE', 3,
 ( #1483, #7828, #4104, #6765, #8542, #11429, #7714, #7768, #4272, #8708, #9429, #11370, #7879, #6935, #10543, #6817, #577, #1427 ),
 .UNSPECIFIED., .F., .F.,
 ( 4, 2, 2, 2, 2, 2, 2, 2, 4 ),
 ( 0.000000000000000000, 0.1250000000000000000, 0.2500000000000000000, 0.3750000000000000000, 0.5000000000000000000, 0.6250000000000000000, 0.7500000000000000000, 0.8750000000000000000, 1.000000000000000000 ),
 .UNSPECIFIED. ) ;
#7692 = EDGE_CURVE ( 'NONE', #4950, #7205, #2231, .T. ) ;
#7693 = ORIENTED_EDGE ( 'NONE', *, *, #10921, .F. ) ;
#7694 = ORIENTED_EDGE ( 'NONE', *, *, #4812, .T. ) ;
#7695 = EDGE_CURVE ( 'NONE', #9214, #6965, #7455, .T. ) ;
#7696 = CARTESIAN_POINT ( 'NONE',  ( 3.358391833210450539, 0.000000000000000000, 150.5000000000000000 ) ) ;
#7697 = CARTESIAN_POINT ( 'NONE',  ( 29.37500000000054357, 1.250000000000004885, 82.35000000000000853 ) ) ;
#7698 = CARTESIAN_POINT ( 'NONE',  ( -23.53921572489405634, 2.250000000000000444, 143.3489238107519839 ) ) ;
#7699 = ORIENTED_EDGE ( 'NONE', *, *, #6092, .T. ) ;
#7700 = DIRECTION ( 'NONE',  ( -0.9063077870366470501, 0.4226182617407058806, 0.000000000000000000 ) ) ;
#7701 = DIRECTION ( 'NONE',  ( 0.000000000000000000, 1.000000000000000000, 0.000000000000000000 ) ) ;
#7702 = ORIENTED_EDGE ( 'NONE', *, *, #11015, .T. ) ;
#7703 = LINE ( 'NONE', #3192, #6484 ) ;
#7704 = ORIENTED_EDGE ( 'NONE', *, *, #2123, .F. ) ;
#7705 = CARTESIAN_POINT ( 'NONE',  ( 7.486092988676002591, 9.901279009746479787, 102.3872615130059955 ) ) ;
#7706 = ORIENTED_EDGE ( 'NONE', *, *, #2219, .F. ) ;
#7707 = EDGE_CURVE ( 'NONE', #10596, #566, #5021, .T. ) ;
#7708 = CARTESIAN_POINT ( 'NONE',  ( -17.99999999999998934, 7.249999999999999112, 89.43550806100932959 ) ) ;
#7709 = FACE_OUTER_BOUND ( 'NONE', #8330, .T. ) ;
#7710 = ORIENTED_EDGE ( 'NONE', *, *, #5648, .F. ) ;
#7711 = LINE ( 'NONE', #3261, #4920 ) ;
#7712 = DIRECTION ( 'NONE',  ( -0.000000000000000000, -1.000000000000000000, -0.000000000000000000 ) ) ;
#7713 = ORIENTED_EDGE ( 'NONE', *, *, #10160, .F. ) ;
#7714 = CARTESIAN_POINT ( 'NONE',  ( 3.056611227098466887, 14.07369959218942590, 103.0152448878258866 ) ) ;
#7715 = CYLINDRICAL_SURFACE ( 'NONE', #3839, 1.000000000000014655 ) ;
#7716 = CARTESIAN_POINT ( 'NONE',  ( -3.045525733931928158, 14.07302276538228547, 103.0182978562603608 ) ) ;
#7717 = CARTESIAN_POINT ( 'NONE',  ( -6.792838747286604750, 9.816620134578244006, 105.4708165379718139 ) ) ;
#7718 = DIRECTION ( 'NONE',  ( 0.5735764363510396091, 0.000000000000000000, 0.8191520442889963505 ) ) ;
#7719 = ORIENTED_EDGE ( 'NONE', *, *, #8844, .T. ) ;
#7720 = DIRECTION ( 'NONE',  ( 0.000000000000000000, 0.000000000000000000, -1.000000000000000000 ) ) ;
#7721 = ORIENTED_EDGE ( 'NONE', *, *, #8414, .T. ) ;
#7722 = CARTESIAN_POINT ( 'NONE',  ( 7.358514705660712529, 8.500000000000000000, 102.2028746129092411 ) ) ;
#7723 = ORIENTED_EDGE ( 'NONE', *, *, #1109, .F. ) ;
#7724 = LINE ( 'NONE', #2507, #4952 ) ;
#7725 = DIRECTION ( 'NONE',  ( -0.000000000000000000, -1.000000000000000000, -0.000000000000000000 ) ) ;
#7726 = DIRECTION ( 'NONE',  ( 0.7745966692414906207, -0.4472135954999517105, -0.4472135954999517105 ) ) ;
#7727 = CARTESIAN_POINT ( 'NONE',  ( 4.999999999999989342, 2.250000000000000444, 87.43550806100923012 ) ) ;
#7728 = DIRECTION ( 'NONE',  ( -0.4226182617407010511, -0.9063077870366493816, -1.110223024625156540E-16 ) ) ;
#7729 = ORIENTED_EDGE ( 'NONE', *, *, #10732, .F. ) ;
#7730 = CARTESIAN_POINT ( 'NONE',  ( 6.240877032443695072, 9.749213927439205563, 102.2633797434134237 ) ) ;
#7731 = LINE ( 'NONE', #11334, #10757 ) ;
#7732 = CARTESIAN_POINT ( 'NONE',  ( -11.99999999998817479, 0.000000000000000000, 154.5000000000000568 ) ) ;
#7733 = CARTESIAN_POINT ( 'NONE',  ( -8.999999999999987566, 2.250000000000000000, 0.000000000000000000 ) ) ;
#7734 = DIRECTION ( 'NONE',  ( 0.000000000000000000, 1.000000000000000000, 0.000000000000000000 ) ) ;
#7735 = ORIENTED_EDGE ( 'NONE', *, *, #8354, .F. ) ;
#7736 = DIRECTION ( 'NONE',  ( 0.7071067811865475727, -0.000000000000000000, 0.7071067811865475727 ) ) ;
#7737 = CARTESIAN_POINT ( 'NONE',  ( -8.499999999999984013, 8.500000000000010658, 107.6000000000000085 ) ) ;
#7738 = ORIENTED_EDGE ( 'NONE', *, *, #11566, .F. ) ;
#7739 = EDGE_CURVE ( 'NONE', #5760, #10493, #9686, .T. ) ;
#7740 = AXIS2_PLACEMENT_3D ( 'NONE', #661, #2518, #2575 ) ;
#7741 = ORIENTED_EDGE ( 'NONE', *, *, #6123, .F. ) ;
#7742 = EDGE_CURVE ( 'NONE', #8075, #2251, #6710, .T. ) ;
#7743 = DIRECTION ( 'NONE',  ( -0.000000000000000000, -0.000000000000000000, -1.000000000000000000 ) ) ;
#7744 = FACE_OUTER_BOUND ( 'NONE', #1631, .T. ) ;
#7745 = VECTOR ( 'NONE', #10712, 1000.000000000000000 ) ;
#7746 = VECTOR ( 'NONE', #9594, 1000.000000000000000 ) ;
#7747 = CARTESIAN_POINT ( 'NONE',  ( -6.973116760605781117, 9.250000000000000000, 101.6635881418143157 ) ) ;
#7748 = ORIENTED_EDGE ( 'NONE', *, *, #5953, .T. ) ;
#7749 = DIRECTION ( 'NONE',  ( -1.734723475976805517E-15, 0.000000000000000000, 1.000000000000000000 ) ) ;
#7750 = FACE_OUTER_BOUND ( 'NONE', #10431, .T. ) ;
#7751 = EDGE_LOOP ( 'NONE', ( #8295, #6507, #9048, #3972, #10359 ) ) ;
#7752 = CARTESIAN_POINT ( 'NONE',  ( -8.222946320378490270, 9.749999999999996447, 134.4527949869000452 ) ) ;
#7753 = AXIS2_PLACEMENT_3D ( 'NONE', #8103, #9881, #150 ) ;
#7754 = ORIENTED_EDGE ( 'NONE', *, *, #1745, .T. ) ;
#7755 = VECTOR ( 'NONE', #9905, 1000.000000000000000 ) ;
#7756 = CARTESIAN_POINT ( 'NONE',  ( 4.262820717031431172, 9.249999999999996447, 104.0816686654682002 ) ) ;
#7757 = VECTOR ( 'NONE', #945, 1000.000000000000000 ) ;
#7758 = ORIENTED_EDGE ( 'NONE', *, *, #7091, .T. ) ;
#7759 = EDGE_CURVE ( 'NONE', #5640, #2002, #8857, .T. ) ;
#7760 = CARTESIAN_POINT ( 'NONE',  ( -8.065070057461213082, 9.009951390969433760, 104.0627087893834926 ) ) ;
#7761 = CARTESIAN_POINT ( 'NONE',  ( 11.49999999999998934, 0.000000000000000000, 89.43550806100927275 ) ) ;
#7762 = AXIS2_PLACEMENT_3D ( 'NONE', #3030, #8234, #286 ) ;
#7763 = ORIENTED_EDGE ( 'NONE', *, *, #8928, .T. ) ;
#7764 = DIRECTION ( 'NONE',  ( 1.000000000000000000, 0.000000000000000000, 0.000000000000000000 ) ) ;
#7765 = ADVANCED_FACE ( 'NONE', ( #2455 ), #8856, .T. ) ;
#7766 = CARTESIAN_POINT ( 'NONE',  ( 4.925118264955067993, 8.500000000000000000, 105.2799118410911774 ) ) ;
#7767 = ORIENTED_EDGE ( 'NONE', *, *, #4160, .F. ) ;
#7768 = CARTESIAN_POINT ( 'NONE',  ( 3.234071572729416033, 13.97880040115146727, 103.4433074758314604 ) ) ;
#7769 = CARTESIAN_POINT ( 'NONE',  ( 7.750000000000001776, 9.249999999999994671, 101.9168012225030537 ) ) ;
#7770 = CARTESIAN_POINT ( 'NONE',  ( 6.577344508919916066, 9.790303695205571088, 105.4738535283815679 ) ) ;
#7771 = FACE_BOUND ( 'NONE', #387, .T. ) ;
#7772 = FACE_OUTER_BOUND ( 'NONE', #8312, .T. ) ;
#7773 = ORIENTED_EDGE ( 'NONE', *, *, #3181, .F. ) ;
#7774 = LINE ( 'NONE', #5228, #11722 ) ;
#7775 = VECTOR ( 'NONE', #46, 1000.000000000000000 ) ;
#7776 = ORIENTED_EDGE ( 'NONE', *, *, #2026, .F. ) ;
#7777 = ADVANCED_FACE ( 'NONE', ( #186 ), #4706, .F. ) ;
#7778 = EDGE_CURVE ( 'NONE', #11077, #3471, #8202, .T. ) ;
#7779 = ORIENTED_EDGE ( 'NONE', *, *, #11221, .F. ) ;
#7780 = DIRECTION ( 'NONE',  ( -0.5735764363510444941, 0.000000000000000000, 0.8191520442889929088 ) ) ;
#7781 = DIRECTION ( 'NONE',  ( 0.000000000000000000, 0.000000000000000000, -1.000000000000000000 ) ) ;
#7782 = ORIENTED_EDGE ( 'NONE', *, *, #5480, .T. ) ;
#7783 = DIRECTION ( 'NONE',  ( -1.000000000000000000, 0.000000000000000000, -0.000000000000000000 ) ) ;
#7784 = DIRECTION ( 'NONE',  ( 0.000000000000000000, 1.000000000000000000, 0.000000000000000000 ) ) ;
#7785 = EDGE_CURVE ( 'NONE', #802, #11560, #10159, .T. ) ;
#7786 = AXIS2_PLACEMENT_3D ( 'NONE', #7400, #10236, #7581 ) ;
#7787 = CARTESIAN_POINT ( 'NONE',  ( -6.813443825802272258, 9.819127401760219698, 102.2308126898793574 ) ) ;
#7788 = CARTESIAN_POINT ( 'NONE',  ( -2.595407567875467780, 13.55967227960534771, 105.3338722578133826 ) ) ;
#7789 = VECTOR ( 'NONE', #3051, 1000.000000000000000 ) ;
#7790 = PLANE ( 'NONE',  #3789 ) ;
#7791 = VECTOR ( 'NONE', #1905, 1000.000000000000114 ) ;
#7792 = ORIENTED_EDGE ( 'NONE', *, *, #7849, .T. ) ;
#7793 = VECTOR ( 'NONE', #11310, 1000.000000000000000 ) ;
#7794 = CARTESIAN_POINT ( 'NONE',  ( 6.700704515643682413, 9.805365154282879914, 102.2255133763435850 ) ) ;
#7795 = CARTESIAN_POINT ( 'NONE',  ( 12.74999999999995204, 8.448479721469174919, 134.1642548878282071 ) ) ;
#7796 = FACE_OUTER_BOUND ( 'NONE', #9642, .T. ) ;
#7797 = DIRECTION ( 'NONE',  ( 0.000000000000000000, 0.000000000000000000, 1.000000000000000000 ) ) ;
#7798 = FACE_OUTER_BOUND ( 'NONE', #5978, .T. ) ;
#7799 = DIRECTION ( 'NONE',  ( 0.000000000000000000, -0.8433914458128901614, 0.5372996083468170037 ) ) ;
#7800 = VERTEX_POINT ( 'NONE', #5893 ) ;
#7801 = CARTESIAN_POINT ( 'NONE',  ( -8.573261829825105096, 8.500000000000000000, 104.1365829433021446 ) ) ;
#7802 = CARTESIAN_POINT ( 'NONE',  ( -13.68983573714720769, 27.85034443548722649, 102.8116720171353080 ) ) ;
#7803 = ORIENTED_EDGE ( 'NONE', *, *, #5155, .F. ) ;
#7804 = ORIENTED_EDGE ( 'NONE', *, *, #9223, .F. ) ;
#7805 = FACE_OUTER_BOUND ( 'NONE', #2302, .T. ) ;
#7806 = DIRECTION ( 'NONE',  ( 0.000000000000000000, 1.000000000000000000, 0.000000000000000000 ) ) ;
#7807 = AXIS2_PLACEMENT_3D ( 'NONE', #8122, #951, #5523 ) ;
#7808 = DIRECTION ( 'NONE',  ( -1.000000000000000000, -8.673617379884036705E-17, 3.912415967295317630E-16 ) ) ;
#7809 = CARTESIAN_POINT ( 'NONE',  ( -8.077345158366078692, 9.011489996433041938, 103.7718827726430249 ) ) ;
#7810 = DIRECTION ( 'NONE',  ( 0.7071067811865475727, 0.7071067811865475727, 0.000000000000000000 ) ) ;
#7811 = ORIENTED_EDGE ( 'NONE', *, *, #6159, .T. ) ;
#7812 = CARTESIAN_POINT ( 'NONE',  ( 13.49999999999998757, 2.250000000000000444, 94.43550806100928696 ) ) ;
#7813 = ORIENTED_EDGE ( 'NONE', *, *, #4160, .T. ) ;
#7814 = VECTOR ( 'NONE', #411, 1000.000000000000114 ) ;
#7815 = CARTESIAN_POINT ( 'NONE',  ( 8.235745377711232607, 9.249999999999996447, 102.2127755086192593 ) ) ;
#7816 = EDGE_CURVE ( 'NONE', #886, #457, #8499, .T. ) ;
#7817 = ORIENTED_EDGE ( 'NONE', *, *, #2663, .F. ) ;
#7818 = VECTOR ( 'NONE', #762, 1000.000000000000114 ) ;
#7819 = EDGE_CURVE ( 'NONE', #7392, #10391, #2537, .T. ) ;
#7820 = CARTESIAN_POINT ( 'NONE',  ( -4.268927218549614544, 8.534466513549496369, 103.8500000000000085 ) ) ;
#7821 = DIRECTION ( 'NONE',  ( 0.8191520442890006803, 0.000000000000000000, 0.5735764363510335029 ) ) ;
#7822 = AXIS2_PLACEMENT_3D ( 'NONE', #9453, #3830, #4782 ) ;
#7823 = CARTESIAN_POINT ( 'NONE',  ( -5.102615823599299993, 8.500000000000000000, 101.8821264422188051 ) ) ;
#7824 = ORIENTED_EDGE ( 'NONE', *, *, #1640, .F. ) ;
#7825 = DIRECTION ( 'NONE',  ( -1.000000000000000000, -8.673617379884035472E-17, 0.000000000000000000 ) ) ;
#7826 = LINE ( 'NONE', #466, #7011 ) ;
#7827 = ORIENTED_EDGE ( 'NONE', *, *, #9630, .T. ) ;
#7828 = CARTESIAN_POINT ( 'NONE',  ( 1.732365644893290924, 14.26998058350407383, 102.1298785511956879 ) ) ;
#7829 = FACE_OUTER_BOUND ( 'NONE', #3885, .T. ) ;
#7830 = CARTESIAN_POINT ( 'NONE',  ( 6.748947767014760402, 9.811256699154563776, 105.4729194030106925 ) ) ;
#7831 = ADVANCED_FACE ( 'NONE', ( #2996 ), #5838, .F. ) ;
#7832 = LINE ( 'NONE', #6938, #5524 ) ;
#7833 = DIRECTION ( 'NONE',  ( 0.000000000000000000, -1.000000000000000000, 0.000000000000000000 ) ) ;
#7834 = VERTEX_POINT ( 'NONE', #7554 ) ;
#7835 = DIRECTION ( 'NONE',  ( 0.000000000000000000, 0.000000000000000000, 1.000000000000000000 ) ) ;
#7836 = EDGE_CURVE ( 'NONE', #10267, #1853, #11045, .T. ) ;
#7837 = CIRCLE ( 'NONE', #11041, 2.000000000000001776 ) ;
#7838 = VERTEX_POINT ( 'NONE', #2936 ) ;
#7839 = CARTESIAN_POINT ( 'NONE',  ( 6.851999134636170830, 8.499999999999996447, 102.0127261465859334 ) ) ;
#7840 = CARTESIAN_POINT ( 'NONE',  ( -14.24479150455754173, 28.47069887690531687, 100.2370662267259007 ) ) ;
#7841 = VERTEX_POINT ( 'NONE', #8561 ) ;
#7842 = ADVANCED_FACE ( 'NONE', ( #2222 ), #9393, .T. ) ;
#7843 = DIRECTION ( 'NONE',  ( -0.7071067811865474617, 0.7071067811865474617, -1.598181036901636459E-15 ) ) ;
#7844 = DIRECTION ( 'NONE',  ( -0.5735764363510476027, 0.000000000000000000, -0.8191520442889907994 ) ) ;
#7845 = VECTOR ( 'NONE', #8694, 999.9999999999998863 ) ;
#7846 = CARTESIAN_POINT ( 'NONE',  ( -5.548259867859147043, 9.664635693187280552, 102.5266367810905876 ) ) ;
#7847 = CARTESIAN_POINT ( 'NONE',  ( 11.49999999999998934, 0.000000000000000000, 87.43550806100927275 ) ) ;
#7848 = CARTESIAN_POINT ( 'NONE',  ( -9.359845887173074530, 12.51157026686516893, 116.8679339569414708 ) ) ;
#7849 = EDGE_CURVE ( 'NONE', #6530, #1248, #3891, .T. ) ;
#7850 = EDGE_LOOP ( 'NONE', ( #7101, #2804, #1795, #9115 ) ) ;
#7851 = AXIS2_PLACEMENT_3D ( 'NONE', #847, #10799, #4527 ) ;
#7852 = CARTESIAN_POINT ( 'NONE',  ( 6.901076308391488112, 9.829835867773310198, 102.2390073943691249 ) ) ;
#7853 = DIRECTION ( 'NONE',  ( 0.000000000000000000, -1.000000000000000000, 0.000000000000000000 ) ) ;
#7854 = CARTESIAN_POINT ( 'NONE',  ( -8.499999999999987566, 8.500000000000012434, 163.0000000000001421 ) ) ;
#7855 = CARTESIAN_POINT ( 'NONE',  ( -1.250000000000014211, 35.91468543148452142, 7.962094070660424627 ) ) ;
#7856 = DIRECTION ( 'NONE',  ( 0.000000000000000000, 0.000000000000000000, 1.000000000000000000 ) ) ;
#7857 = CARTESIAN_POINT ( 'NONE',  ( -8.511571180462038200, 8.500000000000000000, 103.2823349065951248 ) ) ;
#7858 = CYLINDRICAL_SURFACE ( 'NONE', #8932, 3.750000000000000000 ) ;
#7859 = EDGE_CURVE ( 'NONE', #1632, #9059, #6604, .T. ) ;
#7860 = ORIENTED_EDGE ( 'NONE', *, *, #4062, .T. ) ;
#7861 = EDGE_LOOP ( 'NONE', ( #777, #4721, #8071, #8120, #851 ) ) ;
#7862 = CARTESIAN_POINT ( 'NONE',  ( -5.097260894013269095, 25.68304733164046283, 138.8414722278378122 ) ) ;
#7863 = CARTESIAN_POINT ( 'NONE',  ( -16.22487079920108499, 21.45637587167328064, 103.8049922457927181 ) ) ;
#7864 = CARTESIAN_POINT ( 'NONE',  ( -4.759565491685299854, 9.249999999999998224, 105.2368550889863457 ) ) ;
#7865 = DIRECTION ( 'NONE',  ( 0.000000000000000000, 0.000000000000000000, -1.000000000000000000 ) ) ;
#7866 = CARTESIAN_POINT ( 'NONE',  ( 15.54856582893773442, 26.49065206518019266, 100.2370662267259007 ) ) ;
#7867 = ORIENTED_EDGE ( 'NONE', *, *, #2126, .T. ) ;
#7868 = DIRECTION ( 'NONE',  ( -0.4226182617407014952, 0.9063077870366490485, -0.000000000000000000 ) ) ;
#7869 = ORIENTED_EDGE ( 'NONE', *, *, #8317, .F. ) ;
#7870 = CARTESIAN_POINT ( 'NONE',  ( 6.589672635954480384, 9.249999999999996447, 106.0267460062638918 ) ) ;
#7871 = ORIENTED_EDGE ( 'NONE', *, *, #6703, .F. ) ;
#7872 = LINE ( 'NONE', #2651, #5468 ) ;
#7873 = CARTESIAN_POINT ( 'NONE',  ( -16.44999999998811901, 0.000000000000000000, 154.5000000000001421 ) ) ;
#7874 = CARTESIAN_POINT ( 'NONE',  ( -5.856926626610431619, 8.499999999999996447, 101.6747471965664715 ) ) ;
#7875 = ORIENTED_EDGE ( 'NONE', *, *, #9551, .F. ) ;
#7876 = CARTESIAN_POINT ( 'NONE',  ( -6.000000000000000888, 31.94302117641175442, 96.10000000000006537 ) ) ;
#7877 = DIRECTION ( 'NONE',  ( -1.000000000000000000, 0.000000000000000000, 0.000000000000000000 ) ) ;
#7878 = ORIENTED_EDGE ( 'NONE', *, *, #6683, .T. ) ;
#7879 = CARTESIAN_POINT ( 'NONE',  ( 2.923073353454622492, 13.63231403539820619, 105.0062064722376221 ) ) ;
#7880 = CARTESIAN_POINT ( 'NONE',  ( -12.08750162854155619, 21.45637587167328064, 100.1000000000000227 ) ) ;
#7881 = CARTESIAN_POINT ( 'NONE',  ( -3.100735592621915782, 13.70019625391859286, 104.7000095719102575 ) ) ;
#7882 = CARTESIAN_POINT ( 'NONE',  ( 33.75000000000054001, 0.000000000000000000, 85.07409257229544153 ) ) ;
#7883 = CARTESIAN_POINT ( 'NONE',  ( -3.358391833210450539, 0.000000000000000000, 150.5000000000000000 ) ) ;
#7884 = ORIENTED_EDGE ( 'NONE', *, *, #924, .F. ) ;
#7885 = LINE ( 'NONE', #696, #9643 ) ;
#7886 = EDGE_CURVE ( 'NONE', #3633, #3328, #10210, .T. ) ;
#7887 = EDGE_CURVE ( 'NONE', #110, #1031, #2275, .T. ) ;
#7888 = ORIENTED_EDGE ( 'NONE', *, *, #3397, .F. ) ;
#7889 = CARTESIAN_POINT ( 'NONE',  ( 4.643908931975233578, 8.500000000000000000, 105.0077475849497262 ) ) ;
#7890 = CARTESIAN_POINT ( 'NONE',  ( 17.63714393009327353, -30.45732432275010737, 100.1000000000000227 ) ) ;
#7891 = CARTESIAN_POINT ( 'NONE',  ( -14.00072321524101859, 28.38354304830970776, 100.2937143655314856 ) ) ;
#7892 = ORIENTED_EDGE ( 'NONE', *, *, #3564, .T. ) ;
#7893 = LINE ( 'NONE', #1383, #1719 ) ;
#7894 = LINE ( 'NONE', #6950, #4221 ) ;
#7895 = EDGE_CURVE ( 'NONE', #9312, #4748, #3945, .T. ) ;
#7896 = CARTESIAN_POINT ( 'NONE',  ( -6.360625152547711103, 9.763841145734179605, 102.2440900514121296 ) ) ;
#7897 = CARTESIAN_POINT ( 'NONE',  ( -1.967438036214165908, 13.49075421079652237, 105.6447415768453340 ) ) ;
#7898 = DIRECTION ( 'NONE',  ( 0.000000000000000000, 1.000000000000000000, -2.260169297513790404E-15 ) ) ;
#7899 = ORIENTED_EDGE ( 'NONE', *, *, #507, .T. ) ;
#7900 = EDGE_CURVE ( 'NONE', #5355, #5235, #9906, .T. ) ;
#7901 = FACE_OUTER_BOUND ( 'NONE', #10807, .T. ) ;
#7902 = EDGE_CURVE ( 'NONE', #8448, #11104, #6185, .T. ) ;
#7903 = DIRECTION ( 'NONE',  ( -0.9063077870366491595, -0.4226182617407008846, 0.000000000000000000 ) ) ;
#7904 = CARTESIAN_POINT ( 'NONE',  ( -7.140878878798953444, 9.859121121201043891, 102.2796942668756088 ) ) ;
#7905 = DIRECTION ( 'NONE',  ( 0.000000000000000000, 1.000000000000000000, 0.000000000000000000 ) ) ;
#7906 = DIRECTION ( 'NONE',  ( 0.000000000000000000, 0.000000000000000000, 1.000000000000000000 ) ) ;
#7907 = EDGE_CURVE ( 'NONE', #11676, #764, #4342, .T. ) ;
#7908 = DIRECTION ( 'NONE',  ( -3.469446951953611231E-16, 0.000000000000000000, 1.000000000000000000 ) ) ;
#7909 = DIRECTION ( 'NONE',  ( 0.000000000000000000, -1.000000000000000000, 0.000000000000000000 ) ) ;
#7910 = EDGE_LOOP ( 'NONE', ( #9494, #5076, #4188, #6580 ) ) ;
#7911 = EDGE_CURVE ( 'NONE', #2086, #8016, #1559, .T. ) ;
#7912 = ORIENTED_EDGE ( 'NONE', *, *, #1476, .T. ) ;
#7913 = EDGE_CURVE ( 'NONE', #5369, #1959, #6243, .T. ) ;
#7914 = CARTESIAN_POINT ( 'NONE',  ( 5.088607924003982319, 8.988129009434869587, 102.6257460103347938 ) ) ;
#7915 = CARTESIAN_POINT ( 'NONE',  ( -16.19590216064290544, 16.06965974607479808, 99.43015323531865590 ) ) ;
#7916 = CARTESIAN_POINT ( 'NONE',  ( 14.25290003710747833, 28.47009591002948525, 102.5645362646189369 ) ) ;
#7917 = CARTESIAN_POINT ( 'NONE',  ( -8.077344618109883356, 9.011488837849888967, 103.8500000000000085 ) ) ;
#7918 = CARTESIAN_POINT ( 'NONE',  ( -13.25000000000000178, 31.94302117641175442, 89.10000000000000853 ) ) ;
#7919 = VERTEX_POINT ( 'NONE', #11450 ) ;
#7920 = DIRECTION ( 'NONE',  ( 0.000000000000000000, 0.000000000000000000, 1.000000000000000000 ) ) ;
#7921 = EDGE_CURVE ( 'NONE', #4981, #2233, #9617, .T. ) ;
#7922 = ORIENTED_EDGE ( 'NONE', *, *, #3365, .T. ) ;
#7923 = CARTESIAN_POINT ( 'NONE',  ( 4.252585962947822651, 9.249999999999996447, 103.9658353865156641 ) ) ;
#7924 = ORIENTED_EDGE ( 'NONE', *, *, #4780, .T. ) ;
#7925 = VECTOR ( 'NONE', #3430, 1000.000000000000000 ) ;
#7926 = CARTESIAN_POINT ( 'NONE',  ( 0.000000000000000000, 0.000000000000000000, 0.000000000000000000 ) ) ;
#7927 = LINE ( 'NONE', #10653, #6417 ) ;
#7928 = CARTESIAN_POINT ( 'NONE',  ( -29.37500000000053291, 0.000000000000000000, 87.59999999999999432 ) ) ;
#7929 = FACE_OUTER_BOUND ( 'NONE', #2745, .T. ) ;
#7930 = ORIENTED_EDGE ( 'NONE', *, *, #2411, .F. ) ;
#7931 = CARTESIAN_POINT ( 'NONE',  ( 2.990330975271047187, 13.54923325903606113, 104.0463465749059679 ) ) ;
#7932 = CARTESIAN_POINT ( 'NONE',  ( 13.81078583528171677, 27.24225551899126430, 102.4778292573720648 ) ) ;
#7933 = ORIENTED_EDGE ( 'NONE', *, *, #7742, .F. ) ;
#7934 = CARTESIAN_POINT ( 'NONE',  ( 8.276772324929881464, 8.723227675070026166, 104.2420679596394564 ) ) ;
#7935 = VECTOR ( 'NONE', #4010, 999.9999999999998863 ) ;
#7936 = DIRECTION ( 'NONE',  ( 0.7071067811865516806, 0.7071067811865434649, -1.598181036901627190E-15 ) ) ;
#7937 = CARTESIAN_POINT ( 'NONE',  ( 6.931409531617827469, 9.833540746241473229, 105.4573287232645100 ) ) ;
#7938 = AXIS2_PLACEMENT_3D ( 'NONE', #7876, #7764, #8705 ) ;
#7939 = CARTESIAN_POINT ( 'NONE',  ( 6.157032294187926524, 9.249999999999996447, 101.6903091077017223 ) ) ;
#7941 = EDGE_CURVE ( 'NONE', #7389, #2597, #5185, .T. ) ;
#7940 = CARTESIAN_POINT ( 'NONE',  ( 21.90091163631619153, 0.000000000000000000, 135.9960766834541062 ) ) ;
#7942 = AXIS2_PLACEMENT_3D ( 'NONE', #3108, #3812, #6541 ) ;
#7943 = CARTESIAN_POINT ( 'NONE',  ( -7.642920928337606945, 9.357079071662386838, 105.7360233624348496 ) ) ;
#7944 = ORIENTED_EDGE ( 'NONE', *, *, #10607, .T. ) ;
#7945 = CARTESIAN_POINT ( 'NONE',  ( 16.10352159634808089, 27.11100650659829725, 100.3144660940671997 ) ) ;
#7946 = FACE_OUTER_BOUND ( 'NONE', #2549, .T. ) ;
#7947 = FACE_OUTER_BOUND ( 'NONE', #2621, .T. ) ;
#7948 = ORIENTED_EDGE ( 'NONE', *, *, #4098, .F. ) ;
#7949 = CARTESIAN_POINT ( 'NONE',  ( -16.20695929606155872, 16.09337184950110355, 101.1000000000000085 ) ) ;
#7950 = CARTESIAN_POINT ( 'NONE',  ( -11.99999999998817479, 2.250000000000000000, 154.5000000000000568 ) ) ;
#7951 = CARTESIAN_POINT ( 'NONE',  ( -5.299549403659588265, 9.634271320095706415, 102.7072584298123701 ) ) ;
#7952 = LINE ( 'NONE', #4400, #10115 ) ;
#7953 = CARTESIAN_POINT ( 'NONE',  ( -16.23849164777436727, 30.35820269488412393, 103.8500000000000085 ) ) ;
#7954 = EDGE_CURVE ( 'NONE', #4748, #3809, #5957, .T. ) ;
#7955 = ORIENTED_EDGE ( 'NONE', *, *, #219, .F. ) ;
#7956 = ORIENTED_EDGE ( 'NONE', *, *, #9939, .T. ) ;
#7957 = LINE ( 'NONE', #11562, #3459 ) ;
#7958 = VECTOR ( 'NONE', #2068, 1000.000000000000114 ) ;
#7959 = DIRECTION ( 'NONE',  ( 0.000000000000000000, 0.000000000000000000, -1.000000000000000000 ) ) ;
#7960 = DIRECTION ( 'NONE',  ( 1.000000000000000000, 0.000000000000000000, 4.956352788505160310E-16 ) ) ;
#7961 = CARTESIAN_POINT ( 'NONE',  ( -4.999999999999997335, 4.499999999999997335, 107.6000000000000085 ) ) ;
#7962 = CARTESIAN_POINT ( 'NONE',  ( -5.546786789029438225, 8.500000000000000000, 101.7306579124252721 ) ) ;
#7963 = CARTESIAN_POINT ( 'NONE',  ( 15.95560520473883415, 26.79379878113547164, 104.8883279828647517 ) ) ;
#7964 = AXIS2_PLACEMENT_3D ( 'NONE', #1679, #5246, #719 ) ;
#7965 = VERTEX_POINT ( 'NONE', #6067 ) ;
#7966 = AXIS2_PLACEMENT_3D ( 'NONE', #8599, #3204, #518 ) ;
#7967 = AXIS2_PLACEMENT_3D ( 'NONE', #3477, #1637, #7974 ) ;
#7968 = ADVANCED_FACE ( 'NONE', ( #4176 ), #5240, .F. ) ;
#7969 = ORIENTED_EDGE ( 'NONE', *, *, #11603, .T. ) ;
#7970 = DIRECTION ( 'NONE',  ( -0.9063077870366487154, -0.4226182617407020503, 0.000000000000000000 ) ) ;
#7971 = DIRECTION ( 'NONE',  ( -0.4975428121645215085, 0.4975428121645274482, -0.7105647754616276623 ) ) ;
#7972 = AXIS2_PLACEMENT_3D ( 'NONE', #4167, #7286, #7781 ) ;
#7973 = DIRECTION ( 'NONE',  ( -0.000000000000000000, -0.000000000000000000, -1.000000000000000000 ) ) ;
#7974 = DIRECTION ( 'NONE',  ( -1.000000000000000000, 0.000000000000000000, 0.000000000000000000 ) ) ;
#7975 = LINE ( 'NONE', #20, #10785 ) ;
#7976 = VERTEX_POINT ( 'NONE', #10509 ) ;
#7977 = VECTOR ( 'NONE', #9010, 1000.000000000000000 ) ;
#7978 = CARTESIAN_POINT ( 'NONE',  ( 11.49999999999998934, 0.000000000000000000, 89.43550806100927275 ) ) ;
#7979 = EDGE_LOOP ( 'NONE', ( #2583, #7477, #7094, #1701, #2277, #7498, #9228, #11201, #10194, #11395, #10424 ) ) ;
#7980 = CARTESIAN_POINT ( 'NONE',  ( 5.718692923687683560, 9.249999999999996447, 105.8565574216461727 ) ) ;
#7981 = ORIENTED_EDGE ( 'NONE', *, *, #2967, .T. ) ;
#7982 = AXIS2_PLACEMENT_3D ( 'NONE', #11729, #4460, #1791 ) ;
#7983 = DIRECTION ( 'NONE',  ( -0.8164965809277252573, -0.000000000000000000, 0.5773502691896266192 ) ) ;
#7984 = ADVANCED_FACE ( 'NONE', ( #7007 ), #4118, .F. ) ;
#7985 = DIRECTION ( 'NONE',  ( 0.000000000000000000, -1.000000000000000000, 2.260169297513790404E-15 ) ) ;
#7986 = ADVANCED_FACE ( 'NONE', ( #656 ), #7790, .F. ) ;
#7987 = LINE ( 'NONE', #7042, #7925 ) ;
#7988 = ORIENTED_EDGE ( 'NONE', *, *, #3383, .T. ) ;
#7989 = CARTESIAN_POINT ( 'NONE',  ( 2.841710573445574983, 13.61425446981479048, 105.0876679082871732 ) ) ;
#7990 = CARTESIAN_POINT ( 'NONE',  ( -7.499999999988182786, 2.250000000000000000, 163.0000000000001421 ) ) ;
#7991 = ORIENTED_EDGE ( 'NONE', *, *, #2527, .T. ) ;
#7992 = VECTOR ( 'NONE', #4877, 1000.000000000000000 ) ;
#7993 = DIRECTION ( 'NONE',  ( -0.8361687550770414701, 0.5108287026655504715, 0.1996893827070966854 ) ) ;
#7994 = CARTESIAN_POINT ( 'NONE',  ( -3.280904698085018723, 13.84931918556189601, 104.0273594960558086 ) ) ;
#7995 = B_SPLINE_CURVE_WITH_KNOTS ( 'NONE', 3,
 ( #10830, #3670, #7891, #7840, #11493, #11441 ),
 .UNSPECIFIED., .F., .F.,
 ( 4, 2, 4 ),
 ( 0.000000000000000000, 0.0003975084460223953170, 0.0007950168920447906341 ),
 .UNSPECIFIED. ) ;
#7996 = AXIS2_PLACEMENT_3D ( 'NONE', #10979, #8315, #6367 ) ;
#7997 = CARTESIAN_POINT ( 'NONE',  ( -16.15036770283194301, 27.25378315284005026, 104.9103628876702317 ) ) ;
#7998 = AXIS2_PLACEMENT_3D ( 'NONE', #10467, #4852, #5743 ) ;
#7999 = ADVANCED_FACE ( 'NONE', ( #6953 ), #8670, .T. ) ;
#8000 = CARTESIAN_POINT ( 'NONE',  ( -29.37500000000054357, 1.250000000000001776, 123.5000000000000568 ) ) ;
#8001 = AXIS2_PLACEMENT_3D ( 'NONE', #4120, #3228, #6842 ) ;
#8002 = EDGE_CURVE ( 'NONE', #3634, #1284, #10620, .T. ) ;
#8003 = CIRCLE ( 'NONE', #2157, 2.000000000000001776 ) ;
#8004 = LINE ( 'NONE', #10722, #3779 ) ;
#8005 = ORIENTED_EDGE ( 'NONE', *, *, #10052, .T. ) ;
#8006 = DIRECTION ( 'NONE',  ( 0.000000000000000000, 1.000000000000000000, 0.000000000000000000 ) ) ;
#8007 = DIRECTION ( 'NONE',  ( 0.4226182617407008846, -0.9063077870366491595, 0.000000000000000000 ) ) ;
#8008 = ORIENTED_EDGE ( 'NONE', *, *, #5726, .T. ) ;
#8009 = LINE ( 'NONE', #2735, #5898 ) ;
#8010 = CARTESIAN_POINT ( 'NONE',  ( -0.1768766589186820670, -7.802420220472374268, 100.3144660940671997 ) ) ;
#8011 = CARTESIAN_POINT ( 'NONE',  ( -5.979458902855557589, 9.717291279713467844, 102.3294370579865813 ) ) ;
#8012 = DIRECTION ( 'NONE',  ( 0.000000000000000000, -1.000000000000000000, 0.000000000000000000 ) ) ;
#8013 = VERTEX_POINT ( 'NONE', #3225 ) ;
#8014 = DIRECTION ( 'NONE',  ( 1.000000000000000000, -0.000000000000000000, -0.000000000000000000 ) ) ;
#8015 = AXIS2_PLACEMENT_3D ( 'NONE', #9226, #10046, #2820 ) ;
#8016 = VERTEX_POINT ( 'NONE', #1619 ) ;
#8017 = ORIENTED_EDGE ( 'NONE', *, *, #5212, .F. ) ;
#8018 = CARTESIAN_POINT ( 'NONE',  ( 47.56321848249373829, 7.249999999999999112, 33.30412412295692803 ) ) ;
#8019 = CIRCLE ( 'NONE', #10305, 1.000000000000014655 ) ;
#8020 = DIRECTION ( 'NONE',  ( -1.000000000000000000, 0.000000000000000000, -0.000000000000000000 ) ) ;
#8021 = DIRECTION ( 'NONE',  ( -0.4226182617407010511, -0.9063077870366493816, -1.110223024625156540E-16 ) ) ;
#8022 = LINE ( 'NONE', #846, #5538 ) ;
#8023 = CARTESIAN_POINT ( 'NONE',  ( -20.85561608801701183, 2.800332454216042599, 86.49438391198300735 ) ) ;
#8024 = CARTESIAN_POINT ( 'NONE',  ( -3.757438380699744229, 8.499999999999998224, 103.8500000000000085 ) ) ;
#8025 = CARTESIAN_POINT ( 'NONE',  ( 16.22516882465090049, 21.45637587167328419, 106.0466991411009019 ) ) ;
#8026 = ORIENTED_EDGE ( 'NONE', *, *, #9499, .F. ) ;
#8027 = ORIENTED_EDGE ( 'NONE', *, *, #3622, .T. ) ;
#8028 = VERTEX_POINT ( 'NONE', #3285 ) ;
#8029 = ADVANCED_FACE ( 'NONE', ( #8849 ), #11328, .F. ) ;
#8030 = CARTESIAN_POINT ( 'NONE',  ( 4.462227422511216623, 8.949000138681059369, 103.8500000000000085 ) ) ;
#8031 = PLANE ( 'NONE',  #92 ) ;
#8032 = CARTESIAN_POINT ( 'NONE',  ( 20.26260754773828765, 7.249999999999999112, 128.6432295561562569 ) ) ;
#8033 = ADVANCED_FACE ( 'NONE', ( #1390 ), #5011, .T. ) ;
#8034 = LINE ( 'NONE', #7918, #6254 ) ;
#8035 = CARTESIAN_POINT ( 'NONE',  ( -4.918151319530379872, 9.587681075656062646, 103.1772058479462686 ) ) ;
#8036 = ADVANCED_FACE ( 'NONE', ( #6901 ), #955, .F. ) ;
#8037 = ORIENTED_EDGE ( 'NONE', *, *, #6086, .T. ) ;
#8038 = CONICAL_SURFACE ( 'NONE', #11623, 1.625000000000000444, 0.7853981633974591592 ) ;
#8039 = CARTESIAN_POINT ( 'NONE',  ( -16.12209655468985403, 27.51274920262758528, 100.2631145324418185 ) ) ;
#8040 = EDGE_CURVE ( 'NONE', #2000, #9863, #1324, .T. ) ;
#8041 = ORIENTED_EDGE ( 'NONE', *, *, #8317, .T. ) ;
#8042 = CARTESIAN_POINT ( 'NONE',  ( 33.75000000000054001, 2.250000000000000000, 122.3259074277046068 ) ) ;
#8043 = EDGE_LOOP ( 'NONE', ( #1086, #10307, #3628, #3332 ) ) ;
#8044 = VECTOR ( 'NONE', #5425, 999.9999999999998863 ) ;
#8045 = ADVANCED_FACE ( 'NONE', ( #7125 ), #8126, .T. ) ;
#8046 = SHAPE_DEFINITION_REPRESENTATION ( #5077, #489 ) ;
#8047 = CARTESIAN_POINT ( 'NONE',  ( -17.39427810540338371, 28.99171717927796976, 103.8500000000000085 ) ) ;
#8048 = DIRECTION ( 'NONE',  ( -0.9999780776180018371, 0.000000000000000000, -0.006621501597491017722 ) ) ;
#8049 = CARTESIAN_POINT ( 'NONE',  ( -8.344444149257626009, 8.500000000000000000, 102.8797793018832891 ) ) ;
#8050 = ORIENTED_EDGE ( 'NONE', *, *, #4635, .T. ) ;
#8051 = CARTESIAN_POINT ( 'NONE',  ( 16.13574176230646628, 27.18010287547603454, 102.8116720171352654 ) ) ;
#8052 = EDGE_CURVE ( 'NONE', #3809, #4902, #10022, .T. ) ;
#8053 = DIRECTION ( 'NONE',  ( -0.4226182617407007736, 0.9063077870366492705, 0.000000000000000000 ) ) ;
#8054 = VERTEX_POINT ( 'NONE', #1016 ) ;
#8055 = DIRECTION ( 'NONE',  ( 0.000000000000000000, 0.000000000000000000, -1.000000000000000000 ) ) ;
#8056 = VECTOR ( 'NONE', #2877, 1000.000000000000114 ) ;
#8057 = CARTESIAN_POINT ( 'NONE',  ( 4.750502354557077034, 9.567207725462825607, 103.8500000000000085 ) ) ;
#8058 = CYLINDRICAL_SURFACE ( 'NONE', #5338, 1.999999999999974021 ) ;
#8059 = EDGE_CURVE ( 'NONE', #1830, #6340, #897, .T. ) ;
#8060 = LINE ( 'NONE', #5277, #747 ) ;
#8061 = CARTESIAN_POINT ( 'NONE',  ( -16.25000000000000000, 4.499999999999995559, 109.8500000000000227 ) ) ;
#8062 = ORIENTED_EDGE ( 'NONE', *, *, #8571, .F. ) ;
#8063 = DIRECTION ( 'NONE',  ( -2.419433718647665781E-16, 1.000000000000000000, 0.000000000000000000 ) ) ;
#8064 = CARTESIAN_POINT ( 'NONE',  ( 7.911710925221847823, 9.164483209790876828, 104.6643693510155373 ) ) ;
#8065 = EDGE_LOOP ( 'NONE', ( #3076, #118, #1072, #2649 ) ) ;
#8066 = DIRECTION ( 'NONE',  ( 0.2164396139381082051, 3.232197279591659355E-17, -0.9762960071199321410 ) ) ;
#8067 = LINE ( 'NONE', #5585, #5915 ) ;
#8068 = EDGE_CURVE ( 'NONE', #9729, #6982, #9079, .T. ) ;
#8069 = CARTESIAN_POINT ( 'NONE',  ( -4.978488372706008747, 9.595052220872018367, 103.0778239301042589 ) ) ;
#8070 = DIRECTION ( 'NONE',  ( -0.4226182617407014952, -0.9063077870366490485, 0.000000000000000000 ) ) ;
#8071 = ORIENTED_EDGE ( 'NONE', *, *, #3566, .T. ) ;
#8072 = LINE ( 'NONE', #7181, #3034 ) ;
#8073 = ORIENTED_EDGE ( 'NONE', *, *, #10385, .T. ) ;
#8074 =( BOUNDED_CURVE ( )  B_SPLINE_CURVE ( 3, ( #5414, #5599, #10093, #7432 ),
 .UNSPECIFIED., .F., .F. ) 
 B_SPLINE_CURVE_WITH_KNOTS ( ( 4, 4 ),
 ( 1.570796326794856590, 3.752457891787807309 ),
 .UNSPECIFIED. ) 
 CURVE ( )  GEOMETRIC_REPRESENTATION_ITEM ( )  RATIONAL_B_SPLINE_CURVE ( ( 1.000000000000000000, 0.6411657421566778758, 0.6411657421566778758, 1.000000000000000000 ) ) 
 REPRESENTATION_ITEM ( '' )  );
#8075 = VERTEX_POINT ( 'NONE', #10911 ) ;
#8076 = CARTESIAN_POINT ( 'NONE',  ( 16.25000000000000000, 21.45637587167328064, 100.1000000000000227 ) ) ;
#8077 = CARTESIAN_POINT ( 'NONE',  ( 26.00112609145443088, 2.250000000000000000, 148.0463266998052632 ) ) ;
#8078 = LINE ( 'NONE', #9853, #1201 ) ;
#8079 = CARTESIAN_POINT ( 'NONE',  ( 12.08750162854155441, 21.45637587167328064, 107.6000000000000085 ) ) ;
#8080 = DIRECTION ( 'NONE',  ( 1.000000000000000000, 0.000000000000000000, 0.000000000000000000 ) ) ;
#8081 = CARTESIAN_POINT ( 'NONE',  ( -4.353180627086083554, 8.499999999999996447, 105.2967907157005811 ) ) ;
#8082 = CARTESIAN_POINT ( 'NONE',  ( -2.000000000000000000, 3.999999999999998224, 109.8500000000000227 ) ) ;
#8083 = ORIENTED_EDGE ( 'NONE', *, *, #8794, .T. ) ;
#8084 = ORIENTED_EDGE ( 'NONE', *, *, #8699, .F. ) ;
#8085 = ORIENTED_EDGE ( 'NONE', *, *, #1, .T. ) ;
#8086 = FACE_OUTER_BOUND ( 'NONE', #6464, .T. ) ;
#8087 = LINE ( 'NONE', #11690, #3146 ) ;
#8088 = CARTESIAN_POINT ( 'NONE',  ( 15.65036770282975453, 27.32231563746865177, 163.0000000000001421 ) ) ;
#8089 = CARTESIAN_POINT ( 'NONE',  ( 13.83775212875645266, 28.16755216095005210, 102.8116720171352512 ) ) ;
#8090 = CARTESIAN_POINT ( 'NONE',  ( -6.200969957883592620, 9.744339336096329518, 105.4310349210623912 ) ) ;
#8091 = ORIENTED_EDGE ( 'NONE', *, *, #10378, .T. ) ;
#8092 = CARTESIAN_POINT ( 'NONE',  ( 16.25000000000000000, 16.18567293696069598, 108.6000000000000227 ) ) ;
#8093 = ORIENTED_EDGE ( 'NONE', *, *, #11677, .T. ) ;
#8094 = CARTESIAN_POINT ( 'NONE',  ( 16.44999999998817586, 0.000000000000000000, 154.5000000000001421 ) ) ;
#8095 = DIRECTION ( 'NONE',  ( 1.564652546959473522E-15, 0.2164396139381068729, -0.9762960071199324741 ) ) ;
#8096 = EDGE_CURVE ( 'NONE', #8634, #1067, #2794, .T. ) ;
#8097 = VERTEX_POINT ( 'NONE', #5351 ) ;
#8098 = EDGE_CURVE ( 'NONE', #4567, #430, #60, .T. ) ;
#8099 = EDGE_CURVE ( 'NONE', #6618, #11257, #6416, .T. ) ;
#8100 = ORIENTED_EDGE ( 'NONE', *, *, #699, .T. ) ;
#8101 = DIRECTION ( 'NONE',  ( 0.000000000000000000, 1.000000000000000000, 0.000000000000000000 ) ) ;
#8102 = DIRECTION ( 'NONE',  ( -1.000000000000000000, -0.000000000000000000, -9.654113257610012971E-15 ) ) ;
#8103 = CARTESIAN_POINT ( 'NONE',  ( 0.000000000000000000, 35.91468543148452852, 7.962094070660424627 ) ) ;
#8104 = VERTEX_POINT ( 'NONE', #2679 ) ;
#8105 = CARTESIAN_POINT ( 'NONE',  ( 2.848249230583052238, 13.42595011879766709, 104.5147273166964652 ) ) ;
#8106 = EDGE_LOOP ( 'NONE', ( #7008, #10152, #11442, #5858 ) ) ;
#8107 = CARTESIAN_POINT ( 'NONE',  ( -33.75000000000054001, 0.000000000000000000, 79.62590742770457553 ) ) ;
#8108 = ORIENTED_EDGE ( 'NONE', *, *, #708, .T. ) ;
#8109 = CARTESIAN_POINT ( 'NONE',  ( 13.81095294525108663, 27.24217759433280150, 105.2222666721052633 ) ) ;
#8110 = CARTESIAN_POINT ( 'NONE',  ( 19.74999999999991118, 0.000000000000000000, 115.9242565173703525 ) ) ;
#8111 = CARTESIAN_POINT ( 'NONE',  ( -1.749999999999999778, 0.000000000000000000, 89.10000000000000853 ) ) ;
#8112 = EDGE_CURVE ( 'NONE', #5689, #492, #9139, .T. ) ;
#8113 = ADVANCED_FACE ( 'NONE', ( #11674 ), #3690, .F. ) ;
#8114 = DIRECTION ( 'NONE',  ( 1.000000000000000000, 1.301042606982605567E-16, 0.000000000000000000 ) ) ;
#8115 = AXIS2_PLACEMENT_3D ( 'NONE', #3173, #8674, #1450 ) ;
#8116 = ORIENTED_EDGE ( 'NONE', *, *, #5948, .F. ) ;
#8117 = CARTESIAN_POINT ( 'NONE',  ( 19.74999999999998934, 2.250000000000000000, 122.4242565173703525 ) ) ;
#8118 = CARTESIAN_POINT ( 'NONE',  ( 7.127417852519386976, 9.115489822861123415, 105.3106033331434475 ) ) ;
#8119 = VECTOR ( 'NONE', #9596, 1000.000000000000227 ) ;
#8120 = ORIENTED_EDGE ( 'NONE', *, *, #6071, .T. ) ;
#8121 = CARTESIAN_POINT ( 'NONE',  ( 1.500000000000000222, 13.99573097773734709, 102.3500000000000227 ) ) ;
#8122 = CARTESIAN_POINT ( 'NONE',  ( 29.37500000000054357, 2.250000000000000000, 125.0500000000000540 ) ) ;
#8123 = CARTESIAN_POINT ( 'NONE',  ( -4.914753563774420186, 9.587269926251133612, 104.5114475147281610 ) ) ;
#8124 = CARTESIAN_POINT ( 'NONE',  ( 29.37500000000054357, 1.250000000000005107, 82.35000000000000853 ) ) ;
#8125 = ORIENTED_EDGE ( 'NONE', *, *, #1473, .T. ) ;
#8126 = PLANE ( 'NONE',  #4924 ) ;
#8127 = VECTOR ( 'NONE', #8793, 1000.000000000000000 ) ;
#8128 = ORIENTED_EDGE ( 'NONE', *, *, #10852, .F. ) ;
#8129 = ADVANCED_FACE ( 'NONE', ( #772 ), #6360, .F. ) ;
#8130 = ADVANCED_FACE ( 'NONE', ( #119 ), #2619, .F. ) ;
#8131 = ORIENTED_EDGE ( 'NONE', *, *, #2106, .T. ) ;
#8132 = AXIS2_PLACEMENT_3D ( 'NONE', #8292, #10187, #7407 ) ;
#8133 = CARTESIAN_POINT ( 'NONE',  ( -1.500000000000000000, 9.249999999999998224, 105.3500000000000227 ) ) ;
#8134 = LINE ( 'NONE', #2040, #923 ) ;
#8135 = CARTESIAN_POINT ( 'NONE',  ( -16.15036770283019862, 27.25031234153075133, 107.3914408426330596 ) ) ;
#8136 = CARTESIAN_POINT ( 'NONE',  ( -13.25000000000000178, 0.000000000000000000, 84.60000000000003695 ) ) ;
#8137 = CARTESIAN_POINT ( 'NONE',  ( -11.00000000000001066, 2.249999999999998668, 96.10000000000006537 ) ) ;
#8138 = CARTESIAN_POINT ( 'NONE',  ( -5.329282892085014822, 8.667281085826516573, 102.3893966668524200 ) ) ;
#8139 = ORIENTED_EDGE ( 'NONE', *, *, #6942, .F. ) ;
#8140 = VERTEX_POINT ( 'NONE', #6236 ) ;
#8141 = AXIS2_PLACEMENT_3D ( 'NONE', #278, #8285, #3913 ) ;
#8142 = CARTESIAN_POINT ( 'NONE',  ( 4.281804886466092697, 8.499999999999996447, 103.3578867919798228 ) ) ;
#8143 = DIRECTION ( 'NONE',  ( -1.000000000000000000, -1.119176436114068839E-16, 0.000000000000000000 ) ) ;
#8144 = CYLINDRICAL_SURFACE ( 'NONE', #11219, 2.000000000000001776 ) ;
#8145 = PLANE ( 'NONE',  #11514 ) ;
#8146 = CARTESIAN_POINT ( 'NONE',  ( -8.237370610782024372, 9.993025295517695028, 102.9533337670447821 ) ) ;
#8147 = ORIENTED_EDGE ( 'NONE', *, *, #10883, .F. ) ;
#8148 = LINE ( 'NONE', #9931, #10675 ) ;
#8149 = VERTEX_POINT ( 'NONE', #3565 ) ;
#8150 = FACE_OUTER_BOUND ( 'NONE', #10991, .T. ) ;
#8151 = CARTESIAN_POINT ( 'NONE',  ( 16.02103869624942689, 27.67073502133479579, 100.2184545741367288 ) ) ;
#8152 = CIRCLE ( 'NONE', #4564, 1.624999999999999112 ) ;
#8153 = AXIS2_PLACEMENT_3D ( 'NONE', #5286, #5405, #7118 ) ;
#8154 = VERTEX_POINT ( 'NONE', #9843 ) ;
#8155 = CIRCLE ( 'NONE', #10428, 1.999999999999974021 ) ;
#8156 = ORIENTED_EDGE ( 'NONE', *, *, #7163, .T. ) ;
#8157 = CARTESIAN_POINT ( 'NONE',  ( -16.10352159634808089, 27.11100650659829725, 102.8116720171349954 ) ) ;
#8158 = CARTESIAN_POINT ( 'NONE',  ( -8.529532144775069824, 8.500000000000000000, 104.3422951339019704 ) ) ;
#8159 = VECTOR ( 'NONE', #694, 1000.000000000000000 ) ;
#8160 = DIRECTION ( 'NONE',  ( 0.000000000000000000, 0.000000000000000000, -1.000000000000000000 ) ) ;
#8161 = ORIENTED_EDGE ( 'NONE', *, *, #9344, .F. ) ;
#8162 = VECTOR ( 'NONE', #5522, 1000.000000000000000 ) ;
#8163 = CARTESIAN_POINT ( 'NONE',  ( 1.961758183617621221, 13.49297058148672157, 105.6347441747257534 ) ) ;
#8164 = VERTEX_POINT ( 'NONE', #1732 ) ;
#8165 = LINE ( 'NONE', #10713, #8538 ) ;
#8166 = DIRECTION ( 'NONE',  ( 0.000000000000000000, -0.9762960071199324741, -0.2164396139381068174 ) ) ;
#8167 = VERTEX_POINT ( 'NONE', #8966 ) ;
#8168 = CARTESIAN_POINT ( 'NONE',  ( -15.87744843011666340, 26.66742901960584078, 104.9098115997281582 ) ) ;
#8169 = EDGE_CURVE ( 'NONE', #1686, #6475, #8072, .T. ) ;
#8170 = CARTESIAN_POINT ( 'NONE',  ( -29.37500000000054357, 2.250000000000000000, 84.90000000000000568 ) ) ;
#8171 = CYLINDRICAL_SURFACE ( 'NONE', #5907, 0.5000000000000004441 ) ;
#8172 = DIRECTION ( 'NONE',  ( -1.000000000000000000, -5.551115123125782702E-16, 0.000000000000000000 ) ) ;
#8173 = CIRCLE ( 'NONE', #3079, 2.000000000000001776 ) ;
#8174 = ADVANCED_FACE ( 'NONE', ( #6297 ), #6056, .F. ) ;
#8175 = CARTESIAN_POINT ( 'NONE',  ( -8.999999999999987566, 0.000000000000000000, 96.10000000000006537 ) ) ;
#8176 = ORIENTED_EDGE ( 'NONE', *, *, #3409, .F. ) ;
#8177 = CARTESIAN_POINT ( 'NONE',  ( -19.75000000000001776, 2.250000000000000000, 0.000000000000000000 ) ) ;
#8178 = CARTESIAN_POINT ( 'NONE',  ( 5.713949910657335707, 9.027193006022208976, 105.3920051475182618 ) ) ;
#8179 = ORIENTED_EDGE ( 'NONE', *, *, #5430, .T. ) ;
#8180 = VECTOR ( 'NONE', #5417, 1000.000000000000000 ) ;
#8181 = CARTESIAN_POINT ( 'NONE',  ( 17.99999999999998934, 7.249999999999999112, 87.43550806100932959 ) ) ;
#8182 = EDGE_CURVE ( 'NONE', #6720, #11208, #5592, .T. ) ;
#8183 = LINE ( 'NONE', #3560, #2316 ) ;
#8184 = DIRECTION ( 'NONE',  ( -0.000000000000000000, -1.000000000000000000, -0.000000000000000000 ) ) ;
#8185 = DIRECTION ( 'NONE',  ( 1.000000000000000000, 0.000000000000000000, 0.000000000000000000 ) ) ;
#8186 = ORIENTED_EDGE ( 'NONE', *, *, #7128, .F. ) ;
#8187 = EDGE_CURVE ( 'NONE', #868, #8752, #9386, .T. ) ;
#8188 = DIRECTION ( 'NONE',  ( 0.5735764363510519326, -0.000000000000000000, 0.8191520442889876907 ) ) ;
#8189 = AXIS2_PLACEMENT_3D ( 'NONE', #7028, #3244, #10469 ) ;
#8190 = VECTOR ( 'NONE', #5853, 1000.000000000000000 ) ;
#8191 = ORIENTED_EDGE ( 'NONE', *, *, #3279, .F. ) ;
#8192 = EDGE_LOOP ( 'NONE', ( #11193, #11409, #5993, #9425 ) ) ;
#8193 = CARTESIAN_POINT ( 'NONE',  ( 19.74999999999998934, 2.250000000000000000, 122.4242565173703525 ) ) ;
#8194 = DIRECTION ( 'NONE',  ( 0.000000000000000000, -1.000000000000000000, 0.000000000000000000 ) ) ;
#8195 = CARTESIAN_POINT ( 'NONE',  ( 20.26260754773824502, 2.250000000000000444, 137.1432295561562000 ) ) ;
#8196 = CARTESIAN_POINT ( 'NONE',  ( -15.86167683370010373, 27.77546953098697813, 105.2915703243338328 ) ) ;
#8197 = CARTESIAN_POINT ( 'NONE',  ( -13.91582371575221799, 28.29373517528481230, 102.7902020575608475 ) ) ;
#8198 = CARTESIAN_POINT ( 'NONE',  ( -3.773010006834380814, 8.499999999999996447, 104.1365829433021588 ) ) ;
#8199 = ADVANCED_FACE ( 'NONE', ( #8374 ), #1074, .F. ) ;
#8200 = ORIENTED_EDGE ( 'NONE', *, *, #2094, .T. ) ;
#8201 = VERTEX_POINT ( 'NONE', #4938 ) ;
#8202 = CIRCLE ( 'NONE', #9722, 2.549999999999996714 ) ;
#8203 = CARTESIAN_POINT ( 'NONE',  ( 4.917668448078014620, 8.977450725796911613, 104.9238430491910492 ) ) ;
#8204 = PLANE ( 'NONE',  #5039 ) ;
#8205 = CARTESIAN_POINT ( 'NONE',  ( -13.25000000000000178, 31.94302117641175442, 84.60000000000003695 ) ) ;
#8206 = CARTESIAN_POINT ( 'NONE',  ( -17.99999999999998934, 7.249999999999999112, 94.43550806100934381 ) ) ;
#8207 = CARTESIAN_POINT ( 'NONE',  ( -7.747810890743606294, 9.933240091413324535, 102.5193837648855464 ) ) ;
#8208 = VECTOR ( 'NONE', #7973, 1000.000000000000000 ) ;
#8209 = ORIENTED_EDGE ( 'NONE', *, *, #6323, .T. ) ;
#8210 = CARTESIAN_POINT ( 'NONE',  ( 9.999999999999998224, 5.900187953673570185, 126.8718533090645906 ) ) ;
#8211 = ADVANCED_FACE ( 'NONE', ( #8490 ), #8548, .F. ) ;
#8212 = ORIENTED_EDGE ( 'NONE', *, *, #11170, .T. ) ;
#8213 = CARTESIAN_POINT ( 'NONE',  ( 12.74999999999999289, 13.96768987689089769, 109.2687067062699384 ) ) ;
#8215 = CIRCLE ( 'NONE', #2353, 2.000000000000001776 ) ;
#8214 = CARTESIAN_POINT ( 'NONE',  ( 1.887723163341008314, 13.21929698178085211, 105.2998552755347390 ) ) ;
#8216 = EDGE_CURVE ( 'NONE', #4054, #9589, #7604, .T. ) ;
#8217 = ORIENTED_EDGE ( 'NONE', *, *, #7553, .F. ) ;
#8218 = ORIENTED_EDGE ( 'NONE', *, *, #10239, .T. ) ;
#8219 = B_SPLINE_CURVE_WITH_KNOTS ( 'NONE', 3,
 ( #975, #1034, #4660, #8267 ),
 .UNSPECIFIED., .F., .F.,
 ( 4, 4 ),
 ( 0.000000000000000000, 1.000000000000000000 ),
 .UNSPECIFIED. ) ;
#8220 = LINE ( 'NONE', #7515, #7246 ) ;
#8221 = CARTESIAN_POINT ( 'NONE',  ( -13.64263604980174804, 27.57396627313319826, 104.9722674376929774 ) ) ;
#8222 = CARTESIAN_POINT ( 'NONE',  ( 14.61141134007267084, 26.86891771479302449, 103.8500000000000085 ) ) ;
#8223 = ORIENTED_EDGE ( 'NONE', *, *, #9621, .F. ) ;
#8224 = CARTESIAN_POINT ( 'NONE',  ( 3.223945270323406831, 13.97752937133958184, 103.4490407208123344 ) ) ;
#8225 = ORIENTED_EDGE ( 'NONE', *, *, #1227, .F. ) ;
#8226 = CARTESIAN_POINT ( 'NONE',  ( -33.75000000000054001, 2.250000000000000000, 127.7740925722955012 ) ) ;
#8227 = CARTESIAN_POINT ( 'NONE',  ( -7.587885872350896399, 9.249999999999998224, 101.8446132939527473 ) ) ;
#8228 = VERTEX_POINT ( 'NONE', #6721 ) ;
#8229 = CARTESIAN_POINT ( 'NONE',  ( -2.881631501278019591, 13.75466495559815172, 103.2658646139581577 ) ) ;
#8230 = CARTESIAN_POINT ( 'NONE',  ( 5.795139090961140660, 9.694778491673570642, 105.3022134897438491 ) ) ;
#8231 = FACE_OUTER_BOUND ( 'NONE', #525, .T. ) ;
#8232 = VECTOR ( 'NONE', #5214, 1000.000000000000000 ) ;
#8233 = B_SPLINE_CURVE_WITH_KNOTS ( 'NONE', 3,
 ( #10977, #4523, #8255, #7, #10027, #3636, #10859, #1856, #9087 ),
 .UNSPECIFIED., .F., .F.,
 ( 4, 1, 2, 2, 4 ),
 ( 0.000000000000000000, 0.2499999999999903411, 0.3749999999999931166, 0.4999999999999958922, 1.000000000000000000 ),
 .UNSPECIFIED. ) ;
#8234 = DIRECTION ( 'NONE',  ( -0.7071067811865473507, -1.710797989087145966E-16, 0.7071067811865476838 ) ) ;
#8235 = CARTESIAN_POINT ( 'NONE',  ( -7.383763632822700984, 8.499999999999996447, 105.7500009987011396 ) ) ;
#8236 = ORIENTED_EDGE ( 'NONE', *, *, #869, .F. ) ;
#8237 = VERTEX_POINT ( 'NONE', #10326 ) ;
#8238 = DIRECTION ( 'NONE',  ( 0.000000000000000000, 0.000000000000000000, 1.000000000000000000 ) ) ;
#8239 = VECTOR ( 'NONE', #9977, 1000.000000000000000 ) ;
#8240 = CARTESIAN_POINT ( 'NONE',  ( 4.462227422511216623, 8.949000138681059369, 103.7436434039504149 ) ) ;
#8241 = ORIENTED_EDGE ( 'NONE', *, *, #5835, .T. ) ;
#8242 = DIRECTION ( 'NONE',  ( -0.000000000000000000, -1.000000000000000000, -0.000000000000000000 ) ) ;
#8243 = CYLINDRICAL_SURFACE ( 'NONE', #7982, 1.999999999999974021 ) ;
#8244 = CYLINDRICAL_SURFACE ( 'NONE', #3256, 1.549999999999995826 ) ;
#8245 = DIRECTION ( 'NONE',  ( 0.4226182617407009956, -0.9063077870366493816, -0.000000000000000000 ) ) ;
#8246 = ORIENTED_EDGE ( 'NONE', *, *, #5466, .F. ) ;
#8247 = CARTESIAN_POINT ( 'NONE',  ( 11.99999999998817479, 2.250000000000000000, 154.5000000000000568 ) ) ;
#8248 = EDGE_CURVE ( 'NONE', #8683, #4863, #1135, .T. ) ;
#8249 = EDGE_CURVE ( 'NONE', #6986, #1738, #2036, .T. ) ;
#8250 = ORIENTED_EDGE ( 'NONE', *, *, #4709, .F. ) ;
#8251 = B_SPLINE_CURVE_WITH_KNOTS ( 'NONE', 3,
 ( #10105, #7504, #8325, #1089, #10217, #79, #7379, #1927 ),
 .UNSPECIFIED., .F., .F.,
 ( 4, 2, 2, 4 ),
 ( 5.204170427930421283E-18, 0.0004418718081906289883, 0.0006628077122859387391, 0.0008837436163812486525 ),
 .UNSPECIFIED. ) ;
#8252 = ADVANCED_FACE ( 'NONE', ( #4826 ), #1316, .T. ) ;
#8253 = ORIENTED_EDGE ( 'NONE', *, *, #10721, .T. ) ;
#8254 = DIRECTION ( 'NONE',  ( -0.4999999999999879541, 0.000000000000000000, 0.8660254037844455910 ) ) ;
#8255 = CARTESIAN_POINT ( 'NONE',  ( 7.617464455616792307, 9.382535544383198811, 105.7219520867360671 ) ) ;
#8256 = CARTESIAN_POINT ( 'NONE',  ( -4.000000000000000888, 31.94302117641175442, 94.10000000000003695 ) ) ;
#8257 = DIRECTION ( 'NONE',  ( 1.000000000000000000, 0.000000000000000000, -0.000000000000000000 ) ) ;
#8258 = LINE ( 'NONE', #72, #1030 ) ;
#8259 = CARTESIAN_POINT ( 'NONE',  ( -3.834700656197442381, 8.500000000000000000, 104.4176650934048922 ) ) ;
#8260 = VERTEX_POINT ( 'NONE', #6476 ) ;
#8261 = EDGE_CURVE ( 'NONE', #1738, #6530, #9324, .T. ) ;
#8262 = ORIENTED_EDGE ( 'NONE', *, *, #11371, .T. ) ;
#8263 = ADVANCED_FACE ( 'NONE', ( #4699 ), #4051, .F. ) ;
#8264 = CARTESIAN_POINT ( 'NONE',  ( 7.968963136111804957, 9.168059653110780971, 103.1298787401925239 ) ) ;
#8265 = FACE_BOUND ( 'NONE', #11582, .T. ) ;
#8266 = B_SPLINE_CURVE_WITH_KNOTS ( 'NONE', 3,
 ( #2404, #2350, #11459, #10571, #4130, #7018, #10521, #7802 ),
 .UNSPECIFIED., .F., .F.,
 ( 4, 2, 2, 4 ),
 ( 4.906538933386797396E-18, 0.0004418718081906421614, 0.0006628077122859566284, 0.0008837436163812713123 ),
 .UNSPECIFIED. ) ;
#8267 = CARTESIAN_POINT ( 'NONE',  ( -1.499999999999999778, 13.99573097772450403, 102.3500000000000227 ) ) ;
#8268 = CARTESIAN_POINT ( 'NONE',  ( 15.99999999999998579, 0.000000000000000000, 89.43550806100932959 ) ) ;
#8269 = CARTESIAN_POINT ( 'NONE',  ( -4.758613022549742944, 9.568198203072702412, 104.0231343455765938 ) ) ;
#8270 = CARTESIAN_POINT ( 'NONE',  ( -7.949834432432205666, 21.45637587167328064, 103.8500000000000085 ) ) ;
#8271 = ORIENTED_EDGE ( 'NONE', *, *, #10463, .F. ) ;
#8272 = DIRECTION ( 'NONE',  ( 0.000000000000000000, -1.000000000000000000, 0.000000000000000000 ) ) ;
#8273 = ORIENTED_EDGE ( 'NONE', *, *, #4855, .T. ) ;
#8274 = CARTESIAN_POINT ( 'NONE',  ( -16.25000000000000000, 16.18567293696069243, 108.6000000000000085 ) ) ;
#8275 = CARTESIAN_POINT ( 'NONE',  ( -7.250000000000000888, 19.30497212419179931, 100.1000000000000227 ) ) ;
#8276 = ADVANCED_FACE ( 'NONE', ( #2925 ), #6652, .T. ) ;
#8277 = ORIENTED_EDGE ( 'NONE', *, *, #10229, .F. ) ;
#8278 = EDGE_CURVE ( 'NONE', #6198, #8683, #3937, .T. ) ;
#8279 = ORIENTED_EDGE ( 'NONE', *, *, #6239, .F. ) ;
#8280 = LINE ( 'NONE', #6390, #3652 ) ;
#8281 = FACE_OUTER_BOUND ( 'NONE', #1898, .T. ) ;
#8282 = DIRECTION ( 'NONE',  ( 0.000000000000000000, -1.000000000000000000, 0.000000000000000000 ) ) ;
#8283 = CARTESIAN_POINT ( 'NONE',  ( 2.841710573445575871, 14.13606562339511719, 102.7339299005267179 ) ) ;
#8284 = ORIENTED_EDGE ( 'NONE', *, *, #3331, .F. ) ;
#8285 = DIRECTION ( 'NONE',  ( 0.000000000000000000, 1.000000000000000000, 0.000000000000000000 ) ) ;
#8286 = ADVANCED_FACE ( 'NONE', ( #5647 ), #4760, .F. ) ;
#8287 = CARTESIAN_POINT ( 'NONE',  ( -7.393605452649760323, 9.889984399524180958, 105.3486977815760497 ) ) ;
#8288 = ORIENTED_EDGE ( 'NONE', *, *, #4817, .T. ) ;
#8289 = CARTESIAN_POINT ( 'NONE',  ( -29.37500000000054357, 2.250000000000000000, 125.0500000000000540 ) ) ;
#8290 = CARTESIAN_POINT ( 'NONE',  ( 4.750503203413123821, 9.567209545840494656, 103.9733989477383318 ) ) ;
#8291 = DIRECTION ( 'NONE',  ( 0.4226182617407002184, 0.9063077870366496036, -0.000000000000000000 ) ) ;
#8292 = CARTESIAN_POINT ( 'NONE',  ( 8.750000000000000000, 0.000000000000000000, 163.0000000000001421 ) ) ;
#8293 = CIRCLE ( 'NONE', #11336, 0.4999999999999865663 ) ;
#8294 = CARTESIAN_POINT ( 'NONE',  ( -8.344444149257629562, 8.499999999999996447, 104.8202206981167706 ) ) ;
#8295 = ORIENTED_EDGE ( 'NONE', *, *, #2449, .T. ) ;
#8296 = DIRECTION ( 'NONE',  ( 0.5735764363510428288, -0.000000000000000000, 0.8191520442889940190 ) ) ;
#8297 = EDGE_LOOP ( 'NONE', ( #3946, #4466, #7713, #1448 ) ) ;
#8298 = LINE ( 'NONE', #4690, #5477 ) ;
#8299 = CARTESIAN_POINT ( 'NONE',  ( 4.917668448078014620, 8.977450725796911613, 104.9238430491910492 ) ) ;
#8300 = ORIENTED_EDGE ( 'NONE', *, *, #3399, .F. ) ;
#8301 = CARTESIAN_POINT ( 'NONE',  ( -6.000000000000000888, 31.94302117641175442, 96.10000000000006537 ) ) ;
#8302 = DIRECTION ( 'NONE',  ( -0.006621501597491016855, 0.000000000000000000, 0.9999780776180017261 ) ) ;
#8303 = EDGE_CURVE ( 'NONE', #4787, #5803, #2092, .T. ) ;
#8304 = CARTESIAN_POINT ( 'NONE',  ( -4.816308035307475421, 9.575244833468666172, 104.2782108474908398 ) ) ;
#8305 = CARTESIAN_POINT ( 'NONE',  ( -18.50042606764950648, 39.05401428466791458, 103.8500000000000085 ) ) ;
#8306 = ORIENTED_EDGE ( 'NONE', *, *, #5068, .T. ) ;
#8307 = LINE ( 'NONE', #5177, #11374 ) ;
#8308 = DIRECTION ( 'NONE',  ( -0.5735764363510521546, 0.000000000000000000, -0.8191520442889875797 ) ) ;
#8309 = VECTOR ( 'NONE', #6932, 1000.000000000000000 ) ;
#8310 = VECTOR ( 'NONE', #1589, 1000.000000000000000 ) ;
#8311 = ORIENTED_EDGE ( 'NONE', *, *, #6364, .T. ) ;
#8312 = EDGE_LOOP ( 'NONE', ( #5589, #5139, #2238, #10309 ) ) ;
#8313 = DIRECTION ( 'NONE',  ( 0.4226182617407014952, -0.9063077870366490485, 0.000000000000000000 ) ) ;
#8314 = CARTESIAN_POINT ( 'NONE',  ( -12.74999999999995204, 15.23373697095270529, 135.6685102046980660 ) ) ;
#8315 = DIRECTION ( 'NONE',  ( 0.000000000000000000, 1.000000000000000000, 0.000000000000000000 ) ) ;
#8316 = CARTESIAN_POINT ( 'NONE',  ( 16.23849164777436727, 30.35820269488412393, 103.8500000000000085 ) ) ;
#8317 = EDGE_CURVE ( 'NONE', #4079, #837, #3044, .T. ) ;
#8318 = VECTOR ( 'NONE', #6450, 1000.000000000000000 ) ;
#8319 = CARTESIAN_POINT ( 'NONE',  ( -4.268927218549614544, 8.534466513549496369, 103.8500000000000085 ) ) ;
#8320 = ORIENTED_EDGE ( 'NONE', *, *, #7178, .T. ) ;
#8321 = EDGE_CURVE ( 'NONE', #10161, #9108, #1202, .T. ) ;
#8322 = VECTOR ( 'NONE', #8188, 1000.000000000000000 ) ;
#8323 = ORIENTED_EDGE ( 'NONE', *, *, #3148, .T. ) ;
#8324 = CARTESIAN_POINT ( 'NONE',  ( 4.462227422511216623, 8.949000138681059369, 103.8500000000000085 ) ) ;
#8325 = CARTESIAN_POINT ( 'NONE',  ( 14.25373307468685447, 28.47013205404449110, 105.1360441590949080 ) ) ;
#8326 = DIRECTION ( 'NONE',  ( 1.000000000000000000, 0.000000000000000000, 0.000000000000000000 ) ) ;
#8327 = CARTESIAN_POINT ( 'NONE',  ( -17.99999999999998934, 2.250000000000000444, 89.43550806100932959 ) ) ;
#8328 = CARTESIAN_POINT ( 'NONE',  ( 18.11169591142202506, 3.847870860261899839, 108.5714093900724748 ) ) ;
#8329 = DIRECTION ( 'NONE',  ( -0.8660254037844455910, 0.000000000000000000, 0.4999999999999879541 ) ) ;
#8330 = EDGE_LOOP ( 'NONE', ( #7184, #1754, #8085, #3939, #4178, #11135, #2034, #6567, #8427, #11339 ) ) ;
#8331 = CARTESIAN_POINT ( 'NONE',  ( 7.249999999999998224, 13.71999382411754631, 100.1000000000000227 ) ) ;
#8332 = EDGE_LOOP ( 'NONE', ( #5281, #3643, #4100, #3940 ) ) ;
#8333 = CONICAL_SURFACE ( 'NONE', #2276, 1.625000000000000444, 0.7853981633974591592 ) ;
#8334 = CARTESIAN_POINT ( 'NONE',  ( 16.13462731478733758, 27.17771293505871100, 100.3144660940672708 ) ) ;
#8335 = CARTESIAN_POINT ( 'NONE',  ( 2.968487351548063646, 13.52039121639289654, 104.1559248583398301 ) ) ;
#8336 = EDGE_LOOP ( 'NONE', ( #3447, #4710, #9001, #8083, #10950 ) ) ;
#8337 = ORIENTED_EDGE ( 'NONE', *, *, #10275, .F. ) ;
#8338 = CARTESIAN_POINT ( 'NONE',  ( -7.874274201184736199, 9.125725798815269130, 104.8679478339698221 ) ) ;
#8339 = DIRECTION ( 'NONE',  ( 0.000000000000000000, 0.000000000000000000, -1.000000000000000000 ) ) ;
#8340 = EDGE_CURVE ( 'NONE', #10820, #2761, #3382, .T. ) ;
#8341 = CARTESIAN_POINT ( 'NONE',  ( 16.24999999999999645, 9.250000000000001776, 100.1000000000000227 ) ) ;
#8342 = CARTESIAN_POINT ( 'NONE',  ( 3.269424957042086799, 13.82347939415866733, 104.1439152628712179 ) ) ;
#8343 = ORIENTED_EDGE ( 'NONE', *, *, #4545, .F. ) ;
#8344 = DIRECTION ( 'NONE',  ( 1.000000000000000000, 0.000000000000000000, 0.000000000000000000 ) ) ;
#8345 = CARTESIAN_POINT ( 'NONE',  ( -8.181485216070017330, 9.986200551584410334, 104.8188639220195597 ) ) ;
#8346 = EDGE_LOOP ( 'NONE', ( #7179, #3590, #918, #978 ) ) ;
#8347 = VECTOR ( 'NONE', #9414, 1000.000000000000000 ) ;
#8348 = CARTESIAN_POINT ( 'NONE',  ( -15.77333019370330192, 26.57934447466324812, 104.9728477210950501 ) ) ;
#8349 = FACE_OUTER_BOUND ( 'NONE', #4571, .T. ) ;
#8350 = VECTOR ( 'NONE', #8666, 1000.000000000000000 ) ;
#8351 = CARTESIAN_POINT ( 'NONE',  ( 5.011595392956015083, 9.599092498559938846, 103.0235913868393709 ) ) ;
#8352 = ORIENTED_EDGE ( 'NONE', *, *, #10447, .F. ) ;
#8353 = FACE_OUTER_BOUND ( 'NONE', #4132, .T. ) ;
#8354 = EDGE_CURVE ( 'NONE', #1465, #370, #7885, .T. ) ;
#8355 = VECTOR ( 'NONE', #4576, 1000.000000000000000 ) ;
#8356 = EDGE_CURVE ( 'NONE', #10891, #457, #3161, .T. ) ;
#8357 = VECTOR ( 'NONE', #10370, 1000.000000000000114 ) ;
#8358 = CARTESIAN_POINT ( 'NONE',  ( -4.268927218549614544, 8.534466513549496369, 103.8500000000000085 ) ) ;
#8359 = VERTEX_POINT ( 'NONE', #4330 ) ;
#8360 = DIRECTION ( 'NONE',  ( 0.000000000000000000, 0.000000000000000000, -1.000000000000000000 ) ) ;
#8361 = ORIENTED_EDGE ( 'NONE', *, *, #9152, .T. ) ;
#8362 = LINE ( 'NONE', #10192, #358 ) ;
#8363 = CARTESIAN_POINT ( 'NONE',  ( 7.237054339274870074, 8.499999999999996447, 102.1440353727067247 ) ) ;
#8364 = ORIENTED_EDGE ( 'NONE', *, *, #4707, .T. ) ;
#8365 = CARTESIAN_POINT ( 'NONE',  ( 33.75000000000054001, 2.250000000000000000, 79.62590742770457553 ) ) ;
#8366 = CARTESIAN_POINT ( 'NONE',  ( -2.414985144263542605, 13.28699193167877368, 105.0426611333947449 ) ) ;
#8367 = EDGE_CURVE ( 'NONE', #3313, #11038, #5170, .T. ) ;
#8368 = VECTOR ( 'NONE', #7209, 1000.000000000000000 ) ;
#8369 = CARTESIAN_POINT ( 'NONE',  ( -5.997216471628127543, 9.719458680564324382, 105.3757480452707256 ) ) ;
#8370 = CARTESIAN_POINT ( 'NONE',  ( 29.37500000000054357, 2.250000000000000000, 130.3000000000000398 ) ) ;
#8371 = ORIENTED_EDGE ( 'NONE', *, *, #3392, .F. ) ;
#8372 = ADVANCED_FACE ( 'NONE', ( #3211 ), #3329, .F. ) ;
#8373 = CARTESIAN_POINT ( 'NONE',  ( -14.66140607915237304, 5.091982852881425714, 107.0114060791523656 ) ) ;
#8374 = FACE_OUTER_BOUND ( 'NONE', #3227, .T. ) ;
#8375 = VECTOR ( 'NONE', #5180, 1000.000000000000000 ) ;
#8376 = ORIENTED_EDGE ( 'NONE', *, *, #2564, .F. ) ;
#8377 = ORIENTED_EDGE ( 'NONE', *, *, #148, .T. ) ;
#8378 = CARTESIAN_POINT ( 'NONE',  ( 21.90091163631645443, 7.249999999999999112, 110.4960766834540919 ) ) ;
#8379 = CARTESIAN_POINT ( 'NONE',  ( -33.75000000000054001, 2.250000000000000000, 85.07409257229544153 ) ) ;
#8380 = VECTOR ( 'NONE', #1484, 1000.000000000000000 ) ;
#8381 = DIRECTION ( 'NONE',  ( 0.000000000000000000, -0.000000000000000000, 1.000000000000000000 ) ) ;
#8382 = CARTESIAN_POINT ( 'NONE',  ( 13.89462129411448643, 28.28950847962395088, 107.3855339059327463 ) ) ;
#8383 = AXIS2_PLACEMENT_3D ( 'NONE', #10741, #1744, #7076 ) ;
#8384 = DIRECTION ( 'NONE',  ( -6.608470384673549052E-16, 1.000000000000000000, 0.000000000000000000 ) ) ;
#8385 = VECTOR ( 'NONE', #3528, 1000.000000000000000 ) ;
#8386 = ORIENTED_EDGE ( 'NONE', *, *, #5288, .F. ) ;
#8387 = VECTOR ( 'NONE', #4245, 1000.000000000000000 ) ;
#8388 = ORIENTED_EDGE ( 'NONE', *, *, #2247, .F. ) ;
#8389 = CARTESIAN_POINT ( 'NONE',  ( 6.550752209301079709, 9.079466550476571030, 102.2354747767970053 ) ) ;
#8390 = CARTESIAN_POINT ( 'NONE',  ( -15.54045729638780493, 26.49125503205603849, 102.5645362646189369 ) ) ;
#8391 = FACE_OUTER_BOUND ( 'NONE', #3151, .T. ) ;
#8392 = EDGE_CURVE ( 'NONE', #6761, #4585, #8661, .T. ) ;
#8393 = CARTESIAN_POINT ( 'NONE',  ( 29.37500000000054357, 0.000000000000000000, 82.35000000000000853 ) ) ;
#8394 = CARTESIAN_POINT ( 'NONE',  ( 26.50000000000052935, 2.250000000000000000, 87.60000000000000853 ) ) ;
#8395 = LINE ( 'NONE', #2052, #160 ) ;
#8396 = DIRECTION ( 'NONE',  ( 1.000000000000000000, 0.000000000000000000, 0.000000000000000000 ) ) ;
#8397 = CARTESIAN_POINT ( 'NONE',  ( 15.24999999999998579, 5.335786437626939716, 107.6000000000000085 ) ) ;
#8398 = ORIENTED_EDGE ( 'NONE', *, *, #6092, .F. ) ;
#8399 = FACE_OUTER_BOUND ( 'NONE', #4941, .T. ) ;
#8400 = CARTESIAN_POINT ( 'NONE',  ( 2.972503823591133187, 13.67618438379770929, 103.5640302814215090 ) ) ;
#8401 = ORIENTED_EDGE ( 'NONE', *, *, #1458, .T. ) ;
#8402 = VECTOR ( 'NONE', #7618, 1000.000000000000000 ) ;
#8403 = EDGE_CURVE ( 'NONE', #11025, #5518, #4162, .T. ) ;
#8404 = ORIENTED_EDGE ( 'NONE', *, *, #1970, .T. ) ;
#8405 = EDGE_CURVE ( 'NONE', #3715, #11387, #7584, .T. ) ;
#8406 = CARTESIAN_POINT ( 'NONE',  ( 9.999999999999998224, 2.249999999999946709, 136.5914722278378690 ) ) ;
#8407 = CARTESIAN_POINT ( 'NONE',  ( -19.74999999999982236, 0.000000000000000000, 124.4242565173703525 ) ) ;
#8408 = EDGE_CURVE ( 'NONE', #207, #6046, #10433, .T. ) ;
#8409 = CARTESIAN_POINT ( 'NONE',  ( -13.81229565574032847, 27.24155147814896338, 100.2026539656155819 ) ) ;
#8410 = CARTESIAN_POINT ( 'NONE',  ( 3.045525733931928603, 13.67729732782762753, 104.8032999525535587 ) ) ;
#8411 = ORIENTED_EDGE ( 'NONE', *, *, #3806, .T. ) ;
#8412 = LINE ( 'NONE', #3083, #10228 ) ;
#8413 = CARTESIAN_POINT ( 'NONE',  ( -7.747810890743565437, 9.933240091413317430, 105.1806162351144991 ) ) ;
#8414 = EDGE_CURVE ( 'NONE', #790, #566, #1896, .T. ) ;
#8415 = VERTEX_POINT ( 'NONE', #9491 ) ;
#8416 = AXIS2_PLACEMENT_3D ( 'NONE', #8737, #1568, #3233 ) ;
#8417 = CARTESIAN_POINT ( 'NONE',  ( -2.772507285834732826, 13.39185498276265918, 104.6442684395532297 ) ) ;
#8418 = FACE_OUTER_BOUND ( 'NONE', #1433, .T. ) ;
#8419 = CARTESIAN_POINT ( 'NONE',  ( 4.814974847353187926, 9.575081128815185139, 104.2784239284725203 ) ) ;
#8420 = ORIENTED_EDGE ( 'NONE', *, *, #1246, .T. ) ;
#8421 = DIRECTION ( 'NONE',  ( 1.000000000000000000, 0.000000000000000000, 0.000000000000000000 ) ) ;
#8422 = VECTOR ( 'NONE', #9961, 1000.000000000000114 ) ;
#8423 = ADVANCED_FACE ( 'NONE', ( #2497 ), #9721, .F. ) ;
#8424 = CARTESIAN_POINT ( 'NONE',  ( -3.757438380699744229, 8.499999999999998224, 103.8500000000000085 ) ) ;
#8425 = ORIENTED_EDGE ( 'NONE', *, *, #8356, .F. ) ;
#8426 = LINE ( 'NONE', #340, #4951 ) ;
#8427 = ORIENTED_EDGE ( 'NONE', *, *, #6387, .F. ) ;
#8428 = PLANE ( 'NONE',  #1116 ) ;
#8429 = CARTESIAN_POINT ( 'NONE',  ( 4.521293923512070378, 8.952689917462539171, 104.2713347571485940 ) ) ;
#8430 = VERTEX_POINT ( 'NONE', #643 ) ;
#8431 = CARTESIAN_POINT ( 'NONE',  ( 7.140878878799051144, 9.859121121200946192, 102.2796942668756373 ) ) ;
#8432 = PLANE ( 'NONE',  #1747 ) ;
#8433 = EDGE_CURVE ( 'NONE', #1107, #6752, #11488, .T. ) ;
#8434 = CARTESIAN_POINT ( 'NONE',  ( -6.424345898545828604, 9.771621615287973128, 105.4634831277299014 ) ) ;
#8435 = DIRECTION ( 'NONE',  ( 0.000000000000000000, 1.000000000000000000, 0.000000000000000000 ) ) ;
#8436 = ORIENTED_EDGE ( 'NONE', *, *, #10001, .F. ) ;
#8437 = CARTESIAN_POINT ( 'NONE',  ( 19.74999999999964473, 7.249999999999999112, 141.4242565173703667 ) ) ;
#8438 = CIRCLE ( 'NONE', #7097, 2.000000000000001776 ) ;
#8439 = B_SPLINE_CURVE_WITH_KNOTS ( 'NONE', 3,
 ( #1219, #437, #4012, #7627, #7685, #8454 ),
 .UNSPECIFIED., .F., .F.,
 ( 4, 2, 4 ),
 ( 0.000000000000000000, 0.0003975084460223998707, 0.0007950168920447997414 ),
 .UNSPECIFIED. ) ;
#8440 = ORIENTED_EDGE ( 'NONE', *, *, #6219, .T. ) ;
#8441 = ORIENTED_EDGE ( 'NONE', *, *, #9930, .T. ) ;
#8442 = DIRECTION ( 'NONE',  ( 0.000000000000000000, 0.000000000000000000, -1.000000000000000000 ) ) ;
#8443 = CARTESIAN_POINT ( 'NONE',  ( -9.999999999999998224, 4.499999999999996447, 107.6000000000000085 ) ) ;
#8444 = EDGE_CURVE ( 'NONE', #10931, #8922, #7774, .T. ) ;
#8445 = DIRECTION ( 'NONE',  ( -0.9063077870366493816, -0.4226182617407005515, -8.540177112501208526E-15 ) ) ;
#8446 = CARTESIAN_POINT ( 'NONE',  ( -8.457906091908180102, 8.542093908794198498, 103.2717324180353842 ) ) ;
#8447 = CARTESIAN_POINT ( 'NONE',  ( -5.559570702231822814, 8.696125725194812972, 105.3920051475140696 ) ) ;
#8448 = VERTEX_POINT ( 'NONE', #11437 ) ;
#8449 = ORIENTED_EDGE ( 'NONE', *, *, #6285, .F. ) ;
#8450 = CARTESIAN_POINT ( 'NONE',  ( 6.249999999999998224, 11.66512179830156448, 113.8796372244472224 ) ) ;
#8451 = CARTESIAN_POINT ( 'NONE',  ( 15.24999999999998579, 2.250000000000000000, 107.6000000000000085 ) ) ;
#8452 = DIRECTION ( 'NONE',  ( 0.000000000000000000, 0.000000000000000000, -1.000000000000000000 ) ) ;
#8453 = DIRECTION ( 'NONE',  ( 0.000000000000000000, 1.000000000000000000, 0.000000000000000000 ) ) ;
#8454 = CARTESIAN_POINT ( 'NONE',  ( 13.93168049979518130, 27.18588141109855272, 107.5242346141747731 ) ) ;
#8455 = LINE ( 'NONE', #318, #8789 ) ;
#8456 = VERTEX_POINT ( 'NONE', #1434 ) ;
#8457 = FACE_OUTER_BOUND ( 'NONE', #1543, .T. ) ;
#8458 = CARTESIAN_POINT ( 'NONE',  ( 2.970114671426915098, 13.52248198428898540, 104.1479807976064222 ) ) ;
#8459 = ORIENTED_EDGE ( 'NONE', *, *, #1951, .T. ) ;
#8460 = VERTEX_POINT ( 'NONE', #2432 ) ;
#8461 = DIRECTION ( 'NONE',  ( -1.000000000000000000, 0.000000000000000000, 4.827056628805024630E-15 ) ) ;
#8462 = DIRECTION ( 'NONE',  ( -0.7071067811865591191, 1.598181036901610427E-15, 0.7071067811865359154 ) ) ;
#8463 = FACE_OUTER_BOUND ( 'NONE', #1245, .T. ) ;
#8464 = CARTESIAN_POINT ( 'NONE',  ( 9.999999999999998224, 9.749999999999998224, 127.2934762997707310 ) ) ;
#8465 = ORIENTED_EDGE ( 'NONE', *, *, #4290, .T. ) ;
#8466 = CARTESIAN_POINT ( 'NONE',  ( 0.3905901271211917325, 18.45560053466810047, 130.5138443103235772 ) ) ;
#8467 = CARTESIAN_POINT ( 'NONE',  ( -6.972677081084062145, 9.249999999999998224, 101.6920389511839034 ) ) ;
#8468 = ORIENTED_EDGE ( 'NONE', *, *, #554, .F. ) ;
#8469 = EDGE_CURVE ( 'NONE', #9335, #3902, #3270, .T. ) ;
#8470 = CARTESIAN_POINT ( 'NONE',  ( -2.993589701952384718, 13.56444783766986006, 103.9885443782873011 ) ) ;
#8471 = ORIENTED_EDGE ( 'NONE', *, *, #10607, .F. ) ;
#8472 = CARTESIAN_POINT ( 'NONE',  ( 6.300295016482157173, 9.756468946964798050, 102.2506622619124954 ) ) ;
#8473 = EDGE_CURVE ( 'NONE', #6720, #6340, #9549, .T. ) ;
#8474 = EDGE_CURVE ( 'NONE', #4150, #6333, #1545, .T. ) ;
#8475 = ORIENTED_EDGE ( 'NONE', *, *, #8473, .T. ) ;
#8476 = CARTESIAN_POINT ( 'NONE',  ( -5.679407112273805680, 8.711135803360257057, 102.2769730618900752 ) ) ;
#8477 = VERTEX_POINT ( 'NONE', #6887 ) ;
#8478 = CARTESIAN_POINT ( 'NONE',  ( 33.75000000000054001, 2.250000000000000000, 79.62590742770457553 ) ) ;
#8479 = ORIENTED_EDGE ( 'NONE', *, *, #5679, .T. ) ;
#8480 = DIRECTION ( 'NONE',  ( 0.000000000000000000, 1.000000000000000000, 0.000000000000000000 ) ) ;
#8481 = CARTESIAN_POINT ( 'NONE',  ( 4.491610505483961902, 8.500000000000000000, 102.8988277858407940 ) ) ;
#8482 = VERTEX_POINT ( 'NONE', #10494 ) ;
#8483 = CARTESIAN_POINT ( 'NONE',  ( -19.75000000000000000, 0.000000000000000000, 105.4242565173703667 ) ) ;
#8484 = DIRECTION ( 'NONE',  ( 0.000000000000000000, 1.000000000000000000, 0.000000000000000000 ) ) ;
#8485 = CARTESIAN_POINT ( 'NONE',  ( -1.983322980379338407, 13.97556618747106150, 102.4266106330411219 ) ) ;
#8486 = CARTESIAN_POINT ( 'NONE',  ( 13.81229565574032847, 27.24155147814896338, 100.2026539656155819 ) ) ;
#8487 = DIRECTION ( 'NONE',  ( 0.000000000000000000, 0.000000000000000000, 1.000000000000000000 ) ) ;
#8488 = ADVANCED_FACE ( 'NONE', ( #2382 ), #6000, .T. ) ;
#8489 = VERTEX_POINT ( 'NONE', #9951 ) ;
#8490 = FACE_OUTER_BOUND ( 'NONE', #1278, .T. ) ;
#8491 = EDGE_CURVE ( 'NONE', #6475, #4596, #2662, .T. ) ;
#8492 = B_SPLINE_CURVE_WITH_KNOTS ( 'NONE', 3,
 ( #7006, #4289, #7897, #1557, #7788, #5063, #9736, #1497, #5956, #3168, #5123, #3394, #9561, #11392, #5184, #11327, #8791, #710 ),
 .UNSPECIFIED., .F., .F.,
 ( 4, 2, 2, 2, 2, 2, 2, 2, 4 ),
 ( 0.000000000000000000, 0.1250000000000000000, 0.2500000000000000000, 0.3750000000000000000, 0.5000000000000000000, 0.6250000000000000000, 0.7500000000000000000, 0.8750000000000000000, 1.000000000000000000 ),
 .UNSPECIFIED. ) ;
#8493 = ORIENTED_EDGE ( 'NONE', *, *, #3183, .F. ) ;
#8494 = EDGE_LOOP ( 'NONE', ( #341, #7792, #3470, #3893 ) ) ;
#8495 = DIRECTION ( 'NONE',  ( 0.000000000000000000, 0.000000000000000000, 1.000000000000000000 ) ) ;
#8496 = CARTESIAN_POINT ( 'NONE',  ( -11.99999999998817479, 2.250000000000000000, 154.5000000000000568 ) ) ;
#8497 = DIRECTION ( 'NONE',  ( 0.4226182617407009956, -0.9063077870366493816, -0.000000000000000000 ) ) ;
#8498 = CARTESIAN_POINT ( 'NONE',  ( -14.50221515314512288, 28.40939692359802038, 102.4084296756661701 ) ) ;
#8499 = LINE ( 'NONE', #1146, #8590 ) ;
#8500 = ORIENTED_EDGE ( 'NONE', *, *, #6705, .F. ) ;
#8501 = VECTOR ( 'NONE', #816, 1000.000000000000000 ) ;
#8502 = EDGE_CURVE ( 'NONE', #5672, #4165, #2842, .T. ) ;
#8503 = ADVANCED_FACE ( 'NONE', ( #11606 ), #10665, .T. ) ;
#8504 = ORIENTED_EDGE ( 'NONE', *, *, #1330, .F. ) ;
#8505 = SURFACE_STYLE_USAGE ( .BOTH. , #2503 ) ;
#8506 = AXIS2_PLACEMENT_3D ( 'NONE', #1565, #10685, #9793 ) ;
#8507 = CARTESIAN_POINT ( 'NONE',  ( -15.29114218035016037, 26.55195401848749981, 100.1757653858252439 ) ) ;
#8508 = CARTESIAN_POINT ( 'NONE',  ( 13.93168049979517953, 27.18588141109854917, 163.0000000000001421 ) ) ;
#8509 = DIRECTION ( 'NONE',  ( 1.000000000000000000, 0.000000000000000000, 0.000000000000000000 ) ) ;
#8510 = VECTOR ( 'NONE', #7594, 999.9999999999998863 ) ;
#8511 = CARTESIAN_POINT ( 'NONE',  ( -16.25000000000000000, 14.53030822565386337, 138.8414722278378406 ) ) ;
#8512 = LINE ( 'NONE', #3176, #9363 ) ;
#8513 = ORIENTED_EDGE ( 'NONE', *, *, #7183, .F. ) ;
#8514 = LINE ( 'NONE', #6742, #10294 ) ;
#8515 = CARTESIAN_POINT ( 'NONE',  ( 2.875727749660327515, 13.44352852464730574, 104.4479448056226119 ) ) ;
#8516 = EDGE_CURVE ( 'NONE', #8922, #528, #2781, .T. ) ;
#8517 = ORIENTED_EDGE ( 'NONE', *, *, #776, .T. ) ;
#8518 = AXIS2_PLACEMENT_3D ( 'NONE', #4403, #10733, #4644 ) ;
#8519 = ORIENTED_EDGE ( 'NONE', *, *, #1473, .F. ) ;
#8520 = CARTESIAN_POINT ( 'NONE',  ( 29.37500000000053291, 2.250000000000000000, 87.59999999999999432 ) ) ;
#8521 = LINE ( 'NONE', #1516, #3693 ) ;
#8522 = FACE_OUTER_BOUND ( 'NONE', #11106, .T. ) ;
#8523 = FACE_OUTER_BOUND ( 'NONE', #6853, .T. ) ;
#8524 = ORIENTED_EDGE ( 'NONE', *, *, #9507, .F. ) ;
#8525 = CARTESIAN_POINT ( 'NONE',  ( -16.25000000000000000, 9.749999999999996447, 160.2014815911317100 ) ) ;
#8526 = CARTESIAN_POINT ( 'NONE',  ( 21.90091163631645443, 0.000000000000000000, 110.4960766834540919 ) ) ;
#8527 = ORIENTED_EDGE ( 'NONE', *, *, #2782, .T. ) ;
#8528 = AXIS2_PLACEMENT_3D ( 'NONE', #3863, #2970, #10248 ) ;
#8529 = CARTESIAN_POINT ( 'NONE',  ( -2.990307652725744170, 13.64578370008218400, 103.6795277888283380 ) ) ;
#8530 = EDGE_LOOP ( 'NONE', ( #10970, #11224, #946, #8225 ) ) ;
#8531 = CARTESIAN_POINT ( 'NONE',  ( 4.814974847353187037, 9.575081128815183362, 103.4215760715275110 ) ) ;
#8532 = VERTEX_POINT ( 'NONE', #9124 ) ;
#8533 =( BOUNDED_CURVE ( )  B_SPLINE_CURVE ( 3, ( #10744, #10149, #8025, #11632 ),
 .UNSPECIFIED., .F., .F. ) 
 B_SPLINE_CURVE_WITH_KNOTS ( ( 4, 4 ),
 ( 4.712388980384689674, 6.283185307179586232 ),
 .UNSPECIFIED. ) 
 CURVE ( )  GEOMETRIC_REPRESENTATION_ITEM ( )  RATIONAL_B_SPLINE_CURVE ( ( 1.000000000000000000, 0.8047378541243649375, 0.8047378541243649375, 1.000000000000000000 ) ) 
 REPRESENTATION_ITEM ( '' )  );
#8534 = CARTESIAN_POINT ( 'NONE',  ( 19.74999999999964473, 0.000000000000000000, 139.4242565173703667 ) ) ;
#8535 = CARTESIAN_POINT ( 'NONE',  ( -13.75000000000000178, 2.249999999999998668, 88.60000000000002274 ) ) ;
#8536 = VERTEX_POINT ( 'NONE', #1717 ) ;
#8537 = CARTESIAN_POINT ( 'NONE',  ( 29.37500000000053291, 2.250000000000000000, 77.10000000000002274 ) ) ;
#8538 = VECTOR ( 'NONE', #9885, 1000.000000000000000 ) ;
#8539 = EDGE_CURVE ( 'NONE', #3922, #11452, #1839, .T. ) ;
#8540 = CARTESIAN_POINT ( 'NONE',  ( 4.214825629337462409, 8.499999999999998224, 103.8500000000000085 ) ) ;
#8541 = ORIENTED_EDGE ( 'NONE', *, *, #625, .T. ) ;
#8542 = CARTESIAN_POINT ( 'NONE',  ( 2.595407567852425323, 14.19064781360940941, 102.4877255509786380 ) ) ;
#8543 = LINE ( 'NONE', #9544, #7814 ) ;
#8544 = CARTESIAN_POINT ( 'NONE',  ( -3.000000000000001332, 13.57507305044130952, 103.9481753193498719 ) ) ;
#8545 = FACE_OUTER_BOUND ( 'NONE', #9428, .T. ) ;
#8546 = DIRECTION ( 'NONE',  ( -0.8191520442889963505, 0.000000000000000000, 0.5735764363510396091 ) ) ;
#8547 = ORIENTED_EDGE ( 'NONE', *, *, #9647, .T. ) ;
#8548 = PLANE ( 'NONE',  #9461 ) ;
#8549 = VECTOR ( 'NONE', #6647, 1000.000000000000000 ) ;
#8550 = VECTOR ( 'NONE', #6146, 1000.000000000000000 ) ;
#8551 = AXIS2_PLACEMENT_3D ( 'NONE', #6546, #305, #2161 ) ;
#8552 = EDGE_CURVE ( 'NONE', #11036, #30, #3883, .T. ) ;
#8553 = ORIENTED_EDGE ( 'NONE', *, *, #8928, .F. ) ;
#8554 = ORIENTED_EDGE ( 'NONE', *, *, #4062, .F. ) ;
#8555 = VECTOR ( 'NONE', #7664, 1000.000000000000114 ) ;
#8556 = CARTESIAN_POINT ( 'NONE',  ( -2.000000000000000000, 2.250000000000000000, 109.8500000000000227 ) ) ;
#8557 = DIRECTION ( 'NONE',  ( -0.7071067811865516806, -0.7071067811865434649, 1.598181036901627387E-15 ) ) ;
#8558 = ADVANCED_FACE ( 'NONE', ( #5337 ), #11720, .F. ) ;
#8559 = CARTESIAN_POINT ( 'NONE',  ( -6.716770005646226949, 9.807328963797294463, 102.2259498148178523 ) ) ;
#8560 = CARTESIAN_POINT ( 'NONE',  ( 5.567395990495108471, 19.30497212419179220, 100.1000000000000227 ) ) ;
#8561 = CARTESIAN_POINT ( 'NONE',  ( 29.37500000000054357, 0.000000000000000000, 80.80000000000001137 ) ) ;
#8562 = VECTOR ( 'NONE', #10270, 1000.000000000000000 ) ;
#8563 = ORIENTED_EDGE ( 'NONE', *, *, #8615, .T. ) ;
#8564 = PLANE ( 'NONE',  #5712 ) ;
#8565 = DIRECTION ( 'NONE',  ( 0.000000000000000000, -1.000000000000000000, 0.000000000000000000 ) ) ;
#8566 = CARTESIAN_POINT ( 'NONE',  ( -11.00000000000001066, 31.94302117641175442, 94.10000000000006537 ) ) ;
#8567 = FACE_OUTER_BOUND ( 'NONE', #8572, .T. ) ;
#8568 = ORIENTED_EDGE ( 'NONE', *, *, #5377, .F. ) ;
#8569 = VECTOR ( 'NONE', #6074, 1000.000000000000000 ) ;
#8570 = DIRECTION ( 'NONE',  ( 0.000000000000000000, 0.000000000000000000, 1.000000000000000000 ) ) ;
#8571 = EDGE_CURVE ( 'NONE', #6317, #2656, #8060, .T. ) ;
#8572 = EDGE_LOOP ( 'NONE', ( #8073, #8808, #7955, #7532 ) ) ;
#8573 = DIRECTION ( 'NONE',  ( 1.119176436114068839E-16, -1.000000000000000000, 0.000000000000000000 ) ) ;
#8574 = CARTESIAN_POINT ( 'NONE',  ( 2.947587221491027254, 13.70516517550935909, 103.4538929342174498 ) ) ;
#8575 = CIRCLE ( 'NONE', #8001, 2.000000000000001776 ) ;
#8576 = ORIENTED_EDGE ( 'NONE', *, *, #9141, .T. ) ;
#8577 = VECTOR ( 'NONE', #1522, 1000.000000000000227 ) ;
#8578 = ORIENTED_EDGE ( 'NONE', *, *, #9280, .T. ) ;
#8579 = CARTESIAN_POINT ( 'NONE',  ( 1.500000000000000222, 13.99573097773734709, 102.3500000000000227 ) ) ;
#8580 = PLANE ( 'NONE',  #9186 ) ;
#8581 = DIRECTION ( 'NONE',  ( -0.9492526364575638587, 0.000000000000000000, -0.3145145977190313968 ) ) ;
#8582 = VERTEX_POINT ( 'NONE', #4504 ) ;
#8583 = CARTESIAN_POINT ( 'NONE',  ( -8.070729919235498429, 9.010655574683386959, 103.6935623835918676 ) ) ;
#8584 = CARTESIAN_POINT ( 'NONE',  ( -16.10352159634808089, 27.11100650659829725, 163.0000000000001421 ) ) ;
#8585 = EDGE_LOOP ( 'NONE', ( #3180, #9844, #737, #5766 ) ) ;
#8586 = DIRECTION ( 'NONE',  ( 0.000000000000000000, 0.000000000000000000, -1.000000000000000000 ) ) ;
#8587 = EDGE_CURVE ( 'NONE', #8456, #10042, #2855, .T. ) ;
#8588 = ORIENTED_EDGE ( 'NONE', *, *, #1518, .T. ) ;
#8590 = VECTOR ( 'NONE', #253, 1000.000000000000000 ) ;
#8589 = CARTESIAN_POINT ( 'NONE',  ( 4.790849562215075075, 9.572134940562719407, 103.5059361153430189 ) ) ;
#8591 = VERTEX_POINT ( 'NONE', #3500 ) ;
#8592 = CARTESIAN_POINT ( 'NONE',  ( -14.29090602227477724, 27.95624303007970468, 163.0000000000001421 ) ) ;
#8593 = CARTESIAN_POINT ( 'NONE',  ( -13.25000000000000178, 2.249999999999998668, 88.60000000000002274 ) ) ;
#8594 = ORIENTED_EDGE ( 'NONE', *, *, #11662, .T. ) ;
#8595 = AXIS2_PLACEMENT_3D ( 'NONE', #200, #5791, #7450 ) ;
#8596 = DIRECTION ( 'NONE',  ( 0.000000000000000000, -0.000000000000000000, 1.000000000000000000 ) ) ;
#8597 = CARTESIAN_POINT ( 'NONE',  ( 4.731279135865206875, 8.500000000000000000, 102.5957660710353565 ) ) ;
#8598 = ORIENTED_EDGE ( 'NONE', *, *, #1558, .F. ) ;
#8599 = CARTESIAN_POINT ( 'NONE',  ( 17.99999999999998934, 7.249999999999999112, 89.43550806100932959 ) ) ;
#8600 = LINE ( 'NONE', #10371, #5171 ) ;
#8601 = CARTESIAN_POINT ( 'NONE',  ( -2.841710573445577204, 14.13606562339511719, 102.7339299005267037 ) ) ;
#8602 = AXIS2_PLACEMENT_3D ( 'NONE', #11065, #6571, #10177 ) ;
#8603 = CARTESIAN_POINT ( 'NONE',  ( -6.675031479435041604, 9.802229243416233473, 105.4748967261031254 ) ) ;
#8604 = DIRECTION ( 'NONE',  ( 0.000000000000000000, 0.000000000000000000, 1.000000000000000000 ) ) ;
#8605 = ORIENTED_EDGE ( 'NONE', *, *, #7785, .T. ) ;
#8606 = DIRECTION ( 'NONE',  ( 0.000000000000000000, -1.000000000000000000, 0.000000000000000000 ) ) ;
#8607 = AXIS2_PLACEMENT_3D ( 'NONE', #8316, #3114, #7552 ) ;
#8608 = VERTEX_POINT ( 'NONE', #757 ) ;
#8609 = FACE_OUTER_BOUND ( 'NONE', #8585, .T. ) ;
#8610 = ORIENTED_EDGE ( 'NONE', *, *, #6592, .F. ) ;
#8611 = CARTESIAN_POINT ( 'NONE',  ( 17.44999999998816875, 0.000000000000000000, 155.5000000000001990 ) ) ;
#8612 = VECTOR ( 'NONE', #2090, 1000.000000000000000 ) ;
#8613 = B_SPLINE_CURVE_WITH_KNOTS ( 'NONE', 3,
 ( #2922, #10263, #2854, #11090, #3991, #3106 ),
 .UNSPECIFIED., .F., .F.,
 ( 4, 2, 4 ),
 ( 0.000000000000000000, 0.0003975084460223953170, 0.0007950168920447906341 ),
 .UNSPECIFIED. ) ;
#8614 = DIRECTION ( 'NONE',  ( 8.659560562354969836E-17, 0.7071067811865444641, -0.7071067811865505703 ) ) ;
#8615 = EDGE_CURVE ( 'NONE', #2134, #4530, #9011, .T. ) ;
#8616 = CARTESIAN_POINT ( 'NONE',  ( -6.711388241811661715, 9.806671794839646239, 102.2257993806539815 ) ) ;
#8617 = FACE_OUTER_BOUND ( 'NONE', #10403, .T. ) ;
#8618 = CARTESIAN_POINT ( 'NONE',  ( 29.37500000000054357, 2.250000000000000000, 123.5000000000000711 ) ) ;
#8619 = AXIS2_PLACEMENT_3D ( 'NONE', #7099, #3664, #9110 ) ;
#8620 = EDGE_CURVE ( 'NONE', #6082, #9402, #10719, .T. ) ;
#8621 = ORIENTED_EDGE ( 'NONE', *, *, #7412, .F. ) ;
#8622 = CARTESIAN_POINT ( 'NONE',  ( 6.675031479434471393, 9.802229243415226279, 102.2251032738968775 ) ) ;
#8623 = AXIS2_PLACEMENT_3D ( 'NONE', #4602, #6609, #9216 ) ;
#8624 = DIRECTION ( 'NONE',  ( 0.000000000000000000, 0.000000000000000000, -1.000000000000000000 ) ) ;
#8625 = CARTESIAN_POINT ( 'NONE',  ( -7.561842392553577596, 9.438157607446422404, 102.4286263163022426 ) ) ;
#8626 = DIRECTION ( 'NONE',  ( -0.4226182617407008846, 0.9063077870366491595, 0.000000000000000000 ) ) ;
#8627 = DIRECTION ( 'NONE',  ( 0.000000000000000000, -0.000000000000000000, 1.000000000000000000 ) ) ;
#8628 = EDGE_LOOP ( 'NONE', ( #2480, #10458, #277, #8411 ) ) ;
#8629 = CARTESIAN_POINT ( 'NONE',  ( 7.000000000000022204, 0.000000000000000000, 2.428612866367535454E-15 ) ) ;
#8630 = CARTESIAN_POINT ( 'NONE',  ( 33.75000000000054001, 2.250000000000000000, 127.7740925722955012 ) ) ;
#8631 = EDGE_CURVE ( 'NONE', #6175, #6615, #10899, .T. ) ;
#8632 = ORIENTED_EDGE ( 'NONE', *, *, #9058, .F. ) ;
#8633 = EDGE_CURVE ( 'NONE', #8028, #6618, #9828, .T. ) ;
#8634 = VERTEX_POINT ( 'NONE', #8000 ) ;
#8635 = PLANE ( 'NONE',  #3845 ) ;
#8636 = DIRECTION ( 'NONE',  ( -0.4226182617407007736, -0.9063077870366492705, -0.000000000000000000 ) ) ;
#8637 = CARTESIAN_POINT ( 'NONE',  ( -4.252687896717344707, 9.249999999999998224, 104.2197144015324000 ) ) ;
#8638 = VERTEX_POINT ( 'NONE', #7164 ) ;
#8639 = DIRECTION ( 'NONE',  ( -0.000000000000000000, 0.9762960071199324741, 0.2164396139381068174 ) ) ;
#8640 = CARTESIAN_POINT ( 'NONE',  ( -8.235745377711293003, 9.249999999999998224, 105.4872244913808714 ) ) ;
#8641 = ORIENTED_EDGE ( 'NONE', *, *, #451, .T. ) ;
#8642 = CARTESIAN_POINT ( 'NONE',  ( 16.22516882465090049, 21.45637587167328419, 101.6533008588991152 ) ) ;
#8643 = EDGE_CURVE ( 'NONE', #7090, #11150, #10006, .T. ) ;
#8644 = EDGE_LOOP ( 'NONE', ( #4053, #8750, #5020, #6867 ) ) ;
#8645 = CARTESIAN_POINT ( 'NONE',  ( 6.845197260189666899, 9.249999999999996447, 106.0204042370412481 ) ) ;
#8646 = EDGE_CURVE ( 'NONE', #5390, #9762, #1783, .T. ) ;
#8647 = ORIENTED_EDGE ( 'NONE', *, *, #4780, .F. ) ;
#8648 = CARTESIAN_POINT ( 'NONE',  ( -4.461570642129411901, 8.558596015134016355, 104.5701212598198850 ) ) ;
#8649 = EDGE_CURVE ( 'NONE', #9760, #6888, #884, .T. ) ;
#8650 = LINE ( 'NONE', #6760, #706 ) ;
#8651 = ORIENTED_EDGE ( 'NONE', *, *, #11160, .F. ) ;
#8652 = CARTESIAN_POINT ( 'NONE',  ( -1.250000000000043299, 2.250000000000000000, 6.195440985631666338E-16 ) ) ;
#8653 = CARTESIAN_POINT ( 'NONE',  ( 14.61141134007266906, 26.86891771479302449, 103.8500000000000085 ) ) ;
#8654 = ORIENTED_EDGE ( 'NONE', *, *, #6086, .F. ) ;
#8655 = LINE ( 'NONE', #2374, #10048 ) ;
#8656 = DIRECTION ( 'NONE',  ( 0.000000000000000000, 0.000000000000000000, -1.000000000000000000 ) ) ;
#8657 = CARTESIAN_POINT ( 'NONE',  ( 6.508310854374770749, 9.781872352505095236, 105.4703712011532417 ) ) ;
#8658 = CARTESIAN_POINT ( 'NONE',  ( 13.68983573714720769, 27.85034443548722649, 100.3144660940672992 ) ) ;
#8659 = DIRECTION ( 'NONE',  ( 0.000000000000000000, 0.000000000000000000, -1.000000000000000000 ) ) ;
#8660 = ORIENTED_EDGE ( 'NONE', *, *, #7907, .T. ) ;
#8661 = LINE ( 'NONE', #6995, #2447 ) ;
#8662 = ORIENTED_EDGE ( 'NONE', *, *, #11029, .F. ) ;
#8663 = CARTESIAN_POINT ( 'NONE',  ( 7.586445408315293015, 8.500000000000000000, 105.3590961372550083 ) ) ;
#8664 = CARTESIAN_POINT ( 'NONE',  ( -9.359845887173056767, 8.666359751370459108, 134.2125577275538149 ) ) ;
#8665 = ORIENTED_EDGE ( 'NONE', *, *, #4556, .T. ) ;
#8666 = DIRECTION ( 'NONE',  ( -0.000000000000000000, -0.000000000000000000, -1.000000000000000000 ) ) ;
#8667 = CARTESIAN_POINT ( 'NONE',  ( 8.749999999999998224, 8.748812990946627011, 136.5914722278378406 ) ) ;
#8668 = CARTESIAN_POINT ( 'NONE',  ( -6.947343510775231046, 9.835486310721725189, 102.2447529200095033 ) ) ;
#8669 = CARTESIAN_POINT ( 'NONE',  ( 26.00112609145443088, 2.250000000000000000, 148.0463266998052632 ) ) ;
#8670 = PLANE ( 'NONE',  #11332 ) ;
#8671 = ORIENTED_EDGE ( 'NONE', *, *, #787, .T. ) ;
#8672 = CARTESIAN_POINT ( 'NONE',  ( 6.270902174411373764, 9.752879785334918950, 102.2579234393837453 ) ) ;
#8673 = ADVANCED_FACE ( 'NONE', ( #223 ), #8333, .F. ) ;
#8674 = DIRECTION ( 'NONE',  ( -0.000000000000000000, -1.000000000000000000, -0.000000000000000000 ) ) ;
#8675 = CARTESIAN_POINT ( 'NONE',  ( -8.082333461660088147, 8.917666538339894089, 104.3349962541393694 ) ) ;
#8676 = CARTESIAN_POINT ( 'NONE',  ( 6.249999999999998224, 13.96768987689090302, 109.2687067062699384 ) ) ;
#8677 = DIRECTION ( 'NONE',  ( -0.4226182617407058251, 0.9063077870366469391, 0.000000000000000000 ) ) ;
#8678 = DIRECTION ( 'NONE',  ( -0.5735764363510472696, 0.000000000000000000, 0.8191520442889909104 ) ) ;
#8679 = ORIENTED_EDGE ( 'NONE', *, *, #2105, .F. ) ;
#8680 = CARTESIAN_POINT ( 'NONE',  ( -3.757438380699743341, 8.499999999999996447, 103.7067055625060874 ) ) ;
#8681 = ADVANCED_FACE ( 'NONE', ( #8353 ), #7472, .F. ) ;
#8682 = CARTESIAN_POINT ( 'NONE',  ( 2.999999999999988898, 7.249999999999999112, 89.43550806100923012 ) ) ;
#8683 = VERTEX_POINT ( 'NONE', #3735 ) ;
#8684 = VECTOR ( 'NONE', #9342, 1000.000000000000000 ) ;
#8685 = ORIENTED_EDGE ( 'NONE', *, *, #3331, .T. ) ;
#8686 = CARTESIAN_POINT ( 'NONE',  ( 1.499999999999999556, 14.17856173447226631, 102.2032628042146314 ) ) ;
#8687 = DIRECTION ( 'NONE',  ( 0.000000000000000000, 0.000000000000000000, 1.000000000000000000 ) ) ;
#8688 = VECTOR ( 'NONE', #2655, 1000.000000000000114 ) ;
#8689 = CARTESIAN_POINT ( 'NONE',  ( 33.75000000000054001, 2.250000000000000000, 85.07409257229544153 ) ) ;
#8690 = ORIENTED_EDGE ( 'NONE', *, *, #10292, .F. ) ;
#8691 = CARTESIAN_POINT ( 'NONE',  ( -7.998399423212878112, 9.001600576784250407, 103.3869744587013741 ) ) ;
#8692 = PLANE ( 'NONE',  #5121 ) ;
#8693 = ORIENTED_EDGE ( 'NONE', *, *, #10237, .T. ) ;
#8694 = DIRECTION ( 'NONE',  ( -0.5735764363510429398, 0.000000000000000000, 0.8191520442889941300 ) ) ;
#8695 = ORIENTED_EDGE ( 'NONE', *, *, #8261, .T. ) ;
#8696 = VECTOR ( 'NONE', #9675, 1000.000000000000000 ) ;
#8697 = CARTESIAN_POINT ( 'NONE',  ( 6.461632481551532692, 9.249999999999996447, 106.0206444718810417 ) ) ;
#8698 = VERTEX_POINT ( 'NONE', #2078 ) ;
#8699 = EDGE_CURVE ( 'NONE', #2202, #1846, #1119, .T. ) ;
#8700 = CARTESIAN_POINT ( 'NONE',  ( -5.218841024099008408, 8.653447718566710023, 105.2602266787836385 ) ) ;
#8701 = LINE ( 'NONE', #2250, #4841 ) ;
#8702 = AXIS2_PLACEMENT_3D ( 'NONE', #1411, #5033, #795 ) ;
#8703 = CARTESIAN_POINT ( 'NONE',  ( -3.773010006834381258, 8.500000000000000000, 103.5634170566978440 ) ) ;
#8704 = VERTEX_POINT ( 'NONE', #9187 ) ;
#8705 = DIRECTION ( 'NONE',  ( 0.000000000000000000, 0.000000000000000000, -1.000000000000000000 ) ) ;
#8706 = DIRECTION ( 'NONE',  ( 1.000000000000000000, -0.000000000000000000, -0.000000000000000000 ) ) ;
#8707 = ORIENTED_EDGE ( 'NONE', *, *, #4364, .T. ) ;
#8708 = CARTESIAN_POINT ( 'NONE',  ( 3.280974458441707764, 13.82379456848789623, 104.1424936033441924 ) ) ;
#8709 = DIRECTION ( 'NONE',  ( -0.1004173024523231234, 0.2153456000479074817, -0.9713612293622828631 ) ) ;
#8710 = CARTESIAN_POINT ( 'NONE',  ( 6.288129189910558914, 9.754983522717420641, 105.4450238460498923 ) ) ;
#8711 = CARTESIAN_POINT ( 'NONE',  ( -21.35344314932018506, 2.250000000000000000, 156.6000000000001933 ) ) ;
#8712 = LINE ( 'NONE', #9433, #8967 ) ;
#8713 = ORIENTED_EDGE ( 'NONE', *, *, #1671, .T. ) ;
#8714 = EDGE_CURVE ( 'NONE', #886, #7636, #8901, .T. ) ;
#8715 = DIRECTION ( 'NONE',  ( -0.000000000000000000, 0.000000000000000000, -1.000000000000000000 ) ) ;
#8716 = AXIS2_PLACEMENT_3D ( 'NONE', #2466, #6088, #1579 ) ;
#8717 = AXIS2_PLACEMENT_3D ( 'NONE', #1948, #7341, #100 ) ;
#8718 = ORIENTED_EDGE ( 'NONE', *, *, #7456, .T. ) ;
#8719 = CARTESIAN_POINT ( 'NONE',  ( 6.034888035674174311, 8.499999999999996447, 101.9642567196938074 ) ) ;
#8720 = DIRECTION ( 'NONE',  ( 0.000000000000000000, -1.000000000000000000, 0.000000000000000000 ) ) ;
#8721 = ORIENTED_EDGE ( 'NONE', *, *, #8830, .F. ) ;
#8722 = DIRECTION ( 'NONE',  ( 0.000000000000000000, 1.000000000000000000, 0.000000000000000000 ) ) ;
#8723 = CARTESIAN_POINT ( 'NONE',  ( 9.999999999999998224, 8.448479721469167814, 134.1642548878282355 ) ) ;
#8724 = ADVANCED_FACE ( 'NONE', ( #5695 ), #161, .F. ) ;
#8725 = AXIS2_PLACEMENT_3D ( 'NONE', #1350, #2359, #503 ) ;
#8726 = CARTESIAN_POINT ( 'NONE',  ( -6.134040779201431981, 9.736168028140122388, 102.2863354415198813 ) ) ;
#8727 = CARTESIAN_POINT ( 'NONE',  ( -50.83982665965005054, 0.000000000000000000, 35.59842986836174106 ) ) ;
#8728 = CONICAL_SURFACE ( 'NONE', #11368, 1.549999999999995826, 0.7853981633974526089 ) ;
#8729 = DIRECTION ( 'NONE',  ( 0.000000000000000000, -1.000000000000000000, 0.000000000000000000 ) ) ;
#8730 = VECTOR ( 'NONE', #9668, 1000.000000000000000 ) ;
#8731 = EDGE_LOOP ( 'NONE', ( #3160, #2696, #4467, #6057, #8273 ) ) ;
#8732 = AXIS2_PLACEMENT_3D ( 'NONE', #10016, #8961, #1902 ) ;
#8733 = CARTESIAN_POINT ( 'NONE',  ( 6.032230184530823713, 9.723733633279666222, 102.3136095764924249 ) ) ;
#8734 = CARTESIAN_POINT ( 'NONE',  ( -15.99999999999998579, 2.250000000000000444, 89.43550806100932959 ) ) ;
#8735 = LINE ( 'NONE', #9512, #8387 ) ;
#8736 = DIRECTION ( 'NONE',  ( -0.000000000000000000, -1.000000000000000000, -0.000000000000000000 ) ) ;
#8737 = CARTESIAN_POINT ( 'NONE',  ( -1.749999999999999778, 0.000000000000000000, 88.60000000000002274 ) ) ;
#8738 = AXIS2_PLACEMENT_3D ( 'NONE', #983, #6442, #10047 ) ;
#8739 = CARTESIAN_POINT ( 'NONE',  ( -8.093874960433376842, 8.500000000000000000, 102.5145087344968431 ) ) ;
#8740 = LINE ( 'NONE', #7737, #3068 ) ;
#8741 = ORIENTED_EDGE ( 'NONE', *, *, #10721, .F. ) ;
#8742 = ORIENTED_EDGE ( 'NONE', *, *, #498, .T. ) ;
#8743 = ADVANCED_FACE ( 'NONE', ( #10068 ), #3923, .T. ) ;
#8744 = DIRECTION ( 'NONE',  ( 0.000000000000000000, -1.000000000000000000, 0.000000000000000000 ) ) ;
#8745 = CARTESIAN_POINT ( 'NONE',  ( -26.50000000000052935, 2.250000000000000000, 87.60000000000000853 ) ) ;
#8746 = VECTOR ( 'NONE', #10967, 1000.000000000000000 ) ;
#8747 = CARTESIAN_POINT ( 'NONE',  ( -5.751089780637764548, 9.249999999999998224, 105.8989311217181779 ) ) ;
#8748 = FACE_OUTER_BOUND ( 'NONE', #1124, .T. ) ;
#8749 = DIRECTION ( 'NONE',  ( -0.000000000000000000, -1.000000000000000000, -0.000000000000000000 ) ) ;
#8750 = ORIENTED_EDGE ( 'NONE', *, *, #1216, .F. ) ;
#8751 = DIRECTION ( 'NONE',  ( 0.5735764363510474917, 0.000000000000000000, -0.8191520442889909104 ) ) ;
#8752 = VERTEX_POINT ( 'NONE', #2020 ) ;
#8753 = VECTOR ( 'NONE', #5600, 1000.000000000000000 ) ;
#8754 = CARTESIAN_POINT ( 'NONE',  ( 4.464140169099165334, 9.249999999999996447, 102.9497434806202563 ) ) ;
#8755 = EDGE_CURVE ( 'NONE', #263, #4851, #10956, .T. ) ;
#8756 = CIRCLE ( 'NONE', #10649, 1.999999999999974021 ) ;
#8757 = ORIENTED_EDGE ( 'NONE', *, *, #4290, .F. ) ;
#8758 = EDGE_CURVE ( 'NONE', #7650, #9864, #5596, .T. ) ;
#8759 = CIRCLE ( 'NONE', #10835, 1.000000000000014655 ) ;
#8760 = ADVANCED_FACE ( 'NONE', ( #7528 ), #4685, .F. ) ;
#8761 = SURFACE_STYLE_USAGE ( .BOTH. , #10652 ) ;
#8762 = DIRECTION ( 'NONE',  ( 0.000000000000000000, -1.000000000000000000, 0.000000000000000000 ) ) ;
#8763 = ADVANCED_FACE ( 'NONE', ( #11016 ), #2909, .F. ) ;
#8764 = FACE_OUTER_BOUND ( 'NONE', #2831, .T. ) ;
#8765 = VECTOR ( 'NONE', #5666, 1000.000000000000000 ) ;
#8766 = CARTESIAN_POINT ( 'NONE',  ( 8.500000000000010658, 8.499999999999984013, 163.0000000000001421 ) ) ;
#8767 = ORIENTED_EDGE ( 'NONE', *, *, #148, .F. ) ;
#8768 = CARTESIAN_POINT ( 'NONE',  ( 19.74999999999973355, 0.000000000000000000, 132.9242565173703383 ) ) ;
#8769 = CARTESIAN_POINT ( 'NONE',  ( -26.50000000000052935, 2.250000000000000000, 87.60000000000000853 ) ) ;
#8770 = ORIENTED_EDGE ( 'NONE', *, *, #9781, .T. ) ;
#8771 = DIRECTION ( 'NONE',  ( -1.000000000000000000, 0.000000000000000000, 0.000000000000000000 ) ) ;
#8772 = CARTESIAN_POINT ( 'NONE',  ( -11.99999999998817479, 0.000000000000000000, 155.5000000000000284 ) ) ;
#8773 = CARTESIAN_POINT ( 'NONE',  ( 6.899717522094066524, 9.829670510159102648, 105.4613048638988317 ) ) ;
#8774 = CARTESIAN_POINT ( 'NONE',  ( 5.053967928246652086, 9.250000000000000000, 102.1861920919531315 ) ) ;
#8775 = DIRECTION ( 'NONE',  ( -0.9063077870366493816, -0.4226182617407005515, -2.562053133750362558E-14 ) ) ;
#8776 = ORIENTED_EDGE ( 'NONE', *, *, #3720, .T. ) ;
#8777 = DIRECTION ( 'NONE',  ( 0.000000000000000000, 0.000000000000000000, 1.000000000000000000 ) ) ;
#8778 = ADVANCED_FACE ( 'NONE', ( #10930 ), #5550, .F. ) ;
#8779 = CIRCLE ( 'NONE', #5370, 1.000000000000000888 ) ;
#8780 = ADVANCED_FACE ( 'NONE', ( #83 ), #11591, .T. ) ;
#8781 = ORIENTED_EDGE ( 'NONE', *, *, #6655, .F. ) ;
#8782 = CARTESIAN_POINT ( 'NONE',  ( 4.731279135865203322, 8.499999999999996447, 105.1042339289646748 ) ) ;
#8783 = DIRECTION ( 'NONE',  ( 0.000000000000000000, 0.000000000000000000, 1.000000000000000000 ) ) ;
#8784 = ADVANCED_FACE ( 'NONE', ( #5146 ), #619, .T. ) ;
#8785 = DIRECTION ( 'NONE',  ( -0.7155364601818562376, -0.6820163629766543556, -0.1511993875070771209 ) ) ;
#8786 = ORIENTED_EDGE ( 'NONE', *, *, #9694, .T. ) ;
#8787 = DIRECTION ( 'NONE',  ( 0.000000000000000000, 1.000000000000000000, 0.000000000000000000 ) ) ;
#8788 = DIRECTION ( 'NONE',  ( 1.540743955509788682E-31, 0.2164396139381068729, -0.9762960071199324741 ) ) ;
#8789 = VECTOR ( 'NONE', #6679, 1000.000000000000000 ) ;
#8790 = CARTESIAN_POINT ( 'NONE',  ( -5.013707646590718880, 9.599357221645149707, 103.0245033062951023 ) ) ;
#8791 = CARTESIAN_POINT ( 'NONE',  ( -1.733792840843659810, 14.26998060482095632, 102.1298784550414496 ) ) ;
#8792 = EDGE_CURVE ( 'NONE', #5323, #9762, #9415, .T. ) ;
#8793 = DIRECTION ( 'NONE',  ( 0.000000000000000000, 1.000000000000000000, -2.260169297513790404E-15 ) ) ;
#8794 = EDGE_CURVE ( 'NONE', #11191, #6068, #1136, .T. ) ;
#8795 = ADVANCED_FACE ( 'NONE', ( #7750 ), #8692, .F. ) ;
#8796 = EDGE_LOOP ( 'NONE', ( #2179, #4302, #10102, #646, #3780, #1789, #11561, #8651 ) ) ;
#8797 = CIRCLE ( 'NONE', #8607, 2.374999999999969358 ) ;
#8798 = EDGE_CURVE ( 'NONE', #11117, #6982, #9275, .T. ) ;
#8799 = CARTESIAN_POINT ( 'NONE',  ( 6.846993968719764290, 9.823230881519625868, 102.2335159519441845 ) ) ;
#8800 = DIRECTION ( 'NONE',  ( -0.4774298500276914492, 0.000000000000000000, 0.8786698687803832231 ) ) ;
#8801 = DIRECTION ( 'NONE',  ( -0.000000000000000000, -1.000000000000000000, -0.000000000000000000 ) ) ;
#8802 = CIRCLE ( 'NONE', #81, 2.549999999999996714 ) ;
#8803 = LINE ( 'NONE', #6133, #9695 ) ;
#8804 = DIRECTION ( 'NONE',  ( 0.000000000000000000, 1.000000000000000000, 0.000000000000000000 ) ) ;
#8805 = CARTESIAN_POINT ( 'NONE',  ( -7.646687491608738618, 8.499999999999996447, 102.1092192492492217 ) ) ;
#8806 = DIRECTION ( 'NONE',  ( 1.734723475976829577E-15, 0.000000000000000000, 1.000000000000000000 ) ) ;
#8807 = VERTEX_POINT ( 'NONE', #10303 ) ;
#8808 = ORIENTED_EDGE ( 'NONE', *, *, #4578, .F. ) ;
#8809 = PLANE ( 'NONE',  #1569 ) ;
#8810 = CARTESIAN_POINT ( 'NONE',  ( 15.65036770282975453, 27.32231563746865177, 163.0000000000001421 ) ) ;
#8811 = PLANE ( 'NONE',  #1588 ) ;
#8812 = CARTESIAN_POINT ( 'NONE',  ( 29.37500000000054357, 2.250000000000000000, 130.3000000000000398 ) ) ;
#8813 = CARTESIAN_POINT ( 'NONE',  ( -11.41811907068137444, 5.823670844958764192, 103.7681190706813652 ) ) ;
#8814 = ORIENTED_EDGE ( 'NONE', *, *, #9075, .F. ) ;
#8815 = EDGE_CURVE ( 'NONE', #6621, #10534, #9245, .T. ) ;
#8816 = CARTESIAN_POINT ( 'NONE',  ( -15.25000000000002665, 5.335786437626869549, 138.8414722278378690 ) ) ;
#8817 = ORIENTED_EDGE ( 'NONE', *, *, #2890, .F. ) ;
#8818 = CARTESIAN_POINT ( 'NONE',  ( 5.378253650727470081, 9.249999999999996447, 105.6964122686651848 ) ) ;
#8819 = ORIENTED_EDGE ( 'NONE', *, *, #8633, .F. ) ;
#8820 = CARTESIAN_POINT ( 'NONE',  ( 29.37500000000053291, 2.250000000000000000, 87.59999999999999432 ) ) ;
#8821 = FACE_OUTER_BOUND ( 'NONE', #11644, .T. ) ;
#8822 = CARTESIAN_POINT ( 'NONE',  ( -5.546786789029438225, 8.500000000000000000, 101.7306579124252721 ) ) ;
#8823 = ORIENTED_EDGE ( 'NONE', *, *, #4805, .T. ) ;
#8824 = EDGE_CURVE ( 'NONE', #9729, #180, #3994, .T. ) ;
#8825 = CARTESIAN_POINT ( 'NONE',  ( 1.598175319141484696, 13.99573271869589064, 102.3499933856529509 ) ) ;
#8826 = LINE ( 'NONE', #11427, #5322 ) ;
#8827 = ORIENTED_EDGE ( 'NONE', *, *, #11489, .F. ) ;
#8828 = CARTESIAN_POINT ( 'NONE',  ( 7.906002185635155222, 9.093997814364847443, 104.7164837086754545 ) ) ;
#8829 = CARTESIAN_POINT ( 'NONE',  ( -13.89462129411448643, 28.28950847962395088, 107.3855339059327463 ) ) ;
#8830 = EDGE_CURVE ( 'NONE', #5151, #9457, #5089, .T. ) ;
#8831 = CARTESIAN_POINT ( 'NONE',  ( 6.867593707718077312, 9.825740637932923960, 105.4647923436379386 ) ) ;
#8832 = DIRECTION ( 'NONE',  ( 0.000000000000000000, 1.000000000000000000, 0.000000000000000000 ) ) ;
#8833 = CARTESIAN_POINT ( 'NONE',  ( 17.44999999998816875, 2.250000000000000000, 156.6000000000001933 ) ) ;
#8834 = ORIENTED_EDGE ( 'NONE', *, *, #6415, .F. ) ;
#8835 = DIRECTION ( 'NONE',  ( -0.000000000000000000, -1.000000000000000000, -0.000000000000000000 ) ) ;
#8836 = CARTESIAN_POINT ( 'NONE',  ( -7.336345559596708199, 9.663654440403286472, 105.5597454927645060 ) ) ;
#8837 = ORIENTED_EDGE ( 'NONE', *, *, #7887, .T. ) ;
#8838 = CARTESIAN_POINT ( 'NONE',  ( 8.336219688310320564, 8.499999999999996447, 104.3421132080201943 ) ) ;
#8839 = CARTESIAN_POINT ( 'NONE',  ( -4.750502354557109896, 9.567207725462898438, 103.8499999999999943 ) ) ;
#8840 = DIRECTION ( 'NONE',  ( 0.000000000000000000, 0.7071067811865444641, 0.7071067811865505703 ) ) ;
#8841 = VERTEX_POINT ( 'NONE', #6922 ) ;
#8842 = DIRECTION ( 'NONE',  ( 0.000000000000000000, 0.000000000000000000, -1.000000000000000000 ) ) ;
#8843 = AXIS2_PLACEMENT_3D ( 'NONE', #5386, #9000, #4617 ) ;
#8844 = EDGE_CURVE ( 'NONE', #1364, #4613, #9638, .T. ) ;
#8845 = CARTESIAN_POINT ( 'NONE',  ( 8.155797152265193972, 9.179730840277461112, 103.8500000000000085 ) ) ;
#8846 = CARTESIAN_POINT ( 'NONE',  ( -6.500941501677173662, 9.780972147494900071, 102.2301176877366942 ) ) ;
#8847 = CARTESIAN_POINT ( 'NONE',  ( -29.37500000000053291, 1.249999999999998890, 77.10000000000002274 ) ) ;
#8848 = ADVANCED_FACE ( 'NONE', ( #5980 ), #394, .T. ) ;
#8849 = FACE_OUTER_BOUND ( 'NONE', #11309, .T. ) ;
#8850 = VERTEX_POINT ( 'NONE', #3307 ) ;
#8851 = CARTESIAN_POINT ( 'NONE',  ( 6.424345897876208689, 9.771621615207239486, 102.2365168723370488 ) ) ;
#8852 = CARTESIAN_POINT ( 'NONE',  ( 18.11169591142175861, 0.000000000000000000, 134.0714093900724038 ) ) ;
#8853 = LINE ( 'NONE', #7254, #11396 ) ;
#8854 = CARTESIAN_POINT ( 'NONE',  ( 11.49999999999998934, 7.249999999999999112, 87.43550806100927275 ) ) ;
#8855 = LINE ( 'NONE', #10517, #7467 ) ;
#8856 = B_SPLINE_SURFACE_WITH_KNOTS ( 'NONE', 1, 3, ( 
 ( #1509, #8680, #4186, #9574, #723, #11570, #4299, #2579, #7017, #10630, #6912, #10460, #6850, #3467, #7962, #5969, #7079, #547, #3297, #665, #10690, #6195, #784, #8805, #5133, #2522, #8739, #6136, #4248, #10520, #7857, #9747, #3353, #4415, #7801, #2349, #6076, #9797, #1683, #1629, #11458, #610, #5305, #5248, #2403, #3235, #4355, #1456, #6962, #10570, #5078, #6019, #9628, #1083, #9031, #11631, #10863, #8081, #3703, #2871, #6488, #10981, #8259, #8198, #5478, #8024 ),
 ( #11684, #3523, #848, #4529, #2803, #10743, #10922, #7315, #5539, #6427, #1027, #4655, #8138, #8979, #7257, #2751, #4473, #3577, #9091, #10800, #1922, #7373, #128, #9151, #969, #10031, #3759, #4594, #1748, #905, #2691, #5365, #7135, #73, #7192, #10098, #5419, #3641, #6313, #1987, #5604, #2631, #9212, #12, #6371, #9917, #6249, #1809, #9857, #9972, #1860, #5782, #8447, #9504, #2043, #3822, #11158, #429, #4949, #368, #9333, #2104, #6782, #10276, #7497, #8319 ) ),
 .UNSPECIFIED., .F., .T., .F.,
 ( 2, 2 ),
 ( 4, 2, 2, 2, 2, 2, 2, 2, 2, 2, 2, 2, 2, 2, 2, 2, 2, 2, 2, 2, 2, 2, 2, 2, 2, 2, 2, 2, 2, 2, 2, 2, 4 ),
 ( 0.000000000000000000, 1.000000000000000000 ),
 ( -6.283185307179586232, -6.086835766330223940, -5.890486225480861648, -5.694136684631500245, -5.497787143782137953, -5.301437602932775661, -5.105088062083414258, -4.908738521234051966, -4.712388980384689674, -4.516039439535327382, -4.319689898685965090, -4.123340357836603687, -3.926990816987241395, -3.730641276137879103, -3.534291735288517255, -3.337942194439155408, -3.141592653589793116, -2.945243112740430824, -2.748893571891068976, -2.552544031041707129, -2.356194490192344837, -2.159844949342982545, -1.963495408493620697, -1.767145867644258628, -1.570796326794896558, -1.374446785945534488, -1.178097245096172418, -0.9817477042468103487, -0.7853981633974482790, -0.5890486225480862092, -0.3926990816987241395, -0.1963495408493620697, 0.000000000000000000 ),
 .UNSPECIFIED. ) ;
#8857 = LINE ( 'NONE', #11405, #434 ) ;
#8858 = DIRECTION ( 'NONE',  ( -0.5735764363510474917, 0.000000000000000000, 0.8191520442889909104 ) ) ;
#8859 = AXIS2_PLACEMENT_3D ( 'NONE', #3446, #48, #3554 ) ;
#8860 = EDGE_CURVE ( 'NONE', #6198, #1228, #11296, .T. ) ;
#8861 = ORIENTED_EDGE ( 'NONE', *, *, #9035, .T. ) ;
#8862 = EDGE_CURVE ( 'NONE', #8228, #9205, #4088, .T. ) ;
#8863 = ORIENTED_EDGE ( 'NONE', *, *, #1087, .F. ) ;
#8864 = ORIENTED_EDGE ( 'NONE', *, *, #64, .T. ) ;
#8865 = CARTESIAN_POINT ( 'NONE',  ( 8.155797152265193972, 9.179730840277461112, 103.8500000000000085 ) ) ;
#8866 = CARTESIAN_POINT ( 'NONE',  ( 54.83352029799015526, 2.250000000000000000, 38.39484425922751143 ) ) ;
#8867 = CARTESIAN_POINT ( 'NONE',  ( -47.56321848249422857, 0.000000000000000000, 33.30412412295780911 ) ) ;
#8868 = CARTESIAN_POINT ( 'NONE',  ( -6.570612033729096524, 21.45637587167328064, 121.1993297625707697 ) ) ;
#8869 = DIRECTION ( 'NONE',  ( -0.4226182617407010511, -0.9063077870366493816, -1.110223024625156540E-16 ) ) ;
#8870 = ORIENTED_EDGE ( 'NONE', *, *, #9490, .T. ) ;
#8871 = LINE ( 'NONE', #4202, #11215 ) ;
#8872 = ADVANCED_FACE ( 'NONE', ( #2295 ), #9529, .F. ) ;
#8873 = VERTEX_POINT ( 'NONE', #6259 ) ;
#8874 = CARTESIAN_POINT ( 'NONE',  ( 5.488751430221421757, 9.249999999999996447, 105.7553560474405003 ) ) ;
#8875 = ORIENTED_EDGE ( 'NONE', *, *, #6155, .T. ) ;
#8876 = VECTOR ( 'NONE', #6983, 1000.000000000000000 ) ;
#8877 = CIRCLE ( 'NONE', #4720, 1.000000000000000888 ) ;
#8878 = PRODUCT_CONTEXT ( 'NONE', #2377, 'mechanical' ) ;
#8879 = LINE ( 'NONE', #4264, #7557 ) ;
#8880 = CARTESIAN_POINT ( 'NONE',  ( -15.92708008015786980, 1.072919919842145520, 100.1000000000000227 ) ) ;
#8881 = LINE ( 'NONE', #748, #6036 ) ;
#8882 = ORIENTED_EDGE ( 'NONE', *, *, #8631, .F. ) ;
#8883 = CARTESIAN_POINT ( 'NONE',  ( 1.500000000000000666, 13.99573097772450403, 102.3500000000000227 ) ) ;
#8884 = CARTESIAN_POINT ( 'NONE',  ( -16.15036770283172274, 27.32231563747103209, 104.9422663175757151 ) ) ;
#8885 = EDGE_LOOP ( 'NONE', ( #2822, #6079, #3363, #8741 ) ) ;
#8886 = CARTESIAN_POINT ( 'NONE',  ( 8.332423018735481079, 8.667576981264430103, 104.0538641530501991 ) ) ;
#8887 = AXIS2_PLACEMENT_3D ( 'NONE', #260, #1155, #2050 ) ;
#8888 = CARTESIAN_POINT ( 'NONE',  ( -3.536509025292390973, 14.94972097254192178, 119.4431798448437405 ) ) ;
#8889 = CARTESIAN_POINT ( 'NONE',  ( 6.499028989732592798, 9.780738505357527757, 105.4697542922010030 ) ) ;
#8890 = VECTOR ( 'NONE', #5399, 1000.000000000000000 ) ;
#8891 = CARTESIAN_POINT ( 'NONE',  ( 20.26260754773842621, 7.249999999999999112, 120.1432295561562142 ) ) ;
#8892 = CARTESIAN_POINT ( 'NONE',  ( 7.672924655303901886, 9.327075344696091008, 105.0878989946472046 ) ) ;
#8893 = AXIS2_PLACEMENT_3D ( 'NONE', #8247, #4464, #7362 ) ;
#8894 = LINE ( 'NONE', #11609, #9826 ) ;
#8895 = VERTEX_POINT ( 'NONE', #7203 ) ;
#8896 = DIRECTION ( 'NONE',  ( 0.000000000000000000, 0.000000000000000000, -1.000000000000000000 ) ) ;
#8897 = DIRECTION ( 'NONE',  ( 8.673617379884036705E-17, -1.000000000000000000, 0.000000000000000000 ) ) ;
#8898 = VERTEX_POINT ( 'NONE', #2587 ) ;
#8899 = DIRECTION ( 'NONE',  ( -0.4226182617407010511, 0.9063077870366493816, 1.110223024625156540E-16 ) ) ;
#8900 = CARTESIAN_POINT ( 'NONE',  ( 11.49999999999998934, 2.250000000000000444, 87.43550806100927275 ) ) ;
#8901 = CIRCLE ( 'NONE', #1140, 1.500000000000001332 ) ;
#8902 = CARTESIAN_POINT ( 'NONE',  ( -6.499028989765184505, 9.780738505361235013, 102.2302457077967119 ) ) ;
#8903 = CARTESIAN_POINT ( 'NONE',  ( 4.750502354557077034, 9.567207725462825607, 103.8500000000000085 ) ) ;
#8904 = ORIENTED_EDGE ( 'NONE', *, *, #3047, .T. ) ;
#8905 = DIRECTION ( 'NONE',  ( 0.000000000000000000, 0.000000000000000000, 1.000000000000000000 ) ) ;
#8906 = EDGE_CURVE ( 'NONE', #1521, #10304, #5315, .T. ) ;
#8907 = ORIENTED_EDGE ( 'NONE', *, *, #1751, .T. ) ;
#8908 = EDGE_CURVE ( 'NONE', #5376, #3356, #10044, .T. ) ;
#8909 = ORIENTED_EDGE ( 'NONE', *, *, #4226, .F. ) ;
#8910 = PLANE ( 'NONE',  #9851 ) ;
#8911 = VECTOR ( 'NONE', #4736, 1000.000000000000114 ) ;
#8912 = CARTESIAN_POINT ( 'NONE',  ( -4.000000000000000888, 31.94302117641175442, 96.10000000000006537 ) ) ;
#8913 = PLANE ( 'NONE',  #10837 ) ;
#8914 = DIRECTION ( 'NONE',  ( -0.5305617196240733913, 0.6610662019337341100, -0.5305617196240730582 ) ) ;
#8915 = EDGE_CURVE ( 'NONE', #5565, #7402, #179, .T. ) ;
#8916 = LINE ( 'NONE', #8023, #2182 ) ;
#8917 = DIRECTION ( 'NONE',  ( 0.000000000000000000, 1.000000000000000000, 0.000000000000000000 ) ) ;
#8918 = LINE ( 'NONE', #5366, #9676 ) ;
#8919 = AXIS2_PLACEMENT_3D ( 'NONE', #4741, #4862, #8677 ) ;
#8920 = ORIENTED_EDGE ( 'NONE', *, *, #2249, .F. ) ;
#8921 = VECTOR ( 'NONE', #7598, 1000.000000000000000 ) ;
#8922 = VERTEX_POINT ( 'NONE', #10811 ) ;
#8923 = EDGE_LOOP ( 'NONE', ( #1423, #2417, #771, #11249 ) ) ;
#8924 = CARTESIAN_POINT ( 'NONE',  ( 7.839996678112651551, 9.160003365220998006, 104.7587792889157186 ) ) ;
#8925 = LINE ( 'NONE', #8866, #475 ) ;
#8926 = VECTOR ( 'NONE', #2035, 1000.000000000000114 ) ;
#8927 = PLANE ( 'NONE',  #6686 ) ;
#8928 = EDGE_CURVE ( 'NONE', #7376, #5297, #10750, .T. ) ;
#8929 = CARTESIAN_POINT ( 'NONE',  ( 17.78872151457646211, 3.293812310677631583, 107.9512534463278968 ) ) ;
#8930 = CARTESIAN_POINT ( 'NONE',  ( -4.878626305066566360, 9.582854267076388766, 103.2572094425358245 ) ) ;
#8931 = ORIENTED_EDGE ( 'NONE', *, *, #2121, .T. ) ;
#8932 = AXIS2_PLACEMENT_3D ( 'NONE', #11406, #10461, #6913 ) ;
#8933 = CARTESIAN_POINT ( 'NONE',  ( 12.08750162854155441, 21.45637587167328064, 100.1000000000000085 ) ) ;
#8934 = ORIENTED_EDGE ( 'NONE', *, *, #8539, .F. ) ;
#8935 = CARTESIAN_POINT ( 'NONE',  ( 0.000000000000000000, 36.40283343504449221, 8.070313877629478938 ) ) ;
#8936 = EDGE_LOOP ( 'NONE', ( #2613, #10414, #8037, #4664 ) ) ;
#8937 = VECTOR ( 'NONE', #8302, 1000.000000000000227 ) ;
#8938 = CARTESIAN_POINT ( 'NONE',  ( -8.588833455959738572, 8.500000000000000000, 103.8500000000000085 ) ) ;
#8939 = EDGE_CURVE ( 'NONE', #7247, #5054, #8034, .T. ) ;
#8940 = DIRECTION ( 'NONE',  ( 0.000000000000000000, -1.000000000000000000, 0.000000000000000000 ) ) ;
#8941 = CARTESIAN_POINT ( 'NONE',  ( -3.757438380699744229, 8.499999999999998224, 103.8500000000000085 ) ) ;
#8942 = VERTEX_POINT ( 'NONE', #8089 ) ;
#8943 = CARTESIAN_POINT ( 'NONE',  ( 1.983322980379345069, 13.97556618747105617, 102.4266106330411361 ) ) ;
#8944 = CARTESIAN_POINT ( 'NONE',  ( -8.070724320178170430, 9.010655323767601033, 104.0064756342812444 ) ) ;
#8945 = ORIENTED_EDGE ( 'NONE', *, *, #5734, .F. ) ;
#8946 = AXIS2_PLACEMENT_3D ( 'NONE', #3755, #4046, #8656 ) ;
#8947 = CARTESIAN_POINT ( 'NONE',  ( -12.08750162854155619, 21.45637587167328064, 100.1000000000000227 ) ) ;
#8948 = DIRECTION ( 'NONE',  ( -2.478176394252580648E-16, 0.9762960071199324741, 0.2164396139381068451 ) ) ;
#8949 = CARTESIAN_POINT ( 'NONE',  ( 5.013707646539848461, 9.599357221643050053, 104.6754966936276503 ) ) ;
#8950 = CIRCLE ( 'NONE', #5353, 0.4999999999999865663 ) ;
#8951 = DIRECTION ( 'NONE',  ( 0.6985753890242760722, 0.1548704352004013629, -0.6985753890242767383 ) ) ;
#8952 = VECTOR ( 'NONE', #3781, 1000.000000000000000 ) ;
#8953 = DIRECTION ( 'NONE',  ( 0.000000000000000000, 0.000000000000000000, -1.000000000000000000 ) ) ;
#8954 = AXIS2_PLACEMENT_3D ( 'NONE', #9848, #10738, #11625 ) ;
#8955 = VECTOR ( 'NONE', #2519, 1000.000000000000000 ) ;
#8956 = CARTESIAN_POINT ( 'NONE',  ( -7.188177909194354065, 9.811822090805645047, 105.4571176196850359 ) ) ;
#8957 = VERTEX_POINT ( 'NONE', #11642 ) ;
#8958 = CARTESIAN_POINT ( 'NONE',  ( -4.000000000000000888, 2.249999999999998668, 96.10000000000006537 ) ) ;
#8959 = CARTESIAN_POINT ( 'NONE',  ( 4.474131828178700587, 8.949743785633122783, 103.6372912105962172 ) ) ;
#8960 = VERTEX_POINT ( 'NONE', #11468 ) ;
#8961 = DIRECTION ( 'NONE',  ( 0.000000000000000000, 1.000000000000000000, 0.000000000000000000 ) ) ;
#8962 = CARTESIAN_POINT ( 'NONE',  ( -16.20695915089928718, 16.09342341097459084, 101.0999780776180188 ) ) ;
#8963 = CARTESIAN_POINT ( 'NONE',  ( -4.833133631934336094, 9.577302447699468146, 103.3600622100991302 ) ) ;
#8964 = DIRECTION ( 'NONE',  ( 3.469446951953611724E-16, 0.000000000000000000, -1.000000000000000000 ) ) ;
#8965 = ORIENTED_EDGE ( 'NONE', *, *, #9385, .T. ) ;
#8966 = CARTESIAN_POINT ( 'NONE',  ( 33.75000000000054001, 0.000000000000000000, 79.62590742770457553 ) ) ;
#8967 = VECTOR ( 'NONE', #641, 1000.000000000000000 ) ;
#8968 = ORIENTED_EDGE ( 'NONE', *, *, #9274, .F. ) ;
#8969 = ORIENTED_EDGE ( 'NONE', *, *, #1808, .F. ) ;
#8970 = ORIENTED_EDGE ( 'NONE', *, *, #11462, .F. ) ;
#8971 = CYLINDRICAL_SURFACE ( 'NONE', #2330, 2.000000000000001776 ) ;
#8972 = AXIS2_PLACEMENT_3D ( 'NONE', #4961, #2178, #438 ) ;
#8973 = ADVANCED_FACE ( 'NONE', ( #2532 ), #4309, .T. ) ;
#8974 = FACE_OUTER_BOUND ( 'NONE', #2406, .T. ) ;
#8975 = CARTESIAN_POINT ( 'NONE',  ( 16.23849164777437082, 30.35820269488412393, 103.8500000000000085 ) ) ;
#8976 = LINE ( 'NONE', #4413, #8180 ) ;
#8977 = CARTESIAN_POINT ( 'NONE',  ( 8.155797152265193972, 9.179730840277461112, 103.8500000000000085 ) ) ;
#8978 = ADVANCED_FACE ( 'NONE', ( #7142 ), #11581, .F. ) ;
#8979 = CARTESIAN_POINT ( 'NONE',  ( -5.559570702231820150, 8.696125725194818301, 102.3079948524859475 ) ) ;
#8980 = DIRECTION ( 'NONE',  ( -0.5735764363510523767, 0.000000000000000000, -0.8191520442889873577 ) ) ;
#8981 = ORIENTED_EDGE ( 'NONE', *, *, #6184, .F. ) ;
#8982 = VECTOR ( 'NONE', #1806, 1000.000000000000000 ) ;
#8983 = ORIENTED_EDGE ( 'NONE', *, *, #5734, .T. ) ;
#8984 = ORIENTED_EDGE ( 'NONE', *, *, #10802, .T. ) ;
#8985 = CARTESIAN_POINT ( 'NONE',  ( -17.90542061413605879, 4.094579385863937659, 130.9242565173701109 ) ) ;
#8986 = CARTESIAN_POINT ( 'NONE',  ( 13.83775212875645266, 28.16755216095005210, 163.0000000000001421 ) ) ;
#8987 = CARTESIAN_POINT ( 'NONE',  ( 6.999999999999990230, 7.249999999999999112, 94.43550806100924433 ) ) ;
#8988 = DIRECTION ( 'NONE',  ( -1.000000000000000000, 0.000000000000000000, 0.000000000000000000 ) ) ;
#8989 = CARTESIAN_POINT ( 'NONE',  ( -4.814974847353219012, 9.575081128815261522, 104.2784239284724919 ) ) ;
#8990 = VERTEX_POINT ( 'NONE', #5258 ) ;
#8991 = CARTESIAN_POINT ( 'NONE',  ( -15.29114218035016037, 26.55195401848749981, 100.1757653858252439 ) ) ;
#8992 = EDGE_CURVE ( 'NONE', #7105, #1861, #6203, .T. ) ;
#8993 = ORIENTED_EDGE ( 'NONE', *, *, #958, .F. ) ;
#8994 = DIRECTION ( 'NONE',  ( 1.000000000000000000, -0.000000000000000000, 0.000000000000000000 ) ) ;
#8995 = EDGE_CURVE ( 'NONE', #4950, #8054, #7088, .T. ) ;
#8996 = ORIENTED_EDGE ( 'NONE', *, *, #7707, .T. ) ;
#8997 = VECTOR ( 'NONE', #6570, 1000.000000000000000 ) ;
#8998 = DIRECTION ( 'NONE',  ( 1.000000000000000000, 0.000000000000000000, 0.000000000000000000 ) ) ;
#8999 = LINE ( 'NONE', #5500, #3323 ) ;
#9000 = DIRECTION ( 'NONE',  ( 0.000000000000000000, 1.000000000000000000, 0.000000000000000000 ) ) ;
#9001 = ORIENTED_EDGE ( 'NONE', *, *, #2565, .F. ) ;
#9002 = LINE ( 'NONE', #6214, #8688 ) ;
#9003 = ORIENTED_EDGE ( 'NONE', *, *, #5466, .T. ) ;
#9004 = LINE ( 'NONE', #9056, #5128 ) ;
#9005 = EDGE_CURVE ( 'NONE', #1306, #385, #5428, .T. ) ;
#9006 = ORIENTED_EDGE ( 'NONE', *, *, #596, .T. ) ;
#9008 = EDGE_CURVE ( 'NONE', #3752, #5640, #4257, .T. ) ;
#9007 = CARTESIAN_POINT ( 'NONE',  ( -2.865291182296413997, 13.76447329203345227, 103.2285944807941576 ) ) ;
#9009 = DIRECTION ( 'NONE',  ( -0.000000000000000000, -1.000000000000000000, -0.000000000000000000 ) ) ;
#9010 = DIRECTION ( 'NONE',  ( -0.000000000000000000, -1.000000000000000000, -0.000000000000000000 ) ) ;
#9011 = LINE ( 'NONE', #7227, #7775 ) ;
#9012 = ADVANCED_FACE ( 'NONE', ( #3361 ), #10582, .T. ) ;
#9013 = DIRECTION ( 'NONE',  ( 0.000000000000000000, 0.000000000000000000, -1.000000000000000000 ) ) ;
#9014 = ORIENTED_EDGE ( 'NONE', *, *, #5092, .F. ) ;
#9015 = FACE_OUTER_BOUND ( 'NONE', #3043, .T. ) ;
#9016 = CARTESIAN_POINT ( 'NONE',  ( 7.234529205509781846, 9.122180877703106816, 102.4397733212121011 ) ) ;
#9017 = ORIENTED_EDGE ( 'NONE', *, *, #4513, .T. ) ;
#9018 = CARTESIAN_POINT ( 'NONE',  ( -18.33578643762693616, 2.250000000000000000, 138.8414722278378690 ) ) ;
#9019 = LINE ( 'NONE', #6534, #8746 ) ;
#9020 = CARTESIAN_POINT ( 'NONE',  ( -4.750502354557109896, 9.567207725462898438, 103.8499999999999943 ) ) ;
#9021 = PLANE ( 'NONE',  #1990 ) ;
#9022 = ORIENTED_EDGE ( 'NONE', *, *, #2057, .T. ) ;
#9023 = DIRECTION ( 'NONE',  ( -0.6408563820557872104, 0.2988362387301198297, 0.7071067811865489050 ) ) ;
#9024 = ORIENTED_EDGE ( 'NONE', *, *, #892, .F. ) ;
#9025 = ORIENTED_EDGE ( 'NONE', *, *, #8646, .T. ) ;
#9026 = PLANE ( 'NONE',  #3062 ) ;
#9027 = DIRECTION ( 'NONE',  ( 0.4999999999999912847, 0.000000000000000000, -0.8660254037844437036 ) ) ;
#9028 = PLANE ( 'NONE',  #3855 ) ;
#9029 = FACE_OUTER_BOUND ( 'NONE', #4019, .T. ) ;
#9030 = CARTESIAN_POINT ( 'NONE',  ( -12.74999999999995559, 18.08853251025366404, 101.0762960071199785 ) ) ;
#9031 = CARTESIAN_POINT ( 'NONE',  ( -4.962508203836788923, 8.500000000000000000, 105.7500009987011254 ) ) ;
#9032 = ORIENTED_EDGE ( 'NONE', *, *, #3916, .F. ) ;
#9033 = ORIENTED_EDGE ( 'NONE', *, *, #944, .T. ) ;
#9034 = EDGE_LOOP ( 'NONE', ( #10084, #3803, #2311, #3134, #6188 ) ) ;
#9035 = EDGE_CURVE ( 'NONE', #5196, #7501, #5203, .T. ) ;
#9036 = CARTESIAN_POINT ( 'NONE',  ( 4.214825629337462409, 8.499999999999998224, 103.8500000000000085 ) ) ;
#9037 = CARTESIAN_POINT ( 'NONE',  ( 2.539749456487760509E-15, 9.249999999999998224, 102.3500000000000227 ) ) ;
#9038 = DIRECTION ( 'NONE',  ( 0.000000000000000000, 0.000000000000000000, 1.000000000000000000 ) ) ;
#9039 = DIRECTION ( 'NONE',  ( 1.000000000000000000, -0.000000000000000000, 0.000000000000000000 ) ) ;
#9040 = CARTESIAN_POINT ( 'NONE',  ( -6.602557999854770543, 9.793381408130430898, 102.2232392357040851 ) ) ;
#9041 = EDGE_LOOP ( 'NONE', ( #6409, #9523, #10214, #1978, #11709, #3900 ) ) ;
#9042 = EDGE_CURVE ( 'NONE', #6255, #3594, #4177, .T. ) ;
#9043 = LINE ( 'NONE', #916, #4066 ) ;
#9044 = VERTEX_POINT ( 'NONE', #4365 ) ;
#9045 = DIRECTION ( 'NONE',  ( -0.9063077870366496036, -0.4226182617407005515, 0.000000000000000000 ) ) ;
#9046 = CARTESIAN_POINT ( 'NONE',  ( 2.118567389669845369, 13.24100637746836995, 105.2173692983956386 ) ) ;
#9047 = ORIENTED_EDGE ( 'NONE', *, *, #9777, .T. ) ;
#9048 = ORIENTED_EDGE ( 'NONE', *, *, #7170, .T. ) ;
#9049 = EDGE_CURVE ( 'NONE', #2251, #2777, #7975, .T. ) ;
#9050 = LINE ( 'NONE', #11063, #6489 ) ;
#9051 = CARTESIAN_POINT ( 'NONE',  ( -8.588860510321234543, 8.500000000000000000, 103.9487958250018238 ) ) ;
#9052 = DIRECTION ( 'NONE',  ( 0.9063077870366492705, -0.4226182617407010511, 0.000000000000000000 ) ) ;
#9053 = ORIENTED_EDGE ( 'NONE', *, *, #10349, .T. ) ;
#9054 = LINE ( 'NONE', #7154, #7745 ) ;
#9055 = EDGE_LOOP ( 'NONE', ( #2788, #1046, #9006, #5320, #3841, #6756, #7081 ) ) ;
#9056 = CARTESIAN_POINT ( 'NONE',  ( 17.75773640591582492, 7.249999999999999112, 107.6000000000000085 ) ) ;
#9057 = PLANE ( 'NONE',  #7212 ) ;
#9058 = EDGE_CURVE ( 'NONE', #4998, #10023, #10948, .T. ) ;
#9059 = VERTEX_POINT ( 'NONE', #9160 ) ;
#9060 = CARTESIAN_POINT ( 'NONE',  ( -2.832373419632967959, 13.78238805808207346, 103.1605194248550248 ) ) ;
#9061 = CARTESIAN_POINT ( 'NONE',  ( 5.091084243339515147, 9.608807767816482936, 104.7801367149080960 ) ) ;
#9062 = DIRECTION ( 'NONE',  ( -0.000000000000000000, -1.000000000000000000, -0.000000000000000000 ) ) ;
#9063 = VECTOR ( 'NONE', #8762, 1000.000000000000000 ) ;
#9064 = CARTESIAN_POINT ( 'NONE',  ( -33.75000000000054001, 0.000000000000000000, 122.3259074277046068 ) ) ;
#9065 = CARTESIAN_POINT ( 'NONE',  ( -18.11169591142169111, 2.250000000000000444, 142.5714093900725175 ) ) ;
#9066 = VECTOR ( 'NONE', #5069, 1000.000000000000000 ) ;
#9067 = EDGE_LOOP ( 'NONE', ( #8108, #8920, #11619, #5178 ) ) ;
#9068 = CYLINDRICAL_SURFACE ( 'NONE', #4155, 1.500000000000001332 ) ;
#9069 = B_SPLINE_CURVE_WITH_KNOTS ( 'NONE', 3,
 ( #10770, #3607, #7288, #5570, #6457, #4740, #10896, #6345, #10065, #7403, #6518, #2778, #11715, #10000, #1892, #7224, #6399, #10127, #5393, #996, #9240, #1836, #218, #9948, #4625, #10832, #9060, #3856, #9007, #10951, #8229, #2725, #938, #2659, #3732, #7344, #1952, #9888, #9183, #4501, #880, #4558, #41, #8529, #7523, #7647, #4861, #3088, #3024, #397, #11247, #10183, #456, #11187, #8470, #6634, #4030, #10242, #506, #11127, #3143, #6753, #2072, #11298, #2195, #10413, #332, #4090, #2965, #2135, #4804, #10358, #1415, #5754, #6577, #8417, #7585, #3917, #7468, #2243, #5691, #2299, #9303, #5862, #11072, #6699, #1178, #5808, #281, #9470, #9364, #1356, #1240, #4977, #3970 ),
 .UNSPECIFIED., .F., .F.,
 ( 4, 2, 2, 2, 2, 2, 2, 2, 2, 2, 1, 2, 2, 2, 1, 2, 2, 2, 1, 1, 2, 2, 2, 1, 1, 2, 2, 2, 2, 1, 1, 2, 2, 2, 1, 2, 2, 2, 1, 2, 2, 2, 1, 2, 2, 2, 2, 2, 2, 2, 2, 2, 4 ),
 ( 0.000000000000000000, 0.06250000000002824130, 0.09375000000004225786, 0.1250000000000564271, 0.1562500000000705824, 0.1875000000000847100, 0.2187500000000988654, 0.2343750000001061651, 0.2500000000001134093, 0.2812500000001218470, 0.2968750000001261213, 0.3046875000001281197, 0.3125000000001301736, 0.3437500000001230127, 0.3593750000001230682, 0.3671875000001195710, 0.3750000000001160183, 0.4062500000000757172, 0.4218750000000596190, 0.4296875000000514588, 0.4335937500000510703, 0.4375000000000507372, 0.4531250000000306422, 0.4609375000000205391, 0.4648437500000194844, 0.4667968750000227596, 0.4687500000000260347, 0.5000000000000758282, 0.5156250000001009193, 0.5234375000001132427, 0.5273437500001194600, 0.5292968750001171285, 0.5312500000001147971, 0.5468750000000818234, 0.5546875000000651701, 0.5585937500000609512, 0.5625000000000568434, 0.5937500000000603961, 0.6093750000000661693, 0.6171875000000651701, 0.6250000000000641709, 0.6562500000000676126, 0.6718750000000695000, 0.6796875000000702771, 0.6875000000000711653, 0.7187500000000541789, 0.7343750000000488498, 0.7500000000000434097, 0.7812500000000385247, 0.8125000000000335287, 0.8437500000000285327, 0.8750000000000235367, 1.000000000000000000 ),
 .UNSPECIFIED. ) ;
#9070 = CARTESIAN_POINT ( 'NONE',  ( 6.550752209301074380, 9.079466550476565700, 105.4645252232030259 ) ) ;
#9071 = CIRCLE ( 'NONE', #6051, 2.000000000000001776 ) ;
#9072 = VERTEX_POINT ( 'NONE', #6378 ) ;
#9073 = LINE ( 'NONE', #9783, #4575 ) ;
#9074 = CARTESIAN_POINT ( 'NONE',  ( -1.499999999999999778, 31.94302117641175442, 102.3500000000000227 ) ) ;
#9075 = EDGE_CURVE ( 'NONE', #9301, #9402, #2097, .T. ) ;
#9076 = CARTESIAN_POINT ( 'NONE',  ( -5.849664430057745612, 9.701437945559780118, 105.3233853770633459 ) ) ;
#9077 = CARTESIAN_POINT ( 'NONE',  ( 14.50221515314512644, 28.40939692359802748, 163.0000000000001421 ) ) ;
#9078 = EDGE_LOOP ( 'NONE', ( #4498, #11238, #5757, #7729 ) ) ;
#9079 = LINE ( 'NONE', #11620, #8322 ) ;
#9080 = VECTOR ( 'NONE', #1489, 1000.000000000000000 ) ;
#9081 = ORIENTED_EDGE ( 'NONE', *, *, #1258, .T. ) ;
#9082 = EDGE_CURVE ( 'NONE', #11358, #1608, #2879, .T. ) ;
#9083 = ORIENTED_EDGE ( 'NONE', *, *, #8367, .F. ) ;
#9084 = VECTOR ( 'NONE', #1467, 1000.000000000000000 ) ;
#9085 = DIRECTION ( 'NONE',  ( 0.3145145977190313968, -0.000000000000000000, 0.9492526364575637476 ) ) ;
#9086 = ADVANCED_FACE ( 'NONE', ( #3650 ), #10039, .F. ) ;
#9087 = CARTESIAN_POINT ( 'NONE',  ( 7.140878715601453486, 9.859120950853577980, 105.4203057533346595 ) ) ;
#9088 = DIRECTION ( 'NONE',  ( 4.956352788505160310E-16, 0.000000000000000000, -1.000000000000000000 ) ) ;
#9089 = CARTESIAN_POINT ( 'NONE',  ( 6.999999999999990230, 0.000000000000000000, 89.43550806100923012 ) ) ;
#9090 = LINE ( 'NONE', #7134, #10858 ) ;
#9091 = CARTESIAN_POINT ( 'NONE',  ( -6.422392489125846815, 8.804198242216902059, 102.2354747767994638 ) ) ;
#9092 = ORIENTED_EDGE ( 'NONE', *, *, #5034, .F. ) ;
#9093 = ORIENTED_EDGE ( 'NONE', *, *, #4595, .T. ) ;
#9094 = VECTOR ( 'NONE', #6696, 1000.000000000000000 ) ;
#9095 = CARTESIAN_POINT ( 'NONE',  ( 7.127417852519378094, 9.115489822861128744, 102.3893966668566122 ) ) ;
#9096 = LINE ( 'NONE', #6673, #6167 ) ;
#9097 = DIRECTION ( 'NONE',  ( -0.3892816206350255825, -0.8348171294789871189, -0.3892816206350255825 ) ) ;
#9098 = CARTESIAN_POINT ( 'NONE',  ( -17.90542061413608366, 4.094579385863909238, 122.4242565173701820 ) ) ;
#9099 = DIRECTION ( 'NONE',  ( 0.000000000000000000, 0.000000000000000000, -1.000000000000000000 ) ) ;
#9100 = VERTEX_POINT ( 'NONE', #4781 ) ;
#9101 = DIRECTION ( 'NONE',  ( -0.5735764363510444941, 0.000000000000000000, 0.8191520442889929088 ) ) ;
#9102 = ORIENTED_EDGE ( 'NONE', *, *, #1889, .T. ) ;
#9103 = DIRECTION ( 'NONE',  ( 0.000000000000000000, -1.000000000000000000, 0.000000000000000000 ) ) ;
#9104 = CARTESIAN_POINT ( 'NONE',  ( 23.53921572489432279, 0.000000000000000000, 126.3489238107520265 ) ) ;
#9105 = VECTOR ( 'NONE', #3953, 1000.000000000000114 ) ;
#9106 = AXIS2_PLACEMENT_3D ( 'NONE', #3941, #1141, #7431 ) ;
#9107 = ORIENTED_EDGE ( 'NONE', *, *, #5812, .T. ) ;
#9108 = VERTEX_POINT ( 'NONE', #8268 ) ;
#9109 = DIRECTION ( 'NONE',  ( -1.000000000000000000, 0.000000000000000000, 0.000000000000000000 ) ) ;
#9110 = DIRECTION ( 'NONE',  ( 0.000000000000000000, 0.000000000000000000, 1.000000000000000000 ) ) ;
#9111 = CIRCLE ( 'NONE', #10622, 0.4999999999999865663 ) ;
#9112 = CARTESIAN_POINT ( 'NONE',  ( 23.53921572489405634, 2.250000000000000444, 143.3489238107519839 ) ) ;
#9113 = EDGE_LOOP ( 'NONE', ( #247, #6350, #7603, #5018 ) ) ;
#9114 = DIRECTION ( 'NONE',  ( -0.000000000000000000, -1.000000000000000000, -0.000000000000000000 ) ) ;
#9115 = ORIENTED_EDGE ( 'NONE', *, *, #7252, .F. ) ;
#9116 = DIRECTION ( 'NONE',  ( 0.000000000000000000, -1.000000000000000000, 0.000000000000000000 ) ) ;
#9117 = CARTESIAN_POINT ( 'NONE',  ( -5.838132454147739736, 9.249999999999998224, 105.8988131758368496 ) ) ;
#9118 = ORIENTED_EDGE ( 'NONE', *, *, #6597, .F. ) ;
#9119 = EDGE_CURVE ( 'NONE', #9619, #8415, #9287, .T. ) ;
#9120 = CARTESIAN_POINT ( 'NONE',  ( -15.29114218035016037, 26.55195401848749981, 105.2915703243338470 ) ) ;
#9121 = DIRECTION ( 'NONE',  ( 0.4951097151455198242, 0.5048664859272603556, 0.7070899528037303261 ) ) ;
#9122 = EDGE_CURVE ( 'NONE', #5100, #4258, #195, .T. ) ;
#9123 = CARTESIAN_POINT ( 'NONE',  ( -6.249999999999998224, 9.749999999999998224, 124.9833631420980566 ) ) ;
#9124 = CARTESIAN_POINT ( 'NONE',  ( -6.000000000000000888, 2.249999999999998668, 96.10000000000006537 ) ) ;
#9125 = VECTOR ( 'NONE', #6232, 1000.000000000000000 ) ;
#9126 = EDGE_CURVE ( 'NONE', #7841, #4851, #5293, .T. ) ;
#9127 = CARTESIAN_POINT ( 'NONE',  ( -6.951510674111590404, 8.499999999999996447, 105.9275463720517791 ) ) ;
#9128 = ORIENTED_EDGE ( 'NONE', *, *, #7377, .F. ) ;
#9129 = LINE ( 'NONE', #7354, #8510 ) ;
#9130 = CARTESIAN_POINT ( 'NONE',  ( 6.429884749929748011, 9.071916176247459163, 102.2250000000000085 ) ) ;
#9131 = EDGE_LOOP ( 'NONE', ( #5582, #9024, #323, #1971 ) ) ;
#9132 = LINE ( 'NONE', #171, #6274 ) ;
#9133 = FACE_OUTER_BOUND ( 'NONE', #5540, .T. ) ;
#9134 = FACE_OUTER_BOUND ( 'NONE', #6468, .T. ) ;
#9135 = LINE ( 'NONE', #953, #5013 ) ;
#9136 = ADVANCED_FACE ( 'NONE', ( #11110 ), #2113, .F. ) ;
#9137 = VERTEX_POINT ( 'NONE', #82 ) ;
#9138 = AXIS2_PLACEMENT_3D ( 'NONE', #7033, #5983, #6206 ) ;
#9139 = LINE ( 'NONE', #4517, #5298 ) ;
#9140 = VECTOR ( 'NONE', #5485, 1000.000000000000000 ) ;
#9141 = EDGE_CURVE ( 'NONE', #269, #7247, #5549, .T. ) ;
#9142 = ORIENTED_EDGE ( 'NONE', *, *, #8587, .F. ) ;
#9143 = VERTEX_POINT ( 'NONE', #5611 ) ;
#9144 = DIRECTION ( 'NONE',  ( 0.000000000000000000, -1.000000000000000000, 0.000000000000000000 ) ) ;
#9145 = LINE ( 'NONE', #10156, #5105 ) ;
#9146 = CARTESIAN_POINT ( 'NONE',  ( 9.999999999999998224, 8.448479721469174919, 134.1642548878282071 ) ) ;
#9147 = EDGE_CURVE ( 'NONE', #10923, #3313, #3861, .T. ) ;
#9148 = CARTESIAN_POINT ( 'NONE',  ( -7.998399433221680788, 9.001600575549195682, 104.3130254962241850 ) ) ;
#9149 = CARTESIAN_POINT ( 'NONE',  ( -14.25290003710747833, 28.47009591002948525, 102.5645362646189369 ) ) ;
#9150 = EDGE_CURVE ( 'NONE', #6902, #6598, #10929, .T. ) ;
#9151 = CARTESIAN_POINT ( 'NONE',  ( -7.334684366208619188, 8.918467122433826333, 102.5579504388003755 ) ) ;
#9152 = EDGE_CURVE ( 'NONE', #5469, #3216, #9281, .T. ) ;
#9153 = ORIENTED_EDGE ( 'NONE', *, *, #7622, .T. ) ;
#9154 = ADVANCED_FACE ( 'NONE', ( #4536 ), #8145, .T. ) ;
#9155 = ORIENTED_EDGE ( 'NONE', *, *, #7954, .T. ) ;
#9156 = VECTOR ( 'NONE', #4223, 1000.000000000000000 ) ;
#9157 = CARTESIAN_POINT ( 'NONE',  ( 6.429884749929745347, 9.071916176247460939, 105.4750000000000085 ) ) ;
#9158 = LINE ( 'NONE', #10164, #1047 ) ;
#9159 = CARTESIAN_POINT ( 'NONE',  ( 10.98999675954054567, 4.905559585892715013, 103.3399967595405684 ) ) ;
#9160 = CARTESIAN_POINT ( 'NONE',  ( -13.68983573714720769, 27.85034443548722649, 104.8883279828647090 ) ) ;
#9161 = CARTESIAN_POINT ( 'NONE',  ( -5.642552794939312832, 9.676145236999712296, 102.4701095466664214 ) ) ;
#9162 = CARTESIAN_POINT ( 'NONE',  ( 33.75000000000054001, 2.250000000000000000, 127.7740925722955012 ) ) ;
#9163 = VECTOR ( 'NONE', #211, 1000.000000000000114 ) ;
#9164 = VERTEX_POINT ( 'NONE', #1867 ) ;
#9165 = CARTESIAN_POINT ( 'NONE',  ( 8.222946320378479612, 9.749999999999998224, 134.4527949869000452 ) ) ;
#9166 = ORIENTED_EDGE ( 'NONE', *, *, #51, .F. ) ;
#9167 = DIRECTION ( 'NONE',  ( 0.4226182617407010511, -0.9063077870366493816, -1.110223024625156540E-16 ) ) ;
#9169 = VECTOR ( 'NONE', #6018, 1000.000000000000114 ) ;
#9168 = CARTESIAN_POINT ( 'NONE',  ( -12.74999999999995204, 10.42870612352672666, 135.6275400263034783 ) ) ;
#9170 = ORIENTED_EDGE ( 'NONE', *, *, #8249, .T. ) ;
#9171 = ORIENTED_EDGE ( 'NONE', *, *, #1808, .T. ) ;
#9172 = CARTESIAN_POINT ( 'NONE',  ( -1.749999999999999778, 31.94302117641175442, 88.60000000000002274 ) ) ;
#9173 = CARTESIAN_POINT ( 'NONE',  ( 1.499999999999999556, 13.48034298036375667, 105.6917036024919696 ) ) ;
#9174 = EDGE_CURVE ( 'NONE', #1094, #4419, #3016, .T. ) ;
#9175 = DIRECTION ( 'NONE',  ( -0.7071067811865475727, 0.000000000000000000, 0.7071067811865475727 ) ) ;
#9176 = ORIENTED_EDGE ( 'NONE', *, *, #8303, .T. ) ;
#9177 = VECTOR ( 'NONE', #1013, 1000.000000000000000 ) ;
#9178 = CARTESIAN_POINT ( 'NONE',  ( 29.37500000000053291, 0.000000000000000000, 87.59999999999999432 ) ) ;
#9179 = EDGE_LOOP ( 'NONE', ( #11515, #8398, #1737, #6862 ) ) ;
#9180 = CYLINDRICAL_SURFACE ( 'NONE', #1150, 1.549999999999995826 ) ;
#9181 = CARTESIAN_POINT ( 'NONE',  ( -5.718692923687702212, 9.249999999999998224, 101.8434425783537449 ) ) ;
#9182 = ORIENTED_EDGE ( 'NONE', *, *, #7183, .T. ) ;
#9183 = CARTESIAN_POINT ( 'NONE',  ( -2.970114671421601127, 13.67934583868425769, 103.5520192023669352 ) ) ;
#9184 = CARTESIAN_POINT ( 'NONE',  ( 5.882905645033641662, 9.705497590005679243, 105.3362928091004278 ) ) ;
#9185 = CARTESIAN_POINT ( 'NONE',  ( -13.83775212875645266, 28.16755216095005210, 100.3144660940672566 ) ) ;
#9186 = AXIS2_PLACEMENT_3D ( 'NONE', #4195, #11292, #5028 ) ;
#9187 = CARTESIAN_POINT ( 'NONE',  ( -11.99999999998817479, 2.250000000000000000, 163.0000000000001421 ) ) ;
#9188 = CARTESIAN_POINT ( 'NONE',  ( -4.520603050351271968, 8.565990103970584357, 103.0356306489885156 ) ) ;
#9189 = ORIENTED_EDGE ( 'NONE', *, *, #8815, .T. ) ;
#9190 = CARTESIAN_POINT ( 'NONE',  ( -8.999999999999987566, 2.249999999999998668, 96.10000000000006537 ) ) ;
#9191 = ORIENTED_EDGE ( 'NONE', *, *, #7269, .F. ) ;
#9192 = DIRECTION ( 'NONE',  ( -1.000000000000000000, -1.214306433183765213E-16, 0.000000000000000000 ) ) ;
#9193 = VECTOR ( 'NONE', #3648, 1000.000000000000227 ) ;
#9194 = EDGE_CURVE ( 'NONE', #4585, #4124, #5486, .T. ) ;
#9195 = CARTESIAN_POINT ( 'NONE',  ( 5.088607924003993865, 8.988129009434871364, 105.0742539896652659 ) ) ;
#9196 = ORIENTED_EDGE ( 'NONE', *, *, #2818, .F. ) ;
#9197 = CARTESIAN_POINT ( 'NONE',  ( -12.74999999999995559, 18.08853251025366404, 101.0762960071199785 ) ) ;
#9198 = LINE ( 'NONE', #9074, #7428 ) ;
#9199 = EDGE_CURVE ( 'NONE', #103, #10563, #10451, .T. ) ;
#9200 = CARTESIAN_POINT ( 'NONE',  ( -5.434568224373435008, 9.650751224392914551, 105.0984339473738771 ) ) ;
#9201 = CARTESIAN_POINT ( 'NONE',  ( -46.84613302130959767, 2.250000000000000000, 32.80201547749523172 ) ) ;
#9202 = ORIENTED_EDGE ( 'NONE', *, *, #6700, .T. ) ;
#9203 = DIRECTION ( 'NONE',  ( 0.5735764363510476027, -0.000000000000000000, 0.8191520442889907994 ) ) ;
#9204 = CARTESIAN_POINT ( 'NONE',  ( 17.44999999998816875, 2.250000000000000000, 155.5000000000001990 ) ) ;
#9205 = VERTEX_POINT ( 'NONE', #7625 ) ;
#9206 = VERTEX_POINT ( 'NONE', #10339 ) ;
#9207 = PLANE ( 'NONE',  #7022 ) ;
#9208 = ADVANCED_FACE ( 'NONE', ( #1395 ), #5900, .F. ) ;
#9209 = DIRECTION ( 'NONE',  ( -0.5735764363510460484, 0.000000000000000000, -0.8191520442889917986 ) ) ;
#9210 = LINE ( 'NONE', #1208, #3092 ) ;
#9211 = CARTESIAN_POINT ( 'NONE',  ( -21.35344314932018506, 0.000000000000000000, 156.6000000000001933 ) ) ;
#9212 = CARTESIAN_POINT ( 'NONE',  ( -7.334684366208621853, 8.918467122433826333, 105.1420495611996415 ) ) ;
#9213 = EDGE_LOOP ( 'NONE', ( #9779, #1471, #6043, #11727 ) ) ;
#9214 = VERTEX_POINT ( 'NONE', #11227 ) ;
#9215 = CARTESIAN_POINT ( 'NONE',  ( 5.383495369266656283, 9.006550101255422547, 105.2602266787879728 ) ) ;
#9216 = DIRECTION ( 'NONE',  ( -1.000000000000000000, 0.000000000000000000, 0.000000000000000000 ) ) ;
#9217 = LINE ( 'NONE', #8451, #11031 ) ;
#9218 = DIRECTION ( 'NONE',  ( -0.000000000000000000, -1.000000000000000000, -0.000000000000000000 ) ) ;
#9219 = CARTESIAN_POINT ( 'NONE',  ( -7.750000000000001776, 9.249999999999998224, 101.9168012225029969 ) ) ;
#9220 = LINE ( 'NONE', #1093, #6841 ) ;
#9221 = VERTEX_POINT ( 'NONE', #541 ) ;
#9222 = CARTESIAN_POINT ( 'NONE',  ( 15.29114218035015860, 26.55195401848749626, 163.0000000000001421 ) ) ;
#9223 = EDGE_CURVE ( 'NONE', #7800, #7411, #4180, .T. ) ;
#9224 = EDGE_LOOP ( 'NONE', ( #4929, #7475, #7062, #1221, #2557 ) ) ;
#9225 = ADVANCED_FACE ( 'NONE', ( #5843 ), #11281, .F. ) ;
#9226 = CARTESIAN_POINT ( 'NONE',  ( -33.75000000000054001, 2.250000000000000000, 122.3259074277046068 ) ) ;
#9227 = CARTESIAN_POINT ( 'NONE',  ( 2.488063694776372348, 13.89825182615894228, 102.7203364631662339 ) ) ;
#9228 = ORIENTED_EDGE ( 'NONE', *, *, #5288, .T. ) ;
#9229 = ORIENTED_EDGE ( 'NONE', *, *, #8643, .T. ) ;
#9230 = CARTESIAN_POINT ( 'NONE',  ( -19.74999999999991118, 0.000000000000000000, 113.9242565173703525 ) ) ;
#9231 = DIRECTION ( 'NONE',  ( 0.000000000000000000, 0.000000000000000000, 1.000000000000000000 ) ) ;
#9232 = ADVANCED_FACE ( 'NONE', ( #2343 ), #2398, .F. ) ;
#9233 = CARTESIAN_POINT ( 'NONE',  ( -19.74999999999982236, 2.250000000000000444, 124.4242565173703525 ) ) ;
#9234 = LINE ( 'NONE', #990, #3576 ) ;
#9235 = ORIENTED_EDGE ( 'NONE', *, *, #9663, .T. ) ;
#9236 = DIRECTION ( 'NONE',  ( 0.000000000000000000, -1.000000000000000000, 0.000000000000000000 ) ) ;
#9237 = CARTESIAN_POINT ( 'NONE',  ( -6.461632481551524698, 9.249999999999998224, 106.0206444718811412 ) ) ;
#9238 = ADVANCED_FACE ( 'NONE', ( #5016 ), #7683, .F. ) ;
#9239 = ORIENTED_EDGE ( 'NONE', *, *, #3729, .F. ) ;
#9240 = CARTESIAN_POINT ( 'NONE',  ( -2.696192167764848602, 13.83929198274875283, 102.9443374717641859 ) ) ;
#9241 = CYLINDRICAL_SURFACE ( 'NONE', #6838, 0.4999999999999865663 ) ;
#9242 = CARTESIAN_POINT ( 'NONE',  ( 11.49999999999998934, 0.000000000000000000, 94.43550806100928696 ) ) ;
#9243 = ORIENTED_EDGE ( 'NONE', *, *, #6592, .T. ) ;
#9244 = DIRECTION ( 'NONE',  ( -0.4226182617407017728, 0.9063077870366489375, 0.000000000000000000 ) ) ;
#9245 = B_SPLINE_CURVE_WITH_KNOTS ( 'NONE', 3,
 ( #504, #6751, #1351, #11414, #2193, #2241 ),
 .UNSPECIFIED., .F., .F.,
 ( 4, 2, 4 ),
 ( 0.0002177650351589428953, 0.0005063909636018723483, 0.0007950168920448016929 ),
 .UNSPECIFIED. ) ;
#9246 = CARTESIAN_POINT ( 'NONE',  ( -3.773010006834380814, 8.499999999999996447, 104.1365829433021588 ) ) ;
#9247 = ORIENTED_EDGE ( 'NONE', *, *, #6184, .T. ) ;
#9248 = CARTESIAN_POINT ( 'NONE',  ( 19.63714584916180073, 28.77338421335649699, 103.8500000000000085 ) ) ;
#9249 = ORIENTED_EDGE ( 'NONE', *, *, #2857, .T. ) ;
#9250 = CARTESIAN_POINT ( 'NONE',  ( -16.25000000000000000, 2.250000000000000000, 107.6000000000000085 ) ) ;
#9251 = CARTESIAN_POINT ( 'NONE',  ( 8.403198945438949963, 8.499999999999996447, 103.9742230430333905 ) ) ;
#9252 = ORIENTED_EDGE ( 'NONE', *, *, #8321, .F. ) ;
#9253 = FACE_OUTER_BOUND ( 'NONE', #1437, .T. ) ;
#9254 = CARTESIAN_POINT ( 'NONE',  ( 46.84613302130914292, 0.000000000000000000, 32.80201547749437907 ) ) ;
#9255 = CARTESIAN_POINT ( 'NONE',  ( -5.479673724915828714, 9.656255220358016089, 105.1295598853014894 ) ) ;
#9256 = CARTESIAN_POINT ( 'NONE',  ( -19.74999999999982236, 0.000000000000000000, 124.4242565173703525 ) ) ;
#9257 = ORIENTED_EDGE ( 'NONE', *, *, #6631, .F. ) ;
#9258 = CARTESIAN_POINT ( 'NONE',  ( -19.75000000000000000, 7.249999999999999112, 107.4242565173703667 ) ) ;
#9259 = DIRECTION ( 'NONE',  ( -0.000000000000000000, 0.9762960071199323631, 0.2164396139381074835 ) ) ;
#9260 = CIRCLE ( 'NONE', #534, 2.000000000000001776 ) ;
#9261 = CIRCLE ( 'NONE', #2445, 2.000000000000001776 ) ;
#9262 = AXIS2_PLACEMENT_3D ( 'NONE', #7708, #2305, #5813 ) ;
#9263 = EDGE_LOOP ( 'NONE', ( #7871, #4936, #3507, #6890 ) ) ;
#9264 = ORIENTED_EDGE ( 'NONE', *, *, #2336, .T. ) ;
#9265 = DIRECTION ( 'NONE',  ( 0.000000000000000000, -0.2164396139381069006, 0.9762960071199324741 ) ) ;
#9266 = VECTOR ( 'NONE', #10150, 1000.000000000000000 ) ;
#9267 = EDGE_CURVE ( 'NONE', #5502, #4378, #6988, .T. ) ;
#9268 = DIRECTION ( 'NONE',  ( 0.000000000000000000, 0.000000000000000000, 1.000000000000000000 ) ) ;
#9269 = PLANE ( 'NONE',  #268 ) ;
#9270 = CARTESIAN_POINT ( 'NONE',  ( -21.90091163631642601, 7.249999999999999112, 110.4960766834540919 ) ) ;
#9271 = EDGE_CURVE ( 'NONE', #6428, #1479, #1217, .T. ) ;
#9272 = EDGE_CURVE ( 'NONE', #7411, #528, #4069, .T. ) ;
#9273 = VERTEX_POINT ( 'NONE', #6786 ) ;
#9274 = EDGE_CURVE ( 'NONE', #3634, #8430, #1688, .T. ) ;
#9275 = CIRCLE ( 'NONE', #6825, 2.000000000000015543 ) ;
#9276 = ORIENTED_EDGE ( 'NONE', *, *, #5065, .F. ) ;
#9277 = CARTESIAN_POINT ( 'NONE',  ( 6.550752209301074380, 9.079466550476565700, 105.4645252232030259 ) ) ;
#9278 = CARTESIAN_POINT ( 'NONE',  ( -12.74999999999995204, 8.448479721469174919, 134.1642548878282071 ) ) ;
#9279 = CARTESIAN_POINT ( 'NONE',  ( 4.836586631224820465, 9.577728864070119030, 103.3626194580360647 ) ) ;
#9280 = EDGE_CURVE ( 'NONE', #9929, #1321, #486, .T. ) ;
#9281 = LINE ( 'NONE', #6612, #7370 ) ;
#9282 = DIRECTION ( 'NONE',  ( 0.000000000000000000, 0.000000000000000000, -1.000000000000000000 ) ) ;
#9283 = DIRECTION ( 'NONE',  ( -0.000000000000000000, -1.000000000000000000, -0.000000000000000000 ) ) ;
#9284 = CYLINDRICAL_SURFACE ( 'NONE', #683, 0.5000000000000004441 ) ;
#9285 = DIRECTION ( 'NONE',  ( 0.000000000000000000, 0.2164396139381068729, -0.9762960071199324741 ) ) ;
#9286 = ORIENTED_EDGE ( 'NONE', *, *, #11585, .F. ) ;
#9287 = CIRCLE ( 'NONE', #5864, 1.000000000000000888 ) ;
#9288 = FACE_BOUND ( 'NONE', #8731, .T. ) ;
#9289 = CARTESIAN_POINT ( 'NONE',  ( 2.894153243234320882, 13.74662489234586893, 103.2964080926922179 ) ) ;
#9290 = EDGE_CURVE ( 'NONE', #1379, #7501, #7731, .T. ) ;
#9291 = ORIENTED_EDGE ( 'NONE', *, *, #8278, .F. ) ;
#9292 = ORIENTED_EDGE ( 'NONE', *, *, #8631, .T. ) ;
#9293 = CARTESIAN_POINT ( 'NONE',  ( -19.74999999999991118, 7.249999999999999112, 113.9242565173703525 ) ) ;
#9294 = ADVANCED_FACE ( 'NONE', ( #3952 ), #11166, .F. ) ;
#9295 = LINE ( 'NONE', #4795, #2185 ) ;
#9296 = FACE_OUTER_BOUND ( 'NONE', #8297, .T. ) ;
#9297 = CARTESIAN_POINT ( 'NONE',  ( -19.74999999999964473, 2.250000000000000444, 141.4242565173703667 ) ) ;
#9298 = VERTEX_POINT ( 'NONE', #7795 ) ;
#9299 = LINE ( 'NONE', #8466, #8911 ) ;
#9300 = CARTESIAN_POINT ( 'NONE',  ( -8.652622945029754931, 9.249999999999998224, 102.6501833555522012 ) ) ;
#9301 = VERTEX_POINT ( 'NONE', #11398 ) ;
#9302 = VECTOR ( 'NONE', #6087, 1000.000000000000000 ) ;
#9303 = CARTESIAN_POINT ( 'NONE',  ( -2.593775476038183481, 13.33066046830152018, 104.8767589768643660 ) ) ;
#9304 = LINE ( 'NONE', #9625, #1352 ) ;
#9305 = AXIS2_PLACEMENT_3D ( 'NONE', #2389, #3338, #7002 ) ;
#9306 = CARTESIAN_POINT ( 'NONE',  ( 7.393605452649738119, 9.889984399524047731, 102.3513022184239674 ) ) ;
#9307 = ORIENTED_EDGE ( 'NONE', *, *, #7686, .F. ) ;
#9308 = CARTESIAN_POINT ( 'NONE',  ( -9.609252382646385371, 7.889560608300243416, 136.5914722278378690 ) ) ;
#9309 = VECTOR ( 'NONE', #5891, 1000.000000000000000 ) ;
#9310 = AXIS2_PLACEMENT_3D ( 'NONE', #4151, #2550, #138 ) ;
#9311 = CARTESIAN_POINT ( 'NONE',  ( -4.001827687401855016, 8.500000000000000000, 104.8202206981167279 ) ) ;
#9312 = VERTEX_POINT ( 'NONE', #3291 ) ;
#9313 = LINE ( 'NONE', #3033, #7606 ) ;
#9314 = ORIENTED_EDGE ( 'NONE', *, *, #1605, .F. ) ;
#9315 = CARTESIAN_POINT ( 'NONE',  ( -16.15036770282975453, 27.32231563746865177, 163.0000000000001421 ) ) ;
#9316 = CARTESIAN_POINT ( 'NONE',  ( 5.031579166461126462, 8.499999999999996447, 105.3590961372549799 ) ) ;
#9317 = VERTEX_POINT ( 'NONE', #1276 ) ;
#9318 = LINE ( 'NONE', #4693, #8549 ) ;
#9319 = CARTESIAN_POINT ( 'NONE',  ( -2.164727316715935324, 13.24603937429827205, 105.1982492305750014 ) ) ;
#9320 = AXIS2_PLACEMENT_3D ( 'NONE', #3041, #6718, #10262 ) ;
#9321 = CARTESIAN_POINT ( 'NONE',  ( -7.006260064464527204, 9.842681784725536787, 105.4479378479847327 ) ) ;
#9322 = DIRECTION ( 'NONE',  ( -0.9063077870366486044, -0.4226182617407023279, 0.000000000000000000 ) ) ;
#9323 = EDGE_LOOP ( 'NONE', ( #1879, #8284, #1345, #10910 ) ) ;
#9324 = LINE ( 'NONE', #9204, #7375 ) ;
#9325 = AXIS2_PLACEMENT_3D ( 'NONE', #11390, #1495, #3391 ) ;
#9326 = ORIENTED_EDGE ( 'NONE', *, *, #5530, .F. ) ;
#9327 = EDGE_LOOP ( 'NONE', ( #10408, #7803, #2433, #4458 ) ) ;
#9328 = PLANE ( 'NONE',  #5516 ) ;
#9329 = DIRECTION ( 'NONE',  ( -1.000000000000000000, -0.000000000000000000, -0.000000000000000000 ) ) ;
#9330 = AXIS2_PLACEMENT_3D ( 'NONE', #3102, #4994, #348 ) ;
#9331 = DIRECTION ( 'NONE',  ( 0.000000000000000000, -1.000000000000000000, 0.000000000000000000 ) ) ;
#9332 = CARTESIAN_POINT ( 'NONE',  ( -7.499999999988182786, 2.250000000000000000, 163.0000000000001421 ) ) ;
#9333 = CARTESIAN_POINT ( 'NONE',  ( -4.461570642129411901, 8.558596015134016355, 104.5701212598198850 ) ) ;
#9334 = CIRCLE ( 'NONE', #5354, 2.000000000000029310 ) ;
#9335 = VERTEX_POINT ( 'NONE', #5788 ) ;
#9336 = VECTOR ( 'NONE', #4123, 1000.000000000000227 ) ;
#9337 = EDGE_LOOP ( 'NONE', ( #1514, #3187, #4443, #9699 ) ) ;
#9338 = EDGE_CURVE ( 'NONE', #9273, #11419, #6907, .T. ) ;
#9339 = CARTESIAN_POINT ( 'NONE',  ( -15.71779382203775199, 26.54958632928920181, 102.6880765838829035 ) ) ;
#9340 = LINE ( 'NONE', #4897, #5928 ) ;
#9341 = EDGE_CURVE ( 'NONE', #2364, #8013, #2625, .T. ) ;
#9342 = DIRECTION ( 'NONE',  ( 0.000000000000000000, 0.000000000000000000, -1.000000000000000000 ) ) ;
#9343 = CARTESIAN_POINT ( 'NONE',  ( -13.83775212875645266, 28.16755216095005210, 104.8883279828647517 ) ) ;
#9344 = EDGE_CURVE ( 'NONE', #34, #5390, #5129, .T. ) ;
#9345 = DIRECTION ( 'NONE',  ( 1.000000000000000000, 0.000000000000000000, 0.000000000000000000 ) ) ;
#9346 = CARTESIAN_POINT ( 'NONE',  ( 17.44999999998816875, 2.250000000000000000, 155.5000000000001990 ) ) ;
#9347 = ORIENTED_EDGE ( 'NONE', *, *, #7544, .F. ) ;
#9348 = CARTESIAN_POINT ( 'NONE',  ( -14.25373307468685447, 28.47013205404449110, 105.1360441590949080 ) ) ;
#9349 = CARTESIAN_POINT ( 'NONE',  ( 2.998948293444795077, 13.61704256915655975, 103.7887104705052934 ) ) ;
#9350 = ORIENTED_EDGE ( 'NONE', *, *, #5280, .T. ) ;
#9351 = VECTOR ( 'NONE', #3592, 1000.000000000000000 ) ;
#9352 = B_SPLINE_CURVE_WITH_KNOTS ( 'NONE', 3,
 ( #5509, #2016, #3673, #3790, #6279, #5449, #8109, #2837 ),
 .UNSPECIFIED., .F., .F.,
 ( 4, 2, 2, 4 ),
 ( 7.152448122690996019E-18, 0.0002220072680961683977, 0.0004440145361923296397, 0.0008880290723846276206 ),
 .UNSPECIFIED. ) ;
#9353 = ORIENTED_EDGE ( 'NONE', *, *, #4080, .T. ) ;
#9354 = DIRECTION ( 'NONE',  ( 0.000000000000000000, -1.000000000000000000, 0.000000000000000000 ) ) ;
#9355 = CARTESIAN_POINT ( 'NONE',  ( 7.906061364719460194, 9.093938649125606233, 102.9835542355455686 ) ) ;
#9356 = DIRECTION ( 'NONE',  ( 0.000000000000000000, -0.2164396139381068174, 0.9762960071199324741 ) ) ;
#9357 = DIRECTION ( 'NONE',  ( 1.000000000000000000, 8.673617379884037937E-17, -3.912415967295318123E-16 ) ) ;
#9358 = ORIENTED_EDGE ( 'NONE', *, *, #4207, .T. ) ;
#9359 = ADVANCED_FACE ( 'NONE', ( #8974 ), #3403, .F. ) ;
#9360 = FACE_OUTER_BOUND ( 'NONE', #9327, .T. ) ;
#9361 = CARTESIAN_POINT ( 'NONE',  ( -4.464140169099104938, 9.249999999999998224, 104.7502565193797608 ) ) ;
#9362 = ORIENTED_EDGE ( 'NONE', *, *, #11732, .F. ) ;
#9363 = VECTOR ( 'NONE', #6789, 1000.000000000000000 ) ;
#9364 = CARTESIAN_POINT ( 'NONE',  ( -2.162668761878486112, 13.24648070823466384, 105.1965807378012983 ) ) ;
#9365 = ADVANCED_FACE ( 'NONE', ( #6072 ), #10796, .T. ) ;
#9366 = CARTESIAN_POINT ( 'NONE',  ( -17.90944285555228532, 3.641632148999749408, 108.2825620914745883 ) ) ;
#9367 = ORIENTED_EDGE ( 'NONE', *, *, #1399, .T. ) ;
#9368 = CARTESIAN_POINT ( 'NONE',  ( 5.642552794939258654, 9.676145236999628807, 102.4701095466664214 ) ) ;
#9369 = ORIENTED_EDGE ( 'NONE', *, *, #15, .T. ) ;
#9370 = VECTOR ( 'NONE', #3821, 1000.000000000000000 ) ;
#9371 = CARTESIAN_POINT ( 'NONE',  ( -5.329282892085014822, 8.667281085826516573, 102.3893966668524200 ) ) ;
#9372 = EDGE_LOOP ( 'NONE', ( #5616, #5269, #3878, #9014, #4860, #10293, #5595, #25, #11245, #3263, #3850 ) ) ;
#9373 = LINE ( 'NONE', #11020, #3060 ) ;
#9374 = ORIENTED_EDGE ( 'NONE', *, *, #3086, .T. ) ;
#9375 = DIRECTION ( 'NONE',  ( 0.000000000000000000, 0.000000000000000000, 1.000000000000000000 ) ) ;
#9376 = CARTESIAN_POINT ( 'NONE',  ( 4.426688587134714581, 8.499999999999996447, 103.0089082616054128 ) ) ;
#9377 = ORIENTED_EDGE ( 'NONE', *, *, #6736, .T. ) ;
#9378 = CARTESIAN_POINT ( 'NONE',  ( 7.499999999988182786, 0.000000000000000000, 163.0000000000001421 ) ) ;
#9379 = LINE ( 'NONE', #2256, #788 ) ;
#9380 = CARTESIAN_POINT ( 'NONE',  ( -2.952024865938647213, 13.49854458674964341, 104.2389243911424614 ) ) ;
#9381 = CARTESIAN_POINT ( 'NONE',  ( -6.753609457410977512, 9.811835625427363539, 105.4730703548454898 ) ) ;
#9382 = DIRECTION ( 'NONE',  ( 0.4226182617407008846, -0.9063077870366493816, 0.000000000000000000 ) ) ;
#9383 = VERTEX_POINT ( 'NONE', #10739 ) ;
#9384 = EDGE_CURVE ( 'NONE', #1989, #11130, #4411, .T. ) ;
#9385 = EDGE_CURVE ( 'NONE', #537, #6332, #7560, .T. ) ;
#9386 = LINE ( 'NONE', #3880, #6622 ) ;
#9387 = ORIENTED_EDGE ( 'NONE', *, *, #9830, .F. ) ;
#9388 = VERTEX_POINT ( 'NONE', #8852 ) ;
#9389 = FACE_OUTER_BOUND ( 'NONE', #6493, .T. ) ;
#9390 = CYLINDRICAL_SURFACE ( 'NONE', #6857, 1.999999999999988010 ) ;
#9391 = CARTESIAN_POINT ( 'NONE',  ( -12.74999999999995204, 15.23373697095270529, 135.6685102046980660 ) ) ;
#9392 = PLANE ( 'NONE',  #3491 ) ;
#9393 = PLANE ( 'NONE',  #3290 ) ;
#9394 = ORIENTED_EDGE ( 'NONE', *, *, #3660, .T. ) ;
#9395 = VERTEX_POINT ( 'NONE', #842 ) ;
#9396 = DIRECTION ( 'NONE',  ( 0.7071067811865483499, 0.7071067811865465735, 0.000000000000000000 ) ) ;
#9397 = CARTESIAN_POINT ( 'NONE',  ( 5.546964508860822818, 9.664471427163976003, 102.5262344568392194 ) ) ;
#9398 = DIRECTION ( 'NONE',  ( 0.7071067811865433539, -0.7071067811865517916, 0.000000000000000000 ) ) ;
#9399 = DIRECTION ( 'NONE',  ( 0.7071067811865475727, -0.000000000000000000, 0.7071067811865475727 ) ) ;
#9400 = LINE ( 'NONE', #8511, #6532 ) ;
#9401 = CARTESIAN_POINT ( 'NONE',  ( -29.37500000000054357, 1.250000000000001776, 125.0500000000000540 ) ) ;
#9402 = VERTEX_POINT ( 'NONE', #8734 ) ;
#9403 = FACE_BOUND ( 'NONE', #9034, .T. ) ;
#9404 = CARTESIAN_POINT ( 'NONE',  ( 2.992098958727844593, 13.56043423803517101, 104.0037922008406639 ) ) ;
#9405 = ORIENTED_EDGE ( 'NONE', *, *, #5034, .T. ) ;
#9406 = EDGE_CURVE ( 'NONE', #7976, #6994, #5474, .T. ) ;
#9407 = ORIENTED_EDGE ( 'NONE', *, *, #10148, .T. ) ;
#9408 = DIRECTION ( 'NONE',  ( -0.000000000000000000, -1.000000000000000000, -0.000000000000000000 ) ) ;
#9409 = DIRECTION ( 'NONE',  ( 0.000000000000000000, 1.000000000000000000, 0.000000000000000000 ) ) ;
#9410 = LINE ( 'NONE', #4910, #4063 ) ;
#9411 = EDGE_CURVE ( 'NONE', #310, #1139, #1677, .T. ) ;
#9412 = CARTESIAN_POINT ( 'NONE',  ( -33.75000000000054001, 2.250000000000000000, 79.62590742770457553 ) ) ;
#9413 = ORIENTED_EDGE ( 'NONE', *, *, #9008, .T. ) ;
#9414 = DIRECTION ( 'NONE',  ( -0.5735764363510454933, 0.000000000000000000, -0.8191520442889922426 ) ) ;
#9415 = LINE ( 'NONE', #3085, #10213 ) ;
#9416 = ORIENTED_EDGE ( 'NONE', *, *, #7921, .F. ) ;
#9417 = PLANE ( 'NONE',  #4598 ) ;
#9418 = ORIENTED_EDGE ( 'NONE', *, *, #7739, .F. ) ;
#9419 = CARTESIAN_POINT ( 'NONE',  ( 5.186367805915174323, 9.620435766710658143, 102.8110362363375572 ) ) ;
#9420 = ORIENTED_EDGE ( 'NONE', *, *, #2475, .F. ) ;
#9421 = EDGE_CURVE ( 'NONE', #8591, #10235, #6015, .T. ) ;
#9422 = CARTESIAN_POINT ( 'NONE',  ( -6.048505053585007118, 8.757367069365688650, 105.4749999999999943 ) ) ;
#9423 = ADVANCED_FACE ( 'NONE', ( #4469, #1506 ), #10626, .F. ) ;
#9424 = CARTESIAN_POINT ( 'NONE',  ( 9.999999999999998224, 9.749999999999998224, 160.2014815911317100 ) ) ;
#9425 = ORIENTED_EDGE ( 'NONE', *, *, #4452, .F. ) ;
#9426 = LINE ( 'NONE', #6762, #11518 ) ;
#9427 = CARTESIAN_POINT ( 'NONE',  ( 8.336219688310320564, 8.500000000000000000, 103.3578867919798228 ) ) ;
#9428 = EDGE_LOOP ( 'NONE', ( #9836, #3381, #77, #8271, #7236 ) ) ;
#9429 = CARTESIAN_POINT ( 'NONE',  ( 3.233942672413143704, 13.77153152884716114, 104.3782369406789030 ) ) ;
#9430 = FACE_OUTER_BOUND ( 'NONE', #9481, .T. ) ;
#9431 = CARTESIAN_POINT ( 'NONE',  ( -2.923389366950810864, 13.72813001892865969, 103.3666770196011697 ) ) ;
#9432 = PLANE ( 'NONE',  #9320 ) ;
#9433 = CARTESIAN_POINT ( 'NONE',  ( 16.24999999999997513, 13.71999382411755164, 100.1000000000000227 ) ) ;
#9434 = AXIS2_PLACEMENT_3D ( 'NONE', #7462, #1234, #2960 ) ;
#9435 = EDGE_LOOP ( 'NONE', ( #9605, #5285, #3694, #3082 ) ) ;
#9436 = CARTESIAN_POINT ( 'NONE',  ( 17.44999999998816875, 2.250000000000000000, 154.5000000000001705 ) ) ;
#9437 = ORIENTED_EDGE ( 'NONE', *, *, #11530, .T. ) ;
#9438 = ADVANCED_FACE ( 'NONE', ( #5301 ), #605, .T. ) ;
#9439 = ORIENTED_EDGE ( 'NONE', *, *, #8248, .F. ) ;
#9440 = DIRECTION ( 'NONE',  ( 0.000000000000000000, 0.000000000000000000, 1.000000000000000000 ) ) ;
#9441 = DIRECTION ( 'NONE',  ( 0.000000000000000000, -1.000000000000000000, 0.000000000000000000 ) ) ;
#9442 = LINE ( 'NONE', #2334, #2861 ) ;
#9443 = CARTESIAN_POINT ( 'NONE',  ( -8.247619095974844328, 8.752380904025153896, 103.3230793490898520 ) ) ;
#9444 = CARTESIAN_POINT ( 'NONE',  ( -10.00000000000000178, 9.749999999999996447, 127.2934762997707310 ) ) ;
#9445 = AXIS2_PLACEMENT_3D ( 'NONE', #4041, #9653, #8596 ) ;
#9446 = AXIS2_PLACEMENT_3D ( 'NONE', #11704, #7098, #807 ) ;
#9447 = ORIENTED_EDGE ( 'NONE', *, *, #270, .F. ) ;
#9448 = EDGE_CURVE ( 'NONE', #3752, #5437, #9622, .T. ) ;
#9449 = FACE_OUTER_BOUND ( 'NONE', #3057, .T. ) ;
#9450 = VECTOR ( 'NONE', #6559, 1000.000000000000000 ) ;
#9451 = CARTESIAN_POINT ( 'NONE',  ( 5.697922215060881257, 9.682924643977507628, 102.4439584372375407 ) ) ;
#9452 = CARTESIAN_POINT ( 'NONE',  ( -15.65036770282975453, 27.32231563746865177, 163.0000000000001421 ) ) ;
#9453 = CARTESIAN_POINT ( 'NONE',  ( -15.92152795146883193, 29.67847185460661308, 103.8500000000000085 ) ) ;
#9454 = AXIS2_PLACEMENT_3D ( 'NONE', #11199, #3097, #292 ) ;
#9455 = ORIENTED_EDGE ( 'NONE', *, *, #1880, .F. ) ;
#9456 = CARTESIAN_POINT ( 'NONE',  ( -6.249999999999999112, 9.966439613938097963, 127.3171802926508178 ) ) ;
#9457 = VERTEX_POINT ( 'NONE', #10565 ) ;
#9458 = PLANE ( 'NONE',  #4421 ) ;
#9459 = CARTESIAN_POINT ( 'NONE',  ( 2.990105504613672416, 13.64675222257457321, 103.6758492277889587 ) ) ;
#9460 = ORIENTED_EDGE ( 'NONE', *, *, #5772, .T. ) ;
#9461 = AXIS2_PLACEMENT_3D ( 'NONE', #301, #9259, #10087 ) ;
#9462 = EDGE_LOOP ( 'NONE', ( #3569, #6444, #514, #178, #10623 ) ) ;
#9463 = FACE_OUTER_BOUND ( 'NONE', #11595, .T. ) ;
#9464 = DIRECTION ( 'NONE',  ( 0.000000000000000000, 0.000000000000000000, 1.000000000000000000 ) ) ;
#9465 = DIRECTION ( 'NONE',  ( 1.000000000000000000, 0.000000000000000000, 0.000000000000000000 ) ) ;
#9466 = ORIENTED_EDGE ( 'NONE', *, *, #11670, .T. ) ;
#9467 = CARTESIAN_POINT ( 'NONE',  ( -42.85243938297032429, 2.250000000000000000, 30.00560108663095349 ) ) ;
#9468 = DIRECTION ( 'NONE',  ( 0.000000000000000000, 1.000000000000000000, 0.000000000000000000 ) ) ;
#9469 = VERTEX_POINT ( 'NONE', #1742 ) ;
#9470 = CARTESIAN_POINT ( 'NONE',  ( -2.249290169144314344, 13.25864237943079615, 105.1503744898338937 ) ) ;
#9471 = VERTEX_POINT ( 'NONE', #3519 ) ;
#9472 = CARTESIAN_POINT ( 'NONE',  ( 6.300295016482145627, 9.756468946964792721, 105.4493377380875216 ) ) ;
#9473 = ORIENTED_EDGE ( 'NONE', *, *, #6876, .T. ) ;
#9474 = CARTESIAN_POINT ( 'NONE',  ( -8.016441506318539467, 9.003860434527496182, 103.4286652428310447 ) ) ;
#9475 = DIRECTION ( 'NONE',  ( 0.4226182617407001629, 0.9063077870366496036, 0.000000000000000000 ) ) ;
#9476 = ORIENTED_EDGE ( 'NONE', *, *, #6631, .T. ) ;
#9477 = EDGE_CURVE ( 'NONE', #3713, #6205, #7131, .T. ) ;
#9478 = DIRECTION ( 'NONE',  ( -1.000000000000000000, 0.000000000000000000, 0.000000000000000000 ) ) ;
#9479 = VECTOR ( 'NONE', #9236, 1000.000000000000000 ) ;
#9480 = CARTESIAN_POINT ( 'NONE',  ( 6.983791312133614149, 8.499999999999996447, 105.6510408281911850 ) ) ;
#9481 = EDGE_LOOP ( 'NONE', ( #5807, #2005, #3526, #11082 ) ) ;
#9482 = DIRECTION ( 'NONE',  ( 0.000000000000000000, 1.000000000000000000, 0.000000000000000000 ) ) ;
#9483 = ADVANCED_FACE ( 'NONE', ( #5361 ), #3348, .T. ) ;
#9484 = CARTESIAN_POINT ( 'NONE',  ( 9.999999999999998224, 2.250000000000000000, 107.6000000000000085 ) ) ;
#9485 = CARTESIAN_POINT ( 'NONE',  ( -2.586334228063097207, 14.18908202640971439, 102.4947883606152033 ) ) ;
#9486 = CARTESIAN_POINT ( 'NONE',  ( -6.490363697139091670, 9.779680290993628233, 105.4691372466974855 ) ) ;
#9487 = CARTESIAN_POINT ( 'NONE',  ( -12.66611185142060059, 8.500000000000000000, 107.6000000000000085 ) ) ;
#9488 = ORIENTED_EDGE ( 'NONE', *, *, #729, .F. ) ;
#9489 = AXIS2_PLACEMENT_3D ( 'NONE', #7855, #1453, #5073 ) ;
#9490 = EDGE_CURVE ( 'NONE', #6986, #4567, #3463, .T. ) ;
#9491 = CARTESIAN_POINT ( 'NONE',  ( -5.000000000000000888, 2.249999999999998668, 93.10000000000003695 ) ) ;
#9492 = VECTOR ( 'NONE', #3926, 1000.000000000000000 ) ;
#9493 = VECTOR ( 'NONE', #849, 1000.000000000000000 ) ;
#9494 = ORIENTED_EDGE ( 'NONE', *, *, #3287, .T. ) ;
#9495 = CARTESIAN_POINT ( 'NONE',  ( 5.031579166461126462, 8.499999999999996447, 105.3590961372549799 ) ) ;
#9496 = EDGE_LOOP ( 'NONE', ( #7020, #6680, #6943, #3925, #9476 ) ) ;
#9497 = VECTOR ( 'NONE', #10718, 1000.000000000000000 ) ;
#9498 = LINE ( 'NONE', #9670, #5713 ) ;
#9499 = EDGE_CURVE ( 'NONE', #4329, #10493, #11454, .T. ) ;
#9500 = CARTESIAN_POINT ( 'NONE',  ( 21.90091163631636206, 7.249999999999999112, 118.9960766834541062 ) ) ;
#9501 = CARTESIAN_POINT ( 'NONE',  ( -7.109080668407814052, 9.855237790296012435, 102.2724589576682064 ) ) ;
#9502 = LINE ( 'NONE', #1445, #9550 ) ;
#9503 = EDGE_CURVE ( 'NONE', #4967, #6902, #2747, .T. ) ;
#9504 = CARTESIAN_POINT ( 'NONE',  ( -5.329282892085013046, 8.667281085826521903, 105.3106033331476254 ) ) ;
#9505 = AXIS2_PLACEMENT_3D ( 'NONE', #4587, #8194, #124 ) ;
#9506 = ORIENTED_EDGE ( 'NONE', *, *, #10459, .F. ) ;
#9507 = EDGE_CURVE ( 'NONE', #2856, #5024, #9260, .T. ) ;
#9508 = VECTOR ( 'NONE', #7936, 999.9999999999998863 ) ;
#9509 = CARTESIAN_POINT ( 'NONE',  ( -12.74999999999995559, 13.96768987689089769, 109.2687067062699384 ) ) ;
#9510 = EDGE_CURVE ( 'NONE', #6848, #10711, #8074, .T. ) ;
#9511 = CARTESIAN_POINT ( 'NONE',  ( -13.25000000000000178, 0.000000000000000000, 84.60000000000003695 ) ) ;
#9512 = CARTESIAN_POINT ( 'NONE',  ( -19.99999999999998934, 2.250000000000000000, 0.000000000000000000 ) ) ;
#9513 = LINE ( 'NONE', #3006, #1419 ) ;
#9514 = FACE_BOUND ( 'NONE', #6886, .T. ) ;
#9515 = VECTOR ( 'NONE', #11410, 1000.000000000000000 ) ;
#9516 = ORIENTED_EDGE ( 'NONE', *, *, #3201, .T. ) ;
#9517 = FACE_BOUND ( 'NONE', #6723, .T. ) ;
#9518 = CARTESIAN_POINT ( 'NONE',  ( 2.119811646877268974, 13.96068502403977440, 102.4831460898148094 ) ) ;
#9519 = VECTOR ( 'NONE', #2746, 1000.000000000000114 ) ;
#9520 = EDGE_CURVE ( 'NONE', #1235, #8591, #6547, .T. ) ;
#9521 = ORIENTED_EDGE ( 'NONE', *, *, #9272, .T. ) ;
#9522 = CIRCLE ( 'NONE', #5931, 2.000000000000001776 ) ;
#9523 = ORIENTED_EDGE ( 'NONE', *, *, #6663, .T. ) ;
#9524 = DIRECTION ( 'NONE',  ( 0.4226182617407007736, 0.9063077870366492705, 0.000000000000000000 ) ) ;
#9525 = DIRECTION ( 'NONE',  ( 2.037106467202124000E-14, 0.000000000000000000, -1.000000000000000000 ) ) ;
#9526 = CARTESIAN_POINT ( 'NONE',  ( -23.53921572489405634, 7.249999999999999112, 143.3489238107519839 ) ) ;
#9527 = ORIENTED_EDGE ( 'NONE', *, *, #2070, .T. ) ;
#9528 = DIRECTION ( 'NONE',  ( 0.000000000000000000, 0.000000000000000000, -1.000000000000000000 ) ) ;
#9529 = PLANE ( 'NONE',  #8702 ) ;
#9530 = ORIENTED_EDGE ( 'NONE', *, *, #10855, .F. ) ;
#9531 = FACE_OUTER_BOUND ( 'NONE', #155, .T. ) ;
#9532 = ORIENTED_EDGE ( 'NONE', *, *, #6445, .F. ) ;
#9534 = VECTOR ( 'NONE', #10547, 1000.000000000000000 ) ;
#9533 = CARTESIAN_POINT ( 'NONE',  ( 5.642552794939258654, 9.676145236999627031, 105.2298904533336099 ) ) ;
#9535 = VERTEX_POINT ( 'NONE', #1981 ) ;
#9536 = CARTESIAN_POINT ( 'NONE',  ( -7.334684366208621853, 8.918467122433826333, 105.1420495611996415 ) ) ;
#9537 = FACE_BOUND ( 'NONE', #7326, .T. ) ;
#9538 = ORIENTED_EDGE ( 'NONE', *, *, #1697, .T. ) ;
#9539 = CIRCLE ( 'NONE', #8416, 0.4999999999999865663 ) ;
#9540 = CARTESIAN_POINT ( 'NONE',  ( -15.65036770282975453, 27.32231563746865177, 163.0000000000001421 ) ) ;
#9541 = CARTESIAN_POINT ( 'NONE',  ( 4.214825629337462409, 8.499999999999998224, 103.8500000000000085 ) ) ;
#9542 = ORIENTED_EDGE ( 'NONE', *, *, #10052, .F. ) ;
#9543 = FACE_OUTER_BOUND ( 'NONE', #4727, .T. ) ;
#9544 = CARTESIAN_POINT ( 'NONE',  ( -9.164609215443830337, 8.238579731035983400, 137.0228044183689065 ) ) ;
#9545 = CARTESIAN_POINT ( 'NONE',  ( -3.189947207205970692, 13.74794393916032398, 104.4846336820602346 ) ) ;
#9546 = DIRECTION ( 'NONE',  ( 0.000000000000000000, 0.000000000000000000, 1.000000000000000000 ) ) ;
#9547 = DIRECTION ( 'NONE',  ( 0.5735764363510428288, 0.000000000000000000, -0.8191520442889940190 ) ) ;
#9548 = ORIENTED_EDGE ( 'NONE', *, *, #7057, .T. ) ;
#9549 = LINE ( 'NONE', #11318, #3591 ) ;
#9550 = VECTOR ( 'NONE', #3284, 1000.000000000000000 ) ;
#9551 = EDGE_CURVE ( 'NONE', #10023, #5885, #7253, .T. ) ;
#9552 = ORIENTED_EDGE ( 'NONE', *, *, #2707, .F. ) ;
#9553 = CARTESIAN_POINT ( 'NONE',  ( 4.228324791044312470, 8.499999999999996447, 104.0984409438431442 ) ) ;
#9554 = CARTESIAN_POINT ( 'NONE',  ( 6.249999999999998224, 12.88549180720036702, 114.1501867418696037 ) ) ;
#9555 = ORIENTED_EDGE ( 'NONE', *, *, #3846, .F. ) ;
#9556 = CARTESIAN_POINT ( 'NONE',  ( -29.37500000000054357, 1.250000000000001554, 125.0500000000000540 ) ) ;
#9557 = EDGE_CURVE ( 'NONE', #8582, #11176, #9145, .T. ) ;
#9558 = VECTOR ( 'NONE', #1132, 1000.000000000000000 ) ;
#9559 = DIRECTION ( 'NONE',  ( 0.000000000000000000, -1.000000000000000000, 0.000000000000000000 ) ) ;
#9560 = CARTESIAN_POINT ( 'NONE',  ( -6.730332785005465723, 9.808984770066393466, 102.2263768263328245 ) ) ;
#9561 = CARTESIAN_POINT ( 'NONE',  ( -2.923073353493426563, 14.11800605780325490, 102.8153913366143541 ) ) ;
#9562 = DIRECTION ( 'NONE',  ( 0.9063077870366491595, -0.4226182617407008846, 0.000000000000000000 ) ) ;
#9563 = VECTOR ( 'NONE', #8143, 1000.000000000000000 ) ;
#9564 = EDGE_LOOP ( 'NONE', ( #5295, #7220, #4169, #2914 ) ) ;
#9565 = CARTESIAN_POINT ( 'NONE',  ( 5.796382793161150460, 9.694936604535060454, 102.3986576321418625 ) ) ;
#9566 = PRESENTATION_LAYER_ASSIGNMENT (  '', '', ( #2955 ) ) ;
#9567 = CARTESIAN_POINT ( 'NONE',  ( -16.23849164777437082, 30.35820269488412393, 103.8500000000000085 ) ) ;
#9568 = DIRECTION ( 'NONE',  ( 0.000000000000000000, 0.000000000000000000, 1.000000000000000000 ) ) ;
#9569 = DIRECTION ( 'NONE',  ( 0.000000000000000000, 0.000000000000000000, -1.000000000000000000 ) ) ;
#9570 = CARTESIAN_POINT ( 'NONE',  ( -1.309761392714301698, -7.274147393296581221, 103.8500000000000085 ) ) ;
#9571 = CARTESIAN_POINT ( 'NONE',  ( 8.574066059726732192, -34.68350694015713742, 100.1000000000000227 ) ) ;
#9572 = EDGE_LOOP ( 'NONE', ( #826, #7773, #4793, #4758 ) ) ;
#9573 = EDGE_CURVE ( 'NONE', #8850, #2671, #2799, .T. ) ;
#9574 = CARTESIAN_POINT ( 'NONE',  ( -3.834700656197441049, 8.499999999999996447, 103.2823349065951533 ) ) ;
#9575 = CARTESIAN_POINT ( 'NONE',  ( -13.83775212875645266, 28.16755216095005210, 163.0000000000001421 ) ) ;
#9576 = VERTEX_POINT ( 'NONE', #4650 ) ;
#9577 = VERTEX_POINT ( 'NONE', #6365 ) ;
#9578 = LINE ( 'NONE', #6689, #2325 ) ;
#9579 = CARTESIAN_POINT ( 'NONE',  ( 29.37500000000054357, 1.250000000000011990, 126.6000000000000512 ) ) ;
#9580 = LINE ( 'NONE', #1464, #62 ) ;
#9581 = VERTEX_POINT ( 'NONE', #2866 ) ;
#9582 = DIRECTION ( 'NONE',  ( 0.4226182617407058251, 0.9063077870366469391, 0.000000000000000000 ) ) ;
#9583 = EDGE_CURVE ( 'NONE', #11117, #8201, #8134, .T. ) ;
#9584 = CARTESIAN_POINT ( 'NONE',  ( -7.347502219183396299, 9.249999999999998224, 105.9341755404768435 ) ) ;
#9585 = ORIENTED_EDGE ( 'NONE', *, *, #11371, .F. ) ;
#9586 = LINE ( 'NONE', #10702, #4402 ) ;
#9587 = ORIENTED_EDGE ( 'NONE', *, *, #11321, .F. ) ;
#9588 = CARTESIAN_POINT ( 'NONE',  ( 4.414264030226187074, 9.249999999999996447, 104.6432048195513715 ) ) ;
#9589 = VERTEX_POINT ( 'NONE', #4769 ) ;
#9590 = ADVANCED_FACE ( 'NONE', ( #9913 ), #6421, .F. ) ;
#9591 = CARTESIAN_POINT ( 'NONE',  ( -7.980089528843000046, 8.999307177106096844, 104.3735998953666666 ) ) ;
#9592 = EDGE_CURVE ( 'NONE', #2708, #7536, #7311, .T. ) ;
#9593 = DIRECTION ( 'NONE',  ( 0.000000000000000000, 0.000000000000000000, -1.000000000000000000 ) ) ;
#9594 = DIRECTION ( 'NONE',  ( -0.000000000000000000, -1.000000000000000000, -0.000000000000000000 ) ) ;
#9595 = VERTEX_POINT ( 'NONE', #5472 ) ;
#9596 = DIRECTION ( 'NONE',  ( -0.4226182617407007736, 0.9063077870366492705, 0.000000000000000000 ) ) ;
#9597 = CARTESIAN_POINT ( 'NONE',  ( -11.99999999998817479, 0.000000000000000000, 163.0000000000001421 ) ) ;
#9598 = ORIENTED_EDGE ( 'NONE', *, *, #6383, .T. ) ;
#9599 = CYLINDRICAL_SURFACE ( 'NONE', #7966, 2.000000000000001776 ) ;
#9600 = LINE ( 'NONE', #2602, #8380 ) ;
#9601 = CARTESIAN_POINT ( 'NONE',  ( -2.586334228063098983, 13.56123806680019150, 105.3268094481986878 ) ) ;
#9602 = CARTESIAN_POINT ( 'NONE',  ( 29.37500000000054357, 0.000000000000000000, 125.0500000000000540 ) ) ;
#9603 = DIRECTION ( 'NONE',  ( 1.000000000000000000, 0.000000000000000000, 0.000000000000000000 ) ) ;
#9604 =( BOUNDED_CURVE ( )  B_SPLINE_CURVE ( 3, ( #2129, #10352, #3910, #3138 ),
 .UNSPECIFIED., .F., .F. ) 
 B_SPLINE_CURVE_WITH_KNOTS ( ( 4, 4 ),
 ( 1.570796326794896558, 3.141592653589793116 ),
 .UNSPECIFIED. ) 
 CURVE ( )  GEOMETRIC_REPRESENTATION_ITEM ( )  RATIONAL_B_SPLINE_CURVE ( ( 1.000000000000000000, 0.8047378541243649375, 0.8047378541243649375, 1.000000000000000000 ) ) 
 REPRESENTATION_ITEM ( '' )  );
#9605 = ORIENTED_EDGE ( 'NONE', *, *, #8052, .F. ) ;
#9606 = CARTESIAN_POINT ( 'NONE',  ( -1.749999999999999778, 31.94302117641175442, 89.10000000000000853 ) ) ;
#9607 = ORIENTED_EDGE ( 'NONE', *, *, #9049, .T. ) ;
#9608 = ORIENTED_EDGE ( 'NONE', *, *, #7235, .T. ) ;
#9609 = CARTESIAN_POINT ( 'NONE',  ( 7.974115642801194781, 8.499999999999996447, 105.0077475849496977 ) ) ;
#9610 = FACE_OUTER_BOUND ( 'NONE', #9372, .T. ) ;
#9611 = PRODUCT ( '[打印]1.4GHz自组网盒子-上盖兼GPS接口', '[打印]1.4GHz自组网盒子-上盖兼GPS接口', '', ( #8878 ) ) ;
#9612 = ORIENTED_EDGE ( 'NONE', *, *, #9147, .F. ) ;
#9613 = CARTESIAN_POINT ( 'NONE',  ( 7.749999999999998224, 5.250000000000006217, 138.8414722278378406 ) ) ;
#9614 = PLANE ( 'NONE',  #9325 ) ;
#9615 = CARTESIAN_POINT ( 'NONE',  ( 15.92369598379681683, 26.72536923599723480, 102.8116720171352512 ) ) ;
#9616 = FACE_OUTER_BOUND ( 'NONE', #6623, .T. ) ;
#9617 = LINE ( 'NONE', #3343, #5678 ) ;
#9618 = EDGE_CURVE ( 'NONE', #5368, #3317, #6309, .T. ) ;
#9619 = VERTEX_POINT ( 'NONE', #7494 ) ;
#9620 = CARTESIAN_POINT ( 'NONE',  ( 6.753609457282852446, 9.811835625413099393, 102.2269296451510883 ) ) ;
#9621 = EDGE_CURVE ( 'NONE', #10791, #8456, #8233, .T. ) ;
#9622 = LINE ( 'NONE', #4351, #2627 ) ;
#9623 = CARTESIAN_POINT ( 'NONE',  ( -7.998399423212878112, 9.001600576784250407, 103.3869744587013741 ) ) ;
#9624 = ADVANCED_FACE ( 'NONE', ( #964 ), #1080, .F. ) ;
#9625 = CARTESIAN_POINT ( 'NONE',  ( -26.50000000000052935, 0.000000000000000000, 87.60000000000000853 ) ) ;
#9626 = FACE_BOUND ( 'NONE', #1468, .T. ) ;
#9627 = EDGE_CURVE ( 'NONE', #10788, #6709, #69, .T. ) ;
#9628 = CARTESIAN_POINT ( 'NONE',  ( -5.394761162547894173, 8.500000000000000000, 105.9275463720517791 ) ) ;
#9629 = DIRECTION ( 'NONE',  ( -0.000000000000000000, 1.000000000000000000, -0.000000000000000000 ) ) ;
#9630 = EDGE_CURVE ( 'NONE', #10023, #10015, #1917, .T. ) ;
#9631 = ORIENTED_EDGE ( 'NONE', *, *, #9271, .F. ) ;
#9632 = VERTEX_POINT ( 'NONE', #11273 ) ;
#9633 = B_SPLINE_CURVE_WITH_KNOTS ( 'NONE', 3,
 ( #5731, #4843, #8675, #1396, #11399, #3292, #5017, #542, #9682, #3174 ),
 .UNSPECIFIED., .F., .F.,
 ( 4, 3, 3, 4 ),
 ( 0.000000000000000000, 0.0001810748417778968800, 0.0003621495561982660785, 0.0007203465903590655249 ),
 .UNSPECIFIED. ) ;
#9634 = CARTESIAN_POINT ( 'NONE',  ( 4.917668448078034160, 8.977450725796904507, 102.7761569508089536 ) ) ;
#9635 = CARTESIAN_POINT ( 'NONE',  ( 16.25000000000000000, 21.45637587167328064, 107.6000000000000085 ) ) ;
#9636 = DIRECTION ( 'NONE',  ( 0.000000000000000000, -0.000000000000000000, 1.000000000000000000 ) ) ;
#9637 = CARTESIAN_POINT ( 'NONE',  ( -13.25000000000000178, 0.000000000000000000, 89.10000000000000853 ) ) ;
#9638 = LINE ( 'NONE', #2360, #9084 ) ;
#9639 = ORIENTED_EDGE ( 'NONE', *, *, #1759, .F. ) ;
#9640 = CARTESIAN_POINT ( 'NONE',  ( -15.18194599342261064, 28.09243322729249215, 103.8500000000000085 ) ) ;
#9641 = EDGE_CURVE ( 'NONE', #8634, #1524, #10441, .T. ) ;
#9642 = EDGE_LOOP ( 'NONE', ( #7666, #6764, #651, #3868, #7706, #2644 ) ) ;
#9643 = VECTOR ( 'NONE', #524, 1000.000000000000000 ) ;
#9644 = CARTESIAN_POINT ( 'NONE',  ( 5.169012323297859979, 9.249999999999996447, 102.1366634182209623 ) ) ;
#9645 = EDGE_CURVE ( 'NONE', #8013, #3372, #3166, .T. ) ;
#9646 = ORIENTED_EDGE ( 'NONE', *, *, #9338, .F. ) ;
#9647 = EDGE_CURVE ( 'NONE', #5760, #2373, #1268, .T. ) ;
#9648 = CARTESIAN_POINT ( 'NONE',  ( 9.499999999999987566, 2.250000000000000444, 89.43550806100927275 ) ) ;
#9649 = DIRECTION ( 'NONE',  ( 0.000000000000000000, 0.000000000000000000, 1.000000000000000000 ) ) ;
#9650 = VECTOR ( 'NONE', #10699, 1000.000000000000000 ) ;
#9651 = LINE ( 'NONE', #6100, #1311 ) ;
#9652 = ORIENTED_EDGE ( 'NONE', *, *, #5494, .T. ) ;
#9653 = DIRECTION ( 'NONE',  ( -0.000000000000000000, 1.000000000000000000, 0.000000000000000000 ) ) ;
#9654 = FACE_OUTER_BOUND ( 'NONE', #7424, .T. ) ;
#9655 = ORIENTED_EDGE ( 'NONE', *, *, #4616, .F. ) ;
#9656 = DIRECTION ( 'NONE',  ( -0.4226182617407002184, -0.9063077870366496036, 0.000000000000000000 ) ) ;
#9657 = CARTESIAN_POINT ( 'NONE',  ( 43.56952484415417359, 0.000000000000000000, 30.50770973209207426 ) ) ;
#9658 = CARTESIAN_POINT ( 'NONE',  ( -3.269424957042086799, 13.92684069905124389, 103.6776825459426874 ) ) ;
#9659 = CARTESIAN_POINT ( 'NONE',  ( 4.252687896717395333, 9.249999999999998224, 103.4802855984752910 ) ) ;
#9660 = CARTESIAN_POINT ( 'NONE',  ( -46.84613302130959056, 7.249999999999999112, 32.80201547749523172 ) ) ;
#9661 = ORIENTED_EDGE ( 'NONE', *, *, #3608, .T. ) ;
#9662 = DIRECTION ( 'NONE',  ( -1.000000000000000000, 0.000000000000000000, 2.037106467202124000E-14 ) ) ;
#9663 = EDGE_CURVE ( 'NONE', #3725, #7096, #2332, .T. ) ;
#9664 = VECTOR ( 'NONE', #4621, 1000.000000000000000 ) ;
#9665 = EDGE_LOOP ( 'NONE', ( #8969, #9407, #10077, #7217 ) ) ;
#9666 = CARTESIAN_POINT ( 'NONE',  ( 7.886745438911202832, 8.499999999999996447, 102.5957660710353707 ) ) ;
#9667 = LINE ( 'NONE', #649, #10794 ) ;
#9668 = DIRECTION ( 'NONE',  ( 0.000000000000000000, -1.000000000000000000, 0.000000000000000000 ) ) ;
#9669 = ORIENTED_EDGE ( 'NONE', *, *, #3795, .F. ) ;
#9670 = CARTESIAN_POINT ( 'NONE',  ( 13.93168049979517953, 27.18588141109854917, 163.0000000000001421 ) ) ;
#9671 = FACE_OUTER_BOUND ( 'NONE', #5932, .T. ) ;
#9672 = VECTOR ( 'NONE', #6584, 1000.000000000000000 ) ;
#9673 = CARTESIAN_POINT ( 'NONE',  ( -31.10705080756945407, 2.250000000000000000, 78.10000000000002274 ) ) ;
#9674 = DIRECTION ( 'NONE',  ( -0.5735764363510440500, 0.000000000000000000, -0.8191520442889932418 ) ) ;
#9675 = DIRECTION ( 'NONE',  ( 1.000000000000000000, 8.673617379884037937E-17, -3.912415967295318123E-16 ) ) ;
#9676 = VECTOR ( 'NONE', #176, 1000.000000000000000 ) ;
#9677 = AXIS2_PLACEMENT_3D ( 'NONE', #4187, #1457, #11511 ) ;
#9678 = ORIENTED_EDGE ( 'NONE', *, *, #7900, .T. ) ;
#9679 = CIRCLE ( 'NONE', #3625, 3.750000000000000444 ) ;
#9680 = CARTESIAN_POINT ( 'NONE',  ( 6.792838747094699592, 9.816620134556753641, 102.2291834620159392 ) ) ;
#9681 = DIRECTION ( 'NONE',  ( 0.000000000000000000, 0.000000000000000000, 1.000000000000000000 ) ) ;
#9682 = CARTESIAN_POINT ( 'NONE',  ( -8.416731487870185546, 8.583268512128954697, 104.4185193399191149 ) ) ;
#9683 = CARTESIAN_POINT ( 'NONE',  ( 6.249999999999997335, 18.08327746154883187, 101.1000000000000227 ) ) ;
#9684 = DIRECTION ( 'NONE',  ( 0.000000000000000000, 1.000000000000000000, 0.000000000000000000 ) ) ;
#9685 = AXIS2_PLACEMENT_3D ( 'NONE', #11324, #10384, #7615 ) ;
#9686 = LINE ( 'NONE', #1570, #61 ) ;
#9687 = CARTESIAN_POINT ( 'NONE',  ( -20.26260754773826989, 7.249999999999999112, 128.6432295561562569 ) ) ;
#9688 = ORIENTED_EDGE ( 'NONE', *, *, #5910, .F. ) ;
#9689 = EDGE_CURVE ( 'NONE', #11487, #4324, #1501, .T. ) ;
#9690 = ORIENTED_EDGE ( 'NONE', *, *, #1246, .F. ) ;
#9691 = ADVANCED_FACE ( 'NONE', ( #4944 ), #6831, .F. ) ;
#9692 = FACE_OUTER_BOUND ( 'NONE', #3485, .T. ) ;
#9693 = CARTESIAN_POINT ( 'NONE',  ( -0.1768766589186837879, -7.802420220472374268, 104.8883279828650359 ) ) ;
#9694 = EDGE_CURVE ( 'NONE', #9577, #6986, #11098, .T. ) ;
#9695 = VECTOR ( 'NONE', #5303, 1000.000000000000000 ) ;
#9696 = DIRECTION ( 'NONE',  ( 2.884802377828661565E-16, -0.2164396139381084827, 0.9762960071199321410 ) ) ;
#9697 = DIRECTION ( 'NONE',  ( 0.7071067811865671127, -0.000000000000000000, 0.7071067811865279218 ) ) ;
#9698 = CARTESIAN_POINT ( 'NONE',  ( 16.25000000000000000, 8.500000000000000000, 100.1000000000000227 ) ) ;
#9699 = ORIENTED_EDGE ( 'NONE', *, *, #6667, .T. ) ;
#9700 = CARTESIAN_POINT ( 'NONE',  ( 14.51129095543615399, 21.45637587167328419, 100.0999999999999943 ) ) ;
#9701 = ORIENTED_EDGE ( 'NONE', *, *, #942, .T. ) ;
#9702 = AXIS2_PLACEMENT_3D ( 'NONE', #8888, #7993, #8709 ) ;
#9703 = CARTESIAN_POINT ( 'NONE',  ( 8.034853441042464794, 9.249999999999996447, 102.0695208790200184 ) ) ;
#9704 = VECTOR ( 'NONE', #9868, 1000.000000000000000 ) ;
#9705 = ORIENTED_EDGE ( 'NONE', *, *, #7316, .F. ) ;
#9706 = EDGE_CURVE ( 'NONE', #6940, #2656, #2099, .T. ) ;
#9707 = LINE ( 'NONE', #8820, #6977 ) ;
#9708 = DIRECTION ( 'NONE',  ( 0.000000000000000000, -0.2164396139381068174, 0.9762960071199324741 ) ) ;
#9709 = DIRECTION ( 'NONE',  ( -1.000000000000000000, -1.301042606982605321E-16, 0.000000000000000000 ) ) ;
#9710 = EDGE_LOOP ( 'NONE', ( #2900, #353, #10523, #6698, #7646, #7454 ) ) ;
#9711 = CARTESIAN_POINT ( 'NONE',  ( 2.923389366950810420, 13.47369780403797357, 104.3333229803988615 ) ) ;
#9712 = EDGE_CURVE ( 'NONE', #6902, #5897, #480, .T. ) ;
#9713 = CARTESIAN_POINT ( 'NONE',  ( 13.93168049979518130, 27.18588141109855272, 102.4084296756661701 ) ) ;
#9714 = ORIENTED_EDGE ( 'NONE', *, *, #9618, .T. ) ;
#9715 = CARTESIAN_POINT ( 'NONE',  ( -18.11169591142203217, 7.249999999999999112, 108.5714093900724890 ) ) ;
#9716 = CARTESIAN_POINT ( 'NONE',  ( -14.00069756327868831, 28.38360355392249801, 107.4062757066576097 ) ) ;
#9717 = CARTESIAN_POINT ( 'NONE',  ( -1.616560591396714930, 13.48034123939236295, 105.6917114555063932 ) ) ;
#9718 = LINE ( 'NONE', #3267, #11388 ) ;
#9719 = CARTESIAN_POINT ( 'NONE',  ( 7.864893807848887697, 9.161559300044739729, 102.9736942551547401 ) ) ;
#9720 = VERTEX_POINT ( 'NONE', #6662 ) ;
#9721 = PLANE ( 'NONE',  #5883 ) ;
#9722 = AXIS2_PLACEMENT_3D ( 'NONE', #11103, #10335, #4061 ) ;
#9723 = CARTESIAN_POINT ( 'NONE',  ( 19.74999999999964473, 2.250000000000000444, 141.4242565173703667 ) ) ;
#9724 = VERTEX_POINT ( 'NONE', #11214 ) ;
#9725 = CARTESIAN_POINT ( 'NONE',  ( 4.281804886466089144, 8.500000000000000000, 104.3421132080201801 ) ) ;
#9726 = CARTESIAN_POINT ( 'NONE',  ( 16.15036770283172274, 27.32231563747103209, 104.9422663175757151 ) ) ;
#9727 = AXIS2_PLACEMENT_3D ( 'NONE', #4255, #2409, #11347 ) ;
#9728 = DIRECTION ( 'NONE',  ( 0.000000000000000000, 0.000000000000000000, -1.000000000000000000 ) ) ;
#9729 = VERTEX_POINT ( 'NONE', #6601 ) ;
#9730 = CARTESIAN_POINT ( 'NONE',  ( 29.37500000000053291, 0.000000000000000000, 87.59999999999999432 ) ) ;
#9731 = FACE_OUTER_BOUND ( 'NONE', #6688, .T. ) ;
#9732 = EDGE_CURVE ( 'NONE', #626, #6252, #3112, .T. ) ;
#9733 = EDGE_CURVE ( 'NONE', #492, #6859, #5952, .T. ) ;
#9734 = VECTOR ( 'NONE', #7687, 1000.000000000000000 ) ;
#9735 = DIRECTION ( 'NONE',  ( 0.000000000000000000, 0.000000000000000000, -1.000000000000000000 ) ) ;
#9736 = CARTESIAN_POINT ( 'NONE',  ( -3.056611227097950856, 13.67662050101870008, 104.8063529209960336 ) ) ;
#9737 = CARTESIAN_POINT ( 'NONE',  ( -17.99999999999998934, 7.249999999999999112, 89.43550806100932959 ) ) ;
#9738 = ORIENTED_EDGE ( 'NONE', *, *, #2339, .F. ) ;
#9739 = VECTOR ( 'NONE', #3757, 1000.000000000000114 ) ;
#9740 = ADVANCED_FACE ( 'NONE', ( #3220 ), #9390, .F. ) ;
#9741 = CARTESIAN_POINT ( 'NONE',  ( 16.25000000000000000, 5.750000000000031086, 0.000000000000000000 ) ) ;
#9742 = DIRECTION ( 'NONE',  ( -0.000000000000000000, -1.000000000000000000, -0.000000000000000000 ) ) ;
#9743 = DIRECTION ( 'NONE',  ( -0.000000000000000000, -1.000000000000000000, -0.000000000000000000 ) ) ;
#9744 = AXIS2_PLACEMENT_3D ( 'NONE', #10468, #4134, #11346 ) ;
#9745 = CARTESIAN_POINT ( 'NONE',  ( 19.99999999999998934, 7.249999999999999112, 0.000000000000000000 ) ) ;
#9746 = FACE_BOUND ( 'NONE', #2024, .T. ) ;
#9747 = CARTESIAN_POINT ( 'NONE',  ( -8.573261829825105096, 8.499999999999996447, 103.5634170566978440 ) ) ;
#9748 = CARTESIAN_POINT ( 'NONE',  ( 42.85243938297000454, 0.000000000000000000, 30.00560108663034597 ) ) ;
#9749 = VERTEX_POINT ( 'NONE', #8443 ) ;
#9750 = ORIENTED_EDGE ( 'NONE', *, *, #6555, .T. ) ;
#9751 = EDGE_LOOP ( 'NONE', ( #5795, #8361, #9985, #3907 ) ) ;
#9752 = VECTOR ( 'NONE', #1813, 1000.000000000000114 ) ;
#9753 = DIRECTION ( 'NONE',  ( -1.000000000000000000, 0.000000000000000000, -0.000000000000000000 ) ) ;
#9754 = CARTESIAN_POINT ( 'NONE',  ( -26.00112609145443088, 2.250000000000000000, 148.0463266998052632 ) ) ;
#9755 = DIRECTION ( 'NONE',  ( -0.000000000000000000, -1.000000000000000000, -0.000000000000000000 ) ) ;
#9756 = PLANE ( 'NONE',  #7967 ) ;
#9757 = DIRECTION ( 'NONE',  ( 0.000000000000000000, -1.000000000000000000, 0.000000000000000000 ) ) ;
#9758 = VERTEX_POINT ( 'NONE', #4888 ) ;
#9759 = CARTESIAN_POINT ( 'NONE',  ( -21.90091163631642601, 0.000000000000000000, 110.4960766834540919 ) ) ;
#9760 = VERTEX_POINT ( 'NONE', #8667 ) ;
#9761 = CARTESIAN_POINT ( 'NONE',  ( 8.503038681384115449, 9.249999999999996447, 105.2379053313182453 ) ) ;
#9762 = VERTEX_POINT ( 'NONE', #7550 ) ;
#9763 = DIRECTION ( 'NONE',  ( 1.000000000000000000, 0.000000000000000000, 0.000000000000000000 ) ) ;
#9764 = CARTESIAN_POINT ( 'NONE',  ( 7.283805491649733455, 10.42870612352672666, 135.6275400263034783 ) ) ;
#9765 = DIRECTION ( 'NONE',  ( 0.8191520442889922426, 0.000000000000000000, -0.5735764363510454933 ) ) ;
#9766 = PLANE ( 'NONE',  #6229 ) ;
#9767 = ORIENTED_EDGE ( 'NONE', *, *, #1330, .T. ) ;
#9768 = CARTESIAN_POINT ( 'NONE',  ( 2.414985144263543493, 13.28699193167877723, 105.0426611333947591 ) ) ;
#9769 = DIRECTION ( 'NONE',  ( -0.1004173024523230262, -0.2153456000479074817, 0.9713612293622828631 ) ) ;
#9770 = ORIENTED_EDGE ( 'NONE', *, *, #3499, .F. ) ;
#9771 = LINE ( 'NONE', #6166, #3250 ) ;
#9772 = DIRECTION ( 'NONE',  ( -0.9063077870366492705, -0.4226182617407010511, -3.700743415417189520E-15 ) ) ;
#9773 = CARTESIAN_POINT ( 'NONE',  ( -1.733116358441260774, 13.48288797768048575, 105.6802238614536265 ) ) ;
#9774 = EDGE_CURVE ( 'NONE', #5186, #8704, #3052, .T. ) ;
#9775 = CARTESIAN_POINT ( 'NONE',  ( 6.973326691567582003, 9.249999999999998224, 101.6637503908222584 ) ) ;
#9776 = CARTESIAN_POINT ( 'NONE',  ( -15.29114218035016037, 26.55195401848749981, 107.5242346141747731 ) ) ;
#9777 = EDGE_CURVE ( 'NONE', #790, #6955, #5834, .T. ) ;
#9778 = LINE ( 'NONE', #5339, #7757 ) ;
#9779 = ORIENTED_EDGE ( 'NONE', *, *, #5300, .F. ) ;
#9780 = CARTESIAN_POINT ( 'NONE',  ( -21.38830408857798915, 0.000000000000000000, 106.2771036446682871 ) ) ;
#9781 = EDGE_CURVE ( 'NONE', #6046, #1315, #10332, .T. ) ;
#9782 = ORIENTED_EDGE ( 'NONE', *, *, #2565, .T. ) ;
#9783 = CARTESIAN_POINT ( 'NONE',  ( -9.359845887173079859, 7.640154112826921917, 138.8414722278378690 ) ) ;
#9784 = CARTESIAN_POINT ( 'NONE',  ( 29.37500000000054357, 0.000000000000000000, 125.0500000000000540 ) ) ;
#9785 = CARTESIAN_POINT ( 'NONE',  ( -6.151189504637058825, 9.738262743022117363, 102.2822562751003943 ) ) ;
#9786 = DIRECTION ( 'NONE',  ( 0.000000000000000000, 0.000000000000000000, 1.000000000000000000 ) ) ;
#9787 = ORIENTED_EDGE ( 'NONE', *, *, #2064, .F. ) ;
#9788 = DIRECTION ( 'NONE',  ( -1.417484439069005588E-31, -0.2164396139381068729, 0.9762960071199324741 ) ) ;
#9789 = ADVANCED_FACE ( 'NONE', ( #424 ), #4056, .T. ) ;
#9790 = ORIENTED_EDGE ( 'NONE', *, *, #8995, .T. ) ;
#9791 = ORIENTED_EDGE ( 'NONE', *, *, #4364, .F. ) ;
#9792 = FACE_OUTER_BOUND ( 'NONE', #5459, .T. ) ;
#9793 = DIRECTION ( 'NONE',  ( -0.9063077870366492705, 0.4226182617407010511, 0.000000000000000000 ) ) ;
#9794 = LINE ( 'NONE', #3572, #244 ) ;
#9795 = DIRECTION ( 'NONE',  ( -0.7071067811865672237, 0.000000000000000000, 0.7071067811865279218 ) ) ;
#9796 = LINE ( 'NONE', #127, #5388 ) ;
#9797 = CARTESIAN_POINT ( 'NONE',  ( -8.344444149257629562, 8.499999999999996447, 104.8202206981167706 ) ) ;
#9798 = CARTESIAN_POINT ( 'NONE',  ( -10.00000000000000178, 9.749999999999996447, 127.2934762997707310 ) ) ;
#9799 = EDGE_LOOP ( 'NONE', ( #11463, #5868, #5847, #3300 ) ) ;
#9800 = ORIENTED_EDGE ( 'NONE', *, *, #5480, .F. ) ;
#9801 = ORIENTED_EDGE ( 'NONE', *, *, #1623, .T. ) ;
#9802 = DIRECTION ( 'NONE',  ( 0.000000000000000000, 0.000000000000000000, 1.000000000000000000 ) ) ;
#9803 = CARTESIAN_POINT ( 'NONE',  ( -11.00000000000001066, 0.000000000000000000, 94.10000000000006537 ) ) ;
#9804 = CARTESIAN_POINT ( 'NONE',  ( -6.973326691567039326, 9.249999999999998224, 106.0362496091881894 ) ) ;
#9805 = CARTESIAN_POINT ( 'NONE',  ( 17.75773640591582492, 2.828050031711070833, 107.6000000000000085 ) ) ;
#9806 = CARTESIAN_POINT ( 'NONE',  ( -5.065512751760327781, 9.605676905260441600, 104.7500166847528078 ) ) ;
#9807 = ORIENTED_EDGE ( 'NONE', *, *, #6904, .T. ) ;
#9808 = CARTESIAN_POINT ( 'NONE',  ( 19.74999999999998934, 2.250000000000000000, 137.8414722278378690 ) ) ;
#9809 = ORIENTED_EDGE ( 'NONE', *, *, #645, .T. ) ;
#9810 = CARTESIAN_POINT ( 'NONE',  ( 7.223831845300282772, 9.249999999999996447, 105.9648463083248799 ) ) ;
#9811 = EDGE_LOOP ( 'NONE', ( #7430, #876, #8062, #10116, #87 ) ) ;
#9812 = AXIS2_PLACEMENT_3D ( 'NONE', #4898, #8452, #4842 ) ;
#9813 = VECTOR ( 'NONE', #10421, 1000.000000000000000 ) ;
#9814 = CONICAL_SURFACE ( 'NONE', #5856, 1.549999999999995826, 0.7853981633974524978 ) ;
#9815 = CARTESIAN_POINT ( 'NONE',  ( -29.37500000000054357, 0.000000000000000000, 130.3000000000000398 ) ) ;
#9816 = PLANE ( 'NONE',  #2375 ) ;
#9817 = CARTESIAN_POINT ( 'NONE',  ( -18.39097264198644766, 29.35448432324993817, 103.8500000000000085 ) ) ;
#9818 = ORIENTED_EDGE ( 'NONE', *, *, #6186, .T. ) ;
#9819 = CARTESIAN_POINT ( 'NONE',  ( 2.251725554795275031, 13.94354871767476567, 102.5482522964871492 ) ) ;
#9820 = FACE_OUTER_BOUND ( 'NONE', #10965, .T. ) ;
#9821 = ORIENTED_EDGE ( 'NONE', *, *, #7316, .T. ) ;
#9822 = CARTESIAN_POINT ( 'NONE',  ( 16.23849164777436727, 30.35820269488412748, 103.8500000000000085 ) ) ;
#9823 = AXIS2_PLACEMENT_3D ( 'NONE', #6958, #9742, #9681 ) ;
#9824 = DIRECTION ( 'NONE',  ( 0.000000000000000000, -1.000000000000000000, 0.000000000000000000 ) ) ;
#9825 = CARTESIAN_POINT ( 'NONE',  ( 6.031959016765998882, 9.723699758382871039, 105.3865723737114735 ) ) ;
#9826 = VECTOR ( 'NONE', #1842, 1000.000000000000000 ) ;
#9827 = CARTESIAN_POINT ( 'NONE',  ( 7.386301069850675916, 9.250000000000000000, 101.7471024675490980 ) ) ;
#9828 = LINE ( 'NONE', #11661, #1331 ) ;
#9829 = VECTOR ( 'NONE', #7488, 1000.000000000000000 ) ;
#9830 = EDGE_CURVE ( 'NONE', #302, #6116, #766, .T. ) ;
#9831 = DIRECTION ( 'NONE',  ( 1.734723475976805517E-15, 0.000000000000000000, 1.000000000000000000 ) ) ;
#9832 = VERTEX_POINT ( 'NONE', #10505 ) ;
#9833 = LINE ( 'NONE', #1722, #2076 ) ;
#9834 = EDGE_CURVE ( 'NONE', #2772, #5565, #10555, .T. ) ;
#9835 = CARTESIAN_POINT ( 'NONE',  ( 7.700356126698385317, 9.151280253161610645, 102.7761569508089821 ) ) ;
#9836 = ORIENTED_EDGE ( 'NONE', *, *, #8403, .T. ) ;
#9837 = CARTESIAN_POINT ( 'NONE',  ( -13.68983573714720769, 27.85034443548722649, 102.8116720171353080 ) ) ;
#9838 = DIRECTION ( 'NONE',  ( 1.000000000000000000, 0.000000000000000000, 0.000000000000000000 ) ) ;
#9839 = AXIS2_PLACEMENT_3D ( 'NONE', #9606, #8715, #822 ) ;
#9840 = CARTESIAN_POINT ( 'NONE',  ( -5.520314521884107428, 9.661219335271303166, 102.5439876484337844 ) ) ;
#9841 = CARTESIAN_POINT ( 'NONE',  ( 7.000000000000022204, 7.249999999999999112, 2.428612866367535454E-15 ) ) ;
#9842 = EDGE_LOOP ( 'NONE', ( #9701, #5470, #9552, #949 ) ) ;
#9843 = CARTESIAN_POINT ( 'NONE',  ( -5.000000000000000888, 0.000000000000000000, 93.10000000000003695 ) ) ;
#9844 = ORIENTED_EDGE ( 'NONE', *, *, #1954, .T. ) ;
#9845 = ORIENTED_EDGE ( 'NONE', *, *, #5960, .F. ) ;
#9846 = EDGE_CURVE ( 'NONE', #4925, #2597, #600, .T. ) ;
#9847 = ORIENTED_EDGE ( 'NONE', *, *, #4485, .F. ) ;
#9848 = CARTESIAN_POINT ( 'NONE',  ( -11.00000000000001066, 31.94302117641175442, 96.10000000000006537 ) ) ;
#9849 = VECTOR ( 'NONE', #4509, 1000.000000000000000 ) ;
#9850 = EDGE_CURVE ( 'NONE', #4258, #10788, #11446, .T. ) ;
#9851 = AXIS2_PLACEMENT_3D ( 'NONE', #8018, #4468, #3518 ) ;
#9852 = DIRECTION ( 'NONE',  ( 1.752335333352417057E-16, -0.5372996083468168926, -0.8433914458128900504 ) ) ;
#9853 = CARTESIAN_POINT ( 'NONE',  ( 16.25000000000000000, 19.30497212419179931, 100.1000000000000227 ) ) ;
#9854 = DIRECTION ( 'NONE',  ( 0.000000000000000000, 0.000000000000000000, -1.000000000000000000 ) ) ;
#9855 = DIRECTION ( 'NONE',  ( -1.169076280688340587E-16, -1.014012034658857832E-32, -1.000000000000000000 ) ) ;
#9856 = AXIS2_PLACEMENT_3D ( 'NONE', #9258, #10801, #243 ) ;
#9857 = CARTESIAN_POINT ( 'NONE',  ( -6.297766783074483676, 8.788588282033687804, 105.4750000000000227 ) ) ;
#9858 = LINE ( 'NONE', #8373, #9493 ) ;
#9859 = VECTOR ( 'NONE', #10557, 1000.000000000000000 ) ;
#9860 = ORIENTED_EDGE ( 'NONE', *, *, #3214, .T. ) ;
#9861 = AXIS2_PLACEMENT_3D ( 'NONE', #3452, #950, #5345 ) ;
#9862 = EDGE_CURVE ( 'NONE', #3469, #8942, #6007, .T. ) ;
#9863 = VERTEX_POINT ( 'NONE', #8900 ) ;
#9864 = VERTEX_POINT ( 'NONE', #653 ) ;
#9865 = ADVANCED_FACE ( 'NONE', ( #9731 ), #6180, .F. ) ;
#9866 = CARTESIAN_POINT ( 'NONE',  ( 7.864880292010782981, 9.161557872247758638, 104.7263230103517913 ) ) ;
#9867 = LINE ( 'NONE', #8986, #8239 ) ;
#9868 = DIRECTION ( 'NONE',  ( 1.000000000000000000, 8.673617379884035472E-17, 1.922894678927368293E-17 ) ) ;
#9869 = CARTESIAN_POINT ( 'NONE',  ( -8.181485216070020883, 9.986200551584417440, 102.8811360779804005 ) ) ;
#9870 = ORIENTED_EDGE ( 'NONE', *, *, #8444, .T. ) ;
#9871 = AXIS2_PLACEMENT_3D ( 'NONE', #2209, #5052, #9546 ) ;
#9872 = CARTESIAN_POINT ( 'NONE',  ( -29.37500000000054357, 2.250000000000000000, 125.0500000000000540 ) ) ;
#9873 = EDGE_CURVE ( 'NONE', #862, #3255, #594, .T. ) ;
#9874 = ORIENTED_EDGE ( 'NONE', *, *, #10802, .F. ) ;
#9875 = CARTESIAN_POINT ( 'NONE',  ( 2.626418830641333191, 13.33987427388751001, 104.8417611554016418 ) ) ;
#9876 = VERTEX_POINT ( 'NONE', #8723 ) ;
#9877 = CIRCLE ( 'NONE', #5733, 1.624999999999999112 ) ;
#9878 = PRESENTATION_STYLE_ASSIGNMENT (( #8761 ) ) ;
#9879 = LINE ( 'NONE', #8047, #4156 ) ;
#9880 = DIRECTION ( 'NONE',  ( -0.7071067811865493491, -1.598181036901632712E-15, -0.7071067811865457964 ) ) ;
#9881 = DIRECTION ( 'NONE',  ( 0.000000000000000000, -0.9762960071199324741, -0.2164396139381068729 ) ) ;
#9882 = ORIENTED_EDGE ( 'NONE', *, *, #347, .F. ) ;
#9883 = CARTESIAN_POINT ( 'NONE',  ( 2.952024865938646325, 13.49854458674965407, 104.2389243911424614 ) ) ;
#9884 = ORIENTED_EDGE ( 'NONE', *, *, #7091, .F. ) ;
#9885 = DIRECTION ( 'NONE',  ( 0.000000000000000000, 0.000000000000000000, 1.000000000000000000 ) ) ;
#9886 = ORIENTED_EDGE ( 'NONE', *, *, #9732, .T. ) ;
#9887 = VECTOR ( 'NONE', #2489, 1000.000000000000000 ) ;
#9888 = CARTESIAN_POINT ( 'NONE',  ( -2.968487351538884766, 13.68143660658445881, 103.5440751416157070 ) ) ;
#9889 = CARTESIAN_POINT ( 'NONE',  ( 4.833129864355715455, 9.577301987335385292, 104.3399239673550909 ) ) ;
#9890 = CONICAL_SURFACE ( 'NONE', #4593, 1.549999999999995826, 0.7853981633974524978 ) ;
#9891 = DIRECTION ( 'NONE',  ( 0.000000000000000000, 1.000000000000000000, 0.000000000000000000 ) ) ;
#9892 = AXIS2_PLACEMENT_3D ( 'NONE', #6287, #5341, #701 ) ;
#9893 = CARTESIAN_POINT ( 'NONE',  ( 7.839996678112651551, 9.160003365220998006, 104.7587792889157186 ) ) ;
#9894 = VECTOR ( 'NONE', #1998, 1000.000000000000000 ) ;
#9895 = DIRECTION ( 'NONE',  ( 0.000000000000000000, 1.000000000000000000, 0.000000000000000000 ) ) ;
#9896 = ORIENTED_EDGE ( 'NONE', *, *, #5251, .F. ) ;
#9897 = DIRECTION ( 'NONE',  ( 0.000000000000000000, 0.000000000000000000, 1.000000000000000000 ) ) ;
#9898 = CARTESIAN_POINT ( 'NONE',  ( 6.904074664119070448, 9.101537972936316834, 102.3079948524817553 ) ) ;
#9899 = ORIENTED_EDGE ( 'NONE', *, *, #8182, .F. ) ;
#9900 = FACE_OUTER_BOUND ( 'NONE', #10205, .T. ) ;
#9901 = CARTESIAN_POINT ( 'NONE',  ( -20.26260754773819528, 0.000000000000000000, 137.1432295561561716 ) ) ;
#9902 = CARTESIAN_POINT ( 'NONE',  ( -33.75000000000054001, 2.250000000000000000, 127.7740925722955012 ) ) ;
#9903 = DIRECTION ( 'NONE',  ( -1.000000000000000000, 0.000000000000000000, 0.000000000000000000 ) ) ;
#9904 = ORIENTED_EDGE ( 'NONE', *, *, #1544, .T. ) ;
#9905 = DIRECTION ( 'NONE',  ( 0.6985753890242746289, 0.1548704352004008911, -0.6985753890242784037 ) ) ;
#9906 = CIRCLE ( 'NONE', #11713, 3.750000000000000444 ) ;
#9907 = ADVANCED_FACE ( 'NONE', ( #9671 ), #9614, .T. ) ;
#9908 = EDGE_CURVE ( 'NONE', #6745, #10826, #1007, .T. ) ;
#9909 = ORIENTED_EDGE ( 'NONE', *, *, #4578, .T. ) ;
#9910 = ORIENTED_EDGE ( 'NONE', *, *, #227, .T. ) ;
#9911 = DIRECTION ( 'NONE',  ( -6.569191871839110099E-16, 0.9940563382223012168, 0.1088668748521327695 ) ) ;
#9912 = AXIS2_PLACEMENT_3D ( 'NONE', #11284, #1220, #2054 ) ;
#9913 = FACE_OUTER_BOUND ( 'NONE', #11622, .T. ) ;
#9914 = DIRECTION ( 'NONE',  ( -0.000000000000000000, -0.000000000000000000, -1.000000000000000000 ) ) ;
#9915 = CARTESIAN_POINT ( 'NONE',  ( -26.00112609145443088, 0.000000000000000000, 130.3000000000000398 ) ) ;
#9916 = CARTESIAN_POINT ( 'NONE',  ( 12.74999999999995204, 15.23373697095270529, 135.6685102046980660 ) ) ;
#9917 = CARTESIAN_POINT ( 'NONE',  ( -6.786701134427673310, 8.849829626204547495, 105.3920051475140696 ) ) ;
#9918 = EDGE_CURVE ( 'NONE', #271, #868, #7894, .T. ) ;
#9919 = B_SPLINE_CURVE_WITH_KNOTS ( 'NONE', 3,
 ( #5144, #11579, #9804, #7087, #8747, #4196, #7864, #1517, #8637, #617, #10698, #3359, #6202, #10526, #557, #7747, #11466, #5201 ),
 .UNSPECIFIED., .F., .F.,
 ( 4, 2, 2, 2, 2, 2, 2, 2, 4 ),
 ( 0.000000000000000000, 0.1250000000000000000, 0.2500000000000000000, 0.3750000000000000000, 0.5000000000000000000, 0.6250000000000000000, 0.7500000000000000000, 0.8750000000000000000, 1.000000000000000000 ),
 .UNSPECIFIED. ) ;
#9920 = ORIENTED_EDGE ( 'NONE', *, *, #1216, .T. ) ;
#9921 = VECTOR ( 'NONE', #9674, 1000.000000000000000 ) ;
#9922 = ORIENTED_EDGE ( 'NONE', *, *, #8059, .F. ) ;
#9923 = ORIENTED_EDGE ( 'NONE', *, *, #8169, .T. ) ;
#9924 = CARTESIAN_POINT ( 'NONE',  ( 5.830172501334350166, 9.034453223603117422, 105.4230269381075260 ) ) ;
#9925 = LINE ( 'NONE', #2757, #3515 ) ;
#9926 = CARTESIAN_POINT ( 'NONE',  ( 12.74999999999999289, 13.96768987689089769, 109.2687067062699384 ) ) ;
#9927 = CARTESIAN_POINT ( 'NONE',  ( -1.035238203405513281E-15, 9.249999999999998224, 107.6000000000000085 ) ) ;
#9928 = CARTESIAN_POINT ( 'NONE',  ( -5.912338457851619822, 9.709091556440343496, 105.3495726995450212 ) ) ;
#9929 = VERTEX_POINT ( 'NONE', #8962 ) ;
#9930 = EDGE_CURVE ( 'NONE', #10913, #5727, #8173, .T. ) ;
#9931 = CARTESIAN_POINT ( 'NONE',  ( 35.58213756747366574, 2.250000000000000000, 24.91488095035986561 ) ) ;
#9932 = ORIENTED_EDGE ( 'NONE', *, *, #3853, .T. ) ;
#9933 = CARTESIAN_POINT ( 'NONE',  ( 8.015279883467911759, 9.170952968846108888, 103.2231762372365864 ) ) ;
#9934 = CARTESIAN_POINT ( 'NONE',  ( 1.500000000000000000, 13.20609684524211680, 105.3500000000000227 ) ) ;
#9935 = ORIENTED_EDGE ( 'NONE', *, *, #9774, .T. ) ;
#9936 = VECTOR ( 'NONE', #8940, 1000.000000000000000 ) ;
#9937 = ORIENTED_EDGE ( 'NONE', *, *, #3115, .T. ) ;
#9938 = CARTESIAN_POINT ( 'NONE',  ( 20.26260754773828765, 0.000000000000000000, 128.6432295561562569 ) ) ;
#9939 = EDGE_CURVE ( 'NONE', #11461, #1094, #5237, .T. ) ;
#9940 = CARTESIAN_POINT ( 'NONE',  ( 20.26260754773824502, 0.000000000000000000, 137.1432295561562000 ) ) ;
#9941 = CARTESIAN_POINT ( 'NONE',  ( -2.000000000000000000, 3.999999999999998224, 107.6000000000000085 ) ) ;
#9942 = ORIENTED_EDGE ( 'NONE', *, *, #8552, .F. ) ;
#9943 = CARTESIAN_POINT ( 'NONE',  ( 2.164727316715938432, 13.95578844866835411, 102.5017507694250725 ) ) ;
#9944 = EDGE_LOOP ( 'NONE', ( #3731, #6032, #1332, #8116 ) ) ;
#9945 = CARTESIAN_POINT ( 'NONE',  ( 0.1629887612202528258, -7.960902068625219208, 103.8500000000000085 ) ) ;
#9946 = LINE ( 'NONE', #3277, #10247 ) ;
#9947 = EDGE_LOOP ( 'NONE', ( #1392, #9053, #7741, #8300 ) ) ;
#9948 = CARTESIAN_POINT ( 'NONE',  ( -2.740806435340712444, 13.82278278371130753, 103.0070693920741149 ) ) ;
#9949 = CARTESIAN_POINT ( 'NONE',  ( 25.47124709541390786, 47.47124709541338916, 63.32851620690271943 ) ) ;
#9950 = LINE ( 'NONE', #3611, #2128 ) ;
#9951 = CARTESIAN_POINT ( 'NONE',  ( 23.53921572489443648, 2.250000000000000444, 109.3489238107519839 ) ) ;
#9952 = ADVANCED_FACE ( 'NONE', ( #4287 ), #3509, .F. ) ;
#9953 = CARTESIAN_POINT ( 'NONE',  ( -10.00000000000000888, 31.94302117641175442, 96.10000000000006537 ) ) ;
#9954 = ORIENTED_EDGE ( 'NONE', *, *, #3012, .F. ) ;
#9955 = LINE ( 'NONE', #947, #3207 ) ;
#9956 = CARTESIAN_POINT ( 'NONE',  ( 6.550752209301079709, 9.079466550476571030, 102.2354747767970053 ) ) ;
#9957 = EDGE_LOOP ( 'NONE', ( #9437, #6976, #2573, #2352 ) ) ;
#9958 = CARTESIAN_POINT ( 'NONE',  ( -17.29289321881345387, 3.292893218813465417, 107.6000000000000085 ) ) ;
#9959 = CARTESIAN_POINT ( 'NONE',  ( 12.44282032302743346, -8.525798494467299093, 67.32420150553271299 ) ) ;
#9960 = CARTESIAN_POINT ( 'NONE',  ( -5.391923568480642359, 9.645548874570030407, 105.0677504607263160 ) ) ;
#9961 = DIRECTION ( 'NONE',  ( 0.4226182617407008291, -0.9063077870366492705, 0.000000000000000000 ) ) ;
#9962 = EDGE_LOOP ( 'NONE', ( #496, #5990, #5832, #11613 ) ) ;
#9963 = CARTESIAN_POINT ( 'NONE',  ( -29.37500000000054357, 2.250000000000000000, 123.5000000000000568 ) ) ;
#9964 = VERTEX_POINT ( 'NONE', #1668 ) ;
#9965 = ORIENTED_EDGE ( 'NONE', *, *, #219, .T. ) ;
#9966 = PLANE ( 'NONE',  #2899 ) ;
#9967 = CARTESIAN_POINT ( 'NONE',  ( -83.74999999999377565, 0.000000000000000000, 83.74999999999840838 ) ) ;
#9968 = FACE_OUTER_BOUND ( 'NONE', #97, .T. ) ;
#9969 = EDGE_CURVE ( 'NONE', #2159, #11300, #4023, .T. ) ;
#9970 = CARTESIAN_POINT ( 'NONE',  ( 15.29114218035016037, 26.55195401848749981, 105.2915703243338470 ) ) ;
#9971 = CARTESIAN_POINT ( 'NONE',  ( -14.38148759860103887, 28.46569310683225851, 102.4777333278947680 ) ) ;
#9972 = CARTESIAN_POINT ( 'NONE',  ( -6.048505053585007118, 8.757367069365688650, 105.4749999999999943 ) ) ;
#9973 = ORIENTED_EDGE ( 'NONE', *, *, #8059, .T. ) ;
#9974 = ORIENTED_EDGE ( 'NONE', *, *, #7335, .F. ) ;
#9975 = EDGE_CURVE ( 'NONE', #1912, #6252, #2391, .T. ) ;
#9976 = CARTESIAN_POINT ( 'NONE',  ( 5.259509869115701619, 8.499999999999996447, 102.2028746129092553 ) ) ;
#9977 = DIRECTION ( 'NONE',  ( 0.000000000000000000, 0.000000000000000000, -1.000000000000000000 ) ) ;
#9978 = CARTESIAN_POINT ( 'NONE',  ( -9.999999999999971578, -4.000000000000005329, 109.8500000000000227 ) ) ;
#9979 = ADVANCED_FACE ( 'NONE', ( #2508 ), #1615, .F. ) ;
#9980 = CARTESIAN_POINT ( 'NONE',  ( -18.11169591142183677, 3.888304088578160567, 125.5714093900724464 ) ) ;
#9981 = CARTESIAN_POINT ( 'NONE',  ( -5.398489071052973820, 9.646340089742352575, 102.6249614430166304 ) ) ;
#9982 = VERTEX_POINT ( 'NONE', #4235 ) ;
#9983 = CARTESIAN_POINT ( 'NONE',  ( -16.02103869624942689, 27.67073502133479579, 100.2184545741367288 ) ) ;
#9984 = EDGE_CURVE ( 'NONE', #1147, #1547, #3685, .T. ) ;
#9985 = ORIENTED_EDGE ( 'NONE', *, *, #7533, .T. ) ;
#9986 = CARTESIAN_POINT ( 'NONE',  ( 7.890193575216548183, 9.163137189820227846, 103.0094305218498505 ) ) ;
#9987 = CARTESIAN_POINT ( 'NONE',  ( 2.544003289528947054, 13.31735194684146606, 104.9273170540307234 ) ) ;
#9988 = EDGE_LOOP ( 'NONE', ( #8161, #5409, #8781, #2470 ) ) ;
#9989 = EDGE_LOOP ( 'NONE', ( #2338, #2785, #9439, #9291 ) ) ;
#9990 = CARTESIAN_POINT ( 'NONE',  ( -23.53921572489414160, 2.250000000000000444, 134.8489238107520407 ) ) ;
#9991 = FACE_OUTER_BOUND ( 'NONE', #3087, .T. ) ;
#9992 = DIRECTION ( 'NONE',  ( 0.000000000000000000, 0.000000000000000000, 1.000000000000000000 ) ) ;
#9993 = VERTEX_POINT ( 'NONE', #115 ) ;
#9994 = DIRECTION ( 'NONE',  ( 0.000000000000000000, -1.000000000000000000, 0.000000000000000000 ) ) ;
#9995 = ORIENTED_EDGE ( 'NONE', *, *, #7692, .T. ) ;
#9996 = EDGE_CURVE ( 'NONE', #1582, #9383, #5642, .T. ) ;
#9997 = DIRECTION ( 'NONE',  ( 0.3145145977190313968, 0.000000000000000000, -0.9492526364575637476 ) ) ;
#9998 = CARTESIAN_POINT ( 'NONE',  ( -4.252585962947763143, 9.249999999999998224, 103.9658353865156499 ) ) ;
#9999 = ORIENTED_EDGE ( 'NONE', *, *, #1544, .F. ) ;
#10000 = CARTESIAN_POINT ( 'NONE',  ( -2.469034218913308099, 13.90235157343039951, 102.7047598175833230 ) ) ;
#10001 = EDGE_CURVE ( 'NONE', #10153, #7587, #4971, .T. ) ;
#10002 = CARTESIAN_POINT ( 'NONE',  ( 5.548259867729018247, 9.664635693171780062, 105.1733632188296923 ) ) ;
#10003 = PLANE ( 'NONE',  #7032 ) ;
#10004 = ADVANCED_FACE ( 'NONE', ( #2852 ), #8243, .F. ) ;
#10005 = AXIS2_PLACEMENT_3D ( 'NONE', #6981, #6874, #9709 ) ;
#10006 = LINE ( 'NONE', #1895, #3411 ) ;
#10007 = CARTESIAN_POINT ( 'NONE',  ( -7.431487473081380024, 8.930592170241158811, 102.6257460103365560 ) ) ;
#10008 = EDGE_CURVE ( 'NONE', #2373, #9982, #5406, .T. ) ;
#10009 = VECTOR ( 'NONE', #7959, 1000.000000000000000 ) ;
#10010 = ORIENTED_EDGE ( 'NONE', *, *, #6126, .T. ) ;
#10011 = CARTESIAN_POINT ( 'NONE',  ( 1.500000000000000000, 31.94302117641175442, 103.8500000000000227 ) ) ;
#10012 = EDGE_CURVE ( 'NONE', #3471, #11077, #2883, .T. ) ;
#10013 = CARTESIAN_POINT ( 'NONE',  ( 6.188139824846669690, 9.056814802711070200, 102.2250000000000085 ) ) ;
#10014 = AXIS2_PLACEMENT_3D ( 'NONE', #4497, #3667, #4440 ) ;
#10015 = VERTEX_POINT ( 'NONE', #6470 ) ;
#10016 = CARTESIAN_POINT ( 'NONE',  ( -17.99999999999998934, 0.000000000000000000, 89.43550806100932959 ) ) ;
#10017 = LINE ( 'NONE', #11204, #10445 ) ;
#10018 = DIRECTION ( 'NONE',  ( 0.4226182617407007736, 0.9063077870366492705, 0.000000000000000000 ) ) ;
#10019 = DIRECTION ( 'NONE',  ( 0.000000000000000000, 0.000000000000000000, 1.000000000000000000 ) ) ;
#10020 = EDGE_LOOP ( 'NONE', ( #9999, #2956, #1128, #8223, #11686 ) ) ;
#10021 = EDGE_CURVE ( 'NONE', #7144, #8807, #3623, .T. ) ;
#10022 = LINE ( 'NONE', #1908, #7755 ) ;
#10023 = VERTEX_POINT ( 'NONE', #10906 ) ;
#10024 = ORIENTED_EDGE ( 'NONE', *, *, #10089, .F. ) ;
#10025 = VECTOR ( 'NONE', #6802, 1000.000000000000000 ) ;
#10026 = FACE_OUTER_BOUND ( 'NONE', #1133, .T. ) ;
#10027 = CARTESIAN_POINT ( 'NONE',  ( 7.489407524111849845, 9.510592475888147490, 105.6526825045774700 ) ) ;
#10028 = CARTESIAN_POINT ( 'NONE',  ( 15.95560520473883415, 26.79379878113547164, 100.3144660940672566 ) ) ;
#10029 = DIRECTION ( 'NONE',  ( -1.000000000000000000, 0.000000000000000000, 0.000000000000000000 ) ) ;
#10030 = CARTESIAN_POINT ( 'NONE',  ( -33.75000000000054001, 0.000000000000000000, 127.7740925722955012 ) ) ;
#10031 = CARTESIAN_POINT ( 'NONE',  ( -7.607742132396015045, 8.952668901448395999, 102.7761569508071915 ) ) ;
#10032 = ORIENTED_EDGE ( 'NONE', *, *, #5948, .T. ) ;
#10033 = EDGE_CURVE ( 'NONE', #10346, #4383, #9019, .T. ) ;
#10034 = ORIENTED_EDGE ( 'NONE', *, *, #6187, .F. ) ;
#10035 = CIRCLE ( 'NONE', #565, 1.549999999999995826 ) ;
#10036 = CARTESIAN_POINT ( 'NONE',  ( 8.061474913887556326, 9.173838698574627415, 103.3264001046209586 ) ) ;
#10037 = DIRECTION ( 'NONE',  ( 0.4226182617407008846, -0.9063077870366493816, 0.000000000000000000 ) ) ;
#10038 = FACE_OUTER_BOUND ( 'NONE', #9179, .T. ) ;
#10039 = CYLINDRICAL_SURFACE ( 'NONE', #8887, 1.549999999999995826 ) ;
#10040 = CARTESIAN_POINT ( 'NONE',  ( -21.35344314932018506, 2.250000000000000000, 156.6000000000001933 ) ) ;
#10041 = DIRECTION ( 'NONE',  ( 0.000000000000000000, 0.000000000000000000, 1.000000000000000000 ) ) ;
#10042 = VERTEX_POINT ( 'NONE', #4512 ) ;
#10043 = PLANE ( 'NONE',  #7082 ) ;
#10044 =( BOUNDED_CURVE ( )  B_SPLINE_CURVE ( 3, ( #5374, #3478, #8929, #9805 ),
 .UNSPECIFIED., .F., .F. ) 
 B_SPLINE_CURVE_WITH_KNOTS ( ( 4, 4 ),
 ( 3.486044033516274343, 4.008924052888538370 ),
 .UNSPECIFIED. ) 
 CURVE ( )  GEOMETRIC_REPRESENTATION_ITEM ( )  RATIONAL_B_SPLINE_CURVE ( ( 1.000000000000000000, 0.9773458518741193757, 0.9773458518741193757, 1.000000000000000000 ) ) 
 REPRESENTATION_ITEM ( '' )  );
#10045 = ORIENTED_EDGE ( 'NONE', *, *, #10137, .F. ) ;
#10046 = DIRECTION ( 'NONE',  ( 1.000000000000000000, 0.000000000000000000, 0.000000000000000000 ) ) ;
#10047 = DIRECTION ( 'NONE',  ( 0.000000000000000000, 0.000000000000000000, 1.000000000000000000 ) ) ;
#10048 = VECTOR ( 'NONE', #8771, 1000.000000000000000 ) ;
#10049 = VECTOR ( 'NONE', #8639, 1000.000000000000000 ) ;
#10050 = VECTOR ( 'NONE', #11443, 1000.000000000000000 ) ;
#10051 = ORIENTED_EDGE ( 'NONE', *, *, #3212, .F. ) ;
#10052 = EDGE_CURVE ( 'NONE', #749, #4950, #7239, .T. ) ;
#10053 =( GEOMETRIC_REPRESENTATION_CONTEXT ( 3 ) GLOBAL_UNCERTAINTY_ASSIGNED_CONTEXT ( ( #3005 ) ) GLOBAL_UNIT_ASSIGNED_CONTEXT ( ( #806, #2476, #4372 ) ) REPRESENTATION_CONTEXT ( 'NONE', 'WORKASPACE' ) );
#10054 = ORIENTED_EDGE ( 'NONE', *, *, #5806, .F. ) ;
#10055 = DIRECTION ( 'NONE',  ( 0.3420201433256765955, 0.9396926207859054303, 8.659560562355026535E-17 ) ) ;
#10056 = CARTESIAN_POINT ( 'NONE',  ( 9.783461644974078553, 22.46159991214165075, 97.56653835502592642 ) ) ;
#10057 = VECTOR ( 'NONE', #2661, 1000.000000000000227 ) ;
#10058 = FACE_BOUND ( 'NONE', #6362, .T. ) ;
#10059 = VERTEX_POINT ( 'NONE', #9901 ) ;
#10060 = CARTESIAN_POINT ( 'NONE',  ( 1.500000000000001332, 14.26997711284614745, 102.1298942063219357 ) ) ;
#10061 = ORIENTED_EDGE ( 'NONE', *, *, #11563, .F. ) ;
#10062 = CARTESIAN_POINT ( 'NONE',  ( 1.500000000000000222, 9.249999999999998224, 102.3500000000000227 ) ) ;
#10063 = CARTESIAN_POINT ( 'NONE',  ( -5.070272582278430917, 9.249999999999998224, 102.2107929051641690 ) ) ;
#10064 = ORIENTED_EDGE ( 'NONE', *, *, #11714, .F. ) ;
#10065 = CARTESIAN_POINT ( 'NONE',  ( -2.162625589757696254, 13.95535309140361768, 102.5033980175325894 ) ) ;
#10066 = CARTESIAN_POINT ( 'NONE',  ( 4.962475702799335586, 9.593094228306522808, 104.5963076702490753 ) ) ;
#10067 = CARTESIAN_POINT ( 'NONE',  ( -1.499999999999996225, 13.48034298036375489, 105.6917036024919696 ) ) ;
#10068 = FACE_OUTER_BOUND ( 'NONE', #10404, .T. ) ;
#10069 = VECTOR ( 'NONE', #6356, 1000.000000000000114 ) ;
#10070 = EDGE_CURVE ( 'NONE', #6672, #8448, #8067, .T. ) ;
#10071 = CARTESIAN_POINT ( 'NONE',  ( -5.923879347533651085, 8.741757109182469065, 102.2354747767994496 ) ) ;
#10072 = EDGE_LOOP ( 'NONE', ( #4968, #2927, #546, #9369, #9705 ) ) ;
#10073 = DIRECTION ( 'NONE',  ( -1.000000000000000000, -0.000000000000000000, -9.654113257610012971E-15 ) ) ;
#10074 = ORIENTED_EDGE ( 'NONE', *, *, #10915, .F. ) ;
#10075 = LINE ( 'NONE', #9315, #2258 ) ;
#10076 = CARTESIAN_POINT ( 'NONE',  ( 5.490606722257025396, 9.013241156097400619, 105.3106033331434332 ) ) ;
#10077 = ORIENTED_EDGE ( 'NONE', *, *, #1101, .T. ) ;
#10078 = VECTOR ( 'NONE', #1858, 1000.000000000000114 ) ;
#10079 = LINE ( 'NONE', #9197, #11552 ) ;
#10080 = CARTESIAN_POINT ( 'NONE',  ( 26.00112609145443088, 2.250000000000000000, 130.3000000000000398 ) ) ;
#10081 = CARTESIAN_POINT ( 'NONE',  ( -5.697922214815887898, 9.682924643949212040, 105.2560415626407178 ) ) ;
#10082 = VECTOR ( 'NONE', #123, 1000.000000000000000 ) ;
#10083 = DIRECTION ( 'NONE',  ( 0.4226182617407020503, -0.9063077870366487154, 0.000000000000000000 ) ) ;
#10084 = ORIENTED_EDGE ( 'NONE', *, *, #8620, .F. ) ;
#10085 = DIRECTION ( 'NONE',  ( 0.000000000000000000, -1.000000000000000000, 0.000000000000000000 ) ) ;
#10086 = CIRCLE ( 'NONE', #5543, 2.000000000000029310 ) ;
#10087 = DIRECTION ( 'NONE',  ( 0.000000000000000000, -0.2164396139381074557, 0.9762960071199322520 ) ) ;
#10088 = VERTEX_POINT ( 'NONE', #1903 ) ;
#10089 = EDGE_CURVE ( 'NONE', #2964, #5568, #2736, .T. ) ;
#10090 = ADVANCED_FACE ( 'NONE', ( #9133 ), #4639, .F. ) ;
#10091 = ORIENTED_EDGE ( 'NONE', *, *, #7525, .F. ) ;
#10092 = DIRECTION ( 'NONE',  ( 0.000000000000000000, 0.000000000000000000, 1.000000000000000000 ) ) ;
#10093 = CARTESIAN_POINT ( 'NONE',  ( 17.05368864071153467, 4.946311359288487530, 115.5604184152887370 ) ) ;
#10094 = DIRECTION ( 'NONE',  ( -0.4975428121645255608, 0.4975428121645315005, -0.7105647754616220002 ) ) ;
#10095 = VECTOR ( 'NONE', #472, 1000.000000000000000 ) ;
#10096 = DIRECTION ( 'NONE',  ( 0.000000000000000000, 1.000000000000000000, 0.000000000000000000 ) ) ;
#10097 = CARTESIAN_POINT ( 'NONE',  ( -8.500000000075814910, 8.499999999999998224, 103.2617562811714009 ) ) ;
#10098 = CARTESIAN_POINT ( 'NONE',  ( -8.016441506318541244, 9.003860434527497958, 104.2713347571689440 ) ) ;
#10099 = EDGE_LOOP ( 'NONE', ( #8449, #10813, #113, #1810 ) ) ;
#10100 = EDGE_CURVE ( 'NONE', #622, #7636, #9198, .T. ) ;
#10101 = EDGE_CURVE ( 'NONE', #2251, #7361, #8183, .T. ) ;
#10102 = ORIENTED_EDGE ( 'NONE', *, *, #162, .F. ) ;
#10103 = VECTOR ( 'NONE', #140, 1000.000000000000000 ) ;
#10104 = CARTESIAN_POINT ( 'NONE',  ( 6.904074664119081994, 9.101537972936311505, 105.3920051475182476 ) ) ;
#10105 = CARTESIAN_POINT ( 'NONE',  ( 14.50221515314512288, 28.40939692359802038, 105.2915703243338470 ) ) ;
#10106 = DIRECTION ( 'NONE',  ( 0.000000000000000000, 0.000000000000000000, -1.000000000000000000 ) ) ;
#10107 = DIRECTION ( 'NONE',  ( -0.000000000000000000, -1.000000000000000000, -0.000000000000000000 ) ) ;
#10108 = CARTESIAN_POINT ( 'NONE',  ( 8.750000000000000000, 14.53030822565385805, 136.5914722278378406 ) ) ;
#10109 = CARTESIAN_POINT ( 'NONE',  ( -7.750000000000001776, 9.249999999999991118, 107.6000000000000085 ) ) ;
#10110 = ORIENTED_EDGE ( 'NONE', *, *, #11321, .T. ) ;
#10111 = FACE_OUTER_BOUND ( 'NONE', #2131, .T. ) ;
#10112 = ORIENTED_EDGE ( 'NONE', *, *, #7388, .T. ) ;
#10113 = CARTESIAN_POINT ( 'NONE',  ( 8.048623816290954025, 9.173033232984590057, 103.2985914268906669 ) ) ;
#10115 = VECTOR ( 'NONE', #8012, 1000.000000000000000 ) ;
#10114 = CARTESIAN_POINT ( 'NONE',  ( 2.688879230237574802, 13.84200071422255540, 102.9340438071083099 ) ) ;
#10116 = ORIENTED_EDGE ( 'NONE', *, *, #713, .T. ) ;
#10117 = ORIENTED_EDGE ( 'NONE', *, *, #8068, .F. ) ;
#10118 = CARTESIAN_POINT ( 'NONE',  ( 8.332426781179542274, 8.667573218819955017, 103.6460858705596308 ) ) ;
#10119 = CARTESIAN_POINT ( 'NONE',  ( -1.250000000000014211, 36.40283343504449221, 8.070313877629478938 ) ) ;
#10120 = CIRCLE ( 'NONE', #1420, 1.624999999999999112 ) ;
#10121 = CARTESIAN_POINT ( 'NONE',  ( 15.86167683370010373, 27.77546953098697813, 102.4084296756661558 ) ) ;
#10122 = ORIENTED_EDGE ( 'NONE', *, *, #9147, .T. ) ;
#10123 = PLANE ( 'NONE',  #1344 ) ;
#10124 =( BOUNDED_CURVE ( )  B_SPLINE_CURVE ( 3, ( #1634, #10696, #8985, #2407 ),
 .UNSPECIFIED., .F., .F. ) 
 B_SPLINE_CURVE_WITH_KNOTS ( ( 4, 4 ),
 ( 2.530727415391788693, 4.712388980384831783 ),
 .UNSPECIFIED. ) 
 CURVE ( )  GEOMETRIC_REPRESENTATION_ITEM ( )  RATIONAL_B_SPLINE_CURVE ( ( 1.000000000000000000, 0.6411657421566504533, 0.6411657421566504533, 1.000000000000000000 ) ) 
 REPRESENTATION_ITEM ( '' )  );
#10125 = CARTESIAN_POINT ( 'NONE',  ( -8.235745377711339188, 9.249999999999998224, 102.2127755086192025 ) ) ;
#10126 = ORIENTED_EDGE ( 'NONE', *, *, #7399, .F. ) ;
#10127 = CARTESIAN_POINT ( 'NONE',  ( -2.593973936286287696, 13.87132345680199919, 102.8226535927266525 ) ) ;
#10128 = DIRECTION ( 'NONE',  ( -0.7071067811865464625, 0.7071067811865486830, 0.000000000000000000 ) ) ;
#10129 = CARTESIAN_POINT ( 'NONE',  ( 20.26260754773849371, 0.000000000000000000, 111.6432295561562427 ) ) ;
#10130 = CIRCLE ( 'NONE', #11262, 2.000000000000001776 ) ;
#10131 = VERTEX_POINT ( 'NONE', #1069 ) ;
#10132 = CARTESIAN_POINT ( 'NONE',  ( 7.429567353080917869, 9.570432646919075026, 102.3818289287069518 ) ) ;
#10133 = CARTESIAN_POINT ( 'NONE',  ( -7.884701194530087776, 8.987359336265358323, 103.1298787401801462 ) ) ;
#10134 = ORIENTED_EDGE ( 'NONE', *, *, #2754, .F. ) ;
#10135 = FACE_OUTER_BOUND ( 'NONE', #8192, .T. ) ;
#10136 = ORIENTED_EDGE ( 'NONE', *, *, #6112, .F. ) ;
#10137 = EDGE_CURVE ( 'NONE', #4406, #10470, #4694, .T. ) ;
#10138 = FACE_OUTER_BOUND ( 'NONE', #9041, .T. ) ;
#10139 = VECTOR ( 'NONE', #11517, 1000.000000000000000 ) ;
#10140 = CARTESIAN_POINT ( 'NONE',  ( 6.851999134636176159, 8.500000000000000000, 105.6872738534140979 ) ) ;
#10141 = ORIENTED_EDGE ( 'NONE', *, *, #5660, .T. ) ;
#10142 = FACE_OUTER_BOUND ( 'NONE', #3959, .T. ) ;
#10143 = EDGE_CURVE ( 'NONE', #9221, #10779, #11044, .T. ) ;
#10144 = DIRECTION ( 'NONE',  ( 0.000000000000000000, 0.000000000000000000, -1.000000000000000000 ) ) ;
#10145 = CARTESIAN_POINT ( 'NONE',  ( -5.225493481724056366, 9.625214639492860158, 104.9261705742878519 ) ) ;
#10146 = PLANE ( 'NONE',  #1604 ) ;
#10147 = VERTEX_POINT ( 'NONE', #6411 ) ;
#10148 = EDGE_CURVE ( 'NONE', #9724, #10848, #10017, .T. ) ;
#10149 = CARTESIAN_POINT ( 'NONE',  ( 14.51129095543615399, 21.45637587167328419, 107.5999999999999943 ) ) ;
#10150 = DIRECTION ( 'NONE',  ( 0.000000000000000000, 0.000000000000000000, -1.000000000000000000 ) ) ;
#10151 = ADVANCED_FACE ( 'NONE', ( #6716 ), #8432, .F. ) ;
#10152 = ORIENTED_EDGE ( 'NONE', *, *, #6012, .T. ) ;
#10153 = VERTEX_POINT ( 'NONE', #6820 ) ;
#10154 = DIRECTION ( 'NONE',  ( 1.000000000000000000, 2.419433718647660850E-16, 5.363755420425586192E-17 ) ) ;
#10155 = EDGE_CURVE ( 'NONE', #11599, #9273, #9877, .T. ) ;
#10156 = CARTESIAN_POINT ( 'NONE',  ( -6.249999999999999112, 9.749999999999998224, 124.9833631420980566 ) ) ;
#10157 = LINE ( 'NONE', #4590, #10078 ) ;
#10158 = DIRECTION ( 'NONE',  ( 0.000000000000000000, -1.000000000000000000, 0.000000000000000000 ) ) ;
#10159 = LINE ( 'NONE', #9444, #8402 ) ;
#10160 = EDGE_CURVE ( 'NONE', #7471, #8237, #29, .T. ) ;
#10161 = VERTEX_POINT ( 'NONE', #7482 ) ;
#10162 = ORIENTED_EDGE ( 'NONE', *, *, #9918, .T. ) ;
#10163 = CARTESIAN_POINT ( 'NONE',  ( 8.143892746597712673, 9.178987193325403027, 104.0627087894038283 ) ) ;
#10164 = CARTESIAN_POINT ( 'NONE',  ( -4.685493499738106138, 15.25832453388383847, 113.8425391932632493 ) ) ;
#10165 = CARTESIAN_POINT ( 'NONE',  ( 5.434568224396923775, 9.650751224391143523, 102.6015660526079500 ) ) ;
#10166 = CARTESIAN_POINT ( 'NONE',  ( -21.90091163631624838, 7.249999999999999112, 127.4960766834540777 ) ) ;
#10167 = CARTESIAN_POINT ( 'NONE',  ( 9.499999999999989342, 7.249999999999999112, 94.43550806100928696 ) ) ;
#10168 = LINE ( 'NONE', #3954, #6769 ) ;
#10169 = DIRECTION ( 'NONE',  ( 0.000000000000000000, -1.000000000000000000, 0.000000000000000000 ) ) ;
#10170 = ORIENTED_EDGE ( 'NONE', *, *, #11381, .F. ) ;
#10171 = FACE_BOUND ( 'NONE', #8336, .T. ) ;
#10172 = CARTESIAN_POINT ( 'NONE',  ( 2.973294767021176011, 13.67509749681910769, 103.5681592718216706 ) ) ;
#10173 = ORIENTED_EDGE ( 'NONE', *, *, #1505, .T. ) ;
#10174 = ORIENTED_EDGE ( 'NONE', *, *, #1904, .F. ) ;
#10175 = CARTESIAN_POINT ( 'NONE',  ( -7.140878715601372662, 9.859120950853688115, 105.4203057533346879 ) ) ;
#10176 = CARTESIAN_POINT ( 'NONE',  ( -13.83775212875645266, 28.16755216095005210, 163.0000000000001421 ) ) ;
#10177 = DIRECTION ( 'NONE',  ( -0.9063077870366492705, 0.4226182617407010511, 1.110223024625156856E-14 ) ) ;
#10178 = DIRECTION ( 'NONE',  ( 1.734723475976805517E-15, 0.000000000000000000, 1.000000000000000000 ) ) ;
#10179 = ORIENTED_EDGE ( 'NONE', *, *, #10463, .T. ) ;
#10180 = CARTESIAN_POINT ( 'NONE',  ( 21.90091163631645443, 2.250000000000000444, 110.4960766834540919 ) ) ;
#10181 = CARTESIAN_POINT ( 'NONE',  ( -5.488751430221422645, 9.249999999999998224, 101.9446439525594599 ) ) ;
#10182 = ORIENTED_EDGE ( 'NONE', *, *, #6707, .T. ) ;
#10183 = CARTESIAN_POINT ( 'NONE',  ( -2.996842615385374220, 13.57511058121150249, 103.9480448008716991 ) ) ;
#10184 = DIRECTION ( 'NONE',  ( 0.000000000000000000, -0.000000000000000000, 1.000000000000000000 ) ) ;
#10185 = CARTESIAN_POINT ( 'NONE',  ( 7.981593435704389172, 9.961789697507054342, 102.6854198012577370 ) ) ;
#10186 = ORIENTED_EDGE ( 'NONE', *, *, #11462, .T. ) ;
#10187 = DIRECTION ( 'NONE',  ( 1.000000000000000000, 0.000000000000000000, 0.000000000000000000 ) ) ;
#10188 = CARTESIAN_POINT ( 'NONE',  ( -7.243656013060186361, 8.500000000000000000, 105.8178735577812546 ) ) ;
#10189 = ORIENTED_EDGE ( 'NONE', *, *, #11216, .F. ) ;
#10190 = DIRECTION ( 'NONE',  ( 0.000000000000000000, 0.000000000000000000, 1.000000000000000000 ) ) ;
#10191 = ORIENTED_EDGE ( 'NONE', *, *, #3046, .T. ) ;
#10192 = CARTESIAN_POINT ( 'NONE',  ( -12.74999999999995559, 20.75294712637442984, 110.7729620231397831 ) ) ;
#10193 = CARTESIAN_POINT ( 'NONE',  ( 5.634233262642807105, 8.500000000000000000, 105.6510408281912277 ) ) ;
#10194 = ORIENTED_EDGE ( 'NONE', *, *, #8633, .T. ) ;
#10195 = CARTESIAN_POINT ( 'NONE',  ( -11.56273393245812287, 8.500000000000000000, 100.1000000000000227 ) ) ;
#10196 = DIRECTION ( 'NONE',  ( 0.000000000000000000, 0.9762960071199324741, 0.2164396139381068174 ) ) ;
#10197 = CARTESIAN_POINT ( 'NONE',  ( -9.999999999999998224, 4.499999999999996447, 109.8500000000000227 ) ) ;
#10198 = DIRECTION ( 'NONE',  ( -0.7071067811865279218, 0.000000000000000000, 0.7071067811865671127 ) ) ;
#10199 = ORIENTED_EDGE ( 'NONE', *, *, #6189, .F. ) ;
#10200 = DIRECTION ( 'NONE',  ( -1.000000000000000000, -1.301042606982605321E-16, 0.000000000000000000 ) ) ;
#10201 = ADVANCED_FACE ( 'NONE', ( #3988 ), #5927, .T. ) ;
#10202 = VECTOR ( 'NONE', #11040, 1000.000000000000000 ) ;
#10203 = EDGE_CURVE ( 'NONE', #8456, #7127, #1436, .T. ) ;
#10204 = ORIENTED_EDGE ( 'NONE', *, *, #4812, .F. ) ;
#10205 = EDGE_LOOP ( 'NONE', ( #9896, #4915, #6451, #8277 ) ) ;
#10206 = DIRECTION ( 'NONE',  ( 0.000000000000000000, -1.000000000000000000, 0.000000000000000000 ) ) ;
#10207 = VECTOR ( 'NONE', #3993, 1000.000000000000000 ) ;
#10208 = DIRECTION ( 'NONE',  ( 0.000000000000000000, 0.000000000000000000, -1.000000000000000000 ) ) ;
#10209 = CARTESIAN_POINT ( 'NONE',  ( -20.26260754773845818, 7.249999999999999112, 111.6432295561562142 ) ) ;
#10210 = LINE ( 'NONE', #10388, #5000 ) ;
#10211 = ORIENTED_EDGE ( 'NONE', *, *, #9042, .F. ) ;
#10212 = EDGE_CURVE ( 'NONE', #1992, #10891, #7160, .T. ) ;
#10213 = VECTOR ( 'NONE', #2412, 1000.000000000000114 ) ;
#10214 = ORIENTED_EDGE ( 'NONE', *, *, #9448, .T. ) ;
#10215 = EDGE_CURVE ( 'NONE', #2000, #3748, #1058, .T. ) ;
#10216 = CARTESIAN_POINT ( 'NONE',  ( -2.000000000000000000, 2.250000000000000000, 107.6000000000000085 ) ) ;
#10217 = CARTESIAN_POINT ( 'NONE',  ( 14.02002713979199733, 28.38200646742229694, 104.9728477210950501 ) ) ;
#10218 = CARTESIAN_POINT ( 'NONE',  ( -16.25000000000000000, 21.45637587167328064, 107.6000000000000085 ) ) ;
#10219 = DIRECTION ( 'NONE',  ( -1.000000000000000000, 0.000000000000000000, 0.000000000000000000 ) ) ;
#10220 = DIRECTION ( 'NONE',  ( -0.000000000000000000, -1.000000000000000000, -0.000000000000000000 ) ) ;
#10221 = CARTESIAN_POINT ( 'NONE',  ( -7.283805491649734343, 9.716194508350264769, 138.8414722278378406 ) ) ;
#10222 = CARTESIAN_POINT ( 'NONE',  ( -6.249999999999999112, 35.91468543148452142, 7.962094070660424627 ) ) ;
#10223 = VERTEX_POINT ( 'NONE', #998 ) ;
#10224 = AXIS2_PLACEMENT_3D ( 'NONE', #8327, #9218, #3829 ) ;
#10225 = FACE_OUTER_BOUND ( 'NONE', #9957, .T. ) ;
#10226 = CARTESIAN_POINT ( 'NONE',  ( 2.994206289274526256, 13.63561722686881694, 103.7181512734475604 ) ) ;
#10227 = ORIENTED_EDGE ( 'NONE', *, *, #8615, .F. ) ;
#10228 = VECTOR ( 'NONE', #5566, 1000.000000000000114 ) ;
#10229 = EDGE_CURVE ( 'NONE', #3203, #3594, #1781, .T. ) ;
#10230 = ORIENTED_EDGE ( 'NONE', *, *, #5356, .F. ) ;
#10231 = CARTESIAN_POINT ( 'NONE',  ( -14.14298963066553050, 27.63903530461687552, 163.0000000000001421 ) ) ;
#10232 = LINE ( 'NONE', #10176, #2559 ) ;
#10233 = CARTESIAN_POINT ( 'NONE',  ( -13.93168049979518130, 27.18588141109855272, 100.1757653858252439 ) ) ;
#10234 = CARTESIAN_POINT ( 'NONE',  ( -16.25000000000000000, 8.500000000000000000, 107.6000000000000085 ) ) ;
#10235 = VERTEX_POINT ( 'NONE', #10833 ) ;
#10236 = DIRECTION ( 'NONE',  ( 1.000000000000000000, -0.000000000000000000, 0.000000000000000000 ) ) ;
#10237 = EDGE_CURVE ( 'NONE', #5376, #1053, #6280, .T. ) ;
#10238 = CARTESIAN_POINT ( 'NONE',  ( -7.486092988676026572, 9.901279009746614790, 105.3127384869940357 ) ) ;
#10239 = EDGE_CURVE ( 'NONE', #4998, #1768, #157, .T. ) ;
#10240 = ORIENTED_EDGE ( 'NONE', *, *, #2810, .T. ) ;
#10241 = VECTOR ( 'NONE', #7476, 1000.000000000000000 ) ;
#10242 = CARTESIAN_POINT ( 'NONE',  ( -2.990105504672684766, 13.55507560054668836, 104.0241507716119429 ) ) ;
#10243 = CARTESIAN_POINT ( 'NONE',  ( 19.74999999999964473, 2.250000000000000444, 141.4242565173703667 ) ) ;
#10244 = VECTOR ( 'NONE', #4114, 1000.000000000000000 ) ;
#10245 = CARTESIAN_POINT ( 'NONE',  ( 5.398489071052921418, 9.646340089742263757, 102.6249614430166162 ) ) ;
#10246 = VERTEX_POINT ( 'NONE', #3609 ) ;
#10247 = VECTOR ( 'NONE', #7000, 1000.000000000000000 ) ;
#10248 = DIRECTION ( 'NONE',  ( 0.000000000000000000, 0.000000000000000000, -1.000000000000000000 ) ) ;
#10249 = B_SPLINE_CURVE_WITH_KNOTS ( 'NONE', 3,
 ( #7336, #3782, #6691, #10297 ),
 .UNSPECIFIED., .F., .F.,
 ( 4, 4 ),
 ( 0.000000000000000000, 1.000000000000000000 ),
 .UNSPECIFIED. ) ;
#10250 = AXIS2_PLACEMENT_3D ( 'NONE', #867, #10996, #2887 ) ;
#10251 = VECTOR ( 'NONE', #7063, 1000.000000000000227 ) ;
#10252 = CARTESIAN_POINT ( 'NONE',  ( -7.769492847393714818, 8.499999999999996447, 105.4994396525126916 ) ) ;
#10253 = ORIENTED_EDGE ( 'NONE', *, *, #1460, .T. ) ;
#10254 = CARTESIAN_POINT ( 'NONE',  ( -16.25000000000000000, 5.749999999999976019, 108.6000000000000085 ) ) ;
#10255 = ORIENTED_EDGE ( 'NONE', *, *, #227, .F. ) ;
#10256 = CARTESIAN_POINT ( 'NONE',  ( 19.74999999999998934, 2.250000000000000000, 130.9242565173703667 ) ) ;
#10257 = CARTESIAN_POINT ( 'NONE',  ( 8.389699783732099903, 8.500000000000000000, 104.0984409438431584 ) ) ;
#10258 = EDGE_LOOP ( 'NONE', ( #11290, #1042 ) ) ;
#10259 = CARTESIAN_POINT ( 'NONE',  ( 7.387227511402018720, 9.612772488597981280, 102.1079062525879237 ) ) ;
#10260 = CARTESIAN_POINT ( 'NONE',  ( -1.888924391169488182, 13.98310337660133662, 102.3979751340667974 ) ) ;
#10261 = VECTOR ( 'NONE', #11648, 1000.000000000000000 ) ;
#10262 = DIRECTION ( 'NONE',  ( 0.5735764363510440500, 0.000000000000000000, 0.8191520442889932418 ) ) ;
#10263 = CARTESIAN_POINT ( 'NONE',  ( 13.89458342743152031, 28.28942727426028725, 100.3144660940672424 ) ) ;
#10264 = ORIENTED_EDGE ( 'NONE', *, *, #3608, .F. ) ;
#10265 = CARTESIAN_POINT ( 'NONE',  ( -33.75000000000054001, 0.000000000000000000, 79.62590742770457553 ) ) ;
#10266 = AXIS2_PLACEMENT_3D ( 'NONE', #2088, #237, #7600 ) ;
#10267 = VERTEX_POINT ( 'NONE', #3791 ) ;
#10268 = ORIENTED_EDGE ( 'NONE', *, *, #6302, .F. ) ;
#10269 = CARTESIAN_POINT ( 'NONE',  ( -4.500000000000000888, 2.250000000000001332, 107.6000000000000085 ) ) ;
#10270 = DIRECTION ( 'NONE',  ( 0.000000000000000000, 0.000000000000000000, 1.000000000000000000 ) ) ;
#10271 = AXIS2_PLACEMENT_3D ( 'NONE', #11470, #738, #11584 ) ;
#10272 = CARTESIAN_POINT ( 'NONE',  ( -6.664322316458561879, 9.800922451046053752, 102.2250076513992809 ) ) ;
#10273 = CARTESIAN_POINT ( 'NONE',  ( -21.38830408857798915, 7.249999999999999112, 106.2771036446682871 ) ) ;
#10274 = AXIS2_PLACEMENT_3D ( 'NONE', #8088, #10106, #10810 ) ;
#10275 = EDGE_CURVE ( 'NONE', #10763, #419, #11210, .T. ) ;
#10276 = CARTESIAN_POINT ( 'NONE',  ( -4.281201779198280377, 8.536003960429937365, 104.0627087893834641 ) ) ;
#10277 = VECTOR ( 'NONE', #4021, 1000.000000000000114 ) ;
#10278 = ORIENTED_EDGE ( 'NONE', *, *, #4926, .T. ) ;
#10279 = EDGE_CURVE ( 'NONE', #11277, #11676, #5571, .T. ) ;
#10280 = CIRCLE ( 'NONE', #7822, 1.625000000000000444 ) ;
#10281 = EDGE_LOOP ( 'NONE', ( #1907, #7284, #9047, #2872 ) ) ;
#10282 = LINE ( 'NONE', #3386, #3813 ) ;
#10283 = CARTESIAN_POINT ( 'NONE',  ( -16.22516882465005850, 21.45637587167328064, 106.0466991411015982 ) ) ;
#10284 = DIRECTION ( 'NONE',  ( 0.000000000000000000, 1.000000000000000000, 0.000000000000000000 ) ) ;
#10285 = CARTESIAN_POINT ( 'NONE',  ( -7.540374389010774614, 9.459625610989217392, 102.0191511890849370 ) ) ;
#10286 = DIRECTION ( 'NONE',  ( 0.000000000000000000, -1.000000000000000000, 0.000000000000000000 ) ) ;
#10287 = EDGE_CURVE ( 'NONE', #4383, #2124, #10454, .T. ) ;
#10288 = DIRECTION ( 'NONE',  ( 1.000000000000000000, 0.000000000000000000, 0.000000000000000000 ) ) ;
#10289 = VERTEX_POINT ( 'NONE', #8170 ) ;
#10290 = FACE_BOUND ( 'NONE', #6478, .T. ) ;
#10291 = CARTESIAN_POINT ( 'NONE',  ( 2.626140150325416922, 13.86179419255977585, 102.8588455466573350 ) ) ;
#10292 = EDGE_CURVE ( 'NONE', #8477, #7919, #43, .T. ) ;
#10293 = ORIENTED_EDGE ( 'NONE', *, *, #8469, .T. ) ;
#10294 = VECTOR ( 'NONE', #10344, 1000.000000000000227 ) ;
#10295 = ORIENTED_EDGE ( 'NONE', *, *, #10143, .T. ) ;
#10296 = CARTESIAN_POINT ( 'NONE',  ( 16.13465519835815343, 27.17777273156929496, 107.3855339059327321 ) ) ;
#10297 = CARTESIAN_POINT ( 'NONE',  ( -16.22516882465090404, 21.45637587167328064, 103.8500000000013159 ) ) ;
#10298 = AXIS2_PLACEMENT_3D ( 'NONE', #1172, #3080, #6693 ) ;
#10299 = CARTESIAN_POINT ( 'NONE',  ( 11.99999999998817479, 0.000000000000000000, 155.5000000000000853 ) ) ;
#10300 = CARTESIAN_POINT ( 'NONE',  ( -16.15036770282975453, 27.32231563746865532, 102.7577336824237193 ) ) ;
#10301 = ORIENTED_EDGE ( 'NONE', *, *, #11460, .F. ) ;
#10302 = PLANE ( 'NONE',  #11175 ) ;
#10303 = CARTESIAN_POINT ( 'NONE',  ( -29.37500000000054357, 0.000000000000000000, 119.8000000000000682 ) ) ;
#10304 = VERTEX_POINT ( 'NONE', #6400 ) ;
#10305 = AXIS2_PLACEMENT_3D ( 'NONE', #6847, #7734, #7856 ) ;
#10306 = FACE_OUTER_BOUND ( 'NONE', #8494, .T. ) ;
#10307 = ORIENTED_EDGE ( 'NONE', *, *, #10212, .F. ) ;
#10308 = CARTESIAN_POINT ( 'NONE',  ( 4.750502354557077034, 9.567207725462822054, 103.7634320396684444 ) ) ;
#10309 = ORIENTED_EDGE ( 'NONE', *, *, #8862, .F. ) ;
#10310 = EDGE_CURVE ( 'NONE', #972, #11285, #4626, .T. ) ;
#10311 = VECTOR ( 'NONE', #9903, 1000.000000000000000 ) ;
#10312 = CARTESIAN_POINT ( 'NONE',  ( -14.48828743793786344, 21.45637587167328419, 100.1000000000000085 ) ) ;
#10313 = CARTESIAN_POINT ( 'NONE',  ( -54.83352029799015526, 2.250000000000000000, 38.39484425922751143 ) ) ;
#10314 = ORIENTED_EDGE ( 'NONE', *, *, #8939, .T. ) ;
#10315 = CARTESIAN_POINT ( 'NONE',  ( 26.50000000000052935, 2.250000000000000000, 87.60000000000000853 ) ) ;
#10316 = CARTESIAN_POINT ( 'NONE',  ( 8.126414069292449582, 8.500000000000000000, 104.8011722141592230 ) ) ;
#10317 = ORIENTED_EDGE ( 'NONE', *, *, #10775, .F. ) ;
#10318 = LINE ( 'NONE', #8301, #8921 ) ;
#10319 = AXIS2_PLACEMENT_3D ( 'NONE', #7638, #9525, #6747 ) ;
#10320 = DIRECTION ( 'NONE',  ( -0.4975428121645212309, -0.4975428121645153468, 0.7105647754616363221 ) ) ;
#10321 = DIRECTION ( 'NONE',  ( 0.000000000000000000, 0.000000000000000000, -1.000000000000000000 ) ) ;
#10322 = CARTESIAN_POINT ( 'NONE',  ( 1.500000000000000000, 13.20609684524211680, 105.3500000000000227 ) ) ;
#10323 = CARTESIAN_POINT ( 'NONE',  ( -11.99999999998817479, 2.250000000000000000, 155.5000000000000284 ) ) ;
#10324 = ORIENTED_EDGE ( 'NONE', *, *, #1700, .F. ) ;
#10325 = ADVANCED_FACE ( 'NONE', ( #333, #4183 ), #5965, .F. ) ;
#10326 = CARTESIAN_POINT ( 'NONE',  ( 19.74999999999973355, 0.000000000000000000, 130.9242565173703667 ) ) ;
#10327 = ADVANCED_FACE ( 'NONE', ( #5630 ), #9241, .F. ) ;
#10328 = VECTOR ( 'NONE', #7971, 1000.000000000000114 ) ;
#10329 = ORIENTED_EDGE ( 'NONE', *, *, #3058, .T. ) ;
#10330 = VERTEX_POINT ( 'NONE', #11073 ) ;
#10331 = CARTESIAN_POINT ( 'NONE',  ( -5.000000000000000888, 0.000000000000000000, 94.10000000000003695 ) ) ;
#10332 = LINE ( 'NONE', #2218, #979 ) ;
#10333 = CARTESIAN_POINT ( 'NONE',  ( -15.86167683370010373, 27.77546953098697813, 107.5242346141747589 ) ) ;
#10334 = CARTESIAN_POINT ( 'NONE',  ( -8.331698607087542285, 8.668301392912452386, 103.3022517815402779 ) ) ;
#10335 = DIRECTION ( 'NONE',  ( -0.000000000000000000, -1.000000000000000000, -0.000000000000000000 ) ) ;
#10336 = EDGE_LOOP ( 'NONE', ( #10162, #4729, #7393, #13 ) ) ;
#10337 = DIRECTION ( 'NONE',  ( 0.000000000000000000, -1.000000000000000000, 0.000000000000000000 ) ) ;
#10338 = CARTESIAN_POINT ( 'NONE',  ( 4.754621210692557831, 9.567716725133745825, 103.7264568305452315 ) ) ;
#10339 = CARTESIAN_POINT ( 'NONE',  ( -9.999999999999998224, 4.499999999999996447, 109.8500000000000227 ) ) ;
#10340 = LINE ( 'NONE', #8394, #5514 ) ;
#10341 = DIRECTION ( 'NONE',  ( 0.000000000000000000, 0.000000000000000000, 1.000000000000000000 ) ) ;
#10342 = CARTESIAN_POINT ( 'NONE',  ( -20.26260754773826989, 2.250000000000000444, 128.6432295561562569 ) ) ;
#10343 = VERTEX_POINT ( 'NONE', #5755 ) ;
#10344 = DIRECTION ( 'NONE',  ( 0.4226182617407007736, 0.9063077870366492705, 0.000000000000000000 ) ) ;
#10345 = CARTESIAN_POINT ( 'NONE',  ( 2.986829422955823432, 13.65351589067557470, 103.6501484053613638 ) ) ;
#10346 = VERTEX_POINT ( 'NONE', #4246 ) ;
#10347 = EDGE_CURVE ( 'NONE', #4689, #9964, #11633, .T. ) ;
#10348 = EDGE_LOOP ( 'NONE', ( #5606, #2242, #7510, #8468, #345 ) ) ;
#10349 = EDGE_CURVE ( 'NONE', #7976, #2844, #10455, .T. ) ;
#10350 = CARTESIAN_POINT ( 'NONE',  ( 1.500000000000001332, 14.26997711284614567, 102.1298942063219357 ) ) ;
#10351 = CARTESIAN_POINT ( 'NONE',  ( -29.37500000000054357, 2.250000000000000000, 119.8000000000000682 ) ) ;
#10352 = CARTESIAN_POINT ( 'NONE',  ( 9.663712301646954828, 21.45637587167328419, 100.0999999999999943 ) ) ;
#10353 = ORIENTED_EDGE ( 'NONE', *, *, #9503, .T. ) ;
#10354 = CARTESIAN_POINT ( 'NONE',  ( -15.99999999999998934, 0.000000000000000000, 0.000000000000000000 ) ) ;
#10355 = CARTESIAN_POINT ( 'NONE',  ( 17.99999999999998934, 2.250000000000000444, 89.43550806100932959 ) ) ;
#10356 = ADVANCED_FACE ( 'NONE', ( #8349 ), #220, .T. ) ;
#10357 = ORIENTED_EDGE ( 'NONE', *, *, #9777, .F. ) ;
#10358 = CARTESIAN_POINT ( 'NONE',  ( -2.865889611941843107, 13.43715950340485854, 104.4721396687746733 ) ) ;
#10359 = ORIENTED_EDGE ( 'NONE', *, *, #5906, .F. ) ;
#10360 = CARTESIAN_POINT ( 'NONE',  ( 4.758613022549711857, 9.568198203072633135, 103.6768656544234233 ) ) ;
#10361 = EDGE_LOOP ( 'NONE', ( #3892, #5310, #10324, #7365 ) ) ;
#10362 = ADVANCED_FACE ( 'NONE', ( #7798 ), #3857, .T. ) ;
#10363 = CARTESIAN_POINT ( 'NONE',  ( -7.687186389049912805, 8.962619671016287981, 104.8412339063022216 ) ) ;
#10364 = DIRECTION ( 'NONE',  ( 0.000000000000000000, 0.000000000000000000, 1.000000000000000000 ) ) ;
#10365 = ORIENTED_EDGE ( 'NONE', *, *, #1281, .T. ) ;
#10366 = CARTESIAN_POINT ( 'NONE',  ( -15.86167683370010373, 27.77546953098697813, 163.0000000000001421 ) ) ;
#10367 = EDGE_CURVE ( 'NONE', #8228, #5650, #4005, .T. ) ;
#10368 = CARTESIAN_POINT ( 'NONE',  ( 8.126414069292449582, 8.499999999999996447, 102.8988277858407798 ) ) ;
#10369 = ORIENTED_EDGE ( 'NONE', *, *, #8474, .T. ) ;
#10370 = DIRECTION ( 'NONE',  ( 0.6785983445458441121, 0.2810846377148246145, -0.6785983445458482199 ) ) ;
#10371 = CARTESIAN_POINT ( 'NONE',  ( 19.46112835307384259, 41.46112835307340561, 54.91185530906026457 ) ) ;
#10372 = CARTESIAN_POINT ( 'NONE',  ( -1.888924391169495953, 13.21872444636528954, 105.3020248659332765 ) ) ;
#10373 = CARTESIAN_POINT ( 'NONE',  ( -6.700704515611574763, 9.805365154279442663, 105.4744866236572989 ) ) ;
#10374 = CARTESIAN_POINT ( 'NONE',  ( -13.68983573714720769, 27.85034443548722649, 163.0000000000001421 ) ) ;
#10375 = AXIS2_PLACEMENT_3D ( 'NONE', #9723, #6349, #9831 ) ;
#10376 = ORIENTED_EDGE ( 'NONE', *, *, #6039, .T. ) ;
#10377 = DIRECTION ( 'NONE',  ( 0.000000000000000000, 0.000000000000000000, -1.000000000000000000 ) ) ;
#10378 = EDGE_CURVE ( 'NONE', #9758, #868, #1560, .T. ) ;
#10379 = ADVANCED_FACE ( 'NONE', ( #3971 ), #544, .F. ) ;
#10380 = ORIENTED_EDGE ( 'NONE', *, *, #11237, .F. ) ;
#10381 = ADVANCED_FACE ( 'NONE', ( #2400 ), #6017, .T. ) ;
#10382 = VERTEX_POINT ( 'NONE', #2073 ) ;
#10383 = DIRECTION ( 'NONE',  ( -0.1004173024523230262, -0.2153456000479074539, 0.9713612293622828631 ) ) ;
#10384 = DIRECTION ( 'NONE',  ( 0.7071067811865434649, -0.7071067811865516806, 0.000000000000000000 ) ) ;
#10385 = EDGE_CURVE ( 'NONE', #1704, #7144, #9304, .T. ) ;
#10386 = CARTESIAN_POINT ( 'NONE',  ( -15.86167683370010373, 27.77546953098697813, 100.1757653858252297 ) ) ;
#10387 = CARTESIAN_POINT ( 'NONE',  ( -14.14298963066553050, 27.63903530461687552, 163.0000000000001421 ) ) ;
#10388 = CARTESIAN_POINT ( 'NONE',  ( -6.000000000000000888, 0.000000000000000000, 96.10000000000006537 ) ) ;
#10389 = VECTOR ( 'NONE', #3681, 1000.000000000000000 ) ;
#10390 = CIRCLE ( 'NONE', #1117, 2.000000000000001776 ) ;
#10391 = VERTEX_POINT ( 'NONE', #4806 ) ;
#10392 = VECTOR ( 'NONE', #377, 1000.000000000000000 ) ;
#10393 = DIRECTION ( 'NONE',  ( 0.000000000000000000, -1.000000000000000000, 0.000000000000000000 ) ) ;
#10394 = DIRECTION ( 'NONE',  ( -0.5000000000000048850, -0.4999999999999988898, 0.7071067811865450192 ) ) ;
#10395 = DIRECTION ( 'NONE',  ( 0.7071067811865464625, -0.7071067811865486830, 0.000000000000000000 ) ) ;
#10396 = VECTOR ( 'NONE', #3502, 1000.000000000000000 ) ;
#10397 = CARTESIAN_POINT ( 'NONE',  ( -15.95560520473883415, 26.79379878113547164, 107.3855339059327321 ) ) ;
#10398 = CARTESIAN_POINT ( 'NONE',  ( -33.75000000000054001, 0.000000000000000000, 122.3259074277046068 ) ) ;
#10399 = ORIENTED_EDGE ( 'NONE', *, *, #10556, .T. ) ;
#10400 = EDGE_CURVE ( 'NONE', #385, #7105, #2017, .T. ) ;
#10401 = DIRECTION ( 'NONE',  ( 1.000000000000000000, -0.000000000000000000, -0.000000000000000000 ) ) ;
#10402 = FACE_OUTER_BOUND ( 'NONE', #10348, .T. ) ;
#10403 = EDGE_LOOP ( 'NONE', ( #5040, #3195, #4811, #11423 ) ) ;
#10404 = EDGE_LOOP ( 'NONE', ( #3517, #7168, #9787, #7250, #8288, #11653, #10756 ) ) ;
#10405 = LINE ( 'NONE', #4133, #1381 ) ;
#10406 = DIRECTION ( 'NONE',  ( -0.000000000000000000, -1.000000000000000000, -0.000000000000000000 ) ) ;
#10407 = LINE ( 'NONE', #11121, #7663 ) ;
#10408 = ORIENTED_EDGE ( 'NONE', *, *, #11489, .T. ) ;
#10409 = CARTESIAN_POINT ( 'NONE',  ( 12.74999999999995204, 8.448479721469174919, 134.1642548878282071 ) ) ;
#10410 = DIRECTION ( 'NONE',  ( -0.4226182617407058251, 0.9063077870366469391, 0.000000000000000000 ) ) ;
#10411 = EDGE_LOOP ( 'NONE', ( #6998, #2405, #10843, #3 ) ) ;
#10412 = AXIS2_PLACEMENT_3D ( 'NONE', #7940, #5112, #8777 ) ;
#10413 = CARTESIAN_POINT ( 'NONE',  ( -2.947587221357001130, 13.49666264732915266, 104.2461070662724154 ) ) ;
#10414 = ORIENTED_EDGE ( 'NONE', *, *, #2752, .F. ) ;
#10415 = CARTESIAN_POINT ( 'NONE',  ( 6.602557999854740345, 9.793381408130329646, 102.2232392357040851 ) ) ;
#10416 = ADVANCED_FACE ( 'NONE', ( #8418 ), #282, .F. ) ;
#10417 = ORIENTED_EDGE ( 'NONE', *, *, #11317, .F. ) ;
#10418 = ADVANCED_FACE ( 'NONE', ( #7133 ), #3574, .F. ) ;
#10419 = CARTESIAN_POINT ( 'NONE',  ( 2.442646126510160443, -6.745874566120680704, 107.3855339059327179 ) ) ;
#10420 = EDGE_LOOP ( 'NONE', ( #65, #1886, #74, #2723 ) ) ;
#10421 = DIRECTION ( 'NONE',  ( -0.000000000000000000, -1.000000000000000000, -0.000000000000000000 ) ) ;
#10422 = CARTESIAN_POINT ( 'NONE',  ( 12.99999999998818190, 0.000000000000000000, 154.5000000000000853 ) ) ;
#10423 = CIRCLE ( 'NONE', #4565, 1.000000000000000888 ) ;
#10424 = ORIENTED_EDGE ( 'NONE', *, *, #4168, .F. ) ;
#10425 = DIRECTION ( 'NONE',  ( 0.000000000000000000, -1.000000000000000000, 0.000000000000000000 ) ) ;
#10426 = CARTESIAN_POINT ( 'NONE',  ( -6.259525977335252733, 11.62144174458473778, 134.8676836331216862 ) ) ;
#10427 = CARTESIAN_POINT ( 'NONE',  ( 14.61141134007266906, 26.86891771479302449, 103.8500000000000085 ) ) ;
#10428 = AXIS2_PLACEMENT_3D ( 'NONE', #2523, #10631, #8806 ) ;
#10429 = CARTESIAN_POINT ( 'NONE',  ( -6.342636096907340537, 9.761644200529088877, 105.4536767376799844 ) ) ;
#10430 = DIRECTION ( 'NONE',  ( 0.000000000000000000, 1.000000000000000000, 0.000000000000000000 ) ) ;
#10431 = EDGE_LOOP ( 'NONE', ( #1014, #11707, #10054, #331, #11096, #152, #5532, #3727 ) ) ;
#10432 = VECTOR ( 'NONE', #7726, 1000.000000000000227 ) ;
#10433 = LINE ( 'NONE', #6113, #4939 ) ;
#10434 = CIRCLE ( 'NONE', #1728, 1.000000000000000888 ) ;
#10435 = EDGE_CURVE ( 'NONE', #11181, #4438, #8950, .T. ) ;
#10436 = ORIENTED_EDGE ( 'NONE', *, *, #6316, .T. ) ;
#10437 = CARTESIAN_POINT ( 'NONE',  ( 6.446077249974372592, 8.499999999999996447, 101.9520223243003585 ) ) ;
#10438 = ORIENTED_EDGE ( 'NONE', *, *, #8112, .F. ) ;
#10439 = VECTOR ( 'NONE', #4300, 1000.000000000000114 ) ;
#10440 = DIRECTION ( 'NONE',  ( -0.000000000000000000, -0.000000000000000000, 1.000000000000000000 ) ) ;
#10441 = LINE ( 'NONE', #4171, #413 ) ;
#10442 = CARTESIAN_POINT ( 'NONE',  ( -21.35344314932018506, 0.000000000000000000, 156.6000000000001933 ) ) ;
#10443 = DIRECTION ( 'NONE',  ( -0.5735764363510521546, 0.000000000000000000, -0.8191520442889875797 ) ) ;
#10444 = DIRECTION ( 'NONE',  ( 4.329228548388022109E-16, -0.7798844830928803873, 0.6259234721840608584 ) ) ;
#10445 = VECTOR ( 'NONE', #10321, 1000.000000000000000 ) ;
#10446 = ADVANCED_FACE ( 'NONE', ( #4471 ), #6960, .T. ) ;
#10447 = EDGE_CURVE ( 'NONE', #4546, #1574, #10627, .T. ) ;
#10448 = ORIENTED_EDGE ( 'NONE', *, *, #3875, .F. ) ;
#10449 = CIRCLE ( 'NONE', #6685, 3.750000000000000444 ) ;
#10450 = CARTESIAN_POINT ( 'NONE',  ( 5.849664430020084183, 9.701437945553980313, 102.3766146229510383 ) ) ;
#10451 = LINE ( 'NONE', #9511, #3026 ) ;
#10452 = CARTESIAN_POINT ( 'NONE',  ( 39.57583120581360703, 2.250000000000000000, 27.71129534122543348 ) ) ;
#10453 = CARTESIAN_POINT ( 'NONE',  ( 17.99999999999998934, 7.249999999999999112, 89.43550806100932959 ) ) ;
#10454 = CIRCLE ( 'NONE', #7628, 2.000000000000001776 ) ;
#10455 = LINE ( 'NONE', #1241, #5925 ) ;
#10456 = LINE ( 'NONE', #608, #3881 ) ;
#10457 = AXIS2_PLACEMENT_3D ( 'NONE', #555, #9354, #5027 ) ;
#10458 = ORIENTED_EDGE ( 'NONE', *, *, #5296, .F. ) ;
#10459 = EDGE_CURVE ( 'NONE', #7195, #1343, #6037, .T. ) ;
#10460 = CARTESIAN_POINT ( 'NONE',  ( -4.962508203836784482, 8.499999999999996447, 101.9499990012988775 ) ) ;
#10461 = DIRECTION ( 'NONE',  ( -0.4226182617407007736, 0.9063077870366492705, 0.000000000000000000 ) ) ;
#10462 = VECTOR ( 'NONE', #9144, 1000.000000000000000 ) ;
#10463 = EDGE_CURVE ( 'NONE', #10088, #9388, #6311, .T. ) ;
#10464 = ORIENTED_EDGE ( 'NONE', *, *, #5113, .F. ) ;
#10465 = AXIS2_PLACEMENT_3D ( 'NONE', #10166, #1218, #9282 ) ;
#10466 = ORIENTED_EDGE ( 'NONE', *, *, #9573, .T. ) ;
#10467 = CARTESIAN_POINT ( 'NONE',  ( 15.50245131122050957, 27.00510791200582261, 163.0000000000001421 ) ) ;
#10468 = CARTESIAN_POINT ( 'NONE',  ( 19.74999999999964473, 0.000000000000000000, 141.4242565173703667 ) ) ;
#10469 = DIRECTION ( 'NONE',  ( 0.000000000000000000, 0.000000000000000000, 1.000000000000000000 ) ) ;
#10470 = VERTEX_POINT ( 'NONE', #3405 ) ;
#10471 = CARTESIAN_POINT ( 'NONE',  ( 26.00112609145443088, 2.250000000000000000, 130.3000000000000398 ) ) ;
#10472 = DIRECTION ( 'NONE',  ( 0.5735764363510460484, -0.000000000000000000, 0.8191520442889919096 ) ) ;
#10473 = ORIENTED_EDGE ( 'NONE', *, *, #6772, .F. ) ;
#10474 = CARTESIAN_POINT ( 'NONE',  ( 20.85561608801700118, 2.800332454216052813, 86.49438391198300735 ) ) ;
#10475 = VERTEX_POINT ( 'NONE', #2453 ) ;
#10477 = CIRCLE ( 'NONE', #3672, 2.375000000000043965 ) ;
#10476 = CARTESIAN_POINT ( 'NONE',  ( 7.928080595529825914, 9.249999999999996447, 102.0051847425945510 ) ) ;
#10478 = ORIENTED_EDGE ( 'NONE', *, *, #1443, .T. ) ;
#10479 = CARTESIAN_POINT ( 'NONE',  ( -6.666864724385689556, 8.834819548039106962, 105.4230269381099561 ) ) ;
#10480 = FACE_OUTER_BOUND ( 'NONE', #4607, .T. ) ;
#10481 = CARTESIAN_POINT ( 'NONE',  ( -3.757438380699743341, 8.499999999999996447, 103.7067055625060874 ) ) ;
#10482 = ORIENTED_EDGE ( 'NONE', *, *, #699, .F. ) ;
#10483 = VECTOR ( 'NONE', #5247, 1000.000000000000000 ) ;
#10484 = CARTESIAN_POINT ( 'NONE',  ( -16.25000000000000000, 9.749999999999996447, 107.6000000000000085 ) ) ;
#10485 = CARTESIAN_POINT ( 'NONE',  ( 4.426688587134718134, 8.500000000000000000, 104.6910917383945900 ) ) ;
#10486 = ORIENTED_EDGE ( 'NONE', *, *, #10497, .F. ) ;
#10487 = PLANE ( 'NONE',  #1165 ) ;
#10488 = EDGE_CURVE ( 'NONE', #9863, #6964, #5363, .T. ) ;
#10489 = CARTESIAN_POINT ( 'NONE',  ( 21.90091163631607074, 0.000000000000000000, 144.4960766834541062 ) ) ;
#10490 = CARTESIAN_POINT ( 'NONE',  ( 6.961783652666469813, 9.837249269235854854, 105.4532880982299190 ) ) ;
#10491 = CARTESIAN_POINT ( 'NONE',  ( -16.15036770283282408, 27.32231563746894309, 100.2982510352636609 ) ) ;
#10492 = CARTESIAN_POINT ( 'NONE',  ( 7.750000000000001776, 9.249999999999994671, 163.0000000000001421 ) ) ;
#10493 = VERTEX_POINT ( 'NONE', #9683 ) ;
#10494 = CARTESIAN_POINT ( 'NONE',  ( -1.250000000000006217, 0.000000000000000000, 88.60000000000002274 ) ) ;
#10495 = VECTOR ( 'NONE', #11555, 1000.000000000000000 ) ;
#10496 = ORIENTED_EDGE ( 'NONE', *, *, #5430, .F. ) ;
#10497 = EDGE_CURVE ( 'NONE', #213, #2671, #8803, .T. ) ;
#10498 = ADVANCED_FACE ( 'NONE', ( #663 ), #4297, .F. ) ;
#10499 = ORIENTED_EDGE ( 'NONE', *, *, #129, .T. ) ;
#10500 = CARTESIAN_POINT ( 'NONE',  ( 7.586445408315291239, 8.499999999999996447, 102.3409038627450371 ) ) ;
#10501 = ADVANCED_FACE ( 'NONE', ( #11682 ), #1627, .F. ) ;
#10502 = FACE_OUTER_BOUND ( 'NONE', #6005, .T. ) ;
#10503 = ORIENTED_EDGE ( 'NONE', *, *, #2452, .F. ) ;
#10504 = CARTESIAN_POINT ( 'NONE',  ( 8.499999999999992895, 8.500000000000000000, 100.1000000000000227 ) ) ;
#10505 = CARTESIAN_POINT ( 'NONE',  ( -7.750000000000001776, 9.249999999999998224, 100.1000000000000227 ) ) ;
#10506 = ADVANCED_FACE ( 'NONE', ( #4353 ), #3465, .F. ) ;
#10507 = CARTESIAN_POINT ( 'NONE',  ( -7.140878878798953444, 9.859121121201043891, 102.2796942668756088 ) ) ;
#10508 = FACE_OUTER_BOUND ( 'NONE', #2415, .T. ) ;
#10509 = CARTESIAN_POINT ( 'NONE',  ( -10.00000000000001066, 2.249999999999998668, 93.10000000000002274 ) ) ;
#10510 = AXIS2_PLACEMENT_3D ( 'NONE', #6447, #8462, #3844 ) ;
#10511 = VERTEX_POINT ( 'NONE', #10688 ) ;
#10512 = EDGE_CURVE ( 'NONE', #4281, #11297, #2577, .T. ) ;
#10513 = CARTESIAN_POINT ( 'NONE',  ( 6.473589145538227285, 9.777632219153295168, 102.2321452814018841 ) ) ;
#10514 = CARTESIAN_POINT ( 'NONE',  ( 38.85874574462941666, 0.000000000000000000, 27.20918669576364834 ) ) ;
#10515 = FACE_OUTER_BOUND ( 'NONE', #1204, .T. ) ;
#10516 = DIRECTION ( 'NONE',  ( 0.000000000000000000, -1.000000000000000000, 0.000000000000000000 ) ) ;
#10517 = CARTESIAN_POINT ( 'NONE',  ( 23.53921572489443648, 7.249999999999999112, 109.3489238107519839 ) ) ;
#10518 = EDGE_CURVE ( 'NONE', #1861, #5875, #8976, .T. ) ;
#10519 = ORIENTED_EDGE ( 'NONE', *, *, #5496, .T. ) ;
#10520 = CARTESIAN_POINT ( 'NONE',  ( -8.465454710910389480, 8.499999999999996447, 103.1445528976855002 ) ) ;
#10521 = CARTESIAN_POINT ( 'NONE',  ( -13.65793059206189142, 27.78192363105191021, 102.8116720171352796 ) ) ;
#10522 = ORIENTED_EDGE ( 'NONE', *, *, #2100, .F. ) ;
#10523 = ORIENTED_EDGE ( 'NONE', *, *, #355, .F. ) ;
#10524 = LINE ( 'NONE', #4253, #238 ) ;
#10525 = DIRECTION ( 'NONE',  ( 0.000000000000000000, 0.000000000000000000, -1.000000000000000000 ) ) ;
#10526 = CARTESIAN_POINT ( 'NONE',  ( -5.751159149049500208, 9.250000000000000000, 101.8008325735231381 ) ) ;
#10527 = CARTESIAN_POINT ( 'NONE',  ( -8.024565816197554824, 9.004875329204629963, 103.4620742429696634 ) ) ;
#10528 = CARTESIAN_POINT ( 'NONE',  ( -7.223831845300311194, 9.249999999999998224, 105.9648463083249652 ) ) ;
#10529 = ORIENTED_EDGE ( 'NONE', *, *, #10957, .F. ) ;
#10530 = DIRECTION ( 'NONE',  ( 0.000000000000000000, -1.000000000000000000, 0.000000000000000000 ) ) ;
#10531 = EDGE_CURVE ( 'NONE', #8841, #6940, #8022, .T. ) ;
#10532 = ORIENTED_EDGE ( 'NONE', *, *, #10008, .F. ) ;
#10533 = CARTESIAN_POINT ( 'NONE',  ( 6.589672635954486601, 9.249999999999996447, 101.6732539937361537 ) ) ;
#10534 = VERTEX_POINT ( 'NONE', #10798 ) ;
#10535 = CARTESIAN_POINT ( 'NONE',  ( -8.065070057461214859, 9.009951390969431984, 103.6372912106165529 ) ) ;
#10536 = CARTESIAN_POINT ( 'NONE',  ( 33.75000000000054001, 2.250000000000000000, 122.3259074277046068 ) ) ;
#10537 = CARTESIAN_POINT ( 'NONE',  ( -4.001827687401852351, 8.499999999999996447, 102.8797793018832749 ) ) ;
#10538 = ORIENTED_EDGE ( 'NONE', *, *, #2848, .F. ) ;
#10539 = CARTESIAN_POINT ( 'NONE',  ( -4.500000000000000888, 2.250000000000001332, 109.8500000000000227 ) ) ;
#10540 = CARTESIAN_POINT ( 'NONE',  ( -16.25000000000000000, 2.250000000000000000, 136.5914722278378690 ) ) ;
#10541 = B_SPLINE_CURVE_WITH_KNOTS ( 'NONE', 3,
 ( #11485, #3379, #7997, #756 ),
 .UNSPECIFIED., .F., .F.,
 ( 4, 4 ),
 ( 4.388541835720875915E-17, 0.0002249180803212936738 ),
 .UNSPECIFIED. ) ;
#10542 = ORIENTED_EDGE ( 'NONE', *, *, #4513, .F. ) ;
#10543 = CARTESIAN_POINT ( 'NONE',  ( 2.395554016581868062, 13.53006764574618792, 105.4674101315097232 ) ) ;
#10544 = DIRECTION ( 'NONE',  ( -0.5000000000000004441, 0.5000000000000077716, 0.7071067811865419106 ) ) ;
#10545 = CARTESIAN_POINT ( 'NONE',  ( 6.134040778801043814, 9.736168028089572601, 105.4136645583828766 ) ) ;
#10546 = CARTESIAN_POINT ( 'NONE',  ( 4.359899538915386508, 9.249999999999998224, 104.5917154257814587 ) ) ;
#10547 = DIRECTION ( 'NONE',  ( 0.000000000000000000, 0.000000000000000000, -1.000000000000000000 ) ) ;
#10548 = ORIENTED_EDGE ( 'NONE', *, *, #8992, .T. ) ;
#10549 = DIRECTION ( 'NONE',  ( 0.000000000000000000, 0.6259234721840586380, 0.7798844830928821636 ) ) ;
#10550 = EDGE_LOOP ( 'NONE', ( #3320, #5577, #4228, #9646 ) ) ;
#10551 = CARTESIAN_POINT ( 'NONE',  ( 6.983791312133609708, 8.500000000000000000, 102.0489591718088178 ) ) ;
#10552 = FACE_OUTER_BOUND ( 'NONE', #11733, .T. ) ;
#10553 = ORIENTED_EDGE ( 'NONE', *, *, #10893, .F. ) ;
#10554 = LINE ( 'NONE', #6830, #4190 ) ;
#10555 = LINE ( 'NONE', #8010, #3833 ) ;
#10556 = EDGE_CURVE ( 'NONE', #8016, #6333, #2688, .T. ) ;
#10557 = DIRECTION ( 'NONE',  ( 1.000000000000000000, 0.000000000000000000, 0.000000000000000000 ) ) ;
#10558 = DIRECTION ( 'NONE',  ( 0.000000000000000000, 0.000000000000000000, -1.000000000000000000 ) ) ;
#10559 = B_SPLINE_CURVE_WITH_KNOTS ( 'NONE', 3,
 ( #8865, #5199, #730, #11576, #4422, #3473, #6200, #672, #9866, #8924 ),
 .UNSPECIFIED., .F., .F.,
 ( 4, 2, 2, 2, 4 ),
 ( 0.5000000000000000000, 0.5472371929996343587, 0.5708557894994534809, 0.5826650877493613212, 0.5944743859992692725 ),
 .UNSPECIFIED. ) ;
#10560 = DIRECTION ( 'NONE',  ( 0.7071067811865477948, 0.7071067811865473507, 0.000000000000000000 ) ) ;
#10561 = ADVANCED_FACE ( 'NONE', ( #9029 ), #2041, .F. ) ;
#10562 = EDGE_CURVE ( 'NONE', #8841, #6242, #10157, .T. ) ;
#10563 = VERTEX_POINT ( 'NONE', #8136 ) ;
#10564 = CARTESIAN_POINT ( 'NONE',  ( 6.922989955510059801, 9.832512528463851709, 102.2416149415372928 ) ) ;
#10565 = CARTESIAN_POINT ( 'NONE',  ( 20.26260754773849371, 2.250000000000000444, 111.6432295561562427 ) ) ;
#10566 = DIRECTION ( 'NONE',  ( 0.000000000000000000, -1.000000000000000000, 0.000000000000000000 ) ) ;
#10567 = DIRECTION ( 'NONE',  ( 0.000000000000000000, -1.000000000000000000, 0.000000000000000000 ) ) ;
#10568 = FACE_BOUND ( 'NONE', #5357, .T. ) ;
#10569 = CIRCLE ( 'NONE', #9446, 0.4999999999999865663 ) ;
#10570 = CARTESIAN_POINT ( 'NONE',  ( -6.015028000230917549, 8.499999999999996447, 106.0393654894793514 ) ) ;
#10571 = CARTESIAN_POINT ( 'NONE',  ( -13.65587170306733178, 27.51026394188988888, 102.6874679520896478 ) ) ;
#10572 = ADVANCED_FACE ( 'NONE', ( #6485 ), #2749, .T. ) ;
#10573 = ORIENTED_EDGE ( 'NONE', *, *, #4895, .F. ) ;
#10574 = EDGE_CURVE ( 'NONE', #10681, #11452, #3049, .T. ) ;
#10575 = AXIS2_PLACEMENT_3D ( 'NONE', #9452, #8624, #1335 ) ;
#10576 = EDGE_LOOP ( 'NONE', ( #1644, #6373, #7735, #11656 ) ) ;
#10577 = LINE ( 'NONE', #5371, #1000 ) ;
#10578 = FACE_OUTER_BOUND ( 'NONE', #3785, .T. ) ;
#10579 = CIRCLE ( 'NONE', #6797, 2.000000000000001776 ) ;
#10580 = CARTESIAN_POINT ( 'NONE',  ( -29.37500000000054357, 0.000000000000000000, 119.8000000000000682 ) ) ;
#10581 = CARTESIAN_POINT ( 'NONE',  ( 16.12112238977013590, 27.51420086336713311, 102.6457269171289965 ) ) ;
#10582 = PLANE ( 'NONE',  #8716 ) ;
#10583 = ORIENTED_EDGE ( 'NONE', *, *, #4582, .F. ) ;
#10584 = DIRECTION ( 'NONE',  ( 0.000000000000000000, 1.000000000000000000, 0.000000000000000000 ) ) ;
#10585 = ORIENTED_EDGE ( 'NONE', *, *, #2351, .T. ) ;
#10586 = CARTESIAN_POINT ( 'NONE',  ( 8.329860813851936996, 9.249999999999996447, 105.4083086045745290 ) ) ;
#10587 = ORIENTED_EDGE ( 'NONE', *, *, #8403, .F. ) ;
#10588 = PRODUCT_RELATED_PRODUCT_CATEGORY ( 'part', '', ( #9611 ) ) ;
#10589 =( NAMED_UNIT ( * ) SI_UNIT ( $, .STERADIAN. ) SOLID_ANGLE_UNIT ( ) );
#10590 = DIRECTION ( 'NONE',  ( -0.5735764363510429398, 0.000000000000000000, -0.8191520442889941300 ) ) ;
#10591 = ADVANCED_FACE ( 'NONE', ( #251 ), #2102, .T. ) ;
#10592 = CARTESIAN_POINT ( 'NONE',  ( 46.84613302130914292, 7.249999999999999112, 32.80201547749437907 ) ) ;
#10593 = EDGE_CURVE ( 'NONE', #3059, #93, #6487, .T. ) ;
#10594 = VECTOR ( 'NONE', #1815, 1000.000000000000000 ) ;
#10595 = LINE ( 'NONE', #11533, #7746 ) ;
#10596 = VERTEX_POINT ( 'NONE', #9089 ) ;
#10597 = DIRECTION ( 'NONE',  ( 0.000000000000000000, 1.000000000000000000, 0.000000000000000000 ) ) ;
#10598 = LINE ( 'NONE', #10540, #956 ) ;
#10599 = ORIENTED_EDGE ( 'NONE', *, *, #2444, .F. ) ;
#10600 = PLANE ( 'NONE',  #536 ) ;
#10601 = CARTESIAN_POINT ( 'NONE',  ( -14.38283030909027183, 28.46506699064844526, 107.4973460343844067 ) ) ;
#10602 = CARTESIAN_POINT ( 'NONE',  ( -2.841710573445580312, 13.61425446981478515, 105.0876679082871590 ) ) ;
#10603 = DIRECTION ( 'NONE',  ( 0.000000000000000000, -1.000000000000000000, 0.000000000000000000 ) ) ;
#10604 = LINE ( 'NONE', #10374, #10666 ) ;
#10605 = ORIENTED_EDGE ( 'NONE', *, *, #7895, .T. ) ;
#10606 = DIRECTION ( 'NONE',  ( -2.037106467202124000E-14, 0.000000000000000000, -1.000000000000000000 ) ) ;
#10607 = EDGE_CURVE ( 'NONE', #1593, #9982, #6550, .T. ) ;
#10608 = VECTOR ( 'NONE', #6815, 1000.000000000000000 ) ;
#10609 = DIRECTION ( 'NONE',  ( -1.000000000000000000, 0.000000000000000000, 0.000000000000000000 ) ) ;
#10610 = ORIENTED_EDGE ( 'NONE', *, *, #9341, .T. ) ;
#10611 = CARTESIAN_POINT ( 'NONE',  ( 8.389699783732099903, 8.499999999999996447, 103.6015590561568729 ) ) ;
#10612 = CARTESIAN_POINT ( 'NONE',  ( -9.500000000000001776, 9.000000000000000000, 109.8500000000000227 ) ) ;
#10613 = CARTESIAN_POINT ( 'NONE',  ( -15.29114218035015860, 26.55195401848749626, 163.0000000000001421 ) ) ;
#10614 = ORIENTED_EDGE ( 'NONE', *, *, #4731, .T. ) ;
#10615 = CARTESIAN_POINT ( 'NONE',  ( -16.64015411282693435, 14.14015411282693258, 138.8414722278378406 ) ) ;
#10616 = CARTESIAN_POINT ( 'NONE',  ( -2.442646126510160443, -6.745874566120680704, 102.8116720171353080 ) ) ;
#10617 = CARTESIAN_POINT ( 'NONE',  ( -4.962475702807965128, 9.593094228307212035, 103.1036923297356935 ) ) ;
#10618 = CARTESIAN_POINT ( 'NONE',  ( 19.74999999999973355, 7.249999999999999112, 132.9242565173703383 ) ) ;
#10619 = VECTOR ( 'NONE', #248, 1000.000000000000000 ) ;
#10620 = LINE ( 'NONE', #11393, #6237 ) ;
#10621 = VECTOR ( 'NONE', #8858, 1000.000000000000114 ) ;
#10622 = AXIS2_PLACEMENT_3D ( 'NONE', #6520, #9062, #11014 ) ;
#10623 = ORIENTED_EDGE ( 'NONE', *, *, #2070, .F. ) ;
#10624 = FACE_OUTER_BOUND ( 'NONE', #11664, .T. ) ;
#10625 = EDGE_CURVE ( 'NONE', #4438, #3191, #9210, .T. ) ;
#10626 = CYLINDRICAL_SURFACE ( 'NONE', #7740, 1.624999999999999112 ) ;
#10627 = LINE ( 'NONE', #2628, #10637 ) ;
#10628 = FACE_OUTER_BOUND ( 'NONE', #9988, .T. ) ;
#10629 = VECTOR ( 'NONE', #1385, 1000.000000000000000 ) ;
#10630 = CARTESIAN_POINT ( 'NONE',  ( -4.576778989265764430, 8.499999999999996447, 102.2005603474873112 ) ) ;
#10631 = DIRECTION ( 'NONE',  ( -0.000000000000000000, -1.000000000000000000, -0.000000000000000000 ) ) ;
#10632 = EDGE_LOOP ( 'NONE', ( #4263, #4894, #1672, #700, #8970 ) ) ;
#10633 = VERTEX_POINT ( 'NONE', #7495 ) ;
#10634 = ORIENTED_EDGE ( 'NONE', *, *, #5181, .T. ) ;
#10635 = PLANE ( 'NONE',  #4405 ) ;
#10636 = DIRECTION ( 'NONE',  ( 0.000000000000000000, 0.000000000000000000, -1.000000000000000000 ) ) ;
#10637 = VECTOR ( 'NONE', #11629, 1000.000000000000000 ) ;
#10638 = CARTESIAN_POINT ( 'NONE',  ( 11.99999999998817479, 2.250000000000000000, 163.0000000000001421 ) ) ;
#10639 = EDGE_CURVE ( 'NONE', #2146, #6911, #7313, .T. ) ;
#10640 = CARTESIAN_POINT ( 'NONE',  ( 16.15036770282975453, 27.32231563746865532, 102.7577336824237193 ) ) ;
#10641 = CARTESIAN_POINT ( 'NONE',  ( -2.442646126510160443, -6.745874566120680704, 100.3144660940672992 ) ) ;
#10642 = ORIENTED_EDGE ( 'NONE', *, *, #10556, .F. ) ;
#10643 = CIRCLE ( 'NONE', #5541, 1.624999999999999112 ) ;
#10644 = CARTESIAN_POINT ( 'NONE',  ( 17.99999999999998934, 2.250000000000000444, 87.43550806100932959 ) ) ;
#10645 = EDGE_CURVE ( 'NONE', #7024, #4657, #10918, .T. ) ;
#10646 = EDGE_LOOP ( 'NONE', ( #8814, #8594, #16, #3461 ) ) ;
#10647 = AXIS2_PLACEMENT_3D ( 'NONE', #4445, #10544, #7159 ) ;
#10648 = CARTESIAN_POINT ( 'NONE',  ( 5.718692923687683560, 9.249999999999996447, 101.8434425783538160 ) ) ;
#10649 = AXIS2_PLACEMENT_3D ( 'NONE', #1866, #7202, #3710 ) ;
#10650 = EDGE_LOOP ( 'NONE', ( #4906, #8217, #5442 ) ) ;
#10651 = B_SPLINE_SURFACE_WITH_KNOTS ( 'NONE', 1, 3, ( 
 ( #5403, #8240, #8959, #7298, #11726, #2670, #6288, #112, #6353, #52, #10725, #1900, #2612, #10903, #828, #4691, #10013, #9130, #9956, #2787, #9898, #3741, #9016, #6408, #1006, #9835, #3619, #4636, #1845, #2733, #7355, #6228, #1788, #4457, #10963, #1066, #888, #1723, #8064, #7234, #3557, #11666, #3682, #7171, #8118, #10842, #5458, #9070, #2849, #6466, #948, #4569, #8178, #10076, #1964, #5581, #9195, #8299, #2253, #6763, #5818, #3802, #8429, #3984, #2027, #7658 ),
 ( #8540, #4043, #11200, #293, #1191, #9376, #8481, #344, #8597, #1253, #11259, #5704, #3929, #7596, #3871, #3099, #7417, #4818, #4752, #3037, #6645, #8363, #7535, #1305, #6529, #11138, #3153, #10368, #4928, #4874, #9427, #408, #6712, #9251, #10257, #6588, #1126, #11024, #10316, #7479, #2204, #2148, #5874, #2917, #5765, #9480, #10140, #1366, #4991, #5639, #2977, #233, #10193, #11085, #2085, #9316, #7766, #1481, #11308, #5102, #10485, #3319, #5271, #3202, #2372, #9541 ) ),
 .UNSPECIFIED., .F., .T., .F.,
 ( 2, 2 ),
 ( 4, 2, 2, 2, 2, 2, 2, 2, 2, 2, 2, 2, 2, 2, 2, 2, 2, 2, 2, 2, 2, 2, 2, 2, 2, 2, 2, 2, 2, 2, 2, 2, 4 ),
 ( 0.000000000000000000, 1.000000000000000000 ),
 ( 3.141592653589793116, 3.337942194439155408, 3.534291735288517255, 3.730641276137879103, 3.926990816987241395, 4.123340357836603687, 4.319689898685965090, 4.516039439535327382, 4.712388980384689674, 4.908738521234051966, 5.105088062083414258, 5.301437602932775661, 5.497787143782137953, 5.694136684631500245, 5.890486225480861648, 6.086835766330223940, 6.283185307179586232, 6.479534848028948524, 6.675884388878310816, 6.872233929727672219, 7.068583470577034511, 7.264933011426396803, 7.461282552275758206, 7.657632093125120498, 7.853981633974482790, 8.050331174823845970, 8.246680715673207374, 8.443030256522568777, 8.639379797371930181, 8.835729338221291584, 9.032078879070654764, 9.228428419920017944, 9.424777960769379348 ),
 .UNSPECIFIED. ) ;
#10652 = SURFACE_SIDE_STYLE ('',( #2650 ) ) ;
#10653 = CARTESIAN_POINT ( 'NONE',  ( -7.249999999999989342, -31.10416016031583553, 100.1000000000000227 ) ) ;
#10654 = CARTESIAN_POINT ( 'NONE',  ( -8.499999999999998224, 8.500000000000000000, 104.4382205592013122 ) ) ;
#10655 = CARTESIAN_POINT ( 'NONE',  ( -3.880817125749090213, 8.500000000000000000, 103.1445528976855144 ) ) ;
#10656 = ORIENTED_EDGE ( 'NONE', *, *, #4000, .T. ) ;
#10657 = CARTESIAN_POINT ( 'NONE',  ( 1.500000000000000222, 13.20609684524212035, 105.3500000000000227 ) ) ;
#10658 = CARTESIAN_POINT ( 'NONE',  ( -1.749999999999999778, 0.000000000000000000, 89.10000000000000853 ) ) ;
#10659 = VERTEX_POINT ( 'NONE', #9148 ) ;
#10660 = DIRECTION ( 'NONE',  ( 6.938893903907223447E-16, 0.000000000000000000, -1.000000000000000000 ) ) ;
#10661 = CARTESIAN_POINT ( 'NONE',  ( -21.38830408857790033, 7.249999999999999112, 114.7771036446682729 ) ) ;
#10662 = CARTESIAN_POINT ( 'NONE',  ( 6.784878553988535010, 9.815640844704530465, 105.4711727620217943 ) ) ;
#10663 = DIRECTION ( 'NONE',  ( 0.000000000000000000, 0.000000000000000000, -1.000000000000000000 ) ) ;
#10664 = ADVANCED_FACE ( 'NONE', ( #3638 ), #9890, .F. ) ;
#10665 = PLANE ( 'NONE',  #6440 ) ;
#10666 = VECTOR ( 'NONE', #8659, 1000.000000000000000 ) ;
#10667 = LINE ( 'NONE', #8061, #6807 ) ;
#10668 = ORIENTED_EDGE ( 'NONE', *, *, #3707, .T. ) ;
#10669 = DIRECTION ( 'NONE',  ( 0.000000000000000000, -1.000000000000000000, 0.000000000000000000 ) ) ;
#10670 = CARTESIAN_POINT ( 'NONE',  ( -16.25000000000000000, 9.749999999999996447, 160.2014815911317100 ) ) ;
#10671 = AXIS2_PLACEMENT_3D ( 'NONE', #2959, #8581, #3964 ) ;
#10672 = ORIENTED_EDGE ( 'NONE', *, *, #3061, .T. ) ;
#10673 = CARTESIAN_POINT ( 'NONE',  ( 4.428360816627192165, 14.70690171546325331, 116.3298467894262131 ) ) ;
#10674 = CARTESIAN_POINT ( 'NONE',  ( 19.74999999999982236, 0.000000000000000000, 124.4242565173703525 ) ) ;
#10675 = VECTOR ( 'NONE', #9101, 1000.000000000000000 ) ;
#10676 = DIRECTION ( 'NONE',  ( -0.000000000000000000, -1.000000000000000000, -0.000000000000000000 ) ) ;
#10677 = PLANE ( 'NONE',  #2932 ) ;
#10678 = EDGE_CURVE ( 'NONE', #1315, #9312, #4704, .T. ) ;
#10679 = DIRECTION ( 'NONE',  ( 0.000000000000000000, 0.000000000000000000, -1.000000000000000000 ) ) ;
#10680 = CLOSED_SHELL ( 'NONE', ( #2669, #1983, #7984, #1733, #8113, #1687, #8286, #2928, #418, #5722, #4429, #10958, #9294, #7461, #2940, #11571, #11717, #9232, #8673, #1314, #3132, #9238, #11357, #4161, #102, #10938, #4666, #3948, #10664, #1252, #8029, #9086, #10866, #4870, #9423, #7272, #7652, #6552, #9789, #1075, #853, #9225, #1391, #1200, #11675, #7014, #4348, #5278, #7349, #11287, #8872, #4884, #1621, #7540, #5866, #2769, #10736, #3705, #68, #367, #10151, #10561, #1734, #4211, #10325, #7765, #4505, #8795, #5433, #6979, #6773, #3613, #10381, #2992, #6809, #9590, #3162, #5352, #5014, #1099, #7491, #4433, #1585, #4077, #10379, #8778, #6403, #8372, #9979, #6305, #402, #2806, #4680, #2873, #8130, #3947, #6021, #6687, #9359, #3921, #5001, #1770, #6900, #1002, #726, #7968, #2395, #3296, #7643, #5515, #5182, #3322, #6298, #6954, #5967, #10416, #1294, #2171, #1028, #8174, #11223, #3552, #4893, #10572, #10872, #3340, #8033, #2490, #8973, #716, #5594, #5798, #5945, #384, #8558, #11143, #7126, #7084, #3938, #5032, #3568, #6481, #311, #5823, #11736, #10705, #10362, #9208, #1170, #1986, #7165, #6949, #2212, #2607, #8129, #9907, #11184, #8784, #4241, #9365, #3510, #3989, #2980, #1807, #7248, #10418, #959, #7842, #11607, #4446, #10839, #8848, #9012, #8760, #1975, #7605, #8252, #5423, #669, #1145, #1915, #10591, #7609, #8276, #8978, #5453, #9691, #3445, #1015, #11701, #8211, #10356, #232, #8743, #7999, #1863, #10201, #3196, #8503, #8780, #11234, #4597, #5080, #4649, #7986, #5894, #8681, #8423, #511, #6617, #5829, #8045, #9483, #3347, #1298, #5746, #896, #10506, #9438, #639, #2997, #9624, #8488, #2390, #6041, #8724, #9154, #10327, #5658, #3692, #2513, #7831, #8036, #5944, #3840, #2633, #3629, #242, #4866, #758, #5140, #2685, #7777, #4268, #6251, #1555, #1085, #10933, #3221, #9865, #1148, #3476, #8263, #6606, #5384, #4091, #335, #1010, #3330, #6370, #11638, #1957, #9740, #6914, #739, #7404, #8199, #3655, #6956, #10907, #10004, #7416, #1317, #1841, #2743, #8763, #773, #2694, #9952, #10498, #131, #1329, #877, #10501, #5445, #858, #2402, #7050, #4478, #6818, #3362, #10090, #2031, #2620, #9136, #10446, #5309, #7229, #7645 ) ) ;
#10681 = VERTEX_POINT ( 'NONE', #966 ) ;
#10682 = VECTOR ( 'NONE', #117, 1000.000000000000000 ) ;
#10683 = VERTEX_POINT ( 'NONE', #4653 ) ;
#10684 = CARTESIAN_POINT ( 'NONE',  ( 13.93168049979518130, 27.18588141109855272, 105.2915703243338470 ) ) ;
#10685 = DIRECTION ( 'NONE',  ( -0.4226182617407014952, -0.9063077870366490485, 0.000000000000000000 ) ) ;
#10686 = CARTESIAN_POINT ( 'NONE',  ( -10.00000000000000000, 8.500000000000000000, 107.6000000000000085 ) ) ;
#10687 = VECTOR ( 'NONE', #5976, 1000.000000000000227 ) ;
#10688 = CARTESIAN_POINT ( 'NONE',  ( 19.74999999999997513, 2.250000000000001776, 127.9111501086128158 ) ) ;
#10689 = PLANE ( 'NONE',  #7275 ) ;
#10690 = CARTESIAN_POINT ( 'NONE',  ( -6.951510674111581523, 8.500000000000000000, 101.7724536279482379 ) ) ;
#10691 = LINE ( 'NONE', #11034, #5714 ) ;
#10692 = ORIENTED_EDGE ( 'NONE', *, *, #7695, .T. ) ;
#10693 = ORIENTED_EDGE ( 'NONE', *, *, #9663, .F. ) ;
#10694 = ORIENTED_EDGE ( 'NONE', *, *, #6316, .F. ) ;
#10695 = VECTOR ( 'NONE', #10870, 1000.000000000000000 ) ;
#10696 = CARTESIAN_POINT ( 'NONE',  ( -17.05368864071132151, 4.946311359288665166, 132.5604184152885807 ) ) ;
#10697 = DIRECTION ( 'NONE',  ( 0.000000000000000000, 0.000000000000000000, -1.000000000000000000 ) ) ;
#10698 = CARTESIAN_POINT ( 'NONE',  ( -4.359899538877914260, 9.249999999999998224, 103.1082845742691916 ) ) ;
#10699 = DIRECTION ( 'NONE',  ( -1.000000000000000000, -1.119176436114068839E-16, 0.000000000000000000 ) ) ;
#10700 = CARTESIAN_POINT ( 'NONE',  ( -5.065512751760355314, 9.605676905260445153, 102.9499833152471666 ) ) ;
#10701 = VERTEX_POINT ( 'NONE', #8196 ) ;
#10702 = CARTESIAN_POINT ( 'NONE',  ( 7.283805491649728125, 14.58761066238850290, 116.8679339569414566 ) ) ;
#10703 = ORIENTED_EDGE ( 'NONE', *, *, #8040, .T. ) ;
#10704 = CARTESIAN_POINT ( 'NONE',  ( 6.082913531126087570, 9.249999999999996447, 101.7344391100871093 ) ) ;
#10705 = ADVANCED_FACE ( 'NONE', ( #71 ), #6424, .F. ) ;
#10706 = EDGE_LOOP ( 'NONE', ( #8654, #2622, #5004, #5685, #11267, #9420, #4886, #3096, #1303 ) ) ;
#10707 = LINE ( 'NONE', #3426, #2436 ) ;
#10708 = EDGE_CURVE ( 'NONE', #11181, #103, #1919, .T. ) ;
#10709 = CARTESIAN_POINT ( 'NONE',  ( -13.81095294525108663, 27.24217759433280150, 105.2222666721052633 ) ) ;
#10710 = DIRECTION ( 'NONE',  ( 0.000000000000000000, -1.000000000000000000, 0.000000000000000000 ) ) ;
#10711 = VERTEX_POINT ( 'NONE', #2934 ) ;
#10712 = DIRECTION ( 'NONE',  ( -0.000000000000000000, -1.000000000000000000, -0.000000000000000000 ) ) ;
#10713 = CARTESIAN_POINT ( 'NONE',  ( 19.74999999999998934, 2.250000000000000000, 138.8414722278378690 ) ) ;
#10714 = ORIENTED_EDGE ( 'NONE', *, *, #5812, .F. ) ;
#10715 = CARTESIAN_POINT ( 'NONE',  ( -7.949834432432207443, 21.45637587167328419, 101.6533008588991152 ) ) ;
#10716 = PLANE ( 'NONE',  #4227 ) ;
#10717 = CARTESIAN_POINT ( 'NONE',  ( 6.714033537281849817, 9.806994827252740521, 105.4741285195325702 ) ) ;
#10718 = DIRECTION ( 'NONE',  ( 0.000000000000000000, 0.000000000000000000, 1.000000000000000000 ) ) ;
#10719 = LINE ( 'NONE', #4562, #7186 ) ;
#10720 = EDGE_CURVE ( 'NONE', #1633, #11599, #3905, .T. ) ;
#10721 = EDGE_CURVE ( 'NONE', #6398, #2234, #201, .T. ) ;
#10722 = CARTESIAN_POINT ( 'NONE',  ( 0.000000000000000000, 12.88549180720036169, 114.1501867418696037 ) ) ;
#10723 = VERTEX_POINT ( 'NONE', #10442 ) ;
#10724 = CYLINDRICAL_SURFACE ( 'NONE', #3768, 2.000000000000029310 ) ;
#10725 = CARTESIAN_POINT ( 'NONE',  ( 5.182491810076208516, 8.993993768052405358, 102.5579504388046814 ) ) ;
#10726 = EDGE_LOOP ( 'NONE', ( #11724, #4738, #9942, #11673 ) ) ;
#10727 = PLANE ( 'NONE',  #10997 ) ;
#10728 = DIRECTION ( 'NONE',  ( 0.000000000000000000, 0.000000000000000000, 1.000000000000000000 ) ) ;
#10729 = CARTESIAN_POINT ( 'NONE',  ( -5.897056626010340530, 9.707226289482212778, 102.3584328125463685 ) ) ;
#10730 = DIRECTION ( 'NONE',  ( 0.000000000000000000, 0.000000000000000000, -1.000000000000000000 ) ) ;
#10731 = ORIENTED_EDGE ( 'NONE', *, *, #595, .F. ) ;
#10732 = EDGE_CURVE ( 'NONE', #4267, #10788, #11274, .T. ) ;
#10733 = DIRECTION ( 'NONE',  ( 0.000000000000000000, 0.000000000000000000, -1.000000000000000000 ) ) ;
#10734 = EDGE_CURVE ( 'NONE', #1315, #1989, #9442, .T. ) ;
#10735 = ORIENTED_EDGE ( 'NONE', *, *, #9005, .T. ) ;
#10736 = ADVANCED_FACE ( 'NONE', ( #6729 ), #1325, .F. ) ;
#10737 = ORIENTED_EDGE ( 'NONE', *, *, #4442, .T. ) ;
#10738 = DIRECTION ( 'NONE',  ( 1.000000000000000000, 0.000000000000000000, 0.000000000000000000 ) ) ;
#10739 = CARTESIAN_POINT ( 'NONE',  ( -20.26260754773828054, 0.000000000000000000, 128.6432295561562569 ) ) ;
#10740 = CARTESIAN_POINT ( 'NONE',  ( -24.19902967379948677, 46.19902967380000547, 56.64543098172686797 ) ) ;
#10741 = CARTESIAN_POINT ( 'NONE',  ( -5.000000000000000888, 31.94302117641175442, 96.10000000000006537 ) ) ;
#10742 = CARTESIAN_POINT ( 'NONE',  ( 9.999999999999998224, 4.499999999999999112, 109.8500000000000227 ) ) ;
#10743 = CARTESIAN_POINT ( 'NONE',  ( -4.461570642129416342, 8.558596015134019908, 103.1298787401801462 ) ) ;
#10744 = CARTESIAN_POINT ( 'NONE',  ( 12.08750162854155441, 21.45637587167328064, 107.6000000000000085 ) ) ;
#10745 = ORIENTED_EDGE ( 'NONE', *, *, #4286, .F. ) ;
#10746 = ORIENTED_EDGE ( 'NONE', *, *, #9280, .F. ) ;
#10747 = DIRECTION ( 'NONE',  ( 0.4226182617407020503, -0.9063077870366487154, 0.000000000000000000 ) ) ;
#10748 = CARTESIAN_POINT ( 'NONE',  ( 33.75000000000054001, 2.250000000000000000, 122.3259074277046068 ) ) ;
#10749 = LINE ( 'NONE', #2641, #9704 ) ;
#10750 = LINE ( 'NONE', #10641, #11353 ) ;
#10751 = CARTESIAN_POINT ( 'NONE',  ( -5.186367805915211626, 9.620435766710738079, 102.8110362363375430 ) ) ;
#10752 = ORIENTED_EDGE ( 'NONE', *, *, #10868, .T. ) ;
#10753 = CARTESIAN_POINT ( 'NONE',  ( -21.38830408857771914, 2.250000000000000444, 131.7771036446682729 ) ) ;
#10754 = VERTEX_POINT ( 'NONE', #10386 ) ;
#10755 = FACE_OUTER_BOUND ( 'NONE', #3835, .T. ) ;
#10756 = ORIENTED_EDGE ( 'NONE', *, *, #1386, .F. ) ;
#10757 = VECTOR ( 'NONE', #2175, 1000.000000000000000 ) ;
#10758 = AXIS2_PLACEMENT_3D ( 'NONE', #11547, #8896, #3448 ) ;
#10759 = FILL_AREA_STYLE_COLOUR ( '', #2870 ) ;
#10760 = CARTESIAN_POINT ( 'NONE',  ( -21.38830408857765519, 7.249999999999999112, 140.2771036446683013 ) ) ;
#10761 = CARTESIAN_POINT ( 'NONE',  ( -8.551701525379616697, 8.500000000000000000, 104.2450148510128543 ) ) ;
#10762 = DIRECTION ( 'NONE',  ( -1.000000000000000000, -1.119176436114068839E-16, 0.000000000000000000 ) ) ;
#10763 = VERTEX_POINT ( 'NONE', #4001 ) ;
#10764 = CARTESIAN_POINT ( 'NONE',  ( 2.692661133401073492, 13.36007941127753718, 104.7649851442540836 ) ) ;
#10765 = CARTESIAN_POINT ( 'NONE',  ( -21.38830408857798915, 2.250000000000000444, 106.2771036446682871 ) ) ;
#10766 = AXIS2_PLACEMENT_3D ( 'NONE', #9233, #1829, #5441 ) ;
#10767 = ORIENTED_EDGE ( 'NONE', *, *, #2782, .F. ) ;
#10768 = CARTESIAN_POINT ( 'NONE',  ( 7.968929408341651310, 9.031070591658341584, 104.6669287121276852 ) ) ;
#10769 = VECTOR ( 'NONE', #9788, 1000.000000000000000 ) ;
#10770 = CARTESIAN_POINT ( 'NONE',  ( -1.499999999999999778, 13.99573097772450403, 102.3500000000000227 ) ) ;
#10771 = EDGE_CURVE ( 'NONE', #10820, #6974, #2272, .T. ) ;
#10772 = CARTESIAN_POINT ( 'NONE',  ( 1.500000000000000222, 13.20609684524211680, 105.3500000000000227 ) ) ;
#10773 = CARTESIAN_POINT ( 'NONE',  ( 29.37500000000054357, 0.000000000000000000, 82.35000000000000853 ) ) ;
#10774 = CARTESIAN_POINT ( 'NONE',  ( -15.79265977021659850, 26.57774738816301507, 107.4062757066576097 ) ) ;
#10775 = EDGE_CURVE ( 'NONE', #4079, #9164, #2674, .T. ) ;
#10776 = B_SPLINE_CURVE_WITH_KNOTS ( 'NONE', 3,
 ( #7384, #5551, #8886, #7934, #5220, #2881, #7106, #10768, #8828, #6499 ),
 .UNSPECIFIED., .F., .F.,
 ( 4, 2, 2, 2, 4 ),
 ( 0.001213268274112360399, 0.001515379436291883338, 0.001817490598471406277, 0.002119601760650929000, 0.002421712922830452155 ),
 .UNSPECIFIED. ) ;
#10777 = VECTOR ( 'NONE', #10472, 1000.000000000000000 ) ;
#10778 = CARTESIAN_POINT ( 'NONE',  ( -29.37500000000054357, 2.250000000000000000, 130.3000000000000398 ) ) ;
#10779 = VERTEX_POINT ( 'NONE', #10333 ) ;
#10780 = CARTESIAN_POINT ( 'NONE',  ( -30.20914841613942770, 52.20914841614001745, 65.06209187956950757 ) ) ;
#10781 = FACE_OUTER_BOUND ( 'NONE', #10650, .T. ) ;
#10782 = ORIENTED_EDGE ( 'NONE', *, *, #1412, .T. ) ;
#10783 = DIRECTION ( 'NONE',  ( 2.478176394252575717E-16, -0.9762960071199324741, -0.2164396139381068174 ) ) ;
#10784 = DIRECTION ( 'NONE',  ( 0.000000000000000000, -1.000000000000000000, 0.000000000000000000 ) ) ;
#10785 = VECTOR ( 'NONE', #7324, 1000.000000000000114 ) ;
#10786 = CARTESIAN_POINT ( 'NONE',  ( -5.875676289598865347E-16, 5.250000000000001776, 163.0000000000001421 ) ) ;
#10787 = CARTESIAN_POINT ( 'NONE',  ( 16.25000000000000000, 8.500000000000000000, 100.1000000000000227 ) ) ;
#10788 = VERTEX_POINT ( 'NONE', #9391 ) ;
#10789 = DIRECTION ( 'NONE',  ( -0.000000000000000000, -1.000000000000000000, -0.000000000000000000 ) ) ;
#10790 = EDGE_CURVE ( 'NONE', #10946, #749, #3283, .T. ) ;
#10791 = VERTEX_POINT ( 'NONE', #307 ) ;
#10792 = EDGE_LOOP ( 'NONE', ( #1064, #10529, #7767, #10369 ) ) ;
#10793 = DIRECTION ( 'NONE',  ( 0.8660254037844455910, 0.000000000000000000, 0.4999999999999879541 ) ) ;
#10794 = VECTOR ( 'NONE', #2172, 1000.000000000000000 ) ;
#10795 = CONICAL_SURFACE ( 'NONE', #6835, 1.549999999999995826, 0.7853981633974526089 ) ;
#10796 = PLANE ( 'NONE',  #11329 ) ;
#10797 = CARTESIAN_POINT ( 'NONE',  ( -5.529407449007170072, 19.22350543407083734, 100.1653839314069359 ) ) ;
#10798 = CARTESIAN_POINT ( 'NONE',  ( 15.86167683370010373, 27.77546953098697813, 107.5242346141747589 ) ) ;
#10799 = DIRECTION ( 'NONE',  ( 0.000000000000000000, 1.000000000000000000, 0.000000000000000000 ) ) ;
#10800 = CARTESIAN_POINT ( 'NONE',  ( -6.666864724385681562, 8.834819548039110515, 102.2769730618900610 ) ) ;
#10801 = DIRECTION ( 'NONE',  ( 0.000000000000000000, -1.000000000000000000, 0.000000000000000000 ) ) ;
#10802 = EDGE_CURVE ( 'NONE', #1138, #4357, #4191, .T. ) ;
#10803 = VECTOR ( 'NONE', #56, 1000.000000000000000 ) ;
#10804 = ORIENTED_EDGE ( 'NONE', *, *, #5043, .F. ) ;
#10805 = VECTOR ( 'NONE', #5273, 1000.000000000000000 ) ;
#10806 = ORIENTED_EDGE ( 'NONE', *, *, #5960, .T. ) ;
#10807 = EDGE_LOOP ( 'NONE', ( #11123, #5490, #8311, #8500, #7659, #2297, #6840, #9845, #11174, #9527, #4940, #6704, #8479, #3269 ) ) ;
#10808 = CARTESIAN_POINT ( 'NONE',  ( 8.096730651264335776, 9.176041061495977758, 104.2713347571486082 ) ) ;
#10809 = FACE_OUTER_BOUND ( 'NONE', #3199, .T. ) ;
#10810 = DIRECTION ( 'NONE',  ( 1.000000000000000000, 0.000000000000000000, 0.000000000000000000 ) ) ;
#10811 = CARTESIAN_POINT ( 'NONE',  ( -17.44999999998816875, 2.250000000000000000, 156.6000000000001933 ) ) ;
#10812 = CARTESIAN_POINT ( 'NONE',  ( -6.906075003723602279, 9.830447010717223932, 105.4627220883782570 ) ) ;
#10813 = ORIENTED_EDGE ( 'NONE', *, *, #7907, .F. ) ;
#10814 = VECTOR ( 'NONE', #10819, 1000.000000000000000 ) ;
#10815 = CARTESIAN_POINT ( 'NONE',  ( -16.15036770283282408, 27.32231563746894309, 100.2982510352636609 ) ) ;
#10816 = EDGE_CURVE ( 'NONE', #9876, #9298, #6181, .T. ) ;
#10817 = ORIENTED_EDGE ( 'NONE', *, *, #7054, .T. ) ;
#10818 = CARTESIAN_POINT ( 'NONE',  ( -13.25000000000000178, 2.249999999999998668, 84.60000000000003695 ) ) ;
#10819 = DIRECTION ( 'NONE',  ( 0.000000000000000000, -1.000000000000000000, 0.000000000000000000 ) ) ;
#10820 = VERTEX_POINT ( 'NONE', #9673 ) ;
#10821 = VECTOR ( 'NONE', #10845, 1000.000000000000000 ) ;
#10822 = EDGE_LOOP ( 'NONE', ( #7522, #1938, #5387, #7869 ) ) ;
#10823 = CARTESIAN_POINT ( 'NONE',  ( -7.499999999988182786, 2.250000000000000000, 163.0000000000001421 ) ) ;
#10824 = CARTESIAN_POINT ( 'NONE',  ( -16.20033764930179387, -31.10416016031582842, 100.1000000000000227 ) ) ;
#10825 = CARTESIAN_POINT ( 'NONE',  ( 21.38830408857799270, 7.249999999999999112, 106.2771036446682871 ) ) ;
#10826 = VERTEX_POINT ( 'NONE', #7176 ) ;
#10827 = CARTESIAN_POINT ( 'NONE',  ( 2.801747703506574094, 13.79877663026101509, 103.0982744451952726 ) ) ;
#10828 = ORIENTED_EDGE ( 'NONE', *, *, #4492, .T. ) ;
#10829 = CARTESIAN_POINT ( 'NONE',  ( 15.41052702440500966, 26.49628395143707493, 107.4973460343844067 ) ) ;
#10830 = CARTESIAN_POINT ( 'NONE',  ( -13.83775212875645266, 28.16755216095005210, 100.3144660940672566 ) ) ;
#10831 = EDGE_LOOP ( 'NONE', ( #1048, #1773, #6240, #3431 ) ) ;
#10832 = CARTESIAN_POINT ( 'NONE',  ( -2.797467816703941512, 13.79945272293862502, 103.0956878391511395 ) ) ;
#10833 = CARTESIAN_POINT ( 'NONE',  ( 9.999999999999998224, 4.499999999999999112, 107.6000000000000085 ) ) ;
#10834 = DIRECTION ( 'NONE',  ( -1.000000000000000000, -0.000000000000000000, -0.000000000000000000 ) ) ;
#10835 = AXIS2_PLACEMENT_3D ( 'NONE', #5439, #2893, #3908 ) ;
#10836 = DIRECTION ( 'NONE',  ( 0.000000000000000000, 0.000000000000000000, -1.000000000000000000 ) ) ;
#10837 = AXIS2_PLACEMENT_3D ( 'NONE', #4524, #1743, #4470 ) ;
#10838 = FACE_OUTER_BOUND ( 'NONE', #5597, .T. ) ;
#10839 = ADVANCED_FACE ( 'NONE', ( #1556 ), #1669, .F. ) ;
#10840 = ORIENTED_EDGE ( 'NONE', *, *, #5830, .F. ) ;
#10841 = CARTESIAN_POINT ( 'NONE',  ( -29.37500000000054357, 2.250000000000000000, 79.80000000000001137 ) ) ;
#10842 = CARTESIAN_POINT ( 'NONE',  ( 6.904074664119081994, 9.101537972936311505, 105.3920051475182476 ) ) ;
#10843 = ORIENTED_EDGE ( 'NONE', *, *, #1739, .T. ) ;
#10844 = DIRECTION ( 'NONE',  ( -0.000000000000000000, 0.000000000000000000, 1.000000000000000000 ) ) ;
#10845 = DIRECTION ( 'NONE',  ( -0.000000000000000000, -0.000000000000000000, -1.000000000000000000 ) ) ;
#10846 = CARTESIAN_POINT ( 'NONE',  ( -4.754622580635679441, 9.567717748473175021, 103.9735537883970551 ) ) ;
#10847 = CARTESIAN_POINT ( 'NONE',  ( 20.26260754773809225, 2.250000000000000444, 145.6432295561562285 ) ) ;
#10848 = VERTEX_POINT ( 'NONE', #4288 ) ;
#10849 = DIRECTION ( 'NONE',  ( 1.000000000000000000, 8.673617379884036705E-17, -3.912415967295317630E-16 ) ) ;
#10850 = CIRCLE ( 'NONE', #7068, 2.000000000000001776 ) ;
#10851 = EDGE_CURVE ( 'NONE', #3245, #6332, #11499, .T. ) ;
#10852 = EDGE_CURVE ( 'NONE', #10391, #7392, #1161, .T. ) ;
#10853 = EDGE_CURVE ( 'NONE', #4633, #4596, #5238, .T. ) ;
#10854 = ORIENTED_EDGE ( 'NONE', *, *, #5758, .T. ) ;
#10855 = EDGE_CURVE ( 'NONE', #8532, #9619, #1793, .T. ) ;
#10856 = ORIENTED_EDGE ( 'NONE', *, *, #11721, .T. ) ;
#10857 = LINE ( 'NONE', #841, #11583 ) ;
#10858 = VECTOR ( 'NONE', #7314, 1000.000000000000000 ) ;
#10859 = CARTESIAN_POINT ( 'NONE',  ( 7.334900837664599216, 9.665099162335394567, 105.5616392382572428 ) ) ;
#10860 = CARTESIAN_POINT ( 'NONE',  ( 31.10705080756945407, 2.250000000000000000, 78.10000000000002274 ) ) ;
#10861 = CARTESIAN_POINT ( 'NONE',  ( 15.92370005965352142, 26.72537797670014825, 104.8883279828647375 ) ) ;
#10862 = DIRECTION ( 'NONE',  ( -1.000000000000000000, 0.000000000000000000, -0.000000000000000000 ) ) ;
#10863 = CARTESIAN_POINT ( 'NONE',  ( -4.576778989265765318, 8.500000000000000000, 105.4994396525127058 ) ) ;
#10864 = ORIENTED_EDGE ( 'NONE', *, *, #2473, .F. ) ;
#10865 = VECTOR ( 'NONE', #7303, 1000.000000000000000 ) ;
#10866 = ADVANCED_FACE ( 'NONE', ( #9134 ), #8244, .F. ) ;
#10867 = ORIENTED_EDGE ( 'NONE', *, *, #495, .F. ) ;
#10868 = EDGE_CURVE ( 'NONE', #10131, #11130, #893, .T. ) ;
#10869 = CARTESIAN_POINT ( 'NONE',  ( 4.462227422511216623, 8.949000138681059369, 103.9563565960496163 ) ) ;
#10870 = DIRECTION ( 'NONE',  ( -0.000000000000000000, -0.000000000000000000, -1.000000000000000000 ) ) ;
#10871 = DIRECTION ( 'NONE',  ( -9.654113257610012971E-15, 0.000000000000000000, 1.000000000000000000 ) ) ;
#10872 = ADVANCED_FACE ( 'NONE', ( #2983, #4641 ), #1012, .T. ) ;
#10873 = CARTESIAN_POINT ( 'NONE',  ( -13.25000000000000178, 31.94302117641175442, 84.60000000000003695 ) ) ;
#10874 = CARTESIAN_POINT ( 'NONE',  ( -4.750502354557109008, 9.567207725462889556, 103.7634320396684302 ) ) ;
#10875 = ORIENTED_EDGE ( 'NONE', *, *, #554, .T. ) ;
#10876 = DIRECTION ( 'NONE',  ( -0.000000000000000000, -1.000000000000000000, -0.000000000000000000 ) ) ;
#10877 = EDGE_LOOP ( 'NONE', ( #6449, #3930, #9455, #8246 ) ) ;
#10878 = CARTESIAN_POINT ( 'NONE',  ( 16.15036770283282408, 27.32231563746894309, 100.2982510352636609 ) ) ;
#10879 = CARTESIAN_POINT ( 'NONE',  ( 2.029482907425410154, 13.23129463232546854, 105.2542692991382722 ) ) ;
#10880 = EDGE_CURVE ( 'NONE', #4585, #7976, #2498, .T. ) ;
#10881 = ORIENTED_EDGE ( 'NONE', *, *, #7759, .F. ) ;
#10882 = CIRCLE ( 'NONE', #284, 2.000000000000001776 ) ;
#10883 = EDGE_CURVE ( 'NONE', #4357, #10147, #4052, .T. ) ;
#10884 = ORIENTED_EDGE ( 'NONE', *, *, #2752, .T. ) ;
#10885 = CARTESIAN_POINT ( 'NONE',  ( -16.20695915089928718, 21.45637587167328064, 101.0999780776180188 ) ) ;
#10886 = EDGE_CURVE ( 'NONE', #263, #10391, #11144, .T. ) ;
#10887 = CARTESIAN_POINT ( 'NONE',  ( -15.20033764930179387, -31.10416016031582842, 100.1000000000000227 ) ) ;
#10888 = LINE ( 'NONE', #5562, #5825 ) ;
#10889 = ORIENTED_EDGE ( 'NONE', *, *, #5958, .F. ) ;
#10890 = CARTESIAN_POINT ( 'NONE',  ( 3.189947207205966251, 14.00237615404958724, 103.3369641267536707 ) ) ;
#10891 = VERTEX_POINT ( 'NONE', #10322 ) ;
#10892 = LINE ( 'NONE', #4441, #11544 ) ;
#10893 = EDGE_CURVE ( 'NONE', #9206, #9749, #471, .T. ) ;
#10894 = CARTESIAN_POINT ( 'NONE',  ( -4.650093782454304048, 9.249999999999998224, 105.0542998375097028 ) ) ;
#10895 = VERTEX_POINT ( 'NONE', #4107 ) ;
#10896 = CARTESIAN_POINT ( 'NONE',  ( -2.029482907381246370, 13.97053319064774257, 102.4457307008434839 ) ) ;
#10897 = DIRECTION ( 'NONE',  ( 0.000000000000000000, 0.000000000000000000, -1.000000000000000000 ) ) ;
#10898 = DIRECTION ( 'NONE',  ( -0.4226182617407020503, -0.9063077870366487154, 0.000000000000000000 ) ) ;
#10899 = LINE ( 'NONE', #4389, #4541 ) ;
#10900 = CARTESIAN_POINT ( 'NONE',  ( -8.588833455959738572, 8.499999999999996447, 103.9932944374939439 ) ) ;
#10901 = EDGE_LOOP ( 'NONE', ( #10380, #728, #10448, #2361, #6521, #10170 ) ) ;
#10902 = DIRECTION ( 'NONE',  ( 0.000000000000000000, -1.000000000000000000, 0.000000000000000000 ) ) ;
#10903 = CARTESIAN_POINT ( 'NONE',  ( 5.713949910657330378, 9.027193006022210753, 102.3079948524817695 ) ) ;
#10904 = ORIENTED_EDGE ( 'NONE', *, *, #2486, .F. ) ;
#10905 = LINE ( 'NONE', #2789, #7218 ) ;
#10906 = CARTESIAN_POINT ( 'NONE',  ( -19.75000000000001776, 2.250000000000000000, 122.4242565173703525 ) ) ;
#10907 = ADVANCED_FACE ( 'NONE', ( #8545 ), #9432, .F. ) ;
#10908 = CARTESIAN_POINT ( 'NONE',  ( -6.240877032643951772, 9.749213927461932272, 105.4366202566244652 ) ) ;
#10909 = LINE ( 'NONE', #6182, #10865 ) ;
#10910 = ORIENTED_EDGE ( 'NONE', *, *, #1820, .F. ) ;
#10911 = CARTESIAN_POINT ( 'NONE',  ( -29.37500000000054357, 1.250000000000005107, 83.90000000000000568 ) ) ;
#10912 = EDGE_LOOP ( 'NONE', ( #5434, #8008, #8776, #9690 ) ) ;
#10913 = VERTEX_POINT ( 'NONE', #6649 ) ;
#10914 = DIRECTION ( 'NONE',  ( -0.4226182617407014952, -0.9063077870366490485, 0.000000000000000000 ) ) ;
#10915 = EDGE_CURVE ( 'NONE', #11038, #6615, #7294, .T. ) ;
#10916 = DIRECTION ( 'NONE',  ( 0.000000000000000000, -1.000000000000000000, 0.000000000000000000 ) ) ;
#10917 = CARTESIAN_POINT ( 'NONE',  ( 14.50221515314512644, 28.40939692359802748, 163.0000000000001421 ) ) ;
#10918 = LINE ( 'NONE', #11042, #1939 ) ;
#10919 = DIRECTION ( 'NONE',  ( -0.000000000000000000, -0.000000000000000000, -1.000000000000000000 ) ) ;
#10920 = EDGE_CURVE ( 'NONE', #2028, #263, #11559, .T. ) ;
#10921 = EDGE_CURVE ( 'NONE', #11419, #7376, #2485, .T. ) ;
#10922 = CARTESIAN_POINT ( 'NONE',  ( -4.520603050351271968, 8.565990103970584357, 103.0356306489885156 ) ) ;
#10923 = VERTEX_POINT ( 'NONE', #4048 ) ;
#10924 = B_SPLINE_CURVE_WITH_KNOTS ( 'NONE', 3,
 ( #5929, #404, #7651, #11254, #3487, #8938 ),
 .UNSPECIFIED., .F., .F.,
 ( 4, 2, 4 ),
 ( 0.4567157805230519507, 0.4783578902615259754, 0.5000000000000000000 ),
 .UNSPECIFIED. ) ;
#10925 = ORIENTED_EDGE ( 'NONE', *, *, #11071, .T. ) ;
#10926 = CARTESIAN_POINT ( 'NONE',  ( 4.521293923512070378, 8.952689917462539171, 104.2713347571485940 ) ) ;
#10927 = CARTESIAN_POINT ( 'NONE',  ( -35.58213756747417023, 7.249999999999999112, 24.91488095036069694 ) ) ;
#10928 = CARTESIAN_POINT ( 'NONE',  ( 29.37500000000054357, 0.000000000000000000, 130.3000000000000398 ) ) ;
#10929 = LINE ( 'NONE', #2946, #9450 ) ;
#10930 = FACE_OUTER_BOUND ( 'NONE', #9572, .T. ) ;
#10931 = VERTEX_POINT ( 'NONE', #521 ) ;
#10932 = DIRECTION ( 'NONE',  ( -0.000000000000000000, -1.000000000000000000, -0.000000000000000000 ) ) ;
#10933 = ADVANCED_FACE ( 'NONE', ( #5708 ), #3158, .F. ) ;
#10934 = VECTOR ( 'NONE', #7339, 999.9999999999998863 ) ;
#10935 = ORIENTED_EDGE ( 'NONE', *, *, #3539, .F. ) ;
#10936 = PLANE ( 'NONE',  #8015 ) ;
#10937 = CARTESIAN_POINT ( 'NONE',  ( 2.772796350832118506, 13.39164635290573990, 104.6450543160543560 ) ) ;
#10938 = ADVANCED_FACE ( 'NONE', ( #7771, #5879 ), #5109, .T. ) ;
#10939 = ORIENTED_EDGE ( 'NONE', *, *, #3094, .T. ) ;
#10940 = EDGE_LOOP ( 'NONE', ( #11417, #10745, #1950, #4487 ) ) ;
#10941 = DIRECTION ( 'NONE',  ( 0.000000000000000000, 0.000000000000000000, -1.000000000000000000 ) ) ;
#10942 = CARTESIAN_POINT ( 'NONE',  ( 1.500000000000000000, 13.20609684524211680, 105.3500000000000227 ) ) ;
#10943 = FACE_OUTER_BOUND ( 'NONE', #2990, .T. ) ;
#10944 = ORIENTED_EDGE ( 'NONE', *, *, #8261, .F. ) ;
#10945 = CARTESIAN_POINT ( 'NONE',  ( 3.045525733931928603, 14.07302276538228369, 103.0182978562603751 ) ) ;
#10946 = VERTEX_POINT ( 'NONE', #640 ) ;
#10947 = CARTESIAN_POINT ( 'NONE',  ( -15.86167683370010373, 27.77546953098697813, 105.2915703243338328 ) ) ;
#10948 =( BOUNDED_CURVE ( )  B_SPLINE_CURVE ( 3, ( #9980, #1036, #9098, #5730 ),
 .UNSPECIFIED., .F., .F. ) 
 B_SPLINE_CURVE_WITH_KNOTS ( ( 4, 4 ),
 ( 2.530727415391779811, 4.712388980384787374 ),
 .UNSPECIFIED. ) 
 CURVE ( )  GEOMETRIC_REPRESENTATION_ITEM ( )  RATIONAL_B_SPLINE_CURVE ( ( 1.000000000000000000, 0.6411657421566610005, 0.6411657421566610005, 1.000000000000000000 ) ) 
 REPRESENTATION_ITEM ( '' )  );
#10949 = CARTESIAN_POINT ( 'NONE',  ( -4.333943023724206256, 9.249999999999998224, 104.4232681140169348 ) ) ;
#10950 = ORIENTED_EDGE ( 'NONE', *, *, #587, .T. ) ;
#10951 = CARTESIAN_POINT ( 'NONE',  ( -2.875727749685069501, 13.75829929830484666, 103.2520551944349165 ) ) ;
#10952 = CARTESIAN_POINT ( 'NONE',  ( 5.433378859796968996, 9.650601526353131732, 105.0991475311418952 ) ) ;
#10953 = DIRECTION ( 'NONE',  ( 0.9063077870366487154, -0.4226182617407020503, -0.000000000000000000 ) ) ;
#10954 = VECTOR ( 'NONE', #1052, 1000.000000000000000 ) ;
#10955 = AXIS2_PLACEMENT_3D ( 'NONE', #6105, #11054, #5667 ) ;
#10956 = LINE ( 'NONE', #11131, #11161 ) ;
#10957 = EDGE_CURVE ( 'NONE', #10931, #10723, #1541, .T. ) ;
#10958 = ADVANCED_FACE ( 'NONE', ( #3442 ), #8058, .F. ) ;
#10959 = CARTESIAN_POINT ( 'NONE',  ( -5.546786789029446219, 8.499999999999996447, 105.9693420875747734 ) ) ;
#10960 = ORIENTED_EDGE ( 'NONE', *, *, #10734, .T. ) ;
#10961 = ORIENTED_EDGE ( 'NONE', *, *, #11105, .T. ) ;
#10962 = DIRECTION ( 'NONE',  ( 0.000000000000000000, 1.000000000000000000, 0.000000000000000000 ) ) ;
#10963 = CARTESIAN_POINT ( 'NONE',  ( 8.143892746597712673, 9.178987193325403027, 104.0627087894038283 ) ) ;
#10964 = AXIS2_PLACEMENT_3D ( 'NONE', #3726, #5748, #6627 ) ;
#10965 = EDGE_LOOP ( 'NONE', ( #3139, #9607, #3981, #5259 ) ) ;
#10966 = DIRECTION ( 'NONE',  ( 0.5735764363510460484, 0.000000000000000000, 0.8191520442889919096 ) ) ;
#10967 = DIRECTION ( 'NONE',  ( 0.000000000000000000, -1.000000000000000000, 0.000000000000000000 ) ) ;
#10968 = DIRECTION ( 'NONE',  ( -0.000000000000000000, -1.000000000000000000, -0.000000000000000000 ) ) ;
#10969 = CARTESIAN_POINT ( 'NONE',  ( -8.500000000075814910, 8.499999999999998224, 103.2617562811714009 ) ) ;
#10970 = ORIENTED_EDGE ( 'NONE', *, *, #8278, .T. ) ;
#10971 = EDGE_CURVE ( 'NONE', #11285, #8608, #9718, .T. ) ;
#10972 = CARTESIAN_POINT ( 'NONE',  ( -9.999999999999998224, 2.250000000000000888, 160.2014815911317100 ) ) ;
#10973 = ORIENTED_EDGE ( 'NONE', *, *, #7034, .F. ) ;
#10974 = ORIENTED_EDGE ( 'NONE', *, *, #942, .F. ) ;
#10975 = AXIS2_PLACEMENT_3D ( 'NONE', #8584, #11183, #10410 ) ;
#10976 = CYLINDRICAL_SURFACE ( 'NONE', #398, 1.999999999999988010 ) ;
#10977 = CARTESIAN_POINT ( 'NONE',  ( 7.750000000000001776, 9.249999999999994671, 105.7831987774968781 ) ) ;
#10978 = CARTESIAN_POINT ( 'NONE',  ( -4.000000000000000888, 2.249999999999998668, 94.10000000000003695 ) ) ;
#10979 = CARTESIAN_POINT ( 'NONE',  ( 0.000000000000000000, 8.500000000000000000, 0.000000000000000000 ) ) ;
#10980 = DIRECTION ( 'NONE',  ( 0.7071067811865474617, -0.000000000000000000, -0.7071067811865474617 ) ) ;
#10981 = CARTESIAN_POINT ( 'NONE',  ( -3.880817125749091545, 8.499999999999996447, 104.5554471023145453 ) ) ;
#10982 = ORIENTED_EDGE ( 'NONE', *, *, #2709, .F. ) ;
#10983 = ORIENTED_EDGE ( 'NONE', *, *, #9126, .F. ) ;
#10984 = VECTOR ( 'NONE', #5520, 1000.000000000000000 ) ;
#10985 = CARTESIAN_POINT ( 'NONE',  ( 7.777404640765508859, 9.156093336170297192, 104.8412339062981999 ) ) ;
#10986 = DIRECTION ( 'NONE',  ( -0.4226182617407014952, 0.9063077870366490485, -0.000000000000000000 ) ) ;
#10987 = DIRECTION ( 'NONE',  ( 0.000000000000000000, 0.7071067811865444641, 0.7071067811865505703 ) ) ;
#10988 = CARTESIAN_POINT ( 'NONE',  ( -5.000000000000000888, 2.249999999999998668, 94.10000000000003695 ) ) ;
#10989 = LINE ( 'NONE', #6498, #8765 ) ;
#10990 = FACE_OUTER_BOUND ( 'NONE', #4532, .T. ) ;
#10991 = EDGE_LOOP ( 'NONE', ( #3234, #3147, #7924, #553, #9974, #7047, #10136, #10548 ) ) ;
#10992 = FACE_OUTER_BOUND ( 'NONE', #1084, .T. ) ;
#10993 = AXIS2_PLACEMENT_3D ( 'NONE', #5394, #9009, #939 ) ;
#10994 = ORIENTED_EDGE ( 'NONE', *, *, #10229, .T. ) ;
#10995 = DIRECTION ( 'NONE',  ( -0.7071067811865462405, -0.7071067811865489050, 0.000000000000000000 ) ) ;
#10996 = DIRECTION ( 'NONE',  ( -0.4226182617407014952, -0.9063077870366490485, 0.000000000000000000 ) ) ;
#10997 = AXIS2_PLACEMENT_3D ( 'NONE', #9958, #2614, #1847 ) ;
#10998 = VERTEX_POINT ( 'NONE', #6170 ) ;
#10999 = VECTOR ( 'NONE', #1073, 1000.000000000000000 ) ;
#11000 = ORIENTED_EDGE ( 'NONE', *, *, #9846, .F. ) ;
#11001 = EDGE_CURVE ( 'NONE', #1686, #4633, #7053, .T. ) ;
#11002 = CARTESIAN_POINT ( 'NONE',  ( 13.93168049979518130, 27.18588141109855272, 107.5242346141747731 ) ) ;
#11003 = CARTESIAN_POINT ( 'NONE',  ( 7.839996671820104623, 9.160003342024964468, 102.9412207654360287 ) ) ;
#11004 = AXIS2_PLACEMENT_3D ( 'NONE', #5407, #10018, #6536 ) ;
#11005 = CARTESIAN_POINT ( 'NONE',  ( 29.37500000000054357, 1.250000000000005107, 83.90000000000000568 ) ) ;
#11006 = PLANE ( 'NONE',  #9434 ) ;
#11007 = ORIENTED_EDGE ( 'NONE', *, *, #2045, .F. ) ;
#11008 = CARTESIAN_POINT ( 'NONE',  ( -13.74999999999999467, 31.94302117641175442, 85.10000000000002274 ) ) ;
#11009 = CARTESIAN_POINT ( 'NONE',  ( -4.303499617484196627, 9.249999999999998224, 104.3103871099210807 ) ) ;
#11010 = EDGE_CURVE ( 'NONE', #2597, #4925, #6849, .T. ) ;
#11011 = VERTEX_POINT ( 'NONE', #3326 ) ;
#11012 = CYLINDRICAL_SURFACE ( 'NONE', #6865, 1.549999999999995826 ) ;
#11013 = CARTESIAN_POINT ( 'NONE',  ( 5.274543878386642959, 9.631215430990181403, 104.9706985783934527 ) ) ;
#11014 = DIRECTION ( 'NONE',  ( 0.000000000000000000, 0.000000000000000000, 1.000000000000000000 ) ) ;
#11015 = EDGE_CURVE ( 'NONE', #7205, #10223, #11605, .T. ) ;
#11016 = FACE_OUTER_BOUND ( 'NONE', #10336, .T. ) ;
#11017 = VECTOR ( 'NONE', #2920, 1000.000000000000000 ) ;
#11018 = CARTESIAN_POINT ( 'NONE',  ( -7.825668786308218827, 8.979965247428797426, 103.0356306489885299 ) ) ;
#11019 = ORIENTED_EDGE ( 'NONE', *, *, #1523, .F. ) ;
#11020 = CARTESIAN_POINT ( 'NONE',  ( -3.158049944394827335, 9.749999999999998224, 157.2990661402160129 ) ) ;
#11021 = VECTOR ( 'NONE', #8948, 1000.000000000000114 ) ;
#11022 = ORIENTED_EDGE ( 'NONE', *, *, #4208, .F. ) ;
#11023 = CYLINDRICAL_SURFACE ( 'NONE', #9454, 2.000000000000001776 ) ;
#11024 = CARTESIAN_POINT ( 'NONE',  ( 8.191335987641698679, 8.499999999999996447, 104.6910917383945900 ) ) ;
#11025 = VERTEX_POINT ( 'NONE', #2429 ) ;
#11026 = VECTOR ( 'NONE', #5062, 1000.000000000000000 ) ;
#11027 = DIRECTION ( 'NONE',  ( -0.000000000000000000, -1.000000000000000000, -0.000000000000000000 ) ) ;
#11028 = CARTESIAN_POINT ( 'NONE',  ( -13.25000000000000178, 2.249999999999998668, 85.10000000000002274 ) ) ;
#11029 = EDGE_CURVE ( 'NONE', #9214, #406, #4328, .T. ) ;
#11030 = DIRECTION ( 'NONE',  ( 0.000000000000000000, 0.000000000000000000, -1.000000000000000000 ) ) ;
#11031 = VECTOR ( 'NONE', #3828, 1000.000000000000000 ) ;
#11032 = DIRECTION ( 'NONE',  ( 0.5735764363510396091, -0.000000000000000000, 0.8191520442889963505 ) ) ;
#11033 = EDGE_LOOP ( 'NONE', ( #2705, #9860, #8186, #1825 ) ) ;
#11034 = CARTESIAN_POINT ( 'NONE',  ( -8.999999999999987566, 0.000000000000000000, 96.10000000000006537 ) ) ;
#11035 = DIRECTION ( 'NONE',  ( -1.301042606982605321E-16, 1.000000000000000000, 0.000000000000000000 ) ) ;
#11036 = VERTEX_POINT ( 'NONE', #820 ) ;
#11037 = EDGE_CURVE ( 'NONE', #5827, #10791, #1777, .T. ) ;
#11038 = VERTEX_POINT ( 'NONE', #10491 ) ;
#11039 = CARTESIAN_POINT ( 'NONE',  ( -19.75000000000000000, 2.250000000000000444, 105.4242565173703667 ) ) ;
#11040 = DIRECTION ( 'NONE',  ( -0.000000000000000000, -0.000000000000000000, -1.000000000000000000 ) ) ;
#11041 = AXIS2_PLACEMENT_3D ( 'NONE', #3773, #11697, #2764 ) ;
#11042 = CARTESIAN_POINT ( 'NONE',  ( 20.26260754773811357, 7.249999999999999112, 145.6432295561562285 ) ) ;
#11043 = DIRECTION ( 'NONE',  ( 0.000000000000000000, 0.000000000000000000, -1.000000000000000000 ) ) ;
#11044 = B_SPLINE_CURVE_WITH_KNOTS ( 'NONE', 3,
 ( #2030, #11669, #172, #2673, #6292, #55 ),
 .UNSPECIFIED., .F., .F.,
 ( 4, 2, 4 ),
 ( 0.0002177650351589428953, 0.0005063909636018723483, 0.0007950168920448016929 ),
 .UNSPECIFIED. ) ;
#11045 = LINE ( 'NONE', #3116, #7655 ) ;
#11046 = VERTEX_POINT ( 'NONE', #7882 ) ;
#11047 = ORIENTED_EDGE ( 'NONE', *, *, #11001, .T. ) ;
#11048 = AXIS2_PLACEMENT_3D ( 'NONE', #5074, #11457, #8678 ) ;
#11049 = CARTESIAN_POINT ( 'NONE',  ( 7.234529205509787175, 9.122180877703099711, 105.2602266787879444 ) ) ;
#11050 = CARTESIAN_POINT ( 'NONE',  ( -6.273703992880041547, 18.08853251025366404, 101.0762960071199785 ) ) ;
#11051 = LINE ( 'NONE', #314, #1384 ) ;
#11052 = CARTESIAN_POINT ( 'NONE',  ( -15.86167683370010373, 27.77546953098697813, 102.4084296756661558 ) ) ;
#11053 = CARTESIAN_POINT ( 'NONE',  ( -7.334900837664454443, 9.665099162335547334, 102.1383607617426463 ) ) ;
#11054 = DIRECTION ( 'NONE',  ( -4.329228548388014221E-16, 0.7798844830928789440, -0.6259234721840626348 ) ) ;
#11055 = ORIENTED_EDGE ( 'NONE', *, *, #3695, .F. ) ;
#11056 = PLANE ( 'NONE',  #11608 ) ;
#11057 = ORIENTED_EDGE ( 'NONE', *, *, #6261, .F. ) ;
#11058 = CARTESIAN_POINT ( 'NONE',  ( 16.25000000000000000, -31.10416016031582842, 100.1000000000000227 ) ) ;
#11060 = AXIS2_PLACEMENT_3D ( 'NONE', #11448, #1617, #10443 ) ;
#11059 = CARTESIAN_POINT ( 'NONE',  ( 2.832373419540953119, 13.41943976483823775, 104.5394805753228837 ) ) ;
#11061 = ORIENTED_EDGE ( 'NONE', *, *, #7483, .T. ) ;
#11062 = VERTEX_POINT ( 'NONE', #5276 ) ;
#11063 = CARTESIAN_POINT ( 'NONE',  ( 13.68983573714720769, 27.85034443548722649, 163.0000000000001421 ) ) ;
#11064 = DIRECTION ( 'NONE',  ( -4.956352788505159323E-16, -0.000000000000000000, -1.000000000000000000 ) ) ;
#11065 = CARTESIAN_POINT ( 'NONE',  ( 15.18194599342261242, 28.09243322729249215, 103.8500000000000085 ) ) ;
#11066 = CARTESIAN_POINT ( 'NONE',  ( 2.916010543797137089, 14.11599454681109655, 102.8244646763519228 ) ) ;
#11067 = ORIENTED_EDGE ( 'NONE', *, *, #1911, .F. ) ;
#11068 = CARTESIAN_POINT ( 'NONE',  ( -8.750000000000000000, 8.249999999999998224, 138.8414722278378690 ) ) ;
#11069 = CARTESIAN_POINT ( 'NONE',  ( -4.802599317125890721, 9.249999999999998224, 102.4597770041918068 ) ) ;
#11070 = ORIENTED_EDGE ( 'NONE', *, *, #3397, .T. ) ;
#11071 = EDGE_CURVE ( 'NONE', #6205, #5984, #10541, .T. ) ;
#11072 = CARTESIAN_POINT ( 'NONE',  ( -2.525028675229405994, 13.31235716940616420, 104.9462916683302751 ) ) ;
#11073 = CARTESIAN_POINT ( 'NONE',  ( 7.750000000000001776, 9.249999999999994671, 100.1000000000000227 ) ) ;
#11074 = CARTESIAN_POINT ( 'NONE',  ( 5.730118240707827049, 9.686838759839593749, 105.2739412641967647 ) ) ;
#11075 = VECTOR ( 'NONE', #446, 1000.000000000000114 ) ;
#11076 = EDGE_CURVE ( 'NONE', #786, #6927, #6992, .T. ) ;
#11077 = VERTEX_POINT ( 'NONE', #2379 ) ;
#11078 = CARTESIAN_POINT ( 'NONE',  ( -1.500000000000000000, 9.249999999999998224, 103.8500000000000227 ) ) ;
#11079 = CARTESIAN_POINT ( 'NONE',  ( -5.856926626610433395, 8.500000000000000000, 106.0252528034335313 ) ) ;
#11080 = ORIENTED_EDGE ( 'NONE', *, *, #3345, .T. ) ;
#11081 = CARTESIAN_POINT ( 'NONE',  ( -12.74999999999995204, 8.448479721469174919, 134.1642548878282071 ) ) ;
#11082 = ORIENTED_EDGE ( 'NONE', *, *, #5726, .F. ) ;
#11083 = DIRECTION ( 'NONE',  ( 0.4226182617407009956, -0.9063077870366493816, -0.000000000000000000 ) ) ;
#11084 = MECHANICAL_DESIGN_GEOMETRIC_PRESENTATION_REPRESENTATION (  '', ( #2955 ), #5508 ) ;
#11085 = CARTESIAN_POINT ( 'NONE',  ( 5.380970235501540522, 8.499999999999996447, 105.5559646272932923 ) ) ;
#11086 = ORIENTED_EDGE ( 'NONE', *, *, #3758, .F. ) ;
#11087 = CARTESIAN_POINT ( 'NONE',  ( 9.499999999999987566, 0.000000000000000000, 89.43550806100927275 ) ) ;
#11088 = CARTESIAN_POINT ( 'NONE',  ( -2.692661133401070828, 13.36007941127753895, 104.7649851442540836 ) ) ;
#11089 = CARTESIAN_POINT ( 'NONE',  ( -6.000000000000000888, 2.250000000000000000, 0.000000000000000000 ) ) ;
#11090 = CARTESIAN_POINT ( 'NONE',  ( 14.24479150455754173, 28.47069887690531687, 100.2370662267259007 ) ) ;
#11091 = EDGE_CURVE ( 'NONE', #4814, #9720, #7832, .T. ) ;
#11092 = ORIENTED_EDGE ( 'NONE', *, *, #2411, .T. ) ;
#11093 = DIRECTION ( 'NONE',  ( 0.7071067811865486830, 0.7071067811865464625, 0.000000000000000000 ) ) ;
#11094 = EDGE_CURVE ( 'NONE', #7198, #269, #9111, .T. ) ;
#11095 = ORIENTED_EDGE ( 'NONE', *, *, #9199, .T. ) ;
#11096 = ORIENTED_EDGE ( 'NONE', *, *, #189, .T. ) ;
#11097 = CARTESIAN_POINT ( 'NONE',  ( -8.750000000000003553, 14.53030822565385805, 136.5914722278378406 ) ) ;
#11098 = LINE ( 'NONE', #2271, #4785 ) ;
#11099 = EDGE_CURVE ( 'NONE', #7195, #5355, #4627, .T. ) ;
#11100 = DIRECTION ( 'NONE',  ( 1.000000000000000000, 5.551115123125782702E-16, 0.000000000000000000 ) ) ;
#11101 = FACE_OUTER_BOUND ( 'NONE', #10281, .T. ) ;
#11102 = EDGE_CURVE ( 'NONE', #8990, #9143, #403, .T. ) ;
#11103 = CARTESIAN_POINT ( 'NONE',  ( 29.37500000000054357, 2.250000000000000000, 125.0500000000000540 ) ) ;
#11104 = VERTEX_POINT ( 'NONE', #2907 ) ;
#11105 = EDGE_CURVE ( 'NONE', #4851, #7841, #6283, .T. ) ;
#11106 = EDGE_LOOP ( 'NONE', ( #3662, #8690, #6808, #9920 ) ) ;
#11107 = CARTESIAN_POINT ( 'NONE',  ( 4.925118264955067993, 8.500000000000000000, 105.2799118410911774 ) ) ;
#11108 = CARTESIAN_POINT ( 'NONE',  ( -15.95560520473883415, 26.79379878113547164, 102.8116720171352512 ) ) ;
#11109 = CARTESIAN_POINT ( 'NONE',  ( 5.135208428761999677, 9.614191505816870986, 102.8694437905175221 ) ) ;
#11110 = FACE_OUTER_BOUND ( 'NONE', #9323, .T. ) ;
#11111 = LINE ( 'NONE', #1156, #3657 ) ;
#11112 = CARTESIAN_POINT ( 'NONE',  ( -1.749999999999999778, 0.000000000000000000, 84.60000000000003695 ) ) ;
#11113 = FACE_OUTER_BOUND ( 'NONE', #1413, .T. ) ;
#11114 = ORIENTED_EDGE ( 'NONE', *, *, #10720, .F. ) ;
#11115 = DIRECTION ( 'NONE',  ( 0.7071067811865474617, -0.7071067811865474617, 0.000000000000000000 ) ) ;
#11116 = CARTESIAN_POINT ( 'NONE',  ( 2.412092472771566687, 13.91461868220249620, 102.6581539979928834 ) ) ;
#11117 = VERTEX_POINT ( 'NONE', #10129 ) ;
#11118 = ORIENTED_EDGE ( 'NONE', *, *, #3758, .T. ) ;
#11119 = DIRECTION ( 'NONE',  ( 0.4226182617407002184, -0.9063077870366494926, 0.000000000000000000 ) ) ;
#11120 = DIRECTION ( 'NONE',  ( -0.000000000000000000, -1.000000000000000000, -0.000000000000000000 ) ) ;
#11121 = CARTESIAN_POINT ( 'NONE',  ( -16.25000000000000000, 21.45637587167328064, 107.6000000000000085 ) ) ;
#11122 = CARTESIAN_POINT ( 'NONE',  ( -29.37500000000054357, 2.250000000000000000, 83.90000000000000568 ) ) ;
#11123 = ORIENTED_EDGE ( 'NONE', *, *, #697, .F. ) ;
#11124 = CARTESIAN_POINT ( 'NONE',  ( -5.000000000000000888, 2.249999999999998668, 94.10000000000003695 ) ) ;
#11125 = CARTESIAN_POINT ( 'NONE',  ( -7.663197318814739312, 9.922907052438283415, 105.2286969492491551 ) ) ;
#11126 = ORIENTED_EDGE ( 'NONE', *, *, #8649, .F. ) ;
#11127 = CARTESIAN_POINT ( 'NONE',  ( -2.981328696097056419, 13.53873035815846393, 104.0862538726266564 ) ) ;
#11128 = CARTESIAN_POINT ( 'NONE',  ( -19.99999999999998934, 7.249999999999999112, 94.43550806100934381 ) ) ;
#11129 = CARTESIAN_POINT ( 'NONE',  ( 8.181485216069956934, 9.986200551584268226, 102.8811360779804147 ) ) ;
#11130 = VERTEX_POINT ( 'NONE', #11718 ) ;
#11131 = CARTESIAN_POINT ( 'NONE',  ( 29.37500000000054357, 2.250000000000000000, 83.90000000000000568 ) ) ;
#11132 = CARTESIAN_POINT ( 'NONE',  ( -8.511571180462041752, 8.499999999999996447, 104.4176650934049064 ) ) ;
#11133 = ORIENTED_EDGE ( 'NONE', *, *, #9850, .T. ) ;
#11134 = PLANE ( 'NONE',  #5 ) ;
#11135 = ORIENTED_EDGE ( 'NONE', *, *, #7319, .F. ) ;
#11136 = DIRECTION ( 'NONE',  ( 0.9063077870366492705, -0.4226182617407010511, -3.700743415417189520E-15 ) ) ;
#11137 = EDGE_CURVE ( 'NONE', #10382, #1992, #910, .T. ) ;
#11138 = CARTESIAN_POINT ( 'NONE',  ( 7.886745438911202832, 8.499999999999996447, 102.5957660710353707 ) ) ;
#11139 = ORIENTED_EDGE ( 'NONE', *, *, #11521, .T. ) ;
#11140 = DIRECTION ( 'NONE',  ( 0.3145145977190313968, -0.000000000000000000, 0.9492526364575637476 ) ) ;
#11141 = CARTESIAN_POINT ( 'NONE',  ( -2.990330975271048519, 13.54923325903606468, 104.0463465749059679 ) ) ;
#11142 = VECTOR ( 'NONE', #7048, 1000.000000000000000 ) ;
#11143 = ADVANCED_FACE ( 'NONE', ( #8231 ), #7290, .T. ) ;
#11144 = LINE ( 'NONE', #4879, #8555 ) ;
#11145 = FACE_OUTER_BOUND ( 'NONE', #7593, .T. ) ;
#11146 = ORIENTED_EDGE ( 'NONE', *, *, #821, .F. ) ;
#11147 = CARTESIAN_POINT ( 'NONE',  ( 15.99999999999998934, 0.000000000000000000, 0.000000000000000000 ) ) ;
#11148 = AXIS2_PLACEMENT_3D ( 'NONE', #3229, #3065, #6843 ) ;
#11149 = EDGE_CURVE ( 'NONE', #2846, #786, #11195, .T. ) ;
#11150 = VERTEX_POINT ( 'NONE', #9185 ) ;
#11151 = ORIENTED_EDGE ( 'NONE', *, *, #1700, .T. ) ;
#11152 = CARTESIAN_POINT ( 'NONE',  ( 21.38830408857771559, 7.249999999999999112, 131.7771036446682729 ) ) ;
#11153 = CARTESIAN_POINT ( 'NONE',  ( -19.74999999999982236, 7.249999999999999112, 122.4242565173703525 ) ) ;
#11154 = EDGE_CURVE ( 'NONE', #5689, #10475, #2780, .T. ) ;
#11155 = VECTOR ( 'NONE', #2741, 1000.000000000000000 ) ;
#11156 = CARTESIAN_POINT ( 'NONE',  ( -6.961783652727004501, 9.837249269242784422, 102.2467119017785109 ) ) ;
#11157 = LINE ( 'NONE', #10209, #4259 ) ;
#11158 = CARTESIAN_POINT ( 'NONE',  ( -4.914784363578115212, 8.615363181158219419, 105.0742539896634611 ) ) ;
#11159 = ORIENTED_EDGE ( 'NONE', *, *, #5896, .F. ) ;
#11160 = EDGE_CURVE ( 'NONE', #1830, #5100, #5572, .T. ) ;
#11161 = VECTOR ( 'NONE', #2841, 1000.000000000000000 ) ;
#11162 = VERTEX_POINT ( 'NONE', #6401 ) ;
#11163 = B_SPLINE_CURVE_WITH_KNOTS ( 'NONE', 3,
 ( #5837, #7435, #3055, #7617, #8382, #6603 ),
 .UNSPECIFIED., .F., .F.,
 ( 4, 2, 4 ),
 ( 1.734723475976807094E-18, 0.0003975156579629281510, 0.0007950313159258545672 ),
 .UNSPECIFIED. ) ;
#11164 = DIRECTION ( 'NONE',  ( 0.9063077870366492705, 0.4226182617407010511, 1.110223024625156856E-14 ) ) ;
#11165 = CARTESIAN_POINT ( 'NONE',  ( 5.012690126852882955, 9.599233734835278753, 103.0242197605258099 ) ) ;
#11166 = CYLINDRICAL_SURFACE ( 'NONE', #11148, 2.000000000000001776 ) ;
#11167 = CARTESIAN_POINT ( 'NONE',  ( -7.465125326171476949, 9.534874673828525715, 102.0611972913705188 ) ) ;
#11168 = LINE ( 'NONE', #6677, #11621 ) ;
#11169 = FACE_OUTER_BOUND ( 'NONE', #10550, .T. ) ;
#11170 = EDGE_CURVE ( 'NONE', #3203, #5332, #3632, .T. ) ;
#11171 = ORIENTED_EDGE ( 'NONE', *, *, #7046, .T. ) ;
#11172 = CARTESIAN_POINT ( 'NONE',  ( -13.83775212875645266, 28.16755216095005210, 104.8883279828647517 ) ) ;
#11173 = CARTESIAN_POINT ( 'NONE',  ( 2.978431148017652408, 13.66774727027565639, 103.5960817641171445 ) ) ;
#11174 = ORIENTED_EDGE ( 'NONE', *, *, #6690, .F. ) ;
#11175 = AXIS2_PLACEMENT_3D ( 'NONE', #3851, #4858, #3967 ) ;
#11176 = VERTEX_POINT ( 'NONE', #9123 ) ;
#11177 = DIRECTION ( 'NONE',  ( -4.827056628805024630E-15, 0.000000000000000000, -1.000000000000000000 ) ) ;
#11178 = DIRECTION ( 'NONE',  ( 0.000000000000000000, 0.000000000000000000, -1.000000000000000000 ) ) ;
#11179 = CARTESIAN_POINT ( 'NONE',  ( -13.63296657178917748, 27.72838811681332771, 100.3144660940672708 ) ) ;
#11180 = CARTESIAN_POINT ( 'NONE',  ( -12.99999999998818190, 0.000000000000000000, 154.5000000000000853 ) ) ;
#11181 = VERTEX_POINT ( 'NONE', #158 ) ;
#11182 = LINE ( 'NONE', #3140, #7958 ) ;
#11183 = DIRECTION ( 'NONE',  ( 0.9063077870366470501, 0.4226182617407058806, 0.000000000000000000 ) ) ;
#11184 = ADVANCED_FACE ( 'NONE', ( #6281 ), #8171, .F. ) ;
#11185 = ORIENTED_EDGE ( 'NONE', *, *, #10790, .F. ) ;
#11186 = VECTOR ( 'NONE', #5814, 1000.000000000000000 ) ;
#11187 = CARTESIAN_POINT ( 'NONE',  ( -2.994206289306133417, 13.56621059619198100, 103.9818487261997291 ) ) ;
#11188 = EDGE_CURVE ( 'NONE', #11572, #10754, #4209, .T. ) ;
#11189 = DIRECTION ( 'NONE',  ( 0.8786698687803833341, 0.000000000000000000, -0.4774298500276915047 ) ) ;
#11190 = AXIS2_PLACEMENT_3D ( 'NONE', #3635, #10154, #5777 ) ;
#11191 = VERTEX_POINT ( 'NONE', #6347 ) ;
#11192 = CARTESIAN_POINT ( 'NONE',  ( 5.186367805915174323, 9.620435766710658143, 104.8889637636624741 ) ) ;
#11193 = ORIENTED_EDGE ( 'NONE', *, *, #9984, .F. ) ;
#11194 = VECTOR ( 'NONE', #5447, 1000.000000000000000 ) ;
#11195 = CIRCLE ( 'NONE', #5725, 1.999999999999988010 ) ;
#11196 = CARTESIAN_POINT ( 'NONE',  ( -8.077344618109883356, 9.011488837849881861, 103.9563565960733058 ) ) ;
#11197 = CARTESIAN_POINT ( 'NONE',  ( -20.26260754773836226, 2.250000000000000444, 120.1432295561562000 ) ) ;
#11198 = ORIENTED_EDGE ( 'NONE', *, *, #9058, .T. ) ;
#11199 = CARTESIAN_POINT ( 'NONE',  ( 19.75000000000000000, 7.249999999999999112, 107.4242565173703667 ) ) ;
#11200 = CARTESIAN_POINT ( 'NONE',  ( 4.228324791044314246, 8.500000000000000000, 103.6015590561568729 ) ) ;
#11201 = ORIENTED_EDGE ( 'NONE', *, *, #3086, .F. ) ;
#11202 = CARTESIAN_POINT ( 'NONE',  ( -29.37500000000054357, 2.250000000000000000, 130.3000000000000398 ) ) ;
#11203 = CARTESIAN_POINT ( 'NONE',  ( -12.74999999999995204, 10.42870612352672666, 135.6275400263034783 ) ) ;
#11204 = CARTESIAN_POINT ( 'NONE',  ( -8.750000000000003553, 6.250000000000001776, 163.0000000000001421 ) ) ;
#11205 = VECTOR ( 'NONE', #4115, 1000.000000000000000 ) ;
#11206 = CARTESIAN_POINT ( 'NONE',  ( -6.557448489346503706, 9.787874095766129656, 105.4733991211654995 ) ) ;
#11207 = DIRECTION ( 'NONE',  ( 0.000000000000000000, 0.000000000000000000, -1.000000000000000000 ) ) ;
#11208 = VERTEX_POINT ( 'NONE', #7162 ) ;
#11209 = CARTESIAN_POINT ( 'NONE',  ( -10.00000000000001954, 36.40283343504449221, 8.070313877629480714 ) ) ;
#11210 = CIRCLE ( 'NONE', #10993, 2.000000000000029310 ) ;
#11211 = ORIENTED_EDGE ( 'NONE', *, *, #2818, .T. ) ;
#11212 = VERTEX_POINT ( 'NONE', #8111 ) ;
#11213 = CARTESIAN_POINT ( 'NONE',  ( 16.10352159634808089, 27.11100650659829725, 104.8883279828650359 ) ) ;
#11214 = CARTESIAN_POINT ( 'NONE',  ( -8.750000000000003553, 6.250000000000001776, 138.8414722278378690 ) ) ;
#11215 = VECTOR ( 'NONE', #3421, 1000.000000000000000 ) ;
#11216 = EDGE_CURVE ( 'NONE', #1248, #4612, #9950, .T. ) ;
#11217 = CARTESIAN_POINT ( 'NONE',  ( -6.748947767658251884, 9.811256699230945344, 102.2270805970161689 ) ) ;
#11218 = CARTESIAN_POINT ( 'NONE',  ( -8.289650233314436178, 8.710349766685562045, 103.3125968608520395 ) ) ;
#11219 = AXIS2_PLACEMENT_3D ( 'NONE', #19, #3649, #7263 ) ;
#11220 = DIRECTION ( 'NONE',  ( 0.000000000000000000, 0.000000000000000000, -1.000000000000000000 ) ) ;
#11221 = EDGE_CURVE ( 'NONE', #6615, #1901, #1838, .T. ) ;
#11222 = VECTOR ( 'NONE', #1168, 1000.000000000000000 ) ;
#11223 = ADVANCED_FACE ( 'NONE', ( #4684 ), #10003, .T. ) ;
#11224 = ORIENTED_EDGE ( 'NONE', *, *, #88, .T. ) ;
#11225 =( NAMED_UNIT ( * ) PLANE_ANGLE_UNIT ( ) SI_UNIT ( $, .RADIAN. ) );
#11226 = FACE_OUTER_BOUND ( 'NONE', #3823, .T. ) ;
#11227 = CARTESIAN_POINT ( 'NONE',  ( 2.999999999999988898, 2.250000000000000444, 89.43550806100923012 ) ) ;
#11228 = LINE ( 'NONE', #10108, #9894 ) ;
#11229 = ORIENTED_EDGE ( 'NONE', *, *, #4956, .T. ) ;
#11230 = CARTESIAN_POINT ( 'NONE',  ( -33.75000000000054001, 0.000000000000000000, 79.62590742770457553 ) ) ;
#11231 = ORIENTED_EDGE ( 'NONE', *, *, #1227, .T. ) ;
#11232 = CARTESIAN_POINT ( 'NONE',  ( 7.839996671820104623, 9.160003342024964468, 102.9412207654360287 ) ) ;
#11233 = CARTESIAN_POINT ( 'NONE',  ( 2.991393279867363031, 13.55867106732463867, 104.0104912098608736 ) ) ;
#11234 = ADVANCED_FACE ( 'NONE', ( #2018 ), #4127, .T. ) ;
#11235 = ORIENTED_EDGE ( 'NONE', *, *, #11317, .T. ) ;
#11236 = AXIS2_PLACEMENT_3D ( 'NONE', #5656, #6553, #6666 ) ;
#11237 = EDGE_CURVE ( 'NONE', #1147, #9469, #1171, .T. ) ;
#11238 = ORIENTED_EDGE ( 'NONE', *, *, #11271, .F. ) ;
#11239 = FACE_OUTER_BOUND ( 'NONE', #7910, .T. ) ;
#11240 = DIRECTION ( 'NONE',  ( 0.000000000000000000, 0.7071067811865444641, 0.7071067811865505703 ) ) ;
#11241 = DIRECTION ( 'NONE',  ( -0.9063077870366493816, 0.4226182617407006070, 0.000000000000000000 ) ) ;
#11242 = ORIENTED_EDGE ( 'NONE', *, *, #4080, .F. ) ;
#11243 = DIRECTION ( 'NONE',  ( -0.000000000000000000, -1.000000000000000000, -0.000000000000000000 ) ) ;
#11244 = DIRECTION ( 'NONE',  ( 1.000000000000000000, 1.119176436114069085E-16, -2.529528219405923067E-31 ) ) ;
#11245 = ORIENTED_EDGE ( 'NONE', *, *, #6285, .T. ) ;
#11246 = VECTOR ( 'NONE', #7268, 1000.000000000000000 ) ;
#11247 = CARTESIAN_POINT ( 'NONE',  ( -2.998948293473145732, 13.58478525399457126, 103.9112895288013902 ) ) ;
#11248 = EDGE_CURVE ( 'NONE', #11358, #3525, #6330, .T. ) ;
#11249 = ORIENTED_EDGE ( 'NONE', *, *, #4442, .F. ) ;
#11250 = CARTESIAN_POINT ( 'NONE',  ( 7.747810890743551226, 9.933240091413184203, 105.1806162351144707 ) ) ;
#11251 = EDGE_CURVE ( 'NONE', #7587, #11181, #1767, .T. ) ;
#11252 = ORIENTED_EDGE ( 'NONE', *, *, #3810, .T. ) ;
#11253 = AXIS2_PLACEMENT_3D ( 'NONE', #10387, #10558, #6952 ) ;
#11254 = CARTESIAN_POINT ( 'NONE',  ( -8.581334902845126678, 8.500000000000000000, 103.6513211054979422 ) ) ;
#11255 = EDGE_CURVE ( 'NONE', #11436, #8104, #774, .T. ) ;
#11256 = CARTESIAN_POINT ( 'NONE',  ( -16.20033764930179387, 21.45637587167328064, 100.1000000000000227 ) ) ;
#11257 = VERTEX_POINT ( 'NONE', #144 ) ;
#11258 = DIRECTION ( 'NONE',  ( 0.000000000000000000, 0.000000000000000000, 1.000000000000000000 ) ) ;
#11259 = CARTESIAN_POINT ( 'NONE',  ( 5.031579166461123798, 8.500000000000000000, 102.3409038627450229 ) ) ;
#11260 = ORIENTED_EDGE ( 'NONE', *, *, #64, .F. ) ;
#11261 = CARTESIAN_POINT ( 'NONE',  ( 4.999999999999989342, 7.249999999999999112, 89.43550806100923012 ) ) ;
#11262 = AXIS2_PLACEMENT_3D ( 'NONE', #8407, #149, #273 ) ;
#11263 = LINE ( 'NONE', #8256, #4039 ) ;
#11264 = CARTESIAN_POINT ( 'NONE',  ( -1.733116358441261440, 14.26743211552942192, 102.1413739473602647 ) ) ;
#11265 = CARTESIAN_POINT ( 'NONE',  ( 13.62907007449843277, 27.58664583238164525, 100.2937242933424216 ) ) ;
#11266 = LINE ( 'NONE', #4278, #1017 ) ;
#11267 = ORIENTED_EDGE ( 'NONE', *, *, #2469, .F. ) ;
#11268 = CARTESIAN_POINT ( 'NONE',  ( -16.25000000000000000, 5.249999999999999112, 136.5914722278378690 ) ) ;
#11269 = ORIENTED_EDGE ( 'NONE', *, *, #5396, .T. ) ;
#11270 = ORIENTED_EDGE ( 'NONE', *, *, #9551, .T. ) ;
#11271 = EDGE_CURVE ( 'NONE', #6709, #8164, #4543, .T. ) ;
#11272 = DIRECTION ( 'NONE',  ( 0.5735764363510466035, -0.000000000000000000, 0.8191520442889913545 ) ) ;
#11273 = CARTESIAN_POINT ( 'NONE',  ( -13.75000000000000178, 0.000000000000000000, 88.60000000000002274 ) ) ;
#11274 = LINE ( 'NONE', #3943, #11026 ) ;
#11275 = CARTESIAN_POINT ( 'NONE',  ( 12.66611185142060059, 8.500000000000000000, 101.1000000000000227 ) ) ;
#11276 = CARTESIAN_POINT ( 'NONE',  ( -13.68983573714720769, 27.85034443548722649, 163.0000000000001421 ) ) ;
#11277 = VERTEX_POINT ( 'NONE', #1703 ) ;
#11278 = LINE ( 'NONE', #168, #10984 ) ;
#11279 = CARTESIAN_POINT ( 'NONE',  ( 5.745996157641093838, 9.688790821089989791, 102.4206293880005489 ) ) ;
#11280 = EDGE_CURVE ( 'NONE', #4293, #5672, #1044, .T. ) ;
#11281 = PLANE ( 'NONE',  #4343 ) ;
#11282 = CARTESIAN_POINT ( 'NONE',  ( 23.53921572489419134, 2.250000000000000444, 134.8489238107520691 ) ) ;
#11283 = FACE_OUTER_BOUND ( 'NONE', #3976, .T. ) ;
#11284 = CARTESIAN_POINT ( 'NONE',  ( -29.37500000000054357, 2.250000000000000000, 82.35000000000000853 ) ) ;
#11285 = VERTEX_POINT ( 'NONE', #5321 ) ;
#11286 = CARTESIAN_POINT ( 'NONE',  ( 0.000000000000000000, 2.250000000000000000, 0.000000000000000000 ) ) ;
#11287 = ADVANCED_FACE ( 'NONE', ( #10755 ), #5556, .F. ) ;
#11288 = CARTESIAN_POINT ( 'NONE',  ( 2.940325579570863823, 13.49047884627206351, 104.2696005453769601 ) ) ;
#11289 = ORIENTED_EDGE ( 'NONE', *, *, #9621, .T. ) ;
#11290 = ORIENTED_EDGE ( 'NONE', *, *, #7128, .T. ) ;
#11291 = CARTESIAN_POINT ( 'NONE',  ( -21.90091163631624838, 0.000000000000000000, 127.4960766834540777 ) ) ;
#11292 = DIRECTION ( 'NONE',  ( -0.9063077870366496036, -0.4226182617407002740, 0.000000000000000000 ) ) ;
#11293 = LINE ( 'NONE', #9526, #6135 ) ;
#11294 = ORIENTED_EDGE ( 'NONE', *, *, #1258, .F. ) ;
#11295 = LINE ( 'NONE', #10409, #10049 ) ;
#11296 = LINE ( 'NONE', #1520, #3045 ) ;
#11297 = VERTEX_POINT ( 'NONE', #8275 ) ;
#11298 = CARTESIAN_POINT ( 'NONE',  ( -2.972503823599385253, 13.52564343917958212, 104.1359697185370408 ) ) ;
#11299 = EDGE_CURVE ( 'NONE', #6332, #3216, #6868, .T. ) ;
#11300 = VERTEX_POINT ( 'NONE', #9104 ) ;
#11301 = CARTESIAN_POINT ( 'NONE',  ( 6.805051911723630553, 9.818110035416131254, 102.2279786684708256 ) ) ;
#11302 = ORIENTED_EDGE ( 'NONE', *, *, #7269, .T. ) ;
#11303 = B_SPLINE_SURFACE_WITH_KNOTS ( 'NONE', 1, 3, ( 
 ( #8941, #10481, #8703, #570, #10655, #10537, #2543, #4266, #2421, #11594, #4213, #11422, #7823, #7100, #8822, #7874, #1531, #6161, #5158, #2369, #630, #1649, #11477, #3371, #2596, #6212, #811, #4437, #8049, #5989, #3316, #7508, #7474, #10900, #1003, #11132, #2141, #8294, #163, #3797, #4631, #10252, #3924, #8235, #10188, #9127, #1247, #6582, #2079, #2911, #11079, #10959, #4810, #1958, #2971, #5698, #6405, #108, #7351, #3865, #9311, #1185, #7529, #9246, #6462, #8424 ),
 ( #8358, #288, #3737, #2843, #2784, #3031, #9188, #1120, #6639, #5759, #3679, #4747, #9371, #4868, #8476, #10071, #7293, #6524, #5576, #7410, #1061, #225, #2021, #4686, #10007, #1897, #5517, #11018, #10133, #5634, #9474, #10535, #3093, #11196, #7760, #11361, #9591, #3314, #6038, #10363, #6759, #2367, #9536, #1421, #5987, #2248, #10479, #4037, #1475, #9422, #5097, #1301, #4210, #5869, #8700, #5042, #461, #5156, #3197, #338, #8648, #1362, #11304, #4986, #568, #7820 ) ),
 .UNSPECIFIED., .F., .T., .F.,
 ( 2, 2 ),
 ( 4, 2, 2, 2, 2, 2, 2, 2, 2, 2, 2, 2, 2, 2, 2, 2, 2, 2, 2, 2, 2, 2, 2, 2, 2, 2, 2, 2, 2, 2, 2, 2, 4 ),
 ( 0.000000000000000000, 1.000000000000000000 ),
 ( -6.283185307179586232, -6.086835766330223940, -5.890486225480861648, -5.694136684631500245, -5.497787143782137953, -5.301437602932775661, -5.105088062083414258, -4.908738521234051966, -4.712388980384689674, -4.516039439535327382, -4.319689898685965090, -4.123340357836603687, -3.926990816987241395, -3.730641276137879103, -3.534291735288517255, -3.337942194439155408, -3.141592653589793116, -2.945243112740430824, -2.748893571891068976, -2.552544031041707129, -2.356194490192344837, -2.159844949342982545, -1.963495408493620697, -1.767145867644258628, -1.570796326794896558, -1.374446785945534488, -1.178097245096172418, -0.9817477042468103487, -0.7853981633974482790, -0.5890486225480862092, -0.3926990816987241395, -0.1963495408493620697, 0.000000000000000000 ),
 .UNSPECIFIED. ) ;
#11304 = CARTESIAN_POINT ( 'NONE',  ( -4.329830330340955769, 8.542094916871873167, 104.2713347571689724 ) ) ;
#11305 = PLANE ( 'NONE',  #6543 ) ;
#11306 = ORIENTED_EDGE ( 'NONE', *, *, #9338, .T. ) ;
#11307 = CARTESIAN_POINT ( 'NONE',  ( 19.99999999999998934, 0.000000000000000000, 89.43550806100932959 ) ) ;
#11308 = CARTESIAN_POINT ( 'NONE',  ( 4.643908931975233578, 8.500000000000000000, 105.0077475849497262 ) ) ;
#11309 = EDGE_LOOP ( 'NONE', ( #334, #9937, #3389, #3588 ) ) ;
#11310 = DIRECTION ( 'NONE',  ( -1.000000000000000000, -8.673617379884036705E-17, 1.960384370039590487E-31 ) ) ;
#11311 = FACE_OUTER_BOUND ( 'NONE', #7338, .T. ) ;
#11312 = CARTESIAN_POINT ( 'NONE',  ( -3.100735592621914893, 14.05012383929131303, 103.1215882369036478 ) ) ;
#11313 = CARTESIAN_POINT ( 'NONE',  ( -16.15036770283282408, 27.32231563746894309, 100.2982510352636609 ) ) ;
#11314 = CARTESIAN_POINT ( 'NONE',  ( -13.81237504807348948, 27.24151445689602014, 107.4973639156079912 ) ) ;
#11315 = ORIENTED_EDGE ( 'NONE', *, *, #6253, .T. ) ;
#11316 = EDGE_CURVE ( 'NONE', #3302, #2194, #803, .T. ) ;
#11317 = EDGE_CURVE ( 'NONE', #10891, #1364, #3610, .T. ) ;
#11318 = CARTESIAN_POINT ( 'NONE',  ( -6.249999999999999112, 9.966439613938099740, 127.3171802926508178 ) ) ;
#11319 = ORIENTED_EDGE ( 'NONE', *, *, #1265, .F. ) ;
#11320 = CARTESIAN_POINT ( 'NONE',  ( 8.126414069292449582, 8.500000000000000000, 104.8011722141592230 ) ) ;
#11321 = EDGE_CURVE ( 'NONE', #8013, #8149, #5148, .T. ) ;
#11322 = ORIENTED_EDGE ( 'NONE', *, *, #11460, .T. ) ;
#11323 = CARTESIAN_POINT ( 'NONE',  ( 23.53921572489431924, 7.249999999999999112, 126.3489238107520265 ) ) ;
#11324 = CARTESIAN_POINT ( 'NONE',  ( -19.75000000000001776, 2.250000000000000000, 0.000000000000000000 ) ) ;
#11325 = EDGE_CURVE ( 'NONE', #4743, #1147, #2304, .T. ) ;
#11326 = CARTESIAN_POINT ( 'NONE',  ( -6.697698514241487544, 9.804997775107285207, 102.2253631098997460 ) ) ;
#11327 = CARTESIAN_POINT ( 'NONE',  ( -1.967491428516777274, 14.25959445892556410, 102.1767273316521027 ) ) ;
#11328 = CYLINDRICAL_SURFACE ( 'NONE', #5481, 1.549999999999982059 ) ;
#11329 = AXIS2_PLACEMENT_3D ( 'NONE', #7188, #779, #7903 ) ;
#11330 = AXIS2_PLACEMENT_3D ( 'NONE', #2948, #9283, #6561 ) ;
#11331 = ORIENTED_EDGE ( 'NONE', *, *, #7686, .T. ) ;
#11332 = AXIS2_PLACEMENT_3D ( 'NONE', #7848, #4291, #10560 ) ;
#11333 = CARTESIAN_POINT ( 'NONE',  ( 6.490363697363537021, 9.779680291021062288, 102.2308627532865870 ) ) ;
#11334 = CARTESIAN_POINT ( 'NONE',  ( -16.25000000000000000, 16.18567293696069243, 121.1993297625707697 ) ) ;
#11335 = FACE_OUTER_BOUND ( 'NONE', #444, .T. ) ;
#11336 = AXIS2_PLACEMENT_3D ( 'NONE', #8593, #5098, #10364 ) ;
#11337 = ORIENTED_EDGE ( 'NONE', *, *, #5224, .F. ) ;
#11338 = FACE_BOUND ( 'NONE', #5710, .T. ) ;
#11339 = ORIENTED_EDGE ( 'NONE', *, *, #5319, .F. ) ;
#11340 = DIRECTION ( 'NONE',  ( 0.000000000000000000, 0.000000000000000000, 1.000000000000000000 ) ) ;
#11341 = CARTESIAN_POINT ( 'NONE',  ( 9.999999999999998224, 4.499999999999999112, 109.8500000000000227 ) ) ;
#11342 = ORIENTED_EDGE ( 'NONE', *, *, #10678, .F. ) ;
#11343 = VECTOR ( 'NONE', #2858, 1000.000000000000114 ) ;
#11344 = ORIENTED_EDGE ( 'NONE', *, *, #5209, .T. ) ;
#11345 = CARTESIAN_POINT ( 'NONE',  ( 47.56321848249373829, 0.000000000000000000, 33.30412412295692803 ) ) ;
#11346 = DIRECTION ( 'NONE',  ( 0.000000000000000000, 0.000000000000000000, 1.000000000000000000 ) ) ;
#11347 = DIRECTION ( 'NONE',  ( 1.000000000000000000, 0.000000000000000000, 0.000000000000000000 ) ) ;
#11348 = VERTEX_POINT ( 'NONE', #1630 ) ;
#11349 = PLANE ( 'NONE',  #962 ) ;
#11350 = B_SPLINE_CURVE_WITH_KNOTS ( 'NONE', 3,
 ( #11108, #3827, #2048, #3709, #9339, #8390, #6558, #258 ),
 .UNSPECIFIED., .F., .F.,
 ( 4, 2, 2, 4 ),
 ( 0.000000000000000000, 0.0002220072680961482586, 0.0004440145361922965173, 0.0008880290723846076713 ),
 .UNSPECIFIED. ) ;
#11351 = CARTESIAN_POINT ( 'NONE',  ( -8.034853441042510980, 9.249999999999998224, 105.6304791209801124 ) ) ;
#11352 = VERTEX_POINT ( 'NONE', #11341 ) ;
#11353 = VECTOR ( 'NONE', #1760, 1000.000000000000227 ) ;
#11354 = DIRECTION ( 'NONE',  ( 0.000000000000000000, 1.000000000000000000, 0.000000000000000000 ) ) ;
#11355 = VERTEX_POINT ( 'NONE', #3408 ) ;
#11356 = CARTESIAN_POINT ( 'NONE',  ( 8.582101839722035663, 9.249999999999992895, 105.1464233703913322 ) ) ;
#11357 = ADVANCED_FACE ( 'NONE', ( #6963, #10402 ), #7858, .T. ) ;
#11358 = VERTEX_POINT ( 'NONE', #8630 ) ;
#11359 = EDGE_CURVE ( 'NONE', #9214, #6955, #494, .T. ) ;
#11360 = EDGE_CURVE ( 'NONE', #9164, #1409, #8266, .T. ) ;
#11361 = CARTESIAN_POINT ( 'NONE',  ( -8.016441506318541244, 9.003860434527497958, 104.2713347571689440 ) ) ;
#11362 = EDGE_CURVE ( 'NONE', #11176, #2888, #4249, .T. ) ;
#11363 = DIRECTION ( 'NONE',  ( 0.000000000000000000, 0.000000000000000000, 1.000000000000000000 ) ) ;
#11364 = ORIENTED_EDGE ( 'NONE', *, *, #10921, .T. ) ;
#11365 = DIRECTION ( 'NONE',  ( -6.938893903907222461E-16, 0.000000000000000000, 1.000000000000000000 ) ) ;
#11366 = VECTOR ( 'NONE', #5047, 1000.000000000000000 ) ;
#11367 = CARTESIAN_POINT ( 'NONE',  ( 3.693980557169004975, 8.499999999999996447, 92.96848754170461859 ) ) ;
#11368 = AXIS2_PLACEMENT_3D ( 'NONE', #529, #8722, #1614 ) ;
#11369 = ORIENTED_EDGE ( 'NONE', *, *, #2444, .T. ) ;
#11370 = CARTESIAN_POINT ( 'NONE',  ( 3.056740127414739217, 13.67660866423175392, 104.8064063132916175 ) ) ;
#11371 = EDGE_CURVE ( 'NONE', #7205, #11358, #1571, .T. ) ;
#11372 = FACE_OUTER_BOUND ( 'NONE', #122, .T. ) ;
#11373 = CARTESIAN_POINT ( 'NONE',  ( 6.360625152937196880, 9.763841145778480168, 105.4559099486397145 ) ) ;
#11374 = VECTOR ( 'NONE', #8840, 1000.000000000000000 ) ;
#11375 = CARTESIAN_POINT ( 'NONE',  ( -6.912713148332978896, 9.831257293282753551, 105.4596244075164861 ) ) ;
#11376 = CYLINDRICAL_SURFACE ( 'NONE', #5763, 2.000000000000001776 ) ;
#11377 = ORIENTED_EDGE ( 'NONE', *, *, #4966, .F. ) ;
#11378 = AXIS2_PLACEMENT_3D ( 'NONE', #5955, #8497, #8445 ) ;
#11379 = CARTESIAN_POINT ( 'NONE',  ( 1.500000000000000000, 31.94302117641175442, 105.3500000000000227 ) ) ;
#11380 = VECTOR ( 'NONE', #236, 1000.000000000000000 ) ;
#11381 = EDGE_CURVE ( 'NONE', #9469, #4689, #3354, .T. ) ;
#11382 = ORIENTED_EDGE ( 'NONE', *, *, #2458, .T. ) ;
#11383 = ORIENTED_EDGE ( 'NONE', *, *, #3691, .F. ) ;
#11384 = FACE_OUTER_BOUND ( 'NONE', #8332, .T. ) ;
#11385 = EDGE_CURVE ( 'NONE', #1020, #11150, #2456, .T. ) ;
#11386 = LINE ( 'NONE', #8664, #4570 ) ;
#11387 = VERTEX_POINT ( 'NONE', #5134 ) ;
#11388 = VECTOR ( 'NONE', #2553, 1000.000000000000000 ) ;
#11389 = CARTESIAN_POINT ( 'NONE',  ( 16.25000000000000000, 21.45637587167328064, 107.6000000000000085 ) ) ;
#11390 = CARTESIAN_POINT ( 'NONE',  ( -14.50221515314512644, 28.40939692359802748, 163.0000000000001421 ) ) ;
#11391 = CARTESIAN_POINT ( 'NONE',  ( -6.618064818697084739, 9.795275438248221889, 102.2251956481777455 ) ) ;
#11392 = CARTESIAN_POINT ( 'NONE',  ( -2.595506223832375170, 14.19066968514129456, 102.4876268948737703 ) ) ;
#11393 = CARTESIAN_POINT ( 'NONE',  ( 19.99999999999998934, 2.250000000000000000, 0.000000000000000000 ) ) ;
#11394 = AXIS2_PLACEMENT_3D ( 'NONE', #7950, #9838, #1726 ) ;
#11395 = ORIENTED_EDGE ( 'NONE', *, *, #8099, .T. ) ;
#11396 = VECTOR ( 'NONE', #2748, 1000.000000000000000 ) ;
#11397 = CARTESIAN_POINT ( 'NONE',  ( 5.997216471734344800, 9.719458680578730636, 102.3242519546964502 ) ) ;
#11398 = CARTESIAN_POINT ( 'NONE',  ( -17.99999999999998934, 2.250000000000000444, 87.43550806100932959 ) ) ;
#11399 = CARTESIAN_POINT ( 'NONE',  ( -8.166325559902571030, 8.833674440097411207, 104.3565168674610675 ) ) ;
#11400 = VECTOR ( 'NONE', #2801, 1000.000000000000000 ) ;
#11401 = CARTESIAN_POINT ( 'NONE',  ( -17.90542061413614405, 4.094579385863852394, 113.9242565173702673 ) ) ;
#11402 = DIRECTION ( 'NONE',  ( 1.000000000000000000, 0.000000000000000000, 0.000000000000000000 ) ) ;
#11403 = VECTOR ( 'NONE', #272, 1000.000000000000000 ) ;
#11404 = ORIENTED_EDGE ( 'NONE', *, *, #844, .T. ) ;
#11405 = CARTESIAN_POINT ( 'NONE',  ( -1.981690339937749235, 11.61540154166133476, 106.2715328653982994 ) ) ;
#11406 = CARTESIAN_POINT ( 'NONE',  ( 1.309761392714299921, -7.274147393296581221, 103.8500000000000085 ) ) ;
#11407 = ORIENTED_EDGE ( 'NONE', *, *, #8248, .T. ) ;
#11408 = VECTOR ( 'NONE', #8, 1000.000000000000000 ) ;
#11409 = ORIENTED_EDGE ( 'NONE', *, *, #11325, .F. ) ;
#11410 = DIRECTION ( 'NONE',  ( -0.5735764363510472696, 0.000000000000000000, 0.8191520442889909104 ) ) ;
#11411 = DIRECTION ( 'NONE',  ( -0.000000000000000000, -1.000000000000000000, -0.000000000000000000 ) ) ;
#11412 = LINE ( 'NONE', #10580, #3676 ) ;
#11413 = CARTESIAN_POINT ( 'NONE',  ( 16.10352159634808089, 27.11100650659829725, 163.0000000000001421 ) ) ;
#11414 = CARTESIAN_POINT ( 'NONE',  ( 16.02085591390609309, 27.67110199698687367, 107.4816405483862241 ) ) ;
#11415 = ORIENTED_EDGE ( 'NONE', *, *, #1606, .T. ) ;
#11416 = CARTESIAN_POINT ( 'NONE',  ( 54.83352029799014815, 0.000000000000000000, 38.39484425922750432 ) ) ;
#11417 = ORIENTED_EDGE ( 'NONE', *, *, #6663, .F. ) ;
#11418 = CARTESIAN_POINT ( 'NONE',  ( 4.802599317125920031, 9.249999999999996447, 105.2402229958081961 ) ) ;
#11419 = VERTEX_POINT ( 'NONE', #6078 ) ;
#11420 = CARTESIAN_POINT ( 'NONE',  ( -19.75000000000001776, 2.250000000000000000, 137.8414722278378690 ) ) ;
#11421 = CYLINDRICAL_SURFACE ( 'NONE', #7489, 0.5000000000000022204 ) ;
#11422 = CARTESIAN_POINT ( 'NONE',  ( -4.962508203836784482, 8.499999999999996447, 101.9499990012988775 ) ) ;
#11423 = ORIENTED_EDGE ( 'NONE', *, *, #11105, .F. ) ;
#11424 = AXIS2_PLACEMENT_3D ( 'NONE', #6263, #8272, #7328 ) ;
#11425 = EDGE_CURVE ( 'NONE', #6398, #9383, #3236, .T. ) ;
#11426 = CARTESIAN_POINT ( 'NONE',  ( -16.44999999998811901, 0.000000000000000000, 154.5000000000001421 ) ) ;
#11427 = CARTESIAN_POINT ( 'NONE',  ( 21.35344314932018506, 0.000000000000000000, 156.6000000000001933 ) ) ;
#11428 = ORIENTED_EDGE ( 'NONE', *, *, #861, .F. ) ;
#11429 = CARTESIAN_POINT ( 'NONE',  ( 2.923172009473375521, 14.11802792933514894, 102.8152926805095291 ) ) ;
#11430 = CARTESIAN_POINT ( 'NONE',  ( 18.00110650123941980, 15.79746197191654566, 102.8511065012394567 ) ) ;
#11431 = EDGE_CURVE ( 'NONE', #1861, #789, #8740, .T. ) ;
#11432 = CARTESIAN_POINT ( 'NONE',  ( 6.203798112722522795, 9.744687451964079372, 105.4295549730049828 ) ) ;
#11433 = EDGE_CURVE ( 'NONE', #2923, #2413, #8155, .T. ) ;
#11434 = CARTESIAN_POINT ( 'NONE',  ( 5.053898560000305906, 9.249999999999998224, 105.5135716033690727 ) ) ;
#11435 = CARTESIAN_POINT ( 'NONE',  ( -17.44999999998816875, 0.000000000000000000, 155.5000000000001990 ) ) ;
#11436 = VERTEX_POINT ( 'NONE', #666 ) ;
#11437 = CARTESIAN_POINT ( 'NONE',  ( -16.25000000000000000, 5.749999999999976019, 137.8414722278378690 ) ) ;
#11438 = CIRCLE ( 'NONE', #5778, 1.549999999999995826 ) ;
#11439 = ORIENTED_EDGE ( 'NONE', *, *, #3335, .T. ) ;
#11440 = CARTESIAN_POINT ( 'NONE',  ( 8.126414069292449582, 8.499999999999996447, 102.8988277858407798 ) ) ;
#11441 = CARTESIAN_POINT ( 'NONE',  ( -14.50221515314512288, 28.40939692359802038, 100.1757653858252439 ) ) ;
#11442 = ORIENTED_EDGE ( 'NONE', *, *, #4962, .T. ) ;
#11443 = DIRECTION ( 'NONE',  ( 0.000000000000000000, -1.000000000000000000, 0.000000000000000000 ) ) ;
#11444 = EDGE_CURVE ( 'NONE', #406, #790, #6851, .T. ) ;
#11445 = PRODUCT_DEFINITION_CONTEXT ( 'detailed design', #2811, 'design' ) ;
#11446 = LINE ( 'NONE', #4339, #9125 ) ;
#11447 = CARTESIAN_POINT ( 'NONE',  ( -6.508310854738764029, 9.781872352548646177, 102.2296287988230716 ) ) ;
#11448 = CARTESIAN_POINT ( 'NONE',  ( -43.56952484415455729, 7.249999999999999112, 30.50770973209273507 ) ) ;
#11449 = EDGE_CURVE ( 'NONE', #9205, #8149, #6137, .T. ) ;
#11450 = CARTESIAN_POINT ( 'NONE',  ( 13.68983573714720769, 27.85034443548722649, 104.8883279828647090 ) ) ;
#11451 = VECTOR ( 'NONE', #11120, 1000.000000000000000 ) ;
#11452 = VERTEX_POINT ( 'NONE', #7963 ) ;
#11453 = CARTESIAN_POINT ( 'NONE',  ( 6.638770561328522390, 9.797803006621451871, 102.2249640313933980 ) ) ;
#11454 = LINE ( 'NONE', #2933, #1318 ) ;
#11455 = PLANE ( 'NONE',  #7441 ) ;
#11456 = CARTESIAN_POINT ( 'NONE',  ( -1.749999999999999778, 2.249999999999998668, 85.10000000000002274 ) ) ;
#11457 = DIRECTION ( 'NONE',  ( -0.8191520442889910214, 0.000000000000000000, -0.5735764363510473807 ) ) ;
#11458 = CARTESIAN_POINT ( 'NONE',  ( -7.993091209573401024, 8.500000000000000000, 105.2967907157005953 ) ) ;
#11459 = CARTESIAN_POINT ( 'NONE',  ( -13.72543348935243834, 27.33718993719248402, 102.5639558409051233 ) ) ;
#11460 = EDGE_CURVE ( 'NONE', #1343, #2254, #8533, .T. ) ;
#11461 = VERTEX_POINT ( 'NONE', #2632 ) ;
#11462 = EDGE_CURVE ( 'NONE', #6927, #8536, #2580, .T. ) ;
#11463 = ORIENTED_EDGE ( 'NONE', *, *, #5896, .T. ) ;
#11464 = CARTESIAN_POINT ( 'NONE',  ( -19.99999999999998934, 7.249999999999999112, 0.000000000000000000 ) ) ;
#11465 = PLANE ( 'NONE',  #1804 ) ;
#11466 = CARTESIAN_POINT ( 'NONE',  ( -7.384992936441316047, 9.249999999999998224, 101.7464921028298619 ) ) ;
#11467 = LINE ( 'NONE', #9467, #1534 ) ;
#11468 = CARTESIAN_POINT ( 'NONE',  ( 26.50000000000052935, 0.000000000000000000, 119.8000000000000398 ) ) ;
#11469 = VERTEX_POINT ( 'NONE', #3468 ) ;
#11470 = CARTESIAN_POINT ( 'NONE',  ( -10.00000000000001066, 0.000000000000000000, 94.10000000000003695 ) ) ;
#11471 = ORIENTED_EDGE ( 'NONE', *, *, #5910, .T. ) ;
#11472 = CARTESIAN_POINT ( 'NONE',  ( 4.650093782454366220, 9.249999999999996447, 105.0542998375096460 ) ) ;
#11473 = VERTEX_POINT ( 'NONE', #7487 ) ;
#11474 = VECTOR ( 'NONE', #3599, 1000.000000000000114 ) ;
#11475 = CARTESIAN_POINT ( 'NONE',  ( -27.20408904496944658, 49.20408904496999014, 60.85376143064684840 ) ) ;
#11476 = DIRECTION ( 'NONE',  ( 0.000000000000000000, -1.000000000000000000, 0.000000000000000000 ) ) ;
#11477 = CARTESIAN_POINT ( 'NONE',  ( -7.383763632822698320, 8.500000000000000000, 101.9499990012989059 ) ) ;
#11478 = ORIENTED_EDGE ( 'NONE', *, *, #275, .T. ) ;
#11479 = CARTESIAN_POINT ( 'NONE',  ( 69.02500000000600267, 0.000000000000000000, 69.02500000000600267 ) ) ;
#11480 = LINE ( 'NONE', #11367, #10608 ) ;
#11481 = ORIENTED_EDGE ( 'NONE', *, *, #7742, .T. ) ;
#11482 = CARTESIAN_POINT ( 'NONE',  ( -5.000000000000000888, 0.000000000000000000, 94.10000000000003695 ) ) ;
#11483 = FACE_OUTER_BOUND ( 'NONE', #10940, .T. ) ;
#11484 = CARTESIAN_POINT ( 'NONE',  ( 6.100517141765558371, 9.732072840024331484, 105.4052714245860756 ) ) ;
#11485 = CARTESIAN_POINT ( 'NONE',  ( -16.10352159634808089, 27.11100650659829725, 104.8883279828650359 ) ) ;
#11486 = PLANE ( 'NONE',  #1962 ) ;
#11487 = VERTEX_POINT ( 'NONE', #3524 ) ;
#11488 = LINE ( 'NONE', #4280, #371 ) ;
#11489 = EDGE_CURVE ( 'NONE', #11538, #6672, #9858, .T. ) ;
#11490 = ORIENTED_EDGE ( 'NONE', *, *, #3481, .T. ) ;
#11491 = CARTESIAN_POINT ( 'NONE',  ( 8.296240968397308180, 8.499999999999996447, 103.2384425154164660 ) ) ;
#11492 = CYLINDRICAL_SURFACE ( 'NONE', #7595, 2.000000000000001776 ) ;
#11493 = CARTESIAN_POINT ( 'NONE',  ( -14.38290970142343816, 28.46502996939549845, 100.2026360843920259 ) ) ;
#11494 = ORIENTED_EDGE ( 'NONE', *, *, #3859, .F. ) ;
#11495 = CARTESIAN_POINT ( 'NONE',  ( -4.999999999999997335, 4.499999999999997335, 109.8500000000000227 ) ) ;
#11496 = EDGE_CURVE ( 'NONE', #8752, #10343, #1749, .T. ) ;
#11497 = CARTESIAN_POINT ( 'NONE',  ( 8.347804207010076638, 8.652195792989910927, 103.8499999999999943 ) ) ;
#11498 = B_SPLINE_CURVE_WITH_KNOTS ( 'NONE', 3,
 ( #2886, #9719, #9986, #1601, #6503, #9933, #10113, #1097, #4724, #203 ),
 .UNSPECIFIED., .F., .F.,
 ( 4, 2, 2, 2, 4 ),
 ( 0.4055260158920406810, 0.4173352639055347701, 0.4291445119190288593, 0.4527630079460205903, 0.5000000000000000000 ),
 .UNSPECIFIED. ) ;
#11499 = LINE ( 'NONE', #7005, #3248 ) ;
#11500 = CARTESIAN_POINT ( 'NONE',  ( 1.499999999999999556, 13.48034298036375667, 105.6917036024919696 ) ) ;
#11501 = DIRECTION ( 'NONE',  ( 0.9063077870366492705, -0.4226182617407008846, 0.000000000000000000 ) ) ;
#11502 = EDGE_CURVE ( 'NONE', #3422, #4516, #10691, .T. ) ;
#11503 = ORIENTED_EDGE ( 'NONE', *, *, #1269, .T. ) ;
#11504 = EDGE_CURVE ( 'NONE', #5495, #34, #7136, .T. ) ;
#11505 = PLANE ( 'NONE',  #7440 ) ;
#11506 = DIRECTION ( 'NONE',  ( 1.000000000000000000, 1.301042606982605567E-16, 0.000000000000000000 ) ) ;
#11507 = LINE ( 'NONE', #10452, #8955 ) ;
#11508 = DIRECTION ( 'NONE',  ( 0.000000000000000000, 0.000000000000000000, -1.000000000000000000 ) ) ;
#11509 = FACE_BOUND ( 'NONE', #11513, .T. ) ;
#11510 = DIRECTION ( 'NONE',  ( 0.000000000000000000, 0.2164396139381074557, -0.9762960071199322520 ) ) ;
#11511 = DIRECTION ( 'NONE',  ( 0.000000000000000000, 0.000000000000000000, 1.000000000000000000 ) ) ;
#11512 = B_SPLINE_CURVE_WITH_KNOTS ( 'NONE', 3,
 ( #11593, #7151, #3488, #8221, #11705, #6160, #10709, #2595 ),
 .UNSPECIFIED., .F., .F.,
 ( 4, 2, 2, 4 ),
 ( 7.152448122690996019E-18, 0.0002220072680961683977, 0.0004440145361923296397, 0.0008880290723846276206 ),
 .UNSPECIFIED. ) ;
#11513 = EDGE_LOOP ( 'NONE', ( #7892, #5784, #8718, #4214, #1786 ) ) ;
#11514 = AXIS2_PLACEMENT_3D ( 'NONE', #10873, #3765, #2759 ) ;
#11515 = ORIENTED_EDGE ( 'NONE', *, *, #7549, .T. ) ;
#11516 = CARTESIAN_POINT ( 'NONE',  ( 5.383495369266627861, 9.006550101255429652, 102.4397733212120869 ) ) ;
#11517 = DIRECTION ( 'NONE',  ( 0.4774298500276914492, 0.000000000000000000, 0.8786698687803833341 ) ) ;
#11518 = VECTOR ( 'NONE', #4269, 1000.000000000000000 ) ;
#11519 = DIRECTION ( 'NONE',  ( -0.8660254037844455910, 0.000000000000000000, 0.4999999999999880096 ) ) ;
#11520 = LINE ( 'NONE', #4308, #6080 ) ;
#11521 = EDGE_CURVE ( 'NONE', #5803, #10998, #8918, .T. ) ;
#11522 = DIRECTION ( 'NONE',  ( -1.000000000000000000, 0.000000000000000000, 0.000000000000000000 ) ) ;
#11523 = ORIENTED_EDGE ( 'NONE', *, *, #5648, .T. ) ;
#11524 = CARTESIAN_POINT ( 'NONE',  ( -2.442646126510160443, -6.745874566120680704, 107.3855339059327179 ) ) ;
#11525 = EDGE_LOOP ( 'NONE', ( #957, #11061, #9884, #7374 ) ) ;
#11526 = AXIS2_PLACEMENT_3D ( 'NONE', #1797, #5410, #11734 ) ;
#11527 = CARTESIAN_POINT ( 'NONE',  ( 4.303499617484257023, 9.249999999999996447, 104.3103871099210522 ) ) ;
#11528 = ORIENTED_EDGE ( 'NONE', *, *, #2838, .T. ) ;
#11529 = CARTESIAN_POINT ( 'NONE',  ( -1.499999999999999556, 14.26997711284614390, 102.1298942063219357 ) ) ;
#11530 = EDGE_CURVE ( 'NONE', #6752, #6589, #3811, .T. ) ;
#11531 = CARTESIAN_POINT ( 'NONE',  ( -12.74999999999995559, 11.66512179830155560, 113.8796372244472224 ) ) ;
#11532 = AXIS2_PLACEMENT_3D ( 'NONE', #474, #6941, #7835 ) ;
#11533 = CARTESIAN_POINT ( 'NONE',  ( -11.99999999998817479, 2.250000000000000000, 163.0000000000001421 ) ) ;
#11534 = ORIENTED_EDGE ( 'NONE', *, *, #1739, .F. ) ;
#11535 = CARTESIAN_POINT ( 'NONE',  ( 19.74999999999998934, 2.250000000000001776, 119.4111501086126168 ) ) ;
#11536 = EDGE_CURVE ( 'NONE', #430, #9577, #6196, .T. ) ;
#11537 = DIRECTION ( 'NONE',  ( 0.9063077870366493816, -0.4226182617407005515, -2.562053133750362558E-14 ) ) ;
#11538 = VERTEX_POINT ( 'NONE', #4416 ) ;
#11539 = LINE ( 'NONE', #4444, #8501 ) ;
#11540 = CARTESIAN_POINT ( 'NONE',  ( 19.74999999999998934, 2.250000000000000000, 130.9242565173703667 ) ) ;
#11541 = CARTESIAN_POINT ( 'NONE',  ( -3.223945270323405499, 13.77279072187032405, 104.3725570880015567 ) ) ;
#11542 = CARTESIAN_POINT ( 'NONE',  ( 4.759567079738399542, 9.250000000000000000, 105.2372031138766317 ) ) ;
#11543 = DIRECTION ( 'NONE',  ( 0.000000000000000000, 0.000000000000000000, 1.000000000000000000 ) ) ;
#11544 = VECTOR ( 'NONE', #8053, 1000.000000000000227 ) ;
#11545 = CARTESIAN_POINT ( 'NONE',  ( -7.750000000000001776, 9.249999999999998224, 105.7831987774969207 ) ) ;
#11546 = VERTEX_POINT ( 'NONE', #8082 ) ;
#11547 = CARTESIAN_POINT ( 'NONE',  ( -3.358391833210450539, 2.250000000000000000, 150.5000000000000000 ) ) ;
#11548 = CARTESIAN_POINT ( 'NONE',  ( 4.999999999999989342, 7.249999999999999112, 89.43550806100923012 ) ) ;
#11549 = ORIENTED_EDGE ( 'NONE', *, *, #7778, .T. ) ;
#11550 = CARTESIAN_POINT ( 'NONE',  ( 12.08750162854155441, 21.45637587167328064, 107.6000000000000085 ) ) ;
#11551 = DIRECTION ( 'NONE',  ( -0.8191520442889949072, 0.000000000000000000, -0.5735764363510416075 ) ) ;
#11552 = VECTOR ( 'NONE', #2851, 1000.000000000000000 ) ;
#11553 = VECTOR ( 'NONE', #8296, 1000.000000000000114 ) ;
#11554 = CARTESIAN_POINT ( 'NONE',  ( -5.795139091129684950, 9.694778491685251964, 102.3977865101890217 ) ) ;
#11555 = DIRECTION ( 'NONE',  ( 0.7019813020403889992, 0.1446631733820505916, -0.6973484192659469283 ) ) ;
#11556 = CIRCLE ( 'NONE', #2665, 1.549999999999995826 ) ;
#11557 = CARTESIAN_POINT ( 'NONE',  ( 15.25000000000000000, 14.53030822565386337, 138.8414722278378406 ) ) ;
#11558 = VECTOR ( 'NONE', #724, 1000.000000000000000 ) ;
#11559 = CIRCLE ( 'NONE', #9871, 1.549999999999995826 ) ;
#11560 = VERTEX_POINT ( 'NONE', #9798 ) ;
#11561 = ORIENTED_EDGE ( 'NONE', *, *, #864, .F. ) ;
#11562 = CARTESIAN_POINT ( 'NONE',  ( 15.25000000000000000, -31.10416016031582842, 100.1000000000000227 ) ) ;
#11563 = EDGE_CURVE ( 'NONE', #6082, #7834, #11685, .T. ) ;
#11564 = DIRECTION ( 'NONE',  ( -0.8786698687803833341, 0.000000000000000000, -0.4774298500276915047 ) ) ;
#11565 = LINE ( 'NONE', #4588, #3272 ) ;
#11566 = EDGE_CURVE ( 'NONE', #1306, #10235, #7193, .T. ) ;
#11567 = DIRECTION ( 'NONE',  ( 1.000000000000000000, 0.000000000000000000, 0.000000000000000000 ) ) ;
#11568 = FACE_OUTER_BOUND ( 'NONE', #4092, .T. ) ;
#11569 = AXIS2_PLACEMENT_3D ( 'NONE', #9784, #7784, #6122 ) ;
#11570 = CARTESIAN_POINT ( 'NONE',  ( -4.001827687401852351, 8.499999999999996447, 102.8797793018832749 ) ) ;
#11571 = ADVANCED_FACE ( 'NONE', ( #6540 ), #5591, .F. ) ;
#11572 = VERTEX_POINT ( 'NONE', #1134 ) ;
#11573 = AXIS2_PLACEMENT_3D ( 'NONE', #11203, #6715, #3496 ) ;
#11574 = ORIENTED_EDGE ( 'NONE', *, *, #1660, .T. ) ;
#11575 = ORIENTED_EDGE ( 'NONE', *, *, #11536, .F. ) ;
#11576 = CARTESIAN_POINT ( 'NONE',  ( 8.048638936552043432, 9.173033161051836970, 104.4013706465979539 ) ) ;
#11577 = LINE ( 'NONE', #9037, #9563 ) ;
#11578 = AXIS2_PLACEMENT_3D ( 'NONE', #9570, #2136, #6846 ) ;
#11579 = CARTESIAN_POINT ( 'NONE',  ( -7.386301069810960129, 9.250000000000000000, 105.9528975324694784 ) ) ;
#11580 = CARTESIAN_POINT ( 'NONE',  ( 32.17708008015790710, -15.17708008015797994, 100.1000000000000227 ) ) ;
#11581 = PLANE ( 'NONE',  #943 ) ;
#11582 = EDGE_LOOP ( 'NONE', ( #11055, #7569, #2591, #752, #9655, #4544, #4206, #1862, #3579 ) ) ;
#11583 = VECTOR ( 'NONE', #1855, 1000.000000000000000 ) ;
#11584 = DIRECTION ( 'NONE',  ( 0.000000000000000000, 0.000000000000000000, 1.000000000000000000 ) ) ;
#11585 = EDGE_CURVE ( 'NONE', #8898, #9632, #4759, .T. ) ;
#11586 = EDGE_LOOP ( 'NONE', ( #3240, #4900, #3249, #1273 ) ) ;
#11587 = VECTOR ( 'NONE', #9824, 1000.000000000000000 ) ;
#11588 = CARTESIAN_POINT ( 'NONE',  ( 6.082913531126091122, 9.249999999999996447, 105.9655608899129078 ) ) ;
#11589 = EDGE_CURVE ( 'NONE', #1349, #1521, #1684, .T. ) ;
#11590 = ORIENTED_EDGE ( 'NONE', *, *, #7252, .T. ) ;
#11591 = B_SPLINE_SURFACE_WITH_KNOTS ( 'NONE', 1, 3, ( 
 ( #8146, #9869, #977, #6435, #7325, #8207, #21, #3712, #2813, #4537, #796, #6260, #11693, #9040, #860, #3651, #7143, #7265, #4483, #1930, #9161, #2588, #9981, #1037, #10751, #10700, #4662, #8035, #8930, #913, #5487, #1816, #10874, #137, #8269, #1868, #8989, #6204, #4426, #5429, #9806, #1696, #11643, #3532, #2643, #1761, #5375, #9928, #6325, #8090, #2760, #6379, #3587, #7204, #10812, #2703, #5751, #8287, #10238, #11125, #8413, #216, #1176, #4801, #8345, #4622 ),
 ( #9300, #3022, #2834, #279, #10125, #3852, #4737, #2069, #8227, #3787, #101, #8467, #5688, #3914, #2014, #2963, #6453, #7521, #9181, #10181, #6575, #1888, #10063, #7465, #11069, #330, #6630, #6397, #5567, #3730, #2133, #4859, #1949, #9998, #7342, #11009, #10949, #3968, #9361, #1237, #10894, #7401, #2776, #1110, #5506, #1055, #154, #4679, #9117, #993, #2902, #9237, #6514, #5627, #6029, #10528, #9584, #7582, #5919, #1292, #11351, #8640, #4914, #559, #6697, #5805 ) ),
 .UNSPECIFIED., .F., .F., .F.,
 ( 2, 2 ),
 ( 4, 2, 2, 2, 2, 2, 2, 2, 2, 2, 2, 2, 2, 2, 2, 2, 2, 2, 2, 2, 2, 2, 2, 2, 2, 2, 2, 2, 2, 2, 2, 2, 4 ),
 ( 0.000000000000000000, 1.000000000000000000 ),
 ( 3.726107219354701794, 3.885924599843756155, 4.045741980332810961, 4.205559360821865766, 4.365376741310920572, 4.525194121799975377, 4.685011502289030183, 4.844828882778084989, 5.004646263267139794, 5.164463643756194600, 5.324281024245249405, 5.484098404734304211, 5.643915785223359016, 5.803733165712413822, 5.963550546201468627, 6.123367926690523433, 6.283185307179578238, 6.443002687668633044, 6.602820068157686961, 6.762637448646741767, 6.922454829135796572, 7.082272209624851378, 7.242089590113906183, 7.401906970602960989, 7.561724351092015795, 7.721541731581070600, 7.881359112070125406, 8.041176492559181099, 8.200993873048235017, 8.360811253537288934, 8.520628634026344628, 8.680446014515400321, 8.840263395004454239 ),
 .UNSPECIFIED. ) ;
#11592 = DIRECTION ( 'NONE',  ( 0.7071067811865464625, -0.7071067811865486830, 1.598181036901639220E-15 ) ) ;
#11593 = CARTESIAN_POINT ( 'NONE',  ( -13.68983573714720769, 27.85034443548722649, 104.8883279828647090 ) ) ;
#11594 = CARTESIAN_POINT ( 'NONE',  ( -4.576778989265764430, 8.499999999999996447, 102.2005603474873112 ) ) ;
#11595 = EDGE_LOOP ( 'NONE', ( #4020, #933, #10746, #7463, #5752 ) ) ;
#11596 = CARTESIAN_POINT ( 'NONE',  ( 16.10352159634808089, 27.11100650659829725, 102.8116720171349954 ) ) ;
#11597 = CARTESIAN_POINT ( 'NONE',  ( 20.26260754773811357, 0.000000000000000000, 145.6432295561562285 ) ) ;
#11598 = EDGE_CURVE ( 'NONE', #3966, #9595, #8307, .T. ) ;
#11599 = VERTEX_POINT ( 'NONE', #3604 ) ;
#11600 = FACE_OUTER_BOUND ( 'NONE', #3915, .T. ) ;
#11601 = CIRCLE ( 'NONE', #1584, 2.000000000000001776 ) ;
#11603 = EDGE_CURVE ( 'NONE', #5111, #2364, #2291, .T. ) ;
#11602 = LINE ( 'NONE', #5274, #9887 ) ;
#11604 = CARTESIAN_POINT ( 'NONE',  ( -2.073834777636698323, 13.50050777061751539, 105.6007461116197987 ) ) ;
#11605 = LINE ( 'NONE', #5997, #8159 ) ;
#11606 = FACE_OUTER_BOUND ( 'NONE', #9067, .T. ) ;
#11607 = ADVANCED_FACE ( 'NONE', ( #9610 ), #9057, .F. ) ;
#11608 = AXIS2_PLACEMENT_3D ( 'NONE', #9222, #1095, #4722 ) ;
#11609 = CARTESIAN_POINT ( 'NONE',  ( -9.000000000000000000, 31.94302117641175442, 94.10000000000003695 ) ) ;
#11610 = ORIENTED_EDGE ( 'NONE', *, *, #8099, .F. ) ;
#11611 = DIRECTION ( 'NONE',  ( 0.000000000000000000, 0.000000000000000000, -1.000000000000000000 ) ) ;
#11612 = FACE_OUTER_BOUND ( 'NONE', #11525, .T. ) ;
#11613 = ORIENTED_EDGE ( 'NONE', *, *, #8714, .F. ) ;
#11614 = DIRECTION ( 'NONE',  ( 0.7071067811865486830, 0.7071067811865464625, -1.598181036901634290E-15 ) ) ;
#11615 = DIRECTION ( 'NONE',  ( 0.000000000000000000, 0.000000000000000000, -1.000000000000000000 ) ) ;
#11616 = VECTOR ( 'NONE', #10158, 1000.000000000000000 ) ;
#11617 = CARTESIAN_POINT ( 'NONE',  ( 29.37500000000054357, 2.250000000000000000, 82.35000000000000853 ) ) ;
#11618 = CARTESIAN_POINT ( 'NONE',  ( -26.00112609145443088, 2.250000000000000000, 130.3000000000000398 ) ) ;
#11619 = ORIENTED_EDGE ( 'NONE', *, *, #2419, .T. ) ;
#11620 = CARTESIAN_POINT ( 'NONE',  ( -35.58213756747417023, 0.000000000000000000, 24.91488095036069694 ) ) ;
#11621 = VECTOR ( 'NONE', #10286, 1000.000000000000000 ) ;
#11622 = EDGE_LOOP ( 'NONE', ( #11139, #3014, #991, #6599 ) ) ;
#11623 = AXIS2_PLACEMENT_3D ( 'NONE', #5709, #4880, #9322 ) ;
#11624 = ORIENTED_EDGE ( 'NONE', *, *, #7785, .F. ) ;
#11625 = DIRECTION ( 'NONE',  ( 0.000000000000000000, 0.000000000000000000, -1.000000000000000000 ) ) ;
#11626 = CARTESIAN_POINT ( 'NONE',  ( -23.53921572489431213, 7.249999999999999112, 117.8489238107519981 ) ) ;
#11627 = CARTESIAN_POINT ( 'NONE',  ( -19.75000000000001776, 2.250000000000000000, 113.9242565173703525 ) ) ;
#11628 = AXIS2_PLACEMENT_3D ( 'NONE', #3078, #3017, #8339 ) ;
#11629 = DIRECTION ( 'NONE',  ( 1.000000000000000000, 0.000000000000000000, 0.000000000000000000 ) ) ;
#11630 = DIRECTION ( 'NONE',  ( -0.6149751629055538737, -0.4935697499022556056, -0.6149751629055537627 ) ) ;
#11631 = CARTESIAN_POINT ( 'NONE',  ( -4.699584345050743295, 8.499999999999996447, 105.5907807507507954 ) ) ;
#11632 = CARTESIAN_POINT ( 'NONE',  ( 16.22516882465090049, 21.45637587167327709, 103.8500000000000085 ) ) ;
#11633 =( BOUNDED_CURVE ( )  B_SPLINE_CURVE ( 3, ( #3918, #6519, #9366, #2966 ),
 .UNSPECIFIED., .F., .F. ) 
 B_SPLINE_CURVE_WITH_KNOTS ( ( 4, 4 ),
 ( 2.274261254291038981, 2.797141273663311889 ),
 .UNSPECIFIED. ) 
 CURVE ( )  GEOMETRIC_REPRESENTATION_ITEM ( )  RATIONAL_B_SPLINE_CURVE ( ( 1.000000000000000000, 0.9773458518741187095, 0.9773458518741187095, 1.000000000000000000 ) ) 
 REPRESENTATION_ITEM ( '' )  );
#11634 = ORIENTED_EDGE ( 'NONE', *, *, #4745, .T. ) ;
#11635 = ORIENTED_EDGE ( 'NONE', *, *, #4301, .T. ) ;
#11636 = ORIENTED_EDGE ( 'NONE', *, *, #8216, .F. ) ;
#11637 = AXIS2_PLACEMENT_3D ( 'NONE', #7322, #10037, #5609 ) ;
#11638 = ADVANCED_FACE ( 'NONE', ( #7947 ), #1439, .F. ) ;
#11639 = LINE ( 'NONE', #2462, #6692 ) ;
#11640 = DIRECTION ( 'NONE',  ( 1.541976423090501550E-15, -1.000000000000000000, 0.000000000000000000 ) ) ;
#11641 = CARTESIAN_POINT ( 'NONE',  ( -29.37500000000054357, 1.250000000000004885, 83.90000000000000568 ) ) ;
#11642 = CARTESIAN_POINT ( 'NONE',  ( 13.83775212875645266, 28.16755216095005210, 107.3855339059327321 ) ) ;
#11643 = CARTESIAN_POINT ( 'NONE',  ( -5.253303302407844377, 9.628609952935310190, 104.9543002429491736 ) ) ;
#11644 = EDGE_LOOP ( 'NONE', ( #4507, #8578, #1709, #2941, #10045, #6406, #11337 ) ) ;
#11645 = EDGE_CURVE ( 'NONE', #4136, #2134, #2387, .T. ) ;
#11646 = CARTESIAN_POINT ( 'NONE',  ( -16.15036770282998901, 27.41782741283026681, 100.2845773967162870 ) ) ;
#11647 = ORIENTED_EDGE ( 'NONE', *, *, #9583, .F. ) ;
#11648 = DIRECTION ( 'NONE',  ( 1.000000000000000000, 0.000000000000000000, 0.000000000000000000 ) ) ;
#11649 = EDGE_LOOP ( 'NONE', ( #4599, #4032, #7276, #8147, #9874 ) ) ;
#11650 = DIRECTION ( 'NONE',  ( -0.9396926207859129798, 0.3420201433256561119, 0.000000000000000000 ) ) ;
#11651 = CARTESIAN_POINT ( 'NONE',  ( -8.588833455959738572, 8.500000000000000000, 103.8500000000000085 ) ) ;
#11652 = CARTESIAN_POINT ( 'NONE',  ( 6.249999999999998224, 12.88549180720036169, 114.1501867418696037 ) ) ;
#11653 = ORIENTED_EDGE ( 'NONE', *, *, #787, .F. ) ;
#11654 = CARTESIAN_POINT ( 'NONE',  ( -1.250000000000001110, 0.000000000000000000, 85.10000000000002274 ) ) ;
#11655 = LINE ( 'NONE', #3603, #1526 ) ;
#11656 = ORIENTED_EDGE ( 'NONE', *, *, #3935, .T. ) ;
#11657 = DIRECTION ( 'NONE',  ( -0.5735764363510476027, 0.000000000000000000, 0.8191520442889907994 ) ) ;
#11658 = CARTESIAN_POINT ( 'NONE',  ( 17.05368864071132862, 4.946311359288696252, 132.5604184152885807 ) ) ;
#11659 = CARTESIAN_POINT ( 'NONE',  ( 5.590941889546742871, 9.669855109519613023, 105.1991177264924033 ) ) ;
#11660 = DIRECTION ( 'NONE',  ( -0.9063077870366493816, 0.4226182617407005515, 0.000000000000000000 ) ) ;
#11661 = CARTESIAN_POINT ( 'NONE',  ( -9.999999999999996447, 2.249999999999950706, 136.5914722278378690 ) ) ;
#11662 = EDGE_CURVE ( 'NONE', #9301, #4185, #9946, .T. ) ;
#11663 = LINE ( 'NONE', #4506, #732 ) ;
#11664 = EDGE_LOOP ( 'NONE', ( #3689, #2954, #4555, #11057 ) ) ;
#11665 = CARTESIAN_POINT ( 'NONE',  ( 18.39097264198638726, 29.35448432324997725, 103.8500000000000085 ) ) ;
#11666 = CARTESIAN_POINT ( 'NONE',  ( 7.529416650772430941, 9.140601969523654446, 105.0742539896652517 ) ) ;
#11667 = EDGE_LOOP ( 'NONE', ( #206, #2938, #9542, #3038 ) ) ;
#11668 = CARTESIAN_POINT ( 'NONE',  ( 21.90091163631636206, 0.000000000000000000, 118.9960766834541062 ) ) ;
#11669 = CARTESIAN_POINT ( 'NONE',  ( -16.15036770282991441, 27.41774885578255549, 107.4154113569145892 ) ) ;
#11670 = EDGE_CURVE ( 'NONE', #5716, #6165, #11386, .T. ) ;
#11671 = CARTESIAN_POINT ( 'NONE',  ( -5.433378859888199131, 9.650601526363033145, 102.6008524687978110 ) ) ;
#11672 = PLANE ( 'NONE',  #1792 ) ;
#11673 = ORIENTED_EDGE ( 'NONE', *, *, #303, .T. ) ;
#11674 = FACE_OUTER_BOUND ( 'NONE', #8923, .T. ) ;
#11675 = ADVANCED_FACE ( 'NONE', ( #5949 ), #6343, .F. ) ;
#11676 = VERTEX_POINT ( 'NONE', #2437 ) ;
#11677 = EDGE_CURVE ( 'NONE', #2656, #862, #4232, .T. ) ;
#11678 = ORIENTED_EDGE ( 'NONE', *, *, #6734, .F. ) ;
#11679 = CARTESIAN_POINT ( 'NONE',  ( -10.00000000000000178, 9.750000000000001776, 127.2934762997707310 ) ) ;
#11680 = DIRECTION ( 'NONE',  ( 1.000000000000000000, 8.673617379884036705E-17, -3.912415967295317630E-16 ) ) ;
#11681 = CARTESIAN_POINT ( 'NONE',  ( -19.74999999999973355, 0.000000000000000000, 130.9242565173703667 ) ) ;
#11682 = FACE_OUTER_BOUND ( 'NONE', #4677, .T. ) ;
#11683 = CARTESIAN_POINT ( 'NONE',  ( 21.35344314932018506, 2.250000000000000000, 156.6000000000001933 ) ) ;
#11684 = CARTESIAN_POINT ( 'NONE',  ( -4.268927218549614544, 8.534466513549496369, 103.8500000000000085 ) ) ;
#11685 = LINE ( 'NONE', #3578, #4960 ) ;
#11686 = ORIENTED_EDGE ( 'NONE', *, *, #11037, .F. ) ;
#11687 = ORIENTED_EDGE ( 'NONE', *, *, #11362, .T. ) ;
#11688 = ORIENTED_EDGE ( 'NONE', *, *, #5241, .T. ) ;
#11689 = CARTESIAN_POINT ( 'NONE',  ( -13.68983573714720769, 27.85034443548722649, 163.0000000000001421 ) ) ;
#11690 = CARTESIAN_POINT ( 'NONE',  ( -16.25000000000000000, 4.499999999999995559, 107.6000000000000085 ) ) ;
#11691 = DIRECTION ( 'NONE',  ( 0.7071067811865462405, 0.7071067811865489050, 0.000000000000000000 ) ) ;
#11692 = CARTESIAN_POINT ( 'NONE',  ( 26.00112609145443088, 2.250000000000000000, 130.3000000000000398 ) ) ;
#11693 = CARTESIAN_POINT ( 'NONE',  ( -6.805051911723687397, 9.818110035416250270, 102.2279786684708256 ) ) ;
#11694 = EDGE_LOOP ( 'NONE', ( #7492, #3772, #5242, #5797 ) ) ;
#11695 = CARTESIAN_POINT ( 'NONE',  ( 18.39097264198638015, 29.35448432324997370, 103.8500000000000085 ) ) ;
#11696 = ORIENTED_EDGE ( 'NONE', *, *, #3691, .T. ) ;
#11697 = DIRECTION ( 'NONE',  ( -0.000000000000000000, -1.000000000000000000, -0.000000000000000000 ) ) ;
#11698 = CARTESIAN_POINT ( 'NONE',  ( 0.000000000000000000, 2.250000000000000000, 84.60000000000003695 ) ) ;
#11699 = ORIENTED_EDGE ( 'NONE', *, *, #708, .F. ) ;
#11700 = VECTOR ( 'NONE', #1142, 1000.000000000000000 ) ;
#11701 = ADVANCED_FACE ( 'NONE', ( #2722 ), #38, .T. ) ;
#11702 = VECTOR ( 'NONE', #4215, 1000.000000000000114 ) ;
#11703 = ORIENTED_EDGE ( 'NONE', *, *, #6839, .T. ) ;
#11704 = CARTESIAN_POINT ( 'NONE',  ( -1.749999999999999778, 0.000000000000000000, 85.10000000000002274 ) ) ;
#11705 = CARTESIAN_POINT ( 'NONE',  ( -13.65562035571258903, 27.51119360908066724, 105.0119234161170994 ) ) ;
#11706 = CARTESIAN_POINT ( 'NONE',  ( -1.749999999999999778, 2.249999999999998668, 89.10000000000000853 ) ) ;
#11707 = ORIENTED_EDGE ( 'NONE', *, *, #9005, .F. ) ;
#11708 = CARTESIAN_POINT ( 'NONE',  ( 2.990330975271048519, 13.65259456393056325, 103.6536534250940633 ) ) ;
#11709 = ORIENTED_EDGE ( 'NONE', *, *, #1238, .T. ) ;
#11710 = CARTESIAN_POINT ( 'NONE',  ( -8.024563553996747700, 9.004873881174775718, 104.2379305909611560 ) ) ;
#11711 = DIRECTION ( 'NONE',  ( 0.000000000000000000, 1.000000000000000000, 0.000000000000000000 ) ) ;
#11712 = VERTEX_POINT ( 'NONE', #5058 ) ;
#11713 = AXIS2_PLACEMENT_3D ( 'NONE', #711, #7728, #11501 ) ;
#11714 = EDGE_CURVE ( 'NONE', #11062, #11712, #6892, .T. ) ;
#11715 = CARTESIAN_POINT ( 'NONE',  ( -2.412054309116099748, 13.91462671546306851, 102.6581247931894438 ) ) ;
#11716 = DIRECTION ( 'NONE',  ( 0.000000000000000000, 1.000000000000000000, 0.000000000000000000 ) ) ;
#11717 = ADVANCED_FACE ( 'NONE', ( #10502 ), #4283, .F. ) ;
#11718 = CARTESIAN_POINT ( 'NONE',  ( -19.75000000000001776, 2.250000000000008882, 136.4111501086128726 ) ) ;
#11719 = EDGE_CURVE ( 'NONE', #3997, #3872, #2504, .T. ) ;
#11720 = CYLINDRICAL_SURFACE ( 'NONE', #5491, 0.5000000000000004441 ) ;
#11721 = EDGE_CURVE ( 'NONE', #11150, #11572, #7995, .T. ) ;
#11722 = VECTOR ( 'NONE', #2320, 1000.000000000000000 ) ;
#11723 = CARTESIAN_POINT ( 'NONE',  ( -6.000000000000000888, 31.94302117641175442, 94.10000000000003695 ) ) ;
#11724 = ORIENTED_EDGE ( 'NONE', *, *, #6008, .T. ) ;
#11725 = LINE ( 'NONE', #5282, #2704 ) ;
#11726 = CARTESIAN_POINT ( 'NONE',  ( 4.556549660888853381, 8.954892280383891290, 103.3264001046209302 ) ) ;
#11727 = ORIENTED_EDGE ( 'NONE', *, *, #11598, .F. ) ;
#11728 = CARTESIAN_POINT ( 'NONE',  ( -8.588833455959738572, 8.500000000000000000, 103.8500000000000085 ) ) ;
#11729 = CARTESIAN_POINT ( 'NONE',  ( 21.90091163631619153, 7.249999999999999112, 135.9960766834541062 ) ) ;
#11730 = CARTESIAN_POINT ( 'NONE',  ( -4.771148487026819041, 9.569736855701163947, 104.0967193699469959 ) ) ;
#11731 = CARTESIAN_POINT ( 'NONE',  ( -16.25000000000000000, 14.53030822565386337, 138.8414722278378406 ) ) ;
#11732 = EDGE_CURVE ( 'NONE', #850, #9137, #6119, .T. ) ;
#11733 = EDGE_LOOP ( 'NONE', ( #5557, #6213, #10840, #4838 ) ) ;
#11734 = DIRECTION ( 'NONE',  ( 0.000000000000000000, 0.000000000000000000, 1.000000000000000000 ) ) ;
#11735 = AXIS2_PLACEMENT_3D ( 'NONE', #11124, #6513, #5686 ) ;
#11736 = ADVANCED_FACE ( 'NONE', ( #10552 ), #3388, .T. ) ;
ENDSEC;
END-ISO-10303-21;
