ISO-10303-21;
HEADER;
FILE_DESCRIPTION (( 'STEP AP214' ),
    '1' );
FILE_NAME ('[打印]综合天线接口-5寸机_自组网_下部.STEP',
    '2025-08-22T03:06:52',
    ( '' ),
    ( '' ),
    'SwSTEP 2.0',
    'SolidWorks 2020',
    '' );
FILE_SCHEMA (( 'AUTOMOTIVE_DESIGN' ));
ENDSEC;

DATA;
#1 = CARTESIAN_POINT ( 'NONE',  ( 16.90000000001182556, 1.750000000000000000, 98.40000000000001990 ) ) ;
#2 = EDGE_LOOP ( 'NONE', ( #5498, #3947, #612, #6898 ) ) ;
#3 = VERTEX_POINT ( 'NONE', #6047 ) ;
#4 = CARTESIAN_POINT ( 'NONE',  ( 24.50000000000048317, 4.850000000000000533, 77.10000000000002274 ) ) ;
#5 = AXIS2_PLACEMENT_3D ( 'NONE', #4429, #1163, #6166 ) ;
#6 = ORIENTED_EDGE ( 'NONE', *, *, #2583, .T. ) ;
#7 = DIRECTION ( 'NONE',  ( 0.000000000000000000, 0.000000000000000000, -1.000000000000000000 ) ) ;
#8 = DIRECTION ( 'NONE',  ( 0.000000000000000000, -1.000000000000000000, 0.000000000000000000 ) ) ;
#9 = DIRECTION ( 'NONE',  ( 0.8660254037844364872, 0.000000000000000000, 0.5000000000000037748 ) ) ;
#10 = VECTOR ( 'NONE', #2970, 1000.000000000000000 ) ;
#11 = CARTESIAN_POINT ( 'NONE',  ( -17.44999999998816875, 1.750000000000000000, 156.6000000000001933 ) ) ;
#12 = ORIENTED_EDGE ( 'NONE', *, *, #2279, .T. ) ;
#13 = CARTESIAN_POINT ( 'NONE',  ( 32.20000000000054996, 4.850000000000000533, 123.4189854895393665 ) ) ;
#14 = EDGE_LOOP ( 'NONE', ( #5606, #5888 ) ) ;
#15 = VECTOR ( 'NONE', #2816, 1000.000000000000000 ) ;
#16 = ADVANCED_FACE ( 'NONE', ( #3293 ), #3154, .F. ) ;
#17 = CARTESIAN_POINT ( 'NONE',  ( -24.00000000000053291, 7.650000000000000355, 91.90000000000001990 ) ) ;
#18 = ORIENTED_EDGE ( 'NONE', *, *, #4150, .F. ) ;
#19 = CARTESIAN_POINT ( 'NONE',  ( 10.20430174806593726, 1.249999999999999556, 125.7684116160548484 ) ) ;
#20 = EDGE_CURVE ( 'NONE', #4293, #2101, #5570, .T. ) ;
#21 = VECTOR ( 'NONE', #2930, 1000.000000000000114 ) ;
#22 = CARTESIAN_POINT ( 'NONE',  ( 29.37500000000057554, 4.850000000000000533, 128.3120290209214431 ) ) ;
#23 = CARTESIAN_POINT ( 'NONE',  ( 0.000000000000000000, 4.850000000000000533, 0.000000000000000000 ) ) ;
#24 = LINE ( 'NONE', #3835, #5623 ) ;
#25 = ORIENTED_EDGE ( 'NONE', *, *, #4357, .T. ) ;
#26 = EDGE_CURVE ( 'NONE', #6947, #6378, #6622, .T. ) ;
#28 = EDGE_CURVE ( 'NONE', #3242, #6349, #5602, .T. ) ;
#27 = CARTESIAN_POINT ( 'NONE',  ( -10.20430174806592838, 1.750000000000000000, 125.7684116160548484 ) ) ;
#29 = CARTESIAN_POINT ( 'NONE',  ( 45.27566268575785102, 4.850000000000000533, 78.41974811808478307 ) ) ;
#30 = CARTESIAN_POINT ( 'NONE',  ( -4.120447735897550423, 12.34999999999999964, 152.8000000000000114 ) ) ;
#31 = DIRECTION ( 'NONE',  ( -1.000000000000000000, 0.000000000000000000, 0.000000000000000000 ) ) ;
#32 = DIRECTION ( 'NONE',  ( 0.000000000000000000, 0.000000000000000000, 1.000000000000000000 ) ) ;
#33 = EDGE_CURVE ( 'NONE', #4159, #4616, #4993, .T. ) ;
#34 = DIRECTION ( 'NONE',  ( 0.000000000000000000, 1.000000000000000000, 0.000000000000000000 ) ) ;
#35 = ORIENTED_EDGE ( 'NONE', *, *, #1435, .T. ) ;
#36 = ORIENTED_EDGE ( 'NONE', *, *, #4822, .T. ) ;
#37 = LINE ( 'NONE', #4861, #3931 ) ;
#38 = ORIENTED_EDGE ( 'NONE', *, *, #3305, .F. ) ;
#39 = PLANE ( 'NONE',  #3360 ) ;
#40 = CARTESIAN_POINT ( 'NONE',  ( -26.50000000000052935, 12.34999999999999964, 119.8000000000000540 ) ) ;
#41 = FACE_OUTER_BOUND ( 'NONE', #3348, .T. ) ;
#42 = CARTESIAN_POINT ( 'NONE',  ( 14.59999999998815312, 1.750000000000000000, 133.5000000000000000 ) ) ;
#43 = ORIENTED_EDGE ( 'NONE', *, *, #950, .T. ) ;
#44 = ORIENTED_EDGE ( 'NONE', *, *, #1919, .T. ) ;
#45 = DIRECTION ( 'NONE',  ( 0.000000000000000000, 1.000000000000000000, -0.000000000000000000 ) ) ;
#46 = VERTEX_POINT ( 'NONE', #2784 ) ;
#47 = DIRECTION ( 'NONE',  ( 0.000000000000000000, 1.000000000000000000, 0.000000000000000000 ) ) ;
#48 = EDGE_LOOP ( 'NONE', ( #3895, #358, #1584, #2287 ) ) ;
#49 = DIRECTION ( 'NONE',  ( 0.000000000000000000, 1.000000000000000000, 0.000000000000000000 ) ) ;
#50 = VECTOR ( 'NONE', #3545, 1000.000000000000114 ) ;
#51 = AXIS2_PLACEMENT_3D ( 'NONE', #4241, #1956, #5326 ) ;
#52 = ADVANCED_FACE ( 'NONE', ( #4555 ), #97, .F. ) ;
#53 = VECTOR ( 'NONE', #4157, 1000.000000000000000 ) ;
#54 = DIRECTION ( 'NONE',  ( 0.000000000000000000, -1.000000000000000000, 0.000000000000000000 ) ) ;
#55 = LINE ( 'NONE', #5054, #2520 ) ;
#56 = CARTESIAN_POINT ( 'NONE',  ( 17.44999999998820783, 0.000000000000000000, 155.5000000000001705 ) ) ;
#57 = ORIENTED_EDGE ( 'NONE', *, *, #6177, .F. ) ;
#58 = ADVANCED_FACE ( 'NONE', ( #5534 ), #5060, .F. ) ;
#59 = DIRECTION ( 'NONE',  ( 0.000000000000000000, 1.000000000000000000, 0.000000000000000000 ) ) ;
#60 = CARTESIAN_POINT ( 'NONE',  ( -29.37500000000054712, 2.350000000000000089, 79.08797097907863360 ) ) ;
#61 = AXIS2_PLACEMENT_3D ( 'NONE', #3918, #2759, #5620 ) ;
#62 = EDGE_CURVE ( 'NONE', #6193, #2337, #5022, .T. ) ;
#63 = LINE ( 'NONE', #3478, #6644 ) ;
#64 = DIRECTION ( 'NONE',  ( 1.000000000000000000, 1.314184451497581259E-16, 0.000000000000000000 ) ) ;
#65 = EDGE_CURVE ( 'NONE', #665, #4800, #4014, .T. ) ;
#66 = VECTOR ( 'NONE', #5712, 1000.000000000000000 ) ;
#67 = DIRECTION ( 'NONE',  ( -0.000000000000000000, -1.000000000000000000, -0.000000000000000000 ) ) ;
#68 = CARTESIAN_POINT ( 'NONE',  ( -26.00112609145443443, 1.750000000000000000, 126.6000000000000227 ) ) ;
#69 = VERTEX_POINT ( 'NONE', #5136 ) ;
#70 = ORIENTED_EDGE ( 'NONE', *, *, #1586, .T. ) ;
#71 = CARTESIAN_POINT ( 'NONE',  ( 33.75000000000054712, 0.000000000000000000, 113.5000000000000142 ) ) ;
#72 = VERTEX_POINT ( 'NONE', #6653 ) ;
#73 = EDGE_CURVE ( 'NONE', #6929, #6349, #3399, .T. ) ;
#74 = DIRECTION ( 'NONE',  ( 0.3145145977190313968, 0.000000000000000000, -0.9492526364575637476 ) ) ;
#75 = CARTESIAN_POINT ( 'NONE',  ( -33.75000000000056843, 12.34999999999999964, 122.3259074277046210 ) ) ;
#76 = DIRECTION ( 'NONE',  ( 0.000000000000000000, 0.000000000000000000, -1.000000000000000000 ) ) ;
#77 = LINE ( 'NONE', #4971, #987 ) ;
#78 = CARTESIAN_POINT ( 'NONE',  ( 12.19999999998835882, 1.750000000000000000, 155.3000000000000114 ) ) ;
#79 = ORIENTED_EDGE ( 'NONE', *, *, #3098, .T. ) ;
#80 = ORIENTED_EDGE ( 'NONE', *, *, #559, .T. ) ;
#81 = LINE ( 'NONE', #2288, #6127 ) ;
#82 = ORIENTED_EDGE ( 'NONE', *, *, #1258, .F. ) ;
#83 = EDGE_CURVE ( 'NONE', #6871, #5759, #6763, .T. ) ;
#84 = VECTOR ( 'NONE', #6903, 1000.000000000000114 ) ;
#85 = DIRECTION ( 'NONE',  ( 0.000000000000000000, -1.807003620809174570E-17, 1.000000000000000000 ) ) ;
#86 =( NAMED_UNIT ( * ) PLANE_ANGLE_UNIT ( ) SI_UNIT ( $, .RADIAN. ) );
#87 = EDGE_LOOP ( 'NONE', ( #3950, #2257, #3625, #3385, #1044, #6250 ) ) ;
#88 = CARTESIAN_POINT ( 'NONE',  ( -32.20000000000054996, 4.850000000000000533, -0.000000000000000000 ) ) ;
#89 = VECTOR ( 'NONE', #3344, 1000.000000000000114 ) ;
#90 = ORIENTED_EDGE ( 'NONE', *, *, #2956, .T. ) ;
#91 = LINE ( 'NONE', #709, #3307 ) ;
#92 = CARTESIAN_POINT ( 'NONE',  ( 0.000000000000000000, -4.000000000000000000, 102.5499999999999545 ) ) ;
#93 = VECTOR ( 'NONE', #972, 1000.000000000000000 ) ;
#94 = CARTESIAN_POINT ( 'NONE',  ( -24.00000000000053291, 3.050000000000007372, -8.402566836762649503E-16 ) ) ;
#95 = ORIENTED_EDGE ( 'NONE', *, *, #4985, .F. ) ;
#96 = LINE ( 'NONE', #2159, #936 ) ;
#97 = PLANE ( 'NONE',  #6582 ) ;
#98 = ADVANCED_FACE ( 'NONE', ( #3903 ), #1801, .F. ) ;
#99 = VECTOR ( 'NONE', #6802, 1000.000000000000000 ) ;
#100 = CARTESIAN_POINT ( 'NONE',  ( 0.000000000000000000, 1.750000000000000000, 79.10000000000002274 ) ) ;
#101 = EDGE_CURVE ( 'NONE', #718, #6988, #1764, .T. ) ;
#102 = CARTESIAN_POINT ( 'NONE',  ( 13.57930174808957879, -2.000000000000000000, 122.0018057028501204 ) ) ;
#103 = ORIENTED_EDGE ( 'NONE', *, *, #504, .F. ) ;
#104 = VECTOR ( 'NONE', #3984, 999.9999999999998863 ) ;
#105 = LINE ( 'NONE', #4453, #5906 ) ;
#106 = ORIENTED_EDGE ( 'NONE', *, *, #3783, .T. ) ;
#107 = ORIENTED_EDGE ( 'NONE', *, *, #3919, .F. ) ;
#108 = LINE ( 'NONE', #2275, #6945 ) ;
#109 = EDGE_CURVE ( 'NONE', #4300, #308, #3869, .T. ) ;
#110 = ORIENTED_EDGE ( 'NONE', *, *, #4637, .F. ) ;
#111 = DIRECTION ( 'NONE',  ( -4.625929269271430694E-16, 0.000000000000000000, -1.000000000000000000 ) ) ;
#112 = EDGE_CURVE ( 'NONE', #272, #2792, #3476, .T. ) ;
#113 = DIRECTION ( 'NONE',  ( 0.7068211600042046960, 0.000000000000000000, 0.7073922870446852640 ) ) ;
#114 = VECTOR ( 'NONE', #5654, 1000.000000000000000 ) ;
#115 = DIRECTION ( 'NONE',  ( 0.000000000000000000, -0.7071067811865475727, 0.7071067811865475727 ) ) ;
#116 = LINE ( 'NONE', #5042, #5957 ) ;
#117 = AXIS2_PLACEMENT_3D ( 'NONE', #2349, #6232, #111 ) ;
#118 = LINE ( 'NONE', #5006, #4518 ) ;
#119 = ORIENTED_EDGE ( 'NONE', *, *, #6749, .F. ) ;
#120 = EDGE_CURVE ( 'NONE', #5483, #5324, #1182, .T. ) ;
#121 = VERTEX_POINT ( 'NONE', #3438 ) ;
#122 = VECTOR ( 'NONE', #3378, 1000.000000000000000 ) ;
#123 = PLANE ( 'NONE',  #1725 ) ;
#124 = ORIENTED_EDGE ( 'NONE', *, *, #65, .T. ) ;
#125 = VECTOR ( 'NONE', #5260, 1000.000000000000000 ) ;
#126 = DIRECTION ( 'NONE',  ( 0.000000000000000000, 0.000000000000000000, -1.000000000000000000 ) ) ;
#127 = ORIENTED_EDGE ( 'NONE', *, *, #2771, .T. ) ;
#128 = CARTESIAN_POINT ( 'NONE',  ( 0.000000000000000000, 0.000000000000000000, 130.1000000000000227 ) ) ;
#129 = EDGE_CURVE ( 'NONE', #1892, #5611, #677, .T. ) ;
#130 = CIRCLE ( 'NONE', #6034, 2.549999999977389908 ) ;
#131 = ORIENTED_EDGE ( 'NONE', *, *, #2552, .T. ) ;
#132 = DIRECTION ( 'NONE',  ( 0.000000000000000000, 1.000000000000000000, 0.000000000000000000 ) ) ;
#133 = DIRECTION ( 'NONE',  ( 0.000000000000000000, 0.7071067811865345831, 0.7071067811865604513 ) ) ;
#134 = LINE ( 'NONE', #2301, #3180 ) ;
#135 = ORIENTED_EDGE ( 'NONE', *, *, #6490, .F. ) ;
#136 = LINE ( 'NONE', #7134, #4284 ) ;
#137 = LINE ( 'NONE', #4591, #7058 ) ;
#138 = CARTESIAN_POINT ( 'NONE',  ( -22.34999999998811759, 0.7500000000000223155, 131.9500000000000171 ) ) ;
#139 = DIRECTION ( 'NONE',  ( 0.000000000000000000, 1.000000000000000000, 0.000000000000000000 ) ) ;
#140 = DIRECTION ( 'NONE',  ( -0.000000000000000000, -1.000000000000000000, -0.000000000000000000 ) ) ;
#141 = VERTEX_POINT ( 'NONE', #1254 ) ;
#142 = CARTESIAN_POINT ( 'NONE',  ( 25.35112609145436480, -0.2500000000000071609, 77.95112609145390081 ) ) ;
#143 = ORIENTED_EDGE ( 'NONE', *, *, #6402, .T. ) ;
#144 = ORIENTED_EDGE ( 'NONE', *, *, #6650, .F. ) ;
#145 = EDGE_CURVE ( 'NONE', #3880, #4784, #6079, .T. ) ;
#146 = EDGE_CURVE ( 'NONE', #5046, #5000, #715, .T. ) ;
#147 = CARTESIAN_POINT ( 'NONE',  ( 26.50000000000052935, 4.850000000000000533, 79.10000000000005116 ) ) ;
#148 = VERTEX_POINT ( 'NONE', #2415 ) ;
#149 = DIRECTION ( 'NONE',  ( -1.000000000000000000, 0.000000000000000000, 0.000000000000000000 ) ) ;
#150 = DIRECTION ( 'NONE',  ( 4.654101818143543497E-12, 0.000000000000000000, 1.000000000000000000 ) ) ;
#151 = DIRECTION ( 'NONE',  ( 0.000000000000000000, 1.000000000000000000, 0.000000000000000000 ) ) ;
#152 = DIRECTION ( 'NONE',  ( 1.000000000000000000, 0.000000000000000000, -5.826412960911244642E-13 ) ) ;
#153 = ORIENTED_EDGE ( 'NONE', *, *, #4148, .T. ) ;
#154 = EDGE_LOOP ( 'NONE', ( #4651, #1770, #5541, #1277 ) ) ;
#155 = EDGE_CURVE ( 'NONE', #6245, #953, #5657, .T. ) ;
#156 = FACE_OUTER_BOUND ( 'NONE', #6853, .T. ) ;
#157 = VERTEX_POINT ( 'NONE', #2450 ) ;
#158 = EDGE_CURVE ( 'NONE', #1038, #5762, #6294, .T. ) ;
#159 = PLANE ( 'NONE',  #5380 ) ;
#160 = EDGE_CURVE ( 'NONE', #756, #3417, #2818, .T. ) ;
#161 = DIRECTION ( 'NONE',  ( 0.000000000000000000, 1.000000000000000000, 0.000000000000000000 ) ) ;
#162 = ORIENTED_EDGE ( 'NONE', *, *, #4942, .T. ) ;
#163 = LINE ( 'NONE', #2364, #776 ) ;
#164 = ORIENTED_EDGE ( 'NONE', *, *, #3619, .T. ) ;
#165 = ORIENTED_EDGE ( 'NONE', *, *, #2989, .F. ) ;
#166 = ADVANCED_FACE ( 'NONE', ( #4592 ), #5079, .F. ) ;
#167 = FACE_OUTER_BOUND ( 'NONE', #6286, .T. ) ;
#168 = CARTESIAN_POINT ( 'NONE',  ( 0.000000000000000000, 6.850000000000000533, 0.000000000000000000 ) ) ;
#169 = CARTESIAN_POINT ( 'NONE',  ( 26.00112609145446996, 1.249999999999996447, 130.3000000000000398 ) ) ;
#170 = VERTEX_POINT ( 'NONE', #4125 ) ;
#171 = LINE ( 'NONE', #675, #6130 ) ;
#172 = CARTESIAN_POINT ( 'NONE',  ( 14.09698059334640341, 1.767678845280442168, 121.9961584787008775 ) ) ;
#173 = CARTESIAN_POINT ( 'NONE',  ( 26.00112609147810971, -4.000000000000000000, 110.1499999999999488 ) ) ;
#174 = VECTOR ( 'NONE', #5413, 1000.000000000000000 ) ;
#175 = AXIS2_PLACEMENT_3D ( 'NONE', #176, #4447, #2380 ) ;
#176 = CARTESIAN_POINT ( 'NONE',  ( -11.99999999998817479, 1.750000000000000000, 155.5000000000001705 ) ) ;
#177 = DIRECTION ( 'NONE',  ( -0.8660254037844381525, 0.000000000000000000, -0.5000000000000008882 ) ) ;
#178 = ORIENTED_EDGE ( 'NONE', *, *, #1527, .T. ) ;
#179 = VECTOR ( 'NONE', #3755, 1000.000000000000000 ) ;
#180 = CARTESIAN_POINT ( 'NONE',  ( 26.00112609145446640, 1.750000000000000000, 148.0463266998052632 ) ) ;
#181 = ORIENTED_EDGE ( 'NONE', *, *, #3081, .T. ) ;
#182 = ORIENTED_EDGE ( 'NONE', *, *, #2586, .T. ) ;
#183 = CARTESIAN_POINT ( 'NONE',  ( -29.37500000000054357, 12.34999999999999964, 125.0500000000000540 ) ) ;
#184 = ORIENTED_EDGE ( 'NONE', *, *, #1621, .F. ) ;
#185 = VECTOR ( 'NONE', #2247, 1000.000000000000000 ) ;
#186 = CARTESIAN_POINT ( 'NONE',  ( 12.94544686036411285, 1.750000000000000000, 128.5073436110711214 ) ) ;
#187 = CARTESIAN_POINT ( 'NONE',  ( 24.50112609087257809, -2.000000000000000000, -1.140307354860942610E-10 ) ) ;
#188 = CARTESIAN_POINT ( 'NONE',  ( -13.57930174806593016, 1.750000000000000000, 122.0018057028501204 ) ) ;
#189 = FACE_OUTER_BOUND ( 'NONE', #4466, .T. ) ;
#190 = LINE ( 'NONE', #6859, #5215 ) ;
#191 = ORIENTED_EDGE ( 'NONE', *, *, #4330, .F. ) ;
#192 = EDGE_LOOP ( 'NONE', ( #6070, #4770, #2171, #892 ) ) ;
#193 = DIRECTION ( 'NONE',  ( 0.000000000000000000, 0.000000000000000000, 1.000000000000000000 ) ) ;
#194 = ORIENTED_EDGE ( 'NONE', *, *, #201, .F. ) ;
#195 = DIRECTION ( 'NONE',  ( -1.000000000000000000, 0.000000000000000000, 0.000000000000000000 ) ) ;
#196 = EDGE_CURVE ( 'NONE', #2093, #5746, #3036, .T. ) ;
#197 = EDGE_CURVE ( 'NONE', #6521, #6679, #210, .T. ) ;
#198 = EDGE_LOOP ( 'NONE', ( #1717, #6284, #1913, #1988 ) ) ;
#199 = DIRECTION ( 'NONE',  ( -1.982541115402063729E-15, 0.000000000000000000, -1.000000000000000000 ) ) ;
#200 = VERTEX_POINT ( 'NONE', #6912 ) ;
#201 = EDGE_CURVE ( 'NONE', #4643, #3644, #5790, .T. ) ;
#202 = VECTOR ( 'NONE', #3612, 1000.000000000000000 ) ;
#203 = EDGE_LOOP ( 'NONE', ( #2983, #5119, #5967, #165 ) ) ;
#204 = DIRECTION ( 'NONE',  ( -0.000000000000000000, 1.000000000000000000, -0.000000000000000000 ) ) ;
#205 = ADVANCED_FACE ( 'NONE', ( #4629 ), #1366, .F. ) ;
#206 = CARTESIAN_POINT ( 'NONE',  ( 24.50000000000048317, -0.2500000000000071609, 77.10000000000002274 ) ) ;
#207 = EDGE_LOOP ( 'NONE', ( #832, #1082, #685, #4636, #1454, #7102, #5163, #5486, #4009, #7094 ) ) ;
#208 = CARTESIAN_POINT ( 'NONE',  ( 11.99999999998820854, 1.750000000000000000, 146.0000000000000000 ) ) ;
#209 = CARTESIAN_POINT ( 'NONE',  ( 12.49999999998820499, 0.000000000000000000, 125.7684116160548484 ) ) ;
#210 = LINE ( 'NONE', #4665, #447 ) ;
#211 = ADVANCED_FACE ( 'NONE', ( #5245 ), #2483, .F. ) ;
#212 = VECTOR ( 'NONE', #5695, 1000.000000000000000 ) ;
#213 = CARTESIAN_POINT ( 'NONE',  ( -32.20000000000052154, 6.850000000000000533, -0.000000000000000000 ) ) ;
#214 = FACE_OUTER_BOUND ( 'NONE', #2772, .T. ) ;
#215 = AXIS2_PLACEMENT_3D ( 'NONE', #5837, #6962, #834 ) ;
#216 = EDGE_LOOP ( 'NONE', ( #2943, #182, #3959, #1917 ) ) ;
#217 = CARTESIAN_POINT ( 'NONE',  ( 33.75000000000055422, 9.299999999999990052, 119.0500000000003098 ) ) ;
#218 = AXIS2_PLACEMENT_3D ( 'NONE', #2589, #4805, #2085 ) ;
#219 = ORIENTED_EDGE ( 'NONE', *, *, #557, .T. ) ;
#220 = ORIENTED_EDGE ( 'NONE', *, *, #3263, .T. ) ;
#221 = CARTESIAN_POINT ( 'NONE',  ( -12.19999999998832152, 1.750000000000000000, 155.3000000000000114 ) ) ;
#222 = ORIENTED_EDGE ( 'NONE', *, *, #4229, .T. ) ;
#223 = LINE ( 'NONE', #3953, #1620 ) ;
#224 = DIRECTION ( 'NONE',  ( -0.000000000000000000, -1.000000000000000000, -0.000000000000000000 ) ) ;
#225 = LINE ( 'NONE', #1890, #2291 ) ;
#226 = FACE_OUTER_BOUND ( 'NONE', #3750, .T. ) ;
#227 = DIRECTION ( 'NONE',  ( 0.000000000000000000, 1.000000000000000000, 0.000000000000000000 ) ) ;
#228 = ORIENTED_EDGE ( 'NONE', *, *, #2512, .F. ) ;
#229 = ORIENTED_EDGE ( 'NONE', *, *, #5708, .T. ) ;
#230 = DIRECTION ( 'NONE',  ( -0.8660254037844380415, 0.000000000000000000, 0.5000000000000009992 ) ) ;
#231 = VERTEX_POINT ( 'NONE', #4702 ) ;
#232 = AXIS2_PLACEMENT_3D ( 'NONE', #4033, #6784, #3995 ) ;
#233 = CARTESIAN_POINT ( 'NONE',  ( -29.37500000000054357, 12.34999999999999964, 123.5000000000000568 ) ) ;
#234 = VECTOR ( 'NONE', #2338, 1000.000000000000000 ) ;
#235 = VECTOR ( 'NONE', #4930, 1000.000000000000000 ) ;
#236 = DIRECTION ( 'NONE',  ( 0.8660254037844383745, 0.000000000000000000, -0.5000000000000004441 ) ) ;
#237 = ORIENTED_EDGE ( 'NONE', *, *, #743, .T. ) ;
#238 = EDGE_CURVE ( 'NONE', #505, #4859, #5893, .T. ) ;
#239 = VECTOR ( 'NONE', #5733, 999.9999999999998863 ) ;
#240 = VERTEX_POINT ( 'NONE', #6369 ) ;
#241 = LINE ( 'NONE', #3030, #1678 ) ;
#242 = FACE_OUTER_BOUND ( 'NONE', #4718, .T. ) ;
#243 = VERTEX_POINT ( 'NONE', #3070 ) ;
#244 = VECTOR ( 'NONE', #3005, 1000.000000000000000 ) ;
#245 = LINE ( 'NONE', #6872, #2408 ) ;
#246 = FACE_OUTER_BOUND ( 'NONE', #6785, .T. ) ;
#247 = DIRECTION ( 'NONE',  ( -0.000000000000000000, -1.000000000000000000, 0.000000000000000000 ) ) ;
#248 = EDGE_CURVE ( 'NONE', #2124, #4827, #6259, .T. ) ;
#249 = CARTESIAN_POINT ( 'NONE',  ( -10.20430174806592838, -4.000000000000000000, 154.0000000000000853 ) ) ;
#250 = CARTESIAN_POINT ( 'NONE',  ( -12.59175071684174085, 1.750000000000000000, 128.1539330310690445 ) ) ;
#251 = EDGE_CURVE ( 'NONE', #1536, #2871, #1434, .T. ) ;
#252 = ORIENTED_EDGE ( 'NONE', *, *, #6490, .T. ) ;
#253 = EDGE_CURVE ( 'NONE', #5835, #2537, #314, .T. ) ;
#254 = DIRECTION ( 'NONE',  ( 0.000000000000000000, 0.000000000000000000, -1.000000000000000000 ) ) ;
#255 = VERTEX_POINT ( 'NONE', #1982 ) ;
#256 = VERTEX_POINT ( 'NONE', #4197 ) ;
#257 = VERTEX_POINT ( 'NONE', #3512 ) ;
#258 = DIRECTION ( 'NONE',  ( 0.000000000000000000, 0.000000000000000000, -1.000000000000000000 ) ) ;
#259 = PLANE ( 'NONE',  #5189 ) ;
#260 = LINE ( 'NONE', #2464, #2173 ) ;
#261 = CARTESIAN_POINT ( 'NONE',  ( -16.44999999998816165, 0.000000000000000000, 154.5000000000001705 ) ) ;
#262 = VERTEX_POINT ( 'NONE', #6401 ) ;
#263 = ORIENTED_EDGE ( 'NONE', *, *, #3614, .F. ) ;
#264 = DIRECTION ( 'NONE',  ( -1.000000000000000000, 0.000000000000000000, 0.000000000000000000 ) ) ;
#265 = ORIENTED_EDGE ( 'NONE', *, *, #5422, .T. ) ;
#266 = DIRECTION ( 'NONE',  ( 0.000000000000000000, 0.000000000000000000, -1.000000000000000000 ) ) ;
#267 = FACE_OUTER_BOUND ( 'NONE', #2238, .T. ) ;
#268 = DIRECTION ( 'NONE',  ( 0.000000000000000000, 0.000000000000000000, -1.000000000000000000 ) ) ;
#269 = ORIENTED_EDGE ( 'NONE', *, *, #851, .F. ) ;
#270 = DIRECTION ( 'NONE',  ( 0.8660254037844455910, 0.000000000000000000, -0.4999999999999880651 ) ) ;
#271 = CARTESIAN_POINT ( 'NONE',  ( -82.18035991077533708, 12.34999999999999964, 44.65312661953785778 ) ) ;
#272 = VERTEX_POINT ( 'NONE', #173 ) ;
#273 = DIRECTION ( 'NONE',  ( 0.000000000000000000, -0.000000000000000000, -1.000000000000000000 ) ) ;
#274 = PLANE ( 'NONE',  #1867 ) ;
#275 = DIRECTION ( 'NONE',  ( 0.000000000000000000, 0.000000000000000000, -1.000000000000000000 ) ) ;
#276 = LINE ( 'NONE', #315, #1668 ) ;
#277 = DIRECTION ( 'NONE',  ( 0.7068211600042046960, 0.000000000000000000, 0.7073922870446852640 ) ) ;
#278 = EDGE_CURVE ( 'NONE', #1710, #1264, #2964, .T. ) ;
#279 = ORIENTED_EDGE ( 'NONE', *, *, #542, .F. ) ;
#280 = FACE_OUTER_BOUND ( 'NONE', #1639, .T. ) ;
#281 = VECTOR ( 'NONE', #2090, 1000.000000000000000 ) ;
#282 = VERTEX_POINT ( 'NONE', #1294 ) ;
#283 = AXIS2_PLACEMENT_3D ( 'NONE', #4344, #5536, #1519 ) ;
#284 = VERTEX_POINT ( 'NONE', #2378 ) ;
#285 = EDGE_LOOP ( 'NONE', ( #5750, #2636 ) ) ;
#286 = EDGE_CURVE ( 'NONE', #295, #3967, #1839, .T. ) ;
#287 = EDGE_CURVE ( 'NONE', #4991, #646, #1709, .T. ) ;
#288 = PLANE ( 'NONE',  #5788 ) ;
#289 = DIRECTION ( 'NONE',  ( -0.4999999999999880096, 0.000000000000000000, 0.8660254037844455910 ) ) ;
#290 = CIRCLE ( 'NONE', #1909, 3.099999999999991651 ) ;
#291 = AXIS2_PLACEMENT_3D ( 'NONE', #5963, #4941, #4836 ) ;
#292 = DIRECTION ( 'NONE',  ( -0.5002018831283576716, -0.7071067811865491270, -0.4997980353251126884 ) ) ;
#293 = DIRECTION ( 'NONE',  ( -0.8660254037844399289, 0.000000000000000000, -0.4999999999999978351 ) ) ;
#294 = PLANE ( 'NONE',  #582 ) ;
#295 = VERTEX_POINT ( 'NONE', #4263 ) ;
#296 = ORIENTED_EDGE ( 'NONE', *, *, #1843, .F. ) ;
#297 = FACE_BOUND ( 'NONE', #4212, .T. ) ;
#298 = ORIENTED_EDGE ( 'NONE', *, *, #4483, .T. ) ;
#299 = EDGE_CURVE ( 'NONE', #157, #69, #1255, .T. ) ;
#300 = AXIS2_PLACEMENT_3D ( 'NONE', #4356, #6971, #3134 ) ;
#301 = FACE_OUTER_BOUND ( 'NONE', #935, .T. ) ;
#302 = LINE ( 'NONE', #7042, #5525 ) ;
#303 = PLANE ( 'NONE',  #3424 ) ;
#304 = AXIS2_PLACEMENT_3D ( 'NONE', #4951, #3325, #568 ) ;
#305 = DIRECTION ( 'NONE',  ( 1.933235146104446702E-16, -0.000000000000000000, 1.000000000000000000 ) ) ;
#306 = ORIENTED_EDGE ( 'NONE', *, *, #1658, .T. ) ;
#307 = ADVANCED_FACE ( 'NONE', ( #3728 ), #1166, .F. ) ;
#308 = VERTEX_POINT ( 'NONE', #3856 ) ;
#309 = CARTESIAN_POINT ( 'NONE',  ( 44.53117168668730130, 12.34999999999999964, 77.13025188191750203 ) ) ;
#310 = CARTESIAN_POINT ( 'NONE',  ( 3.358391833210486954, 0.000000000000000000, 150.5000000000000000 ) ) ;
#311 = ORIENTED_EDGE ( 'NONE', *, *, #2935, .F. ) ;
#312 = CARTESIAN_POINT ( 'NONE',  ( 0.000000000000000000, 12.34999999999999964, 155.3000000000000114 ) ) ;
#313 = DIRECTION ( 'NONE',  ( 0.000000000000000000, 0.000000000000000000, 1.000000000000000000 ) ) ;
#314 = LINE ( 'NONE', #6951, #2766 ) ;
#315 = CARTESIAN_POINT ( 'NONE',  ( 32.20000000000054996, 6.850000000000000533, 0.000000000000000000 ) ) ;
#316 = CARTESIAN_POINT ( 'NONE',  ( -48.21698837162205820, 2.350000000000000089, 83.51427364760644423 ) ) ;
#317 = VECTOR ( 'NONE', #408, 1000.000000000000000 ) ;
#318 = ORIENTED_EDGE ( 'NONE', *, *, #83, .F. ) ;
#319 = CYLINDRICAL_SURFACE ( 'NONE', #4984, 1.549999999999995826 ) ;
#320 = VERTEX_POINT ( 'NONE', #1673 ) ;
#321 = ORIENTED_EDGE ( 'NONE', *, *, #3920, .F. ) ;
#322 = EDGE_LOOP ( 'NONE', ( #1927, #2675, #162, #2727, #6878 ) ) ;
#323 = CIRCLE ( 'NONE', #1124, 1.549999999999995826 ) ;
#324 = ADVANCED_FACE ( 'NONE', ( #1468 ), #4396, .T. ) ;
#325 = DIRECTION ( 'NONE',  ( 1.000000000000000000, -0.000000000000000000, -0.000000000000000000 ) ) ;
#326 = DIRECTION ( 'NONE',  ( -1.933235146104446702E-16, 0.000000000000000000, -1.000000000000000000 ) ) ;
#327 = DIRECTION ( 'NONE',  ( -0.8660254037844455910, 0.000000000000000000, -0.4999999999999880651 ) ) ;
#328 = VECTOR ( 'NONE', #1627, 1000.000000000000000 ) ;
#329 = ADVANCED_FACE ( 'NONE', ( #6100 ), #5482, .T. ) ;
#330 = DIRECTION ( 'NONE',  ( 0.000000000000000000, -0.000000000000000000, -1.000000000000000000 ) ) ;
#331 = ORIENTED_EDGE ( 'NONE', *, *, #2680, .F. ) ;
#332 = ORIENTED_EDGE ( 'NONE', *, *, #5369, .F. ) ;
#333 = LINE ( 'NONE', #4759, #5663 ) ;
#334 = EDGE_LOOP ( 'NONE', ( #2419, #934, #3250, #2355 ) ) ;
#335 = ADVANCED_FACE ( 'NONE', ( #4977 ), #1130, .T. ) ;
#336 = DIRECTION ( 'NONE',  ( -0.7071067811865493491, -0.000000000000000000, 0.7071067811865456854 ) ) ;
#337 = VECTOR ( 'NONE', #6221, 1000.000000000000000 ) ;
#338 = DIRECTION ( 'NONE',  ( 0.000000000000000000, 0.000000000000000000, -1.000000000000000000 ) ) ;
#339 = CARTESIAN_POINT ( 'NONE',  ( 26.50000000000054001, 12.34999999999999964, 119.8000000000000398 ) ) ;
#340 = EDGE_CURVE ( 'NONE', #2571, #521, #2296, .T. ) ;
#341 = DIRECTION ( 'NONE',  ( -0.000000000000000000, -1.000000000000000000, -0.000000000000000000 ) ) ;
#342 = AXIS2_PLACEMENT_3D ( 'NONE', #3672, #264, #1929 ) ;
#343 = VERTEX_POINT ( 'NONE', #5518 ) ;
#344 = ORIENTED_EDGE ( 'NONE', *, *, #5514, .F. ) ;
#345 = LINE ( 'NONE', #5782, #4576 ) ;
#346 = AXIS2_PLACEMENT_3D ( 'NONE', #183, #2861, #2386 ) ;
#347 = EDGE_CURVE ( 'NONE', #779, #1239, #4467, .T. ) ;
#348 = DIRECTION ( 'NONE',  ( -0.000000000000000000, -1.000000000000000000, -0.000000000000000000 ) ) ;
#349 = EDGE_LOOP ( 'NONE', ( #4695, #44, #3279, #5133 ) ) ;
#350 = LINE ( 'NONE', #886, #3687 ) ;
#351 = VECTOR ( 'NONE', #5209, 1000.000000000000000 ) ;
#352 = LINE ( 'NONE', #2558, #1146 ) ;
#353 = DIRECTION ( 'NONE',  ( 1.000000000000000000, 0.000000000000000000, 0.000000000000000000 ) ) ;
#354 = CARTESIAN_POINT ( 'NONE',  ( 11.84871062256329033, -2.000000000000000000, 77.10000000000002274 ) ) ;
#355 = CIRCLE ( 'NONE', #6374, 2.549999999977389908 ) ;
#356 = ORIENTED_EDGE ( 'NONE', *, *, #3406, .T. ) ;
#357 = CARTESIAN_POINT ( 'NONE',  ( 0.000000000000000000, 12.34999999999999964, 155.3000000000000114 ) ) ;
#358 = ORIENTED_EDGE ( 'NONE', *, *, #3840, .F. ) ;
#359 = EDGE_LOOP ( 'NONE', ( #3969, #3356, #3189, #1129 ) ) ;
#360 = AXIS2_PLACEMENT_3D ( 'NONE', #390, #3077, #5287 ) ;
#361 = ORIENTED_EDGE ( 'NONE', *, *, #6234, .F. ) ;
#362 = DIRECTION ( 'NONE',  ( 0.000000000000000000, -1.000000000000000000, 0.000000000000000000 ) ) ;
#363 = DIRECTION ( 'NONE',  ( 0.5002018831283637779, -0.7071067811865390240, 0.4997980353251209595 ) ) ;
#364 = CARTESIAN_POINT ( 'NONE',  ( -24.00000000000053291, 3.049999999999998046, 115.9000000000000341 ) ) ;
#365 = EDGE_CURVE ( 'NONE', #5310, #6499, #7017, .T. ) ;
#366 = CARTESIAN_POINT ( 'NONE',  ( -29.37500000000056133, 4.850000000000000533, 121.7879709790787217 ) ) ;
#367 = ORIENTED_EDGE ( 'NONE', *, *, #6984, .F. ) ;
#368 = VERTEX_POINT ( 'NONE', #554 ) ;
#369 = FACE_BOUND ( 'NONE', #3281, .T. ) ;
#370 = VERTEX_POINT ( 'NONE', #5933 ) ;
#371 = VECTOR ( 'NONE', #3479, 1000.000000000000000 ) ;
#372 = CARTESIAN_POINT ( 'NONE',  ( 29.37500000000056133, 4.850000000000000533, 79.08797097907860518 ) ) ;
#373 = DIRECTION ( 'NONE',  ( 0.000000000000000000, -1.000000000000000000, 0.000000000000000000 ) ) ;
#374 = PLANE ( 'NONE',  #1103 ) ;
#375 = EDGE_CURVE ( 'NONE', #1362, #2328, #3689, .T. ) ;
#376 = CARTESIAN_POINT ( 'NONE',  ( -10.20430174801494339, -2.000000000000000000, 122.0018057028560321 ) ) ;
#377 = VERTEX_POINT ( 'NONE', #13 ) ;
#378 = ADVANCED_FACE ( 'NONE', ( #7147 ), #2218, .F. ) ;
#379 = EDGE_CURVE ( 'NONE', #2911, #6990, #2773, .T. ) ;
#380 = ORIENTED_EDGE ( 'NONE', *, *, #2619, .T. ) ;
#381 = CARTESIAN_POINT ( 'NONE',  ( 22.70000000001184759, -2.000000000000000000, 110.1499999999999488 ) ) ;
#382 = DIRECTION ( 'NONE',  ( -1.000000000000000000, 0.000000000000000000, 1.933235146104446949E-16 ) ) ;
#383 = VERTEX_POINT ( 'NONE', #928 ) ;
#384 = DIRECTION ( 'NONE',  ( 0.7071067811865451302, 0.000000000000000000, 0.7071067811865500152 ) ) ;
#385 = CARTESIAN_POINT ( 'NONE',  ( -25.96794506599970731, 1.750000000000000000, 141.5320549339887179 ) ) ;
#386 = EDGE_CURVE ( 'NONE', #5760, #282, #352, .T. ) ;
#387 = FACE_OUTER_BOUND ( 'NONE', #5365, .T. ) ;
#388 = CARTESIAN_POINT ( 'NONE',  ( 15.59999999998820996, 0.000000000000000000, 154.0000000000000853 ) ) ;
#389 = ORIENTED_EDGE ( 'NONE', *, *, #4855, .F. ) ;
#390 = CARTESIAN_POINT ( 'NONE',  ( 26.50000000000050804, 12.34999999999999964, -6.912807836599439155E-15 ) ) ;
#391 = ORIENTED_EDGE ( 'NONE', *, *, #5863, .F. ) ;
#392 = ORIENTED_EDGE ( 'NONE', *, *, #701, .T. ) ;
#393 = ORIENTED_EDGE ( 'NONE', *, *, #7021, .F. ) ;
#394 = EDGE_CURVE ( 'NONE', #3825, #320, #6983, .T. ) ;
#395 = LINE ( 'NONE', #3665, #1267 ) ;
#396 = CARTESIAN_POINT ( 'NONE',  ( -10.20430174801493806, 1.000000000000000888, 82.35000000000002274 ) ) ;
#397 = CARTESIAN_POINT ( 'NONE',  ( 32.20000000000057128, 6.850000000000000533, 0.000000000000000000 ) ) ;
#398 = VECTOR ( 'NONE', #3217, 1000.000000000000000 ) ;
#399 = LINE ( 'NONE', #3161, #4055 ) ;
#400 = ORIENTED_EDGE ( 'NONE', *, *, #3803, .T. ) ;
#401 = ORIENTED_EDGE ( 'NONE', *, *, #2461, .T. ) ;
#402 = LINE ( 'NONE', #3606, #572 ) ;
#403 = ORIENTED_EDGE ( 'NONE', *, *, #62, .T. ) ;
#404 = VECTOR ( 'NONE', #4506, 1000.000000000000114 ) ;
#405 = CARTESIAN_POINT ( 'NONE',  ( 0.000000000000000000, 6.850000000000000533, 0.000000000000000000 ) ) ;
#406 = DIRECTION ( 'NONE',  ( -0.000000000000000000, -1.000000000000000000, -0.000000000000000000 ) ) ;
#407 = CARTESIAN_POINT ( 'NONE',  ( -16.89999999998816449, 0.7499999999999729106, 98.40000000000001990 ) ) ;
#408 = DIRECTION ( 'NONE',  ( 0.000000000000000000, 1.000000000000000000, 0.000000000000000000 ) ) ;
#409 = AXIS2_PLACEMENT_3D ( 'NONE', #1777, #3991, #6165 ) ;
#410 = ORIENTED_EDGE ( 'NONE', *, *, #3086, .F. ) ;
#411 = EDGE_CURVE ( 'NONE', #4600, #1722, #6435, .T. ) ;
#412 = ORIENTED_EDGE ( 'NONE', *, *, #1960, .T. ) ;
#413 = VECTOR ( 'NONE', #923, 1000.000000000000000 ) ;
#414 = CARTESIAN_POINT ( 'NONE',  ( -26.50000000000052935, 4.850000000000000533, 119.8000000000000398 ) ) ;
#415 = CARTESIAN_POINT ( 'NONE',  ( 26.00112609145445575, -4.000000000000000000, 125.7684116160547632 ) ) ;
#416 = EDGE_LOOP ( 'NONE', ( #6524, #4849, #3207, #3233 ) ) ;
#417 = DIRECTION ( 'NONE',  ( 0.000000000000000000, 1.000000000000000000, 0.000000000000000000 ) ) ;
#418 = ADVANCED_FACE ( 'NONE', ( #156 ), #5661, .T. ) ;
#419 = ADVANCED_FACE ( 'NONE', ( #4652 ), #4573, .F. ) ;
#420 = PLANE ( 'NONE',  #1561 ) ;
#421 = CARTESIAN_POINT ( 'NONE',  ( -26.90234600082408534, 6.850000000000000533, 46.59623011622493749 ) ) ;
#422 = CARTESIAN_POINT ( 'NONE',  ( 11.85128183536066970, 1.249999999999999334, 82.35000000000002274 ) ) ;
#423 = ORIENTED_EDGE ( 'NONE', *, *, #5210, .F. ) ;
#424 = EDGE_CURVE ( 'NONE', #5553, #6813, #6240, .T. ) ;
#425 = DIRECTION ( 'NONE',  ( 0.000000000000000000, 0.000000000000000000, 1.000000000000000000 ) ) ;
#426 = ORIENTED_EDGE ( 'NONE', *, *, #5791, .T. ) ;
#427 = ORIENTED_EDGE ( 'NONE', *, *, #5284, .T. ) ;
#428 = VECTOR ( 'NONE', #6247, 1000.000000000000000 ) ;
#429 = DIRECTION ( 'NONE',  ( 0.000000000000000000, -1.000000000000000000, 0.000000000000000000 ) ) ;
#430 = CARTESIAN_POINT ( 'NONE',  ( -15.59999999998816911, -4.000000000000000000, 154.0000000000000853 ) ) ;
#431 = FACE_OUTER_BOUND ( 'NONE', #1043, .T. ) ;
#432 = EDGE_CURVE ( 'NONE', #1056, #4206, #3357, .T. ) ;
#433 = FACE_OUTER_BOUND ( 'NONE', #2925, .T. ) ;
#434 = VECTOR ( 'NONE', #1459, 1000.000000000000000 ) ;
#435 = ORIENTED_EDGE ( 'NONE', *, *, #3586, .T. ) ;
#436 = ORIENTED_EDGE ( 'NONE', *, *, #4268, .F. ) ;
#437 = PLANE ( 'NONE',  #1720 ) ;
#438 = EDGE_LOOP ( 'NONE', ( #1900, #4260, #3458, #4860 ) ) ;
#439 = DIRECTION ( 'NONE',  ( -1.000000000000000000, 0.000000000000000000, -0.000000000000000000 ) ) ;
#440 = VECTOR ( 'NONE', #2164, 1000.000000000000114 ) ;
#441 = FACE_OUTER_BOUND ( 'NONE', #7112, .T. ) ;
#442 = PLANE ( 'NONE',  #6654 ) ;
#443 = VECTOR ( 'NONE', #5466, 1000.000000000000000 ) ;
#444 = CARTESIAN_POINT ( 'NONE',  ( 26.00112609147809906, -2.000000000000000000, 122.0018057028560321 ) ) ;
#445 = ORIENTED_EDGE ( 'NONE', *, *, #1412, .F. ) ;
#446 = EDGE_LOOP ( 'NONE', ( #1054, #6783, #2051, #4541 ) ) ;
#447 = VECTOR ( 'NONE', #1875, 1000.000000000000114 ) ;
#448 = ORIENTED_EDGE ( 'NONE', *, *, #4405, .F. ) ;
#449 = FACE_OUTER_BOUND ( 'NONE', #483, .T. ) ;
#450 = CARTESIAN_POINT ( 'NONE',  ( -26.00112609145444154, -2.000000000000000000, 122.0018057028560321 ) ) ;
#451 = ORIENTED_EDGE ( 'NONE', *, *, #1809, .T. ) ;
#452 = VECTOR ( 'NONE', #1525, 1000.000000000000000 ) ;
#453 = FACE_OUTER_BOUND ( 'NONE', #2259, .T. ) ;
#454 = EDGE_CURVE ( 'NONE', #4206, #1056, #6826, .T. ) ;
#455 = VECTOR ( 'NONE', #3608, 1000.000000000000000 ) ;
#456 = CARTESIAN_POINT ( 'NONE',  ( -7.499999999988182786, 1.750000000000000000, 163.0000000000001421 ) ) ;
#457 = LINE ( 'NONE', #5494, #5182 ) ;
#458 = PLANE ( 'NONE',  #4909 ) ;
#459 = ORIENTED_EDGE ( 'NONE', *, *, #5468, .F. ) ;
#460 = VECTOR ( 'NONE', #538, 1000.000000000000000 ) ;
#461 = ADVANCED_FACE ( 'NONE', ( #6169 ), #699, .F. ) ;
#462 = VECTOR ( 'NONE', #762, 1000.000000000000000 ) ;
#463 = LINE ( 'NONE', #3695, #6144 ) ;
#464 = ORIENTED_EDGE ( 'NONE', *, *, #5588, .T. ) ;
#465 = ORIENTED_EDGE ( 'NONE', *, *, #2948, .T. ) ;
#466 = AXIS2_PLACEMENT_3D ( 'NONE', #1638, #3854, #916 ) ;
#467 = EDGE_CURVE ( 'NONE', #2648, #4300, #2396, .T. ) ;
#468 = CARTESIAN_POINT ( 'NONE',  ( 0.000000000000000000, -4.000000000000000000, 110.1499999999999488 ) ) ;
#469 = DIRECTION ( 'NONE',  ( -0.000000000000000000, 1.000000000000000000, -0.000000000000000000 ) ) ;
#470 = ADVANCED_FACE ( 'NONE', ( #5120 ), #2982, .F. ) ;
#471 = CARTESIAN_POINT ( 'NONE',  ( -23.41819294280464447, 12.34999999999999964, 152.8000000000000114 ) ) ;
#472 = VECTOR ( 'NONE', #2897, 1000.000000000000000 ) ;
#473 = DIRECTION ( 'NONE',  ( -1.000000000000000000, -0.000000000000000000, 0.000000000000000000 ) ) ;
#474 = ORIENTED_EDGE ( 'NONE', *, *, #5874, .F. ) ;
#475 = ORIENTED_EDGE ( 'NONE', *, *, #5594, .T. ) ;
#476 = CARTESIAN_POINT ( 'NONE',  ( 24.00000000000054001, 3.350000000000000089, 113.5000000000000142 ) ) ;
#477 = ORIENTED_EDGE ( 'NONE', *, *, #4229, .F. ) ;
#478 = EDGE_CURVE ( 'NONE', #5808, #1056, #4503, .T. ) ;
#479 = DIRECTION ( 'NONE',  ( -0.000000000000000000, -1.000000000000000000, 0.000000000000000000 ) ) ;
#480 = PLANE ( 'NONE',  #1944 ) ;
#481 = FACE_OUTER_BOUND ( 'NONE', #6535, .T. ) ;
#482 = LINE ( 'NONE', #5370, #317 ) ;
#483 = EDGE_LOOP ( 'NONE', ( #2019, #1973, #863, #1175, #436, #3443 ) ) ;
#484 = ORIENTED_EDGE ( 'NONE', *, *, #2398, .F. ) ;
#485 = ORIENTED_EDGE ( 'NONE', *, *, #1531, .T. ) ;
#486 = DIRECTION ( 'NONE',  ( 0.000000000000000000, -1.000000000000000000, 0.000000000000000000 ) ) ;
#487 = CARTESIAN_POINT ( 'NONE',  ( 39.80305372546805387, -2.000000000000000000, 92.40305372546744422 ) ) ;
#488 = ORIENTED_EDGE ( 'NONE', *, *, #4841, .F. ) ;
#489 = FACE_OUTER_BOUND ( 'NONE', #6895, .T. ) ;
#490 = DIRECTION ( 'NONE',  ( 0.000000000000000000, 1.084202172485504187E-16, -1.000000000000000000 ) ) ;
#491 = DIRECTION ( 'NONE',  ( -0.000000000000000000, 1.000000000000000000, -0.000000000000000000 ) ) ;
#492 = CARTESIAN_POINT ( 'NONE',  ( -24.00000000000053291, 3.050000000000000266, 91.90000000000001990 ) ) ;
#493 = ORIENTED_EDGE ( 'NONE', *, *, #5829, .T. ) ;
#494 = CARTESIAN_POINT ( 'NONE',  ( -16.89999999998816449, 53.23340376863964707, 98.40000000000001990 ) ) ;
#495 = ORIENTED_EDGE ( 'NONE', *, *, #1840, .F. ) ;
#496 = ORIENTED_EDGE ( 'NONE', *, *, #5266, .T. ) ;
#497 = LINE ( 'NONE', #2677, #5492 ) ;
#498 = EDGE_CURVE ( 'NONE', #6442, #6300, #2946, .T. ) ;
#499 = LINE ( 'NONE', #2820, #6588 ) ;
#500 = DIRECTION ( 'NONE',  ( 1.000000000000000000, -0.000000000000000000, 0.000000000000000000 ) ) ;
#501 = CARTESIAN_POINT ( 'NONE',  ( 17.44999999998821139, 0.000000000000000000, 156.6000000000001933 ) ) ;
#502 = LINE ( 'NONE', #2714, #6603 ) ;
#503 = EDGE_LOOP ( 'NONE', ( #5519, #7022, #4332, #3940, #3556, #7121, #6175, #6091, #6698, #6032, #5363, #318, #6955, #2253, #4064, #6432, #3617, #2565, #2898 ) ) ;
#504 = EDGE_CURVE ( 'NONE', #141, #5311, #6206, .T. ) ;
#505 = VERTEX_POINT ( 'NONE', #3531 ) ;
#506 = CARTESIAN_POINT ( 'NONE',  ( 14.20092382581301926, 1.750000000000000000, 124.7028564555156720 ) ) ;
#507 = EDGE_CURVE ( 'NONE', #4402, #4719, #4612, .T. ) ;
#508 = ORIENTED_EDGE ( 'NONE', *, *, #4942, .F. ) ;
#509 = EDGE_CURVE ( 'NONE', #6338, #1892, #2077, .T. ) ;
#510 = CARTESIAN_POINT ( 'NONE',  ( 22.34999999998815312, 0.7500000000000084377, 133.5000000000000000 ) ) ;
#511 = LINE ( 'NONE', #3310, #89 ) ;
#512 = CARTESIAN_POINT ( 'NONE',  ( -26.00112609147803866, -2.000000000000000000, 130.1000000000000227 ) ) ;
#513 = CARTESIAN_POINT ( 'NONE',  ( -14.59999999998812292, 1.750000000000000000, 133.5000000000000000 ) ) ;
#514 = VERTEX_POINT ( 'NONE', #4075 ) ;
#515 = EDGE_CURVE ( 'NONE', #4272, #170, #3419, .T. ) ;
#516 = CARTESIAN_POINT ( 'NONE',  ( 24.50112609087257809, -7.290692563079559818, -1.140307354860942610E-10 ) ) ;
#517 = AXIS2_PLACEMENT_3D ( 'NONE', #2373, #4008, #6111 ) ;
#518 = EDGE_LOOP ( 'NONE', ( #6920, #4257 ) ) ;
#519 = CIRCLE ( 'NONE', #1788, 1.549999999999995826 ) ;
#520 = CARTESIAN_POINT ( 'NONE',  ( 26.04152931588985354, 4.850000000000000533, 45.10525188191666501 ) ) ;
#521 = VERTEX_POINT ( 'NONE', #2437 ) ;
#522 = LINE ( 'NONE', #5999, #980 ) ;
#523 = DIRECTION ( 'NONE',  ( 0.000000000000000000, 0.000000000000000000, 1.000000000000000000 ) ) ;
#524 = VECTOR ( 'NONE', #5487, 1000.000000000000114 ) ;
#525 = EDGE_LOOP ( 'NONE', ( #7130, #2122, #4219, #3053 ) ) ;
#526 = CARTESIAN_POINT ( 'NONE',  ( -12.94544686036408088, 1.750000000000000000, 128.5073436110711214 ) ) ;
#527 = EDGE_CURVE ( 'NONE', #5576, #3541, #4044, .T. ) ;
#528 = VECTOR ( 'NONE', #2510, 1000.000000000000000 ) ;
#529 = FACE_BOUND ( 'NONE', #6905, .T. ) ;
#530 = CARTESIAN_POINT ( 'NONE',  ( 26.00112609145445219, 7.299999999999990052, 121.0500000000000966 ) ) ;
#531 = DIRECTION ( 'NONE',  ( 1.000000000000000000, -0.000000000000000000, 0.000000000000000000 ) ) ;
#532 = ORIENTED_EDGE ( 'NONE', *, *, #7064, .F. ) ;
#533 = FACE_OUTER_BOUND ( 'NONE', #2455, .T. ) ;
#534 = EDGE_LOOP ( 'NONE', ( #4141, #1559, #4307, #5719 ) ) ;
#535 = CARTESIAN_POINT ( 'NONE',  ( 11.84871062256327434, 53.23340376863964707, 82.29110954162827340 ) ) ;
#536 = CARTESIAN_POINT ( 'NONE',  ( -26.04152931588985354, 4.850000000000000533, 45.10525188191666501 ) ) ;
#537 = FACE_OUTER_BOUND ( 'NONE', #3097, .T. ) ;
#538 = DIRECTION ( 'NONE',  ( -4.605534839456756886E-16, -0.000000000000000000, 1.000000000000000000 ) ) ;
#539 = CARTESIAN_POINT ( 'NONE',  ( -29.37500000000054357, 4.850000000000000533, 82.35000000000000853 ) ) ;
#540 = ORIENTED_EDGE ( 'NONE', *, *, #3042, .T. ) ;
#541 = ORIENTED_EDGE ( 'NONE', *, *, #5594, .F. ) ;
#542 = EDGE_CURVE ( 'NONE', #7061, #1679, #81, .T. ) ;
#543 = LINE ( 'NONE', #4894, #807 ) ;
#544 = ORIENTED_EDGE ( 'NONE', *, *, #515, .F. ) ;
#545 = CONICAL_SURFACE ( 'NONE', #1469, 3.874999999999989342, 0.7853981633974473908 ) ;
#546 = LINE ( 'NONE', #584, #2661 ) ;
#547 = FACE_OUTER_BOUND ( 'NONE', #6909, .T. ) ;
#548 = CARTESIAN_POINT ( 'NONE',  ( 25.35112609145444651, 9.299999999999990052, 119.0500000000003098 ) ) ;
#549 = ADVANCED_FACE ( 'NONE', ( #2873 ), #123, .F. ) ;
#550 = VECTOR ( 'NONE', #2543, 1000.000000000000000 ) ;
#551 = CARTESIAN_POINT ( 'NONE',  ( 12.59175071684177816, -2.000000000000000000, 128.1539330310690445 ) ) ;
#552 = ORIENTED_EDGE ( 'NONE', *, *, #944, .T. ) ;
#553 = EDGE_CURVE ( 'NONE', #4402, #6499, #6455, .T. ) ;
#554 = CARTESIAN_POINT ( 'NONE',  ( 22.34999999998815312, 0.000000000000000000, 135.0500000000000114 ) ) ;
#555 = VERTEX_POINT ( 'NONE', #1490 ) ;
#556 = VECTOR ( 'NONE', #2351, 1000.000000000000000 ) ;
#557 = EDGE_CURVE ( 'NONE', #4376, #4038, #6387, .T. ) ;
#558 = FACE_OUTER_BOUND ( 'NONE', #5734, .T. ) ;
#559 = EDGE_CURVE ( 'NONE', #1422, #4363, #6932, .T. ) ;
#560 = LINE ( 'NONE', #415, #5378 ) ;
#561 = EDGE_LOOP ( 'NONE', ( #3673, #2762, #6056, #5931 ) ) ;
#562 = CARTESIAN_POINT ( 'NONE',  ( 24.50000000000048317, 53.23340376863964707, 77.10000000000002274 ) ) ;
#563 = VECTOR ( 'NONE', #1981, 1000.000000000000227 ) ;
#564 = EDGE_CURVE ( 'NONE', #7082, #2446, #402, .T. ) ;
#565 = DIRECTION ( 'NONE',  ( 0.8660254037844437036, 0.000000000000000000, -0.4999999999999912847 ) ) ;
#566 = DIRECTION ( 'NONE',  ( 0.000000000000000000, 1.000000000000000000, -0.000000000000000000 ) ) ;
#567 = AXIS2_PLACEMENT_3D ( 'NONE', #1640, #5349, #6136 ) ;
#568 = DIRECTION ( 'NONE',  ( 1.000000000000000000, 0.000000000000000000, 0.000000000000000000 ) ) ;
#569 = ORIENTED_EDGE ( 'NONE', *, *, #599, .F. ) ;
#570 = LINE ( 'NONE', #2851, #1512 ) ;
#571 = DIRECTION ( 'NONE',  ( -1.000000000000000000, 0.000000000000000000, 0.000000000000000000 ) ) ;
#572 = VECTOR ( 'NONE', #4791, 1000.000000000000000 ) ;
#573 = LINE ( 'NONE', #3294, #5846 ) ;
#574 = CARTESIAN_POINT ( 'NONE',  ( -10.20430174806592838, -16.11541742610947381, 129.9000000000000057 ) ) ;
#575 = VECTOR ( 'NONE', #1269, 1000.000000000000000 ) ;
#576 = LINE ( 'NONE', #1049, #328 ) ;
#577 = VECTOR ( 'NONE', #1635, 1000.000000000000000 ) ;
#578 = DIRECTION ( 'NONE',  ( 0.000000000000000000, 1.000000000000000000, 0.000000000000000000 ) ) ;
#579 = ORIENTED_EDGE ( 'NONE', *, *, #1971, .T. ) ;
#580 = VERTEX_POINT ( 'NONE', #1964 ) ;
#581 = DIRECTION ( 'NONE',  ( 0.7064337722127679298, -0.7071067811865600072, -0.03084356459979376713 ) ) ;
#582 = AXIS2_PLACEMENT_3D ( 'NONE', #870, #2466, #2979 ) ;
#583 = ORIENTED_EDGE ( 'NONE', *, *, #3904, .F. ) ;
#584 = CARTESIAN_POINT ( 'NONE',  ( 26.55000000000054428, 2.350000000000000089, 123.4189854895393665 ) ) ;
#585 = DIRECTION ( 'NONE',  ( 0.000000000000000000, -1.000000000000000000, -0.000000000000000000 ) ) ;
#586 = FACE_OUTER_BOUND ( 'NONE', #3962, .T. ) ;
#587 = ADVANCED_FACE ( 'NONE', ( #3055 ), #7000, .F. ) ;
#588 = VECTOR ( 'NONE', #5497, 1000.000000000000000 ) ;
#589 = DIRECTION ( 'NONE',  ( 0.000000000000000000, 0.000000000000000000, -1.000000000000000000 ) ) ;
#590 = ORIENTED_EDGE ( 'NONE', *, *, #2176, .F. ) ;
#591 = VERTEX_POINT ( 'NONE', #6896 ) ;
#592 = DIRECTION ( 'NONE',  ( 0.000000000000000000, 0.000000000000000000, 1.000000000000000000 ) ) ;
#593 = ORIENTED_EDGE ( 'NONE', *, *, #3208, .T. ) ;
#594 = VECTOR ( 'NONE', #3941, 1000.000000000000000 ) ;
#595 = DIRECTION ( 'NONE',  ( 1.982541115402063729E-15, 0.000000000000000000, 1.000000000000000000 ) ) ;
#596 = EDGE_CURVE ( 'NONE', #1386, #3791, #1385, .T. ) ;
#597 = EDGE_LOOP ( 'NONE', ( #2765, #4571, #1556, #4640 ) ) ;
#598 = CARTESIAN_POINT ( 'NONE',  ( -29.37500000000056133, 2.350000000000000089, 128.3120290209214147 ) ) ;
#599 = EDGE_CURVE ( 'NONE', #1746, #896, #2030, .T. ) ;
#600 = ADVANCED_FACE ( 'NONE', ( #1421 ), #2539, .F. ) ;
#601 = CARTESIAN_POINT ( 'NONE',  ( 29.37500000000056843, 4.850000000000000533, 119.8000000000000824 ) ) ;
#602 = CARTESIAN_POINT ( 'NONE',  ( -33.75000000000056843, 11.04999999999999005, 120.8000000000003666 ) ) ;
#603 = CARTESIAN_POINT ( 'NONE',  ( 13.57930174806596213, 1.750000000000000000, 125.7684116160548484 ) ) ;
#604 = EDGE_LOOP ( 'NONE', ( #2706, #1445, #4708, #6832 ) ) ;
#605 = DIRECTION ( 'NONE',  ( -0.8660254037844395958, 0.000000000000000000, 0.4999999999999981681 ) ) ;
#606 = DIRECTION ( 'NONE',  ( -0.8660254037844380415, 0.000000000000000000, 0.5000000000000009992 ) ) ;
#607 = EDGE_CURVE ( 'NONE', #1540, #2564, #908, .T. ) ;
#608 = CARTESIAN_POINT ( 'NONE',  ( -25.35112609145443585, 1.750000000000000000, 112.0000000000000142 ) ) ;
#609 = DIRECTION ( 'NONE',  ( -1.000000000000000000, 0.000000000000000000, 0.000000000000000000 ) ) ;
#610 = DIRECTION ( 'NONE',  ( 1.000000000000000000, 0.000000000000000000, -5.826412960911244642E-13 ) ) ;
#611 = CARTESIAN_POINT ( 'NONE',  ( -29.37500000000054357, 6.850000000000000533, 126.6000000000000512 ) ) ;
#612 = ORIENTED_EDGE ( 'NONE', *, *, #3490, .F. ) ;
#613 = ORIENTED_EDGE ( 'NONE', *, *, #1321, .T. ) ;
#614 = DIRECTION ( 'NONE',  ( 0.000000000000000000, 0.000000000000000000, 1.000000000000000000 ) ) ;
#615 = VERTEX_POINT ( 'NONE', #7038 ) ;
#616 = CARTESIAN_POINT ( 'NONE',  ( -24.70112609145443372, -4.000000000000000000, 117.8000000000000114 ) ) ;
#617 = FACE_OUTER_BOUND ( 'NONE', #845, .T. ) ;
#618 = DIRECTION ( 'NONE',  ( 0.5000000000000015543, 0.000000000000000000, -0.8660254037844378194 ) ) ;
#619 = CARTESIAN_POINT ( 'NONE',  ( 16.90000000001182556, 1.750000000000000000, 95.85000000002263221 ) ) ;
#620 = ORIENTED_EDGE ( 'NONE', *, *, #5747, .F. ) ;
#621 = VERTEX_POINT ( 'NONE', #5915 ) ;
#622 = DIRECTION ( 'NONE',  ( 0.000000000000000000, 0.000000000000000000, 1.000000000000000000 ) ) ;
#623 = ORIENTED_EDGE ( 'NONE', *, *, #6098, .F. ) ;
#624 = FACE_OUTER_BOUND ( 'NONE', #5579, .T. ) ;
#625 = CARTESIAN_POINT ( 'NONE',  ( -12.49999999998817479, -16.11541742610947381, 154.0000000000000853 ) ) ;
#626 = EDGE_LOOP ( 'NONE', ( #4095, #5128, #6595, #3174, #3046, #6386, #3283 ) ) ;
#627 = FACE_OUTER_BOUND ( 'NONE', #5937, .T. ) ;
#628 = AXIS2_PLACEMENT_3D ( 'NONE', #4772, #382, #4121 ) ;
#629 = VECTOR ( 'NONE', #2787, 1000.000000000000000 ) ;
#630 = VERTEX_POINT ( 'NONE', #4181 ) ;
#631 = ADVANCED_FACE ( 'NONE', ( #873, #4283, #369, #297, #2505, #945, #5364 ), #1351, .F. ) ;
#632 = VECTOR ( 'NONE', #2371, 999.9999999999998863 ) ;
#633 = PLANE ( 'NONE',  #4808 ) ;
#634 = FACE_OUTER_BOUND ( 'NONE', #2078, .T. ) ;
#635 = CARTESIAN_POINT ( 'NONE',  ( -26.50000000000052935, 12.34999999999999964, 130.3000000000000398 ) ) ;
#636 = VERTEX_POINT ( 'NONE', #5879 ) ;
#637 = ADVANCED_FACE ( 'NONE', ( #5843 ), #3021, .F. ) ;
#638 = DIRECTION ( 'NONE',  ( 0.000000000000000000, 0.000000000000000000, -1.000000000000000000 ) ) ;
#639 = DIRECTION ( 'NONE',  ( -0.5000000000000009992, 0.000000000000000000, -0.8660254037844380415 ) ) ;
#640 = AXIS2_PLACEMENT_3D ( 'NONE', #6750, #6171, #595 ) ;
#641 = ADVANCED_FACE ( 'NONE', ( #4143, #6418 ), #3090, .F. ) ;
#642 = DIRECTION ( 'NONE',  ( 0.7071067811865487940, 0.7071067811865463515, -0.000000000000000000 ) ) ;
#643 = PLANE ( 'NONE',  #2219 ) ;
#644 = EDGE_CURVE ( 'NONE', #5506, #5659, #333, .T. ) ;
#645 = VECTOR ( 'NONE', #4045, 1000.000000000000000 ) ;
#646 = VERTEX_POINT ( 'NONE', #6967 ) ;
#647 = DIRECTION ( 'NONE',  ( 1.982541115402063729E-15, 0.000000000000000000, 1.000000000000000000 ) ) ;
#648 = ORIENTED_EDGE ( 'NONE', *, *, #5064, .T. ) ;
#649 = ORIENTED_EDGE ( 'NONE', *, *, #2414, .T. ) ;
#650 = CARTESIAN_POINT ( 'NONE',  ( 26.00112609145446996, -4.000000000000000000, 129.8999999999998920 ) ) ;
#651 = VERTEX_POINT ( 'NONE', #6523 ) ;
#652 = FACE_OUTER_BOUND ( 'NONE', #2125, .T. ) ;
#653 = LINE ( 'NONE', #4068, #3599 ) ;
#654 = EDGE_CURVE ( 'NONE', #704, #1172, #5949, .T. ) ;
#655 = FACE_OUTER_BOUND ( 'NONE', #2056, .T. ) ;
#656 = DIRECTION ( 'NONE',  ( 0.7071067811865493491, -0.000000000000000000, -0.7071067811865456854 ) ) ;
#657 = FACE_OUTER_BOUND ( 'NONE', #712, .T. ) ;
#658 = EDGE_LOOP ( 'NONE', ( #4797, #3520, #3126, #3019 ) ) ;
#659 = ORIENTED_EDGE ( 'NONE', *, *, #3837, .F. ) ;
#660 = DIRECTION ( 'NONE',  ( 0.7071067811865486830, 0.7071067811865464625, 0.000000000000000000 ) ) ;
#661 = ORIENTED_EDGE ( 'NONE', *, *, #5979, .F. ) ;
#662 = AXIS2_PLACEMENT_3D ( 'NONE', #4189, #5162, #6285 ) ;
#663 = DIRECTION ( 'NONE',  ( 0.4999999999999982792, 0.000000000000000000, -0.8660254037844397068 ) ) ;
#664 = SURFACE_SIDE_STYLE ('',( #4470 ) ) ;
#665 = VERTEX_POINT ( 'NONE', #3198 ) ;
#666 = CARTESIAN_POINT ( 'NONE',  ( -17.44999999998816875, 0.000000000000000000, 154.5000000000001705 ) ) ;
#667 = VECTOR ( 'NONE', #878, 999.9999999999998863 ) ;
#668 = ORIENTED_EDGE ( 'NONE', *, *, #6040, .F. ) ;
#669 = LINE ( 'NONE', #1177, #5031 ) ;
#670 = CARTESIAN_POINT ( 'NONE',  ( 29.37500000000054357, 12.34999999999999964, 82.35000000000000853 ) ) ;
#671 = VECTOR ( 'NONE', #2940, 1000.000000000000000 ) ;
#672 = PLANE ( 'NONE',  #6902 ) ;
#673 = EDGE_CURVE ( 'NONE', #284, #3062, #37, .T. ) ;
#674 = ORIENTED_EDGE ( 'NONE', *, *, #196, .F. ) ;
#675 = CARTESIAN_POINT ( 'NONE',  ( -26.00112609145443798, -4.000000000000000000, 117.8000000000000114 ) ) ;
#676 = LINE ( 'NONE', #172, #3011 ) ;
#677 = LINE ( 'NONE', #138, #1954 ) ;
#678 = VECTOR ( 'NONE', #3107, 1000.000000000000000 ) ;
#679 = CARTESIAN_POINT ( 'NONE',  ( 4.533936357666656071E-16, 8.900000000000000355, 79.10000000000002274 ) ) ;
#680 = DIRECTION ( 'NONE',  ( 0.3145145977190313968, -0.000000000000000000, -0.9492526364575637476 ) ) ;
#681 = EDGE_CURVE ( 'NONE', #1239, #4999, #2170, .T. ) ;
#682 = ORIENTED_EDGE ( 'NONE', *, *, #5724, .T. ) ;
#683 = VECTOR ( 'NONE', #230, 1000.000000000000114 ) ;
#684 = CARTESIAN_POINT ( 'NONE',  ( 26.00112609145446996, 12.34999999999999964, 130.3000000000000398 ) ) ;
#685 = ORIENTED_EDGE ( 'NONE', *, *, #2719, .T. ) ;
#686 = ORIENTED_EDGE ( 'NONE', *, *, #1753, .T. ) ;
#687 = LINE ( 'NONE', #5578, #104 ) ;
#688 = ORIENTED_EDGE ( 'NONE', *, *, #6801, .T. ) ;
#689 = ADVANCED_FACE ( 'NONE', ( #2753 ), #5508, .F. ) ;
#690 = EDGE_CURVE ( 'NONE', #6611, #5994, #2240, .T. ) ;
#691 = DIRECTION ( 'NONE',  ( 0.000000000000000000, 0.000000000000000000, -1.000000000000000000 ) ) ;
#692 = LINE ( 'NONE', #1270, #5093 ) ;
#693 = AXIS2_PLACEMENT_3D ( 'NONE', #3557, #6852, #1884 ) ;
#694 = DIRECTION ( 'NONE',  ( -1.000000000000000000, 0.000000000000000000, 0.000000000000000000 ) ) ;
#695 = CIRCLE ( 'NONE', #4392, 4.099999999999992539 ) ;
#696 = DIRECTION ( 'NONE',  ( 0.000000000000000000, 1.000000000000000000, 0.000000000000000000 ) ) ;
#697 = VERTEX_POINT ( 'NONE', #6492 ) ;
#698 = VERTEX_POINT ( 'NONE', #2794 ) ;
#699 = CYLINDRICAL_SURFACE ( 'NONE', #232, 1.549999999999995826 ) ;
#700 = ORIENTED_EDGE ( 'NONE', *, *, #3179, .T. ) ;
#701 = EDGE_CURVE ( 'NONE', #148, #5389, #7073, .T. ) ;
#702 = AXIS2_PLACEMENT_3D ( 'NONE', #6927, #5188, #2434 ) ;
#703 = DIRECTION ( 'NONE',  ( -3.341720035121219314E-15, 0.000000000000000000, 1.000000000000000000 ) ) ;
#704 = VERTEX_POINT ( 'NONE', #2647 ) ;
#705 = CARTESIAN_POINT ( 'NONE',  ( -48.21698837162205820, 4.850000000000000533, 83.51427364760644423 ) ) ;
#706 = VECTOR ( 'NONE', #6407, 1000.000000000000000 ) ;
#707 = ORIENTED_EDGE ( 'NONE', *, *, #2456, .F. ) ;
#708 = ORIENTED_EDGE ( 'NONE', *, *, #4357, .F. ) ;
#709 = CARTESIAN_POINT ( 'NONE',  ( -26.50000000000052935, 12.34999999999999964, 112.0000000000000142 ) ) ;
#710 = LINE ( 'NONE', #6109, #5061 ) ;
#711 = DIRECTION ( 'NONE',  ( 0.000000000000000000, 0.000000000000000000, -1.000000000000000000 ) ) ;
#712 = EDGE_LOOP ( 'NONE', ( #2117, #2954, #3457, #3397 ) ) ;
#713 = DIRECTION ( 'NONE',  ( -0.7068211600042046960, 0.000000000000000000, -0.7073922870446852640 ) ) ;
#714 = CARTESIAN_POINT ( 'NONE',  ( 26.50000000000053646, 12.34999999999999964, 112.0000000000000142 ) ) ;
#715 = LINE ( 'NONE', #5824, #6236 ) ;
#716 = LINE ( 'NONE', #1688, #2245 ) ;
#717 = CARTESIAN_POINT ( 'NONE',  ( -48.21698837162205820, 6.850000000000000533, 83.51427364760644423 ) ) ;
#718 = VERTEX_POINT ( 'NONE', #5001 ) ;
#719 = DIRECTION ( 'NONE',  ( 0.000000000000000000, 0.000000000000000000, -1.000000000000000000 ) ) ;
#720 = ORIENTED_EDGE ( 'NONE', *, *, #2368, .T. ) ;
#721 = VERTEX_POINT ( 'NONE', #3743 ) ;
#722 = CARTESIAN_POINT ( 'NONE',  ( -26.00112609145444154, -2.000000000000000000, 122.0018057028560321 ) ) ;
#723 = ORIENTED_EDGE ( 'NONE', *, *, #7083, .T. ) ;
#724 = ADVANCED_FACE ( 'NONE', ( #978 ), #7103, .F. ) ;
#725 = CARTESIAN_POINT ( 'NONE',  ( 14.59999999998815312, 0.7500000000000069944, 133.5000000000000000 ) ) ;
#726 = DIRECTION ( 'NONE',  ( 0.000000000000000000, 1.000000000000000000, 0.000000000000000000 ) ) ;
#727 = CARTESIAN_POINT ( 'NONE',  ( -29.37500000000054357, 6.850000000000000533, 82.35000000000000853 ) ) ;
#728 = DIRECTION ( 'NONE',  ( -0.000000000000000000, 1.000000000000000000, -0.000000000000000000 ) ) ;
#729 = ADVANCED_FACE ( 'NONE', ( #3235 ), #437, .F. ) ;
#730 = CARTESIAN_POINT ( 'NONE',  ( -33.75000000000056843, 3.050000000000008260, 2.755680521733997175E-16 ) ) ;
#731 = VERTEX_POINT ( 'NONE', #1055 ) ;
#732 = VERTEX_POINT ( 'NONE', #476 ) ;
#733 = DIRECTION ( 'NONE',  ( -1.933235146104446702E-16, 0.000000000000000000, -1.000000000000000000 ) ) ;
#734 = ORIENTED_EDGE ( 'NONE', *, *, #4449, .T. ) ;
#735 = EDGE_CURVE ( 'NONE', #6825, #2426, #543, .T. ) ;
#736 = CARTESIAN_POINT ( 'NONE',  ( 32.20000000000054996, 2.350000000000000089, 0.000000000000000000 ) ) ;
#737 = EDGE_CURVE ( 'NONE', #5809, #1540, #1084, .T. ) ;
#738 = ORIENTED_EDGE ( 'NONE', *, *, #7158, .F. ) ;
#739 = LINE ( 'NONE', #598, #1818 ) ;
#740 = VERTEX_POINT ( 'NONE', #6560 ) ;
#741 = ORIENTED_EDGE ( 'NONE', *, *, #3674, .F. ) ;
#742 = CARTESIAN_POINT ( 'NONE',  ( 9.855489709706479279E-13, 12.34999999999999964, 119.7999999999998408 ) ) ;
#743 = EDGE_CURVE ( 'NONE', #5624, #4643, #4928, .T. ) ;
#744 = CARTESIAN_POINT ( 'NONE',  ( 26.50000000000053291, 12.34999999999999964, 89.50000000000002842 ) ) ;
#745 = ORIENTED_EDGE ( 'NONE', *, *, #5702, .T. ) ;
#746 = DIRECTION ( 'NONE',  ( -0.000000000000000000, 1.000000000000000000, -0.000000000000000000 ) ) ;
#747 = DIRECTION ( 'NONE',  ( 2.608606730792191375E-16, 0.000000000000000000, 1.000000000000000000 ) ) ;
#748 = DIRECTION ( 'NONE',  ( 0.000000000000000000, 0.000000000000000000, 1.000000000000000000 ) ) ;
#749 = VECTOR ( 'NONE', #1400, 1000.000000000000114 ) ;
#750 = VECTOR ( 'NONE', #4677, 1000.000000000000000 ) ;
#751 = LINE ( 'NONE', #2967, #3181 ) ;
#752 = CARTESIAN_POINT ( 'NONE',  ( 33.75000000000054712, -0.2500000000000078271, 113.5000000000000000 ) ) ;
#753 = ORIENTED_EDGE ( 'NONE', *, *, #3123, .T. ) ;
#754 = VECTOR ( 'NONE', #4801, 1000.000000000000000 ) ;
#755 = PLANE ( 'NONE',  #3834 ) ;
#756 = VERTEX_POINT ( 'NONE', #1595 ) ;
#757 = EDGE_LOOP ( 'NONE', ( #1868, #3100, #3636, #5110 ) ) ;
#758 = PLANE ( 'NONE',  #5086 ) ;
#759 = ORIENTED_EDGE ( 'NONE', *, *, #3920, .T. ) ;
#760 = AXIS2_PLACEMENT_3D ( 'NONE', #5921, #949, #3168 ) ;
#761 = LINE ( 'NONE', #5183, #575 ) ;
#762 = DIRECTION ( 'NONE',  ( 0.000000000000000000, 0.000000000000000000, 1.000000000000000000 ) ) ;
#763 = LINE ( 'NONE', #1309, #788 ) ;
#764 = CARTESIAN_POINT ( 'NONE',  ( 22.05980492077549826, 1.750000000000000000, 155.3000000000000114 ) ) ;
#765 = EDGE_CURVE ( 'NONE', #1362, #2887, #3814, .T. ) ;
#766 = DIRECTION ( 'NONE',  ( 0.000000000000000000, 0.000000000000000000, -1.000000000000000000 ) ) ;
#767 = ORIENTED_EDGE ( 'NONE', *, *, #73, .F. ) ;
#768 = ORIENTED_EDGE ( 'NONE', *, *, #498, .F. ) ;
#769 = CARTESIAN_POINT ( 'NONE',  ( -45.27566268575785102, 4.850000000000000533, 78.41974811808478307 ) ) ;
#770 = EDGE_LOOP ( 'NONE', ( #3530, #3553, #4131, #1895 ) ) ;
#771 = EDGE_CURVE ( 'NONE', #1314, #3980, #6597, .T. ) ;
#772 = CARTESIAN_POINT ( 'NONE',  ( 26.50000000000054001, 12.34999999999999964, 114.2500000000000142 ) ) ;
#773 = EDGE_CURVE ( 'NONE', #792, #5320, #3304, .T. ) ;
#774 = FACE_OUTER_BOUND ( 'NONE', #4430, .T. ) ;
#775 = ORIENTED_EDGE ( 'NONE', *, *, #4011, .F. ) ;
#776 = VECTOR ( 'NONE', #4582, 1000.000000000000000 ) ;
#777 = EDGE_CURVE ( 'NONE', #555, #5745, #4424, .T. ) ;
#778 = EDGE_CURVE ( 'NONE', #3786, #3867, #3339, .T. ) ;
#779 = VERTEX_POINT ( 'NONE', #221 ) ;
#780 = CARTESIAN_POINT ( 'NONE',  ( -10.20430174801494339, -2.000000000000000000, 110.1499999999999915 ) ) ;
#781 = CARTESIAN_POINT ( 'NONE',  ( -24.50000000000051514, 53.23340376863964707, 77.10000000000002274 ) ) ;
#782 = ORIENTED_EDGE ( 'NONE', *, *, #4895, .T. ) ;
#783 = DIRECTION ( 'NONE',  ( 0.000000000000000000, -1.000000000000000000, 0.000000000000000000 ) ) ;
#784 = VECTOR ( 'NONE', #2047, 1000.000000000000000 ) ;
#785 = LINE ( 'NONE', #1945, #5092 ) ;
#786 = CARTESIAN_POINT ( 'NONE',  ( 26.00112609145446285, 0.000000000000000000, 126.6000000000000227 ) ) ;
#787 = EDGE_CURVE ( 'NONE', #1107, #5811, #1265, .T. ) ;
#788 = VECTOR ( 'NONE', #6779, 1000.000000000000000 ) ;
#789 = CARTESIAN_POINT ( 'NONE',  ( -26.50000000000052935, 3.049999999999998490, 112.0000000000000142 ) ) ;
#790 = FACE_OUTER_BOUND ( 'NONE', #4386, .T. ) ;
#791 = CIRCLE ( 'NONE', #215, 1.549999999999995826 ) ;
#792 = VERTEX_POINT ( 'NONE', #147 ) ;
#793 = CARTESIAN_POINT ( 'NONE',  ( 16.80000000000053362, 53.23340376863964707, 100.9834326468444772 ) ) ;
#794 = ORIENTED_EDGE ( 'NONE', *, *, #4799, .F. ) ;
#795 = VERTEX_POINT ( 'NONE', #4490 ) ;
#796 = DIRECTION ( 'NONE',  ( 0.8660254037844389297, 0.000000000000000000, 0.4999999999999995004 ) ) ;
#797 = VERTEX_POINT ( 'NONE', #5650 ) ;
#798 = DIRECTION ( 'NONE',  ( -1.000000000000000000, 0.000000000000000000, -0.000000000000000000 ) ) ;
#799 = CARTESIAN_POINT ( 'NONE',  ( -26.50112609145446285, 1.750000000000000000, 5.123290837134533284E-15 ) ) ;
#800 = LINE ( 'NONE', #3015, #3805 ) ;
#801 =( LENGTH_UNIT ( ) NAMED_UNIT ( * ) SI_UNIT ( .MILLI., .METRE. ) );
#802 = DIRECTION ( 'NONE',  ( -0.000000000000000000, -1.000000000000000000, -0.000000000000000000 ) ) ;
#803 = EDGE_LOOP ( 'NONE', ( #7101, #1965, #484, #6264, #1963, #5687 ) ) ;
#804 = VERTEX_POINT ( 'NONE', #1229 ) ;
#805 = DIRECTION ( 'NONE',  ( 0.000000000000000000, 1.000000000000000000, 0.000000000000000000 ) ) ;
#806 = VERTEX_POINT ( 'NONE', #650 ) ;
#807 = VECTOR ( 'NONE', #2135, 1000.000000000000227 ) ;
#808 = CYLINDRICAL_SURFACE ( 'NONE', #3076, 1.549999999999995826 ) ;
#809 = AXIS2_PLACEMENT_3D ( 'NONE', #4162, #2521, #313 ) ;
#810 = AXIS2_PLACEMENT_3D ( 'NONE', #2314, #3486, #3913 ) ;
#811 = CARTESIAN_POINT ( 'NONE',  ( -14.05489184741920816, 1.729030344014056197, 121.8389159044456278 ) ) ;
#812 = ORIENTED_EDGE ( 'NONE', *, *, #5881, .F. ) ;
#813 = VECTOR ( 'NONE', #5840, 1000.000000000000000 ) ;
#814 = EDGE_CURVE ( 'NONE', #6607, #6336, #687, .T. ) ;
#815 = ORIENTED_EDGE ( 'NONE', *, *, #1646, .T. ) ;
#816 = CARTESIAN_POINT ( 'NONE',  ( -22.69999999998817586, -4.000000000000000000, 0.000000000000000000 ) ) ;
#817 = CARTESIAN_POINT ( 'NONE',  ( 4.948769369253105843, 12.34999999999999964, 155.2999999999999829 ) ) ;
#818 = ORIENTED_EDGE ( 'NONE', *, *, #599, .T. ) ;
#819 = VECTOR ( 'NONE', #2230, 1000.000000000000000 ) ;
#820 = LINE ( 'NONE', #3034, #5195 ) ;
#821 = ADVANCED_FACE ( 'NONE', ( #1811 ), #6812, .T. ) ;
#823 = ADVANCED_FACE ( 'NONE', ( #3408 ), #758, .T. ) ;
#822 = FACE_OUTER_BOUND ( 'NONE', #4963, .T. ) ;
#824 = DIRECTION ( 'NONE',  ( -1.982541115402063729E-15, -0.000000000000000000, -1.000000000000000000 ) ) ;
#825 = CARTESIAN_POINT ( 'NONE',  ( 14.59999999998815312, 0.7500000000000069944, 136.5999999999999943 ) ) ;
#826 = DIRECTION ( 'NONE',  ( 1.000000000000000000, 0.000000000000000000, 0.000000000000000000 ) ) ;
#827 = VERTEX_POINT ( 'NONE', #2936 ) ;
#828 = EDGE_CURVE ( 'NONE', #157, #6491, #5109, .T. ) ;
#829 = CARTESIAN_POINT ( 'NONE',  ( -29.37500000000054357, 4.850000000000000533, 123.5000000000000568 ) ) ;
#830 = ORIENTED_EDGE ( 'NONE', *, *, #5464, .F. ) ;
#831 = EDGE_LOOP ( 'NONE', ( #4394, #4656, #794, #5892 ) ) ;
#832 = ORIENTED_EDGE ( 'NONE', *, *, #4058, .F. ) ;
#833 = PLANE ( 'NONE',  #6244 ) ;
#834 = DIRECTION ( 'NONE',  ( 0.000000000000000000, 0.000000000000000000, 1.000000000000000000 ) ) ;
#835 = DIRECTION ( 'NONE',  ( 0.000000000000000000, 0.000000000000000000, 1.000000000000000000 ) ) ;
#836 = CARTESIAN_POINT ( 'NONE',  ( 11.99999999998821210, 0.000000000000000000, 155.5000000000001705 ) ) ;
#837 = VERTEX_POINT ( 'NONE', #1737 ) ;
#838 = ORIENTED_EDGE ( 'NONE', *, *, #1368, .T. ) ;
#839 = CARTESIAN_POINT ( 'NONE',  ( 26.00112609147810971, -4.000000000000000000, 102.5499999999999545 ) ) ;
#840 = ORIENTED_EDGE ( 'NONE', *, *, #299, .T. ) ;
#841 = PLANE ( 'NONE',  #3822 ) ;
#842 = CARTESIAN_POINT ( 'NONE',  ( -14.59999999998812292, 0.7500000000000086597, 130.4000000000000057 ) ) ;
#843 = FACE_OUTER_BOUND ( 'NONE', #1413, .T. ) ;
#844 = CARTESIAN_POINT ( 'NONE',  ( 26.00112609145446285, -0.2500000000000078271, 126.6000000000000227 ) ) ;
#845 = EDGE_LOOP ( 'NONE', ( #5956, #7046, #2031, #70, #4685, #2682, #6097 ) ) ;
#846 = ORIENTED_EDGE ( 'NONE', *, *, #1032, .F. ) ;
#847 = LINE ( 'NONE', #5166, #2601 ) ;
#848 = DIRECTION ( 'NONE',  ( 0.000000000000000000, 1.000000000000000000, 0.000000000000000000 ) ) ;
#849 = EDGE_LOOP ( 'NONE', ( #3605, #2008, #3236, #5496 ) ) ;
#850 = DIRECTION ( 'NONE',  ( -0.000000000000000000, -1.000000000000000000, -0.000000000000000000 ) ) ;
#851 = EDGE_CURVE ( 'NONE', #6825, #6521, #5035, .T. ) ;
#852 = CARTESIAN_POINT ( 'NONE',  ( -26.50112609145444864, 1.750000000000012657, 130.3000000000000398 ) ) ;
#853 = DIRECTION ( 'NONE',  ( 0.000000000000000000, 0.000000000000000000, -1.000000000000000000 ) ) ;
#854 = DIRECTION ( 'NONE',  ( 0.000000000000000000, -1.000000000000000000, 0.000000000000000000 ) ) ;
#855 = DIRECTION ( 'NONE',  ( 0.8786698687803833341, 0.000000000000000000, -0.4774298500276914492 ) ) ;
#856 = EDGE_CURVE ( 'NONE', #6170, #704, #2900, .T. ) ;
#857 = ORIENTED_EDGE ( 'NONE', *, *, #2279, .F. ) ;
#858 = EDGE_CURVE ( 'NONE', #6773, #6156, #2891, .T. ) ;
#859 = CARTESIAN_POINT ( 'NONE',  ( -7.249999999988179233, 1.750000000000000000, 133.4999999999684235 ) ) ;
#860 = CIRCLE ( 'NONE', #517, 3.375000000003944400 ) ;
#861 = VERTEX_POINT ( 'NONE', #5143 ) ;
#862 = VECTOR ( 'NONE', #5897, 1000.000000000000000 ) ;
#863 = ORIENTED_EDGE ( 'NONE', *, *, #3893, .F. ) ;
#864 = ORIENTED_EDGE ( 'NONE', *, *, #5945, .T. ) ;
#865 = EDGE_CURVE ( 'NONE', #5507, #6207, #3591, .T. ) ;
#866 = CARTESIAN_POINT ( 'NONE',  ( -14.59999999998812292, 0.7500000000000086597, 133.5000000000000000 ) ) ;
#867 = LINE ( 'NONE', #5358, #6928 ) ;
#868 = VECTOR ( 'NONE', #2732, 1000.000000000000000 ) ;
#869 = CARTESIAN_POINT ( 'NONE',  ( -32.20000000000054996, 6.850000000000000533, 80.71898548953934949 ) ) ;
#870 = CARTESIAN_POINT ( 'NONE',  ( -12.49999999998818190, -16.11541742610947381, 125.7684116160548484 ) ) ;
#871 = ORIENTED_EDGE ( 'NONE', *, *, #1218, .T. ) ;
#872 = ORIENTED_EDGE ( 'NONE', *, *, #3314, .T. ) ;
#873 = FACE_BOUND ( 'NONE', #7011, .T. ) ;
#874 = ORIENTED_EDGE ( 'NONE', *, *, #4865, .F. ) ;
#875 = CIRCLE ( 'NONE', #5855, 1.549999999999995826 ) ;
#876 = ADVANCED_FACE ( 'NONE', ( #4062 ), #4395, .F. ) ;
#877 = DIRECTION ( 'NONE',  ( 0.000000000000000000, -0.000000000000000000, 1.000000000000000000 ) ) ;
#878 = DIRECTION ( 'NONE',  ( -0.8660254037844455910, 0.000000000000000000, 0.4999999999999880651 ) ) ;
#879 = LINE ( 'NONE', #4149, #528 ) ;
#880 = CARTESIAN_POINT ( 'NONE',  ( 26.55000000000054428, 4.850000000000000533, 0.000000000000000000 ) ) ;
#881 = ORIENTED_EDGE ( 'NONE', *, *, #2864, .T. ) ;
#882 = ORIENTED_EDGE ( 'NONE', *, *, #1485, .T. ) ;
#883 = DIRECTION ( 'NONE',  ( 1.000000000000000000, -0.000000000000000000, -0.000000000000000000 ) ) ;
#884 = FACE_OUTER_BOUND ( 'NONE', #3697, .T. ) ;
#885 = ORIENTED_EDGE ( 'NONE', *, *, #771, .F. ) ;
#886 = CARTESIAN_POINT ( 'NONE',  ( -26.00112609145444509, 1.249999999999996447, 78.60000000000005116 ) ) ;
#887 = DIRECTION ( 'NONE',  ( 0.000000000000000000, 1.000000000000000000, 0.000000000000000000 ) ) ;
#888 = DIRECTION ( 'NONE',  ( 0.000000000000000000, 0.000000000000000000, -1.000000000000000000 ) ) ;
#889 = EDGE_CURVE ( 'NONE', #2730, #5542, #6774, .T. ) ;
#890 = CARTESIAN_POINT ( 'NONE',  ( 0.000000000000000000, 4.850000000000000533, 130.3000000000000398 ) ) ;
#891 = AXIS2_PLACEMENT_3D ( 'NONE', #6105, #3465, #1284 ) ;
#892 = ORIENTED_EDGE ( 'NONE', *, *, #743, .F. ) ;
#893 = LINE ( 'NONE', #933, #4409 ) ;
#894 = ORIENTED_EDGE ( 'NONE', *, *, #992, .T. ) ;
#895 = ORIENTED_EDGE ( 'NONE', *, *, #2651, .F. ) ;
#896 = VERTEX_POINT ( 'NONE', #6123 ) ;
#897 = VECTOR ( 'NONE', #6617, 1000.000000000000000 ) ;
#898 = VECTOR ( 'NONE', #4380, 1000.000000000000000 ) ;
#899 = FACE_OUTER_BOUND ( 'NONE', #3205, .T. ) ;
#900 = EDGE_CURVE ( 'NONE', #6419, #5577, #108, .T. ) ;
#901 = DIRECTION ( 'NONE',  ( 0.000000000000000000, 0.000000000000000000, -1.000000000000000000 ) ) ;
#902 = DIRECTION ( 'NONE',  ( -1.000000000000000000, 0.000000000000000000, 0.000000000000000000 ) ) ;
#903 = VECTOR ( 'NONE', #2270, 1000.000000000000000 ) ;
#904 = CARTESIAN_POINT ( 'NONE',  ( 29.37500000000054357, 6.850000000000000533, 83.90000000000000568 ) ) ;
#905 = ORIENTED_EDGE ( 'NONE', *, *, #4066, .T. ) ;
#906 = ADVANCED_FACE ( 'NONE', ( #6230 ), #5668, .F. ) ;
#907 = ORIENTED_EDGE ( 'NONE', *, *, #3274, .T. ) ;
#908 = LINE ( 'NONE', #5810, #3238 ) ;
#909 = EDGE_CURVE ( 'NONE', #5821, #2571, #4529, .T. ) ;
#910 = ORIENTED_EDGE ( 'NONE', *, *, #1829, .F. ) ;
#911 = DIRECTION ( 'NONE',  ( -0.7069385089210126205, -0.7071067811865481278, -0.01542545313870920427 ) ) ;
#912 = CLOSED_SHELL ( 'NONE', ( #4048, #6134, #6176, #1613, #3092, #1171, #4620, #1802, #166, #1614, #2229, #4442, #2191, #600, #1202, #4188, #418, #4318, #6051, #6045, #7144, #3007, #2290, #631, #5484, #6318, #5780, #2815, #5499, #2985, #5020, #2893, #5023, #5510, #5560, #4657, #2999, #1886, #5911, #637, #2902, #3667, #3322, #6311, #6010, #5418, #2232, #4986, #587, #6493, #6305, #4593, #6743, #5608, #3707, #4145, #1784, #4437, #1716, #1606, #3442, #6263, #4198, #2043, #3400, #6531, #2822, #3489, #2850, #329, #324, #2369, #3521, #3692, #1879, #4630, #4669, #2503, #6106, #7068, #4587, #5529, #4806, #3222, #1532, #3626, #3874, #3794, #3711, #6184, #1203, #3664, #2804, #2454, #1983, #5692, #3173, #4510, #2146, #6667, #5124, #205, #3430, #2096, #4933, #4940, #876, #6400, #4927, #6931, #906, #6217, #2733, #4458, #4947, #6536, #335, #4233, #821, #5996, #641, #307, #5599, #4887, #211, #5558, #2809, #2183, #1428, #2420, #6449, #461, #470, #6457, #6719, #6394, #5383, #3266, #2362, #4077, #16, #2905, #58, #3137, #3928, #419, #5425, #5641, #2142, #2112, #1075, #4090, #6894, #6676, #6438, #1751, #4406, #2154, #6508, #6005, #5998, #6578, #1655, #724, #7118, #3795, #52, #729, #2448, #549, #1399, #1048, #1790, #997, #3544, #378, #6146, #98, #3028, #6943, #823, #3082, #2189, #3742, #1565, #6225, #3387, #4099, #5515, #1396, #2876, #3572, #5172, #6565, #5825, #3439, #4544, #3843, #4193, #6082, #5308, #4892, #3915, #5040, #5116, #3659, #5742, #4727, #5664, #2134, #6897, #689, #6500, #2993, #4765, #1500, #2546, #4733, #3435, #6254, #3393, #996, #1252, #5740 ) ) ;
#913 = AXIS2_PLACEMENT_3D ( 'NONE', #2269, #1298, #5104 ) ;
#914 = LINE ( 'NONE', #1289, #2284 ) ;
#915 = CARTESIAN_POINT ( 'NONE',  ( 17.24999999998805933, 1.750000000000000000, 155.3000000000000114 ) ) ;
#916 = DIRECTION ( 'NONE',  ( -1.000000000000000000, 0.000000000000000000, -0.000000000000000000 ) ) ;
#917 = AXIS2_PLACEMENT_3D ( 'NONE', #1781, #5625, #193 ) ;
#918 = ORIENTED_EDGE ( 'NONE', *, *, #1791, .F. ) ;
#919 = AXIS2_PLACEMENT_3D ( 'NONE', #6628, #1660, #3876 ) ;
#920 = ORIENTED_EDGE ( 'NONE', *, *, #3037, .F. ) ;
#921 = CARTESIAN_POINT ( 'NONE',  ( 8.131899417311672096, -7.418100582688833100, 73.68189941731120030 ) ) ;
#922 = VECTOR ( 'NONE', #5403, 1000.000000000000000 ) ;
#923 = DIRECTION ( 'NONE',  ( 0.000000000000000000, 1.000000000000000000, 0.000000000000000000 ) ) ;
#924 = VERTEX_POINT ( 'NONE', #5725 ) ;
#925 = DIRECTION ( 'NONE',  ( -1.000000000000000000, 0.000000000000000000, 0.000000000000000000 ) ) ;
#926 = EDGE_CURVE ( 'NONE', #6442, #1844, #2973, .T. ) ;
#927 = AXIS2_PLACEMENT_3D ( 'NONE', #5043, #5583, #589 ) ;
#928 = CARTESIAN_POINT ( 'NONE',  ( -26.55000000000055849, 6.850000000000000533, 83.98101451046072441 ) ) ;
#929 = CARTESIAN_POINT ( 'NONE',  ( 22.70000000001184404, -2.000000000000000000, 102.5499999999999545 ) ) ;
#930 = CARTESIAN_POINT ( 'NONE',  ( 25.35112609145445006, 7.299999999999989164, 121.0500000000000966 ) ) ;
#931 = VECTOR ( 'NONE', #4848, 1000.000000000000000 ) ;
#932 = ORIENTED_EDGE ( 'NONE', *, *, #5160, .F. ) ;
#933 = CARTESIAN_POINT ( 'NONE',  ( 0.000000000000000000, 1.750000000000000000, 155.3000000000000114 ) ) ;
#934 = ORIENTED_EDGE ( 'NONE', *, *, #3751, .T. ) ;
#935 = EDGE_LOOP ( 'NONE', ( #2955, #3699, #5161, #958, #5561, #2289 ) ) ;
#936 = VECTOR ( 'NONE', #4375, 1000.000000000000000 ) ;
#937 = ORIENTED_EDGE ( 'NONE', *, *, #2062, .T. ) ;
#938 = CARTESIAN_POINT ( 'NONE',  ( -21.35344314932018506, 1.750000000000000000, 156.6000000000001933 ) ) ;
#939 = CARTESIAN_POINT ( 'NONE',  ( 0.000000000000000000, -4.000000000000000000, 117.7999999999999545 ) ) ;
#940 = DIRECTION ( 'NONE',  ( -1.000000000000000000, 0.000000000000000000, 0.000000000000000000 ) ) ;
#941 = LINE ( 'NONE', #2570, #3135 ) ;
#942 = ORIENTED_EDGE ( 'NONE', *, *, #238, .F. ) ;
#943 = ORIENTED_EDGE ( 'NONE', *, *, #145, .T. ) ;
#944 = EDGE_CURVE ( 'NONE', #1463, #377, #1695, .T. ) ;
#945 = FACE_BOUND ( 'NONE', #4074, .T. ) ;
#946 = EDGE_LOOP ( 'NONE', ( #6992, #2239, #5721, #5343 ) ) ;
#947 = DIRECTION ( 'NONE',  ( -0.000000000000000000, 0.000000000000000000, 1.000000000000000000 ) ) ;
#948 = DIRECTION ( 'NONE',  ( -0.8660254037844381525, 0.000000000000000000, 0.5000000000000008882 ) ) ;
#949 = DIRECTION ( 'NONE',  ( -0.9492526364575638587, 0.000000000000000000, -0.3145145977190314523 ) ) ;
#950 = EDGE_CURVE ( 'NONE', #3892, #3089, #1340, .T. ) ;
#951 = FACE_OUTER_BOUND ( 'NONE', #3983, .T. ) ;
#952 = EDGE_CURVE ( 'NONE', #4730, #200, #3131, .T. ) ;
#953 = VERTEX_POINT ( 'NONE', #5221 ) ;
#954 = VERTEX_POINT ( 'NONE', #2425 ) ;
#955 = EDGE_CURVE ( 'NONE', #256, #2646, #4641, .T. ) ;
#956 = LINE ( 'NONE', #5376, #5730 ) ;
#957 = CARTESIAN_POINT ( 'NONE',  ( -14.59999999998812292, 0.7500000000000086597, 133.5000000000000000 ) ) ;
#958 = ORIENTED_EDGE ( 'NONE', *, *, #3406, .F. ) ;
#959 = CARTESIAN_POINT ( 'NONE',  ( -29.37500000000054357, 6.850000000000000533, 125.0500000000000540 ) ) ;
#960 = VECTOR ( 'NONE', #2418, 1000.000000000000000 ) ;
#961 = DIRECTION ( 'NONE',  ( 0.000000000000000000, 0.000000000000000000, -1.000000000000000000 ) ) ;
#962 = EDGE_CURVE ( 'NONE', #2655, #1172, #3166, .T. ) ;
#963 = PLANE ( 'NONE',  #2138 ) ;
#964 = DIRECTION ( 'NONE',  ( -0.000000000000000000, -1.000000000000000000, 0.000000000000000000 ) ) ;
#965 = LINE ( 'NONE', #6008, #2829 ) ;
#966 = EDGE_LOOP ( 'NONE', ( #7057, #3498, #5833, #1250, #2475, #2562 ) ) ;
#967 = DIRECTION ( 'NONE',  ( 0.7071067811865500152, -0.000000000000000000, -0.7071067811865451302 ) ) ;
#968 = ORIENTED_EDGE ( 'NONE', *, *, #5243, .F. ) ;
#969 = ORIENTED_EDGE ( 'NONE', *, *, #6355, .T. ) ;
#970 = CARTESIAN_POINT ( 'NONE',  ( 22.34999999998815312, 0.000000000000000000, 131.9500000000000171 ) ) ;
#971 = LINE ( 'NONE', #5537, #4738 ) ;
#972 = DIRECTION ( 'NONE',  ( -1.000000000000000000, 0.000000000000000000, 0.000000000000000000 ) ) ;
#973 = COLOUR_RGB ( '',0.9450980392156862475, 0.4352941176470588314, 1.000000000000000000 ) ;
#974 = VECTOR ( 'NONE', #6261, 1000.000000000000000 ) ;
#975 = DIRECTION ( 'NONE',  ( -0.000000000000000000, 0.000000000000000000, 1.000000000000000000 ) ) ;
#976 = ORIENTED_EDGE ( 'NONE', *, *, #5736, .T. ) ;
#977 = ORIENTED_EDGE ( 'NONE', *, *, #5248, .F. ) ;
#978 = FACE_OUTER_BOUND ( 'NONE', #2991, .T. ) ;
#979 = VERTEX_POINT ( 'NONE', #5918 ) ;
#980 = VECTOR ( 'NONE', #6537, 1000.000000000000114 ) ;
#981 = DIRECTION ( 'NONE',  ( 0.000000000000000000, 0.000000000000000000, -1.000000000000000000 ) ) ;
#982 = FACE_OUTER_BOUND ( 'NONE', #2210, .T. ) ;
#983 = LINE ( 'NONE', #2035, #4346 ) ;
#984 = EDGE_CURVE ( 'NONE', #2273, #1860, #5882, .T. ) ;
#985 = DIRECTION ( 'NONE',  ( -0.9990482215818575762, 0.000000000000000000, -0.04361938736533939320 ) ) ;
#986 = ORIENTED_EDGE ( 'NONE', *, *, #7105, .T. ) ;
#987 = VECTOR ( 'NONE', #9, 999.9999999999998863 ) ;
#988 = ORIENTED_EDGE ( 'NONE', *, *, #5074, .T. ) ;
#989 = VERTEX_POINT ( 'NONE', #5302 ) ;
#990 = VECTOR ( 'NONE', #5634, 999.9999999999998863 ) ;
#991 = CARTESIAN_POINT ( 'NONE',  ( -44.41484600082422673, 6.850000000000000533, 76.92876988377535952 ) ) ;
#992 = EDGE_CURVE ( 'NONE', #3628, #2911, #3675, .T. ) ;
#993 = DIRECTION ( 'NONE',  ( 0.000000000000000000, 1.000000000000000000, 0.000000000000000000 ) ) ;
#994 = ORIENTED_EDGE ( 'NONE', *, *, #1316, .F. ) ;
#995 = LINE ( 'NONE', #4878, #6677 ) ;
#996 = ADVANCED_FACE ( 'NONE', ( #7040 ), #6900, .F. ) ;
#997 = ADVANCED_FACE ( 'NONE', ( #1493 ), #2542, .F. ) ;
#998 = CARTESIAN_POINT ( 'NONE',  ( -23.41819294280463737, 1.750000000000000000, 152.8000000000000114 ) ) ;
#999 = CARTESIAN_POINT ( 'NONE',  ( -24.00000000000053291, 1.750000000000000000, -0.000000000000000000 ) ) ;
#1000 = LINE ( 'NONE', #6583, #3200 ) ;
#1001 = EDGE_LOOP ( 'NONE', ( #688, #5781, #4122, #6395 ) ) ;
#1002 = CARTESIAN_POINT ( 'NONE',  ( -16.44999999998816165, 12.34999999999999964, 154.5000000000001705 ) ) ;
#1003 = EDGE_LOOP ( 'NONE', ( #1192, #6571, #6930, #5798 ) ) ;
#1004 = VERTEX_POINT ( 'NONE', #6934 ) ;
#1005 = EDGE_CURVE ( 'NONE', #2792, #2781, #1528, .T. ) ;
#1006 = CIRCLE ( 'NONE', #6566, 1.549999999999995826 ) ;
#1007 = LINE ( 'NONE', #5430, #6186 ) ;
#1008 = FACE_OUTER_BOUND ( 'NONE', #3740, .T. ) ;
#1009 = CARTESIAN_POINT ( 'NONE',  ( -3.358391833210450539, 1.750000000000000000, 150.5000000000000000 ) ) ;
#1010 = FACE_OUTER_BOUND ( 'NONE', #5463, .T. ) ;
#1011 = VECTOR ( 'NONE', #6510, 1000.000000000000000 ) ;
#1012 = ORIENTED_EDGE ( 'NONE', *, *, #1339, .T. ) ;
#1013 = ORIENTED_EDGE ( 'NONE', *, *, #158, .T. ) ;
#1014 = DIRECTION ( 'NONE',  ( 0.5000000000000004441, 0.000000000000000000, -0.8660254037844383745 ) ) ;
#1015 = ORIENTED_EDGE ( 'NONE', *, *, #1135, .F. ) ;
#1016 = DIRECTION ( 'NONE',  ( 0.000000000000000000, -1.000000000000000000, 0.000000000000000000 ) ) ;
#1017 = VECTOR ( 'NONE', #7067, 1000.000000000000000 ) ;
#1018 = EDGE_CURVE ( 'NONE', #200, #1534, #3057, .T. ) ;
#1019 = CARTESIAN_POINT ( 'NONE',  ( 11.84871062256354968, 12.34999999999999964, 3.959507367777423845E-14 ) ) ;
#1020 = DIRECTION ( 'NONE',  ( -0.000000000000000000, -1.000000000000000000, -0.000000000000000000 ) ) ;
#1021 = VECTOR ( 'NONE', #901, 1000.000000000000000 ) ;
#1022 = CARTESIAN_POINT ( 'NONE',  ( 45.27566268575785102, 4.850000000000000533, 78.41974811808478307 ) ) ;
#1023 = ORIENTED_EDGE ( 'NONE', *, *, #889, .F. ) ;
#1024 = VERTEX_POINT ( 'NONE', #372 ) ;
#1025 = VECTOR ( 'NONE', #1109, 1000.000000000000114 ) ;
#1026 = ORIENTED_EDGE ( 'NONE', *, *, #3884, .T. ) ;
#1027 = CARTESIAN_POINT ( 'NONE',  ( 22.70000000001184759, -4.000000000000000000, -0.000000000000000000 ) ) ;
#1028 = DIRECTION ( 'NONE',  ( -2.608606730792191375E-16, 1.807003620809174570E-17, -1.000000000000000000 ) ) ;
#1029 = ORIENTED_EDGE ( 'NONE', *, *, #3501, .T. ) ;
#1030 = VECTOR ( 'NONE', #4351, 1000.000000000000000 ) ;
#1031 = CARTESIAN_POINT ( 'NONE',  ( -13.57930174806593016, 1.249999999999999556, 122.0018057028501204 ) ) ;
#1032 = EDGE_CURVE ( 'NONE', #3185, #3775, #2071, .T. ) ;
#1033 = VECTOR ( 'NONE', #2575, 1000.000000000000000 ) ;
#1034 = CARTESIAN_POINT ( 'NONE',  ( 48.21698837162195161, 6.850000000000000533, 83.51427364760674266 ) ) ;
#1035 = DIRECTION ( 'NONE',  ( -0.000000000000000000, -1.000000000000000000, -0.000000000000000000 ) ) ;
#1036 = EDGE_CURVE ( 'NONE', #3532, #6489, #6969, .T. ) ;
#1037 = FACE_OUTER_BOUND ( 'NONE', #7095, .T. ) ;
#1038 = VERTEX_POINT ( 'NONE', #2508 ) ;
#1039 = CIRCLE ( 'NONE', #2895, 3.099999999999991651 ) ;
#1040 = EDGE_CURVE ( 'NONE', #4877, #3185, #5268, .T. ) ;
#1041 = VECTOR ( 'NONE', #4495, 1000.000000000000000 ) ;
#1042 = CARTESIAN_POINT ( 'NONE',  ( 29.72734600082409884, 2.350000000000000089, 51.48927364760706382 ) ) ;
#1043 = EDGE_LOOP ( 'NONE', ( #6181, #1374, #3041, #1291 ) ) ;
#1044 = ORIENTED_EDGE ( 'NONE', *, *, #5589, .T. ) ;
#1045 = CIRCLE ( 'NONE', #3717, 1.549999999999995826 ) ;
#1046 = DIRECTION ( 'NONE',  ( 0.000000000000000000, 1.000000000000000000, -0.000000000000000000 ) ) ;
#1047 = DIRECTION ( 'NONE',  ( 1.000000000000000000, 0.000000000000000000, -0.000000000000000000 ) ) ;
#1048 = ADVANCED_FACE ( 'NONE', ( #301, #4723 ), #841, .F. ) ;
#1049 = CARTESIAN_POINT ( 'NONE',  ( -24.00000000000053291, 12.34999999999999964, 0.000000000000000000 ) ) ;
#1050 = DIRECTION ( 'NONE',  ( 4.081702296415980498E-16, 0.000000000000000000, 1.000000000000000000 ) ) ;
#1051 = AXIS2_PLACEMENT_3D ( 'NONE', #6335, #254, #6376 ) ;
#1052 = PLANE ( 'NONE',  #3017 ) ;
#1053 = VERTEX_POINT ( 'NONE', #4828 ) ;
#1054 = ORIENTED_EDGE ( 'NONE', *, *, #4115, .F. ) ;
#1055 = CARTESIAN_POINT ( 'NONE',  ( 33.75000000000054001, 4.850000000000000533, 122.3259074277046352 ) ) ;
#1056 = VERTEX_POINT ( 'NONE', #1387 ) ;
#1057 = CARTESIAN_POINT ( 'NONE',  ( -24.00000000000053291, 7.649999999999997691, 115.9000000000000341 ) ) ;
#1058 = DIRECTION ( 'NONE',  ( 0.000000000000000000, 0.000000000000000000, 1.000000000000000000 ) ) ;
#1059 = CARTESIAN_POINT ( 'NONE',  ( 0.000000000000000000, 12.34999999999999964, 82.35000000000002274 ) ) ;
#1060 = CARTESIAN_POINT ( 'NONE',  ( -10.20430174806592838, 1.750000000000000000, 125.7684116160548484 ) ) ;
#1061 = ORIENTED_EDGE ( 'NONE', *, *, #1871, .T. ) ;
#1062 = ORIENTED_EDGE ( 'NONE', *, *, #5341, .F. ) ;
#1063 = ORIENTED_EDGE ( 'NONE', *, *, #3118, .T. ) ;
#1064 = LINE ( 'NONE', #3284, #754 ) ;
#1065 = DIRECTION ( 'NONE',  ( -2.102695122396130163E-16, 0.000000000000000000, 1.000000000000000000 ) ) ;
#1066 = ORIENTED_EDGE ( 'NONE', *, *, #5111, .T. ) ;
#1067 = CARTESIAN_POINT ( 'NONE',  ( -26.00112609145443443, 1.750000000000000000, 130.1000000000000227 ) ) ;
#1068 = CARTESIAN_POINT ( 'NONE',  ( 0.000000000000000000, 12.34999999999999964, 0.000000000000000000 ) ) ;
#1069 = CARTESIAN_POINT ( 'NONE',  ( -25.35112609145445717, 3.050000000000008260, -1.348131770596697894E-15 ) ) ;
#1070 = DIRECTION ( 'NONE',  ( -0.000000000000000000, 1.000000000000000000, -0.000000000000000000 ) ) ;
#1071 = EDGE_CURVE ( 'NONE', #6055, #3776, #3639, .T. ) ;
#1072 = ORIENTED_EDGE ( 'NONE', *, *, #4286, .F. ) ;
#1073 = DIRECTION ( 'NONE',  ( 2.312964634635715347E-16, 0.000000000000000000, 1.000000000000000000 ) ) ;
#1074 = ORIENTED_EDGE ( 'NONE', *, *, #5201, .T. ) ;
#1075 = ADVANCED_FACE ( 'NONE', ( #3023, #6352 ), #2472, .F. ) ;
#1076 = DIRECTION ( 'NONE',  ( -1.000000000000000000, 0.000000000000000000, -0.000000000000000000 ) ) ;
#1077 = FACE_OUTER_BOUND ( 'NONE', #7139, .T. ) ;
#1078 = CARTESIAN_POINT ( 'NONE',  ( 26.00112609145419285, -2.000000000000000000, -5.467244100930936451E-14 ) ) ;
#1079 = EDGE_CURVE ( 'NONE', #5880, #3867, #4745, .T. ) ;
#1080 = CARTESIAN_POINT ( 'NONE',  ( -12.94544686036408088, 1.750000000000000000, 128.5073436110711214 ) ) ;
#1081 = DIRECTION ( 'NONE',  ( -0.000000000000000000, -1.000000000000000000, 0.000000000000000000 ) ) ;
#1082 = ORIENTED_EDGE ( 'NONE', *, *, #3130, .T. ) ;
#1083 = VERTEX_POINT ( 'NONE', #3093 ) ;
#1084 = LINE ( 'NONE', #4965, #1030 ) ;
#1085 = ORIENTED_EDGE ( 'NONE', *, *, #2149, .F. ) ;
#1086 = EDGE_CURVE ( 'NONE', #2337, #4272, #4215, .T. ) ;
#1087 = EDGE_CURVE ( 'NONE', #4782, #621, #5511, .T. ) ;
#1088 = CARTESIAN_POINT ( 'NONE',  ( -24.50112609145443443, -2.000000000000000000, 128.1539330310832554 ) ) ;
#1089 = CARTESIAN_POINT ( 'NONE',  ( -33.75000000000056843, 1.249999999999997558, 111.0000000000000142 ) ) ;
#1090 = LINE ( 'NONE', #1160, #185 ) ;
#1091 = CARTESIAN_POINT ( 'NONE',  ( 12.59175071684177283, 0.000000000000000000, 128.1539330310690445 ) ) ;
#1092 = ORIENTED_EDGE ( 'NONE', *, *, #4362, .F. ) ;
#1093 = DIRECTION ( 'NONE',  ( 4.654101818143543497E-12, 0.000000000000000000, 1.000000000000000000 ) ) ;
#1094 = CONICAL_SURFACE ( 'NONE', #2365, 1.549999999999995826, 0.7853981633974528309 ) ;
#1095 = ORIENTED_EDGE ( 'NONE', *, *, #1578, .F. ) ;
#1096 = EDGE_CURVE ( 'NONE', #4884, #1602, #4866, .T. ) ;
#1097 = AXIS2_PLACEMENT_3D ( 'NONE', #4416, #6624, #1076 ) ;
#1098 = LINE ( 'NONE', #4980, #3542 ) ;
#1099 = DIRECTION ( 'NONE',  ( 0.000000000000000000, 1.000000000000000000, 0.000000000000000000 ) ) ;
#1100 = VECTOR ( 'NONE', #2298, 1000.000000000000000 ) ;
#1101 = ORIENTED_EDGE ( 'NONE', *, *, #2235, .F. ) ;
#1102 = DIRECTION ( 'NONE',  ( -0.000000000000000000, -1.000000000000000000, -0.000000000000000000 ) ) ;
#1103 = AXIS2_PLACEMENT_3D ( 'NONE', #1059, #2577, #4795 ) ;
#1104 = DIRECTION ( 'NONE',  ( -0.04361938736895978885, 0.000000000000000000, -0.9990482215816994804 ) ) ;
#1105 = DIRECTION ( 'NONE',  ( 0.000000000000000000, 0.000000000000000000, 1.000000000000000000 ) ) ;
#1106 = FACE_OUTER_BOUND ( 'NONE', #1769, .T. ) ;
#1107 = VERTEX_POINT ( 'NONE', #3275 ) ;
#1108 = DIRECTION ( 'NONE',  ( 0.000000000000000000, 0.000000000000000000, 1.000000000000000000 ) ) ;
#1109 = DIRECTION ( 'NONE',  ( 0.8660254037844383745, 0.000000000000000000, 0.5000000000000004441 ) ) ;
#1110 = EDGE_CURVE ( 'NONE', #6775, #6611, #4460, .T. ) ;
#1111 = CARTESIAN_POINT ( 'NONE',  ( 33.75000000000054001, 12.34999999999999964, 0.000000000000000000 ) ) ;
#1112 = LINE ( 'NONE', #5943, #1830 ) ;
#1113 = CARTESIAN_POINT ( 'NONE',  ( -26.50000000000052935, -2.000000000000000000, 79.10000000000002274 ) ) ;
#1114 = DIRECTION ( 'NONE',  ( -0.000000000000000000, -1.000000000000000000, 0.000000000000000000 ) ) ;
#1115 = VERTEX_POINT ( 'NONE', #7076 ) ;
#1116 = VERTEX_POINT ( 'NONE', #1088 ) ;
#1117 = DIRECTION ( 'NONE',  ( 0.04361938736895978885, 0.000000000000000000, 0.9990482215816994804 ) ) ;
#1118 = ORIENTED_EDGE ( 'NONE', *, *, #278, .T. ) ;
#1119 = CIRCLE ( 'NONE', #4139, 3.375000000000016875 ) ;
#1120 = EDGE_CURVE ( 'NONE', #4719, #5310, #3916, .T. ) ;
#1121 = CARTESIAN_POINT ( 'NONE',  ( 10.20430174808563706, -2.000000000000000000, 122.0018057028501204 ) ) ;
#1122 = DIRECTION ( 'NONE',  ( 1.000000000000000000, 0.000000000000000000, 0.000000000000000000 ) ) ;
#1123 = DIRECTION ( 'NONE',  ( 1.000000000000000000, 0.000000000000000000, 0.000000000000000000 ) ) ;
#1124 = AXIS2_PLACEMENT_3D ( 'NONE', #670, #4586, #3432 ) ;
#1125 = EDGE_CURVE ( 'NONE', #4625, #615, #6668, .T. ) ;
#1126 = EDGE_CURVE ( 'NONE', #3828, #5994, #1562, .T. ) ;
#1127 = LINE ( 'NONE', #6744, #4404 ) ;
#1128 = ORIENTED_EDGE ( 'NONE', *, *, #4769, .F. ) ;
#1129 = ORIENTED_EDGE ( 'NONE', *, *, #5339, .F. ) ;
#1130 = PLANE ( 'NONE',  #3926 ) ;
#1131 = ORIENTED_EDGE ( 'NONE', *, *, #690, .F. ) ;
#1132 = AXIS2_PLACEMENT_3D ( 'NONE', #2789, #4997, #32 ) ;
#1133 = VECTOR ( 'NONE', #5257, 1000.000000000000000 ) ;
#1134 = FACE_OUTER_BOUND ( 'NONE', #6790, .T. ) ;
#1135 = EDGE_CURVE ( 'NONE', #3377, #1214, #6061, .T. ) ;
#1136 = CARTESIAN_POINT ( 'NONE',  ( -12.19999999998832152, 12.34999999999999964, 155.3000000000000114 ) ) ;
#1137 = EDGE_LOOP ( 'NONE', ( #6033, #6919, #5662, #3720, #6506, #4374 ) ) ;
#1138 = CARTESIAN_POINT ( 'NONE',  ( -13.57930174806593016, 1.249999999999999556, 125.7684116160548484 ) ) ;
#1139 = AXIS2_PLACEMENT_3D ( 'NONE', #5490, #6612, #4301 ) ;
#1140 = CARTESIAN_POINT ( 'NONE',  ( -33.75000000000056843, 1.750000000000000000, 112.0000000000000142 ) ) ;
#1141 = FACE_OUTER_BOUND ( 'NONE', #3960, .T. ) ;
#1142 = DIRECTION ( 'NONE',  ( 1.000000000000000000, 0.000000000000000000, 0.000000000000000000 ) ) ;
#1143 = ORIENTED_EDGE ( 'NONE', *, *, #6270, .T. ) ;
#1144 = CARTESIAN_POINT ( 'NONE',  ( -24.50000000000051514, 4.850000000000000533, 77.10000000000003695 ) ) ;
#1145 = CARTESIAN_POINT ( 'NONE',  ( 45.39198837162197009, 2.350000000000000089, 78.62123011622472291 ) ) ;
#1146 = VECTOR ( 'NONE', #4775, 1000.000000000000114 ) ;
#1147 = DIRECTION ( 'NONE',  ( -1.000000000000000000, 0.000000000000000000, 0.000000000000000000 ) ) ;
#1148 = PLANE ( 'NONE',  #913 ) ;
#1149 = AXIS2_PLACEMENT_3D ( 'NONE', #6162, #1888, #5727 ) ;
#1150 = PLANE ( 'NONE',  #2757 ) ;
#1151 = VECTOR ( 'NONE', #6562, 1000.000000000000000 ) ;
#1152 = CARTESIAN_POINT ( 'NONE',  ( -26.50000000000052935, 2.824844346342727075, 114.2500000000000142 ) ) ;
#1153 = VERTEX_POINT ( 'NONE', #5545 ) ;
#1154 = VERTEX_POINT ( 'NONE', #4354 ) ;
#1155 = CARTESIAN_POINT ( 'NONE',  ( -13.57930174806592838, 1.750000000000000000, 125.7684116160548484 ) ) ;
#1156 = VECTOR ( 'NONE', #696, 1000.000000000000000 ) ;
#1157 = ORIENTED_EDGE ( 'NONE', *, *, #1168, .T. ) ;
#1158 = CARTESIAN_POINT ( 'NONE',  ( 16.80000000000053362, 1.250000000000001110, 100.9834326468444772 ) ) ;
#1159 = LINE ( 'NONE', #2758, #5883 ) ;
#1160 = CARTESIAN_POINT ( 'NONE',  ( -33.75000000000056843, 3.049999999999998046, 115.9000000000000341 ) ) ;
#1161 = AXIS2_PLACEMENT_3D ( 'NONE', #539, #578, #2791 ) ;
#1162 = EDGE_CURVE ( 'NONE', #580, #1672, #1504, .T. ) ;
#1163 = DIRECTION ( 'NONE',  ( 0.7071067811865456854, -0.000000000000000000, 0.7071067811865493491 ) ) ;
#1164 = ORIENTED_EDGE ( 'NONE', *, *, #2471, .F. ) ;
#1165 = ORIENTED_EDGE ( 'NONE', *, *, #4952, .F. ) ;
#1166 = PLANE ( 'NONE',  #5421 ) ;
#1167 = ORIENTED_EDGE ( 'NONE', *, *, #2406, .T. ) ;
#1168 = EDGE_CURVE ( 'NONE', #6156, #6773, #5554, .T. ) ;
#1169 = DIRECTION ( 'NONE',  ( 0.000000000000000000, 1.000000000000000000, 0.000000000000000000 ) ) ;
#1170 = DIRECTION ( 'NONE',  ( 1.000000000000000000, 0.000000000000000000, 0.000000000000000000 ) ) ;
#1171 = ADVANCED_FACE ( 'NONE', ( #2796 ), #6704, .F. ) ;
#1172 = VERTEX_POINT ( 'NONE', #1057 ) ;
#1173 = DIRECTION ( 'NONE',  ( 0.000000000000000000, 0.000000000000000000, -1.000000000000000000 ) ) ;
#1174 = VECTOR ( 'NONE', #1690, 1000.000000000000000 ) ;
#1175 = ORIENTED_EDGE ( 'NONE', *, *, #3701, .F. ) ;
#1176 = EDGE_CURVE ( 'NONE', #4363, #4326, #6525, .T. ) ;
#1177 = CARTESIAN_POINT ( 'NONE',  ( -26.00112609145444509, 12.34999999999999964, 78.60112609145393492 ) ) ;
#1178 = PLANE ( 'NONE',  #1592 ) ;
#1179 = DIRECTION ( 'NONE',  ( 0.000000000000000000, -1.000000000000000000, 0.000000000000000000 ) ) ;
#1180 = ORIENTED_EDGE ( 'NONE', *, *, #3098, .F. ) ;
#1181 = CARTESIAN_POINT ( 'NONE',  ( 32.20000000000057128, 6.850000000000000533, 83.98101451046072441 ) ) ;
#1182 = LINE ( 'NONE', #4415, #5774 ) ;
#1183 = EDGE_CURVE ( 'NONE', #6013, #2273, #546, .T. ) ;
#1184 = CARTESIAN_POINT ( 'NONE',  ( -45.27566268575785102, 12.34999999999999964, 78.41974811808478307 ) ) ;
#1185 = LINE ( 'NONE', #6188, #371 ) ;
#1186 = ORIENTED_EDGE ( 'NONE', *, *, #1304, .T. ) ;
#1187 = DIRECTION ( 'NONE',  ( -0.000000000000000000, -1.000000000000000000, -0.000000000000000000 ) ) ;
#1188 = VERTEX_POINT ( 'NONE', #3816 ) ;
#1189 = EDGE_LOOP ( 'NONE', ( #5081, #2228, #846, #5069, #3171, #3409 ) ) ;
#1190 = CARTESIAN_POINT ( 'NONE',  ( -16.89999999998816449, 1.750000000000001554, 98.40000000000001990 ) ) ;
#1191 = AXIS2_PLACEMENT_3D ( 'NONE', #1408, #855, #3624 ) ;
#1192 = ORIENTED_EDGE ( 'NONE', *, *, #129, .F. ) ;
#1193 = CARTESIAN_POINT ( 'NONE',  ( 24.00000000000051159, 12.34999999999999964, -6.505213034913163866E-15 ) ) ;
#1194 = CARTESIAN_POINT ( 'NONE',  ( 25.35112609145446072, 1.249999999999996447, 126.6000000000000227 ) ) ;
#1195 = LINE ( 'NONE', #4176, #4035 ) ;
#1196 = CARTESIAN_POINT ( 'NONE',  ( 17.24999999998805933, 12.34999999999999964, 155.3000000000000114 ) ) ;
#1197 = DIRECTION ( 'NONE',  ( 0.000000000000000000, 1.000000000000000000, -0.000000000000000000 ) ) ;
#1198 = ORIENTED_EDGE ( 'NONE', *, *, #2224, .T. ) ;
#1199 = ORIENTED_EDGE ( 'NONE', *, *, #1353, .F. ) ;
#1200 = DIRECTION ( 'NONE',  ( 0.4999999999999880096, 0.000000000000000000, -0.8660254037844455910 ) ) ;
#1201 = ORIENTED_EDGE ( 'NONE', *, *, #992, .F. ) ;
#1202 = ADVANCED_FACE ( 'NONE', ( #2242 ), #2756, .F. ) ;
#1203 = ADVANCED_FACE ( 'NONE', ( #2213 ), #39, .T. ) ;
#1204 = DIRECTION ( 'NONE',  ( -0.000000000000000000, 0.000000000000000000, -1.000000000000000000 ) ) ;
#1205 = ORIENTED_EDGE ( 'NONE', *, *, #5122, .F. ) ;
#1206 = CARTESIAN_POINT ( 'NONE',  ( -13.57608949585774560, 0.000000000000000000, 121.8545902704999548 ) ) ;
#1207 = VECTOR ( 'NONE', #2745, 1000.000000000000000 ) ;
#1208 = VERTEX_POINT ( 'NONE', #3201 ) ;
#1209 = EDGE_CURVE ( 'NONE', #6679, #7015, #2649, .T. ) ;
#1210 = CIRCLE ( 'NONE', #2957, 3.099999999999991651 ) ;
#1211 = DIRECTION ( 'NONE',  ( 0.000000000000000000, 0.000000000000000000, -1.000000000000000000 ) ) ;
#1212 = CARTESIAN_POINT ( 'NONE',  ( -29.37500000000054357, 4.850000000000000533, 82.35000000000000853 ) ) ;
#1213 = CARTESIAN_POINT ( 'NONE',  ( -16.89999999998816449, 1.750000000000000000, 98.40000000000001990 ) ) ;
#1214 = VERTEX_POINT ( 'NONE', #4897 ) ;
#1215 = CARTESIAN_POINT ( 'NONE',  ( 22.70000000001184759, -4.000000000000000000, 102.5499999999999545 ) ) ;
#1216 = EDGE_CURVE ( 'NONE', #72, #1230, #7106, .T. ) ;
#1218 = EDGE_CURVE ( 'NONE', #591, #5542, #1597, .T. ) ;
#1217 = DIRECTION ( 'NONE',  ( 2.312964634635715347E-16, 0.000000000000000000, 1.000000000000000000 ) ) ;
#1219 = DIRECTION ( 'NONE',  ( 0.000000000000000000, 0.000000000000000000, 1.000000000000000000 ) ) ;
#1220 = VECTOR ( 'NONE', #3747, 1000.000000000000000 ) ;
#1221 = CARTESIAN_POINT ( 'NONE',  ( 29.37500000000056843, 12.34999999999999964, 119.8000000000000824 ) ) ;
#1222 = CARTESIAN_POINT ( 'NONE',  ( 26.00112609145446640, 1.750000000000000000, 148.0463266998052632 ) ) ;
#1223 = VECTOR ( 'NONE', #5204, 1000.000000000000000 ) ;
#1224 = ORIENTED_EDGE ( 'NONE', *, *, #6660, .T. ) ;
#1225 = EDGE_CURVE ( 'NONE', #1463, #5948, #6126, .T. ) ;
#1226 = DIRECTION ( 'NONE',  ( 0.000000000000000000, 0.000000000000000000, -1.000000000000000000 ) ) ;
#1227 = EDGE_LOOP ( 'NONE', ( #1916, #5409, #5241, #459 ) ) ;
#1228 = ORIENTED_EDGE ( 'NONE', *, *, #6786, .T. ) ;
#1229 = CARTESIAN_POINT ( 'NONE',  ( -32.20000000000054996, 6.850000000000000533, 83.98101451046069599 ) ) ;
#1230 = VERTEX_POINT ( 'NONE', #2318 ) ;
#1231 = DIRECTION ( 'NONE',  ( 0.2812324914707921009, -0.6785677142854391608, -0.6785677142854391608 ) ) ;
#1232 = CARTESIAN_POINT ( 'NONE',  ( -24.50112609145443443, 0.000000000000000000, 0.000000000000000000 ) ) ;
#1233 = CARTESIAN_POINT ( 'NONE',  ( -7.249999999988179233, 1.249999999999999556, 133.4999999999684235 ) ) ;
#1234 = CARTESIAN_POINT ( 'NONE',  ( -41.58984600082452943, 2.350000000000000089, 72.03572635239306976 ) ) ;
#1235 = DIRECTION ( 'NONE',  ( -0.000000000000000000, -1.000000000000000000, 0.000000000000000000 ) ) ;
#1236 = ORIENTED_EDGE ( 'NONE', *, *, #1925, .F. ) ;
#1237 = VERTEX_POINT ( 'NONE', #6233 ) ;
#1238 = DIRECTION ( 'NONE',  ( 0.4999999999999912847, 0.000000000000000000, -0.8660254037844437036 ) ) ;
#1239 = VERTEX_POINT ( 'NONE', #6815 ) ;
#1240 = CONICAL_SURFACE ( 'NONE', #4939, 1.549999999999995826, 0.7853981633974594923 ) ;
#1241 = DIRECTION ( 'NONE',  ( -1.000000000000000000, 0.000000000000000000, 0.000000000000000000 ) ) ;
#1242 = DIRECTION ( 'NONE',  ( 0.000000000000000000, 0.000000000000000000, 1.000000000000000000 ) ) ;
#1243 = ORIENTED_EDGE ( 'NONE', *, *, #287, .T. ) ;
#1244 = CARTESIAN_POINT ( 'NONE',  ( -24.70112609145443372, -16.11541742610947381, 125.7684116160548484 ) ) ;
#1245 = ORIENTED_EDGE ( 'NONE', *, *, #6406, .T. ) ;
#1246 = CARTESIAN_POINT ( 'NONE',  ( 26.55000000000055849, 4.850000000000000533, 80.71898548953929264 ) ) ;
#1247 = LINE ( 'NONE', #3395, #6107 ) ;
#1248 = CIRCLE ( 'NONE', #6459, 1.550000000000009592 ) ;
#1249 = DIRECTION ( 'NONE',  ( -0.000000000000000000, -1.000000000000000000, 0.000000000000000000 ) ) ;
#1250 = ORIENTED_EDGE ( 'NONE', *, *, #944, .F. ) ;
#1251 = LINE ( 'NONE', #2375, #460 ) ;
#1252 = ADVANCED_FACE ( 'NONE', ( #2389 ), #6778, .T. ) ;
#1253 = FACE_OUTER_BOUND ( 'NONE', #4964, .T. ) ;
#1254 = CARTESIAN_POINT ( 'NONE',  ( 12.49999999998821210, -4.000000000000000000, 154.0000000000000853 ) ) ;
#1255 = CIRCLE ( 'NONE', #4498, 3.375000000000003109 ) ;
#1256 = CARTESIAN_POINT ( 'NONE',  ( -33.75000000000054001, 4.850000000000000533, 0.000000000000000000 ) ) ;
#1257 = CARTESIAN_POINT ( 'NONE',  ( -16.89999999998816449, -2.000000000000000000, 98.40000000000001990 ) ) ;
#1258 = EDGE_CURVE ( 'NONE', #1208, #2803, #1814, .T. ) ;
#1259 = ORIENTED_EDGE ( 'NONE', *, *, #737, .F. ) ;
#1260 = EDGE_CURVE ( 'NONE', #4625, #4929, #2350, .T. ) ;
#1261 = AXIS2_PLACEMENT_3D ( 'NONE', #506, #581, #1117 ) ;
#1262 = DIRECTION ( 'NONE',  ( 0.000000000000000000, 1.000000000000000000, 0.000000000000000000 ) ) ;
#1263 = VERTEX_POINT ( 'NONE', #4565 ) ;
#1264 = VERTEX_POINT ( 'NONE', #3451 ) ;
#1265 = LINE ( 'NONE', #722, #6014 ) ;
#1266 = VERTEX_POINT ( 'NONE', #75 ) ;
#1267 = VECTOR ( 'NONE', #5836, 1000.000000000000000 ) ;
#1268 = EDGE_CURVE ( 'NONE', #3515, #5611, #2305, .T. ) ;
#1269 = DIRECTION ( 'NONE',  ( -0.000000000000000000, -1.000000000000000000, -0.000000000000000000 ) ) ;
#1270 = CARTESIAN_POINT ( 'NONE',  ( -12.59175071684174085, 1.249999999999999778, 128.1539330310690445 ) ) ;
#1271 = VECTOR ( 'NONE', #4022, 1000.000000000000000 ) ;
#1272 = PLANE ( 'NONE',  #3334 ) ;
#1273 = FACE_OUTER_BOUND ( 'NONE', #2302, .T. ) ;
#1274 = VECTOR ( 'NONE', #3047, 1000.000000000000000 ) ;
#1275 = PLANE ( 'NONE',  #1624 ) ;
#1276 = ORIENTED_EDGE ( 'NONE', *, *, #1538, .F. ) ;
#1277 = ORIENTED_EDGE ( 'NONE', *, *, #814, .T. ) ;
#1278 = DIRECTION ( 'NONE',  ( -0.8660254037844455910, 0.000000000000000000, -0.4999999999999880096 ) ) ;
#1279 = VERTEX_POINT ( 'NONE', #4645 ) ;
#1280 = EDGE_CURVE ( 'NONE', #1631, #4376, #6273, .T. ) ;
#1281 = AXIS2_PLACEMENT_3D ( 'NONE', #4029, #6346, #1961 ) ;
#1282 = CARTESIAN_POINT ( 'NONE',  ( 26.00112609147807774, -4.000000000000000000, 117.7999999999999545 ) ) ;
#1283 = ORIENTED_EDGE ( 'NONE', *, *, #3893, .T. ) ;
#1284 = DIRECTION ( 'NONE',  ( 1.000000000000000000, 0.000000000000000000, 0.000000000000000000 ) ) ;
#1285 = AXIS2_PLACEMENT_3D ( 'NONE', #3483, #3043, #4559 ) ;
#1286 = ORIENTED_EDGE ( 'NONE', *, *, #7110, .F. ) ;
#1287 = EDGE_LOOP ( 'NONE', ( #265, #5584, #674, #6302 ) ) ;
#1288 = FACE_BOUND ( 'NONE', #6672, .T. ) ;
#1289 = CARTESIAN_POINT ( 'NONE',  ( -29.37500000000054001, 2.350000000000000089, 85.61202902092141187 ) ) ;
#1290 = DIRECTION ( 'NONE',  ( 0.8660254037844455910, 0.000000000000000000, -0.4999999999999880096 ) ) ;
#1291 = ORIENTED_EDGE ( 'NONE', *, *, #5192, .T. ) ;
#1292 = CARTESIAN_POINT ( 'NONE',  ( 32.20000000000054996, 2.350000000000000089, 123.4189854895393665 ) ) ;
#1293 = CARTESIAN_POINT ( 'NONE',  ( 33.75000000000054001, 4.850000000000000533, 85.07409257229544153 ) ) ;
#1294 = CARTESIAN_POINT ( 'NONE',  ( -26.50000000000052935, 1.748873908546090483, 111.4988739085461305 ) ) ;
#1295 = CIRCLE ( 'NONE', #6504, 1.550000000000009592 ) ;
#1296 = CARTESIAN_POINT ( 'NONE',  ( 26.50000000000053646, 3.350000000000000089, 112.0000000000000142 ) ) ;
#1297 = EDGE_CURVE ( 'NONE', #69, #2041, #692, .T. ) ;
#1298 = DIRECTION ( 'NONE',  ( 0.5000000000000018874, 0.000000000000000000, 0.8660254037844375974 ) ) ;
#1299 = EDGE_LOOP ( 'NONE', ( #1819, #6796, #2566, #1409 ) ) ;
#1300 = CARTESIAN_POINT ( 'NONE',  ( 17.44999999998821139, 1.750000000000000000, 156.6000000000001933 ) ) ;
#1301 = ORIENTED_EDGE ( 'NONE', *, *, #5791, .F. ) ;
#1302 = ORIENTED_EDGE ( 'NONE', *, *, #1925, .T. ) ;
#1303 = DIRECTION ( 'NONE',  ( 1.624002607568579707E-15, -0.5735764363510452712, 0.8191520442889923537 ) ) ;
#1304 = EDGE_CURVE ( 'NONE', #555, #1731, #653, .T. ) ;
#1305 = ORIENTED_EDGE ( 'NONE', *, *, #6846, .F. ) ;
#1306 = CARTESIAN_POINT ( 'NONE',  ( 11.84871062256329211, 1.000000000000003553, 77.10000000000002274 ) ) ;
#1307 = EDGE_CURVE ( 'NONE', #4454, #2937, #5580, .T. ) ;
#1308 = DIRECTION ( 'NONE',  ( 1.982541115402063729E-15, 0.000000000000000000, 1.000000000000000000 ) ) ;
#1309 = CARTESIAN_POINT ( 'NONE',  ( 24.00000000000053646, 12.34999999999999964, 89.50000000000002842 ) ) ;
#1310 = CARTESIAN_POINT ( 'NONE',  ( -16.89999999998816449, -2.000000000000000000, 99.95000000000003126 ) ) ;
#1311 = FACE_OUTER_BOUND ( 'NONE', #1299, .T. ) ;
#1312 = ORIENTED_EDGE ( 'NONE', *, *, #4822, .F. ) ;
#1313 = EDGE_CURVE ( 'NONE', #1053, #924, #4605, .T. ) ;
#1314 = VERTEX_POINT ( 'NONE', #5113 ) ;
#1315 = DIRECTION ( 'NONE',  ( 0.000000000000000000, 1.000000000000000000, -0.000000000000000000 ) ) ;
#1316 = EDGE_CURVE ( 'NONE', #5331, #731, #2939, .T. ) ;
#1317 = EDGE_LOOP ( 'NONE', ( #6132, #95, #3744, #4132, #2494, #5958 ) ) ;
#1318 = DIRECTION ( 'NONE',  ( 0.000000000000000000, -1.000000000000000000, 0.000000000000000000 ) ) ;
#1319 = ORIENTED_EDGE ( 'NONE', *, *, #3831, .T. ) ;
#1320 = CARTESIAN_POINT ( 'NONE',  ( 26.50000000000051514, 59.63846558463475134, 33.11174007273160669 ) ) ;
#1321 = EDGE_CURVE ( 'NONE', #3785, #4477, #6856, .T. ) ;
#1322 = ORIENTED_EDGE ( 'NONE', *, *, #5300, .T. ) ;
#1323 = CARTESIAN_POINT ( 'NONE',  ( -22.69999999998817586, -4.000000000000000000, 0.000000000000000000 ) ) ;
#1324 = CARTESIAN_POINT ( 'NONE',  ( 33.75000000000054712, 4.850000000000000533, 127.7740925722955154 ) ) ;
#1325 = AXIS2_PLACEMENT_3D ( 'NONE', #7131, #3227, #1656 ) ;
#1326 = ORIENTED_EDGE ( 'NONE', *, *, #673, .T. ) ;
#1327 = DIRECTION ( 'NONE',  ( 0.000000000000000000, -0.000000000000000000, -1.000000000000000000 ) ) ;
#1328 = CARTESIAN_POINT ( 'NONE',  ( 29.37500000000052935, 12.34999999999999964, 87.59999999999999432 ) ) ;
#1329 = CARTESIAN_POINT ( 'NONE',  ( 26.55000000000055849, 6.850000000000000533, 0.000000000000000000 ) ) ;
#1330 = CIRCLE ( 'NONE', #5964, 1.549999999999995826 ) ;
#1331 = AXIS2_PLACEMENT_3D ( 'NONE', #6641, #2221, #5123 ) ;
#1332 = DIRECTION ( 'NONE',  ( -0.7071067811865474617, -0.7071067811865474617, 0.000000000000000000 ) ) ;
#1333 = FACE_OUTER_BOUND ( 'NONE', #2988, .T. ) ;
#1334 = EDGE_LOOP ( 'NONE', ( #6651, #1411, #1062, #3270 ) ) ;
#1335 = VECTOR ( 'NONE', #656, 1000.000000000000000 ) ;
#1336 = CARTESIAN_POINT ( 'NONE',  ( 16.90000000001182556, 1.750000000000001554, 100.9499999999774076 ) ) ;
#1337 = ORIENTED_EDGE ( 'NONE', *, *, #6090, .F. ) ;
#1338 = ORIENTED_EDGE ( 'NONE', *, *, #1809, .F. ) ;
#1339 = EDGE_CURVE ( 'NONE', #5091, #924, #3524, .T. ) ;
#1340 = LINE ( 'NONE', #3009, #6246 ) ;
#1341 = VERTEX_POINT ( 'NONE', #3954 ) ;
#1342 = AXIS2_PLACEMENT_3D ( 'NONE', #2352, #4137, #2500 ) ;
#1343 = CARTESIAN_POINT ( 'NONE',  ( -11.99999999998817479, 0.000000000000000000, 155.5000000000001705 ) ) ;
#1344 = CARTESIAN_POINT ( 'NONE',  ( -11.84871062253962926, 1.250000000000015099, 82.29110954162827340 ) ) ;
#1345 = LINE ( 'NONE', #4534, #4487 ) ;
#1346 = SURFACE_STYLE_FILL_AREA ( #1816 ) ;
#1347 = DIRECTION ( 'NONE',  ( 0.000000000000000000, -1.000000000000000000, 0.000000000000000000 ) ) ;
#1348 = ORIENTED_EDGE ( 'NONE', *, *, #5869, .F. ) ;
#1349 = ORIENTED_EDGE ( 'NONE', *, *, #4584, .F. ) ;
#1350 = EDGE_CURVE ( 'NONE', #5153, #6871, #6703, .T. ) ;
#1351 = PLANE ( 'NONE',  #2300 ) ;
#1352 = ORIENTED_EDGE ( 'NONE', *, *, #2725, .T. ) ;
#1353 = EDGE_CURVE ( 'NONE', #731, #1822, #5728, .T. ) ;
#1354 = LINE ( 'NONE', #3782, #1220 ) ;
#1355 = EDGE_CURVE ( 'NONE', #1731, #3581, #5617, .T. ) ;
#1356 = DIRECTION ( 'NONE',  ( 0.000000000000000000, 0.000000000000000000, 1.000000000000000000 ) ) ;
#1357 = ORIENTED_EDGE ( 'NONE', *, *, #4446, .F. ) ;
#1358 = VECTOR ( 'NONE', #1102, 1000.000000000000000 ) ;
#1359 = EDGE_LOOP ( 'NONE', ( #2609, #2623 ) ) ;
#1360 = CARTESIAN_POINT ( 'NONE',  ( 26.00112609145443798, 0.4999999999999970024, 114.2500000000000142 ) ) ;
#1361 = FACE_OUTER_BOUND ( 'NONE', #1287, .T. ) ;
#1362 = VERTEX_POINT ( 'NONE', #6200 ) ;
#1363 = DIRECTION ( 'NONE',  ( -1.000000000000000000, 0.000000000000000000, -0.000000000000000000 ) ) ;
#1364 = VECTOR ( 'NONE', #2335, 1000.000000000000000 ) ;
#1365 = LINE ( 'NONE', #6330, #5919 ) ;
#1366 = PLANE ( 'NONE',  #3000 ) ;
#1367 = VECTOR ( 'NONE', #1815, 1000.000000000000000 ) ;
#1368 = EDGE_CURVE ( 'NONE', #4918, #4294, #2976, .T. ) ;
#1369 = FACE_OUTER_BOUND ( 'NONE', #6408, .T. ) ;
#1370 = LINE ( 'NONE', #890, #4668 ) ;
#1371 = VERTEX_POINT ( 'NONE', #2605 ) ;
#1372 = DIRECTION ( 'NONE',  ( -0.000000000000000000, 0.000000000000000000, 1.000000000000000000 ) ) ;
#1373 = ORIENTED_EDGE ( 'NONE', *, *, #3040, .T. ) ;
#1374 = ORIENTED_EDGE ( 'NONE', *, *, #1518, .F. ) ;
#1375 = VECTOR ( 'NONE', #1219, 1000.000000000000000 ) ;
#1376 = ORIENTED_EDGE ( 'NONE', *, *, #5929, .T. ) ;
#1377 = DIRECTION ( 'NONE',  ( -0.000000000000000000, -1.000000000000000000, -0.000000000000000000 ) ) ;
#1378 = DIRECTION ( 'NONE',  ( -0.7068211600042046960, 0.000000000000000000, 0.7073922870446852640 ) ) ;
#1379 = CARTESIAN_POINT ( 'NONE',  ( 22.70000000001184759, -2.000000000000000000, 122.0018057028501204 ) ) ;
#1380 = SURFACE_SIDE_STYLE ('',( #1346 ) ) ;
#1381 = VECTOR ( 'NONE', #6747, 1000.000000000000114 ) ;
#1382 = PLANE ( 'NONE',  #702 ) ;
#1383 = ORIENTED_EDGE ( 'NONE', *, *, #5384, .T. ) ;
#1384 = EDGE_LOOP ( 'NONE', ( #6501, #5002, #872, #3712 ) ) ;
#1385 = LINE ( 'NONE', #1455, #4741 ) ;
#1386 = VERTEX_POINT ( 'NONE', #1344 ) ;
#1387 = CARTESIAN_POINT ( 'NONE',  ( 29.37500000000054357, 12.34999999999999964, 123.5000000000000568 ) ) ;
#1388 = CARTESIAN_POINT ( 'NONE',  ( 29.37500000000054357, 4.850000000000000533, 82.35000000000000853 ) ) ;
#1389 = EDGE_CURVE ( 'NONE', #2716, #5440, #4820, .T. ) ;
#1390 = VECTOR ( 'NONE', #2997, 1000.000000000000000 ) ;
#1391 = EDGE_CURVE ( 'NONE', #6988, #1279, #6995, .T. ) ;
#1392 = VECTOR ( 'NONE', #150, 1000.000000000000000 ) ;
#1393 = PLANE ( 'NONE',  #4478 ) ;
#1394 = VERTEX_POINT ( 'NONE', #6382 ) ;
#1395 = VECTOR ( 'NONE', #1778, 1000.000000000000000 ) ;
#1396 = ADVANCED_FACE ( 'NONE', ( #3158 ), #1992, .T. ) ;
#1397 = ORIENTED_EDGE ( 'NONE', *, *, #2016, .F. ) ;
#1398 = PLANE ( 'NONE',  #4917 ) ;
#1399 = ADVANCED_FACE ( 'NONE', ( #2568 ), #3598, .F. ) ;
#1400 = DIRECTION ( 'NONE',  ( 0.3145145977190316189, 0.000000000000000000, 0.9492526364575637476 ) ) ;
#1401 = ORIENTED_EDGE ( 'NONE', *, *, #2920, .T. ) ;
#1402 = VECTOR ( 'NONE', #1073, 1000.000000000000000 ) ;
#1403 = DIRECTION ( 'NONE',  ( -1.933235146104446702E-16, -0.000000000000000000, -1.000000000000000000 ) ) ;
#1404 = CARTESIAN_POINT ( 'NONE',  ( -22.05980492077541655, 1.750000000000000000, 155.3000000000000682 ) ) ;
#1405 = CARTESIAN_POINT ( 'NONE',  ( -33.75000000000056843, 0.4999999999999952260, 114.2500000000000142 ) ) ;
#1406 = EDGE_CURVE ( 'NONE', #4350, #1953, #867, .T. ) ;
#1407 = DIRECTION ( 'NONE',  ( 0.000000000000000000, 0.7071067811865464625, 0.7071067811865486830 ) ) ;
#1408 = CARTESIAN_POINT ( 'NONE',  ( -26.00112609145443088, 1.750000000000000000, 148.0463266998052632 ) ) ;
#1409 = ORIENTED_EDGE ( 'NONE', *, *, #4324, .F. ) ;
#1410 = DIRECTION ( 'NONE',  ( 3.304235192336746324E-15, -0.000000000000000000, 1.000000000000000000 ) ) ;
#1411 = ORIENTED_EDGE ( 'NONE', *, *, #5969, .T. ) ;
#1412 = EDGE_CURVE ( 'NONE', #4023, #792, #6412, .T. ) ;
#1413 = EDGE_LOOP ( 'NONE', ( #6918, #5451, #2694, #3291 ) ) ;
#1414 = ORIENTED_EDGE ( 'NONE', *, *, #3308, .F. ) ;
#1415 = CARTESIAN_POINT ( 'NONE',  ( 0.000000000000000000, -4.000000000000000000, 0.000000000000000000 ) ) ;
#1416 = DIRECTION ( 'NONE',  ( 0.8660254037844364872, 0.000000000000000000, 0.5000000000000036637 ) ) ;
#1417 = DIRECTION ( 'NONE',  ( 0.000000000000000000, 0.000000000000000000, -1.000000000000000000 ) ) ;
#1418 = CARTESIAN_POINT ( 'NONE',  ( 16.90000000001182556, 1.750000000000001554, 95.85000000002263221 ) ) ;
#1419 = ORIENTED_EDGE ( 'NONE', *, *, #2264, .F. ) ;
#1420 = EDGE_LOOP ( 'NONE', ( #3003, #4804, #1491, #3056 ) ) ;
#1421 = FACE_OUTER_BOUND ( 'NONE', #1432, .T. ) ;
#1422 = VERTEX_POINT ( 'NONE', #4100 ) ;
#1423 = CARTESIAN_POINT ( 'NONE',  ( 26.55000000000054428, 6.850000000000000533, 0.000000000000000000 ) ) ;
#1424 = LINE ( 'NONE', #5304, #434 ) ;
#1425 = PLANE ( 'NONE',  #4921 ) ;
#1426 = DIRECTION ( 'NONE',  ( 0.000000000000000000, 1.000000000000000000, 0.000000000000000000 ) ) ;
#1427 = EDGE_LOOP ( 'NONE', ( #1593, #4179, #3020, #583, #1739 ) ) ;
#1428 = ADVANCED_FACE ( 'NONE', ( #2024 ), #3084, .F. ) ;
#1429 = ORIENTED_EDGE ( 'NONE', *, *, #2412, .T. ) ;
#1430 = CARTESIAN_POINT ( 'NONE',  ( 24.50112609146677656, -2.000000000000000000, 128.1539330310690445 ) ) ;
#1431 = CARTESIAN_POINT ( 'NONE',  ( 0.000000000000000000, 4.850000000000000533, 87.59999999999999432 ) ) ;
#1432 = EDGE_LOOP ( 'NONE', ( #1061, #2489, #932, #1506 ) ) ;
#1433 = CARTESIAN_POINT ( 'NONE',  ( 44.53117168668730130, 4.850000000000000533, 77.13025188191750203 ) ) ;
#1434 = LINE ( 'NONE', #5282, #2881 ) ;
#1435 = EDGE_CURVE ( 'NONE', #5356, #521, #3120, .T. ) ;
#1436 = LINE ( 'NONE', #4165, #862 ) ;
#1437 = LINE ( 'NONE', #5862, #5828 ) ;
#1438 = EDGE_CURVE ( 'NONE', #3985, #827, #791, .T. ) ;
#1439 = ORIENTED_EDGE ( 'NONE', *, *, #6212, .F. ) ;
#1440 = EDGE_CURVE ( 'NONE', #7015, #256, #5293, .T. ) ;
#1441 = LINE ( 'NONE', #3660, #2321 ) ;
#1442 = ORIENTED_EDGE ( 'NONE', *, *, #6371, .F. ) ;
#1443 = VECTOR ( 'NONE', #6483, 1000.000000000000000 ) ;
#1444 = ORIENTED_EDGE ( 'NONE', *, *, #2600, .T. ) ;
#1445 = ORIENTED_EDGE ( 'NONE', *, *, #3963, .F. ) ;
#1446 = FACE_OUTER_BOUND ( 'NONE', #6023, .T. ) ;
#1447 = DIRECTION ( 'NONE',  ( 0.7070857455890062759, -0.7070857455890062759, 0.007713414916770000226 ) ) ;
#1448 = VECTOR ( 'NONE', #6979, 1000.000000000000000 ) ;
#1449 = EDGE_CURVE ( 'NONE', #4477, #2436, #7031, .T. ) ;
#1450 = VECTOR ( 'NONE', #3507, 1000.000000000000000 ) ;
#1451 = DIRECTION ( 'NONE',  ( 0.7071067811865474617, -0.7071067811865474617, 0.000000000000000000 ) ) ;
#1452 = DIRECTION ( 'NONE',  ( 1.583613522022786451E-16, -0.5735764363510453823, 0.8191520442889923537 ) ) ;
#1453 = EDGE_LOOP ( 'NONE', ( #5347, #131, #1596, #4339 ) ) ;
#1454 = ORIENTED_EDGE ( 'NONE', *, *, #3870, .T. ) ;
#1455 = CARTESIAN_POINT ( 'NONE',  ( -13.29209295146146630, 1.249999999999999556, 115.3500000000000085 ) ) ;
#1456 = EDGE_LOOP ( 'NONE', ( #3930, #2860, #4882, #1779, #3067, #4455, #6520, #6398, #4563, #5974, #613, #2620, #380, #5926, #1865, #3823, #5298, #5264, #5786, #3812, #229, #2793, #4094, #6197, #6009, #3349, #5335, #6847 ) ) ;
#1457 = VECTOR ( 'NONE', #1020, 1000.000000000000000 ) ;
#1458 = DIRECTION ( 'NONE',  ( 0.000000000000000000, 0.000000000000000000, -1.000000000000000000 ) ) ;
#1459 = DIRECTION ( 'NONE',  ( -1.000000000000000000, 0.000000000000000000, 0.000000000000000000 ) ) ;
#1460 = DIRECTION ( 'NONE',  ( 0.000000000000000000, -0.000000000000000000, -1.000000000000000000 ) ) ;
#1461 = CARTESIAN_POINT ( 'NONE',  ( 25.35112609145436480, 53.23340376863964707, 77.95112609145390081 ) ) ;
#1462 = ORIENTED_EDGE ( 'NONE', *, *, #28, .F. ) ;
#1463 = VERTEX_POINT ( 'NONE', #3702 ) ;
#1464 = DIRECTION ( 'NONE',  ( -0.000000000000000000, -1.000000000000000000, -0.000000000000000000 ) ) ;
#1465 = DIRECTION ( 'NONE',  ( -0.7071067811865500152, -0.000000000000000000, 0.7071067811865451302 ) ) ;
#1466 = ORIENTED_EDGE ( 'NONE', *, *, #2856, .T. ) ;
#1467 = DIRECTION ( 'NONE',  ( -0.000000000000000000, 1.000000000000000000, -0.000000000000000000 ) ) ;
#1468 = FACE_OUTER_BOUND ( 'NONE', #2160, .T. ) ;
#1469 = AXIS2_PLACEMENT_3D ( 'NONE', #1060, #1533, #6463 ) ;
#1470 = FACE_OUTER_BOUND ( 'NONE', #7072, .T. ) ;
#1471 = DIRECTION ( 'NONE',  ( -1.000000000000000000, 0.000000000000000000, 0.000000000000000000 ) ) ;
#1472 = AXIS2_PLACEMENT_3D ( 'NONE', #3379, #4320, #6526 ) ;
#1473 = EDGE_CURVE ( 'NONE', #4790, #2803, #4678, .T. ) ;
#1474 = ORIENTED_EDGE ( 'NONE', *, *, #2368, .F. ) ;
#1475 = CARTESIAN_POINT ( 'NONE',  ( -29.37500000000056133, 6.850000000000000533, 121.7879709790787217 ) ) ;
#1476 = EDGE_LOOP ( 'NONE', ( #508, #181, #5864, #2582 ) ) ;
#1477 = ORIENTED_EDGE ( 'NONE', *, *, #4491, .T. ) ;
#1478 = ORIENTED_EDGE ( 'NONE', *, *, #900, .T. ) ;
#1479 = VECTOR ( 'NONE', #694, 1000.000000000000000 ) ;
#1480 = EDGE_CURVE ( 'NONE', #6120, #1362, #5872, .T. ) ;
#1481 = AXIS2_PLACEMENT_3D ( 'NONE', #1626, #3737, #2640 ) ;
#1482 = CARTESIAN_POINT ( 'NONE',  ( 0.000000000000000000, 1.249999999999999334, 82.35000000000002274 ) ) ;
#1483 = DIRECTION ( 'NONE',  ( 0.8660254037844455910, 0.000000000000000000, 0.4999999999999880096 ) ) ;
#1484 = CARTESIAN_POINT ( 'NONE',  ( 0.000000000000000000, 12.34999999999999964, 130.3000000000000398 ) ) ;
#1485 = EDGE_CURVE ( 'NONE', #3594, #630, #5327, .T. ) ;
#1486 = AXIS2_PLACEMENT_3D ( 'NONE', #1067, #3213, #7051 ) ;
#1487 = LINE ( 'NONE', #1994, #6138 ) ;
#1488 = ORIENTED_EDGE ( 'NONE', *, *, #6326, .T. ) ;
#1489 = ORIENTED_EDGE ( 'NONE', *, *, #3160, .F. ) ;
#1490 = CARTESIAN_POINT ( 'NONE',  ( 4.120447735897592167, 12.34999999999999964, 152.8000000000000398 ) ) ;
#1491 = ORIENTED_EDGE ( 'NONE', *, *, #2102, .T. ) ;
#1492 = EDGE_CURVE ( 'NONE', #4031, #370, #3560, .T. ) ;
#1493 = FACE_OUTER_BOUND ( 'NONE', #6168, .T. ) ;
#1494 = VECTOR ( 'NONE', #3942, 1000.000000000000000 ) ;
#1495 = LINE ( 'NONE', #3746, #3570 ) ;
#1496 = LINE ( 'NONE', #6497, #2613 ) ;
#1497 = PLANE ( 'NONE',  #466 ) ;
#1498 = VECTOR ( 'NONE', #6089, 1000.000000000000000 ) ;
#1499 = ORIENTED_EDGE ( 'NONE', *, *, #504, .T. ) ;
#1500 = ADVANCED_FACE ( 'NONE', ( #4135 ), #259, .F. ) ;
#1501 = VECTOR ( 'NONE', #747, 1000.000000000000000 ) ;
#1502 = ORIENTED_EDGE ( 'NONE', *, *, #4005, .F. ) ;
#1503 = CARTESIAN_POINT ( 'NONE',  ( 0.000000000000000000, 12.34999999999999964, 155.3000000000000114 ) ) ;
#1504 = CIRCLE ( 'NONE', #3935, 3.375000000003944400 ) ;
#1505 = DIRECTION ( 'NONE',  ( 1.982541115402063729E-15, 0.000000000000000000, 1.000000000000000000 ) ) ;
#1506 = ORIENTED_EDGE ( 'NONE', *, *, #6839, .F. ) ;
#1507 = LINE ( 'NONE', #1756, #1698 ) ;
#1508 = VECTOR ( 'NONE', #1661, 1000.000000000000000 ) ;
#1509 = DIRECTION ( 'NONE',  ( -1.000000000000000000, 0.000000000000000000, -0.000000000000000000 ) ) ;
#1510 = LINE ( 'NONE', #3729, #3768 ) ;
#1511 = LINE ( 'NONE', #530, #7035 ) ;
#1512 = VECTOR ( 'NONE', #59, 1000.000000000000000 ) ;
#1513 = DIRECTION ( 'NONE',  ( 0.000000000000000000, 0.000000000000000000, 1.000000000000000000 ) ) ;
#1514 = EDGE_LOOP ( 'NONE', ( #3804, #1373, #6631, #2504, #4904, #1998, #2186, #1905 ) ) ;
#1515 = LINE ( 'NONE', #6479, #4642 ) ;
#1516 = ORIENTED_EDGE ( 'NONE', *, *, #564, .F. ) ;
#1517 = ORIENTED_EDGE ( 'NONE', *, *, #6440, .T. ) ;
#1518 = EDGE_CURVE ( 'NONE', #1116, #1631, #2498, .T. ) ;
#1519 = DIRECTION ( 'NONE',  ( 0.000000000000000000, -0.000000000000000000, -1.000000000000000000 ) ) ;
#1520 = DIRECTION ( 'NONE',  ( 0.000000000000000000, -1.000000000000000000, 0.000000000000000000 ) ) ;
#1521 = CARTESIAN_POINT ( 'NONE',  ( -29.37500000000054357, 12.34999999999999964, 125.0500000000000540 ) ) ;
#1522 = CARTESIAN_POINT ( 'NONE',  ( -33.75000000000054001, 4.850000000000000533, 127.7740925722955154 ) ) ;
#1523 = VERTEX_POINT ( 'NONE', #3265 ) ;
#1524 = ORIENTED_EDGE ( 'NONE', *, *, #5151, .F. ) ;
#1525 = DIRECTION ( 'NONE',  ( 1.367003681438645144E-16, 0.7071067811865345831, 0.7071067811865604513 ) ) ;
#1526 = ORIENTED_EDGE ( 'NONE', *, *, #6060, .F. ) ;
#1527 = EDGE_CURVE ( 'NONE', #2913, #1883, #3331, .T. ) ;
#1528 = LINE ( 'NONE', #3745, #1615 ) ;
#1529 = DIRECTION ( 'NONE',  ( 1.000000000000000000, 0.000000000000000000, -0.000000000000000000 ) ) ;
#1530 = CARTESIAN_POINT ( 'NONE',  ( -17.24999999998802380, 12.34999999999999964, 155.3000000000000114 ) ) ;
#1531 = EDGE_CURVE ( 'NONE', #3, #837, #7167, .T. ) ;
#1532 = ADVANCED_FACE ( 'NONE', ( #1077 ), #2203, .F. ) ;
#1533 = DIRECTION ( 'NONE',  ( -0.000000000000000000, 1.000000000000000000, -0.000000000000000000 ) ) ;
#1534 = VERTEX_POINT ( 'NONE', #4920 ) ;
#1535 = ORIENTED_EDGE ( 'NONE', *, *, #1087, .F. ) ;
#1536 = VERTEX_POINT ( 'NONE', #430 ) ;
#1537 = CARTESIAN_POINT ( 'NONE',  ( -26.00112609145443798, -2.000000000000000000, 102.5500000000000114 ) ) ;
#1538 = EDGE_CURVE ( 'NONE', #2743, #621, #2678, .T. ) ;
#1539 = LINE ( 'NONE', #487, #174 ) ;
#1540 = VERTEX_POINT ( 'NONE', #6083 ) ;
#1541 = CARTESIAN_POINT ( 'NONE',  ( 0.000000000000000000, 12.34999999999999964, 155.3000000000000114 ) ) ;
#1542 = AXIS2_PLACEMENT_3D ( 'NONE', #4633, #4166, #4778 ) ;
#1543 = FACE_OUTER_BOUND ( 'NONE', #4129, .T. ) ;
#1544 = DIRECTION ( 'NONE',  ( 0.000000000000000000, 0.000000000000000000, -1.000000000000000000 ) ) ;
#1545 = PLANE ( 'NONE',  #1787 ) ;
#1546 = ORIENTED_EDGE ( 'NONE', *, *, #1260, .T. ) ;
#1547 = CARTESIAN_POINT ( 'NONE',  ( -29.37500000000054357, 4.850000000000000533, 80.80000000000001137 ) ) ;
#1548 = ORIENTED_EDGE ( 'NONE', *, *, #2856, .F. ) ;
#1549 = ORIENTED_EDGE ( 'NONE', *, *, #2506, .F. ) ;
#1550 = CARTESIAN_POINT ( 'NONE',  ( -10.20430174806592838, 1.750000000000000000, 125.7684116160548484 ) ) ;
#1551 = CARTESIAN_POINT ( 'NONE',  ( 26.50000000000053291, 12.34999999999999964, 87.59999999999999432 ) ) ;
#1552 = FACE_OUTER_BOUND ( 'NONE', #207, .T. ) ;
#1553 = VECTOR ( 'NONE', #2195, 1000.000000000000114 ) ;
#1554 = VECTOR ( 'NONE', #5642, 1000.000000000000000 ) ;
#1555 = LINE ( 'NONE', #3774, #4979 ) ;
#1556 = ORIENTED_EDGE ( 'NONE', *, *, #4972, .T. ) ;
#1557 = ORIENTED_EDGE ( 'NONE', *, *, #3621, .F. ) ;
#1558 = CARTESIAN_POINT ( 'NONE',  ( -11.99999999998817479, 1.750000000000000000, 146.0000000000000000 ) ) ;
#1559 = ORIENTED_EDGE ( 'NONE', *, *, #4361, .T. ) ;
#1560 = CIRCLE ( 'NONE', #2252, 1.549999999999995826 ) ;
#1561 = AXIS2_PLACEMENT_3D ( 'NONE', #3182, #2046, #4842 ) ;
#1562 = LINE ( 'NONE', #4426, #4631 ) ;
#1563 = LINE ( 'NONE', #1019, #5410 ) ;
#1564 = DIRECTION ( 'NONE',  ( -0.000000000000000000, 1.000000000000000000, -0.000000000000000000 ) ) ;
#1565 = ADVANCED_FACE ( 'NONE', ( #5501 ), #2788, .F. ) ;
#1566 = DIRECTION ( 'NONE',  ( 0.000000000000000000, 0.000000000000000000, 1.000000000000000000 ) ) ;
#1567 = ORIENTED_EDGE ( 'NONE', *, *, #1307, .F. ) ;
#1568 = AXIS2_PLACEMENT_3D ( 'NONE', #736, #2949, #5305 ) ;
#1569 = ORIENTED_EDGE ( 'NONE', *, *, #3904, .T. ) ;
#1570 = EDGE_CURVE ( 'NONE', #2054, #5746, #2746, .T. ) ;
#1571 = EDGE_CURVE ( 'NONE', #636, #4530, #6485, .T. ) ;
#1572 = ORIENTED_EDGE ( 'NONE', *, *, #411, .T. ) ;
#1573 = AXIS2_PLACEMENT_3D ( 'NONE', #6780, #6858, #2908 ) ;
#1574 = LINE ( 'NONE', #2081, #7120 ) ;
#1575 = LINE ( 'NONE', #4331, #2137 ) ;
#1576 = ORIENTED_EDGE ( 'NONE', *, *, #1216, .F. ) ;
#1577 = CARTESIAN_POINT ( 'NONE',  ( -29.37500000000054357, 6.850000000000000533, 80.80000000000001137 ) ) ;
#1578 = EDGE_CURVE ( 'NONE', #5762, #5176, #6016, .T. ) ;
#1579 = DIRECTION ( 'NONE',  ( 2.608606730792191375E-16, 0.000000000000000000, 1.000000000000000000 ) ) ;
#1580 = CARTESIAN_POINT ( 'NONE',  ( 22.34999999998815312, 1.750000000000000000, 135.0500000000000114 ) ) ;
#1581 = DIRECTION ( 'NONE',  ( 1.000000000000000000, 0.000000000000000000, 0.000000000000000000 ) ) ;
#1582 = EDGE_LOOP ( 'NONE', ( #943, #1029, #5841, #4526 ) ) ;
#1583 = CARTESIAN_POINT ( 'NONE',  ( 13.57608949592835224, 0.000000000000000000, 121.8545902704920962 ) ) ;
#1584 = ORIENTED_EDGE ( 'NONE', *, *, #2626, .F. ) ;
#1585 = ORIENTED_EDGE ( 'NONE', *, *, #6048, .F. ) ;
#1586 = EDGE_CURVE ( 'NONE', #231, #1962, #1589, .T. ) ;
#1587 = VECTOR ( 'NONE', #6498, 1000.000000000000000 ) ;
#1588 = LINE ( 'NONE', #3264, #4910 ) ;
#1589 = LINE ( 'NONE', #536, #443 ) ;
#1590 = LINE ( 'NONE', #2747, #3574 ) ;
#1591 = DIRECTION ( 'NONE',  ( 1.000000000000000000, 0.000000000000000000, -0.000000000000000000 ) ) ;
#1592 = AXIS2_PLACEMENT_3D ( 'NONE', #4794, #2073, #5920 ) ;
#1593 = ORIENTED_EDGE ( 'NONE', *, *, #542, .T. ) ;
#1594 = EDGE_LOOP ( 'NONE', ( #5262, #5866, #2528, #6104, #5034, #38 ) ) ;
#1595 = CARTESIAN_POINT ( 'NONE',  ( 26.00112609145446640, 0.000000000000000000, 148.0463266998052632 ) ) ;
#1596 = ORIENTED_EDGE ( 'NONE', *, *, #900, .F. ) ;
#1597 = LINE ( 'NONE', #6027, #5434 ) ;
#1598 = VECTOR ( 'NONE', #5944, 1000.000000000000000 ) ;
#1599 = PLANE ( 'NONE',  #4603 ) ;
#1600 = CARTESIAN_POINT ( 'NONE',  ( 16.80000000000053006, 8.900000000000002132, 77.10000000000002274 ) ) ;
#1601 = CARTESIAN_POINT ( 'NONE',  ( -29.37500000000054001, 6.850000000000000533, 85.61202902092141187 ) ) ;
#1602 = VERTEX_POINT ( 'NONE', #4996 ) ;
#1603 = EDGE_CURVE ( 'NONE', #3800, #6281, #4854, .T. ) ;
#1604 = VERTEX_POINT ( 'NONE', #4345 ) ;
#1605 = VECTOR ( 'NONE', #4444, 1000.000000000000000 ) ;
#1606 = ADVANCED_FACE ( 'NONE', ( #6590 ), #6050, .F. ) ;
#1607 = ORIENTED_EDGE ( 'NONE', *, *, #4056, .T. ) ;
#1608 = CARTESIAN_POINT ( 'NONE',  ( -25.35112609145443585, 1.750000000000000000, 114.2500000000000142 ) ) ;
#1609 = DIRECTION ( 'NONE',  ( -1.000000000000000000, 0.000000000000000000, -0.000000000000000000 ) ) ;
#1610 = ORIENTED_EDGE ( 'NONE', *, *, #5333, .T. ) ;
#1611 = VECTOR ( 'NONE', #3849, 1000.000000000000000 ) ;
#1612 = CARTESIAN_POINT ( 'NONE',  ( -10.20430174801494339, -2.000000000000000000, 129.9000000000000057 ) ) ;
#1613 = ADVANCED_FACE ( 'NONE', ( #1008 ), #5981, .F. ) ;
#1614 = ADVANCED_FACE ( 'NONE', ( #7132 ), #2405, .F. ) ;
#1615 = VECTOR ( 'NONE', #5812, 1000.000000000000000 ) ;
#1616 = CARTESIAN_POINT ( 'NONE',  ( 33.75000000000054001, 4.850000000000000533, 0.000000000000000000 ) ) ;
#1617 = CARTESIAN_POINT ( 'NONE',  ( -32.20000000000054996, 2.350000000000000089, 83.98101451046069599 ) ) ;
#1618 = DIRECTION ( 'NONE',  ( 0.4774298500276900614, -0.000000000000000000, -0.8786698687803841112 ) ) ;
#1619 = VERTEX_POINT ( 'NONE', #2097 ) ;
#1620 = VECTOR ( 'NONE', #6855, 1000.000000000000000 ) ;
#1621 = EDGE_CURVE ( 'NONE', #6456, #4038, #1112, .T. ) ;
#1622 = CARTESIAN_POINT ( 'NONE',  ( 17.44999999998820783, 1.750000000000000000, 155.5000000000001705 ) ) ;
#1623 = VERTEX_POINT ( 'NONE', #7098 ) ;
#1624 = AXIS2_PLACEMENT_3D ( 'NONE', #730, #4649, #5229 ) ;
#1625 = FACE_OUTER_BOUND ( 'NONE', #1989, .T. ) ;
#1626 = CARTESIAN_POINT ( 'NONE',  ( -13.57930174806593016, 1.750000000000000000, 122.0018057028501204 ) ) ;
#1627 = DIRECTION ( 'NONE',  ( 0.000000000000000000, 0.000000000000000000, -1.000000000000000000 ) ) ;
#1628 = EDGE_CURVE ( 'NONE', #4081, #2446, #971, .T. ) ;
#1629 = LINE ( 'NONE', #5677, #2079 ) ;
#1630 = CARTESIAN_POINT ( 'NONE',  ( -29.37500000000056843, 4.850000000000000533, 119.8000000000000682 ) ) ;
#1631 = VERTEX_POINT ( 'NONE', #4311 ) ;
#1632 = ORIENTED_EDGE ( 'NONE', *, *, #1571, .F. ) ;
#1633 = CARTESIAN_POINT ( 'NONE',  ( -33.75000000000056843, 3.049999999999998046, 113.9284444020226630 ) ) ;
#1634 = EDGE_LOOP ( 'NONE', ( #5950, #2969, #5902, #4317 ) ) ;
#1635 = DIRECTION ( 'NONE',  ( 1.000000000000000000, -0.000000000000000000, 0.000000000000000000 ) ) ;
#1636 = PLANE ( 'NONE',  #2744 ) ;
#1637 = LINE ( 'NONE', #3888, #1335 ) ;
#1638 = CARTESIAN_POINT ( 'NONE',  ( 0.000000000000000000, -7.290692563079559818, 130.1000000000000227 ) ) ;
#1639 = EDGE_LOOP ( 'NONE', ( #4360, #485, #3103, #2995 ) ) ;
#1640 = CARTESIAN_POINT ( 'NONE',  ( 0.000000000000000000, -7.290692563079559818, 130.1000000000000227 ) ) ;
#1641 = ORIENTED_EDGE ( 'NONE', *, *, #2271, .F. ) ;
#1642 = CARTESIAN_POINT ( 'NONE',  ( -41.90616694888486649, 12.34999999999999964, 13.88471386190805745 ) ) ;
#1643 = FACE_OUTER_BOUND ( 'NONE', #6712, .T. ) ;
#1644 = ORIENTED_EDGE ( 'NONE', *, *, #5015, .T. ) ;
#1645 = DIRECTION ( 'NONE',  ( -1.000000000000000000, 0.000000000000000000, 0.000000000000000000 ) ) ;
#1646 = EDGE_CURVE ( 'NONE', #4159, #756, #499, .T. ) ;
#1647 = CARTESIAN_POINT ( 'NONE',  ( 13.29209295146149472, 1.750000000000000000, 115.3500000000000085 ) ) ;
#1648 = CARTESIAN_POINT ( 'NONE',  ( 26.00112609147809195, -2.000000000000000000, 78.60112609147762441 ) ) ;
#1649 = VECTOR ( 'NONE', #4371, 999.9999999999998863 ) ;
#1650 = CARTESIAN_POINT ( 'NONE',  ( 16.90000000001182556, -2.000000000000000000, 98.40000000000001990 ) ) ;
#1651 = ORIENTED_EDGE ( 'NONE', *, *, #3963, .T. ) ;
#1652 = EDGE_CURVE ( 'NONE', #4589, #3, #2894, .T. ) ;
#1653 = LINE ( 'NONE', #3838, #819 ) ;
#1654 = DIRECTION ( 'NONE',  ( 0.5000000000000004441, 0.000000000000000000, 0.8660254037844383745 ) ) ;
#1655 = ADVANCED_FACE ( 'NONE', ( #5063 ), #1148, .F. ) ;
#1656 = DIRECTION ( 'NONE',  ( 0.000000000000000000, -0.7071067811865425767, -0.7071067811865524577 ) ) ;
#1657 = CARTESIAN_POINT ( 'NONE',  ( 29.37500000000054357, 4.850000000000000533, 125.0500000000000540 ) ) ;
#1658 = EDGE_CURVE ( 'NONE', #5144, #591, #6224, .T. ) ;
#1659 = PLANE ( 'NONE',  #4608 ) ;
#1660 = DIRECTION ( 'NONE',  ( 0.000000000000000000, 1.000000000000000000, -0.000000000000000000 ) ) ;
#1661 = DIRECTION ( 'NONE',  ( -1.000000000000000000, 0.000000000000000000, 0.000000000000000000 ) ) ;
#1662 = ORIENTED_EDGE ( 'NONE', *, *, #4676, .F. ) ;
#1663 = ORIENTED_EDGE ( 'NONE', *, *, #1079, .T. ) ;
#1664 = DIRECTION ( 'NONE',  ( 0.000000000000000000, 0.000000000000000000, 1.000000000000000000 ) ) ;
#1665 = ORIENTED_EDGE ( 'NONE', *, *, #2322, .T. ) ;
#1666 = EDGE_CURVE ( 'NONE', #256, #2947, #4054, .T. ) ;
#1667 = CARTESIAN_POINT ( 'NONE',  ( -3.358391833210450539, 0.000000000000000000, 150.5000000000000000 ) ) ;
#1668 = VECTOR ( 'NONE', #3109, 1000.000000000000000 ) ;
#1669 = DIRECTION ( 'NONE',  ( -2.608606730792191375E-16, 1.721680442322838922E-15, -1.000000000000000000 ) ) ;
#1670 = DIRECTION ( 'NONE',  ( 0.000000000000000000, -1.000000000000000000, -0.000000000000000000 ) ) ;
#1671 = CARTESIAN_POINT ( 'NONE',  ( -13.57930174801888512, 0.000000000000000000, 122.0018057028579648 ) ) ;
#1672 = VERTEX_POINT ( 'NONE', #102 ) ;
#1673 = CARTESIAN_POINT ( 'NONE',  ( -26.00112609145443088, 0.000000000000000000, 148.0463266998052632 ) ) ;
#1674 = ORIENTED_EDGE ( 'NONE', *, *, #3452, .F. ) ;
#1675 = VECTOR ( 'NONE', #5861, 1000.000000000000000 ) ;
#1676 = EDGE_CURVE ( 'NONE', #591, #7092, #3907, .T. ) ;
#1677 = FACE_OUTER_BOUND ( 'NONE', #192, .T. ) ;
#1678 = VECTOR ( 'NONE', #5239, 1000.000000000000000 ) ;
#1679 = VERTEX_POINT ( 'NONE', #4523 ) ;
#1680 = LINE ( 'NONE', #666, #7029 ) ;
#1681 = CIRCLE ( 'NONE', #4580, 1.549999999977375031 ) ;
#1682 = LINE ( 'NONE', #6251, #4693 ) ;
#1683 = DIRECTION ( 'NONE',  ( 0.000000000000000000, 0.000000000000000000, 1.000000000000000000 ) ) ;
#1684 = CARTESIAN_POINT ( 'NONE',  ( -10.20430174806592838, -4.000000000000000000, 129.8999999999998920 ) ) ;
#1685 = VERTEX_POINT ( 'NONE', #3371 ) ;
#1686 = CARTESIAN_POINT ( 'NONE',  ( 41.58984600082426653, 6.850000000000000533, 72.03572635239325450 ) ) ;
#1687 = CARTESIAN_POINT ( 'NONE',  ( 26.00112609145446996, 1.750000000000000000, 130.1000000000000227 ) ) ;
#1688 = CARTESIAN_POINT ( 'NONE',  ( 14.07930174806596213, 1.750000000000000000, 125.7684116160548484 ) ) ;
#1689 = EDGE_CURVE ( 'NONE', #4350, #4938, #2968, .T. ) ;
#1690 = DIRECTION ( 'NONE',  ( -5.798368362876013894E-13, 0.000000000000000000, -1.000000000000000000 ) ) ;
#1691 = LINE ( 'NONE', #4856, #440 ) ;
#1692 = CARTESIAN_POINT ( 'NONE',  ( -25.35112609145443585, 3.050000000000006484, 113.9284444020226346 ) ) ;
#1693 = ORIENTED_EDGE ( 'NONE', *, *, #6765, .T. ) ;
#1694 = ORIENTED_EDGE ( 'NONE', *, *, #6048, .T. ) ;
#1695 = LINE ( 'NONE', #6303, #3713 ) ;
#1696 = EDGE_CURVE ( 'NONE', #262, #4182, #6262, .T. ) ;
#1697 = ORIENTED_EDGE ( 'NONE', *, *, #5960, .F. ) ;
#1698 = VECTOR ( 'NONE', #4003, 1000.000000000000000 ) ;
#1699 = EDGE_CURVE ( 'NONE', #3484, #6561, #1295, .T. ) ;
#1700 = DIRECTION ( 'NONE',  ( 1.000000000000000000, -0.000000000000000000, -0.000000000000000000 ) ) ;
#1701 = UNCERTAINTY_MEASURE_WITH_UNIT (LENGTH_MEASURE( 1.000000000000000082E-05 ), #5125, 'distance_accuracy_value', 'NONE');
#1702 = CARTESIAN_POINT ( 'NONE',  ( 26.50000000000050804, 1.748873908546293432, -2.516455929485364476E-14 ) ) ;
#1703 = DIRECTION ( 'NONE',  ( -0.4999999999999880096, 0.000000000000000000, -0.8660254037844455910 ) ) ;
#1704 = VECTOR ( 'NONE', #5095, 1000.000000000000000 ) ;
#1705 = DIRECTION ( 'NONE',  ( 0.000000000000000000, -0.000000000000000000, -1.000000000000000000 ) ) ;
#1706 = ORIENTED_EDGE ( 'NONE', *, *, #3754, .F. ) ;
#1707 = EDGE_CURVE ( 'NONE', #1153, #6281, #6732, .T. ) ;
#1708 = ORIENTED_EDGE ( 'NONE', *, *, #4108, .F. ) ;
#1709 = LINE ( 'NONE', #3924, #6818 ) ;
#1710 = VERTEX_POINT ( 'NONE', #5573 ) ;
#1711 = VECTOR ( 'NONE', #4606, 1000.000000000000000 ) ;
#1712 = CARTESIAN_POINT ( 'NONE',  ( 26.55000000000054428, 4.850000000000000533, 123.4189854895393665 ) ) ;
#1713 = SURFACE_STYLE_USAGE ( .BOTH. , #664 ) ;
#1714 = ORIENTED_EDGE ( 'NONE', *, *, #6475, .F. ) ;
#1715 = CARTESIAN_POINT ( 'NONE',  ( 12.99999999998822098, 0.000000000000000000, 154.5000000000001705 ) ) ;
#1716 = ADVANCED_FACE ( 'NONE', ( #1727 ), #643, .F. ) ;
#1717 = ORIENTED_EDGE ( 'NONE', *, *, #1707, .T. ) ;
#1718 = DIRECTION ( 'NONE',  ( 0.000000000000000000, -1.000000000000000000, 0.000000000000000000 ) ) ;
#1719 = PLANE ( 'NONE',  #5763 ) ;
#1720 = AXIS2_PLACEMENT_3D ( 'NONE', #4316, #1014, #5438 ) ;
#1721 = LINE ( 'NONE', #169, #3779 ) ;
#1722 = VERTEX_POINT ( 'NONE', #6154 ) ;
#1723 = DIRECTION ( 'NONE',  ( 0.4999999999999982792, 0.000000000000000000, 0.8660254037844397068 ) ) ;
#1724 = DIRECTION ( 'NONE',  ( 0.04361938736838107122, -0.000000000000000000, -0.9990482215817249045 ) ) ;
#1725 = AXIS2_PLACEMENT_3D ( 'NONE', #3961, #2327, #4540 ) ;
#1726 = LINE ( 'NONE', #213, #5025 ) ;
#1727 = FACE_OUTER_BOUND ( 'NONE', #3382, .T. ) ;
#1728 = VECTOR ( 'NONE', #5075, 1000.000000000000000 ) ;
#1729 = CARTESIAN_POINT ( 'NONE',  ( 33.75000000000054001, 4.850000000000000533, 122.3259074277046352 ) ) ;
#1730 = VECTOR ( 'NONE', #1308, 1000.000000000000000 ) ;
#1731 = VERTEX_POINT ( 'NONE', #6768 ) ;
#1732 = CARTESIAN_POINT ( 'NONE',  ( 3.171361672029947009E-13, 4.850000000000000533, 77.10000000000013642 ) ) ;
#1733 = ORIENTED_EDGE ( 'NONE', *, *, #787, .F. ) ;
#1734 = VERTEX_POINT ( 'NONE', #1805 ) ;
#1735 = EDGE_CURVE ( 'NONE', #4477, #651, #1185, .T. ) ;
#1736 = EDGE_CURVE ( 'NONE', #3581, #4159, #3514, .T. ) ;
#1737 = CARTESIAN_POINT ( 'NONE',  ( 26.50000000000052935, 4.850000000000000533, 87.59999999999999432 ) ) ;
#1738 = AXIS2_PLACEMENT_3D ( 'NONE', #7100, #2311, #647 ) ;
#1739 = ORIENTED_EDGE ( 'NONE', *, *, #5422, .F. ) ;
#1740 = LINE ( 'NONE', #4564, #4750 ) ;
#1741 = DIRECTION ( 'NONE',  ( 0.000000000000000000, 0.000000000000000000, -1.000000000000000000 ) ) ;
#1742 = CARTESIAN_POINT ( 'NONE',  ( 11.84871062256314111, 8.899999999999998579, 122.0018057028561032 ) ) ;
#1743 = DIRECTION ( 'NONE',  ( -0.8660254037844378194, 0.000000000000000000, -0.5000000000000015543 ) ) ;
#1744 = VECTOR ( 'NONE', #1410, 1000.000000000000000 ) ;
#1745 = CARTESIAN_POINT ( 'NONE',  ( 21.35344314932023480, 1.750000000000000000, 156.6000000000001933 ) ) ;
#1746 = VERTEX_POINT ( 'NONE', #3441 ) ;
#1747 = ORIENTED_EDGE ( 'NONE', *, *, #5589, .F. ) ;
#1748 = EDGE_CURVE ( 'NONE', #1860, #4779, #4448, .T. ) ;
#1749 = DIRECTION ( 'NONE',  ( 0.000000000000000000, -1.000000000000000000, 0.000000000000000000 ) ) ;
#1750 = ORIENTED_EDGE ( 'NONE', *, *, #1689, .T. ) ;
#1751 = ADVANCED_FACE ( 'NONE', ( #4595 ), #5138, .F. ) ;
#1752 = DIRECTION ( 'NONE',  ( -0.8660254037844395958, 0.000000000000000000, -0.4999999999999982236 ) ) ;
#1753 = EDGE_CURVE ( 'NONE', #6586, #262, #5718, .T. ) ;
#1754 = APPLICATION_PROTOCOL_DEFINITION ( 'draft international standard', 'automotive_design', 1998, #4167 ) ;
#1755 = ORIENTED_EDGE ( 'NONE', *, *, #654, .T. ) ;
#1756 = CARTESIAN_POINT ( 'NONE',  ( -26.50000000000052935, 1.748873908546068279, 5.123508537092179590E-15 ) ) ;
#1757 = EDGE_LOOP ( 'NONE', ( #741, #2212, #937, #6012 ) ) ;
#1758 = EDGE_CURVE ( 'NONE', #6491, #257, #2234, .T. ) ;
#1759 = FACE_OUTER_BOUND ( 'NONE', #5050, .T. ) ;
#1760 = PLANE ( 'NONE',  #4834 ) ;
#1761 = DIRECTION ( 'NONE',  ( -1.000000000000000000, 0.000000000000000000, 0.000000000000000000 ) ) ;
#1762 = EDGE_LOOP ( 'NONE', ( #682, #3273, #6675, #2663 ) ) ;
#1763 = CARTESIAN_POINT ( 'NONE',  ( -10.20430174806592838, -4.000000000000000000, 154.0000000000000853 ) ) ;
#1764 = LINE ( 'NONE', #3976, #6353 ) ;
#1765 = DIRECTION ( 'NONE',  ( 0.000000000000000000, 1.000000000000000000, 0.000000000000000000 ) ) ;
#1766 = DIRECTION ( 'NONE',  ( 0.000000000000000000, 0.000000000000000000, 1.000000000000000000 ) ) ;
#1767 = ORIENTED_EDGE ( 'NONE', *, *, #6172, .F. ) ;
#1768 = DIRECTION ( 'NONE',  ( -0.000000000000000000, -1.000000000000000000, 0.000000000000000000 ) ) ;
#1769 = EDGE_LOOP ( 'NONE', ( #6248, #1012, #3177, #6633 ) ) ;
#1770 = ORIENTED_EDGE ( 'NONE', *, *, #6092, .T. ) ;
#1771 = DIRECTION ( 'NONE',  ( -0.7067492110718520681, -0.7070857455886823129, 0.02313657352790011307 ) ) ;
#1772 = AXIS2_PLACEMENT_3D ( 'NONE', #4705, #3039, #6437 ) ;
#1773 = VERTEX_POINT ( 'NONE', #4667 ) ;
#1774 = CARTESIAN_POINT ( 'NONE',  ( 29.37500000000057554, 6.850000000000000533, 128.3120290209214431 ) ) ;
#1775 = CARTESIAN_POINT ( 'NONE',  ( -10.20430174801494339, -2.000000000000000000, 117.8000000000000114 ) ) ;
#1776 = DIRECTION ( 'NONE',  ( 0.000000000000000000, 1.000000000000000000, 0.000000000000000000 ) ) ;
#1777 = CARTESIAN_POINT ( 'NONE',  ( 14.59999999998815312, 0.7500000000000069944, 133.5000000000000000 ) ) ;
#1778 = DIRECTION ( 'NONE',  ( -0.000000000000000000, -1.000000000000000000, -0.000000000000000000 ) ) ;
#1779 = ORIENTED_EDGE ( 'NONE', *, *, #735, .T. ) ;
#1780 = ORIENTED_EDGE ( 'NONE', *, *, #5056, .F. ) ;
#1781 = CARTESIAN_POINT ( 'NONE',  ( 29.37500000000054357, 12.34999999999999964, 125.0500000000000540 ) ) ;
#1782 = ORIENTED_EDGE ( 'NONE', *, *, #4722, .F. ) ;
#1783 = PLANE ( 'NONE',  #6899 ) ;
#1784 = ADVANCED_FACE ( 'NONE', ( #790 ), #3002, .F. ) ;
#1785 = ORIENTED_EDGE ( 'NONE', *, *, #5601, .F. ) ;
#1786 = CARTESIAN_POINT ( 'NONE',  ( -13.57716024662511600, 0.000000000000000000, 121.9036620812780995 ) ) ;
#1787 = AXIS2_PLACEMENT_3D ( 'NONE', #6649, #3731, #5388 ) ;
#1788 = AXIS2_PLACEMENT_3D ( 'NONE', #1804, #3370, #6731 ) ;
#1789 = VERTEX_POINT ( 'NONE', #354 ) ;
#1790 = ADVANCED_FACE ( 'NONE', ( #2453 ), #6877, .F. ) ;
#1791 = EDGE_CURVE ( 'NONE', #2310, #6990, #4128, .T. ) ;
#1792 = VECTOR ( 'NONE', #348, 1000.000000000000000 ) ;
#1793 = VECTOR ( 'NONE', #5412, 1000.000000000000000 ) ;
#1794 = FACE_BOUND ( 'NONE', #4953, .T. ) ;
#1795 = FACE_OUTER_BOUND ( 'NONE', #1762, .T. ) ;
#1796 = EDGE_CURVE ( 'NONE', #7062, #1860, #2525, .T. ) ;
#1797 = CARTESIAN_POINT ( 'NONE',  ( -26.50000000000052935, 3.050000000000000266, 91.90000000000001990 ) ) ;
#1798 = ORIENTED_EDGE ( 'NONE', *, *, #1736, .F. ) ;
#1799 = DIRECTION ( 'NONE',  ( 0.000000000000000000, 0.8191520442889923537, 0.5735764363510453823 ) ) ;
#1800 = DIRECTION ( 'NONE',  ( -0.02181488487422971953, 0.000000000000000000, -0.9997620270834074452 ) ) ;
#1801 = PLANE ( 'NONE',  #4736 ) ;
#1802 = ADVANCED_FACE ( 'NONE', ( #6953 ), #2699, .F. ) ;
#1803 = VECTOR ( 'NONE', #1824, 1000.000000000000000 ) ;
#1804 = CARTESIAN_POINT ( 'NONE',  ( -22.34999999998811759, 0.000000000000000000, 133.5000000000000000 ) ) ;
#1805 = CARTESIAN_POINT ( 'NONE',  ( 25.35112609145443585, 0.4999999999999970024, 114.2500000000000142 ) ) ;
#1806 = ORIENTED_EDGE ( 'NONE', *, *, #3533, .T. ) ;
#1807 = FACE_OUTER_BOUND ( 'NONE', #2080, .T. ) ;
#1808 = ORIENTED_EDGE ( 'NONE', *, *, #7032, .F. ) ;
#1809 = EDGE_CURVE ( 'NONE', #1953, #4359, #3693, .T. ) ;
#1810 = EDGE_LOOP ( 'NONE', ( #7027, #7137, #4425, #391 ) ) ;
#1811 = FACE_OUTER_BOUND ( 'NONE', #4572, .T. ) ;
#1812 = ORIENTED_EDGE ( 'NONE', *, *, #3586, .F. ) ;
#1813 = DIRECTION ( 'NONE',  ( -1.000000000000000000, 0.000000000000000000, 0.000000000000000000 ) ) ;
#1814 = LINE ( 'NONE', #1194, #1730 ) ;
#1815 = DIRECTION ( 'NONE',  ( 1.000000000000000000, 0.000000000000000000, 0.000000000000000000 ) ) ;
#1816 = FILL_AREA_STYLE ('',( #5115 ) ) ;
#1817 = PLANE ( 'NONE',  #2901 ) ;
#1818 = VECTOR ( 'NONE', #5127, 1000.000000000000000 ) ;
#1819 = ORIENTED_EDGE ( 'NONE', *, *, #2672, .F. ) ;
#1820 = ORIENTED_EDGE ( 'NONE', *, *, #2956, .F. ) ;
#1821 = CARTESIAN_POINT ( 'NONE',  ( -63.76530505655508563, 4.850000000000000533, 110.4447481180855846 ) ) ;
#1822 = VERTEX_POINT ( 'NONE', #2488 ) ;
#1823 = AXIS2_PLACEMENT_3D ( 'NONE', #2474, #4655, #4218 ) ;
#1824 = DIRECTION ( 'NONE',  ( -1.000000000000000000, 0.000000000000000000, 0.000000000000000000 ) ) ;
#1825 = ORIENTED_EDGE ( 'NONE', *, *, #5073, .T. ) ;
#1826 = DIRECTION ( 'NONE',  ( 1.000000000000000000, 0.000000000000000000, 0.000000000000000000 ) ) ;
#1827 = VECTOR ( 'NONE', #3818, 1000.000000000000000 ) ;
#1828 = ORIENTED_EDGE ( 'NONE', *, *, #4754, .F. ) ;
#1829 = EDGE_CURVE ( 'NONE', #1734, #262, #1985, .T. ) ;
#1830 = VECTOR ( 'NONE', #3842, 1000.000000000000000 ) ;
#1831 = CARTESIAN_POINT ( 'NONE',  ( 0.000000000000000000, 1.750000000000000000, 155.3000000000000114 ) ) ;
#1832 = PLANE ( 'NONE',  #3798 ) ;
#1833 = AXIS2_PLACEMENT_3D ( 'NONE', #1906, #384, #1943 ) ;
#1834 = DIRECTION ( 'NONE',  ( -0.000000000000000000, -1.000000000000000000, -0.000000000000000000 ) ) ;
#1835 = ORIENTED_EDGE ( 'NONE', *, *, #4115, .T. ) ;
#1836 = EDGE_CURVE ( 'NONE', #1083, #6314, #1370, .T. ) ;
#1837 = DIRECTION ( 'NONE',  ( 0.000000000000000000, 0.7071067811865443531, 0.7071067811865506814 ) ) ;
#1838 = FACE_OUTER_BOUND ( 'NONE', #4234, .T. ) ;
#1839 = LINE ( 'NONE', #5171, #4383 ) ;
#1840 = EDGE_CURVE ( 'NONE', #370, #1523, #3589, .T. ) ;
#1841 = CARTESIAN_POINT ( 'NONE',  ( -12.49999999998817479, 0.000000000000000000, 154.0000000000000853 ) ) ;
#1842 = DIRECTION ( 'NONE',  ( 0.000000000000000000, 0.000000000000000000, -1.000000000000000000 ) ) ;
#1843 = EDGE_CURVE ( 'NONE', #3861, #4782, #5794, .T. ) ;
#1844 = VERTEX_POINT ( 'NONE', #1949 ) ;
#1845 = EDGE_CURVE ( 'NONE', #4929, #2540, #5174, .T. ) ;
#1846 = AXIS2_PLACEMENT_3D ( 'NONE', #5299, #5334, #6350 ) ;
#1847 = LINE ( 'NONE', #6917, #10 ) ;
#1848 = ORIENTED_EDGE ( 'NONE', *, *, #5266, .F. ) ;
#1849 = ORIENTED_EDGE ( 'NONE', *, *, #3136, .T. ) ;
#1850 = DIRECTION ( 'NONE',  ( -1.000000000000000000, 0.000000000000000000, 0.000000000000000000 ) ) ;
#1851 = ORIENTED_EDGE ( 'NONE', *, *, #2945, .T. ) ;
#1852 = CARTESIAN_POINT ( 'NONE',  ( -32.20000000000051443, 4.850000000000000533, 123.4189854895393950 ) ) ;
#1853 = CARTESIAN_POINT ( 'NONE',  ( -22.34999999998811759, 1.750000000000000000, 133.5000000000000000 ) ) ;
#1854 = VECTOR ( 'NONE', #6664, 1000.000000000000000 ) ;
#1855 = EDGE_CURVE ( 'NONE', #3558, #5289, #5827, .T. ) ;
#1856 = CARTESIAN_POINT ( 'NONE',  ( 14.59999999998815312, 1.750000000000000000, 129.4000000000000057 ) ) ;
#1857 = CARTESIAN_POINT ( 'NONE',  ( 24.50112609146677656, -2.000000000000000000, 128.1539330310690445 ) ) ;
#1858 = VECTOR ( 'NONE', #6054, 1000.000000000000000 ) ;
#1859 = CARTESIAN_POINT ( 'NONE',  ( -16.89999999998816449, 0.7499999999999729106, 96.85000000000000853 ) ) ;
#1860 = VERTEX_POINT ( 'NONE', #6296 ) ;
#1861 = ORIENTED_EDGE ( 'NONE', *, *, #3216, .F. ) ;
#1862 = DIRECTION ( 'NONE',  ( -1.000000000000000000, 0.000000000000000000, 0.000000000000000000 ) ) ;
#1863 = ORIENTED_EDGE ( 'NONE', *, *, #3522, .F. ) ;
#1864 = DIRECTION ( 'NONE',  ( 0.000000000000000000, 0.000000000000000000, 1.000000000000000000 ) ) ;
#1865 = ORIENTED_EDGE ( 'NONE', *, *, #2052, .F. ) ;
#1866 = PLANE ( 'NONE',  #662 ) ;
#1867 = AXIS2_PLACEMENT_3D ( 'NONE', #4124, #6911, #3475 ) ;
#1868 = ORIENTED_EDGE ( 'NONE', *, *, #3143, .T. ) ;
#1869 = DIRECTION ( 'NONE',  ( -0.000000000000000000, 1.000000000000000000, -0.000000000000000000 ) ) ;
#1870 = LINE ( 'NONE', #1431, #4687 ) ;
#1871 = EDGE_CURVE ( 'NONE', #1892, #6338, #2814, .T. ) ;
#1872 = ORIENTED_EDGE ( 'NONE', *, *, #5085, .T. ) ;
#1873 = CARTESIAN_POINT ( 'NONE',  ( -33.75000000000054001, 4.850000000000000533, 85.07409257229544153 ) ) ;
#1874 = DIRECTION ( 'NONE',  ( -0.000000000000000000, 0.000000000000000000, 1.000000000000000000 ) ) ;
#1875 = DIRECTION ( 'NONE',  ( -0.04361938736895978885, 0.000000000000000000, -0.9990482215816994804 ) ) ;
#1876 = AXIS2_PLACEMENT_3D ( 'NONE', #2381, #6805, #1842 ) ;
#1877 = DIRECTION ( 'NONE',  ( 1.000000000000000000, -0.000000000000000000, 0.000000000000000000 ) ) ;
#1878 = CARTESIAN_POINT ( 'NONE',  ( -14.59999999998812292, 1.750000000000000000, 130.4000000000000057 ) ) ;
#1879 = ADVANCED_FACE ( 'NONE', ( #214 ), #6914, .F. ) ;
#1880 = EDGE_LOOP ( 'NONE', ( #1585, #6287, #1812, #6974 ) ) ;
#1881 = CARTESIAN_POINT ( 'NONE',  ( -33.75000000000054001, 12.34999999999999964, 79.62590742770457553 ) ) ;
#1882 = ORIENTED_EDGE ( 'NONE', *, *, #4539, .F. ) ;
#1883 = VERTEX_POINT ( 'NONE', #6373 ) ;
#1884 = DIRECTION ( 'NONE',  ( 0.000000000000000000, 0.000000000000000000, -1.000000000000000000 ) ) ;
#1885 = ORIENTED_EDGE ( 'NONE', *, *, #5064, .F. ) ;
#1886 = ADVANCED_FACE ( 'NONE', ( #1333 ), #6845, .F. ) ;
#1887 = EDGE_CURVE ( 'NONE', #6099, #795, #1437, .T. ) ;
#1888 = DIRECTION ( 'NONE',  ( -0.000000000000000000, 1.000000000000000000, -0.000000000000000000 ) ) ;
#1889 = DIRECTION ( 'NONE',  ( -1.000000000000000000, 0.000000000000000000, 0.000000000000000000 ) ) ;
#1890 = CARTESIAN_POINT ( 'NONE',  ( -11.24294506601166432, 1.750000000000000000, 126.8070549340006039 ) ) ;
#1891 = LINE ( 'NONE', #3564, #4634 ) ;
#1892 = VERTEX_POINT ( 'NONE', #2014 ) ;
#1893 = ORIENTED_EDGE ( 'NONE', *, *, #26, .F. ) ;
#1894 = CARTESIAN_POINT ( 'NONE',  ( 24.00000000000054357, 12.34999999999999964, 130.3000000000000398 ) ) ;
#1895 = ORIENTED_EDGE ( 'NONE', *, *, #251, .T. ) ;
#1896 = EDGE_CURVE ( 'NONE', #3313, #804, #3183, .T. ) ;
#1897 = DIRECTION ( 'NONE',  ( 0.000000000000000000, 1.000000000000000000, 0.000000000000000000 ) ) ;
#1898 = LINE ( 'NONE', #3096, #84 ) ;
#1899 = EDGE_LOOP ( 'NONE', ( #6189, #5454, #2827, #4735, #5322, #5700, #1442, #6428, #3537, #723, #1662, #4561, #4422, #986, #6755, #5108, #2325, #107, #818 ) ) ;
#1900 = ORIENTED_EDGE ( 'NONE', *, *, #2600, .F. ) ;
#1901 = CARTESIAN_POINT ( 'NONE',  ( 29.37500000000054357, 6.850000000000000533, 123.5000000000000568 ) ) ;
#1902 = CIRCLE ( 'NONE', #6764, 2.550000000000024691 ) ;
#1903 = CARTESIAN_POINT ( 'NONE',  ( 22.34999999998815312, 0.7500000000000084377, 133.5000000000000000 ) ) ;
#1904 = VECTOR ( 'NONE', #353, 1000.000000000000000 ) ;
#1905 = ORIENTED_EDGE ( 'NONE', *, *, #6701, .T. ) ;
#1906 = CARTESIAN_POINT ( 'NONE',  ( -26.50000000000052935, 12.34999999999999964, 79.10000000000002274 ) ) ;
#1907 = CARTESIAN_POINT ( 'NONE',  ( -24.50112609139251774, 0.000000000000000000, 128.1539330310832554 ) ) ;
#1908 = DIRECTION ( 'NONE',  ( 0.000000000000000000, 0.000000000000000000, -1.000000000000000000 ) ) ;
#1909 = AXIS2_PLACEMENT_3D ( 'NONE', #957, #993, #2116 ) ;
#1910 = AXIS2_PLACEMENT_3D ( 'NONE', #1140, #3362, #3645 ) ;
#1911 = DIRECTION ( 'NONE',  ( 0.000000000000000000, 0.7071067811865501263, 0.7071067811865449082 ) ) ;
#1912 = DIRECTION ( 'NONE',  ( 0.8660254037844368202, 0.000000000000000000, 0.5000000000000032196 ) ) ;
#1913 = ORIENTED_EDGE ( 'NONE', *, *, #5255, .T. ) ;
#1914 = CIRCLE ( 'NONE', #5502, 3.099999999999991651 ) ;
#1915 = LINE ( 'NONE', #4059, #2089 ) ;
#1916 = ORIENTED_EDGE ( 'NONE', *, *, #1018, .F. ) ;
#1917 = ORIENTED_EDGE ( 'NONE', *, *, #2359, .F. ) ;
#1918 = VERTEX_POINT ( 'NONE', #388 ) ;
#1919 = EDGE_CURVE ( 'NONE', #4730, #368, #2156, .T. ) ;
#1920 = AXIS2_PLACEMENT_3D ( 'NONE', #1650, #4410, #6043 ) ;
#1921 = CARTESIAN_POINT ( 'NONE',  ( 16.90000000001182556, 1.750000000000001554, 98.40000000000001990 ) ) ;
#1922 = CARTESIAN_POINT ( 'NONE',  ( -17.44999999998816875, 0.000000000000000000, 156.6000000000001933 ) ) ;
#1923 = DIRECTION ( 'NONE',  ( -0.000000000000000000, -1.000000000000000000, 0.000000000000000000 ) ) ;
#1924 = DIRECTION ( 'NONE',  ( 0.000000000000000000, 0.000000000000000000, -1.000000000000000000 ) ) ;
#1925 = EDGE_CURVE ( 'NONE', #4938, #3644, #7090, .T. ) ;
#1926 = FACE_OUTER_BOUND ( 'NONE', #6630, .T. ) ;
#1927 = ORIENTED_EDGE ( 'NONE', *, *, #2725, .F. ) ;
#1928 = ORIENTED_EDGE ( 'NONE', *, *, #3803, .F. ) ;
#1929 = DIRECTION ( 'NONE',  ( 0.000000000000000000, 0.000000000000000000, 1.000000000000000000 ) ) ;
#1930 = ORIENTED_EDGE ( 'NONE', *, *, #1758, .F. ) ;
#1931 = EDGE_CURVE ( 'NONE', #5179, #4547, #5935, .T. ) ;
#1932 = CARTESIAN_POINT ( 'NONE',  ( -14.15972515671541920, 1.750000000000000000, 125.6821039702498410 ) ) ;
#1933 = DIRECTION ( 'NONE',  ( 0.8660254037844381525, 0.000000000000000000, -0.5000000000000008882 ) ) ;
#1934 = EDGE_CURVE ( 'NONE', #1685, #7162, #4843, .T. ) ;
#1935 = PLANE ( 'NONE',  #3449 ) ;
#1936 = ORIENTED_EDGE ( 'NONE', *, *, #155, .F. ) ;
#1937 = VECTOR ( 'NONE', #341, 1000.000000000000000 ) ;
#1938 = EDGE_LOOP ( 'NONE', ( #3045, #43, #5842, #6687, #5698 ) ) ;
#1939 = DIRECTION ( 'NONE',  ( 1.000000000000000000, 0.000000000000000000, -0.000000000000000000 ) ) ;
#1940 = EDGE_CURVE ( 'NONE', #3848, #721, #2581, .T. ) ;
#1941 = LINE ( 'NONE', #3684, #3875 ) ;
#1942 = ORIENTED_EDGE ( 'NONE', *, *, #1855, .T. ) ;
#1943 = DIRECTION ( 'NONE',  ( 0.000000000000000000, -1.000000000000000000, 0.000000000000000000 ) ) ;
#1944 = AXIS2_PLACEMENT_3D ( 'NONE', #2140, #8, #2797 ) ;
#1945 = CARTESIAN_POINT ( 'NONE',  ( 9.855489709706479279E-13, 4.850000000000000533, 119.7999999999998408 ) ) ;
#1946 = CARTESIAN_POINT ( 'NONE',  ( 10.20430174806593726, 1.750000000000000000, 125.7684116160548484 ) ) ;
#1947 = VECTOR ( 'NONE', #5805, 1000.000000000000114 ) ;
#1948 = CARTESIAN_POINT ( 'NONE',  ( -17.44999999998816875, 1.750000000000000000, 156.6000000000001933 ) ) ;
#1949 = CARTESIAN_POINT ( 'NONE',  ( 29.37500000000052580, 12.34999999999999964, 130.3000000000000398 ) ) ;
#1950 = ORIENTED_EDGE ( 'NONE', *, *, #6092, .F. ) ;
#1951 = LINE ( 'NONE', #4598, #244 ) ;
#1952 = EDGE_LOOP ( 'NONE', ( #4118, #6159, #3383, #5033 ) ) ;
#1953 = VERTEX_POINT ( 'NONE', #2595 ) ;
#1954 = VECTOR ( 'NONE', #2340, 1000.000000000000227 ) ;
#1955 = ORIENTED_EDGE ( 'NONE', *, *, #347, .T. ) ;
#1956 = DIRECTION ( 'NONE',  ( 0.000000000000000000, 1.000000000000000000, -0.000000000000000000 ) ) ;
#1957 = DIRECTION ( 'NONE',  ( 0.000000000000000000, 1.000000000000000000, 0.000000000000000000 ) ) ;
#1958 = LINE ( 'NONE', #1379, #4153 ) ;
#1959 = VECTOR ( 'NONE', #660, 1000.000000000000000 ) ;
#1960 = EDGE_CURVE ( 'NONE', #3139, #4662, #2628, .T. ) ;
#1961 = DIRECTION ( 'NONE',  ( 0.000000000000000000, -0.000000000000000000, -1.000000000000000000 ) ) ;
#1962 = VERTEX_POINT ( 'NONE', #7054 ) ;
#1963 = ORIENTED_EDGE ( 'NONE', *, *, #145, .F. ) ;
#1964 = CARTESIAN_POINT ( 'NONE',  ( 13.57608949592835224, -2.000000000000000000, 121.8545902704920962 ) ) ;
#1965 = ORIENTED_EDGE ( 'NONE', *, *, #424, .F. ) ;
#1966 = AXIS2_PLACEMENT_3D ( 'NONE', #1190, #3376, #5613 ) ;
#1967 = DIRECTION ( 'NONE',  ( 0.000000000000000000, 1.000000000000000000, -0.000000000000000000 ) ) ;
#1968 = CARTESIAN_POINT ( 'NONE',  ( -33.75000000000056843, 0.000000000000000000, 91.90000000000001990 ) ) ;
#1969 = DIRECTION ( 'NONE',  ( 1.000000000000000000, 0.000000000000000000, -0.000000000000000000 ) ) ;
#1970 = CONICAL_SURFACE ( 'NONE', #809, 3.099999999999991651, 0.7853981633974498333 ) ;
#1971 = EDGE_CURVE ( 'NONE', #2310, #3628, #3105, .T. ) ;
#1972 = CARTESIAN_POINT ( 'NONE',  ( 62.90448837162224294, 6.850000000000000533, 108.9537698837752231 ) ) ;
#1973 = ORIENTED_EDGE ( 'NONE', *, *, #5969, .F. ) ;
#1974 = VECTOR ( 'NONE', #5551, 1000.000000000000000 ) ;
#1975 = EDGE_CURVE ( 'NONE', #1038, #4706, #4880, .T. ) ;
#1976 = EDGE_CURVE ( 'NONE', #1394, #69, #2088, .T. ) ;
#1977 = FACE_OUTER_BOUND ( 'NONE', #5889, .T. ) ;
#1978 = CARTESIAN_POINT ( 'NONE',  ( -14.59999999998812292, 0.000000000000000000, 130.4000000000000057 ) ) ;
#1979 = ORIENTED_EDGE ( 'NONE', *, *, #3143, .F. ) ;
#1980 = VECTOR ( 'NONE', #5321, 1000.000000000000000 ) ;
#1981 = DIRECTION ( 'NONE',  ( -0.02181488487422971953, 0.000000000000000000, -0.9997620270834074452 ) ) ;
#1982 = CARTESIAN_POINT ( 'NONE',  ( -26.50000000000052935, 4.850000000000000533, 79.10000000000002274 ) ) ;
#1983 = ADVANCED_FACE ( 'NONE', ( #5457 ), #6547, .F. ) ;
#1984 = DIRECTION ( 'NONE',  ( -0.3145145977190316189, 0.000000000000000000, -0.9492526364575637476 ) ) ;
#1985 = LINE ( 'NONE', #930, #960 ) ;
#1986 = ORIENTED_EDGE ( 'NONE', *, *, #1628, .F. ) ;
#1987 = DIRECTION ( 'NONE',  ( -0.000000000000000000, -1.000000000000000000, -0.000000000000000000 ) ) ;
#1988 = ORIENTED_EDGE ( 'NONE', *, *, #2586, .F. ) ;
#1989 = EDGE_LOOP ( 'NONE', ( #2838, #969, #5710, #6358 ) ) ;
#1990 = ORIENTED_EDGE ( 'NONE', *, *, #4323, .F. ) ;
#1991 = DIRECTION ( 'NONE',  ( 0.000000000000000000, 1.000000000000000000, 0.000000000000000000 ) ) ;
#1992 = PLANE ( 'NONE',  #2754 ) ;
#1993 = DIRECTION ( 'NONE',  ( -1.367003681438629614E-16, -0.7071067811865425767, -0.7071067811865524577 ) ) ;
#1994 = CARTESIAN_POINT ( 'NONE',  ( -10.20430174801493806, 1.000000000000000888, 77.10000000000002274 ) ) ;
#1995 = ORIENTED_EDGE ( 'NONE', *, *, #3999, .F. ) ;
#1996 = ORIENTED_EDGE ( 'NONE', *, *, #2626, .T. ) ;
#1997 = CARTESIAN_POINT ( 'NONE',  ( 0.000000000000000000, 0.000000000000000000, 130.1000000000000227 ) ) ;
#1998 = ORIENTED_EDGE ( 'NONE', *, *, #5869, .T. ) ;
#1999 = DIRECTION ( 'NONE',  ( -0.000000000000000000, -1.000000000000000000, 0.000000000000000000 ) ) ;
#2000 = LINE ( 'NONE', #5848, #550 ) ;
#2001 = LINE ( 'NONE', #4217, #4001 ) ;
#2002 = DIRECTION ( 'NONE',  ( -1.000000000000000000, -1.149911395060383633E-16, 0.000000000000000000 ) ) ;
#2003 = ORIENTED_EDGE ( 'NONE', *, *, #3346, .T. ) ;
#2004 = EDGE_CURVE ( 'NONE', #6553, #3980, #4811, .T. ) ;
#2005 = ORIENTED_EDGE ( 'NONE', *, *, #6271, .T. ) ;
#2006 = LINE ( 'NONE', #309, #2485 ) ;
#2007 = DIRECTION ( 'NONE',  ( 1.982541115402063729E-15, 0.000000000000000000, 1.000000000000000000 ) ) ;
#2008 = ORIENTED_EDGE ( 'NONE', *, *, #4286, .T. ) ;
#2009 = DIRECTION ( 'NONE',  ( 0.000000000000000000, -1.000000000000000000, 0.000000000000000000 ) ) ;
#2010 = EDGE_CURVE ( 'NONE', #795, #1918, #7125, .T. ) ;
#2011 = CARTESIAN_POINT ( 'NONE',  ( -26.00112609145443088, 1.750000000000000000, 148.0463266998052632 ) ) ;
#2012 = EDGE_CURVE ( 'NONE', #721, #4944, #457, .T. ) ;
#2013 = DIRECTION ( 'NONE',  ( 0.000000000000000000, -0.000000000000000000, 1.000000000000000000 ) ) ;
#2014 = CARTESIAN_POINT ( 'NONE',  ( -22.34999999998811759, 0.7500000000000223155, 131.9500000000000171 ) ) ;
#2015 = EDGE_LOOP ( 'NONE', ( #1319, #1414, #1674, #1607 ) ) ;
#2016 = EDGE_CURVE ( 'NONE', #5706, #6586, #1511, .T. ) ;
#2017 = CARTESIAN_POINT ( 'NONE',  ( 0.000000000000000000, 12.34999999999999964, 79.10000000000002274 ) ) ;
#2018 = AXIS2_PLACEMENT_3D ( 'NONE', #4259, #6468, #1505 ) ;
#2019 = ORIENTED_EDGE ( 'NONE', *, *, #4813, .F. ) ;
#2020 = VECTOR ( 'NONE', #1911, 1000.000000000000000 ) ;
#2021 = ORIENTED_EDGE ( 'NONE', *, *, #4675, .F. ) ;
#2022 = ORIENTED_EDGE ( 'NONE', *, *, #120, .T. ) ;
#2023 = PLANE ( 'NONE',  #51 ) ;
#2024 = FACE_OUTER_BOUND ( 'NONE', #3341, .T. ) ;
#2025 = VECTOR ( 'NONE', #6396, 1000.000000000000000 ) ;
#2026 = CARTESIAN_POINT ( 'NONE',  ( -29.37500000000054357, 4.850000000000000533, 83.90000000000000568 ) ) ;
#2027 = DIRECTION ( 'NONE',  ( 1.000000000000000000, 0.000000000000000000, 4.113309561647135118E-15 ) ) ;
#2028 = EDGE_LOOP ( 'NONE', ( #4710, #2022, #4388, #5220 ) ) ;
#2029 = EDGE_LOOP ( 'NONE', ( #2148, #4824, #7127, #5709 ) ) ;
#2030 = LINE ( 'NONE', #3709, #3704 ) ;
#2031 = ORIENTED_EDGE ( 'NONE', *, *, #4058, .T. ) ;
#2032 = VECTOR ( 'NONE', #6202, 1000.000000000000000 ) ;
#2033 = CARTESIAN_POINT ( 'NONE',  ( -24.00000000000053291, 12.34999999999999964, 115.9000000000000341 ) ) ;
#2034 = CARTESIAN_POINT ( 'NONE',  ( 16.90000000001182556, 53.23340376863964707, 98.40000000000001990 ) ) ;
#2035 = CARTESIAN_POINT ( 'NONE',  ( 33.75000000000054001, 12.34999999999999964, 0.000000000000000000 ) ) ;
#2036 = DIRECTION ( 'NONE',  ( -1.000000000000000000, 0.000000000000000000, 0.000000000000000000 ) ) ;
#2037 = VERTEX_POINT ( 'NONE', #1648 ) ;
#2038 = VERTEX_POINT ( 'NONE', #2738 ) ;
#2039 = CARTESIAN_POINT ( 'NONE',  ( -45.27566268575785102, 4.850000000000000533, 78.41974811808478307 ) ) ;
#2040 = FACE_BOUND ( 'NONE', #5649, .T. ) ;
#2041 = VERTEX_POINT ( 'NONE', #7020 ) ;
#2042 = DIRECTION ( 'NONE',  ( 0.000000000000000000, -1.000000000000000000, 0.000000000000000000 ) ) ;
#2043 = ADVANCED_FACE ( 'NONE', ( #4949 ), #3763, .F. ) ;
#2044 = DIRECTION ( 'NONE',  ( -0.000000000000000000, 1.000000000000000000, -0.000000000000000000 ) ) ;
#2045 = VECTOR ( 'NONE', #4908, 1000.000000000000000 ) ;
#2046 = DIRECTION ( 'NONE',  ( 0.000000000000000000, 0.000000000000000000, 1.000000000000000000 ) ) ;
#2047 = DIRECTION ( 'NONE',  ( -0.000000000000000000, -1.000000000000000000, -0.000000000000000000 ) ) ;
#2048 = EDGE_CURVE ( 'NONE', #7162, #779, #5351, .T. ) ;
#2049 = AXIS2_PLACEMENT_3D ( 'NONE', #7160, #6075, #3150 ) ;
#2050 = PRESENTATION_STYLE_ASSIGNMENT (( #4070 ) ) ;
#2051 = ORIENTED_EDGE ( 'NONE', *, *, #3481, .F. ) ;
#2052 = EDGE_CURVE ( 'NONE', #4294, #2751, #3730, .T. ) ;
#2053 = CARTESIAN_POINT ( 'NONE',  ( -24.00000000000053291, 12.34999999999999964, 79.10000000000002274 ) ) ;
#2054 = VERTEX_POINT ( 'NONE', #4043 ) ;
#2055 = ORIENTED_EDGE ( 'NONE', *, *, #3074, .F. ) ;
#2056 = EDGE_LOOP ( 'NONE', ( #4073, #25, #4423, #5008 ) ) ;
#2057 = VECTOR ( 'NONE', #327, 999.9999999999998863 ) ;
#2058 = AXIS2_PLACEMENT_3D ( 'NONE', #3228, #469, #6555 ) ;
#2059 = EDGE_CURVE ( 'NONE', #4944, #2114, #323, .T. ) ;
#2060 = CARTESIAN_POINT ( 'NONE',  ( -32.20000000000054996, 6.850000000000000533, -0.000000000000000000 ) ) ;
#2061 = DIRECTION ( 'NONE',  ( 0.000000000000000000, 1.000000000000000000, 0.000000000000000000 ) ) ;
#2062 = EDGE_CURVE ( 'NONE', #5759, #3417, #2226, .T. ) ;
#2063 = LINE ( 'NONE', #6486, #93 ) ;
#2064 = VECTOR ( 'NONE', #3618, 999.9999999999998863 ) ;
#2065 = CARTESIAN_POINT ( 'NONE',  ( -26.50000000000052935, 7.650000000000000355, 91.90000000000001990 ) ) ;
#2066 = ORIENTED_EDGE ( 'NONE', *, *, #3760, .F. ) ;
#2067 = ORIENTED_EDGE ( 'NONE', *, *, #5250, .T. ) ;
#2068 = CARTESIAN_POINT ( 'NONE',  ( -7.249999999988179233, 0.000000000000000000, 133.4999999999684235 ) ) ;
#2069 = ORIENTED_EDGE ( 'NONE', *, *, #527, .T. ) ;
#2070 = EDGE_CURVE ( 'NONE', #4031, #3532, #1247, .T. ) ;
#2071 = LINE ( 'NONE', #7004, #5089 ) ;
#2072 = VECTOR ( 'NONE', #2729, 1000.000000000000000 ) ;
#2073 = DIRECTION ( 'NONE',  ( -8.226619123294235526E-15, 0.000000000000000000, 1.000000000000000000 ) ) ;
#2074 = CYLINDRICAL_SURFACE ( 'NONE', #6429, 3.099999999999991651 ) ;
#2075 = DIRECTION ( 'NONE',  ( 0.000000000000000000, 0.7071067811865524577, -0.7071067811865426878 ) ) ;
#2076 = ORIENTED_EDGE ( 'NONE', *, *, #3230, .T. ) ;
#2077 = CIRCLE ( 'NONE', #4857, 1.549999999999995826 ) ;
#2078 = EDGE_LOOP ( 'NONE', ( #6001, #2382, #4168, #5449 ) ) ;
#2079 = VECTOR ( 'NONE', #746, 1000.000000000000000 ) ;
#2080 = EDGE_LOOP ( 'NONE', ( #4602, #2526, #734, #80 ) ) ;
#2081 = CARTESIAN_POINT ( 'NONE',  ( -16.89999999998816449, 53.23340376863964707, 96.85000000000000853 ) ) ;
#2082 = VECTOR ( 'NONE', #4026, 1000.000000000000000 ) ;
#2083 = CARTESIAN_POINT ( 'NONE',  ( 26.55000000000054428, 4.850000000000000533, 126.6810145104607415 ) ) ;
#2084 = EDGE_LOOP ( 'NONE', ( #5121, #6255 ) ) ;
#2085 = DIRECTION ( 'NONE',  ( 0.000000000000000000, 0.000000000000000000, 1.000000000000000000 ) ) ;
#2086 = VECTOR ( 'NONE', #4280, 1000.000000000000000 ) ;
#2087 = CARTESIAN_POINT ( 'NONE',  ( 26.50000000000050804, 4.850000000000000533, -6.912807836599439155E-15 ) ) ;
#2088 = LINE ( 'NONE', #2194, #4724 ) ;
#2089 = VECTOR ( 'NONE', #1262, 1000.000000000000000 ) ;
#2090 = DIRECTION ( 'NONE',  ( -1.000000000000000000, 0.000000000000000000, 0.000000000000000000 ) ) ;
#2091 = VERTEX_POINT ( 'NONE', #2372 ) ;
#2092 = LINE ( 'NONE', #5391, #3495 ) ;
#2093 = VERTEX_POINT ( 'NONE', #3363 ) ;
#2094 = ORIENTED_EDGE ( 'NONE', *, *, #33, .F. ) ;
#2095 = LINE ( 'NONE', #1111, #1443 ) ;
#2096 = ADVANCED_FACE ( 'NONE', ( #634 ), #1760, .T. ) ;
#2097 = CARTESIAN_POINT ( 'NONE',  ( -4.948769369253092520, 12.34999999999999964, 155.3000000000000114 ) ) ;
#2098 = LINE ( 'NONE', #1113, #4262 ) ;
#2099 = VECTOR ( 'NONE', #3655, 1000.000000000000000 ) ;
#2100 = DIRECTION ( 'NONE',  ( -1.000000000000000000, 0.000000000000000000, 0.000000000000000000 ) ) ;
#2101 = VERTEX_POINT ( 'NONE', #4007 ) ;
#2102 = EDGE_CURVE ( 'NONE', #5194, #3776, #55, .T. ) ;
#2103 = ORIENTED_EDGE ( 'NONE', *, *, #347, .F. ) ;
#2104 = DIRECTION ( 'NONE',  ( 0.000000000000000000, 1.000000000000000000, -0.000000000000000000 ) ) ;
#2105 = EDGE_CURVE ( 'NONE', #3967, #2470, #5633, .T. ) ;
#2106 = EDGE_LOOP ( 'NONE', ( #332, #3286, #2367, #4907, #1516, #2632 ) ) ;
#2107 = DIRECTION ( 'NONE',  ( 0.000000000000000000, 0.000000000000000000, 1.000000000000000000 ) ) ;
#2108 = CARTESIAN_POINT ( 'NONE',  ( -7.499999999988182786, 1.750000000000000000, 163.0000000000001421 ) ) ;
#2109 = PLANE ( 'NONE',  #760 ) ;
#2110 = FACE_OUTER_BOUND ( 'NONE', #2610, .T. ) ;
#2111 = ORIENTED_EDGE ( 'NONE', *, *, #7096, .F. ) ;
#2112 = ADVANCED_FACE ( 'NONE', ( #2923 ), #5673, .F. ) ;
#2113 = EDGE_LOOP ( 'NONE', ( #1733, #127, #4492, #3262, #1462, #4211, #1930, #5296, #6515, #3925, #7080, #5853, #2618, #3657, #6416, #2395, #2374, #5914, #3418 ) ) ;
#2114 = VERTEX_POINT ( 'NONE', #6794 ) ;
#2115 = CARTESIAN_POINT ( 'NONE',  ( -16.89999999998816449, 1.750000000000000000, 100.9500000000000455 ) ) ;
#2116 = DIRECTION ( 'NONE',  ( 0.000000000000000000, 0.000000000000000000, -1.000000000000000000 ) ) ;
#2117 = ORIENTED_EDGE ( 'NONE', *, *, #5923, .F. ) ;
#2118 = CARTESIAN_POINT ( 'NONE',  ( 15.59999999998820641, -4.000000000000000000, 146.5000000000000000 ) ) ;
#2119 = PLANE ( 'NONE',  #6889 ) ;
#2120 = DIRECTION ( 'NONE',  ( -0.8660254037844395958, 0.000000000000000000, -0.4999999999999981681 ) ) ;
#2121 = DIRECTION ( 'NONE',  ( 0.000000000000000000, 1.000000000000000000, 0.000000000000000000 ) ) ;
#2122 = ORIENTED_EDGE ( 'NONE', *, *, #4491, .F. ) ;
#2123 = FACE_OUTER_BOUND ( 'NONE', #3670, .T. ) ;
#2124 = VERTEX_POINT ( 'NONE', #4515 ) ;
#2125 = EDGE_LOOP ( 'NONE', ( #448, #768, #3734, #6980 ) ) ;
#2126 = DIRECTION ( 'NONE',  ( 0.000000000000000000, -1.000000000000000000, 0.000000000000000000 ) ) ;
#2127 = CARTESIAN_POINT ( 'NONE',  ( 11.99999999998820854, 1.750000000000000000, 146.0000000000000000 ) ) ;
#2128 = CARTESIAN_POINT ( 'NONE',  ( -10.20430174806592838, 0.000000000000000000, 154.0000000000000853 ) ) ;
#2129 = VECTOR ( 'NONE', #1618, 1000.000000000000227 ) ;
#2130 = VECTOR ( 'NONE', #5026, 1000.000000000000000 ) ;
#2131 = CARTESIAN_POINT ( 'NONE',  ( 0.000000000000000000, -4.000000000000000000, 117.8000000000000114 ) ) ;
#2132 = EDGE_LOOP ( 'NONE', ( #6893, #3504, #5097, #2294 ) ) ;
#2133 = ORIENTED_EDGE ( 'NONE', *, *, #4809, .F. ) ;
#2134 = ADVANCED_FACE ( 'NONE', ( #4475 ), #6758, .F. ) ;
#2135 = DIRECTION ( 'NONE',  ( 0.02181488487422971953, 0.000000000000000000, 0.9997620270834074452 ) ) ;
#2136 = ORIENTED_EDGE ( 'NONE', *, *, #1845, .T. ) ;
#2137 = VECTOR ( 'NONE', #4906, 1000.000000000000000 ) ;
#2138 = AXIS2_PLACEMENT_3D ( 'NONE', #1068, #2737, #7159 ) ;
#2139 = CARTESIAN_POINT ( 'NONE',  ( 12.59175071684177816, 1.750000000000000000, 128.1539330310690445 ) ) ;
#2140 = CARTESIAN_POINT ( 'NONE',  ( 0.000000000000000000, 4.850000000000000533, 0.000000000000000000 ) ) ;
#2141 = DIRECTION ( 'NONE',  ( -0.000000000000000000, -1.000000000000000000, -0.000000000000000000 ) ) ;
#2142 = ADVANCED_FACE ( 'NONE', ( #5131, #6148 ), #2811, .T. ) ;
#2143 = LINE ( 'NONE', #444, #3602 ) ;
#2144 = VERTEX_POINT ( 'NONE', #2847 ) ;
#2145 = VECTOR ( 'NONE', #2141, 1000.000000000000000 ) ;
#2146 = ADVANCED_FACE ( 'NONE', ( #1795 ), #1832, .F. ) ;
#2147 = EDGE_LOOP ( 'NONE', ( #1835, #6568, #57, #5834 ) ) ;
#2148 = ORIENTED_EDGE ( 'NONE', *, *, #1355, .F. ) ;
#2149 = EDGE_CURVE ( 'NONE', #1024, #4662, #2262, .T. ) ;
#2150 = LINE ( 'NONE', #921, #4230 ) ;
#2151 = CARTESIAN_POINT ( 'NONE',  ( -26.50000000000052935, 12.34999999999999964, 79.10000000000002274 ) ) ;
#2152 = VERTEX_POINT ( 'NONE', #6684 ) ;
#2153 = DIRECTION ( 'NONE',  ( 0.000000000000000000, 0.000000000000000000, 1.000000000000000000 ) ) ;
#2154 = ADVANCED_FACE ( 'NONE', ( #1141, #3469 ), #1719, .F. ) ;
#2155 = DIRECTION ( 'NONE',  ( -1.000000000000000000, -1.314184451497581259E-16, 0.000000000000000000 ) ) ;
#2156 = LINE ( 'NONE', #1580, #3858 ) ;
#2157 = LINE ( 'NONE', #6548, #2129 ) ;
#2158 = ORIENTED_EDGE ( 'NONE', *, *, #1440, .F. ) ;
#2159 = CARTESIAN_POINT ( 'NONE',  ( 7.249999999988211208, 1.750000000000000000, 133.4999999999684235 ) ) ;
#2160 = EDGE_LOOP ( 'NONE', ( #2356, #620, #4901, #6682 ) ) ;
#2161 = VECTOR ( 'NONE', #1645, 1000.000000000000000 ) ;
#2162 = PLANE ( 'NONE',  #2953 ) ;
#2163 = DIRECTION ( 'NONE',  ( 0.000000000000000000, 0.000000000000000000, -1.000000000000000000 ) ) ;
#2164 = DIRECTION ( 'NONE',  ( 0.3145145977190316189, 0.000000000000000000, 0.9492526364575637476 ) ) ;
#2165 = PLANE ( 'NONE',  #3824 ) ;
#2166 = CARTESIAN_POINT ( 'NONE',  ( -26.00112609145443443, 0.000000000000000000, 130.1000000000000227 ) ) ;
#2167 = VECTOR ( 'NONE', #2652, 1000.000000000000000 ) ;
#2168 = VERTEX_POINT ( 'NONE', #4988 ) ;
#2169 = ORIENTED_EDGE ( 'NONE', *, *, #952, .T. ) ;
#2170 = LINE ( 'NONE', #1558, #5546 ) ;
#2171 = ORIENTED_EDGE ( 'NONE', *, *, #4412, .T. ) ;
#2172 = CARTESIAN_POINT ( 'NONE',  ( 0.000000000000000000, 1.750000000000000000, 155.3000000000000114 ) ) ;
#2173 = VECTOR ( 'NONE', #4714, 1000.000000000000000 ) ;
#2174 = DIRECTION ( 'NONE',  ( 0.000000000000000000, 0.000000000000000000, 1.000000000000000000 ) ) ;
#2175 = DIRECTION ( 'NONE',  ( 1.401868266681966580E-15, 0.7071067811865345831, 0.7071067811865603403 ) ) ;
#2176 = EDGE_CURVE ( 'NONE', #243, #148, #710, .T. ) ;
#2177 = CARTESIAN_POINT ( 'NONE',  ( 16.90000000001182556, 1.750000000000000000, 98.40000000000001990 ) ) ;
#2178 = ORIENTED_EDGE ( 'NONE', *, *, #197, .T. ) ;
#2179 = CARTESIAN_POINT ( 'NONE',  ( 0.000000000000000000, 12.34999999999999964, 79.10000000000002274 ) ) ;
#2180 = ORIENTED_EDGE ( 'NONE', *, *, #4412, .F. ) ;
#2181 = VECTOR ( 'NONE', #5101, 1000.000000000000000 ) ;
#2182 = CARTESIAN_POINT ( 'NONE',  ( 16.44999999998819717, 12.34999999999999964, 154.5000000000001705 ) ) ;
#2183 = ADVANCED_FACE ( 'NONE', ( #3937 ), #1178, .F. ) ;
#2184 = AXIS2_PLACEMENT_3D ( 'NONE', #3864, #964, #3833 ) ;
#2185 = CARTESIAN_POINT ( 'NONE',  ( -26.55000000000057270, 4.850000000000000533, 126.6810145104607415 ) ) ;
#2186 = ORIENTED_EDGE ( 'NONE', *, *, #4841, .T. ) ;
#2187 = VECTOR ( 'NONE', #6715, 1000.000000000000000 ) ;
#2188 = DIRECTION ( 'NONE',  ( 0.000000000000000000, 1.000000000000000000, 0.000000000000000000 ) ) ;
#2189 = ADVANCED_FACE ( 'NONE', ( #441 ), #6390, .T. ) ;
#2190 = CONICAL_SURFACE ( 'NONE', #3128, 3.099999999999991651, 0.7853981633974498333 ) ;
#2191 = ADVANCED_FACE ( 'NONE', ( #3094 ), #7077, .F. ) ;
#2192 = VECTOR ( 'NONE', #3519, 999.9999999999998863 ) ;
#2193 = DIRECTION ( 'NONE',  ( 0.000000000000000000, 0.000000000000000000, 1.000000000000000000 ) ) ;
#2194 = CARTESIAN_POINT ( 'NONE',  ( -12.94544686036408088, 1.750000000000000000, 128.5073436110711214 ) ) ;
#2195 = DIRECTION ( 'NONE',  ( 0.04361938736895978885, 0.000000000000000000, 0.9990482215816994804 ) ) ;
#2196 = ORIENTED_EDGE ( 'NONE', *, *, #2062, .F. ) ;
#2197 = VECTOR ( 'NONE', #975, 1000.000000000000000 ) ;
#2198 = CARTESIAN_POINT ( 'NONE',  ( -13.57930174801888512, -2.000000000000000000, 122.0018057028579648 ) ) ;
#2199 = CARTESIAN_POINT ( 'NONE',  ( 17.30000000000053362, 1.750000000000000000, 82.35000000000002274 ) ) ;
#2200 = EDGE_CURVE ( 'NONE', #2716, #6173, #1424, .T. ) ;
#2201 = VECTOR ( 'NONE', #2690, 1000.000000000000000 ) ;
#2202 = CARTESIAN_POINT ( 'NONE',  ( 26.00112609145443798, 1.750000000000000000, 114.2500000000000142 ) ) ;
#2203 = PLANE ( 'NONE',  #7151 ) ;
#2204 = LINE ( 'NONE', #1009, #1017 ) ;
#2205 = DIRECTION ( 'NONE',  ( -0.5002018831283595590, -0.7071067811865451302, 0.4997980353251166852 ) ) ;
#2206 = VECTOR ( 'NONE', #1187, 1000.000000000000000 ) ;
#2207 = DIRECTION ( 'NONE',  ( 0.000000000000000000, 0.000000000000000000, -1.000000000000000000 ) ) ;
#2208 = EDGE_LOOP ( 'NONE', ( #2297, #1276, #4097, #4004 ) ) ;
#2209 = EDGE_CURVE ( 'NONE', #4757, #6679, #7005, .T. ) ;
#2210 = EDGE_LOOP ( 'NONE', ( #6723, #5916, #2021, #6558, #2442, #2222, #445, #191, #6619 ) ) ;
#2211 = DIRECTION ( 'NONE',  ( -0.7071067811865505703, -0.000000000000000000, -0.7071067811865444641 ) ) ;
#2212 = ORIENTED_EDGE ( 'NONE', *, *, #83, .T. ) ;
#2213 = FACE_OUTER_BOUND ( 'NONE', #2106, .T. ) ;
#2214 = LINE ( 'NONE', #5478, #6339 ) ;
#2215 = CARTESIAN_POINT ( 'NONE',  ( -29.37500000000054357, 6.850000000000000533, 82.35000000000000853 ) ) ;
#2216 = CARTESIAN_POINT ( 'NONE',  ( -24.50112609139251774, -2.000000000000000000, 128.1539330310832554 ) ) ;
#2217 = ORIENTED_EDGE ( 'NONE', *, *, #379, .T. ) ;
#2218 = PLANE ( 'NONE',  #7050 ) ;
#2219 = AXIS2_PLACEMENT_3D ( 'NONE', #4016, #609, #1766 ) ;
#2220 = ORIENTED_EDGE ( 'NONE', *, *, #856, .T. ) ;
#2221 = DIRECTION ( 'NONE',  ( 0.000000000000000000, -0.000000000000000000, 1.000000000000000000 ) ) ;
#2222 = ORIENTED_EDGE ( 'NONE', *, *, #773, .F. ) ;
#2223 = CARTESIAN_POINT ( 'NONE',  ( -16.44999999998816165, 12.34999999999999964, 154.5000000000001705 ) ) ;
#2224 = EDGE_CURVE ( 'NONE', #4999, #5046, #4763, .T. ) ;
#2225 = LINE ( 'NONE', #3431, #632 ) ;
#2226 = LINE ( 'NONE', #2884, #1364 ) ;
#2227 = DIRECTION ( 'NONE',  ( 0.000000000000000000, 1.000000000000000000, 0.000000000000000000 ) ) ;
#2228 = ORIENTED_EDGE ( 'NONE', *, *, #6623, .F. ) ;
#2229 = ADVANCED_FACE ( 'NONE', ( #6252 ), #4186, .F. ) ;
#2230 = DIRECTION ( 'NONE',  ( -2.710505431213760592E-16, 0.000000000000000000, -1.000000000000000000 ) ) ;
#2231 = DIRECTION ( 'NONE',  ( 0.000000000000000000, 0.000000000000000000, -1.000000000000000000 ) ) ;
#2232 = ADVANCED_FACE ( 'NONE', ( #5404 ), #4251, .F. ) ;
#2233 = PLANE ( 'NONE',  #283 ) ;
#2234 = LINE ( 'NONE', #6657, #1174 ) ;
#2235 = EDGE_CURVE ( 'NONE', #2564, #3473, #914, .T. ) ;
#2236 = CARTESIAN_POINT ( 'NONE',  ( 32.20000000000054996, 6.850000000000000533, 123.4189854895393665 ) ) ;
#2237 = LINE ( 'NONE', #1732, #3140 ) ;
#2238 = EDGE_LOOP ( 'NONE', ( #7116, #2981, #4170, #4441 ) ) ;
#2239 = ORIENTED_EDGE ( 'NONE', *, *, #3214, .F. ) ;
#2240 = LINE ( 'NONE', #6057, #5784 ) ;
#2241 = ORIENTED_EDGE ( 'NONE', *, *, #6972, .F. ) ;
#2242 = FACE_OUTER_BOUND ( 'NONE', #349, .T. ) ;
#2243 = STYLED_ITEM ( 'NONE', ( #2050 ), #6543 ) ;
#2244 = EDGE_CURVE ( 'NONE', #3880, #4272, #1495, .T. ) ;
#2245 = VECTOR ( 'NONE', #2341, 1000.000000000000000 ) ;
#2246 = CARTESIAN_POINT ( 'NONE',  ( 17.44999999998820783, 12.34999999999999964, 155.5000000000001705 ) ) ;
#2247 = DIRECTION ( 'NONE',  ( 1.000000000000000000, -0.000000000000000000, -0.000000000000000000 ) ) ;
#2248 = DIRECTION ( 'NONE',  ( 0.000000000000000000, 0.000000000000000000, -1.000000000000000000 ) ) ;
#2249 = ORIENTED_EDGE ( 'NONE', *, *, #1040, .T. ) ;
#2250 = ORIENTED_EDGE ( 'NONE', *, *, #5638, .T. ) ;
#2251 = DIRECTION ( 'NONE',  ( 0.000000000000000000, 0.000000000000000000, -1.000000000000000000 ) ) ;
#2252 = AXIS2_PLACEMENT_3D ( 'NONE', #2696, #5488, #523 ) ;
#2253 = ORIENTED_EDGE ( 'NONE', *, *, #5783, .F. ) ;
#2254 = VECTOR ( 'NONE', #883, 1000.000000000000000 ) ;
#2255 = CARTESIAN_POINT ( 'NONE',  ( 14.59999999998815312, 0.7500000000000069944, 133.5000000000000000 ) ) ;
#2256 = VECTOR ( 'NONE', #6095, 1000.000000000000000 ) ;
#2257 = ORIENTED_EDGE ( 'NONE', *, *, #2264, .T. ) ;
#2258 = DIRECTION ( 'NONE',  ( 0.000000000000000000, 0.000000000000000000, -1.000000000000000000 ) ) ;
#2259 = EDGE_LOOP ( 'NONE', ( #5394, #4975, #3732, #5129 ) ) ;
#2260 = AXIS2_PLACEMENT_3D ( 'NONE', #1857, #2432, #6310 ) ;
#2261 = DIRECTION ( 'NONE',  ( 0.000000000000000000, 0.000000000000000000, -1.000000000000000000 ) ) ;
#2262 = LINE ( 'NONE', #3324, #3681 ) ;
#2263 = CARTESIAN_POINT ( 'NONE',  ( 29.37500000000054357, 4.850000000000000533, 126.6000000000000512 ) ) ;
#2264 = EDGE_CURVE ( 'NONE', #4457, #5331, #2000, .T. ) ;
#2265 = ORIENTED_EDGE ( 'NONE', *, *, #5961, .F. ) ;
#2266 = LINE ( 'NONE', #7163, #1402 ) ;
#2267 = DIRECTION ( 'NONE',  ( -0.000000000000000000, 1.000000000000000000, -0.000000000000000000 ) ) ;
#2268 = CARTESIAN_POINT ( 'NONE',  ( -26.50000000000052935, 7.650000000000010125, -5.095750210681859007E-16 ) ) ;
#2269 = CARTESIAN_POINT ( 'NONE',  ( 44.41484600082456069, 2.350000000000000089, 76.92876988377513214 ) ) ;
#2270 = DIRECTION ( 'NONE',  ( 0.000000000000000000, 1.000000000000000000, 0.000000000000000000 ) ) ;
#2271 = EDGE_CURVE ( 'NONE', #1883, #4081, #3202, .T. ) ;
#2272 = CARTESIAN_POINT ( 'NONE',  ( -10.20430174806592838, 1.750000000000000000, 125.7684116160548484 ) ) ;
#2273 = VERTEX_POINT ( 'NONE', #5884 ) ;
#2274 = ORIENTED_EDGE ( 'NONE', *, *, #6864, .F. ) ;
#2275 = CARTESIAN_POINT ( 'NONE',  ( 25.35112609145445361, -3.331370551487160103, 123.0419860354118811 ) ) ;
#2276 = VERTEX_POINT ( 'NONE', #4216 ) ;
#2277 = VECTOR ( 'NONE', #4472, 1000.000000000000000 ) ;
#2278 = EDGE_CURVE ( 'NONE', #6378, #2603, #302, .T. ) ;
#2279 = EDGE_CURVE ( 'NONE', #343, #1844, #5952, .T. ) ;
#2280 = DIRECTION ( 'NONE',  ( 0.000000000000000000, 1.000000000000000000, 0.000000000000000000 ) ) ;
#2281 = CARTESIAN_POINT ( 'NONE',  ( -14.07930174806593016, 1.750000000000000000, 125.7684116160548484 ) ) ;
#2282 = CARTESIAN_POINT ( 'NONE',  ( -22.69999999998817586, -4.000000000000000000, 110.1499999999999915 ) ) ;
#2283 = DIRECTION ( 'NONE',  ( 0.5773502691896208461, 0.5773502691896177375, 0.5773502691896387207 ) ) ;
#2284 = VECTOR ( 'NONE', #4829, 1000.000000000000000 ) ;
#2285 = CARTESIAN_POINT ( 'NONE',  ( 24.00000000000053291, 12.34999999999999964, 79.10000000000002274 ) ) ;
#2286 = ORIENTED_EDGE ( 'NONE', *, *, #3338, .T. ) ;
#2287 = ORIENTED_EDGE ( 'NONE', *, *, #6060, .T. ) ;
#2288 = CARTESIAN_POINT ( 'NONE',  ( 26.50000000000054001, 12.34999999999999964, 113.5000000000000142 ) ) ;
#2289 = ORIENTED_EDGE ( 'NONE', *, *, #3392, .F. ) ;
#2290 = ADVANCED_FACE ( 'NONE', ( #982 ), #5813, .F. ) ;
#2291 = VECTOR ( 'NONE', #4101, 1000.000000000000000 ) ;
#2292 = PLANE ( 'NONE',  #7123 ) ;
#2293 = APPLICATION_PROTOCOL_DEFINITION ( 'draft international standard', 'automotive_design', 1998, #7028 ) ;
#2294 = ORIENTED_EDGE ( 'NONE', *, *, #4661, .F. ) ;
#2295 = CARTESIAN_POINT ( 'NONE',  ( -13.57823099734552308, 0.000000000000000000, 121.9527338920641171 ) ) ;
#2296 = CIRCLE ( 'NONE', #4618, 4.099999999999992539 ) ;
#2297 = ORIENTED_EDGE ( 'NONE', *, *, #1087, .T. ) ;
#2298 = DIRECTION ( 'NONE',  ( -0.000000000000000000, 1.000000000000000000, -0.000000000000000000 ) ) ;
#2299 = DIRECTION ( 'NONE',  ( -1.000000000000000000, 0.000000000000000000, -0.000000000000000000 ) ) ;
#2300 = AXIS2_PLACEMENT_3D ( 'NONE', #5772, #3568, #3637 ) ;
#2301 = CARTESIAN_POINT ( 'NONE',  ( 24.50112609146677656, 0.000000000000000000, 128.1539330310690445 ) ) ;
#2302 = EDGE_LOOP ( 'NONE', ( #3488, #2824, #465, #2005 ) ) ;
#2303 = CARTESIAN_POINT ( 'NONE',  ( 26.50000000000054357, 1.748873908546069611, 130.3000000000000398 ) ) ;
#2304 = DIRECTION ( 'NONE',  ( -0.4999999999999912847, 0.000000000000000000, -0.8660254037844437036 ) ) ;
#2305 = CIRCLE ( 'NONE', #6363, 2.549999999999996714 ) ;
#2306 = CARTESIAN_POINT ( 'NONE',  ( -26.50000000000052935, 12.34999999999999964, 91.90000000000001990 ) ) ;
#2307 = DIRECTION ( 'NONE',  ( 0.000000000000000000, 1.000000000000000000, 0.000000000000000000 ) ) ;
#2308 = AXIS2_PLACEMENT_3D ( 'NONE', #5100, #6762, #1800 ) ;
#2309 = VECTOR ( 'NONE', #1741, 1000.000000000000000 ) ;
#2310 = VERTEX_POINT ( 'NONE', #842 ) ;
#2311 = DIRECTION ( 'NONE',  ( -1.000000000000000000, 0.000000000000000000, 1.982541115402063729E-15 ) ) ;
#2312 = ORIENTED_EDGE ( 'NONE', *, *, #4323, .T. ) ;
#2313 = VERTEX_POINT ( 'NONE', #3167 ) ;
#2314 = CARTESIAN_POINT ( 'NONE',  ( -22.34999999998811759, 0.7500000000000223155, 133.5000000000000000 ) ) ;
#2315 = EDGE_LOOP ( 'NONE', ( #5013, #3155, #5448, #269 ) ) ;
#2316 = EDGE_CURVE ( 'NONE', #3532, #1523, #2509, .T. ) ;
#2317 = CARTESIAN_POINT ( 'NONE',  ( 12.99999999998821920, 12.34999999999999964, 154.5000000000001705 ) ) ;
#2318 = CARTESIAN_POINT ( 'NONE',  ( 12.59175071684177816, 0.000000000000000000, 128.1539330310690445 ) ) ;
#2319 = LINE ( 'NONE', #1233, #1367 ) ;
#2320 = LINE ( 'NONE', #6636, #2032 ) ;
#2321 = VECTOR ( 'NONE', #3186, 1000.000000000000000 ) ;
#2322 = EDGE_CURVE ( 'NONE', #1004, #2584, #2615, .T. ) ;
#2323 = EDGE_CURVE ( 'NONE', #5835, #4600, #7107, .T. ) ;
#2324 = FACE_OUTER_BOUND ( 'NONE', #6365, .T. ) ;
#2325 = ORIENTED_EDGE ( 'NONE', *, *, #394, .F. ) ;
#2326 = ORIENTED_EDGE ( 'NONE', *, *, #6484, .F. ) ;
#2327 = DIRECTION ( 'NONE',  ( 0.5000000000000009992, 0.000000000000000000, 0.8660254037844380415 ) ) ;
#2328 = VERTEX_POINT ( 'NONE', #5444 ) ;
#2329 = PLANE ( 'NONE',  #640 ) ;
#2330 = EDGE_CURVE ( 'NONE', #2152, #6443, #2688, .T. ) ;
#2331 = ORIENTED_EDGE ( 'NONE', *, *, #6655, .F. ) ;
#2332 = FACE_OUTER_BOUND ( 'NONE', #849, .T. ) ;
#2333 = ORIENTED_EDGE ( 'NONE', *, *, #1896, .F. ) ;
#2334 = DIRECTION ( 'NONE',  ( 0.000000000000000000, -1.000000000000000000, -0.000000000000000000 ) ) ;
#2335 = DIRECTION ( 'NONE',  ( 0.000000000000000000, 1.000000000000000000, 0.000000000000000000 ) ) ;
#2336 = LINE ( 'NONE', #56, #3064 ) ;
#2337 = VERTEX_POINT ( 'NONE', #4970 ) ;
#2338 = DIRECTION ( 'NONE',  ( 0.000000000000000000, 9.035018104045866996E-17, -1.000000000000000000 ) ) ;
#2339 = DIRECTION ( 'NONE',  ( -0.000000000000000000, -1.000000000000000000, 0.000000000000000000 ) ) ;
#2340 = DIRECTION ( 'NONE',  ( 8.659560562355029001E-17, 0.7071067811865395791, -0.7071067811865554553 ) ) ;
#2341 = DIRECTION ( 'NONE',  ( 0.000000000000000000, 0.000000000000000000, 1.000000000000000000 ) ) ;
#2342 = CARTESIAN_POINT ( 'NONE',  ( 0.000000000000000000, 12.34999999999999964, 87.59999999999999432 ) ) ;
#2343 = ORIENTED_EDGE ( 'NONE', *, *, #62, .F. ) ;
#2344 = CARTESIAN_POINT ( 'NONE',  ( 10.20430174808563706, -2.000000000000000000, 110.1499999999999488 ) ) ;
#2345 = EDGE_LOOP ( 'NONE', ( #4838, #1072 ) ) ;
#2346 = ORIENTED_EDGE ( 'NONE', *, *, #4799, .T. ) ;
#2347 = CARTESIAN_POINT ( 'NONE',  ( 14.05731889459532624, 1.731458546857913783, 121.8388364511858697 ) ) ;
#2348 = ORIENTED_EDGE ( 'NONE', *, *, #5476, .T. ) ;
#2349 = CARTESIAN_POINT ( 'NONE',  ( 15.59999999998819575, -16.11541742610947381, 125.7684116160548484 ) ) ;
#2350 = LINE ( 'NONE', #4532, #6714 ) ;
#2351 = DIRECTION ( 'NONE',  ( -0.000000000000000000, -1.000000000000000000, -0.000000000000000000 ) ) ;
#2352 = CARTESIAN_POINT ( 'NONE',  ( 14.15001292210425454, 1.750000000000000000, 125.2369985834250201 ) ) ;
#2353 = EDGE_CURVE ( 'NONE', #46, #1004, #1159, .T. ) ;
#2354 = CARTESIAN_POINT ( 'NONE',  ( -14.59999999998812292, 0.7500000000000086597, 136.5999999999999943 ) ) ;
#2355 = ORIENTED_EDGE ( 'NONE', *, *, #5111, .F. ) ;
#2356 = ORIENTED_EDGE ( 'NONE', *, *, #5073, .F. ) ;
#2357 = CARTESIAN_POINT ( 'NONE',  ( -26.50112609145446285, 1.750000000000000000, 5.123290837134533284E-15 ) ) ;
#2358 = ORIENTED_EDGE ( 'NONE', *, *, #4235, .T. ) ;
#2359 = EDGE_CURVE ( 'NONE', #6173, #3735, #1563, .T. ) ;
#2360 = LINE ( 'NONE', #3422, #3772 ) ;
#2361 =( NAMED_UNIT ( * ) SI_UNIT ( $, .STERADIAN. ) SOLID_ANGLE_UNIT ( ) );
#2362 = ADVANCED_FACE ( 'NONE', ( #3276, #617 ), #480, .T. ) ;
#2363 = ORIENTED_EDGE ( 'NONE', *, *, #2776, .F. ) ;
#2364 = CARTESIAN_POINT ( 'NONE',  ( 24.00000000000051159, 3.350000000000002309, -6.667843360785989531E-15 ) ) ;
#2365 = AXIS2_PLACEMENT_3D ( 'NONE', #1903, #2994, #6289 ) ;
#2366 = VECTOR ( 'NONE', #1332, 1000.000000000000114 ) ;
#2367 = ORIENTED_EDGE ( 'NONE', *, *, #3883, .F. ) ;
#2368 = EDGE_CURVE ( 'NONE', #2168, #148, #4355, .T. ) ;
#2369 = ADVANCED_FACE ( 'NONE', ( #6563 ), #1599, .F. ) ;
#2370 = AXIS2_PLACEMENT_3D ( 'NONE', #4302, #2594, #2155 ) ;
#2371 = DIRECTION ( 'NONE',  ( -0.8660254037844455910, 0.000000000000000000, 0.4999999999999880651 ) ) ;
#2372 = CARTESIAN_POINT ( 'NONE',  ( -29.37500000000056843, 4.850000000000000533, 119.8000000000000682 ) ) ;
#2373 = CARTESIAN_POINT ( 'NONE',  ( -10.20430174801494339, -2.000000000000000000, 122.0018057028560321 ) ) ;
#2374 = ORIENTED_EDGE ( 'NONE', *, *, #5799, .T. ) ;
#2375 = CARTESIAN_POINT ( 'NONE',  ( 13.57930174808957702, -2.000000000000000000, 125.7684116160548200 ) ) ;
#2376 = ADVANCED_BREP_SHAPE_REPRESENTATION ( '[打印]综合天线接口-5寸机_自组网_下部', ( #6543, #6190 ), #6538 ) ;
#2377 = DIRECTION ( 'NONE',  ( -0.7070857455893140298, -0.7070857455893140298, 0.007713414860351503616 ) ) ;
#2378 = CARTESIAN_POINT ( 'NONE',  ( 15.59999999998820641, -4.000000000000000000, 154.0000000000000853 ) ) ;
#2379 = EDGE_CURVE ( 'NONE', #7087, #4081, #2214, .T. ) ;
#2380 = DIRECTION ( 'NONE',  ( -0.000000000000000000, 1.000000000000000000, 0.000000000000000000 ) ) ;
#2381 = CARTESIAN_POINT ( 'NONE',  ( -26.55000000000055849, 2.350000000000000089, 0.000000000000000000 ) ) ;
#2382 = ORIENTED_EDGE ( 'NONE', *, *, #365, .T. ) ;
#2383 = DIRECTION ( 'NONE',  ( -0.000000000000000000, 1.000000000000000000, -0.000000000000000000 ) ) ;
#2384 = EDGE_LOOP ( 'NONE', ( #2931, #5626, #1131, #7001 ) ) ;
#2385 = ORIENTED_EDGE ( 'NONE', *, *, #5151, .T. ) ;
#2386 = DIRECTION ( 'NONE',  ( 0.000000000000000000, 0.000000000000000000, 1.000000000000000000 ) ) ;
#2387 = ORIENTED_EDGE ( 'NONE', *, *, #6360, .F. ) ;
#2388 = CARTESIAN_POINT ( 'NONE',  ( -33.75000000000056843, 3.049999999999998490, 112.0000000000000142 ) ) ;
#2389 = FACE_OUTER_BOUND ( 'NONE', #3593, .T. ) ;
#2390 = PLANE ( 'NONE',  #6110 ) ;
#2391 = CARTESIAN_POINT ( 'NONE',  ( -29.72734600082415213, 6.850000000000000533, 51.48927364760678671 ) ) ;
#2392 = DIRECTION ( 'NONE',  ( -0.000000000000000000, -1.000000000000000000, -0.000000000000000000 ) ) ;
#2393 = AXIS2_PLACEMENT_3D ( 'NONE', #5630, #49, #5051 ) ;
#2394 = ORIENTED_EDGE ( 'NONE', *, *, #1960, .F. ) ;
#2395 = ORIENTED_EDGE ( 'NONE', *, *, #7083, .F. ) ;
#2396 = LINE ( 'NONE', #6824, #1959 ) ;
#2397 = VERTEX_POINT ( 'NONE', #6635 ) ;
#2398 = EDGE_CURVE ( 'NONE', #7084, #5553, #511, .T. ) ;
#2399 = VECTOR ( 'NONE', #5367, 1000.000000000000000 ) ;
#2400 = CARTESIAN_POINT ( 'NONE',  ( -29.37500000000054357, 4.850000000000000533, 125.0500000000000540 ) ) ;
#2401 = ORIENTED_EDGE ( 'NONE', *, *, #3314, .F. ) ;
#2402 = CARTESIAN_POINT ( 'NONE',  ( 29.37500000000052935, 4.850000000000000533, 87.59999999999999432 ) ) ;
#2403 = AXIS2_PLACEMENT_3D ( 'NONE', #6052, #6084, #6518 ) ;
#2404 = ORIENTED_EDGE ( 'NONE', *, *, #3355, .F. ) ;
#2405 = CONICAL_SURFACE ( 'NONE', #2058, 2.549999999977389908, 0.7853981633974411736 ) ;
#2406 = EDGE_CURVE ( 'NONE', #514, #5808, #2750, .T. ) ;
#2407 = PLANE ( 'NONE',  #2720 ) ;
#2408 = VECTOR ( 'NONE', #4196, 1000.000000000000000 ) ;
#2409 = DIRECTION ( 'NONE',  ( 0.7071067811865505703, -0.000000000000000000, 0.7071067811865444641 ) ) ;
#2410 = ORIENTED_EDGE ( 'NONE', *, *, #2323, .T. ) ;
#2411 = PLANE ( 'NONE',  #6367 ) ;
#2412 = EDGE_CURVE ( 'NONE', #4104, #4023, #5004, .T. ) ;
#2414 = EDGE_CURVE ( 'NONE', #7061, #2093, #4931, .T. ) ;
#2413 = CARTESIAN_POINT ( 'NONE',  ( 12.49999999998821032, -4.000000000000000000, 146.5000000000000000 ) ) ;
#2415 = CARTESIAN_POINT ( 'NONE',  ( -25.35112609145443940, 1.249999999999997558, 111.0000000000000142 ) ) ;
#2416 = VECTOR ( 'NONE', #5555, 1000.000000000000000 ) ;
#2417 = CARTESIAN_POINT ( 'NONE',  ( -33.75000000000054001, 4.850000000000000533, 0.000000000000000000 ) ) ;
#2418 = DIRECTION ( 'NONE',  ( -1.401868266681950606E-15, -0.7071067811865426878, -0.7071067811865523467 ) ) ;
#2419 = ORIENTED_EDGE ( 'NONE', *, *, #3577, .F. ) ;
#2420 = ADVANCED_FACE ( 'NONE', ( #4461 ), #1636, .F. ) ;
#2421 = AXIS2_PLACEMENT_3D ( 'NONE', #6639, #45, #2251 ) ;
#2422 = DIRECTION ( 'NONE',  ( 0.000000000000000000, -0.7071067811865604513, 0.7071067811865346942 ) ) ;
#2423 = ORIENTED_EDGE ( 'NONE', *, *, #2412, .F. ) ;
#2424 = VERTEX_POINT ( 'NONE', #3852 ) ;
#2425 = CARTESIAN_POINT ( 'NONE',  ( 11.84871062256327434, -2.000000000000000000, 82.29110954162827340 ) ) ;
#2426 = VERTEX_POINT ( 'NONE', #6062 ) ;
#2427 = VECTOR ( 'NONE', #4590, 1000.000000000000000 ) ;
#2428 = CARTESIAN_POINT ( 'NONE',  ( 16.80000000000053362, 12.34999999999999964, 79.10000000000002274 ) ) ;
#2429 = DIRECTION ( 'NONE',  ( 0.000000000000000000, 0.000000000000000000, -1.000000000000000000 ) ) ;
#2430 = AXIS2_PLACEMENT_3D ( 'NONE', #3342, #7140, #3851 ) ;
#2431 = DIRECTION ( 'NONE',  ( 0.000000000000000000, -1.000000000000000000, -0.000000000000000000 ) ) ;
#2432 = DIRECTION ( 'NONE',  ( 0.000000000000000000, -0.000000000000000000, 1.000000000000000000 ) ) ;
#2433 = AXIS2_PLACEMENT_3D ( 'NONE', #6064, #6203, #1705 ) ;
#2434 = DIRECTION ( 'NONE',  ( 0.7068211600042046960, 0.000000000000000000, -0.7073922870446852640 ) ) ;
#2435 = EDGE_LOOP ( 'NONE', ( #4271, #423, #1665, #3802 ) ) ;
#2436 = VERTEX_POINT ( 'NONE', #5512 ) ;
#2437 = CARTESIAN_POINT ( 'NONE',  ( 14.59999999998815312, 1.750000000000000000, 137.5999999999999943 ) ) ;
#2438 = ORIENTED_EDGE ( 'NONE', *, *, #4646, .F. ) ;
#2439 = AXIS2_PLACEMENT_3D ( 'NONE', #793, #6771, #2491 ) ;
#2440 = CARTESIAN_POINT ( 'NONE',  ( -26.50000000000052935, 4.850000000000000533, 0.000000000000000000 ) ) ;
#2441 = DIRECTION ( 'NONE',  ( 2.136845536274448592E-16, -0.5735764363510452712, 0.8191520442889924647 ) ) ;
#2442 = ORIENTED_EDGE ( 'NONE', *, *, #3130, .F. ) ;
#2443 = ORIENTED_EDGE ( 'NONE', *, *, #1976, .T. ) ;
#2444 = CARTESIAN_POINT ( 'NONE',  ( 11.99999999998821565, 1.750000000000000000, 163.0000000000001421 ) ) ;
#2445 = LINE ( 'NONE', #6397, #1223 ) ;
#2446 = VERTEX_POINT ( 'NONE', #3781 ) ;
#2447 = FACE_OUTER_BOUND ( 'NONE', #4982, .T. ) ;
#2448 = ADVANCED_FACE ( 'NONE', ( #547 ), #3887, .F. ) ;
#2449 = CARTESIAN_POINT ( 'NONE',  ( 16.90000000001182556, 0.7499999999999729106, 96.85000000002264642 ) ) ;
#2450 = CARTESIAN_POINT ( 'NONE',  ( -13.57930174806592838, 1.249999999999999556, 125.7684116160548484 ) ) ;
#2451 = VECTOR ( 'NONE', #6692, 1000.000000000000000 ) ;
#2452 = CARTESIAN_POINT ( 'NONE',  ( -16.89999999998816449, 1.750000000000001554, 100.9500000000000455 ) ) ;
#2453 = FACE_OUTER_BOUND ( 'NONE', #4747, .T. ) ;
#2454 = ADVANCED_FACE ( 'NONE', ( #5547 ), #6128, .F. ) ;
#2455 = EDGE_LOOP ( 'NONE', ( #4205, #840, #1851, #6713, #3425 ) ) ;
#2456 = EDGE_CURVE ( 'NONE', #6861, #3786, #1248, .T. ) ;
#2457 = CARTESIAN_POINT ( 'NONE',  ( 32.20000000000057128, 4.850000000000000533, 0.000000000000000000 ) ) ;
#2458 = ORIENTED_EDGE ( 'NONE', *, *, #6139, .T. ) ;
#2459 = ORIENTED_EDGE ( 'NONE', *, *, #5028, .T. ) ;
#2460 = ORIENTED_EDGE ( 'NONE', *, *, #2548, .T. ) ;
#2461 = EDGE_CURVE ( 'NONE', #377, #5506, #4027, .T. ) ;
#2462 = PLANE ( 'NONE',  #5722 ) ;
#2463 = CARTESIAN_POINT ( 'NONE',  ( -26.04152931588985354, 12.34999999999999964, 45.10525188191666501 ) ) ;
#2464 = CARTESIAN_POINT ( 'NONE',  ( -10.20430174806592838, -4.000000000000000000, 129.9000000000000057 ) ) ;
#2465 = FACE_OUTER_BOUND ( 'NONE', #1634, .T. ) ;
#2466 = DIRECTION ( 'NONE',  ( -1.000000000000000000, 0.000000000000000000, 2.312964634635715347E-16 ) ) ;
#2467 = ORIENTED_EDGE ( 'NONE', *, *, #1753, .F. ) ;
#2468 = EDGE_LOOP ( 'NONE', ( #6388, #782, #3375, #2158 ) ) ;
#2469 = CARTESIAN_POINT ( 'NONE',  ( 17.44999999998821139, 1.750000000000000000, 156.6000000000001933 ) ) ;
#2470 = VERTEX_POINT ( 'NONE', #2867 ) ;
#2471 = EDGE_CURVE ( 'NONE', #6957, #3643, #3990, .T. ) ;
#2472 = PLANE ( 'NONE',  #3477 ) ;
#2473 = CARTESIAN_POINT ( 'NONE',  ( -11.84871062253963103, 53.23340376863964707, 122.0018057028560321 ) ) ;
#2474 = CARTESIAN_POINT ( 'NONE',  ( 16.90000000001182556, 0.7499999999999729106, 98.40000000000001990 ) ) ;
#2475 = ORIENTED_EDGE ( 'NONE', *, *, #4309, .F. ) ;
#2476 = DIRECTION ( 'NONE',  ( -1.000000000000000000, 0.000000000000000000, 0.000000000000000000 ) ) ;
#2477 = AXIS2_PLACEMENT_3D ( 'NONE', #6891, #1924, #4267 ) ;
#2478 = LINE ( 'NONE', #2517, #3298 ) ;
#2479 = VECTOR ( 'NONE', #6081, 1000.000000000000000 ) ;
#2480 = ORIENTED_EDGE ( 'NONE', *, *, #1096, .T. ) ;
#2481 = CARTESIAN_POINT ( 'NONE',  ( 17.44999999998820783, 0.000000000000000000, 155.5000000000001705 ) ) ;
#2482 = LINE ( 'NONE', #5715, #1501 ) ;
#2483 = PLANE ( 'NONE',  #6935 ) ;
#2484 = VECTOR ( 'NONE', #6751, 1000.000000000000114 ) ;
#2485 = VECTOR ( 'NONE', #270, 999.9999999999998863 ) ;
#2486 = DIRECTION ( 'NONE',  ( -1.000000000000000000, 0.000000000000000000, 0.000000000000000000 ) ) ;
#2487 = EDGE_CURVE ( 'NONE', #5746, #2844, #763, .T. ) ;
#2488 = CARTESIAN_POINT ( 'NONE',  ( 33.75000000000054712, 4.850000000000000533, 127.7740925722955154 ) ) ;
#2489 = ORIENTED_EDGE ( 'NONE', *, *, #3086, .T. ) ;
#2490 = AXIS2_PLACEMENT_3D ( 'NONE', #2473, #1969, #5741 ) ;
#2491 = DIRECTION ( 'NONE',  ( 0.000000000000000000, 0.000000000000000000, 1.000000000000000000 ) ) ;
#2492 = ORIENTED_EDGE ( 'NONE', *, *, #6820, .T. ) ;
#2493 = VERTEX_POINT ( 'NONE', #6741 ) ;
#2494 = ORIENTED_EDGE ( 'NONE', *, *, #3208, .F. ) ;
#2495 = VECTOR ( 'NONE', #2848, 1000.000000000000000 ) ;
#2496 = CARTESIAN_POINT ( 'NONE',  ( -24.00000000000053291, 12.34999999999999964, 130.3000000000000398 ) ) ;
#2497 = EDGE_CURVE ( 'NONE', #2921, #6489, #800, .T. ) ;
#2498 = LINE ( 'NONE', #6923, #5071 ) ;
#2499 = LINE ( 'NONE', #397, #1598 ) ;
#2500 = DIRECTION ( 'NONE',  ( 0.02181488487422971953, 0.000000000000000000, 0.9997620270834074452 ) ) ;
#2501 = LINE ( 'NONE', #261, #3366 ) ;
#2502 = ORIENTED_EDGE ( 'NONE', *, *, #6320, .F. ) ;
#2503 = ADVANCED_FACE ( 'NONE', ( #655 ), #1272, .T. ) ;
#2504 = ORIENTED_EDGE ( 'NONE', *, *, #4494, .T. ) ;
#2505 = FACE_BOUND ( 'NONE', #518, .T. ) ;
#2506 = EDGE_CURVE ( 'NONE', #2041, #4658, #2319, .T. ) ;
#2507 = ORIENTED_EDGE ( 'NONE', *, *, #2633, .F. ) ;
#2508 = CARTESIAN_POINT ( 'NONE',  ( 7.499999999988222754, 1.750000000000000000, 163.0000000000001421 ) ) ;
#2509 = LINE ( 'NONE', #4725, #2399 ) ;
#2510 = DIRECTION ( 'NONE',  ( 0.000000000000000000, 1.000000000000000000, 0.000000000000000000 ) ) ;
#2511 = DIRECTION ( 'NONE',  ( 0.000000000000000000, 0.000000000000000000, -1.000000000000000000 ) ) ;
#2512 = EDGE_CURVE ( 'NONE', #6313, #5947, #1345, .T. ) ;
#2513 = ORIENTED_EDGE ( 'NONE', *, *, #4711, .T. ) ;
#2514 = VECTOR ( 'NONE', #4983, 1000.000000000000000 ) ;
#2515 = ORIENTED_EDGE ( 'NONE', *, *, #6975, .F. ) ;
#2516 = DIRECTION ( 'NONE',  ( 0.000000000000000000, -0.7071067811865473507, 0.7071067811865476838 ) ) ;
#2517 = CARTESIAN_POINT ( 'NONE',  ( 13.57930174806596213, 1.750000000000000000, 125.7684116160548484 ) ) ;
#2518 = ORIENTED_EDGE ( 'NONE', *, *, #1126, .F. ) ;
#2519 = LINE ( 'NONE', #3650, #4614 ) ;
#2520 = VECTOR ( 'NONE', #3972, 1000.000000000000000 ) ;
#2521 = DIRECTION ( 'NONE',  ( 0.000000000000000000, 1.000000000000000000, 0.000000000000000000 ) ) ;
#2522 = CARTESIAN_POINT ( 'NONE',  ( -22.34999999998811759, 0.000000000000000000, 133.5000000000000000 ) ) ;
#2523 = VECTOR ( 'NONE', #500, 1000.000000000000000 ) ;
#2524 = CARTESIAN_POINT ( 'NONE',  ( 3.358391833210486954, 1.750000000000000000, 150.5000000000000000 ) ) ;
#2525 = LINE ( 'NONE', #3110, #7081 ) ;
#2526 = ORIENTED_EDGE ( 'NONE', *, *, #2506, .T. ) ;
#2527 = CARTESIAN_POINT ( 'NONE',  ( 14.20092382581302282, 1.750000000000000000, 124.7028564555156720 ) ) ;
#2528 = ORIENTED_EDGE ( 'NONE', *, *, #6222, .F. ) ;
#2529 = ORIENTED_EDGE ( 'NONE', *, *, #1036, .F. ) ;
#2530 = ORIENTED_EDGE ( 'NONE', *, *, #4446, .T. ) ;
#2531 = CARTESIAN_POINT ( 'NONE',  ( -33.75000000000056843, 2.249999999999962252, 112.0000000000000142 ) ) ;
#2532 = DIRECTION ( 'NONE',  ( 0.000000000000000000, 1.000000000000000000, 0.000000000000000000 ) ) ;
#2533 = LINE ( 'NONE', #4753, #1947 ) ;
#2534 = AXIS2_PLACEMENT_3D ( 'NONE', #6315, #5586, #2836 ) ;
#2535 = LINE ( 'NONE', #3052, #125 ) ;
#2536 = ORIENTED_EDGE ( 'NONE', *, *, #1531, .F. ) ;
#2537 = VERTEX_POINT ( 'NONE', #3561 ) ;
#2538 = EDGE_CURVE ( 'NONE', #7114, #3775, #3453, .T. ) ;
#2539 = CYLINDRICAL_SURFACE ( 'NONE', #4969, 1.549999999999995826 ) ;
#2540 = VERTEX_POINT ( 'NONE', #3525 ) ;
#2541 = VECTOR ( 'NONE', #5336, 1000.000000000000114 ) ;
#2542 = PLANE ( 'NONE',  #5900 ) ;
#2543 = DIRECTION ( 'NONE',  ( 1.000000000000000000, 0.000000000000000000, 8.226619123294235526E-15 ) ) ;
#2544 = CARTESIAN_POINT ( 'NONE',  ( -22.34999999998811759, 0.7500000000000223155, 135.0500000000000114 ) ) ;
#2545 = VECTOR ( 'NONE', #6777, 1000.000000000000000 ) ;
#2546 = ADVANCED_FACE ( 'NONE', ( #5077 ), #2390, .F. ) ;
#2547 = LINE ( 'NONE', #6831, #5991 ) ;
#2548 = EDGE_CURVE ( 'NONE', #4473, #3029, #5767, .T. ) ;
#2549 = ORIENTED_EDGE ( 'NONE', *, *, #1971, .F. ) ;
#2550 = VECTOR ( 'NONE', #6415, 1000.000000000000000 ) ;
#2551 = ORIENTED_EDGE ( 'NONE', *, *, #394, .T. ) ;
#2552 = EDGE_CURVE ( 'NONE', #6968, #5577, #5655, .T. ) ;
#2553 = CARTESIAN_POINT ( 'NONE',  ( -10.20430174806592838, 1.750000000000000000, 82.85000000000002274 ) ) ;
#2554 = CARTESIAN_POINT ( 'NONE',  ( -29.37500000000054712, 4.850000000000000533, 79.08797097907863360 ) ) ;
#2555 = EDGE_LOOP ( 'NONE', ( #5428, #3638, #2692, #4885, #2800, #3821 ) ) ;
#2556 = VECTOR ( 'NONE', #6956, 1000.000000000000000 ) ;
#2557 = CARTESIAN_POINT ( 'NONE',  ( 16.80000000000053362, 1.250000000000001110, 82.35000000000002274 ) ) ;
#2558 = CARTESIAN_POINT ( 'NONE',  ( -26.50000000000052935, -48.70000000000023022, 61.04999999999799343 ) ) ;
#2559 = EDGE_CURVE ( 'NONE', #2436, #3529, #5619, .T. ) ;
#2560 = DIRECTION ( 'NONE',  ( 0.000000000000000000, 1.000000000000000000, 0.000000000000000000 ) ) ;
#2561 = CARTESIAN_POINT ( 'NONE',  ( -3.358391833210450539, 0.000000000000000000, 150.5000000000000000 ) ) ;
#2562 = ORIENTED_EDGE ( 'NONE', *, *, #3346, .F. ) ;
#2563 = CARTESIAN_POINT ( 'NONE',  ( -24.50112609145443443, -2.000000000000000000, 130.1000000000000227 ) ) ;
#2564 = VERTEX_POINT ( 'NONE', #2907 ) ;
#2565 = ORIENTED_EDGE ( 'NONE', *, *, #6587, .F. ) ;
#2566 = ORIENTED_EDGE ( 'NONE', *, *, #5863, .T. ) ;
#2567 = CARTESIAN_POINT ( 'NONE',  ( 26.50000000000053646, 3.350000000000000533, 89.50000000000002842 ) ) ;
#2568 = FACE_OUTER_BOUND ( 'NONE', #5517, .T. ) ;
#2569 = LINE ( 'NONE', #4787, #2875 ) ;
#2570 = CARTESIAN_POINT ( 'NONE',  ( -3.171361672029947009E-13, 4.850000000000000533, 77.10000000000013642 ) ) ;
#2571 = VERTEX_POINT ( 'NONE', #1856 ) ;
#2572 = ORIENTED_EDGE ( 'NONE', *, *, #6271, .F. ) ;
#2573 = DIRECTION ( 'NONE',  ( -3.304235192336746718E-15, 0.000000000000000000, -1.000000000000000000 ) ) ;
#2574 = ORIENTED_EDGE ( 'NONE', *, *, #4056, .F. ) ;
#2575 = DIRECTION ( 'NONE',  ( -0.000000000000000000, -1.000000000000000000, -0.000000000000000000 ) ) ;
#2576 = DIRECTION ( 'NONE',  ( -1.000000000000000000, 0.000000000000000000, -0.000000000000000000 ) ) ;
#2577 = DIRECTION ( 'NONE',  ( 0.000000000000000000, -0.000000000000000000, 1.000000000000000000 ) ) ;
#2578 = EDGE_CURVE ( 'NONE', #3848, #2114, #5114, .T. ) ;
#2579 = EDGE_CURVE ( 'NONE', #2588, #1534, #4956, .T. ) ;
#2580 = CARTESIAN_POINT ( 'NONE',  ( -25.35112609145443230, 9.049999999999991829, 122.8000000000001251 ) ) ;
#2581 = CIRCLE ( 'NONE', #2184, 1.549999999999995826 ) ;
#2582 = ORIENTED_EDGE ( 'NONE', *, *, #3216, .T. ) ;
#2583 = EDGE_CURVE ( 'NONE', #121, #4454, #225, .T. ) ;
#2584 = VERTEX_POINT ( 'NONE', #2282 ) ;
#2585 = DIRECTION ( 'NONE',  ( 0.000000000000000000, 0.000000000000000000, 1.000000000000000000 ) ) ;
#2586 = EDGE_CURVE ( 'NONE', #1153, #4269, #4496, .T. ) ;
#2587 = CARTESIAN_POINT ( 'NONE',  ( 16.90000000001182556, 53.23340376863964707, 96.85000000002264642 ) ) ;
#2588 = VERTEX_POINT ( 'NONE', #6164 ) ;
#2589 = CARTESIAN_POINT ( 'NONE',  ( 14.07930174806596213, 1.750000000000000000, 125.7684116160548484 ) ) ;
#2590 = DIRECTION ( 'NONE',  ( 0.000000000000000000, 0.000000000000000000, -1.000000000000000000 ) ) ;
#2591 = EDGE_CURVE ( 'NONE', #1722, #2715, #1195, .T. ) ;
#2592 = EDGE_CURVE ( 'NONE', #1918, #5311, #4136, .T. ) ;
#2593 = VECTOR ( 'NONE', #2486, 1000.000000000000000 ) ;
#2594 = DIRECTION ( 'NONE',  ( -1.314184451497581259E-16, 1.000000000000000000, 0.000000000000000000 ) ) ;
#2595 = CARTESIAN_POINT ( 'NONE',  ( 29.37500000000057909, 6.850000000000000533, 85.61202902092142608 ) ) ;
#2596 = ORIENTED_EDGE ( 'NONE', *, *, #1406, .F. ) ;
#2597 = DIRECTION ( 'NONE',  ( 1.000000000000000000, 0.000000000000000000, -0.000000000000000000 ) ) ;
#2598 = VECTOR ( 'NONE', #5522, 1000.000000000000000 ) ;
#2599 = DIRECTION ( 'NONE',  ( -0.4999999999999912847, 0.000000000000000000, 0.8660254037844437036 ) ) ;
#2600 = EDGE_CURVE ( 'NONE', #4246, #5190, #4621, .T. ) ;
#2601 = VECTOR ( 'NONE', #3063, 1000.000000000000000 ) ;
#2602 = ORIENTED_EDGE ( 'NONE', *, *, #1652, .F. ) ;
#2603 = VERTEX_POINT ( 'NONE', #869 ) ;
#2604 = DIRECTION ( 'NONE',  ( 0.000000000000000000, 0.000000000000000000, 1.000000000000000000 ) ) ;
#2605 = CARTESIAN_POINT ( 'NONE',  ( -11.84871062253963103, 12.34999999999999964, 79.10000000000002274 ) ) ;
#2606 = VECTOR ( 'NONE', #4258, 1000.000000000000000 ) ;
#2607 = CARTESIAN_POINT ( 'NONE',  ( -29.37500000000052935, 12.34999999999999964, 87.59999999999999432 ) ) ;
#2608 = CARTESIAN_POINT ( 'NONE',  ( -12.20986011360944623, 1.750000000000000000, 79.10000000000003695 ) ) ;
#2609 = ORIENTED_EDGE ( 'NONE', *, *, #2548, .F. ) ;
#2610 = EDGE_LOOP ( 'NONE', ( #1861, #1092, #1228, #106 ) ) ;
#2611 = DIRECTION ( 'NONE',  ( -1.000000000000000000, -0.000000000000000000, -0.000000000000000000 ) ) ;
#2612 = ORIENTED_EDGE ( 'NONE', *, *, #3263, .F. ) ;
#2613 = VECTOR ( 'NONE', #1564, 1000.000000000000000 ) ;
#2614 = DIRECTION ( 'NONE',  ( 0.000000000000000000, -0.000000000000000000, 1.000000000000000000 ) ) ;
#2615 = LINE ( 'NONE', #6937, #1827 ) ;
#2616 = DIRECTION ( 'NONE',  ( -0.000000000000000000, 1.000000000000000000, -0.000000000000000000 ) ) ;
#2617 = DIRECTION ( 'NONE',  ( 0.000000000000000000, 0.000000000000000000, 1.000000000000000000 ) ) ;
#2618 = ORIENTED_EDGE ( 'NONE', *, *, #3118, .F. ) ;
#2619 = EDGE_CURVE ( 'NONE', #651, #3892, #4821, .T. ) ;
#2620 = ORIENTED_EDGE ( 'NONE', *, *, #1735, .T. ) ;
#2621 = DIRECTION ( 'NONE',  ( -0.5773502691896270633, -0.5773502691896252870, -0.5773502691896250649 ) ) ;
#2622 = DIRECTION ( 'NONE',  ( 2.102695122396202590E-15, 0.000000000000000000, 1.000000000000000000 ) ) ;
#2623 = ORIENTED_EDGE ( 'NONE', *, *, #6359, .F. ) ;
#2624 = PLANE ( 'NONE',  #5175 ) ;
#2625 = VECTOR ( 'NONE', #3932, 1000.000000000000000 ) ;
#2626 = EDGE_CURVE ( 'NONE', #1604, #6077, #6383, .T. ) ;
#2627 = CARTESIAN_POINT ( 'NONE',  ( -10.20430174806592838, 1.750000000000000000, 125.7684116160548484 ) ) ;
#2628 = LINE ( 'NONE', #421, #4967 ) ;
#2629 = AXIS2_PLACEMENT_3D ( 'NONE', #1968, #4867, #1529 ) ;
#2630 = EDGE_CURVE ( 'NONE', #3485, #2397, #3910, .T. ) ;
#2631 = DIRECTION ( 'NONE',  ( 0.8660254037844380415, 0.000000000000000000, -0.5000000000000009992 ) ) ;
#2632 = ORIENTED_EDGE ( 'NONE', *, *, #6475, .T. ) ;
#2633 = EDGE_CURVE ( 'NONE', #4352, #255, #2533, .T. ) ;
#2634 = DIRECTION ( 'NONE',  ( 0.000000000000000000, -0.000000000000000000, 1.000000000000000000 ) ) ;
#2635 = ORIENTED_EDGE ( 'NONE', *, *, #4711, .F. ) ;
#2636 = ORIENTED_EDGE ( 'NONE', *, *, #7023, .T. ) ;
#2637 = CIRCLE ( 'NONE', #6344, 1.549999999999995826 ) ;
#2638 = VECTOR ( 'NONE', #4752, 999.9999999999998863 ) ;
#2639 = PLANE ( 'NONE',  #1097 ) ;
#2640 = DIRECTION ( 'NONE',  ( -0.02181488503451320393, 0.000000000000000000, 0.9997620270799101316 ) ) ;
#2641 = EDGE_CURVE ( 'NONE', #5947, #5310, #1958, .T. ) ;
#2642 = LINE ( 'NONE', #2679, #5416 ) ;
#2643 = VECTOR ( 'NONE', #4163, 1000.000000000000000 ) ;
#2644 = FACE_OUTER_BOUND ( 'NONE', #4538, .T. ) ;
#2645 = ORIENTED_EDGE ( 'NONE', *, *, #6985, .T. ) ;
#2646 = VERTEX_POINT ( 'NONE', #6996 ) ;
#2647 = CARTESIAN_POINT ( 'NONE',  ( -26.50000000000052935, 7.649999999999997691, 115.9000000000000341 ) ) ;
#2648 = VERTEX_POINT ( 'NONE', #6963 ) ;
#2649 = LINE ( 'NONE', #5988, #4864 ) ;
#2650 = VECTOR ( 'NONE', #2211, 1000.000000000000000 ) ;
#2651 = EDGE_CURVE ( 'NONE', #6207, #5507, #2637, .T. ) ;
#2652 = DIRECTION ( 'NONE',  ( 1.000000000000000000, -0.000000000000000000, -0.000000000000000000 ) ) ;
#2653 = CARTESIAN_POINT ( 'NONE',  ( 26.00112609145446640, 1.750000000000000000, 148.0463266998052632 ) ) ;
#2654 = CARTESIAN_POINT ( 'NONE',  ( -29.37500000000054357, 12.34999999999999964, 80.80000000000001137 ) ) ;
#2655 = VERTEX_POINT ( 'NONE', #364 ) ;
#2656 = AXIS2_PLACEMENT_3D ( 'NONE', #4601, #3951, #3447 ) ;
#2657 = VERTEX_POINT ( 'NONE', #3159 ) ;
#2658 = AXIS2_PLACEMENT_3D ( 'NONE', #3437, #1874, #2927 ) ;
#2659 = ORIENTED_EDGE ( 'NONE', *, *, #1696, .F. ) ;
#2660 = LINE ( 'NONE', #1503, #179 ) ;
#2661 = VECTOR ( 'NONE', #4319, 1000.000000000000000 ) ;
#2662 = CARTESIAN_POINT ( 'NONE',  ( -3.358391833210450539, 1.750000000000000000, 150.5000000000000000 ) ) ;
#2663 = ORIENTED_EDGE ( 'NONE', *, *, #4250, .T. ) ;
#2664 = CARTESIAN_POINT ( 'NONE',  ( -26.00112609145443443, -2.000000000000000000, 129.9000000000000057 ) ) ;
#2665 = VECTOR ( 'NONE', #1452, 1000.000000000000000 ) ;
#2666 = CARTESIAN_POINT ( 'NONE',  ( -15.59999999998816911, 0.000000000000000000, 125.7684116160548484 ) ) ;
#2667 = DIRECTION ( 'NONE',  ( -1.401868266681950803E-15, -0.7071067811865426878, -0.7071067811865524577 ) ) ;
#2668 = AXIS2_PLACEMENT_3D ( 'NONE', #357, #2634, #2597 ) ;
#2669 = CARTESIAN_POINT ( 'NONE',  ( 26.00112609145440246, -0.2500000000000078271, 113.5000000000000000 ) ) ;
#2670 = EDGE_CURVE ( 'NONE', #2124, #2899, #6450, .T. ) ;
#2671 = ORIENTED_EDGE ( 'NONE', *, *, #814, .F. ) ;
#2672 = EDGE_CURVE ( 'NONE', #6861, #6561, #3050, .T. ) ;
#2673 = CARTESIAN_POINT ( 'NONE',  ( 7.457225075356653576, 1.750000000000000000, 133.9999999999684235 ) ) ;
#2674 = ORIENTED_EDGE ( 'NONE', *, *, #6573, .T. ) ;
#2675 = ORIENTED_EDGE ( 'NONE', *, *, #596, .T. ) ;
#2676 = EDGE_CURVE ( 'NONE', #4473, #2980, #3738, .T. ) ;
#2677 = CARTESIAN_POINT ( 'NONE',  ( 24.50112609087257809, 0.000000000000000000, -1.140307354860942610E-10 ) ) ;
#2678 = LINE ( 'NONE', #3296, #6688 ) ;
#2679 = CARTESIAN_POINT ( 'NONE',  ( 13.57930174808957879, -2.000000000000000000, 122.0018057028501204 ) ) ;
#2680 = EDGE_CURVE ( 'NONE', #3785, #157, #3194, .T. ) ;
#2681 = LINE ( 'NONE', #1522, #3487 ) ;
#2682 = ORIENTED_EDGE ( 'NONE', *, *, #3452, .T. ) ;
#2683 = ORIENTED_EDGE ( 'NONE', *, *, #2591, .F. ) ;
#2684 = CARTESIAN_POINT ( 'NONE',  ( -29.72734600082415213, 2.350000000000000089, 51.48927364760678671 ) ) ;
#2685 = ORIENTED_EDGE ( 'NONE', *, *, #4813, .T. ) ;
#2686 = EDGE_CURVE ( 'NONE', #6607, #282, #5258, .T. ) ;
#2687 = CARTESIAN_POINT ( 'NONE',  ( -25.35112609145443230, -0.2500000000000078271, 130.1000000000000227 ) ) ;
#2688 = LINE ( 'NONE', #2246, #4481 ) ;
#2689 = CARTESIAN_POINT ( 'NONE',  ( -22.34999999998811759, 0.000000000000000000, 135.0500000000000114 ) ) ;
#2690 = DIRECTION ( 'NONE',  ( -0.8660254037844437036, 0.000000000000000000, 0.4999999999999912847 ) ) ;
#2691 = ORIENTED_EDGE ( 'NONE', *, *, #5196, .F. ) ;
#2692 = ORIENTED_EDGE ( 'NONE', *, *, #4852, .F. ) ;
#2693 = EDGE_CURVE ( 'NONE', #4859, #72, #2569, .T. ) ;
#2694 = ORIENTED_EDGE ( 'NONE', *, *, #3040, .F. ) ;
#2695 = LINE ( 'NONE', #3723, #4116 ) ;
#2696 = CARTESIAN_POINT ( 'NONE',  ( 29.37500000000054357, 12.34999999999999964, 82.35000000000000853 ) ) ;
#2697 = ORIENTED_EDGE ( 'NONE', *, *, #2935, .T. ) ;
#2698 = FACE_OUTER_BOUND ( 'NONE', #6417, .T. ) ;
#2699 = CONICAL_SURFACE ( 'NONE', #6291, 3.099999999999991651, 0.7853981633974498333 ) ;
#2700 = DIRECTION ( 'NONE',  ( 0.000000000000000000, 1.000000000000000000, 0.000000000000000000 ) ) ;
#2701 = DIRECTION ( 'NONE',  ( -0.000000000000000000, -1.000000000000000000, -0.000000000000000000 ) ) ;
#2702 = CARTESIAN_POINT ( 'NONE',  ( -29.37500000000052935, 4.850000000000000533, 87.59999999999999432 ) ) ;
#2703 = ORIENTED_EDGE ( 'NONE', *, *, #478, .T. ) ;
#2704 = CARTESIAN_POINT ( 'NONE',  ( 29.37500000000058975, 4.850000000000000533, 85.61202902092144029 ) ) ;
#2705 = ORIENTED_EDGE ( 'NONE', *, *, #424, .T. ) ;
#2706 = ORIENTED_EDGE ( 'NONE', *, *, #1389, .T. ) ;
#2707 = EDGE_CURVE ( 'NONE', #4918, #3377, #4277, .T. ) ;
#2708 = EDGE_CURVE ( 'NONE', #4359, #3139, #2499, .T. ) ;
#2709 = DIRECTION ( 'NONE',  ( 4.654101818143543497E-12, 0.000000000000000000, 1.000000000000000000 ) ) ;
#2710 = DIRECTION ( 'NONE',  ( 0.000000000000000000, 0.000000000000000000, 1.000000000000000000 ) ) ;
#2711 = FACE_BOUND ( 'NONE', #966, .T. ) ;
#2712 = DIRECTION ( 'NONE',  ( 1.000000000000000000, -0.000000000000000000, 0.000000000000000000 ) ) ;
#2713 = VECTOR ( 'NONE', #429, 1000.000000000000000 ) ;
#2714 = CARTESIAN_POINT ( 'NONE',  ( -7.499999999988182786, 0.000000000000000000, 163.0000000000001421 ) ) ;
#2715 = VERTEX_POINT ( 'NONE', #2607 ) ;
#2716 = VERTEX_POINT ( 'NONE', #7033 ) ;
#2717 = DIRECTION ( 'NONE',  ( 1.000000000000000000, -0.000000000000000000, -0.000000000000000000 ) ) ;
#2718 = EDGE_LOOP ( 'NONE', ( #1419, #6665, #4144, #6231 ) ) ;
#2719 = EDGE_CURVE ( 'NONE', #698, #1789, #2063, .T. ) ;
#2720 = AXIS2_PLACEMENT_3D ( 'NONE', #816, #6834, #4120 ) ;
#2721 = DIRECTION ( 'NONE',  ( 1.000000000000000000, -0.000000000000000000, -0.000000000000000000 ) ) ;
#2722 = CARTESIAN_POINT ( 'NONE',  ( 29.37500000000054357, 6.850000000000000533, 125.0500000000000540 ) ) ;
#2723 = CARTESIAN_POINT ( 'NONE',  ( -11.84871062253963103, 53.23340376863964707, 77.10000000000002274 ) ) ;
#2724 = EDGE_CURVE ( 'NONE', #7037, #1237, #260, .T. ) ;
#2725 = EDGE_CURVE ( 'NONE', #1386, #6349, #1590, .T. ) ;
#2726 = CARTESIAN_POINT ( 'NONE',  ( -26.55000000000057270, 2.350000000000000089, 123.4189854895393950 ) ) ;
#2727 = ORIENTED_EDGE ( 'NONE', *, *, #3783, .F. ) ;
#2728 = VECTOR ( 'NONE', #47, 1000.000000000000000 ) ;
#2729 = DIRECTION ( 'NONE',  ( 1.000000000000000000, 0.000000000000000000, 0.000000000000000000 ) ) ;
#2730 = VERTEX_POINT ( 'NONE', #471 ) ;
#2731 = LINE ( 'NONE', #6199, #3934 ) ;
#2732 = DIRECTION ( 'NONE',  ( -1.933235146104446702E-16, 0.000000000000000000, -1.000000000000000000 ) ) ;
#2733 = ADVANCED_FACE ( 'NONE', ( #537 ), #3229, .F. ) ;
#2734 = DIRECTION ( 'NONE',  ( 0.000000000000000000, 0.000000000000000000, 1.000000000000000000 ) ) ;
#2735 = ORIENTED_EDGE ( 'NONE', *, *, #5838, .T. ) ;
#2736 = DIRECTION ( 'NONE',  ( 0.7071067811865500152, -0.000000000000000000, -0.7071067811865451302 ) ) ;
#2737 = DIRECTION ( 'NONE',  ( 0.000000000000000000, 1.000000000000000000, -0.000000000000000000 ) ) ;
#2738 = CARTESIAN_POINT ( 'NONE',  ( -12.49999999998817479, -4.000000000000000000, 154.0000000000000853 ) ) ;
#2739 = PLANE ( 'NONE',  #304 ) ;
#2740 = EDGE_LOOP ( 'NONE', ( #2460, #2358, #3151, #4613 ) ) ;
#2741 = VECTOR ( 'NONE', #6789, 1000.000000000000000 ) ;
#2742 = DIRECTION ( 'NONE',  ( -0.000000000000000000, 1.000000000000000000, -0.000000000000000000 ) ) ;
#2743 = VERTEX_POINT ( 'NONE', #3808 ) ;
#2744 = AXIS2_PLACEMENT_3D ( 'NONE', #3917, #5041, #5581 ) ;
#2745 = DIRECTION ( 'NONE',  ( -0.000000000000000000, -1.000000000000000000, -0.000000000000000000 ) ) ;
#2746 = LINE ( 'NONE', #4958, #4030 ) ;
#2747 = CARTESIAN_POINT ( 'NONE',  ( -11.84871062253962926, 53.23340376863964707, 82.29110954162827340 ) ) ;
#2748 = DIRECTION ( 'NONE',  ( 0.4774298500276914492, 0.000000000000000000, 0.8786698687803833341 ) ) ;
#2749 = LINE ( 'NONE', #2858, #3609 ) ;
#2750 = CIRCLE ( 'NONE', #4147, 1.549999999999995826 ) ;
#2751 = VERTEX_POINT ( 'NONE', #3908 ) ;
#2752 = ORIENTED_EDGE ( 'NONE', *, *, #478, .F. ) ;
#2753 = FACE_OUTER_BOUND ( 'NONE', #2315, .T. ) ;
#2754 = AXIS2_PLACEMENT_3D ( 'NONE', #799, #3013, #326 ) ;
#2755 = ORIENTED_EDGE ( 'NONE', *, *, #4295, .F. ) ;
#2756 = CYLINDRICAL_SURFACE ( 'NONE', #4287, 1.549999999999995826 ) ;
#2757 = AXIS2_PLACEMENT_3D ( 'NONE', #6017, #7099, #5538 ) ;
#2758 = CARTESIAN_POINT ( 'NONE',  ( -26.00112609145444154, -4.000000000000000000, 0.000000000000000000 ) ) ;
#2759 = DIRECTION ( 'NONE',  ( 1.000000000000000000, -0.000000000000000000, 0.000000000000000000 ) ) ;
#2760 = EDGE_CURVE ( 'NONE', #2743, #1731, #1691, .T. ) ;
#2761 = DIRECTION ( 'NONE',  ( -3.341720035121220103E-15, -3.842681947487476273E-31, 1.000000000000000000 ) ) ;
#2762 = ORIENTED_EDGE ( 'NONE', *, *, #4105, .F. ) ;
#2763 = EDGE_CURVE ( 'NONE', #1672, #5190, #2642, .T. ) ;
#2764 = CARTESIAN_POINT ( 'NONE',  ( 24.70112609147810190, -4.000000000000000000, 117.7999999999999545 ) ) ;
#2765 = ORIENTED_EDGE ( 'NONE', *, *, #607, .T. ) ;
#2766 = VECTOR ( 'NONE', #748, 1000.000000000000000 ) ;
#2767 = VECTOR ( 'NONE', #3402, 1000.000000000000000 ) ;
#2768 = EDGE_CURVE ( 'NONE', #665, #5759, #5982, .T. ) ;
#2769 = CARTESIAN_POINT ( 'NONE',  ( -29.37500000000054001, 4.850000000000000533, 130.3000000000000682 ) ) ;
#2770 =( LENGTH_UNIT ( ) NAMED_UNIT ( * ) SI_UNIT ( .MILLI., .METRE. ) );
#2771 = EDGE_CURVE ( 'NONE', #1107, #1188, #2098, .T. ) ;
#2772 = EDGE_LOOP ( 'NONE', ( #2363, #3448, #6976, #4032 ) ) ;
#2773 = CIRCLE ( 'NONE', #2421, 3.099999999999991651 ) ;
#2774 = FACE_OUTER_BOUND ( 'NONE', #1899, .T. ) ;
#2775 = CONICAL_SURFACE ( 'NONE', #4335, 2.549999999977389908, 0.7853981633974411736 ) ;
#2776 = EDGE_CURVE ( 'NONE', #2871, #5275, #3332, .T. ) ;
#2777 = VECTOR ( 'NONE', #3886, 1000.000000000000000 ) ;
#2778 = CARTESIAN_POINT ( 'NONE',  ( 26.55000000000055849, 4.850000000000000533, 0.000000000000000000 ) ) ;
#2779 = DIRECTION ( 'NONE',  ( 0.000000000000000000, 0.000000000000000000, -1.000000000000000000 ) ) ;
#2780 = DIRECTION ( 'NONE',  ( 1.000000000000000000, -0.000000000000000000, 0.000000000000000000 ) ) ;
#2781 = VERTEX_POINT ( 'NONE', #6117 ) ;
#2782 = AXIS2_PLACEMENT_3D ( 'NONE', #3404, #6119, #5575 ) ;
#2783 = CARTESIAN_POINT ( 'NONE',  ( 26.00112609147810971, -4.000000000000000000, 102.5499999999999545 ) ) ;
#2784 = CARTESIAN_POINT ( 'NONE',  ( -26.00112609145444154, -4.000000000000000000, 102.5500000000000114 ) ) ;
#2785 = EDGE_CURVE ( 'NONE', #7092, #4782, #2204, .T. ) ;
#2786 = CIRCLE ( 'NONE', #6837, 1.550000000000009592 ) ;
#2787 = DIRECTION ( 'NONE',  ( -1.000000000000000000, 0.000000000000000000, 0.000000000000000000 ) ) ;
#2788 = PLANE ( 'NONE',  #3576 ) ;
#2789 = CARTESIAN_POINT ( 'NONE',  ( 10.20430174808563706, -2.000000000000000000, 122.0018057028501204 ) ) ;
#2790 = AXIS2_PLACEMENT_3D ( 'NONE', #27, #4443, #638 ) ;
#2791 = DIRECTION ( 'NONE',  ( 0.000000000000000000, 0.000000000000000000, 1.000000000000000000 ) ) ;
#2792 = VERTEX_POINT ( 'NONE', #5433 ) ;
#2793 = ORIENTED_EDGE ( 'NONE', *, *, #2760, .T. ) ;
#2794 = CARTESIAN_POINT ( 'NONE',  ( 24.50000000000048317, -2.000000000000000000, 77.10000000000002274 ) ) ;
#2795 = ORIENTED_EDGE ( 'NONE', *, *, #4013, .T. ) ;
#2796 = FACE_OUTER_BOUND ( 'NONE', #2132, .T. ) ;
#2797 = DIRECTION ( 'NONE',  ( 0.000000000000000000, -0.000000000000000000, -1.000000000000000000 ) ) ;
#2798 = PLANE ( 'NONE',  #61 ) ;
#2799 = CARTESIAN_POINT ( 'NONE',  ( 11.84871062256314111, 1.000000000000000888, 122.0018057028561032 ) ) ;
#2800 = ORIENTED_EDGE ( 'NONE', *, *, #6528, .F. ) ;
#2801 = EDGE_LOOP ( 'NONE', ( #5254, #2404, #6088, #838 ) ) ;
#2802 = DIRECTION ( 'NONE',  ( 0.000000000000000000, 0.000000000000000000, -1.000000000000000000 ) ) ;
#2803 = VERTEX_POINT ( 'NONE', #4418 ) ;
#2804 = ADVANCED_FACE ( 'NONE', ( #1552 ), #1150, .F. ) ;
#2805 = EDGE_CURVE ( 'NONE', #4285, #1371, #5467, .T. ) ;
#2806 = PLANE ( 'NONE',  #1331 ) ;
#2807 = VERTEX_POINT ( 'NONE', #4347 ) ;
#2808 = LINE ( 'NONE', #705, #2863 ) ;
#2809 = ADVANCED_FACE ( 'NONE', ( #2711, #3297 ), #1659, .T. ) ;
#2810 = DIRECTION ( 'NONE',  ( 0.000000000000000000, 0.000000000000000000, -1.000000000000000000 ) ) ;
#2811 = PLANE ( 'NONE',  #4372 ) ;
#2812 = CARTESIAN_POINT ( 'NONE',  ( -26.50000000000052935, 59.63846558463475844, 33.11174007273163511 ) ) ;
#2813 = ORIENTED_EDGE ( 'NONE', *, *, #7150, .T. ) ;
#2814 = CIRCLE ( 'NONE', #1772, 1.549999999999995826 ) ;
#2815 = ADVANCED_FACE ( 'NONE', ( #4312 ), #4922, .T. ) ;
#2817 = EDGE_CURVE ( 'NONE', #4918, #4285, #576, .T. ) ;
#2816 = DIRECTION ( 'NONE',  ( 0.000000000000000000, 9.035018104045866996E-17, -1.000000000000000000 ) ) ;
#2818 = LINE ( 'NONE', #786, #6470 ) ;
#2819 = DIRECTION ( 'NONE',  ( 0.000000000000000000, 0.000000000000000000, -1.000000000000000000 ) ) ;
#2820 = CARTESIAN_POINT ( 'NONE',  ( 26.00112609145446640, 1.750000000000000000, 148.0463266998052632 ) ) ;
#2821 = LINE ( 'NONE', #1729, #903 ) ;
#2822 = ADVANCED_FACE ( 'NONE', ( #3844 ), #7169, .F. ) ;
#2823 = DIRECTION ( 'NONE',  ( 1.000000000000000000, 0.000000000000000000, 8.226619123294235526E-15 ) ) ;
#2824 = ORIENTED_EDGE ( 'NONE', *, *, #2497, .F. ) ;
#2825 = ORIENTED_EDGE ( 'NONE', *, *, #5652, .T. ) ;
#2826 = CARTESIAN_POINT ( 'NONE',  ( -26.50000000000052935, 12.34999999999999964, 115.9000000000000341 ) ) ;
#2827 = ORIENTED_EDGE ( 'NONE', *, *, #2670, .T. ) ;
#2828 = CARTESIAN_POINT ( 'NONE',  ( -44.53117168668730130, 4.850000000000000533, 77.13025188191750203 ) ) ;
#2829 = VECTOR ( 'NONE', #2780, 1000.000000000000000 ) ;
#2830 = VECTOR ( 'NONE', #2193, 1000.000000000000000 ) ;
#2831 = DIRECTION ( 'NONE',  ( 1.000000000000000000, -0.000000000000000000, -0.000000000000000000 ) ) ;
#2832 = LINE ( 'NONE', #3415, #6317 ) ;
#2833 = CARTESIAN_POINT ( 'NONE',  ( 60.07948837162226852, 2.350000000000000089, 104.0607263523930754 ) ) ;
#2834 = ORIENTED_EDGE ( 'NONE', *, *, #2330, .T. ) ;
#2835 = VERTEX_POINT ( 'NONE', #2236 ) ;
#2836 = DIRECTION ( 'NONE',  ( 0.000000000000000000, 0.000000000000000000, -1.000000000000000000 ) ) ;
#2837 = CIRCLE ( 'NONE', #6888, 3.374999999942951412 ) ;
#2838 = ORIENTED_EDGE ( 'NONE', *, *, #375, .T. ) ;
#2839 = VECTOR ( 'NONE', #1579, 1000.000000000000000 ) ;
#2840 = DIRECTION ( 'NONE',  ( -0.4999999999999982792, 0.000000000000000000, -0.8660254037844397068 ) ) ;
#2841 = LINE ( 'NONE', #5012, #2484 ) ;
#2842 = VERTEX_POINT ( 'NONE', #4450 ) ;
#2843 = CYLINDRICAL_SURFACE ( 'NONE', #2393, 1.549999999999995826 ) ;
#2844 = VERTEX_POINT ( 'NONE', #5397 ) ;
#2845 = PRESENTATION_LAYER_ASSIGNMENT (  '', '', ( #2243 ) ) ;
#2846 = FACE_BOUND ( 'NONE', #285, .T. ) ;
#2847 = CARTESIAN_POINT ( 'NONE',  ( 26.00112609146623299, 1.249999999999994227, 78.60112609146575835 ) ) ;
#2848 = DIRECTION ( 'NONE',  ( -0.000000000000000000, -1.000000000000000000, -0.000000000000000000 ) ) ;
#2849 = ORIENTED_EDGE ( 'NONE', *, *, #6545, .F. ) ;
#2850 = ADVANCED_FACE ( 'NONE', ( #431 ), #3372, .T. ) ;
#2851 = CARTESIAN_POINT ( 'NONE',  ( 15.59999999998820996, -16.11541742610947381, 154.0000000000000853 ) ) ;
#2852 = CARTESIAN_POINT ( 'NONE',  ( -10.20430174806592838, 1.750000000000000000, 133.9999999999684235 ) ) ;
#2853 = EDGE_CURVE ( 'NONE', #2041, #4363, #4485, .T. ) ;
#2854 = LINE ( 'NONE', #100, #4225 ) ;
#2855 = DIRECTION ( 'NONE',  ( -0.000000000000000000, -1.000000000000000000, -0.000000000000000000 ) ) ;
#2856 = EDGE_CURVE ( 'NONE', #731, #4547, #2821, .T. ) ;
#2857 = ORIENTED_EDGE ( 'NONE', *, *, #1368, .F. ) ;
#2858 = CARTESIAN_POINT ( 'NONE',  ( 33.75000000000054001, 4.850000000000000533, 79.62590742770458974 ) ) ;
#2859 = ORIENTED_EDGE ( 'NONE', *, *, #3169, .T. ) ;
#2860 = ORIENTED_EDGE ( 'NONE', *, *, #5339, .T. ) ;
#2861 = DIRECTION ( 'NONE',  ( 0.000000000000000000, 1.000000000000000000, -0.000000000000000000 ) ) ;
#2862 = EDGE_LOOP ( 'NONE', ( #552, #6469, #356, #4190 ) ) ;
#2863 = VECTOR ( 'NONE', #3505, 1000.000000000000114 ) ;
#2864 = EDGE_CURVE ( 'NONE', #295, #5142, #5029, .T. ) ;
#2865 = LINE ( 'NONE', #3523, #3245 ) ;
#2866 = CARTESIAN_POINT ( 'NONE',  ( 0.000000000000000000, 1.750000000000000000, 152.8000000000000114 ) ) ;
#2867 = CARTESIAN_POINT ( 'NONE',  ( -25.35112609145443585, 2.824844346342727075, 114.2500000000000142 ) ) ;
#2868 = CARTESIAN_POINT ( 'NONE',  ( -11.99999999998817479, 0.000000000000000000, 155.5000000000001705 ) ) ;
#2869 = VECTOR ( 'NONE', #4390, 1000.000000000000000 ) ;
#2870 = CARTESIAN_POINT ( 'NONE',  ( 25.35112609145443230, 3.350000000000000089, 112.0000000000000142 ) ) ;
#2871 = VERTEX_POINT ( 'NONE', #2996 ) ;
#2872 = EDGE_LOOP ( 'NONE', ( #5675, #988, #6409, #3671 ) ) ;
#2873 = FACE_OUTER_BOUND ( 'NONE', #3914, .T. ) ;
#2874 = ORIENTED_EDGE ( 'NONE', *, *, #6978, .F. ) ;
#2875 = VECTOR ( 'NONE', #292, 1000.000000000000000 ) ;
#2876 = ADVANCED_FACE ( 'NONE', ( #5348 ), #4663, .F. ) ;
#2877 = VECTOR ( 'NONE', #5396, 1000.000000000000000 ) ;
#2878 = FACE_OUTER_BOUND ( 'NONE', #2208, .T. ) ;
#2879 = ORIENTED_EDGE ( 'NONE', *, *, #5250, .F. ) ;
#2880 = LINE ( 'NONE', #128, #428 ) ;
#2881 = VECTOR ( 'NONE', #887, 1000.000000000000000 ) ;
#2882 = ORIENTED_EDGE ( 'NONE', *, *, #737, .T. ) ;
#2883 = DIRECTION ( 'NONE',  ( -0.000000000000000000, -1.000000000000000000, -0.000000000000000000 ) ) ;
#2884 = CARTESIAN_POINT ( 'NONE',  ( 26.00112609147807419, -7.290692563079559818, 130.1000000000000227 ) ) ;
#2885 = VECTOR ( 'NONE', #5070, 1000.000000000000000 ) ;
#2886 = LINE ( 'NONE', #2263, #6550 ) ;
#2887 = VERTEX_POINT ( 'NONE', #3068 ) ;
#2888 = CARTESIAN_POINT ( 'NONE',  ( 26.50112609145433140, 1.749999999999886757, 114.2500000000000142 ) ) ;
#2889 = PLANE ( 'NONE',  #2308 ) ;
#2890 = DIRECTION ( 'NONE',  ( 0.000000000000000000, -0.000000000000000000, 1.000000000000000000 ) ) ;
#2891 = CIRCLE ( 'NONE', #2656, 3.099999999999991651 ) ;
#2892 = CARTESIAN_POINT ( 'NONE',  ( 26.50000000000054357, 12.34999999999999964, 130.3000000000000398 ) ) ;
#2893 = ADVANCED_FACE ( 'NONE', ( #6910 ), #5206, .F. ) ;
#2894 = LINE ( 'NONE', #2342, #2767 ) ;
#2895 = AXIS2_PLACEMENT_3D ( 'NONE', #725, #2280, #691 ) ;
#2896 = ORIENTED_EDGE ( 'NONE', *, *, #2592, .T. ) ;
#2897 = DIRECTION ( 'NONE',  ( 0.000000000000000000, 1.000000000000000000, 0.000000000000000000 ) ) ;
#2898 = ORIENTED_EDGE ( 'NONE', *, *, #6019, .F. ) ;
#2899 = VERTEX_POINT ( 'NONE', #5751 ) ;
#2900 = LINE ( 'NONE', #2826, #3817 ) ;
#2901 = AXIS2_PLACEMENT_3D ( 'NONE', #4072, #1347, #330 ) ;
#2902 = ADVANCED_FACE ( 'NONE', ( #3547 ), #6399, .F. ) ;
#2903 = ORIENTED_EDGE ( 'NONE', *, *, #3361, .F. ) ;
#2904 = CARTESIAN_POINT ( 'NONE',  ( 1.038643317945637357, 1.750000000000000000, 137.0113566820664914 ) ) ;
#2905 = ADVANCED_FACE ( 'NONE', ( #3104 ), #5822, .F. ) ;
#2906 = DIRECTION ( 'NONE',  ( -0.7071067811865463515, 0.7071067811865486830, 0.000000000000000000 ) ) ;
#2907 = CARTESIAN_POINT ( 'NONE',  ( -29.37500000000054001, 4.850000000000000533, 85.61202902092141187 ) ) ;
#2908 = DIRECTION ( 'NONE',  ( 1.000000000000000000, 0.000000000000000000, -0.000000000000000000 ) ) ;
#2909 = VECTOR ( 'NONE', #3373, 1000.000000000000000 ) ;
#2910 = CARTESIAN_POINT ( 'NONE',  ( -29.37500000000054357, 12.34999999999999964, 82.35000000000000853 ) ) ;
#2911 = VERTEX_POINT ( 'NONE', #4700 ) ;
#2912 = EDGE_CURVE ( 'NONE', #896, #5142, #350, .T. ) ;
#2913 = VERTEX_POINT ( 'NONE', #1873 ) ;
#2914 = DIRECTION ( 'NONE',  ( -0.7071067811865479058, -0.7071067811865472397, 1.367003681438620985E-16 ) ) ;
#2915 = ORIENTED_EDGE ( 'NONE', *, *, #1871, .F. ) ;
#2916 = LINE ( 'NONE', #3927, #3540 ) ;
#2917 = FILL_AREA_STYLE ('',( #5628 ) ) ;
#2918 = ORIENTED_EDGE ( 'NONE', *, *, #340, .T. ) ;
#2919 = CARTESIAN_POINT ( 'NONE',  ( 29.37500000000052580, 4.850000000000000533, 130.3000000000000398 ) ) ;
#2920 = EDGE_CURVE ( 'NONE', #5587, #2091, #5787, .T. ) ;
#2921 = VERTEX_POINT ( 'NONE', #5242 ) ;
#2922 = CARTESIAN_POINT ( 'NONE',  ( 0.000000000000000000, 12.34999999999999964, 0.000000000000000000 ) ) ;
#2923 = FACE_OUTER_BOUND ( 'NONE', #6760, .T. ) ;
#2924 = DIRECTION ( 'NONE',  ( -0.7071067811865512365, -0.000000000000000000, -0.7071067811865439090 ) ) ;
#2925 = EDGE_LOOP ( 'NONE', ( #3815, #124, #321, #6883 ) ) ;
#2926 = DIRECTION ( 'NONE',  ( 0.000000000000000000, 0.000000000000000000, -1.000000000000000000 ) ) ;
#2927 = DIRECTION ( 'NONE',  ( 1.000000000000000000, 0.000000000000000000, 0.000000000000000000 ) ) ;
#2928 = DIRECTION ( 'NONE',  ( -0.8660254037844437036, 0.000000000000000000, 0.4999999999999912847 ) ) ;
#2929 = LINE ( 'NONE', #1184, #5267 ) ;
#2930 = DIRECTION ( 'NONE',  ( 0.8660254037844368202, 0.000000000000000000, 0.5000000000000032196 ) ) ;
#2931 = ORIENTED_EDGE ( 'NONE', *, *, #962, .T. ) ;
#2932 = DIRECTION ( 'NONE',  ( 0.000000000000000000, -1.000000000000000000, -0.000000000000000000 ) ) ;
#2933 = ORIENTED_EDGE ( 'NONE', *, *, #4626, .F. ) ;
#2934 = ORIENTED_EDGE ( 'NONE', *, *, #5459, .F. ) ;
#2935 = EDGE_CURVE ( 'NONE', #1619, #5000, #820, .T. ) ;
#2936 = CARTESIAN_POINT ( 'NONE',  ( -29.37500000000054357, 6.850000000000000533, 123.5000000000000568 ) ) ;
#2937 = VERTEX_POINT ( 'NONE', #2481 ) ;
#2938 = CARTESIAN_POINT ( 'NONE',  ( -16.44999999998816165, 0.000000000000000000, 154.5000000000001705 ) ) ;
#2939 = LINE ( 'NONE', #2828, #4175 ) ;
#2940 = DIRECTION ( 'NONE',  ( 0.000000000000000000, 0.000000000000000000, 1.000000000000000000 ) ) ;
#2941 = CARTESIAN_POINT ( 'NONE',  ( -25.35112609145443585, 3.049999999999998934, 112.0000000000000142 ) ) ;
#2942 = CARTESIAN_POINT ( 'NONE',  ( 13.57608949592835224, -2.000000000000000000, 121.8545902704920962 ) ) ;
#2943 = ORIENTED_EDGE ( 'NONE', *, *, #3259, .T. ) ;
#2944 = ORIENTED_EDGE ( 'NONE', *, *, #3190, .F. ) ;
#2945 = EDGE_CURVE ( 'NONE', #69, #4326, #2519, .T. ) ;
#2946 = LINE ( 'NONE', #1894, #4279 ) ;
#2947 = VERTEX_POINT ( 'NONE', #2557 ) ;
#2948 = EDGE_CURVE ( 'NONE', #2921, #6443, #6292, .T. ) ;
#2949 = DIRECTION ( 'NONE',  ( 1.000000000000000000, 0.000000000000000000, 0.000000000000000000 ) ) ;
#2950 = VERTEX_POINT ( 'NONE', #5315 ) ;
#2951 = LINE ( 'NONE', #844, #4596 ) ;
#2952 = VECTOR ( 'NONE', #6574, 1000.000000000000000 ) ;
#2953 = AXIS2_PLACEMENT_3D ( 'NONE', #6015, #1046, #4995 ) ;
#2954 = ORIENTED_EDGE ( 'NONE', *, *, #3789, .T. ) ;
#2955 = ORIENTED_EDGE ( 'NONE', *, *, #1748, .F. ) ;
#2956 = EDGE_CURVE ( 'NONE', #979, #6521, #4737, .T. ) ;
#2957 = AXIS2_PLACEMENT_3D ( 'NONE', #4549, #6757, #2261 ) ;
#2958 = CARTESIAN_POINT ( 'NONE',  ( -32.20000000000054996, 2.350000000000000089, 80.71898548953934949 ) ) ;
#2959 = CARTESIAN_POINT ( 'NONE',  ( 33.75000000000054712, 0.4999999999999970024, 114.2500000000000142 ) ) ;
#2960 = ORIENTED_EDGE ( 'NONE', *, *, #2945, .F. ) ;
#2961 = CARTESIAN_POINT ( 'NONE',  ( 29.37500000000056133, 6.850000000000000533, 79.08797097907860518 ) ) ;
#2962 = PRODUCT_DEFINITION_SHAPE ( 'NONE', 'NONE',  #5817 ) ;
#2963 = CARTESIAN_POINT ( 'NONE',  ( 0.000000000000000000, 12.34999999999999964, 154.5000000000001705 ) ) ;
#2964 = LINE ( 'NONE', #5860, #678 ) ;
#2965 = VECTOR ( 'NONE', #5197, 1000.000000000000000 ) ;
#2966 = EDGE_CURVE ( 'NONE', #3089, #1386, #245, .T. ) ;
#2967 = CARTESIAN_POINT ( 'NONE',  ( 11.99999999998821565, 1.750000000000000000, 163.0000000000001421 ) ) ;
#2968 = LINE ( 'NONE', #5027, #5694 ) ;
#2969 = ORIENTED_EDGE ( 'NONE', *, *, #2316, .F. ) ;
#2970 = DIRECTION ( 'NONE',  ( 0.000000000000000000, 1.000000000000000000, 0.000000000000000000 ) ) ;
#2971 = EDGE_LOOP ( 'NONE', ( #2882, #3922, #593, #5168 ) ) ;
#2972 = ORIENTED_EDGE ( 'NONE', *, *, #3651, .F. ) ;
#2973 = LINE ( 'NONE', #4456, #1854 ) ;
#2974 = ORIENTED_EDGE ( 'NONE', *, *, #2244, .T. ) ;
#2975 = LINE ( 'NONE', #2388, #5671 ) ;
#2976 = LINE ( 'NONE', #5184, #5441 ) ;
#2977 = DIRECTION ( 'NONE',  ( -0.000000000000000000, 1.000000000000000000, -0.000000000000000000 ) ) ;
#2978 = PLANE ( 'NONE',  #4465 ) ;
#2979 = DIRECTION ( 'NONE',  ( 2.312964634635715347E-16, 0.000000000000000000, 1.000000000000000000 ) ) ;
#2980 = VERTEX_POINT ( 'NONE', #5859 ) ;
#2981 = ORIENTED_EDGE ( 'NONE', *, *, #5393, .F. ) ;
#2982 = PLANE ( 'NONE',  #4505 ) ;
#2983 = ORIENTED_EDGE ( 'NONE', *, *, #3353, .T. ) ;
#2984 = FACE_OUTER_BOUND ( 'NONE', #4781, .T. ) ;
#2985 = ADVANCED_FACE ( 'NONE', ( #2447 ), #4774, .F. ) ;
#2986 = CARTESIAN_POINT ( 'NONE',  ( -24.00000000000053291, 12.34999999999999964, 79.10000000000002274 ) ) ;
#2987 = VECTOR ( 'NONE', #151, 1000.000000000000000 ) ;
#2988 = EDGE_LOOP ( 'NONE', ( #3857, #1312, #6044, #532, #2241, #5962, #6745, #2551 ) ) ;
#2989 = EDGE_CURVE ( 'NONE', #6813, #1773, #6433, .T. ) ;
#2990 = VECTOR ( 'NONE', #5908, 1000.000000000000000 ) ;
#2991 = EDGE_LOOP ( 'NONE', ( #1750, #1302, #3080, #2596 ) ) ;
#2992 = FACE_OUTER_BOUND ( 'NONE', #359, .T. ) ;
#2993 = ADVANCED_FACE ( 'NONE', ( #3686 ), #3147, .F. ) ;
#2994 = DIRECTION ( 'NONE',  ( 0.000000000000000000, 1.000000000000000000, 0.000000000000000000 ) ) ;
#2995 = ORIENTED_EDGE ( 'NONE', *, *, #3308, .T. ) ;
#2996 = CARTESIAN_POINT ( 'NONE',  ( -15.59999999998816911, 0.000000000000000000, 154.0000000000000853 ) ) ;
#2997 = DIRECTION ( 'NONE',  ( 0.000000000000000000, 1.000000000000000000, 0.000000000000000000 ) ) ;
#2998 = CARTESIAN_POINT ( 'NONE',  ( -16.89999999998816449, 1.750000000000001554, 98.40000000000001990 ) ) ;
#2999 = ADVANCED_FACE ( 'NONE', ( #2774 ), #5968, .F. ) ;
#3000 = AXIS2_PLACEMENT_3D ( 'NONE', #5211, #275, #5716 ) ;
#3001 = CARTESIAN_POINT ( 'NONE',  ( -10.20430174801494339, -2.000000000000000000, 77.10000000000002274 ) ) ;
#3002 = PLANE ( 'NONE',  #3031 ) ;
#3003 = ORIENTED_EDGE ( 'NONE', *, *, #2776, .T. ) ;
#3004 = AXIS2_PLACEMENT_3D ( 'NONE', #769, #1238, #6280 ) ;
#3005 = DIRECTION ( 'NONE',  ( -0.000000000000000000, -1.000000000000000000, -0.000000000000000000 ) ) ;
#3006 = ORIENTED_EDGE ( 'NONE', *, *, #2102, .F. ) ;
#3007 = ADVANCED_FACE ( 'NONE', ( #489 ), #3792, .T. ) ;
#3008 = ORIENTED_EDGE ( 'NONE', *, *, #2708, .T. ) ;
#3009 = CARTESIAN_POINT ( 'NONE',  ( -11.39911434808635704, 0.9400258847991372901, 79.10000000000002274 ) ) ;
#3010 = EDGE_LOOP ( 'NONE', ( #3662, #1955, #3757, #1198, #6059 ) ) ;
#3011 = VECTOR ( 'NONE', #2377, 1000.000000000000000 ) ;
#3012 = CARTESIAN_POINT ( 'NONE',  ( 0.000000000000000000, -2.000000000000000000, 130.1000000000000227 ) ) ;
#3013 = DIRECTION ( 'NONE',  ( -0.7071067811865479058, -0.7071067811865472397, 1.367003681438620985E-16 ) ) ;
#3014 = AXIS2_PLACEMENT_3D ( 'NONE', #1158, #2906, #3411 ) ;
#3015 = CARTESIAN_POINT ( 'NONE',  ( 22.05980492078086996, 12.34999999999999964, 155.2999999999901490 ) ) ;
#3016 = CARTESIAN_POINT ( 'NONE',  ( 13.57608949592835224, 1.249999999999999334, 121.8545902704920962 ) ) ;
#3017 = AXIS2_PLACEMENT_3D ( 'NONE', #5330, #7070, #1591 ) ;
#3018 = CARTESIAN_POINT ( 'NONE',  ( -11.99999999998817479, 1.750000000000000000, 146.0000000000000000 ) ) ;
#3019 = ORIENTED_EDGE ( 'NONE', *, *, #1492, .F. ) ;
#3020 = ORIENTED_EDGE ( 'NONE', *, *, #3621, .T. ) ;
#3021 = PLANE ( 'NONE',  #342 ) ;
#3022 = ORIENTED_EDGE ( 'NONE', *, *, #3295, .T. ) ;
#3023 = FACE_OUTER_BOUND ( 'NONE', #1317, .T. ) ;
#3024 = VECTOR ( 'NONE', #5797, 999.9999999999998863 ) ;
#3025 = CARTESIAN_POINT ( 'NONE',  ( -10.20430174806592838, -4.000000000000000000, 125.7684116160548484 ) ) ;
#3026 = LINE ( 'NONE', #1320, #6219 ) ;
#3027 = ORIENTED_EDGE ( 'NONE', *, *, #2651, .T. ) ;
#3028 = ADVANCED_FACE ( 'NONE', ( #453 ), #4839, .F. ) ;
#3029 = VERTEX_POINT ( 'NONE', #1577 ) ;
#3030 = CARTESIAN_POINT ( 'NONE',  ( 13.57608949592835224, 1.750000000000000000, 121.8545902704920962 ) ) ;
#3031 = AXIS2_PLACEMENT_3D ( 'NONE', #250, #3552, #277 ) ;
#3032 = LINE ( 'NONE', #3580, #50 ) ;
#3033 = ORIENTED_EDGE ( 'NONE', *, *, #1297, .F. ) ;
#3034 = CARTESIAN_POINT ( 'NONE',  ( -4.948769369253092520, 12.34999999999999964, 155.3000000000000114 ) ) ;
#3035 = DIRECTION ( 'NONE',  ( 0.000000000000000000, 0.000000000000000000, 1.000000000000000000 ) ) ;
#3036 = LINE ( 'NONE', #5753, #99 ) ;
#3037 = EDGE_CURVE ( 'NONE', #6336, #243, #6507, .T. ) ;
#3038 = CARTESIAN_POINT ( 'NONE',  ( 29.37500000000056843, 4.850000000000000533, 119.8000000000000824 ) ) ;
#3039 = DIRECTION ( 'NONE',  ( 0.000000000000000000, 1.000000000000000000, 0.000000000000000000 ) ) ;
#3040 = EDGE_CURVE ( 'NONE', #5118, #6266, #3862, .T. ) ;
#3041 = ORIENTED_EDGE ( 'NONE', *, *, #3656, .T. ) ;
#3042 = EDGE_CURVE ( 'NONE', #827, #3985, #1006, .T. ) ;
#3043 = DIRECTION ( 'NONE',  ( -0.000000000000000000, -1.000000000000000000, -0.000000000000000000 ) ) ;
#3044 = VERTEX_POINT ( 'NONE', #2664 ) ;
#3045 = ORIENTED_EDGE ( 'NONE', *, *, #6414, .T. ) ;
#3046 = ORIENTED_EDGE ( 'NONE', *, *, #5960, .T. ) ;
#3047 = DIRECTION ( 'NONE',  ( 1.000000000000000000, 0.000000000000000000, 0.000000000000000000 ) ) ;
#3048 = DIRECTION ( 'NONE',  ( -1.000000000000000000, 0.000000000000000000, 0.000000000000000000 ) ) ;
#3049 = EDGE_CURVE ( 'NONE', #4583, #141, #995, .T. ) ;
#3050 = LINE ( 'NONE', #6413, #5067 ) ;
#3051 = CARTESIAN_POINT ( 'NONE',  ( 26.55000000000055849, 2.350000000000000089, 0.000000000000000000 ) ) ;
#3052 = CARTESIAN_POINT ( 'NONE',  ( 24.50112609147807774, -7.290692563079559818, 130.1000000000000227 ) ) ;
#3053 = ORIENTED_EDGE ( 'NONE', *, *, #2010, .F. ) ;
#3054 = ORIENTED_EDGE ( 'NONE', *, *, #3350, .T. ) ;
#3055 = FACE_OUTER_BOUND ( 'NONE', #658, .T. ) ;
#3056 = ORIENTED_EDGE ( 'NONE', *, *, #5443, .T. ) ;
#3057 = LINE ( 'NONE', #3132, #2541 ) ;
#3058 = CARTESIAN_POINT ( 'NONE',  ( 7.499999999988222754, 1.750000000000000000, 163.0000000000001421 ) ) ;
#3059 = LINE ( 'NONE', #3095, #6776 ) ;
#3060 = DIRECTION ( 'NONE',  ( 0.8660254037844395958, 0.000000000000000000, -0.4999999999999982236 ) ) ;
#3061 = VERTEX_POINT ( 'NONE', #4261 ) ;
#3062 = VERTEX_POINT ( 'NONE', #2118 ) ;
#3063 = DIRECTION ( 'NONE',  ( 1.000000000000000000, 0.000000000000000000, 0.000000000000000000 ) ) ;
#3064 = VECTOR ( 'NONE', #2924, 1000.000000000000000 ) ;
#3065 = CARTESIAN_POINT ( 'NONE',  ( -17.44999999998816875, 0.000000000000000000, 156.6000000000001933 ) ) ;
#3066 = VECTOR ( 'NONE', #1377, 1000.000000000000000 ) ;
#3067 = ORIENTED_EDGE ( 'NONE', *, *, #5196, .T. ) ;
#3068 = CARTESIAN_POINT ( 'NONE',  ( 24.70112609145447280, -4.000000000000000000, 129.8999999999998920 ) ) ;
#3069 = CARTESIAN_POINT ( 'NONE',  ( -15.59999999998816911, -16.11541742610947381, 125.7684116160548484 ) ) ;
#3070 = CARTESIAN_POINT ( 'NONE',  ( -25.35112609145444296, 1.249999999999997558, 77.95112609145394345 ) ) ;
#3071 = VECTOR ( 'NONE', #1869, 1000.000000000000000 ) ;
#3072 = LINE ( 'NONE', #3001, #1675 ) ;
#3073 = DIRECTION ( 'NONE',  ( 0.000000000000000000, 1.000000000000000000, 0.000000000000000000 ) ) ;
#3074 = EDGE_CURVE ( 'NONE', #2101, #1394, #4333, .T. ) ;
#3075 = ORIENTED_EDGE ( 'NONE', *, *, #6978, .T. ) ;
#3076 = AXIS2_PLACEMENT_3D ( 'NONE', #2400, #5270, #4187 ) ;
#3077 = DIRECTION ( 'NONE',  ( -1.000000000000000000, 0.000000000000000000, 2.608606730792191375E-16 ) ) ;
#3078 = ORIENTED_EDGE ( 'NONE', *, *, #2619, .F. ) ;
#3079 = ORIENTED_EDGE ( 'NONE', *, *, #432, .T. ) ;
#3080 = ORIENTED_EDGE ( 'NONE', *, *, #6522, .T. ) ;
#3081 = EDGE_CURVE ( 'NONE', #3791, #2436, #6002, .T. ) ;
#3082 = ADVANCED_FACE ( 'NONE', ( #4367 ), #2624, .F. ) ;
#3083 = LINE ( 'NONE', #2531, #7168 ) ;
#3084 = PLANE ( 'NONE',  #3106 ) ;
#3085 = CARTESIAN_POINT ( 'NONE',  ( -14.23975427469719257, 1.750000000000000000, 125.5922199536795603 ) ) ;
#3086 = EDGE_CURVE ( 'NONE', #6338, #6245, #4945, .T. ) ;
#3087 = CARTESIAN_POINT ( 'NONE',  ( -15.59999999998816911, 0.000000000000000000, 146.5000000000000000 ) ) ;
#3088 = ORIENTED_EDGE ( 'NONE', *, *, #7021, .T. ) ;
#3089 = VERTEX_POINT ( 'NONE', #7156 ) ;
#3090 = PLANE ( 'NONE',  #1846 ) ;
#3091 = ORIENTED_EDGE ( 'NONE', *, *, #3527, .F. ) ;
#3092 = ADVANCED_FACE ( 'NONE', ( #2698 ), #1240, .F. ) ;
#3093 = CARTESIAN_POINT ( 'NONE',  ( 29.37500000000052580, 4.850000000000000533, 130.3000000000000398 ) ) ;
#3094 = FACE_OUTER_BOUND ( 'NONE', #4106, .T. ) ;
#3095 = CARTESIAN_POINT ( 'NONE',  ( 26.90234600082414929, 4.850000000000000533, 46.59623011622471012 ) ) ;
#3096 = CARTESIAN_POINT ( 'NONE',  ( 82.18035991077526603, 12.34999999999999964, 44.65312661953766593 ) ) ;
#3097 = EDGE_LOOP ( 'NONE', ( #6195, #311, #1348, #5399 ) ) ;
#3098 = EDGE_CURVE ( 'NONE', #5587, #1266, #3727, .T. ) ;
#3099 = AXIS2_PLACEMENT_3D ( 'NONE', #7044, #2075, #3749 ) ;
#3100 = ORIENTED_EDGE ( 'NONE', *, *, #4902, .T. ) ;
#3101 = LINE ( 'NONE', #2958, #6308 ) ;
#3102 = PLANE ( 'NONE',  #6880 ) ;
#3103 = ORIENTED_EDGE ( 'NONE', *, *, #5377, .F. ) ;
#3104 = FACE_OUTER_BOUND ( 'NONE', #5877, .T. ) ;
#3105 = CIRCLE ( 'NONE', #3905, 3.099999999999991651 ) ;
#3106 = AXIS2_PLACEMENT_3D ( 'NONE', #4713, #289, #1483 ) ;
#3107 = DIRECTION ( 'NONE',  ( 1.982541115402063729E-15, 0.000000000000000000, 1.000000000000000000 ) ) ;
#3108 = AXIS2_PLACEMENT_3D ( 'NONE', #3946, #5574, #610 ) ;
#3109 = DIRECTION ( 'NONE',  ( 0.000000000000000000, 0.000000000000000000, -1.000000000000000000 ) ) ;
#3110 = CARTESIAN_POINT ( 'NONE',  ( 26.55000000000054428, 2.350000000000000089, 126.6810145104607415 ) ) ;
#3111 = ORIENTED_EDGE ( 'NONE', *, *, #909, .F. ) ;
#3112 = CARTESIAN_POINT ( 'NONE',  ( 29.37500000000054357, 6.850000000000000533, 82.35000000000000853 ) ) ;
#3113 = EDGE_LOOP ( 'NONE', ( #1694, #905, #4611, #2755 ) ) ;
#3114 = EDGE_LOOP ( 'NONE', ( #4282, #544, #3839, #2343, #2934, #4240 ) ) ;
#3115 = VECTOR ( 'NONE', #2267, 1000.000000000000000 ) ;
#3116 = VECTOR ( 'NONE', #2855, 1000.000000000000000 ) ;
#3117 = ORIENTED_EDGE ( 'NONE', *, *, #2724, .F. ) ;
#3118 = EDGE_CURVE ( 'NONE', #2493, #3044, #4403, .T. ) ;
#3119 = FACE_OUTER_BOUND ( 'NONE', #1514, .T. ) ;
#3120 = LINE ( 'NONE', #5804, #2638 ) ;
#3121 = CARTESIAN_POINT ( 'NONE',  ( -26.50000000000052935, 1.748873908546068279, 5.123508537092179590E-15 ) ) ;
#3122 = VECTOR ( 'NONE', #4720, 1000.000000000000000 ) ;
#3123 = EDGE_CURVE ( 'NONE', #6150, #3, #3829, .T. ) ;
#3124 = CARTESIAN_POINT ( 'NONE',  ( -32.20000000000052154, 2.350000000000000089, 0.000000000000000000 ) ) ;
#3125 = ORIENTED_EDGE ( 'NONE', *, *, #6991, .T. ) ;
#3126 = ORIENTED_EDGE ( 'NONE', *, *, #4722, .T. ) ;
#3127 = DIRECTION ( 'NONE',  ( -0.8660254037844383745, 0.000000000000000000, 0.5000000000000004441 ) ) ;
#3128 = AXIS2_PLACEMENT_3D ( 'NONE', #866, #1991, #4712 ) ;
#3129 = ORIENTED_EDGE ( 'NONE', *, *, #7109, .F. ) ;
#3130 = EDGE_CURVE ( 'NONE', #5320, #698, #5524, .T. ) ;
#3131 = CIRCLE ( 'NONE', #693, 1.549999999999995826 ) ;
#3132 = CARTESIAN_POINT ( 'NONE',  ( 22.34999999998815312, 0.7500000000000084377, 131.9500000000000171 ) ) ;
#3133 = CARTESIAN_POINT ( 'NONE',  ( 63.76530505655508563, 12.34999999999999964, 110.4447481180855846 ) ) ;
#3134 = DIRECTION ( 'NONE',  ( 0.000000000000000000, 0.000000000000000000, -1.000000000000000000 ) ) ;
#3135 = VECTOR ( 'NONE', #2027, 1000.000000000000000 ) ;
#3136 = EDGE_CURVE ( 'NONE', #295, #989, #1507, .T. ) ;
#3137 = ADVANCED_FACE ( 'NONE', ( #2332 ), #2843, .F. ) ;
#3138 = LINE ( 'NONE', #2580, #6482 ) ;
#3139 = VERTEX_POINT ( 'NONE', #3968 ) ;
#3140 = VECTOR ( 'NONE', #3948, 1000.000000000000000 ) ;
#3141 = EDGE_LOOP ( 'NONE', ( #3911, #3509, #3027, #2972 ) ) ;
#3142 = CARTESIAN_POINT ( 'NONE',  ( -26.00112609145443443, -4.000000000000000000, 125.7684116160548484 ) ) ;
#3143 = EDGE_CURVE ( 'NONE', #4758, #2950, #1680, .T. ) ;
#3144 = PLANE ( 'NONE',  #628 ) ;
#3145 = EDGE_LOOP ( 'NONE', ( #2111, #6662 ) ) ;
#3146 = VECTOR ( 'NONE', #5610, 1000.000000000000000 ) ;
#3147 = PLANE ( 'NONE',  #218 ) ;
#3148 = DIRECTION ( 'NONE',  ( 0.000000000000000000, 0.000000000000000000, -1.000000000000000000 ) ) ;
#3149 = FACE_OUTER_BOUND ( 'NONE', #4041, .T. ) ;
#3150 = DIRECTION ( 'NONE',  ( 0.000000000000000000, 0.000000000000000000, -1.000000000000000000 ) ) ;
#3151 = ORIENTED_EDGE ( 'NONE', *, *, #4754, .T. ) ;
#3152 = DIRECTION ( 'NONE',  ( -1.000000000000000000, 0.000000000000000000, 0.000000000000000000 ) ) ;
#3153 = VECTOR ( 'NONE', #64, 1000.000000000000000 ) ;
#3154 = PLANE ( 'NONE',  #4160 ) ;
#3155 = ORIENTED_EDGE ( 'NONE', *, *, #2209, .T. ) ;
#3156 = ORIENTED_EDGE ( 'NONE', *, *, #3206, .F. ) ;
#3157 = DIRECTION ( 'NONE',  ( 0.8660254037844395958, 0.000000000000000000, -0.4999999999999981681 ) ) ;
#3158 = FACE_OUTER_BOUND ( 'NONE', #154, .T. ) ;
#3159 = CARTESIAN_POINT ( 'NONE',  ( 16.90000000001182556, 1.750000000000000000, 100.9499999999774076 ) ) ;
#3160 = EDGE_CURVE ( 'NONE', #5553, #2313, #739, .T. ) ;
#3161 = CARTESIAN_POINT ( 'NONE',  ( -10.20430174806592838, -4.000000000000000000, 146.5000000000000000 ) ) ;
#3162 = ORIENTED_EDGE ( 'NONE', *, *, #6842, .T. ) ;
#3163 = ORIENTED_EDGE ( 'NONE', *, *, #5905, .F. ) ;
#3164 = DIRECTION ( 'NONE',  ( -0.000000000000000000, -1.000000000000000000, -0.000000000000000000 ) ) ;
#3165 = ORIENTED_EDGE ( 'NONE', *, *, #681, .F. ) ;
#3166 = LINE ( 'NONE', #2033, #7170 ) ;
#3167 = CARTESIAN_POINT ( 'NONE',  ( -29.37500000000056133, 6.850000000000000533, 128.3120290209214147 ) ) ;
#3168 = DIRECTION ( 'NONE',  ( -0.3145145977190313968, 0.000000000000000000, 0.9492526364575637476 ) ) ;
#3169 = EDGE_CURVE ( 'NONE', #3313, #2842, #3358, .T. ) ;
#3170 = CARTESIAN_POINT ( 'NONE',  ( 32.20000000000054996, 6.850000000000000533, 126.6810145104607699 ) ) ;
#3171 = ORIENTED_EDGE ( 'NONE', *, *, #6434, .F. ) ;
#3172 = EDGE_CURVE ( 'NONE', #4859, #4293, #6680, .T. ) ;
#3173 = ADVANCED_FACE ( 'NONE', ( #4039 ), #6721, .T. ) ;
#3174 = ORIENTED_EDGE ( 'NONE', *, *, #6904, .T. ) ;
#3175 = DIRECTION ( 'NONE',  ( 0.000000000000000000, 0.000000000000000000, -1.000000000000000000 ) ) ;
#3176 = FACE_OUTER_BOUND ( 'NONE', #6541, .T. ) ;
#3177 = ORIENTED_EDGE ( 'NONE', *, *, #1313, .F. ) ;
#3178 = DIRECTION ( 'NONE',  ( -0.02181488503451320393, 0.000000000000000000, 0.9997620270799101316 ) ) ;
#3179 = EDGE_CURVE ( 'NONE', #5659, #7062, #2808, .T. ) ;
#3180 = VECTOR ( 'NONE', #3899, 1000.000000000000000 ) ;
#3181 = VECTOR ( 'NONE', #5173, 1000.000000000000000 ) ;
#3182 = CARTESIAN_POINT ( 'NONE',  ( -10.20430174806592838, -16.11541742610947381, 154.0000000000000853 ) ) ;
#3183 = LINE ( 'NONE', #1617, #6982 ) ;
#3184 = CARTESIAN_POINT ( 'NONE',  ( 15.76364331793374873, 1.750000000000000000, 151.7363566820546623 ) ) ;
#3185 = VERTEX_POINT ( 'NONE', #1715 ) ;
#3186 = DIRECTION ( 'NONE',  ( 1.000000000000000000, -0.000000000000000000, 0.000000000000000000 ) ) ;
#3187 = ORIENTED_EDGE ( 'NONE', *, *, #3748, .F. ) ;
#3188 = VECTOR ( 'NONE', #1211, 1000.000000000000000 ) ;
#3189 = ORIENTED_EDGE ( 'NONE', *, *, #2209, .F. ) ;
#3190 = EDGE_CURVE ( 'NONE', #4457, #6150, #3390, .T. ) ;
#3191 = DIRECTION ( 'NONE',  ( 0.000000000000000000, -0.000000000000000000, -1.000000000000000000 ) ) ;
#3192 = CARTESIAN_POINT ( 'NONE',  ( -33.75000000000054001, 4.850000000000000533, 85.07409257229544153 ) ) ;
#3193 = AXIS2_PLACEMENT_3D ( 'NONE', #3345, #1703, #6063 ) ;
#3194 = LINE ( 'NONE', #5909, #5309 ) ;
#3195 = FACE_OUTER_BOUND ( 'NONE', #203, .T. ) ;
#3196 = ORIENTED_EDGE ( 'NONE', *, *, #201, .T. ) ;
#3197 = VERTEX_POINT ( 'NONE', #2223 ) ;
#3198 = CARTESIAN_POINT ( 'NONE',  ( 26.00112609145446996, -2.000000000000000000, 129.8999999999998920 ) ) ;
#3199 = EDGE_LOOP ( 'NONE', ( #1708, #228, #4517, #3391 ) ) ;
#3200 = VECTOR ( 'NONE', #2121, 1000.000000000000000 ) ;
#3201 = CARTESIAN_POINT ( 'NONE',  ( 25.35112609145436480, 1.249999999999996447, 77.95112609145390081 ) ) ;
#3202 = LINE ( 'NONE', #6460, #7149 ) ;
#3203 = LINE ( 'NONE', #7006, #3550 ) ;
#3204 = CARTESIAN_POINT ( 'NONE',  ( -45.39198837162189193, 6.850000000000000533, 78.62123011622489344 ) ) ;
#3205 = EDGE_LOOP ( 'NONE', ( #3187, #4597, #4238, #5523 ) ) ;
#3206 = EDGE_CURVE ( 'NONE', #1083, #1844, #5562, .T. ) ;
#3207 = ORIENTED_EDGE ( 'NONE', *, *, #7056, .T. ) ;
#3208 = EDGE_CURVE ( 'NONE', #383, #1263, #6210, .T. ) ;
#3209 = ORIENTED_EDGE ( 'NONE', *, *, #2497, .T. ) ;
#3210 = LINE ( 'NONE', #7117, #3998 ) ;
#3211 = LINE ( 'NONE', #4299, #4223 ) ;
#3212 = ORIENTED_EDGE ( 'NONE', *, *, #4548, .T. ) ;
#3213 = DIRECTION ( 'NONE',  ( 1.000000000000000000, 0.000000000000000000, -1.933235146104446702E-16 ) ) ;
#3214 = EDGE_CURVE ( 'NONE', #2436, #157, #5669, .T. ) ;
#3215 = VECTOR ( 'NONE', #3679, 1000.000000000000000 ) ;
#3216 = EDGE_CURVE ( 'NONE', #3529, #3221, #6125, .T. ) ;
#3217 = DIRECTION ( 'NONE',  ( 0.000000000000000000, 0.000000000000000000, 1.000000000000000000 ) ) ;
#3218 = DIRECTION ( 'NONE',  ( 0.000000000000000000, 0.000000000000000000, -1.000000000000000000 ) ) ;
#3219 = VECTOR ( 'NONE', #6669, 1000.000000000000000 ) ;
#3220 = DIRECTION ( 'NONE',  ( -0.7071067811865439090, 0.000000000000000000, 0.7071067811865512365 ) ) ;
#3221 = VERTEX_POINT ( 'NONE', #1206 ) ;
#3222 = ADVANCED_FACE ( 'NONE', ( #627 ), #5090, .F. ) ;
#3223 = LINE ( 'NONE', #1002, #5910 ) ;
#3224 = ORIENTED_EDGE ( 'NONE', *, *, #1628, .T. ) ;
#3225 = ORIENTED_EDGE ( 'NONE', *, *, #7032, .T. ) ;
#3226 = VECTOR ( 'NONE', #4381, 1000.000000000000000 ) ;
#3227 = DIRECTION ( 'NONE',  ( 0.000000000000000000, -0.7071067811865524577, 0.7071067811865425767 ) ) ;
#3228 = CARTESIAN_POINT ( 'NONE',  ( 16.90000000001182556, 1.750000000000001554, 98.40000000000001990 ) ) ;
#3229 = PLANE ( 'NONE',  #2403 ) ;
#3230 = EDGE_CURVE ( 'NONE', #3061, #3417, #2880, .T. ) ;
#3231 = VECTOR ( 'NONE', #4051, 1000.000000000000000 ) ;
#3232 = LINE ( 'NONE', #4313, #4869 ) ;
#3233 = ORIENTED_EDGE ( 'NONE', *, *, #6854, .F. ) ;
#3234 = ORIENTED_EDGE ( 'NONE', *, *, #1940, .T. ) ;
#3235 = FACE_OUTER_BOUND ( 'NONE', #1582, .T. ) ;
#3236 = ORIENTED_EDGE ( 'NONE', *, *, #2578, .T. ) ;
#3237 = DIRECTION ( 'NONE',  ( -0.8660254037844455910, 0.000000000000000000, -0.4999999999999880651 ) ) ;
#3238 = VECTOR ( 'NONE', #5263, 1000.000000000000114 ) ;
#3239 = DIRECTION ( 'NONE',  ( -3.341720035121220103E-15, 0.000000000000000000, 1.000000000000000000 ) ) ;
#3240 = DIRECTION ( 'NONE',  ( 0.000000000000000000, 0.000000000000000000, 1.000000000000000000 ) ) ;
#3241 = LINE ( 'NONE', #6031, #7063 ) ;
#3242 = VERTEX_POINT ( 'NONE', #6754 ) ;
#3243 = VECTOR ( 'NONE', #947, 1000.000000000000000 ) ;
#3244 = ORIENTED_EDGE ( 'NONE', *, *, #2048, .F. ) ;
#3245 = VECTOR ( 'NONE', #5145, 1000.000000000000000 ) ;
#3246 = EDGE_LOOP ( 'NONE', ( #4468, #3389, #6124, #2691 ) ) ;
#3247 = CARTESIAN_POINT ( 'NONE',  ( -21.35344314932018506, 1.750000000000000000, 156.6000000000001933 ) ) ;
#3248 = VECTOR ( 'NONE', #3987, 1000.000000000000000 ) ;
#3249 = CARTESIAN_POINT ( 'NONE',  ( 26.50000000000054001, 7.850000000000001421, 113.5000000000000142 ) ) ;
#3250 = ORIENTED_EDGE ( 'NONE', *, *, #6019, .T. ) ;
#3251 = DIRECTION ( 'NONE',  ( 0.000000000000000000, 1.000000000000000000, 1.084202172485504187E-16 ) ) ;
#3252 = EDGE_CURVE ( 'NONE', #732, #2844, #163, .T. ) ;
#3253 = CIRCLE ( 'NONE', #5098, 4.099999999999992539 ) ;
#3254 = PLANE ( 'NONE',  #5852 ) ;
#3255 = CARTESIAN_POINT ( 'NONE',  ( -11.99999999998817479, 12.34999999999999964, 155.5000000000001705 ) ) ;
#3256 = AXIS2_PLACEMENT_3D ( 'NONE', #3444, #1114, #5646 ) ;
#3257 = CARTESIAN_POINT ( 'NONE',  ( 13.29209295146149472, -2.000000000000000000, 115.3500000000000085 ) ) ;
#3258 = EDGE_LOOP ( 'NONE', ( #2549, #3694, #5985, #3680 ) ) ;
#3259 = EDGE_CURVE ( 'NONE', #6173, #1153, #5707, .T. ) ;
#3260 = LINE ( 'NONE', #4992, #594 ) ;
#3261 = EDGE_LOOP ( 'NONE', ( #3517, #5984, #1095, #4914 ) ) ;
#3262 = ORIENTED_EDGE ( 'NONE', *, *, #73, .T. ) ;
#3263 = EDGE_CURVE ( 'NONE', #72, #5279, #1119, .T. ) ;
#3264 = CARTESIAN_POINT ( 'NONE',  ( -22.69999999998817586, -4.000000000000000000, 102.5500000000000114 ) ) ;
#3265 = CARTESIAN_POINT ( 'NONE',  ( 21.35344314932023480, 0.000000000000000000, 156.6000000000001933 ) ) ;
#3266 = ADVANCED_FACE ( 'NONE', ( #774 ), #6392, .F. ) ;
#3267 = CARTESIAN_POINT ( 'NONE',  ( 0.000000000000000000, 4.850000000000000533, 0.000000000000000000 ) ) ;
#3268 = DIRECTION ( 'NONE',  ( 1.000000000000000000, 0.000000000000000000, -0.000000000000000000 ) ) ;
#3269 = CARTESIAN_POINT ( 'NONE',  ( -16.89999999998816449, 1.750000000000000000, 95.84999999999999432 ) ) ;
#3270 = ORIENTED_EDGE ( 'NONE', *, *, #3614, .T. ) ;
#3271 = ORIENTED_EDGE ( 'NONE', *, *, #553, .T. ) ;
#3272 = CARTESIAN_POINT ( 'NONE',  ( 24.70112609145446569, -4.000000000000000000, 125.7684116160547916 ) ) ;
#3273 = ORIENTED_EDGE ( 'NONE', *, *, #2322, .F. ) ;
#3274 = EDGE_CURVE ( 'NONE', #636, #4502, #5756, .T. ) ;
#3275 = CARTESIAN_POINT ( 'NONE',  ( -26.00112609145443088, -2.000000000000000000, 78.60112609145392071 ) ) ;
#3276 = FACE_BOUND ( 'NONE', #1594, .T. ) ;
#3277 = PLANE ( 'NONE',  #3315 ) ;
#3278 = LINE ( 'NONE', #2726, #6833 ) ;
#3279 = ORIENTED_EDGE ( 'NONE', *, *, #4414, .F. ) ;
#3280 = DIRECTION ( 'NONE',  ( 0.000000000000000000, 0.000000000000000000, -1.000000000000000000 ) ) ;
#3281 = EDGE_LOOP ( 'NONE', ( #435, #2918 ) ) ;
#3282 = LINE ( 'NONE', #2428, #2545 ) ;
#3283 = ORIENTED_EDGE ( 'NONE', *, *, #4776, .T. ) ;
#3284 = CARTESIAN_POINT ( 'NONE',  ( -29.37500000000054357, 4.850000000000000533, 77.10000000000002274 ) ) ;
#3285 = CARTESIAN_POINT ( 'NONE',  ( -10.20430174806592838, -16.11541742610947381, 146.5000000000000000 ) ) ;
#3286 = ORIENTED_EDGE ( 'NONE', *, *, #6864, .T. ) ;
#3287 = CARTESIAN_POINT ( 'NONE',  ( 26.50112609145421416, 1.750000000000000000, -5.253957208076237798E-14 ) ) ;
#3288 = CARTESIAN_POINT ( 'NONE',  ( 32.20000000000054996, 4.850000000000000533, 126.6810145104607699 ) ) ;
#3289 = CARTESIAN_POINT ( 'NONE',  ( 15.59999999998819575, 0.000000000000000000, 125.7684116160548484 ) ) ;
#3290 = CARTESIAN_POINT ( 'NONE',  ( 60.07948837162226852, 6.850000000000000533, 104.0607263523930754 ) ) ;
#3291 = ORIENTED_EDGE ( 'NONE', *, *, #7064, .T. ) ;
#3292 = CARTESIAN_POINT ( 'NONE',  ( 22.34999999998815312, 0.000000000000000000, 133.5000000000000000 ) ) ;
#3293 = FACE_OUTER_BOUND ( 'NONE', #604, .T. ) ;
#3294 = CARTESIAN_POINT ( 'NONE',  ( -10.20430174801494339, -2.000000000000000000, 102.5500000000000114 ) ) ;
#3295 = EDGE_CURVE ( 'NONE', #6586, #1154, #2951, .T. ) ;
#3296 = CARTESIAN_POINT ( 'NONE',  ( 3.358391833210486954, 1.750000000000000000, 150.5000000000000000 ) ) ;
#3297 = FACE_OUTER_BOUND ( 'NONE', #87, .T. ) ;
#3298 = VECTOR ( 'NONE', #4698, 1000.000000000000000 ) ;
#3299 = CARTESIAN_POINT ( 'NONE',  ( -33.75000000000056843, -4.975832637862499297, 125.3905212862318166 ) ) ;
#3300 = VECTOR ( 'NONE', #5942, 1000.000000000000000 ) ;
#3301 = FACE_OUTER_BOUND ( 'NONE', #2740, .T. ) ;
#3302 = ORIENTED_EDGE ( 'NONE', *, *, #4274, .T. ) ;
#3303 = EDGE_LOOP ( 'NONE', ( #1074, #7036, #1697, #2674 ) ) ;
#3304 = LINE ( 'NONE', #4, #2650 ) ;
#3305 = EDGE_CURVE ( 'NONE', #5624, #1024, #3573, .T. ) ;
#3306 = ORIENTED_EDGE ( 'NONE', *, *, #856, .F. ) ;
#3307 = VECTOR ( 'NONE', #1718, 1000.000000000000000 ) ;
#3308 = EDGE_CURVE ( 'NONE', #861, #4589, #3642, .T. ) ;
#3309 = CARTESIAN_POINT ( 'NONE',  ( -12.59175071684174085, 0.000000000000000000, 128.1539330310690445 ) ) ;
#3310 = CARTESIAN_POINT ( 'NONE',  ( 48.21698837162195872, 4.850000000000000533, 83.51427364760675687 ) ) ;
#3311 = CARTESIAN_POINT ( 'NONE',  ( -29.37500000000054712, 6.850000000000000533, 79.08797097907863360 ) ) ;
#3312 = FACE_OUTER_BOUND ( 'NONE', #1189, .T. ) ;
#3313 = VERTEX_POINT ( 'NONE', #5777 ) ;
#3314 = EDGE_CURVE ( 'NONE', #3791, #651, #6940, .T. ) ;
#3315 = AXIS2_PLACEMENT_3D ( 'NONE', #6527, #5445, #7108 ) ;
#3316 = CARTESIAN_POINT ( 'NONE',  ( 10.20430174808563706, -2.000000000000000000, 102.5499999999999545 ) ) ;
#3317 = ORIENTED_EDGE ( 'NONE', *, *, #4776, .F. ) ;
#3318 = DIRECTION ( 'NONE',  ( 0.000000000000000000, 1.000000000000000000, 0.000000000000000000 ) ) ;
#3319 = CARTESIAN_POINT ( 'NONE',  ( -26.00112609145443443, -2.000000000000000000, 0.000000000000000000 ) ) ;
#3320 = ORIENTED_EDGE ( 'NONE', *, *, #2676, .T. ) ;
#3321 = DIRECTION ( 'NONE',  ( -2.608606730792191375E-16, 0.000000000000000000, -1.000000000000000000 ) ) ;
#3322 = ADVANCED_FACE ( 'NONE', ( #4080 ), #1393, .F. ) ;
#3323 = DIRECTION ( 'NONE',  ( 0.8660254037844380415, 0.000000000000000000, -0.5000000000000009992 ) ) ;
#3324 = CARTESIAN_POINT ( 'NONE',  ( 29.37500000000056133, 2.350000000000000089, 79.08797097907860518 ) ) ;
#3325 = DIRECTION ( 'NONE',  ( -0.000000000000000000, 0.000000000000000000, 1.000000000000000000 ) ) ;
#3326 = ORIENTED_EDGE ( 'NONE', *, *, #6975, .T. ) ;
#3327 = CARTESIAN_POINT ( 'NONE',  ( -24.50112609145443088, 0.000000000000000000, 130.1000000000000227 ) ) ;
#3328 = CARTESIAN_POINT ( 'NONE',  ( -13.29209295139465574, -2.000000000000000000, 115.3500000000076966 ) ) ;
#3329 = VECTOR ( 'NONE', #2831, 1000.000000000000000 ) ;
#3330 = PLANE ( 'NONE',  #6534 ) ;
#3331 = LINE ( 'NONE', #3192, #2877 ) ;
#3332 = LINE ( 'NONE', #2128, #5647 ) ;
#3333 = PLANE ( 'NONE',  #2782 ) ;
#3334 = AXIS2_PLACEMENT_3D ( 'NONE', #5149, #6201, #6857 ) ;
#3335 = EDGE_LOOP ( 'NONE', ( #2513, #1180, #5800, #5913 ) ) ;
#3336 = EDGE_LOOP ( 'NONE', ( #2067, #6810, #6993, #5489 ) ) ;
#3337 = EDGE_CURVE ( 'NONE', #1679, #6968, #3026, .T. ) ;
#3338 = EDGE_CURVE ( 'NONE', #4182, #1208, #5237, .T. ) ;
#3339 = LINE ( 'NONE', #5543, #6695 ) ;
#3340 = VECTOR ( 'NONE', #2532, 1000.000000000000000 ) ;
#3341 = EDGE_LOOP ( 'NONE', ( #5437, #1548, #994, #5475 ) ) ;
#3342 = CARTESIAN_POINT ( 'NONE',  ( 14.59999999998815312, 0.000000000000000000, 133.5000000000000000 ) ) ;
#3343 = VECTOR ( 'NONE', #925, 1000.000000000000000 ) ;
#3344 = DIRECTION ( 'NONE',  ( -0.8660254037844380415, 0.000000000000000000, 0.5000000000000009992 ) ) ;
#3345 = CARTESIAN_POINT ( 'NONE',  ( 63.76530505655508563, 4.850000000000000533, 110.4447481180855846 ) ) ;
#3346 = EDGE_CURVE ( 'NONE', #7062, #6013, #5744, .T. ) ;
#3347 = PLANE ( 'NONE',  #5 ) ;
#3348 = EDGE_LOOP ( 'NONE', ( #6238, #1349, #4117, #6733 ) ) ;
#3349 = ORIENTED_EDGE ( 'NONE', *, *, #6626, .F. ) ;
#3350 = EDGE_CURVE ( 'NONE', #2921, #5745, #1898, .T. ) ;
#3351 = CARTESIAN_POINT ( 'NONE',  ( 14.59999999998815312, 1.750000000000000000, 133.5000000000000000 ) ) ;
#3352 = ORIENTED_EDGE ( 'NONE', *, *, #4952, .T. ) ;
#3353 = EDGE_CURVE ( 'NONE', #6813, #4760, #5271, .T. ) ;
#3354 = FACE_OUTER_BOUND ( 'NONE', #6385, .T. ) ;
#3355 = EDGE_CURVE ( 'NONE', #4285, #2751, #4617, .T. ) ;
#3356 = ORIENTED_EDGE ( 'NONE', *, *, #4895, .F. ) ;
#3357 = CIRCLE ( 'NONE', #5203, 1.549999999999995826 ) ;
#3358 = LINE ( 'NONE', #88, #5058 ) ;
#3359 = AXIS2_PLACEMENT_3D ( 'NONE', #3069, #2712, #2926 ) ;
#3360 = AXIS2_PLACEMENT_3D ( 'NONE', #3780, #981, #439 ) ;
#3361 = EDGE_CURVE ( 'NONE', #6336, #2168, #2547, .T. ) ;
#3362 = DIRECTION ( 'NONE',  ( 0.000000000000000000, 0.000000000000000000, -1.000000000000000000 ) ) ;
#3363 = CARTESIAN_POINT ( 'NONE',  ( 26.50000000000053646, 7.850000000000001421, 89.50000000000002842 ) ) ;
#3364 = CARTESIAN_POINT ( 'NONE',  ( 14.59999999998815312, 0.000000000000000000, 136.5999999999999943 ) ) ;
#3365 = ORIENTED_EDGE ( 'NONE', *, *, #5954, .F. ) ;
#3366 = VECTOR ( 'NONE', #4717, 1000.000000000000000 ) ;
#3367 = LINE ( 'NONE', #5021, #5801 ) ;
#3368 = CARTESIAN_POINT ( 'NONE',  ( 26.00112609147810971, -4.000000000000000000, 110.1499999999999488 ) ) ;
#3369 = AXIS2_PLACEMENT_3D ( 'NONE', #2272, #1081, #1226 ) ;
#3370 = DIRECTION ( 'NONE',  ( 0.000000000000000000, 1.000000000000000000, -0.000000000000000000 ) ) ;
#3371 = CARTESIAN_POINT ( 'NONE',  ( -12.99999999998818012, 12.34999999999999964, 154.5000000000001705 ) ) ;
#3372 = PLANE ( 'NONE',  #3108 ) ;
#3373 = DIRECTION ( 'NONE',  ( 0.000000000000000000, 0.000000000000000000, 1.000000000000000000 ) ) ;
#3374 = ORIENTED_EDGE ( 'NONE', *, *, #6807, .F. ) ;
#3375 = ORIENTED_EDGE ( 'NONE', *, *, #1666, .F. ) ;
#3376 = DIRECTION ( 'NONE',  ( -0.000000000000000000, 1.000000000000000000, -0.000000000000000000 ) ) ;
#3377 = VERTEX_POINT ( 'NONE', #4728 ) ;
#3378 = DIRECTION ( 'NONE',  ( 0.000000000000000000, -1.000000000000000000, 0.000000000000000000 ) ) ;
#3379 = CARTESIAN_POINT ( 'NONE',  ( 11.84871062256314111, 53.23340376863964707, 122.0018057028561032 ) ) ;
#3380 = FACE_OUTER_BOUND ( 'NONE', #5286, .T. ) ;
#3381 = LINE ( 'NONE', #1091, #1974 ) ;
#3382 = EDGE_LOOP ( 'NONE', ( #5779, #5818, #6361, #5738, #5830 ) ) ;
#3383 = ORIENTED_EDGE ( 'NONE', *, *, #5248, .T. ) ;
#3384 = CARTESIAN_POINT ( 'NONE',  ( 29.37500000000054357, 12.34999999999999964, 125.0500000000000540 ) ) ;
#3385 = ORIENTED_EDGE ( 'NONE', *, *, #1353, .T. ) ;
#3386 = DIRECTION ( 'NONE',  ( 1.844563508792062457E-16, 0.7071067811865345831, 0.7071067811865603403 ) ) ;
#3387 = ADVANCED_FACE ( 'NONE', ( #6973 ), #1935, .T. ) ;
#3388 = LINE ( 'NONE', #625, #6420 ) ;
#3389 = ORIENTED_EDGE ( 'NONE', *, *, #4274, .F. ) ;
#3390 = LINE ( 'NONE', #5014, #4946 ) ;
#3391 = ORIENTED_EDGE ( 'NONE', *, *, #112, .T. ) ;
#3392 = EDGE_CURVE ( 'NONE', #4779, #3403, #4151, .T. ) ;
#3393 = ADVANCED_FACE ( 'NONE', ( #6356 ), #1866, .F. ) ;
#3394 = FACE_BOUND ( 'NONE', #5249, .T. ) ;
#3395 = CARTESIAN_POINT ( 'NONE',  ( 21.35344314932023480, 1.750000000000000000, 156.6000000000001933 ) ) ;
#3396 = LINE ( 'NONE', #2812, #990 ) ;
#3397 = ORIENTED_EDGE ( 'NONE', *, *, #2724, .T. ) ;
#3398 = DIRECTION ( 'NONE',  ( -1.000000000000000000, 0.000000000000000000, 0.000000000000000000 ) ) ;
#3399 = LINE ( 'NONE', #6152, #337 ) ;
#3400 = ADVANCED_FACE ( 'NONE', ( #3538 ), #4113, .F. ) ;
#3401 = DIRECTION ( 'NONE',  ( -0.8660254037844437036, 0.000000000000000000, -0.4999999999999912847 ) ) ;
#3402 = DIRECTION ( 'NONE',  ( -1.000000000000000000, 0.000000000000000000, 0.000000000000000000 ) ) ;
#3403 = VERTEX_POINT ( 'NONE', #3170 ) ;
#3404 = CARTESIAN_POINT ( 'NONE',  ( 0.000000000000000000, 4.850000000000000533, 87.59999999999999432 ) ) ;
#3405 = ORIENTED_EDGE ( 'NONE', *, *, #5217, .T. ) ;
#3406 = EDGE_CURVE ( 'NONE', #2835, #5948, #4292, .T. ) ;
#3407 = ORIENTED_EDGE ( 'NONE', *, *, #5165, .T. ) ;
#3408 = FACE_OUTER_BOUND ( 'NONE', #1427, .T. ) ;
#3409 = ORIENTED_EDGE ( 'NONE', *, *, #1485, .F. ) ;
#3410 = CARTESIAN_POINT ( 'NONE',  ( -25.35112609145443585, -0.2500000000000078271, 113.5000000000000000 ) ) ;
#3411 = DIRECTION ( 'NONE',  ( 0.000000000000000000, 0.000000000000000000, 1.000000000000000000 ) ) ;
#3412 = VECTOR ( 'NONE', #3799, 1000.000000000000000 ) ;
#3413 = VECTOR ( 'NONE', #3559, 1000.000000000000000 ) ;
#3414 = CARTESIAN_POINT ( 'NONE',  ( -10.20430174806592838, 1.750000000000000000, 133.9999999999684235 ) ) ;
#3415 = CARTESIAN_POINT ( 'NONE',  ( -10.20430174806592838, -4.000000000000000000, 146.5000000000000000 ) ) ;
#3416 = DIRECTION ( 'NONE',  ( 0.000000000000000000, 1.000000000000000000, 0.000000000000000000 ) ) ;
#3417 = VERTEX_POINT ( 'NONE', #5447 ) ;
#3418 = ORIENTED_EDGE ( 'NONE', *, *, #5028, .F. ) ;
#3419 = LINE ( 'NONE', #5193, #683 ) ;
#3420 = ORIENTED_EDGE ( 'NONE', *, *, #3957, .T. ) ;
#3421 = VECTOR ( 'NONE', #132, 1000.000000000000000 ) ;
#3422 = CARTESIAN_POINT ( 'NONE',  ( -26.00112609145443088, 0.000000000000000000, 148.0463266998052632 ) ) ;
#3423 =( NAMED_UNIT ( * ) SI_UNIT ( $, .STERADIAN. ) SOLID_ANGLE_UNIT ( ) );
#3424 = AXIS2_PLACEMENT_3D ( 'NONE', #6865, #4112, #6319 ) ;
#3425 = ORIENTED_EDGE ( 'NONE', *, *, #7154, .T. ) ;
#3426 = DIRECTION ( 'NONE',  ( 0.000000000000000000, 0.000000000000000000, 1.000000000000000000 ) ) ;
#3427 = VERTEX_POINT ( 'NONE', #2654 ) ;
#3428 = EDGE_CURVE ( 'NONE', #231, #2716, #482, .T. ) ;
#3429 = CIRCLE ( 'NONE', #1920, 1.549999999977375031 ) ;
#3430 = ADVANCED_FACE ( 'NONE', ( #4393 ), #5480, .T. ) ;
#3431 = CARTESIAN_POINT ( 'NONE',  ( 63.76530505655508563, 4.850000000000000533, 110.4447481180855846 ) ) ;
#3432 = DIRECTION ( 'NONE',  ( 0.000000000000000000, 0.000000000000000000, 1.000000000000000000 ) ) ;
#3433 = CARTESIAN_POINT ( 'NONE',  ( -12.49999999998818190, 0.000000000000000000, 125.7684116160548484 ) ) ;
#3434 = ORIENTED_EDGE ( 'NONE', *, *, #1183, .T. ) ;
#3435 = ADVANCED_FACE ( 'NONE', ( #7007 ), #545, .F. ) ;
#3436 = CARTESIAN_POINT ( 'NONE',  ( 12.37358864939850278, 1.750000000000000000, 82.85000000000000853 ) ) ;
#3437 = CARTESIAN_POINT ( 'NONE',  ( 0.000000000000000000, -4.000000000000000000, 102.5500000000000114 ) ) ;
#3438 = CARTESIAN_POINT ( 'NONE',  ( 17.24999999998805933, 1.750000000000000000, 155.3000000000000114 ) ) ;
#3439 = ADVANCED_FACE ( 'NONE', ( #951 ), #4832, .T. ) ;
#3440 = LINE ( 'NONE', #608, #1554 ) ;
#3441 = CARTESIAN_POINT ( 'NONE',  ( -26.00112609145443443, 1.750000000000000000, 130.3000000000000398 ) ) ;
#3442 = ADVANCED_FACE ( 'NONE', ( #4254 ), #7111, .F. ) ;
#3443 = ORIENTED_EDGE ( 'NONE', *, *, #4847, .F. ) ;
#3444 = CARTESIAN_POINT ( 'NONE',  ( -22.34999999998811759, 1.750000000000000000, 133.5000000000000000 ) ) ;
#3445 = ORIENTED_EDGE ( 'NONE', *, *, #515, .T. ) ;
#3446 = ORIENTED_EDGE ( 'NONE', *, *, #3252, .T. ) ;
#3447 = DIRECTION ( 'NONE',  ( 0.000000000000000000, 0.000000000000000000, 1.000000000000000000 ) ) ;
#3448 = ORIENTED_EDGE ( 'NONE', *, *, #251, .F. ) ;
#3449 = AXIS2_PLACEMENT_3D ( 'NONE', #6866, #4766, #2002 ) ;
#3450 = DIRECTION ( 'NONE',  ( 2.710505431213760592E-16, 0.000000000000000000, 1.000000000000000000 ) ) ;
#3451 = CARTESIAN_POINT ( 'NONE',  ( 26.00112609145446996, 1.249999999999996447, 130.3000000000000398 ) ) ;
#3452 = EDGE_CURVE ( 'NONE', #4575, #861, #3784, .T. ) ;
#3453 = LINE ( 'NONE', #6235, #212 ) ;
#3454 = PLANE ( 'NONE',  #3193 ) ;
#3455 = VECTOR ( 'NONE', #3218, 1000.000000000000000 ) ;
#3456 = LINE ( 'NONE', #5658, #1156 ) ;
#3457 = ORIENTED_EDGE ( 'NONE', *, *, #3977, .T. ) ;
#3458 = ORIENTED_EDGE ( 'NONE', *, *, #1162, .T. ) ;
#3459 = DIRECTION ( 'NONE',  ( 0.000000000000000000, 1.000000000000000000, 0.000000000000000000 ) ) ;
#3460 = ORIENTED_EDGE ( 'NONE', *, *, #2864, .F. ) ;
#3461 = AXIS2_PLACEMENT_3D ( 'NONE', #6627, #6591, #6659 ) ;
#3462 = VECTOR ( 'NONE', #1520, 1000.000000000000000 ) ;
#3463 = LINE ( 'NONE', #3859, #4119 ) ;
#3464 = EDGE_LOOP ( 'NONE', ( #4610, #5977, #3595, #6549, #6133 ) ) ;
#3465 = DIRECTION ( 'NONE',  ( -0.000000000000000000, 0.000000000000000000, 1.000000000000000000 ) ) ;
#3466 = AXIS2_PLACEMENT_3D ( 'NONE', #29, #2304, #2928 ) ;
#3467 = ORIENTED_EDGE ( 'NONE', *, *, #2591, .T. ) ;
#3468 = FACE_BOUND ( 'NONE', #1420, .T. ) ;
#3469 = FACE_BOUND ( 'NONE', #2345, .T. ) ;
#3470 = VECTOR ( 'NONE', #1862, 1000.000000000000000 ) ;
#3471 = DIRECTION ( 'NONE',  ( 0.4999999999999880096, -0.000000000000000000, 0.8660254037844455910 ) ) ;
#3472 = EDGE_CURVE ( 'NONE', #2037, #6499, #2143, .T. ) ;
#3473 = VERTEX_POINT ( 'NONE', #1601 ) ;
#3474 = CARTESIAN_POINT ( 'NONE',  ( 22.34999999998815312, 0.7500000000000084377, 135.0500000000000114 ) ) ;
#3475 = DIRECTION ( 'NONE',  ( 1.000000000000000000, 0.000000000000000000, -0.000000000000000000 ) ) ;
#3476 = LINE ( 'NONE', #3368, #1494 ) ;
#3477 = AXIS2_PLACEMENT_3D ( 'NONE', #5951, #4761, #877 ) ;
#3478 = CARTESIAN_POINT ( 'NONE',  ( -15.59999999998816911, -4.000000000000000000, 125.7684116160548484 ) ) ;
#3479 = DIRECTION ( 'NONE',  ( 0.02181488503451320393, 0.000000000000000000, -0.9997620270799101316 ) ) ;
#3480 = VECTOR ( 'NONE', #5752, 1000.000000000000000 ) ;
#3481 = EDGE_CURVE ( 'NONE', #2657, #3566, #355, .T. ) ;
#3482 = ORIENTED_EDGE ( 'NONE', *, *, #2012, .T. ) ;
#3483 = CARTESIAN_POINT ( 'NONE',  ( 14.59999999998815312, 1.750000000000000000, 133.5000000000000000 ) ) ;
#3484 = VERTEX_POINT ( 'NONE', #4358 ) ;
#3485 = VERTEX_POINT ( 'NONE', #7079 ) ;
#3486 = DIRECTION ( 'NONE',  ( 0.000000000000000000, 1.000000000000000000, 0.000000000000000000 ) ) ;
#3487 = VECTOR ( 'NONE', #6997, 1000.000000000000000 ) ;
#3488 = ORIENTED_EDGE ( 'NONE', *, *, #5644, .F. ) ;
#3489 = ADVANCED_FACE ( 'NONE', ( #2110 ), #4325, .F. ) ;
#3490 = EDGE_CURVE ( 'NONE', #2899, #4884, #3241, .T. ) ;
#3491 = LINE ( 'NONE', #2904, #6949 ) ;
#3492 = DIRECTION ( 'NONE',  ( -0.000000000000000000, -1.000000000000000000, -0.000000000000000000 ) ) ;
#3493 = CARTESIAN_POINT ( 'NONE',  ( 4.948769369253105843, 12.34999999999999964, 155.2999999999999829 ) ) ;
#3494 = CARTESIAN_POINT ( 'NONE',  ( -26.55000000000057270, 2.350000000000000089, 126.6810145104607415 ) ) ;
#3495 = VECTOR ( 'NONE', #1987, 1000.000000000000000 ) ;
#3496 = CARTESIAN_POINT ( 'NONE',  ( -16.89999999998816449, 53.23340376863964707, 98.40000000000001990 ) ) ;
#3497 = ORIENTED_EDGE ( 'NONE', *, *, #2686, .T. ) ;
#3498 = ORIENTED_EDGE ( 'NONE', *, *, #644, .F. ) ;
#3499 = CARTESIAN_POINT ( 'NONE',  ( -62.90448837162256268, 4.850000000000000533, 108.9537698837748394 ) ) ;
#3500 = ORIENTED_EDGE ( 'NONE', *, *, #4250, .F. ) ;
#3501 = EDGE_CURVE ( 'NONE', #4784, #2337, #3278, .T. ) ;
#3502 = LINE ( 'NONE', #3571, #1803 ) ;
#3503 =( NAMED_UNIT ( * ) PLANE_ANGLE_UNIT ( ) SI_UNIT ( $, .RADIAN. ) );
#3504 = ORIENTED_EDGE ( 'NONE', *, *, #1018, .T. ) ;
#3505 = DIRECTION ( 'NONE',  ( -0.8660254037844368202, 0.000000000000000000, -0.5000000000000032196 ) ) ;
#3506 = VERTEX_POINT ( 'NONE', #3718 ) ;
#3507 = DIRECTION ( 'NONE',  ( 0.000000000000000000, 0.000000000000000000, 1.000000000000000000 ) ) ;
#3508 = CARTESIAN_POINT ( 'NONE',  ( 14.07585152300998033, 1.750000000000000000, 121.8382297557509446 ) ) ;
#3509 = ORIENTED_EDGE ( 'NONE', *, *, #4150, .T. ) ;
#3510 = FACE_OUTER_BOUND ( 'NONE', #3261, .T. ) ;
#3511 = CARTESIAN_POINT ( 'NONE',  ( -29.37500000000054357, 6.850000000000000533, 83.90000000000000568 ) ) ;
#3512 = CARTESIAN_POINT ( 'NONE',  ( -13.57930174801888512, -2.000000000000000000, 122.0018057028579648 ) ) ;
#3513 = DIRECTION ( 'NONE',  ( 0.000000000000000000, 1.000000000000000000, -0.000000000000000000 ) ) ;
#3514 = LINE ( 'NONE', #1222, #6274 ) ;
#3515 = VERTEX_POINT ( 'NONE', #7145 ) ;
#3516 = FACE_OUTER_BOUND ( 'NONE', #3464, .T. ) ;
#3517 = ORIENTED_EDGE ( 'NONE', *, *, #2538, .T. ) ;
#3518 = EDGE_LOOP ( 'NONE', ( #6022, #738, #708, #4305 ) ) ;
#3519 = DIRECTION ( 'NONE',  ( 8.659560562354947649E-17, 0.7071067811865464625, -0.7071067811865486830 ) ) ;
#3520 = ORIENTED_EDGE ( 'NONE', *, *, #1307, .T. ) ;
#3521 = ADVANCED_FACE ( 'NONE', ( #6604 ), #1497, .F. ) ;
#3522 = EDGE_CURVE ( 'NONE', #4827, #4884, #3138, .T. ) ;
#3523 = CARTESIAN_POINT ( 'NONE',  ( -24.50112609145443443, -7.290692563079559818, 130.1000000000000227 ) ) ;
#3524 = LINE ( 'NONE', #1775, #1041 ) ;
#3525 = CARTESIAN_POINT ( 'NONE',  ( -17.44999999998816875, 1.750000000000000000, 156.6000000000001933 ) ) ;
#3526 = FACE_OUTER_BOUND ( 'NONE', #5072, .T. ) ;
#3527 = EDGE_CURVE ( 'NONE', #1230, #1422, #3381, .T. ) ;
#3528 = LINE ( 'NONE', #2942, #4755 ) ;
#3529 = VERTEX_POINT ( 'NONE', #1671 ) ;
#3530 = ORIENTED_EDGE ( 'NONE', *, *, #5443, .F. ) ;
#3531 = CARTESIAN_POINT ( 'NONE',  ( 14.07930174806595858, 1.750000000000000000, 125.7684116160548484 ) ) ;
#3532 = VERTEX_POINT ( 'NONE', #1745 ) ;
#3533 = EDGE_CURVE ( 'NONE', #1263, #6378, #118, .T. ) ;
#3534 = AXIS2_PLACEMENT_3D ( 'NONE', #2417, #1877, #4089 ) ;
#3535 = LINE ( 'NONE', #5849, #4696 ) ;
#3536 = EDGE_CURVE ( 'NONE', #1237, #3044, #1127, .T. ) ;
#3537 = ORIENTED_EDGE ( 'NONE', *, *, #5210, .T. ) ;
#3538 = FACE_OUTER_BOUND ( 'NONE', #5048, .T. ) ;
#3539 = STYLED_ITEM ( 'NONE', ( #4434 ), #2376 ) ;
#3540 = VECTOR ( 'NONE', #1169, 1000.000000000000000 ) ;
#3541 = VERTEX_POINT ( 'NONE', #551 ) ;
#3542 = VECTOR ( 'NONE', #3611, 1000.000000000000114 ) ;
#3543 = LINE ( 'NONE', #780, #6540 ) ;
#3544 = ADVANCED_FACE ( 'NONE', ( #2324 ), #4499, .F. ) ;
#3545 = DIRECTION ( 'NONE',  ( 0.04361938736895978885, 5.015843058111982193E-18, 0.9990482215816994804 ) ) ;
#3546 = ORIENTED_EDGE ( 'NONE', *, *, #4902, .F. ) ;
#3547 = FACE_OUTER_BOUND ( 'NONE', #757, .T. ) ;
#3548 = DIRECTION ( 'NONE',  ( 0.000000000000000000, -0.000000000000000000, 1.000000000000000000 ) ) ;
#3549 = CARTESIAN_POINT ( 'NONE',  ( 0.000000000000000000, 12.34999999999999964, 130.3000000000000398 ) ) ;
#3550 = VECTOR ( 'NONE', #7043, 1000.000000000000000 ) ;
#3551 = LINE ( 'NONE', #6372, #5373 ) ;
#3552 = DIRECTION ( 'NONE',  ( -0.7073922870446852640, 0.000000000000000000, 0.7068211600042046960 ) ) ;
#3553 = ORIENTED_EDGE ( 'NONE', *, *, #1071, .F. ) ;
#3554 = DIRECTION ( 'NONE',  ( 0.8660254037844399289, 0.000000000000000000, 0.4999999999999977796 ) ) ;
#3555 = ORIENTED_EDGE ( 'NONE', *, *, #735, .F. ) ;
#3556 = ORIENTED_EDGE ( 'NONE', *, *, #2641, .F. ) ;
#3557 = CARTESIAN_POINT ( 'NONE',  ( 22.34999999998815312, 0.7500000000000084377, 133.5000000000000000 ) ) ;
#3558 = VERTEX_POINT ( 'NONE', #2870 ) ;
#3559 = DIRECTION ( 'NONE',  ( -0.000000000000000000, 1.000000000000000000, -0.000000000000000000 ) ) ;
#3560 = LINE ( 'NONE', #5225, #6347 ) ;
#3561 = CARTESIAN_POINT ( 'NONE',  ( -26.50000000000052935, 4.850000000000000533, 130.3000000000000398 ) ) ;
#3562 = DIRECTION ( 'NONE',  ( 0.8660254037844381525, 0.000000000000000000, 0.5000000000000008882 ) ) ;
#3563 = EDGE_CURVE ( 'NONE', #200, #4730, #6030, .T. ) ;
#3564 = CARTESIAN_POINT ( 'NONE',  ( -12.49999999998817657, -16.11541742610947381, 146.5000000000000000 ) ) ;
#3565 = VECTOR ( 'NONE', #3060, 1000.000000000000114 ) ;
#3566 = VERTEX_POINT ( 'NONE', #619 ) ;
#3567 = ORIENTED_EDGE ( 'NONE', *, *, #4542, .F. ) ;
#3568 = DIRECTION ( 'NONE',  ( 0.000000000000000000, -1.000000000000000000, 0.000000000000000000 ) ) ;
#3569 = EDGE_LOOP ( 'NONE', ( #5735, #4524, #4017, #1301 ) ) ;
#3570 = VECTOR ( 'NONE', #3610, 1000.000000000000000 ) ;
#3571 = CARTESIAN_POINT ( 'NONE',  ( 0.000000000000000000, 12.34999999999999964, 155.3000000000000114 ) ) ;
#3572 = ADVANCED_FACE ( 'NONE', ( #3312 ), #3347, .T. ) ;
#3573 = LINE ( 'NONE', #5815, #3565 ) ;
#3574 = VECTOR ( 'NONE', #3873, 1000.000000000000000 ) ;
#3575 = ORIENTED_EDGE ( 'NONE', *, *, #7056, .F. ) ;
#3576 = AXIS2_PLACEMENT_3D ( 'NONE', #4417, #2710, #1047 ) ;
#3577 = EDGE_CURVE ( 'NONE', #4789, #1115, #6711, .T. ) ;
#3578 = EDGE_CURVE ( 'NONE', #6120, #2781, #4536, .T. ) ;
#3579 = PLANE ( 'NONE',  #5966 ) ;
#3580 = CARTESIAN_POINT ( 'NONE',  ( 13.29209295146149472, 1.000000000000003553, 115.3500000000000085 ) ) ;
#3581 = VERTEX_POINT ( 'NONE', #4974 ) ;
#3582 = VECTOR ( 'NONE', #1724, 999.9999999999998863 ) ;
#3583 = DIRECTION ( 'NONE',  ( 0.000000000000000000, 0.000000000000000000, 1.000000000000000000 ) ) ;
#3584 = CARTESIAN_POINT ( 'NONE',  ( -14.07930174806593016, 1.750000000000000000, 121.9963513325952533 ) ) ;
#3585 = DIRECTION ( 'NONE',  ( -1.000000000000000000, 0.000000000000000000, -0.000000000000000000 ) ) ;
#3586 = EDGE_CURVE ( 'NONE', #521, #2571, #3253, .T. ) ;
#3587 = VECTOR ( 'NONE', #4228, 1000.000000000000000 ) ;
#3588 = DIRECTION ( 'NONE',  ( 1.000000000000000000, 0.000000000000000000, 0.000000000000000000 ) ) ;
#3589 = LINE ( 'NONE', #5285, #4322 ) ;
#3590 = ORIENTED_EDGE ( 'NONE', *, *, #6440, .F. ) ;
#3591 = CIRCLE ( 'NONE', #346, 1.549999999999995826 ) ;
#3592 = DIRECTION ( 'NONE',  ( 1.000000000000000000, 0.000000000000000000, 0.000000000000000000 ) ) ;
#3593 = EDGE_LOOP ( 'NONE', ( #3630, #3129, #5771, #5252 ) ) ;
#3594 = VERTEX_POINT ( 'NONE', #78 ) ;
#3595 = ORIENTED_EDGE ( 'NONE', *, *, #6406, .F. ) ;
#3596 = AXIS2_PLACEMENT_3D ( 'NONE', #6182, #4050, #1217 ) ;
#3597 = LINE ( 'NONE', #6447, #4111 ) ;
#3598 = PLANE ( 'NONE',  #5306 ) ;
#3599 = VECTOR ( 'NONE', #3492, 1000.000000000000000 ) ;
#3600 = CARTESIAN_POINT ( 'NONE',  ( 13.57823099735342609, 0.000000000000000000, 121.9527338920641171 ) ) ;
#3601 = PLANE ( 'NONE',  #2477 ) ;
#3602 = VECTOR ( 'NONE', #4870, 1000.000000000000000 ) ;
#3603 = FACE_OUTER_BOUND ( 'NONE', #416, .T. ) ;
#3604 = ORIENTED_EDGE ( 'NONE', *, *, #5689, .F. ) ;
#3605 = ORIENTED_EDGE ( 'NONE', *, *, #2012, .F. ) ;
#3606 = CARTESIAN_POINT ( 'NONE',  ( 0.000000000000000000, 12.34999999999999964, 77.10000000000002274 ) ) ;
#3607 = ORIENTED_EDGE ( 'NONE', *, *, #6756, .T. ) ;
#3608 = DIRECTION ( 'NONE',  ( -0.8660254037844383745, 0.000000000000000000, -0.5000000000000004441 ) ) ;
#3609 = VECTOR ( 'NONE', #6734, 1000.000000000000000 ) ;
#3610 = DIRECTION ( 'NONE',  ( -0.000000000000000000, 1.000000000000000000, -0.000000000000000000 ) ) ;
#3611 = DIRECTION ( 'NONE',  ( -0.5773502691896184036, 0.5773502691896189587, 0.5773502691896399419 ) ) ;
#3612 = DIRECTION ( 'NONE',  ( 0.000000000000000000, 1.000000000000000000, 0.000000000000000000 ) ) ;
#3613 = VERTEX_POINT ( 'NONE', #2285 ) ;
#3614 = EDGE_CURVE ( 'NONE', #2540, #6988, #3958, .T. ) ;
#3615 = CARTESIAN_POINT ( 'NONE',  ( 0.000000000000000000, 12.34999999999999964, 79.10000000000002274 ) ) ;
#3616 = DIRECTION ( 'NONE',  ( -1.000000000000000000, 0.000000000000000000, 0.000000000000000000 ) ) ;
#3617 = ORIENTED_EDGE ( 'NONE', *, *, #1162, .F. ) ;
#3618 = DIRECTION ( 'NONE',  ( 0.8660254037844455910, 0.000000000000000000, -0.4999999999999880651 ) ) ;
#3619 = EDGE_CURVE ( 'NONE', #2980, #3427, #1045, .T. ) ;
#3621 = EDGE_CURVE ( 'NONE', #6419, #732, #6671, .T. ) ;
#3620 = FACE_OUTER_BOUND ( 'NONE', #3258, .T. ) ;
#3622 = DIRECTION ( 'NONE',  ( 0.000000000000000000, 0.000000000000000000, 1.000000000000000000 ) ) ;
#3623 = CARTESIAN_POINT ( 'NONE',  ( 24.50000000000048317, 4.850000000000000533, 77.10000000000003695 ) ) ;
#3624 = DIRECTION ( 'NONE',  ( -0.4774298500276914492, 0.000000000000000000, -0.8786698687803833341 ) ) ;
#3625 = ORIENTED_EDGE ( 'NONE', *, *, #1316, .T. ) ;
#3626 = ADVANCED_FACE ( 'NONE', ( #657 ), #3889, .T. ) ;
#3627 = PLANE ( 'NONE',  #4063 ) ;
#3628 = VERTEX_POINT ( 'NONE', #2354 ) ;
#3629 = ORIENTED_EDGE ( 'NONE', *, *, #2379, .F. ) ;
#3630 = ORIENTED_EDGE ( 'NONE', *, *, #467, .F. ) ;
#3631 = DIRECTION ( 'NONE',  ( 0.000000000000000000, 0.000000000000000000, 1.000000000000000000 ) ) ;
#3632 = CARTESIAN_POINT ( 'NONE',  ( 26.50000000000052935, 12.34999999999999964, 79.10000000000005116 ) ) ;
#3633 = CARTESIAN_POINT ( 'NONE',  ( 13.57608949592835224, 0.000000000000000000, 121.8545902704920962 ) ) ;
#3634 = CARTESIAN_POINT ( 'NONE',  ( -17.44999999998816875, 1.750000000000000000, 155.5000000000001705 ) ) ;
#3635 = ORIENTED_EDGE ( 'NONE', *, *, #4419, .F. ) ;
#3636 = ORIENTED_EDGE ( 'NONE', *, *, #4494, .F. ) ;
#3637 = DIRECTION ( 'NONE',  ( 0.000000000000000000, -0.000000000000000000, -1.000000000000000000 ) ) ;
#3638 = ORIENTED_EDGE ( 'NONE', *, *, #7109, .T. ) ;
#3639 = LINE ( 'NONE', #6495, #6592 ) ;
#3640 = CARTESIAN_POINT ( 'NONE',  ( 27.16196333990095368, 15.90678897253613222, 97.00678897253614252 ) ) ;
#3641 = CYLINDRICAL_SURFACE ( 'NONE', #3658, 1.549999999999995826 ) ;
#3642 = LINE ( 'NONE', #2402, #202 ) ;
#3643 = VERTEX_POINT ( 'NONE', #3921 ) ;
#3644 = VERTEX_POINT ( 'NONE', #6637 ) ;
#3645 = DIRECTION ( 'NONE',  ( -1.000000000000000000, 0.000000000000000000, -0.000000000000000000 ) ) ;
#3646 = VECTOR ( 'NONE', #5132, 1000.000000000000000 ) ;
#3647 = DIRECTION ( 'NONE',  ( -1.487823741253916993E-15, 0.000000000000000000, -1.000000000000000000 ) ) ;
#3648 = VECTOR ( 'NONE', #642, 999.9999999999998863 ) ;
#3649 = ORIENTED_EDGE ( 'NONE', *, *, #1440, .T. ) ;
#3650 = CARTESIAN_POINT ( 'NONE',  ( -12.59175071684174085, 1.750000000000000000, 128.1539330310690445 ) ) ;
#3651 = EDGE_CURVE ( 'NONE', #3985, #5507, #3456, .T. ) ;
#3652 = DIRECTION ( 'NONE',  ( -0.000000000000000000, 0.000000000000000000, 1.000000000000000000 ) ) ;
#3653 = AXIS2_PLACEMENT_3D ( 'NONE', #1647, #5493, #1104 ) ;
#3654 = LINE ( 'NONE', #2452, #2020 ) ;
#3655 = DIRECTION ( 'NONE',  ( -0.000000000000000000, -1.000000000000000000, -0.000000000000000000 ) ) ;
#3656 = EDGE_CURVE ( 'NONE', #1116, #4239, #5117, .T. ) ;
#3657 = ORIENTED_EDGE ( 'NONE', *, *, #5015, .F. ) ;
#3658 = AXIS2_PLACEMENT_3D ( 'NONE', #1388, #1897, #5704 ) ;
#3659 = ADVANCED_FACE ( 'NONE', ( #6781 ), #1817, .F. ) ;
#3660 = CARTESIAN_POINT ( 'NONE',  ( 0.000000000000000000, -4.000000000000000000, 102.5500000000000114 ) ) ;
#3661 = ORIENTED_EDGE ( 'NONE', *, *, #955, .T. ) ;
#3662 = ORIENTED_EDGE ( 'NONE', *, *, #6666, .F. ) ;
#3663 = ORIENTED_EDGE ( 'NONE', *, *, #777, .F. ) ;
#3664 = ADVANCED_FACE ( 'NONE', ( #1311 ), #6964, .F. ) ;
#3665 = CARTESIAN_POINT ( 'NONE',  ( -12.99999999998818012, 12.34999999999999964, 154.5000000000001705 ) ) ;
#3666 = CARTESIAN_POINT ( 'NONE',  ( 33.75000000000054001, 1.249999999999992450, 111.0000000000000142 ) ) ;
#3667 = ADVANCED_FACE ( 'NONE', ( #5152 ), #5697, .F. ) ;
#3668 = DIRECTION ( 'NONE',  ( -0.000000000000000000, 1.933235146104448181E-16, 1.000000000000000000 ) ) ;
#3669 = DIRECTION ( 'NONE',  ( 0.000000000000000000, 0.5735764363510452712, -0.8191520442889924647 ) ) ;
#3670 = EDGE_LOOP ( 'NONE', ( #3685, #2169, #2458, #5230 ) ) ;
#3671 = ORIENTED_EDGE ( 'NONE', *, *, #507, .F. ) ;
#3672 = CARTESIAN_POINT ( 'NONE',  ( -17.44999999998816875, 1.750000000000000000, 156.6000000000001933 ) ) ;
#3673 = ORIENTED_EDGE ( 'NONE', *, *, #6765, .F. ) ;
#3674 = EDGE_CURVE ( 'NONE', #6871, #3061, #2535, .T. ) ;
#3675 = LINE ( 'NONE', #6422, #1033 ) ;
#3676 = DIRECTION ( 'NONE',  ( 0.000000000000000000, 0.000000000000000000, -1.000000000000000000 ) ) ;
#3677 = CARTESIAN_POINT ( 'NONE',  ( -11.84871062253962926, -2.000000000000000000, 82.29110954162827340 ) ) ;
#3678 = VECTOR ( 'NONE', #4691, 1000.000000000000000 ) ;
#3679 = DIRECTION ( 'NONE',  ( -0.000000000000000000, 1.000000000000000000, -0.000000000000000000 ) ) ;
#3680 = ORIENTED_EDGE ( 'NONE', *, *, #5300, .F. ) ;
#3681 = VECTOR ( 'NONE', #6214, 1000.000000000000000 ) ;
#3682 = ORIENTED_EDGE ( 'NONE', *, *, #1438, .F. ) ;
#3683 = LINE ( 'NONE', #1027, #1793 ) ;
#3684 = CARTESIAN_POINT ( 'NONE',  ( 25.35112609145446072, 3.350000000000000089, 126.6000000000000227 ) ) ;
#3685 = ORIENTED_EDGE ( 'NONE', *, *, #1919, .F. ) ;
#3686 = FACE_OUTER_BOUND ( 'NONE', #3246, .T. ) ;
#3687 = VECTOR ( 'NONE', #1403, 1000.000000000000000 ) ;
#3688 = VECTOR ( 'NONE', #3048, 1000.000000000000000 ) ;
#3689 = LINE ( 'NONE', #2764, #6118 ) ;
#3690 = AXIS2_PLACEMENT_3D ( 'NONE', #6329, #4227, #1363 ) ;
#3691 = LINE ( 'NONE', #1948, #6421 ) ;
#3692 = ADVANCED_FACE ( 'NONE', ( #4178 ), #294, .F. ) ;
#3693 = LINE ( 'NONE', #5898, #5360 ) ;
#3694 = ORIENTED_EDGE ( 'NONE', *, *, #6708, .T. ) ;
#3695 = CARTESIAN_POINT ( 'NONE',  ( 13.57930174806596213, 1.249999999999999556, 125.7684116160548484 ) ) ;
#3696 = ORIENTED_EDGE ( 'NONE', *, *, #4105, .T. ) ;
#3697 = EDGE_LOOP ( 'NONE', ( #977, #4255, #590, #2331, #5993, #1863, #4850, #659, #5481 ) ) ;
#3698 = AXIS2_PLACEMENT_3D ( 'NONE', #516, #3891, #1093 ) ;
#3699 = ORIENTED_EDGE ( 'NONE', *, *, #984, .F. ) ;
#3700 = LINE ( 'NONE', #5907, #7003 ) ;
#3701 = EDGE_CURVE ( 'NONE', #3197, #4758, #2501, .T. ) ;
#3702 = CARTESIAN_POINT ( 'NONE',  ( 29.37500000000053291, 4.850000000000000533, 121.7879709790786649 ) ) ;
#3703 = DIRECTION ( 'NONE',  ( -1.000000000000000000, 0.000000000000000000, 0.000000000000000000 ) ) ;
#3704 = VECTOR ( 'NONE', #4684, 1000.000000000000000 ) ;
#3705 = FACE_OUTER_BOUND ( 'NONE', #1453, .T. ) ;
#3706 = ORIENTED_EDGE ( 'NONE', *, *, #4309, .T. ) ;
#3707 = ADVANCED_FACE ( 'NONE', ( #4756 ), #1382, .F. ) ;
#3708 = ORIENTED_EDGE ( 'NONE', *, *, #5160, .T. ) ;
#3709 = CARTESIAN_POINT ( 'NONE',  ( -26.00112609145443443, 1.750000000000000000, 130.3000000000000398 ) ) ;
#3710 = CONICAL_SURFACE ( 'NONE', #1149, 3.875000000000017319, 0.7853981633974491672 ) ;
#3711 = ADVANCED_FACE ( 'NONE', ( #3603 ), #5807, .T. ) ;
#3712 = ORIENTED_EDGE ( 'NONE', *, *, #1735, .F. ) ;
#3713 = VECTOR ( 'NONE', #796, 1000.000000000000114 ) ;
#3714 = CARTESIAN_POINT ( 'NONE',  ( 12.99999999998821920, 0.000000000000000000, 154.5000000000001705 ) ) ;
#3715 = DIRECTION ( 'NONE',  ( -0.7071067811865444641, 0.000000000000000000, 0.7071067811865505703 ) ) ;
#3716 = FACE_OUTER_BOUND ( 'NONE', #4328, .T. ) ;
#3717 = AXIS2_PLACEMENT_3D ( 'NONE', #2910, #1197, #4463 ) ;
#3718 = CARTESIAN_POINT ( 'NONE',  ( -26.00112609145443443, -0.2500000000000071609, 78.60112609145392071 ) ) ;
#3719 = EDGE_CURVE ( 'NONE', #580, #4246, #3528, .T. ) ;
#3720 = ORIENTED_EDGE ( 'NONE', *, *, #6846, .T. ) ;
#3721 = VECTOR ( 'NONE', #3733, 1000.000000000000114 ) ;
#3722 = ORIENTED_EDGE ( 'NONE', *, *, #4635, .T. ) ;
#3723 = CARTESIAN_POINT ( 'NONE',  ( -26.90234600082408178, 4.850000000000000533, 46.59623011622493038 ) ) ;
#3724 = CARTESIAN_POINT ( 'NONE',  ( -22.05980492077543786, 12.34999999999999964, 155.3000000000000682 ) ) ;
#3725 = ORIENTED_EDGE ( 'NONE', *, *, #2487, .F. ) ;
#3726 = AXIS2_PLACEMENT_3D ( 'NONE', #3292, #6078, #1108 ) ;
#3727 = LINE ( 'NONE', #6576, #4831 ) ;
#3728 = FACE_OUTER_BOUND ( 'NONE', #1938, .T. ) ;
#3729 = CARTESIAN_POINT ( 'NONE',  ( -26.00112609145443443, 0.000000000000000000, 130.1000000000000227 ) ) ;
#3730 = LINE ( 'NONE', #999, #3455 ) ;
#3731 = DIRECTION ( 'NONE',  ( -0.5000000000000008882, 0.000000000000000000, -0.8660254037844381525 ) ) ;
#3732 = ORIENTED_EDGE ( 'NONE', *, *, #4768, .F. ) ;
#3733 = DIRECTION ( 'NONE',  ( 0.04361938736895978885, 0.000000000000000000, 0.9990482215816994804 ) ) ;
#3734 = ORIENTED_EDGE ( 'NONE', *, *, #4865, .T. ) ;
#3735 = VERTEX_POINT ( 'NONE', #6384 ) ;
#3736 = PLANE ( 'NONE',  #1325 ) ;
#3737 = DIRECTION ( 'NONE',  ( -0.9997620270799101316, 0.000000000000000000, -0.02181488503451320393 ) ) ;
#3738 = LINE ( 'NONE', #2026, #4729 ) ;
#3739 = PLANE ( 'NONE',  #5329 ) ;
#3740 = EDGE_LOOP ( 'NONE', ( #1167, #2703, #3079, #3374 ) ) ;
#3741 = ORIENTED_EDGE ( 'NONE', *, *, #5341, .T. ) ;
#3742 = ADVANCED_FACE ( 'NONE', ( #1926 ), #1275, .T. ) ;
#3743 = CARTESIAN_POINT ( 'NONE',  ( 29.37500000000054357, 6.850000000000000533, 80.80000000000001137 ) ) ;
#3744 = ORIENTED_EDGE ( 'NONE', *, *, #2278, .F. ) ;
#3745 = CARTESIAN_POINT ( 'NONE',  ( 26.00112609147809906, -2.000000000000000000, 122.0018057028560321 ) ) ;
#3746 = CARTESIAN_POINT ( 'NONE',  ( -29.37500000000056133, 2.350000000000000089, 121.7879709790787217 ) ) ;
#3747 = DIRECTION ( 'NONE',  ( -0.8660254037844375974, 0.000000000000000000, 0.5000000000000018874 ) ) ;
#3748 = EDGE_CURVE ( 'NONE', #4502, #3566, #6277, .T. ) ;
#3749 = DIRECTION ( 'NONE',  ( 0.000000000000000000, 0.7071067811865426878, 0.7071067811865524577 ) ) ;
#3750 = EDGE_LOOP ( 'NONE', ( #5899, #1820, #5301, #3555 ) ) ;
#3751 = EDGE_CURVE ( 'NONE', #4789, #1789, #190, .T. ) ;
#3752 = ORIENTED_EDGE ( 'NONE', *, *, #4686, .F. ) ;
#3753 = VERTEX_POINT ( 'NONE', #3634 ) ;
#3754 = EDGE_CURVE ( 'NONE', #5745, #3581, #6892, .T. ) ;
#3755 = DIRECTION ( 'NONE',  ( 1.000000000000000000, -0.000000000000000000, 0.000000000000000000 ) ) ;
#3756 = DIRECTION ( 'NONE',  ( -0.000000000000000000, -1.000000000000000000, -0.000000000000000000 ) ) ;
#3757 = ORIENTED_EDGE ( 'NONE', *, *, #681, .T. ) ;
#3758 = DIRECTION ( 'NONE',  ( -0.000000000000000000, -1.000000000000000000, 0.000000000000000000 ) ) ;
#3759 = VECTOR ( 'NONE', #4913, 1000.000000000000000 ) ;
#3760 = EDGE_CURVE ( 'NONE', #797, #5194, #1891, .T. ) ;
#3761 = VECTOR ( 'NONE', #4199, 1000.000000000000000 ) ;
#3762 = CARTESIAN_POINT ( 'NONE',  ( 22.34999999998815312, 1.750000000000000000, 133.5000000000000000 ) ) ;
#3763 = CYLINDRICAL_SURFACE ( 'NONE', #2049, 1.549999999999995826 ) ;
#3764 = DIRECTION ( 'NONE',  ( 8.659560562354948882E-17, 0.7071067811865464625, -0.7071067811865486830 ) ) ;
#3765 = ORIENTED_EDGE ( 'NONE', *, *, #3970, .T. ) ;
#3766 = CARTESIAN_POINT ( 'NONE',  ( 29.37500000000054357, 12.34999999999999964, 126.6000000000000512 ) ) ;
#3767 = ORIENTED_EDGE ( 'NONE', *, *, #2070, .T. ) ;
#3768 = VECTOR ( 'NONE', #6580, 1000.000000000000000 ) ;
#3769 = ORIENTED_EDGE ( 'NONE', *, *, #4066, .F. ) ;
#3770 = DIRECTION ( 'NONE',  ( 1.000000000000000000, -0.000000000000000000, 0.000000000000000000 ) ) ;
#3771 = DIRECTION ( 'NONE',  ( -1.000000000000000000, 0.000000000000000000, -0.000000000000000000 ) ) ;
#3772 = VECTOR ( 'NONE', #5590, 1000.000000000000000 ) ;
#3773 = CARTESIAN_POINT ( 'NONE',  ( 0.000000000000000000, 12.34999999999999964, 79.10000000000002274 ) ) ;
#3774 = CARTESIAN_POINT ( 'NONE',  ( 24.00000000000054001, 12.34999999999999964, 113.5000000000000142 ) ) ;
#3775 = VERTEX_POINT ( 'NONE', #836 ) ;
#3776 = VERTEX_POINT ( 'NONE', #3087 ) ;
#3777 = DIRECTION ( 'NONE',  ( 0.8660254037844381525, 0.000000000000000000, 0.5000000000000008882 ) ) ;
#3778 = ORIENTED_EDGE ( 'NONE', *, *, #6614, .F. ) ;
#3779 = VECTOR ( 'NONE', #6795, 1000.000000000000000 ) ;
#3780 = CARTESIAN_POINT ( 'NONE',  ( -10.20430174801494339, 53.23340376863964707, 77.10000000000002274 ) ) ;
#3781 = CARTESIAN_POINT ( 'NONE',  ( -29.37500000000054357, 12.34999999999999964, 77.10000000000002274 ) ) ;
#3782 = CARTESIAN_POINT ( 'NONE',  ( 44.41484600082456780, 4.850000000000000533, 76.92876988377513214 ) ) ;
#3783 = EDGE_CURVE ( 'NONE', #3242, #3221, #6237, .T. ) ;
#3784 = LINE ( 'NONE', #1022, #2201 ) ;
#3785 = VERTEX_POINT ( 'NONE', #6821 ) ;
#3786 = VERTEX_POINT ( 'NONE', #1859 ) ;
#3787 = ORIENTED_EDGE ( 'NONE', *, *, #2641, .T. ) ;
#3788 = LINE ( 'NONE', #6467, #6426 ) ;
#3789 = EDGE_CURVE ( 'NONE', #4896, #1053, #6312, .T. ) ;
#3790 = LINE ( 'NONE', #6069, #2952 ) ;
#3791 = VERTEX_POINT ( 'NONE', #6488 ) ;
#3792 = PLANE ( 'NONE',  #4264 ) ;
#3793 = VECTOR ( 'NONE', #236, 1000.000000000000000 ) ;
#3794 = ADVANCED_FACE ( 'NONE', ( #2644 ), #5435, .T. ) ;
#3795 = ADVANCED_FACE ( 'NONE', ( #3195 ), #3739, .F. ) ;
#3796 = CARTESIAN_POINT ( 'NONE',  ( 33.75000000000054001, 12.34999999999999964, 79.62590742770458974 ) ) ;
#3797 = DIRECTION ( 'NONE',  ( -0.000000000000000000, -1.000000000000000000, -0.000000000000000000 ) ) ;
#3798 = AXIS2_PLACEMENT_3D ( 'NONE', #5017, #3898, #1105 ) ;
#3799 = DIRECTION ( 'NONE',  ( 0.000000000000000000, 1.000000000000000000, 0.000000000000000000 ) ) ;
#3800 = VERTEX_POINT ( 'NONE', #6451 ) ;
#3801 = DIRECTION ( 'NONE',  ( 0.000000000000000000, 0.000000000000000000, 1.000000000000000000 ) ) ;
#3802 = ORIENTED_EDGE ( 'NONE', *, *, #4183, .T. ) ;
#3803 = EDGE_CURVE ( 'NONE', #646, #3861, #502, .T. ) ;
#3804 = ORIENTED_EDGE ( 'NONE', *, *, #6972, .T. ) ;
#3805 = VECTOR ( 'NONE', #4647, 1000.000000000000000 ) ;
#3806 = FACE_OUTER_BOUND ( 'NONE', #503, .T. ) ;
#3807 = DIRECTION ( 'NONE',  ( -0.000000000000000000, -1.000000000000000000, -0.000000000000000000 ) ) ;
#3808 = CARTESIAN_POINT ( 'NONE',  ( 3.358391833210486954, 1.750000000000000000, 150.5000000000000000 ) ) ;
#3809 = LINE ( 'NONE', #501, #6478 ) ;
#3810 = VECTOR ( 'NONE', #3652, 1000.000000000000000 ) ;
#3811 = DIRECTION ( 'NONE',  ( 0.000000000000000000, -0.8191520442889924647, -0.5735764363510452712 ) ) ;
#3812 = ORIENTED_EDGE ( 'NONE', *, *, #1676, .T. ) ;
#3813 = EDGE_LOOP ( 'NONE', ( #6716, #2974, #3445, #6405 ) ) ;
#3814 = LINE ( 'NONE', #3272, #5778 ) ;
#3815 = ORIENTED_EDGE ( 'NONE', *, *, #4419, .T. ) ;
#3816 = CARTESIAN_POINT ( 'NONE',  ( -24.50000000000051514, -2.000000000000000000, 77.10000000000002274 ) ) ;
#3817 = VECTOR ( 'NONE', #6196, 1000.000000000000000 ) ;
#3818 = DIRECTION ( 'NONE',  ( 1.000000000000000000, -0.000000000000000000, 0.000000000000000000 ) ) ;
#3819 = DIRECTION ( 'NONE',  ( 0.000000000000000000, 0.000000000000000000, -1.000000000000000000 ) ) ;
#3820 = DIRECTION ( 'NONE',  ( 0.000000000000000000, 1.000000000000000000, 0.000000000000000000 ) ) ;
#3821 = ORIENTED_EDGE ( 'NONE', *, *, #955, .F. ) ;
#3822 = AXIS2_PLACEMENT_3D ( 'NONE', #405, #6389, #2614 ) ;
#3823 = ORIENTED_EDGE ( 'NONE', *, *, #6172, .T. ) ;
#3824 = AXIS2_PLACEMENT_3D ( 'NONE', #3299, #1799, #4010 ) ;
#3825 = VERTEX_POINT ( 'NONE', #4788 ) ;
#3826 = DIRECTION ( 'NONE',  ( -0.000000000000000000, 1.000000000000000000, 0.000000000000000000 ) ) ;
#3827 = CARTESIAN_POINT ( 'NONE',  ( -24.70112609145443372, -4.000000000000000000, 129.9000000000000057 ) ) ;
#3828 = VERTEX_POINT ( 'NONE', #2065 ) ;
#3829 = LINE ( 'NONE', #6071, #6102 ) ;
#3830 = AXIS2_PLACEMENT_3D ( 'NONE', #3496, #802, #5295 ) ;
#3831 = EDGE_CURVE ( 'NONE', #2807, #4589, #6557, .T. ) ;
#3832 = FACE_BOUND ( 'NONE', #3145, .T. ) ;
#3833 = DIRECTION ( 'NONE',  ( 0.000000000000000000, 0.000000000000000000, 1.000000000000000000 ) ) ;
#3834 = AXIS2_PLACEMENT_3D ( 'NONE', #217, #2422, #4638 ) ;
#3835 = CARTESIAN_POINT ( 'NONE',  ( -25.35112609145444296, 12.34999999999999964, 77.95112609145394345 ) ) ;
#3836 = ORIENTED_EDGE ( 'NONE', *, *, #962, .F. ) ;
#3837 = EDGE_CURVE ( 'NONE', #3980, #2470, #4924, .T. ) ;
#3838 = CARTESIAN_POINT ( 'NONE',  ( 24.00000000000051159, 1.750000000000000000, -6.505213034913163866E-15 ) ) ;
#3839 = ORIENTED_EDGE ( 'NONE', *, *, #1086, .F. ) ;
#3840 = EDGE_CURVE ( 'NONE', #6077, #1214, #2681, .T. ) ;
#3841 = CARTESIAN_POINT ( 'NONE',  ( 32.20000000000057128, 2.350000000000000089, 83.98101451046072441 ) ) ;
#3842 = DIRECTION ( 'NONE',  ( 0.000000000000000000, 1.000000000000000000, 0.000000000000000000 ) ) ;
#3843 = ADVANCED_FACE ( 'NONE', ( #3705 ), #4823, .T. ) ;
#3844 = FACE_OUTER_BOUND ( 'NONE', #438, .T. ) ;
#3845 = CARTESIAN_POINT ( 'NONE',  ( 7.499999999988222754, 0.000000000000000000, 163.0000000000001421 ) ) ;
#3846 = CYLINDRICAL_SURFACE ( 'NONE', #1161, 1.549999999999995826 ) ;
#3847 = EDGE_LOOP ( 'NONE', ( #2874, #3302, #5471, #6851, #3722 ) ) ;
#3848 = VERTEX_POINT ( 'NONE', #904 ) ;
#3849 = DIRECTION ( 'NONE',  ( 1.000000000000000000, 0.000000000000000000, 0.000000000000000000 ) ) ;
#3850 = ORIENTED_EDGE ( 'NONE', *, *, #865, .F. ) ;
#3851 = DIRECTION ( 'NONE',  ( 0.000000000000000000, 0.000000000000000000, 1.000000000000000000 ) ) ;
#3852 = CARTESIAN_POINT ( 'NONE',  ( -22.69999999998817586, -4.000000000000000000, 102.5500000000000114 ) ) ;
#3853 = CARTESIAN_POINT ( 'NONE',  ( 0.000000000000000000, 1.750000000000000000, 79.10000000000002274 ) ) ;
#3854 = DIRECTION ( 'NONE',  ( 0.000000000000000000, 0.000000000000000000, -1.000000000000000000 ) ) ;
#3855 = ORIENTED_EDGE ( 'NONE', *, *, #858, .F. ) ;
#3856 = CARTESIAN_POINT ( 'NONE',  ( 17.30000000000053362, 1.750000000000000000, 82.85000000000002274 ) ) ;
#3857 = ORIENTED_EDGE ( 'NONE', *, *, #6040, .T. ) ;
#3858 = VECTOR ( 'NONE', #1035, 1000.000000000000000 ) ;
#3859 = CARTESIAN_POINT ( 'NONE',  ( -26.50000000000052935, 12.34999999999999964, 87.59999999999999432 ) ) ;
#3860 = PLANE ( 'NONE',  #2018 ) ;
#3861 = VERTEX_POINT ( 'NONE', #5398 ) ;
#3862 = LINE ( 'NONE', #1541, #2045 ) ;
#3863 = PLANE ( 'NONE',  #3653 ) ;
#3864 = CARTESIAN_POINT ( 'NONE',  ( 29.37500000000054357, 6.850000000000000533, 82.35000000000000853 ) ) ;
#3865 = LINE ( 'NONE', #3184, #5045 ) ;
#3866 = EDGE_CURVE ( 'NONE', #4784, #7084, #6021, .T. ) ;
#3867 = VERTEX_POINT ( 'NONE', #3269 ) ;
#3868 = LINE ( 'NONE', #1686, #4989 ) ;
#3869 = LINE ( 'NONE', #2199, #1375 ) ;
#3870 = EDGE_CURVE ( 'NONE', #4789, #2646, #1487, .T. ) ;
#3871 = CARTESIAN_POINT ( 'NONE',  ( -26.00112609145443798, 1.249999999999996669, 114.2500000000000142 ) ) ;
#3872 = DIRECTION ( 'NONE',  ( 0.000000000000000000, 0.000000000000000000, 1.000000000000000000 ) ) ;
#3873 = DIRECTION ( 'NONE',  ( -0.000000000000000000, -1.000000000000000000, -0.000000000000000000 ) ) ;
#3874 = ADVANCED_FACE ( 'NONE', ( #433 ), #1052, .T. ) ;
#3875 = VECTOR ( 'NONE', #2007, 1000.000000000000000 ) ;
#3876 = DIRECTION ( 'NONE',  ( 0.000000000000000000, 0.000000000000000000, 1.000000000000000000 ) ) ;
#3877 = AXIS2_PLACEMENT_3D ( 'NONE', #6986, #2560, #2013 ) ;
#3878 = LINE ( 'NONE', #1630, #6959 ) ;
#3879 = ORIENTED_EDGE ( 'NONE', *, *, #5374, .F. ) ;
#3880 = VERTEX_POINT ( 'NONE', #366 ) ;
#3881 = DIRECTION ( 'NONE',  ( -0.5000000000000008882, 0.000000000000000000, 0.8660254037844381525 ) ) ;
#3882 = ORIENTED_EDGE ( 'NONE', *, *, #4235, .F. ) ;
#3883 = EDGE_CURVE ( 'NONE', #6228, #4352, #941, .T. ) ;
#3884 = EDGE_CURVE ( 'NONE', #3062, #4583, #399, .T. ) ;
#3885 = VECTOR ( 'NONE', #3826, 1000.000000000000000 ) ;
#3886 = DIRECTION ( 'NONE',  ( 1.000000000000000000, 0.000000000000000000, 0.000000000000000000 ) ) ;
#3887 = PLANE ( 'NONE',  #6798 ) ;
#3888 = CARTESIAN_POINT ( 'NONE',  ( 12.99999999998821920, 12.34999999999999964, 154.5000000000001705 ) ) ;
#3889 = PLANE ( 'NONE',  #2433 ) ;
#3890 = ORIENTED_EDGE ( 'NONE', *, *, #6655, .T. ) ;
#3891 = DIRECTION ( 'NONE',  ( -1.000000000000000000, 0.000000000000000000, 4.654101818143543497E-12 ) ) ;
#3892 = VERTEX_POINT ( 'NONE', #2608 ) ;
#3893 = EDGE_CURVE ( 'NONE', #4758, #1279, #3232, .T. ) ;
#3894 = CARTESIAN_POINT ( 'NONE',  ( 41.58984600082426653, 2.350000000000000089, 72.03572635239325450 ) ) ;
#3895 = ORIENTED_EDGE ( 'NONE', *, *, #1135, .T. ) ;
#3896 = CARTESIAN_POINT ( 'NONE',  ( 2.749387081315227910, 1.750000000000000000, 138.7116420306357156 ) ) ;
#3897 = PLANE ( 'NONE',  #1910 ) ;
#3898 = DIRECTION ( 'NONE',  ( 0.000000000000000000, 1.000000000000000000, -0.000000000000000000 ) ) ;
#3899 = DIRECTION ( 'NONE',  ( 1.000000000000000000, -0.000000000000000000, -0.000000000000000000 ) ) ;
#3900 = ORIENTED_EDGE ( 'NONE', *, *, #160, .F. ) ;
#3901 = VECTOR ( 'NONE', #6542, 1000.000000000000114 ) ;
#3902 = DIRECTION ( 'NONE',  ( 0.000000000000000000, 0.000000000000000000, -1.000000000000000000 ) ) ;
#3903 = FACE_OUTER_BOUND ( 'NONE', #6569, .T. ) ;
#3904 = EDGE_CURVE ( 'NONE', #2054, #732, #1555, .T. ) ;
#3905 = AXIS2_PLACEMENT_3D ( 'NONE', #4337, #6042, #1544 ) ;
#3906 = LINE ( 'NONE', #2306, #7115 ) ;
#3907 = LINE ( 'NONE', #4557, #6615 ) ;
#3908 = CARTESIAN_POINT ( 'NONE',  ( -24.00000000000053646, 1.750000000000000000, 79.10000000000002274 ) ) ;
#3909 = CARTESIAN_POINT ( 'NONE',  ( -11.84871062253963103, 12.34999999999999964, 79.10000000000002274 ) ) ;
#3910 = CIRCLE ( 'NONE', #4377, 4.099999999999992539 ) ;
#3911 = ORIENTED_EDGE ( 'NONE', *, *, #1438, .T. ) ;
#3912 = ORIENTED_EDGE ( 'NONE', *, *, #1110, .T. ) ;
#3913 = DIRECTION ( 'NONE',  ( 0.000000000000000000, 0.000000000000000000, 1.000000000000000000 ) ) ;
#3914 = EDGE_LOOP ( 'NONE', ( #5648, #5509, #7104, #2849 ) ) ;
#3915 = ADVANCED_FACE ( 'NONE', ( #1010 ), #4890, .F. ) ;
#3916 = LINE ( 'NONE', #6634, #235 ) ;
#3917 = CARTESIAN_POINT ( 'NONE',  ( 33.75000000000054001, 4.850000000000000533, 0.000000000000000000 ) ) ;
#3918 = CARTESIAN_POINT ( 'NONE',  ( -33.75000000000054001, 4.850000000000000533, 0.000000000000000000 ) ) ;
#3919 = EDGE_CURVE ( 'NONE', #1746, #3825, #6157, .T. ) ;
#3920 = EDGE_CURVE ( 'NONE', #2887, #4800, #105, .T. ) ;
#3921 = CARTESIAN_POINT ( 'NONE',  ( 4.948769369253128048, 1.750000000000000000, 155.3000000000000114 ) ) ;
#3922 = ORIENTED_EDGE ( 'NONE', *, *, #4369, .T. ) ;
#3923 = ORIENTED_EDGE ( 'NONE', *, *, #6749, .T. ) ;
#3924 = CARTESIAN_POINT ( 'NONE',  ( -11.99999999998817479, 0.000000000000000000, 146.0000000000000000 ) ) ;
#3925 = ORIENTED_EDGE ( 'NONE', *, *, #7018, .T. ) ;
#3926 = AXIS2_PLACEMENT_3D ( 'NONE', #6606, #3280, #1509 ) ;
#3927 = CARTESIAN_POINT ( 'NONE',  ( -17.44999999998816875, 12.34999999999999964, 155.5000000000001705 ) ) ;
#3928 = ADVANCED_FACE ( 'NONE', ( #4384 ), #3333, .F. ) ;
#3929 = DIRECTION ( 'NONE',  ( 0.000000000000000000, 0.000000000000000000, 1.000000000000000000 ) ) ;
#3930 = ORIENTED_EDGE ( 'NONE', *, *, #109, .T. ) ;
#3931 = VECTOR ( 'NONE', #5401, 1000.000000000000000 ) ;
#3932 = DIRECTION ( 'NONE',  ( 0.000000000000000000, 1.000000000000000000, 0.000000000000000000 ) ) ;
#3933 = ORIENTED_EDGE ( 'NONE', *, *, #6282, .T. ) ;
#3934 = VECTOR ( 'NONE', #149, 1000.000000000000000 ) ;
#3935 = AXIS2_PLACEMENT_3D ( 'NONE', #1121, #479, #6600 ) ;
#3936 = FACE_BOUND ( 'NONE', #4871, .T. ) ;
#3937 = FACE_OUTER_BOUND ( 'NONE', #2718, .T. ) ;
#3938 = EDGE_CURVE ( 'NONE', #1679, #6419, #6661, .T. ) ;
#3939 = FACE_OUTER_BOUND ( 'NONE', #3847, .T. ) ;
#3940 = ORIENTED_EDGE ( 'NONE', *, *, #365, .F. ) ;
#3941 = DIRECTION ( 'NONE',  ( 0.000000000000000000, 1.000000000000000000, 0.000000000000000000 ) ) ;
#3942 = DIRECTION ( 'NONE',  ( 0.000000000000000000, 1.000000000000000000, 0.000000000000000000 ) ) ;
#3943 = CIRCLE ( 'NONE', #3256, 2.549999999999996714 ) ;
#3944 = PLANE ( 'NONE',  #175 ) ;
#3945 = DIRECTION ( 'NONE',  ( 0.000000000000000000, 1.000000000000000000, 0.000000000000000000 ) ) ;
#3946 = CARTESIAN_POINT ( 'NONE',  ( -24.50112609139251774, -2.000000000000000000, 128.1539330310832554 ) ) ;
#3947 = ORIENTED_EDGE ( 'NONE', *, *, #3522, .T. ) ;
#3948 = DIRECTION ( 'NONE',  ( 1.000000000000000000, 0.000000000000000000, -4.113309561647135118E-15 ) ) ;
#3949 = ORIENTED_EDGE ( 'NONE', *, *, #4361, .F. ) ;
#3950 = ORIENTED_EDGE ( 'NONE', *, *, #5476, .F. ) ;
#3951 = DIRECTION ( 'NONE',  ( 0.000000000000000000, 1.000000000000000000, 0.000000000000000000 ) ) ;
#3952 = EDGE_LOOP ( 'NONE', ( #5903, #3649, #3661, #5667, #5651 ) ) ;
#3953 = CARTESIAN_POINT ( 'NONE',  ( -17.24999999998802025, 12.34999999999999964, 155.3000000000000114 ) ) ;
#3954 = CARTESIAN_POINT ( 'NONE',  ( -29.37500000000052935, 4.850000000000000533, 87.59999999999999432 ) ) ;
#3955 = DIRECTION ( 'NONE',  ( -3.341720035121220103E-15, -4.391636511414258472E-31, 1.000000000000000000 ) ) ;
#3956 = CARTESIAN_POINT ( 'NONE',  ( 24.00000000000054357, 12.34999999999999964, 130.3000000000000398 ) ) ;
#3957 = EDGE_CURVE ( 'NONE', #4349, #4672, #4525, .T. ) ;
#3958 = LINE ( 'NONE', #11, #1395 ) ;
#3959 = ORIENTED_EDGE ( 'NONE', *, *, #6326, .F. ) ;
#3960 = EDGE_LOOP ( 'NONE', ( #194, #2180, #2394, #4674, #1338, #4891 ) ) ;
#3961 = CARTESIAN_POINT ( 'NONE',  ( 48.21698837162195161, 2.350000000000000089, 83.51427364760674266 ) ) ;
#3962 = EDGE_LOOP ( 'NONE', ( #3111, #2133, #35, #6575 ) ) ;
#3963 = EDGE_CURVE ( 'NONE', #1962, #5440, #2749, .T. ) ;
#3964 = CARTESIAN_POINT ( 'NONE',  ( 33.75000000000054712, 1.750000000000000000, 114.2500000000000142 ) ) ;
#3965 = SHAPE_DEFINITION_REPRESENTATION ( #2962, #2376 ) ;
#3966 = EDGE_CURVE ( 'NONE', #1371, #3089, #6086, .T. ) ;
#3967 = VERTEX_POINT ( 'NONE', #1152 ) ;
#3968 = CARTESIAN_POINT ( 'NONE',  ( 32.20000000000057128, 6.850000000000000533, 80.71898548953929264 ) ) ;
#3969 = ORIENTED_EDGE ( 'NONE', *, *, #5917, .T. ) ;
#3970 = EDGE_CURVE ( 'NONE', #3566, #2657, #130, .T. ) ;
#3971 = CARTESIAN_POINT ( 'NONE',  ( 26.04152931588985354, 4.850000000000000533, 45.10525188191666501 ) ) ;
#3972 = DIRECTION ( 'NONE',  ( -1.000000000000000000, 0.000000000000000000, 0.000000000000000000 ) ) ;
#3973 = DIRECTION ( 'NONE',  ( 1.000000000000000000, -0.000000000000000000, 0.000000000000000000 ) ) ;
#3974 = VERTEX_POINT ( 'NONE', #4421 ) ;
#3975 = PLANE ( 'NONE',  #6722 ) ;
#3976 = CARTESIAN_POINT ( 'NONE',  ( -21.35344314932018506, 0.000000000000000000, 156.6000000000001933 ) ) ;
#3977 = EDGE_CURVE ( 'NONE', #1053, #7037, #6629, .T. ) ;
#3978 = DIRECTION ( 'NONE',  ( 1.000000000000000000, 0.000000000000000000, 0.000000000000000000 ) ) ;
#3979 = DIRECTION ( 'NONE',  ( 0.000000000000000000, 0.000000000000000000, 1.000000000000000000 ) ) ;
#3980 = VERTEX_POINT ( 'NONE', #1692 ) ;
#3981 = LINE ( 'NONE', #6192, #5563 ) ;
#3982 = ORIENTED_EDGE ( 'NONE', *, *, #4483, .F. ) ;
#3983 = EDGE_LOOP ( 'NONE', ( #6226, #686, #910, #1305 ) ) ;
#3984 = DIRECTION ( 'NONE',  ( 0.5773502691896268413, -0.5773502691896276184, -0.5773502691896229555 ) ) ;
#3985 = VERTEX_POINT ( 'NONE', #611 ) ;
#3986 = LINE ( 'NONE', #1193, #1728 ) ;
#3987 = DIRECTION ( 'NONE',  ( 1.000000000000000000, -0.000000000000000000, 0.000000000000000000 ) ) ;
#3988 = VECTOR ( 'NONE', #5656, 1000.000000000000000 ) ;
#3989 = VECTOR ( 'NONE', #5246, 1000.000000000000000 ) ;
#3990 = LINE ( 'NONE', #3493, #556 ) ;
#3991 = DIRECTION ( 'NONE',  ( 0.000000000000000000, 1.000000000000000000, 0.000000000000000000 ) ) ;
#3992 = CARTESIAN_POINT ( 'NONE',  ( 33.75000000000054712, 3.350000000000000089, 113.5000000000000142 ) ) ;
#3993 = ORIENTED_EDGE ( 'NONE', *, *, #778, .F. ) ;
#3994 = ORIENTED_EDGE ( 'NONE', *, *, #5922, .T. ) ;
#3995 = DIRECTION ( 'NONE',  ( 0.000000000000000000, 0.000000000000000000, 1.000000000000000000 ) ) ;
#3996 = PRESENTATION_LAYER_ASSIGNMENT (  '', '', ( #3539 ) ) ;
#3997 = ORIENTED_EDGE ( 'NONE', *, *, #4548, .F. ) ;
#3998 = VECTOR ( 'NONE', #4875, 1000.000000000000000 ) ;
#3999 = EDGE_CURVE ( 'NONE', #6150, #5179, #3981, .T. ) ;
#4000 = CARTESIAN_POINT ( 'NONE',  ( 24.50112609146677656, 0.000000000000000000, 128.1539330310690445 ) ) ;
#4001 = VECTOR ( 'NONE', #1460, 1000.000000000000000 ) ;
#4002 = ORIENTED_EDGE ( 'NONE', *, *, #286, .T. ) ;
#4003 = DIRECTION ( 'NONE',  ( -0.000000000000000000, 1.933235146104448181E-16, 1.000000000000000000 ) ) ;
#4004 = ORIENTED_EDGE ( 'NONE', *, *, #2785, .T. ) ;
#4005 = EDGE_CURVE ( 'NONE', #2091, #5139, #3878, .T. ) ;
#4006 = LINE ( 'NONE', #2778, #3188 ) ;
#4007 = CARTESIAN_POINT ( 'NONE',  ( -7.457225075356627819, 1.750000000000000000, 133.9999999999684235 ) ) ;
#4008 = DIRECTION ( 'NONE',  ( -0.000000000000000000, -1.000000000000000000, -0.000000000000000000 ) ) ;
#4009 = ORIENTED_EDGE ( 'NONE', *, *, #2200, .F. ) ;
#4010 = DIRECTION ( 'NONE',  ( 0.000000000000000000, -0.5735764363510453823, 0.8191520442889923537 ) ) ;
#4011 = EDGE_CURVE ( 'NONE', #1394, #3785, #5222, .T. ) ;
#4013 = EDGE_CURVE ( 'NONE', #5611, #3515, #3943, .T. ) ;
#4012 = CARTESIAN_POINT ( 'NONE',  ( -26.50000000000052935, 12.34999999999999964, 119.8000000000000540 ) ) ;
#4014 = LINE ( 'NONE', #5640, #1605 ) ;
#4015 = CARTESIAN_POINT ( 'NONE',  ( 11.99999999998821210, 1.750000000000000000, 155.5000000000001705 ) ) ;
#4016 = CARTESIAN_POINT ( 'NONE',  ( -13.57930174806593016, 1.750000000000000000, 125.7684116160548484 ) ) ;
#4017 = ORIENTED_EDGE ( 'NONE', *, *, #2278, .T. ) ;
#4018 = EDGE_CURVE ( 'NONE', #1264, #4616, #4962, .T. ) ;
#4019 = LINE ( 'NONE', #1336, #3024 ) ;
#4020 = ORIENTED_EDGE ( 'NONE', *, *, #6886, .F. ) ;
#4021 = EDGE_LOOP ( 'NONE', ( #401, #5007, #1383, #110 ) ) ;
#4022 = DIRECTION ( 'NONE',  ( -0.000000000000000000, -1.000000000000000000, -0.000000000000000000 ) ) ;
#4023 = VERTEX_POINT ( 'NONE', #4486 ) ;
#4024 = VECTOR ( 'NONE', #2042, 1000.000000000000000 ) ;
#4025 = LINE ( 'NONE', #520, #4512 ) ;
#4026 = DIRECTION ( 'NONE',  ( -0.000000000000000000, 1.000000000000000000, -0.000000000000000000 ) ) ;
#4027 = LINE ( 'NONE', #4568, #671 ) ;
#4028 = AXIS2_PLACEMENT_3D ( 'NONE', #2034, #406, #338 ) ;
#4029 = CARTESIAN_POINT ( 'NONE',  ( -10.20430174806592838, -4.000000000000000000, 125.7684116160548484 ) ) ;
#4030 = VECTOR ( 'NONE', #4888, 1000.000000000000000 ) ;
#4031 = VERTEX_POINT ( 'NONE', #7135 ) ;
#4032 = ORIENTED_EDGE ( 'NONE', *, *, #7158, .T. ) ;
#4033 = CARTESIAN_POINT ( 'NONE',  ( 29.37500000000054357, 4.850000000000000533, 125.0500000000000540 ) ) ;
#4034 = EDGE_LOOP ( 'NONE', ( #6823, #6026, #1352, #767, #1714, #6112 ) ) ;
#4035 = VECTOR ( 'NONE', #3703, 1000.000000000000000 ) ;
#4036 = CARTESIAN_POINT ( 'NONE',  ( 0.000000000000000000, 1.750000000000000000, 130.3000000000000398 ) ) ;
#4037 = CARTESIAN_POINT ( 'NONE',  ( -10.20430174807373369, -2.000000000000000000, 125.7684116160607601 ) ) ;
#4038 = VERTEX_POINT ( 'NONE', #2166 ) ;
#4039 = FACE_OUTER_BOUND ( 'NONE', #2435, .T. ) ;
#4040 = ORIENTED_EDGE ( 'NONE', *, *, #4142, .T. ) ;
#4041 = EDGE_LOOP ( 'NONE', ( #4835, #5645, #1143, #1996, #3407, #1401 ) ) ;
#4042 = DIRECTION ( 'NONE',  ( -1.000000000000000000, 0.000000000000000000, 0.000000000000000000 ) ) ;
#4043 = CARTESIAN_POINT ( 'NONE',  ( 24.00000000000054001, 7.850000000000001421, 113.5000000000000142 ) ) ;
#4044 = CIRCLE ( 'NONE', #2534, 3.374999999942965179 ) ;
#4045 = DIRECTION ( 'NONE',  ( -1.000000000000000000, 0.000000000000000000, 0.000000000000000000 ) ) ;
#4046 = ORIENTED_EDGE ( 'NONE', *, *, #1258, .T. ) ;
#4047 = LINE ( 'NONE', #5134, #234 ) ;
#4048 = ADVANCED_FACE ( 'NONE', ( #3301 ), #3846, .F. ) ;
#4049 = VECTOR ( 'NONE', #5099, 999.9999999999998863 ) ;
#4050 = DIRECTION ( 'NONE',  ( -1.000000000000000000, 0.000000000000000000, 2.312964634635715347E-16 ) ) ;
#4051 = DIRECTION ( 'NONE',  ( 1.000000000000000000, -0.000000000000000000, -0.000000000000000000 ) ) ;
#4052 = AXIS2_PLACEMENT_3D ( 'NONE', #5235, #1999, #266 ) ;
#4053 = LINE ( 'NONE', #2892, #974 ) ;
#4054 = LINE ( 'NONE', #5643, #6819 ) ;
#4055 = VECTOR ( 'NONE', #2100, 1000.000000000000000 ) ;
#4056 = EDGE_CURVE ( 'NONE', #4575, #2807, #4998, .T. ) ;
#4057 = ORIENTED_EDGE ( 'NONE', *, *, #6446, .F. ) ;
#4058 = EDGE_CURVE ( 'NONE', #5320, #231, #2237, .T. ) ;
#4059 = CARTESIAN_POINT ( 'NONE',  ( -22.69999999998817586, -4.000000000000000000, 110.1499999999999915 ) ) ;
#4060 = ORIENTED_EDGE ( 'NONE', *, *, #253, .F. ) ;
#4061 = ORIENTED_EDGE ( 'NONE', *, *, #1183, .F. ) ;
#4062 = FACE_OUTER_BOUND ( 'NONE', #5392, .T. ) ;
#4063 = AXIS2_PLACEMENT_3D ( 'NONE', #859, #6298, #5106 ) ;
#4064 = ORIENTED_EDGE ( 'NONE', *, *, #527, .F. ) ;
#4065 = PRODUCT ( '[打印]综合天线接口-5寸机_自组网_下部', '[打印]综合天线接口-5寸机_自组网_下部', '', ( #5705 ) ) ;
#4066 = EDGE_CURVE ( 'NONE', #5356, #6773, #1951, .T. ) ;
#4067 = FACE_OUTER_BOUND ( 'NONE', #6209, .T. ) ;
#4068 = CARTESIAN_POINT ( 'NONE',  ( 4.120447735897592167, 12.34999999999999964, 152.8000000000000398 ) ) ;
#4069 = CARTESIAN_POINT ( 'NONE',  ( 29.37500000000054357, 4.850000000000000533, 83.90000000000000568 ) ) ;
#4070 = SURFACE_STYLE_USAGE ( .BOTH. , #1380 ) ;
#4071 = AXIS2_PLACEMENT_3D ( 'NONE', #494, #7128, #3902 ) ;
#4072 = CARTESIAN_POINT ( 'NONE',  ( -33.75000000000056843, -0.2500000000000078271, 130.1000000000000227 ) ) ;
#4073 = ORIENTED_EDGE ( 'NONE', *, *, #6446, .T. ) ;
#4074 = EDGE_LOOP ( 'NONE', ( #4683, #2795 ) ) ;
#4075 = CARTESIAN_POINT ( 'NONE',  ( 29.37500000000054357, 6.850000000000000533, 126.6000000000000512 ) ) ;
#4076 = ORIENTED_EDGE ( 'NONE', *, *, #3831, .F. ) ;
#4077 = ADVANCED_FACE ( 'NONE', ( #280 ), #5218, .F. ) ;
#4078 = PLANE ( 'NONE',  #2490 ) ;
#4079 = ORIENTED_EDGE ( 'NONE', *, *, #1578, .T. ) ;
#4080 = FACE_OUTER_BOUND ( 'NONE', #4092, .T. ) ;
#4081 = VERTEX_POINT ( 'NONE', #1881 ) ;
#4082 = DIRECTION ( 'NONE',  ( 0.000000000000000000, -0.000000000000000000, 1.000000000000000000 ) ) ;
#4083 = LINE ( 'NONE', #1324, #6645 ) ;
#4084 = ORIENTED_EDGE ( 'NONE', *, *, #5831, .T. ) ;
#4085 = DIRECTION ( 'NONE',  ( -0.000000000000000000, -1.000000000000000000, -0.000000000000000000 ) ) ;
#4086 = CARTESIAN_POINT ( 'NONE',  ( -14.59999999998812292, 1.750000000000000000, 133.5000000000000000 ) ) ;
#4087 = DIRECTION ( 'NONE',  ( 0.3145145977190313968, -0.000000000000000000, -0.9492526364575637476 ) ) ;
#4088 = VECTOR ( 'NONE', #6581, 1000.000000000000000 ) ;
#4089 = DIRECTION ( 'NONE',  ( 0.000000000000000000, 0.000000000000000000, -1.000000000000000000 ) ) ;
#4090 = ADVANCED_FACE ( 'NONE', ( #5720 ), #5177, .F. ) ;
#4091 = CARTESIAN_POINT ( 'NONE',  ( 14.59999999998815312, 0.7500000000000069944, 133.5000000000000000 ) ) ;
#4092 = EDGE_LOOP ( 'NONE', ( #400, #344, #4744, #2735 ) ) ;
#4093 = CARTESIAN_POINT ( 'NONE',  ( 26.50000000000055422, 1.748873908546104472, 111.4988739085461589 ) ) ;
#4094 = ORIENTED_EDGE ( 'NONE', *, *, #1355, .T. ) ;
#4095 = ORIENTED_EDGE ( 'NONE', *, *, #3883, .T. ) ;
#4096 = DIRECTION ( 'NONE',  ( 0.7074433657046420576, -0.7067700363771005634, -0.000000000000000000 ) ) ;
#4097 = ORIENTED_EDGE ( 'NONE', *, *, #5708, .F. ) ;
#4098 = LINE ( 'NONE', #5485, #6598 ) ;
#4099 = ADVANCED_FACE ( 'NONE', ( #5140 ), #5251, .T. ) ;
#4100 = CARTESIAN_POINT ( 'NONE',  ( 7.249999999988211208, 0.000000000000000000, 133.4999999999684235 ) ) ;
#4101 = DIRECTION ( 'NONE',  ( 0.7071067811865512365, -0.000000000000000000, 0.7071067811865439090 ) ) ;
#4102 = PLANE ( 'NONE',  #1342 ) ;
#4103 = DIRECTION ( 'NONE',  ( 0.000000000000000000, 1.000000000000000000, 0.000000000000000000 ) ) ;
#4104 = VERTEX_POINT ( 'NONE', #4093 ) ;
#4105 = EDGE_CURVE ( 'NONE', #3541, #1230, #1847, .T. ) ;
#4106 = EDGE_LOOP ( 'NONE', ( #579, #894, #6427, #918 ) ) ;
#4107 = CARTESIAN_POINT ( 'NONE',  ( -22.34999999998811759, 0.7500000000000223155, 133.5000000000000000 ) ) ;
#4108 = EDGE_CURVE ( 'NONE', #5947, #2792, #5758, .T. ) ;
#4109 = ORIENTED_EDGE ( 'NONE', *, *, #3252, .F. ) ;
#4110 =( GEOMETRIC_REPRESENTATION_CONTEXT ( 3 ) GLOBAL_UNCERTAINTY_ASSIGNED_CONTEXT ( ( #6705 ) ) GLOBAL_UNIT_ASSIGNED_CONTEXT ( ( #801, #5227, #5259 ) ) REPRESENTATION_CONTEXT ( 'NONE', 'WORKASPACE' ) );
#4111 = VECTOR ( 'NONE', #4819, 1000.000000000000000 ) ;
#4112 = DIRECTION ( 'NONE',  ( 0.000000000000000000, 0.000000000000000000, -1.000000000000000000 ) ) ;
#4113 = CYLINDRICAL_SURFACE ( 'NONE', #5637, 3.099999999999991651 ) ;
#4114 = PRODUCT_DEFINITION_FORMATION_WITH_SPECIFIED_SOURCE ( '任何', '', #4065, .NOT_KNOWN. ) ;
#4115 = EDGE_CURVE ( 'NONE', #4502, #636, #4762, .T. ) ;
#4116 = VECTOR ( 'NONE', #4364, 1000.000000000000114 ) ;
#4117 = ORIENTED_EDGE ( 'NONE', *, *, #4005, .T. ) ;
#4118 = ORIENTED_EDGE ( 'NONE', *, *, #5564, .T. ) ;
#4119 = VECTOR ( 'NONE', #6068, 1000.000000000000000 ) ;
#4120 = DIRECTION ( 'NONE',  ( 0.000000000000000000, 0.000000000000000000, 1.000000000000000000 ) ) ;
#4121 = DIRECTION ( 'NONE',  ( 1.933235146104446949E-16, 0.000000000000000000, 1.000000000000000000 ) ) ;
#4122 = ORIENTED_EDGE ( 'NONE', *, *, #3837, .T. ) ;
#4123 = CARTESIAN_POINT ( 'NONE',  ( -10.20430174806592838, 1.750000000000000000, 125.7684116160548484 ) ) ;
#4124 = CARTESIAN_POINT ( 'NONE',  ( 0.000000000000000000, 12.34999999999999964, 152.8000000000000114 ) ) ;
#4125 = CARTESIAN_POINT ( 'NONE',  ( -32.20000000000051443, 6.850000000000000533, 123.4189854895393950 ) ) ;
#4126 = VECTOR ( 'NONE', #1142, 1000.000000000000000 ) ;
#4127 = CARTESIAN_POINT ( 'NONE',  ( -22.69999999998817586, -2.000000000000000000, 110.1499999999999915 ) ) ;
#4128 = LINE ( 'NONE', #1878, #2099 ) ;
#4129 = EDGE_LOOP ( 'NONE', ( #6640, #6998, #477, #874, #5205, #857, #1524, #6958, #1995, #753, #2602, #4076, #5868, #5381 ) ) ;
#4130 = CARTESIAN_POINT ( 'NONE',  ( -44.41484600082422673, 2.350000000000000089, 76.92876988377535952 ) ) ;
#4131 = ORIENTED_EDGE ( 'NONE', *, *, #5228, .F. ) ;
#4132 = ORIENTED_EDGE ( 'NONE', *, *, #3533, .F. ) ;
#4133 = EDGE_LOOP ( 'NONE', ( #6211, #2249, #3352, #864 ) ) ;
#4134 = CARTESIAN_POINT ( 'NONE',  ( -4.948769369253107619, 1.750000000000000000, 155.3000000000000682 ) ) ;
#4135 = FACE_OUTER_BOUND ( 'NONE', #5154, .T. ) ;
#4136 = LINE ( 'NONE', #5328, #5528 ) ;
#4137 = DIRECTION ( 'NONE',  ( 0.7069385089234828667, -0.7071067811865510144, -0.01542545302537160802 ) ) ;
#4138 = CARTESIAN_POINT ( 'NONE',  ( 23.41819294280467290, 12.34999999999999964, 152.8000000000000398 ) ) ;
#4139 = AXIS2_PLACEMENT_3D ( 'NONE', #19, #6643, #268 ) ;
#4140 = ORIENTED_EDGE ( 'NONE', *, *, #4675, .T. ) ;
#4141 = ORIENTED_EDGE ( 'NONE', *, *, #4449, .F. ) ;
#4142 = EDGE_CURVE ( 'NONE', #4454, #4031, #6227, .T. ) ;
#4143 = FACE_BOUND ( 'NONE', #2384, .T. ) ;
#4144 = ORIENTED_EDGE ( 'NONE', *, *, #3999, .T. ) ;
#4145 = ADVANCED_FACE ( 'NONE', ( #1807 ), #3627, .F. ) ;
#4146 = CARTESIAN_POINT ( 'NONE',  ( 26.55000000000054428, 2.350000000000000089, 0.000000000000000000 ) ) ;
#4147 = AXIS2_PLACEMENT_3D ( 'NONE', #2722, #585, #2174 ) ;
#4148 = EDGE_CURVE ( 'NONE', #740, #240, #6808, .T. ) ;
#4149 = CARTESIAN_POINT ( 'NONE',  ( 12.49999999998821032, -16.11541742610947381, 146.5000000000000000 ) ) ;
#4150 = EDGE_CURVE ( 'NONE', #827, #6207, #4707, .T. ) ;
#4151 = LINE ( 'NONE', #1972, #3793 ) ;
#4152 = PRODUCT_RELATED_PRODUCT_CATEGORY ( 'part', '', ( #4065 ) ) ;
#4153 = VECTOR ( 'NONE', #6924, 1000.000000000000000 ) ;
#4154 = EDGE_LOOP ( 'NONE', ( #5939, #1986, #1641, #5867, #2683, #4435, #5802, #5997, #2635, #1015, #4214, #4327, #5414, #7136 ) ) ;
#4155 = ORIENTED_EDGE ( 'NONE', *, *, #1176, .F. ) ;
#4156 = EDGE_CURVE ( 'NONE', #636, #2657, #4019, .T. ) ;
#4157 = DIRECTION ( 'NONE',  ( 1.000000000000000000, 0.000000000000000000, -8.226619123294235526E-15 ) ) ;
#4158 = PLANE ( 'NONE',  #5491 ) ;
#4159 = VERTEX_POINT ( 'NONE', #180 ) ;
#4160 = AXIS2_PLACEMENT_3D ( 'NONE', #5354, #2599, #4816 ) ;
#4161 = DIRECTION ( 'NONE',  ( 0.7071067811865472397, -0.7071067811865479058, -0.000000000000000000 ) ) ;
#4162 = CARTESIAN_POINT ( 'NONE',  ( -14.59999999998812292, 0.7500000000000086597, 133.5000000000000000 ) ) ;
#4163 = DIRECTION ( 'NONE',  ( 1.000000000000000000, 0.000000000000000000, 0.000000000000000000 ) ) ;
#4164 = AXIS2_PLACEMENT_3D ( 'NONE', #6737, #4562, #614 ) ;
#4165 = CARTESIAN_POINT ( 'NONE',  ( 0.000000000000000000, 4.850000000000000533, 87.59999999999999432 ) ) ;
#4166 = DIRECTION ( 'NONE',  ( 0.000000000000000000, 0.000000000000000000, -1.000000000000000000 ) ) ;
#4167 = APPLICATION_CONTEXT ( 'automotive_design' ) ;
#4168 = ORIENTED_EDGE ( 'NONE', *, *, #553, .F. ) ;
#4169 = DIRECTION ( 'NONE',  ( -0.4999999999999977796, 0.000000000000000000, 0.8660254037844399289 ) ) ;
#4170 = ORIENTED_EDGE ( 'NONE', *, *, #3049, .F. ) ;
#4171 = ORIENTED_EDGE ( 'NONE', *, *, #2989, .T. ) ;
#4172 = ORIENTED_EDGE ( 'NONE', *, *, #101, .T. ) ;
#4173 = DIRECTION ( 'NONE',  ( -0.000000000000000000, 0.000000000000000000, 1.000000000000000000 ) ) ;
#4174 = DIRECTION ( 'NONE',  ( 0.8660254037844437036, 0.000000000000000000, 0.4999999999999912847 ) ) ;
#4175 = VECTOR ( 'NONE', #5146, 999.9999999999998863 ) ;
#4176 = CARTESIAN_POINT ( 'NONE',  ( 0.000000000000000000, 12.34999999999999964, 87.59999999999999432 ) ) ;
#4177 = AXIS2_PLACEMENT_3D ( 'NONE', #3018, #4681, #766 ) ;
#4178 = FACE_OUTER_BOUND ( 'NONE', #3518, .T. ) ;
#4179 = ORIENTED_EDGE ( 'NONE', *, *, #3938, .T. ) ;
#4180 = ORIENTED_EDGE ( 'NONE', *, *, #386, .F. ) ;
#4181 = CARTESIAN_POINT ( 'NONE',  ( 12.19999999998835882, 12.34999999999999964, 155.3000000000000114 ) ) ;
#4182 = VERTEX_POINT ( 'NONE', #142 ) ;
#4183 = EDGE_CURVE ( 'NONE', #2584, #5324, #1915, .T. ) ;
#4184 = DIRECTION ( 'NONE',  ( -1.000000000000000000, -0.000000000000000000, 0.000000000000000000 ) ) ;
#4185 = VECTOR ( 'NONE', #34, 1000.000000000000000 ) ;
#4186 = CYLINDRICAL_SURFACE ( 'NONE', #4028, 1.549999999977375031 ) ;
#4187 = DIRECTION ( 'NONE',  ( 0.000000000000000000, 0.000000000000000000, 1.000000000000000000 ) ) ;
#4188 = ADVANCED_FACE ( 'NONE', ( #6879 ), #6849, .F. ) ;
#4189 = CARTESIAN_POINT ( 'NONE',  ( -14.23975427469719257, 1.750000000000000000, 125.5922199536795603 ) ) ;
#4190 = ORIENTED_EDGE ( 'NONE', *, *, #1225, .F. ) ;
#4191 = EDGE_CURVE ( 'NONE', #5808, #514, #5102, .T. ) ;
#4192 = DIRECTION ( 'NONE',  ( 0.000000000000000000, 0.000000000000000000, 1.000000000000000000 ) ) ;
#4193 = ADVANCED_FACE ( 'NONE', ( #3516 ), #755, .T. ) ;
#4194 = CARTESIAN_POINT ( 'NONE',  ( 24.50112609147807774, -2.000000000000000000, 130.1000000000000227 ) ) ;
#4195 = EDGE_LOOP ( 'NONE', ( #2220, #1755, #3836, #2387 ) ) ;
#4196 = DIRECTION ( 'NONE',  ( -0.000000000000000000, -0.04357795025175081882, 0.9990500299043365562 ) ) ;
#4197 = CARTESIAN_POINT ( 'NONE',  ( 16.80000000000053006, 1.000000000000003997, 82.35000000000002274 ) ) ;
#4198 = ADVANCED_FACE ( 'NONE', ( #2123 ), #319, .F. ) ;
#4199 = DIRECTION ( 'NONE',  ( -1.000000000000000000, 0.000000000000000000, 0.000000000000000000 ) ) ;
#4200 = DIRECTION ( 'NONE',  ( 0.3145145977190313968, -0.000000000000000000, -0.9492526364575637476 ) ) ;
#4201 = ORIENTED_EDGE ( 'NONE', *, *, #375, .F. ) ;
#4202 = CARTESIAN_POINT ( 'NONE',  ( -11.84871062253963103, 12.34999999999999964, 0.000000000000000000 ) ) ;
#4203 = ORIENTED_EDGE ( 'NONE', *, *, #4528, .T. ) ;
#4204 = EDGE_CURVE ( 'NONE', #1371, #7082, #4340, .T. ) ;
#4205 = ORIENTED_EDGE ( 'NONE', *, *, #828, .F. ) ;
#4206 = VERTEX_POINT ( 'NONE', #3766 ) ;
#4207 = LINE ( 'NONE', #1482, #1274 ) ;
#4208 = DIRECTION ( 'NONE',  ( -0.000000000000000000, 1.000000000000000000, -0.000000000000000000 ) ) ;
#4209 = DIRECTION ( 'NONE',  ( 0.000000000000000000, 1.000000000000000000, -0.000000000000000000 ) ) ;
#4210 = DIRECTION ( 'NONE',  ( 1.000000000000000000, 1.149911395060383633E-16, 0.000000000000000000 ) ) ;
#4211 = ORIENTED_EDGE ( 'NONE', *, *, #6786, .F. ) ;
#4212 = EDGE_LOOP ( 'NONE', ( #4903, #6410 ) ) ;
#4213 = DIRECTION ( 'NONE',  ( -0.04361938736533939320, 0.000000000000000000, 0.9990482215818575762 ) ) ;
#4214 = ORIENTED_EDGE ( 'NONE', *, *, #2707, .F. ) ;
#4215 = LINE ( 'NONE', #4689, #455 ) ;
#4216 = CARTESIAN_POINT ( 'NONE',  ( 16.44999999998819717, 0.000000000000000000, 154.5000000000001705 ) ) ;
#4217 = CARTESIAN_POINT ( 'NONE',  ( -33.75000000000054001, 4.850000000000000533, 0.000000000000000000 ) ) ;
#4218 = DIRECTION ( 'NONE',  ( 0.000000000000000000, 0.000000000000000000, -1.000000000000000000 ) ) ;
#4219 = ORIENTED_EDGE ( 'NONE', *, *, #2592, .F. ) ;
#4220 = EDGE_CURVE ( 'NONE', #979, #5190, #6551, .T. ) ;
#4221 = ORIENTED_EDGE ( 'NONE', *, *, #1126, .T. ) ;
#4222 = CARTESIAN_POINT ( 'NONE',  ( 24.00000000000054001, 7.850000000000001421, 89.50000000000002842 ) ) ;
#4223 = VECTOR ( 'NONE', #1028, 1000.000000000000000 ) ;
#4224 = LINE ( 'NONE', #4660, #4574 ) ;
#4225 = VECTOR ( 'NONE', #1147, 1000.000000000000000 ) ;
#4226 = ORIENTED_EDGE ( 'NONE', *, *, #2771, .F. ) ;
#4227 = DIRECTION ( 'NONE',  ( 0.000000000000000000, 0.000000000000000000, -1.000000000000000000 ) ) ;
#4228 = DIRECTION ( 'NONE',  ( -0.000000000000000000, -1.000000000000000000, -0.000000000000000000 ) ) ;
#4229 = EDGE_CURVE ( 'NONE', #3613, #3735, #6441, .T. ) ;
#4230 = VECTOR ( 'NONE', #2621, 1000.000000000000000 ) ;
#4231 = DIRECTION ( 'NONE',  ( 0.9492526364575637476, 0.000000000000000000, -0.3145145977190316189 ) ) ;
#4232 = CARTESIAN_POINT ( 'NONE',  ( 33.75000000000054712, 3.350000000000000089, 112.0000000000000142 ) ) ;
#4233 = ADVANCED_FACE ( 'NONE', ( #4237 ), #4780, .T. ) ;
#4234 = EDGE_LOOP ( 'NONE', ( #1499, #1477, #4955, #4599 ) ) ;
#4235 = EDGE_CURVE ( 'NONE', #3029, #3427, #7024, .T. ) ;
#4236 = VECTOR ( 'NONE', #195, 1000.000000000000000 ) ;
#4237 = FACE_OUTER_BOUND ( 'NONE', #4863, .T. ) ;
#4238 = ORIENTED_EDGE ( 'NONE', *, *, #4156, .T. ) ;
#4239 = VERTEX_POINT ( 'NONE', #5976 ) ;
#4240 = ORIENTED_EDGE ( 'NONE', *, *, #6402, .F. ) ;
#4241 = CARTESIAN_POINT ( 'NONE',  ( 0.000000000000000000, 12.34999999999999964, 0.000000000000000000 ) ) ;
#4242 = CARTESIAN_POINT ( 'NONE',  ( -62.90448837162257689, 2.350000000000000089, 108.9537698837748394 ) ) ;
#4243 = CARTESIAN_POINT ( 'NONE',  ( 13.57716024664088827, 0.000000000000000000, 121.9036620812780995 ) ) ;
#4244 = DIRECTION ( 'NONE',  ( 1.487823741253916993E-15, 0.000000000000000000, 1.000000000000000000 ) ) ;
#4245 = ORIENTED_EDGE ( 'NONE', *, *, #1412, .T. ) ;
#4246 = VERTEX_POINT ( 'NONE', #1583 ) ;
#4247 = DIRECTION ( 'NONE',  ( 0.000000000000000000, 0.000000000000000000, -1.000000000000000000 ) ) ;
#4248 = VERTEX_POINT ( 'NONE', #2563 ) ;
#4249 = DIRECTION ( 'NONE',  ( 0.000000000000000000, 0.000000000000000000, 1.000000000000000000 ) ) ;
#4250 = EDGE_CURVE ( 'NONE', #46, #2424, #1441, .T. ) ;
#4251 = PLANE ( 'NONE',  #6681 ) ;
#4252 = FACE_OUTER_BOUND ( 'NONE', #6960, .T. ) ;
#4253 = AXIS2_PLACEMENT_3D ( 'NONE', #1244, #4509, #3426 ) ;
#4254 = FACE_OUTER_BOUND ( 'NONE', #322, .T. ) ;
#4255 = ORIENTED_EDGE ( 'NONE', *, *, #701, .F. ) ;
#4256 = VECTOR ( 'NONE', #6496, 999.9999999999998863 ) ;
#4257 = ORIENTED_EDGE ( 'NONE', *, *, #5468, .T. ) ;
#4258 = DIRECTION ( 'NONE',  ( -0.8660254037844437036, 0.000000000000000000, -0.4999999999999912847 ) ) ;
#4259 = CARTESIAN_POINT ( 'NONE',  ( 26.50112609145421416, 1.750000000000000000, -5.253957208076237798E-14 ) ) ;
#4260 = ORIENTED_EDGE ( 'NONE', *, *, #3719, .F. ) ;
#4261 = CARTESIAN_POINT ( 'NONE',  ( 24.50112609147807774, 0.000000000000000000, 130.1000000000000227 ) ) ;
#4262 = VECTOR ( 'NONE', #4959, 1000.000000000000114 ) ;
#4263 = CARTESIAN_POINT ( 'NONE',  ( -26.50000000000052935, 1.748873908546091149, 114.2500000000000142 ) ) ;
#4264 = AXIS2_PLACEMENT_3D ( 'NONE', #3287, #5415, #5382 ) ;
#4265 = FACE_OUTER_BOUND ( 'NONE', #5726, .T. ) ;
#4266 = CARTESIAN_POINT ( 'NONE',  ( 16.90000000001182556, 53.23340376863964707, 98.40000000000001990 ) ) ;
#4267 = DIRECTION ( 'NONE',  ( -1.000000000000000000, 0.000000000000000000, -0.000000000000000000 ) ) ;
#4268 = EDGE_CURVE ( 'NONE', #6266, #3197, #3223, .T. ) ;
#4269 = VERTEX_POINT ( 'NONE', #5426 ) ;
#4270 = DIRECTION ( 'NONE',  ( 0.000000000000000000, 1.000000000000000000, 0.000000000000000000 ) ) ;
#4271 = ORIENTED_EDGE ( 'NONE', *, *, #5799, .F. ) ;
#4272 = VERTEX_POINT ( 'NONE', #1475 ) ;
#4273 = VECTOR ( 'NONE', #4480, 1000.000000000000000 ) ;
#4274 = EDGE_CURVE ( 'NONE', #5279, #979, #463, .T. ) ;
#4275 = FACE_OUTER_BOUND ( 'NONE', #4133, .T. ) ;
#4276 = DIRECTION ( 'NONE',  ( 0.8660254037844437036, 0.000000000000000000, -0.4999999999999912847 ) ) ;
#4277 = LINE ( 'NONE', #1484, #5887 ) ;
#4278 = EDGE_CURVE ( 'NONE', #4757, #6825, #6513, .T. ) ;
#4279 = VECTOR ( 'NONE', #5155, 1000.000000000000000 ) ;
#4280 = DIRECTION ( 'NONE',  ( -0.8660254037844437036, 0.000000000000000000, 0.4999999999999912847 ) ) ;
#4281 = ORIENTED_EDGE ( 'NONE', *, *, #7010, .F. ) ;
#4282 = ORIENTED_EDGE ( 'NONE', *, *, #5164, .F. ) ;
#4283 = FACE_BOUND ( 'NONE', #6884, .T. ) ;
#4284 = VECTOR ( 'NONE', #2748, 1000.000000000000000 ) ;
#4285 = VERTEX_POINT ( 'NONE', #2053 ) ;
#4286 = EDGE_CURVE ( 'NONE', #721, #3848, #7069, .T. ) ;
#4287 = AXIS2_PLACEMENT_3D ( 'NONE', #4968, #5003, #7 ) ;
#4288 = CARTESIAN_POINT ( 'NONE',  ( 26.00112609145446640, 1.750000000000000000, 148.0463266998052632 ) ) ;
#4289 = CARTESIAN_POINT ( 'NONE',  ( -14.59999999998812292, 1.750000000000000000, 133.5000000000000000 ) ) ;
#4290 = CARTESIAN_POINT ( 'NONE',  ( 24.00000000000054357, 1.750000000000000000, 130.3000000000000398 ) ) ;
#4291 = VECTOR ( 'NONE', #2761, 1000.000000000000000 ) ;
#4292 = LINE ( 'NONE', #3204, #1587 ) ;
#4293 = VERTEX_POINT ( 'NONE', #2673 ) ;
#4294 = VERTEX_POINT ( 'NONE', #4883 ) ;
#4295 = EDGE_CURVE ( 'NONE', #5821, #6156, #2092, .T. ) ;
#4296 = AXIS2_PLACEMENT_3D ( 'NONE', #5832, #2383, #719 ) ;
#4297 = EDGE_LOOP ( 'NONE', ( #6239, #3546, #3590, #3982, #2103, #3244 ) ) ;
#4298 = PLANE ( 'NONE',  #5739 ) ;
#4299 = CARTESIAN_POINT ( 'NONE',  ( 26.50000000000050804, 3.350000000000002309, -7.075438162472265609E-15 ) ) ;
#4300 = VERTEX_POINT ( 'NONE', #7093 ) ;
#4301 = DIRECTION ( 'NONE',  ( -1.000000000000000000, 0.000000000000000000, 0.000000000000000000 ) ) ;
#4302 = CARTESIAN_POINT ( 'NONE',  ( -10.20430174801493806, 8.899999999999998579, 100.9834326468444772 ) ) ;
#4303 = DIRECTION ( 'NONE',  ( 0.5002018831283558953, -0.7071067811865497932, -0.4997980353251134100 ) ) ;
#4304 = LINE ( 'NONE', #6511, #5024 ) ;
#4305 = ORIENTED_EDGE ( 'NONE', *, *, #3760, .T. ) ;
#4306 = DIRECTION ( 'NONE',  ( 0.8660254037844381525, 0.000000000000000000, -0.5000000000000008882 ) ) ;
#4307 = ORIENTED_EDGE ( 'NONE', *, *, #1216, .T. ) ;
#4308 = ORIENTED_EDGE ( 'NONE', *, *, #5699, .F. ) ;
#4309 = EDGE_CURVE ( 'NONE', #6013, #1463, #1515, .T. ) ;
#4310 = LINE ( 'NONE', #6049, #2479 ) ;
#4311 = CARTESIAN_POINT ( 'NONE',  ( -24.50112609139251774, 0.000000000000000000, 128.1539330310832554 ) ) ;
#4312 = FACE_OUTER_BOUND ( 'NONE', #6167, .T. ) ;
#4313 = CARTESIAN_POINT ( 'NONE',  ( -16.44999999998816165, 0.000000000000000000, 154.5000000000001705 ) ) ;
#4314 = EDGE_LOOP ( 'NONE', ( #4846, #90, #745, #1444 ) ) ;
#4315 = ORIENTED_EDGE ( 'NONE', *, *, #3172, .F. ) ;
#4316 = CARTESIAN_POINT ( 'NONE',  ( -60.07948837162225431, 2.350000000000000089, 104.0607263523931607 ) ) ;
#4317 = ORIENTED_EDGE ( 'NONE', *, *, #1492, .T. ) ;
#4318 = ADVANCED_FACE ( 'NONE', ( #6011 ), #5901, .F. ) ;
#4319 = DIRECTION ( 'NONE',  ( -0.000000000000000000, 1.000000000000000000, -0.000000000000000000 ) ) ;
#4320 = DIRECTION ( 'NONE',  ( 1.000000000000000000, -0.000000000000000000, 3.341720035121220103E-15 ) ) ;
#4321 = CARTESIAN_POINT ( 'NONE',  ( 26.50000000000054357, 4.850000000000000533, 130.3000000000000398 ) ) ;
#4322 = VECTOR ( 'NONE', #6404, 1000.000000000000000 ) ;
#4323 = EDGE_CURVE ( 'NONE', #3594, #3643, #893, .T. ) ;
#4324 = EDGE_CURVE ( 'NONE', #6561, #3484, #2786, .T. ) ;
#4325 = CYLINDRICAL_SURFACE ( 'NONE', #5557, 3.375000000003944400 ) ;
#4326 = VERTEX_POINT ( 'NONE', #6621 ) ;
#4327 = ORIENTED_EDGE ( 'NONE', *, *, #2817, .T. ) ;
#4328 = EDGE_LOOP ( 'NONE', ( #5010, #5703, #1798, #1706, #4488, #3209, #2529, #5757 ) ) ;
#4329 = LINE ( 'NONE', #7047, #868 ) ;
#4330 = EDGE_CURVE ( 'NONE', #2144, #4023, #6151, .T. ) ;
#4331 = CARTESIAN_POINT ( 'NONE',  ( 16.80000000000053362, 1.250000000000001110, 79.10000000000002274 ) ) ;
#4332 = ORIENTED_EDGE ( 'NONE', *, *, #3472, .T. ) ;
#4333 = LINE ( 'NONE', #526, #3901 ) ;
#4334 = VECTOR ( 'NONE', #2631, 1000.000000000000114 ) ;
#4335 = AXIS2_PLACEMENT_3D ( 'NONE', #1921, #4751, #2604 ) ;
#4336 = LINE ( 'NONE', #6041, #6882 ) ;
#4337 = CARTESIAN_POINT ( 'NONE',  ( -14.59999999998812292, 0.7500000000000086597, 133.5000000000000000 ) ) ;
#4338 = LINE ( 'NONE', #2702, #3412 ) ;
#4339 = ORIENTED_EDGE ( 'NONE', *, *, #3938, .F. ) ;
#4340 = LINE ( 'NONE', #4202, #706 ) ;
#4341 = ORIENTED_EDGE ( 'NONE', *, *, #1036, .T. ) ;
#4342 = AXIS2_PLACEMENT_3D ( 'NONE', #3762, #5934, #4911 ) ;
#4343 = ORIENTED_EDGE ( 'NONE', *, *, #379, .F. ) ;
#4344 = CARTESIAN_POINT ( 'NONE',  ( 10.20430174808563706, -2.000000000000000000, 122.0018057028501204 ) ) ;
#4345 = CARTESIAN_POINT ( 'NONE',  ( -29.37500000000054001, 4.850000000000000533, 130.3000000000000682 ) ) ;
#4346 = VECTOR ( 'NONE', #3240, 1000.000000000000000 ) ;
#4347 = CARTESIAN_POINT ( 'NONE',  ( 33.75000000000054001, 12.34999999999999964, 85.07409257229544153 ) ) ;
#4348 = DIRECTION ( 'NONE',  ( 1.000000000000000000, -0.000000000000000000, -0.000000000000000000 ) ) ;
#4349 = VERTEX_POINT ( 'NONE', #2303 ) ;
#4350 = VERTEX_POINT ( 'NONE', #2704 ) ;
#4351 = DIRECTION ( 'NONE',  ( -0.000000000000000000, 0.000000000000000000, 1.000000000000000000 ) ) ;
#4352 = VERTEX_POINT ( 'NONE', #1144 ) ;
#4353 = VECTOR ( 'NONE', #2409, 1000.000000000000000 ) ;
#4354 = CARTESIAN_POINT ( 'NONE',  ( 26.00112609146623299, -0.2500000000000071609, 78.60112609146575835 ) ) ;
#4355 = LINE ( 'NONE', #1089, #3329 ) ;
#4356 = CARTESIAN_POINT ( 'NONE',  ( -14.07930174806593016, 1.750000000000000000, 125.7684116160548484 ) ) ;
#4357 = EDGE_CURVE ( 'NONE', #797, #2038, #2266, .T. ) ;
#4358 = CARTESIAN_POINT ( 'NONE',  ( -16.89999999998816449, -2.000000000000000000, 96.85000000000000853 ) ) ;
#4359 = VERTEX_POINT ( 'NONE', #1181 ) ;
#4360 = ORIENTED_EDGE ( 'NONE', *, *, #1652, .T. ) ;
#4361 = EDGE_CURVE ( 'NONE', #4658, #72, #6689, .T. ) ;
#4362 = EDGE_CURVE ( 'NONE', #257, #3529, #4915, .T. ) ;
#4363 = VERTEX_POINT ( 'NONE', #4479 ) ;
#4364 = DIRECTION ( 'NONE',  ( 0.8660254037844395958, 0.000000000000000000, 0.4999999999999982236 ) ) ;
#4365 = CARTESIAN_POINT ( 'NONE',  ( 11.85128183536066970, 1.000000000000003553, 82.35000000000002274 ) ) ;
#4366 = ORIENTED_EDGE ( 'NONE', *, *, #6848, .F. ) ;
#4367 = FACE_OUTER_BOUND ( 'NONE', #5233, .T. ) ;
#4368 = VECTOR ( 'NONE', #1173, 1000.000000000000000 ) ;
#4369 = EDGE_CURVE ( 'NONE', #1540, #383, #3367, .T. ) ;
#4370 = LINE ( 'NONE', #456, #4452 ) ;
#4371 = DIRECTION ( 'NONE',  ( 0.8660254037844455910, 0.000000000000000000, 0.4999999999999880651 ) ) ;
#4372 = AXIS2_PLACEMENT_3D ( 'NONE', #23, #4550, #5527 ) ;
#4373 = DIRECTION ( 'NONE',  ( 0.000000000000000000, 0.000000000000000000, -1.000000000000000000 ) ) ;
#4374 = ORIENTED_EDGE ( 'NONE', *, *, #2552, .F. ) ;
#4375 = DIRECTION ( 'NONE',  ( -0.000000000000000000, -1.000000000000000000, -0.000000000000000000 ) ) ;
#4376 = VERTEX_POINT ( 'NONE', #3327 ) ;
#4377 = AXIS2_PLACEMENT_3D ( 'NONE', #6342, #1923, #1417 ) ;
#4378 = EDGE_CURVE ( 'NONE', #284, #1918, #570, .T. ) ;
#4379 = CARTESIAN_POINT ( 'NONE',  ( -22.05980492077543786, 12.34999999999999964, 155.3000000000000682 ) ) ;
#4380 = DIRECTION ( 'NONE',  ( -4.081702296415980498E-16, -0.000000000000000000, -1.000000000000000000 ) ) ;
#4381 = DIRECTION ( 'NONE',  ( 2.102695122396202195E-15, 0.000000000000000000, 1.000000000000000000 ) ) ;
#4382 = CARTESIAN_POINT ( 'NONE',  ( 22.34999999998815312, 0.7500000000000084377, 135.0500000000000114 ) ) ;
#4383 = VECTOR ( 'NONE', #6674, 1000.000000000000000 ) ;
#4384 = FACE_OUTER_BOUND ( 'NONE', #5770, .T. ) ;
#4385 = ORIENTED_EDGE ( 'NONE', *, *, #3536, .F. ) ;
#4386 = EDGE_LOOP ( 'NONE', ( #2960, #5107, #6735, #6753 ) ) ;
#4387 = CARTESIAN_POINT ( 'NONE',  ( 26.55000000000055849, 2.350000000000000089, 80.71898548953929264 ) ) ;
#4388 = ORIENTED_EDGE ( 'NONE', *, *, #4183, .F. ) ;
#4389 = DIRECTION ( 'NONE',  ( -0.7068211600042046960, -0.000000000000000000, -0.7073922870446852640 ) ) ;
#4390 = DIRECTION ( 'NONE',  ( -2.608606730792191375E-16, 0.000000000000000000, -1.000000000000000000 ) ) ;
#4391 = FACE_OUTER_BOUND ( 'NONE', #5355, .T. ) ;
#4392 = AXIS2_PLACEMENT_3D ( 'NONE', #4086, #2339, #5678 ) ;
#4393 = FACE_OUTER_BOUND ( 'NONE', #5904, .T. ) ;
#4394 = ORIENTED_EDGE ( 'NONE', *, *, #1518, .T. ) ;
#4395 = CONICAL_SURFACE ( 'NONE', #1966, 2.550000000000024691, 0.7853981633974446153 ) ;
#4396 = PLANE ( 'NONE',  #3698 ) ;
#4397 = ORIENTED_EDGE ( 'NONE', *, *, #6876, .F. ) ;
#4398 = EDGE_CURVE ( 'NONE', #2038, #1536, #4519, .T. ) ;
#4399 = AXIS2_PLACEMENT_3D ( 'NONE', #4604, #6739, #3450 ) ;
#4400 = LINE ( 'NONE', #991, #524 ) ;
#4401 = DIRECTION ( 'NONE',  ( 0.000000000000000000, 1.000000000000000000, -0.000000000000000000 ) ) ;
#4402 = VERTEX_POINT ( 'NONE', #2783 ) ;
#4403 = LINE ( 'NONE', #1612, #2161 ) ;
#4404 = VECTOR ( 'NONE', #5516, 1000.000000000000000 ) ;
#4405 = EDGE_CURVE ( 'NONE', #6300, #4966, #1653, .T. ) ;
#4406 = ADVANCED_FACE ( 'NONE', ( #5600 ), #3975, .F. ) ;
#4407 = LINE ( 'NONE', #2666, #398 ) ;
#4408 = CARTESIAN_POINT ( 'NONE',  ( 26.55000000000054783, 2.350000000000000089, 83.98101451046072441 ) ) ;
#4409 = VECTOR ( 'NONE', #3152, 1000.000000000000000 ) ;
#4410 = DIRECTION ( 'NONE',  ( 0.000000000000000000, 1.000000000000000000, 0.000000000000000000 ) ) ;
#4411 = ORIENTED_EDGE ( 'NONE', *, *, #6234, .T. ) ;
#4412 = EDGE_CURVE ( 'NONE', #4662, #4643, #3868, .T. ) ;
#4414 = EDGE_CURVE ( 'NONE', #5057, #368, #6843, .T. ) ;
#4413 = DIRECTION ( 'NONE',  ( 0.000000000000000000, 1.000000000000000000, 0.000000000000000000 ) ) ;
#4415 = CARTESIAN_POINT ( 'NONE',  ( -22.69999999998817586, -2.000000000000000000, 122.0018057028560321 ) ) ;
#4416 = CARTESIAN_POINT ( 'NONE',  ( 0.000000000000000000, -4.000000000000000000, 117.7999999999999545 ) ) ;
#4417 = CARTESIAN_POINT ( 'NONE',  ( -33.75000000000056843, 0.000000000000000000, 115.9000000000000341 ) ) ;
#4418 = CARTESIAN_POINT ( 'NONE',  ( 25.35112609145442875, 1.249999999999992450, 111.0000000000000142 ) ) ;
#4419 = EDGE_CURVE ( 'NONE', #806, #665, #3260, .T. ) ;
#4420 = CARTESIAN_POINT ( 'NONE',  ( 7.249999999988211208, 1.249999999999998446, 133.4999999999684235 ) ) ;
#4421 = CARTESIAN_POINT ( 'NONE',  ( 26.50000000000053646, 2.249999999999955147, 112.0000000000000142 ) ) ;
#4422 = ORIENTED_EDGE ( 'NONE', *, *, #3536, .T. ) ;
#4423 = ORIENTED_EDGE ( 'NONE', *, *, #4398, .T. ) ;
#4424 = LINE ( 'NONE', #6632, #1498 ) ;
#4425 = ORIENTED_EDGE ( 'NONE', *, *, #1699, .F. ) ;
#4426 = CARTESIAN_POINT ( 'NONE',  ( -33.75000000000056843, 7.650000000000000355, 91.90000000000001990 ) ) ;
#4427 = DIRECTION ( 'NONE',  ( 0.000000000000000000, 0.000000000000000000, 1.000000000000000000 ) ) ;
#4428 = DIRECTION ( 'NONE',  ( 1.000000000000000000, -0.000000000000000000, 0.000000000000000000 ) ) ;
#4429 = CARTESIAN_POINT ( 'NONE',  ( 12.99999999998821920, 1.750000000000000000, 154.5000000000001705 ) ) ;
#4430 = EDGE_LOOP ( 'NONE', ( #18, #540, #6101, #6121 ) ) ;
#4431 = DIRECTION ( 'NONE',  ( 0.4999999999999995004, 0.000000000000000000, -0.8660254037844389297 ) ) ;
#4432 = ORIENTED_EDGE ( 'NONE', *, *, #596, .F. ) ;
#4433 = DIRECTION ( 'NONE',  ( -0.8660254037844395958, 0.000000000000000000, 0.4999999999999982236 ) ) ;
#4434 = PRESENTATION_STYLE_ASSIGNMENT (( #1713 ) ) ;
#4435 = ORIENTED_EDGE ( 'NONE', *, *, #411, .F. ) ;
#4436 = CARTESIAN_POINT ( 'NONE',  ( 11.84871062256329033, 53.23340376863964707, 77.10000000000002274 ) ) ;
#4437 = ADVANCED_FACE ( 'NONE', ( #533 ), #5533, .F. ) ;
#4438 = FACE_OUTER_BOUND ( 'NONE', #4154, .T. ) ;
#4439 = DIRECTION ( 'NONE',  ( 0.000000000000000000, 1.000000000000000000, 0.000000000000000000 ) ) ;
#4440 = CARTESIAN_POINT ( 'NONE',  ( 0.000000000000000000, 1.750000000000000000, 155.3000000000000114 ) ) ;
#4441 = ORIENTED_EDGE ( 'NONE', *, *, #3884, .F. ) ;
#4442 = ADVANCED_FACE ( 'NONE', ( #6652 ), #5059, .F. ) ;
#4443 = DIRECTION ( 'NONE',  ( -0.000000000000000000, -1.000000000000000000, -0.000000000000000000 ) ) ;
#4444 = DIRECTION ( 'NONE',  ( -1.000000000000000000, 0.000000000000000000, 0.000000000000000000 ) ) ;
#4445 = VECTOR ( 'NONE', #4173, 1000.000000000000000 ) ;
#4446 = EDGE_CURVE ( 'NONE', #5323, #6775, #6585, .T. ) ;
#4447 = DIRECTION ( 'NONE',  ( -0.7071067811865456854, -0.000000000000000000, 0.7071067811865493491 ) ) ;
#4448 = LINE ( 'NONE', #717, #21 ) ;
#4449 = EDGE_CURVE ( 'NONE', #4658, #1422, #96, .T. ) ;
#4450 = CARTESIAN_POINT ( 'NONE',  ( -32.20000000000054996, 4.850000000000000533, 80.71898548953934949 ) ) ;
#4451 = VECTOR ( 'NONE', #1099, 1000.000000000000000 ) ;
#4452 = VECTOR ( 'NONE', #6546, 1000.000000000000000 ) ;
#4453 = CARTESIAN_POINT ( 'NONE',  ( 24.70112609145447280, -16.11541742610947381, 129.8999999999998920 ) ) ;
#4454 = VERTEX_POINT ( 'NONE', #1622 ) ;
#4455 = ORIENTED_EDGE ( 'NONE', *, *, #238, .T. ) ;
#4456 = CARTESIAN_POINT ( 'NONE',  ( 0.000000000000000000, 12.34999999999999964, 130.3000000000000398 ) ) ;
#4457 = VERTEX_POINT ( 'NONE', #6046 ) ;
#4458 = ADVANCED_FACE ( 'NONE', ( #246 ), #274, .F. ) ;
#4459 = VECTOR ( 'NONE', #4428, 1000.000000000000000 ) ;
#4460 = LINE ( 'NONE', #5477, #6830 ) ;
#4461 = FACE_OUTER_BOUND ( 'NONE', #5156, .T. ) ;
#4462 = PLANE ( 'NONE',  #5385 ) ;
#4463 = DIRECTION ( 'NONE',  ( 0.000000000000000000, 0.000000000000000000, 1.000000000000000000 ) ) ;
#4464 = ORIENTED_EDGE ( 'NONE', *, *, #1120, .F. ) ;
#4465 = AXIS2_PLACEMENT_3D ( 'NONE', #3051, #5150, #1513 ) ;
#4466 = EDGE_LOOP ( 'NONE', ( #464, #237, #3196, #1236 ) ) ;
#4467 = LINE ( 'NONE', #385, #2416 ) ;
#4468 = ORIENTED_EDGE ( 'NONE', *, *, #4501, .T. ) ;
#4469 = CARTESIAN_POINT ( 'NONE',  ( -33.75000000000054001, 4.850000000000000533, 127.7740925722955154 ) ) ;
#4470 = SURFACE_STYLE_FILL_AREA ( #2917 ) ;
#4471 = ORIENTED_EDGE ( 'NONE', *, *, #858, .T. ) ;
#4472 = DIRECTION ( 'NONE',  ( -0.7068211600042046960, 0.000000000000000000, 0.7073922870446852640 ) ) ;
#4473 = VERTEX_POINT ( 'NONE', #3511 ) ;
#4474 = DIRECTION ( 'NONE',  ( 0.000000000000000000, -0.000000000000000000, -1.000000000000000000 ) ) ;
#4475 = FACE_OUTER_BOUND ( 'NONE', #4527, .T. ) ;
#4476 = CARTESIAN_POINT ( 'NONE',  ( 32.20000000000054996, 2.350000000000000089, 126.6810145104607699 ) ) ;
#4477 = VERTEX_POINT ( 'NONE', #3584 ) ;
#4478 = AXIS2_PLACEMENT_3D ( 'NONE', #5850, #2511, #6425 ) ;
#4479 = CARTESIAN_POINT ( 'NONE',  ( -7.249999999988179233, 0.000000000000000000, 133.4999999999684235 ) ) ;
#4480 = DIRECTION ( 'NONE',  ( 1.933235146104446702E-16, -0.000000000000000000, -1.000000000000000000 ) ) ;
#4481 = VECTOR ( 'NONE', #4898, 1000.000000000000000 ) ;
#4482 = FACE_OUTER_BOUND ( 'NONE', #4297, .T. ) ;
#4483 = EDGE_CURVE ( 'NONE', #1239, #4991, #1365, .T. ) ;
#4484 = CARTESIAN_POINT ( 'NONE',  ( 25.35112609145446072, -0.2500000000000078271, 126.6000000000000227 ) ) ;
#4485 = LINE ( 'NONE', #6693, #7157 ) ;
#4486 = CARTESIAN_POINT ( 'NONE',  ( 26.50000000000052935, 1.748873908546157319, 79.10000000000005116 ) ) ;
#4487 = VECTOR ( 'NONE', #1776, 1000.000000000000000 ) ;
#4488 = ORIENTED_EDGE ( 'NONE', *, *, #3350, .F. ) ;
#4489 = ORIENTED_EDGE ( 'NONE', *, *, #3490, .T. ) ;
#4490 = CARTESIAN_POINT ( 'NONE',  ( 15.59999999998820641, 0.000000000000000000, 146.5000000000000000 ) ) ;
#4491 = EDGE_CURVE ( 'NONE', #5311, #6099, #4701, .T. ) ;
#4492 = ORIENTED_EDGE ( 'NONE', *, *, #5369, .T. ) ;
#4493 = CARTESIAN_POINT ( 'NONE',  ( -26.55000000000057270, 4.850000000000000533, 123.4189854895393950 ) ) ;
#4494 = EDGE_CURVE ( 'NONE', #3197, #1685, #5135, .T. ) ;
#4495 = DIRECTION ( 'NONE',  ( 1.000000000000000000, -0.000000000000000000, 0.000000000000000000 ) ) ;
#4496 = LINE ( 'NONE', #1742, #6003 ) ;
#4497 = LINE ( 'NONE', #548, #5743 ) ;
#4498 = AXIS2_PLACEMENT_3D ( 'NONE', #6066, #2044, #2802 ) ;
#4499 = PLANE ( 'NONE',  #6717 ) ;
#4500 = ORIENTED_EDGE ( 'NONE', *, *, #607, .F. ) ;
#4501 = EDGE_CURVE ( 'NONE', #2426, #979, #676, .T. ) ;
#4502 = VERTEX_POINT ( 'NONE', #2449 ) ;
#4503 = LINE ( 'NONE', #5701, #5429 ) ;
#4504 = ORIENTED_EDGE ( 'NONE', *, *, #6726, .F. ) ;
#4505 = AXIS2_PLACEMENT_3D ( 'NONE', #1821, #1200, #1278 ) ;
#4506 = DIRECTION ( 'NONE',  ( 0.3145145977190316189, 0.000000000000000000, 0.9492526364575637476 ) ) ;
#4507 = ORIENTED_EDGE ( 'NONE', *, *, #1005, .F. ) ;
#4508 = VECTOR ( 'NONE', #3237, 999.9999999999998863 ) ;
#4509 = DIRECTION ( 'NONE',  ( -1.000000000000000000, 0.000000000000000000, 0.000000000000000000 ) ) ;
#4510 = ADVANCED_FACE ( 'NONE', ( #1253 ), #6873, .F. ) ;
#4511 = ORIENTED_EDGE ( 'NONE', *, *, #1796, .T. ) ;
#4512 = VECTOR ( 'NONE', #6272, 1000.000000000000000 ) ;
#4513 = VECTOR ( 'NONE', #726, 1000.000000000000000 ) ;
#4514 = LINE ( 'NONE', #601, #3421 ) ;
#4515 = CARTESIAN_POINT ( 'NONE',  ( -26.00112609145443798, 0.4999999999999952260, 114.2500000000000142 ) ) ;
#4516 = LINE ( 'NONE', #6686, #645 ) ;
#4517 = ORIENTED_EDGE ( 'NONE', *, *, #5074, .F. ) ;
#4518 = VECTOR ( 'NONE', #6096, 1000.000000000000000 ) ;
#4519 = LINE ( 'NONE', #1763, #6487 ) ;
#4520 = CARTESIAN_POINT ( 'NONE',  ( -26.55000000000057270, 6.850000000000000533, -0.000000000000000000 ) ) ;
#4521 = AXIS2_PLACEMENT_3D ( 'NONE', #3112, #5865, #3801 ) ;
#4522 = CARTESIAN_POINT ( 'NONE',  ( 7.499999999988222754, 0.000000000000000000, 163.0000000000001421 ) ) ;
#4523 = CARTESIAN_POINT ( 'NONE',  ( 26.50000000000053646, 3.350000000000002309, 113.5000000000000142 ) ) ;
#4524 = ORIENTED_EDGE ( 'NONE', *, *, #26, .T. ) ;
#4525 = LINE ( 'NONE', #5066, #3146 ) ;
#4526 = ORIENTED_EDGE ( 'NONE', *, *, #2244, .F. ) ;
#4527 = EDGE_LOOP ( 'NONE', ( #6860, #1950, #720, #392, #6584 ) ) ;
#4528 = EDGE_CURVE ( 'NONE', #1631, #4326, #5170, .T. ) ;
#4529 = LINE ( 'NONE', #5688, #2192 ) ;
#4530 = VERTEX_POINT ( 'NONE', #5789 ) ;
#4531 = PLANE ( 'NONE',  #4399 ) ;
#4532 = CARTESIAN_POINT ( 'NONE',  ( -26.00112609145443088, 1.750000000000000000, 148.0463266998052632 ) ) ;
#4533 = UNCERTAINTY_MEASURE_WITH_UNIT (LENGTH_MEASURE( 1.000000000000000082E-05 ), #2770, 'distance_accuracy_value', 'NONE');
#4534 = CARTESIAN_POINT ( 'NONE',  ( 22.70000000001184759, -4.000000000000000000, 110.1499999999999488 ) ) ;
#4535 = PLANE ( 'NONE',  #7012 ) ;
#4536 = LINE ( 'NONE', #4570, #5446 ) ;
#4537 = ORIENTED_EDGE ( 'NONE', *, *, #2471, .T. ) ;
#4538 = EDGE_LOOP ( 'NONE', ( #759, #7155, #4201, #5400 ) ) ;
#4539 = EDGE_CURVE ( 'NONE', #4402, #272, #137, .T. ) ;
#4540 = DIRECTION ( 'NONE',  ( 0.8660254037844380415, 0.000000000000000000, -0.5000000000000009992 ) ) ;
#4541 = ORIENTED_EDGE ( 'NONE', *, *, #4156, .F. ) ;
#4542 = EDGE_CURVE ( 'NONE', #2397, #3485, #695, .T. ) ;
#4543 = LINE ( 'NONE', #1642, #404 ) ;
#4544 = ADVANCED_FACE ( 'NONE', ( #822 ), #6800, .T. ) ;
#4545 = ORIENTED_EDGE ( 'NONE', *, *, #3295, .F. ) ;
#4546 = CARTESIAN_POINT ( 'NONE',  ( -13.57608949585774560, 0.000000000000000000, 121.8545902704999548 ) ) ;
#4547 = VERTEX_POINT ( 'NONE', #4628 ) ;
#4548 = EDGE_CURVE ( 'NONE', #3974, #5289, #6258, .T. ) ;
#4549 = CARTESIAN_POINT ( 'NONE',  ( -14.59999999998812292, 0.000000000000000000, 133.5000000000000000 ) ) ;
#4550 = DIRECTION ( 'NONE',  ( 0.000000000000000000, -1.000000000000000000, 0.000000000000000000 ) ) ;
#4551 = LINE ( 'NONE', #6759, #2495 ) ;
#4552 = ORIENTED_EDGE ( 'NONE', *, *, #5514, .T. ) ;
#4553 = DIRECTION ( 'NONE',  ( 3.304235192336746324E-15, -0.000000000000000000, 1.000000000000000000 ) ) ;
#4554 = CARTESIAN_POINT ( 'NONE',  ( 33.75000000000054001, 1.750000000000000000, 112.0000000000000142 ) ) ;
#4555 = FACE_OUTER_BOUND ( 'NONE', #3813, .T. ) ;
#4556 = LINE ( 'NONE', #5137, #6073 ) ;
#4557 = CARTESIAN_POINT ( 'NONE',  ( -3.358391833210450539, 1.750000000000000000, 150.5000000000000000 ) ) ;
#4558 = ORIENTED_EDGE ( 'NONE', *, *, #4852, .T. ) ;
#4559 = DIRECTION ( 'NONE',  ( 0.000000000000000000, 0.000000000000000000, -1.000000000000000000 ) ) ;
#4560 = EDGE_LOOP ( 'NONE', ( #6279, #5987, #451, #5052 ) ) ;
#4561 = ORIENTED_EDGE ( 'NONE', *, *, #5923, .T. ) ;
#4562 = DIRECTION ( 'NONE',  ( 0.000000000000000000, 1.000000000000000000, -0.000000000000000000 ) ) ;
#4563 = ORIENTED_EDGE ( 'NONE', *, *, #3074, .T. ) ;
#4564 = CARTESIAN_POINT ( 'NONE',  ( 41.90616694888487359, 12.34999999999999964, 13.88471386190804857 ) ) ;
#4565 = CARTESIAN_POINT ( 'NONE',  ( -26.55000000000056559, 6.850000000000000533, 80.71898548953933528 ) ) ;
#4566 = VECTOR ( 'NONE', #1761, 1000.000000000000000 ) ;
#4567 = VECTOR ( 'NONE', #6656, 1000.000000000000000 ) ;
#4568 = CARTESIAN_POINT ( 'NONE',  ( 32.20000000000054996, 4.850000000000000533, 0.000000000000000000 ) ) ;
#4569 = CARTESIAN_POINT ( 'NONE',  ( -44.41484600082423384, 4.850000000000000533, 76.92876988377537373 ) ) ;
#4570 = CARTESIAN_POINT ( 'NONE',  ( 26.00112609147807774, -4.000000000000000000, 117.7999999999999545 ) ) ;
#4571 = ORIENTED_EDGE ( 'NONE', *, *, #2235, .T. ) ;
#4572 = EDGE_LOOP ( 'NONE', ( #7071, #3054, #3663, #5670, #5684, #5223, #5362, #2834 ) ) ;
#4573 = PLANE ( 'NONE',  #3004 ) ;
#4574 = VECTOR ( 'NONE', #3647, 1000.000000000000000 ) ;
#4575 = VERTEX_POINT ( 'NONE', #1293 ) ;
#4576 = VECTOR ( 'NONE', #6325, 1000.000000000000000 ) ;
#4577 = FACE_OUTER_BOUND ( 'NONE', #3141, .T. ) ;
#4578 = EDGE_CURVE ( 'NONE', #792, #837, #2482, .T. ) ;
#4579 = DIRECTION ( 'NONE',  ( -0.000000000000000000, -1.000000000000000000, -0.000000000000000000 ) ) ;
#4580 = AXIS2_PLACEMENT_3D ( 'NONE', #4726, #4615, #1864 ) ;
#4581 = ORIENTED_EDGE ( 'NONE', *, *, #2912, .F. ) ;
#4582 = DIRECTION ( 'NONE',  ( -2.710505431213760592E-16, 1.807003620809174570E-17, -1.000000000000000000 ) ) ;
#4583 = VERTEX_POINT ( 'NONE', #2413 ) ;
#4584 = EDGE_CURVE ( 'NONE', #2091, #5835, #785, .T. ) ;
#4585 = DIRECTION ( 'NONE',  ( 0.4999999999999912847, -0.000000000000000000, 0.8660254037844437036 ) ) ;
#4586 = DIRECTION ( 'NONE',  ( 0.000000000000000000, 1.000000000000000000, -0.000000000000000000 ) ) ;
#4587 = ADVANCED_FACE ( 'NONE', ( #1838 ), #6293, .T. ) ;
#4588 = CARTESIAN_POINT ( 'NONE',  ( -32.20000000000052154, 4.850000000000000533, 126.6810145104607415 ) ) ;
#4589 = VERTEX_POINT ( 'NONE', #1328 ) ;
#4590 = DIRECTION ( 'NONE',  ( -0.000000000000000000, 1.000000000000000000, -0.000000000000000000 ) ) ;
#4591 = CARTESIAN_POINT ( 'NONE',  ( 26.00112609147810971, -4.000000000000000000, -0.000000000000000000 ) ) ;
#4592 = FACE_OUTER_BOUND ( 'NONE', #5531, .T. ) ;
#4593 = ADVANCED_FACE ( 'NONE', ( #5639 ), #2889, .F. ) ;
#4594 = LINE ( 'NONE', #5604, #3648 ) ;
#4595 = FACE_OUTER_BOUND ( 'NONE', #2971, .T. ) ;
#4596 = VECTOR ( 'NONE', #199, 1000.000000000000000 ) ;
#4597 = ORIENTED_EDGE ( 'NONE', *, *, #3274, .F. ) ;
#4598 = CARTESIAN_POINT ( 'NONE',  ( 14.59999999998815312, 1.750000000000000000, 136.5999999999999943 ) ) ;
#4599 = ORIENTED_EDGE ( 'NONE', *, *, #3049, .T. ) ;
#4600 = VERTEX_POINT ( 'NONE', #4012 ) ;
#4601 = CARTESIAN_POINT ( 'NONE',  ( 14.59999999998815312, 0.000000000000000000, 133.5000000000000000 ) ) ;
#4602 = ORIENTED_EDGE ( 'NONE', *, *, #2853, .F. ) ;
#4603 = AXIS2_PLACEMENT_3D ( 'NONE', #6028, #6601, #4427 ) ;
#4604 = CARTESIAN_POINT ( 'NONE',  ( 24.00000000000051159, 12.34999999999999964, -6.505213034913163866E-15 ) ) ;
#4605 = LINE ( 'NONE', #616, #4513 ) ;
#4606 = DIRECTION ( 'NONE',  ( -0.000000000000000000, -1.000000000000000000, -0.000000000000000000 ) ) ;
#4607 = LINE ( 'NONE', #5806, #3988 ) ;
#4608 = AXIS2_PLACEMENT_3D ( 'NONE', #3267, #5503, #6556 ) ;
#4609 = CARTESIAN_POINT ( 'NONE',  ( -13.57608949585774560, -2.000000000000000000, 121.8545902704999548 ) ) ;
#4610 = ORIENTED_EDGE ( 'NONE', *, *, #5961, .T. ) ;
#4611 = ORIENTED_EDGE ( 'NONE', *, *, #1168, .F. ) ;
#4612 = LINE ( 'NONE', #5737, #3470 ) ;
#4613 = ORIENTED_EDGE ( 'NONE', *, *, #2676, .F. ) ;
#4614 = VECTOR ( 'NONE', #850, 1000.000000000000000 ) ;
#4615 = DIRECTION ( 'NONE',  ( 0.000000000000000000, 1.000000000000000000, 0.000000000000000000 ) ) ;
#4616 = VERTEX_POINT ( 'NONE', #6950 ) ;
#4617 = LINE ( 'NONE', #2986, #1937 ) ;
#4618 = AXIS2_PLACEMENT_3D ( 'NONE', #3351, #4807, #961 ) ;
#4619 = EDGE_LOOP ( 'NONE', ( #4079, #1224, #2312, #6393, #1013 ) ) ;
#4620 = ADVANCED_FACE ( 'NONE', ( #3620 ), #1970, .F. ) ;
#4621 = B_SPLINE_CURVE_WITH_KNOTS ( 'NONE', 3,
 ( #3633, #4243, #3600, #5839 ),
 .UNSPECIFIED., .F., .F.,
 ( 4, 4 ),
 ( 0.000000000000000000, 1.000000000000000000 ),
 .UNSPECIFIED. ) ;
#4622 = FACE_OUTER_BOUND ( 'NONE', #6035, .T. ) ;
#4623 = AXIS2_PLACEMENT_3D ( 'NONE', #2684, #3881, #3777 ) ;
#4624 = LINE ( 'NONE', #1684, #4126 ) ;
#4625 = VERTEX_POINT ( 'NONE', #1404 ) ;
#4626 = EDGE_CURVE ( 'NONE', #989, #896, #4739, .T. ) ;
#4627 = CARTESIAN_POINT ( 'NONE',  ( -10.20430174806592838, -16.11541742610947381, 146.5000000000000000 ) ) ;
#4628 = CARTESIAN_POINT ( 'NONE',  ( 33.75000000000054001, 12.34999999999999964, 122.3259074277046352 ) ) ;
#4629 = FACE_OUTER_BOUND ( 'NONE', #3199, .T. ) ;
#4630 = ADVANCED_FACE ( 'NONE', ( #6368 ), #5823, .F. ) ;
#4631 = VECTOR ( 'NONE', #1700, 1000.000000000000000 ) ;
#4632 = CARTESIAN_POINT ( 'NONE',  ( 0.000000000000000000, 12.34999999999999964, 154.5000000000001705 ) ) ;
#4633 = CARTESIAN_POINT ( 'NONE',  ( -10.20430174806592838, -16.11541742610947381, 154.0000000000000853 ) ) ;
#4634 = VECTOR ( 'NONE', #5768, 1000.000000000000000 ) ;
#4635 = EDGE_CURVE ( 'NONE', #1672, #5576, #1251, .T. ) ;
#4636 = ORIENTED_EDGE ( 'NONE', *, *, #3751, .F. ) ;
#4637 = EDGE_CURVE ( 'NONE', #377, #2835, #6020, .T. ) ;
#4638 = DIRECTION ( 'NONE',  ( 0.000000000000000000, -0.7071067811865345831, -0.7071067811865603403 ) ) ;
#4639 = ORIENTED_EDGE ( 'NONE', *, *, #6360, .T. ) ;
#4640 = ORIENTED_EDGE ( 'NONE', *, *, #4369, .F. ) ;
#4641 = LINE ( 'NONE', #5761, #6135 ) ;
#4642 = VECTOR ( 'NONE', #4306, 1000.000000000000000 ) ;
#4643 = VERTEX_POINT ( 'NONE', #6761 ) ;
#4644 = DIRECTION ( 'NONE',  ( 0.7071067811865500152, -0.000000000000000000, -0.7071067811865451302 ) ) ;
#4645 = CARTESIAN_POINT ( 'NONE',  ( -17.44999999998816875, 0.000000000000000000, 155.5000000000001705 ) ) ;
#4646 = EDGE_CURVE ( 'NONE', #6170, #1314, #4047, .T. ) ;
#4647 = DIRECTION ( 'NONE',  ( -0.000000000000000000, -1.000000000000000000, -0.000000000000000000 ) ) ;
#4648 = PLANE ( 'NONE',  #1573 ) ;
#4649 = DIRECTION ( 'NONE',  ( 0.000000000000000000, 1.000000000000000000, 9.035018104045866996E-17 ) ) ;
#4650 = ORIENTED_EDGE ( 'NONE', *, *, #4295, .T. ) ;
#4651 = ORIENTED_EDGE ( 'NONE', *, *, #3361, .T. ) ;
#4652 = FACE_OUTER_BOUND ( 'NONE', #3303, .T. ) ;
#4653 = EDGE_LOOP ( 'NONE', ( #5631, #6782, #6444, #5925, #6269, #3405, #5598, #7009 ) ) ;
#4654 = DIRECTION ( 'NONE',  ( 0.000000000000000000, 0.000000000000000000, 1.000000000000000000 ) ) ;
#4655 = DIRECTION ( 'NONE',  ( -0.000000000000000000, 1.000000000000000000, -0.000000000000000000 ) ) ;
#4656 = ORIENTED_EDGE ( 'NONE', *, *, #1280, .T. ) ;
#4657 = ADVANCED_FACE ( 'NONE', ( #3510 ), #5169, .F. ) ;
#4658 = VERTEX_POINT ( 'NONE', #4420 ) ;
#4659 = LINE ( 'NONE', #5856, #5609 ) ;
#4660 = CARTESIAN_POINT ( 'NONE',  ( 24.70112609145445859, -2.000000000000000000, 122.0018057028500920 ) ) ;
#4661 = EDGE_CURVE ( 'NONE', #4730, #2588, #7171, .T. ) ;
#4662 = VERTEX_POINT ( 'NONE', #2961 ) ;
#4663 = PLANE ( 'NONE',  #1833 ) ;
#4664 = DIRECTION ( 'NONE',  ( 0.000000000000000000, -1.000000000000000000, 0.000000000000000000 ) ) ;
#4665 = CARTESIAN_POINT ( 'NONE',  ( 13.29209295146149472, 1.249999999999999334, 115.3500000000000085 ) ) ;
#4666 = FACE_OUTER_BOUND ( 'NONE', #6216, .T. ) ;
#4667 = CARTESIAN_POINT ( 'NONE',  ( -32.20000000000052154, 6.850000000000000533, 126.6810145104607415 ) ) ;
#4668 = VECTOR ( 'NONE', #1471, 1000.000000000000000 ) ;
#4669 = ADVANCED_FACE ( 'NONE', ( #5636 ), #2411, .F. ) ;
#4670 = ORIENTED_EDGE ( 'NONE', *, *, #1843, .T. ) ;
#4671 = DIRECTION ( 'NONE',  ( 0.000000000000000000, 1.000000000000000000, 0.000000000000000000 ) ) ;
#4672 = VERTEX_POINT ( 'NONE', #5714 ) ;
#4673 = VERTEX_POINT ( 'NONE', #4960 ) ;
#4674 = ORIENTED_EDGE ( 'NONE', *, *, #2708, .F. ) ;
#4675 = EDGE_CURVE ( 'NONE', #2037, #1154, #1629, .T. ) ;
#4676 = EDGE_CURVE ( 'NONE', #4896, #5091, #171, .T. ) ;
#4677 = DIRECTION ( 'NONE',  ( -1.000000000000000000, 0.000000000000000000, 0.000000000000000000 ) ) ;
#4678 = LINE ( 'NONE', #3666, #2990 ) ;
#4679 = DIRECTION ( 'NONE',  ( -0.000000000000000000, -1.000000000000000000, -0.000000000000000000 ) ) ;
#4680 = CARTESIAN_POINT ( 'NONE',  ( 17.44999999998820783, 1.750000000000000000, 155.5000000000001705 ) ) ;
#4681 = DIRECTION ( 'NONE',  ( 1.000000000000000000, 0.000000000000000000, 0.000000000000000000 ) ) ;
#4682 = ORIENTED_EDGE ( 'NONE', *, *, #3719, .T. ) ;
#4683 = ORIENTED_EDGE ( 'NONE', *, *, #1268, .T. ) ;
#4684 = DIRECTION ( 'NONE',  ( 0.000000000000000000, -1.000000000000000000, 0.000000000000000000 ) ) ;
#4685 = ORIENTED_EDGE ( 'NONE', *, *, #5432, .T. ) ;
#4686 = EDGE_CURVE ( 'NONE', #4672, #1710, #5504, .T. ) ;
#4687 = VECTOR ( 'NONE', #3616, 1000.000000000000000 ) ;
#4688 = VECTOR ( 'NONE', #139, 1000.000000000000000 ) ;
#4689 = CARTESIAN_POINT ( 'NONE',  ( -60.07948837162225431, 6.850000000000000533, 104.0607263523931607 ) ) ;
#4690 = PLANE ( 'NONE',  #1568 ) ;
#4691 = DIRECTION ( 'NONE',  ( -0.7067492110697368712, 0.7070857455890046106, -0.02313657358266351521 ) ) ;
#4692 = VECTOR ( 'NONE', #3756, 1000.000000000000000 ) ;
#4693 = VECTOR ( 'NONE', #4987, 1000.000000000000000 ) ;
#4694 = EDGE_LOOP ( 'NONE', ( #135, #4500, #1259, #1885, #623, #6642 ) ) ;
#4695 = ORIENTED_EDGE ( 'NONE', *, *, #3563, .T. ) ;
#4696 = VECTOR ( 'NONE', #5814, 1000.000000000000000 ) ;
#4697 = CARTESIAN_POINT ( 'NONE',  ( 24.50112609146677656, -2.000000000000000000, 128.1539330310690445 ) ) ;
#4698 = DIRECTION ( 'NONE',  ( -0.000000000000000000, -1.000000000000000000, -0.000000000000000000 ) ) ;
#4699 = ORIENTED_EDGE ( 'NONE', *, *, #4018, .T. ) ;
#4700 = CARTESIAN_POINT ( 'NONE',  ( -14.59999999998812292, 0.000000000000000000, 136.5999999999999943 ) ) ;
#4701 = LINE ( 'NONE', #209, #5208 ) ;
#4702 = CARTESIAN_POINT ( 'NONE',  ( 29.37500000000054357, 4.850000000000000533, 77.10000000000002274 ) ) ;
#4703 = VECTOR ( 'NONE', #3562, 1000.000000000000000 ) ;
#4704 = PLANE ( 'NONE',  #3877 ) ;
#4705 = CARTESIAN_POINT ( 'NONE',  ( -22.34999999998811759, 0.7500000000000223155, 133.5000000000000000 ) ) ;
#4706 = VERTEX_POINT ( 'NONE', #3845 ) ;
#4707 = LINE ( 'NONE', #829, #6256 ) ;
#4708 = ORIENTED_EDGE ( 'NONE', *, *, #1586, .F. ) ;
#4709 = ORIENTED_EDGE ( 'NONE', *, *, #2512, .T. ) ;
#4710 = ORIENTED_EDGE ( 'NONE', *, *, #5056, .T. ) ;
#4711 = EDGE_CURVE ( 'NONE', #1214, #1266, #6053, .T. ) ;
#4712 = DIRECTION ( 'NONE',  ( 0.000000000000000000, 0.000000000000000000, 1.000000000000000000 ) ) ;
#4713 = CARTESIAN_POINT ( 'NONE',  ( -44.53117168668730130, 4.850000000000000533, 77.13025188191750203 ) ) ;
#4714 = DIRECTION ( 'NONE',  ( -1.000000000000000000, 0.000000000000000000, 0.000000000000000000 ) ) ;
#4715 = CARTESIAN_POINT ( 'NONE',  ( 26.00112609147810971, -2.000000000000000000, 102.5499999999999545 ) ) ;
#4716 = EDGE_CURVE ( 'NONE', #3825, #5542, #136, .T. ) ;
#4717 = DIRECTION ( 'NONE',  ( 0.000000000000000000, -1.000000000000000000, 0.000000000000000000 ) ) ;
#4718 = EDGE_LOOP ( 'NONE', ( #2859, #426, #5427, #2333 ) ) ;
#4719 = VERTEX_POINT ( 'NONE', #1215 ) ;
#4720 = DIRECTION ( 'NONE',  ( -1.000000000000000000, 0.000000000000000000, 0.000000000000000000 ) ) ;
#4721 = ORIENTED_EDGE ( 'NONE', *, *, #7150, .F. ) ;
#4722 = EDGE_CURVE ( 'NONE', #2937, #370, #3809, .T. ) ;
#4723 = FACE_BOUND ( 'NONE', #14, .T. ) ;
#4724 = VECTOR ( 'NONE', #4303, 1000.000000000000227 ) ;
#4725 = CARTESIAN_POINT ( 'NONE',  ( 21.35344314932023480, 1.750000000000000000, 156.6000000000001933 ) ) ;
#4726 = CARTESIAN_POINT ( 'NONE',  ( 16.90000000001182556, -2.000000000000000000, 98.40000000000001990 ) ) ;
#4727 = ADVANCED_FACE ( 'NONE', ( #4923 ), #2165, .F. ) ;
#4728 = CARTESIAN_POINT ( 'NONE',  ( -29.37500000000054001, 12.34999999999999964, 130.3000000000000682 ) ) ;
#4729 = VECTOR ( 'NONE', #5359, 1000.000000000000000 ) ;
#4730 = VERTEX_POINT ( 'NONE', #4382 ) ;
#4731 = ORIENTED_EDGE ( 'NONE', *, *, #4324, .T. ) ;
#4732 = LINE ( 'NONE', #1430, #2254 ) ;
#4733 = ADVANCED_FACE ( 'NONE', ( #6218 ), #6593, .F. ) ;
#4734 = LINE ( 'NONE', #6946, #5272 ) ;
#4735 = ORIENTED_EDGE ( 'NONE', *, *, #5881, .T. ) ;
#4736 = AXIS2_PLACEMENT_3D ( 'NONE', #6114, #1654, #6730 ) ;
#4737 = LINE ( 'NONE', #6948, #563 ) ;
#4738 = VECTOR ( 'NONE', #4276, 1000.000000000000000 ) ;
#4739 = LINE ( 'NONE', #852, #5550 ) ;
#4740 = DIRECTION ( 'NONE',  ( 0.000000000000000000, 0.000000000000000000, -1.000000000000000000 ) ) ;
#4741 = VECTOR ( 'NONE', #4213, 1000.000000000000114 ) ;
#4742 = LINE ( 'NONE', #6403, #3989 ) ;
#4743 = DIRECTION ( 'NONE',  ( -0.000000000000000000, 1.000000000000000000, -0.000000000000000000 ) ) ;
#4744 = ORIENTED_EDGE ( 'NONE', *, *, #2224, .F. ) ;
#4745 = CIRCLE ( 'NONE', #4052, 2.550000000000024691 ) ;
#4746 = DIRECTION ( 'NONE',  ( 0.000000000000000000, 0.000000000000000000, -1.000000000000000000 ) ) ;
#4747 = EDGE_LOOP ( 'NONE', ( #700, #4511, #4812, #541 ) ) ;
#4748 = ORIENTED_EDGE ( 'NONE', *, *, #5564, .F. ) ;
#4749 = ORIENTED_EDGE ( 'NONE', *, *, #1313, .T. ) ;
#4750 = VECTOR ( 'NONE', #74, 1000.000000000000114 ) ;
#4751 = DIRECTION ( 'NONE',  ( -0.000000000000000000, 1.000000000000000000, -0.000000000000000000 ) ) ;
#4752 = DIRECTION ( 'NONE',  ( 0.000000000000000000, 0.7071067811865464625, 0.7071067811865486830 ) ) ;
#4753 = CARTESIAN_POINT ( 'NONE',  ( -26.50000000000052935, 4.850000000000000533, 79.10000000000002274 ) ) ;
#4754 = EDGE_CURVE ( 'NONE', #3427, #2980, #6025, .T. ) ;
#4755 = VECTOR ( 'NONE', #227, 1000.000000000000000 ) ;
#4756 = FACE_OUTER_BOUND ( 'NONE', #534, .T. ) ;
#4757 = VERTEX_POINT ( 'NONE', #3436 ) ;
#4758 = VERTEX_POINT ( 'NONE', #2938 ) ;
#4759 = CARTESIAN_POINT ( 'NONE',  ( 62.90448837162224294, 4.850000000000000533, 108.9537698837752373 ) ) ;
#4760 = VERTEX_POINT ( 'NONE', #1852 ) ;
#4761 = DIRECTION ( 'NONE',  ( -0.000000000000000000, 1.000000000000000000, 0.000000000000000000 ) ) ;
#4762 = CIRCLE ( 'NONE', #4296, 1.549999999977375031 ) ;
#4763 = LINE ( 'NONE', #2108, #2167 ) ;
#4764 = CARTESIAN_POINT ( 'NONE',  ( 22.70000000001184759, -4.000000000000000000, 110.1499999999999488 ) ) ;
#4765 = ADVANCED_FACE ( 'NONE', ( #4067 ), #3710, .F. ) ;
#4766 = DIRECTION ( 'NONE',  ( -1.149911395060383633E-16, 1.000000000000000000, 0.000000000000000000 ) ) ;
#4767 = ORIENTED_EDGE ( 'NONE', *, *, #3866, .T. ) ;
#4768 = EDGE_CURVE ( 'NONE', #4926, #2844, #2731, .T. ) ;
#4769 = EDGE_CURVE ( 'NONE', #6553, #5323, #2975, .T. ) ;
#4770 = ORIENTED_EDGE ( 'NONE', *, *, #2149, .T. ) ;
#4771 = PLANE ( 'NONE',  #6191 ) ;
#4772 = CARTESIAN_POINT ( 'NONE',  ( -25.35112609145445717, 0.000000000000000000, 5.026629079829310579E-15 ) ) ;
#4773 = ORIENTED_EDGE ( 'NONE', *, *, #950, .F. ) ;
#4774 = PLANE ( 'NONE',  #5535 ) ;
#4775 = DIRECTION ( 'NONE',  ( 0.000000000000000000, -0.7071067811865345831, -0.7071067811865604513 ) ) ;
#4776 = EDGE_CURVE ( 'NONE', #7087, #6228, #4025, .T. ) ;
#4777 = CARTESIAN_POINT ( 'NONE',  ( -25.35112609145443585, 2.249999999999962252, 112.0000000000000142 ) ) ;
#4778 = DIRECTION ( 'NONE',  ( -1.000000000000000000, 0.000000000000000000, -0.000000000000000000 ) ) ;
#4779 = VERTEX_POINT ( 'NONE', #1774 ) ;
#4780 = PLANE ( 'NONE',  #2668 ) ;
#4781 = EDGE_LOOP ( 'NONE', ( #3234, #3482, #6158, #5044 ) ) ;
#4782 = VERTEX_POINT ( 'NONE', #5112 ) ;
#4783 = VECTOR ( 'NONE', #491, 1000.000000000000000 ) ;
#4784 = VERTEX_POINT ( 'NONE', #4493 ) ;
#4785 = LINE ( 'NONE', #6922, #3066 ) ;
#4786 = DIRECTION ( 'NONE',  ( 1.000000000000000000, 1.149911395060383633E-16, 0.000000000000000000 ) ) ;
#4787 = CARTESIAN_POINT ( 'NONE',  ( 12.94544686036411818, 1.750000000000000000, 128.5073436110711214 ) ) ;
#4788 = CARTESIAN_POINT ( 'NONE',  ( -26.00112609145443088, 1.750000000000000000, 148.0463266998052632 ) ) ;
#4789 = VERTEX_POINT ( 'NONE', #1306 ) ;
#4790 = VERTEX_POINT ( 'NONE', #6306 ) ;
#4791 = DIRECTION ( 'NONE',  ( -1.000000000000000000, 0.000000000000000000, 0.000000000000000000 ) ) ;
#4792 = EDGE_LOOP ( 'NONE', ( #4773, #3078, #2401, #4432, #5216 ) ) ;
#4793 = DIRECTION ( 'NONE',  ( 0.02181488503451320393, 0.000000000000000000, -0.9997620270799101316 ) ) ;
#4794 = CARTESIAN_POINT ( 'NONE',  ( -9.855489709706479279E-13, 4.850000000000000533, 119.7999999999998408 ) ) ;
#4795 = DIRECTION ( 'NONE',  ( 1.000000000000000000, 0.000000000000000000, -0.000000000000000000 ) ) ;
#4796 = DIRECTION ( 'NONE',  ( -1.367003681438629860E-16, -0.7071067811865426878, -0.7071067811865524577 ) ) ;
#4797 = ORIENTED_EDGE ( 'NONE', *, *, #4142, .F. ) ;
#4798 = AXIS2_PLACEMENT_3D ( 'NONE', #5213, #854, #5283 ) ;
#4799 = EDGE_CURVE ( 'NONE', #4248, #4376, #2865, .T. ) ;
#4800 = VERTEX_POINT ( 'NONE', #5653 ) ;
#4801 = DIRECTION ( 'NONE',  ( 0.000000000000000000, 1.000000000000000000, 0.000000000000000000 ) ) ;
#4802 = CARTESIAN_POINT ( 'NONE',  ( -33.75000000000054001, 4.850000000000000533, 79.62590742770457553 ) ) ;
#4803 = VECTOR ( 'NONE', #3588, 1000.000000000000000 ) ;
#4804 = ORIENTED_EDGE ( 'NONE', *, *, #6792, .T. ) ;
#4805 = DIRECTION ( 'NONE',  ( 0.7071067811865475727, -0.7071067811865475727, 0.000000000000000000 ) ) ;
#4806 = ADVANCED_FACE ( 'NONE', ( #6702 ), #5038, .T. ) ;
#4807 = DIRECTION ( 'NONE',  ( -0.000000000000000000, -1.000000000000000000, 0.000000000000000000 ) ) ;
#4808 = AXIS2_PLACEMENT_3D ( 'NONE', #2922, #5672, #5130 ) ;
#4809 = EDGE_CURVE ( 'NONE', #5356, #5821, #1039, .T. ) ;
#4810 = DIRECTION ( 'NONE',  ( 0.000000000000000000, -0.000000000000000000, 1.000000000000000000 ) ) ;
#4811 = LINE ( 'NONE', #1069, #897 ) ;
#4812 = ORIENTED_EDGE ( 'NONE', *, *, #1748, .T. ) ;
#4813 = EDGE_CURVE ( 'NONE', #3753, #615, #3491, .T. ) ;
#4814 = CIRCLE ( 'NONE', #5276, 1.550000000000009592 ) ;
#4815 = CARTESIAN_POINT ( 'NONE',  ( -16.89999999998816449, -2.000000000000000000, 98.40000000000001990 ) ) ;
#4816 = DIRECTION ( 'NONE',  ( 0.8660254037844437036, 0.000000000000000000, 0.4999999999999912847 ) ) ;
#4817 = ORIENTED_EDGE ( 'NONE', *, *, #6194, .F. ) ;
#4818 = ORIENTED_EDGE ( 'NONE', *, *, #7010, .T. ) ;
#4819 = DIRECTION ( 'NONE',  ( 1.000000000000000000, -0.000000000000000000, -0.000000000000000000 ) ) ;
#4820 = LINE ( 'NONE', #2463, #6370 ) ;
#4821 = LINE ( 'NONE', #3085, #6926 ) ;
#4822 = EDGE_CURVE ( 'NONE', #4929, #718, #761, .T. ) ;
#4823 = PLANE ( 'NONE',  #5325 ) ;
#4824 = ORIENTED_EDGE ( 'NONE', *, *, #1304, .F. ) ;
#4825 = ORIENTED_EDGE ( 'NONE', *, *, #4378, .F. ) ;
#4826 = CARTESIAN_POINT ( 'NONE',  ( -22.34999999998811759, 1.750000000000000000, 133.5000000000000000 ) ) ;
#4827 = VERTEX_POINT ( 'NONE', #5691 ) ;
#4828 = CARTESIAN_POINT ( 'NONE',  ( -24.70112609145443372, -4.000000000000000000, 117.8000000000000114 ) ) ;
#4829 = DIRECTION ( 'NONE',  ( -0.000000000000000000, 1.000000000000000000, -0.000000000000000000 ) ) ;
#4830 = LINE ( 'NONE', #5479, #2145 ) ;
#4831 = VECTOR ( 'NONE', #2188, 1000.000000000000000 ) ;
#4832 = PLANE ( 'NONE',  #3099 ) ;
#4833 = ORIENTED_EDGE ( 'NONE', *, *, #299, .F. ) ;
#4834 = AXIS2_PLACEMENT_3D ( 'NONE', #92, #2779, #2299 ) ;
#4835 = ORIENTED_EDGE ( 'NONE', *, *, #4584, .T. ) ;
#4836 = DIRECTION ( 'NONE',  ( 0.000000000000000000, 1.000000000000000000, 0.000000000000000000 ) ) ;
#4837 = LINE ( 'NONE', #3319, #5851 ) ;
#4838 = ORIENTED_EDGE ( 'NONE', *, *, #1940, .F. ) ;
#4839 = PLANE ( 'NONE',  #1139 ) ;
#4840 = AXIS2_PLACEMENT_3D ( 'NONE', #727, #2431, #5226 ) ;
#4841 = EDGE_CURVE ( 'NONE', #1619, #5144, #1740, .T. ) ;
#4842 = DIRECTION ( 'NONE',  ( 1.000000000000000000, 0.000000000000000000, -0.000000000000000000 ) ) ;
#4843 = LINE ( 'NONE', #3255, #4088 ) ;
#4844 = VECTOR ( 'NONE', #2231, 1000.000000000000000 ) ;
#4845 = LINE ( 'NONE', #7055, #281 ) ;
#4846 = ORIENTED_EDGE ( 'NONE', *, *, #4220, .F. ) ;
#4847 = EDGE_CURVE ( 'NONE', #615, #6266, #223, .T. ) ;
#4848 = DIRECTION ( 'NONE',  ( 0.000000000000000000, 1.000000000000000000, 0.000000000000000000 ) ) ;
#4849 = ORIENTED_EDGE ( 'NONE', *, *, #1480, .F. ) ;
#4850 = ORIENTED_EDGE ( 'NONE', *, *, #5922, .F. ) ;
#4851 = VECTOR ( 'NONE', #571, 1000.000000000000000 ) ;
#4852 = EDGE_CURVE ( 'NONE', #3800, #2648, #3282, .T. ) ;
#4853 = CARTESIAN_POINT ( 'NONE',  ( -29.37500000000056843, 12.34999999999999964, 119.8000000000000682 ) ) ;
#4854 = LINE ( 'NONE', #7066, #5417 ) ;
#4855 = EDGE_CURVE ( 'NONE', #2101, #2041, #4098, .T. ) ;
#4856 = CARTESIAN_POINT ( 'NONE',  ( 3.358391833210486954, 1.750000000000000000, 150.5000000000000000 ) ) ;
#4857 = AXIS2_PLACEMENT_3D ( 'NONE', #4107, #3459, #5083 ) ;
#4858 = DIRECTION ( 'NONE',  ( -1.000000000000000000, 0.000000000000000000, 1.487823741253916993E-15 ) ) ;
#4859 = VERTEX_POINT ( 'NONE', #186 ) ;
#4860 = ORIENTED_EDGE ( 'NONE', *, *, #2763, .T. ) ;
#4861 = CARTESIAN_POINT ( 'NONE',  ( 15.59999999998819575, -4.000000000000000000, 125.7684116160548484 ) ) ;
#4862 = AXIS2_PLACEMENT_3D ( 'NONE', #1080, #2205, #713 ) ;
#4863 = EDGE_LOOP ( 'NONE', ( #1990, #882, #6466, #4537 ) ) ;
#4864 = VECTOR ( 'NONE', #1016, 1000.000000000000000 ) ;
#4865 = EDGE_CURVE ( 'NONE', #6442, #3613, #3986, .T. ) ;
#4866 = LINE ( 'NONE', #2687, #922 ) ;
#4867 = DIRECTION ( 'NONE',  ( 0.000000000000000000, 0.000000000000000000, 1.000000000000000000 ) ) ;
#4868 = DIRECTION ( 'NONE',  ( -0.4774298500276900614, 0.000000000000000000, 0.8786698687803841112 ) ) ;
#4869 = VECTOR ( 'NONE', #6519, 1000.000000000000114 ) ;
#4870 = DIRECTION ( 'NONE',  ( 1.401796748264086446E-16, -0.000000000000000000, 1.000000000000000000 ) ) ;
#4871 = EDGE_LOOP ( 'NONE', ( #3850, #895 ) ) ;
#4872 = EDGE_LOOP ( 'NONE', ( #4172, #263, #5424, #36 ) ) ;
#4873 = VECTOR ( 'NONE', #4413, 1000.000000000000000 ) ;
#4874 = ORIENTED_EDGE ( 'NONE', *, *, #278, .F. ) ;
#4875 = DIRECTION ( 'NONE',  ( 0.000000000000000000, 1.000000000000000000, 0.000000000000000000 ) ) ;
#4876 = DIRECTION ( 'NONE',  ( 0.000000000000000000, 1.000000000000000000, 0.000000000000000000 ) ) ;
#4877 = VERTEX_POINT ( 'NONE', #2317 ) ;
#4878 = CARTESIAN_POINT ( 'NONE',  ( 12.49999999998820499, -4.000000000000000000, 125.7684116160548484 ) ) ;
#4879 = LINE ( 'NONE', #2087, #2839 ) ;
#4880 = LINE ( 'NONE', #5420, #6921 ) ;
#4881 = CARTESIAN_POINT ( 'NONE',  ( 15.59999999998820641, -16.11541742610947381, 146.5000000000000000 ) ) ;
#4882 = ORIENTED_EDGE ( 'NONE', *, *, #4278, .T. ) ;
#4883 = CARTESIAN_POINT ( 'NONE',  ( -24.00000000000053291, 1.750000000000000000, 130.3000000000000398 ) ) ;
#4884 = VERTEX_POINT ( 'NONE', #3410 ) ;
#4885 = ORIENTED_EDGE ( 'NONE', *, *, #1603, .T. ) ;
#4886 = LINE ( 'NONE', #3841, #3300 ) ;
#4887 = ADVANCED_FACE ( 'NONE', ( #5616, #652 ), #4531, .T. ) ;
#4888 = DIRECTION ( 'NONE',  ( -2.710505431213760592E-16, 0.000000000000000000, -1.000000000000000000 ) ) ;
#4889 = DIRECTION ( 'NONE',  ( 1.000000000000000000, 0.000000000000000000, 0.000000000000000000 ) ) ;
#4890 = PLANE ( 'NONE',  #1738 ) ;
#4891 = ORIENTED_EDGE ( 'NONE', *, *, #6522, .F. ) ;
#4892 = ADVANCED_FACE ( 'NONE', ( #6814 ), #288, .T. ) ;
#4893 = ORIENTED_EDGE ( 'NONE', *, *, #467, .T. ) ;
#4894 = CARTESIAN_POINT ( 'NONE',  ( 14.15001292210425454, 1.750000000000000000, 125.2369985834250201 ) ) ;
#4895 = EDGE_CURVE ( 'NONE', #6679, #2947, #4207, .T. ) ;
#4896 = VERTEX_POINT ( 'NONE', #6961 ) ;
#4897 = CARTESIAN_POINT ( 'NONE',  ( -33.75000000000054001, 12.34999999999999964, 127.7740925722955154 ) ) ;
#4898 = DIRECTION ( 'NONE',  ( 0.7071067811865512365, -0.000000000000000000, 0.7071067811865439090 ) ) ;
#4899 = FACE_OUTER_BOUND ( 'NONE', #946, .T. ) ;
#4900 = DIRECTION ( 'NONE',  ( 1.000000000000000000, -0.000000000000000000, -0.000000000000000000 ) ) ;
#4901 = ORIENTED_EDGE ( 'NONE', *, *, #1350, .T. ) ;
#4902 = EDGE_CURVE ( 'NONE', #2950, #1685, #395, .T. ) ;
#4903 = ORIENTED_EDGE ( 'NONE', *, *, #2630, .T. ) ;
#4904 = ORIENTED_EDGE ( 'NONE', *, *, #1934, .T. ) ;
#4905 = CARTESIAN_POINT ( 'NONE',  ( 14.59999999998815312, 0.7500000000000069944, 130.4000000000000057 ) ) ;
#4906 = DIRECTION ( 'NONE',  ( 0.000000000000000000, 0.000000000000000000, -1.000000000000000000 ) ) ;
#4907 = ORIENTED_EDGE ( 'NONE', *, *, #5954, .T. ) ;
#4908 = DIRECTION ( 'NONE',  ( 1.000000000000000000, -0.000000000000000000, 0.000000000000000000 ) ) ;
#4909 = AXIS2_PLACEMENT_3D ( 'NONE', #7161, #1581, #4373 ) ;
#4910 = VECTOR ( 'NONE', #7097, 1000.000000000000000 ) ;
#4911 = DIRECTION ( 'NONE',  ( 0.000000000000000000, 0.000000000000000000, -1.000000000000000000 ) ) ;
#4912 = DIRECTION ( 'NONE',  ( 0.000000000000000000, 0.000000000000000000, -1.000000000000000000 ) ) ;
#4913 = DIRECTION ( 'NONE',  ( -0.8660254037844381525, 0.000000000000000000, 0.5000000000000008882 ) ) ;
#4914 = ORIENTED_EDGE ( 'NONE', *, *, #5292, .T. ) ;
#4915 = LINE ( 'NONE', #2198, #4873 ) ;
#4916 = ORIENTED_EDGE ( 'NONE', *, *, #6752, .T. ) ;
#4917 = AXIS2_PLACEMENT_3D ( 'NONE', #3615, #4082, #6288 ) ;
#4918 = VERTEX_POINT ( 'NONE', #2496 ) ;
#4919 = LINE ( 'NONE', #468, #629 ) ;
#4920 = CARTESIAN_POINT ( 'NONE',  ( 22.34999999998815312, 1.750000000000000000, 130.9500000000000171 ) ) ;
#4921 = AXIS2_PLACEMENT_3D ( 'NONE', #3025, #1318, #6391 ) ;
#4922 = PLANE ( 'NONE',  #3461 ) ;
#4923 = FACE_OUTER_BOUND ( 'NONE', #1001, .T. ) ;
#4924 = LINE ( 'NONE', #5361, #2665 ) ;
#4925 = ORIENTED_EDGE ( 'NONE', *, *, #2379, .T. ) ;
#4926 = VERTEX_POINT ( 'NONE', #2567 ) ;
#4927 = ADVANCED_FACE ( 'NONE', ( #1446 ), #2190, .F. ) ;
#4928 = LINE ( 'NONE', #4387, #6357 ) ;
#4929 = VERTEX_POINT ( 'NONE', #938 ) ;
#4930 = DIRECTION ( 'NONE',  ( 0.000000000000000000, 1.000000000000000000, 0.000000000000000000 ) ) ;
#4931 = LINE ( 'NONE', #7141, #2869 ) ;
#4932 = CARTESIAN_POINT ( 'NONE',  ( 10.20430174808563706, -2.000000000000000000, 117.7999999999999545 ) ) ;
#4933 = ADVANCED_FACE ( 'NONE', ( #6340 ), #833, .F. ) ;
#4934 = DIRECTION ( 'NONE',  ( -0.000000000000000000, 1.000000000000000000, -0.000000000000000000 ) ) ;
#4935 = ORIENTED_EDGE ( 'NONE', *, *, #3136, .F. ) ;
#4936 = EDGE_CURVE ( 'NONE', #5760, #5389, #3083, .T. ) ;
#4937 = DIRECTION ( 'NONE',  ( 0.000000000000000000, 1.000000000000000000, 0.000000000000000000 ) ) ;
#4938 = VERTEX_POINT ( 'NONE', #5256 ) ;
#4939 = AXIS2_PLACEMENT_3D ( 'NONE', #7122, #417, #2153 ) ;
#4940 = ADVANCED_FACE ( 'NONE', ( #899 ), #2775, .F. ) ;
#4941 = DIRECTION ( 'NONE',  ( 0.7071067811865451302, -0.000000000000000000, 0.7071067811865500152 ) ) ;
#4942 = EDGE_CURVE ( 'NONE', #3791, #3221, #4785, .T. ) ;
#4943 = FACE_OUTER_BOUND ( 'NONE', #3114, .T. ) ;
#4944 = VERTEX_POINT ( 'NONE', #6411 ) ;
#4945 = LINE ( 'NONE', #6471, #1358 ) ;
#4946 = VECTOR ( 'NONE', #6174, 1000.000000000000000 ) ;
#4947 = ADVANCED_FACE ( 'NONE', ( #3119 ), #2023, .T. ) ;
#4948 = PLANE ( 'NONE',  #2370 ) ;
#4949 = FACE_OUTER_BOUND ( 'NONE', #5238, .T. ) ;
#4950 = AXIS2_PLACEMENT_3D ( 'NONE', #5337, #3715, #373 ) ;
#4951 = CARTESIAN_POINT ( 'NONE',  ( 0.000000000000000000, -4.000000000000000000, 117.8000000000000114 ) ) ;
#4952 = EDGE_CURVE ( 'NONE', #3185, #2276, #3597, .T. ) ;
#4953 = EDGE_LOOP ( 'NONE', ( #1157, #4471 ) ) ;
#4954 = CARTESIAN_POINT ( 'NONE',  ( 42.32817662003172643, 17.57705052857727068, 94.92817662003110968 ) ) ;
#4955 = ORIENTED_EDGE ( 'NONE', *, *, #6141, .F. ) ;
#4956 = CIRCLE ( 'NONE', #7041, 2.549999999999996714 ) ;
#4957 = FACE_OUTER_BOUND ( 'NONE', #6933, .T. ) ;
#4958 = CARTESIAN_POINT ( 'NONE',  ( 24.00000000000051159, 7.850000000000001421, -6.505213034913163866E-15 ) ) ;
#4959 = DIRECTION ( 'NONE',  ( 0.7071067811865500152, -0.000000000000000000, -0.7071067811865451302 ) ) ;
#4960 = CARTESIAN_POINT ( 'NONE',  ( 16.90000000001182556, -2.000000000000000000, 96.85000000002264642 ) ) ;
#4961 = AXIS2_PLACEMENT_3D ( 'NONE', #2522, #6841, #853 ) ;
#4962 = LINE ( 'NONE', #684, #472 ) ;
#4963 = EDGE_LOOP ( 'NONE', ( #3212, #5402, #474, #5858 ) ) ;
#4964 = EDGE_LOOP ( 'NONE', ( #5105, #2459, #1780, #3500 ) ) ;
#4965 = CARTESIAN_POINT ( 'NONE',  ( -26.55000000000055849, 4.850000000000000533, -0.000000000000000000 ) ) ;
#4966 = VERTEX_POINT ( 'NONE', #5224 ) ;
#4967 = VECTOR ( 'NONE', #2120, 1000.000000000000114 ) ;
#4968 = CARTESIAN_POINT ( 'NONE',  ( 22.34999999998815312, 1.750000000000000000, 133.5000000000000000 ) ) ;
#4969 = AXIS2_PLACEMENT_3D ( 'NONE', #4826, #3164, #4247 ) ;
#4970 = CARTESIAN_POINT ( 'NONE',  ( -26.55000000000057270, 6.850000000000000533, 123.4189854895393950 ) ) ;
#4971 = CARTESIAN_POINT ( 'NONE',  ( -62.90448837162257689, 6.850000000000000533, 108.9537698837748394 ) ) ;
#4972 = EDGE_CURVE ( 'NONE', #3473, #383, #3700, .T. ) ;
#4973 = VECTOR ( 'NONE', #6085, 1000.000000000000000 ) ;
#4974 = CARTESIAN_POINT ( 'NONE',  ( 23.41819294280467290, 1.750000000000000000, 152.8000000000000398 ) ) ;
#4975 = ORIENTED_EDGE ( 'NONE', *, *, #2487, .T. ) ;
#4976 = AXIS2_PLACEMENT_3D ( 'NONE', #1932, #911, #4793 ) ;
#4977 = FACE_OUTER_BOUND ( 'NONE', #2029, .T. ) ;
#4978 = ORIENTED_EDGE ( 'NONE', *, *, #5838, .F. ) ;
#4979 = VECTOR ( 'NONE', #5983, 1000.000000000000000 ) ;
#4980 = CARTESIAN_POINT ( 'NONE',  ( 10.66554057521267040, -35.41666666666715457, 74.33333333333152382 ) ) ;
#4981 = EDGE_CURVE ( 'NONE', #4760, #170, #6381, .T. ) ;
#4982 = EDGE_LOOP ( 'NONE', ( #6822, #1546, #2136, #3741, #2685 ) ) ;
#4983 = DIRECTION ( 'NONE',  ( -0.000000000000000000, -1.000000000000000000, -0.000000000000000000 ) ) ;
#4984 = AXIS2_PLACEMENT_3D ( 'NONE', #5938, #6989, #5353 ) ;
#4985 = EDGE_CURVE ( 'NONE', #2603, #804, #7030, .T. ) ;
#4986 = ADVANCED_FACE ( 'NONE', ( #4275 ), #2462, .F. ) ;
#4987 = DIRECTION ( 'NONE',  ( 0.000000000000000000, -1.000000000000000000, 0.000000000000000000 ) ) ;
#4988 = CARTESIAN_POINT ( 'NONE',  ( -26.00112609145444154, 1.249999999999997558, 111.0000000000000142 ) ) ;
#4989 = VECTOR ( 'NONE', #605, 1000.000000000000114 ) ;
#4990 = LINE ( 'NONE', #3257, #1553 ) ;
#4991 = VERTEX_POINT ( 'NONE', #1343 ) ;
#4992 = CARTESIAN_POINT ( 'NONE',  ( 26.00112609145446996, -16.11541742610947381, 129.8999999999998920 ) ) ;
#4993 = LINE ( 'NONE', #1687, #4273 ) ;
#4994 = EDGE_CURVE ( 'NONE', #4248, #6456, #5764, .T. ) ;
#4995 = DIRECTION ( 'NONE',  ( 0.000000000000000000, 0.000000000000000000, 1.000000000000000000 ) ) ;
#4996 = CARTESIAN_POINT ( 'NONE',  ( -25.35112609145444296, -0.2500000000000078271, 77.95112609145394345 ) ) ;
#4997 = DIRECTION ( 'NONE',  ( 0.000000000000000000, 1.000000000000000000, 0.000000000000000000 ) ) ;
#4998 = LINE ( 'NONE', #6696, #4185 ) ;
#4999 = VERTEX_POINT ( 'NONE', #6885 ) ;
#5000 = VERTEX_POINT ( 'NONE', #4134 ) ;
#5001 = CARTESIAN_POINT ( 'NONE',  ( -21.35344314932018506, 0.000000000000000000, 156.6000000000001933 ) ) ;
#5002 = ORIENTED_EDGE ( 'NONE', *, *, #3081, .F. ) ;
#5003 = DIRECTION ( 'NONE',  ( -0.000000000000000000, -1.000000000000000000, -0.000000000000000000 ) ) ;
#5004 = LINE ( 'NONE', #1702, #5995 ) ;
#5005 = DIRECTION ( 'NONE',  ( 0.000000000000000000, 0.000000000000000000, 1.000000000000000000 ) ) ;
#5006 = CARTESIAN_POINT ( 'NONE',  ( -41.58984600082452943, 6.850000000000000533, 72.03572635239306976 ) ) ;
#5007 = ORIENTED_EDGE ( 'NONE', *, *, #6710, .T. ) ;
#5008 = ORIENTED_EDGE ( 'NONE', *, *, #5228, .T. ) ;
#5009 = CARTESIAN_POINT ( 'NONE',  ( -45.39198837162189193, 2.350000000000000089, 78.62123011622489344 ) ) ;
#5010 = ORIENTED_EDGE ( 'NONE', *, *, #6650, .T. ) ;
#5011 = CARTESIAN_POINT ( 'NONE',  ( 11.84871062256314111, -2.000000000000000000, 122.0018057028561032 ) ) ;
#5012 = CARTESIAN_POINT ( 'NONE',  ( 6.060344642463310727, -1.620442574118387657, 130.6295574258500380 ) ) ;
#5013 = ORIENTED_EDGE ( 'NONE', *, *, #4278, .F. ) ;
#5014 = CARTESIAN_POINT ( 'NONE',  ( 26.50000000000054001, 12.34999999999999964, 119.8000000000000540 ) ) ;
#5015 = EDGE_CURVE ( 'NONE', #924, #2493, #4310, .T. ) ;
#5016 = CARTESIAN_POINT ( 'NONE',  ( -10.20430174806592838, 0.000000000000000000, 125.7684116160548484 ) ) ;
#5017 = CARTESIAN_POINT ( 'NONE',  ( 0.000000000000000000, -4.000000000000000000, 0.000000000000000000 ) ) ;
#5018 = DIRECTION ( 'NONE',  ( 0.000000000000000000, 0.000000000000000000, -1.000000000000000000 ) ) ;
#5019 = ORIENTED_EDGE ( 'NONE', *, *, #2693, .T. ) ;
#5020 = ADVANCED_FACE ( 'NONE', ( #6516 ), #3330, .F. ) ;
#5021 = CARTESIAN_POINT ( 'NONE',  ( -26.55000000000055849, 2.350000000000000089, 83.98101451046072441 ) ) ;
#5022 = LINE ( 'NONE', #4520, #4844 ) ;
#5023 = ADVANCED_FACE ( 'NONE', ( #5500, #3806 ), #2233, .T. ) ;
#5024 = VECTOR ( 'NONE', #3764, 1000.000000000000000 ) ;
#5025 = VECTOR ( 'NONE', #5103, 1000.000000000000000 ) ;
#5026 = DIRECTION ( 'NONE',  ( -1.000000000000000000, -1.314184451497581259E-16, 0.000000000000000000 ) ) ;
#5027 = CARTESIAN_POINT ( 'NONE',  ( -29.72734600082415568, 4.850000000000000533, 51.48927364760678671 ) ) ;
#5028 = EDGE_CURVE ( 'NONE', #5811, #5483, #573, .T. ) ;
#5029 = LINE ( 'NONE', #6155, #5187 ) ;
#5030 = AXIS2_PLACEMENT_3D ( 'NONE', #3285, #6037, #1609 ) ;
#5031 = VECTOR ( 'NONE', #2334, 1000.000000000000000 ) ;
#5032 = DIRECTION ( 'NONE',  ( 0.000000000000000000, 1.000000000000000000, 0.000000000000000000 ) ) ;
#5033 = ORIENTED_EDGE ( 'NONE', *, *, #4769, .T. ) ;
#5034 = ORIENTED_EDGE ( 'NONE', *, *, #5929, .F. ) ;
#5035 = LINE ( 'NONE', #2347, #6941 ) ;
#5036 = ORIENTED_EDGE ( 'NONE', *, *, #6710, .F. ) ;
#5037 = VECTOR ( 'NONE', #6129, 1000.000000000000000 ) ;
#5038 = PLANE ( 'NONE',  #117 ) ;
#5039 = DIRECTION ( 'NONE',  ( 0.4774298500276914492, 0.000000000000000000, 0.8786698687803833341 ) ) ;
#5040 = ADVANCED_FACE ( 'NONE', ( #5980 ), #3736, .F. ) ;
#5041 = DIRECTION ( 'NONE',  ( -1.000000000000000000, 0.000000000000000000, 0.000000000000000000 ) ) ;
#5042 = CARTESIAN_POINT ( 'NONE',  ( -10.66554057521284093, -35.41666666666709062, 74.33333333333159487 ) ) ;
#5043 = CARTESIAN_POINT ( 'NONE',  ( 22.34999999998815312, 0.7500000000000084377, 133.5000000000000000 ) ) ;
#5044 = ORIENTED_EDGE ( 'NONE', *, *, #2578, .F. ) ;
#5045 = VECTOR ( 'NONE', #5495, 1000.000000000000000 ) ;
#5046 = VERTEX_POINT ( 'NONE', #7166 ) ;
#5047 = CARTESIAN_POINT ( 'NONE',  ( 12.49999999998821210, -16.11541742610947381, 154.0000000000000853 ) ) ;
#5048 = EDGE_LOOP ( 'NONE', ( #1201, #3088, #6494, #4343 ) ) ;
#5049 = PLANE ( 'NONE',  #5615 ) ;
#5050 = EDGE_LOOP ( 'NONE', ( #3224, #3365, #3317, #4925 ) ) ;
#5051 = DIRECTION ( 'NONE',  ( 0.000000000000000000, 0.000000000000000000, 1.000000000000000000 ) ) ;
#5052 = ORIENTED_EDGE ( 'NONE', *, *, #5085, .F. ) ;
#5053 = PLANE ( 'NONE',  #7008 ) ;
#5054 = CARTESIAN_POINT ( 'NONE',  ( -10.20430174806592838, 0.000000000000000000, 146.5000000000000000 ) ) ;
#5055 = LINE ( 'NONE', #94, #66 ) ;
#5056 = EDGE_CURVE ( 'NONE', #2424, #5483, #1588, .T. ) ;
#5057 = VERTEX_POINT ( 'NONE', #970 ) ;
#5058 = VECTOR ( 'NONE', #2258, 1000.000000000000000 ) ;
#5059 = CYLINDRICAL_SURFACE ( 'NONE', #4071, 1.550000000000009592 ) ;
#5060 = PLANE ( 'NONE',  #3466 ) ;
#5061 = VECTOR ( 'NONE', #6648, 1000.000000000000000 ) ;
#5062 = CARTESIAN_POINT ( 'NONE',  ( 13.57930174808957879, 0.000000000000000000, 122.0018057028501204 ) ) ;
#5063 = FACE_OUTER_BOUND ( 'NONE', #4560, .T. ) ;
#5064 = EDGE_CURVE ( 'NONE', #6947, #5809, #1007, .T. ) ;
#5065 = ORIENTED_EDGE ( 'NONE', *, *, #6270, .F. ) ;
#5066 = CARTESIAN_POINT ( 'NONE',  ( 26.50000000000050804, 1.748873908546293432, -2.516455929485364476E-14 ) ) ;
#5067 = VECTOR ( 'NONE', #4679, 1000.000000000000000 ) ;
#5068 = ORIENTED_EDGE ( 'NONE', *, *, #454, .F. ) ;
#5069 = ORIENTED_EDGE ( 'NONE', *, *, #1040, .F. ) ;
#5070 = DIRECTION ( 'NONE',  ( -0.000000000000000000, -1.000000000000000000, -0.000000000000000000 ) ) ;
#5071 = VECTOR ( 'NONE', #1957, 1000.000000000000000 ) ;
#5072 = EDGE_LOOP ( 'NONE', ( #5261, #6337, #119, #1567, #6769, #2572 ) ) ;
#5073 = EDGE_CURVE ( 'NONE', #6067, #3061, #497, .T. ) ;
#5074 = EDGE_CURVE ( 'NONE', #272, #6313, #4919, .T. ) ;
#5075 = DIRECTION ( 'NONE',  ( -2.710505431213760592E-16, 0.000000000000000000, -1.000000000000000000 ) ) ;
#5076 = CARTESIAN_POINT ( 'NONE',  ( 29.37500000000053291, 2.350000000000000089, 121.7879709790786649 ) ) ;
#5077 = FACE_OUTER_BOUND ( 'NONE', #6512, .T. ) ;
#5078 = LINE ( 'NONE', #2723, #5037 ) ;
#5079 = CONICAL_SURFACE ( 'NONE', #5199, 2.550000000000024691, 0.7853981633974446153 ) ;
#5080 = DIRECTION ( 'NONE',  ( -1.000000000000000000, 0.000000000000000000, 0.000000000000000000 ) ) ;
#5081 = ORIENTED_EDGE ( 'NONE', *, *, #6660, .F. ) ;
#5082 = ORIENTED_EDGE ( 'NONE', *, *, #984, .T. ) ;
#5083 = DIRECTION ( 'NONE',  ( 0.000000000000000000, 0.000000000000000000, -1.000000000000000000 ) ) ;
#5084 = ORIENTED_EDGE ( 'NONE', *, *, #5644, .T. ) ;
#5085 = EDGE_CURVE ( 'NONE', #240, #4359, #4886, .T. ) ;
#5086 = AXIS2_PLACEMENT_3D ( 'NONE', #71, #6160, #1850 ) ;
#5087 = DIRECTION ( 'NONE',  ( 0.000000000000000000, 1.000000000000000000, 1.807003620809174570E-17 ) ) ;
#5088 = EDGE_LOOP ( 'NONE', ( #6229, #2346, #219, #184 ) ) ;
#5089 = VECTOR ( 'NONE', #336, 1000.000000000000000 ) ;
#5090 = PLANE ( 'NONE',  #4253 ) ;
#5091 = VERTEX_POINT ( 'NONE', #6554 ) ;
#5092 = VECTOR ( 'NONE', #5244, 1000.000000000000000 ) ;
#5093 = VECTOR ( 'NONE', #113, 1000.000000000000114 ) ;
#5094 = CARTESIAN_POINT ( 'NONE',  ( -33.75000000000056843, 4.850000000000000533, 122.3259074277046210 ) ) ;
#5095 = DIRECTION ( 'NONE',  ( 1.000000000000000000, -0.000000000000000000, -0.000000000000000000 ) ) ;
#5096 = LINE ( 'NONE', #635, #5371 ) ;
#5097 = ORIENTED_EDGE ( 'NONE', *, *, #2579, .F. ) ;
#5098 = AXIS2_PLACEMENT_3D ( 'NONE', #42, #1235, #2248 ) ;
#5099 = DIRECTION ( 'NONE',  ( -0.7071067811865487940, -0.7071067811865463515, -0.000000000000000000 ) ) ;
#5100 = CARTESIAN_POINT ( 'NONE',  ( 13.57930174806596213, 1.750000000000000000, 122.0018057028501204 ) ) ;
#5101 = DIRECTION ( 'NONE',  ( 1.000000000000000000, 0.000000000000000000, 0.000000000000000000 ) ) ;
#5102 = CIRCLE ( 'NONE', #6260, 1.549999999999995826 ) ;
#5103 = DIRECTION ( 'NONE',  ( -0.000000000000000000, 0.000000000000000000, 1.000000000000000000 ) ) ;
#5104 = DIRECTION ( 'NONE',  ( 0.8660254037844375974, 0.000000000000000000, -0.5000000000000018874 ) ) ;
#5105 = ORIENTED_EDGE ( 'NONE', *, *, #6371, .T. ) ;
#5106 = DIRECTION ( 'NONE',  ( 1.000000000000000000, 0.000000000000000000, -0.000000000000000000 ) ) ;
#5107 = ORIENTED_EDGE ( 'NONE', *, *, #1297, .T. ) ;
#5108 = ORIENTED_EDGE ( 'NONE', *, *, #5549, .T. ) ;
#5109 = LINE ( 'NONE', #1155, #2885 ) ;
#5110 = ORIENTED_EDGE ( 'NONE', *, *, #3701, .T. ) ;
#5111 = EDGE_CURVE ( 'NONE', #1115, #954, #5395, .T. ) ;
#5112 = CARTESIAN_POINT ( 'NONE',  ( -3.358391833210450539, 0.000000000000000000, 150.5000000000000000 ) ) ;
#5113 = CARTESIAN_POINT ( 'NONE',  ( -26.50000000000052935, 3.049999999999998046, 113.9284444020226630 ) ) ;
#5114 = LINE ( 'NONE', #4069, #2987 ) ;
#5115 = FILL_AREA_STYLE_COLOUR ( '', #973 ) ;
#5116 = ADVANCED_FACE ( 'NONE', ( #4957 ), #2162, .F. ) ;
#5117 = LINE ( 'NONE', #2216, #6954 ) ;
#5118 = VERTEX_POINT ( 'NONE', #4379 ) ;
#5119 = ORIENTED_EDGE ( 'NONE', *, *, #4981, .T. ) ;
#5120 = FACE_OUTER_BOUND ( 'NONE', #48, .T. ) ;
#5121 = ORIENTED_EDGE ( 'NONE', *, *, #6177, .T. ) ;
#5122 = EDGE_CURVE ( 'NONE', #1710, #5706, #6589, .T. ) ;
#5123 = DIRECTION ( 'NONE',  ( 1.000000000000000000, 0.000000000000000000, -0.000000000000000000 ) ) ;
#5124 = ADVANCED_FACE ( 'NONE', ( #1625 ), #2639, .T. ) ;
#5125 =( LENGTH_UNIT ( ) NAMED_UNIT ( * ) SI_UNIT ( .MILLI., .METRE. ) );
#5126 = ORIENTED_EDGE ( 'NONE', *, *, #454, .T. ) ;
#5127 = DIRECTION ( 'NONE',  ( -0.000000000000000000, 1.000000000000000000, -0.000000000000000000 ) ) ;
#5128 = ORIENTED_EDGE ( 'NONE', *, *, #2633, .T. ) ;
#5129 = ORIENTED_EDGE ( 'NONE', *, *, #6752, .F. ) ;
#5130 = DIRECTION ( 'NONE',  ( 0.000000000000000000, 0.000000000000000000, 1.000000000000000000 ) ) ;
#5131 = FACE_BOUND ( 'NONE', #4694, .T. ) ;
#5132 = DIRECTION ( 'NONE',  ( -0.000000000000000000, 1.000000000000000000, -0.000000000000000000 ) ) ;
#5133 = ORIENTED_EDGE ( 'NONE', *, *, #6139, .F. ) ;
#5134 = CARTESIAN_POINT ( 'NONE',  ( -26.50000000000052935, 3.050000000000007372, -8.402566836762649503E-16 ) ) ;
#5135 = LINE ( 'NONE', #2963, #351 ) ;
#5136 = CARTESIAN_POINT ( 'NONE',  ( -12.59175071684174085, 1.249999999999999556, 128.1539330310690445 ) ) ;
#5137 = CARTESIAN_POINT ( 'NONE',  ( -26.00112609145444154, -4.000000000000000000, 110.1499999999999915 ) ) ;
#5138 = PLANE ( 'NONE',  #1876 ) ;
#5139 = VERTEX_POINT ( 'NONE', #4853 ) ;
#5140 = FACE_OUTER_BOUND ( 'NONE', #2555, .T. ) ;
#5141 = EDGE_LOOP ( 'NONE', ( #976, #1502, #6161, #79 ) ) ;
#5142 = VERTEX_POINT ( 'NONE', #3871 ) ;
#5143 = CARTESIAN_POINT ( 'NONE',  ( 29.37500000000052935, 4.850000000000000533, 87.59999999999999432 ) ) ;
#5144 = VERTEX_POINT ( 'NONE', #30 ) ;
#5145 = DIRECTION ( 'NONE',  ( 0.000000000000000000, 1.000000000000000000, 0.000000000000000000 ) ) ;
#5146 = DIRECTION ( 'NONE',  ( 0.8660254037844455910, 0.000000000000000000, 0.4999999999999880651 ) ) ;
#5147 = AXIS2_PLACEMENT_3D ( 'NONE', #5379, #4401, #6610 ) ;
#5148 = VECTOR ( 'NONE', #3978, 1000.000000000000000 ) ;
#5149 = CARTESIAN_POINT ( 'NONE',  ( -10.20430174806592838, -4.000000000000000000, 125.7684116160548484 ) ) ;
#5150 = DIRECTION ( 'NONE',  ( -1.000000000000000000, -0.000000000000000000, 0.000000000000000000 ) ) ;
#5151 = EDGE_CURVE ( 'NONE', #4547, #343, #2095, .T. ) ;
#5152 = FACE_OUTER_BOUND ( 'NONE', #6137, .T. ) ;
#5153 = VERTEX_POINT ( 'NONE', #7065 ) ;
#5154 = EDGE_LOOP ( 'NONE', ( #5019, #3949, #4721, #4315 ) ) ;
#5155 = DIRECTION ( 'NONE',  ( -0.000000000000000000, -1.000000000000000000, -0.000000000000000000 ) ) ;
#5156 = EDGE_LOOP ( 'NONE', ( #2385, #2515, #1199, #1466 ) ) ;
#5157 = VECTOR ( 'NONE', #486, 1000.000000000000000 ) ;
#5158 = LINE ( 'NONE', #4036, #4236 ) ;
#5159 = VECTOR ( 'NONE', #6602, 1000.000000000000000 ) ;
#5160 = EDGE_CURVE ( 'NONE', #953, #6245, #519, .T. ) ;
#5161 = ORIENTED_EDGE ( 'NONE', *, *, #6613, .F. ) ;
#5162 = DIRECTION ( 'NONE',  ( -0.7064337722128891661, -0.7071067811865505703, -0.03084356459723417224 ) ) ;
#5163 = ORIENTED_EDGE ( 'NONE', *, *, #1707, .F. ) ;
#5164 = EDGE_CURVE ( 'NONE', #170, #1773, #1726, .T. ) ;
#5165 = EDGE_CURVE ( 'NONE', #6077, #5587, #5717, .T. ) ;
#5166 = CARTESIAN_POINT ( 'NONE',  ( -3.358391833210450539, 1.750000000000000000, 150.5000000000000000 ) ) ;
#5167 = LINE ( 'NONE', #206, #4353 ) ;
#5168 = ORIENTED_EDGE ( 'NONE', *, *, #5776, .F. ) ;
#5169 = PLANE ( 'NONE',  #5439 ) ;
#5170 = LINE ( 'NONE', #1907, #3480 ) ;
#5171 = CARTESIAN_POINT ( 'NONE',  ( -26.50000000000052935, 12.34999999999999964, 114.2500000000000142 ) ) ;
#5172 = ADVANCED_FACE ( 'NONE', ( #4482 ), #3944, .T. ) ;
#5173 = DIRECTION ( 'NONE',  ( -0.000000000000000000, -1.000000000000000000, -0.000000000000000000 ) ) ;
#5174 = LINE ( 'NONE', #5755, #6058 ) ;
#5175 = AXIS2_PLACEMENT_3D ( 'NONE', #7016, #3251, #5455 ) ;
#5176 = VERTEX_POINT ( 'NONE', #4015 ) ;
#5177 = PLANE ( 'NONE',  #6608 ) ;
#5178 = EDGE_LOOP ( 'NONE', ( #4489, #2480, #3125, #812 ) ) ;
#5179 = VERTEX_POINT ( 'NONE', #1221 ) ;
#5180 = DIRECTION ( 'NONE',  ( 8.659560562354900811E-17, 0.7071067811865501263, -0.7071067811865449082 ) ) ;
#5181 = EDGE_LOOP ( 'NONE', ( #7148, #6375, #4825, #1326 ) ) ;
#5182 = VECTOR ( 'NONE', #6476, 1000.000000000000000 ) ;
#5183 = CARTESIAN_POINT ( 'NONE',  ( -21.35344314932018506, 1.750000000000000000, 156.6000000000001933 ) ) ;
#5184 = CARTESIAN_POINT ( 'NONE',  ( -24.00000000000053291, 12.34999999999999964, 130.3000000000000398 ) ) ;
#5185 = DIRECTION ( 'NONE',  ( 0.000000000000000000, 0.000000000000000000, -1.000000000000000000 ) ) ;
#5186 = FACE_OUTER_BOUND ( 'NONE', #561, .T. ) ;
#5187 = VECTOR ( 'NONE', #4161, 999.9999999999998863 ) ;
#5188 = DIRECTION ( 'NONE',  ( 0.7073922870446852640, -0.000000000000000000, 0.7068211600042046960 ) ) ;
#5189 = AXIS2_PLACEMENT_3D ( 'NONE', #6887, #363, #1378 ) ;
#5190 = VERTEX_POINT ( 'NONE', #5062 ) ;
#5191 = ORIENTED_EDGE ( 'NONE', *, *, #1473, .T. ) ;
#5192 = EDGE_CURVE ( 'NONE', #4239, #4326, #6153, .T. ) ;
#5193 = CARTESIAN_POINT ( 'NONE',  ( 45.39198837162197009, 6.850000000000000533, 78.62123011622472291 ) ) ;
#5194 = VERTEX_POINT ( 'NONE', #6223 ) ;
#5195 = VECTOR ( 'NONE', #4085, 1000.000000000000000 ) ;
#5196 = EDGE_CURVE ( 'NONE', #2426, #505, #716, .T. ) ;
#5197 = DIRECTION ( 'NONE',  ( 0.000000000000000000, -1.000000000000000000, 0.000000000000000000 ) ) ;
#5198 = DIRECTION ( 'NONE',  ( 0.000000000000000000, 0.000000000000000000, -1.000000000000000000 ) ) ;
#5199 = AXIS2_PLACEMENT_3D ( 'NONE', #2998, #6874, #3622 ) ;
#5200 = ORIENTED_EDGE ( 'NONE', *, *, #2271, .T. ) ;
#5201 = EDGE_CURVE ( 'NONE', #2715, #1883, #2929, .T. ) ;
#5202 = DIRECTION ( 'NONE',  ( 1.000000000000000000, -0.000000000000000000, 0.000000000000000000 ) ) ;
#5203 = AXIS2_PLACEMENT_3D ( 'NONE', #3384, #1315, #622 ) ;
#5204 = DIRECTION ( 'NONE',  ( -0.7071067811865505703, -0.000000000000000000, -0.7071067811865444641 ) ) ;
#5205 = ORIENTED_EDGE ( 'NONE', *, *, #926, .T. ) ;
#5206 = PLANE ( 'NONE',  #6809 ) ;
#5207 = EDGE_CURVE ( 'NONE', #6775, #3828, #3906, .T. ) ;
#5208 = VECTOR ( 'NONE', #6840, 1000.000000000000000 ) ;
#5210 = EDGE_CURVE ( 'NONE', #1004, #7049, #4556, .T. ) ;
#5209 = DIRECTION ( 'NONE',  ( 1.000000000000000000, -0.000000000000000000, 0.000000000000000000 ) ) ;
#5211 = CARTESIAN_POINT ( 'NONE',  ( 0.000000000000000000, -4.000000000000000000, 110.1499999999999488 ) ) ;
#5212 = AXIS2_PLACEMENT_3D ( 'NONE', #510, #5442, #2107 ) ;
#5213 = CARTESIAN_POINT ( 'NONE',  ( 0.000000000000000000, 4.850000000000000533, 0.000000000000000000 ) ) ;
#5214 = DIRECTION ( 'NONE',  ( -0.5000000000000032196, 0.000000000000000000, 0.8660254037844368202 ) ) ;
#5215 = VECTOR ( 'NONE', #2392, 1000.000000000000000 ) ;
#5216 = ORIENTED_EDGE ( 'NONE', *, *, #2966, .F. ) ;
#5217 = EDGE_CURVE ( 'NONE', #1264, #4349, #4594, .T. ) ;
#5218 = PLANE ( 'NONE',  #1051 ) ;
#5219 = ORIENTED_EDGE ( 'NONE', *, *, #3037, .T. ) ;
#5220 = ORIENTED_EDGE ( 'NONE', *, *, #5724, .F. ) ;
#5221 = CARTESIAN_POINT ( 'NONE',  ( -22.34999999998811759, 0.000000000000000000, 131.9500000000000171 ) ) ;
#5222 = CIRCLE ( 'NONE', #3369, 3.875000000000003553 ) ;
#5223 = ORIENTED_EDGE ( 'NONE', *, *, #6434, .T. ) ;
#5224 = CARTESIAN_POINT ( 'NONE',  ( 24.00000000000053291, 1.750000000000000000, 79.10000000000002274 ) ) ;
#5225 = CARTESIAN_POINT ( 'NONE',  ( 17.44999999998821139, 1.750000000000000000, 156.6000000000001933 ) ) ;
#5226 = DIRECTION ( 'NONE',  ( 0.000000000000000000, 0.000000000000000000, 1.000000000000000000 ) ) ;
#5227 =( NAMED_UNIT ( * ) PLANE_ANGLE_UNIT ( ) SI_UNIT ( $, .RADIAN. ) );
#5228 = EDGE_CURVE ( 'NONE', #1536, #6055, #63, .T. ) ;
#5229 = DIRECTION ( 'NONE',  ( 0.000000000000000000, -9.035018104045866996E-17, 1.000000000000000000 ) ) ;
#5230 = ORIENTED_EDGE ( 'NONE', *, *, #7023, .F. ) ;
#5231 = ORIENTED_EDGE ( 'NONE', *, *, #5217, .F. ) ;
#5232 = DIRECTION ( 'NONE',  ( 1.000000000000000000, 0.000000000000000000, -3.304235192336746718E-15 ) ) ;
#5233 = EDGE_LOOP ( 'NONE', ( #496, #4221, #830, #6502 ) ) ;
#5234 = AXIS2_PLACEMENT_3D ( 'NONE', #316, #5214, #1912 ) ;
#5235 = CARTESIAN_POINT ( 'NONE',  ( -16.89999999998816449, 1.750000000000000000, 98.40000000000001990 ) ) ;
#5236 = CARTESIAN_POINT ( 'NONE',  ( -26.55000000000057270, 6.850000000000000533, 126.6810145104607415 ) ) ;
#5237 = LINE ( 'NONE', #1461, #3215 ) ;
#5238 = EDGE_LOOP ( 'NONE', ( #410, #5472, #5591, #1936 ) ) ;
#5239 = DIRECTION ( 'NONE',  ( -0.000000000000000000, -1.000000000000000000, -0.000000000000000000 ) ) ;
#5240 = LINE ( 'NONE', #271, #1448 ) ;
#5241 = ORIENTED_EDGE ( 'NONE', *, *, #4661, .T. ) ;
#5242 = CARTESIAN_POINT ( 'NONE',  ( 22.05980492078086996, 12.34999999999999964, 155.2999999999901490 ) ) ;
#5243 = EDGE_CURVE ( 'NONE', #4966, #4300, #2854, .T. ) ;
#5244 = DIRECTION ( 'NONE',  ( 1.000000000000000000, 0.000000000000000000, -8.226619123294235526E-15 ) ) ;
#5245 = FACE_OUTER_BOUND ( 'NONE', #4653, .T. ) ;
#5246 = DIRECTION ( 'NONE',  ( -0.000000000000000000, -1.000000000000000000, -0.000000000000000000 ) ) ;
#5247 = DIRECTION ( 'NONE',  ( 1.000000000000000000, 0.000000000000000000, -0.000000000000000000 ) ) ;
#5248 = EDGE_CURVE ( 'NONE', #5389, #6553, #3440, .T. ) ;
#5249 = EDGE_LOOP ( 'NONE', ( #2250, #2217 ) ) ;
#5250 = EDGE_CURVE ( 'NONE', #4706, #7114, #5681, .T. ) ;
#5251 = PLANE ( 'NONE',  #2439 ) ;
#5252 = ORIENTED_EDGE ( 'NONE', *, *, #109, .F. ) ;
#5253 = ORIENTED_EDGE ( 'NONE', *, *, #1538, .T. ) ;
#5254 = ORIENTED_EDGE ( 'NONE', *, *, #2052, .T. ) ;
#5255 = EDGE_CURVE ( 'NONE', #3800, #4269, #6767, .T. ) ;
#5256 = CARTESIAN_POINT ( 'NONE',  ( 26.55000000000054783, 4.850000000000000533, 83.98101451046072441 ) ) ;
#5257 = DIRECTION ( 'NONE',  ( -0.000000000000000000, 1.000000000000000000, -0.000000000000000000 ) ) ;
#5258 = LINE ( 'NONE', #3121, #6685 ) ;
#5259 =( NAMED_UNIT ( * ) SI_UNIT ( $, .STERADIAN. ) SOLID_ANGLE_UNIT ( ) );
#5260 = DIRECTION ( 'NONE',  ( 0.000000000000000000, 1.000000000000000000, 0.000000000000000000 ) ) ;
#5261 = ORIENTED_EDGE ( 'NONE', *, *, #2330, .F. ) ;
#5262 = ORIENTED_EDGE ( 'NONE', *, *, #5588, .F. ) ;
#5263 = DIRECTION ( 'NONE',  ( -0.8660254037844395958, 0.000000000000000000, 0.4999999999999982236 ) ) ;
#5264 = ORIENTED_EDGE ( 'NONE', *, *, #4716, .T. ) ;
#5265 = VECTOR ( 'NONE', #2227, 1000.000000000000000 ) ;
#5266 = EDGE_CURVE ( 'NONE', #704, #3828, #6804, .T. ) ;
#5267 = VECTOR ( 'NONE', #3401, 1000.000000000000000 ) ;
#5268 = LINE ( 'NONE', #3714, #6018 ) ;
#5269 = DIRECTION ( 'NONE',  ( 0.000000000000000000, 0.000000000000000000, -1.000000000000000000 ) ) ;
#5270 = DIRECTION ( 'NONE',  ( 0.000000000000000000, 1.000000000000000000, 0.000000000000000000 ) ) ;
#5271 = LINE ( 'NONE', #5307, #5870 ) ;
#5272 = VECTOR ( 'NONE', #1465, 1000.000000000000114 ) ;
#5273 = AXIS2_PLACEMENT_3D ( 'NONE', #3971, #4585, #565 ) ;
#5274 = ORIENTED_EDGE ( 'NONE', *, *, #2538, .F. ) ;
#5275 = VERTEX_POINT ( 'NONE', #1841 ) ;
#5276 = AXIS2_PLACEMENT_3D ( 'NONE', #407, #2616, #6424 ) ;
#5277 = CARTESIAN_POINT ( 'NONE',  ( 23.41819294280467290, 12.34999999999999964, 152.8000000000000398 ) ) ;
#5278 = DIRECTION ( 'NONE',  ( -1.000000000000000000, -0.000000000000000000, 0.000000000000000000 ) ) ;
#5279 = VERTEX_POINT ( 'NONE', #6187 ) ;
#5280 = DIRECTION ( 'NONE',  ( -1.000000000000000000, 0.000000000000000000, 0.000000000000000000 ) ) ;
#5281 = DIRECTION ( 'NONE',  ( 0.7071067811865472397, -0.7071067811865479058, -0.000000000000000000 ) ) ;
#5282 = CARTESIAN_POINT ( 'NONE',  ( -15.59999999998816911, -16.11541742610947381, 154.0000000000000853 ) ) ;
#5283 = DIRECTION ( 'NONE',  ( 0.000000000000000000, -0.000000000000000000, -1.000000000000000000 ) ) ;
#5284 = EDGE_CURVE ( 'NONE', #6314, #4349, #4053, .T. ) ;
#5285 = CARTESIAN_POINT ( 'NONE',  ( 21.35344314932023480, 0.000000000000000000, 156.6000000000001933 ) ) ;
#5286 = EDGE_LOOP ( 'NONE', ( #648, #6867, #1806, #1893 ) ) ;
#5287 = DIRECTION ( 'NONE',  ( 2.608606730792191375E-16, 0.000000000000000000, 1.000000000000000000 ) ) ;
#5288 = ORIENTED_EDGE ( 'NONE', *, *, #1976, .F. ) ;
#5289 = VERTEX_POINT ( 'NONE', #1296 ) ;
#5290 = ORIENTED_EDGE ( 'NONE', *, *, #1829, .T. ) ;
#5291 = DIRECTION ( 'NONE',  ( 0.000000000000000000, 1.000000000000000000, -0.000000000000000000 ) ) ;
#5292 = EDGE_CURVE ( 'NONE', #5762, #7114, #751, .T. ) ;
#5293 = LINE ( 'NONE', #396, #5769 ) ;
#5294 = CARTESIAN_POINT ( 'NONE',  ( -63.76530505655508563, 4.850000000000000533, 110.4447481180855846 ) ) ;
#5295 = DIRECTION ( 'NONE',  ( 0.000000000000000000, 0.000000000000000000, -1.000000000000000000 ) ) ;
#5296 = ORIENTED_EDGE ( 'NONE', *, *, #7154, .F. ) ;
#5297 = EDGE_CURVE ( 'NONE', #505, #5279, #5572, .T. ) ;
#5298 = ORIENTED_EDGE ( 'NONE', *, *, #3919, .T. ) ;
#5299 = CARTESIAN_POINT ( 'NONE',  ( -24.00000000000053291, 12.34999999999999964, 0.000000000000000000 ) ) ;
#5300 = EDGE_CURVE ( 'NONE', #3628, #3485, #3551, .T. ) ;
#5301 = ORIENTED_EDGE ( 'NONE', *, *, #4501, .F. ) ;
#5302 = CARTESIAN_POINT ( 'NONE',  ( -26.50000000000052935, 1.748873908546094036, 130.3000000000000398 ) ) ;
#5303 = AXIS2_PLACEMENT_3D ( 'NONE', #602, #6725, #133 ) ;
#5304 = CARTESIAN_POINT ( 'NONE',  ( 0.000000000000000000, 12.34999999999999964, 77.10000000000002274 ) ) ;
#5305 = DIRECTION ( 'NONE',  ( 0.000000000000000000, 0.000000000000000000, -1.000000000000000000 ) ) ;
#5306 = AXIS2_PLACEMENT_3D ( 'NONE', #4242, #6341, #1416 ) ;
#5307 = CARTESIAN_POINT ( 'NONE',  ( -32.20000000000052154, 4.850000000000000533, -0.000000000000000000 ) ) ;
#5308 = ADVANCED_FACE ( 'NONE', ( #1369 ), #4704, .T. ) ;
#5309 = VECTOR ( 'NONE', #1451, 1000.000000000000114 ) ;
#5310 = VERTEX_POINT ( 'NONE', #929 ) ;
#5311 = VERTEX_POINT ( 'NONE', #5754 ) ;
#5312 = CARTESIAN_POINT ( 'NONE',  ( -33.75000000000056843, 1.750000000000000000, 114.2500000000000142 ) ) ;
#5313 = LINE ( 'NONE', #781, #413 ) ;
#5314 = ORIENTED_EDGE ( 'NONE', *, *, #4330, .T. ) ;
#5315 = CARTESIAN_POINT ( 'NONE',  ( -12.99999999998818190, 0.000000000000000000, 154.5000000000001705 ) ) ;
#5316 = DIRECTION ( 'NONE',  ( -0.8660254037844389297, 0.000000000000000000, -0.4999999999999995004 ) ) ;
#5317 = VECTOR ( 'NONE', #3148, 1000.000000000000000 ) ;
#5318 = LINE ( 'NONE', #249, #1904 ) ;
#5319 = DIRECTION ( 'NONE',  ( 0.000000000000000000, 0.000000000000000000, 1.000000000000000000 ) ) ;
#5320 = VERTEX_POINT ( 'NONE', #3623 ) ;
#5321 = DIRECTION ( 'NONE',  ( -0.000000000000000000, -1.000000000000000000, -0.000000000000000000 ) ) ;
#5322 = ORIENTED_EDGE ( 'NONE', *, *, #5601, .T. ) ;
#5323 = VERTEX_POINT ( 'NONE', #789 ) ;
#5324 = VERTEX_POINT ( 'NONE', #4127 ) ;
#5325 = AXIS2_PLACEMENT_3D ( 'NONE', #5912, #3811, #3669 ) ;
#5326 = DIRECTION ( 'NONE',  ( 0.000000000000000000, 0.000000000000000000, 1.000000000000000000 ) ) ;
#5327 = LINE ( 'NONE', #6307, #1133 ) ;
#5328 = CARTESIAN_POINT ( 'NONE',  ( -10.20430174806592838, 0.000000000000000000, 154.0000000000000853 ) ) ;
#5329 = AXIS2_PLACEMENT_3D ( 'NONE', #3124, #473, #5470 ) ;
#5330 = CARTESIAN_POINT ( 'NONE',  ( -10.20430174806592838, -16.11541742610947381, 129.8999999999998920 ) ) ;
#5331 = VERTEX_POINT ( 'NONE', #3038 ) ;
#5332 = ORIENTED_EDGE ( 'NONE', *, *, #3042, .F. ) ;
#5333 = EDGE_CURVE ( 'NONE', #6861, #5880, #3654, .T. ) ;
#5334 = DIRECTION ( 'NONE',  ( -1.000000000000000000, 0.000000000000000000, 0.000000000000000000 ) ) ;
#5335 = ORIENTED_EDGE ( 'NONE', *, *, #4405, .T. ) ;
#5336 = DIRECTION ( 'NONE',  ( 8.659560562354969836E-17, 0.7071067811865443531, -0.7071067811865506814 ) ) ;
#5337 = CARTESIAN_POINT ( 'NONE',  ( 24.50000000000048317, 53.23340376863964707, 77.10000000000002274 ) ) ;
#5338 = FACE_OUTER_BOUND ( 'NONE', #2468, .T. ) ;
#5339 = EDGE_CURVE ( 'NONE', #308, #4757, #6332, .T. ) ;
#5340 = DIRECTION ( 'NONE',  ( 0.000000000000000000, 0.000000000000000000, -1.000000000000000000 ) ) ;
#5341 = EDGE_CURVE ( 'NONE', #2540, #3753, #3691, .T. ) ;
#5342 = ORIENTED_EDGE ( 'NONE', *, *, #6587, .T. ) ;
#5343 = ORIENTED_EDGE ( 'NONE', *, *, #1321, .F. ) ;
#5344 = EDGE_CURVE ( 'NONE', #4877, #2152, #6913, .T. ) ;
#5345 = CARTESIAN_POINT ( 'NONE',  ( -26.55000000000056559, 4.850000000000000533, 80.71898548953933528 ) ) ;
#5346 = FACE_OUTER_BOUND ( 'NONE', #1227, .T. ) ;
#5347 = ORIENTED_EDGE ( 'NONE', *, *, #3337, .T. ) ;
#5348 = FACE_OUTER_BOUND ( 'NONE', #6465, .T. ) ;
#5349 = DIRECTION ( 'NONE',  ( -0.000000000000000000, 0.000000000000000000, 1.000000000000000000 ) ) ;
#5350 = PLANE ( 'NONE',  #3534 ) ;
#5351 = LINE ( 'NONE', #5972, #784 ) ;
#5352 = ORIENTED_EDGE ( 'NONE', *, *, #6726, .T. ) ;
#5353 = DIRECTION ( 'NONE',  ( 0.000000000000000000, 0.000000000000000000, -1.000000000000000000 ) ) ;
#5354 = CARTESIAN_POINT ( 'NONE',  ( -26.04152931588985354, 4.850000000000000533, 45.10525188191666501 ) ) ;
#5355 = EDGE_LOOP ( 'NONE', ( #12, #3156, #1747, #3326 ) ) ;
#5356 = VERTEX_POINT ( 'NONE', #825 ) ;
#5357 = CARTESIAN_POINT ( 'NONE',  ( -32.20000000000051443, 2.350000000000000089, 123.4189854895393950 ) ) ;
#5358 = CARTESIAN_POINT ( 'NONE',  ( 29.37500000000057909, 2.350000000000000089, 85.61202902092142608 ) ) ;
#5359 = DIRECTION ( 'NONE',  ( 0.000000000000000000, 1.000000000000000000, 0.000000000000000000 ) ) ;
#5360 = VECTOR ( 'NONE', #6333, 1000.000000000000000 ) ;
#5361 = CARTESIAN_POINT ( 'NONE',  ( -25.35112609145443230, -4.975832637862499297, 125.3905212862318166 ) ) ;
#5362 = ORIENTED_EDGE ( 'NONE', *, *, #5344, .T. ) ;
#5363 = ORIENTED_EDGE ( 'NONE', *, *, #2768, .T. ) ;
#5364 = FACE_OUTER_BOUND ( 'NONE', #1456, .T. ) ;
#5365 = EDGE_LOOP ( 'NONE', ( #4341, #5084, #6, #4040, #3767 ) ) ;
#5366 = DIRECTION ( 'NONE',  ( 0.000000000000000000, -1.000000000000000000, 0.000000000000000000 ) ) ;
#5367 = DIRECTION ( 'NONE',  ( -0.000000000000000000, -1.000000000000000000, -0.000000000000000000 ) ) ;
#5368 = FACE_OUTER_BOUND ( 'NONE', #334, .T. ) ;
#5369 = EDGE_CURVE ( 'NONE', #1188, #6929, #3072, .T. ) ;
#5370 = CARTESIAN_POINT ( 'NONE',  ( 29.37500000000054357, 4.850000000000000533, 77.10000000000002274 ) ) ;
#5371 = VECTOR ( 'NONE', #1834, 1000.000000000000000 ) ;
#5372 = ORIENTED_EDGE ( 'NONE', *, *, #690, .T. ) ;
#5373 = VECTOR ( 'NONE', #1407, 1000.000000000000000 ) ;
#5374 = EDGE_CURVE ( 'NONE', #3613, #4966, #4742, .T. ) ;
#5375 = ORIENTED_EDGE ( 'NONE', *, *, #432, .F. ) ;
#5376 = CARTESIAN_POINT ( 'NONE',  ( 26.50000000000052580, -48.70000000000020890, 61.04999999999797211 ) ) ;
#5377 = EDGE_CURVE ( 'NONE', #861, #837, #1436, .T. ) ;
#5378 = VECTOR ( 'NONE', #2622, 1000.000000000000000 ) ;
#5379 = CARTESIAN_POINT ( 'NONE',  ( 0.000000000000000000, 6.850000000000000533, 0.000000000000000000 ) ) ;
#5380 = AXIS2_PLACEMENT_3D ( 'NONE', #6718, #663, #1752 ) ;
#5381 = ORIENTED_EDGE ( 'NONE', *, *, #1389, .F. ) ;
#5382 = DIRECTION ( 'NONE',  ( 1.982541115402063729E-15, 0.000000000000000000, 1.000000000000000000 ) ) ;
#5383 = ADVANCED_FACE ( 'NONE', ( #6952, #3149 ), #6844, .T. ) ;
#5384 = EDGE_CURVE ( 'NONE', #3403, #2835, #276, .T. ) ;
#5385 = AXIS2_PLACEMENT_3D ( 'NONE', #1234, #618, #1743 ) ;
#5386 = CARTESIAN_POINT ( 'NONE',  ( -29.37500000000054357, 12.34999999999999964, 126.6000000000000512 ) ) ;
#5387 = DIRECTION ( 'NONE',  ( -0.000000000000000000, 1.000000000000000000, -0.000000000000000000 ) ) ;
#5388 = DIRECTION ( 'NONE',  ( -0.8660254037844381525, 0.000000000000000000, 0.5000000000000008882 ) ) ;
#5389 = VERTEX_POINT ( 'NONE', #4777 ) ;
#5390 = VECTOR ( 'NONE', #293, 999.9999999999998863 ) ;
#5391 = CARTESIAN_POINT ( 'NONE',  ( 14.59999999998815312, 1.750000000000000000, 130.4000000000000057 ) ) ;
#5392 = EDGE_LOOP ( 'NONE', ( #3993, #707, #1610, #6811 ) ) ;
#5393 = EDGE_CURVE ( 'NONE', #141, #284, #5318, .T. ) ;
#5394 = ORIENTED_EDGE ( 'NONE', *, *, #196, .T. ) ;
#5395 = LINE ( 'NONE', #535, #1207 ) ;
#5396 = DIRECTION ( 'NONE',  ( 0.000000000000000000, 1.000000000000000000, 0.000000000000000000 ) ) ;
#5397 = CARTESIAN_POINT ( 'NONE',  ( 24.00000000000053646, 3.350000000000000533, 89.50000000000002842 ) ) ;
#5398 = CARTESIAN_POINT ( 'NONE',  ( -7.499999999988182786, 0.000000000000000000, 163.0000000000001421 ) ) ;
#5399 = ORIENTED_EDGE ( 'NONE', *, *, #2048, .T. ) ;
#5400 = ORIENTED_EDGE ( 'NONE', *, *, #765, .T. ) ;
#5401 = DIRECTION ( 'NONE',  ( -4.625929269271430694E-16, 0.000000000000000000, -1.000000000000000000 ) ) ;
#5402 = ORIENTED_EDGE ( 'NONE', *, *, #1855, .F. ) ;
#5403 = DIRECTION ( 'NONE',  ( -1.933235146104446702E-16, 0.000000000000000000, -1.000000000000000000 ) ) ;
#5404 = FACE_OUTER_BOUND ( 'NONE', #3336, .T. ) ;
#5405 = LINE ( 'NONE', #915, #1457 ) ;
#5406 = AXIS2_PLACEMENT_3D ( 'NONE', #6322, #1426, #1356 ) ;
#5407 = DIRECTION ( 'NONE',  ( -0.04361938736533939320, 0.000000000000000000, 0.9990482215818575762 ) ) ;
#5408 = ORIENTED_EDGE ( 'NONE', *, *, #160, .T. ) ;
#5409 = ORIENTED_EDGE ( 'NONE', *, *, #952, .F. ) ;
#5410 = VECTOR ( 'NONE', #3239, 1000.000000000000000 ) ;
#5411 = ORIENTED_EDGE ( 'NONE', *, *, #2004, .T. ) ;
#5412 = DIRECTION ( 'NONE',  ( 0.000000000000000000, 0.000000000000000000, 1.000000000000000000 ) ) ;
#5413 = DIRECTION ( 'NONE',  ( 0.7071067811865505703, -0.000000000000000000, 0.7071067811865444641 ) ) ;
#5414 = ORIENTED_EDGE ( 'NONE', *, *, #2805, .T. ) ;
#5415 = DIRECTION ( 'NONE',  ( 0.7071067811865463515, -0.7071067811865487940, -1.401868266681938576E-15 ) ) ;
#5416 = VECTOR ( 'NONE', #7133, 1000.000000000000000 ) ;
#5417 = VECTOR ( 'NONE', #2163, 1000.000000000000000 ) ;
#5418 = ADVANCED_FACE ( 'NONE', ( #4666 ), #6875, .F. ) ;
#5419 = CARTESIAN_POINT ( 'NONE',  ( -22.69999999998817586, -2.000000000000000000, 102.5500000000000114 ) ) ;
#5420 = CARTESIAN_POINT ( 'NONE',  ( 7.499999999988222754, 1.750000000000000000, 163.0000000000001421 ) ) ;
#5421 = AXIS2_PLACEMENT_3D ( 'NONE', #2179, #2590, #6472 ) ;
#5422 = EDGE_CURVE ( 'NONE', #7061, #2054, #6436, .T. ) ;
#5423 = FACE_OUTER_BOUND ( 'NONE', #3569, .T. ) ;
#5424 = ORIENTED_EDGE ( 'NONE', *, *, #1845, .F. ) ;
#5425 = ADVANCED_FACE ( 'NONE', ( #1470 ), #5350, .F. ) ;
#5426 = CARTESIAN_POINT ( 'NONE',  ( 11.84871062256328500, 8.900000000000002132, 79.10000000000002274 ) ) ;
#5427 = ORIENTED_EDGE ( 'NONE', *, *, #4985, .T. ) ;
#5428 = ORIENTED_EDGE ( 'NONE', *, *, #1666, .T. ) ;
#5429 = VECTOR ( 'NONE', #6862, 1000.000000000000000 ) ;
#5430 = CARTESIAN_POINT ( 'NONE',  ( -41.58984600082453653, 4.850000000000000533, 72.03572635239308397 ) ) ;
#5431 = DIRECTION ( 'NONE',  ( 0.000000000000000000, 0.000000000000000000, -1.000000000000000000 ) ) ;
#5432 = EDGE_CURVE ( 'NONE', #1962, #4575, #6006, .T. ) ;
#5433 = CARTESIAN_POINT ( 'NONE',  ( 26.00112609147809906, -2.000000000000000000, 110.1499999999999488 ) ) ;
#5434 = VECTOR ( 'NONE', #1889, 1000.000000000000000 ) ;
#5435 = PLANE ( 'NONE',  #6249 ) ;
#5436 = ORIENTED_EDGE ( 'NONE', *, *, #1676, .F. ) ;
#5437 = ORIENTED_EDGE ( 'NONE', *, *, #1931, .T. ) ;
#5438 = DIRECTION ( 'NONE',  ( -0.8660254037844383745, 0.000000000000000000, -0.5000000000000004441 ) ) ;
#5439 = AXIS2_PLACEMENT_3D ( 'NONE', #208, #6797, #1050 ) ;
#5440 = VERTEX_POINT ( 'NONE', #3796 ) ;
#5441 = VECTOR ( 'NONE', #224, 1000.000000000000000 ) ;
#5442 = DIRECTION ( 'NONE',  ( 0.000000000000000000, 1.000000000000000000, 0.000000000000000000 ) ) ;
#5443 = EDGE_CURVE ( 'NONE', #3776, #2871, #4407, .T. ) ;
#5444 = CARTESIAN_POINT ( 'NONE',  ( 24.70112609147810190, -2.000000000000000000, 117.7999999999999545 ) ) ;
#5445 = DIRECTION ( 'NONE',  ( 1.000000000000000000, -0.000000000000000000, 3.341720035121220103E-15 ) ) ;
#5446 = VECTOR ( 'NONE', #3416, 1000.000000000000000 ) ;
#5447 = CARTESIAN_POINT ( 'NONE',  ( 26.00112609145446996, 0.000000000000000000, 130.1000000000000227 ) ) ;
#5448 = ORIENTED_EDGE ( 'NONE', *, *, #197, .F. ) ;
#5449 = ORIENTED_EDGE ( 'NONE', *, *, #507, .T. ) ;
#5450 = VECTOR ( 'NONE', #3592, 1000.000000000000000 ) ;
#5451 = ORIENTED_EDGE ( 'NONE', *, *, #4847, .T. ) ;
#5452 = DIRECTION ( 'NONE',  ( -0.000000000000000000, -1.000000000000000000, -0.000000000000000000 ) ) ;
#5453 = CARTESIAN_POINT ( 'NONE',  ( -11.84871062253963103, 12.34999999999999964, 77.10000000000002274 ) ) ;
#5454 = ORIENTED_EDGE ( 'NONE', *, *, #5689, .T. ) ;
#5455 = DIRECTION ( 'NONE',  ( 0.000000000000000000, -1.084202172485504187E-16, 1.000000000000000000 ) ) ;
#5456 = FACE_BOUND ( 'NONE', #6267, .T. ) ;
#5457 = FACE_OUTER_BOUND ( 'NONE', #6439, .T. ) ;
#5458 = CARTESIAN_POINT ( 'NONE',  ( -26.50000000000052935, 1.748873908546083600, 79.10000000000002274 ) ) ;
#5459 = EDGE_CURVE ( 'NONE', #2313, #6193, #7053, .T. ) ;
#5460 = ORIENTED_EDGE ( 'NONE', *, *, #6904, .F. ) ;
#5461 = DIRECTION ( 'NONE',  ( 0.8660254037844395958, 0.000000000000000000, -0.4999999999999982236 ) ) ;
#5462 = ORIENTED_EDGE ( 'NONE', *, *, #248, .F. ) ;
#5463 = EDGE_LOOP ( 'NONE', ( #2286, #4046, #1245, #6514, #2645, #1478, #2825, #5290, #5854 ) ) ;
#5464 = EDGE_CURVE ( 'NONE', #1172, #5994, #4336, .T. ) ;
#5465 = DIRECTION ( 'NONE',  ( 0.8660254037844378194, 0.000000000000000000, 0.5000000000000015543 ) ) ;
#5466 = DIRECTION ( 'NONE',  ( 0.8660254037844437036, 0.000000000000000000, 0.4999999999999912847 ) ) ;
#5467 = LINE ( 'NONE', #3773, #2523 ) ;
#5468 = EDGE_CURVE ( 'NONE', #1534, #2588, #5603, .T. ) ;
#5469 = CARTESIAN_POINT ( 'NONE',  ( -33.75000000000054001, 12.34999999999999964, 0.000000000000000000 ) ) ;
#5470 = DIRECTION ( 'NONE',  ( 0.000000000000000000, 0.000000000000000000, 1.000000000000000000 ) ) ;
#5471 = ORIENTED_EDGE ( 'NONE', *, *, #4220, .T. ) ;
#5472 = ORIENTED_EDGE ( 'NONE', *, *, #509, .T. ) ;
#5473 = DIRECTION ( 'NONE',  ( 1.487823741253916993E-15, 0.000000000000000000, 1.000000000000000000 ) ) ;
#5474 = VECTOR ( 'NONE', #4200, 1000.000000000000114 ) ;
#5475 = ORIENTED_EDGE ( 'NONE', *, *, #5571, .T. ) ;
#5476 = EDGE_CURVE ( 'NONE', #4457, #6314, #4879, .T. ) ;
#5477 = CARTESIAN_POINT ( 'NONE',  ( -33.75000000000056843, 3.050000000000000266, 91.90000000000001990 ) ) ;
#5478 = CARTESIAN_POINT ( 'NONE',  ( -33.75000000000054001, 4.850000000000000533, 79.62590742770457553 ) ) ;
#5479 = CARTESIAN_POINT ( 'NONE',  ( 11.84871062256328500, 12.34999999999999964, 79.10000000000002274 ) ) ;
#5480 = PLANE ( 'NONE',  #6791 ) ;
#5481 = ORIENTED_EDGE ( 'NONE', *, *, #2004, .F. ) ;
#5482 = PLANE ( 'NONE',  #567 ) ;
#5483 = VERTEX_POINT ( 'NONE', #5419 ) ;
#5484 = ADVANCED_FACE ( 'NONE', ( #4265 ), #3863, .F. ) ;
#5485 = CARTESIAN_POINT ( 'NONE',  ( -7.674496078601756643, 2.274239170522241782, 134.5242391704906595 ) ) ;
#5486 = ORIENTED_EDGE ( 'NONE', *, *, #3259, .F. ) ;
#5487 = DIRECTION ( 'NONE',  ( 0.8660254037844398178, 0.000000000000000000, 0.4999999999999977240 ) ) ;
#5488 = DIRECTION ( 'NONE',  ( 0.000000000000000000, 1.000000000000000000, -0.000000000000000000 ) ) ;
#5489 = ORIENTED_EDGE ( 'NONE', *, *, #1975, .T. ) ;
#5490 = CARTESIAN_POINT ( 'NONE',  ( 33.75000000000054712, 0.000000000000000000, 89.50000000000002842 ) ) ;
#5491 = AXIS2_PLACEMENT_3D ( 'NONE', #6431, #5785, #6835 ) ;
#5492 = VECTOR ( 'NONE', #2709, 1000.000000000000000 ) ;
#5493 = DIRECTION ( 'NONE',  ( 0.9990482215816995915, 0.000000000000000000, -0.04361938736895979579 ) ) ;
#5494 = CARTESIAN_POINT ( 'NONE',  ( 29.37500000000054357, 4.850000000000000533, 80.80000000000001137 ) ) ;
#5495 = DIRECTION ( 'NONE',  ( 0.7071067811865493491, -0.000000000000000000, -0.7071067811865456854 ) ) ;
#5496 = ORIENTED_EDGE ( 'NONE', *, *, #7096, .T. ) ;
#5497 = DIRECTION ( 'NONE',  ( 0.5773502691896285066, 0.5773502691896253980, 0.5773502691896235106 ) ) ;
#5498 = ORIENTED_EDGE ( 'NONE', *, *, #248, .T. ) ;
#5499 = ADVANCED_FACE ( 'NONE', ( #387 ), #3254, .F. ) ;
#5500 = FACE_BOUND ( 'NONE', #2084, .T. ) ;
#5501 = FACE_OUTER_BOUND ( 'NONE', #4195, .T. ) ;
#5502 = AXIS2_PLACEMENT_3D ( 'NONE', #2255, #3318, #126 ) ;
#5503 = DIRECTION ( 'NONE',  ( 0.000000000000000000, -1.000000000000000000, 0.000000000000000000 ) ) ;
#5504 = LINE ( 'NONE', #2888, #4049 ) ;
#5505 = DIRECTION ( 'NONE',  ( 0.000000000000000000, 1.000000000000000000, 0.000000000000000000 ) ) ;
#5506 = VERTEX_POINT ( 'NONE', #3288 ) ;
#5507 = VERTEX_POINT ( 'NONE', #5386 ) ;
#5508 = PLANE ( 'NONE',  #1261 ) ;
#5509 = ORIENTED_EDGE ( 'NONE', *, *, #3160, .T. ) ;
#5510 = ADVANCED_FACE ( 'NONE', ( #5456, #7124 ), #2119, .F. ) ;
#5511 = LINE ( 'NONE', #1667, #2777 ) ;
#5512 = CARTESIAN_POINT ( 'NONE',  ( -13.57930174806593016, 1.249999999999999556, 122.0018057028501204 ) ) ;
#5513 = DIRECTION ( 'NONE',  ( 8.226619123294235526E-15, -0.000000000000000000, 1.000000000000000000 ) ) ;
#5514 = EDGE_CURVE ( 'NONE', #5046, #3861, #4370, .T. ) ;
#5515 = ADVANCED_FACE ( 'NONE', ( #6074 ), #4948, .F. ) ;
#5516 = DIRECTION ( 'NONE',  ( 0.000000000000000000, 1.000000000000000000, 0.000000000000000000 ) ) ;
#5517 = EDGE_LOOP ( 'NONE', ( #2705, #4171, #143, #1489 ) ) ;
#5518 = CARTESIAN_POINT ( 'NONE',  ( 33.75000000000054712, 12.34999999999999964, 127.7740925722955154 ) ) ;
#5519 = ORIENTED_EDGE ( 'NONE', *, *, #2719, .F. ) ;
#5520 = AXIS2_PLACEMENT_3D ( 'NONE', #5955, #985, #5407 ) ;
#5521 = DIRECTION ( 'NONE',  ( 0.000000000000000000, 0.000000000000000000, -1.000000000000000000 ) ) ;
#5522 = DIRECTION ( 'NONE',  ( 0.000000000000000000, -1.000000000000000000, 0.000000000000000000 ) ) ;
#5523 = ORIENTED_EDGE ( 'NONE', *, *, #3970, .F. ) ;
#5524 = LINE ( 'NONE', #562, #4024 ) ;
#5525 = VECTOR ( 'NONE', #948, 1000.000000000000000 ) ;
#5526 = PLANE ( 'NONE',  #5273 ) ;
#5527 = DIRECTION ( 'NONE',  ( 0.000000000000000000, -0.000000000000000000, -1.000000000000000000 ) ) ;
#5528 = VECTOR ( 'NONE', #902, 1000.000000000000000 ) ;
#5529 = ADVANCED_FACE ( 'NONE', ( #7019 ), #420, .T. ) ;
#5530 = LINE ( 'NONE', #4881, #5265 ) ;
#5531 = EDGE_LOOP ( 'NONE', ( #2502, #6605, #7039, #6453 ) ) ;
#5532 = VECTOR ( 'NONE', #3807, 1000.000000000000000 ) ;
#5533 = CYLINDRICAL_SURFACE ( 'NONE', #2790, 3.375000000000003109 ) ;
#5534 = FACE_OUTER_BOUND ( 'NONE', #2015, .T. ) ;
#5535 = AXIS2_PLACEMENT_3D ( 'NONE', #6981, #2009, #273 ) ;
#5536 = DIRECTION ( 'NONE',  ( 0.000000000000000000, -1.000000000000000000, 0.000000000000000000 ) ) ;
#5537 = CARTESIAN_POINT ( 'NONE',  ( 26.04152931588985354, 12.34999999999999964, 45.10525188191666501 ) ) ;
#5538 = DIRECTION ( 'NONE',  ( 1.000000000000000000, 0.000000000000000000, -0.000000000000000000 ) ) ;
#5539 = AXIS2_PLACEMENT_3D ( 'NONE', #1946, #247, #4740 ) ;
#5540 = CARTESIAN_POINT ( 'NONE',  ( 33.75000000000054712, 3.350000000000000089, 113.5000000000000142 ) ) ;
#5541 = ORIENTED_EDGE ( 'NONE', *, *, #2686, .F. ) ;
#5542 = VERTEX_POINT ( 'NONE', #998 ) ;
#5543 = CARTESIAN_POINT ( 'NONE',  ( -16.89999999998816449, 1.750000000000001554, 95.84999999999999432 ) ) ;
#5544 = ORIENTED_EDGE ( 'NONE', *, *, #6141, .T. ) ;
#5545 = CARTESIAN_POINT ( 'NONE',  ( 11.84871062256329211, 8.900000000000002132, 77.10000000000002274 ) ) ;
#5546 = VECTOR ( 'NONE', #1664, 1000.000000000000000 ) ;
#5547 = FACE_OUTER_BOUND ( 'NONE', #216, .T. ) ;
#5548 = FACE_OUTER_BOUND ( 'NONE', #3335, .T. ) ;
#5549 = EDGE_CURVE ( 'NONE', #4038, #320, #1510, .T. ) ;
#5550 = VECTOR ( 'NONE', #5281, 999.9999999999998863 ) ;
#5551 = DIRECTION ( 'NONE',  ( -0.7068211600042046960, 0.000000000000000000, 0.7073922870446852640 ) ) ;
#5552 = ORIENTED_EDGE ( 'NONE', *, *, #4768, .T. ) ;
#5553 = VERTEX_POINT ( 'NONE', #6509 ) ;
#5554 = CIRCLE ( 'NONE', #2430, 3.099999999999991651 ) ;
#5555 = DIRECTION ( 'NONE',  ( 0.7071067811865493491, -0.000000000000000000, 0.7071067811865456854 ) ) ;
#5556 = ORIENTED_EDGE ( 'NONE', *, *, #5255, .F. ) ;
#5557 = AXIS2_PLACEMENT_3D ( 'NONE', #376, #3820, #1566 ) ;
#5558 = ADVANCED_FACE ( 'NONE', ( #1543, #529, #3832 ), #963, .T. ) ;
#5559 = LINE ( 'NONE', #2769, #2728 ) ;
#5560 = ADVANCED_FACE ( 'NONE', ( #6616, #3394, #2846, #1794, #1288, #6683, #3468 ), #5053, .T. ) ;
#5561 = ORIENTED_EDGE ( 'NONE', *, *, #5384, .F. ) ;
#5562 = LINE ( 'NONE', #2919, #2625 ) ;
#5563 = VECTOR ( 'NONE', #2823, 1000.000000000000000 ) ;
#5564 = EDGE_CURVE ( 'NONE', #5323, #5760, #91, .T. ) ;
#5565 = CARTESIAN_POINT ( 'NONE',  ( 25.35112609145443585, 2.824844346342719970, 114.2500000000000142 ) ) ;
#5566 = DIRECTION ( 'NONE',  ( 0.000000000000000000, 0.000000000000000000, 1.000000000000000000 ) ) ;
#5567 = LINE ( 'NONE', #3433, #5845 ) ;
#5568 = ORIENTED_EDGE ( 'NONE', *, *, #5432, .F. ) ;
#5569 = DIRECTION ( 'NONE',  ( 0.7068211600042046960, 0.000000000000000000, -0.7073922870446852640 ) ) ;
#5570 = LINE ( 'NONE', #2852, #4851 ) ;
#5571 = EDGE_CURVE ( 'NONE', #5331, #5179, #4514, .T. ) ;
#5572 = LINE ( 'NONE', #5793, #2366 ) ;
#5573 = CARTESIAN_POINT ( 'NONE',  ( 26.00112609145443798, 1.249999999999996669, 114.2500000000000142 ) ) ;
#5574 = DIRECTION ( 'NONE',  ( 5.826412960911244642E-13, -0.000000000000000000, 1.000000000000000000 ) ) ;
#5575 = DIRECTION ( 'NONE',  ( -1.000000000000000000, 0.000000000000000000, -0.000000000000000000 ) ) ;
#5576 = VERTEX_POINT ( 'NONE', #6178 ) ;
#5577 = VERTEX_POINT ( 'NONE', #5565 ) ;
#5578 = CARTESIAN_POINT ( 'NONE',  ( -30.03370869715185165, 5.282582605697410116, 82.63370869715132017 ) ) ;
#5579 = EDGE_LOOP ( 'NONE', ( #5713, #1526, #5065, #2492, #6038, #569, #1767, #2857 ) ) ;
#5580 = LINE ( 'NONE', #6740, #122 ) ;
#5581 = DIRECTION ( 'NONE',  ( 0.000000000000000000, 0.000000000000000000, 1.000000000000000000 ) ) ;
#5582 = LINE ( 'NONE', #2868, #2256 ) ;
#5583 = DIRECTION ( 'NONE',  ( 0.000000000000000000, 1.000000000000000000, 0.000000000000000000 ) ) ;
#5584 = ORIENTED_EDGE ( 'NONE', *, *, #1570, .T. ) ;
#5585 = ORIENTED_EDGE ( 'NONE', *, *, #6613, .T. ) ;
#5586 = DIRECTION ( 'NONE',  ( -0.000000000000000000, -1.000000000000000000, 0.000000000000000000 ) ) ;
#5587 = VERTEX_POINT ( 'NONE', #5094 ) ;
#5588 = EDGE_CURVE ( 'NONE', #4938, #5624, #4006, .T. ) ;
#5589 = EDGE_CURVE ( 'NONE', #1822, #1083, #2225, .T. ) ;
#5590 = DIRECTION ( 'NONE',  ( 0.4774298500276914492, 0.000000000000000000, 0.8786698687803833341 ) ) ;
#5591 = ORIENTED_EDGE ( 'NONE', *, *, #6839, .T. ) ;
#5592 = CARTESIAN_POINT ( 'NONE',  ( -13.57930174801888512, 0.000000000000000000, 122.0018057028579648 ) ) ;
#5593 = ORIENTED_EDGE ( 'NONE', *, *, #6820, .F. ) ;
#5594 = EDGE_CURVE ( 'NONE', #5659, #4779, #6108, .T. ) ;
#5595 = CARTESIAN_POINT ( 'NONE',  ( 10.20430174806593726, 1.750000000000000000, 125.7684116160548484 ) ) ;
#5596 = DIRECTION ( 'NONE',  ( 1.000000000000000000, -0.000000000000000000, -0.000000000000000000 ) ) ;
#5597 = DIRECTION ( 'NONE',  ( 0.000000000000000000, 1.000000000000000000, 0.000000000000000000 ) ) ;
#5598 = ORIENTED_EDGE ( 'NONE', *, *, #5284, .F. ) ;
#5599 = ADVANCED_FACE ( 'NONE', ( #4438, #3936, #6147 ), #633, .T. ) ;
#5601 = EDGE_CURVE ( 'NONE', #3506, #1107, #669, .T. ) ;
#5600 = FACE_OUTER_BOUND ( 'NONE', #597, .T. ) ;
#5602 = LINE ( 'NONE', #3328, #3582 ) ;
#5603 = CIRCLE ( 'NONE', #4342, 2.549999999999996714 ) ;
#5604 = CARTESIAN_POINT ( 'NONE',  ( 18.55056304572719128, -6.200563045727254696, 130.3000000000000398 ) ) ;
#5605 = CARTESIAN_POINT ( 'NONE',  ( -4.120447735897550423, 12.34999999999999964, 152.8000000000000114 ) ) ;
#5606 = ORIENTED_EDGE ( 'NONE', *, *, #2406, .F. ) ;
#5607 = VECTOR ( 'NONE', #1065, 1000.000000000000000 ) ;
#5608 = ADVANCED_FACE ( 'NONE', ( #167 ), #6213, .F. ) ;
#5609 = VECTOR ( 'NONE', #6362, 1000.000000000000227 ) ;
#5610 = DIRECTION ( 'NONE',  ( -2.608606730792191375E-16, 1.721680442322838922E-15, -1.000000000000000000 ) ) ;
#5611 = VERTEX_POINT ( 'NONE', #6724 ) ;
#5612 = EDGE_LOOP ( 'NONE', ( #5352, #5191, #82, #4397 ) ) ;
#5613 = DIRECTION ( 'NONE',  ( 0.000000000000000000, 0.000000000000000000, 1.000000000000000000 ) ) ;
#5614 = ORIENTED_EDGE ( 'NONE', *, *, #6620, .F. ) ;
#5615 = AXIS2_PLACEMENT_3D ( 'NONE', #6103, #5521, #5627 ) ;
#5616 = FACE_BOUND ( 'NONE', #6323, .T. ) ;
#5617 = LINE ( 'NONE', #2866, #3248 ) ;
#5618 = PRODUCT_DEFINITION_CONTEXT ( 'detailed design', #7028, 'design' ) ;
#5619 = LINE ( 'NONE', #188, #1711 ) ;
#5620 = DIRECTION ( 'NONE',  ( 0.000000000000000000, 0.000000000000000000, -1.000000000000000000 ) ) ;
#5621 = DIRECTION ( 'NONE',  ( -0.5000000000000008882, 0.000000000000000000, -0.8660254037844381525 ) ) ;
#5622 = ORIENTED_EDGE ( 'NONE', *, *, #6573, .F. ) ;
#5623 = VECTOR ( 'NONE', #1070, 1000.000000000000000 ) ;
#5624 = VERTEX_POINT ( 'NONE', #1246 ) ;
#5625 = DIRECTION ( 'NONE',  ( 0.000000000000000000, 1.000000000000000000, -0.000000000000000000 ) ) ;
#5626 = ORIENTED_EDGE ( 'NONE', *, *, #5464, .T. ) ;
#5627 = DIRECTION ( 'NONE',  ( -1.000000000000000000, 0.000000000000000000, -0.000000000000000000 ) ) ;
#5628 = FILL_AREA_STYLE_COLOUR ( '', #6072 ) ;
#5629 = ORIENTED_EDGE ( 'NONE', *, *, #559, .F. ) ;
#5630 = CARTESIAN_POINT ( 'NONE',  ( 29.37500000000054357, 4.850000000000000533, 82.35000000000000853 ) ) ;
#5631 = ORIENTED_EDGE ( 'NONE', *, *, #3206, .T. ) ;
#5632 = CARTESIAN_POINT ( 'NONE',  ( 29.37500000000057554, 2.350000000000000089, 128.3120290209214431 ) ) ;
#5633 = LINE ( 'NONE', #6179, #1704 ) ;
#5634 = DIRECTION ( 'NONE',  ( 0.000000000000000000, 0.5735764363510453823, -0.8191520442889923537 ) ) ;
#5635 = ORIENTED_EDGE ( 'NONE', *, *, #1225, .T. ) ;
#5636 = FACE_OUTER_BOUND ( 'NONE', #6596, .T. ) ;
#5637 = AXIS2_PLACEMENT_3D ( 'NONE', #513, #5924, #6529 ) ;
#5638 = EDGE_CURVE ( 'NONE', #6990, #2911, #1210, .T. ) ;
#5639 = FACE_OUTER_BOUND ( 'NONE', #4314, .T. ) ;
#5640 = CARTESIAN_POINT ( 'NONE',  ( 10.20430174808563706, -2.000000000000000000, 129.8999999999998920 ) ) ;
#5641 = ADVANCED_FACE ( 'NONE', ( #1759 ), #5526, .F. ) ;
#5642 = DIRECTION ( 'NONE',  ( 0.000000000000000000, 1.000000000000000000, 0.000000000000000000 ) ) ;
#5643 = CARTESIAN_POINT ( 'NONE',  ( 16.80000000000053362, 53.23340376863964707, 82.35000000000002274 ) ) ;
#5644 = EDGE_CURVE ( 'NONE', #6489, #121, #6793, .T. ) ;
#5645 = ORIENTED_EDGE ( 'NONE', *, *, #253, .T. ) ;
#5646 = DIRECTION ( 'NONE',  ( 0.000000000000000000, 0.000000000000000000, -1.000000000000000000 ) ) ;
#5647 = VECTOR ( 'NONE', #4889, 1000.000000000000000 ) ;
#5648 = ORIENTED_EDGE ( 'NONE', *, *, #2398, .T. ) ;
#5649 = EDGE_LOOP ( 'NONE', ( #3682, #5332 ) ) ;
#5650 = CARTESIAN_POINT ( 'NONE',  ( -12.49999999998817657, -4.000000000000000000, 146.5000000000000000 ) ) ;
#5651 = ORIENTED_EDGE ( 'NONE', *, *, #3577, .T. ) ;
#5652 = EDGE_CURVE ( 'NONE', #5577, #1734, #1682, .T. ) ;
#5653 = CARTESIAN_POINT ( 'NONE',  ( 24.70112609145446925, -2.000000000000000000, 129.8999999999998920 ) ) ;
#5654 = DIRECTION ( 'NONE',  ( 0.000000000000000000, 0.000000000000000000, 1.000000000000000000 ) ) ;
#5655 = LINE ( 'NONE', #6816, #1479 ) ;
#5656 = DIRECTION ( 'NONE',  ( 0.000000000000000000, 1.000000000000000000, 0.000000000000000000 ) ) ;
#5657 = CIRCLE ( 'NONE', #4961, 1.549999999999995826 ) ;
#5658 = CARTESIAN_POINT ( 'NONE',  ( -29.37500000000054357, 4.850000000000000533, 126.6000000000000512 ) ) ;
#5659 = VERTEX_POINT ( 'NONE', #22 ) ;
#5660 = ORIENTED_EDGE ( 'NONE', *, *, #6985, .F. ) ;
#5661 = PLANE ( 'NONE',  #6242 ) ;
#5662 = ORIENTED_EDGE ( 'NONE', *, *, #5122, .T. ) ;
#5663 = VECTOR ( 'NONE', #3127, 1000.000000000000114 ) ;
#5664 = ADVANCED_FACE ( 'NONE', ( #6647 ), #3897, .F. ) ;
#5665 = CARTESIAN_POINT ( 'NONE',  ( 33.75000000000054712, 3.350000000000002309, 6.053462129710739664E-17 ) ) ;
#5666 = CARTESIAN_POINT ( 'NONE',  ( 0.000000000000000000, 0.000000000000000000, 0.000000000000000000 ) ) ;
#5667 = ORIENTED_EDGE ( 'NONE', *, *, #3870, .F. ) ;
#5668 = CONICAL_SURFACE ( 'NONE', #810, 1.549999999999995826, 0.7853981633974594923 ) ;
#5669 = LINE ( 'NONE', #1138, #2741 ) ;
#5670 = ORIENTED_EDGE ( 'NONE', *, *, #5979, .T. ) ;
#5671 = VECTOR ( 'NONE', #1813, 1000.000000000000000 ) ;
#5672 = DIRECTION ( 'NONE',  ( 0.000000000000000000, 1.000000000000000000, -0.000000000000000000 ) ) ;
#5673 = CYLINDRICAL_SURFACE ( 'NONE', #5876, 1.549999999999995826 ) ;
#5674 = CARTESIAN_POINT ( 'NONE',  ( 44.53117168668730130, 4.850000000000000533, 77.13025188191750203 ) ) ;
#5675 = ORIENTED_EDGE ( 'NONE', *, *, #4539, .T. ) ;
#5676 = VECTOR ( 'NONE', #4103, 1000.000000000000000 ) ;
#5677 = CARTESIAN_POINT ( 'NONE',  ( 26.00112609145436693, 53.23340376863964707, 78.60112609145387808 ) ) ;
#5678 = DIRECTION ( 'NONE',  ( 0.000000000000000000, 0.000000000000000000, -1.000000000000000000 ) ) ;
#5679 = CARTESIAN_POINT ( 'NONE',  ( -60.07948837162225431, 4.850000000000000533, 104.0607263523931749 ) ) ;
#5680 = VECTOR ( 'NONE', #1372, 1000.000000000000000 ) ;
#5681 = LINE ( 'NONE', #4522, #5148 ) ;
#5682 = EDGE_CURVE ( 'NONE', #5139, #4600, #6944, .T. ) ;
#5683 = DIRECTION ( 'NONE',  ( 0.4774298500276900614, -0.000000000000000000, -0.8786698687803841112 ) ) ;
#5684 = ORIENTED_EDGE ( 'NONE', *, *, #6122, .F. ) ;
#5685 = CARTESIAN_POINT ( 'NONE',  ( 29.37500000000054357, 6.850000000000000533, 125.0500000000000540 ) ) ;
#5686 = EDGE_LOOP ( 'NONE', ( #7025, #2896, #103, #6533 ) ) ;
#5687 = ORIENTED_EDGE ( 'NONE', *, *, #6579, .F. ) ;
#5688 = CARTESIAN_POINT ( 'NONE',  ( 14.59999999998815312, 0.7500000000000069944, 130.4000000000000057 ) ) ;
#5689 = EDGE_CURVE ( 'NONE', #5142, #2124, #345, .T. ) ;
#5690 = EDGE_LOOP ( 'NONE', ( #7164, #1828 ) ) ;
#5691 = CARTESIAN_POINT ( 'NONE',  ( -25.35112609145443585, 0.4999999999999952260, 114.2500000000000142 ) ) ;
#5692 = ADVANCED_FACE ( 'NONE', ( #6869 ), #2407, .F. ) ;
#5693 = DIRECTION ( 'NONE',  ( -0.000000000000000000, -1.000000000000000000, 0.000000000000000000 ) ) ;
#5694 = VECTOR ( 'NONE', #177, 1000.000000000000000 ) ;
#5695 = DIRECTION ( 'NONE',  ( -4.081702296415980498E-16, -0.000000000000000000, -1.000000000000000000 ) ) ;
#5696 = CARTESIAN_POINT ( 'NONE',  ( -13.57930174801668599, -2.000000000000000000, 125.7684116160626928 ) ) ;
#5697 = PLANE ( 'NONE',  #4177 ) ;
#5698 = ORIENTED_EDGE ( 'NONE', *, *, #3355, .T. ) ;
#5699 = EDGE_CURVE ( 'NONE', #6338, #3515, #4659, .T. ) ;
#5700 = ORIENTED_EDGE ( 'NONE', *, *, #787, .T. ) ;
#5701 = CARTESIAN_POINT ( 'NONE',  ( 29.37500000000054357, 4.850000000000000533, 123.5000000000000568 ) ) ;
#5702 = EDGE_CURVE ( 'NONE', #6521, #4246, #241, .T. ) ;
#5703 = ORIENTED_EDGE ( 'NONE', *, *, #1646, .F. ) ;
#5704 = DIRECTION ( 'NONE',  ( 0.000000000000000000, 0.000000000000000000, 1.000000000000000000 ) ) ;
#5705 = PRODUCT_CONTEXT ( 'NONE', #4167, 'mechanical' ) ;
#5706 = VERTEX_POINT ( 'NONE', #1360 ) ;
#5707 = LINE ( 'NONE', #4436, #2514 ) ;
#5708 = EDGE_CURVE ( 'NONE', #7092, #2743, #847, .T. ) ;
#5709 = ORIENTED_EDGE ( 'NONE', *, *, #3754, .T. ) ;
#5710 = ORIENTED_EDGE ( 'NONE', *, *, #3578, .F. ) ;
#5711 = LINE ( 'NONE', #6907, #3071 ) ;
#5712 = DIRECTION ( 'NONE',  ( 0.000000000000000000, 9.035018104045866996E-17, -1.000000000000000000 ) ) ;
#5713 = ORIENTED_EDGE ( 'NONE', *, *, #2707, .T. ) ;
#5714 = CARTESIAN_POINT ( 'NONE',  ( 26.50000000000054357, 1.748873908546102252, 114.2500000000000142 ) ) ;
#5715 = CARTESIAN_POINT ( 'NONE',  ( 26.50000000000050804, 4.850000000000000533, -6.912807836599439155E-15 ) ) ;
#5716 = DIRECTION ( 'NONE',  ( -1.000000000000000000, 0.000000000000000000, -0.000000000000000000 ) ) ;
#5717 = LINE ( 'NONE', #1256, #6766 ) ;
#5718 = LINE ( 'NONE', #752, #5928 ) ;
#5719 = ORIENTED_EDGE ( 'NONE', *, *, #3527, .T. ) ;
#5720 = FACE_OUTER_BOUND ( 'NONE', #6477, .T. ) ;
#5721 = ORIENTED_EDGE ( 'NONE', *, *, #1449, .F. ) ;
#5722 = AXIS2_PLACEMENT_3D ( 'NONE', #5803, #258, #798 ) ;
#5723 = ORIENTED_EDGE ( 'NONE', *, *, #6708, .F. ) ;
#5724 = EDGE_CURVE ( 'NONE', #2424, #2584, #5819, .T. ) ;
#5725 = CARTESIAN_POINT ( 'NONE',  ( -24.70112609145443372, -2.000000000000000000, 117.8000000000000114 ) ) ;
#5726 = EDGE_LOOP ( 'NONE', ( #6377, #2178, #6748, #4020, #1066, #5342, #4682 ) ) ;
#5727 = DIRECTION ( 'NONE',  ( 0.000000000000000000, 0.000000000000000000, 1.000000000000000000 ) ) ;
#5728 = LINE ( 'NONE', #6163, #462 ) ;
#5729 =( GEOMETRIC_REPRESENTATION_CONTEXT ( 3 ) GLOBAL_UNCERTAINTY_ASSIGNED_CONTEXT ( ( #1701 ) ) GLOBAL_UNIT_ASSIGNED_CONTEXT ( ( #5125, #3503, #3423 ) ) REPRESENTATION_CONTEXT ( 'NONE', 'WORKASPACE' ) );
#5730 = VECTOR ( 'NONE', #3386, 1000.000000000000114 ) ;
#5731 = DIRECTION ( 'NONE',  ( -0.000000000000000000, -1.000000000000000000, 0.000000000000000000 ) ) ;
#5732 = PLANE ( 'NONE',  #6299 ) ;
#5733 = DIRECTION ( 'NONE',  ( 8.659560562354872461E-17, 0.7071067811865526798, -0.7071067811865424657 ) ) ;
#5734 = EDGE_LOOP ( 'NONE', ( #4545, #1397, #1205, #1118, #4699, #2094, #815, #5408, #2196, #6788, #3635, #3575, #6738, #4507, #6700, #1882, #3271, #7045, #4140 ) ) ;
#5735 = ORIENTED_EDGE ( 'NONE', *, *, #6098, .T. ) ;
#5736 = EDGE_CURVE ( 'NONE', #1266, #5139, #2006, .T. ) ;
#5737 = CARTESIAN_POINT ( 'NONE',  ( 0.000000000000000000, -4.000000000000000000, 102.5499999999999545 ) ) ;
#5738 = ORIENTED_EDGE ( 'NONE', *, *, #1758, .T. ) ;
#5739 = AXIS2_PLACEMENT_3D ( 'NONE', #3247, #3175, #7152 ) ;
#5740 = ADVANCED_FACE ( 'NONE', ( #2992 ), #3579, .F. ) ;
#5741 = DIRECTION ( 'NONE',  ( -0.000000000000000000, 0.000000000000000000, -1.000000000000000000 ) ) ;
#5742 = ADVANCED_FACE ( 'NONE', ( #1977 ), #4771, .F. ) ;
#5743 = VECTOR ( 'NONE', #2175, 1000.000000000000114 ) ;
#5744 = LINE ( 'NONE', #880, #6915 ) ;
#5745 = VERTEX_POINT ( 'NONE', #5277 ) ;
#5746 = VERTEX_POINT ( 'NONE', #4222 ) ;
#5747 = EDGE_CURVE ( 'NONE', #5153, #6067, #6977, .T. ) ;
#5748 = CARTESIAN_POINT ( 'NONE',  ( 26.00112609147807419, -2.000000000000000000, 130.1000000000000227 ) ) ;
#5749 = DIRECTION ( 'NONE',  ( 0.000000000000000000, 0.000000000000000000, 1.000000000000000000 ) ) ;
#5750 = ORIENTED_EDGE ( 'NONE', *, *, #4414, .T. ) ;
#5751 = CARTESIAN_POINT ( 'NONE',  ( -26.00112609145444154, -0.2500000000000078271, 113.5000000000000000 ) ) ;
#5752 = DIRECTION ( 'NONE',  ( 1.000000000000000000, 0.000000000000000000, -5.826412960911244642E-13 ) ) ;
#5753 = CARTESIAN_POINT ( 'NONE',  ( 33.75000000000054712, 7.850000000000001421, 89.50000000000002842 ) ) ;
#5754 = CARTESIAN_POINT ( 'NONE',  ( 12.49999999998821565, 0.000000000000000000, 154.0000000000000853 ) ) ;
#5755 = CARTESIAN_POINT ( 'NONE',  ( -21.35344314932018506, 1.750000000000000000, 156.6000000000001933 ) ) ;
#5756 = CIRCLE ( 'NONE', #1823, 1.549999999977375031 ) ;
#5757 = ORIENTED_EDGE ( 'NONE', *, *, #2316, .T. ) ;
#5758 = LINE ( 'NONE', #2344, #5450 ) ;
#5759 = VERTEX_POINT ( 'NONE', #5748 ) ;
#5760 = VERTEX_POINT ( 'NONE', #6430 ) ;
#5761 = CARTESIAN_POINT ( 'NONE',  ( 16.80000000000053006, 1.000000000000003997, 100.9834326468444772 ) ) ;
#5762 = VERTEX_POINT ( 'NONE', #2444 ) ;
#5763 = AXIS2_PLACEMENT_3D ( 'NONE', #168, #566, #1683 ) ;
#5764 = LINE ( 'NONE', #3012, #750 ) ;
#5765 = DIRECTION ( 'NONE',  ( -0.000000000000000000, -1.000000000000000000, -0.000000000000000000 ) ) ;
#5766 = DIRECTION ( 'NONE',  ( 0.000000000000000000, 0.000000000000000000, -1.000000000000000000 ) ) ;
#5767 = CIRCLE ( 'NONE', #4840, 1.549999999999995826 ) ;
#5768 = DIRECTION ( 'NONE',  ( 0.000000000000000000, 1.000000000000000000, 0.000000000000000000 ) ) ;
#5769 = VECTOR ( 'NONE', #4786, 1000.000000000000000 ) ;
#5770 = EDGE_LOOP ( 'NONE', ( #1337, #3467, #5622, #5460 ) ) ;
#5771 = ORIENTED_EDGE ( 'NONE', *, *, #5917, .F. ) ;
#5772 = CARTESIAN_POINT ( 'NONE',  ( -10.20430174806592838, 1.750000000000000000, 125.7684116160548484 ) ) ;
#5773 = ORIENTED_EDGE ( 'NONE', *, *, #4191, .T. ) ;
#5774 = VECTOR ( 'NONE', #2890, 1000.000000000000000 ) ;
#5775 = CARTESIAN_POINT ( 'NONE',  ( 11.84871062256329033, 12.34999999999999964, 77.10000000000002274 ) ) ;
#5776 = EDGE_CURVE ( 'NONE', #5809, #1263, #5711, .T. ) ;
#5777 = CARTESIAN_POINT ( 'NONE',  ( -32.20000000000054996, 4.850000000000000533, 83.98101451046069599 ) ) ;
#5778 = VECTOR ( 'NONE', #5473, 1000.000000000000000 ) ;
#5779 = ORIENTED_EDGE ( 'NONE', *, *, #2559, .F. ) ;
#5780 = ADVANCED_FACE ( 'NONE', ( #4622 ), #1398, .T. ) ;
#5781 = ORIENTED_EDGE ( 'NONE', *, *, #771, .T. ) ;
#5782 = CARTESIAN_POINT ( 'NONE',  ( -26.00112609145443798, 1.750000000000000000, 114.2500000000000142 ) ) ;
#5783 = EDGE_CURVE ( 'NONE', #3541, #5153, #4732, .T. ) ;
#5784 = VECTOR ( 'NONE', #2104, 1000.000000000000000 ) ;
#5785 = DIRECTION ( 'NONE',  ( 0.000000000000000000, 1.000000000000000000, 0.000000000000000000 ) ) ;
#5786 = ORIENTED_EDGE ( 'NONE', *, *, #1218, .F. ) ;
#5787 = LINE ( 'NONE', #1433, #2064 ) ;
#5788 = AXIS2_PLACEMENT_3D ( 'NONE', #6994, #362, #5871 ) ;
#5789 = CARTESIAN_POINT ( 'NONE',  ( 16.90000000001182556, -2.000000000000000000, 99.94999999997739337 ) ) ;
#5790 = LINE ( 'NONE', #1329, #3810 ) ;
#5791 = EDGE_CURVE ( 'NONE', #2842, #2603, #3101, .T. ) ;
#5792 = VECTOR ( 'NONE', #4389, 1000.000000000000114 ) ;
#5793 = CARTESIAN_POINT ( 'NONE',  ( 14.07930174806596213, 1.750000000000000000, 125.7684116160548484 ) ) ;
#5794 = LINE ( 'NONE', #2561, #5474 ) ;
#5795 = VECTOR ( 'NONE', #5080, 1000.000000000000000 ) ;
#5796 = ORIENTED_EDGE ( 'NONE', *, *, #1268, .F. ) ;
#5797 = DIRECTION ( 'NONE',  ( 0.000000000000000000, 0.7071067811865526798, 0.7071067811865424657 ) ) ;
#5798 = ORIENTED_EDGE ( 'NONE', *, *, #4013, .F. ) ;
#5799 = EDGE_CURVE ( 'NONE', #7049, #5324, #3543, .T. ) ;
#5800 = ORIENTED_EDGE ( 'NONE', *, *, #5165, .F. ) ;
#5801 = VECTOR ( 'NONE', #2742, 1000.000000000000000 ) ;
#5802 = ORIENTED_EDGE ( 'NONE', *, *, #5682, .F. ) ;
#5803 = CARTESIAN_POINT ( 'NONE',  ( 17.44999999998820428, 1.750000000000000000, 154.5000000000001705 ) ) ;
#5804 = CARTESIAN_POINT ( 'NONE',  ( 14.59999999998815312, 0.7500000000000069944, 136.5999999999999943 ) ) ;
#5805 = DIRECTION ( 'NONE',  ( -0.7071067811865500152, -0.000000000000000000, 0.7071067811865451302 ) ) ;
#5806 = CARTESIAN_POINT ( 'NONE',  ( 16.80000000000053362, 53.23340376863964707, 77.10000000000002274 ) ) ;
#5807 = PLANE ( 'NONE',  #1281 ) ;
#5808 = VERTEX_POINT ( 'NONE', #1901 ) ;
#5809 = VERTEX_POINT ( 'NONE', #5345 ) ;
#5810 = CARTESIAN_POINT ( 'NONE',  ( 29.72734600082409884, 4.850000000000000533, 51.48927364760705672 ) ) ;
#5811 = VERTEX_POINT ( 'NONE', #1537 ) ;
#5812 = DIRECTION ( 'NONE',  ( 1.401796748264086446E-16, -0.000000000000000000, 1.000000000000000000 ) ) ;
#5813 = PLANE ( 'NONE',  #4950 ) ;
#5814 = DIRECTION ( 'NONE',  ( -0.000000000000000000, -1.000000000000000000, -0.000000000000000000 ) ) ;
#5815 = CARTESIAN_POINT ( 'NONE',  ( 41.58984600082425942, 4.850000000000000533, 72.03572635239324029 ) ) ;
#5816 = ORIENTED_EDGE ( 'NONE', *, *, #4855, .T. ) ;
#5817 = PRODUCT_DEFINITION ( '未知', '', #4114, #5618 ) ;
#5818 = ORIENTED_EDGE ( 'NONE', *, *, #3214, .T. ) ;
#5819 = LINE ( 'NONE', #1323, #1450 ) ;
#5820 = CARTESIAN_POINT ( 'NONE',  ( -32.20000000000054996, 2.350000000000000089, 0.000000000000000000 ) ) ;
#5821 = VERTEX_POINT ( 'NONE', #4905 ) ;
#5822 = PLANE ( 'NONE',  #6803 ) ;
#5823 = PLANE ( 'NONE',  #3359 ) ;
#5824 = CARTESIAN_POINT ( 'NONE',  ( -3.358391833210450539, 1.750000000000000000, 150.5000000000000000 ) ) ;
#5825 = ADVANCED_FACE ( 'NONE', ( #449 ), #7085, .T. ) ;
#5826 = CARTESIAN_POINT ( 'NONE',  ( -10.20430174806592838, 1.750000000000000000, 82.85000000000002274 ) ) ;
#5827 = LINE ( 'NONE', #4232, #5941 ) ;
#5828 = VECTOR ( 'NONE', #6987, 1000.000000000000000 ) ;
#5829 = EDGE_CURVE ( 'NONE', #804, #3473, #4400, .T. ) ;
#5830 = ORIENTED_EDGE ( 'NONE', *, *, #4362, .T. ) ;
#5831 = EDGE_CURVE ( 'NONE', #4719, #6313, #3683, .T. ) ;
#5832 = CARTESIAN_POINT ( 'NONE',  ( 16.90000000001182556, 0.7499999999999729106, 98.40000000000001990 ) ) ;
#5833 = ORIENTED_EDGE ( 'NONE', *, *, #2461, .F. ) ;
#5834 = ORIENTED_EDGE ( 'NONE', *, *, #6939, .F. ) ;
#5835 = VERTEX_POINT ( 'NONE', #414 ) ;
#5836 = DIRECTION ( 'NONE',  ( -0.000000000000000000, 1.000000000000000000, 0.000000000000000000 ) ) ;
#5837 = CARTESIAN_POINT ( 'NONE',  ( -29.37500000000054357, 6.850000000000000533, 125.0500000000000540 ) ) ;
#5838 = EDGE_CURVE ( 'NONE', #4999, #646, #3788, .T. ) ;
#5839 = CARTESIAN_POINT ( 'NONE',  ( 13.57930174808957879, 0.000000000000000000, 122.0018057028501204 ) ) ;
#5840 = DIRECTION ( 'NONE',  ( -0.000000000000000000, -1.000000000000000000, -0.000000000000000000 ) ) ;
#5841 = ORIENTED_EDGE ( 'NONE', *, *, #1086, .T. ) ;
#5842 = ORIENTED_EDGE ( 'NONE', *, *, #3966, .F. ) ;
#5843 = FACE_OUTER_BOUND ( 'NONE', #1334, .T. ) ;
#5844 = ORIENTED_EDGE ( 'NONE', *, *, #1896, .T. ) ;
#5845 = VECTOR ( 'NONE', #6180, 1000.000000000000000 ) ;
#5846 = VECTOR ( 'NONE', #3770, 1000.000000000000000 ) ;
#5847 = DIRECTION ( 'NONE',  ( 0.000000000000000000, 1.000000000000000000, 0.000000000000000000 ) ) ;
#5848 = CARTESIAN_POINT ( 'NONE',  ( -9.855489709706479279E-13, 4.850000000000000533, 119.7999999999998408 ) ) ;
#5849 = CARTESIAN_POINT ( 'NONE',  ( 22.34999999998815312, 1.750000000000000000, 131.9500000000000171 ) ) ;
#5850 = CARTESIAN_POINT ( 'NONE',  ( -7.499999999988182786, 1.750000000000000000, 163.0000000000001421 ) ) ;
#5851 = VECTOR ( 'NONE', #2734, 1000.000000000000000 ) ;
#5852 = AXIS2_PLACEMENT_3D ( 'NONE', #2627, #5971, #7089 ) ;
#5853 = ORIENTED_EDGE ( 'NONE', *, *, #7105, .F. ) ;
#5854 = ORIENTED_EDGE ( 'NONE', *, *, #1696, .T. ) ;
#5855 = AXIS2_PLACEMENT_3D ( 'NONE', #2215, #1670, #5005 ) ;
#5856 = CARTESIAN_POINT ( 'NONE',  ( -22.34999999998811759, 0.7500000000000223155, 135.0500000000000114 ) ) ;
#5857 = CARTESIAN_POINT ( 'NONE',  ( -16.89999999998816449, 0.7499999999999729106, 99.95000000000003126 ) ) ;
#5858 = ORIENTED_EDGE ( 'NONE', *, *, #6799, .F. ) ;
#5859 = CARTESIAN_POINT ( 'NONE',  ( -29.37500000000054357, 12.34999999999999964, 83.90000000000000568 ) ) ;
#5860 = CARTESIAN_POINT ( 'NONE',  ( 26.00112609145446996, 1.249999999999996447, 130.3000000000000398 ) ) ;
#5861 = DIRECTION ( 'NONE',  ( 1.000000000000000000, -0.000000000000000000, 0.000000000000000000 ) ) ;
#5862 = CARTESIAN_POINT ( 'NONE',  ( -10.20430174806592838, 0.000000000000000000, 146.5000000000000000 ) ) ;
#5863 = EDGE_CURVE ( 'NONE', #3786, #3484, #1574, .T. ) ;
#5864 = ORIENTED_EDGE ( 'NONE', *, *, #2559, .T. ) ;
#5865 = DIRECTION ( 'NONE',  ( -0.000000000000000000, -1.000000000000000000, 0.000000000000000000 ) ) ;
#5866 = ORIENTED_EDGE ( 'NONE', *, *, #1689, .F. ) ;
#5867 = ORIENTED_EDGE ( 'NONE', *, *, #5201, .F. ) ;
#5868 = ORIENTED_EDGE ( 'NONE', *, *, #6282, .F. ) ;
#5869 = EDGE_CURVE ( 'NONE', #7162, #1619, #2660, .T. ) ;
#5870 = VECTOR ( 'NONE', #5198, 1000.000000000000000 ) ;
#5871 = DIRECTION ( 'NONE',  ( 0.000000000000000000, -0.000000000000000000, -1.000000000000000000 ) ) ;
#5872 = LINE ( 'NONE', #939, #3688 ) ;
#5873 = CARTESIAN_POINT ( 'NONE',  ( -26.00112609145443443, 9.049999999999991829, 122.8000000000001251 ) ) ;
#5874 = EDGE_CURVE ( 'NONE', #697, #3558, #3210, .T. ) ;
#5875 = CARTESIAN_POINT ( 'NONE',  ( 45.27566268575785102, 12.34999999999999964, 78.41974811808478307 ) ) ;
#5876 = AXIS2_PLACEMENT_3D ( 'NONE', #1212, #4439, #5566 ) ;
#5877 = EDGE_LOOP ( 'NONE', ( #3933, #2574, #5568, #1651 ) ) ;
#5878 = ORIENTED_EDGE ( 'NONE', *, *, #6359, .T. ) ;
#5879 = CARTESIAN_POINT ( 'NONE',  ( 16.90000000001182556, 0.7499999999999729106, 99.94999999997739337 ) ) ;
#5880 = VERTEX_POINT ( 'NONE', #2115 ) ;
#5881 = EDGE_CURVE ( 'NONE', #2899, #3506, #4329, .T. ) ;
#5882 = LINE ( 'NONE', #1423, #3243 ) ;
#5883 = VECTOR ( 'NONE', #1058, 1000.000000000000000 ) ;
#5884 = CARTESIAN_POINT ( 'NONE',  ( 26.55000000000054428, 6.850000000000000533, 123.4189854895393665 ) ) ;
#5885 = LINE ( 'NONE', #4932, #5159 ) ;
#5886 = DIRECTION ( 'NONE',  ( 0.000000000000000000, 0.000000000000000000, -1.000000000000000000 ) ) ;
#5887 = VECTOR ( 'NONE', #940, 1000.000000000000000 ) ;
#5888 = ORIENTED_EDGE ( 'NONE', *, *, #4191, .F. ) ;
#5889 = EDGE_LOOP ( 'NONE', ( #4002, #6673, #3994, #5462, #3604, #3460 ) ) ;
#5890 = FACE_OUTER_BOUND ( 'NONE', #4872, .T. ) ;
#5891 = LINE ( 'NONE', #2151, #2598 ) ;
#5892 = ORIENTED_EDGE ( 'NONE', *, *, #7018, .F. ) ;
#5893 = CIRCLE ( 'NONE', #5539, 3.875000000000017319 ) ;
#5894 = CARTESIAN_POINT ( 'NONE',  ( -32.20000000000052154, 2.350000000000000089, 126.6810145104607415 ) ) ;
#5895 = CARTESIAN_POINT ( 'NONE',  ( -26.50000000000052935, 12.34999999999999964, 0.000000000000000000 ) ) ;
#5896 = VECTOR ( 'NONE', #2717, 1000.000000000000000 ) ;
#5897 = DIRECTION ( 'NONE',  ( -1.000000000000000000, 0.000000000000000000, 0.000000000000000000 ) ) ;
#5898 = CARTESIAN_POINT ( 'NONE',  ( 44.41484600082456069, 6.850000000000000533, 76.92876988377513214 ) ) ;
#5899 = ORIENTED_EDGE ( 'NONE', *, *, #851, .T. ) ;
#5900 = AXIS2_PLACEMENT_3D ( 'NONE', #4146, #4184, #4249 ) ;
#5901 = PLANE ( 'NONE',  #360 ) ;
#5902 = ORIENTED_EDGE ( 'NONE', *, *, #2070, .F. ) ;
#5903 = ORIENTED_EDGE ( 'NONE', *, *, #6886, .T. ) ;
#5904 = EDGE_LOOP ( 'NONE', ( #4709, #3787, #4464, #4084 ) ) ;
#5905 = EDGE_CURVE ( 'NONE', #3643, #1038, #522, .T. ) ;
#5906 = VECTOR ( 'NONE', #5505, 1000.000000000000000 ) ;
#5907 = CARTESIAN_POINT ( 'NONE',  ( 29.72734600082409884, 6.850000000000000533, 51.48927364760706382 ) ) ;
#5908 = DIRECTION ( 'NONE',  ( -1.000000000000000000, 0.000000000000000000, 0.000000000000000000 ) ) ;
#5909 = CARTESIAN_POINT ( 'NONE',  ( -14.07930174806593016, 1.750000000000000000, 125.7684116160548484 ) ) ;
#5910 = VECTOR ( 'NONE', #967, 1000.000000000000114 ) ;
#5911 = ADVANCED_FACE ( 'NONE', ( #5890 ), #4298, .F. ) ;
#5912 = CARTESIAN_POINT ( 'NONE',  ( 33.75000000000056843, -3.331370551487160103, 123.0419860354118811 ) ) ;
#5913 = ORIENTED_EDGE ( 'NONE', *, *, #3840, .T. ) ;
#5914 = ORIENTED_EDGE ( 'NONE', *, *, #120, .F. ) ;
#5915 = CARTESIAN_POINT ( 'NONE',  ( 3.358391833210486954, 0.000000000000000000, 150.5000000000000000 ) ) ;
#5916 = ORIENTED_EDGE ( 'NONE', *, *, #6848, .T. ) ;
#5917 = EDGE_CURVE ( 'NONE', #308, #2947, #2150, .T. ) ;
#5918 = CARTESIAN_POINT ( 'NONE',  ( 13.57930174806596213, 1.249999999999999556, 122.0018057028501204 ) ) ;
#5919 = VECTOR ( 'NONE', #4664, 1000.000000000000000 ) ;
#5920 = DIRECTION ( 'NONE',  ( 1.000000000000000000, 0.000000000000000000, 8.226619123294235526E-15 ) ) ;
#5921 = CARTESIAN_POINT ( 'NONE',  ( -3.358391833210450539, 1.750000000000000000, 150.5000000000000000 ) ) ;
#5922 = EDGE_CURVE ( 'NONE', #2470, #4827, #6503, .T. ) ;
#5923 = EDGE_CURVE ( 'NONE', #4896, #1237, #6036, .T. ) ;
#5924 = DIRECTION ( 'NONE',  ( -0.000000000000000000, -1.000000000000000000, -0.000000000000000000 ) ) ;
#5925 = ORIENTED_EDGE ( 'NONE', *, *, #6626, .T. ) ;
#5926 = ORIENTED_EDGE ( 'NONE', *, *, #6414, .F. ) ;
#5927 = CARTESIAN_POINT ( 'NONE',  ( 29.37500000000053291, 6.850000000000000533, 121.7879709790786649 ) ) ;
#5928 = VECTOR ( 'NONE', #31, 1000.000000000000000 ) ;
#5929 = EDGE_CURVE ( 'NONE', #1024, #740, #2695, .T. ) ;
#5930 = CARTESIAN_POINT ( 'NONE',  ( -26.00112609145443798, -2.000000000000000000, 110.1499999999999915 ) ) ;
#5931 = ORIENTED_EDGE ( 'NONE', *, *, #5747, .T. ) ;
#5932 = DIRECTION ( 'NONE',  ( 0.000000000000000000, 0.000000000000000000, 1.000000000000000000 ) ) ;
#5933 = CARTESIAN_POINT ( 'NONE',  ( 17.44999999998821139, 0.000000000000000000, 156.6000000000001933 ) ) ;
#5934 = DIRECTION ( 'NONE',  ( -0.000000000000000000, -1.000000000000000000, 0.000000000000000000 ) ) ;
#5935 = LINE ( 'NONE', #6007, #1649 ) ;
#5936 = LINE ( 'NONE', #3290, #3759 ) ;
#5937 = EDGE_LOOP ( 'NONE', ( #6304, #4749, #1644, #1286 ) ) ;
#5938 = CARTESIAN_POINT ( 'NONE',  ( 22.34999999998815312, 1.750000000000000000, 133.5000000000000000 ) ) ;
#5939 = ORIENTED_EDGE ( 'NONE', *, *, #564, .T. ) ;
#5940 = ORIENTED_EDGE ( 'NONE', *, *, #5549, .F. ) ;
#5941 = VECTOR ( 'NONE', #5247, 1000.000000000000000 ) ;
#5942 = DIRECTION ( 'NONE',  ( -0.000000000000000000, 1.000000000000000000, -0.000000000000000000 ) ) ;
#5943 = CARTESIAN_POINT ( 'NONE',  ( -26.00112609147803866, -7.290692563079559818, 130.1000000000000227 ) ) ;
#5944 = DIRECTION ( 'NONE',  ( 0.000000000000000000, 0.000000000000000000, -1.000000000000000000 ) ) ;
#5945 = EDGE_CURVE ( 'NONE', #2276, #2152, #6572, .T. ) ;
#5946 = CARTESIAN_POINT ( 'NONE',  ( -26.55000000000057270, 4.850000000000000533, -0.000000000000000000 ) ) ;
#5947 = VERTEX_POINT ( 'NONE', #381 ) ;
#5948 = VERTEX_POINT ( 'NONE', #5927 ) ;
#5949 = LINE ( 'NONE', #5986, #5896 ) ;
#5950 = ORIENTED_EDGE ( 'NONE', *, *, #1840, .T. ) ;
#5951 = CARTESIAN_POINT ( 'NONE',  ( 0.000000000000000000, 6.850000000000000533, 0.000000000000000000 ) ) ;
#5952 = LINE ( 'NONE', #3133, #667 ) ;
#5953 = DIRECTION ( 'NONE',  ( -0.000000000000000000, -1.000000000000000000, -0.000000000000000000 ) ) ;
#5954 = EDGE_CURVE ( 'NONE', #6228, #2446, #1064, .T. ) ;
#5955 = CARTESIAN_POINT ( 'NONE',  ( -13.29209295146146630, 1.750000000000000000, 115.3500000000000085 ) ) ;
#5956 = ORIENTED_EDGE ( 'NONE', *, *, #4578, .F. ) ;
#5957 = VECTOR ( 'NONE', #2283, 1000.000000000000000 ) ;
#5958 = ORIENTED_EDGE ( 'NONE', *, *, #4972, .F. ) ;
#5959 = AXIS2_PLACEMENT_3D ( 'NONE', #2524, #4231, #1984 ) ;
#5960 = EDGE_CURVE ( 'NONE', #1341, #2913, #7013, .T. ) ;
#5961 = EDGE_CURVE ( 'NONE', #4104, #3974, #956, .T. ) ;
#5962 = ORIENTED_EDGE ( 'NONE', *, *, #889, .T. ) ;
#5963 = CARTESIAN_POINT ( 'NONE',  ( -16.44999999998816165, 1.750000000000000000, 154.5000000000001705 ) ) ;
#5964 = AXIS2_PLACEMENT_3D ( 'NONE', #7048, #4876, #6000 ) ;
#5965 = PLANE ( 'NONE',  #5030 ) ;
#5966 = AXIS2_PLACEMENT_3D ( 'NONE', #2553, #2516, #2476 ) ;
#5967 = ORIENTED_EDGE ( 'NONE', *, *, #5164, .T. ) ;
#5968 = PLANE ( 'NONE',  #1486 ) ;
#5969 = EDGE_CURVE ( 'NONE', #1279, #3753, #2916, .T. ) ;
#5970 = AXIS2_PLACEMENT_3D ( 'NONE', #5665, #5087, #85 ) ;
#5971 = DIRECTION ( 'NONE',  ( 0.000000000000000000, -1.000000000000000000, 0.000000000000000000 ) ) ;
#5972 = CARTESIAN_POINT ( 'NONE',  ( -12.19999999998831974, 12.34999999999999964, 155.3000000000000114 ) ) ;
#5973 = LINE ( 'NONE', #4476, #3646 ) ;
#5974 = ORIENTED_EDGE ( 'NONE', *, *, #4011, .T. ) ;
#5975 = VECTOR ( 'NONE', #531, 1000.000000000000000 ) ;
#5976 = CARTESIAN_POINT ( 'NONE',  ( -12.59175071676752111, -2.000000000000000000, 128.1539330310762921 ) ) ;
#5977 = ORIENTED_EDGE ( 'NONE', *, *, #6799, .T. ) ;
#5978 = ORIENTED_EDGE ( 'NONE', *, *, #644, .T. ) ;
#5979 = EDGE_CURVE ( 'NONE', #555, #6957, #4543, .T. ) ;
#5980 = FACE_OUTER_BOUND ( 'NONE', #2, .T. ) ;
#5981 = CYLINDRICAL_SURFACE ( 'NONE', #6462, 1.549999999999995826 ) ;
#5982 = LINE ( 'NONE', #1078, #3226 ) ;
#5983 = DIRECTION ( 'NONE',  ( 0.000000000000000000, -1.000000000000000000, 0.000000000000000000 ) ) ;
#5984 = ORIENTED_EDGE ( 'NONE', *, *, #6623, .T. ) ;
#5985 = ORIENTED_EDGE ( 'NONE', *, *, #2630, .F. ) ;
#5986 = CARTESIAN_POINT ( 'NONE',  ( -33.75000000000056843, 7.649999999999997691, 115.9000000000000341 ) ) ;
#5987 = ORIENTED_EDGE ( 'NONE', *, *, #1406, .T. ) ;
#5988 = CARTESIAN_POINT ( 'NONE',  ( 11.85128183536066970, 1.750000000000000000, 82.35000000000002274 ) ) ;
#5989 = DIRECTION ( 'NONE',  ( 0.000000000000000000, 1.000000000000000000, 0.000000000000000000 ) ) ;
#5990 = CARTESIAN_POINT ( 'NONE',  ( 14.59999999998815312, 1.750000000000000000, 133.5000000000000000 ) ) ;
#5991 = VECTOR ( 'NONE', #305, 1000.000000000000000 ) ;
#5992 = CARTESIAN_POINT ( 'NONE',  ( 22.70000000001184759, -4.000000000000000000, 0.000000000000000000 ) ) ;
#5993 = ORIENTED_EDGE ( 'NONE', *, *, #1096, .F. ) ;
#5994 = VERTEX_POINT ( 'NONE', #17 ) ;
#5995 = VECTOR ( 'NONE', #1669, 1000.000000000000000 ) ;
#5996 = ADVANCED_FACE ( 'NONE', ( #624 ), #2806, .T. ) ;
#5997 = ORIENTED_EDGE ( 'NONE', *, *, #5736, .F. ) ;
#5998 = ADVANCED_FACE ( 'NONE', ( #3354 ), #159, .F. ) ;
#5999 = CARTESIAN_POINT ( 'NONE',  ( 3.358391833210486954, 1.750000000000000000, 150.5000000000000000 ) ) ;
#6000 = DIRECTION ( 'NONE',  ( 0.000000000000000000, 0.000000000000000000, 1.000000000000000000 ) ) ;
#6001 = ORIENTED_EDGE ( 'NONE', *, *, #1120, .T. ) ;
#6002 = LINE ( 'NONE', #1031, #7143 ) ;
#6003 = VECTOR ( 'NONE', #3955, 1000.000000000000000 ) ;
#6004 = VECTOR ( 'NONE', #1447, 1000.000000000000000 ) ;
#6005 = ADVANCED_FACE ( 'NONE', ( #1677 ), #1783, .F. ) ;
#6006 = LINE ( 'NONE', #1616, #2830 ) ;
#6007 = CARTESIAN_POINT ( 'NONE',  ( -44.53117168668730130, 12.34999999999999964, 77.13025188191750203 ) ) ;
#6008 = CARTESIAN_POINT ( 'NONE',  ( 0.000000000000000000, 1.750000000000000000, 130.3000000000000398 ) ) ;
#6009 = ORIENTED_EDGE ( 'NONE', *, *, #33, .T. ) ;
#6010 = ADVANCED_FACE ( 'NONE', ( #2878 ), #5049, .F. ) ;
#6011 = FACE_OUTER_BOUND ( 'NONE', #6863, .T. ) ;
#6012 = ORIENTED_EDGE ( 'NONE', *, *, #3230, .F. ) ;
#6013 = VERTEX_POINT ( 'NONE', #1712 ) ;
#6014 = VECTOR ( 'NONE', #6699, 1000.000000000000000 ) ;
#6015 = CARTESIAN_POINT ( 'NONE',  ( -33.75000000000056843, 1.249999999999996447, 130.1000000000000227 ) ) ;
#6016 = LINE ( 'NONE', #2127, #898 ) ;
#6017 = CARTESIAN_POINT ( 'NONE',  ( -10.20430174801494339, 53.23340376863964707, 77.10000000000002274 ) ) ;
#6018 = VECTOR ( 'NONE', #5366, 1000.000000000000000 ) ;
#6019 = EDGE_CURVE ( 'NONE', #1789, #954, #6140, .T. ) ;
#6020 = LINE ( 'NONE', #1292, #2427 ) ;
#6021 = LINE ( 'NONE', #5946, #2197 ) ;
#6022 = ORIENTED_EDGE ( 'NONE', *, *, #6792, .F. ) ;
#6023 = EDGE_LOOP ( 'NONE', ( #5723, #393, #1322, #3567 ) ) ;
#6024 = CARTESIAN_POINT ( 'NONE',  ( -25.35112609145443585, 11.04999999999999005, 120.8000000000003666 ) ) ;
#6025 = CIRCLE ( 'NONE', #919, 1.549999999999995826 ) ;
#6026 = ORIENTED_EDGE ( 'NONE', *, *, #2966, .T. ) ;
#6027 = CARTESIAN_POINT ( 'NONE',  ( 0.000000000000000000, 1.750000000000000000, 152.8000000000000114 ) ) ;
#6028 = CARTESIAN_POINT ( 'NONE',  ( -24.50112609145443443, -7.290692563079559818, 0.000000000000000000 ) ) ;
#6029 = CARTESIAN_POINT ( 'NONE',  ( -29.37500000000054357, 4.850000000000000533, 77.10000000000002274 ) ) ;
#6030 = CIRCLE ( 'NONE', #927, 1.549999999999995826 ) ;
#6031 = CARTESIAN_POINT ( 'NONE',  ( -33.75000000000056843, -0.2500000000000078271, 113.5000000000000000 ) ) ;
#6032 = ORIENTED_EDGE ( 'NONE', *, *, #65, .F. ) ;
#6033 = ORIENTED_EDGE ( 'NONE', *, *, #6194, .T. ) ;
#6034 = AXIS2_PLACEMENT_3D ( 'NONE', #1, #1768, #2207 ) ;
#6035 = EDGE_LOOP ( 'NONE', ( #5556, #4558, #4893, #968, #3879, #222, #1488 ) ) ;
#6036 = LINE ( 'NONE', #3142, #6080 ) ;
#6037 = DIRECTION ( 'NONE',  ( 0.000000000000000000, 0.000000000000000000, -1.000000000000000000 ) ) ;
#6038 = ORIENTED_EDGE ( 'NONE', *, *, #4626, .T. ) ;
#6039 = CARTESIAN_POINT ( 'NONE',  ( -26.50000000000052935, 1.249999999999996003, 79.10000000000002274 ) ) ;
#6040 = EDGE_CURVE ( 'NONE', #320, #718, #2360, .T. ) ;
#6041 = CARTESIAN_POINT ( 'NONE',  ( -24.00000000000053291, 7.650000000000010125, -5.095750210681859007E-16 ) ) ;
#6042 = DIRECTION ( 'NONE',  ( 0.000000000000000000, 1.000000000000000000, 0.000000000000000000 ) ) ;
#6043 = DIRECTION ( 'NONE',  ( 0.000000000000000000, 0.000000000000000000, 1.000000000000000000 ) ) ;
#6044 = ORIENTED_EDGE ( 'NONE', *, *, #1260, .F. ) ;
#6045 = ADVANCED_FACE ( 'NONE', ( #1134 ), #6678, .T. ) ;
#6046 = CARTESIAN_POINT ( 'NONE',  ( 26.50000000000054357, 4.850000000000000533, 119.8000000000000540 ) ) ;
#6047 = CARTESIAN_POINT ( 'NONE',  ( 26.50000000000053646, 12.34999999999999964, 87.59999999999999432 ) ) ;
#6048 = EDGE_CURVE ( 'NONE', #5821, #5356, #1914, .T. ) ;
#6049 = CARTESIAN_POINT ( 'NONE',  ( -24.70112609145443372, -2.000000000000000000, 122.0018057028560321 ) ) ;
#6050 = PLANE ( 'NONE',  #1481 ) ;
#6051 = ADVANCED_FACE ( 'NONE', ( #558 ), #2329, .F. ) ;
#6052 = CARTESIAN_POINT ( 'NONE',  ( 0.000000000000000000, 12.34999999999999964, 155.3000000000000114 ) ) ;
#6053 = LINE ( 'NONE', #5469, #4973 ) ;
#6054 = DIRECTION ( 'NONE',  ( 0.000000000000000000, 0.000000000000000000, 1.000000000000000000 ) ) ;
#6055 = VERTEX_POINT ( 'NONE', #6609 ) ;
#6056 = ORIENTED_EDGE ( 'NONE', *, *, #5783, .T. ) ;
#6057 = CARTESIAN_POINT ( 'NONE',  ( -24.00000000000053291, 12.34999999999999964, 91.90000000000001990 ) ) ;
#6058 = VECTOR ( 'NONE', #826, 1000.000000000000000 ) ;
#6059 = ORIENTED_EDGE ( 'NONE', *, *, #146, .T. ) ;
#6060 = EDGE_CURVE ( 'NONE', #1604, #3377, #5559, .T. ) ;
#6061 = LINE ( 'NONE', #6093, #4508 ) ;
#6062 = CARTESIAN_POINT ( 'NONE',  ( 14.07930174806596213, 1.750000000000000000, 121.9963513326351716 ) ) ;
#6063 = DIRECTION ( 'NONE',  ( -0.8660254037844455910, 0.000000000000000000, 0.4999999999999880096 ) ) ;
#6064 = CARTESIAN_POINT ( 'NONE',  ( -10.20430174806592838, -4.000000000000000000, 125.7684116160548484 ) ) ;
#6065 = ORIENTED_EDGE ( 'NONE', *, *, #155, .T. ) ;
#6066 = CARTESIAN_POINT ( 'NONE',  ( -10.20430174806592838, 1.249999999999999556, 125.7684116160548484 ) ) ;
#6067 = VERTEX_POINT ( 'NONE', #4000 ) ;
#6068 = DIRECTION ( 'NONE',  ( 0.000000000000000000, -1.000000000000000000, 0.000000000000000000 ) ) ;
#6069 = CARTESIAN_POINT ( 'NONE',  ( -24.50112609145443443, -2.000000000000000000, 0.000000000000000000 ) ) ;
#6070 = ORIENTED_EDGE ( 'NONE', *, *, #3305, .T. ) ;
#6071 = CARTESIAN_POINT ( 'NONE',  ( 26.50000000000050804, 12.34999999999999964, -6.912807836599439155E-15 ) ) ;
#6072 = COLOUR_RGB ( '',0.9450980392156862475, 0.4352941176470588314, 1.000000000000000000 ) ;
#6073 = VECTOR ( 'NONE', #1765, 1000.000000000000000 ) ;
#6074 = FACE_OUTER_BOUND ( 'NONE', #198, .T. ) ;
#6075 = DIRECTION ( 'NONE',  ( -0.000000000000000000, -1.000000000000000000, -0.000000000000000000 ) ) ;
#6076 = LINE ( 'NONE', #4440, #5975 ) ;
#6077 = VERTEX_POINT ( 'NONE', #4469 ) ;
#6078 = DIRECTION ( 'NONE',  ( 0.000000000000000000, 1.000000000000000000, 0.000000000000000000 ) ) ;
#6079 = LINE ( 'NONE', #5679, #1025 ) ;
#6080 = VECTOR ( 'NONE', #2585, 1000.000000000000000 ) ;
#6081 = DIRECTION ( 'NONE',  ( 0.000000000000000000, -0.000000000000000000, 1.000000000000000000 ) ) ;
#6082 = ADVANCED_FACE ( 'NONE', ( #6208 ), #2292, .T. ) ;
#6083 = CARTESIAN_POINT ( 'NONE',  ( -26.55000000000054428, 4.850000000000000533, 83.98101451046072441 ) ) ;
#6084 = DIRECTION ( 'NONE',  ( 0.000000000000000000, 0.000000000000000000, -1.000000000000000000 ) ) ;
#6085 = DIRECTION ( 'NONE',  ( 0.000000000000000000, -0.000000000000000000, -1.000000000000000000 ) ) ;
#6086 = LINE ( 'NONE', #3909, #2206 ) ;
#6087 = ORIENTED_EDGE ( 'NONE', *, *, #2176, .T. ) ;
#6088 = ORIENTED_EDGE ( 'NONE', *, *, #2817, .F. ) ;
#6089 = DIRECTION ( 'NONE',  ( 1.000000000000000000, -0.000000000000000000, 0.000000000000000000 ) ) ;
#6090 = EDGE_CURVE ( 'NONE', #1722, #1623, #3463, .T. ) ;
#6091 = ORIENTED_EDGE ( 'NONE', *, *, #6355, .F. ) ;
#6092 = EDGE_CURVE ( 'NONE', #2168, #282, #1098, .T. ) ;
#6093 = CARTESIAN_POINT ( 'NONE',  ( -63.76530505655508563, 12.34999999999999964, 110.4447481180855846 ) ) ;
#6094 = CARTESIAN_POINT ( 'NONE',  ( -26.55000000000057270, 2.350000000000000089, 0.000000000000000000 ) ) ;
#6095 = DIRECTION ( 'NONE',  ( -0.7071067811865493491, -0.000000000000000000, -0.7071067811865456854 ) ) ;
#6096 = DIRECTION ( 'NONE',  ( -0.8660254037844378194, 0.000000000000000000, -0.5000000000000015543 ) ) ;
#6097 = ORIENTED_EDGE ( 'NONE', *, *, #5377, .T. ) ;
#6098 = EDGE_CURVE ( 'NONE', #2842, #6947, #3059, .T. ) ;
#6099 = VERTEX_POINT ( 'NONE', #6243 ) ;
#6100 = FACE_OUTER_BOUND ( 'NONE', #1757, .T. ) ;
#6101 = ORIENTED_EDGE ( 'NONE', *, *, #3651, .T. ) ;
#6102 = VECTOR ( 'NONE', #3321, 1000.000000000000000 ) ;
#6103 = CARTESIAN_POINT ( 'NONE',  ( -3.358391833210450539, 1.750000000000000000, 150.5000000000000000 ) ) ;
#6104 = ORIENTED_EDGE ( 'NONE', *, *, #4148, .F. ) ;
#6105 = CARTESIAN_POINT ( 'NONE',  ( 0.000000000000000000, -4.000000000000000000, 110.1499999999999915 ) ) ;
#6106 = ADVANCED_FACE ( 'NONE', ( #267 ), #1425, .T. ) ;
#6107 = VECTOR ( 'NONE', #5596, 1000.000000000000000 ) ;
#6108 = LINE ( 'NONE', #5632, #1100 ) ;
#6109 = CARTESIAN_POINT ( 'NONE',  ( -25.35112609145443230, 1.249999999999996447, 130.1000000000000227 ) ) ;
#6110 = AXIS2_PLACEMENT_3D ( 'NONE', #3414, #115, #6309 ) ;
#6111 = DIRECTION ( 'NONE',  ( 0.000000000000000000, 0.000000000000000000, 1.000000000000000000 ) ) ;
#6112 = ORIENTED_EDGE ( 'NONE', *, *, #4204, .F. ) ;
#6113 = CARTESIAN_POINT ( 'NONE',  ( -26.50000000000052935, 3.050000000000007372, -8.402566836762649503E-16 ) ) ;
#6114 = CARTESIAN_POINT ( 'NONE',  ( 62.90448837162224294, 2.350000000000000089, 108.9537698837752231 ) ) ;
#6115 = CARTESIAN_POINT ( 'NONE',  ( -12.59175071676752111, -2.000000000000000000, 128.1539330310762921 ) ) ;
#6116 = CARTESIAN_POINT ( 'NONE',  ( -10.20430174801493806, 8.899999999999998579, 77.10000000000002274 ) ) ;
#6117 = CARTESIAN_POINT ( 'NONE',  ( 26.00112609147809906, -2.000000000000000000, 117.7999999999999545 ) ) ;
#6118 = VECTOR ( 'NONE', #4937, 1000.000000000000000 ) ;
#6119 = DIRECTION ( 'NONE',  ( 0.000000000000000000, 0.000000000000000000, -1.000000000000000000 ) ) ;
#6120 = VERTEX_POINT ( 'NONE', #1282 ) ;
#6121 = ORIENTED_EDGE ( 'NONE', *, *, #865, .T. ) ;
#6122 = EDGE_CURVE ( 'NONE', #630, #6957, #3502, .T. ) ;
#6123 = CARTESIAN_POINT ( 'NONE',  ( -26.00112609145443443, 1.249999999999996447, 130.3000000000000398 ) ) ;
#6124 = ORIENTED_EDGE ( 'NONE', *, *, #5297, .F. ) ;
#6125 = B_SPLINE_CURVE_WITH_KNOTS ( 'NONE', 3,
 ( #5592, #2295, #1786, #4546 ),
 .UNSPECIFIED., .F., .F.,
 ( 4, 4 ),
 ( 0.000000000000000000, 1.000000000000000000 ),
 .UNSPECIFIED. ) ;
#6126 = LINE ( 'NONE', #5076, #2082 ) ;
#6127 = VECTOR ( 'NONE', #1749, 1000.000000000000000 ) ;
#6128 = PLANE ( 'NONE',  #1472 ) ;
#6129 = DIRECTION ( 'NONE',  ( -0.000000000000000000, -1.000000000000000000, -0.000000000000000000 ) ) ;
#6130 = VECTOR ( 'NONE', #6838, 1000.000000000000000 ) ;
#6131 = DIRECTION ( 'NONE',  ( -0.8660254037844381525, 0.000000000000000000, 0.5000000000000008882 ) ) ;
#6132 = ORIENTED_EDGE ( 'NONE', *, *, #5829, .F. ) ;
#6133 = ORIENTED_EDGE ( 'NONE', *, *, #6484, .T. ) ;
#6134 = ADVANCED_FACE ( 'NONE', ( #2984 ), #3641, .F. ) ;
#6135 = VECTOR ( 'NONE', #1458, 1000.000000000000000 ) ;
#6136 = DIRECTION ( 'NONE',  ( 1.000000000000000000, 0.000000000000000000, 0.000000000000000000 ) ) ;
#6137 = EDGE_LOOP ( 'NONE', ( #3165, #298, #1243, #4978 ) ) ;
#6138 = VECTOR ( 'NONE', #4210, 1000.000000000000000 ) ;
#6139 = EDGE_CURVE ( 'NONE', #200, #5057, #3535, .T. ) ;
#6140 = LINE ( 'NONE', #5011, #6198 ) ;
#6141 = EDGE_CURVE ( 'NONE', #4583, #6099, #879, .T. ) ;
#6142 = ORIENTED_EDGE ( 'NONE', *, *, #6991, .F. ) ;
#6143 = CARTESIAN_POINT ( 'NONE',  ( -26.55000000000055849, 6.850000000000000533, -0.000000000000000000 ) ) ;
#6144 = VECTOR ( 'NONE', #4746, 1000.000000000000000 ) ;
#6145 = EDGE_LOOP ( 'NONE', ( #5816, #3033, #5288, #2055 ) ) ;
#6146 = ADVANCED_FACE ( 'NONE', ( #6354 ), #4690, .F. ) ;
#6147 = FACE_BOUND ( 'NONE', #5690, .T. ) ;
#6148 = FACE_OUTER_BOUND ( 'NONE', #626, .T. ) ;
#6149 = LINE ( 'NONE', #744, #7113 ) ;
#6150 = VERTEX_POINT ( 'NONE', #339 ) ;
#6151 = LINE ( 'NONE', #4954, #588 ) ;
#6152 = CARTESIAN_POINT ( 'NONE',  ( -11.84871062253963103, -2.000000000000000000, 122.0018057028560321 ) ) ;
#6153 = LINE ( 'NONE', #6115, #4688 ) ;
#6154 = CARTESIAN_POINT ( 'NONE',  ( -26.50000000000052935, 12.34999999999999964, 87.59999999999999432 ) ) ;
#6155 = CARTESIAN_POINT ( 'NONE',  ( -26.50112609145445219, 1.750000000000011102, 114.2500000000000142 ) ) ;
#6156 = VERTEX_POINT ( 'NONE', #6787 ) ;
#6157 = LINE ( 'NONE', #68, #1858 ) ;
#6158 = ORIENTED_EDGE ( 'NONE', *, *, #2059, .T. ) ;
#6159 = ORIENTED_EDGE ( 'NONE', *, *, #4936, .T. ) ;
#6160 = DIRECTION ( 'NONE',  ( -0.000000000000000000, 0.000000000000000000, -1.000000000000000000 ) ) ;
#6161 = ORIENTED_EDGE ( 'NONE', *, *, #2920, .F. ) ;
#6162 = CARTESIAN_POINT ( 'NONE',  ( 10.20430174806593726, 1.750000000000000000, 125.7684116160548484 ) ) ;
#6163 = CARTESIAN_POINT ( 'NONE',  ( 33.75000000000054001, 4.850000000000000533, 0.000000000000000000 ) ) ;
#6164 = CARTESIAN_POINT ( 'NONE',  ( 22.34999999998815312, 1.750000000000000000, 136.0500000000000114 ) ) ;
#6165 = DIRECTION ( 'NONE',  ( 0.000000000000000000, 0.000000000000000000, 1.000000000000000000 ) ) ;
#6166 = DIRECTION ( 'NONE',  ( 0.000000000000000000, 1.000000000000000000, 0.000000000000000000 ) ) ;
#6167 = EDGE_LOOP ( 'NONE', ( #6694, #1849, #5593, #4060, #2410, #1572, #6328, #1439, #4818, #3497, #4180, #4748, #2530, #6916, #1848, #3306, #6241, #6746 ) ) ;
#6168 = EDGE_LOOP ( 'NONE', ( #2003, #3434, #5082, #6348 ) ) ;
#6169 = FACE_OUTER_BOUND ( 'NONE', #6530, .T. ) ;
#6170 = VERTEX_POINT ( 'NONE', #6938 ) ;
#6171 = DIRECTION ( 'NONE',  ( -1.000000000000000000, 0.000000000000000000, 1.982541115402063729E-15 ) ) ;
#6172 = EDGE_CURVE ( 'NONE', #4294, #1746, #5158, .T. ) ;
#6173 = VERTEX_POINT ( 'NONE', #5775 ) ;
#6174 = DIRECTION ( 'NONE',  ( 0.000000000000000000, 1.000000000000000000, 0.000000000000000000 ) ) ;
#6175 = ORIENTED_EDGE ( 'NONE', *, *, #1005, .T. ) ;
#6176 = ADVANCED_FACE ( 'NONE', ( #4577 ), #808, .F. ) ;
#6177 = EDGE_CURVE ( 'NONE', #4673, #4530, #1681, .T. ) ;
#6178 = CARTESIAN_POINT ( 'NONE',  ( 13.57930174808957879, -2.000000000000000000, 125.7684116160548200 ) ) ;
#6179 = CARTESIAN_POINT ( 'NONE',  ( -33.75000000000056843, 2.824844346342727075, 114.2500000000000142 ) ) ;
#6180 = DIRECTION ( 'NONE',  ( -2.312964634635715347E-16, 0.000000000000000000, -1.000000000000000000 ) ) ;
#6181 = ORIENTED_EDGE ( 'NONE', *, *, #4528, .F. ) ;
#6182 = CARTESIAN_POINT ( 'NONE',  ( 12.49999999998820499, -16.11541742610947381, 125.7684116160548484 ) ) ;
#6183 = DIRECTION ( 'NONE',  ( 1.000000000000000000, 0.000000000000000000, 0.000000000000000000 ) ) ;
#6184 = ADVANCED_FACE ( 'NONE', ( #6827 ), #4078, .T. ) ;
#6185 = AXIS2_PLACEMENT_3D ( 'NONE', #603, #3973, #5018 ) ;
#6186 = VECTOR ( 'NONE', #5465, 1000.000000000000000 ) ;
#6187 = CARTESIAN_POINT ( 'NONE',  ( 13.57930174806596213, 1.249999999999999556, 125.7684116160548484 ) ) ;
#6188 = CARTESIAN_POINT ( 'NONE',  ( -14.15972515671541920, 1.750000000000000000, 125.6821039702498410 ) ) ;
#6189 = ORIENTED_EDGE ( 'NONE', *, *, #2912, .T. ) ;
#6190 = AXIS2_PLACEMENT_3D ( 'NONE', #5666, #3929, #1170 ) ;
#6191 = AXIS2_PLACEMENT_3D ( 'NONE', #5312, #4192, #1939 ) ;
#6192 = CARTESIAN_POINT ( 'NONE',  ( -9.855489709706479279E-13, 12.34999999999999964, 119.7999999999998408 ) ) ;
#6193 = VERTEX_POINT ( 'NONE', #5236 ) ;
#6194 = EDGE_CURVE ( 'NONE', #6968, #4672, #6283, .T. ) ;
#6195 = ORIENTED_EDGE ( 'NONE', *, *, #6666, .T. ) ;
#6196 = DIRECTION ( 'NONE',  ( 0.000000000000000000, 1.000000000000000000, -0.000000000000000000 ) ) ;
#6197 = ORIENTED_EDGE ( 'NONE', *, *, #1736, .T. ) ;
#6198 = VECTOR ( 'NONE', #703, 1000.000000000000000 ) ;
#6199 = CARTESIAN_POINT ( 'NONE',  ( 33.75000000000054712, 3.350000000000000533, 89.50000000000002842 ) ) ;
#6200 = CARTESIAN_POINT ( 'NONE',  ( 24.70112609147810190, -4.000000000000000000, 117.7999999999999545 ) ) ;
#6201 = DIRECTION ( 'NONE',  ( 0.000000000000000000, -1.000000000000000000, 0.000000000000000000 ) ) ;
#6202 = DIRECTION ( 'NONE',  ( 0.000000000000000000, 1.000000000000000000, 0.000000000000000000 ) ) ;
#6203 = DIRECTION ( 'NONE',  ( 0.000000000000000000, -1.000000000000000000, 0.000000000000000000 ) ) ;
#6204 = ORIENTED_EDGE ( 'NONE', *, *, #6345, .F. ) ;
#6205 = ORIENTED_EDGE ( 'NONE', *, *, #3392, .T. ) ;
#6206 = LINE ( 'NONE', #5047, #2187 ) ;
#6207 = VERTEX_POINT ( 'NONE', #233 ) ;
#6208 = FACE_OUTER_BOUND ( 'NONE', #1137, .T. ) ;
#6209 = EDGE_LOOP ( 'NONE', ( #6454, #2612, #6599, #942 ) ) ;
#6210 = LINE ( 'NONE', #6143, #4368 ) ;
#6211 = ORIENTED_EDGE ( 'NONE', *, *, #5344, .F. ) ;
#6212 = EDGE_CURVE ( 'NONE', #255, #1623, #6901, .T. ) ;
#6213 = CYLINDRICAL_SURFACE ( 'NONE', #6646, 3.375000000000016875 ) ;
#6214 = DIRECTION ( 'NONE',  ( -0.000000000000000000, 1.000000000000000000, -0.000000000000000000 ) ) ;
#6215 = PLANE ( 'NONE',  #6185 ) ;
#6216 = EDGE_LOOP ( 'NONE', ( #7074, #7129, #3163, #1164, #661, #1186, #6297, #5253 ) ) ;
#6217 = ADVANCED_FACE ( 'NONE', ( #843 ), #303, .F. ) ;
#6218 = FACE_OUTER_BOUND ( 'NONE', #6145, .T. ) ;
#6219 = VECTOR ( 'NONE', #2441, 999.9999999999998863 ) ;
#6220 = DIRECTION ( 'NONE',  ( 1.000000000000000000, 0.000000000000000000, -0.000000000000000000 ) ) ;
#6221 = DIRECTION ( 'NONE',  ( 0.000000000000000000, -0.000000000000000000, 1.000000000000000000 ) ) ;
#6222 = EDGE_CURVE ( 'NONE', #240, #4350, #1354, .T. ) ;
#6223 = CARTESIAN_POINT ( 'NONE',  ( -12.49999999998817657, 0.000000000000000000, 146.5000000000000000 ) ) ;
#6224 = LINE ( 'NONE', #5605, #3116 ) ;
#6225 = ADVANCED_FACE ( 'NONE', ( #5338 ), #374, .F. ) ;
#6226 = ORIENTED_EDGE ( 'NONE', *, *, #2016, .T. ) ;
#6227 = LINE ( 'NONE', #1300, #1744 ) ;
#6228 = VERTEX_POINT ( 'NONE', #6029 ) ;
#6229 = ORIENTED_EDGE ( 'NONE', *, *, #4994, .F. ) ;
#6230 = FACE_OUTER_BOUND ( 'NONE', #1003, .T. ) ;
#6231 = ORIENTED_EDGE ( 'NONE', *, *, #5571, .F. ) ;
#6232 = DIRECTION ( 'NONE',  ( 1.000000000000000000, 0.000000000000000000, -4.625929269271430694E-16 ) ) ;
#6233 = CARTESIAN_POINT ( 'NONE',  ( -26.00112609145443443, -4.000000000000000000, 129.9000000000000057 ) ) ;
#6234 = EDGE_CURVE ( 'NONE', #740, #3139, #1496, .T. ) ;
#6235 = CARTESIAN_POINT ( 'NONE',  ( 11.99999999998820854, 0.000000000000000000, 146.0000000000000000 ) ) ;
#6236 = VECTOR ( 'NONE', #4087, 1000.000000000000114 ) ;
#6237 = LINE ( 'NONE', #4609, #5676 ) ;
#6238 = ORIENTED_EDGE ( 'NONE', *, *, #2323, .F. ) ;
#6239 = ORIENTED_EDGE ( 'NONE', *, *, #1934, .F. ) ;
#6240 = LINE ( 'NONE', #3499, #1381 ) ;
#6241 = ORIENTED_EDGE ( 'NONE', *, *, #4646, .T. ) ;
#6242 = AXIS2_PLACEMENT_3D ( 'NONE', #2357, #2914, #733 ) ;
#6243 = CARTESIAN_POINT ( 'NONE',  ( 12.49999999998821032, 0.000000000000000000, 146.5000000000000000 ) ) ;
#6244 = AXIS2_PLACEMENT_3D ( 'NONE', #1415, #5291, #3631 ) ;
#6245 = VERTEX_POINT ( 'NONE', #2689 ) ;
#6246 = VECTOR ( 'NONE', #4096, 1000.000000000000000 ) ;
#6247 = DIRECTION ( 'NONE',  ( 1.000000000000000000, -0.000000000000000000, 0.000000000000000000 ) ) ;
#6248 = ORIENTED_EDGE ( 'NONE', *, *, #4676, .T. ) ;
#6249 = AXIS2_PLACEMENT_3D ( 'NONE', #7034, #4858, #4244 ) ;
#6250 = ORIENTED_EDGE ( 'NONE', *, *, #1836, .T. ) ;
#6251 = CARTESIAN_POINT ( 'NONE',  ( 25.35112609145443585, 1.750000000000000000, 114.2500000000000142 ) ) ;
#6252 = FACE_OUTER_BOUND ( 'NONE', #2147, .T. ) ;
#6253 = FACE_OUTER_BOUND ( 'NONE', #5141, .T. ) ;
#6254 = ADVANCED_FACE ( 'NONE', ( #4899 ), #6461, .F. ) ;
#6255 = ORIENTED_EDGE ( 'NONE', *, *, #6614, .T. ) ;
#6256 = VECTOR ( 'NONE', #4671, 1000.000000000000000 ) ;
#6257 = DIRECTION ( 'NONE',  ( 0.000000000000000000, 0.000000000000000000, 1.000000000000000000 ) ) ;
#6258 = LINE ( 'NONE', #714, #1390 ) ;
#6259 = LINE ( 'NONE', #1405, #3231 ) ;
#6260 = AXIS2_PLACEMENT_3D ( 'NONE', #5685, #2932, #6265 ) ;
#6261 = DIRECTION ( 'NONE',  ( -0.000000000000000000, -1.000000000000000000, -0.000000000000000000 ) ) ;
#6262 = LINE ( 'NONE', #4484, #2451 ) ;
#6263 = ADVANCED_FACE ( 'NONE', ( #4252 ), #2074, .F. ) ;
#6264 = ORIENTED_EDGE ( 'NONE', *, *, #3866, .F. ) ;
#6265 = DIRECTION ( 'NONE',  ( 0.000000000000000000, 0.000000000000000000, 1.000000000000000000 ) ) ;
#6266 = VERTEX_POINT ( 'NONE', #1530 ) ;
#6267 = EDGE_LOOP ( 'NONE', ( #6868, #4731 ) ) ;
#6268 = CARTESIAN_POINT ( 'NONE',  ( -23.41819294280464447, 12.34999999999999964, 152.8000000000000114 ) ) ;
#6269 = ORIENTED_EDGE ( 'NONE', *, *, #4018, .F. ) ;
#6270 = EDGE_CURVE ( 'NONE', #2537, #1604, #3203, .T. ) ;
#6271 = EDGE_CURVE ( 'NONE', #6443, #121, #5405, .T. ) ;
#6272 = DIRECTION ( 'NONE',  ( 0.8660254037844437036, 0.000000000000000000, -0.4999999999999912847 ) ) ;
#6273 = LINE ( 'NONE', #1232, #114 ) ;
#6274 = VECTOR ( 'NONE', #5683, 1000.000000000000227 ) ;
#6275 = CARTESIAN_POINT ( 'NONE',  ( 22.34999999998815312, 1.750000000000000000, 133.5000000000000000 ) ) ;
#6276 = LINE ( 'NONE', #3494, #6532 ) ;
#6277 = LINE ( 'NONE', #1418, #239 ) ;
#6278 = ORIENTED_EDGE ( 'NONE', *, *, #7110, .T. ) ;
#6279 = ORIENTED_EDGE ( 'NONE', *, *, #6222, .T. ) ;
#6280 = DIRECTION ( 'NONE',  ( -0.8660254037844437036, 0.000000000000000000, -0.4999999999999912847 ) ) ;
#6281 = VERTEX_POINT ( 'NONE', #1600 ) ;
#6282 = EDGE_CURVE ( 'NONE', #5440, #2807, #983, .T. ) ;
#6283 = LINE ( 'NONE', #772, #2965 ) ;
#6284 = ORIENTED_EDGE ( 'NONE', *, *, #1603, .F. ) ;
#6285 = DIRECTION ( 'NONE',  ( 0.04361938736533939320, 0.000000000000000000, -0.9990482215818575762 ) ) ;
#6286 = EDGE_LOOP ( 'NONE', ( #1576, #220, #3075, #2069, #3696 ) ) ;
#6287 = ORIENTED_EDGE ( 'NONE', *, *, #909, .T. ) ;
#6288 = DIRECTION ( 'NONE',  ( 1.000000000000000000, 0.000000000000000000, -0.000000000000000000 ) ) ;
#6289 = DIRECTION ( 'NONE',  ( 0.000000000000000000, 0.000000000000000000, 1.000000000000000000 ) ) ;
#6290 = ORIENTED_EDGE ( 'NONE', *, *, #129, .T. ) ;
#6291 = AXIS2_PLACEMENT_3D ( 'NONE', #4091, #3073, #5319 ) ;
#6292 = LINE ( 'NONE', #312, #3343 ) ;
#6293 = PLANE ( 'NONE',  #3596 ) ;
#6294 = LINE ( 'NONE', #6331, #2643 ) ;
#6295 = CARTESIAN_POINT ( 'NONE',  ( 33.75000000000054712, 7.850000000000001421, 113.5000000000000142 ) ) ;
#6296 = CARTESIAN_POINT ( 'NONE',  ( 26.55000000000054428, 6.850000000000000533, 126.6810145104607415 ) ) ;
#6297 = ORIENTED_EDGE ( 'NONE', *, *, #2760, .F. ) ;
#6298 = DIRECTION ( 'NONE',  ( 0.000000000000000000, 0.000000000000000000, 1.000000000000000000 ) ) ;
#6299 = AXIS2_PLACEMENT_3D ( 'NONE', #4680, #3220, #6618 ) ;
#6300 = VERTEX_POINT ( 'NONE', #4290 ) ;
#6301 = VECTOR ( 'NONE', #3323, 1000.000000000000114 ) ;
#6302 = ORIENTED_EDGE ( 'NONE', *, *, #2414, .F. ) ;
#6303 = CARTESIAN_POINT ( 'NONE',  ( -45.39198837162189903, 4.850000000000000533, 78.62123011622490765 ) ) ;
#6304 = ORIENTED_EDGE ( 'NONE', *, *, #3977, .F. ) ;
#6305 = ADVANCED_FACE ( 'NONE', ( #3716 ), #442, .F. ) ;
#6306 = CARTESIAN_POINT ( 'NONE',  ( 26.00112609145444509, 1.249999999999993339, 111.0000000000000142 ) ) ;
#6307 = CARTESIAN_POINT ( 'NONE',  ( 12.19999999998835882, 1.750000000000000000, 155.3000000000000114 ) ) ;
#6308 = VECTOR ( 'NONE', #204, 1000.000000000000000 ) ;
#6309 = DIRECTION ( 'NONE',  ( -1.000000000000000000, 0.000000000000000000, 0.000000000000000000 ) ) ;
#6310 = DIRECTION ( 'NONE',  ( 1.000000000000000000, 0.000000000000000000, -0.000000000000000000 ) ) ;
#6311 = ADVANCED_FACE ( 'NONE', ( #481 ), #2109, .F. ) ;
#6312 = LINE ( 'NONE', #2131, #2550 ) ;
#6313 = VERTEX_POINT ( 'NONE', #4764 ) ;
#6314 = VERTEX_POINT ( 'NONE', #4321 ) ;
#6315 = CARTESIAN_POINT ( 'NONE',  ( 10.20430174814660873, -2.000000000000000000, 125.7684116160548200 ) ) ;
#6316 = ORIENTED_EDGE ( 'NONE', *, *, #3123, .F. ) ;
#6317 = VECTOR ( 'NONE', #1123, 1000.000000000000000 ) ;
#6318 = ADVANCED_FACE ( 'NONE', ( #5368 ), #3277, .F. ) ;
#6319 = DIRECTION ( 'NONE',  ( -1.000000000000000000, 0.000000000000000000, -0.000000000000000000 ) ) ;
#6320 = EDGE_CURVE ( 'NONE', #3786, #6861, #4814, .T. ) ;
#6321 = MECHANICAL_DESIGN_GEOMETRIC_PRESENTATION_REPRESENTATION (  '', ( #2243 ), #4110 ) ;
#6322 = CARTESIAN_POINT ( 'NONE',  ( -29.37500000000054357, 4.850000000000000533, 125.0500000000000540 ) ) ;
#6323 = EDGE_LOOP ( 'NONE', ( #3725, #6772, #1569, #3446 ) ) ;
#6324 = ORIENTED_EDGE ( 'NONE', *, *, #1280, .F. ) ;
#6325 = DIRECTION ( 'NONE',  ( 0.000000000000000000, -1.000000000000000000, 0.000000000000000000 ) ) ;
#6326 = EDGE_CURVE ( 'NONE', #3735, #4269, #4830, .T. ) ;
#6327 = LINE ( 'NONE', #2587, #1792 ) ;
#6328 = ORIENTED_EDGE ( 'NONE', *, *, #6090, .T. ) ;
#6329 = CARTESIAN_POINT ( 'NONE',  ( -17.44999999998816875, 1.750000000000000000, 154.5000000000001705 ) ) ;
#6330 = CARTESIAN_POINT ( 'NONE',  ( -11.99999999998817479, 0.000000000000000000, 155.5000000000001705 ) ) ;
#6331 = CARTESIAN_POINT ( 'NONE',  ( 7.499999999988222754, 1.750000000000000000, 163.0000000000001421 ) ) ;
#6332 = LINE ( 'NONE', #5826, #2593 ) ;
#6333 = DIRECTION ( 'NONE',  ( 0.8660254037844375974, 0.000000000000000000, -0.5000000000000018874 ) ) ;
#6334 = ORIENTED_EDGE ( 'NONE', *, *, #6545, .T. ) ;
#6335 = CARTESIAN_POINT ( 'NONE',  ( 0.000000000000000000, 4.850000000000000533, 87.59999999999999432 ) ) ;
#6336 = VERTEX_POINT ( 'NONE', #6564 ) ;
#6337 = ORIENTED_EDGE ( 'NONE', *, *, #5945, .F. ) ;
#6338 = VERTEX_POINT ( 'NONE', #2544 ) ;
#6339 = VECTOR ( 'NONE', #5989, 1000.000000000000000 ) ;
#6340 = FACE_OUTER_BOUND ( 'NONE', #2872, .T. ) ;
#6341 = DIRECTION ( 'NONE',  ( -0.5000000000000037748, 0.000000000000000000, 0.8660254037844365982 ) ) ;
#6342 = CARTESIAN_POINT ( 'NONE',  ( -14.59999999998812292, 1.750000000000000000, 133.5000000000000000 ) ) ;
#6343 = LINE ( 'NONE', #4569, #5390 ) ;
#6344 = AXIS2_PLACEMENT_3D ( 'NONE', #1521, #4209, #835 ) ;
#6345 = EDGE_CURVE ( 'NONE', #2913, #7087, #2001, .T. ) ;
#6346 = DIRECTION ( 'NONE',  ( 0.000000000000000000, -1.000000000000000000, 0.000000000000000000 ) ) ;
#6347 = VECTOR ( 'NONE', #5765, 1000.000000000000000 ) ;
#6348 = ORIENTED_EDGE ( 'NONE', *, *, #1796, .F. ) ;
#6349 = VERTEX_POINT ( 'NONE', #3677 ) ;
#6350 = DIRECTION ( 'NONE',  ( 0.000000000000000000, 0.000000000000000000, 1.000000000000000000 ) ) ;
#6351 = ORIENTED_EDGE ( 'NONE', *, *, #1391, .F. ) ;
#6352 = FACE_BOUND ( 'NONE', #1359, .T. ) ;
#6353 = VECTOR ( 'NONE', #6183, 1000.000000000000000 ) ;
#6354 = FACE_OUTER_BOUND ( 'NONE', #4021, .T. ) ;
#6355 = EDGE_CURVE ( 'NONE', #2328, #2781, #5885, .T. ) ;
#6356 = FACE_OUTER_BOUND ( 'NONE', #4792, .T. ) ;
#6357 = VECTOR ( 'NONE', #7138, 1000.000000000000000 ) ;
#6358 = ORIENTED_EDGE ( 'NONE', *, *, #1480, .T. ) ;
#6359 = EDGE_CURVE ( 'NONE', #3029, #4473, #875, .T. ) ;
#6360 = EDGE_CURVE ( 'NONE', #6170, #2655, #1090, .T. ) ;
#6361 = ORIENTED_EDGE ( 'NONE', *, *, #828, .T. ) ;
#6362 = DIRECTION ( 'NONE',  ( 0.000000000000000000, 0.7071067811865395791, 0.7071067811865554553 ) ) ;
#6363 = AXIS2_PLACEMENT_3D ( 'NONE', #1853, #5693, #2429 ) ;
#6364 = CARTESIAN_POINT ( 'NONE',  ( 26.50000000000054001, 2.824844346342719970, 114.2500000000000142 ) ) ;
#6365 = EDGE_LOOP ( 'NONE', ( #3706, #5635, #5585, #4061 ) ) ;
#6366 = CARTESIAN_POINT ( 'NONE',  ( 33.75000000000054001, 4.850000000000000533, 0.000000000000000000 ) ) ;
#6367 = AXIS2_PLACEMENT_3D ( 'NONE', #4627, #6257, #3268 ) ;
#6368 = FACE_OUTER_BOUND ( 'NONE', #770, .T. ) ;
#6369 = CARTESIAN_POINT ( 'NONE',  ( 32.20000000000057128, 4.850000000000000533, 83.98101451046072441 ) ) ;
#6370 = VECTOR ( 'NONE', #4174, 1000.000000000000000 ) ;
#6371 = EDGE_CURVE ( 'NONE', #46, #5811, #2320, .T. ) ;
#6372 = CARTESIAN_POINT ( 'NONE',  ( -14.59999999998812292, 0.7500000000000086597, 136.5999999999999943 ) ) ;
#6373 = CARTESIAN_POINT ( 'NONE',  ( -33.75000000000054001, 12.34999999999999964, 85.07409257229544153 ) ) ;
#6374 = AXIS2_PLACEMENT_3D ( 'NONE', #2177, #6567, #5340 ) ;
#6375 = ORIENTED_EDGE ( 'NONE', *, *, #2010, .T. ) ;
#6376 = DIRECTION ( 'NONE',  ( -1.000000000000000000, 0.000000000000000000, -0.000000000000000000 ) ) ;
#6377 = ORIENTED_EDGE ( 'NONE', *, *, #5702, .F. ) ;
#6378 = VERTEX_POINT ( 'NONE', #3311 ) ;
#6379 = VECTOR ( 'NONE', #5569, 1000.000000000000000 ) ;
#6380 = ORIENTED_EDGE ( 'NONE', *, *, #1658, .F. ) ;
#6381 = LINE ( 'NONE', #5357, #3413 ) ;
#6382 = CARTESIAN_POINT ( 'NONE',  ( -12.94544686036408443, 1.750000000000000000, 128.5073436110711214 ) ) ;
#6383 = LINE ( 'NONE', #5294, #2057 ) ;
#6384 = CARTESIAN_POINT ( 'NONE',  ( 11.84871062256328500, 12.34999999999999964, 79.10000000000002274 ) ) ;
#6385 = EDGE_LOOP ( 'NONE', ( #1376, #4411, #412, #1085 ) ) ;
#6386 = ORIENTED_EDGE ( 'NONE', *, *, #6345, .T. ) ;
#6387 = LINE ( 'NONE', #1997, #3122 ) ;
#6388 = ORIENTED_EDGE ( 'NONE', *, *, #1209, .F. ) ;
#6389 = DIRECTION ( 'NONE',  ( -0.000000000000000000, 1.000000000000000000, 0.000000000000000000 ) ) ;
#6390 = PLANE ( 'NONE',  #2629 ) ;
#6391 = DIRECTION ( 'NONE',  ( 0.000000000000000000, -0.000000000000000000, -1.000000000000000000 ) ) ;
#6392 = CYLINDRICAL_SURFACE ( 'NONE', #5406, 1.549999999999995826 ) ;
#6393 = ORIENTED_EDGE ( 'NONE', *, *, #5905, .T. ) ;
#6394 = ADVANCED_FACE ( 'NONE', ( #41 ), #4535, .F. ) ;
#6395 = ORIENTED_EDGE ( 'NONE', *, *, #2105, .F. ) ;
#6396 = DIRECTION ( 'NONE',  ( 0.000000000000000000, 1.000000000000000000, 0.000000000000000000 ) ) ;
#6397 = CARTESIAN_POINT ( 'NONE',  ( 24.50000000000048317, 1.249999999999994227, 77.10000000000002274 ) ) ;
#6398 = ORIENTED_EDGE ( 'NONE', *, *, #20, .T. ) ;
#6399 = PLANE ( 'NONE',  #3690 ) ;
#6400 = ADVANCED_FACE ( 'NONE', ( #586 ), #6658, .F. ) ;
#6401 = CARTESIAN_POINT ( 'NONE',  ( 25.35112609145443585, -0.2500000000000078271, 113.5000000000000000 ) ) ;
#6402 = EDGE_CURVE ( 'NONE', #1773, #2313, #77, .T. ) ;
#6403 = CARTESIAN_POINT ( 'NONE',  ( 24.00000000000053291, 12.34999999999999964, 79.10000000000002274 ) ) ;
#6404 = DIRECTION ( 'NONE',  ( 1.000000000000000000, -0.000000000000000000, -0.000000000000000000 ) ) ;
#6405 = ORIENTED_EDGE ( 'NONE', *, *, #4981, .F. ) ;
#6406 = EDGE_CURVE ( 'NONE', #2803, #697, #4497, .T. ) ;
#6407 = DIRECTION ( 'NONE',  ( 0.000000000000000000, 0.000000000000000000, -1.000000000000000000 ) ) ;
#6408 = EDGE_LOOP ( 'NONE', ( #3022, #4366, #2659, #2467 ) ) ;
#6409 = ORIENTED_EDGE ( 'NONE', *, *, #5831, .F. ) ;
#6410 = ORIENTED_EDGE ( 'NONE', *, *, #4542, .T. ) ;
#6411 = CARTESIAN_POINT ( 'NONE',  ( 29.37500000000054357, 12.34999999999999964, 80.80000000000001137 ) ) ;
#6412 = LINE ( 'NONE', #3632, #3340 ) ;
#6413 = CARTESIAN_POINT ( 'NONE',  ( -16.89999999998816449, 53.23340376863964707, 99.95000000000003126 ) ) ;
#6414 = EDGE_CURVE ( 'NONE', #2751, #3892, #6670, .T. ) ;
#6415 = DIRECTION ( 'NONE',  ( 1.000000000000000000, -0.000000000000000000, 0.000000000000000000 ) ) ;
#6416 = ORIENTED_EDGE ( 'NONE', *, *, #1339, .F. ) ;
#6417 = EDGE_LOOP ( 'NONE', ( #2915, #6290, #5796, #4308 ) ) ;
#6418 = FACE_OUTER_BOUND ( 'NONE', #2801, .T. ) ;
#6419 = VERTEX_POINT ( 'NONE', #6707 ) ;
#6420 = VECTOR ( 'NONE', #161, 1000.000000000000000 ) ;
#6421 = VECTOR ( 'NONE', #888, 1000.000000000000000 ) ;
#6422 = CARTESIAN_POINT ( 'NONE',  ( -14.59999999998812292, 1.750000000000000000, 136.5999999999999943 ) ) ;
#6423 = DIRECTION ( 'NONE',  ( -0.000000000000000000, -1.000000000000000000, -0.000000000000000000 ) ) ;
#6424 = DIRECTION ( 'NONE',  ( 0.000000000000000000, 0.000000000000000000, -1.000000000000000000 ) ) ;
#6425 = DIRECTION ( 'NONE',  ( -1.000000000000000000, 0.000000000000000000, -0.000000000000000000 ) ) ;
#6426 = VECTOR ( 'NONE', #1464, 1000.000000000000000 ) ;
#6427 = ORIENTED_EDGE ( 'NONE', *, *, #5638, .F. ) ;
#6428 = ORIENTED_EDGE ( 'NONE', *, *, #2353, .T. ) ;
#6429 = AXIS2_PLACEMENT_3D ( 'NONE', #5990, #5953, #3819 ) ;
#6430 = CARTESIAN_POINT ( 'NONE',  ( -26.50000000000052935, 2.249999999999962252, 112.0000000000000142 ) ) ;
#6431 = CARTESIAN_POINT ( 'NONE',  ( 33.75000000000054712, 7.850000000000001421, 0.000000000000000000 ) ) ;
#6432 = ORIENTED_EDGE ( 'NONE', *, *, #4635, .F. ) ;
#6433 = LINE ( 'NONE', #5894, #6464 ) ;
#6434 = EDGE_CURVE ( 'NONE', #630, #4877, #1637, .T. ) ;
#6435 = LINE ( 'NONE', #5895, #5317 ) ;
#6436 = LINE ( 'NONE', #6295, #3761 ) ;
#6437 = DIRECTION ( 'NONE',  ( 0.000000000000000000, 0.000000000000000000, -1.000000000000000000 ) ) ;
#6438 = ADVANCED_FACE ( 'NONE', ( #3380 ), #4462, .F. ) ;
#6439 = EDGE_LOOP ( 'NONE', ( #1632, #907, #6728, #3778 ) ) ;
#6440 = EDGE_CURVE ( 'NONE', #4991, #2950, #5582, .T. ) ;
#6441 = LINE ( 'NONE', #2017, #2556 ) ;
#6442 = VERTEX_POINT ( 'NONE', #3956 ) ;
#6443 = VERTEX_POINT ( 'NONE', #1196 ) ;
#6444 = ORIENTED_EDGE ( 'NONE', *, *, #498, .T. ) ;
#6445 = VECTOR ( 'NONE', #2736, 1000.000000000000114 ) ;
#6446 = EDGE_CURVE ( 'NONE', #6055, #797, #2832, .T. ) ;
#6447 = CARTESIAN_POINT ( 'NONE',  ( 17.44999999998820428, 0.000000000000000000, 154.5000000000001705 ) ) ;
#6448 = CARTESIAN_POINT ( 'NONE',  ( -14.09940879646142697, 1.770107048395495708, 121.9961319900218797 ) ) ;
#6449 = ADVANCED_FACE ( 'NONE', ( #4391 ), #3454, .F. ) ;
#6450 = LINE ( 'NONE', #5873, #6577 ) ;
#6451 = CARTESIAN_POINT ( 'NONE',  ( 16.80000000000053006, 8.900000000000002132, 79.10000000000002274 ) ) ;
#6452 = AXIS2_PLACEMENT_3D ( 'NONE', #4289, #6423, #3676 ) ;
#6453 = ORIENTED_EDGE ( 'NONE', *, *, #5333, .F. ) ;
#6454 = ORIENTED_EDGE ( 'NONE', *, *, #5297, .T. ) ;
#6455 = LINE ( 'NONE', #839, #6473 ) ;
#6456 = VERTEX_POINT ( 'NONE', #512 ) ;
#6457 = ADVANCED_FACE ( 'NONE', ( #5548 ), #2798, .F. ) ;
#6458 = DIRECTION ( 'NONE',  ( 0.4774298500276900614, -0.000000000000000000, -0.8786698687803841112 ) ) ;
#6459 = AXIS2_PLACEMENT_3D ( 'NONE', #6706, #2977, #5766 ) ;
#6460 = CARTESIAN_POINT ( 'NONE',  ( -33.75000000000054001, 12.34999999999999964, 0.000000000000000000 ) ) ;
#6461 = PLANE ( 'NONE',  #300 ) ;
#6462 = AXIS2_PLACEMENT_3D ( 'NONE', #1657, #2061, #3872 ) ;
#6463 = DIRECTION ( 'NONE',  ( 0.000000000000000000, 0.000000000000000000, 1.000000000000000000 ) ) ;
#6464 = VECTOR ( 'NONE', #1467, 1000.000000000000000 ) ;
#6465 = EDGE_LOOP ( 'NONE', ( #920, #2671, #4281, #2507, #2274, #4226, #1785, #6142, #3890 ) ) ;
#6466 = ORIENTED_EDGE ( 'NONE', *, *, #6122, .T. ) ;
#6467 = CARTESIAN_POINT ( 'NONE',  ( -11.99999999998817479, 1.750000000000000000, 163.0000000000001421 ) ) ;
#6468 = DIRECTION ( 'NONE',  ( 0.7071067811865463515, -0.7071067811865487940, -1.401868266681938576E-15 ) ) ;
#6469 = ORIENTED_EDGE ( 'NONE', *, *, #4637, .T. ) ;
#6470 = VECTOR ( 'NONE', #824, 1000.000000000000000 ) ;
#6471 = CARTESIAN_POINT ( 'NONE',  ( -22.34999999998811759, 1.750000000000000000, 135.0500000000000114 ) ) ;
#6472 = DIRECTION ( 'NONE',  ( -1.000000000000000000, 0.000000000000000000, -0.000000000000000000 ) ) ;
#6473 = VECTOR ( 'NONE', #805, 1000.000000000000000 ) ;
#6474 = CARTESIAN_POINT ( 'NONE',  ( -10.20430174801494339, -2.000000000000000000, 122.0018057028560321 ) ) ;
#6475 = EDGE_CURVE ( 'NONE', #7082, #6929, #5078, .T. ) ;
#6476 = DIRECTION ( 'NONE',  ( 0.000000000000000000, 1.000000000000000000, 0.000000000000000000 ) ) ;
#6477 = EDGE_LOOP ( 'NONE', ( #252, #5844, #493, #1101 ) ) ;
#6478 = VECTOR ( 'NONE', #4553, 1000.000000000000000 ) ;
#6479 = CARTESIAN_POINT ( 'NONE',  ( 60.07948837162226852, 4.850000000000000533, 104.0607263523930754 ) ) ;
#6480 = ORIENTED_EDGE ( 'NONE', *, *, #146, .F. ) ;
#6481 = ORIENTED_EDGE ( 'NONE', *, *, #3957, .F. ) ;
#6482 = VECTOR ( 'NONE', #4796, 1000.000000000000000 ) ;
#6483 = DIRECTION ( 'NONE',  ( 0.000000000000000000, 0.000000000000000000, 1.000000000000000000 ) ) ;
#6484 = EDGE_CURVE ( 'NONE', #4790, #4104, #116, .T. ) ;
#6485 = LINE ( 'NONE', #6517, #5532 ) ;
#6486 = CARTESIAN_POINT ( 'NONE',  ( -10.20430174801494339, -2.000000000000000000, 77.10000000000002274 ) ) ;
#6487 = VECTOR ( 'NONE', #3398, 1000.000000000000000 ) ;
#6488 = CARTESIAN_POINT ( 'NONE',  ( -13.57608949590470715, 1.249999999999999778, 121.8545902704920962 ) ) ;
#6489 = VERTEX_POINT ( 'NONE', #764 ) ;
#6490 = EDGE_CURVE ( 'NONE', #2564, #3313, #6343, .T. ) ;
#6491 = VERTEX_POINT ( 'NONE', #5696 ) ;
#6492 = CARTESIAN_POINT ( 'NONE',  ( 25.35112609145443230, 2.249999999999955147, 112.0000000000000142 ) ) ;
#6493 = ADVANCED_FACE ( 'NONE', ( #2465 ), #3601, .F. ) ;
#6494 = ORIENTED_EDGE ( 'NONE', *, *, #1791, .T. ) ;
#6495 = CARTESIAN_POINT ( 'NONE',  ( -15.59999999998816911, -16.11541742610947381, 146.5000000000000000 ) ) ;
#6496 = DIRECTION ( 'NONE',  ( -0.5941428791103782192, -0.5687680718897778487, -0.5687680718897775156 ) ) ;
#6497 = CARTESIAN_POINT ( 'NONE',  ( 32.20000000000057128, 2.350000000000000089, 80.71898548953929264 ) ) ;
#6498 = DIRECTION ( 'NONE',  ( -0.8660254037844389297, 0.000000000000000000, -0.4999999999999995559 ) ) ;
#6499 = VERTEX_POINT ( 'NONE', #4715 ) ;
#6500 = ADVANCED_FACE ( 'NONE', ( #226 ), #4102, .F. ) ;
#6501 = ORIENTED_EDGE ( 'NONE', *, *, #1449, .T. ) ;
#6502 = ORIENTED_EDGE ( 'NONE', *, *, #654, .F. ) ;
#6503 = LINE ( 'NONE', #1608, #5157 ) ;
#6504 = AXIS2_PLACEMENT_3D ( 'NONE', #1257, #2307, #3979 ) ;
#6505 = LINE ( 'NONE', #3724, #4692 ) ;
#6506 = ORIENTED_EDGE ( 'NONE', *, *, #5652, .F. ) ;
#6507 = LINE ( 'NONE', #6039, #6445 ) ;
#6508 = ADVANCED_FACE ( 'NONE', ( #189 ), #2978, .F. ) ;
#6509 = CARTESIAN_POINT ( 'NONE',  ( -29.37500000000056133, 4.850000000000000533, 128.3120290209214147 ) ) ;
#6510 = DIRECTION ( 'NONE',  ( 4.625929269271430694E-16, 0.000000000000000000, 1.000000000000000000 ) ) ;
#6511 = CARTESIAN_POINT ( 'NONE',  ( -14.59999999998812292, 0.7500000000000086597, 130.4000000000000057 ) ) ;
#6512 = EDGE_LOOP ( 'NONE', ( #2813, #1549, #389, #6720 ) ) ;
#6513 = LINE ( 'NONE', #2527, #3721 ) ;
#6514 = ORIENTED_EDGE ( 'NONE', *, *, #5874, .T. ) ;
#6515 = ORIENTED_EDGE ( 'NONE', *, *, #3656, .F. ) ;
#6516 = FACE_OUTER_BOUND ( 'NONE', #3010, .T. ) ;
#6517 = CARTESIAN_POINT ( 'NONE',  ( 16.90000000001182556, 53.23340376863964707, 99.94999999997739337 ) ) ;
#6518 = DIRECTION ( 'NONE',  ( -1.000000000000000000, 0.000000000000000000, -0.000000000000000000 ) ) ;
#6519 = DIRECTION ( 'NONE',  ( -0.7071067811865500152, -0.000000000000000000, 0.7071067811865451302 ) ) ;
#6520 = ORIENTED_EDGE ( 'NONE', *, *, #3172, .T. ) ;
#6521 = VERTEX_POINT ( 'NONE', #3016 ) ;
#6522 = EDGE_CURVE ( 'NONE', #3644, #1953, #6925, .T. ) ;
#6523 = CARTESIAN_POINT ( 'NONE',  ( -14.07585152298461395, 1.750000000000000000, 121.8382297557122484 ) ) ;
#6524 = ORIENTED_EDGE ( 'NONE', *, *, #765, .F. ) ;
#6525 = LINE ( 'NONE', #3309, #5792 ) ;
#6526 = DIRECTION ( 'NONE',  ( 3.341720035121220103E-15, 0.000000000000000000, -1.000000000000000000 ) ) ;
#6527 = CARTESIAN_POINT ( 'NONE',  ( 11.84871062256314111, 53.23340376863964707, 122.0018057028561032 ) ) ;
#6528 = EDGE_CURVE ( 'NONE', #2646, #6281, #4607, .T. ) ;
#6529 = DIRECTION ( 'NONE',  ( 0.000000000000000000, 0.000000000000000000, -1.000000000000000000 ) ) ;
#6530 = EDGE_LOOP ( 'NONE', ( #2752, #5773, #6663, #5126 ) ) ;
#6531 = ADVANCED_FACE ( 'NONE', ( #5186 ), #6817, .T. ) ;
#6532 = VECTOR ( 'NONE', #728, 1000.000000000000000 ) ;
#6533 = ORIENTED_EDGE ( 'NONE', *, *, #5393, .T. ) ;
#6534 = AXIS2_PLACEMENT_3D ( 'NONE', #1550, #2126, #3191 ) ;
#6535 = EDGE_LOOP ( 'NONE', ( #4670, #6999, #5436, #6380, #488, #2697, #6480, #4552 ) ) ;
#6536 = ADVANCED_FACE ( 'NONE', ( #1273 ), #4648, .T. ) ;
#6537 = DIRECTION ( 'NONE',  ( 0.3145145977190316189, 0.000000000000000000, 0.9492526364575637476 ) ) ;
#6538 =( GEOMETRIC_REPRESENTATION_CONTEXT ( 3 ) GLOBAL_UNCERTAINTY_ASSIGNED_CONTEXT ( ( #4533 ) ) GLOBAL_UNIT_ASSIGNED_CONTEXT ( ( #2770, #86, #2361 ) ) REPRESENTATION_CONTEXT ( 'NONE', 'WORKASPACE' ) );
#6539 = CARTESIAN_POINT ( 'NONE',  ( -24.70112609145443372, -16.11541742610947381, 129.9000000000000057 ) ) ;
#6540 = VECTOR ( 'NONE', #5202, 1000.000000000000000 ) ;
#6541 = EDGE_LOOP ( 'NONE', ( #5544, #6736, #5614, #1026 ) ) ;
#6542 = DIRECTION ( 'NONE',  ( -0.7068211600042046960, 0.000000000000000000, -0.7073922870446852640 ) ) ;
#6543 = MANIFOLD_SOLID_BREP ( '倒角6', #912 ) ;
#6544 = VECTOR ( 'NONE', #4654, 1000.000000000000000 ) ;
#6545 = EDGE_CURVE ( 'NONE', #7084, #6193, #6276, .T. ) ;
#6546 = DIRECTION ( 'NONE',  ( -0.000000000000000000, -1.000000000000000000, -0.000000000000000000 ) ) ;
#6547 = CYLINDRICAL_SURFACE ( 'NONE', #6570, 1.549999999977375031 ) ;
#6548 = CARTESIAN_POINT ( 'NONE',  ( 26.00112609145446640, 0.000000000000000000, 148.0463266998052632 ) ) ;
#6549 = ORIENTED_EDGE ( 'NONE', *, *, #1473, .F. ) ;
#6550 = VECTOR ( 'NONE', #5597, 1000.000000000000000 ) ;
#6551 = LINE ( 'NONE', #7060, #1980 ) ;
#6552 = ORIENTED_EDGE ( 'NONE', *, *, #3501, .F. ) ;
#6553 = VERTEX_POINT ( 'NONE', #2941 ) ;
#6554 = CARTESIAN_POINT ( 'NONE',  ( -26.00112609145444154, -2.000000000000000000, 117.8000000000000114 ) ) ;
#6555 = DIRECTION ( 'NONE',  ( 0.000000000000000000, 0.000000000000000000, 1.000000000000000000 ) ) ;
#6556 = DIRECTION ( 'NONE',  ( 0.000000000000000000, 0.000000000000000000, -1.000000000000000000 ) ) ;
#6557 = LINE ( 'NONE', #5875, #2086 ) ;
#6558 = ORIENTED_EDGE ( 'NONE', *, *, #7075, .F. ) ;
#6559 = ORIENTED_EDGE ( 'NONE', *, *, #4578, .T. ) ;
#6560 = CARTESIAN_POINT ( 'NONE',  ( 32.20000000000057128, 4.850000000000000533, 80.71898548953929264 ) ) ;
#6561 = VERTEX_POINT ( 'NONE', #1310 ) ;
#6562 = DIRECTION ( 'NONE',  ( -0.000000000000000000, -1.000000000000000000, -0.000000000000000000 ) ) ;
#6563 = FACE_OUTER_BOUND ( 'NONE', #831, .T. ) ;
#6564 = CARTESIAN_POINT ( 'NONE',  ( -26.00112609145444864, 1.249999999999996003, 78.60112609145394913 ) ) ;
#6565 = ADVANCED_FACE ( 'NONE', ( #3526 ), #5732, .T. ) ;
#6566 = AXIS2_PLACEMENT_3D ( 'NONE', #959, #3758, #5932 ) ;
#6567 = DIRECTION ( 'NONE',  ( -0.000000000000000000, -1.000000000000000000, 0.000000000000000000 ) ) ;
#6568 = ORIENTED_EDGE ( 'NONE', *, *, #1571, .T. ) ;
#6569 = EDGE_LOOP ( 'NONE', ( #5978, #475, #6205, #5036 ) ) ;
#6570 = AXIS2_PLACEMENT_3D ( 'NONE', #4266, #2701, #4912 ) ;
#6571 = ORIENTED_EDGE ( 'NONE', *, *, #509, .F. ) ;
#6572 = LINE ( 'NONE', #2182, #3885 ) ;
#6573 = EDGE_CURVE ( 'NONE', #1341, #2715, #4338, .T. ) ;
#6574 = DIRECTION ( 'NONE',  ( 0.000000000000000000, 0.000000000000000000, 1.000000000000000000 ) ) ;
#6575 = ORIENTED_EDGE ( 'NONE', *, *, #340, .F. ) ;
#6576 = CARTESIAN_POINT ( 'NONE',  ( -33.75000000000056843, 4.850000000000000533, 122.3259074277046210 ) ) ;
#6577 = VECTOR ( 'NONE', #1993, 1000.000000000000114 ) ;
#6578 = ADVANCED_FACE ( 'NONE', ( #1037 ), #458, .F. ) ;
#6579 = EDGE_CURVE ( 'NONE', #4760, #3880, #7126, .T. ) ;
#6580 = DIRECTION ( 'NONE',  ( 1.933235146104446702E-16, 0.000000000000000000, 1.000000000000000000 ) ) ;
#6581 = DIRECTION ( 'NONE',  ( 0.7071067811865493491, -0.000000000000000000, 0.7071067811865456854 ) ) ;
#6582 = AXIS2_PLACEMENT_3D ( 'NONE', #1145, #639, #606 ) ;
#6583 = CARTESIAN_POINT ( 'NONE',  ( 11.99999999998821210, 12.34999999999999964, 155.5000000000001705 ) ) ;
#6584 = ORIENTED_EDGE ( 'NONE', *, *, #4936, .F. ) ;
#6585 = LINE ( 'NONE', #6113, #15 ) ;
#6586 = VERTEX_POINT ( 'NONE', #2669 ) ;
#6587 = EDGE_CURVE ( 'NONE', #954, #580, #4990, .T. ) ;
#6588 = VECTOR ( 'NONE', #140, 1000.000000000000000 ) ;
#6589 = LINE ( 'NONE', #2202, #2713 ) ;
#6590 = FACE_OUTER_BOUND ( 'NONE', #1476, .T. ) ;
#6591 = DIRECTION ( 'NONE',  ( -1.000000000000000000, 0.000000000000000000, 0.000000000000000000 ) ) ;
#6592 = VECTOR ( 'NONE', #5847, 1000.000000000000000 ) ;
#6593 = PLANE ( 'NONE',  #4862 ) ;
#6594 = CARTESIAN_POINT ( 'NONE',  ( -24.70112609145443372, -4.000000000000000000, 125.7684116160548484 ) ) ;
#6595 = ORIENTED_EDGE ( 'NONE', *, *, #6212, .T. ) ;
#6596 = EDGE_LOOP ( 'NONE', ( #3006, #2066, #4057, #6638 ) ) ;
#6597 = LINE ( 'NONE', #1633, #1611 ) ;
#6598 = VECTOR ( 'NONE', #1231, 999.9999999999998863 ) ;
#6599 = ORIENTED_EDGE ( 'NONE', *, *, #2693, .F. ) ;
#6600 = DIRECTION ( 'NONE',  ( 0.000000000000000000, 0.000000000000000000, -1.000000000000000000 ) ) ;
#6601 = DIRECTION ( 'NONE',  ( -1.000000000000000000, 0.000000000000000000, 0.000000000000000000 ) ) ;
#6602 = DIRECTION ( 'NONE',  ( 1.000000000000000000, 0.000000000000000000, 0.000000000000000000 ) ) ;
#6603 = VECTOR ( 'NONE', #4348, 1000.000000000000000 ) ;
#6604 = FACE_OUTER_BOUND ( 'NONE', #5088, .T. ) ;
#6605 = ORIENTED_EDGE ( 'NONE', *, *, #778, .T. ) ;
#6606 = CARTESIAN_POINT ( 'NONE',  ( 0.000000000000000000, 12.34999999999999964, 152.8000000000000114 ) ) ;
#6607 = VERTEX_POINT ( 'NONE', #5458 ) ;
#6608 = AXIS2_PLACEMENT_3D ( 'NONE', #4130, #4169, #3554 ) ;
#6609 = CARTESIAN_POINT ( 'NONE',  ( -15.59999999998816911, -4.000000000000000000, 146.5000000000000000 ) ) ;
#6610 = DIRECTION ( 'NONE',  ( 0.000000000000000000, 0.000000000000000000, 1.000000000000000000 ) ) ;
#6611 = VERTEX_POINT ( 'NONE', #492 ) ;
#6612 = DIRECTION ( 'NONE',  ( -0.000000000000000000, 0.000000000000000000, -1.000000000000000000 ) ) ;
#6613 = EDGE_CURVE ( 'NONE', #5948, #2273, #5936, .T. ) ;
#6614 = EDGE_CURVE ( 'NONE', #4530, #4673, #3429, .T. ) ;
#6615 = VECTOR ( 'NONE', #680, 1000.000000000000114 ) ;
#6616 = FACE_BOUND ( 'NONE', #525, .T. ) ;
#6617 = DIRECTION ( 'NONE',  ( 1.933235146104446949E-16, -9.035018104045866996E-17, 1.000000000000000000 ) ) ;
#6618 = DIRECTION ( 'NONE',  ( 0.000000000000000000, 1.000000000000000000, 0.000000000000000000 ) ) ;
#6619 = ORIENTED_EDGE ( 'NONE', *, *, #6876, .T. ) ;
#6620 = EDGE_CURVE ( 'NONE', #3062, #795, #5530, .T. ) ;
#6621 = CARTESIAN_POINT ( 'NONE',  ( -12.59175071676752111, 0.000000000000000000, 128.1539330310762921 ) ) ;
#6622 = LINE ( 'NONE', #60, #3115 ) ;
#6623 = EDGE_CURVE ( 'NONE', #3775, #5176, #1000, .T. ) ;
#6624 = DIRECTION ( 'NONE',  ( 0.000000000000000000, 0.000000000000000000, -1.000000000000000000 ) ) ;
#6625 = DIRECTION ( 'NONE',  ( -0.000000000000000000, -1.000000000000000000, -0.000000000000000000 ) ) ;
#6626 = EDGE_CURVE ( 'NONE', #6300, #4616, #965, .T. ) ;
#6627 = CARTESIAN_POINT ( 'NONE',  ( -26.50000000000052935, 12.34999999999999964, 0.000000000000000000 ) ) ;
#6628 = CARTESIAN_POINT ( 'NONE',  ( -29.37500000000054357, 12.34999999999999964, 82.35000000000000853 ) ) ;
#6629 = LINE ( 'NONE', #6594, #2909 ) ;
#6630 = EDGE_LOOP ( 'NONE', ( #885, #2438, #4639, #3162, #6966, #1357, #1128, #5411 ) ) ;
#6631 = ORIENTED_EDGE ( 'NONE', *, *, #4268, .T. ) ;
#6632 = CARTESIAN_POINT ( 'NONE',  ( 0.000000000000000000, 12.34999999999999964, 152.8000000000000114 ) ) ;
#6633 = ORIENTED_EDGE ( 'NONE', *, *, #3789, .F. ) ;
#6634 = CARTESIAN_POINT ( 'NONE',  ( 22.70000000001184759, -4.000000000000000000, 102.5499999999999545 ) ) ;
#6635 = CARTESIAN_POINT ( 'NONE',  ( -14.59999999998812292, 1.750000000000000000, 129.4000000000000057 ) ) ;
#6636 = CARTESIAN_POINT ( 'NONE',  ( -26.00112609145444154, -4.000000000000000000, 102.5500000000000114 ) ) ;
#6637 = CARTESIAN_POINT ( 'NONE',  ( 26.55000000000054783, 6.850000000000000533, 83.98101451046072441 ) ) ;
#6638 = ORIENTED_EDGE ( 'NONE', *, *, #1071, .T. ) ;
#6639 = CARTESIAN_POINT ( 'NONE',  ( -14.59999999998812292, 0.000000000000000000, 133.5000000000000000 ) ) ;
#6640 = ORIENTED_EDGE ( 'NONE', *, *, #2200, .T. ) ;
#6641 = CARTESIAN_POINT ( 'NONE',  ( 0.000000000000000000, 12.34999999999999964, 130.3000000000000398 ) ) ;
#6642 = ORIENTED_EDGE ( 'NONE', *, *, #3169, .F. ) ;
#6643 = DIRECTION ( 'NONE',  ( -0.000000000000000000, 1.000000000000000000, -0.000000000000000000 ) ) ;
#6644 = VECTOR ( 'NONE', #2819, 1000.000000000000000 ) ;
#6645 = VECTOR ( 'NONE', #848, 1000.000000000000000 ) ;
#6646 = AXIS2_PLACEMENT_3D ( 'NONE', #5595, #2883, #2810 ) ;
#6647 = FACE_OUTER_BOUND ( 'NONE', #1952, .T. ) ;
#6648 = DIRECTION ( 'NONE',  ( 1.933235146104446702E-16, 0.000000000000000000, 1.000000000000000000 ) ) ;
#6649 = CARTESIAN_POINT ( 'NONE',  ( 26.90234600082414573, 2.350000000000000089, 46.59623011622471012 ) ) ;
#6650 = EDGE_CURVE ( 'NONE', #1523, #756, #2157, .T. ) ;
#6651 = ORIENTED_EDGE ( 'NONE', *, *, #1391, .T. ) ;
#6652 = FACE_OUTER_BOUND ( 'NONE', #1810, .T. ) ;
#6653 = CARTESIAN_POINT ( 'NONE',  ( 12.59175071684177816, 1.249999999999999556, 128.1539330310690445 ) ) ;
#6654 = AXIS2_PLACEMENT_3D ( 'NONE', #2653, #7078, #4868 ) ;
#6655 = EDGE_CURVE ( 'NONE', #1602, #243, #24, .T. ) ;
#6656 = DIRECTION ( 'NONE',  ( 0.000000000000000000, 1.084202172485504187E-16, -1.000000000000000000 ) ) ;
#6657 = CARTESIAN_POINT ( 'NONE',  ( -13.57930174801670020, -2.000000000000000000, 125.7684116160626928 ) ) ;
#6658 = CONICAL_SURFACE ( 'NONE', #409, 3.099999999999991651, 0.7853981633974498333 ) ;
#6659 = DIRECTION ( 'NONE',  ( 0.000000000000000000, 0.000000000000000000, 1.000000000000000000 ) ) ;
#6660 = EDGE_CURVE ( 'NONE', #5176, #3594, #3865, .T. ) ;
#6661 = LINE ( 'NONE', #5540, #1508 ) ;
#6662 = ORIENTED_EDGE ( 'NONE', *, *, #2059, .F. ) ;
#6663 = ORIENTED_EDGE ( 'NONE', *, *, #6807, .T. ) ;
#6664 = DIRECTION ( 'NONE',  ( 1.000000000000000000, -0.000000000000000000, 0.000000000000000000 ) ) ;
#6665 = ORIENTED_EDGE ( 'NONE', *, *, #3190, .T. ) ;
#6666 = EDGE_CURVE ( 'NONE', #779, #5000, #6076, .T. ) ;
#6667 = ADVANCED_FACE ( 'NONE', ( #1106 ), #2739, .F. ) ;
#6668 = LINE ( 'NONE', #2172, #577 ) ;
#6669 = DIRECTION ( 'NONE',  ( 0.000000000000000000, 1.000000000000000000, 0.000000000000000000 ) ) ;
#6670 = LINE ( 'NONE', #3853, #4459 ) ;
#6671 = LINE ( 'NONE', #3992, #5795 ) ;
#6672 = EDGE_LOOP ( 'NONE', ( #3708, #6065 ) ) ;
#6673 = ORIENTED_EDGE ( 'NONE', *, *, #2105, .T. ) ;
#6674 = DIRECTION ( 'NONE',  ( 0.000000000000000000, 1.000000000000000000, -0.000000000000000000 ) ) ;
#6675 = ORIENTED_EDGE ( 'NONE', *, *, #2353, .F. ) ;
#6676 = ADVANCED_FACE ( 'NONE', ( #5423 ), #1545, .F. ) ;
#6677 = VECTOR ( 'NONE', #7088, 1000.000000000000000 ) ;
#6678 = PLANE ( 'NONE',  #5970 ) ;
#6679 = VERTEX_POINT ( 'NONE', #422 ) ;
#6680 = LINE ( 'NONE', #3896, #2277 ) ;
#6681 = AXIS2_PLACEMENT_3D ( 'NONE', #3058, #5269, #2576 ) ;
#6682 = ORIENTED_EDGE ( 'NONE', *, *, #3674, .T. ) ;
#6683 = FACE_OUTER_BOUND ( 'NONE', #6806, .T. ) ;
#6684 = CARTESIAN_POINT ( 'NONE',  ( 16.44999999998819717, 12.34999999999999964, 154.5000000000001705 ) ) ;
#6685 = VECTOR ( 'NONE', #3668, 1000.000000000000000 ) ;
#6686 = CARTESIAN_POINT ( 'NONE',  ( 33.75000000000054001, 2.249999999999955147, 112.0000000000000142 ) ) ;
#6687 = ORIENTED_EDGE ( 'NONE', *, *, #2805, .F. ) ;
#6688 = VECTOR ( 'NONE', #6625, 1000.000000000000000 ) ;
#6689 = LINE ( 'NONE', #6729, #6379 ) ;
#6690 = CARTESIAN_POINT ( 'NONE',  ( 0.000000000000000000, -2.000000000000000000, 130.1000000000000227 ) ) ;
#6691 = DIRECTION ( 'NONE',  ( 0.000000000000000000, -0.000000000000000000, -1.000000000000000000 ) ) ;
#6692 = DIRECTION ( 'NONE',  ( -1.982541115402063729E-15, 0.000000000000000000, -1.000000000000000000 ) ) ;
#6693 = CARTESIAN_POINT ( 'NONE',  ( -7.249999999988179233, 1.750000000000000000, 133.4999999999684235 ) ) ;
#6694 = ORIENTED_EDGE ( 'NONE', *, *, #286, .F. ) ;
#6695 = VECTOR ( 'NONE', #5180, 1000.000000000000000 ) ;
#6696 = CARTESIAN_POINT ( 'NONE',  ( 33.75000000000054001, 4.850000000000000533, 85.07409257229544153 ) ) ;
#6697 = ORIENTED_EDGE ( 'NONE', *, *, #1032, .T. ) ;
#6698 = ORIENTED_EDGE ( 'NONE', *, *, #6936, .F. ) ;
#6699 = DIRECTION ( 'NONE',  ( -2.102695122396130163E-16, 0.000000000000000000, 1.000000000000000000 ) ) ;
#6700 = ORIENTED_EDGE ( 'NONE', *, *, #112, .F. ) ;
#6701 = EDGE_CURVE ( 'NONE', #5144, #2730, #4845, .T. ) ;
#6702 = FACE_OUTER_BOUND ( 'NONE', #5181, .T. ) ;
#6703 = LINE ( 'NONE', #187, #1392 ) ;
#6704 = CONICAL_SURFACE ( 'NONE', #5212, 1.549999999999995826, 0.7853981633974528309 ) ;
#6705 = UNCERTAINTY_MEASURE_WITH_UNIT (LENGTH_MEASURE( 1.000000000000000082E-05 ), #801, 'distance_accuracy_value', 'NONE');
#6706 = CARTESIAN_POINT ( 'NONE',  ( -16.89999999998816449, 0.7499999999999729106, 98.40000000000001990 ) ) ;
#6707 = CARTESIAN_POINT ( 'NONE',  ( 25.35112609145443585, 3.350000000000002309, 113.5000000000000142 ) ) ;
#6708 = EDGE_CURVE ( 'NONE', #2310, #2397, #4304, .T. ) ;
#6709 = AXIS2_PLACEMENT_3D ( 'NONE', #4554, #3548, #6220 ) ;
#6710 = EDGE_CURVE ( 'NONE', #5506, #3403, #5973, .T. ) ;
#6711 = LINE ( 'NONE', #2799, #4291 ) ;
#6712 = EDGE_LOOP ( 'NONE', ( #2326, #4504, #5314, #2423 ) ) ;
#6713 = ORIENTED_EDGE ( 'NONE', *, *, #5192, .F. ) ;
#6714 = VECTOR ( 'NONE', #5039, 1000.000000000000000 ) ;
#6715 = DIRECTION ( 'NONE',  ( 0.000000000000000000, 1.000000000000000000, 0.000000000000000000 ) ) ;
#6716 = ORIENTED_EDGE ( 'NONE', *, *, #6579, .T. ) ;
#6717 = AXIS2_PLACEMENT_3D ( 'NONE', #2833, #5621, #6131 ) ;
#6718 = CARTESIAN_POINT ( 'NONE',  ( -26.90234600082408534, 2.350000000000000089, 46.59623011622493749 ) ) ;
#6719 = ADVANCED_FACE ( 'NONE', ( #6253 ), #672, .F. ) ;
#6720 = ORIENTED_EDGE ( 'NONE', *, *, #20, .F. ) ;
#6721 = PLANE ( 'NONE',  #891 ) ;
#6722 = AXIS2_PLACEMENT_3D ( 'NONE', #1042, #1723, #5461 ) ;
#6723 = ORIENTED_EDGE ( 'NONE', *, *, #3338, .F. ) ;
#6724 = CARTESIAN_POINT ( 'NONE',  ( -22.34999999998811759, 1.750000000000000000, 130.9500000000000171 ) ) ;
#6725 = DIRECTION ( 'NONE',  ( 0.000000000000000000, 0.7071067811865604513, -0.7071067811865345831 ) ) ;
#6726 = EDGE_CURVE ( 'NONE', #2144, #4790, #1721, .T. ) ;
#6727 = LINE ( 'NONE', #2959, #4566 ) ;
#6728 = ORIENTED_EDGE ( 'NONE', *, *, #6939, .T. ) ;
#6729 = CARTESIAN_POINT ( 'NONE',  ( 12.59175071684177283, 1.249999999999998446, 128.1539330310690445 ) ) ;
#6730 = DIRECTION ( 'NONE',  ( 0.8660254037844383745, 0.000000000000000000, -0.5000000000000004441 ) ) ;
#6731 = DIRECTION ( 'NONE',  ( 0.000000000000000000, 0.000000000000000000, -1.000000000000000000 ) ) ;
#6732 = LINE ( 'NONE', #6116, #3153 ) ;
#6733 = ORIENTED_EDGE ( 'NONE', *, *, #5682, .T. ) ;
#6734 = DIRECTION ( 'NONE',  ( 0.000000000000000000, 1.000000000000000000, 0.000000000000000000 ) ) ;
#6735 = ORIENTED_EDGE ( 'NONE', *, *, #2853, .T. ) ;
#6736 = ORIENTED_EDGE ( 'NONE', *, *, #1887, .T. ) ;
#6737 = CARTESIAN_POINT ( 'NONE',  ( 0.000000000000000000, 12.34999999999999964, 0.000000000000000000 ) ) ;
#6738 = ORIENTED_EDGE ( 'NONE', *, *, #3578, .T. ) ;
#6739 = DIRECTION ( 'NONE',  ( -1.000000000000000000, 0.000000000000000000, 2.710505431213760592E-16 ) ) ;
#6740 = CARTESIAN_POINT ( 'NONE',  ( 17.44999999998820783, 0.000000000000000000, 155.5000000000001705 ) ) ;
#6741 = CARTESIAN_POINT ( 'NONE',  ( -24.70112609145443017, -2.000000000000000000, 129.9000000000000057 ) ) ;
#6742 = DIRECTION ( 'NONE',  ( 1.000000000000000000, 0.000000000000000000, -8.226619123294235526E-15 ) ) ;
#6743 = ADVANCED_FACE ( 'NONE', ( #3939 ), #6215, .F. ) ;
#6744 = CARTESIAN_POINT ( 'NONE',  ( -26.00112609145443443, -16.11541742610947381, 129.9000000000000057 ) ) ;
#6745 = ORIENTED_EDGE ( 'NONE', *, *, #4716, .F. ) ;
#6746 = ORIENTED_EDGE ( 'NONE', *, *, #6801, .F. ) ;
#6747 = DIRECTION ( 'NONE',  ( -0.8660254037844364872, 0.000000000000000000, -0.5000000000000036637 ) ) ;
#6748 = ORIENTED_EDGE ( 'NONE', *, *, #1209, .T. ) ;
#6749 = EDGE_CURVE ( 'NONE', #2937, #2276, #2336, .T. ) ;
#6750 = CARTESIAN_POINT ( 'NONE',  ( 26.00112609145446285, 1.750000000000000000, 126.6000000000000227 ) ) ;
#6751 = DIRECTION ( 'NONE',  ( -0.2812324914707767243, -0.6785677142854423805, -0.6785677142854423805 ) ) ;
#6752 = EDGE_CURVE ( 'NONE', #2093, #4926, #6149, .T. ) ;
#6753 = ORIENTED_EDGE ( 'NONE', *, *, #1176, .T. ) ;
#6754 = CARTESIAN_POINT ( 'NONE',  ( -13.57608949585774560, -2.000000000000000000, 121.8545902704999548 ) ) ;
#6755 = ORIENTED_EDGE ( 'NONE', *, *, #1621, .T. ) ;
#6756 = EDGE_CURVE ( 'NONE', #3867, #5880, #1902, .T. ) ;
#6757 = DIRECTION ( 'NONE',  ( 0.000000000000000000, 1.000000000000000000, -0.000000000000000000 ) ) ;
#6758 = PLANE ( 'NONE',  #5303 ) ;
#6759 = CARTESIAN_POINT ( 'NONE',  ( -22.34999999998811759, 1.750000000000000000, 131.9500000000000171 ) ) ;
#6760 = EDGE_LOOP ( 'NONE', ( #3882, #5878, #3320, #164 ) ) ;
#6761 = CARTESIAN_POINT ( 'NONE',  ( 26.55000000000055849, 6.850000000000000533, 80.71898548953929264 ) ) ;
#6762 = DIRECTION ( 'NONE',  ( 0.9997620270834075562, 0.000000000000000000, -0.02181488487422972300 ) ) ;
#6763 = LINE ( 'NONE', #6690, #2181 ) ;
#6764 = AXIS2_PLACEMENT_3D ( 'NONE', #1213, #1249, #711 ) ;
#6765 = EDGE_CURVE ( 'NONE', #1230, #6067, #134, .T. ) ;
#6766 = VECTOR ( 'NONE', #6691, 1000.000000000000000 ) ;
#6767 = LINE ( 'NONE', #679, #2130 ) ;
#6768 = CARTESIAN_POINT ( 'NONE',  ( 4.120447735897598385, 1.750000000000000000, 152.8000000000000398 ) ) ;
#6769 = ORIENTED_EDGE ( 'NONE', *, *, #2583, .F. ) ;
#6770 = VECTOR ( 'NONE', #4042, 1000.000000000000000 ) ;
#6771 = DIRECTION ( 'NONE',  ( -1.000000000000000000, 0.000000000000000000, 0.000000000000000000 ) ) ;
#6772 = ORIENTED_EDGE ( 'NONE', *, *, #1570, .F. ) ;
#6773 = VERTEX_POINT ( 'NONE', #3364 ) ;
#6774 = LINE ( 'NONE', #6268, #1271 ) ;
#6775 = VERTEX_POINT ( 'NONE', #1797 ) ;
#6776 = VECTOR ( 'NONE', #1933, 1000.000000000000000 ) ;
#6777 = DIRECTION ( 'NONE',  ( 0.000000000000000000, -1.000000000000000000, 0.000000000000000000 ) ) ;
#6778 = PLANE ( 'NONE',  #3014 ) ;
#6779 = DIRECTION ( 'NONE',  ( 0.000000000000000000, -1.000000000000000000, 0.000000000000000000 ) ) ;
#6780 = CARTESIAN_POINT ( 'NONE',  ( 0.000000000000000000, 12.34999999999999964, 155.3000000000000114 ) ) ;
#6781 = FACE_OUTER_BOUND ( 'NONE', #5178, .T. ) ;
#6782 = ORIENTED_EDGE ( 'NONE', *, *, #926, .F. ) ;
#6783 = ORIENTED_EDGE ( 'NONE', *, *, #3748, .T. ) ;
#6784 = DIRECTION ( 'NONE',  ( 0.000000000000000000, 1.000000000000000000, 0.000000000000000000 ) ) ;
#6785 = EDGE_LOOP ( 'NONE', ( #871, #1023, #6906, #306 ) ) ;
#6786 = EDGE_CURVE ( 'NONE', #257, #3242, #860, .T. ) ;
#6787 = CARTESIAN_POINT ( 'NONE',  ( 14.59999999998815312, 0.000000000000000000, 130.4000000000000057 ) ) ;
#6788 = ORIENTED_EDGE ( 'NONE', *, *, #2768, .F. ) ;
#6789 = DIRECTION ( 'NONE',  ( 0.000000000000000000, 0.000000000000000000, 1.000000000000000000 ) ) ;
#6790 = EDGE_LOOP ( 'NONE', ( #5660, #1942, #3225, #5552, #4109, #1557 ) ) ;
#6791 = AXIS2_PLACEMENT_3D ( 'NONE', #5992, #2036, #2617 ) ;
#6792 = EDGE_CURVE ( 'NONE', #5275, #5194, #5567, .T. ) ;
#6793 = LINE ( 'NONE', #1831, #6770 ) ;
#6794 = CARTESIAN_POINT ( 'NONE',  ( 29.37500000000054357, 12.34999999999999964, 83.90000000000000568 ) ) ;
#6795 = DIRECTION ( 'NONE',  ( 1.982541115402063729E-15, 0.000000000000000000, 1.000000000000000000 ) ) ;
#6796 = ORIENTED_EDGE ( 'NONE', *, *, #2456, .T. ) ;
#6797 = DIRECTION ( 'NONE',  ( -1.000000000000000000, 0.000000000000000000, 4.081702296415980498E-16 ) ) ;
#6798 = AXIS2_PLACEMENT_3D ( 'NONE', #6094, #1122, #76 ) ;
#6799 = EDGE_CURVE ( 'NONE', #3974, #697, #4516, .T. ) ;
#6801 = EDGE_CURVE ( 'NONE', #3967, #1314, #3396, .T. ) ;
#6800 = PLANE ( 'NONE',  #6709 ) ;
#6802 = DIRECTION ( 'NONE',  ( -1.000000000000000000, 0.000000000000000000, 0.000000000000000000 ) ) ;
#6803 = AXIS2_PLACEMENT_3D ( 'NONE', #6366, #5280, #3583 ) ;
#6804 = LINE ( 'NONE', #2268, #4567 ) ;
#6805 = DIRECTION ( 'NONE',  ( 1.000000000000000000, 0.000000000000000000, 0.000000000000000000 ) ) ;
#6806 = EDGE_LOOP ( 'NONE', ( #6836, #6324, #4203, #4155, #5629, #3091, #1693, #1825, #2076, #3900, #144, #495, #1782, #3923, #1165, #6697, #5274, #2879, #367, #1535, #296, #1928, #6850, #1517, #1979, #1283, #6351, #7146, #668, #5940 ) ) ;
#6807 = EDGE_CURVE ( 'NONE', #514, #4206, #2886, .T. ) ;
#6808 = LINE ( 'NONE', #2457, #5680 ) ;
#6809 = AXIS2_PLACEMENT_3D ( 'NONE', #4123, #783, #1327 ) ;
#6810 = ORIENTED_EDGE ( 'NONE', *, *, #5292, .F. ) ;
#6811 = ORIENTED_EDGE ( 'NONE', *, *, #6756, .F. ) ;
#6812 = PLANE ( 'NONE',  #4164 ) ;
#6813 = VERTEX_POINT ( 'NONE', #4588 ) ;
#6814 = FACE_OUTER_BOUND ( 'NONE', #5612, .T. ) ;
#6815 = CARTESIAN_POINT ( 'NONE',  ( -11.99999999998817479, 1.750000000000000000, 155.5000000000001705 ) ) ;
#6816 = CARTESIAN_POINT ( 'NONE',  ( 33.75000000000054712, 2.824844346342719970, 114.2500000000000142 ) ) ;
#6817 = PLANE ( 'NONE',  #2260 ) ;
#6818 = VECTOR ( 'NONE', #592, 1000.000000000000000 ) ;
#6819 = VECTOR ( 'NONE', #3945, 1000.000000000000000 ) ;
#6820 = EDGE_CURVE ( 'NONE', #2537, #989, #5096, .T. ) ;
#6821 = CARTESIAN_POINT ( 'NONE',  ( -14.07930174806593016, 1.750000000000000000, 125.7684116160548484 ) ) ;
#6822 = ORIENTED_EDGE ( 'NONE', *, *, #1125, .F. ) ;
#6823 = ORIENTED_EDGE ( 'NONE', *, *, #3966, .T. ) ;
#6824 = CARTESIAN_POINT ( 'NONE',  ( 16.80000000000053362, 1.250000000000001110, 79.10000000000002274 ) ) ;
#6825 = VERTEX_POINT ( 'NONE', #3508 ) ;
#6826 = CIRCLE ( 'NONE', #917, 1.549999999999995826 ) ;
#6827 = FACE_OUTER_BOUND ( 'NONE', #4034, .T. ) ;
#6828 = VECTOR ( 'NONE', #1837, 1000.000000000000114 ) ;
#6829 = EDGE_LOOP ( 'NONE', ( #2443, #4833, #331, #775 ) ) ;
#6830 = VECTOR ( 'NONE', #2721, 1000.000000000000000 ) ;
#6831 = CARTESIAN_POINT ( 'NONE',  ( -26.00112609145445930, 1.249999999999996447, 5.026629079829310579E-15 ) ) ;
#6832 = ORIENTED_EDGE ( 'NONE', *, *, #3428, .T. ) ;
#6833 = VECTOR ( 'NONE', #4934, 1000.000000000000000 ) ;
#6834 = DIRECTION ( 'NONE',  ( -1.000000000000000000, 0.000000000000000000, 0.000000000000000000 ) ) ;
#6835 = DIRECTION ( 'NONE',  ( 0.000000000000000000, -0.000000000000000000, 1.000000000000000000 ) ) ;
#6836 = ORIENTED_EDGE ( 'NONE', *, *, #557, .F. ) ;
#6837 = AXIS2_PLACEMENT_3D ( 'NONE', #4815, #4270, #425 ) ;
#6838 = DIRECTION ( 'NONE',  ( 0.000000000000000000, 1.000000000000000000, 0.000000000000000000 ) ) ;
#6839 = EDGE_CURVE ( 'NONE', #1892, #953, #4551, .T. ) ;
#6840 = DIRECTION ( 'NONE',  ( -2.312964634635715347E-16, 0.000000000000000000, -1.000000000000000000 ) ) ;
#6841 = DIRECTION ( 'NONE',  ( 0.000000000000000000, 1.000000000000000000, -0.000000000000000000 ) ) ;
#6842 = EDGE_CURVE ( 'NONE', #2655, #6611, #5055, .T. ) ;
#6843 = CIRCLE ( 'NONE', #3726, 1.549999999999995826 ) ;
#6844 = PLANE ( 'NONE',  #4798 ) ;
#6845 = PLANE ( 'NONE',  #1191 ) ;
#6846 = EDGE_CURVE ( 'NONE', #5706, #1734, #6727, .T. ) ;
#6847 = ORIENTED_EDGE ( 'NONE', *, *, #5243, .T. ) ;
#6848 = EDGE_CURVE ( 'NONE', #4182, #1154, #5167, .T. ) ;
#6849 = CYLINDRICAL_SURFACE ( 'NONE', #1285, 3.099999999999991651 ) ;
#6850 = ORIENTED_EDGE ( 'NONE', *, *, #287, .F. ) ;
#6851 = ORIENTED_EDGE ( 'NONE', *, *, #2763, .F. ) ;
#6852 = DIRECTION ( 'NONE',  ( 0.000000000000000000, 1.000000000000000000, 0.000000000000000000 ) ) ;
#6853 = EDGE_LOOP ( 'NONE', ( #4935, #881, #4581, #2933 ) ) ;
#6854 = EDGE_CURVE ( 'NONE', #2887, #806, #4624, .T. ) ;
#6855 = DIRECTION ( 'NONE',  ( -0.000000000000000000, 1.000000000000000000, -0.000000000000000000 ) ) ;
#6856 = LINE ( 'NONE', #2281, #2309 ) ;
#6857 = DIRECTION ( 'NONE',  ( 0.000000000000000000, -0.000000000000000000, -1.000000000000000000 ) ) ;
#6858 = DIRECTION ( 'NONE',  ( 0.000000000000000000, -0.000000000000000000, 1.000000000000000000 ) ) ;
#6859 = CARTESIAN_POINT ( 'NONE',  ( 11.84871062256329033, 53.23340376863964707, 77.10000000000002274 ) ) ;
#6860 = ORIENTED_EDGE ( 'NONE', *, *, #386, .T. ) ;
#6861 = VERTEX_POINT ( 'NONE', #5857 ) ;
#6862 = DIRECTION ( 'NONE',  ( 0.000000000000000000, 1.000000000000000000, 0.000000000000000000 ) ) ;
#6863 = EDGE_LOOP ( 'NONE', ( #2265, #1429, #4245, #6559, #2536, #6316, #2944, #2348, #427, #3420, #4817, #7026, #279, #649, #4916, #1808, #3997 ) ) ;
#6864 = EDGE_CURVE ( 'NONE', #1188, #4352, #5313, .T. ) ;
#6865 = CARTESIAN_POINT ( 'NONE',  ( 0.000000000000000000, 12.34999999999999964, 155.3000000000000114 ) ) ;
#6866 = CARTESIAN_POINT ( 'NONE',  ( -10.20430174801493806, 1.000000000000000888, 100.9834326468444772 ) ) ;
#6867 = ORIENTED_EDGE ( 'NONE', *, *, #5776, .T. ) ;
#6868 = ORIENTED_EDGE ( 'NONE', *, *, #1699, .T. ) ;
#6869 = FACE_OUTER_BOUND ( 'NONE', #2028, .T. ) ;
#6870 = CARTESIAN_POINT ( 'NONE',  ( -11.84871062253963103, -2.000000000000000000, 77.10000000000002274 ) ) ;
#6871 = VERTEX_POINT ( 'NONE', #4194 ) ;
#6872 = CARTESIAN_POINT ( 'NONE',  ( -11.84871062253963103, -0.3801483622878076840, 119.6632154044253014 ) ) ;
#6873 = PLANE ( 'NONE',  #2658 ) ;
#6874 = DIRECTION ( 'NONE',  ( -0.000000000000000000, 1.000000000000000000, -0.000000000000000000 ) ) ;
#6875 = PLANE ( 'NONE',  #5959 ) ;
#6876 = EDGE_CURVE ( 'NONE', #2144, #1208, #2445, .T. ) ;
#6877 = PLANE ( 'NONE',  #5234 ) ;
#6878 = ORIENTED_EDGE ( 'NONE', *, *, #28, .T. ) ;
#6879 = FACE_OUTER_BOUND ( 'NONE', #3113, .T. ) ;
#6880 = AXIS2_PLACEMENT_3D ( 'NONE', #5820, #5278, #5749 ) ;
#6881 = ORIENTED_EDGE ( 'NONE', *, *, #3481, .T. ) ;
#6882 = VECTOR ( 'NONE', #490, 1000.000000000000000 ) ;
#6883 = ORIENTED_EDGE ( 'NONE', *, *, #6854, .T. ) ;
#6884 = EDGE_LOOP ( 'NONE', ( #1663, #3607 ) ) ;
#6885 = CARTESIAN_POINT ( 'NONE',  ( -11.99999999998817479, 1.750000000000000000, 163.0000000000001421 ) ) ;
#6886 = EDGE_CURVE ( 'NONE', #1115, #7015, #3032, .T. ) ;
#6887 = CARTESIAN_POINT ( 'NONE',  ( 2.749387081315231462, 1.750000000000000000, 138.7116420306357156 ) ) ;
#6888 = AXIS2_PLACEMENT_3D ( 'NONE', #4037, #4579, #1242 ) ;
#6889 = AXIS2_PLACEMENT_3D ( 'NONE', #6474, #2700, #4810 ) ;
#6890 = DIRECTION ( 'NONE',  ( 0.04361938736533940708, 0.000000000000000000, -0.9990482215818576872 ) ) ;
#6891 = CARTESIAN_POINT ( 'NONE',  ( 21.35344314932023480, 1.750000000000000000, 156.6000000000001933 ) ) ;
#6892 = LINE ( 'NONE', #4138, #813 ) ;
#6893 = ORIENTED_EDGE ( 'NONE', *, *, #3563, .F. ) ;
#6894 = ADVANCED_FACE ( 'NONE', ( #242 ), #3102, .F. ) ;
#6895 = EDGE_LOOP ( 'NONE', ( #3752, #6481, #5231, #4874 ) ) ;
#6896 = CARTESIAN_POINT ( 'NONE',  ( -4.120447735897550423, 1.750000000000000000, 152.8000000000000114 ) ) ;
#6897 = ADVANCED_FACE ( 'NONE', ( #884 ), #3144, .T. ) ;
#6898 = ORIENTED_EDGE ( 'NONE', *, *, #2670, .F. ) ;
#6899 = AXIS2_PLACEMENT_3D ( 'NONE', #3894, #2840, #4433 ) ;
#6900 = PLANE ( 'NONE',  #4976 ) ;
#6901 = LINE ( 'NONE', #2440, #6544 ) ;
#6902 = AXIS2_PLACEMENT_3D ( 'NONE', #5674, #3471, #1290 ) ;
#6903 = DIRECTION ( 'NONE',  ( 0.4774298500276900614, 0.000000000000000000, -0.8786698687803840002 ) ) ;
#6904 = EDGE_CURVE ( 'NONE', #1623, #1341, #1870, .T. ) ;
#6905 = EDGE_LOOP ( 'NONE', ( #5068, #5375 ) ) ;
#6906 = ORIENTED_EDGE ( 'NONE', *, *, #6701, .F. ) ;
#6907 = CARTESIAN_POINT ( 'NONE',  ( -26.55000000000056559, 2.350000000000000089, 80.71898548953933528 ) ) ;
#6908 = LINE ( 'NONE', #310, #749 ) ;
#6909 = EDGE_LOOP ( 'NONE', ( #4767, #6334, #403, #6552 ) ) ;
#6910 = FACE_OUTER_BOUND ( 'NONE', #4619, .T. ) ;
#6911 = DIRECTION ( 'NONE',  ( 0.000000000000000000, -0.000000000000000000, 1.000000000000000000 ) ) ;
#6912 = CARTESIAN_POINT ( 'NONE',  ( 22.34999999998815312, 0.7500000000000084377, 131.9500000000000171 ) ) ;
#6913 = LINE ( 'NONE', #4632, #4803 ) ;
#6914 = PLANE ( 'NONE',  #1542 ) ;
#6915 = VECTOR ( 'NONE', #5886, 1000.000000000000000 ) ;
#6916 = ORIENTED_EDGE ( 'NONE', *, *, #5207, .T. ) ;
#6917 = CARTESIAN_POINT ( 'NONE',  ( 12.59175071684177816, -2.000000000000000000, 128.1539330310690445 ) ) ;
#6918 = ORIENTED_EDGE ( 'NONE', *, *, #1125, .T. ) ;
#6919 = ORIENTED_EDGE ( 'NONE', *, *, #4686, .T. ) ;
#6920 = ORIENTED_EDGE ( 'NONE', *, *, #2579, .T. ) ;
#6921 = VECTOR ( 'NONE', #3797, 1000.000000000000000 ) ;
#6922 = CARTESIAN_POINT ( 'NONE',  ( -13.57608949590470715, 1.750000000000000000, 121.8545902704920962 ) ) ;
#6923 = CARTESIAN_POINT ( 'NONE',  ( -24.50112609139251774, -2.000000000000000000, 128.1539330310832554 ) ) ;
#6924 = DIRECTION ( 'NONE',  ( 0.000000000000000000, 0.000000000000000000, -1.000000000000000000 ) ) ;
#6925 = LINE ( 'NONE', #2391, #4703 ) ;
#6926 = VECTOR ( 'NONE', #6890, 999.9999999999998863 ) ;
#6927 = CARTESIAN_POINT ( 'NONE',  ( 12.59175071684177283, 1.750000000000000000, 128.1539330310690445 ) ) ;
#6928 = VECTOR ( 'NONE', #4208, 1000.000000000000000 ) ;
#6929 = VERTEX_POINT ( 'NONE', #6870 ) ;
#6930 = ORIENTED_EDGE ( 'NONE', *, *, #5699, .T. ) ;
#6931 = ADVANCED_FACE ( 'NONE', ( #5346 ), #1094, .F. ) ;
#6932 = LINE ( 'NONE', #2068, #7052 ) ;
#6933 = EDGE_LOOP ( 'NONE', ( #5219, #6087, #1474, #2903 ) ) ;
#6934 = CARTESIAN_POINT ( 'NONE',  ( -26.00112609145444154, -4.000000000000000000, 110.1499999999999915 ) ) ;
#6935 = AXIS2_PLACEMENT_3D ( 'NONE', #3549, #1908, #3585 ) ;
#6936 = EDGE_CURVE ( 'NONE', #4800, #2328, #4224, .T. ) ;
#6937 = CARTESIAN_POINT ( 'NONE',  ( 0.000000000000000000, -4.000000000000000000, 110.1499999999999915 ) ) ;
#6938 = CARTESIAN_POINT ( 'NONE',  ( -26.50000000000052935, 3.049999999999997158, 115.9000000000000341 ) ) ;
#6939 = EDGE_CURVE ( 'NONE', #4502, #4673, #6327, .T. ) ;
#6940 = LINE ( 'NONE', #811, #3678 ) ;
#6941 = VECTOR ( 'NONE', #1771, 1000.000000000000000 ) ;
#6942 = ORIENTED_EDGE ( 'NONE', *, *, #4809, .T. ) ;
#6943 = ADVANCED_FACE ( 'NONE', ( #1361 ), #4158, .F. ) ;
#6944 = LINE ( 'NONE', #742, #53 ) ;
#6945 = VECTOR ( 'NONE', #1303, 1000.000000000000114 ) ;
#6946 = CARTESIAN_POINT ( 'NONE',  ( -26.50000000000052935, -0.2500000000000071609, 79.10000000000002274 ) ) ;
#6947 = VERTEX_POINT ( 'NONE', #2554 ) ;
#6948 = CARTESIAN_POINT ( 'NONE',  ( 13.57930174806596213, 1.249999999999999556, 122.0018057028501204 ) ) ;
#6949 = VECTOR ( 'NONE', #4644, 1000.000000000000114 ) ;
#6950 = CARTESIAN_POINT ( 'NONE',  ( 26.00112609145441667, 1.750000000000000000, 130.3000000000000398 ) ) ;
#6951 = CARTESIAN_POINT ( 'NONE',  ( -26.50000000000052935, 4.850000000000000533, 0.000000000000000000 ) ) ;
#6952 = FACE_BOUND ( 'NONE', #803, .T. ) ;
#6953 = FACE_OUTER_BOUND ( 'NONE', #1880, .T. ) ;
#6954 = VECTOR ( 'NONE', #152, 1000.000000000000000 ) ;
#6955 = ORIENTED_EDGE ( 'NONE', *, *, #1350, .F. ) ;
#6956 = DIRECTION ( 'NONE',  ( -1.000000000000000000, 0.000000000000000000, 0.000000000000000000 ) ) ;
#6957 = VERTEX_POINT ( 'NONE', #817 ) ;
#6958 = ORIENTED_EDGE ( 'NONE', *, *, #1931, .F. ) ;
#6959 = VECTOR ( 'NONE', #5032, 1000.000000000000000 ) ;
#6960 = EDGE_LOOP ( 'NONE', ( #3769, #6942, #4650, #3855 ) ) ;
#6961 = CARTESIAN_POINT ( 'NONE',  ( -26.00112609145443798, -4.000000000000000000, 117.8000000000000114 ) ) ;
#6962 = DIRECTION ( 'NONE',  ( -0.000000000000000000, -1.000000000000000000, 0.000000000000000000 ) ) ;
#6963 = CARTESIAN_POINT ( 'NONE',  ( 16.80000000000053362, 1.250000000000001110, 79.10000000000002274 ) ) ;
#6964 = CYLINDRICAL_SURFACE ( 'NONE', #3830, 1.550000000000009592 ) ;
#6965 = ORIENTED_EDGE ( 'NONE', *, *, #5207, .F. ) ;
#6966 = ORIENTED_EDGE ( 'NONE', *, *, #1110, .F. ) ;
#6967 = CARTESIAN_POINT ( 'NONE',  ( -11.99999999998817479, 0.000000000000000000, 163.0000000000001421 ) ) ;
#6968 = VERTEX_POINT ( 'NONE', #6364 ) ;
#6969 = LINE ( 'NONE', #4288, #7059 ) ;
#6970 = DIRECTION ( 'NONE',  ( 0.000000000000000000, -0.000000000000000000, -1.000000000000000000 ) ) ;
#6971 = DIRECTION ( 'NONE',  ( -0.7071067811865475727, -0.7071067811865475727, -0.000000000000000000 ) ) ;
#6972 = EDGE_CURVE ( 'NONE', #2730, #5118, #5240, .T. ) ;
#6973 = FACE_OUTER_BOUND ( 'NONE', #3952, .T. ) ;
#6974 = ORIENTED_EDGE ( 'NONE', *, *, #1435, .F. ) ;
#6975 = EDGE_CURVE ( 'NONE', #1822, #343, #4083, .T. ) ;
#6976 = ORIENTED_EDGE ( 'NONE', *, *, #4398, .F. ) ;
#6977 = LINE ( 'NONE', #4697, #2025 ) ;
#6978 = EDGE_CURVE ( 'NONE', #5279, #5576, #2478, .T. ) ;
#6979 = DIRECTION ( 'NONE',  ( 0.4774298500276914492, 0.000000000000000000, 0.8786698687803833341 ) ) ;
#6980 = ORIENTED_EDGE ( 'NONE', *, *, #5374, .T. ) ;
#6981 = CARTESIAN_POINT ( 'NONE',  ( -10.20430174806592838, 1.750000000000000000, 125.7684116160548484 ) ) ;
#6982 = VECTOR ( 'NONE', #5387, 1000.000000000000000 ) ;
#6983 = LINE ( 'NONE', #2011, #3587 ) ;
#6984 = EDGE_CURVE ( 'NONE', #621, #4706, #6908, .T. ) ;
#6985 = EDGE_CURVE ( 'NONE', #3558, #6419, #1941, .T. ) ;
#6986 = CARTESIAN_POINT ( 'NONE',  ( 33.75000000000056843, -0.2500000000000078271, 126.6000000000000227 ) ) ;
#6987 = DIRECTION ( 'NONE',  ( 1.000000000000000000, 0.000000000000000000, 0.000000000000000000 ) ) ;
#6988 = VERTEX_POINT ( 'NONE', #3065 ) ;
#6989 = DIRECTION ( 'NONE',  ( -0.000000000000000000, -1.000000000000000000, -0.000000000000000000 ) ) ;
#6990 = VERTEX_POINT ( 'NONE', #1978 ) ;
#6991 = EDGE_CURVE ( 'NONE', #1602, #3506, #4734, .T. ) ;
#6992 = ORIENTED_EDGE ( 'NONE', *, *, #2680, .T. ) ;
#6993 = ORIENTED_EDGE ( 'NONE', *, *, #158, .F. ) ;
#6994 = CARTESIAN_POINT ( 'NONE',  ( 33.75000000000056843, 1.249999999999996447, 126.6000000000000227 ) ) ;
#6995 = LINE ( 'NONE', #1922, #1021 ) ;
#6996 = CARTESIAN_POINT ( 'NONE',  ( 16.80000000000053006, 1.000000000000003997, 77.10000000000002274 ) ) ;
#6997 = DIRECTION ( 'NONE',  ( 0.000000000000000000, 1.000000000000000000, 0.000000000000000000 ) ) ;
#6998 = ORIENTED_EDGE ( 'NONE', *, *, #2359, .T. ) ;
#6999 = ORIENTED_EDGE ( 'NONE', *, *, #2785, .F. ) ;
#7000 = PLANE ( 'NONE',  #7165 ) ;
#7001 = ORIENTED_EDGE ( 'NONE', *, *, #6842, .F. ) ;
#7002 = MECHANICAL_DESIGN_GEOMETRIC_PRESENTATION_REPRESENTATION (  '', ( #3539 ), #5729 ) ;
#7003 = VECTOR ( 'NONE', #3157, 1000.000000000000114 ) ;
#7004 = CARTESIAN_POINT ( 'NONE',  ( 12.99999999998821920, 0.000000000000000000, 154.5000000000001705 ) ) ;
#7005 = LINE ( 'NONE', #3640, #4256 ) ;
#7006 = CARTESIAN_POINT ( 'NONE',  ( 0.000000000000000000, 4.850000000000000533, 130.3000000000000398 ) ) ;
#7007 = FACE_OUTER_BOUND ( 'NONE', #6829, .T. ) ;
#7008 = AXIS2_PLACEMENT_3D ( 'NONE', #5016, #54, #4474 ) ;
#7009 = ORIENTED_EDGE ( 'NONE', *, *, #1836, .F. ) ;
#7010 = EDGE_CURVE ( 'NONE', #255, #6607, #5891, .T. ) ;
#7011 = EDGE_LOOP ( 'NONE', ( #6881, #3765 ) ) ;
#7012 = AXIS2_PLACEMENT_3D ( 'NONE', #7142, #5513, #6742 ) ;
#7013 = LINE ( 'NONE', #2039, #2606 ) ;
#7014 = CARTESIAN_POINT ( 'NONE',  ( 11.99999999998821565, 0.000000000000000000, 163.0000000000001421 ) ) ;
#7015 = VERTEX_POINT ( 'NONE', #4365 ) ;
#7016 = CARTESIAN_POINT ( 'NONE',  ( -33.75000000000056843, 7.650000000000010125, 8.294146619514117795E-16 ) ) ;
#7017 = LINE ( 'NONE', #3316, #2072 ) ;
#7018 = EDGE_CURVE ( 'NONE', #1116, #4248, #3790, .T. ) ;
#7019 = FACE_OUTER_BOUND ( 'NONE', #5686, .T. ) ;
#7020 = CARTESIAN_POINT ( 'NONE',  ( -7.249999999988179233, 1.249999999999999778, 133.4999999999684235 ) ) ;
#7021 = EDGE_CURVE ( 'NONE', #3628, #2310, #290, .T. ) ;
#7022 = ORIENTED_EDGE ( 'NONE', *, *, #7075, .T. ) ;
#7023 = EDGE_CURVE ( 'NONE', #368, #5057, #1330, .T. ) ;
#7024 = LINE ( 'NONE', #1547, #931 ) ;
#7025 = ORIENTED_EDGE ( 'NONE', *, *, #4378, .T. ) ;
#7026 = ORIENTED_EDGE ( 'NONE', *, *, #3337, .F. ) ;
#7027 = ORIENTED_EDGE ( 'NONE', *, *, #6320, .T. ) ;
#7028 = APPLICATION_CONTEXT ( 'automotive_design' ) ;
#7029 = VECTOR ( 'NONE', #1826, 1000.000000000000000 ) ;
#7030 = LINE ( 'NONE', #2060, #4445 ) ;
#7031 = LINE ( 'NONE', #6448, #6004 ) ;
#7032 = EDGE_CURVE ( 'NONE', #5289, #4926, #3211, .T. ) ;
#7033 = CARTESIAN_POINT ( 'NONE',  ( 29.37500000000054357, 12.34999999999999964, 77.10000000000002274 ) ) ;
#7034 = CARTESIAN_POINT ( 'NONE',  ( 24.70112609145446569, -16.11541742610947381, 125.7684116160547916 ) ) ;
#7035 = VECTOR ( 'NONE', #2667, 1000.000000000000000 ) ;
#7036 = ORIENTED_EDGE ( 'NONE', *, *, #1527, .F. ) ;
#7037 = VERTEX_POINT ( 'NONE', #3827 ) ;
#7038 = CARTESIAN_POINT ( 'NONE',  ( -17.24999999998802380, 1.750000000000000000, 155.3000000000000114 ) ) ;
#7039 = ORIENTED_EDGE ( 'NONE', *, *, #1079, .F. ) ;
#7040 = FACE_OUTER_BOUND ( 'NONE', #1384, .T. ) ;
#7041 = AXIS2_PLACEMENT_3D ( 'NONE', #6275, #5731, #5185 ) ;
#7042 = CARTESIAN_POINT ( 'NONE',  ( 26.90234600082414573, 6.850000000000000533, 46.59623011622471012 ) ) ;
#7043 = DIRECTION ( 'NONE',  ( -1.000000000000000000, 0.000000000000000000, 0.000000000000000000 ) ) ;
#7044 = CARTESIAN_POINT ( 'NONE',  ( 33.75000000000056133, 7.299999999999989164, 121.0500000000000966 ) ) ;
#7045 = ORIENTED_EDGE ( 'NONE', *, *, #3472, .F. ) ;
#7046 = ORIENTED_EDGE ( 'NONE', *, *, #773, .T. ) ;
#7047 = CARTESIAN_POINT ( 'NONE',  ( -26.00112609145443443, -0.2500000000000078271, 130.1000000000000227 ) ) ;
#7048 = CARTESIAN_POINT ( 'NONE',  ( 22.34999999998815312, 0.000000000000000000, 133.5000000000000000 ) ) ;
#7049 = VERTEX_POINT ( 'NONE', #5930 ) ;
#7050 = AXIS2_PLACEMENT_3D ( 'NONE', #5009, #4431, #5316 ) ;
#7051 = DIRECTION ( 'NONE',  ( -1.933235146104446702E-16, 0.000000000000000000, -1.000000000000000000 ) ) ;
#7052 = VECTOR ( 'NONE', #2611, 1000.000000000000000 ) ;
#7053 = LINE ( 'NONE', #1034, #6301 ) ;
#7054 = CARTESIAN_POINT ( 'NONE',  ( 33.75000000000054001, 4.850000000000000533, 79.62590742770458974 ) ) ;
#7055 = CARTESIAN_POINT ( 'NONE',  ( 0.000000000000000000, 12.34999999999999964, 152.8000000000000114 ) ) ;
#7056 = EDGE_CURVE ( 'NONE', #6120, #806, #560, .T. ) ;
#7057 = ORIENTED_EDGE ( 'NONE', *, *, #3179, .F. ) ;
#7058 = VECTOR ( 'NONE', #3035, 1000.000000000000000 ) ;
#7059 = VECTOR ( 'NONE', #6458, 1000.000000000000227 ) ;
#7060 = CARTESIAN_POINT ( 'NONE',  ( 13.57930174806596213, 1.750000000000000000, 122.0018057028501204 ) ) ;
#7061 = VERTEX_POINT ( 'NONE', #3249 ) ;
#7062 = VERTEX_POINT ( 'NONE', #2083 ) ;
#7063 = VECTOR ( 'NONE', #4900, 1000.000000000000000 ) ;
#7064 = EDGE_CURVE ( 'NONE', #5118, #4625, #6505, .T. ) ;
#7065 = CARTESIAN_POINT ( 'NONE',  ( 24.50112609146677656, -2.000000000000000000, 128.1539330310690445 ) ) ;
#7066 = CARTESIAN_POINT ( 'NONE',  ( 16.80000000000053006, 8.900000000000002132, 100.9834326468444772 ) ) ;
#7067 = DIRECTION ( 'NONE',  ( -0.000000000000000000, -1.000000000000000000, -0.000000000000000000 ) ) ;
#7068 = ADVANCED_FACE ( 'NONE', ( #3176 ), #5965, .T. ) ;
#7069 = CIRCLE ( 'NONE', #4521, 1.549999999999995826 ) ;
#7070 = DIRECTION ( 'NONE',  ( 0.000000000000000000, 0.000000000000000000, 1.000000000000000000 ) ) ;
#7071 = ORIENTED_EDGE ( 'NONE', *, *, #2948, .F. ) ;
#7072 = EDGE_LOOP ( 'NONE', ( #5200, #3629, #6204, #178 ) ) ;
#7073 = LINE ( 'NONE', #6024, #452 ) ;
#7074 = ORIENTED_EDGE ( 'NONE', *, *, #6984, .T. ) ;
#7075 = EDGE_CURVE ( 'NONE', #698, #2037, #1539, .T. ) ;
#7076 = CARTESIAN_POINT ( 'NONE',  ( 11.84871062256327434, 1.000000000000000888, 82.29110954162827340 ) ) ;
#7077 = CYLINDRICAL_SURFACE ( 'NONE', #6452, 3.099999999999991651 ) ;
#7078 = DIRECTION ( 'NONE',  ( -0.8786698687803841112, 0.000000000000000000, -0.4774298500276900614 ) ) ;
#7079 = CARTESIAN_POINT ( 'NONE',  ( -14.59999999998812292, 1.750000000000000000, 137.5999999999999943 ) ) ;
#7080 = ORIENTED_EDGE ( 'NONE', *, *, #4994, .T. ) ;
#7081 = VECTOR ( 'NONE', #4743, 1000.000000000000000 ) ;
#7082 = VERTEX_POINT ( 'NONE', #5453 ) ;
#7083 = EDGE_CURVE ( 'NONE', #7049, #5091, #7086, .T. ) ;
#7084 = VERTEX_POINT ( 'NONE', #2185 ) ;
#7085 = PLANE ( 'NONE',  #291 ) ;
#7086 = LINE ( 'NONE', #450, #5607 ) ;
#7087 = VERTEX_POINT ( 'NONE', #4802 ) ;
#7088 = DIRECTION ( 'NONE',  ( 2.312964634635715347E-16, 0.000000000000000000, 1.000000000000000000 ) ) ;
#7089 = DIRECTION ( 'NONE',  ( 0.000000000000000000, -0.000000000000000000, -1.000000000000000000 ) ) ;
#7090 = LINE ( 'NONE', #4408, #4783 ) ;
#7091 = CARTESIAN_POINT ( 'NONE',  ( 45.39198837162197719, 4.850000000000000533, 78.62123011622473712 ) ) ;
#7092 = VERTEX_POINT ( 'NONE', #2662 ) ;
#7093 = CARTESIAN_POINT ( 'NONE',  ( 17.30000000000053362, 1.750000000000000000, 79.10000000000002274 ) ) ;
#7094 = ORIENTED_EDGE ( 'NONE', *, *, #3428, .F. ) ;
#7095 = EDGE_LOOP ( 'NONE', ( #153, #1872, #3008, #361 ) ) ;
#7096 = EDGE_CURVE ( 'NONE', #2114, #4944, #1560, .T. ) ;
#7097 = DIRECTION ( 'NONE',  ( 0.000000000000000000, 1.000000000000000000, 0.000000000000000000 ) ) ;
#7098 = CARTESIAN_POINT ( 'NONE',  ( -26.50000000000052935, 4.850000000000000533, 87.59999999999999432 ) ) ;
#7099 = DIRECTION ( 'NONE',  ( 0.000000000000000000, -0.000000000000000000, 1.000000000000000000 ) ) ;
#7100 = CARTESIAN_POINT ( 'NONE',  ( 25.35112609145421203, 0.000000000000000000, -5.154830152306133724E-14 ) ) ;
#7101 = ORIENTED_EDGE ( 'NONE', *, *, #3353, .F. ) ;
#7102 = ORIENTED_EDGE ( 'NONE', *, *, #6528, .T. ) ;
#7103 = PLANE ( 'NONE',  #4623 ) ;
#7104 = ORIENTED_EDGE ( 'NONE', *, *, #5459, .T. ) ;
#7105 = EDGE_CURVE ( 'NONE', #3044, #6456, #4837, .T. ) ;
#7106 = LINE ( 'NONE', #2139, #1151 ) ;
#7107 = LINE ( 'NONE', #40, #3219 ) ;
#7108 = DIRECTION ( 'NONE',  ( 3.341720035121220103E-15, 0.000000000000000000, -1.000000000000000000 ) ) ;
#7109 = EDGE_CURVE ( 'NONE', #2947, #2648, #1575, .T. ) ;
#7110 = EDGE_CURVE ( 'NONE', #7037, #2493, #7119, .T. ) ;
#7111 = PLANE ( 'NONE',  #5520 ) ;
#7112 = EDGE_LOOP ( 'NONE', ( #3912, #5372, #2518, #6965 ) ) ;
#7113 = VECTOR ( 'NONE', #1179, 1000.000000000000000 ) ;
#7114 = VERTEX_POINT ( 'NONE', #7014 ) ;
#7115 = VECTOR ( 'NONE', #3513, 1000.000000000000000 ) ;
#7116 = ORIENTED_EDGE ( 'NONE', *, *, #673, .F. ) ;
#7117 = CARTESIAN_POINT ( 'NONE',  ( 25.35112609145443230, 1.750000000000000000, 112.0000000000000142 ) ) ;
#7118 = ADVANCED_FACE ( 'NONE', ( #4943, #2040 ), #7153, .F. ) ;
#7119 = LINE ( 'NONE', #6539, #4451 ) ;
#7120 = VECTOR ( 'NONE', #5452, 1000.000000000000000 ) ;
#7121 = ORIENTED_EDGE ( 'NONE', *, *, #4108, .T. ) ;
#7122 = CARTESIAN_POINT ( 'NONE',  ( -22.34999999998811759, 0.7500000000000223155, 133.5000000000000000 ) ) ;
#7123 = AXIS2_PLACEMENT_3D ( 'NONE', #3964, #1204, #1241 ) ;
#7124 = FACE_OUTER_BOUND ( 'NONE', #2113, .T. ) ;
#7125 = LINE ( 'NONE', #3289, #1011 ) ;
#7126 = LINE ( 'NONE', #7091, #4334 ) ;
#7127 = ORIENTED_EDGE ( 'NONE', *, *, #777, .T. ) ;
#7128 = DIRECTION ( 'NONE',  ( -0.000000000000000000, -1.000000000000000000, -0.000000000000000000 ) ) ;
#7129 = ORIENTED_EDGE ( 'NONE', *, *, #1975, .F. ) ;
#7130 = ORIENTED_EDGE ( 'NONE', *, *, #1887, .F. ) ;
#7131 = CARTESIAN_POINT ( 'NONE',  ( -33.75000000000056843, 9.049999999999991829, 122.8000000000001251 ) ) ;
#7132 = FACE_OUTER_BOUND ( 'NONE', #446, .T. ) ;
#7133 = DIRECTION ( 'NONE',  ( 0.000000000000000000, 1.000000000000000000, 0.000000000000000000 ) ) ;
#7134 = CARTESIAN_POINT ( 'NONE',  ( -26.00112609145443088, 1.750000000000000000, 148.0463266998052632 ) ) ;
#7135 = CARTESIAN_POINT ( 'NONE',  ( 17.44999999998821139, 1.750000000000000000, 156.6000000000001933 ) ) ;
#7136 = ORIENTED_EDGE ( 'NONE', *, *, #4204, .T. ) ;
#7137 = ORIENTED_EDGE ( 'NONE', *, *, #2672, .T. ) ;
#7138 = DIRECTION ( 'NONE',  ( -0.000000000000000000, 1.000000000000000000, -0.000000000000000000 ) ) ;
#7139 = EDGE_LOOP ( 'NONE', ( #6278, #1063, #4385, #3117 ) ) ;
#7140 = DIRECTION ( 'NONE',  ( 0.000000000000000000, 1.000000000000000000, 0.000000000000000000 ) ) ;
#7141 = CARTESIAN_POINT ( 'NONE',  ( 26.50000000000050804, 7.850000000000001421, -6.912807836599439155E-15 ) ) ;
#7142 = CARTESIAN_POINT ( 'NONE',  ( 9.855489709706479279E-13, 4.850000000000000533, 119.7999999999998408 ) ) ;
#7143 = VECTOR ( 'NONE', #3178, 1000.000000000000000 ) ;
#7144 = ADVANCED_FACE ( 'NONE', ( #1643 ), #3860, .T. ) ;
#7145 = CARTESIAN_POINT ( 'NONE',  ( -22.34999999998811759, 1.750000000000000000, 136.0500000000000114 ) ) ;
#7146 = ORIENTED_EDGE ( 'NONE', *, *, #101, .F. ) ;
#7147 = FACE_OUTER_BOUND ( 'NONE', #2862, .T. ) ;
#7148 = ORIENTED_EDGE ( 'NONE', *, *, #6620, .T. ) ;
#7149 = VECTOR ( 'NONE', #6970, 1000.000000000000000 ) ;
#7150 = EDGE_CURVE ( 'NONE', #4293, #4658, #2841, .T. ) ;
#7151 = AXIS2_PLACEMENT_3D ( 'NONE', #574, #5431, #3771 ) ;
#7152 = DIRECTION ( 'NONE',  ( -1.000000000000000000, 0.000000000000000000, -0.000000000000000000 ) ) ;
#7153 = PLANE ( 'NONE',  #5147 ) ;
#7154 = EDGE_CURVE ( 'NONE', #4239, #6491, #2837, .T. ) ;
#7155 = ORIENTED_EDGE ( 'NONE', *, *, #6936, .T. ) ;
#7156 = CARTESIAN_POINT ( 'NONE',  ( -11.84871062253963103, 1.389194243221511638, 79.10000000000002274 ) ) ;
#7157 = VECTOR ( 'NONE', #67, 1000.000000000000000 ) ;
#7158 = EDGE_CURVE ( 'NONE', #2038, #5275, #3388, .T. ) ;
#7159 = DIRECTION ( 'NONE',  ( 0.000000000000000000, 0.000000000000000000, 1.000000000000000000 ) ) ;
#7160 = CARTESIAN_POINT ( 'NONE',  ( -22.34999999998811759, 1.750000000000000000, 133.5000000000000000 ) ) ;
#7161 = CARTESIAN_POINT ( 'NONE',  ( 32.20000000000057128, 2.350000000000000089, 0.000000000000000000 ) ) ;
#7162 = VERTEX_POINT ( 'NONE', #1136 ) ;
#7163 = CARTESIAN_POINT ( 'NONE',  ( -12.49999999998818190, -4.000000000000000000, 125.7684116160548484 ) ) ;
#7164 = ORIENTED_EDGE ( 'NONE', *, *, #3619, .F. ) ;
#7165 = AXIS2_PLACEMENT_3D ( 'NONE', #2469, #5232, #2573 ) ;
#7166 = CARTESIAN_POINT ( 'NONE',  ( -7.499999999988182786, 1.750000000000000000, 163.0000000000001421 ) ) ;
#7167 = LINE ( 'NONE', #1551, #3462 ) ;
#7168 = VECTOR ( 'NONE', #325, 1000.000000000000000 ) ;
#7169 = CYLINDRICAL_SURFACE ( 'NONE', #1132, 3.375000000003944400 ) ;
#7170 = VECTOR ( 'NONE', #1967, 1000.000000000000000 ) ;
#7171 = LINE ( 'NONE', #3474, #6828 ) ;
ENDSEC;
END-ISO-10303-21;
