ISO-10303-21;
HEADER;
FILE_DESCRIPTION (( 'STEP AP214' ),
    '1' );
FILE_NAME ('1.6mm-µ×°å.STEP',
    '2025-08-21T04:56:45',
    ( '' ),
    ( '' ),
    'SwSTEP 2.0',
    'SolidWorks 2020',
    '' );
FILE_SCHEMA (( 'AUTOMOTIVE_DESIGN' ));
ENDSEC;

DATA;
#1 = ORIENTED_EDGE ( 'NONE', *, *, #1690, .T. ) ;
#2 = DIRECTION ( 'NONE',  ( 0.000000000000000000, 0.000000000000000000, 1.000000000000000000 ) ) ;
#3 = CARTESIAN_POINT ( 'NONE',  ( -37.85000000000000142, 0.000000000000000000, -77.00000000000000000 ) ) ;
#4 = ORIENTED_EDGE ( 'NONE', *, *, #2405, .T. ) ;
#5 = FACE_OUTER_BOUND ( 'NONE', #1013, .T. ) ;
#6 = CIRCLE ( 'NONE', #3076, 1.550000000000002709 ) ;
#7 = AXIS2_PLACEMENT_3D ( 'NONE', #5312, #882, #2242 ) ;
#8 = CARTESIAN_POINT ( 'NONE',  ( -41.25000000000000711, 1.600000000000000089, -28.31951377055105468 ) ) ;
#9 = CARTESIAN_POINT ( 'NONE',  ( -26.49999999998818012, 0.000000000000000000, -85.98338711122495681 ) ) ;
#10 = AXIS2_PLACEMENT_3D ( 'NONE', #3899, #1784, #5249 ) ;
#11 = CARTESIAN_POINT ( 'NONE',  ( -30.25000000000000000, 1.600000000000000089, 2.525000000000006128 ) ) ;
#12 = DIRECTION ( 'NONE',  ( 0.000000000000000000, 0.000000000000000000, 1.000000000000000000 ) ) ;
#13 = CIRCLE ( 'NONE', #3171, 246.5002818899938859 ) ;
#14 = VERTEX_POINT ( 'NONE', #2588 ) ;
#15 = DIRECTION ( 'NONE',  ( 0.000000000000000000, 1.000000000000000000, -0.000000000000000000 ) ) ;
#16 = VERTEX_POINT ( 'NONE', #5524 ) ;
#17 = CARTESIAN_POINT ( 'NONE',  ( 41.24999999999981526, 1.600000000000000089, -28.31951377055149877 ) ) ;
#18 = AXIS2_PLACEMENT_3D ( 'NONE', #925, #4017, #2647 ) ;
#19 = ORIENTED_EDGE ( 'NONE', *, *, #3347, .F. ) ;
#20 = LINE ( 'NONE', #5184, #5433 ) ;
#21 = EDGE_CURVE ( 'NONE', #3732, #3086, #4945, .T. ) ;
#22 = CARTESIAN_POINT ( 'NONE',  ( 0.000000000000000000, 0.000000000000000000, 50.99999999999999289 ) ) ;
#23 = ORIENTED_EDGE ( 'NONE', *, *, #785, .F. ) ;
#24 = ORIENTED_EDGE ( 'NONE', *, *, #4950, .T. ) ;
#25 = CARTESIAN_POINT ( 'NONE',  ( -30.25000000000000000, 1.600000000000000089, -0.02500000000000375186 ) ) ;
#26 = ORIENTED_EDGE ( 'NONE', *, *, #930, .F. ) ;
#27 = ORIENTED_EDGE ( 'NONE', *, *, #2336, .F. ) ;
#28 = DIRECTION ( 'NONE',  ( 0.000000000000000000, -1.000000000000000000, 0.000000000000000000 ) ) ;
#29 = EDGE_CURVE ( 'NONE', #3237, #4070, #5550, .T. ) ;
#30 = ADVANCED_FACE ( 'NONE', ( #354 ), #1748, .F. ) ;
#31 = ORIENTED_EDGE ( 'NONE', *, *, #3749, .T. ) ;
#32 = LINE ( 'NONE', #941, #2235 ) ;
#33 =( GEOMETRIC_REPRESENTATION_CONTEXT ( 3 ) GLOBAL_UNCERTAINTY_ASSIGNED_CONTEXT ( ( #349 ) ) GLOBAL_UNIT_ASSIGNED_CONTEXT ( ( #3529, #3604, #527 ) ) REPRESENTATION_CONTEXT ( 'NONE', 'WORKASPACE' ) );
#34 = CYLINDRICAL_SURFACE ( 'NONE', #1523, 0.5000000000000004441 ) ;
#35 = CYLINDRICAL_SURFACE ( 'NONE', #83, 0.5000000000000004441 ) ;
#36 = CARTESIAN_POINT ( 'NONE',  ( 35.75000000000125056, 0.000000000000000000, 20.49999999999998934 ) ) ;
#37 = FACE_OUTER_BOUND ( 'NONE', #3663, .T. ) ;
#38 = DIRECTION ( 'NONE',  ( -0.000000000000000000, 1.000000000000000000, -0.000000000000000000 ) ) ;
#39 = ORIENTED_EDGE ( 'NONE', *, *, #2518, .T. ) ;
#40 = DIRECTION ( 'NONE',  ( 0.000000000000000000, 0.000000000000000000, -1.000000000000000000 ) ) ;
#41 = LINE ( 'NONE', #2302, #4707 ) ;
#42 = ORIENTED_EDGE ( 'NONE', *, *, #641, .F. ) ;
#43 = DIRECTION ( 'NONE',  ( 0.000000000000000000, 0.000000000000000000, -1.000000000000000000 ) ) ;
#44 = DIRECTION ( 'NONE',  ( -1.000000000000000000, 0.000000000000000000, 0.000000000000000000 ) ) ;
#45 = EDGE_CURVE ( 'NONE', #4512, #855, #5494, .T. ) ;
#46 = ORIENTED_EDGE ( 'NONE', *, *, #2447, .F. ) ;
#47 = ORIENTED_EDGE ( 'NONE', *, *, #4670, .T. ) ;
#48 = DIRECTION ( 'NONE',  ( 0.000000000000000000, 0.000000000000000000, 1.000000000000000000 ) ) ;
#49 = VERTEX_POINT ( 'NONE', #2985 ) ;
#50 = ORIENTED_EDGE ( 'NONE', *, *, #1496, .T. ) ;
#51 = LINE ( 'NONE', #134, #4703 ) ;
#52 = EDGE_CURVE ( 'NONE', #2850, #325, #3684, .T. ) ;
#53 = ORIENTED_EDGE ( 'NONE', *, *, #5369, .F. ) ;
#54 = EDGE_CURVE ( 'NONE', #14, #49, #1235, .T. ) ;
#55 = CARTESIAN_POINT ( 'NONE',  ( 35.75000000000167688, 1.600000000000000089, 41.99999999999999289 ) ) ;
#56 = FACE_OUTER_BOUND ( 'NONE', #4028, .T. ) ;
#57 = CARTESIAN_POINT ( 'NONE',  ( 37.85000000000001563, 0.000000000000000000, 42.49999999999999289 ) ) ;
#58 = EDGE_CURVE ( 'NONE', #3757, #3307, #2876, .T. ) ;
#59 = EDGE_CURVE ( 'NONE', #3195, #3897, #2479, .T. ) ;
#60 = AXIS2_PLACEMENT_3D ( 'NONE', #2494, #341, #1650 ) ;
#61 = DIRECTION ( 'NONE',  ( -1.000000000000000000, -0.000000000000000000, -0.000000000000000000 ) ) ;
#62 = LINE ( 'NONE', #2611, #2083 ) ;
#63 = DIRECTION ( 'NONE',  ( 0.000000000000000000, -1.000000000000000000, 0.000000000000000000 ) ) ;
#64 = CARTESIAN_POINT ( 'NONE',  ( -32.32499999999993889, 1.600000000000000089, 36.55000000000000426 ) ) ;
#65 = AXIS2_PLACEMENT_3D ( 'NONE', #1767, #3929, #2 ) ;
#66 = VERTEX_POINT ( 'NONE', #807 ) ;
#67 = CARTESIAN_POINT ( 'NONE',  ( -9.249999999999998224, 1.600000000000000089, -0.02500000000000700273 ) ) ;
#68 = DIRECTION ( 'NONE',  ( 0.000000000000000000, 0.000000000000000000, 1.000000000000000000 ) ) ;
#69 = CIRCLE ( 'NONE', #1338, 0.5000000000000004441 ) ;
#70 = ORIENTED_EDGE ( 'NONE', *, *, #360, .F. ) ;
#71 = CARTESIAN_POINT ( 'NONE',  ( -24.57499999999999929, 1.600000000000000089, 19.00000000000000355 ) ) ;
#72 = PRESENTATION_STYLE_ASSIGNMENT (( #2281 ) ) ;
#73 = CIRCLE ( 'NONE', #345, 246.5002818899938859 ) ;
#74 = VERTEX_POINT ( 'NONE', #439 ) ;
#75 = EDGE_LOOP ( 'NONE', ( #5294, #957, #2432, #1097 ) ) ;
#76 = DIRECTION ( 'NONE',  ( 0.000000000000000000, 0.000000000000000000, -1.000000000000000000 ) ) ;
#77 = VECTOR ( 'NONE', #550, 1000.000000000000000 ) ;
#78 = ORIENTED_EDGE ( 'NONE', *, *, #4576, .F. ) ;
#79 = ORIENTED_EDGE ( 'NONE', *, *, #5192, .T. ) ;
#80 = CIRCLE ( 'NONE', #1617, 1.549999999999697398 ) ;
#81 = DIRECTION ( 'NONE',  ( 0.000000000000000000, 0.000000000000000000, -1.000000000000000000 ) ) ;
#82 = EDGE_CURVE ( 'NONE', #4777, #4512, #2532, .T. ) ;
#83 = AXIS2_PLACEMENT_3D ( 'NONE', #3570, #5176, #3144 ) ;
#84 = ORIENTED_EDGE ( 'NONE', *, *, #4128, .T. ) ;
#85 = DIRECTION ( 'NONE',  ( 0.000000000000000000, 0.000000000000000000, 1.000000000000000000 ) ) ;
#86 = CARTESIAN_POINT ( 'NONE',  ( 0.000000000000000000, 1.600000000000000089, 20.99999999999998934 ) ) ;
#87 = CARTESIAN_POINT ( 'NONE',  ( 37.85000000000001563, 1.600000000000000089, 42.49999999999999289 ) ) ;
#88 = ADVANCED_FACE ( 'NONE', ( #1262 ), #837, .T. ) ;
#89 = LINE ( 'NONE', #5259, #353 ) ;
#90 = LINE ( 'NONE', #3095, #459 ) ;
#91 = CYLINDRICAL_SURFACE ( 'NONE', #3596, 0.5000000000000004441 ) ;
#92 = EDGE_CURVE ( 'NONE', #2424, #2378, #705, .T. ) ;
#93 = ADVANCED_FACE ( 'NONE', ( #3070 ), #3551, .F. ) ;
#94 = DIRECTION ( 'NONE',  ( 0.000000000000000000, 0.000000000000000000, 1.000000000000000000 ) ) ;
#95 = AXIS2_PLACEMENT_3D ( 'NONE', #435, #2164, #2298 ) ;
#96 = CARTESIAN_POINT ( 'NONE',  ( -41.25000000000000711, 1.600000000000000089, 0.000000000000000000 ) ) ;
#98 = DIRECTION ( 'NONE',  ( -0.000000000000000000, 1.000000000000000000, -0.000000000000000000 ) ) ;
#97 = VECTOR ( 'NONE', #2095, 1000.000000000000000 ) ;
#99 = ORIENTED_EDGE ( 'NONE', *, *, #1275, .F. ) ;
#100 = DIRECTION ( 'NONE',  ( -0.000000000000000000, -1.000000000000000000, 0.000000000000000000 ) ) ;
#101 = DIRECTION ( 'NONE',  ( 0.000000000000000000, 0.000000000000000000, -1.000000000000000000 ) ) ;
#102 = AXIS2_PLACEMENT_3D ( 'NONE', #2847, #2002, #4963 ) ;
#103 = ORIENTED_EDGE ( 'NONE', *, *, #4501, .F. ) ;
#104 = ORIENTED_EDGE ( 'NONE', *, *, #3651, .T. ) ;
#105 = CARTESIAN_POINT ( 'NONE',  ( 169.9127529108813803, 1.600000000000000089, 177.4329626232003818 ) ) ;
#106 = ORIENTED_EDGE ( 'NONE', *, *, #2754, .T. ) ;
#107 = ORIENTED_EDGE ( 'NONE', *, *, #2376, .F. ) ;
#108 = DIRECTION ( 'NONE',  ( 0.000000000000000000, -1.000000000000000000, 0.000000000000000000 ) ) ;
#109 = ORIENTED_EDGE ( 'NONE', *, *, #4443, .T. ) ;
#110 = CARTESIAN_POINT ( 'NONE',  ( -37.85000000000001563, 1.600000000000000089, 12.49999999999999645 ) ) ;
#111 = FACE_OUTER_BOUND ( 'NONE', #2114, .T. ) ;
#112 = AXIS2_PLACEMENT_3D ( 'NONE', #150, #4848, #1456 ) ;
#113 = DIRECTION ( 'NONE',  ( 0.000000000000000000, 0.000000000000000000, -1.000000000000000000 ) ) ;
#114 = VECTOR ( 'NONE', #3036, 1000.000000000000000 ) ;
#115 = CIRCLE ( 'NONE', #845, 0.5000000000000004441 ) ;
#116 = EDGE_CURVE ( 'NONE', #3237, #5586, #4789, .T. ) ;
#117 = DIRECTION ( 'NONE',  ( 0.000000000000000000, -1.000000000000000000, 0.000000000000000000 ) ) ;
#118 = LINE ( 'NONE', #1422, #2355 ) ;
#119 = DIRECTION ( 'NONE',  ( 0.000000000000000000, 0.000000000000000000, -1.000000000000000000 ) ) ;
#120 = LINE ( 'NONE', #1873, #4517 ) ;
#121 = AXIS2_PLACEMENT_3D ( 'NONE', #352, #805, #3012 ) ;
#122 = EDGE_CURVE ( 'NONE', #5033, #779, #4016, .T. ) ;
#123 = CARTESIAN_POINT ( 'NONE',  ( -37.85000000000000142, 0.000000000000000000, -0.000000000000000000 ) ) ;
#124 = EDGE_CURVE ( 'NONE', #4692, #5015, #1430, .T. ) ;
#125 = DIRECTION ( 'NONE',  ( -1.000000000000000000, 0.000000000000000000, -0.000000000000000000 ) ) ;
#126 = ORIENTED_EDGE ( 'NONE', *, *, #1586, .F. ) ;
#127 = CARTESIAN_POINT ( 'NONE',  ( -35.74999999999959499, 1.600000000000000089, -39.50000000000001421 ) ) ;
#128 = LINE ( 'NONE', #956, #1392 ) ;
#129 = ORIENTED_EDGE ( 'NONE', *, *, #3784, .F. ) ;
#130 = EDGE_LOOP ( 'NONE', ( #4877, #1460, #3056, #4829 ) ) ;
#131 = CARTESIAN_POINT ( 'NONE',  ( -21.49999999998818367, 1.600000000000000089, -70.23338711122495681 ) ) ;
#132 = ORIENTED_EDGE ( 'NONE', *, *, #2199, .T. ) ;
#133 = ORIENTED_EDGE ( 'NONE', *, *, #2208, .T. ) ;
#134 = CARTESIAN_POINT ( 'NONE',  ( -3.283088087106474322E-11, 0.000000000000000000, -69.00000000001391243 ) ) ;
#135 = ORIENTED_EDGE ( 'NONE', *, *, #1275, .T. ) ;
#136 = LINE ( 'NONE', #2400, #3943 ) ;
#137 = LINE ( 'NONE', #4065, #344 ) ;
#138 = CARTESIAN_POINT ( 'NONE',  ( 15.40000000000000036, 1.600000000000000089, -60.77234500001782180 ) ) ;
#139 = FACE_OUTER_BOUND ( 'NONE', #580, .T. ) ;
#140 = CARTESIAN_POINT ( 'NONE',  ( 34.36956032934473626, 1.600000000000000089, 32.03526295232896359 ) ) ;
#141 = FACE_BOUND ( 'NONE', #2744, .T. ) ;
#142 = CARTESIAN_POINT ( 'NONE',  ( 17.50000000000000000, 0.000000000000000000, 35.42765452970053985 ) ) ;
#143 = EDGE_CURVE ( 'NONE', #4887, #3438, #4423, .T. ) ;
#144 = VECTOR ( 'NONE', #4101, 1000.000000000000000 ) ;
#145 = CARTESIAN_POINT ( 'NONE',  ( 35.75000000000125056, 1.600000000000000089, 20.99999999999998934 ) ) ;
#146 = CARTESIAN_POINT ( 'NONE',  ( -37.84999999999998721, 1.600000000000000089, 0.000000000000000000 ) ) ;
#147 = DIRECTION ( 'NONE',  ( -0.000000000000000000, 1.000000000000000000, -0.000000000000000000 ) ) ;
#148 = VERTEX_POINT ( 'NONE', #1801 ) ;
#149 = VECTOR ( 'NONE', #4920, 1000.000000000000000 ) ;
#150 = CARTESIAN_POINT ( 'NONE',  ( 15.40000000000000036, 1.600000000000000089, 0.000000000000000000 ) ) ;
#151 = EDGE_CURVE ( 'NONE', #3408, #4543, #4497, .T. ) ;
#152 = ADVANCED_FACE ( 'NONE', ( #3525 ), #3967, .F. ) ;
#153 = EDGE_LOOP ( 'NONE', ( #1595, #3247, #3809, #2944 ) ) ;
#154 = ORIENTED_EDGE ( 'NONE', *, *, #1126, .F. ) ;
#155 = DIRECTION ( 'NONE',  ( 0.000000000000000000, 0.000000000000000000, 1.000000000000000000 ) ) ;
#156 = ORIENTED_EDGE ( 'NONE', *, *, #3304, .F. ) ;
#157 = ORIENTED_EDGE ( 'NONE', *, *, #2548, .T. ) ;
#158 = LINE ( 'NONE', #536, #372 ) ;
#159 = AXIS2_PLACEMENT_3D ( 'NONE', #5040, #2446, #318 ) ;
#160 = EDGE_CURVE ( 'NONE', #3337, #3524, #3575, .T. ) ;
#161 = EDGE_CURVE ( 'NONE', #4873, #1238, #5286, .T. ) ;
#162 = VECTOR ( 'NONE', #2386, 1000.000000000000000 ) ;
#163 = VERTEX_POINT ( 'NONE', #1006 ) ;
#164 = VECTOR ( 'NONE', #1284, 1000.000000000000000 ) ;
#165 = DIRECTION ( 'NONE',  ( 0.000000000000000000, -1.000000000000000000, 0.000000000000000000 ) ) ;
#166 = VERTEX_POINT ( 'NONE', #2194 ) ;
#167 = LINE ( 'NONE', #1898, #2184 ) ;
#168 = VECTOR ( 'NONE', #916, 1000.000000000000000 ) ;
#169 = VERTEX_POINT ( 'NONE', #2277 ) ;
#170 = CARTESIAN_POINT ( 'NONE',  ( 5.100000000011818635, 1.600000000000000089, -67.73338711122495681 ) ) ;
#171 = LINE ( 'NONE', #5395, #2144 ) ;
#172 = FACE_BOUND ( 'NONE', #1671, .T. ) ;
#173 = CARTESIAN_POINT ( 'NONE',  ( -36.25000000000000000, 0.000000000000000000, -77.49999999999666045 ) ) ;
#174 = DIRECTION ( 'NONE',  ( 0.000000000000000000, 1.000000000000000000, 0.000000000000000000 ) ) ;
#175 = CARTESIAN_POINT ( 'NONE',  ( -169.9127529108827162, -8.400000000000000355, 177.4329626231991881 ) ) ;
#176 = CARTESIAN_POINT ( 'NONE',  ( -35.75000000000125056, 1.600000000000000089, 11.99999999999999822 ) ) ;
#177 = ORIENTED_EDGE ( 'NONE', *, *, #3107, .F. ) ;
#178 = CARTESIAN_POINT ( 'NONE',  ( 35.75000000000041211, 1.600000000000000089, 0.000000000000000000 ) ) ;
#179 = CYLINDRICAL_SURFACE ( 'NONE', #2830, 0.5000000000000004441 ) ;
#180 = VECTOR ( 'NONE', #2865, 1000.000000000000000 ) ;
#181 = VECTOR ( 'NONE', #4575, 1000.000000000000000 ) ;
#182 = ORIENTED_EDGE ( 'NONE', *, *, #1660, .F. ) ;
#183 = ORIENTED_EDGE ( 'NONE', *, *, #3002, .F. ) ;
#184 = DIRECTION ( 'NONE',  ( 0.000000000000000000, 0.000000000000000000, -1.000000000000000000 ) ) ;
#185 = AXIS2_PLACEMENT_3D ( 'NONE', #3795, #2582, #775 ) ;
#186 = ADVANCED_FACE ( 'NONE', ( #4871 ), #2616, .F. ) ;
#187 = EDGE_LOOP ( 'NONE', ( #5212, #1221, #1492, #4146, #3366, #3840, #3531, #5216, #2404, #3633, #5157, #3723, #2891, #480, #3924, #4488, #2602, #2959, #1890, #950, #2256, #440, #2733, #1140, #4429, #4935, #395, #3789, #678, #1717 ) ) ;
#188 = CARTESIAN_POINT ( 'NONE',  ( 35.75000000000167688, 0.000000000000000000, 0.000000000000000000 ) ) ;
#189 = AXIS2_PLACEMENT_3D ( 'NONE', #3331, #729, #4176 ) ;
#190 = VECTOR ( 'NONE', #2658, 1000.000000000000000 ) ;
#191 = EDGE_LOOP ( 'NONE', ( #3048, #2167, #3396, #764 ) ) ;
#192 = EDGE_CURVE ( 'NONE', #275, #4998, #3515, .T. ) ;
#193 = EDGE_CURVE ( 'NONE', #1487, #275, #4451, .T. ) ;
#194 = DIRECTION ( 'NONE',  ( 0.000000000000000000, -1.000000000000000000, 0.000000000000000000 ) ) ;
#195 = VECTOR ( 'NONE', #98, 1000.000000000000000 ) ;
#196 = ORIENTED_EDGE ( 'NONE', *, *, #4400, .T. ) ;
#197 = LINE ( 'NONE', #86, #2871 ) ;
#198 = ORIENTED_EDGE ( 'NONE', *, *, #4751, .F. ) ;
#199 = DIRECTION ( 'NONE',  ( 0.000000000000000000, 0.000000000000000000, 1.000000000000000000 ) ) ;
#200 = VECTOR ( 'NONE', #1266, 1000.000000000000000 ) ;
#201 = DIRECTION ( 'NONE',  ( 0.000000000000000000, 0.000000000000000000, -1.000000000000000000 ) ) ;
#202 = LINE ( 'NONE', #2835, #1796 ) ;
#203 = CARTESIAN_POINT ( 'NONE',  ( -27.75000000000000711, 1.600000000000000089, -18.75000000000000000 ) ) ;
#204 = AXIS2_PLACEMENT_3D ( 'NONE', #804, #1659, #1288 ) ;
#205 = VECTOR ( 'NONE', #2334, 1000.000000000000000 ) ;
#206 = DIRECTION ( 'NONE',  ( 0.000000000000000000, 0.000000000000000000, 1.000000000000000000 ) ) ;
#207 = DIRECTION ( 'NONE',  ( 0.000000000000000000, -1.000000000000000000, 0.000000000000000000 ) ) ;
#208 = FACE_BOUND ( 'NONE', #3883, .T. ) ;
#209 = AXIS2_PLACEMENT_3D ( 'NONE', #2842, #1122, #4082 ) ;
#210 = CARTESIAN_POINT ( 'NONE',  ( 36.25000000000125056, 1.600000000000000089, 12.49999999999999645 ) ) ;
#211 = LINE ( 'NONE', #1965, #4996 ) ;
#212 = ORIENTED_EDGE ( 'NONE', *, *, #92, .F. ) ;
#213 = ORIENTED_EDGE ( 'NONE', *, *, #2730, .F. ) ;
#214 = CARTESIAN_POINT ( 'NONE',  ( -37.85000000000001563, 0.000000000000000000, 12.49999999999999645 ) ) ;
#215 = VERTEX_POINT ( 'NONE', #496 ) ;
#216 = FACE_OUTER_BOUND ( 'NONE', #2624, .T. ) ;
#217 = ADVANCED_FACE ( 'NONE', ( #4759 ), #2249, .T. ) ;
#218 = ORIENTED_EDGE ( 'NONE', *, *, #4400, .F. ) ;
#219 = VERTEX_POINT ( 'NONE', #893 ) ;
#220 = CARTESIAN_POINT ( 'NONE',  ( -6.750000000000002665, 1.600000000000000089, 2.525000000000003020 ) ) ;
#221 = EDGE_LOOP ( 'NONE', ( #1758, #5501 ) ) ;
#222 = DIRECTION ( 'NONE',  ( 0.000000000000000000, 0.000000000000000000, -1.000000000000000000 ) ) ;
#223 = EDGE_CURVE ( 'NONE', #4887, #310, #5037, .T. ) ;
#224 = EDGE_LOOP ( 'NONE', ( #953, #3771, #1124, #1608 ) ) ;
#225 = EDGE_CURVE ( 'NONE', #2680, #4971, #4414, .T. ) ;
#226 = CARTESIAN_POINT ( 'NONE',  ( -35.74999999999959499, 0.000000000000000000, 0.000000000000000000 ) ) ;
#227 = DIRECTION ( 'NONE',  ( -0.000000000000000000, -1.000000000000000000, 0.000000000000000000 ) ) ;
#228 = FACE_BOUND ( 'NONE', #2259, .T. ) ;
#229 = DIRECTION ( 'NONE',  ( 0.000000000000000000, -1.000000000000000000, 0.000000000000000000 ) ) ;
#230 = EDGE_CURVE ( 'NONE', #2315, #3743, #2607, .T. ) ;
#231 = EDGE_CURVE ( 'NONE', #1245, #5297, #259, .T. ) ;
#232 = CARTESIAN_POINT ( 'NONE',  ( 37.85000000000000853, 0.000000000000000000, -39.00000000000000711 ) ) ;
#233 = LINE ( 'NONE', #1962, #732 ) ;
#234 = DIRECTION ( 'NONE',  ( -0.000000000000000000, -1.000000000000000000, -0.000000000000000000 ) ) ;
#235 = DIRECTION ( 'NONE',  ( 0.000000000000000000, 1.000000000000000000, -0.000000000000000000 ) ) ;
#236 = DIRECTION ( 'NONE',  ( -0.000000000000000000, -1.000000000000000000, -0.000000000000000000 ) ) ;
#237 = ORIENTED_EDGE ( 'NONE', *, *, #3199, .F. ) ;
#238 = ORIENTED_EDGE ( 'NONE', *, *, #2584, .T. ) ;
#239 = CARTESIAN_POINT ( 'NONE',  ( -1.652117596168020896E-13, 1.600000000000000089, 12.50000000000460432 ) ) ;
#240 = ORIENTED_EDGE ( 'NONE', *, *, #2299, .F. ) ;
#241 = FACE_OUTER_BOUND ( 'NONE', #1332, .T. ) ;
#242 = LINE ( 'NONE', #2427, #256 ) ;
#243 = VERTEX_POINT ( 'NONE', #3289 ) ;
#244 = ORIENTED_EDGE ( 'NONE', *, *, #2232, .T. ) ;
#245 = CYLINDRICAL_SURFACE ( 'NONE', #2691, 1.550000000000002709 ) ;
#246 = VERTEX_POINT ( 'NONE', #1481 ) ;
#247 = AXIS2_PLACEMENT_3D ( 'NONE', #4193, #4748, #290 ) ;
#248 = LINE ( 'NONE', #5055, #4970 ) ;
#249 = AXIS2_PLACEMENT_3D ( 'NONE', #2776, #1957, #5397 ) ;
#250 = ORIENTED_EDGE ( 'NONE', *, *, #1899, .T. ) ;
#251 = DIRECTION ( 'NONE',  ( 0.000000000000000000, 1.000000000000000000, 0.000000000000000000 ) ) ;
#252 = DIRECTION ( 'NONE',  ( 0.000000000000000000, -1.000000000000000000, 0.000000000000000000 ) ) ;
#253 = VECTOR ( 'NONE', #468, 1000.000000000000000 ) ;
#254 = ADVANCED_FACE ( 'NONE', ( #5372 ), #2413, .F. ) ;
#255 = FACE_BOUND ( 'NONE', #3472, .T. ) ;
#256 = VECTOR ( 'NONE', #1579, 1000.000000000000000 ) ;
#257 = DIRECTION ( 'NONE',  ( 0.000000000000000000, 0.000000000000000000, -1.000000000000000000 ) ) ;
#258 = CIRCLE ( 'NONE', #992, 246.5002818899938859 ) ;
#259 = LINE ( 'NONE', #1116, #162 ) ;
#260 = DIRECTION ( 'NONE',  ( 0.000000000000000000, -1.000000000000000000, 0.000000000000000000 ) ) ;
#261 = ADVANCED_FACE ( 'NONE', ( #4162 ), #658, .F. ) ;
#262 = FACE_BOUND ( 'NONE', #1897, .T. ) ;
#263 = EDGE_CURVE ( 'NONE', #936, #243, #5402, .T. ) ;
#264 = ORIENTED_EDGE ( 'NONE', *, *, #2829, .T. ) ;
#265 = DIRECTION ( 'NONE',  ( 0.000000000000000000, 0.000000000000000000, -1.000000000000000000 ) ) ;
#266 = LINE ( 'NONE', #4986, #4633 ) ;
#267 = ORIENTED_EDGE ( 'NONE', *, *, #2828, .T. ) ;
#268 = VERTEX_POINT ( 'NONE', #1565 ) ;
#269 = FACE_OUTER_BOUND ( 'NONE', #2014, .T. ) ;
#270 = ORIENTED_EDGE ( 'NONE', *, *, #403, .F. ) ;
#271 = DIRECTION ( 'NONE',  ( 1.000000000000000000, 0.000000000000000000, 0.000000000000000000 ) ) ;
#272 = CARTESIAN_POINT ( 'NONE',  ( 35.75000000000125056, 0.000000000000000000, 20.99999999999998934 ) ) ;
#273 = AXIS2_PLACEMENT_3D ( 'NONE', #1051, #2777, #4470 ) ;
#274 = VECTOR ( 'NONE', #1257, 1000.000000000000000 ) ;
#275 = VERTEX_POINT ( 'NONE', #4131 ) ;
#276 = VERTEX_POINT ( 'NONE', #717 ) ;
#277 = CARTESIAN_POINT ( 'NONE',  ( 37.85000000000001563, 0.000000000000000000, -0.000000000000000000 ) ) ;
#278 = CIRCLE ( 'NONE', #3084, 0.5000000000000004441 ) ;
#279 = ORIENTED_EDGE ( 'NONE', *, *, #2032, .T. ) ;
#280 = CARTESIAN_POINT ( 'NONE',  ( 0.000000000000000000, 1.600000000000000089, 12.49999999999999645 ) ) ;
#281 = ORIENTED_EDGE ( 'NONE', *, *, #713, .T. ) ;
#282 = DIRECTION ( 'NONE',  ( 0.000000000000000000, 0.000000000000000000, -1.000000000000000000 ) ) ;
#283 = DIRECTION ( 'NONE',  ( 0.000000000000000000, 1.000000000000000000, 0.000000000000000000 ) ) ;
#284 = ORIENTED_EDGE ( 'NONE', *, *, #858, .T. ) ;
#285 = LINE ( 'NONE', #4638, #5391 ) ;
#286 = CARTESIAN_POINT ( 'NONE',  ( 36.64078930228932052, 1.600000000000000089, -88.48338711122495681 ) ) ;
#287 = EDGE_CURVE ( 'NONE', #3919, #5586, #2700, .T. ) ;
#288 = DIRECTION ( 'NONE',  ( -0.000000000000000000, -1.000000000000000000, -0.000000000000000000 ) ) ;
#289 = CARTESIAN_POINT ( 'NONE',  ( 37.85000000000001563, 1.600000000000000089, 41.99999999999999289 ) ) ;
#290 = DIRECTION ( 'NONE',  ( 0.000000000000000000, 0.000000000000000000, 1.000000000000000000 ) ) ;
#291 = ORIENTED_EDGE ( 'NONE', *, *, #649, .F. ) ;
#292 = PLANE ( 'NONE',  #1023 ) ;
#293 = AXIS2_PLACEMENT_3D ( 'NONE', #4506, #5375, #2418 ) ;
#294 = LINE ( 'NONE', #5014, #3189 ) ;
#295 = EDGE_CURVE ( 'NONE', #2596, #3732, #684, .T. ) ;
#296 = EDGE_CURVE ( 'NONE', #3506, #5495, #4040, .T. ) ;
#297 = ORIENTED_EDGE ( 'NONE', *, *, #5547, .F. ) ;
#298 = ORIENTED_EDGE ( 'NONE', *, *, #1306, .F. ) ;
#299 = DIRECTION ( 'NONE',  ( 0.000000000000000000, 0.000000000000000000, 1.000000000000000000 ) ) ;
#300 = ORIENTED_EDGE ( 'NONE', *, *, #1815, .T. ) ;
#301 = DIRECTION ( 'NONE',  ( -0.4999999999999979461, 0.000000000000000000, -0.8660254037844398178 ) ) ;
#302 = LINE ( 'NONE', #4994, #4232 ) ;
#303 = EDGE_CURVE ( 'NONE', #4265, #3329, #4138, .T. ) ;
#304 = EDGE_CURVE ( 'NONE', #1946, #2948, #4104, .T. ) ;
#305 = ORIENTED_EDGE ( 'NONE', *, *, #5264, .T. ) ;
#306 = VERTEX_POINT ( 'NONE', #5315 ) ;
#307 = DIRECTION ( 'NONE',  ( 0.000000000000000000, 0.000000000000000000, -1.000000000000000000 ) ) ;
#308 = ORIENTED_EDGE ( 'NONE', *, *, #2105, .T. ) ;
#309 = DIRECTION ( 'NONE',  ( 0.000000000000000000, 1.000000000000000000, -0.000000000000000000 ) ) ;
#310 = VERTEX_POINT ( 'NONE', #4900 ) ;
#311 = CARTESIAN_POINT ( 'NONE',  ( 24.57499999999999929, 1.600000000000000089, 19.00000000000000355 ) ) ;
#312 = CARTESIAN_POINT ( 'NONE',  ( 32.32499999999993889, 1.600000000000000089, 33.45000000000000284 ) ) ;
#313 = ORIENTED_EDGE ( 'NONE', *, *, #5500, .F. ) ;
#314 = DIRECTION ( 'NONE',  ( 0.000000000000000000, 1.000000000000000000, 0.000000000000000000 ) ) ;
#315 = DIRECTION ( 'NONE',  ( 0.000000000000000000, -1.000000000000000000, 0.000000000000000000 ) ) ;
#316 = CARTESIAN_POINT ( 'NONE',  ( 35.75000000000041211, 0.000000000000000000, -39.50000000000001421 ) ) ;
#317 = CARTESIAN_POINT ( 'NONE',  ( 24.57499999999999929, 0.000000000000000000, 19.00000000000000355 ) ) ;
#318 = DIRECTION ( 'NONE',  ( 0.000000000000000000, 0.000000000000000000, 1.000000000000000000 ) ) ;
#319 = LINE ( 'NONE', #3403, #5082 ) ;
#320 = EDGE_CURVE ( 'NONE', #584, #1619, #4979, .T. ) ;
#321 = DIRECTION ( 'NONE',  ( 0.000000000000000000, 1.000000000000000000, 0.000000000000000000 ) ) ;
#322 = ORIENTED_EDGE ( 'NONE', *, *, #5124, .F. ) ;
#323 = ORIENTED_EDGE ( 'NONE', *, *, #2174, .F. ) ;
#324 = DIRECTION ( 'NONE',  ( -0.000000000000000000, -1.000000000000000000, 0.000000000000000000 ) ) ;
#325 = VERTEX_POINT ( 'NONE', #5428 ) ;
#326 = CARTESIAN_POINT ( 'NONE',  ( -23.99999999998818012, 1.600000000000000089, -85.98338711122495681 ) ) ;
#327 = EDGE_CURVE ( 'NONE', #2649, #5436, #5488, .T. ) ;
#328 = DIRECTION ( 'NONE',  ( 0.000000000000000000, 0.000000000000000000, 1.000000000000000000 ) ) ;
#329 = AXIS2_PLACEMENT_3D ( 'NONE', #2322, #3173, #201 ) ;
#330 = EDGE_LOOP ( 'NONE', ( #3836, #1779, #1073, #3152, #1838, #1298, #4434, #1325, #4788, #313 ) ) ;
#331 = ORIENTED_EDGE ( 'NONE', *, *, #151, .T. ) ;
#332 = CARTESIAN_POINT ( 'NONE',  ( -65.79502250232364702, 1.600000000000000089, -37.98677395305384152 ) ) ;
#333 = ORIENTED_EDGE ( 'NONE', *, *, #231, .T. ) ;
#334 = CYLINDRICAL_SURFACE ( 'NONE', #1995, 0.5000000000000004441 ) ;
#335 = EDGE_CURVE ( 'NONE', #4208, #399, #1623, .T. ) ;
#336 = EDGE_CURVE ( 'NONE', #4836, #4310, #258, .T. ) ;
#337 = AXIS2_PLACEMENT_3D ( 'NONE', #4999, #5418, #1950 ) ;
#338 = VERTEX_POINT ( 'NONE', #4558 ) ;
#339 = CIRCLE ( 'NONE', #3415, 0.4999999999999987232 ) ;
#340 = CARTESIAN_POINT ( 'NONE',  ( -37.85000000000001563, 1.600000000000000089, 42.49999999999999289 ) ) ;
#341 = DIRECTION ( 'NONE',  ( 0.000000000000000000, -1.000000000000000000, 0.000000000000000000 ) ) ;
#342 = VERTEX_POINT ( 'NONE', #3625 ) ;
#343 = DIRECTION ( 'NONE',  ( 0.000000000000000000, -1.000000000000000000, 0.000000000000000000 ) ) ;
#344 = VECTOR ( 'NONE', #3617, 1000.000000000000000 ) ;
#345 = AXIS2_PLACEMENT_3D ( 'NONE', #3346, #856, #4664 ) ;
#346 = AXIS2_PLACEMENT_3D ( 'NONE', #2646, #924, #5235 ) ;
#347 = FACE_OUTER_BOUND ( 'NONE', #5061, .T. ) ;
#348 = CARTESIAN_POINT ( 'NONE',  ( -37.84999999999998721, 0.000000000000000000, 20.49999999999998934 ) ) ;
#349 = UNCERTAINTY_MEASURE_WITH_UNIT (LENGTH_MEASURE( 1.000000000000000082E-05 ), #3529, 'distance_accuracy_value', 'NONE');
#350 = VECTOR ( 'NONE', #1129, 1000.000000000000000 ) ;
#351 = CARTESIAN_POINT ( 'NONE',  ( 37.85000000000000853, 1.600000000000000089, -47.00000000000000000 ) ) ;
#352 = CARTESIAN_POINT ( 'NONE',  ( 37.85000000000001563, 0.000000000000000000, 12.49999999999999645 ) ) ;
#353 = VECTOR ( 'NONE', #4419, 1000.000000000000000 ) ;
#354 = FACE_OUTER_BOUND ( 'NONE', #3430, .T. ) ;
#355 = ORIENTED_EDGE ( 'NONE', *, *, #5369, .T. ) ;
#356 = DIRECTION ( 'NONE',  ( 0.000000000000000000, -1.000000000000000000, 0.000000000000000000 ) ) ;
#357 = ORIENTED_EDGE ( 'NONE', *, *, #5073, .F. ) ;
#358 = DIRECTION ( 'NONE',  ( 0.000000000000000000, 0.000000000000000000, -1.000000000000000000 ) ) ;
#359 = LINE ( 'NONE', #2143, #391 ) ;
#360 = EDGE_CURVE ( 'NONE', #3894, #852, #2160, .T. ) ;
#361 = ORIENTED_EDGE ( 'NONE', *, *, #4473, .T. ) ;
#362 = VERTEX_POINT ( 'NONE', #2781 ) ;
#363 = VECTOR ( 'NONE', #315, 1000.000000000000000 ) ;
#364 = DIRECTION ( 'NONE',  ( -0.000000000000000000, 1.000000000000000000, -0.000000000000000000 ) ) ;
#365 = EDGE_LOOP ( 'NONE', ( #78, #1839, #4650, #3046 ) ) ;
#366 = DIRECTION ( 'NONE',  ( -1.000000000000000000, 0.000000000000000000, -0.000000000000000000 ) ) ;
#367 = VECTOR ( 'NONE', #5008, 1000.000000000000000 ) ;
#368 = VECTOR ( 'NONE', #3261, 1000.000000000000000 ) ;
#369 = EDGE_CURVE ( 'NONE', #1291, #1954, #4503, .T. ) ;
#370 = ORIENTED_EDGE ( 'NONE', *, *, #4383, .T. ) ;
#371 = EDGE_CURVE ( 'NONE', #2145, #2709, #4044, .T. ) ;
#372 = VECTOR ( 'NONE', #1360, 1000.000000000000000 ) ;
#373 = FACE_OUTER_BOUND ( 'NONE', #5079, .T. ) ;
#374 = AXIS2_PLACEMENT_3D ( 'NONE', #1601, #324, #2874 ) ;
#375 = ORIENTED_EDGE ( 'NONE', *, *, #1786, .F. ) ;
#376 = CARTESIAN_POINT ( 'NONE',  ( -35.75000000000000000, 0.000000000000000000, -69.50000000000000000 ) ) ;
#377 = VECTOR ( 'NONE', #5049, 1000.000000000000000 ) ;
#378 = CIRCLE ( 'NONE', #4526, 0.5000000000000004441 ) ;
#379 = CARTESIAN_POINT ( 'NONE',  ( 1.288651725011595173E-13, 1.600000000000000089, -39.00000000000013500 ) ) ;
#380 = DIRECTION ( 'NONE',  ( -0.000000000000000000, 1.000000000000000000, -0.000000000000000000 ) ) ;
#381 = VECTOR ( 'NONE', #207, 1000.000000000000000 ) ;
#382 = DIRECTION ( 'NONE',  ( 0.000000000000000000, 0.000000000000000000, 1.000000000000000000 ) ) ;
#383 = DIRECTION ( 'NONE',  ( 0.000000000000000000, 0.000000000000000000, -1.000000000000000000 ) ) ;
#384 = VERTEX_POINT ( 'NONE', #2581 ) ;
#385 = ORIENTED_EDGE ( 'NONE', *, *, #3406, .T. ) ;
#386 = DIRECTION ( 'NONE',  ( 0.000000000000000000, 0.000000000000000000, -1.000000000000000000 ) ) ;
#387 = AXIS2_PLACEMENT_3D ( 'NONE', #1511, #603, #4049 ) ;
#388 = ORIENTED_EDGE ( 'NONE', *, *, #4609, .T. ) ;
#389 = DIRECTION ( 'NONE',  ( -1.000000000000000000, 0.000000000000000000, 0.000000000000000000 ) ) ;
#390 = LINE ( 'NONE', #1721, #657 ) ;
#391 = VECTOR ( 'NONE', #5555, 1000.000000000000000 ) ;
#392 = ORIENTED_EDGE ( 'NONE', *, *, #1930, .F. ) ;
#393 = EDGE_LOOP ( 'NONE', ( #848, #2911, #323, #965 ) ) ;
#394 = DIRECTION ( 'NONE',  ( 0.000000000000000000, 0.000000000000000000, 1.000000000000000000 ) ) ;
#395 = ORIENTED_EDGE ( 'NONE', *, *, #5482, .T. ) ;
#396 = CARTESIAN_POINT ( 'NONE',  ( 11.44069681584102405, 1.600000000000000089, 33.31837076039649759 ) ) ;
#397 = AXIS2_PLACEMENT_3D ( 'NONE', #4254, #836, #383 ) ;
#398 = EDGE_CURVE ( 'NONE', #2225, #2148, #5544, .T. ) ;
#399 = VERTEX_POINT ( 'NONE', #2555 ) ;
#400 = CARTESIAN_POINT ( 'NONE',  ( 37.85000000000001563, 1.600000000000000089, 12.49999999999999645 ) ) ;
#401 = ORIENTED_EDGE ( 'NONE', *, *, #999, .T. ) ;
#402 = DIRECTION ( 'NONE',  ( -0.000000000000000000, -1.000000000000000000, 0.000000000000000000 ) ) ;
#403 = EDGE_CURVE ( 'NONE', #2169, #2628, #1714, .T. ) ;
#404 = EDGE_CURVE ( 'NONE', #1171, #4882, #4640, .T. ) ;
#405 = DIRECTION ( 'NONE',  ( -1.000000000000000000, 0.000000000000000000, 0.000000000000000000 ) ) ;
#406 = DIRECTION ( 'NONE',  ( -0.000000000000000000, -1.000000000000000000, 0.000000000000000000 ) ) ;
#407 = CYLINDRICAL_SURFACE ( 'NONE', #1210, 0.5000000000000004441 ) ;
#408 = EDGE_CURVE ( 'NONE', #1990, #3452, #5038, .T. ) ;
#409 = EDGE_CURVE ( 'NONE', #791, #2495, #2044, .T. ) ;
#410 = DIRECTION ( 'NONE',  ( 1.000000000000000000, 0.000000000000000000, -1.280238727658160256E-16 ) ) ;
#411 = DIRECTION ( 'NONE',  ( 0.000000000000000000, 0.000000000000000000, -1.000000000000000000 ) ) ;
#412 = ORIENTED_EDGE ( 'NONE', *, *, #4313, .F. ) ;
#413 = CARTESIAN_POINT ( 'NONE',  ( -34.36956032934473626, 0.000000000000000000, 32.03526295232896359 ) ) ;
#414 = VERTEX_POINT ( 'NONE', #4191 ) ;
#415 = DIRECTION ( 'NONE',  ( -1.000000000000000000, 0.000000000000000000, 0.000000000000000000 ) ) ;
#416 = DIRECTION ( 'NONE',  ( 0.000000000000000000, 0.000000000000000000, -1.000000000000000000 ) ) ;
#417 = ORIENTED_EDGE ( 'NONE', *, *, #3267, .T. ) ;
#418 = VERTEX_POINT ( 'NONE', #5456 ) ;
#419 = VERTEX_POINT ( 'NONE', #5519 ) ;
#420 = ORIENTED_EDGE ( 'NONE', *, *, #1102, .T. ) ;
#421 = DIRECTION ( 'NONE',  ( -0.000000000000000000, -1.000000000000000000, -0.000000000000000000 ) ) ;
#422 = VERTEX_POINT ( 'NONE', #3401 ) ;
#423 = CARTESIAN_POINT ( 'NONE',  ( 35.75000000000167688, 0.000000000000000000, 42.49999999999999289 ) ) ;
#424 = CIRCLE ( 'NONE', #2503, 246.5002818899938859 ) ;
#425 = CARTESIAN_POINT ( 'NONE',  ( -78.84239994013711339, 1.600000000000000089, -10.52234547029107681 ) ) ;
#426 = ORIENTED_EDGE ( 'NONE', *, *, #3099, .T. ) ;
#427 = DIRECTION ( 'NONE',  ( 0.000000000000000000, 1.000000000000000000, 0.000000000000000000 ) ) ;
#428 = SURFACE_STYLE_FILL_AREA ( #2952 ) ;
#429 = VECTOR ( 'NONE', #4778, 1000.000000000000000 ) ;
#430 = EDGE_CURVE ( 'NONE', #5495, #3506, #4866, .T. ) ;
#431 = LINE ( 'NONE', #3094, #2434 ) ;
#432 = LINE ( 'NONE', #2932, #4156 ) ;
#433 = CIRCLE ( 'NONE', #1162, 1.275000000000004796 ) ;
#434 = CARTESIAN_POINT ( 'NONE',  ( 0.000000000000000000, 1.600000000000000089, 42.49999999999999289 ) ) ;
#435 = CARTESIAN_POINT ( 'NONE',  ( 17.50000000000000000, 0.000000000000000000, 36.97765452970054412 ) ) ;
#436 = VECTOR ( 'NONE', #5126, 1000.000000000000000 ) ;
#437 = EDGE_LOOP ( 'NONE', ( #5136, #5445, #4773, #3782 ) ) ;
#438 = EDGE_CURVE ( 'NONE', #1044, #584, #2072, .T. ) ;
#439 = CARTESIAN_POINT ( 'NONE',  ( -32.32499999999993889, 1.600000000000000089, 36.55000000000000426 ) ) ;
#440 = ORIENTED_EDGE ( 'NONE', *, *, #3489, .F. ) ;
#441 = EDGE_CURVE ( 'NONE', #5054, #3302, #5096, .T. ) ;
#442 = FACE_OUTER_BOUND ( 'NONE', #4268, .T. ) ;
#443 = VERTEX_POINT ( 'NONE', #1177 ) ;
#444 = AXIS2_PLACEMENT_3D ( 'NONE', #2528, #3009, #833 ) ;
#445 = CARTESIAN_POINT ( 'NONE',  ( 32.32499999999993889, 0.000000000000000000, -52.50000000000136424 ) ) ;
#446 = DIRECTION ( 'NONE',  ( 0.000000000000000000, 1.000000000000000000, -0.000000000000000000 ) ) ;
#447 = AXIS2_PLACEMENT_3D ( 'NONE', #4100, #251, #4495 ) ;
#448 = VERTEX_POINT ( 'NONE', #3319 ) ;
#449 = ORIENTED_EDGE ( 'NONE', *, *, #4618, .T. ) ;
#450 = DIRECTION ( 'NONE',  ( 0.000000000000000000, 0.000000000000000000, 1.000000000000000000 ) ) ;
#451 = EDGE_LOOP ( 'NONE', ( #3815, #1573, #2715, #2058, #3069, #5267, #4997, #267, #5541, #4109 ) ) ;
#452 = ORIENTED_EDGE ( 'NONE', *, *, #778, .F. ) ;
#453 = FACE_OUTER_BOUND ( 'NONE', #562, .T. ) ;
#454 = VERTEX_POINT ( 'NONE', #316 ) ;
#455 = DIRECTION ( 'NONE',  ( 0.000000000000000000, 0.000000000000000000, 1.000000000000000000 ) ) ;
#456 = DIRECTION ( 'NONE',  ( 0.000000000000000000, 0.000000000000000000, 1.000000000000000000 ) ) ;
#457 = CYLINDRICAL_SURFACE ( 'NONE', #2516, 0.5000000000000004441 ) ;
#458 = CIRCLE ( 'NONE', #5330, 1.550000000000002709 ) ;
#459 = VECTOR ( 'NONE', #5260, 1000.000000000000000 ) ;
#460 = CYLINDRICAL_SURFACE ( 'NONE', #4502, 41.59239993997253038 ) ;
#461 = CYLINDRICAL_SURFACE ( 'NONE', #2631, 1.549999999999999378 ) ;
#462 = CIRCLE ( 'NONE', #1643, 0.4999999999999987232 ) ;
#463 = DIRECTION ( 'NONE',  ( 0.000000000000000000, 0.000000000000000000, 1.000000000000000000 ) ) ;
#464 = CARTESIAN_POINT ( 'NONE',  ( -1.652117596168020896E-13, 0.000000000000000000, 12.50000000000460432 ) ) ;
#465 = VECTOR ( 'NONE', #2436, 1000.000000000000000 ) ;
#466 = EDGE_CURVE ( 'NONE', #243, #1019, #4592, .T. ) ;
#467 = ORIENTED_EDGE ( 'NONE', *, *, #3681, .F. ) ;
#468 = DIRECTION ( 'NONE',  ( 0.000000000000000000, 0.000000000000000000, 1.000000000000000000 ) ) ;
#469 = EDGE_LOOP ( 'NONE', ( #5183, #2073, #1695, #2766 ) ) ;
#470 = CARTESIAN_POINT ( 'NONE',  ( 37.85000000000001563, 1.600000000000000089, 20.99999999999998934 ) ) ;
#471 = ORIENTED_EDGE ( 'NONE', *, *, #5300, .T. ) ;
#472 = CARTESIAN_POINT ( 'NONE',  ( -41.25000000000000000, 0.000000000000000000, 54.99999999998543387 ) ) ;
#473 = DIRECTION ( 'NONE',  ( -1.000000000000000000, 0.000000000000000000, 0.000000000000000000 ) ) ;
#474 = EDGE_CURVE ( 'NONE', #5189, #4628, #4666, .T. ) ;
#475 = EDGE_CURVE ( 'NONE', #5323, #1954, #710, .T. ) ;
#476 = ORIENTED_EDGE ( 'NONE', *, *, #5482, .F. ) ;
#477 = EDGE_LOOP ( 'NONE', ( #1183, #2960 ) ) ;
#478 = AXIS2_PLACEMENT_3D ( 'NONE', #445, #2508, #1218 ) ;
#479 = DIRECTION ( 'NONE',  ( 0.000000000000000000, -1.000000000000000000, 0.000000000000000000 ) ) ;
#480 = ORIENTED_EDGE ( 'NONE', *, *, #1081, .F. ) ;
#481 = ORIENTED_EDGE ( 'NONE', *, *, #897, .F. ) ;
#482 = FACE_OUTER_BOUND ( 'NONE', #2028, .T. ) ;
#483 = ADVANCED_FACE ( 'NONE', ( #1286 ), #4697, .T. ) ;
#484 = ADVANCED_FACE ( 'NONE', ( #2107 ), #5489, .T. ) ;
#485 = AXIS2_PLACEMENT_3D ( 'NONE', #1088, #1914, #2023 ) ;
#486 = ORIENTED_EDGE ( 'NONE', *, *, #1267, .F. ) ;
#487 = CARTESIAN_POINT ( 'NONE',  ( 26.10000000000000142, 1.600000000000000089, -88.48338711122495681 ) ) ;
#488 = AXIS2_PLACEMENT_3D ( 'NONE', #3037, #3466, #5573 ) ;
#489 = CARTESIAN_POINT ( 'NONE',  ( 37.85000000000001563, 1.600000000000000089, 50.49999999999998579 ) ) ;
#490 = DIRECTION ( 'NONE',  ( 0.000000000000000000, 1.000000000000000000, -0.000000000000000000 ) ) ;
#491 = DIRECTION ( 'NONE',  ( 1.672022627447524500E-16, 0.000000000000000000, -1.000000000000000000 ) ) ;
#492 = CARTESIAN_POINT ( 'NONE',  ( 37.35000000000001563, 1.600000000000000089, 50.99999999999999289 ) ) ;
#493 = CARTESIAN_POINT ( 'NONE',  ( 37.85000000000000853, 1.600000000000000089, -39.50000000000000711 ) ) ;
#494 = DIRECTION ( 'NONE',  ( 3.670277889861525466E-15, 0.000000000000000000, 1.000000000000000000 ) ) ;
#495 = ORIENTED_EDGE ( 'NONE', *, *, #2345, .T. ) ;
#496 = CARTESIAN_POINT ( 'NONE',  ( 32.32499999999993889, 0.000000000000000000, 33.45000000000000284 ) ) ;
#497 = FACE_OUTER_BOUND ( 'NONE', #4198, .T. ) ;
#498 = ADVANCED_FACE ( 'NONE', ( #1627 ), #4217, .F. ) ;
#499 = VERTEX_POINT ( 'NONE', #5068 ) ;
#500 = FACE_OUTER_BOUND ( 'NONE', #4460, .T. ) ;
#501 = LINE ( 'NONE', #3129, #3556 ) ;
#502 = ORIENTED_EDGE ( 'NONE', *, *, #598, .T. ) ;
#503 = ORIENTED_EDGE ( 'NONE', *, *, #4271, .T. ) ;
#504 = LINE ( 'NONE', #2285, #1547 ) ;
#505 = ADVANCED_FACE ( 'NONE', ( #347 ), #1205, .F. ) ;
#506 = ORIENTED_EDGE ( 'NONE', *, *, #4899, .F. ) ;
#507 = VERTEX_POINT ( 'NONE', #4814 ) ;
#508 = DIRECTION ( 'NONE',  ( 0.000000000000000000, 1.000000000000000000, -0.000000000000000000 ) ) ;
#509 = ORIENTED_EDGE ( 'NONE', *, *, #4644, .T. ) ;
#510 = EDGE_CURVE ( 'NONE', #2416, #338, #4782, .T. ) ;
#511 = EDGE_CURVE ( 'NONE', #3023, #3969, #431, .T. ) ;
#512 = DIRECTION ( 'NONE',  ( 0.000000000000000000, 1.000000000000000000, -0.000000000000000000 ) ) ;
#513 = DIRECTION ( 'NONE',  ( -1.000000000000000000, 0.000000000000000000, 0.000000000000000000 ) ) ;
#514 = DIRECTION ( 'NONE',  ( 1.000000000000000000, 0.000000000000000000, -4.758098676964946072E-13 ) ) ;
#515 = VECTOR ( 'NONE', #3004, 1000.000000000000000 ) ;
#516 = LINE ( 'NONE', #971, #899 ) ;
#517 = DIRECTION ( 'NONE',  ( -0.000000000000000000, 1.000000000000000000, -0.000000000000000000 ) ) ;
#518 = CARTESIAN_POINT ( 'NONE',  ( -26.49999999998818012, 1.600000000000000089, -88.48338711122495681 ) ) ;
#519 = DIRECTION ( 'NONE',  ( 0.000000000000000000, 0.000000000000000000, 1.000000000000000000 ) ) ;
#520 = VECTOR ( 'NONE', #4489, 1000.000000000000000 ) ;
#521 = ORIENTED_EDGE ( 'NONE', *, *, #4161, .T. ) ;
#522 = CARTESIAN_POINT ( 'NONE',  ( 37.85000000000001563, 0.000000000000000000, -0.000000000000000000 ) ) ;
#523 = CARTESIAN_POINT ( 'NONE',  ( -37.85000000000000142, 1.600000000000000089, -77.50000000000000000 ) ) ;
#524 = CIRCLE ( 'NONE', #5302, 0.5000000000000004441 ) ;
#525 = ORIENTED_EDGE ( 'NONE', *, *, #116, .T. ) ;
#526 = CARTESIAN_POINT ( 'NONE',  ( -36.25000000000125056, 1.600000000000000089, 21.00000000000412115 ) ) ;
#527 =( NAMED_UNIT ( * ) SI_UNIT ( $, .STERADIAN. ) SOLID_ANGLE_UNIT ( ) );
#528 = VECTOR ( 'NONE', #2440, 1000.000000000000000 ) ;
#529 = VERTEX_POINT ( 'NONE', #2610 ) ;
#530 = ORIENTED_EDGE ( 'NONE', *, *, #4790, .F. ) ;
#531 = CARTESIAN_POINT ( 'NONE',  ( -23.99999999998818367, 0.000000000000000000, -70.23338711122495681 ) ) ;
#532 = VECTOR ( 'NONE', #1665, 1000.000000000000000 ) ;
#533 = ORIENTED_EDGE ( 'NONE', *, *, #2208, .F. ) ;
#534 = ORIENTED_EDGE ( 'NONE', *, *, #4654, .T. ) ;
#535 = AXIS2_PLACEMENT_3D ( 'NONE', #87, #3986, #113 ) ;
#536 = CARTESIAN_POINT ( 'NONE',  ( -6.750000000000002665, 0.000000000000000000, -20.02500000000000568 ) ) ;
#537 = AXIS2_PLACEMENT_3D ( 'NONE', #2695, #1903, #4124 ) ;
#538 = ADVANCED_FACE ( 'NONE', ( #3518 ), #35, .F. ) ;
#539 = ORIENTED_EDGE ( 'NONE', *, *, #3927, .T. ) ;
#540 = CARTESIAN_POINT ( 'NONE',  ( 24.57499999999999929, 0.000000000000000000, -39.00000000000000000 ) ) ;
#541 = CARTESIAN_POINT ( 'NONE',  ( 37.85000000000001563, 1.600000000000000089, 0.000000000000000000 ) ) ;
#542 = DIRECTION ( 'NONE',  ( 0.000000000000000000, 1.000000000000000000, 0.000000000000000000 ) ) ;
#543 = EDGE_CURVE ( 'NONE', #2850, #4959, #1313, .T. ) ;
#544 = EDGE_CURVE ( 'NONE', #2826, #1044, #3034, .T. ) ;
#545 = DIRECTION ( 'NONE',  ( 0.000000000000000000, 0.000000000000000000, -1.000000000000000000 ) ) ;
#546 = DIRECTION ( 'NONE',  ( 0.000000000000000000, -1.000000000000000000, 0.000000000000000000 ) ) ;
#547 = DIRECTION ( 'NONE',  ( -1.000000000000000000, 0.000000000000000000, -6.608470384672269125E-15 ) ) ;
#548 = DIRECTION ( 'NONE',  ( -0.000000000000000000, -1.000000000000000000, -0.000000000000000000 ) ) ;
#549 = CIRCLE ( 'NONE', #3702, 1.550000000000002709 ) ;
#550 = DIRECTION ( 'NONE',  ( -0.000000000000000000, 1.000000000000000000, -0.000000000000000000 ) ) ;
#552 = DIRECTION ( 'NONE',  ( 0.000000000000000000, 0.000000000000000000, 1.000000000000000000 ) ) ;
#551 = AXIS2_PLACEMENT_3D ( 'NONE', #4209, #3783, #1074 ) ;
#553 = CIRCLE ( 'NONE', #638, 1.549999999999995826 ) ;
#554 = ORIENTED_EDGE ( 'NONE', *, *, #3509, .F. ) ;
#555 = DIRECTION ( 'NONE',  ( 0.000000000000000000, 0.000000000000000000, 1.000000000000000000 ) ) ;
#556 = DIRECTION ( 'NONE',  ( -0.000000000000000000, 1.000000000000000000, -0.000000000000000000 ) ) ;
#557 = VECTOR ( 'NONE', #4990, 1000.000000000000000 ) ;
#558 = ORIENTED_EDGE ( 'NONE', *, *, #1578, .T. ) ;
#559 = ORIENTED_EDGE ( 'NONE', *, *, #2410, .T. ) ;
#560 = LINE ( 'NONE', #4003, #2269 ) ;
#561 = VERTEX_POINT ( 'NONE', #2161 ) ;
#562 = EDGE_LOOP ( 'NONE', ( #4143, #1108, #84, #1739 ) ) ;
#563 = CARTESIAN_POINT ( 'NONE',  ( 17.50000000000000000, 1.600000000000000089, 36.97765452970054412 ) ) ;
#564 = VERTEX_POINT ( 'NONE', #3987 ) ;
#565 = DIRECTION ( 'NONE',  ( 0.000000000000000000, 0.000000000000000000, 1.000000000000000000 ) ) ;
#566 = EDGE_CURVE ( 'NONE', #898, #5356, #1000, .T. ) ;
#567 = CARTESIAN_POINT ( 'NONE',  ( -5.617199826968696962E-13, 0.000000000000000000, 42.50000000000460432 ) ) ;
#568 = CIRCLE ( 'NONE', #2284, 0.5000000000000004441 ) ;
#569 = CYLINDRICAL_SURFACE ( 'NONE', #3959, 60.43219500831564517 ) ;
#570 = VECTOR ( 'NONE', #3324, 1000.000000000000000 ) ;
#571 = CARTESIAN_POINT ( 'NONE',  ( 35.75000000000167688, 0.000000000000000000, 41.99999999999999289 ) ) ;
#572 = CARTESIAN_POINT ( 'NONE',  ( 35.75000000000041211, 1.600000000000000089, -47.50000000000000711 ) ) ;
#573 = ADVANCED_FACE ( 'NONE', ( #2724 ), #460, .F. ) ;
#574 = LINE ( 'NONE', #4446, #5576 ) ;
#575 = DIRECTION ( 'NONE',  ( -0.000000000000000000, -1.000000000000000000, 0.000000000000000000 ) ) ;
#576 = DIRECTION ( 'NONE',  ( 0.000000000000000000, 1.000000000000000000, 0.000000000000000000 ) ) ;
#577 = CARTESIAN_POINT ( 'NONE',  ( -9.250000000000001776, 1.600000000000000089, -20.02500000000000568 ) ) ;
#578 = ADVANCED_FACE ( 'NONE', ( #2189 ), #1769, .F. ) ;
#579 = EDGE_CURVE ( 'NONE', #5092, #3944, #516, .T. ) ;
#580 = EDGE_LOOP ( 'NONE', ( #2543, #533, #2255, #1773 ) ) ;
#581 = PLANE ( 'NONE',  #5254 ) ;
#582 = DIRECTION ( 'NONE',  ( 0.000000000000000000, -1.000000000000000000, 0.000000000000000000 ) ) ;
#583 = ORIENTED_EDGE ( 'NONE', *, *, #4862, .T. ) ;
#584 = VERTEX_POINT ( 'NONE', #1339 ) ;
#585 = CARTESIAN_POINT ( 'NONE',  ( 37.85000000000000142, 1.600000000000000089, -69.50000000000000000 ) ) ;
#586 = ORIENTED_EDGE ( 'NONE', *, *, #2438, .T. ) ;
#587 = ORIENTED_EDGE ( 'NONE', *, *, #713, .F. ) ;
#588 = LINE ( 'NONE', #2260, #918 ) ;
#589 = EDGE_LOOP ( 'NONE', ( #4033, #1252, #2261, #3371 ) ) ;
#590 = CARTESIAN_POINT ( 'NONE',  ( 37.85000000000000142, 0.000000000000000000, -78.00000000000000000 ) ) ;
#591 = ORIENTED_EDGE ( 'NONE', *, *, #897, .T. ) ;
#592 = DIRECTION ( 'NONE',  ( 0.000000000000000000, 0.000000000000000000, 1.000000000000000000 ) ) ;
#593 = CARTESIAN_POINT ( 'NONE',  ( 15.90000000000000036, 0.000000000000000000, -55.24999999999999289 ) ) ;
#594 = DIRECTION ( 'NONE',  ( 0.000000000000000000, 0.000000000000000000, 1.000000000000000000 ) ) ;
#595 = FACE_BOUND ( 'NONE', #4005, .T. ) ;
#596 = CARTESIAN_POINT ( 'NONE',  ( 35.75000000000000000, 0.000000000000000000, -77.00000000000000000 ) ) ;
#597 = VECTOR ( 'NONE', #5252, 1000.000000000000000 ) ;
#598 = EDGE_CURVE ( 'NONE', #3329, #443, #1421, .T. ) ;
#599 = DIRECTION ( 'NONE',  ( 0.000000000000000000, 1.000000000000000000, -0.000000000000000000 ) ) ;
#600 = DIRECTION ( 'NONE',  ( 0.000000000000000000, 0.000000000000000000, -1.000000000000000000 ) ) ;
#601 = CARTESIAN_POINT ( 'NONE',  ( 9.141992718397773388E-13, 1.600000000000000089, -97.65062663272092891 ) ) ;
#602 = VERTEX_POINT ( 'NONE', #1743 ) ;
#603 = DIRECTION ( 'NONE',  ( 0.000000000000000000, 1.000000000000000000, -0.000000000000000000 ) ) ;
#604 = DIRECTION ( 'NONE',  ( 0.000000000000000000, 0.000000000000000000, 1.000000000000000000 ) ) ;
#605 = EDGE_CURVE ( 'NONE', #3296, #5297, #3062, .T. ) ;
#606 = ADVANCED_FACE ( 'NONE', ( #4867 ), #4753, .T. ) ;
#607 = CIRCLE ( 'NONE', #1966, 1.549999999999697398 ) ;
#608 = ORIENTED_EDGE ( 'NONE', *, *, #3475, .T. ) ;
#609 = ORIENTED_EDGE ( 'NONE', *, *, #4993, .F. ) ;
#610 = CARTESIAN_POINT ( 'NONE',  ( -26.49999999998818012, 1.600000000000000089, -85.98338711122495681 ) ) ;
#611 = ORIENTED_EDGE ( 'NONE', *, *, #4957, .T. ) ;
#612 = CARTESIAN_POINT ( 'NONE',  ( 36.25000000000167688, 1.600000000000000089, 50.99999999999999289 ) ) ;
#613 = CIRCLE ( 'NONE', #3054, 1.275000000000004796 ) ;
#614 = VECTOR ( 'NONE', #547, 1000.000000000000000 ) ;
#615 = EDGE_LOOP ( 'NONE', ( #3468, #449, #417, #636 ) ) ;
#616 = CIRCLE ( 'NONE', #3234, 0.5000000000000004441 ) ;
#617 = FACE_OUTER_BOUND ( 'NONE', #1123, .T. ) ;
#618 = ORIENTED_EDGE ( 'NONE', *, *, #4152, .F. ) ;
#619 = DIRECTION ( 'NONE',  ( 0.000000000000000000, 1.000000000000000000, 0.000000000000000000 ) ) ;
#620 = VECTOR ( 'NONE', #61, 1000.000000000000000 ) ;
#621 = EDGE_LOOP ( 'NONE', ( #4907, #3916, #2990, #1236 ) ) ;
#622 = DIRECTION ( 'NONE',  ( 0.000000000000000000, 1.000000000000000000, -0.000000000000000000 ) ) ;
#623 = DIRECTION ( 'NONE',  ( 1.261617073438012032E-16, 0.000000000000000000, -1.000000000000000000 ) ) ;
#624 = FACE_BOUND ( 'NONE', #4740, .T. ) ;
#625 = LINE ( 'NONE', #655, #1730 ) ;
#626 = CARTESIAN_POINT ( 'NONE',  ( -32.32499999999993889, 0.000000000000000000, 35.00000000000000000 ) ) ;
#627 = DIRECTION ( 'NONE',  ( 0.000000000000000000, 0.000000000000000000, -1.000000000000000000 ) ) ;
#628 = FACE_BOUND ( 'NONE', #4577, .T. ) ;
#629 = CARTESIAN_POINT ( 'NONE',  ( -34.36956032934473626, 1.600000000000000089, 54.99999999998543387 ) ) ;
#630 = EDGE_CURVE ( 'NONE', #4686, #4287, #2214, .T. ) ;
#631 = CIRCLE ( 'NONE', #911, 0.4999999999999987232 ) ;
#632 = DIRECTION ( 'NONE',  ( 0.000000000000000000, -1.000000000000000000, 0.000000000000000000 ) ) ;
#633 = AXIS2_PLACEMENT_3D ( 'NONE', #4163, #2019, #3736 ) ;
#634 = AXIS2_PLACEMENT_3D ( 'NONE', #3568, #2666, #1469 ) ;
#635 = EDGE_LOOP ( 'NONE', ( #2614, #4007 ) ) ;
#636 = ORIENTED_EDGE ( 'NONE', *, *, #896, .F. ) ;
#637 = FACE_OUTER_BOUND ( 'NONE', #847, .T. ) ;
#638 = AXIS2_PLACEMENT_3D ( 'NONE', #311, #3343, #2178 ) ;
#639 = ORIENTED_EDGE ( 'NONE', *, *, #677, .T. ) ;
#640 = DIRECTION ( 'NONE',  ( 1.321694076933667804E-14, 0.000000000000000000, -1.000000000000000000 ) ) ;
#641 = EDGE_CURVE ( 'NONE', #1600, #5448, #3777, .T. ) ;
#642 = AXIS2_PLACEMENT_3D ( 'NONE', #4626, #5382, #2371 ) ;
#643 = AXIS2_PLACEMENT_3D ( 'NONE', #1184, #1125, #5017 ) ;
#644 = ORIENTED_EDGE ( 'NONE', *, *, #1722, .F. ) ;
#645 = ORIENTED_EDGE ( 'NONE', *, *, #955, .T. ) ;
#646 = DIRECTION ( 'NONE',  ( 0.000000000000000000, 0.000000000000000000, 1.000000000000000000 ) ) ;
#647 = ORIENTED_EDGE ( 'NONE', *, *, #5169, .T. ) ;
#648 = DIRECTION ( 'NONE',  ( -0.000000000000000000, -1.000000000000000000, -0.000000000000000000 ) ) ;
#649 = EDGE_CURVE ( 'NONE', #602, #2795, #89, .T. ) ;
#650 = EDGE_CURVE ( 'NONE', #310, #3339, #3120, .T. ) ;
#651 = ORIENTED_EDGE ( 'NONE', *, *, #1571, .T. ) ;
#652 = CARTESIAN_POINT ( 'NONE',  ( -36.25000000000041211, 1.600000000000000089, -47.49999999999588596 ) ) ;
#653 = CARTESIAN_POINT ( 'NONE',  ( 35.75000000000167688, 0.000000000000000000, 42.49999999999999289 ) ) ;
#654 = CARTESIAN_POINT ( 'NONE',  ( -30.25000000000000000, 0.000000000000000000, -0.02500000000000375186 ) ) ;
#655 = CARTESIAN_POINT ( 'NONE',  ( -37.84999999999998721, 0.000000000000000000, -0.000000000000000000 ) ) ;
#656 = CIRCLE ( 'NONE', #1114, 1.549999999999995826 ) ;
#657 = VECTOR ( 'NONE', #3445, 1000.000000000000000 ) ;
#658 = CYLINDRICAL_SURFACE ( 'NONE', #3958, 1.550000000000002709 ) ;
#659 = DIRECTION ( 'NONE',  ( 0.000000000000000000, 0.000000000000000000, 1.000000000000000000 ) ) ;
#660 = FACE_BOUND ( 'NONE', #5057, .T. ) ;
#661 = CIRCLE ( 'NONE', #209, 1.550000000000002709 ) ;
#662 = LINE ( 'NONE', #178, #2466 ) ;
#663 = DIRECTION ( 'NONE',  ( 1.000000000000000000, -0.000000000000000000, -1.734723475976810299E-16 ) ) ;
#664 = EDGE_CURVE ( 'NONE', #2038, #3829, #3517, .T. ) ;
#665 = EDGE_LOOP ( 'NONE', ( #5463, #2927 ) ) ;
#666 = ORIENTED_EDGE ( 'NONE', *, *, #2024, .F. ) ;
#667 = CARTESIAN_POINT ( 'NONE',  ( 37.85000000000001563, 0.000000000000000000, 43.00000000000000000 ) ) ;
#668 = VERTEX_POINT ( 'NONE', #3592 ) ;
#669 = CARTESIAN_POINT ( 'NONE',  ( 41.25000000000000711, 1.600000000000000089, 5.204170427931801001E-15 ) ) ;
#670 = DIRECTION ( 'NONE',  ( 1.000000000000000000, 0.000000000000000000, 0.000000000000000000 ) ) ;
#671 = EDGE_CURVE ( 'NONE', #1042, #3337, #1075, .T. ) ;
#672 = EDGE_LOOP ( 'NONE', ( #733, #986, #2317, #106 ) ) ;
#673 = VERTEX_POINT ( 'NONE', #3196 ) ;
#674 = CARTESIAN_POINT ( 'NONE',  ( -30.25000000000000355, 1.600000000000000089, -20.02500000000000213 ) ) ;
#675 = ORIENTED_EDGE ( 'NONE', *, *, #124, .F. ) ;
#676 = CARTESIAN_POINT ( 'NONE',  ( -35.75000000000125056, 1.600000000000000089, 11.99999999999999822 ) ) ;
#677 = EDGE_CURVE ( 'NONE', #3082, #2147, #1804, .T. ) ;
#678 = ORIENTED_EDGE ( 'NONE', *, *, #998, .F. ) ;
#679 = EDGE_CURVE ( 'NONE', #5248, #219, #1025, .T. ) ;
#680 = DIRECTION ( 'NONE',  ( 0.000000000000000000, -1.000000000000000000, 0.000000000000000000 ) ) ;
#681 = CARTESIAN_POINT ( 'NONE',  ( 0.000000000000000000, 1.600000000000000089, -77.50000000000000000 ) ) ;
#682 = FACE_BOUND ( 'NONE', #451, .T. ) ;
#683 = FACE_OUTER_BOUND ( 'NONE', #4110, .T. ) ;
#684 = LINE ( 'NONE', #2443, #3424 ) ;
#685 = CARTESIAN_POINT ( 'NONE',  ( 1.288651725011595173E-13, 0.000000000000000000, -39.00000000000013500 ) ) ;
#686 = FACE_BOUND ( 'NONE', #3538, .T. ) ;
#687 = ORIENTED_EDGE ( 'NONE', *, *, #2307, .T. ) ;
#688 = CARTESIAN_POINT ( 'NONE',  ( -27.75000000000000355, 1.600000000000000089, -0.02500000000000483780 ) ) ;
#689 = FACE_OUTER_BOUND ( 'NONE', #2480, .T. ) ;
#690 = VERTEX_POINT ( 'NONE', #2352 ) ;
#691 = ORIENTED_EDGE ( 'NONE', *, *, #4480, .F. ) ;
#692 = CARTESIAN_POINT ( 'NONE',  ( -36.64078930228931341, 0.000000000000000000, -88.48338711122497102 ) ) ;
#693 = CIRCLE ( 'NONE', #1052, 0.5000000000000004441 ) ;
#694 = ORIENTED_EDGE ( 'NONE', *, *, #5517, .F. ) ;
#695 = LINE ( 'NONE', #1518, #1193 ) ;
#696 = DIRECTION ( 'NONE',  ( 1.000000000000000000, 0.000000000000000000, -1.734723475976810299E-16 ) ) ;
#697 = AXIS2_PLACEMENT_3D ( 'NONE', #2262, #2604, #455 ) ;
#698 = ORIENTED_EDGE ( 'NONE', *, *, #193, .T. ) ;
#699 = ORIENTED_EDGE ( 'NONE', *, *, #1330, .F. ) ;
#700 = CARTESIAN_POINT ( 'NONE',  ( 37.85000000000001563, 1.600000000000000089, 20.49999999999998934 ) ) ;
#701 = VERTEX_POINT ( 'NONE', #2749 ) ;
#702 = AXIS2_PLACEMENT_3D ( 'NONE', #5053, #1160, #3338 ) ;
#703 = CARTESIAN_POINT ( 'NONE',  ( -35.74999999999874944, 1.600000000000000089, 20.49999999999998934 ) ) ;
#704 = EDGE_CURVE ( 'NONE', #4882, #3555, #3689, .T. ) ;
#705 = CIRCLE ( 'NONE', #3862, 0.5000000000000004441 ) ;
#706 = CIRCLE ( 'NONE', #887, 0.5000000000000004441 ) ;
#707 = ORIENTED_EDGE ( 'NONE', *, *, #4890, .T. ) ;
#708 = CARTESIAN_POINT ( 'NONE',  ( -35.75000000000000000, 0.000000000000000000, 0.000000000000000000 ) ) ;
#709 = CARTESIAN_POINT ( 'NONE',  ( -35.75000000000167688, 1.600000000000000089, 42.49999999999999289 ) ) ;
#710 = CIRCLE ( 'NONE', #2880, 0.5000000000000004441 ) ;
#711 = ORIENTED_EDGE ( 'NONE', *, *, #1415, .F. ) ;
#712 = FACE_BOUND ( 'NONE', #808, .T. ) ;
#713 = EDGE_CURVE ( 'NONE', #4959, #2709, #4919, .T. ) ;
#714 = EDGE_CURVE ( 'NONE', #4851, #4402, #4038, .T. ) ;
#715 = FACE_OUTER_BOUND ( 'NONE', #3081, .T. ) ;
#716 = CIRCLE ( 'NONE', #4596, 0.5000000000000004441 ) ;
#717 = CARTESIAN_POINT ( 'NONE',  ( -35.74999999999959499, 1.600000000000000089, -47.00000000000000711 ) ) ;
#718 = CYLINDRICAL_SURFACE ( 'NONE', #5250, 0.5000000000000004441 ) ;
#719 = DIRECTION ( 'NONE',  ( 0.000000000000000000, 0.000000000000000000, 1.000000000000000000 ) ) ;
#720 = ORIENTED_EDGE ( 'NONE', *, *, #2307, .F. ) ;
#721 = PLANE ( 'NONE',  #1656 ) ;
#722 = EDGE_CURVE ( 'NONE', #4257, #1238, #4072, .T. ) ;
#723 = EDGE_CURVE ( 'NONE', #215, #1809, #1979, .T. ) ;
#724 = CYLINDRICAL_SURFACE ( 'NONE', #2655, 0.4999999999999987232 ) ;
#725 = ORIENTED_EDGE ( 'NONE', *, *, #3484, .T. ) ;
#726 = VERTEX_POINT ( 'NONE', #652 ) ;
#727 = CARTESIAN_POINT ( 'NONE',  ( 35.75000000000167688, 1.600000000000000089, 42.49999999999999289 ) ) ;
#728 = ORIENTED_EDGE ( 'NONE', *, *, #3200, .T. ) ;
#729 = DIRECTION ( 'NONE',  ( -0.000000000000000000, -1.000000000000000000, -0.000000000000000000 ) ) ;
#730 = DIRECTION ( 'NONE',  ( 0.000000000000000000, -1.000000000000000000, 0.000000000000000000 ) ) ;
#731 = VECTOR ( 'NONE', #1142, 1000.000000000000000 ) ;
#732 = VECTOR ( 'NONE', #5403, 1000.000000000000000 ) ;
#733 = ORIENTED_EDGE ( 'NONE', *, *, #4516, .T. ) ;
#734 = ORIENTED_EDGE ( 'NONE', *, *, #4670, .F. ) ;
#735 = FACE_OUTER_BOUND ( 'NONE', #3780, .T. ) ;
#736 = CIRCLE ( 'NONE', #5516, 0.5000000000000004441 ) ;
#737 = ORIENTED_EDGE ( 'NONE', *, *, #2609, .F. ) ;
#738 = FACE_OUTER_BOUND ( 'NONE', #1384, .T. ) ;
#739 = ORIENTED_EDGE ( 'NONE', *, *, #327, .T. ) ;
#740 = AXIS2_PLACEMENT_3D ( 'NONE', #2961, #4675, #4311 ) ;
#741 = ADVANCED_FACE ( 'NONE', ( #2774 ), #3646, .F. ) ;
#742 = LINE ( 'NONE', #769, #4351 ) ;
#743 = DIRECTION ( 'NONE',  ( 0.000000000000000000, 0.000000000000000000, 1.000000000000000000 ) ) ;
#744 = ORIENTED_EDGE ( 'NONE', *, *, #5568, .T. ) ;
#745 = CARTESIAN_POINT ( 'NONE',  ( 0.000000000000000000, 0.000000000000000000, 12.49999999999999645 ) ) ;
#746 =( NAMED_UNIT ( * ) PLANE_ANGLE_UNIT ( ) SI_UNIT ( $, .RADIAN. ) );
#747 = EDGE_CURVE ( 'NONE', #1619, #4855, #4554, .T. ) ;
#748 = CARTESIAN_POINT ( 'NONE',  ( 36.25000000000000000, 1.600000000000000089, -77.50000000000000000 ) ) ;
#749 = CARTESIAN_POINT ( 'NONE',  ( -6.750000000000002665, 1.600000000000000089, -0.02500000000000657252 ) ) ;
#750 = DIRECTION ( 'NONE',  ( 0.000000000000000000, 0.000000000000000000, -1.000000000000000000 ) ) ;
#751 = CYLINDRICAL_SURFACE ( 'NONE', #1391, 60.43219500831563096 ) ;
#752 = VECTOR ( 'NONE', #4905, 1000.000000000000000 ) ;
#753 = CARTESIAN_POINT ( 'NONE',  ( 35.75000000000041211, 0.000000000000000000, -48.00000000000000711 ) ) ;
#754 = ADVANCED_FACE ( 'NONE', ( #139 ), #4444, .T. ) ;
#755 = CARTESIAN_POINT ( 'NONE',  ( 37.85000000000001563, 1.600000000000000089, 12.99999999999999645 ) ) ;
#756 = ORIENTED_EDGE ( 'NONE', *, *, #679, .T. ) ;
#757 = ADVANCED_FACE ( 'NONE', ( #1955 ), #1499, .F. ) ;
#758 = FACE_OUTER_BOUND ( 'NONE', #4974, .T. ) ;
#759 = CIRCLE ( 'NONE', #1115, 1.550000000000016698 ) ;
#760 = ORIENTED_EDGE ( 'NONE', *, *, #466, .T. ) ;
#761 = LINE ( 'NONE', #1186, #1909 ) ;
#762 = DIRECTION ( 'NONE',  ( 0.000000000000000000, -1.000000000000000000, 0.000000000000000000 ) ) ;
#763 = ORIENTED_EDGE ( 'NONE', *, *, #3996, .F. ) ;
#764 = ORIENTED_EDGE ( 'NONE', *, *, #4203, .F. ) ;
#765 = CARTESIAN_POINT ( 'NONE',  ( -15.00000014403561366, 0.000000000000000000, -64.02234547029955536 ) ) ;
#766 = VERTEX_POINT ( 'NONE', #3699 ) ;
#767 = FACE_OUTER_BOUND ( 'NONE', #1135, .T. ) ;
#768 = VERTEX_POINT ( 'NONE', #4527 ) ;
#769 = CARTESIAN_POINT ( 'NONE',  ( -30.25000000000000355, 1.600000000000000089, -17.47499999999999432 ) ) ;
#770 = CYLINDRICAL_SURFACE ( 'NONE', #60, 0.5000000000000004441 ) ;
#771 = VERTEX_POINT ( 'NONE', #5004 ) ;
#772 = CARTESIAN_POINT ( 'NONE',  ( 0.000000000000000000, 1.600000000000000089, 33.95859644822850498 ) ) ;
#773 = CARTESIAN_POINT ( 'NONE',  ( 35.75000000000167688, 1.600000000000000089, 43.00000000000000000 ) ) ;
#774 = DIRECTION ( 'NONE',  ( 0.000000000000000000, 1.000000000000000000, -0.000000000000000000 ) ) ;
#775 = DIRECTION ( 'NONE',  ( 0.000000000000000000, 0.000000000000000000, 1.000000000000000000 ) ) ;
#776 = CARTESIAN_POINT ( 'NONE',  ( 8.150000000000000355, 1.600000000000000089, -60.77234500001782180 ) ) ;
#777 = CARTESIAN_POINT ( 'NONE',  ( -36.25000000000167688, 1.600000000000000089, 42.50000000000412825 ) ) ;
#778 = EDGE_CURVE ( 'NONE', #1834, #3195, #716, .T. ) ;
#779 = VERTEX_POINT ( 'NONE', #1109 ) ;
#780 = ORIENTED_EDGE ( 'NONE', *, *, #4711, .T. ) ;
#781 = DIRECTION ( 'NONE',  ( -0.000000000000000000, 1.000000000000000000, -0.000000000000000000 ) ) ;
#782 = ORIENTED_EDGE ( 'NONE', *, *, #2922, .F. ) ;
#783 = CARTESIAN_POINT ( 'NONE',  ( 35.75000000000041211, 1.600000000000000089, -39.00000000000001421 ) ) ;
#784 = DIRECTION ( 'NONE',  ( 0.000000000000000000, 1.000000000000000000, -0.000000000000000000 ) ) ;
#785 = EDGE_CURVE ( 'NONE', #5015, #3001, #1559, .T. ) ;
#786 = EDGE_CURVE ( 'NONE', #4070, #1106, #2886, .T. ) ;
#787 = CIRCLE ( 'NONE', #3940, 0.5000000000000004441 ) ;
#788 = ORIENTED_EDGE ( 'NONE', *, *, #1028, .T. ) ;
#789 = VERTEX_POINT ( 'NONE', #571 ) ;
#790 = CARTESIAN_POINT ( 'NONE',  ( -36.25000000000125056, 1.600000000000000089, 12.50000000000412648 ) ) ;
#791 = VERTEX_POINT ( 'NONE', #593 ) ;
#792 = PLANE ( 'NONE',  #3256 ) ;
#793 = CIRCLE ( 'NONE', #5203, 0.5000000000000004441 ) ;
#794 = EDGE_LOOP ( 'NONE', ( #3873, #1719, #5076, #1553 ) ) ;
#795 = AXIS2_PLACEMENT_3D ( 'NONE', #1179, #1703, #3486 ) ;
#796 = CARTESIAN_POINT ( 'NONE',  ( 1.288651725011595173E-13, 1.600000000000000089, -39.00000000000013500 ) ) ;
#797 = ORIENTED_EDGE ( 'NONE', *, *, #1662, .T. ) ;
#798 = CARTESIAN_POINT ( 'NONE',  ( 37.35000000000000142, 1.600000000000000089, -69.00000000000000000 ) ) ;
#799 = PLANE ( 'NONE',  #1444 ) ;
#800 = AXIS2_PLACEMENT_3D ( 'NONE', #772, #5454, #3316 ) ;
#801 = CARTESIAN_POINT ( 'NONE',  ( 0.000000000000000000, 1.600000000000000089, -88.48338711122495681 ) ) ;
#802 = DIRECTION ( 'NONE',  ( 0.000000000000000000, 0.000000000000000000, -1.000000000000000000 ) ) ;
#803 = CIRCLE ( 'NONE', #5218, 0.5000000000000004441 ) ;
#804 = CARTESIAN_POINT ( 'NONE',  ( -37.85000000000000142, 0.000000000000000000, -77.50000000000000000 ) ) ;
#805 = DIRECTION ( 'NONE',  ( 0.000000000000000000, 1.000000000000000000, 0.000000000000000000 ) ) ;
#806 = VECTOR ( 'NONE', #4840, 1000.000000000000000 ) ;
#807 = CARTESIAN_POINT ( 'NONE',  ( 32.32499999999993889, 1.600000000000000089, 36.55000000000000426 ) ) ;
#808 = EDGE_LOOP ( 'NONE', ( #558, #4683, #2969, #1951, #1244, #1548, #1803, #4330, #99, #4705 ) ) ;
#809 = CARTESIAN_POINT ( 'NONE',  ( 35.75000000000041211, 1.600000000000000089, -48.00000000000000711 ) ) ;
#810 = EDGE_CURVE ( 'NONE', #4321, #2378, #4211, .T. ) ;
#811 = VERTEX_POINT ( 'NONE', #3730 ) ;
#812 = CARTESIAN_POINT ( 'NONE',  ( 32.32499999999993889, 1.600000000000000089, 35.00000000000000000 ) ) ;
#813 = DIRECTION ( 'NONE',  ( -0.000000000000000000, -1.000000000000000000, -0.000000000000000000 ) ) ;
#814 = VERTEX_POINT ( 'NONE', #2039 ) ;
#815 = ORIENTED_EDGE ( 'NONE', *, *, #955, .F. ) ;
#816 = EDGE_CURVE ( 'NONE', #2062, #3609, #3047, .T. ) ;
#817 = DIRECTION ( 'NONE',  ( 6.608470384672269914E-15, 0.000000000000000000, -1.000000000000000000 ) ) ;
#818 = VERTEX_POINT ( 'NONE', #4354 ) ;
#819 = LINE ( 'NONE', #850, #2722 ) ;
#820 = EDGE_CURVE ( 'NONE', #3919, #3001, #1168, .T. ) ;
#821 = CIRCLE ( 'NONE', #1364, 41.59239993997253038 ) ;
#822 = AXIS2_PLACEMENT_3D ( 'NONE', #1849, #3571, #5200 ) ;
#823 = EDGE_LOOP ( 'NONE', ( #4458, #1294, #2943, #5116 ) ) ;
#824 = CIRCLE ( 'NONE', #551, 0.5000000000000004441 ) ;
#825 = ADVANCED_FACE ( 'NONE', ( #5058 ), #870, .F. ) ;
#826 = EDGE_CURVE ( 'NONE', #818, #3969, #2780, .T. ) ;
#827 = CARTESIAN_POINT ( 'NONE',  ( 37.35000000000000142, 1.600000000000000089, -69.00000000000000000 ) ) ;
#828 = ORIENTED_EDGE ( 'NONE', *, *, #5072, .T. ) ;
#829 = CYLINDRICAL_SURFACE ( 'NONE', #2064, 0.5000000000000004441 ) ;
#830 = DIRECTION ( 'NONE',  ( 0.000000000000000000, 0.000000000000000000, 1.000000000000000000 ) ) ;
#831 = VECTOR ( 'NONE', #4030, 1000.000000000000000 ) ;
#832 = AXIS2_PLACEMENT_3D ( 'NONE', #1320, #4735, #3884 ) ;
#833 = DIRECTION ( 'NONE',  ( -1.000000000000000000, 0.000000000000000000, -0.000000000000000000 ) ) ;
#834 = FACE_OUTER_BOUND ( 'NONE', #75, .T. ) ;
#835 = DIRECTION ( 'NONE',  ( 0.000000000000000000, -1.000000000000000000, 0.000000000000000000 ) ) ;
#836 = DIRECTION ( 'NONE',  ( 0.000000000000000000, 1.000000000000000000, -0.000000000000000000 ) ) ;
#837 = CYLINDRICAL_SURFACE ( 'NONE', #5574, 22.96473704765647383 ) ;
#838 = ORIENTED_EDGE ( 'NONE', *, *, #1377, .T. ) ;
#839 = CARTESIAN_POINT ( 'NONE',  ( -41.25000000000000000, 1.600000000000000089, 54.99999999998543387 ) ) ;
#840 = AXIS2_PLACEMENT_3D ( 'NONE', #5130, #3805, #5080 ) ;
#841 = EDGE_LOOP ( 'NONE', ( #2659, #133, #2936, #370 ) ) ;
#842 = CARTESIAN_POINT ( 'NONE',  ( -35.75000000000167688, 1.600000000000000089, 41.99999999999999289 ) ) ;
#843 = DIRECTION ( 'NONE',  ( 0.000000000000000000, 0.000000000000000000, -1.000000000000000000 ) ) ;
#844 = VECTOR ( 'NONE', #2046, 1000.000000000000000 ) ;
#845 = AXIS2_PLACEMENT_3D ( 'NONE', #3182, #1857, #5292 ) ;
#846 = ORIENTED_EDGE ( 'NONE', *, *, #225, .T. ) ;
#847 = EDGE_LOOP ( 'NONE', ( #737, #5360, #2856, #1064 ) ) ;
#848 = ORIENTED_EDGE ( 'NONE', *, *, #1267, .T. ) ;
#849 = ORIENTED_EDGE ( 'NONE', *, *, #4058, .T. ) ;
#850 = CARTESIAN_POINT ( 'NONE',  ( 36.25000000000167688, 1.600000000000000089, 50.99999999999999289 ) ) ;
#851 = ADVANCED_FACE ( 'NONE', ( #1588 ), #1621, .F. ) ;
#852 = VERTEX_POINT ( 'NONE', #3921 ) ;
#853 = FACE_OUTER_BOUND ( 'NONE', #2946, .T. ) ;
#854 = DIRECTION ( 'NONE',  ( 0.000000000000000000, 0.000000000000000000, -1.000000000000000000 ) ) ;
#855 = VERTEX_POINT ( 'NONE', #4153 ) ;
#856 = DIRECTION ( 'NONE',  ( 0.000000000000000000, 1.000000000000000000, -0.000000000000000000 ) ) ;
#857 = EDGE_CURVE ( 'NONE', #3250, #4438, #3450, .T. ) ;
#858 = EDGE_CURVE ( 'NONE', #276, #5033, #3799, .T. ) ;
#859 = DIRECTION ( 'NONE',  ( -1.000000000000000000, 0.000000000000000000, -3.304235192337412123E-15 ) ) ;
#860 = CARTESIAN_POINT ( 'NONE',  ( -35.75000000000000000, 1.600000000000000089, 0.000000000000000000 ) ) ;
#861 = CARTESIAN_POINT ( 'NONE',  ( -24.57499999999999929, 0.000000000000000000, 19.00000000000000355 ) ) ;
#862 = LINE ( 'NONE', #5152, #3109 ) ;
#863 = DIRECTION ( 'NONE',  ( 0.4999999999999979461, 0.000000000000000000, 0.8660254037844397068 ) ) ;
#864 = EDGE_LOOP ( 'NONE', ( #2026, #3483 ) ) ;
#865 = ORIENTED_EDGE ( 'NONE', *, *, #3826, .T. ) ;
#866 = CARTESIAN_POINT ( 'NONE',  ( -37.85000000000000853, 1.600000000000000089, -48.00000000000000000 ) ) ;
#867 = CARTESIAN_POINT ( 'NONE',  ( -35.75000000000125056, 1.600000000000000089, 20.99999999999998934 ) ) ;
#868 = EDGE_LOOP ( 'NONE', ( #3104, #4714 ) ) ;
#869 = ORIENTED_EDGE ( 'NONE', *, *, #1655, .T. ) ;
#870 = CYLINDRICAL_SURFACE ( 'NONE', #982, 0.5000000000000004441 ) ;
#871 = ORIENTED_EDGE ( 'NONE', *, *, #1496, .F. ) ;
#872 = ORIENTED_EDGE ( 'NONE', *, *, #3928, .F. ) ;
#873 = LINE ( 'NONE', #396, #3353 ) ;
#874 = VERTEX_POINT ( 'NONE', #4186 ) ;
#875 = CARTESIAN_POINT ( 'NONE',  ( 37.35000000000001563, 1.600000000000000089, 20.99999999999998934 ) ) ;
#876 = VECTOR ( 'NONE', #2234, 1000.000000000000000 ) ;
#877 = EDGE_CURVE ( 'NONE', #1167, #414, #1300, .T. ) ;
#878 = CARTESIAN_POINT ( 'NONE',  ( -41.25000000000000711, 1.600000000000000089, 0.000000000000000000 ) ) ;
#879 = CARTESIAN_POINT ( 'NONE',  ( -35.75000000000041211, 1.600000000000000089, -47.50000000000000711 ) ) ;
#880 = APPLICATION_PROTOCOL_DEFINITION ( 'draft international standard', 'automotive_design', 1998, #5221 ) ;
#881 = DIRECTION ( 'NONE',  ( 0.000000000000000000, 0.000000000000000000, 1.000000000000000000 ) ) ;
#882 = DIRECTION ( 'NONE',  ( 0.000000000000000000, 1.000000000000000000, -0.000000000000000000 ) ) ;
#883 = EDGE_CURVE ( 'NONE', #5127, #169, #3085, .T. ) ;
#884 = ADVANCED_FACE ( 'NONE', ( #3310 ), #2068, .F. ) ;
#885 = AXIS2_PLACEMENT_3D ( 'NONE', #4331, #1335, #4779 ) ;
#886 = CARTESIAN_POINT ( 'NONE',  ( -37.85000000000001563, 1.600000000000000089, 12.49999999999999645 ) ) ;
#887 = AXIS2_PLACEMENT_3D ( 'NONE', #5062, #3399, #1202 ) ;
#888 = DIRECTION ( 'NONE',  ( 0.000000000000000000, 0.000000000000000000, 1.000000000000000000 ) ) ;
#889 = EDGE_CURVE ( 'NONE', #2090, #148, #742, .T. ) ;
#890 = AXIS2_PLACEMENT_3D ( 'NONE', #1987, #174, #3259 ) ;
#891 = EDGE_LOOP ( 'NONE', ( #5459, #3208, #3271, #2571 ) ) ;
#892 = VECTOR ( 'NONE', #5344, 1000.000000000000000 ) ;
#893 = CARTESIAN_POINT ( 'NONE',  ( -35.74999999999959499, 0.000000000000000000, -39.50000000000001421 ) ) ;
#894 = VERTEX_POINT ( 'NONE', #4741 ) ;
#895 = CYLINDRICAL_SURFACE ( 'NONE', #1458, 0.5000000000000004441 ) ;
#896 = EDGE_CURVE ( 'NONE', #1902, #564, #3258, .T. ) ;
#897 = EDGE_CURVE ( 'NONE', #529, #246, #553, .T. ) ;
#898 = VERTEX_POINT ( 'NONE', #3758 ) ;
#899 = VECTOR ( 'NONE', #5199, 1000.000000000000000 ) ;
#900 = CARTESIAN_POINT ( 'NONE',  ( -27.75000000000000711, 1.600000000000000089, -18.75000000000000000 ) ) ;
#901 = CARTESIAN_POINT ( 'NONE',  ( -30.25000000000000000, 1.600000000000000089, 1.250000000000000444 ) ) ;
#902 = VERTEX_POINT ( 'NONE', #3896 ) ;
#903 = ORIENTED_EDGE ( 'NONE', *, *, #3650, .F. ) ;
#904 = CARTESIAN_POINT ( 'NONE',  ( 24.57499999999999929, 1.600000000000000089, 19.00000000000000355 ) ) ;
#905 = ORIENTED_EDGE ( 'NONE', *, *, #4609, .F. ) ;
#906 = EDGE_LOOP ( 'NONE', ( #2515, #135, #2435, #2740 ) ) ;
#907 = DIRECTION ( 'NONE',  ( 0.000000000000000000, 1.000000000000000000, -0.000000000000000000 ) ) ;
#908 = ORIENTED_EDGE ( 'NONE', *, *, #579, .T. ) ;
#909 = DIRECTION ( 'NONE',  ( 0.000000000000000000, 1.000000000000000000, 0.000000000000000000 ) ) ;
#910 = DIRECTION ( 'NONE',  ( 0.000000000000000000, 1.000000000000000000, 0.000000000000000000 ) ) ;
#911 = AXIS2_PLACEMENT_3D ( 'NONE', #2217, #3597, #2671 ) ;
#912 = CARTESIAN_POINT ( 'NONE',  ( -37.35000000000000853, 0.000000000000000000, -47.49999999999589306 ) ) ;
#913 = AXIS2_PLACEMENT_3D ( 'NONE', #2433, #5449, #1584 ) ;
#914 = EDGE_CURVE ( 'NONE', #362, #2591, #5480, .T. ) ;
#915 = VECTOR ( 'NONE', #3634, 1000.000000000000000 ) ;
#916 = DIRECTION ( 'NONE',  ( -1.672022627447524500E-16, -0.000000000000000000, 1.000000000000000000 ) ) ;
#917 = CARTESIAN_POINT ( 'NONE',  ( -32.32500000000000284, 0.000000000000000000, -52.49999999999819522 ) ) ;
#918 = VECTOR ( 'NONE', #4435, 1000.000000000000000 ) ;
#919 = CARTESIAN_POINT ( 'NONE',  ( -9.249999999999998224, 1.600000000000000089, -17.47499999999999787 ) ) ;
#920 = DIRECTION ( 'NONE',  ( 0.000000000000000000, 1.000000000000000000, -0.000000000000000000 ) ) ;
#921 = VECTOR ( 'NONE', #3186, 1000.000000000000000 ) ;
#922 = ADVANCED_FACE ( 'NONE', ( #1326 ), #2858, .F. ) ;
#923 = ORIENTED_EDGE ( 'NONE', *, *, #3650, .T. ) ;
#924 = DIRECTION ( 'NONE',  ( 0.000000000000000000, 1.000000000000000000, -0.000000000000000000 ) ) ;
#925 = CARTESIAN_POINT ( 'NONE',  ( 35.75000000000000000, 0.000000000000000000, -77.50000000000000000 ) ) ;
#926 = CIRCLE ( 'NONE', #2638, 0.5000000000000004441 ) ;
#927 = ORIENTED_EDGE ( 'NONE', *, *, #3334, .F. ) ;
#928 = FACE_OUTER_BOUND ( 'NONE', #2373, .T. ) ;
#929 = CARTESIAN_POINT ( 'NONE',  ( -30.25000000000000000, 1.600000000000000089, -0.02500000000000375186 ) ) ;
#930 = EDGE_CURVE ( 'NONE', #3609, #5054, #504, .T. ) ;
#931 = EDGE_CURVE ( 'NONE', #584, #2005, #5246, .T. ) ;
#932 = ORIENTED_EDGE ( 'NONE', *, *, #2053, .T. ) ;
#933 = ORIENTED_EDGE ( 'NONE', *, *, #4099, .F. ) ;
#934 = VECTOR ( 'NONE', #1353, 1000.000000000000000 ) ;
#935 = DIRECTION ( 'NONE',  ( 0.000000000000000000, 0.000000000000000000, 1.000000000000000000 ) ) ;
#936 = VERTEX_POINT ( 'NONE', #3079 ) ;
#937 = ORIENTED_EDGE ( 'NONE', *, *, #2294, .T. ) ;
#938 = DIRECTION ( 'NONE',  ( 0.000000000000000000, 1.000000000000000000, 0.000000000000000000 ) ) ;
#939 = AXIS2_PLACEMENT_3D ( 'NONE', #1232, #2955, #5122 ) ;
#940 = EDGE_LOOP ( 'NONE', ( #4, #4210, #2741, #5381, #4004, #4631, #675, #788, #4878, #1393 ) ) ;
#941 = CARTESIAN_POINT ( 'NONE',  ( -30.25000000000000355, 0.000000000000000000, -20.02500000000000213 ) ) ;
#942 = AXIS2_PLACEMENT_3D ( 'NONE', #4671, #3436, #5492 ) ;
#943 = DIRECTION ( 'NONE',  ( 1.000000000000000000, -0.000000000000000000, -0.000000000000000000 ) ) ;
#944 = CARTESIAN_POINT ( 'NONE',  ( -37.85000000000001563, 1.600000000000000089, 42.49999999999999289 ) ) ;
#945 = PRODUCT ( '1.6mm-µ×°å', '1.6mm-µ×°å', '', ( #3905 ) ) ;
#946 = CARTESIAN_POINT ( 'NONE',  ( -23.99999999998818367, 0.000000000000000000, -67.73338711122495681 ) ) ;
#947 = CARTESIAN_POINT ( 'NONE',  ( 32.32499999999993889, 0.000000000000000000, 36.55000000000000426 ) ) ;
#948 = CARTESIAN_POINT ( 'NONE',  ( -30.25000000000000000, 1.600000000000000089, 1.250000000000000444 ) ) ;
#949 = DIRECTION ( 'NONE',  ( -0.000000000000000000, -1.000000000000000000, 0.000000000000000000 ) ) ;
#950 = ORIENTED_EDGE ( 'NONE', *, *, #3108, .F. ) ;
#951 = CARTESIAN_POINT ( 'NONE',  ( 0.000000000000000000, 0.000000000000000000, -60.77234500001782180 ) ) ;
#952 = DIRECTION ( 'NONE',  ( 0.000000000000000000, 1.000000000000000000, 0.000000000000000000 ) ) ;
#953 = ORIENTED_EDGE ( 'NONE', *, *, #722, .F. ) ;
#954 = CARTESIAN_POINT ( 'NONE',  ( 24.57499999999999929, 1.600000000000000089, 20.54999999999999716 ) ) ;
#955 = EDGE_CURVE ( 'NONE', #49, #1831, #2739, .T. ) ;
#956 = CARTESIAN_POINT ( 'NONE',  ( -35.74999999999833022, 0.000000000000000000, 0.000000000000000000 ) ) ;
#957 = ORIENTED_EDGE ( 'NONE', *, *, #231, .F. ) ;
#958 = ORIENTED_EDGE ( 'NONE', *, *, #543, .T. ) ;
#959 = DIRECTION ( 'NONE',  ( 0.000000000000000000, 1.000000000000000000, -0.000000000000000000 ) ) ;
#960 = ORIENTED_EDGE ( 'NONE', *, *, #3200, .F. ) ;
#961 = ORIENTED_EDGE ( 'NONE', *, *, #4834, .T. ) ;
#962 = DIRECTION ( 'NONE',  ( 0.000000000000000000, 0.000000000000000000, 1.000000000000000000 ) ) ;
#963 = EDGE_CURVE ( 'NONE', #4537, #3303, #2806, .T. ) ;
#964 = EDGE_CURVE ( 'NONE', #342, #2392, #13, .T. ) ;
#965 = ORIENTED_EDGE ( 'NONE', *, *, #5465, .F. ) ;
#966 = CARTESIAN_POINT ( 'NONE',  ( -3.687526474648494894E-11, 1.600000000000000089, -77.50000000001389822 ) ) ;
#967 = DIRECTION ( 'NONE',  ( 0.000000000000000000, 1.000000000000000000, -0.000000000000000000 ) ) ;
#968 = LINE ( 'NONE', #4388, #4499 ) ;
#969 = DIRECTION ( 'NONE',  ( 0.000000000000000000, 0.000000000000000000, 1.000000000000000000 ) ) ;
#970 = VECTOR ( 'NONE', #3817, 1000.000000000000000 ) ;
#971 = CARTESIAN_POINT ( 'NONE',  ( -41.25000000000000711, 1.600000000000000089, -80.50000000000000000 ) ) ;
#972 = CARTESIAN_POINT ( 'NONE',  ( -37.85000000000000142, 1.600000000000000089, -39.50000000000000711 ) ) ;
#973 = CARTESIAN_POINT ( 'NONE',  ( 24.57499999999999929, 1.600000000000000089, 19.00000000000000355 ) ) ;
#974 = CARTESIAN_POINT ( 'NONE',  ( 37.85000000000000853, 0.000000000000000000, -48.00000000000000000 ) ) ;
#975 = CIRCLE ( 'NONE', #2320, 0.5000000000000004441 ) ;
#976 = DIRECTION ( 'NONE',  ( 0.000000000000000000, -1.000000000000000000, 0.000000000000000000 ) ) ;
#977 = DIRECTION ( 'NONE',  ( 0.000000000000000000, 0.000000000000000000, 1.000000000000000000 ) ) ;
#978 = CIRCLE ( 'NONE', #159, 0.5000000000000004441 ) ;
#979 = VERTEX_POINT ( 'NONE', #5274 ) ;
#980 = DIRECTION ( 'NONE',  ( -0.000000000000000000, -1.000000000000000000, -0.000000000000000000 ) ) ;
#981 = CARTESIAN_POINT ( 'NONE',  ( 37.85000000000000853, 1.600000000000000089, 0.000000000000000000 ) ) ;
#982 = AXIS2_PLACEMENT_3D ( 'NONE', #340, #479, #5188 ) ;
#983 = VECTOR ( 'NONE', #3931, 1000.000000000000000 ) ;
#984 = EDGE_CURVE ( 'NONE', #1106, #3114, #5325, .T. ) ;
#985 = ORIENTED_EDGE ( 'NONE', *, *, #677, .F. ) ;
#986 = ORIENTED_EDGE ( 'NONE', *, *, #5056, .F. ) ;
#987 = CARTESIAN_POINT ( 'NONE',  ( 37.85000000000001563, 1.600000000000000089, 41.99999999999999289 ) ) ;
#988 = AXIS2_PLACEMENT_3D ( 'NONE', #626, #1054, #5009 ) ;
#989 = EDGE_LOOP ( 'NONE', ( #2120, #26, #4290, #2146 ) ) ;
#990 = ORIENTED_EDGE ( 'NONE', *, *, #2829, .F. ) ;
#991 = DIRECTION ( 'NONE',  ( 0.000000000000000000, -1.000000000000000000, 0.000000000000000000 ) ) ;
#992 = AXIS2_PLACEMENT_3D ( 'NONE', #4472, #599, #2327 ) ;
#993 = EDGE_CURVE ( 'NONE', #4037, #4538, #4613, .T. ) ;
#994 = VERTEX_POINT ( 'NONE', #4403 ) ;
#995 = LINE ( 'NONE', #966, #4216 ) ;
#996 = CARTESIAN_POINT ( 'NONE',  ( 36.25000000000041211, 1.600000000000000089, -47.50000000000000711 ) ) ;
#997 = CARTESIAN_POINT ( 'NONE',  ( -41.25000000000000711, 1.600000000000000089, 7.274822829958454307 ) ) ;
#998 = EDGE_CURVE ( 'NONE', #1158, #5417, #560, .T. ) ;
#999 = EDGE_CURVE ( 'NONE', #1997, #4803, #4437, .T. ) ;
#1000 = LINE ( 'NONE', #8, #2524 ) ;
#1001 = DIRECTION ( 'NONE',  ( 1.000000000000000000, -0.000000000000000000, 0.000000000000000000 ) ) ;
#1002 = DIRECTION ( 'NONE',  ( 0.000000000000000000, 0.000000000000000000, -1.000000000000000000 ) ) ;
#1003 = DIRECTION ( 'NONE',  ( 0.000000000000000000, 0.000000000000000000, 1.000000000000000000 ) ) ;
#1004 = CIRCLE ( 'NONE', #2989, 1.275000000000001910 ) ;
#1005 = AXIS2_PLACEMENT_3D ( 'NONE', #9, #5177, #2474 ) ;
#1006 = CARTESIAN_POINT ( 'NONE',  ( 19.17894705065950234, 0.000000000000000000, 19.29783693159154723 ) ) ;
#1007 = DIRECTION ( 'NONE',  ( 0.000000000000000000, 0.000000000000000000, -1.000000000000000000 ) ) ;
#1008 = VECTOR ( 'NONE', #4111, 1000.000000000000000 ) ;
#1009 = VERTEX_POINT ( 'NONE', #987 ) ;
#1010 = CARTESIAN_POINT ( 'NONE',  ( -9.249999999999998224, 0.000000000000000000, -18.75000000000000355 ) ) ;
#1011 = DIRECTION ( 'NONE',  ( 0.000000000000000000, -1.000000000000000000, 0.000000000000000000 ) ) ;
#1012 = CIRCLE ( 'NONE', #4805, 1.549999999999995826 ) ;
#1013 = EDGE_LOOP ( 'NONE', ( #284, #3860, #5355, #2228 ) ) ;
#1014 = ORIENTED_EDGE ( 'NONE', *, *, #4583, .F. ) ;
#1015 = CARTESIAN_POINT ( 'NONE',  ( -24.57499999999999929, 1.600000000000000089, -39.00000000000000000 ) ) ;
#1016 = ORIENTED_EDGE ( 'NONE', *, *, #2375, .T. ) ;
#1017 = ORIENTED_EDGE ( 'NONE', *, *, #2097, .T. ) ;
#1018 = LINE ( 'NONE', #3585, #4524 ) ;
#1019 = VERTEX_POINT ( 'NONE', #1887 ) ;
#1020 = CARTESIAN_POINT ( 'NONE',  ( 1.110223024625156540E-13, 0.000000000000000000, -19.89421264581889304 ) ) ;
#1021 = EDGE_LOOP ( 'NONE', ( #651, #586 ) ) ;
#1022 = CARTESIAN_POINT ( 'NONE',  ( 24.57499999999999929, 0.000000000000000000, 20.54999999999999716 ) ) ;
#1023 = AXIS2_PLACEMENT_3D ( 'NONE', #3293, #2785, #5460 ) ;
#1024 = ADVANCED_FACE ( 'NONE', ( #2710 ), #1919, .F. ) ;
#1025 = LINE ( 'NONE', #226, #3962 ) ;
#1026 = CARTESIAN_POINT ( 'NONE',  ( -23.99999999998818367, 1.600000000000000089, -70.23338711122495681 ) ) ;
#1027 = FACE_BOUND ( 'NONE', #4213, .T. ) ;
#1028 = EDGE_CURVE ( 'NONE', #4692, #2569, #4379, .T. ) ;
#1029 = EDGE_CURVE ( 'NONE', #3636, #1997, #1281, .T. ) ;
#1030 = DIRECTION ( 'NONE',  ( -0.000000000000000000, -1.000000000000000000, -0.000000000000000000 ) ) ;
#1031 = DIRECTION ( 'NONE',  ( -0.000000000000000000, 1.000000000000000000, -0.000000000000000000 ) ) ;
#1032 = FACE_OUTER_BOUND ( 'NONE', #3336, .T. ) ;
#1033 = DIRECTION ( 'NONE',  ( 0.000000000000000000, 0.000000000000000000, 1.000000000000000000 ) ) ;
#1034 = EDGE_LOOP ( 'NONE', ( #3718, #4600, #4574, #4486 ) ) ;
#1035 = CARTESIAN_POINT ( 'NONE',  ( -35.75000000000041211, 0.000000000000000000, -47.50000000000000711 ) ) ;
#1036 = CARTESIAN_POINT ( 'NONE',  ( -37.85000000000000853, 1.600000000000000089, -47.50000000000000000 ) ) ;
#1037 = EDGE_LOOP ( 'NONE', ( #3368, #4380, #5045, #3694 ) ) ;
#1038 = ORIENTED_EDGE ( 'NONE', *, *, #4639, .T. ) ;
#1039 = DIRECTION ( 'NONE',  ( 0.000000000000000000, 1.000000000000000000, -0.000000000000000000 ) ) ;
#1040 = VERTEX_POINT ( 'NONE', #2681 ) ;
#1041 = CARTESIAN_POINT ( 'NONE',  ( 35.75000000000125056, 1.600000000000000089, 12.49999999999999645 ) ) ;
#1042 = VERTEX_POINT ( 'NONE', #3132 ) ;
#1043 = DIRECTION ( 'NONE',  ( -0.000000000000000000, -1.000000000000000000, 0.000000000000000000 ) ) ;
#1044 = VERTEX_POINT ( 'NONE', #531 ) ;
#1045 = CARTESIAN_POINT ( 'NONE',  ( 37.35000000000001563, 0.000000000000000000, 42.49999999999999289 ) ) ;
#1046 = ORIENTED_EDGE ( 'NONE', *, *, #3644, .T. ) ;
#1047 = EDGE_CURVE ( 'NONE', #1973, #2948, #2257, .T. ) ;
#1048 = CARTESIAN_POINT ( 'NONE',  ( -37.85000000000000142, 1.600000000000000089, -47.00000000000000000 ) ) ;
#1049 = CARTESIAN_POINT ( 'NONE',  ( -30.25000000000000355, 0.000000000000000000, -18.75000000000000000 ) ) ;
#1050 = FACE_BOUND ( 'NONE', #5471, .T. ) ;
#1051 = CARTESIAN_POINT ( 'NONE',  ( -17.50000000000000000, 1.600000000000000089, 36.97765452970058675 ) ) ;
#1052 = AXIS2_PLACEMENT_3D ( 'NONE', #3373, #2523, #1226 ) ;
#1053 = EDGE_CURVE ( 'NONE', #673, #2123, #1837, .T. ) ;
#1054 = DIRECTION ( 'NONE',  ( -0.000000000000000000, -1.000000000000000000, 0.000000000000000000 ) ) ;
#1055 = EDGE_CURVE ( 'NONE', #4663, #3391, #3562, .T. ) ;
#1056 = CARTESIAN_POINT ( 'NONE',  ( -37.85000000000001563, 1.600000000000000089, 12.49999999999999645 ) ) ;
#1057 = LINE ( 'NONE', #4475, #5207 ) ;
#1058 = VECTOR ( 'NONE', #3055, 1000.000000000000000 ) ;
#1059 = CARTESIAN_POINT ( 'NONE',  ( -3.283088087106474322E-11, 1.600000000000000089, -69.00000000001391243 ) ) ;
#1060 = CARTESIAN_POINT ( 'NONE',  ( -35.74999999999833022, 1.600000000000000089, 50.49999999999998579 ) ) ;
#1061 = VECTOR ( 'NONE', #147, 1000.000000000000000 ) ;
#1062 = ADVANCED_FACE ( 'NONE', ( #3158 ), #4879, .F. ) ;
#1063 = EDGE_LOOP ( 'NONE', ( #2374, #3902 ) ) ;
#1064 = ORIENTED_EDGE ( 'NONE', *, *, #4891, .F. ) ;
#1065 = EDGE_CURVE ( 'NONE', #3605, #4116, #2723, .T. ) ;
#1066 = LINE ( 'NONE', #1546, #1737 ) ;
#1067 = ORIENTED_EDGE ( 'NONE', *, *, #704, .F. ) ;
#1068 = CARTESIAN_POINT ( 'NONE',  ( -32.32499999999993889, 0.000000000000000000, 36.55000000000000426 ) ) ;
#1069 = AXIS2_PLACEMENT_3D ( 'NONE', #4041, #1905, #1984 ) ;
#1070 = AXIS2_PLACEMENT_3D ( 'NONE', #2504, #15, #4224 ) ;
#1071 = ORIENTED_EDGE ( 'NONE', *, *, #4819, .F. ) ;
#1072 = CYLINDRICAL_SURFACE ( 'NONE', #1874, 0.5000000000000004441 ) ;
#1073 = ORIENTED_EDGE ( 'NONE', *, *, #4417, .T. ) ;
#1074 = DIRECTION ( 'NONE',  ( 0.000000000000000000, 0.000000000000000000, -1.000000000000000000 ) ) ;
#1075 = CIRCLE ( 'NONE', #4233, 0.5000000000000004441 ) ;
#1076 = EDGE_LOOP ( 'NONE', ( #4519, #3006, #3948, #3038 ) ) ;
#1077 = DIRECTION ( 'NONE',  ( -0.000000000000000000, 1.000000000000000000, -0.000000000000000000 ) ) ;
#1078 = LINE ( 'NONE', #2354, #144 ) ;
#1079 = DIRECTION ( 'NONE',  ( 0.000000000000000000, 0.000000000000000000, -1.000000000000000000 ) ) ;
#1080 = CARTESIAN_POINT ( 'NONE',  ( -3.053113317719180486E-13, 0.000000000000000000, 76.60593569216008802 ) ) ;
#1081 = EDGE_CURVE ( 'NONE', #994, #4116, #2481, .T. ) ;
#1082 = PRESENTATION_LAYER_ASSIGNMENT (  '', '', ( #2441 ) ) ;
#1083 = DIRECTION ( 'NONE',  ( 0.000000000000000000, 1.000000000000000000, 0.000000000000000000 ) ) ;
#1084 = CARTESIAN_POINT ( 'NONE',  ( 35.75000000000167688, 0.000000000000000000, 43.00000000000000000 ) ) ;
#1085 = CARTESIAN_POINT ( 'NONE',  ( -35.75000000000041211, 0.000000000000000000, -39.00000000000001421 ) ) ;
#1086 = DIRECTION ( 'NONE',  ( 0.000000000000000000, -1.000000000000000000, 0.000000000000000000 ) ) ;
#1087 = VECTOR ( 'NONE', #2642, 1000.000000000000000 ) ;
#1088 = CARTESIAN_POINT ( 'NONE',  ( 78.84239994013702812, 0.000000000000000000, -10.52234547029152090 ) ) ;
#1089 = VECTOR ( 'NONE', #5010, 1000.000000000000000 ) ;
#1090 = EDGE_CURVE ( 'NONE', #4147, #3326, #4141, .T. ) ;
#1091 = PRODUCT_DEFINITION_CONTEXT ( 'detailed design', #5221, 'design' ) ;
#1092 = AXIS2_PLACEMENT_3D ( 'NONE', #1615, #648, #222 ) ;
#1093 = VERTEX_POINT ( 'NONE', #692 ) ;
#1094 = ORIENTED_EDGE ( 'NONE', *, *, #4899, .T. ) ;
#1095 = LINE ( 'NONE', #5047, #4619 ) ;
#1096 = VECTOR ( 'NONE', #3787, 1000.000000000000000 ) ;
#1097 = ORIENTED_EDGE ( 'NONE', *, *, #857, .T. ) ;
#1098 = FACE_OUTER_BOUND ( 'NONE', #5478, .T. ) ;
#1099 = CARTESIAN_POINT ( 'NONE',  ( 37.85000000000001563, 1.600000000000000089, 0.000000000000000000 ) ) ;
#1100 = AXIS2_PLACEMENT_3D ( 'NONE', #669, #4936, #1971 ) ;
#1101 = EDGE_CURVE ( 'NONE', #4241, #2283, #4933, .T. ) ;
#1102 = EDGE_CURVE ( 'NONE', #2090, #1171, #1066, .T. ) ;
#1103 = ORIENTED_EDGE ( 'NONE', *, *, #2757, .T. ) ;
#1104 = VERTEX_POINT ( 'NONE', #5411 ) ;
#1105 = CARTESIAN_POINT ( 'NONE',  ( 7.650000000000000355, 1.600000000000000089, 0.000000000000000000 ) ) ;
#1106 = VERTEX_POINT ( 'NONE', #4595 ) ;
#1107 = CARTESIAN_POINT ( 'NONE',  ( 35.75000000000000000, 1.600000000000000089, -77.00000000000000000 ) ) ;
#1108 = ORIENTED_EDGE ( 'NONE', *, *, #1415, .T. ) ;
#1109 = CARTESIAN_POINT ( 'NONE',  ( -35.75000000000041211, 0.000000000000000000, -48.00000000000000711 ) ) ;
#1110 = AXIS2_PLACEMENT_3D ( 'NONE', #4929, #4136, #1537 ) ;
#1111 = CYLINDRICAL_SURFACE ( 'NONE', #2592, 0.5000000000000004441 ) ;
#1112 = CARTESIAN_POINT ( 'NONE',  ( -30.25000000000000355, 1.600000000000000089, -20.02500000000000213 ) ) ;
#1113 = CARTESIAN_POINT ( 'NONE',  ( 7.650000000000000355, 1.600000000000000089, -61.27234500001782180 ) ) ;
#1114 = AXIS2_PLACEMENT_3D ( 'NONE', #973, #4336, #1745 ) ;
#1115 = AXIS2_PLACEMENT_3D ( 'NONE', #2200, #2510, #2119 ) ;
#1116 = CARTESIAN_POINT ( 'NONE',  ( -35.75000000000000000, 1.600000000000000089, 0.000000000000000000 ) ) ;
#1117 = LINE ( 'NONE', #685, #368 ) ;
#1118 = FACE_BOUND ( 'NONE', #221, .T. ) ;
#1119 = ORIENTED_EDGE ( 'NONE', *, *, #1586, .T. ) ;
#1120 = AXIS2_PLACEMENT_3D ( 'NONE', #2560, #5179, #1289 ) ;
#1121 = FACE_OUTER_BOUND ( 'NONE', #2797, .T. ) ;
#1122 = DIRECTION ( 'NONE',  ( 0.000000000000000000, 1.000000000000000000, -0.000000000000000000 ) ) ;
#1123 = EDGE_LOOP ( 'NONE', ( #3113, #4356, #4025, #5502 ) ) ;
#1124 = ORIENTED_EDGE ( 'NONE', *, *, #1274, .F. ) ;
#1125 = DIRECTION ( 'NONE',  ( 0.000000000000000000, 1.000000000000000000, -0.000000000000000000 ) ) ;
#1126 = EDGE_CURVE ( 'NONE', #275, #2487, #1969, .T. ) ;
#1127 = ORIENTED_EDGE ( 'NONE', *, *, #1766, .T. ) ;
#1128 = DIRECTION ( 'NONE',  ( 0.000000000000000000, 0.000000000000000000, 1.000000000000000000 ) ) ;
#1129 = DIRECTION ( 'NONE',  ( -0.000000000000000000, -1.000000000000000000, -0.000000000000000000 ) ) ;
#1130 = ORIENTED_EDGE ( 'NONE', *, *, #3238, .F. ) ;
#1131 = ORIENTED_EDGE ( 'NONE', *, *, #4128, .F. ) ;
#1132 = ADVANCED_FACE ( 'NONE', ( #269 ), #5357, .F. ) ;
#1133 = EDGE_CURVE ( 'NONE', #507, #74, #2089, .T. ) ;
#1134 = CARTESIAN_POINT ( 'NONE',  ( -6.740639792362312560E-13, 0.000000000000000000, 51.00000000000459721 ) ) ;
#1135 = EDGE_LOOP ( 'NONE', ( #2006, #782, #4622, #1835 ) ) ;
#1136 = PLANE ( 'NONE',  #4063 ) ;
#1137 = ORIENTED_EDGE ( 'NONE', *, *, #287, .F. ) ;
#1138 = DIRECTION ( 'NONE',  ( 0.000000000000000000, 0.000000000000000000, 1.000000000000000000 ) ) ;
#1139 = CARTESIAN_POINT ( 'NONE',  ( 37.35000000000001563, 1.600000000000000089, 42.49999999999999289 ) ) ;
#1140 = ORIENTED_EDGE ( 'NONE', *, *, #3673, .F. ) ;
#1141 = CARTESIAN_POINT ( 'NONE',  ( 14.90000000000000213, 1.600000000000000089, -60.77234500001782180 ) ) ;
#1142 = DIRECTION ( 'NONE',  ( -0.000000000000000000, 1.000000000000000000, -0.000000000000000000 ) ) ;
#1143 = DIRECTION ( 'NONE',  ( -0.000000000000000000, 1.000000000000000000, -0.000000000000000000 ) ) ;
#1144 = LINE ( 'NONE', #289, #180 ) ;
#1145 = FACE_BOUND ( 'NONE', #635, .T. ) ;
#1146 = ORIENTED_EDGE ( 'NONE', *, *, #3891, .T. ) ;
#1147 = FACE_OUTER_BOUND ( 'NONE', #2736, .T. ) ;
#1148 = CARTESIAN_POINT ( 'NONE',  ( 37.85000000000001563, 1.600000000000000089, 0.000000000000000000 ) ) ;
#1149 = ORIENTED_EDGE ( 'NONE', *, *, #3586, .F. ) ;
#1150 = ORIENTED_EDGE ( 'NONE', *, *, #2779, .T. ) ;
#1151 = CARTESIAN_POINT ( 'NONE',  ( 24.57499999999999929, 1.600000000000000089, -39.00000000000000000 ) ) ;
#1152 = AXIS2_PLACEMENT_3D ( 'NONE', #2040, #3759, #5059 ) ;
#1153 = ORIENTED_EDGE ( 'NONE', *, *, #3334, .T. ) ;
#1154 = DIRECTION ( 'NONE',  ( -0.000000000000000000, -1.000000000000000000, -0.000000000000000000 ) ) ;
#1155 = DIRECTION ( 'NONE',  ( 0.000000000000000000, 0.000000000000000000, -1.000000000000000000 ) ) ;
#1156 = CIRCLE ( 'NONE', #2601, 1.275000000000001910 ) ;
#1157 = ADVANCED_FACE ( 'NONE', ( #2910 ), #2791, .F. ) ;
#1158 = VERTEX_POINT ( 'NONE', #2423 ) ;
#1159 = ORIENTED_EDGE ( 'NONE', *, *, #5393, .T. ) ;
#1160 = DIRECTION ( 'NONE',  ( 0.000000000000000000, 1.000000000000000000, 0.000000000000000000 ) ) ;
#1161 = ORIENTED_EDGE ( 'NONE', *, *, #5156, .F. ) ;
#1162 = AXIS2_PLACEMENT_3D ( 'NONE', #5363, #5337, #4412 ) ;
#1163 = CARTESIAN_POINT ( 'NONE',  ( 24.57499999999999929, 0.000000000000000000, 17.45000000000000639 ) ) ;
#1164 = AXIS2_PLACEMENT_3D ( 'NONE', #96, #3913, #1827 ) ;
#1165 = EDGE_CURVE ( 'NONE', #3536, #3743, #1095, .T. ) ;
#1166 = AXIS2_PLACEMENT_3D ( 'NONE', #4895, #2861, #1079 ) ;
#1167 = VERTEX_POINT ( 'NONE', #667 ) ;
#1168 = LINE ( 'NONE', #5031, #3952 ) ;
#1169 = DIRECTION ( 'NONE',  ( 0.000000000000000000, 1.000000000000000000, -0.000000000000000000 ) ) ;
#1170 = VECTOR ( 'NONE', #1230, 1000.000000000000000 ) ;
#1171 = VERTEX_POINT ( 'NONE', #3297 ) ;
#1172 = CARTESIAN_POINT ( 'NONE',  ( -6.750000000000002665, 0.000000000000000000, -17.47499999999999787 ) ) ;
#1173 = DIRECTION ( 'NONE',  ( 0.000000000000000000, 1.000000000000000000, -0.000000000000000000 ) ) ;
#1174 = ADVANCED_FACE ( 'NONE', ( #4540 ), #3658, .F. ) ;
#1175 = ADVANCED_FACE ( 'NONE', ( #637 ), #4174, .F. ) ;
#1176 = VECTOR ( 'NONE', #5424, 1000.000000000000000 ) ;
#1177 = CARTESIAN_POINT ( 'NONE',  ( 9.141992718397773388E-13, 1.600000000000000089, -37.21843162440529795 ) ) ;
#1178 = CARTESIAN_POINT ( 'NONE',  ( 78.84239994013702812, 1.600000000000000089, -10.52234547029152090 ) ) ;
#1179 = CARTESIAN_POINT ( 'NONE',  ( 32.32499999999993889, 1.600000000000000089, 35.00000000000000000 ) ) ;
#1180 = DIRECTION ( 'NONE',  ( 0.000000000000000000, 0.000000000000000000, -1.000000000000000000 ) ) ;
#1181 = CARTESIAN_POINT ( 'NONE',  ( 36.25000000000000000, 0.000000000000000000, -69.00000000000000000 ) ) ;
#1182 = ORIENTED_EDGE ( 'NONE', *, *, #4834, .F. ) ;
#1183 = ORIENTED_EDGE ( 'NONE', *, *, #826, .T. ) ;
#1184 = CARTESIAN_POINT ( 'NONE',  ( -24.57499999999999929, 0.000000000000000000, -39.00000000000000000 ) ) ;
#1185 = ORIENTED_EDGE ( 'NONE', *, *, #438, .F. ) ;
#1186 = CARTESIAN_POINT ( 'NONE',  ( 1.110223024625156540E-13, -8.400000000000000355, -19.89421264581889304 ) ) ;
#1187 = CARTESIAN_POINT ( 'NONE',  ( 11.44069681584102405, 0.000000000000000000, 33.31837076039649759 ) ) ;
#1188 = VECTOR ( 'NONE', #2009, 1000.000000000000000 ) ;
#1189 = AXIS2_PLACEMENT_3D ( 'NONE', #860, #5490, #802 ) ;
#1190 = VERTEX_POINT ( 'NONE', #3328 ) ;
#1191 = ORIENTED_EDGE ( 'NONE', *, *, #3608, .T. ) ;
#1192 = CARTESIAN_POINT ( 'NONE',  ( 35.75000000000125056, 1.600000000000000089, 12.99999999999999645 ) ) ;
#1193 = VECTOR ( 'NONE', #301, 1000.000000000000000 ) ;
#1194 = ORIENTED_EDGE ( 'NONE', *, *, #993, .F. ) ;
#1195 = DIRECTION ( 'NONE',  ( 0.000000000000000000, 0.000000000000000000, 1.000000000000000000 ) ) ;
#1196 = AXIS2_PLACEMENT_3D ( 'NONE', #2923, #4578, #4322 ) ;
#1197 = ORIENTED_EDGE ( 'NONE', *, *, #2069, .T. ) ;
#1198 = DIRECTION ( 'NONE',  ( 0.000000000000000000, 1.000000000000000000, -0.000000000000000000 ) ) ;
#1199 = CARTESIAN_POINT ( 'NONE',  ( 29.82018240187190372, 0.000000000000000000, 8.656601580379174266 ) ) ;
#1200 = ADVANCED_FACE ( 'NONE', ( #2027 ), #2000, .T. ) ;
#1201 = ORIENTED_EDGE ( 'NONE', *, *, #5332, .F. ) ;
#1202 = DIRECTION ( 'NONE',  ( 0.000000000000000000, 0.000000000000000000, -1.000000000000000000 ) ) ;
#1203 = DIRECTION ( 'NONE',  ( 0.000000000000000000, 1.000000000000000000, 0.000000000000000000 ) ) ;
#1204 = AXIS2_PLACEMENT_3D ( 'NONE', #5529, #3888, #2567 ) ;
#1205 = PLANE ( 'NONE',  #5309 ) ;
#1206 = LINE ( 'NONE', #2133, #3441 ) ;
#1207 = EDGE_CURVE ( 'NONE', #3250, #1245, #5379, .T. ) ;
#1208 = EDGE_CURVE ( 'NONE', #4135, #855, #3264, .T. ) ;
#1209 = CARTESIAN_POINT ( 'NONE',  ( 15.40000000000000036, 1.600000000000000089, 0.000000000000000000 ) ) ;
#1210 = AXIS2_PLACEMENT_3D ( 'NONE', #2558, #3766, #3323 ) ;
#1211 = DIRECTION ( 'NONE',  ( -1.280238727658160256E-16, 0.000000000000000000, -1.000000000000000000 ) ) ;
#1212 = AXIS2_PLACEMENT_3D ( 'NONE', #867, #2942, #5530 ) ;
#1213 = DIRECTION ( 'NONE',  ( 0.000000000000000000, 1.000000000000000000, -0.000000000000000000 ) ) ;
#1214 = ORIENTED_EDGE ( 'NONE', *, *, #889, .F. ) ;
#1215 = FACE_OUTER_BOUND ( 'NONE', #621, .T. ) ;
#1216 = VECTOR ( 'NONE', #888, 1000.000000000000000 ) ;
#1217 = ORIENTED_EDGE ( 'NONE', *, *, #2267, .F. ) ;
#1218 = DIRECTION ( 'NONE',  ( 0.000000000000000000, 0.000000000000000000, 1.000000000000000000 ) ) ;
#1219 = CARTESIAN_POINT ( 'NONE',  ( -24.57499999999999929, 1.600000000000000089, 17.45000000000000284 ) ) ;
#1220 = ORIENTED_EDGE ( 'NONE', *, *, #2472, .F. ) ;
#1221 = ORIENTED_EDGE ( 'NONE', *, *, #5237, .F. ) ;
#1222 = DIRECTION ( 'NONE',  ( 1.000000000000000000, 0.000000000000000000, -0.000000000000000000 ) ) ;
#1223 = ORIENTED_EDGE ( 'NONE', *, *, #3893, .F. ) ;
#1224 = DIRECTION ( 'NONE',  ( 0.000000000000000000, 0.000000000000000000, -1.000000000000000000 ) ) ;
#1225 = ORIENTED_EDGE ( 'NONE', *, *, #1047, .T. ) ;
#1226 = DIRECTION ( 'NONE',  ( 0.000000000000000000, 0.000000000000000000, -1.000000000000000000 ) ) ;
#1227 = ORIENTED_EDGE ( 'NONE', *, *, #3854, .F. ) ;
#1228 = DIRECTION ( 'NONE',  ( 0.000000000000000000, -1.000000000000000000, 0.000000000000000000 ) ) ;
#1229 = EDGE_CURVE ( 'NONE', #5553, #2283, #1915, .T. ) ;
#1230 = DIRECTION ( 'NONE',  ( 0.000000000000000000, -1.000000000000000000, 0.000000000000000000 ) ) ;
#1231 = LINE ( 'NONE', #4302, #3886 ) ;
#1232 = CARTESIAN_POINT ( 'NONE',  ( -24.57499999999999929, 1.600000000000000089, -39.00000000000000000 ) ) ;
#1233 = DIRECTION ( 'NONE',  ( 0.000000000000000000, 0.000000000000000000, -1.000000000000000000 ) ) ;
#1234 = ADVANCED_FACE ( 'NONE', ( #758 ), #2051, .F. ) ;
#1235 = LINE ( 'NONE', #5577, #1798 ) ;
#1236 = ORIENTED_EDGE ( 'NONE', *, *, #3614, .T. ) ;
#1237 = LINE ( 'NONE', #2987, #1375 ) ;
#1238 = VERTEX_POINT ( 'NONE', #5552 ) ;
#1239 = CARTESIAN_POINT ( 'NONE',  ( -35.75000000000041211, 1.600000000000000089, -47.50000000000000711 ) ) ;
#1240 = DIRECTION ( 'NONE',  ( 0.000000000000000000, 0.000000000000000000, 1.000000000000000000 ) ) ;
#1241 = ADVANCED_FACE ( 'NONE', ( #1215 ), #5496, .T. ) ;
#1242 = ADVANCED_FACE ( 'NONE', ( #4649 ), #895, .F. ) ;
#1243 = AXIS2_PLACEMENT_3D ( 'NONE', #1399, #3121, #4841 ) ;
#1244 = ORIENTED_EDGE ( 'NONE', *, *, #4897, .F. ) ;
#1245 = VERTEX_POINT ( 'NONE', #4761 ) ;
#1246 = CARTESIAN_POINT ( 'NONE',  ( -36.25000000000125056, 0.000000000000000000, 21.00000000000412115 ) ) ;
#1247 = EDGE_LOOP ( 'NONE', ( #4315, #506, #4175, #2676 ) ) ;
#1248 = LINE ( 'NONE', #3866, #1735 ) ;
#1249 = ORIENTED_EDGE ( 'NONE', *, *, #3108, .T. ) ;
#1250 = AXIS2_PLACEMENT_3D ( 'NONE', #3752, #4685, #5474 ) ;
#1251 = CARTESIAN_POINT ( 'NONE',  ( -11.44069681584102405, 0.000000000000000000, 33.31837076039650469 ) ) ;
#1252 = ORIENTED_EDGE ( 'NONE', *, *, #3482, .T. ) ;
#1253 = DIRECTION ( 'NONE',  ( 1.280238727658160256E-16, 0.000000000000000000, 1.000000000000000000 ) ) ;
#1254 = AXIS2_PLACEMENT_3D ( 'NONE', #1397, #490, #3514 ) ;
#1255 = VECTOR ( 'NONE', #3495, 1000.000000000000000 ) ;
#1256 = CARTESIAN_POINT ( 'NONE',  ( -35.74999999999833022, 1.600000000000000089, 50.49999999999998579 ) ) ;
#1257 = DIRECTION ( 'NONE',  ( 0.000000000000000000, -1.000000000000000000, 0.000000000000000000 ) ) ;
#1258 = CIRCLE ( 'NONE', #2066, 0.5000000000000004441 ) ;
#1259 = LINE ( 'NONE', #2530, #4086 ) ;
#1260 = DIRECTION ( 'NONE',  ( -0.000000000000000000, -1.000000000000000000, -0.000000000000000000 ) ) ;
#1261 = VECTOR ( 'NONE', #1445, 1000.000000000000000 ) ;
#1262 = FACE_OUTER_BOUND ( 'NONE', #4958, .T. ) ;
#1263 = ORIENTED_EDGE ( 'NONE', *, *, #993, .T. ) ;
#1264 = CARTESIAN_POINT ( 'NONE',  ( -9.249999999999998224, 1.600000000000000089, -18.75000000000000355 ) ) ;
#1265 = ORIENTED_EDGE ( 'NONE', *, *, #320, .F. ) ;
#1266 = DIRECTION ( 'NONE',  ( 0.000000000000000000, 0.000000000000000000, -1.000000000000000000 ) ) ;
#1267 = EDGE_CURVE ( 'NONE', #163, #3636, #1237, .T. ) ;
#1268 = DIRECTION ( 'NONE',  ( 0.000000000000000000, 0.000000000000000000, 1.000000000000000000 ) ) ;
#1269 = VERTEX_POINT ( 'NONE', #3803 ) ;
#1270 = ORIENTED_EDGE ( 'NONE', *, *, #1578, .F. ) ;
#1271 = CARTESIAN_POINT ( 'NONE',  ( -41.25000000000000711, 1.600000000000000089, 0.000000000000000000 ) ) ;
#1272 = ORIENTED_EDGE ( 'NONE', *, *, #3382, .F. ) ;
#1273 = DIRECTION ( 'NONE',  ( 0.000000000000000000, 0.000000000000000000, -1.000000000000000000 ) ) ;
#1274 = EDGE_CURVE ( 'NONE', #4873, #1834, #4259, .T. ) ;
#1275 = EDGE_CURVE ( 'NONE', #419, #4409, #378, .T. ) ;
#1276 = VECTOR ( 'NONE', #3288, 1000.000000000000000 ) ;
#1277 = AXIS2_PLACEMENT_3D ( 'NONE', #1178, #2898, #600 ) ;
#1278 = EDGE_LOOP ( 'NONE', ( #3160, #4341, #1017, #2312 ) ) ;
#1279 = CIRCLE ( 'NONE', #3796, 0.5000000000000004441 ) ;
#1280 = CARTESIAN_POINT ( 'NONE',  ( -32.32500000000000284, 0.000000000000000000, -52.49999999999819522 ) ) ;
#1281 = CIRCLE ( 'NONE', #5331, 246.5002818899938859 ) ;
#1282 = LINE ( 'NONE', #3872, #4668 ) ;
#1283 = ORIENTED_EDGE ( 'NONE', *, *, #223, .T. ) ;
#1284 = DIRECTION ( 'NONE',  ( -0.000000000000000000, -1.000000000000000000, -0.000000000000000000 ) ) ;
#1285 = SURFACE_STYLE_USAGE ( .BOTH. , #5543 ) ;
#1286 = FACE_OUTER_BOUND ( 'NONE', #2422, .T. ) ;
#1287 = DIRECTION ( 'NONE',  ( -4.758098676964946072E-13, 0.000000000000000000, -1.000000000000000000 ) ) ;
#1288 = DIRECTION ( 'NONE',  ( 0.000000000000000000, 0.000000000000000000, -1.000000000000000000 ) ) ;
#1289 = DIRECTION ( 'NONE',  ( 0.000000000000000000, 0.000000000000000000, 1.000000000000000000 ) ) ;
#1290 = VERTEX_POINT ( 'NONE', #17 ) ;
#1291 = VERTEX_POINT ( 'NONE', #3359 ) ;
#1292 = CARTESIAN_POINT ( 'NONE',  ( 35.75000000000167688, 1.600000000000000089, 42.49999999999999289 ) ) ;
#1293 = CIRCLE ( 'NONE', #3185, 1.275000000000005240 ) ;
#1294 = ORIENTED_EDGE ( 'NONE', *, *, #650, .F. ) ;
#1295 = CARTESIAN_POINT ( 'NONE',  ( -65.79502250232364702, 0.000000000000000000, -37.98677395305384152 ) ) ;
#1296 = DIRECTION ( 'NONE',  ( 0.000000000000000000, 1.000000000000000000, 0.000000000000000000 ) ) ;
#1297 = ADVANCED_FACE ( 'NONE', ( #3016 ), #2619, .F. ) ;
#1298 = ORIENTED_EDGE ( 'NONE', *, *, #4790, .T. ) ;
#1299 = VERTEX_POINT ( 'NONE', #5077 ) ;
#1300 = LINE ( 'NONE', #3022, #1096 ) ;
#1301 = VERTEX_POINT ( 'NONE', #4226 ) ;
#1302 = ORIENTED_EDGE ( 'NONE', *, *, #5518, .F. ) ;
#1303 = CARTESIAN_POINT ( 'NONE',  ( 37.35000000000000853, 1.600000000000000089, -39.00000000000000711 ) ) ;
#1304 = ADVANCED_FACE ( 'NONE', ( #3387 ), #1750, .F. ) ;
#1305 = VERTEX_POINT ( 'NONE', #809 ) ;
#1306 = EDGE_CURVE ( 'NONE', #3628, #3724, #4706, .T. ) ;
#1307 = DIRECTION ( 'NONE',  ( 0.000000000000000000, 0.000000000000000000, -1.000000000000000000 ) ) ;
#1308 = CYLINDRICAL_SURFACE ( 'NONE', #885, 0.5000000000000004441 ) ;
#1309 = ORIENTED_EDGE ( 'NONE', *, *, #4956, .F. ) ;
#1310 = PLANE ( 'NONE',  #4410 ) ;
#1311 = ADVANCED_FACE ( 'NONE', ( #3855 ), #2590, .F. ) ;
#1312 = ADVANCED_FACE ( 'NONE', ( #442 ), #4343, .F. ) ;
#1313 = LINE ( 'NONE', #1793, #2608 ) ;
#1314 = CARTESIAN_POINT ( 'NONE',  ( -37.85000000000000142, 1.600000000000000089, -78.00000000000000000 ) ) ;
#1315 = CARTESIAN_POINT ( 'NONE',  ( -26.49999999998818012, 1.600000000000000089, -88.48338711122495681 ) ) ;
#1316 = CARTESIAN_POINT ( 'NONE',  ( 23.60000000000001208, 1.600000000000000089, -3.021363397273260108E-15 ) ) ;
#1317 = EDGE_LOOP ( 'NONE', ( #4393, #1428, #1358, #42 ) ) ;
#1318 = DIRECTION ( 'NONE',  ( 0.000000000000000000, 1.000000000000000000, 0.000000000000000000 ) ) ;
#1319 = ORIENTED_EDGE ( 'NONE', *, *, #3586, .T. ) ;
#1320 = CARTESIAN_POINT ( 'NONE',  ( 35.75000000000125056, 1.600000000000000089, 12.49999999999999645 ) ) ;
#1321 = ORIENTED_EDGE ( 'NONE', *, *, #1732, .F. ) ;
#1322 = DIRECTION ( 'NONE',  ( 0.000000000000000000, 1.000000000000000000, -0.000000000000000000 ) ) ;
#1323 = DIRECTION ( 'NONE',  ( -0.000000000000000000, -1.000000000000000000, -0.000000000000000000 ) ) ;
#1324 = ORIENTED_EDGE ( 'NONE', *, *, #4984, .T. ) ;
#1325 = ORIENTED_EDGE ( 'NONE', *, *, #3679, .T. ) ;
#1326 = FACE_OUTER_BOUND ( 'NONE', #5450, .T. ) ;
#1327 = VERTEX_POINT ( 'NONE', #839 ) ;
#1328 = VERTEX_POINT ( 'NONE', #1718 ) ;
#1329 = PLANE ( 'NONE',  #4252 ) ;
#1330 = EDGE_CURVE ( 'NONE', #2147, #5538, #5070, .T. ) ;
#1331 = AXIS2_PLACEMENT_3D ( 'NONE', #2407, #1561, #594 ) ;
#1332 = EDGE_LOOP ( 'NONE', ( #2512, #3583, #1698, #4396 ) ) ;
#1333 = PLANE ( 'NONE',  #65 ) ;
#1334 = ORIENTED_EDGE ( 'NONE', *, *, #2059, .T. ) ;
#1335 = DIRECTION ( 'NONE',  ( 0.000000000000000000, -1.000000000000000000, 0.000000000000000000 ) ) ;
#1336 = CARTESIAN_POINT ( 'NONE',  ( -6.750000000000002665, 0.000000000000000000, 1.249999999999997558 ) ) ;
#1337 = EDGE_CURVE ( 'NONE', #3524, #768, #926, .T. ) ;
#1338 = AXIS2_PLACEMENT_3D ( 'NONE', #1085, #2758, #3627 ) ;
#1339 = CARTESIAN_POINT ( 'NONE',  ( -21.49999999998818723, 0.000000000000000000, -67.73338711122495681 ) ) ;
#1340 = CYLINDRICAL_SURFACE ( 'NONE', #4696, 60.43219500831563096 ) ;
#1341 = DIRECTION ( 'NONE',  ( 0.000000000000000000, -1.000000000000000000, 0.000000000000000000 ) ) ;
#1342 = VECTOR ( 'NONE', #2273, 1000.000000000000000 ) ;
#1343 = EDGE_CURVE ( 'NONE', #2049, #448, #4798, .T. ) ;
#1344 = EDGE_CURVE ( 'NONE', #994, #1093, #41, .T. ) ;
#1345 = FACE_OUTER_BOUND ( 'NONE', #841, .T. ) ;
#1346 = AXIS2_PLACEMENT_3D ( 'NONE', #3357, #1213, #411 ) ;
#1347 = ORIENTED_EDGE ( 'NONE', *, *, #2209, .T. ) ;
#1348 = AXIS2_PLACEMENT_3D ( 'NONE', #2396, #5414, #1519 ) ;
#1349 = DIRECTION ( 'NONE',  ( -1.000000000000000000, 0.000000000000000000, -1.261617073438012032E-16 ) ) ;
#1350 = DIRECTION ( 'NONE',  ( -0.000000000000000000, -1.000000000000000000, 0.000000000000000000 ) ) ;
#1351 = ORIENTED_EDGE ( 'NONE', *, *, #630, .T. ) ;
#1352 = AXIS2_PLACEMENT_3D ( 'NONE', #4389, #4365, #2241 ) ;
#1353 = DIRECTION ( 'NONE',  ( 0.000000000000000000, -1.000000000000000000, 0.000000000000000000 ) ) ;
#1354 = CARTESIAN_POINT ( 'NONE',  ( -9.249999999999998224, 1.600000000000000089, -0.02500000000000700273 ) ) ;
#1355 = ORIENTED_EDGE ( 'NONE', *, *, #4745, .T. ) ;
#1356 = ORIENTED_EDGE ( 'NONE', *, *, #3845, .T. ) ;
#1357 = DIRECTION ( 'NONE',  ( 0.000000000000000000, 1.000000000000000000, -0.000000000000000000 ) ) ;
#1358 = ORIENTED_EDGE ( 'NONE', *, *, #5028, .T. ) ;
#1359 = ORIENTED_EDGE ( 'NONE', *, *, #4886, .T. ) ;
#1360 = DIRECTION ( 'NONE',  ( -1.000000000000000000, 0.000000000000000000, 0.000000000000000000 ) ) ;
#1361 = ORIENTED_EDGE ( 'NONE', *, *, #3406, .F. ) ;
#1362 = DIRECTION ( 'NONE',  ( 0.000000000000000000, -1.000000000000000000, 0.000000000000000000 ) ) ;
#1363 = CARTESIAN_POINT ( 'NONE',  ( -35.75000000000125056, 1.600000000000000089, 12.49999999999999645 ) ) ;
#1364 = AXIS2_PLACEMENT_3D ( 'NONE', #4449, #575, #494 ) ;
#1365 = AXIS2_PLACEMENT_3D ( 'NONE', #1056, #3228, #627 ) ;
#1366 = LINE ( 'NONE', #3031, #983 ) ;
#1367 = CIRCLE ( 'NONE', #3446, 11.45859644822850498 ) ;
#1368 = AXIS2_PLACEMENT_3D ( 'NONE', #131, #1461, #1862 ) ;
#1369 = ADVANCED_FACE ( 'NONE', ( #4424 ), #4395, .F. ) ;
#1370 = DIRECTION ( 'NONE',  ( 0.000000000000000000, -1.000000000000000000, 0.000000000000000000 ) ) ;
#1371 = DIRECTION ( 'NONE',  ( 0.000000000000000000, 0.000000000000000000, 1.000000000000000000 ) ) ;
#1372 = CIRCLE ( 'NONE', #102, 22.96473704765647383 ) ;
#1373 = DIRECTION ( 'NONE',  ( 0.000000000000000000, -1.000000000000000000, 0.000000000000000000 ) ) ;
#1374 = LINE ( 'NONE', #464, #3971 ) ;
#1375 = VECTOR ( 'NONE', #3410, 1000.000000000000000 ) ;
#1376 = ORIENTED_EDGE ( 'NONE', *, *, #2828, .F. ) ;
#1377 = EDGE_CURVE ( 'NONE', #2424, #14, #2732, .T. ) ;
#1378 = DIRECTION ( 'NONE',  ( 0.000000000000000000, 0.000000000000000000, 1.000000000000000000 ) ) ;
#1379 = ADVANCED_FACE ( 'NONE', ( #4372 ), #3125, .F. ) ;
#1380 = CYLINDRICAL_SURFACE ( 'NONE', #5521, 246.5002818899938859 ) ;
#1381 = VECTOR ( 'NONE', #3178, 1000.000000000000000 ) ;
#1382 = ORIENTED_EDGE ( 'NONE', *, *, #4886, .F. ) ;
#1383 = DIRECTION ( 'NONE',  ( 0.000000000000000000, 0.000000000000000000, -1.000000000000000000 ) ) ;
#1384 = EDGE_LOOP ( 'NONE', ( #1194, #355, #1191, #2999 ) ) ;
#1385 = ORIENTED_EDGE ( 'NONE', *, *, #3927, .F. ) ;
#1386 = AXIS2_PLACEMENT_3D ( 'NONE', #900, #5013, #265 ) ;
#1387 = DIRECTION ( 'NONE',  ( 0.000000000000000000, -1.000000000000000000, 0.000000000000000000 ) ) ;
#1388 = ORIENTED_EDGE ( 'NONE', *, *, #4166, .F. ) ;
#1389 = EDGE_LOOP ( 'NONE', ( #5276, #5161, #486, #1302 ) ) ;
#1390 = FACE_OUTER_BOUND ( 'NONE', #3451, .T. ) ;
#1391 = AXIS2_PLACEMENT_3D ( 'NONE', #4194, #3435, #5522 ) ;
#1392 = VECTOR ( 'NONE', #4399, 1000.000000000000000 ) ;
#1393 = ORIENTED_EDGE ( 'NONE', *, *, #3348, .F. ) ;
#1394 = LINE ( 'NONE', #3982, #4397 ) ;
#1395 = VECTOR ( 'NONE', #1260, 1000.000000000000000 ) ;
#1396 = CARTESIAN_POINT ( 'NONE',  ( -30.25000000000000000, 0.000000000000000000, 1.250000000000000444 ) ) ;
#1397 = CARTESIAN_POINT ( 'NONE',  ( -37.85000000000000853, 1.600000000000000089, -47.50000000000000000 ) ) ;
#1398 = CARTESIAN_POINT ( 'NONE',  ( -9.249999999999998224, 1.600000000000000089, 2.525000000000003464 ) ) ;
#1399 = CARTESIAN_POINT ( 'NONE',  ( 34.36956032934473626, 1.600000000000000089, 32.03526295232896359 ) ) ;
#1400 = DIRECTION ( 'NONE',  ( 0.000000000000000000, 0.000000000000000000, -1.000000000000000000 ) ) ;
#1401 = CYLINDRICAL_SURFACE ( 'NONE', #4428, 1.550000000000002709 ) ;
#1402 = ADVANCED_FACE ( 'NONE', ( #497 ), #3071, .F. ) ;
#1403 = CARTESIAN_POINT ( 'NONE',  ( -35.75000000000041211, 1.600000000000000089, -48.00000000000000711 ) ) ;
#1404 = CARTESIAN_POINT ( 'NONE',  ( 87.12828116244050136, 0.000000000000000000, -10.52234547028042400 ) ) ;
#1405 = EDGE_LOOP ( 'NONE', ( #4048, #2971, #2183, #2452 ) ) ;
#1406 = FACE_OUTER_BOUND ( 'NONE', #3053, .T. ) ;
#1407 = CARTESIAN_POINT ( 'NONE',  ( 23.10000000000000497, 1.600000000000000089, -55.24999999999999289 ) ) ;
#1408 = EDGE_CURVE ( 'NONE', #1696, #4777, #2756, .T. ) ;
#1409 = ORIENTED_EDGE ( 'NONE', *, *, #2787, .T. ) ;
#1410 = ORIENTED_EDGE ( 'NONE', *, *, #2720, .T. ) ;
#1411 = DIRECTION ( 'NONE',  ( 0.000000000000000000, 0.000000000000000000, -1.000000000000000000 ) ) ;
#1412 = VERTEX_POINT ( 'NONE', #2278 ) ;
#1413 = ORIENTED_EDGE ( 'NONE', *, *, #2675, .F. ) ;
#1414 = CARTESIAN_POINT ( 'NONE',  ( 24.57499999999999929, 0.000000000000000000, -40.55000000000000426 ) ) ;
#1415 = EDGE_CURVE ( 'NONE', #4241, #3566, #5423, .T. ) ;
#1416 = ADVANCED_FACE ( 'NONE', ( #2196 ), #4845, .T. ) ;
#1417 = ORIENTED_EDGE ( 'NONE', *, *, #4892, .F. ) ;
#1418 = DIRECTION ( 'NONE',  ( 0.000000000000000000, 1.000000000000000000, 0.000000000000000000 ) ) ;
#1419 = CARTESIAN_POINT ( 'NONE',  ( 35.75000000000125056, 1.600000000000000089, 12.99999999999999645 ) ) ;
#1420 = PLANE ( 'NONE',  #1800 ) ;
#1421 = LINE ( 'NONE', #3876, #5493 ) ;
#1422 = CARTESIAN_POINT ( 'NONE',  ( 0.000000000000000000, 1.600000000000000089, -77.50000000000000000 ) ) ;
#1423 = CARTESIAN_POINT ( 'NONE',  ( -35.74999999999959499, 1.600000000000000089, -47.00000000000000711 ) ) ;
#1424 = CARTESIAN_POINT ( 'NONE',  ( -15.00000014403561366, 1.600000000000000089, -65.57234547030361682 ) ) ;
#1425 = DIRECTION ( 'NONE',  ( 0.000000000000000000, 1.000000000000000000, -0.000000000000000000 ) ) ;
#1426 = CARTESIAN_POINT ( 'NONE',  ( 37.85000000000000142, 1.600000000000000089, -77.00000000000000000 ) ) ;
#1427 = CIRCLE ( 'NONE', #1613, 0.4999999999999987232 ) ;
#1428 = ORIENTED_EDGE ( 'NONE', *, *, #4570, .T. ) ;
#1429 = DIRECTION ( 'NONE',  ( 0.000000000000000000, 0.000000000000000000, 1.000000000000000000 ) ) ;
#1430 = CIRCLE ( 'NONE', #2520, 0.5000000000000004441 ) ;
#1431 = CIRCLE ( 'NONE', #5305, 1.275000000000004796 ) ;
#1432 = ORIENTED_EDGE ( 'NONE', *, *, #914, .F. ) ;
#1433 = ORIENTED_EDGE ( 'NONE', *, *, #404, .F. ) ;
#1434 = CARTESIAN_POINT ( 'NONE',  ( 23.60000000000000497, 1.600000000000000089, -55.74999999999999289 ) ) ;
#1435 = EDGE_CURVE ( 'NONE', #4002, #5509, #3553, .T. ) ;
#1436 = EDGE_LOOP ( 'NONE', ( #1651, #5240, #1321, #4457, #1361, #5385, #3832, #2332, #1581, #903 ) ) ;
#1437 = ORIENTED_EDGE ( 'NONE', *, *, #3749, .F. ) ;
#1438 = CARTESIAN_POINT ( 'NONE',  ( -35.74999999999833022, 0.000000000000000000, 50.49999999999998579 ) ) ;
#1439 = ORIENTED_EDGE ( 'NONE', *, *, #984, .T. ) ;
#1440 = EDGE_CURVE ( 'NONE', #2824, #3078, #1012, .T. ) ;
#1441 = EDGE_CURVE ( 'NONE', #4433, #1040, #4452, .T. ) ;
#1442 = CYLINDRICAL_SURFACE ( 'NONE', #5567, 0.5000000000000004441 ) ;
#1443 = CYLINDRICAL_SURFACE ( 'NONE', #634, 0.4999999999999987232 ) ;
#1444 = AXIS2_PLACEMENT_3D ( 'NONE', #2103, #2527, #1741 ) ;
#1445 = DIRECTION ( 'NONE',  ( 1.000000000000000000, -0.000000000000000000, -0.000000000000000000 ) ) ;
#1446 = DIRECTION ( 'NONE',  ( 0.000000000000000000, 0.000000000000000000, -1.000000000000000000 ) ) ;
#1447 = CARTESIAN_POINT ( 'NONE',  ( -37.84999999999998721, 1.600000000000000089, 50.49999999999998579 ) ) ;
#1448 = CARTESIAN_POINT ( 'NONE',  ( -32.32499999999993889, 1.600000000000000089, 35.00000000000000000 ) ) ;
#1449 = CIRCLE ( 'NONE', #3350, 246.5002818899938575 ) ;
#1450 = CARTESIAN_POINT ( 'NONE',  ( 37.35000000000001563, 1.600000000000000089, 42.49999999999999289 ) ) ;
#1452 = CARTESIAN_POINT ( 'NONE',  ( -17.50000000000000000, 1.600000000000000089, 38.52765452970060522 ) ) ;
#1451 = VECTOR ( 'NONE', #4632, 1000.000000000000000 ) ;
#1453 = CARTESIAN_POINT ( 'NONE',  ( 35.75000000000125056, 0.000000000000000000, 0.000000000000000000 ) ) ;
#1454 = AXIS2_PLACEMENT_3D ( 'NONE', #4770, #5214, #450 ) ;
#1455 = VERTEX_POINT ( 'NONE', #4792 ) ;
#1456 = DIRECTION ( 'NONE',  ( 0.000000000000000000, 0.000000000000000000, 1.000000000000000000 ) ) ;
#1457 = LINE ( 'NONE', #929, #4088 ) ;
#1458 = AXIS2_PLACEMENT_3D ( 'NONE', #5579, #2534, #3439 ) ;
#1459 = VERTEX_POINT ( 'NONE', #577 ) ;
#1460 = ORIENTED_EDGE ( 'NONE', *, *, #3900, .T. ) ;
#1461 = DIRECTION ( 'NONE',  ( -0.000000000000000000, 1.000000000000000000, 0.000000000000000000 ) ) ;
#1462 = ORIENTED_EDGE ( 'NONE', *, *, #2267, .T. ) ;
#1463 = EDGE_LOOP ( 'NONE', ( #1153, #4734, #3853, #2121 ) ) ;
#1464 = CARTESIAN_POINT ( 'NONE',  ( 9.141992718397773388E-13, 0.000000000000000000, -37.21843162440529795 ) ) ;
#1465 = EDGE_CURVE ( 'NONE', #5189, #2649, #1742, .T. ) ;
#1466 = ORIENTED_EDGE ( 'NONE', *, *, #714, .T. ) ;
#1467 = DIRECTION ( 'NONE',  ( -0.000000000000000000, -1.000000000000000000, 0.000000000000000000 ) ) ;
#1468 = ORIENTED_EDGE ( 'NONE', *, *, #1791, .F. ) ;
#1469 = DIRECTION ( 'NONE',  ( 0.000000000000000000, 0.000000000000000000, -1.000000000000000000 ) ) ;
#1470 = VECTOR ( 'NONE', #3629, 1000.000000000000000 ) ;
#1471 = EDGE_CURVE ( 'NONE', #4803, #3636, #1646, .T. ) ;
#1472 = EDGE_CURVE ( 'NONE', #2679, #5025, #2220, .T. ) ;
#1473 = ORIENTED_EDGE ( 'NONE', *, *, #5256, .T. ) ;
#1474 = VECTOR ( 'NONE', #4195, 1000.000000000000000 ) ;
#1475 = DIRECTION ( 'NONE',  ( 0.000000000000000000, -1.000000000000000000, 0.000000000000000000 ) ) ;
#1476 = DIRECTION ( 'NONE',  ( 0.000000000000000000, -1.000000000000000000, 0.000000000000000000 ) ) ;
#1477 = LINE ( 'NONE', #4556, #528 ) ;
#1478 = DIRECTION ( 'NONE',  ( 0.000000000000000000, 1.000000000000000000, -0.000000000000000000 ) ) ;
#1479 = ADVANCED_FACE ( 'NONE', ( #1032 ), #1380, .F. ) ;
#1480 = ADVANCED_FACE ( 'NONE', ( #1566 ), #718, .F. ) ;
#1481 = CARTESIAN_POINT ( 'NONE',  ( 24.57499999999999929, 1.600000000000000089, 17.45000000000000639 ) ) ;
#1482 = CARTESIAN_POINT ( 'NONE',  ( 0.000000000000000000, 1.600000000000000089, 42.49999999999999289 ) ) ;
#1483 = DIRECTION ( 'NONE',  ( 0.000000000000000000, 0.000000000000000000, -1.000000000000000000 ) ) ;
#1484 = ORIENTED_EDGE ( 'NONE', *, *, #2486, .T. ) ;
#1485 = LINE ( 'NONE', #688, #4450 ) ;
#1486 = CARTESIAN_POINT ( 'NONE',  ( -32.32500000000000284, 1.600000000000000089, -54.04999999999874660 ) ) ;
#1487 = VERTEX_POINT ( 'NONE', #3677 ) ;
#1488 = ORIENTED_EDGE ( 'NONE', *, *, #3821, .F. ) ;
#1489 = DIRECTION ( 'NONE',  ( 0.000000000000000000, 0.000000000000000000, 1.000000000000000000 ) ) ;
#1490 = VERTEX_POINT ( 'NONE', #3203 ) ;
#1491 = LINE ( 'NONE', #2819, #5242 ) ;
#1492 = ORIENTED_EDGE ( 'NONE', *, *, #3409, .F. ) ;
#1493 = ADVANCED_BREP_SHAPE_REPRESENTATION ( '1.6mm-µ×°å', ( #4912, #4513 ), #2893 ) ;
#1494 = FACE_OUTER_BOUND ( 'NONE', #1590, .T. ) ;
#1495 = ORIENTED_EDGE ( 'NONE', *, *, #4473, .F. ) ;
#1496 = EDGE_CURVE ( 'NONE', #2062, #1902, #3807, .T. ) ;
#1497 = LINE ( 'NONE', #567, #4766 ) ;
#1498 = ORIENTED_EDGE ( 'NONE', *, *, #1607, .T. ) ;
#1499 = CYLINDRICAL_SURFACE ( 'NONE', #5310, 246.5002818899938859 ) ;
#1500 = DIRECTION ( 'NONE',  ( -0.000000000000000000, -1.000000000000000000, -0.000000000000000000 ) ) ;
#1501 = EDGE_CURVE ( 'NONE', #3588, #2091, #3707, .T. ) ;
#1502 = FACE_BOUND ( 'NONE', #940, .T. ) ;
#1503 = FACE_OUTER_BOUND ( 'NONE', #437, .T. ) ;
#1504 = AXIS2_PLACEMENT_3D ( 'NONE', #5142, #5452, #3397 ) ;
#1505 = CARTESIAN_POINT ( 'NONE',  ( 15.40000000000000036, 1.600000000000000089, -60.77234500001782180 ) ) ;
#1506 = CARTESIAN_POINT ( 'NONE',  ( 32.32499999999993889, 1.600000000000000089, 35.00000000000000000 ) ) ;
#1507 = ADVANCED_FACE ( 'NONE', ( #4504 ), #5373, .F. ) ;
#1508 = DIRECTION ( 'NONE',  ( 0.000000000000000000, 0.000000000000000000, 1.000000000000000000 ) ) ;
#1509 = ADVANCED_FACE ( 'NONE', ( #2362 ), #4952, .F. ) ;
#1510 = AXIS2_PLACEMENT_3D ( 'NONE', #4969, #1467, #646 ) ;
#1511 = CARTESIAN_POINT ( 'NONE',  ( -37.85000000000001563, 0.000000000000000000, 42.49999999999999289 ) ) ;
#1512 = CARTESIAN_POINT ( 'NONE',  ( -2.775557561561860405E-13, 0.000000000000000000, 21.00000000000459721 ) ) ;
#1513 = VECTOR ( 'NONE', #854, 1000.000000000000000 ) ;
#1514 = ORIENTED_EDGE ( 'NONE', *, *, #4022, .T. ) ;
#1515 = ORIENTED_EDGE ( 'NONE', *, *, #295, .F. ) ;
#1516 = CARTESIAN_POINT ( 'NONE',  ( -24.57499999999999929, 1.600000000000000089, -37.44999999999999574 ) ) ;
#1517 = ORIENTED_EDGE ( 'NONE', *, *, #2857, .F. ) ;
#1518 = CARTESIAN_POINT ( 'NONE',  ( 65.79502250232364702, 1.600000000000000089, -37.98677395305384152 ) ) ;
#1519 = DIRECTION ( 'NONE',  ( 1.000000000000000000, 0.000000000000000000, -0.000000000000000000 ) ) ;
#1520 = VECTOR ( 'NONE', #1253, 1000.000000000000000 ) ;
#1521 = EDGE_LOOP ( 'NONE', ( #1568, #1974, #3662, #2882 ) ) ;
#1522 = ORIENTED_EDGE ( 'NONE', *, *, #5546, .T. ) ;
#1523 = AXIS2_PLACEMENT_3D ( 'NONE', #944, #3091, #4839 ) ;
#1524 = CYLINDRICAL_SURFACE ( 'NONE', #3219, 0.5000000000000004441 ) ;
#1525 = ORIENTED_EDGE ( 'NONE', *, *, #2618, .F. ) ;
#1526 = DIRECTION ( 'NONE',  ( 0.000000000000000000, -1.000000000000000000, 0.000000000000000000 ) ) ;
#1527 = AXIS2_PLACEMENT_3D ( 'NONE', #3823, #774, #1683 ) ;
#1528 = VERTEX_POINT ( 'NONE', #1084 ) ;
#1529 = DIRECTION ( 'NONE',  ( 0.000000000000000000, 1.000000000000000000, 0.000000000000000000 ) ) ;
#1530 = CARTESIAN_POINT ( 'NONE',  ( -37.35000000000000142, 0.000000000000000000, -68.99999999999613465 ) ) ;
#1531 = FACE_BOUND ( 'NONE', #1063, .T. ) ;
#1532 = CARTESIAN_POINT ( 'NONE',  ( 15.40000000000000036, 1.600000000000000089, -55.74999999999999289 ) ) ;
#1533 = EDGE_CURVE ( 'NONE', #16, #66, #549, .T. ) ;
#1534 = DIRECTION ( 'NONE',  ( 0.000000000000000000, 1.000000000000000000, 0.000000000000000000 ) ) ;
#1535 = DIRECTION ( 'NONE',  ( 0.000000000000000000, 0.000000000000000000, -1.000000000000000000 ) ) ;
#1536 = FACE_BOUND ( 'NONE', #665, .T. ) ;
#1537 = DIRECTION ( 'NONE',  ( 0.000000000000000000, 0.000000000000000000, 1.000000000000000000 ) ) ;
#1538 = VECTOR ( 'NONE', #1985, 1000.000000000000000 ) ;
#1539 = CYLINDRICAL_SURFACE ( 'NONE', #4000, 0.4999999999999987232 ) ;
#1540 = CIRCLE ( 'NONE', #3167, 1.549999999999995826 ) ;
#1541 = EDGE_CURVE ( 'NONE', #4800, #2850, #4532, .T. ) ;
#1542 = EDGE_CURVE ( 'NONE', #2315, #268, #1117, .T. ) ;
#1543 = VECTOR ( 'NONE', #1952, 1000.000000000000000 ) ;
#1544 = ORIENTED_EDGE ( 'NONE', *, *, #54, .T. ) ;
#1545 = VERTEX_POINT ( 'NONE', #3626 ) ;
#1546 = CARTESIAN_POINT ( 'NONE',  ( -30.25000000000000355, 1.600000000000000089, -17.47499999999999432 ) ) ;
#1547 = VECTOR ( 'NONE', #935, 1000.000000000000000 ) ;
#1548 = ORIENTED_EDGE ( 'NONE', *, *, #4408, .T. ) ;
#1549 = CYLINDRICAL_SURFACE ( 'NONE', #189, 1.550000000000016698 ) ;
#1550 = LINE ( 'NONE', #1869, #350 ) ;
#1551 = CIRCLE ( 'NONE', #2808, 1.550000000000002709 ) ;
#1552 = AXIS2_PLACEMENT_3D ( 'NONE', #523, #2703, #3938 ) ;
#1553 = ORIENTED_EDGE ( 'NONE', *, *, #409, .T. ) ;
#1554 = ORIENTED_EDGE ( 'NONE', *, *, #3267, .F. ) ;
#1555 = DIRECTION ( 'NONE',  ( -1.000000000000000000, 0.000000000000000000, 1.734723475976810546E-16 ) ) ;
#1556 = ORIENTED_EDGE ( 'NONE', *, *, #369, .T. ) ;
#1557 = CARTESIAN_POINT ( 'NONE',  ( 0.000000000000000000, 0.000000000000000000, -55.24999999999999289 ) ) ;
#1558 = ORIENTED_EDGE ( 'NONE', *, *, #438, .T. ) ;
#1559 = LINE ( 'NONE', #1870, #3871 ) ;
#1560 = VECTOR ( 'NONE', #389, 1000.000000000000000 ) ;
#1561 = DIRECTION ( 'NONE',  ( -1.000000000000000000, 0.000000000000000000, 0.000000000000000000 ) ) ;
#1562 = CYLINDRICAL_SURFACE ( 'NONE', #1166, 1.550000000000002709 ) ;
#1563 = CARTESIAN_POINT ( 'NONE',  ( -32.32499999999993889, 0.000000000000000000, 33.45000000000000284 ) ) ;
#1564 = CIRCLE ( 'NONE', #2471, 0.5000000000000004441 ) ;
#1565 = CARTESIAN_POINT ( 'NONE',  ( 36.25000000000041211, 0.000000000000000000, -39.00000000000001421 ) ) ;
#1566 = FACE_OUTER_BOUND ( 'NONE', #2464, .T. ) ;
#1567 = FACE_BOUND ( 'NONE', #2180, .T. ) ;
#1568 = ORIENTED_EDGE ( 'NONE', *, *, #2369, .F. ) ;
#1569 = AXIS2_PLACEMENT_3D ( 'NONE', #1316, #410, #1211 ) ;
#1570 = CARTESIAN_POINT ( 'NONE',  ( 35.75000000000000000, 0.000000000000000000, -69.50000000000000000 ) ) ;
#1571 = EDGE_CURVE ( 'NONE', #668, #2599, #5326, .T. ) ;
#1572 = DIRECTION ( 'NONE',  ( -0.000000000000000000, -1.000000000000000000, -0.000000000000000000 ) ) ;
#1573 = ORIENTED_EDGE ( 'NONE', *, *, #4227, .F. ) ;
#1574 = ORIENTED_EDGE ( 'NONE', *, *, #3922, .F. ) ;
#1575 = CARTESIAN_POINT ( 'NONE',  ( -35.75000000000000000, 1.600000000000000089, -77.00000000000000000 ) ) ;
#1576 = ORIENTED_EDGE ( 'NONE', *, *, #3960, .F. ) ;
#1577 = DIRECTION ( 'NONE',  ( 0.000000000000000000, 1.000000000000000000, -0.000000000000000000 ) ) ;
#1578 = EDGE_CURVE ( 'NONE', #3126, #1946, #4559, .T. ) ;
#1579 = DIRECTION ( 'NONE',  ( 0.000000000000000000, -1.000000000000000000, 0.000000000000000000 ) ) ;
#1580 = VERTEX_POINT ( 'NONE', #2387 ) ;
#1581 = ORIENTED_EDGE ( 'NONE', *, *, #641, .T. ) ;
#1582 = CARTESIAN_POINT ( 'NONE',  ( 3.139023432719039900E-13, 1.600000000000000089, -47.49999999999564437 ) ) ;
#1583 = ORIENTED_EDGE ( 'NONE', *, *, #3922, .T. ) ;
#1584 = DIRECTION ( 'NONE',  ( 0.000000000000000000, 0.000000000000000000, 1.000000000000000000 ) ) ;
#1585 = EDGE_CURVE ( 'NONE', #4265, #5234, #233, .T. ) ;
#1586 = EDGE_CURVE ( 'NONE', #1305, #4988, #2414, .T. ) ;
#1587 = ORIENTED_EDGE ( 'NONE', *, *, #5264, .F. ) ;
#1588 = FACE_OUTER_BOUND ( 'NONE', #1521, .T. ) ;
#1589 = CARTESIAN_POINT ( 'NONE',  ( -37.85000000000001563, 1.600000000000000089, 50.99999999999999289 ) ) ;
#1590 = EDGE_LOOP ( 'NONE', ( #3241, #5108, #212, #838 ) ) ;
#1591 = DIRECTION ( 'NONE',  ( 0.000000000000000000, 0.000000000000000000, 1.000000000000000000 ) ) ;
#1592 = CARTESIAN_POINT ( 'NONE',  ( -41.25000000000000711, 0.000000000000000000, -0.000000000000000000 ) ) ;
#1593 = DIRECTION ( 'NONE',  ( -0.000000000000000000, -1.000000000000000000, 0.000000000000000000 ) ) ;
#1594 = FACE_OUTER_BOUND ( 'NONE', #672, .T. ) ;
#1595 = ORIENTED_EDGE ( 'NONE', *, *, #3681, .T. ) ;
#1596 = LINE ( 'NONE', #210, #752 ) ;
#1597 = DIRECTION ( 'NONE',  ( 0.000000000000000000, 0.000000000000000000, -1.000000000000000000 ) ) ;
#1598 = CIRCLE ( 'NONE', #4752, 0.5000000000000004441 ) ;
#1599 = ORIENTED_EDGE ( 'NONE', *, *, #1207, .T. ) ;
#1600 = VERTEX_POINT ( 'NONE', #5429 ) ;
#1601 = CARTESIAN_POINT ( 'NONE',  ( -32.32499999999993889, 1.600000000000000089, 35.00000000000000000 ) ) ;
#1602 = AXIS2_PLACEMENT_3D ( 'NONE', #5279, #3903, #3540 ) ;
#1603 = ORIENTED_EDGE ( 'NONE', *, *, #4916, .F. ) ;
#1604 = CARTESIAN_POINT ( 'NONE',  ( 37.35000000000000142, 0.000000000000000000, -77.50000000000000000 ) ) ;
#1605 = CARTESIAN_POINT ( 'NONE',  ( -27.75000000000000355, 1.600000000000000089, -20.02500000000000213 ) ) ;
#1606 = VECTOR ( 'NONE', #1868, 1000.000000000000000 ) ;
#1607 = EDGE_CURVE ( 'NONE', #1009, #874, #1144, .T. ) ;
#1608 = ORIENTED_EDGE ( 'NONE', *, *, #161, .T. ) ;
#1609 = ORIENTED_EDGE ( 'NONE', *, *, #369, .F. ) ;
#1610 = AXIS2_PLACEMENT_3D ( 'NONE', #2833, #2406, #1138 ) ;
#1611 = DIRECTION ( 'NONE',  ( 0.000000000000000000, 1.000000000000000000, -0.000000000000000000 ) ) ;
#1612 = VERTEX_POINT ( 'NONE', #4586 ) ;
#1613 = AXIS2_PLACEMENT_3D ( 'NONE', #3956, #2263, #4387 ) ;
#1614 = CIRCLE ( 'NONE', #249, 0.5000000000000004441 ) ;
#1615 = CARTESIAN_POINT ( 'NONE',  ( 17.50000000000000000, 1.600000000000000089, 36.97765452970054412 ) ) ;
#1616 = AXIS2_PLACEMENT_3D ( 'NONE', #2673, #1349, #5265 ) ;
#1617 = AXIS2_PLACEMENT_3D ( 'NONE', #2913, #4202, #328 ) ;
#1618 = EDGE_CURVE ( 'NONE', #3250, #1600, #4432, .T. ) ;
#1619 = VERTEX_POINT ( 'NONE', #5457 ) ;
#1620 = ADVANCED_FACE ( 'NONE', ( #1594 ), #3320, .F. ) ;
#1621 = CYLINDRICAL_SURFACE ( 'NONE', #4255, 1.550000000000550937 ) ;
#1622 = DIRECTION ( 'NONE',  ( -0.000000000000000000, 1.000000000000000000, -0.000000000000000000 ) ) ;
#1623 = CIRCLE ( 'NONE', #1888, 0.5000000000000004441 ) ;
#1624 = ORIENTED_EDGE ( 'NONE', *, *, #4303, .F. ) ;
#1625 = FACE_OUTER_BOUND ( 'NONE', #1676, .T. ) ;
#1626 = DIRECTION ( 'NONE',  ( -1.000000000000000000, 0.000000000000000000, -1.321694076933929864E-14 ) ) ;
#1627 = FACE_OUTER_BOUND ( 'NONE', #4938, .T. ) ;
#1628 = CARTESIAN_POINT ( 'NONE',  ( -30.25000000000000000, 0.000000000000000000, 2.525000000000006128 ) ) ;
#1629 = DIRECTION ( 'NONE',  ( 0.000000000000000000, 0.000000000000000000, 1.000000000000000000 ) ) ;
#1630 = CARTESIAN_POINT ( 'NONE',  ( -35.75000000000041211, 1.600000000000000089, -39.00000000000001421 ) ) ;
#1631 = ORIENTED_EDGE ( 'NONE', *, *, #4515, .F. ) ;
#1632 = ORIENTED_EDGE ( 'NONE', *, *, #722, .T. ) ;
#1633 = CIRCLE ( 'NONE', #2623, 60.43219500831564517 ) ;
#1634 = AXIS2_PLACEMENT_3D ( 'NONE', #572, #2696, #3064 ) ;
#1635 = EDGE_LOOP ( 'NONE', ( #3770, #3698, #2589, #5113 ) ) ;
#1636 = CARTESIAN_POINT ( 'NONE',  ( -6.750000000000002665, 0.000000000000000000, 2.525000000000003020 ) ) ;
#1637 = CARTESIAN_POINT ( 'NONE',  ( 24.57499999999999929, 1.600000000000000089, -37.44999999999999574 ) ) ;
#1638 = CIRCLE ( 'NONE', #913, 22.96473704765647383 ) ;
#1639 = VECTOR ( 'NONE', #4199, 1000.000000000000000 ) ;
#1640 = EDGE_LOOP ( 'NONE', ( #1146, #1895, #3480, #1556, #3015, #927, #1359, #4377, #5085, #2459 ) ) ;
#1641 = ORIENTED_EDGE ( 'NONE', *, *, #883, .T. ) ;
#1642 = PLANE ( 'NONE',  #2420 ) ;
#1643 = AXIS2_PLACEMENT_3D ( 'NONE', #4856, #508, #81 ) ;
#1644 = ORIENTED_EDGE ( 'NONE', *, *, #4501, .T. ) ;
#1645 = DIRECTION ( 'NONE',  ( -0.8660254037844398178, 0.000000000000000000, -0.4999999999999980016 ) ) ;
#1646 = CIRCLE ( 'NONE', #2099, 60.43219500831564517 ) ;
#1647 = ADVANCED_FACE ( 'NONE', ( #2328 ), #4046, .T. ) ;
#1648 = ORIENTED_EDGE ( 'NONE', *, *, #3854, .T. ) ;
#1649 = AXIS2_PLACEMENT_3D ( 'NONE', #1828, #1007, #125 ) ;
#1650 = DIRECTION ( 'NONE',  ( 0.000000000000000000, 0.000000000000000000, -1.000000000000000000 ) ) ;
#1651 = ORIENTED_EDGE ( 'NONE', *, *, #3996, .T. ) ;
#1652 = CARTESIAN_POINT ( 'NONE',  ( 37.35000000000001563, 1.600000000000000089, 50.99999999999999289 ) ) ;
#1653 = EDGE_CURVE ( 'NONE', #1299, #4275, #2108, .T. ) ;
#1654 = FILL_AREA_STYLE_COLOUR ( '', #1812 ) ;
#1655 = EDGE_CURVE ( 'NONE', #5298, #2826, #5147, .T. ) ;
#1656 = AXIS2_PLACEMENT_3D ( 'NONE', #1991, #4107, #2364 ) ;
#1657 = DIRECTION ( 'NONE',  ( 0.000000000000000000, 0.000000000000000000, -1.000000000000000000 ) ) ;
#1658 = LINE ( 'NONE', #4192, #3793 ) ;
#1659 = DIRECTION ( 'NONE',  ( 0.000000000000000000, 1.000000000000000000, -0.000000000000000000 ) ) ;
#1660 = EDGE_CURVE ( 'NONE', #814, #3296, #1658, .T. ) ;
#1661 = VECTOR ( 'NONE', #4620, 1000.000000000000000 ) ;
#1662 = EDGE_CURVE ( 'NONE', #5324, #726, #432, .T. ) ;
#1663 = DIRECTION ( 'NONE',  ( 0.000000000000000000, 0.000000000000000000, 1.000000000000000000 ) ) ;
#1664 = VECTOR ( 'NONE', #416, 1000.000000000000000 ) ;
#1665 = DIRECTION ( 'NONE',  ( -0.000000000000000000, 1.000000000000000000, -0.000000000000000000 ) ) ;
#1666 = VERTEX_POINT ( 'NONE', #4251 ) ;
#1667 = DIRECTION ( 'NONE',  ( 0.000000000000000000, 0.000000000000000000, -1.000000000000000000 ) ) ;
#1668 = VERTEX_POINT ( 'NONE', #2162 ) ;
#1669 = CARTESIAN_POINT ( 'NONE',  ( 41.25000000000000000, 1.600000000000000089, 54.99999999998543387 ) ) ;
#1670 = DIRECTION ( 'NONE',  ( 0.000000000000000000, 1.000000000000000000, 0.000000000000000000 ) ) ;
#1671 = EDGE_LOOP ( 'NONE', ( #1522, #5144, #4345, #2598, #5470, #5016, #2421, #270, #5046, #3745 ) ) ;
#1672 = ORIENTED_EDGE ( 'NONE', *, *, #4242, .F. ) ;
#1673 = CARTESIAN_POINT ( 'NONE',  ( -30.25000000000000000, 1.600000000000000089, -0.02500000000000375186 ) ) ;
#1674 = ORIENTED_EDGE ( 'NONE', *, *, #2966, .T. ) ;
#1675 = CARTESIAN_POINT ( 'NONE',  ( -37.85000000000000142, 1.600000000000000089, -77.50000000000000000 ) ) ;
#1676 = EDGE_LOOP ( 'NONE', ( #3510, #1309, #4593, #2287 ) ) ;
#1677 = ADVANCED_FACE ( 'NONE', ( #5545 ), #3402, .F. ) ;
#1678 = DIRECTION ( 'NONE',  ( 0.000000000000000000, 0.000000000000000000, 1.000000000000000000 ) ) ;
#1679 = ORIENTED_EDGE ( 'NONE', *, *, #5508, .T. ) ;
#1680 = DIRECTION ( 'NONE',  ( 1.000000000000000000, -0.000000000000000000, 0.000000000000000000 ) ) ;
#1681 =( LENGTH_UNIT ( ) NAMED_UNIT ( * ) SI_UNIT ( .MILLI., .METRE. ) );
#1682 = ADVANCED_FACE ( 'NONE', ( #834 ), #5120, .F. ) ;
#1683 = DIRECTION ( 'NONE',  ( 0.000000000000000000, 0.000000000000000000, -1.000000000000000000 ) ) ;
#1684 = DIRECTION ( 'NONE',  ( -1.000000000000000000, 0.000000000000000000, 0.000000000000000000 ) ) ;
#1685 = LINE ( 'NONE', #2983, #4812 ) ;
#1686 = FACE_OUTER_BOUND ( 'NONE', #5513, .T. ) ;
#1687 = EDGE_CURVE ( 'NONE', #3078, #2824, #1540, .T. ) ;
#1688 = CARTESIAN_POINT ( 'NONE',  ( 35.75000000000167688, 1.600000000000000089, 50.99999999999999289 ) ) ;
#1689 = VERTEX_POINT ( 'NONE', #2076 ) ;
#1690 = EDGE_CURVE ( 'NONE', #771, #2145, #4218, .T. ) ;
#1691 = DIRECTION ( 'NONE',  ( 0.000000000000000000, 0.000000000000000000, -1.000000000000000000 ) ) ;
#1692 = ORIENTED_EDGE ( 'NONE', *, *, #2024, .T. ) ;
#1693 = CARTESIAN_POINT ( 'NONE',  ( -27.75000000000000355, 0.000000000000000000, -20.02500000000000213 ) ) ;
#1694 = CARTESIAN_POINT ( 'NONE',  ( 35.75000000000125056, 0.000000000000000000, 12.49999999999999645 ) ) ;
#1695 = ORIENTED_EDGE ( 'NONE', *, *, #2069, .F. ) ;
#1696 = VERTEX_POINT ( 'NONE', #348 ) ;
#1697 = CARTESIAN_POINT ( 'NONE',  ( 7.650000000000000355, 1.600000000000000089, -61.27234500001782180 ) ) ;
#1698 = ORIENTED_EDGE ( 'NONE', *, *, #4066, .T. ) ;
#1699 = CARTESIAN_POINT ( 'NONE',  ( 35.75000000000125056, 1.600000000000000089, 20.99999999999998934 ) ) ;
#1700 = ORIENTED_EDGE ( 'NONE', *, *, #3673, .T. ) ;
#1701 = VECTOR ( 'NONE', #5173, 1000.000000000000000 ) ;
#1702 = DIRECTION ( 'NONE',  ( 0.000000000000000000, 0.000000000000000000, 1.000000000000000000 ) ) ;
#1703 = DIRECTION ( 'NONE',  ( 0.000000000000000000, 1.000000000000000000, -0.000000000000000000 ) ) ;
#1704 = EDGE_LOOP ( 'NONE', ( #608, #2844, #2793, #4601 ) ) ;
#1705 = CARTESIAN_POINT ( 'NONE',  ( 37.85000000000000142, 0.000000000000000000, -77.50000000000000000 ) ) ;
#1706 = AXIS2_PLACEMENT_3D ( 'NONE', #1774, #4371, #1875 ) ;
#1707 = CARTESIAN_POINT ( 'NONE',  ( -6.750000000000002665, 1.600000000000000089, -17.47499999999999787 ) ) ;
#1708 = AXIS2_PLACEMENT_3D ( 'NONE', #57, #427, #3059 ) ;
#1709 = VECTOR ( 'NONE', #3177, 1000.000000000000000 ) ;
#1710 = DIRECTION ( 'NONE',  ( 0.000000000000000000, 1.000000000000000000, -0.000000000000000000 ) ) ;
#1711 = FACE_OUTER_BOUND ( 'NONE', #3640, .T. ) ;
#1712 = FACE_OUTER_BOUND ( 'NONE', #1034, .T. ) ;
#1713 = LINE ( 'NONE', #1746, #1216 ) ;
#1714 = CIRCLE ( 'NONE', #1527, 0.4999999999999987232 ) ;
#1715 = EDGE_CURVE ( 'NONE', #3612, #1902, #1206, .T. ) ;
#1716 = DIRECTION ( 'NONE',  ( 0.000000000000000000, -1.000000000000000000, 0.000000000000000000 ) ) ;
#1717 = ORIENTED_EDGE ( 'NONE', *, *, #5271, .T. ) ;
#1718 = CARTESIAN_POINT ( 'NONE',  ( -36.25000000000041211, 0.000000000000000000, -47.49999999999587885 ) ) ;
#1719 = ORIENTED_EDGE ( 'NONE', *, *, #4926, .T. ) ;
#1720 = CARTESIAN_POINT ( 'NONE',  ( -35.74999999999833022, 1.600000000000000089, 43.00000000000000000 ) ) ;
#1721 = CARTESIAN_POINT ( 'NONE',  ( -36.25000000000041211, 1.600000000000000089, -38.99999999999588596 ) ) ;
#1722 = EDGE_CURVE ( 'NONE', #2392, #4265, #3618, .T. ) ;
#1723 = EDGE_CURVE ( 'NONE', #1042, #2005, #5069, .T. ) ;
#1724 = ORIENTED_EDGE ( 'NONE', *, *, #1343, .T. ) ;
#1725 = ORIENTED_EDGE ( 'NONE', *, *, #2721, .T. ) ;
#1726 = DIRECTION ( 'NONE',  ( 0.000000000000000000, -1.000000000000000000, 0.000000000000000000 ) ) ;
#1727 = VERTEX_POINT ( 'NONE', #1628 ) ;
#1728 = EDGE_LOOP ( 'NONE', ( #1014, #720, #1495, #3532 ) ) ;
#1729 = CARTESIAN_POINT ( 'NONE',  ( 37.85000000000000853, 1.600000000000000089, -48.00000000000000000 ) ) ;
#1731 = EDGE_CURVE ( 'NONE', #1459, #3365, #1231, .T. ) ;
#1730 = VECTOR ( 'NONE', #4075, 1000.000000000000000 ) ;
#1732 = EDGE_CURVE ( 'NONE', #4800, #2709, #2954, .T. ) ;
#1733 = VECTOR ( 'NONE', #2640, 1000.000000000000000 ) ;
#1734 = VERTEX_POINT ( 'NONE', #4667 ) ;
#1735 = VECTOR ( 'NONE', #2546, 1000.000000000000000 ) ;
#1736 = CARTESIAN_POINT ( 'NONE',  ( -24.57499999999999929, 0.000000000000000000, -37.44999999999999574 ) ) ;
#1737 = VECTOR ( 'NONE', #5464, 1000.000000000000000 ) ;
#1738 = DIRECTION ( 'NONE',  ( 0.000000000000000000, 1.000000000000000000, 0.000000000000000000 ) ) ;
#1739 = ORIENTED_EDGE ( 'NONE', *, *, #5169, .F. ) ;
#1740 = DIRECTION ( 'NONE',  ( 0.000000000000000000, 0.000000000000000000, -1.000000000000000000 ) ) ;
#1741 = DIRECTION ( 'NONE',  ( 0.000000000000000000, 0.000000000000000000, -1.000000000000000000 ) ) ;
#1742 = CIRCLE ( 'NONE', #18, 0.5000000000000004441 ) ;
#1743 = CARTESIAN_POINT ( 'NONE',  ( 32.32499999999993889, 1.600000000000000089, -54.05000000000106297 ) ) ;
#1744 = DIRECTION ( 'NONE',  ( 0.000000000000000000, 1.000000000000000000, -0.000000000000000000 ) ) ;
#1745 = DIRECTION ( 'NONE',  ( 0.000000000000000000, 0.000000000000000000, 1.000000000000000000 ) ) ;
#1746 = CARTESIAN_POINT ( 'NONE',  ( 37.85000000000000142, 0.000000000000000000, -0.000000000000000000 ) ) ;
#1747 = ORIENTED_EDGE ( 'NONE', *, *, #336, .T. ) ;
#1748 = PLANE ( 'NONE',  #5396 ) ;
#1749 = EDGE_LOOP ( 'NONE', ( #1631, #5551 ) ) ;
#1750 = CYLINDRICAL_SURFACE ( 'NONE', #5243, 1.275000000000005240 ) ;
#1751 = EDGE_CURVE ( 'NONE', #1834, #4257, #4698, .T. ) ;
#1752 = CIRCLE ( 'NONE', #387, 0.5000000000000004441 ) ;
#1753 = EDGE_LOOP ( 'NONE', ( #467, #19, #1388, #756 ) ) ;
#1754 = CYLINDRICAL_SURFACE ( 'NONE', #3630, 1.550000000000002709 ) ;
#1755 = CARTESIAN_POINT ( 'NONE',  ( 7.650000000000000355, 1.600000000000000089, -67.73338711122495681 ) ) ;
#1756 = VECTOR ( 'NONE', #1882, 1000.000000000000000 ) ;
#1757 = ORIENTED_EDGE ( 'NONE', *, *, #3644, .F. ) ;
#1758 = ORIENTED_EDGE ( 'NONE', *, *, #2105, .F. ) ;
#1759 = DIRECTION ( 'NONE',  ( -1.000000000000000000, -0.000000000000000000, 1.734723475976810299E-16 ) ) ;
#1760 = EDGE_CURVE ( 'NONE', #4543, #1612, #1449, .T. ) ;
#1761 = EDGE_LOOP ( 'NONE', ( #4915, #401, #2645, #3268 ) ) ;
#1762 = ORIENTED_EDGE ( 'NONE', *, *, #4466, .F. ) ;
#1763 = DIRECTION ( 'NONE',  ( 0.000000000000000000, 0.000000000000000000, -1.000000000000000000 ) ) ;
#1764 = EDGE_LOOP ( 'NONE', ( #3130, #2455, #281, #4179 ) ) ;
#1765 = ADVANCED_FACE ( 'NONE', ( #1711 ), #3434, .F. ) ;
#1766 = EDGE_CURVE ( 'NONE', #4961, #4320, #3877, .T. ) ;
#1767 = CARTESIAN_POINT ( 'NONE',  ( -37.85000000000000142, 1.600000000000000089, 0.000000000000000000 ) ) ;
#1768 = DIRECTION ( 'NONE',  ( 0.000000000000000000, 1.000000000000000000, -0.000000000000000000 ) ) ;
#1769 = PLANE ( 'NONE',  #3335 ) ;
#1770 = CARTESIAN_POINT ( 'NONE',  ( 9.371867175538477923, 0.000000000000000000, -10.52234547028044176 ) ) ;
#1771 = FACE_OUTER_BOUND ( 'NONE', #4713, .T. ) ;
#1772 = DIRECTION ( 'NONE',  ( 0.000000000000000000, 1.000000000000000000, -0.000000000000000000 ) ) ;
#1773 = ORIENTED_EDGE ( 'NONE', *, *, #3756, .F. ) ;
#1774 = CARTESIAN_POINT ( 'NONE',  ( -35.75000000000041211, 1.600000000000000089, -39.00000000000001421 ) ) ;
#1775 = CARTESIAN_POINT ( 'NONE',  ( 17.50000000000000000, 1.600000000000000089, 36.97765452970054412 ) ) ;
#1776 = ORIENTED_EDGE ( 'NONE', *, *, #4826, .T. ) ;
#1777 = DIRECTION ( 'NONE',  ( 1.000000000000000000, 0.000000000000000000, -1.734723475976810546E-16 ) ) ;
#1778 = DIRECTION ( 'NONE',  ( 0.000000000000000000, 0.000000000000000000, 1.000000000000000000 ) ) ;
#1779 = ORIENTED_EDGE ( 'NONE', *, *, #5021, .F. ) ;
#1780 = ORIENTED_EDGE ( 'NONE', *, *, #5223, .F. ) ;
#1781 = CARTESIAN_POINT ( 'NONE',  ( -35.75000000000041211, 1.600000000000000089, -47.50000000000000711 ) ) ;
#1782 = VERTEX_POINT ( 'NONE', #1770 ) ;
#1783 = ORIENTED_EDGE ( 'NONE', *, *, #4243, .F. ) ;
#1784 = DIRECTION ( 'NONE',  ( 0.000000000000000000, -1.000000000000000000, 0.000000000000000000 ) ) ;
#1785 = AXIS2_PLACEMENT_3D ( 'NONE', #1589, #4661, #4607 ) ;
#1786 = EDGE_CURVE ( 'NONE', #4628, #2084, #118, .T. ) ;
#1787 = ORIENTED_EDGE ( 'NONE', *, *, #4549, .F. ) ;
#1788 = CARTESIAN_POINT ( 'NONE',  ( 15.40000000000000036, 1.600000000000000089, -55.24999999999999289 ) ) ;
#1789 = DIRECTION ( 'NONE',  ( 0.000000000000000000, -1.000000000000000000, 0.000000000000000000 ) ) ;
#1790 = ADVANCED_FACE ( 'NONE', ( #4366 ), #3491, .F. ) ;
#1791 = EDGE_CURVE ( 'NONE', #1782, #4543, #62, .T. ) ;
#1792 = CIRCLE ( 'NONE', #702, 0.5000000000000004441 ) ;
#1793 = CARTESIAN_POINT ( 'NONE',  ( -37.85000000000000142, 1.600000000000000089, 0.000000000000000000 ) ) ;
#1794 = DIRECTION ( 'NONE',  ( -0.000000000000000000, -1.000000000000000000, 0.000000000000000000 ) ) ;
#1795 = DIRECTION ( 'NONE',  ( 0.000000000000000000, 0.000000000000000000, -1.000000000000000000 ) ) ;
#1796 = VECTOR ( 'NONE', #3674, 1000.000000000000000 ) ;
#1797 = CARTESIAN_POINT ( 'NONE',  ( -19.17894705065968353, -8.400000000000000355, 19.29783693159140157 ) ) ;
#1798 = VECTOR ( 'NONE', #2562, 1000.000000000000000 ) ;
#1799 = ORIENTED_EDGE ( 'NONE', *, *, #4892, .T. ) ;
#1800 = AXIS2_PLACEMENT_3D ( 'NONE', #4865, #2579, #514 ) ;
#1801 = CARTESIAN_POINT ( 'NONE',  ( -30.25000000000000355, 0.000000000000000000, -17.47499999999999432 ) ) ;
#1802 = DIRECTION ( 'NONE',  ( -0.000000000000000000, -1.000000000000000000, -0.000000000000000000 ) ) ;
#1803 = ORIENTED_EDGE ( 'NONE', *, *, #58, .F. ) ;
#1804 = CIRCLE ( 'NONE', #4949, 11.45859644822850498 ) ;
#1805 = CARTESIAN_POINT ( 'NONE',  ( 23.60000000000000142, 0.000000000000000000, -85.98338711122495681 ) ) ;
#1806 = ORIENTED_EDGE ( 'NONE', *, *, #5028, .F. ) ;
#1807 = EDGE_LOOP ( 'NONE', ( #3184, #1217, #2940, #3385 ) ) ;
#1808 = CARTESIAN_POINT ( 'NONE',  ( 37.85000000000001563, 1.600000000000000089, 11.99999999999999822 ) ) ;
#1809 = VERTEX_POINT ( 'NONE', #947 ) ;
#1810 = ORIENTED_EDGE ( 'NONE', *, *, #1981, .T. ) ;
#1811 = LINE ( 'NONE', #3611, #3087 ) ;
#1812 = COLOUR_RGB ( '',0.7921568627450980005, 0.8196078431372548767, 0.9333333333333333481 ) ;
#1813 = ORIENTED_EDGE ( 'NONE', *, *, #2894, .F. ) ;
#1814 = DIRECTION ( 'NONE',  ( -0.000000000000000000, 1.000000000000000000, -0.000000000000000000 ) ) ;
#1815 = EDGE_CURVE ( 'NONE', #418, #768, #4868, .T. ) ;
#1816 = DIRECTION ( 'NONE',  ( 0.000000000000000000, 0.000000000000000000, -1.000000000000000000 ) ) ;
#1817 = CIRCLE ( 'NONE', #95, 1.550000000000002709 ) ;
#1818 = CIRCLE ( 'NONE', #5233, 0.5000000000000004441 ) ;
#1819 = LINE ( 'NONE', #4780, #3776 ) ;
#1820 = AXIS2_PLACEMENT_3D ( 'NONE', #4941, #2827, #5505 ) ;
#1821 = DIRECTION ( 'NONE',  ( -0.000000000000000000, 1.000000000000000000, -0.000000000000000000 ) ) ;
#1822 = FACE_OUTER_BOUND ( 'NONE', #3616, .T. ) ;
#1823 = EDGE_CURVE ( 'NONE', #1291, #1305, #5060, .T. ) ;
#1824 = CARTESIAN_POINT ( 'NONE',  ( -6.750000000000002665, 1.600000000000000089, -18.75000000000000000 ) ) ;
#1825 = CARTESIAN_POINT ( 'NONE',  ( -36.25000000000041211, 0.000000000000000000, -38.99999999999589306 ) ) ;
#1826 = AXIS2_PLACEMENT_3D ( 'NONE', #146, #3576, #977 ) ;
#1827 = DIRECTION ( 'NONE',  ( 0.000000000000000000, 0.000000000000000000, 1.000000000000000000 ) ) ;
#1828 = CARTESIAN_POINT ( 'NONE',  ( -30.25000000000000355, 1.600000000000000089, -17.47499999999999432 ) ) ;
#1829 = ADVANCED_FACE ( 'NONE', ( #1822 ), #5283, .F. ) ;
#1830 = ADVANCED_FACE ( 'NONE', ( #4754 ), #1340, .T. ) ;
#1831 = VERTEX_POINT ( 'NONE', #3933 ) ;
#1832 = DIRECTION ( 'NONE',  ( 0.000000000000000000, 0.000000000000000000, -1.000000000000000000 ) ) ;
#1833 = LINE ( 'NONE', #1407, #3635 ) ;
#1834 = VERTEX_POINT ( 'NONE', #972 ) ;
#1835 = ORIENTED_EDGE ( 'NONE', *, *, #2127, .T. ) ;
#1836 = VECTOR ( 'NONE', #4764, 1000.000000000000000 ) ;
#1837 = LINE ( 'NONE', #3607, #915 ) ;
#1838 = ORIENTED_EDGE ( 'NONE', *, *, #3341, .T. ) ;
#1839 = ORIENTED_EDGE ( 'NONE', *, *, #3579, .T. ) ;
#1840 = DIRECTION ( 'NONE',  ( 0.000000000000000000, 1.000000000000000000, 0.000000000000000000 ) ) ;
#1841 = AXIS2_PLACEMENT_3D ( 'NONE', #948, #4785, #3067 ) ;
#1842 = VECTOR ( 'NONE', #44, 1000.000000000000000 ) ;
#1843 = ORIENTED_EDGE ( 'NONE', *, *, #1958, .T. ) ;
#1844 = DIRECTION ( 'NONE',  ( 0.000000000000000000, 0.000000000000000000, -1.000000000000000000 ) ) ;
#1845 = CIRCLE ( 'NONE', #942, 1.550000000000002709 ) ;
#1846 = DIRECTION ( 'NONE',  ( 0.000000000000000000, 1.000000000000000000, -0.000000000000000000 ) ) ;
#1847 = DIRECTION ( 'NONE',  ( 0.000000000000000000, 1.000000000000000000, -0.000000000000000000 ) ) ;
#1848 = DIRECTION ( 'NONE',  ( -0.000000000000000000, -1.000000000000000000, -0.000000000000000000 ) ) ;
#1849 = CARTESIAN_POINT ( 'NONE',  ( 35.75000000000000000, 1.600000000000000089, 0.000000000000000000 ) ) ;
#1850 = LINE ( 'NONE', #2216, #114 ) ;
#1851 = LINE ( 'NONE', #5285, #2082 ) ;
#1852 = EDGE_CURVE ( 'NONE', #3659, #4257, #1818, .T. ) ;
#1853 = CARTESIAN_POINT ( 'NONE',  ( 37.85000000000000142, 0.000000000000000000, -77.50000000000000000 ) ) ;
#1854 = DIRECTION ( 'NONE',  ( 0.000000000000000000, 0.000000000000000000, 1.000000000000000000 ) ) ;
#1855 = ORIENTED_EDGE ( 'NONE', *, *, #295, .T. ) ;
#1856 = DIRECTION ( 'NONE',  ( 0.000000000000000000, 1.000000000000000000, -0.000000000000000000 ) ) ;
#1857 = DIRECTION ( 'NONE',  ( 0.000000000000000000, 1.000000000000000000, -0.000000000000000000 ) ) ;
#1858 = ADVANCED_FACE ( 'NONE', ( #3035 ), #4012, .T. ) ;
#1859 = EDGE_CURVE ( 'NONE', #4147, #4708, #5507, .T. ) ;
#1860 = VERTEX_POINT ( 'NONE', #4335 ) ;
#1861 = ORIENTED_EDGE ( 'NONE', *, *, #1465, .T. ) ;
#1862 = DIRECTION ( 'NONE',  ( 0.000000000000000000, 0.000000000000000000, 1.000000000000000000 ) ) ;
#1863 = EDGE_LOOP ( 'NONE', ( #4967, #559, #5561, #4140 ) ) ;
#1864 = ORIENTED_EDGE ( 'NONE', *, *, #778, .T. ) ;
#1865 = FACE_OUTER_BOUND ( 'NONE', #4200, .T. ) ;
#1866 = ORIENTED_EDGE ( 'NONE', *, *, #2935, .T. ) ;
#1867 = CARTESIAN_POINT ( 'NONE',  ( -37.35000000000000142, 0.000000000000000000, -77.49999999999613465 ) ) ;
#1868 = DIRECTION ( 'NONE',  ( 1.000000000000000000, 0.000000000000000000, 1.321694076933667804E-14 ) ) ;
#1869 = CARTESIAN_POINT ( 'NONE',  ( 0.000000000000000000, 1.600000000000000089, 22.50000000000000000 ) ) ;
#1870 = CARTESIAN_POINT ( 'NONE',  ( 36.25000000000125056, 1.600000000000000089, 20.99999999999998934 ) ) ;
#1871 = DIRECTION ( 'NONE',  ( 0.000000000000000000, 0.000000000000000000, -1.000000000000000000 ) ) ;
#1872 = FACE_BOUND ( 'NONE', #5137, .T. ) ;
#1873 = CARTESIAN_POINT ( 'NONE',  ( -6.750000000000002665, 1.600000000000000089, 2.525000000000003020 ) ) ;
#1874 = AXIS2_PLACEMENT_3D ( 'NONE', #4573, #2377, #3589 ) ;
#1875 = DIRECTION ( 'NONE',  ( 0.000000000000000000, 0.000000000000000000, -1.000000000000000000 ) ) ;
#1876 = CARTESIAN_POINT ( 'NONE',  ( -3.053113317719180486E-13, 1.600000000000000089, 76.60593569216008802 ) ) ;
#1877 = CIRCLE ( 'NONE', #4036, 1.550000000004069012 ) ;
#1878 = DIRECTION ( 'NONE',  ( 0.000000000000000000, 1.000000000000000000, -0.000000000000000000 ) ) ;
#1879 = ORIENTED_EDGE ( 'NONE', *, *, #2310, .F. ) ;
#1880 = LINE ( 'NONE', #3603, #3814 ) ;
#1881 = ADVANCED_FACE ( 'NONE', ( #3519 ), #461, .F. ) ;
#1882 = DIRECTION ( 'NONE',  ( 0.000000000000000000, 0.000000000000000000, 1.000000000000000000 ) ) ;
#1883 = AXIS2_PLACEMENT_3D ( 'NONE', #2219, #3992, #3101 ) ;
#1884 = VECTOR ( 'NONE', #2726, 1000.000000000000000 ) ;
#1885 = ORIENTED_EDGE ( 'NONE', *, *, #3032, .T. ) ;
#1886 = VERTEX_POINT ( 'NONE', #36 ) ;
#1887 = CARTESIAN_POINT ( 'NONE',  ( -37.85000000000001563, 1.600000000000000089, 41.99999999999999289 ) ) ;
#1888 = AXIS2_PLACEMENT_3D ( 'NONE', #2864, #4585, #2837 ) ;
#1889 = ORIENTED_EDGE ( 'NONE', *, *, #2643, .F. ) ;
#1890 = ORIENTED_EDGE ( 'NONE', *, *, #4750, .T. ) ;
#1891 = CARTESIAN_POINT ( 'NONE',  ( -9.249999999999998224, 0.000000000000000000, 2.525000000000003464 ) ) ;
#1892 = EDGE_CURVE ( 'NONE', #1580, #1269, #3253, .T. ) ;
#1893 = EDGE_CURVE ( 'NONE', #4708, #4482, #90, .T. ) ;
#1894 = EDGE_CURVE ( 'NONE', #1689, #1990, #2265, .T. ) ;
#1895 = ORIENTED_EDGE ( 'NONE', *, *, #4862, .F. ) ;
#1896 = DIRECTION ( 'NONE',  ( 0.000000000000000000, 0.000000000000000000, -1.000000000000000000 ) ) ;
#1897 = EDGE_LOOP ( 'NONE', ( #4758, #725, #5362, #264, #5217, #1525, #388, #3192, #3729, #3180 ) ) ;
#1898 = CARTESIAN_POINT ( 'NONE',  ( 0.000000000000000000, 0.000000000000000000, 54.99999999998543387 ) ) ;
#1899 = EDGE_CURVE ( 'NONE', #1040, #5023, #4420, .T. ) ;
#1900 = ADVANCED_FACE ( 'NONE', ( #3988 ), #2859, .F. ) ;
#1901 =( GEOMETRIC_REPRESENTATION_CONTEXT ( 3 ) GLOBAL_UNCERTAINTY_ASSIGNED_CONTEXT ( ( #3737 ) ) GLOBAL_UNIT_ASSIGNED_CONTEXT ( ( #1681, #4694, #4727 ) ) REPRESENTATION_CONTEXT ( 'NONE', 'WORKASPACE' ) );
#1902 = VERTEX_POINT ( 'NONE', #3222 ) ;
#1903 = DIRECTION ( 'NONE',  ( 0.000000000000000000, 1.000000000000000000, -0.000000000000000000 ) ) ;
#1904 = CARTESIAN_POINT ( 'NONE',  ( -35.75000000000167688, 1.600000000000000089, 50.99999999999999289 ) ) ;
#1905 = DIRECTION ( 'NONE',  ( 0.000000000000000000, 1.000000000000000000, -0.000000000000000000 ) ) ;
#1906 = DIRECTION ( 'NONE',  ( 0.000000000000000000, 0.000000000000000000, -1.000000000000000000 ) ) ;
#1907 = VECTOR ( 'NONE', #260, 1000.000000000000000 ) ;
#1908 = CARTESIAN_POINT ( 'NONE',  ( 35.75000000000000000, 0.000000000000000000, -77.50000000000000000 ) ) ;
#1910 = DIRECTION ( 'NONE',  ( 0.000000000000000000, -1.000000000000000000, 0.000000000000000000 ) ) ;
#1909 = VECTOR ( 'NONE', #3272, 1000.000000000000000 ) ;
#1911 = CARTESIAN_POINT ( 'NONE',  ( 41.24999999999981526, 0.000000000000000000, -28.31951377055149877 ) ) ;
#1912 = ORIENTED_EDGE ( 'NONE', *, *, #4349, .T. ) ;
#1913 = CARTESIAN_POINT ( 'NONE',  ( -24.57499999999999929, 0.000000000000000000, 17.45000000000000284 ) ) ;
#1914 = DIRECTION ( 'NONE',  ( 0.000000000000000000, 1.000000000000000000, 0.000000000000000000 ) ) ;
#1915 = CIRCLE ( 'NONE', #643, 1.550000000000002709 ) ;
#1916 = EDGE_CURVE ( 'NONE', #1104, #3407, #4579, .T. ) ;
#1917 = ORIENTED_EDGE ( 'NONE', *, *, #5473, .T. ) ;
#1918 = ORIENTED_EDGE ( 'NONE', *, *, #2410, .F. ) ;
#1919 = CYLINDRICAL_SURFACE ( 'NONE', #1368, 2.500000000000002220 ) ;
#1920 = ORIENTED_EDGE ( 'NONE', *, *, #1229, .T. ) ;
#1921 = CARTESIAN_POINT ( 'NONE',  ( 0.000000000000000000, 1.600000000000000089, 33.95859644822850498 ) ) ;
#1922 = AXIS2_PLACEMENT_3D ( 'NONE', #3970, #4346, #1383 ) ;
#1923 = ADVANCED_FACE ( 'NONE', ( #5005 ), #4039, .F. ) ;
#1924 = ORIENTED_EDGE ( 'NONE', *, *, #579, .F. ) ;
#1925 = DIRECTION ( 'NONE',  ( 0.000000000000000000, 0.000000000000000000, -1.000000000000000000 ) ) ;
#1926 = VERTEX_POINT ( 'NONE', #1530 ) ;
#1927 = DIRECTION ( 'NONE',  ( 0.000000000000000000, -1.000000000000000000, 0.000000000000000000 ) ) ;
#1928 = AXIS2_PLACEMENT_3D ( 'NONE', #5071, #2136, #4283 ) ;
#1929 = CIRCLE ( 'NONE', #3283, 0.4999999999999987232 ) ;
#1930 = EDGE_CURVE ( 'NONE', #1619, #1943, #5289, .T. ) ;
#1931 = ORIENTED_EDGE ( 'NONE', *, *, #5401, .T. ) ;
#1932 = EDGE_CURVE ( 'NONE', #3588, #4887, #4976, .T. ) ;
#1933 = CIRCLE ( 'NONE', #2116, 0.5000000000000004441 ) ;
#1934 = DIRECTION ( 'NONE',  ( 0.000000000000000000, 0.000000000000000000, 1.000000000000000000 ) ) ;
#1935 = CARTESIAN_POINT ( 'NONE',  ( 7.650000000000000355, 0.000000000000000000, -67.73338711122495681 ) ) ;
#1936 = CARTESIAN_POINT ( 'NONE',  ( -6.740639792362312560E-13, 1.600000000000000089, 51.00000000000459721 ) ) ;
#1937 = LINE ( 'NONE', #1532, #731 ) ;
#1938 = DIRECTION ( 'NONE',  ( -0.000000000000000000, -1.000000000000000000, 0.000000000000000000 ) ) ;
#1939 = CARTESIAN_POINT ( 'NONE',  ( -24.57499999999999929, 1.600000000000000089, 19.00000000000000355 ) ) ;
#1940 = FACE_BOUND ( 'NONE', #5431, .T. ) ;
#1941 = LINE ( 'NONE', #5405, #3906 ) ;
#1942 = CARTESIAN_POINT ( 'NONE',  ( -36.25000000000000000, 1.600000000000000089, -77.49999999999666045 ) ) ;
#1943 = VERTEX_POINT ( 'NONE', #1026 ) ;
#1944 = ORIENTED_EDGE ( 'NONE', *, *, #4516, .F. ) ;
#1945 = DIRECTION ( 'NONE',  ( 0.000000000000000000, 0.000000000000000000, -1.000000000000000000 ) ) ;
#1946 = VERTEX_POINT ( 'NONE', #1139 ) ;
#1947 = FACE_OUTER_BOUND ( 'NONE', #4373, .T. ) ;
#1948 = ORIENTED_EDGE ( 'NONE', *, *, #4383, .F. ) ;
#1949 = ORIENTED_EDGE ( 'NONE', *, *, #441, .T. ) ;
#1950 = DIRECTION ( 'NONE',  ( 0.000000000000000000, 0.000000000000000000, -1.000000000000000000 ) ) ;
#1951 = ORIENTED_EDGE ( 'NONE', *, *, #5238, .T. ) ;
#1952 = DIRECTION ( 'NONE',  ( 1.000000000000000000, -0.000000000000000000, 0.000000000000000000 ) ) ;
#1953 = ADVANCED_FACE ( 'NONE', ( #2802 ), #1111, .F. ) ;
#1954 = VERTEX_POINT ( 'NONE', #4073 ) ;
#1955 = FACE_OUTER_BOUND ( 'NONE', #1761, .T. ) ;
#1956 = LINE ( 'NONE', #4496, #5115 ) ;
#1957 = DIRECTION ( 'NONE',  ( 0.000000000000000000, 1.000000000000000000, 0.000000000000000000 ) ) ;
#1958 = EDGE_CURVE ( 'NONE', #5484, #148, #4027, .T. ) ;
#1959 = ADVANCED_FACE ( 'NONE', ( #3731 ), #3672, .F. ) ;
#1960 = LINE ( 'NONE', #5345, #367 ) ;
#1961 = DIRECTION ( 'NONE',  ( 0.000000000000000000, 0.000000000000000000, 1.000000000000000000 ) ) ;
#1962 = CARTESIAN_POINT ( 'NONE',  ( 19.17894705065991445, -8.400000000000000355, -40.34252787215213232 ) ) ;
#1963 = CARTESIAN_POINT ( 'NONE',  ( -17.50000000000000000, 1.600000000000000089, 38.52765452970060522 ) ) ;
#1964 = DIRECTION ( 'NONE',  ( 0.000000000000000000, 0.000000000000000000, -1.000000000000000000 ) ) ;
#1965 = CARTESIAN_POINT ( 'NONE',  ( 37.35000000000000853, 1.600000000000000089, -47.50000000000000000 ) ) ;
#1966 = AXIS2_PLACEMENT_3D ( 'NONE', #5350, #1878, #1033 ) ;
#1967 = EDGE_LOOP ( 'NONE', ( #2975, #4603, #1517, #4293 ) ) ;
#1968 = ORIENTED_EDGE ( 'NONE', *, *, #723, .T. ) ;
#1969 = LINE ( 'NONE', #239, #4885 ) ;
#1970 = VERTEX_POINT ( 'NONE', #3622 ) ;
#1971 = DIRECTION ( 'NONE',  ( -1.261617073438012032E-16, 0.000000000000000000, 1.000000000000000000 ) ) ;
#1972 = CARTESIAN_POINT ( 'NONE',  ( 35.75000000000125056, 1.600000000000000089, 20.49999999999998934 ) ) ;
#1973 = VERTEX_POINT ( 'NONE', #4894 ) ;
#1974 = ORIENTED_EDGE ( 'NONE', *, *, #5063, .T. ) ;
#1975 = AXIS2_PLACEMENT_3D ( 'NONE', #5175, #1768, #3487 ) ;
#1976 = DIRECTION ( 'NONE',  ( 0.000000000000000000, 1.000000000000000000, -0.000000000000000000 ) ) ;
#1977 = ORIENTED_EDGE ( 'NONE', *, *, #1760, .F. ) ;
#1978 = DIRECTION ( 'NONE',  ( 0.000000000000000000, -1.000000000000000000, 0.000000000000000000 ) ) ;
#1979 = CIRCLE ( 'NONE', #5135, 1.550000000000002709 ) ;
#1980 = ORIENTED_EDGE ( 'NONE', *, *, #877, .F. ) ;
#1981 = EDGE_CURVE ( 'NONE', #2049, #1612, #1956, .T. ) ;
#1982 = CARTESIAN_POINT ( 'NONE',  ( 0.000000000000000000, 0.000000000000000000, 33.95859644822850498 ) ) ;
#1983 = DIRECTION ( 'NONE',  ( 0.000000000000000000, 1.000000000000000000, 0.000000000000000000 ) ) ;
#1984 = DIRECTION ( 'NONE',  ( 0.000000000000000000, 0.000000000000000000, 1.000000000000000000 ) ) ;
#1985 = DIRECTION ( 'NONE',  ( -0.000000000000000000, 1.000000000000000000, -0.000000000000000000 ) ) ;
#1986 = EDGE_CURVE ( 'NONE', #3628, #1455, #171, .T. ) ;
#1987 = CARTESIAN_POINT ( 'NONE',  ( 37.85000000000001563, 0.000000000000000000, 20.99999999999998934 ) ) ;
#1988 = CARTESIAN_POINT ( 'NONE',  ( -6.750000000000002665, 1.600000000000000089, -0.02500000000000657252 ) ) ;
#1989 = FACE_BOUND ( 'NONE', #4913, .T. ) ;
#1990 = VERTEX_POINT ( 'NONE', #2750 ) ;
#1991 = CARTESIAN_POINT ( 'NONE',  ( 1.569511716360274732E-13, 1.600000000000000089, -47.50000000000012790 ) ) ;
#1992 = VECTOR ( 'NONE', #548, 1000.000000000000000 ) ;
#1993 = CARTESIAN_POINT ( 'NONE',  ( -41.25000000000000711, 1.600000000000000089, -80.50000000000000000 ) ) ;
#1994 = AXIS2_PLACEMENT_3D ( 'NONE', #749, #3380, #4641 ) ;
#1995 = AXIS2_PLACEMENT_3D ( 'NONE', #5026, #1978, #2885 ) ;
#1996 = ADVANCED_FACE ( 'NONE', ( #4468 ), #5343, .F. ) ;
#1997 = VERTEX_POINT ( 'NONE', #4944 ) ;
#1998 = EDGE_LOOP ( 'NONE', ( #4522, #4462, #5128, #3460 ) ) ;
#1999 = EDGE_CURVE ( 'NONE', #310, #690, #1078, .T. ) ;
#2000 = CYLINDRICAL_SURFACE ( 'NONE', #2004, 60.43219500831563096 ) ;
#2001 = ORIENTED_EDGE ( 'NONE', *, *, #3639, .T. ) ;
#2002 = DIRECTION ( 'NONE',  ( 0.000000000000000000, 1.000000000000000000, -0.000000000000000000 ) ) ;
#2003 = CARTESIAN_POINT ( 'NONE',  ( -35.75000000000167688, 1.600000000000000089, 42.49999999999999289 ) ) ;
#2004 = AXIS2_PLACEMENT_3D ( 'NONE', #3717, #3270, #5438 ) ;
#2005 = VERTEX_POINT ( 'NONE', #1935 ) ;
#2006 = ORIENTED_EDGE ( 'NONE', *, *, #4916, .T. ) ;
#2007 = CARTESIAN_POINT ( 'NONE',  ( -1.652117596168020896E-13, 1.600000000000000089, 12.50000000000460432 ) ) ;
#2008 = ORIENTED_EDGE ( 'NONE', *, *, #605, .T. ) ;
#2009 = DIRECTION ( 'NONE',  ( 0.000000000000000000, -1.000000000000000000, 0.000000000000000000 ) ) ;
#2010 = ORIENTED_EDGE ( 'NONE', *, *, #1723, .T. ) ;
#2011 = DIRECTION ( 'NONE',  ( 0.000000000000000000, 1.000000000000000000, -0.000000000000000000 ) ) ;
#2012 = VECTOR ( 'NONE', #1086, 1000.000000000000000 ) ;
#2013 = DIRECTION ( 'NONE',  ( -1.387778780781444492E-15, 0.000000000000000000, 1.000000000000000000 ) ) ;
#2014 = EDGE_LOOP ( 'NONE', ( #2439, #2918, #5141, #2370 ) ) ;
#2015 = DIRECTION ( 'NONE',  ( -1.000000000000000000, 0.000000000000000000, 0.000000000000000000 ) ) ;
#2016 = DIRECTION ( 'NONE',  ( 0.000000000000000000, 0.000000000000000000, -1.000000000000000000 ) ) ;
#2017 = AXIS2_PLACEMENT_3D ( 'NONE', #1694, #1670, #1268 ) ;
#2018 = CARTESIAN_POINT ( 'NONE',  ( -32.32499999999993889, 0.000000000000000000, 35.00000000000000000 ) ) ;
#2019 = DIRECTION ( 'NONE',  ( 0.000000000000000000, 1.000000000000000000, -0.000000000000000000 ) ) ;
#2020 = FACE_OUTER_BOUND ( 'NONE', #1753, .T. ) ;
#2021 = ORIENTED_EDGE ( 'NONE', *, *, #4751, .T. ) ;
#2022 = DIRECTION ( 'NONE',  ( -1.000000000000000000, 0.000000000000000000, 4.758098676964946072E-13 ) ) ;
#2023 = DIRECTION ( 'NONE',  ( 0.000000000000000000, 0.000000000000000000, 1.000000000000000000 ) ) ;
#2024 = EDGE_CURVE ( 'NONE', #1943, #1044, #2383, .T. ) ;
#2025 = ORIENTED_EDGE ( 'NONE', *, *, #3003, .F. ) ;
#2026 = ORIENTED_EDGE ( 'NONE', *, *, #3714, .T. ) ;
#2027 = FACE_OUTER_BOUND ( 'NONE', #4597, .T. ) ;
#2028 = EDGE_LOOP ( 'NONE', ( #132, #503, #5102, #932 ) ) ;
#2029 = CARTESIAN_POINT ( 'NONE',  ( 2.577303450021897876E-13, 0.000000000000000000, -38.99999999999565148 ) ) ;
#2030 = PLANE ( 'NONE',  #2521 ) ;
#2031 = EDGE_CURVE ( 'NONE', #3742, #5272, #4528, .T. ) ;
#2032 = EDGE_CURVE ( 'NONE', #789, #1528, #3314, .T. ) ;
#2033 = EDGE_LOOP ( 'NONE', ( #1544, #3580, #3861, #4565, #687, #2233, #2996, #2080, #3292, #3041 ) ) ;
#2034 = ORIENTED_EDGE ( 'NONE', *, *, #45, .F. ) ;
#2035 = CARTESIAN_POINT ( 'NONE',  ( -6.750000000000002665, 1.600000000000000089, -20.02500000000000568 ) ) ;
#2036 = ORIENTED_EDGE ( 'NONE', *, *, #4688, .F. ) ;
#2037 = DIRECTION ( 'NONE',  ( 0.000000000000000000, 0.000000000000000000, 1.000000000000000000 ) ) ;
#2038 = VERTEX_POINT ( 'NONE', #2467 ) ;
#2039 = CARTESIAN_POINT ( 'NONE',  ( -36.25000000000000000, 0.000000000000000000, -68.99999999999666045 ) ) ;
#2040 = CARTESIAN_POINT ( 'NONE',  ( 37.85000000000001563, 1.600000000000000089, 50.99999999999999289 ) ) ;
#2041 = ORIENTED_EDGE ( 'NONE', *, *, #3651, .F. ) ;
#2042 = CARTESIAN_POINT ( 'NONE',  ( 37.85000000000000853, 1.600000000000000089, -47.00000000000000000 ) ) ;
#2043 = CARTESIAN_POINT ( 'NONE',  ( -24.57499999999999929, 0.000000000000000000, -40.55000000000000426 ) ) ;
#2044 = LINE ( 'NONE', #4301, #2977 ) ;
#2045 = DIRECTION ( 'NONE',  ( 0.000000000000000000, 0.000000000000000000, 1.000000000000000000 ) ) ;
#2046 = DIRECTION ( 'NONE',  ( 0.000000000000000000, 0.000000000000000000, -1.000000000000000000 ) ) ;
#2047 = DIRECTION ( 'NONE',  ( 0.000000000000000000, 0.000000000000000000, 1.000000000000000000 ) ) ;
#2048 = AXIS2_PLACEMENT_3D ( 'NONE', #1049, #283, #3252 ) ;
#2049 = VERTEX_POINT ( 'NONE', #1199 ) ;
#2050 = EDGE_LOOP ( 'NONE', ( #2552, #828 ) ) ;
#2051 = CYLINDRICAL_SURFACE ( 'NONE', #832, 0.4999999999999987232 ) ;
#2052 = VECTOR ( 'NONE', #4062, 1000.000000000000000 ) ;
#2053 = EDGE_CURVE ( 'NONE', #3337, #3997, #5539, .T. ) ;
#2054 = ORIENTED_EDGE ( 'NONE', *, *, #4314, .T. ) ;
#2055 = DIRECTION ( 'NONE',  ( -0.000000000000000000, -1.000000000000000000, -0.000000000000000000 ) ) ;
#2056 = DIRECTION ( 'NONE',  ( 0.000000000000000000, 1.000000000000000000, -0.000000000000000000 ) ) ;
#2057 = VERTEX_POINT ( 'NONE', #4722 ) ;
#2058 = ORIENTED_EDGE ( 'NONE', *, *, #2059, .F. ) ;
#2059 = EDGE_CURVE ( 'NONE', #3560, #2831, #3850, .T. ) ;
#2060 = EDGE_CURVE ( 'NONE', #1782, #2049, #424, .T. ) ;
#2061 = CARTESIAN_POINT ( 'NONE',  ( -32.32499999999993889, 1.600000000000000089, 35.00000000000000000 ) ) ;
#2062 = VERTEX_POINT ( 'NONE', #4187 ) ;
#2063 = VECTOR ( 'NONE', #1927, 1000.000000000000000 ) ;
#2064 = AXIS2_PLACEMENT_3D ( 'NONE', #4158, #1228, #2553 ) ;
#2065 = CARTESIAN_POINT ( 'NONE',  ( -15.00000014403561366, 1.600000000000000089, -62.47234547029548679 ) ) ;
#2066 = AXIS2_PLACEMENT_3D ( 'NONE', #2003, #2056, #2878 ) ;
#2067 = ORIENTED_EDGE ( 'NONE', *, *, #3851, .T. ) ;
#2068 = CYLINDRICAL_SURFACE ( 'NONE', #3447, 1.275000000000001910 ) ;
#2069 = EDGE_CURVE ( 'NONE', #1973, #789, #1598, .T. ) ;
#2070 = ADVANCED_FACE ( 'NONE', ( #373 ), #3427, .F. ) ;
#2071 = CARTESIAN_POINT ( 'NONE',  ( 187.9553080934801983, 0.000000000000000000, -180.4350983811624474 ) ) ;
#2072 = CIRCLE ( 'NONE', #3868, 2.500000000000002220 ) ;
#2073 = ORIENTED_EDGE ( 'NONE', *, *, #2301, .T. ) ;
#2074 = DIRECTION ( 'NONE',  ( -0.4999999999999979461, 0.000000000000000000, -0.8660254037844398178 ) ) ;
#2075 = DIRECTION ( 'NONE',  ( -1.000000000000000000, 0.000000000000000000, 0.000000000000000000 ) ) ;
#2076 = CARTESIAN_POINT ( 'NONE',  ( 11.44069681584102405, 1.600000000000000089, 33.31837076039649759 ) ) ;
#2077 = DIRECTION ( 'NONE',  ( -1.000000000000000000, 0.000000000000000000, -0.000000000000000000 ) ) ;
#2078 = DIRECTION ( 'NONE',  ( 0.000000000000000000, -0.000000000000000000, 1.000000000000000000 ) ) ;
#2079 = DIRECTION ( 'NONE',  ( 0.000000000000000000, 0.000000000000000000, 1.000000000000000000 ) ) ;
#2080 = ORIENTED_EDGE ( 'NONE', *, *, #1786, .T. ) ;
#2081 = DIRECTION ( 'NONE',  ( -1.000000000000000000, 0.000000000000000000, -0.000000000000000000 ) ) ;
#2082 = VECTOR ( 'NONE', #4368, 1000.000000000000000 ) ;
#2083 = VECTOR ( 'NONE', #4390, 1000.000000000000000 ) ;
#2084 = VERTEX_POINT ( 'NONE', #4296 ) ;
#2085 = CYLINDRICAL_SURFACE ( 'NONE', #840, 0.5000000000000004441 ) ;
#2086 = DIRECTION ( 'NONE',  ( 0.000000000000000000, 1.000000000000000000, -0.000000000000000000 ) ) ;
#2087 = CIRCLE ( 'NONE', #2805, 0.5000000000000004441 ) ;
#2088 = ADVANCED_FACE ( 'NONE', ( #853 ), #3788, .F. ) ;
#2089 = CIRCLE ( 'NONE', #374, 1.550000000000002709 ) ;
#2090 = VERTEX_POINT ( 'NONE', #3344 ) ;
#2091 = VERTEX_POINT ( 'NONE', #2153 ) ;
#2092 = CYLINDRICAL_SURFACE ( 'NONE', #3051, 2.500000000000002220 ) ;
#2093 = VECTOR ( 'NONE', #2456, 1000.000000000000000 ) ;
#2094 = ORIENTED_EDGE ( 'NONE', *, *, #336, .F. ) ;
#2095 = DIRECTION ( 'NONE',  ( -0.000000000000000000, 1.000000000000000000, -0.000000000000000000 ) ) ;
#2096 = AXIS2_PLACEMENT_3D ( 'NONE', #2115, #781, #5526 ) ;
#2097 = EDGE_CURVE ( 'NONE', #16, #215, #3841, .T. ) ;
#2098 = EDGE_LOOP ( 'NONE', ( #3190, #297, #4908, #1864 ) ) ;
#2099 = AXIS2_PLACEMENT_3D ( 'NONE', #1876, #5316, #68 ) ;
#2100 = DIRECTION ( 'NONE',  ( 1.000000000000000000, 0.000000000000000000, 3.304235192337412123E-15 ) ) ;
#2101 = EDGE_LOOP ( 'NONE', ( #4547, #4258, #3449, #308 ) ) ;
#2102 = CARTESIAN_POINT ( 'NONE',  ( -17.50000000000000000, 0.000000000000000000, 36.97765452970058675 ) ) ;
#2103 = CARTESIAN_POINT ( 'NONE',  ( -35.74999999999833022, 1.600000000000000089, 0.000000000000000000 ) ) ;
#2104 = EDGE_CURVE ( 'NONE', #2831, #399, #2890, .T. ) ;
#2105 = EDGE_CURVE ( 'NONE', #1269, #1580, #3498, .T. ) ;
#2106 = CIRCLE ( 'NONE', #4361, 1.550000000000002709 ) ;
#2107 = FACE_OUTER_BOUND ( 'NONE', #794, .T. ) ;
#2108 = LINE ( 'NONE', #4615, #4608 ) ;
#2109 = FACE_OUTER_BOUND ( 'NONE', #2101, .T. ) ;
#2110 = AXIS2_PLACEMENT_3D ( 'NONE', #3797, #3848, #5098 ) ;
#2111 = CARTESIAN_POINT ( 'NONE',  ( 19.17894705065991445, 1.600000000000000755, -40.34252787215213232 ) ) ;
#2112 = VECTOR ( 'NONE', #813, 1000.000000000000000 ) ;
#2113 = ORIENTED_EDGE ( 'NONE', *, *, #984, .F. ) ;
#2114 = EDGE_LOOP ( 'NONE', ( #3642, #4180, #3975, #24 ) ) ;
#2115 = CARTESIAN_POINT ( 'NONE',  ( 187.9553080934801983, -8.400000000000000355, 159.3904074406016207 ) ) ;
#2116 = AXIS2_PLACEMENT_3D ( 'NONE', #5123, #4221, #2047 ) ;
#2117 = ORIENTED_EDGE ( 'NONE', *, *, #3544, .T. ) ;
#2118 = LINE ( 'NONE', #4201, #5527 ) ;
#2119 = DIRECTION ( 'NONE',  ( 0.000000000000000000, 0.000000000000000000, 1.000000000000000000 ) ) ;
#2120 = ORIENTED_EDGE ( 'NONE', *, *, #441, .F. ) ;
#2121 = ORIENTED_EDGE ( 'NONE', *, *, #4338, .T. ) ;
#2122 = CARTESIAN_POINT ( 'NONE',  ( -27.75000000000000355, 0.000000000000000000, 2.525000000000005684 ) ) ;
#2123 = VERTEX_POINT ( 'NONE', #2576 ) ;
#2124 = FACE_OUTER_BOUND ( 'NONE', #2963, .T. ) ;
#2125 = ORIENTED_EDGE ( 'NONE', *, *, #151, .F. ) ;
#2126 = CARTESIAN_POINT ( 'NONE',  ( -2.775557561562891351E-14, -8.400000000000000355, -1.150478294741963392 ) ) ;
#2127 = EDGE_CURVE ( 'NONE', #4777, #1490, #693, .T. ) ;
#2128 = CARTESIAN_POINT ( 'NONE',  ( -19.17894705065920036, -8.400000000000000355, -40.34252787215245206 ) ) ;
#2129 = EDGE_LOOP ( 'NONE', ( #5052, #1046, #4477, #1574 ) ) ;
#2130 = LINE ( 'NONE', #5485, #2330 ) ;
#2131 = LINE ( 'NONE', #3875, #4784 ) ;
#2132 = DIRECTION ( 'NONE',  ( -0.000000000000000000, -1.000000000000000000, -0.000000000000000000 ) ) ;
#2133 = CARTESIAN_POINT ( 'NONE',  ( -35.75000000000167688, 1.600000000000000089, 41.99999999999999289 ) ) ;
#2134 = EDGE_CURVE ( 'NONE', #1106, #3716, #5469, .T. ) ;
#2135 = ADVANCED_FACE ( 'NONE', ( #2976 ), #5114, .F. ) ;
#2136 = DIRECTION ( 'NONE',  ( -0.000000000000000000, 1.000000000000000000, -0.000000000000000000 ) ) ;
#2137 = CARTESIAN_POINT ( 'NONE',  ( 0.000000000000000000, 1.600000000000000089, 20.99999999999998934 ) ) ;
#2138 = CARTESIAN_POINT ( 'NONE',  ( -34.36956032934473626, 1.600000000000000089, 32.03526295232896359 ) ) ;
#2139 = ORIENTED_EDGE ( 'NONE', *, *, #3721, .F. ) ;
#2140 = DIRECTION ( 'NONE',  ( -0.000000000000000000, -1.000000000000000000, 0.000000000000000000 ) ) ;
#2141 = ORIENTED_EDGE ( 'NONE', *, *, #4279, .T. ) ;
#2142 = CYLINDRICAL_SURFACE ( 'NONE', #1204, 0.5000000000000004441 ) ;
#2143 = CARTESIAN_POINT ( 'NONE',  ( -35.75000000000000000, 1.600000000000000089, -69.50000000000000000 ) ) ;
#2144 = VECTOR ( 'NONE', #623, 1000.000000000000000 ) ;
#2145 = VERTEX_POINT ( 'NONE', #2925 ) ;
#2146 = ORIENTED_EDGE ( 'NONE', *, *, #4921, .T. ) ;
#2147 = VERTEX_POINT ( 'NONE', #1251 ) ;
#2148 = VERTEX_POINT ( 'NONE', #5483 ) ;
#2149 = DIRECTION ( 'NONE',  ( 0.000000000000000000, 1.000000000000000000, 0.000000000000000000 ) ) ;
#2150 = VECTOR ( 'NONE', #5387, 1000.000000000000000 ) ;
#2151 = ORIENTED_EDGE ( 'NONE', *, *, #566, .T. ) ;
#2152 = AXIS2_PLACEMENT_3D ( 'NONE', #2035, #2461, #1222 ) ;
#2153 = CARTESIAN_POINT ( 'NONE',  ( -6.750000000000002665, 0.000000000000000000, -0.02500000000000657252 ) ) ;
#2154 = CARTESIAN_POINT ( 'NONE',  ( 35.75000000000167688, 0.000000000000000000, 50.99999999999999289 ) ) ;
#2155 = EDGE_LOOP ( 'NONE', ( #3309, #5365, #1432, #4261 ) ) ;
#2156 = LINE ( 'NONE', #2213, #2698 ) ;
#2157 = LINE ( 'NONE', #2554, #4247 ) ;
#2158 = AXIS2_PLACEMENT_3D ( 'NONE', #3874, #3461, #3141 ) ;
#2159 = EDGE_CURVE ( 'NONE', #1545, #4433, #4691, .T. ) ;
#2160 = CIRCLE ( 'NONE', #3598, 1.549999999999999378 ) ;
#2161 = CARTESIAN_POINT ( 'NONE',  ( -35.74999999999874944, 0.000000000000000000, 20.49999999999998934 ) ) ;
#2162 = CARTESIAN_POINT ( 'NONE',  ( -41.25000000000000711, 0.000000000000000000, 7.274822829958454307 ) ) ;
#2163 = DIRECTION ( 'NONE',  ( 1.000000000000000000, 0.000000000000000000, 1.321694076933929864E-14 ) ) ;
#2164 = DIRECTION ( 'NONE',  ( -0.000000000000000000, -1.000000000000000000, 0.000000000000000000 ) ) ;
#2165 = AXIS2_PLACEMENT_3D ( 'NONE', #2321, #4893, #5366 ) ;
#2166 = ADVANCED_FACE ( 'NONE', ( #4636 ), #770, .F. ) ;
#2167 = ORIENTED_EDGE ( 'NONE', *, *, #4688, .T. ) ;
#2168 = CARTESIAN_POINT ( 'NONE',  ( -37.84999999999998721, 1.600000000000000089, 0.000000000000000000 ) ) ;
#2169 = VERTEX_POINT ( 'NONE', #2551 ) ;
#2170 = ORIENTED_EDGE ( 'NONE', *, *, #1766, .F. ) ;
#2171 = CARTESIAN_POINT ( 'NONE',  ( 17.50000000000000000, 0.000000000000000000, 36.97765452970054412 ) ) ;
#2172 = LINE ( 'NONE', #3474, #4364 ) ;
#2173 = AXIS2_PLACEMENT_3D ( 'NONE', #5515, #1203, #830 ) ;
#2174 = EDGE_CURVE ( 'NONE', #422, #1997, #4273, .T. ) ;
#2175 = EDGE_CURVE ( 'NONE', #3536, #5295, #4307, .T. ) ;
#2176 = ORIENTED_EDGE ( 'NONE', *, *, #4338, .F. ) ;
#2177 = ORIENTED_EDGE ( 'NONE', *, *, #2060, .T. ) ;
#2178 = DIRECTION ( 'NONE',  ( 0.000000000000000000, 0.000000000000000000, 1.000000000000000000 ) ) ;
#2179 = ORIENTED_EDGE ( 'NONE', *, *, #964, .T. ) ;
#2180 = EDGE_LOOP ( 'NONE', ( #1968, #426 ) ) ;
#2181 = CYLINDRICAL_SURFACE ( 'NONE', #10, 0.4999999999999987232 ) ;
#2182 = VECTOR ( 'NONE', #4282, 1000.000000000000000 ) ;
#2183 = ORIENTED_EDGE ( 'NONE', *, *, #963, .F. ) ;
#2184 = VECTOR ( 'NONE', #2692, 1000.000000000000000 ) ;
#2185 = CARTESIAN_POINT ( 'NONE',  ( 32.32499999999993889, 1.600000000000000089, -50.95000000000166551 ) ) ;
#2186 = VECTOR ( 'NONE', #1411, 1000.000000000000000 ) ;
#2187 = LINE ( 'NONE', #3842, #1701 ) ;
#2188 = FACE_OUTER_BOUND ( 'NONE', #4746, .T. ) ;
#2189 = FACE_OUTER_BOUND ( 'NONE', #589, .T. ) ;
#2190 = CARTESIAN_POINT ( 'NONE',  ( -24.57499999999999929, 1.600000000000000089, 19.00000000000000355 ) ) ;
#2191 = DIRECTION ( 'NONE',  ( -0.000000000000000000, 1.000000000000000000, -0.000000000000000000 ) ) ;
#2192 = DIRECTION ( 'NONE',  ( 0.000000000000000000, 0.000000000000000000, -1.000000000000000000 ) ) ;
#2193 = ORIENTED_EDGE ( 'NONE', *, *, #3827, .T. ) ;
#2194 = CARTESIAN_POINT ( 'NONE',  ( -32.32500000000000284, 1.600000000000000089, -50.94999999999764384 ) ) ;
#2195 = ORIENTED_EDGE ( 'NONE', *, *, #5340, .T. ) ;
#2196 = FACE_OUTER_BOUND ( 'NONE', #2304, .T. ) ;
#2197 = EDGE_LOOP ( 'NONE', ( #3277, #1270, #691, #1225 ) ) ;
#2198 = CARTESIAN_POINT ( 'NONE',  ( -37.85000000000001563, 0.000000000000000000, 12.49999999999999645 ) ) ;
#2199 = EDGE_CURVE ( 'NONE', #3997, #4931, #1394, .T. ) ;
#2200 = CARTESIAN_POINT ( 'NONE',  ( -17.50000000000000000, 0.000000000000000000, 36.97765452970058675 ) ) ;
#2201 = VECTOR ( 'NONE', #5354, 1000.000000000000000 ) ;
#2202 = ORIENTED_EDGE ( 'NONE', *, *, #3747, .F. ) ;
#2203 = ORIENTED_EDGE ( 'NONE', *, *, #4689, .F. ) ;
#2204 = CARTESIAN_POINT ( 'NONE',  ( -15.00000014403561366, 0.000000000000000000, -64.02234547029955536 ) ) ;
#2205 = ORIENTED_EDGE ( 'NONE', *, *, #4057, .T. ) ;
#2206 = ORIENTED_EDGE ( 'NONE', *, *, #5547, .T. ) ;
#2207 = CARTESIAN_POINT ( 'NONE',  ( -24.57499999999999929, 1.600000000000000089, -39.00000000000000000 ) ) ;
#2208 = EDGE_CURVE ( 'NONE', #169, #1158, #3485, .T. ) ;
#2209 = EDGE_CURVE ( 'NONE', #4425, #2495, #787, .T. ) ;
#2210 = ORIENTED_EDGE ( 'NONE', *, *, #2730, .T. ) ;
#2211 = FACE_OUTER_BOUND ( 'NONE', #3920, .T. ) ;
#2212 = DIRECTION ( 'NONE',  ( 0.000000000000000000, -1.000000000000000000, 0.000000000000000000 ) ) ;
#2213 = CARTESIAN_POINT ( 'NONE',  ( 36.25000000000167688, 1.600000000000000089, 42.49999999999999289 ) ) ;
#2214 = LINE ( 'NONE', #3932, #620 ) ;
#2215 = DIRECTION ( 'NONE',  ( 0.000000000000000000, 0.000000000000000000, -1.000000000000000000 ) ) ;
#2216 = CARTESIAN_POINT ( 'NONE',  ( -24.57499999999999929, 1.600000000000000089, -40.55000000000000426 ) ) ;
#2217 = CARTESIAN_POINT ( 'NONE',  ( 35.75000000000125056, 1.600000000000000089, 12.49999999999999645 ) ) ;
#2218 = VERTEX_POINT ( 'NONE', #875 ) ;
#2219 = CARTESIAN_POINT ( 'NONE',  ( 37.85000000000000142, 1.600000000000000089, -69.00000000000000000 ) ) ;
#2220 = LINE ( 'NONE', #1452, #1381 ) ;
#2221 = ORIENTED_EDGE ( 'NONE', *, *, #4271, .F. ) ;
#2222 = LINE ( 'NONE', #127, #934 ) ;
#2223 = FILL_AREA_STYLE ('',( #4849 ) ) ;
#2224 = ADVANCED_FACE ( 'NONE', ( #2211 ), #4386, .F. ) ;
#2225 = VERTEX_POINT ( 'NONE', #3028 ) ;
#2226 = ORIENTED_EDGE ( 'NONE', *, *, #3107, .T. ) ;
#2227 = CARTESIAN_POINT ( 'NONE',  ( -169.9127529108827162, 1.600000000000000089, 177.4329626231991881 ) ) ;
#2228 = ORIENTED_EDGE ( 'NONE', *, *, #4166, .T. ) ;
#2229 = ORIENTED_EDGE ( 'NONE', *, *, #4408, .F. ) ;
#2230 = CARTESIAN_POINT ( 'NONE',  ( -37.85000000000000853, 0.000000000000000000, -48.00000000000000000 ) ) ;
#2231 = CIRCLE ( 'NONE', #4847, 0.4999999999999987232 ) ;
#2232 = EDGE_CURVE ( 'NONE', #4998, #4512, #2231, .T. ) ;
#2233 = ORIENTED_EDGE ( 'NONE', *, *, #2375, .F. ) ;
#2234 = DIRECTION ( 'NONE',  ( 0.000000000000000000, 0.000000000000000000, -1.000000000000000000 ) ) ;
#2235 = VECTOR ( 'NONE', #5194, 1000.000000000000000 ) ;
#2236 = LINE ( 'NONE', #3643, #2783 ) ;
#2237 = DIRECTION ( 'NONE',  ( -0.000000000000000000, 1.000000000000000000, -0.000000000000000000 ) ) ;
#2238 = CIRCLE ( 'NONE', #2967, 1.275000000000001910 ) ;
#2239 = ADVANCED_FACE ( 'NONE', ( #3567 ), #4747, .F. ) ;
#2240 = EDGE_CURVE ( 'NONE', #422, #4235, #3318, .T. ) ;
#2241 = DIRECTION ( 'NONE',  ( 0.000000000000000000, 0.000000000000000000, -1.000000000000000000 ) ) ;
#2242 = DIRECTION ( 'NONE',  ( 0.000000000000000000, 0.000000000000000000, 1.000000000000000000 ) ) ;
#2243 = DIRECTION ( 'NONE',  ( -0.000000000000000000, -1.000000000000000000, -0.000000000000000000 ) ) ;
#2244 = AXIS2_PLACEMENT_3D ( 'NONE', #1705, #4276, #1591 ) ;
#2245 = CARTESIAN_POINT ( 'NONE',  ( 26.10000000000000142, 1.600000000000000089, -85.98338711122495681 ) ) ;
#2246 = CLOSED_SHELL ( 'NONE', ( #4204, #2397, #538, #2411, #1242, #2344, #5163, #1234, #2239, #2788, #4928, #4447, #1509, #2938, #825, #1480, #1830, #3740, #922, #1174, #1062, #851, #3666, #5444, #1132, #3454, #3065, #5338, #2070, #505, #484, #3778, #3136, #3755, #1790, #1959, #4471, #2088, #498, #2820, #4584, #1175, #4679, #5198, #4781, #1682, #4550, #1677, #2689, #578, #2275, #3901, #4015, #1369, #5575, #3880, #1900, #5134, #3521, #3890, #4050, #3093, #1765, #2485, #2509, #3416, #4240, #2688, #3522, #186, #5335, #483, #217, #5585, #4350, #1858, #2653, #30, #3194, #5443, #2478, #1402, #5481, #3444, #88, #741, #261, #3961, #3170, #4236, #4720, #1881, #1620, #1241, #606, #573, #884, #1416, #3813, #3026, #4648, #1647, #1829, #2403, #4127, #4297, #4333, #3713, #4173, #2550, #1304, #3311, #757, #1507, #4653, #1479, #2519, #3951, #4023, #1297, #1200, #754, #1024, #2585, #1953, #4542, #5066, #4083, #3613, #2224, #1923, #1379, #5090, #3298, #1157, #4508, #4097, #3312, #2445, #93, #3587, #5407, #1996, #2997, #4827, #2682, #152, #4375, #1311, #3274, #1312, #2166, #2135, #3550, #3305, #3989, #4170, #3705, #254, #3381 ) ) ;
#2247 = ORIENTED_EDGE ( 'NONE', *, *, #820, .T. ) ;
#2248 = VECTOR ( 'NONE', #1155, 1000.000000000000000 ) ;
#2249 = PLANE ( 'NONE',  #1164 ) ;
#2250 = CARTESIAN_POINT ( 'NONE',  ( -37.84999999999998721, 1.600000000000000089, 20.49999999999998934 ) ) ;
#2251 = ORIENTED_EDGE ( 'NONE', *, *, #5518, .T. ) ;
#2252 = VECTOR ( 'NONE', #1475, 1000.000000000000000 ) ;
#2253 = DIRECTION ( 'NONE',  ( 0.000000000000000000, 1.000000000000000000, -0.000000000000000000 ) ) ;
#2254 = CARTESIAN_POINT ( 'NONE',  ( -37.85000000000000142, 1.600000000000000089, -77.50000000000000000 ) ) ;
#2255 = ORIENTED_EDGE ( 'NONE', *, *, #883, .F. ) ;
#2256 = ORIENTED_EDGE ( 'NONE', *, *, #664, .F. ) ;
#2257 = LINE ( 'NONE', #5296, #5067 ) ;
#2258 = ORIENTED_EDGE ( 'NONE', *, *, #1471, .F. ) ;
#2259 = EDGE_LOOP ( 'NONE', ( #3881, #591 ) ) ;
#2260 = CARTESIAN_POINT ( 'NONE',  ( -37.85000000000001563, 1.600000000000000089, 11.99999999999999822 ) ) ;
#2261 = ORIENTED_EDGE ( 'NONE', *, *, #59, .F. ) ;
#2262 = CARTESIAN_POINT ( 'NONE',  ( 169.9127529108813803, 0.000000000000000000, 177.4329626232003818 ) ) ;
#2263 = DIRECTION ( 'NONE',  ( 0.000000000000000000, 1.000000000000000000, 0.000000000000000000 ) ) ;
#2264 = AXIS2_PLACEMENT_3D ( 'NONE', #2324, #1478, #4978 ) ;
#2265 = CIRCLE ( 'NONE', #1243, 22.96473704765647383 ) ;
#2266 = FACE_OUTER_BOUND ( 'NONE', #3244, .T. ) ;
#2267 = EDGE_CURVE ( 'NONE', #4287, #2090, #1156, .T. ) ;
#2268 = CIRCLE ( 'NONE', #4521, 0.5000000000000004441 ) ;
#2269 = VECTOR ( 'NONE', #4830, 1000.000000000000000 ) ;
#2270 = DIRECTION ( 'NONE',  ( -0.000000000000000000, 1.000000000000000000, -0.000000000000000000 ) ) ;
#2271 = CARTESIAN_POINT ( 'NONE',  ( 36.25000000000000000, 1.600000000000000089, -69.00000000000000000 ) ) ;
#2272 = CIRCLE ( 'NONE', #3981, 0.4999999999999987232 ) ;
#2273 = DIRECTION ( 'NONE',  ( 0.000000000000000000, -1.000000000000000000, 0.000000000000000000 ) ) ;
#2274 = EDGE_CURVE ( 'NONE', #2620, #2148, #975, .T. ) ;
#2275 = ADVANCED_FACE ( 'NONE', ( #4329 ), #1333, .F. ) ;
#2276 = DIRECTION ( 'NONE',  ( 0.000000000000000000, 0.000000000000000000, 1.000000000000000000 ) ) ;
#2277 = CARTESIAN_POINT ( 'NONE',  ( 26.10000000000000142, 0.000000000000000000, -88.48338711122495681 ) ) ;
#2278 = CARTESIAN_POINT ( 'NONE',  ( -36.25000000000167688, 0.000000000000000000, 51.00000000000412115 ) ) ;
#2279 = ORIENTED_EDGE ( 'NONE', *, *, #475, .T. ) ;
#2280 = DIRECTION ( 'NONE',  ( 0.000000000000000000, 0.000000000000000000, -1.000000000000000000 ) ) ;
#2281 = SURFACE_STYLE_USAGE ( .BOTH. , #3942 ) ;
#2282 = ORIENTED_EDGE ( 'NONE', *, *, #2813, .T. ) ;
#2283 = VERTEX_POINT ( 'NONE', #1736 ) ;
#2284 = AXIS2_PLACEMENT_3D ( 'NONE', #1239, #1322, #2964 ) ;
#2285 = CARTESIAN_POINT ( 'NONE',  ( -35.74999999999833022, 1.600000000000000089, 0.000000000000000000 ) ) ;
#2286 = VERTEX_POINT ( 'NONE', #2185 ) ;
#2287 = ORIENTED_EDGE ( 'NONE', *, *, #52, .T. ) ;
#2288 = DIRECTION ( 'NONE',  ( 0.000000000000000000, 0.000000000000000000, 1.000000000000000000 ) ) ;
#2289 = VECTOR ( 'NONE', #2365, 1000.000000000000000 ) ;
#2290 = ORIENTED_EDGE ( 'NONE', *, *, #1571, .F. ) ;
#2291 = DIRECTION ( 'NONE',  ( 0.000000000000000000, 0.000000000000000000, 1.000000000000000000 ) ) ;
#2292 = CARTESIAN_POINT ( 'NONE',  ( 37.35000000000001563, 1.600000000000000089, 20.99999999999998934 ) ) ;
#2293 = DIRECTION ( 'NONE',  ( 0.000000000000000000, 1.000000000000000000, 0.000000000000000000 ) ) ;
#2294 = EDGE_CURVE ( 'NONE', #3555, #5484, #32, .T. ) ;
#2295 = DIRECTION ( 'NONE',  ( 0.000000000000000000, 0.000000000000000000, 1.000000000000000000 ) ) ;
#2296 = DIRECTION ( 'NONE',  ( 0.000000000000000000, 1.000000000000000000, -0.000000000000000000 ) ) ;
#2297 = CARTESIAN_POINT ( 'NONE',  ( -37.85000000000001563, 0.000000000000000000, 11.99999999999999822 ) ) ;
#2298 = DIRECTION ( 'NONE',  ( 0.000000000000000000, 0.000000000000000000, 1.000000000000000000 ) ) ;
#2299 = EDGE_CURVE ( 'NONE', #2773, #768, #3955, .T. ) ;
#2300 = DIRECTION ( 'NONE',  ( 0.000000000000000000, 0.000000000000000000, 1.000000000000000000 ) ) ;
#2301 = EDGE_CURVE ( 'NONE', #419, #789, #3138, .T. ) ;
#2302 = CARTESIAN_POINT ( 'NONE',  ( -36.64078930228931341, 1.600000000000000089, -88.48338711122497102 ) ) ;
#2303 = FACE_BOUND ( 'NONE', #2853, .T. ) ;
#2304 = EDGE_LOOP ( 'NONE', ( #3017, #1214, #420, #2881 ) ) ;
#2305 = DIRECTION ( 'NONE',  ( 1.000000000000000000, 0.000000000000000000, -0.000000000000000000 ) ) ;
#2306 = FACE_OUTER_BOUND ( 'NONE', #1405, .T. ) ;
#2307 = EDGE_CURVE ( 'NONE', #5220, #3077, #3512, .T. ) ;
#2308 = ORIENTED_EDGE ( 'NONE', *, *, #21, .T. ) ;
#2309 = ORIENTED_EDGE ( 'NONE', *, *, #2574, .T. ) ;
#2310 = EDGE_CURVE ( 'NONE', #338, #5012, #995, .T. ) ;
#2311 = CARTESIAN_POINT ( 'NONE',  ( 5.100000000011818635, 0.000000000000000000, -67.73338711122495681 ) ) ;
#2312 = ORIENTED_EDGE ( 'NONE', *, *, #3099, .F. ) ;
#2313 = ORIENTED_EDGE ( 'NONE', *, *, #543, .F. ) ;
#2314 = CARTESIAN_POINT ( 'NONE',  ( 0.000000000000000000, 1.600000000000000089, -55.24999999999999289 ) ) ;
#2315 = VERTEX_POINT ( 'NONE', #4411 ) ;
#2316 = PLANE ( 'NONE',  #3139 ) ;
#2317 = ORIENTED_EDGE ( 'NONE', *, *, #5435, .F. ) ;
#2318 = DIRECTION ( 'NONE',  ( -1.000000000000000000, 0.000000000000000000, 0.000000000000000000 ) ) ;
#2319 = VECTOR ( 'NONE', #5032, 1000.000000000000000 ) ;
#2320 = AXIS2_PLACEMENT_3D ( 'NONE', #2634, #4837, #5171 ) ;
#2321 = CARTESIAN_POINT ( 'NONE',  ( 32.32499999999993889, 1.600000000000000089, -52.50000000000136424 ) ) ;
#2322 = CARTESIAN_POINT ( 'NONE',  ( -35.75000000000000000, 1.600000000000000089, -77.50000000000000000 ) ) ;
#2323 = FACE_BOUND ( 'NONE', #4430, .T. ) ;
#2324 = CARTESIAN_POINT ( 'NONE',  ( -169.9127529108827162, 0.000000000000000000, 177.4329626231991881 ) ) ;
#2325 = VECTOR ( 'NONE', #5138, 1000.000000000000000 ) ;
#2326 = EDGE_CURVE ( 'NONE', #3326, #4482, #2417, .T. ) ;
#2327 = DIRECTION ( 'NONE',  ( 0.000000000000000000, 0.000000000000000000, -1.000000000000000000 ) ) ;
#2328 = FACE_OUTER_BOUND ( 'NONE', #2549, .T. ) ;
#2329 = AXIS2_PLACEMENT_3D ( 'NONE', #4465, #619, #592 ) ;
#2330 = VECTOR ( 'NONE', #2074, 1000.000000000000000 ) ;
#2331 = CYLINDRICAL_SURFACE ( 'NONE', #2694, 0.5000000000000004441 ) ;
#2332 = ORIENTED_EDGE ( 'NONE', *, *, #1618, .T. ) ;
#2333 = DIRECTION ( 'NONE',  ( -1.000000000000000000, -0.000000000000000000, 1.734723475976810299E-16 ) ) ;
#2334 = DIRECTION ( 'NONE',  ( 0.000000000000000000, 0.000000000000000000, -1.000000000000000000 ) ) ;
#2335 = VECTOR ( 'NONE', #2755, 1000.000000000000000 ) ;
#2336 = EDGE_CURVE ( 'NONE', #1412, #399, #3870, .T. ) ;
#2337 = AXIS2_PLACEMENT_3D ( 'NONE', #4332, #1847, #5225 ) ;
#2338 = ORIENTED_EDGE ( 'NONE', *, *, #1165, .F. ) ;
#2339 = ORIENTED_EDGE ( 'NONE', *, *, #1541, .F. ) ;
#2340 = DIRECTION ( 'NONE',  ( 0.000000000000000000, 1.000000000000000000, -0.000000000000000000 ) ) ;
#2341 = VECTOR ( 'NONE', #3846, 1000.000000000000000 ) ;
#2342 = ORIENTED_EDGE ( 'NONE', *, *, #1899, .F. ) ;
#2343 = CARTESIAN_POINT ( 'NONE',  ( 23.60000000000000497, 0.000000000000000000, -55.74999999999999289 ) ) ;
#2344 = ADVANCED_FACE ( 'NONE', ( #4914 ), #1524, .F. ) ;
#2345 = EDGE_CURVE ( 'NONE', #1245, #1860, #793, .T. ) ;
#2346 = ORIENTED_EDGE ( 'NONE', *, *, #889, .T. ) ;
#2347 = LINE ( 'NONE', #1105, #5384 ) ;
#2348 = VERTEX_POINT ( 'NONE', #3641 ) ;
#2349 = LINE ( 'NONE', #4917, #2063 ) ;
#2350 = MECHANICAL_DESIGN_GEOMETRIC_PRESENTATION_REPRESENTATION (  '', ( #2441 ), #1901 ) ;
#2351 = EDGE_LOOP ( 'NONE', ( #2113, #3709, #2846, #3358 ) ) ;
#2352 = CARTESIAN_POINT ( 'NONE',  ( -6.750000000000002665, 1.600000000000000089, 2.525000000000003020 ) ) ;
#2353 = CIRCLE ( 'NONE', #3700, 0.5000000000000004441 ) ;
#2354 = CARTESIAN_POINT ( 'NONE',  ( -6.750000000000002665, 1.600000000000000089, 2.525000000000003020 ) ) ;
#2355 = VECTOR ( 'NONE', #1001, 1000.000000000000000 ) ;
#2356 = FACE_BOUND ( 'NONE', #1021, .T. ) ;
#2357 = CARTESIAN_POINT ( 'NONE',  ( 0.000000000000000000, 1.600000000000000089, 54.99999999998543387 ) ) ;
#2358 = VECTOR ( 'NONE', #943, 1000.000000000000000 ) ;
#2359 = AXIS2_PLACEMENT_3D ( 'NONE', #4459, #1357, #76 ) ;
#2360 = CARTESIAN_POINT ( 'NONE',  ( 1.569511716360274732E-13, 1.600000000000000089, -47.50000000000012790 ) ) ;
#2362 = FACE_OUTER_BOUND ( 'NONE', #2657, .T. ) ;
#2361 = CIRCLE ( 'NONE', #3800, 11.45859644822850498 ) ;
#2363 = FACE_BOUND ( 'NONE', #4859, .T. ) ;
#2364 = DIRECTION ( 'NONE',  ( -1.000000000000000000, 0.000000000000000000, -3.304235192337412123E-15 ) ) ;
#2365 = DIRECTION ( 'NONE',  ( 0.000000000000000000, 0.000000000000000000, 1.000000000000000000 ) ) ;
#2366 = EDGE_LOOP ( 'NONE', ( #1918, #2290, #1355, #2921 ) ) ;
#2367 = ORIENTED_EDGE ( 'NONE', *, *, #1732, .T. ) ;
#2368 = CARTESIAN_POINT ( 'NONE',  ( 35.75000000000167688, 1.600000000000000089, 0.000000000000000000 ) ) ;
#2369 = EDGE_CURVE ( 'NONE', #166, #3760, #4937, .T. ) ;
#2370 = ORIENTED_EDGE ( 'NONE', *, *, #5270, .F. ) ;
#2371 = DIRECTION ( 'NONE',  ( 0.000000000000000000, 0.000000000000000000, -1.000000000000000000 ) ) ;
#2372 = CIRCLE ( 'NONE', #478, 1.549999999999697398 ) ;
#2373 = EDGE_LOOP ( 'NONE', ( #5580, #1319, #2342, #5358 ) ) ;
#2374 = ORIENTED_EDGE ( 'NONE', *, *, #1533, .F. ) ;
#2375 = EDGE_CURVE ( 'NONE', #499, #3077, #4312, .T. ) ;
#2376 = EDGE_CURVE ( 'NONE', #3560, #5288, #4117, .T. ) ;
#2377 = DIRECTION ( 'NONE',  ( 0.000000000000000000, -1.000000000000000000, 0.000000000000000000 ) ) ;
#2378 = VERTEX_POINT ( 'NONE', #590 ) ;
#2379 = PLANE ( 'NONE',  #1820 ) ;
#2380 = ORIENTED_EDGE ( 'NONE', *, *, #4443, .F. ) ;
#2381 = CIRCLE ( 'NONE', #5537, 0.5000000000000004441 ) ;
#2382 = CARTESIAN_POINT ( 'NONE',  ( -6.750000000000002665, 0.000000000000000000, -17.47499999999999787 ) ) ;
#2383 = LINE ( 'NONE', #3647, #2686 ) ;
#2384 = DIRECTION ( 'NONE',  ( -1.000000000000000000, 0.000000000000000000, -1.321694076933667804E-14 ) ) ;
#2385 = CARTESIAN_POINT ( 'NONE',  ( -36.25000000000041211, 1.600000000000000089, -38.99999999999588596 ) ) ;
#2386 = DIRECTION ( 'NONE',  ( 0.000000000000000000, 0.000000000000000000, 1.000000000000000000 ) ) ;
#2387 = CARTESIAN_POINT ( 'NONE',  ( -32.32500000000000284, 0.000000000000000000, -50.94999999999764384 ) ) ;
#2388 = FACE_BOUND ( 'NONE', #3209, .T. ) ;
#2389 = CARTESIAN_POINT ( 'NONE',  ( 37.35000000000001563, 0.000000000000000000, 20.99999999999998934 ) ) ;
#2390 = LINE ( 'NONE', #4108, #4454 ) ;
#2391 = ORIENTED_EDGE ( 'NONE', *, *, #3128, .F. ) ;
#2392 = VERTEX_POINT ( 'NONE', #1020 ) ;
#2393 = DIRECTION ( 'NONE',  ( -1.000000000000000000, 0.000000000000000000, 0.000000000000000000 ) ) ;
#2394 = ORIENTED_EDGE ( 'NONE', *, *, #1852, .T. ) ;
#2395 = CARTESIAN_POINT ( 'NONE',  ( 37.85000000000000853, 0.000000000000000000, -47.00000000000000000 ) ) ;
#2396 = CARTESIAN_POINT ( 'NONE',  ( 0.000000000000000000, 1.600000000000000089, 50.99999999999999289 ) ) ;
#2397 = ADVANCED_FACE ( 'NONE', ( #1494 ), #2745, .F. ) ;
#2398 = ORIENTED_EDGE ( 'NONE', *, *, #3489, .T. ) ;
#2399 = ORIENTED_EDGE ( 'NONE', *, *, #1344, .F. ) ;
#2400 = CARTESIAN_POINT ( 'NONE',  ( -24.57499999999999929, 1.600000000000000089, 20.55000000000000071 ) ) ;
#2401 = ORIENTED_EDGE ( 'NONE', *, *, #2299, .T. ) ;
#2402 = DIRECTION ( 'NONE',  ( -1.000000000000000000, 0.000000000000000000, -0.000000000000000000 ) ) ;
#2403 = ADVANCED_FACE ( 'NONE', ( #3214 ), #2316, .T. ) ;
#2404 = ORIENTED_EDGE ( 'NONE', *, *, #2447, .T. ) ;
#2405 = EDGE_CURVE ( 'NONE', #1666, #3716, #4008, .T. ) ;
#2406 = DIRECTION ( 'NONE',  ( 0.000000000000000000, 1.000000000000000000, 0.000000000000000000 ) ) ;
#2407 = CARTESIAN_POINT ( 'NONE',  ( -37.84999999999998721, 1.600000000000000089, 0.000000000000000000 ) ) ;
#2408 = CARTESIAN_POINT ( 'NONE',  ( 19.17894705065991445, 0.000000000000000000, -40.34252787215213232 ) ) ;
#2409 = LINE ( 'NONE', #1113, #1538 ) ;
#2410 = EDGE_CURVE ( 'NONE', #2599, #852, #136, .T. ) ;
#2411 = ADVANCED_FACE ( 'NONE', ( #2852 ), #1072, .F. ) ;
#2412 = VECTOR ( 'NONE', #4155, 1000.000000000000000 ) ;
#2413 = CYLINDRICAL_SURFACE ( 'NONE', #3330, 0.5000000000000004441 ) ;
#2414 = LINE ( 'NONE', #4132, #1907 ) ;
#2415 = CARTESIAN_POINT ( 'NONE',  ( -37.85000000000001563, 0.000000000000000000, 41.99999999999999289 ) ) ;
#2416 = VERTEX_POINT ( 'NONE', #1867 ) ;
#2417 = CIRCLE ( 'NONE', #5293, 1.550000000000002709 ) ;
#2418 = DIRECTION ( 'NONE',  ( 1.000000000000000000, 0.000000000000000000, 1.321694076933667804E-14 ) ) ;
#2419 = CARTESIAN_POINT ( 'NONE',  ( 35.75000000000125056, 1.600000000000000089, 12.49999999999999645 ) ) ;
#2420 = AXIS2_PLACEMENT_3D ( 'NONE', #2007, #3367, #5024 ) ;
#2421 = ORIENTED_EDGE ( 'NONE', *, *, #2714, .F. ) ;
#2422 = EDGE_LOOP ( 'NONE', ( #3361, #3215, #609, #2399 ) ) ;
#2423 = CARTESIAN_POINT ( 'NONE',  ( 26.10000000000000142, 1.600000000000000089, -88.48338711122495681 ) ) ;
#2424 = VERTEX_POINT ( 'NONE', #2796 ) ;
#2425 = VECTOR ( 'NONE', #4309, 1000.000000000000000 ) ;
#2426 = DIRECTION ( 'NONE',  ( 0.000000000000000000, -1.000000000000000000, 0.000000000000000000 ) ) ;
#2427 = CARTESIAN_POINT ( 'NONE',  ( 35.75000000000125056, 1.600000000000000089, 11.99999999999999822 ) ) ;
#2428 = AXIS2_PLACEMENT_3D ( 'NONE', #3652, #1710, #1657 ) ;
#2429 = ORIENTED_EDGE ( 'NONE', *, *, #5517, .T. ) ;
#2430 = EDGE_LOOP ( 'NONE', ( #4525, #525, #4940, #4739 ) ) ;
#2431 = DIRECTION ( 'NONE',  ( 0.000000000000000000, 1.000000000000000000, -0.000000000000000000 ) ) ;
#2432 = ORIENTED_EDGE ( 'NONE', *, *, #1207, .F. ) ;
#2433 = CARTESIAN_POINT ( 'NONE',  ( -34.36956032934473626, 1.600000000000000089, 32.03526295232896359 ) ) ;
#2434 = VECTOR ( 'NONE', #1848, 1000.000000000000000 ) ;
#2435 = ORIENTED_EDGE ( 'NONE', *, *, #5540, .T. ) ;
#2436 = DIRECTION ( 'NONE',  ( 0.000000000000000000, 0.000000000000000000, 1.000000000000000000 ) ) ;
#2437 = CARTESIAN_POINT ( 'NONE',  ( -6.750000000000002665, 1.600000000000000089, -0.02500000000000657252 ) ) ;
#2438 = EDGE_CURVE ( 'NONE', #2599, #668, #3411, .T. ) ;
#2439 = ORIENTED_EDGE ( 'NONE', *, *, #4099, .T. ) ;
#2440 = DIRECTION ( 'NONE',  ( 0.000000000000000000, -1.000000000000000000, 0.000000000000000000 ) ) ;
#2441 = STYLED_ITEM ( 'NONE', ( #3378 ), #1493 ) ;
#2442 = DIRECTION ( 'NONE',  ( -0.000000000000000000, -1.000000000000000000, -0.000000000000000000 ) ) ;
#2443 = CARTESIAN_POINT ( 'NONE',  ( -36.25000000000125056, 1.600000000000000089, 21.00000000000412115 ) ) ;
#2444 = DIRECTION ( 'NONE',  ( 0.000000000000000000, 1.000000000000000000, -0.000000000000000000 ) ) ;
#2445 = ADVANCED_FACE ( 'NONE', ( #5306 ), #1442, .F. ) ;
#2446 = DIRECTION ( 'NONE',  ( 0.000000000000000000, 1.000000000000000000, 0.000000000000000000 ) ) ;
#2447 = EDGE_CURVE ( 'NONE', #2488, #4855, #2347, .T. ) ;
#2448 = EDGE_LOOP ( 'NONE', ( #495, #3804, #4831, #1599 ) ) ;
#2449 = CARTESIAN_POINT ( 'NONE',  ( -30.25000000000000000, 0.000000000000000000, -0.02500000000000375186 ) ) ;
#2450 = AXIS2_PLACEMENT_3D ( 'NONE', #2245, #1772, #1003 ) ;
#2451 = AXIS2_PLACEMENT_3D ( 'NONE', #3565, #991, #5277 ) ;
#2452 = ORIENTED_EDGE ( 'NONE', *, *, #4576, .T. ) ;
#2453 = ORIENTED_EDGE ( 'NONE', *, *, #896, .T. ) ;
#2454 = DIRECTION ( 'NONE',  ( -0.000000000000000000, -1.000000000000000000, -0.000000000000000000 ) ) ;
#2455 = ORIENTED_EDGE ( 'NONE', *, *, #3199, .T. ) ;
#2456 = DIRECTION ( 'NONE',  ( 0.000000000000000000, 0.000000000000000000, -1.000000000000000000 ) ) ;
#2457 = FACE_OUTER_BOUND ( 'NONE', #2430, .T. ) ;
#2458 = AXIS2_PLACEMENT_3D ( 'NONE', #5155, #1667, #2081 ) ;
#2459 = ORIENTED_EDGE ( 'NONE', *, *, #2274, .F. ) ;
#2460 = ORIENTED_EDGE ( 'NONE', *, *, #5056, .T. ) ;
#2461 = DIRECTION ( 'NONE',  ( 0.000000000000000000, 0.000000000000000000, 1.000000000000000000 ) ) ;
#2462 = ORIENTED_EDGE ( 'NONE', *, *, #2747, .T. ) ;
#2463 = CARTESIAN_POINT ( 'NONE',  ( 36.25000000000167688, 1.600000000000000089, 42.49999999999999289 ) ) ;
#2464 = EDGE_LOOP ( 'NONE', ( #2117, #4266, #871, #3100 ) ) ;
#2465 = DIRECTION ( 'NONE',  ( 0.000000000000000000, -1.000000000000000000, 0.000000000000000000 ) ) ;
#2466 = VECTOR ( 'NONE', #3231, 1000.000000000000000 ) ;
#2467 = CARTESIAN_POINT ( 'NONE',  ( 0.000000000000000000, 1.600000000000000089, 22.50000000000000000 ) ) ;
#2468 = ORIENTED_EDGE ( 'NONE', *, *, #5229, .F. ) ;
#2469 = LINE ( 'NONE', #3007, #1520 ) ;
#2470 =( LENGTH_UNIT ( ) NAMED_UNIT ( * ) SI_UNIT ( .MILLI., .METRE. ) );
#2471 = AXIS2_PLACEMENT_3D ( 'NONE', #4456, #4021, #4906 ) ;
#2472 = EDGE_CURVE ( 'NONE', #1886, #4692, #4551, .T. ) ;
#2473 = DIRECTION ( 'NONE',  ( -1.000000000000000000, 0.000000000000000000, -0.000000000000000000 ) ) ;
#2474 = DIRECTION ( 'NONE',  ( 0.000000000000000000, 0.000000000000000000, 1.000000000000000000 ) ) ;
#2475 = CYLINDRICAL_SURFACE ( 'NONE', #3995, 1.550000000000550937 ) ;
#2476 = LINE ( 'NONE', #5376, #3911 ) ;
#2477 = EDGE_CURVE ( 'NONE', #4287, #5484, #3191, .T. ) ;
#2478 = ADVANCED_FACE ( 'NONE', ( #617 ), #245, .F. ) ;
#2479 = LINE ( 'NONE', #4673, #4130 ) ;
#2480 = EDGE_LOOP ( 'NONE', ( #734, #1159, #1674, #5535 ) ) ;
#2481 = LINE ( 'NONE', #4566, #1008 ) ;
#2482 = ORIENTED_EDGE ( 'NONE', *, *, #3821, .T. ) ;
#2483 = CARTESIAN_POINT ( 'NONE',  ( -37.84999999999998721, 0.000000000000000000, -0.000000000000000000 ) ) ;
#2484 = DIRECTION ( 'NONE',  ( 0.000000000000000000, 0.000000000000000000, -1.000000000000000000 ) ) ;
#2485 = ADVANCED_FACE ( 'NONE', ( #2514 ), #5447, .F. ) ;
#2486 = EDGE_CURVE ( 'NONE', #898, #5092, #4181, .T. ) ;
#2487 = VERTEX_POINT ( 'NONE', #790 ) ;
#2488 = VERTEX_POINT ( 'NONE', #1697 ) ;
#2489 = LINE ( 'NONE', #332, #3591 ) ;
#2490 = VERTEX_POINT ( 'NONE', #700 ) ;
#2491 = CARTESIAN_POINT ( 'NONE',  ( 36.25000000000125056, 0.000000000000000000, 20.99999999999998934 ) ) ;
#2492 = ORIENTED_EDGE ( 'NONE', *, *, #1660, .T. ) ;
#2493 = DIRECTION ( 'NONE',  ( 0.000000000000000000, 0.000000000000000000, -1.000000000000000000 ) ) ;
#2494 = CARTESIAN_POINT ( 'NONE',  ( 35.75000000000167688, 1.600000000000000089, 50.99999999999999289 ) ) ;
#2495 = VERTEX_POINT ( 'NONE', #3306 ) ;
#2496 = CARTESIAN_POINT ( 'NONE',  ( 9.141992718397773388E-13, 0.000000000000000000, -97.65062663272092891 ) ) ;
#2497 = DIRECTION ( 'NONE',  ( 0.000000000000000000, 0.000000000000000000, 1.000000000000000000 ) ) ;
#2498 = CARTESIAN_POINT ( 'NONE',  ( 37.85000000000000853, 1.600000000000000089, -47.50000000000000000 ) ) ;
#2499 = DIRECTION ( 'NONE',  ( 0.000000000000000000, 0.000000000000000000, 1.000000000000000000 ) ) ;
#2500 = FACE_OUTER_BOUND ( 'NONE', #2197, .T. ) ;
#2501 = EDGE_CURVE ( 'NONE', #3577, #2587, #4630, .T. ) ;
#2502 = CYLINDRICAL_SURFACE ( 'NONE', #488, 0.4999999999999987232 ) ;
#2503 = AXIS2_PLACEMENT_3D ( 'NONE', #2071, #1169, #743 ) ;
#2504 = CARTESIAN_POINT ( 'NONE',  ( -35.75000000000125056, 1.600000000000000089, 20.99999999999998934 ) ) ;
#2505 = ORIENTED_EDGE ( 'NONE', *, *, #4059, .T. ) ;
#2506 = DIRECTION ( 'NONE',  ( 0.000000000000000000, 0.000000000000000000, 1.000000000000000000 ) ) ;
#2507 = EDGE_LOOP ( 'NONE', ( #3864, #2542, #50, #2453, #3503, #2482, #846, #2566, #3750, #27 ) ) ;
#2508 = DIRECTION ( 'NONE',  ( 0.000000000000000000, 1.000000000000000000, -0.000000000000000000 ) ) ;
#2509 = ADVANCED_FACE ( 'NONE', ( #2998 ), #1642, .F. ) ;
#2510 = DIRECTION ( 'NONE',  ( 0.000000000000000000, 1.000000000000000000, -0.000000000000000000 ) ) ;
#2511 = CIRCLE ( 'NONE', #1250, 0.5000000000000004441 ) ;
#2512 = ORIENTED_EDGE ( 'NONE', *, *, #5064, .T. ) ;
#2513 = ORIENTED_EDGE ( 'NONE', *, *, #671, .T. ) ;
#2514 = FACE_OUTER_BOUND ( 'NONE', #365, .T. ) ;
#2515 = ORIENTED_EDGE ( 'NONE', *, *, #2301, .F. ) ;
#2516 = AXIS2_PLACEMENT_3D ( 'NONE', #879, #4362, #1740 ) ;
#2517 = DIRECTION ( 'NONE',  ( 1.280238727658160256E-16, 0.000000000000000000, 1.000000000000000000 ) ) ;
#2518 = EDGE_CURVE ( 'NONE', #5220, #1040, #1792, .T. ) ;
#2519 = ADVANCED_FACE ( 'NONE', ( #3837 ), #5110, .F. ) ;
#2520 = AXIS2_PLACEMENT_3D ( 'NONE', #145, #576, #1378 ) ;
#2521 = AXIS2_PLACEMENT_3D ( 'NONE', #1099, #670, #2719 ) ;
#2522 = VERTEX_POINT ( 'NONE', #2122 ) ;
#2523 = DIRECTION ( 'NONE',  ( 0.000000000000000000, 1.000000000000000000, -0.000000000000000000 ) ) ;
#2524 = VECTOR ( 'NONE', #117, 1000.000000000000000 ) ;
#2525 = ORIENTED_EDGE ( 'NONE', *, *, #4059, .F. ) ;
#2526 = DIRECTION ( 'NONE',  ( 0.000000000000000000, 0.000000000000000000, 1.000000000000000000 ) ) ;
#2527 = DIRECTION ( 'NONE',  ( 1.000000000000000000, 0.000000000000000000, 0.000000000000000000 ) ) ;
#2528 = CARTESIAN_POINT ( 'NONE',  ( 0.000000000000000000, 1.600000000000000089, -55.24999999999999289 ) ) ;
#2529 = CARTESIAN_POINT ( 'NONE',  ( 7.650000000000000355, 0.000000000000000000, 0.000000000000000000 ) ) ;
#2530 = CARTESIAN_POINT ( 'NONE',  ( 35.75000000000041211, 1.600000000000000089, -39.50000000000001421 ) ) ;
#2531 = DIRECTION ( 'NONE',  ( 1.000000000000000000, 0.000000000000000000, -0.000000000000000000 ) ) ;
#2532 = LINE ( 'NONE', #2168, #436 ) ;
#2533 = ORIENTED_EDGE ( 'NONE', *, *, #650, .T. ) ;
#2534 = DIRECTION ( 'NONE',  ( 0.000000000000000000, -1.000000000000000000, 0.000000000000000000 ) ) ;
#2535 = CIRCLE ( 'NONE', #2450, 2.500000000000002220 ) ;
#2536 = AXIS2_PLACEMENT_3D ( 'NONE', #140, #2669, #1871 ) ;
#2537 = ORIENTED_EDGE ( 'NONE', *, *, #1101, .T. ) ;
#2538 = LINE ( 'NONE', #4262, #1560 ) ;
#2539 = CARTESIAN_POINT ( 'NONE',  ( -35.75000000000125056, 0.000000000000000000, 12.49999999999999645 ) ) ;
#2540 = CIRCLE ( 'NONE', #2907, 0.5000000000000004441 ) ;
#2541 = EDGE_CURVE ( 'NONE', #1167, #3535, #5086, .T. ) ;
#2542 = ORIENTED_EDGE ( 'NONE', *, *, #4921, .F. ) ;
#2543 = ORIENTED_EDGE ( 'NONE', *, *, #5271, .F. ) ;
#2544 = CARTESIAN_POINT ( 'NONE',  ( 37.35000000000000853, 0.000000000000000000, -47.50000000000000000 ) ) ;
#2545 = ORIENTED_EDGE ( 'NONE', *, *, #2472, .T. ) ;
#2546 = DIRECTION ( 'NONE',  ( 0.000000000000000000, -1.000000000000000000, 0.000000000000000000 ) ) ;
#2547 = AXIS2_PLACEMENT_3D ( 'NONE', #1404, #1350, #3914 ) ;
#2548 = EDGE_CURVE ( 'NONE', #1459, #811, #4407, .T. ) ;
#2549 = EDGE_LOOP ( 'NONE', ( #3497, #3779, #5213, #3869 ) ) ;
#2550 = ADVANCED_FACE ( 'NONE', ( #735 ), #4149, .T. ) ;
#2551 = CARTESIAN_POINT ( 'NONE',  ( -35.74999999999874944, 1.600000000000000089, 12.99999999999999645 ) ) ;
#2552 = ORIENTED_EDGE ( 'NONE', *, *, #2326, .T. ) ;
#2553 = DIRECTION ( 'NONE',  ( 0.000000000000000000, 0.000000000000000000, -1.000000000000000000 ) ) ;
#2554 = CARTESIAN_POINT ( 'NONE',  ( -2.775557561561860405E-13, 1.600000000000000089, 21.00000000000459721 ) ) ;
#2555 = CARTESIAN_POINT ( 'NONE',  ( -37.35000000000001563, 0.000000000000000000, 51.00000000000410694 ) ) ;
#2556 = CARTESIAN_POINT ( 'NONE',  ( -37.85000000000000142, 1.600000000000000089, 0.000000000000000000 ) ) ;
#2557 = APPLICATION_CONTEXT ( 'automotive_design' ) ;
#2558 = CARTESIAN_POINT ( 'NONE',  ( 35.75000000000000000, 1.600000000000000089, -77.50000000000000000 ) ) ;
#2559 = AXIS2_PLACEMENT_3D ( 'NONE', #434, #4253, #2077 ) ;
#2560 = CARTESIAN_POINT ( 'NONE',  ( -9.249999999999998224, 0.000000000000000000, 1.249999999999997780 ) ) ;
#2561 = VECTOR ( 'NONE', #556, 1000.000000000000000 ) ;
#2562 = DIRECTION ( 'NONE',  ( 0.000000000000000000, 0.000000000000000000, 1.000000000000000000 ) ) ;
#2563 = ORIENTED_EDGE ( 'NONE', *, *, #296, .F. ) ;
#2564 = DIRECTION ( 'NONE',  ( -0.000000000000000000, -1.000000000000000000, -0.000000000000000000 ) ) ;
#2565 = AXIS2_PLACEMENT_3D ( 'NONE', #2956, #3384, #12 ) ;
#2566 = ORIENTED_EDGE ( 'NONE', *, *, #3552, .F. ) ;
#2567 = DIRECTION ( 'NONE',  ( 0.000000000000000000, 0.000000000000000000, -1.000000000000000000 ) ) ;
#2568 = CYLINDRICAL_SURFACE ( 'NONE', #5352, 1.549999999999995826 ) ;
#2569 = VERTEX_POINT ( 'NONE', #1192 ) ;
#2570 = ORIENTED_EDGE ( 'NONE', *, *, #1852, .F. ) ;
#2571 = ORIENTED_EDGE ( 'NONE', *, *, #5030, .T. ) ;
#2572 = EDGE_LOOP ( 'NONE', ( #3819, #4623, #4225, #1725 ) ) ;
#2573 = DIRECTION ( 'NONE',  ( 0.000000000000000000, 0.000000000000000000, -1.000000000000000000 ) ) ;
#2574 = EDGE_CURVE ( 'NONE', #1019, #5288, #2511, .T. ) ;
#2575 = ORIENTED_EDGE ( 'NONE', *, *, #1377, .F. ) ;
#2576 = CARTESIAN_POINT ( 'NONE',  ( 35.75000000000041211, 0.000000000000000000, -47.00000000000000711 ) ) ;
#2577 = PLANE ( 'NONE',  #2603 ) ;
#2578 = ORIENTED_EDGE ( 'NONE', *, *, #5103, .T. ) ;
#2579 = DIRECTION ( 'NONE',  ( 4.758098676964946072E-13, -0.000000000000000000, 1.000000000000000000 ) ) ;
#2580 = EDGE_CURVE ( 'NONE', #3969, #818, #1877, .T. ) ;
#2581 = CARTESIAN_POINT ( 'NONE',  ( 36.25000000000125056, 0.000000000000000000, 12.49999999999999645 ) ) ;
#2582 = DIRECTION ( 'NONE',  ( 0.000000000000000000, 1.000000000000000000, -0.000000000000000000 ) ) ;
#2583 = CARTESIAN_POINT ( 'NONE',  ( 35.75000000000000000, 1.600000000000000089, -78.00000000000000000 ) ) ;
#2584 = EDGE_CURVE ( 'NONE', #5092, #994, #2489, .T. ) ;
#2585 = ADVANCED_FACE ( 'NONE', ( #4657 ), #2092, .T. ) ;
#2586 = CARTESIAN_POINT ( 'NONE',  ( 37.85000000000001563, 1.600000000000000089, 0.000000000000000000 ) ) ;
#2587 = VERTEX_POINT ( 'NONE', #2544 ) ;
#2588 = CARTESIAN_POINT ( 'NONE',  ( 37.85000000000000142, 1.600000000000000089, -77.00000000000000000 ) ) ;
#2589 = ORIENTED_EDGE ( 'NONE', *, *, #2326, .F. ) ;
#2590 = CYLINDRICAL_SURFACE ( 'NONE', #740, 0.5000000000000004441 ) ;
#2591 = VERTEX_POINT ( 'NONE', #1673 ) ;
#2592 = AXIS2_PLACEMENT_3D ( 'NONE', #709, #4555, #5425 ) ;
#2593 = FACE_OUTER_BOUND ( 'NONE', #130, .T. ) ;
#2594 = CARTESIAN_POINT ( 'NONE',  ( -37.85000000000000142, 0.000000000000000000, -39.50000000000000711 ) ) ;
#2595 = ORIENTED_EDGE ( 'NONE', *, *, #4058, .F. ) ;
#2596 = VERTEX_POINT ( 'NONE', #1246 ) ;
#2597 = DIRECTION ( 'NONE',  ( -0.000000000000000000, -1.000000000000000000, -0.000000000000000000 ) ) ;
#2598 = ORIENTED_EDGE ( 'NONE', *, *, #2232, .F. ) ;
#2599 = VERTEX_POINT ( 'NONE', #4267 ) ;
#2600 = LINE ( 'NONE', #1303, #97 ) ;
#2601 = AXIS2_PLACEMENT_3D ( 'NONE', #3117, #1418, #2716 ) ;
#2602 = ORIENTED_EDGE ( 'NONE', *, *, #2747, .F. ) ;
#2603 = AXIS2_PLACEMENT_3D ( 'NONE', #4298, #5458, #3058 ) ;
#2604 = DIRECTION ( 'NONE',  ( 0.000000000000000000, 1.000000000000000000, -0.000000000000000000 ) ) ;
#2605 = CARTESIAN_POINT ( 'NONE',  ( 37.85000000000000142, 1.600000000000000089, -77.50000000000000000 ) ) ;
#2606 = CARTESIAN_POINT ( 'NONE',  ( -37.84999999999998721, 1.600000000000000089, 12.99999999999999645 ) ) ;
#2607 = CIRCLE ( 'NONE', #4229, 0.5000000000000004441 ) ;
#2608 = VECTOR ( 'NONE', #545, 1000.000000000000000 ) ;
#2609 = EDGE_CURVE ( 'NONE', #2915, #3757, #2970, .T. ) ;
#2610 = CARTESIAN_POINT ( 'NONE',  ( 24.57499999999999929, 1.600000000000000089, 20.54999999999999716 ) ) ;
#2611 = CARTESIAN_POINT ( 'NONE',  ( 9.371867175538477923, -8.400000000000000355, -10.52234547028044176 ) ) ;
#2612 = CYLINDRICAL_SURFACE ( 'NONE', #3816, 0.5000000000000004441 ) ;
#2613 = PLANE ( 'NONE',  #5263 ) ;
#2614 = ORIENTED_EDGE ( 'NONE', *, *, #1687, .F. ) ;
#2615 = EDGE_CURVE ( 'NONE', #2795, #2348, #607, .T. ) ;
#2616 = PLANE ( 'NONE',  #1616 ) ;
#2617 = ORIENTED_EDGE ( 'NONE', *, *, #5002, .F. ) ;
#2618 = EDGE_CURVE ( 'NONE', #1886, #701, #5374, .T. ) ;
#2619 = CYLINDRICAL_SURFACE ( 'NONE', #2096, 246.5002818899938859 ) ;
#2620 = VERTEX_POINT ( 'NONE', #4533 ) ;
#2621 = CARTESIAN_POINT ( 'NONE',  ( 41.25000000000000711, 0.000000000000000000, 7.274822829958279335 ) ) ;
#2622 = CARTESIAN_POINT ( 'NONE',  ( 35.75000000000125056, 1.600000000000000089, 11.99999999999999822 ) ) ;
#2623 = AXIS2_PLACEMENT_3D ( 'NONE', #1080, #2804, #4530 ) ;
#2624 = EDGE_LOOP ( 'NONE', ( #815, #2790, #2575, #3236 ) ) ;
#2625 = ORIENTED_EDGE ( 'NONE', *, *, #2053, .F. ) ;
#2626 = DIRECTION ( 'NONE',  ( -0.000000000000000000, -1.000000000000000000, -0.000000000000000000 ) ) ;
#2627 = VERTEX_POINT ( 'NONE', #4047 ) ;
#2628 = VERTEX_POINT ( 'NONE', #176 ) ;
#2629 = DIRECTION ( 'NONE',  ( 0.000000000000000000, 1.000000000000000000, -0.000000000000000000 ) ) ;
#2630 = VECTOR ( 'NONE', #1526, 1000.000000000000000 ) ;
#2631 = AXIS2_PLACEMENT_3D ( 'NONE', #2190, #3908, #3964 ) ;
#2632 = ORIENTED_EDGE ( 'NONE', *, *, #5465, .T. ) ;
#2633 = AXIS2_PLACEMENT_3D ( 'NONE', #2877, #1154, #3691 ) ;
#2634 = CARTESIAN_POINT ( 'NONE',  ( 35.75000000000041211, 1.600000000000000089, -39.00000000000001421 ) ) ;
#2635 = VECTOR ( 'NONE', #1759, 1000.000000000000000 ) ;
#2636 = CARTESIAN_POINT ( 'NONE',  ( 32.32499999999993889, 0.000000000000000000, -54.05000000000106297 ) ) ;
#2637 = CARTESIAN_POINT ( 'NONE',  ( 24.57499999999999929, 0.000000000000000000, -37.44999999999999574 ) ) ;
#2638 = AXIS2_PLACEMENT_3D ( 'NONE', #3993, #952, #1854 ) ;
#2639 = DIRECTION ( 'NONE',  ( 1.000000000000000000, 0.000000000000000000, 1.672022627447524500E-16 ) ) ;
#2640 = DIRECTION ( 'NONE',  ( -0.000000000000000000, 1.000000000000000000, -0.000000000000000000 ) ) ;
#2641 = CYLINDRICAL_SURFACE ( 'NONE', #2879, 0.5000000000000004441 ) ;
#2642 = DIRECTION ( 'NONE',  ( -0.000000000000000000, -1.000000000000000000, -0.000000000000000000 ) ) ;
#2643 = EDGE_CURVE ( 'NONE', #5234, #443, #3225, .T. ) ;
#2644 = VECTOR ( 'NONE', #5319, 1000.000000000000000 ) ;
#2645 = ORIENTED_EDGE ( 'NONE', *, *, #5322, .F. ) ;
#2646 = CARTESIAN_POINT ( 'NONE',  ( 187.9553080934801983, 1.600000000000000089, 159.3904074406016207 ) ) ;
#2647 = DIRECTION ( 'NONE',  ( 0.000000000000000000, 0.000000000000000000, 1.000000000000000000 ) ) ;
#2648 = CIRCLE ( 'NONE', #4539, 1.549999999999999378 ) ;
#2649 = VERTEX_POINT ( 'NONE', #3179 ) ;
#2650 = CIRCLE ( 'NONE', #4904, 0.5000000000000004441 ) ;
#2651 = CARTESIAN_POINT ( 'NONE',  ( 0.000000000000000000, 1.600000000000000089, -69.00000000000000000 ) ) ;
#2652 = CARTESIAN_POINT ( 'NONE',  ( 37.85000000000001563, 1.600000000000000089, 42.49999999999999289 ) ) ;
#2653 = ADVANCED_FACE ( 'NONE', ( #4018 ), #4902, .T. ) ;
#2654 = PRODUCT_DEFINITION ( 'Î´Öª', '', #3249, #1091 ) ;
#2655 = AXIS2_PLACEMENT_3D ( 'NONE', #2419, #3294, #1597 ) ;
#2656 = ORIENTED_EDGE ( 'NONE', *, *, #161, .F. ) ;
#2657 = EDGE_LOOP ( 'NONE', ( #3972, #5048, #4085, #698 ) ) ;
#2658 = DIRECTION ( 'NONE',  ( 0.000000000000000000, -1.000000000000000000, 0.000000000000000000 ) ) ;
#2659 = ORIENTED_EDGE ( 'NONE', *, *, #2757, .F. ) ;
#2660 = VERTEX_POINT ( 'NONE', #1911 ) ;
#2661 = CYLINDRICAL_SURFACE ( 'NONE', #3892, 0.5000000000000004441 ) ;
#2662 = EDGE_CURVE ( 'NONE', #5327, #219, #69, .T. ) ;
#2663 = EDGE_CURVE ( 'NONE', #3605, #1943, #1057, .T. ) ;
#2664 = ORIENTED_EDGE ( 'NONE', *, *, #2541, .T. ) ;
#2665 = DIRECTION ( 'NONE',  ( 0.000000000000000000, 0.000000000000000000, 1.000000000000000000 ) ) ;
#2666 = DIRECTION ( 'NONE',  ( 0.000000000000000000, -1.000000000000000000, 0.000000000000000000 ) ) ;
#2667 = CARTESIAN_POINT ( 'NONE',  ( -37.85000000000000853, 0.000000000000000000, -47.50000000000000000 ) ) ;
#2668 = CARTESIAN_POINT ( 'NONE',  ( 2.577303450021897876E-13, 1.600000000000000089, -38.99999999999565148 ) ) ;
#2669 = DIRECTION ( 'NONE',  ( -0.000000000000000000, -1.000000000000000000, -0.000000000000000000 ) ) ;
#2670 = DIRECTION ( 'NONE',  ( 0.000000000000000000, -1.000000000000000000, 0.000000000000000000 ) ) ;
#2671 = DIRECTION ( 'NONE',  ( 0.000000000000000000, 0.000000000000000000, 1.000000000000000000 ) ) ;
#2672 = ORIENTED_EDGE ( 'NONE', *, *, #1330, .T. ) ;
#2673 = CARTESIAN_POINT ( 'NONE',  ( 41.25000000000000711, 1.600000000000000089, 5.204170427931801001E-15 ) ) ;
#2674 = DIRECTION ( 'NONE',  ( -0.000000000000000000, -1.000000000000000000, -0.000000000000000000 ) ) ;
#2675 = EDGE_CURVE ( 'NONE', #2826, #3605, #3291, .T. ) ;
#2676 = ORIENTED_EDGE ( 'NONE', *, *, #5332, .T. ) ;
#2677 = PLANE ( 'NONE',  #112 ) ;
#2678 = LINE ( 'NONE', #981, #1756 ) ;
#2679 = VERTEX_POINT ( 'NONE', #1963 ) ;
#2680 = VERTEX_POINT ( 'NONE', #2415 ) ;
#2681 = CARTESIAN_POINT ( 'NONE',  ( 36.25000000000000000, 1.600000000000000089, -69.00000000000000000 ) ) ;
#2682 = ADVANCED_FACE ( 'NONE', ( #4505 ), #2331, .F. ) ;
#2683 = ORIENTED_EDGE ( 'NONE', *, *, #1343, .F. ) ;
#2684 = ORIENTED_EDGE ( 'NONE', *, *, #999, .F. ) ;
#2685 = CARTESIAN_POINT ( 'NONE',  ( -9.250000000000001776, 0.000000000000000000, -20.02500000000000568 ) ) ;
#2686 = VECTOR ( 'NONE', #252, 1000.000000000000000 ) ;
#2687 = EDGE_LOOP ( 'NONE', ( #933, #1223 ) ) ;
#2688 = ADVANCED_FACE ( 'NONE', ( #4134, #5430, #2388, #2303, #3204, #628, #2363, #2810, #262, #1989, #208, #1145, #5404, #1940, #1118, #1567, #2839, #5011, #686, #1536, #4588, #4079, #3654, #3230, #660, #4106, #3262 ), #4981, .F. ) ;
#2689 = ADVANCED_FACE ( 'NONE', ( #2020 ), #2577, .F. ) ;
#2690 = DIRECTION ( 'NONE',  ( 1.000000000000000000, 0.000000000000000000, -4.758098676964946072E-13 ) ) ;
#2691 = AXIS2_PLACEMENT_3D ( 'NONE', #2061, #3781, #3725 ) ;
#2692 = DIRECTION ( 'NONE',  ( 1.000000000000000000, -0.000000000000000000, 0.000000000000000000 ) ) ;
#2693 = DIRECTION ( 'NONE',  ( -0.000000000000000000, 1.000000000000000000, -0.000000000000000000 ) ) ;
#2694 = AXIS2_PLACEMENT_3D ( 'NONE', #3601, #2784, #1483 ) ;
#2695 = CARTESIAN_POINT ( 'NONE',  ( 0.000000000000000000, 1.600000000000000089, 33.95859644822850498 ) ) ;
#2696 = DIRECTION ( 'NONE',  ( 0.000000000000000000, 1.000000000000000000, 0.000000000000000000 ) ) ;
#2697 = CYLINDRICAL_SURFACE ( 'NONE', #1841, 1.275000000000004796 ) ;
#2698 = VECTOR ( 'NONE', #2693, 1000.000000000000000 ) ;
#2699 = LINE ( 'NONE', #1797, #3792 ) ;
#2700 = CIRCLE ( 'NONE', #890, 0.5000000000000004441 ) ;
#2701 = AXIS2_PLACEMENT_3D ( 'NONE', #272, #4114, #4545 ) ;
#2702 = DIRECTION ( 'NONE',  ( 0.000000000000000000, 0.000000000000000000, -1.000000000000000000 ) ) ;
#2703 = DIRECTION ( 'NONE',  ( 0.000000000000000000, -1.000000000000000000, 0.000000000000000000 ) ) ;
#2704 = ORIENTED_EDGE ( 'NONE', *, *, #1916, .T. ) ;
#2705 = AXIS2_PLACEMENT_3D ( 'NONE', #1908, #1534, #1961 ) ;
#2706 = CARTESIAN_POINT ( 'NONE',  ( 37.85000000000001563, 1.600000000000000089, 42.49999999999999289 ) ) ;
#2707 = CARTESIAN_POINT ( 'NONE',  ( 37.85000000000001563, 1.600000000000000089, 50.99999999999999289 ) ) ;
#2708 = EDGE_LOOP ( 'NONE', ( #2401, #4828, #2221, #1038 ) ) ;
#2709 = VERTEX_POINT ( 'NONE', #3 ) ;
#2710 = FACE_OUTER_BOUND ( 'NONE', #3895, .T. ) ;
#2711 = ORIENTED_EDGE ( 'NONE', *, *, #143, .F. ) ;
#2712 = EDGE_LOOP ( 'NONE', ( #2226, #331, #1468, #3315 ) ) ;
#2713 = FACE_OUTER_BOUND ( 'NONE', #3278, .T. ) ;
#2714 = EDGE_CURVE ( 'NONE', #2628, #2487, #339, .T. ) ;
#2715 = ORIENTED_EDGE ( 'NONE', *, *, #4278, .T. ) ;
#2716 = DIRECTION ( 'NONE',  ( 0.000000000000000000, 0.000000000000000000, 1.000000000000000000 ) ) ;
#2717 = CARTESIAN_POINT ( 'NONE',  ( -23.99999999998818012, 0.000000000000000000, -85.98338711122495681 ) ) ;
#2718 = VECTOR ( 'NONE', #5202, 1000.000000000000000 ) ;
#2719 = DIRECTION ( 'NONE',  ( 0.000000000000000000, 0.000000000000000000, -1.000000000000000000 ) ) ;
#2720 = EDGE_CURVE ( 'NONE', #4321, #2084, #3325, .T. ) ;
#2721 = EDGE_CURVE ( 'NONE', #2225, #4165, #978, .T. ) ;
#2722 = VECTOR ( 'NONE', #28, 1000.000000000000000 ) ;
#2723 = CIRCLE ( 'NONE', #4068, 2.500000000000002220 ) ;
#2724 = FACE_OUTER_BOUND ( 'NONE', #2968, .T. ) ;
#2725 = DIRECTION ( 'NONE',  ( 0.000000000000000000, 0.000000000000000000, -1.000000000000000000 ) ) ;
#2726 = DIRECTION ( 'NONE',  ( 0.000000000000000000, -1.000000000000000000, 0.000000000000000000 ) ) ;
#2727 = DIRECTION ( 'NONE',  ( -1.000000000000000000, 0.000000000000000000, -0.000000000000000000 ) ) ;
#2728 = AXIS2_PLACEMENT_3D ( 'NONE', #413, #2140, #5287 ) ;
#2729 = EDGE_CURVE ( 'NONE', #66, #16, #5479, .T. ) ;
#2730 = EDGE_CURVE ( 'NONE', #342, #4836, #3029, .T. ) ;
#2731 = CARTESIAN_POINT ( 'NONE',  ( -37.85000000000001563, 1.600000000000000089, 12.49999999999999645 ) ) ;
#2732 = LINE ( 'NONE', #1426, #195 ) ;
#2733 = ORIENTED_EDGE ( 'NONE', *, *, #1894, .T. ) ;
#2734 = CYLINDRICAL_SURFACE ( 'NONE', #1922, 0.5000000000000004441 ) ;
#2735 = LINE ( 'NONE', #4427, #2561 ) ;
#2736 = EDGE_LOOP ( 'NONE', ( #5466, #2770, #357, #1609 ) ) ;
#2737 = ORIENTED_EDGE ( 'NONE', *, *, #3155, .F. ) ;
#2738 = VECTOR ( 'NONE', #2022, 1000.000000000000000 ) ;
#2739 = LINE ( 'NONE', #585, #3360 ) ;
#2740 = ORIENTED_EDGE ( 'NONE', *, *, #2032, .F. ) ;
#2741 = ORIENTED_EDGE ( 'NONE', *, *, #786, .F. ) ;
#2742 = CARTESIAN_POINT ( 'NONE',  ( -17.50000000000000000, 0.000000000000000000, 35.42765452970056828 ) ) ;
#2743 = CIRCLE ( 'NONE', #3998, 0.5000000000000004441 ) ;
#2744 = EDGE_LOOP ( 'NONE', ( #2684, #5180, #2258 ) ) ;
#2745 = CYLINDRICAL_SURFACE ( 'NONE', #337, 0.5000000000000004441 ) ;
#2746 = ORIENTED_EDGE ( 'NONE', *, *, #430, .F. ) ;
#2747 = EDGE_CURVE ( 'NONE', #979, #898, #5571, .T. ) ;
#2748 = CARTESIAN_POINT ( 'NONE',  ( -37.35000000000001563, 1.600000000000000089, 51.00000000000410694 ) ) ;
#2749 = CARTESIAN_POINT ( 'NONE',  ( 35.75000000000125056, 0.000000000000000000, 12.99999999999999645 ) ) ;
#2750 = CARTESIAN_POINT ( 'NONE',  ( 34.36956032934473626, 1.600000000000000089, 54.99999999998543387 ) ) ;
#2751 = EDGE_CURVE ( 'NONE', #2091, #3438, #2187, .T. ) ;
#2752 = FACE_BOUND ( 'NONE', #4832, .T. ) ;
#2753 = CARTESIAN_POINT ( 'NONE',  ( 41.25000000000000711, 1.600000000000000089, 5.204170427931801001E-15 ) ) ;
#2754 = EDGE_CURVE ( 'NONE', #1290, #1455, #3950, .T. ) ;
#2755 = DIRECTION ( 'NONE',  ( -0.000000000000000000, 1.000000000000000000, -0.000000000000000000 ) ) ;
#2756 = LINE ( 'NONE', #2250, #3364 ) ;
#2757 = EDGE_CURVE ( 'NONE', #169, #1190, #1282, .T. ) ;
#2758 = DIRECTION ( 'NONE',  ( 0.000000000000000000, 1.000000000000000000, -0.000000000000000000 ) ) ;
#2759 = EDGE_CURVE ( 'NONE', #1327, #979, #4724, .T. ) ;
#2760 = EDGE_LOOP ( 'NONE', ( #3045, #1813, #1351, #4743 ) ) ;
#2761 = DIRECTION ( 'NONE',  ( 0.000000000000000000, -1.000000000000000000, 0.000000000000000000 ) ) ;
#2762 = CARTESIAN_POINT ( 'NONE',  ( -37.85000000000000142, 1.600000000000000089, -77.00000000000000000 ) ) ;
#2763 = ORIENTED_EDGE ( 'NONE', *, *, #1435, .T. ) ;
#2764 = ORIENTED_EDGE ( 'NONE', *, *, #335, .F. ) ;
#2765 = DIRECTION ( 'NONE',  ( 0.000000000000000000, 0.000000000000000000, 1.000000000000000000 ) ) ;
#2766 = ORIENTED_EDGE ( 'NONE', *, *, #4480, .T. ) ;
#2767 = DIRECTION ( 'NONE',  ( -0.000000000000000000, -1.000000000000000000, 0.000000000000000000 ) ) ;
#2768 = EDGE_LOOP ( 'NONE', ( #5557, #2617, #3656, #2193 ) ) ;
#2769 = DIRECTION ( 'NONE',  ( -0.000000000000000000, -1.000000000000000000, -0.000000000000000000 ) ) ;
#2770 = ORIENTED_EDGE ( 'NONE', *, *, #2501, .T. ) ;
#2771 = CARTESIAN_POINT ( 'NONE',  ( -37.85000000000000142, 1.600000000000000089, -69.50000000000000000 ) ) ;
#2772 = AXIS2_PLACEMENT_3D ( 'NONE', #681, #1446, #4125 ) ;
#2773 = VERTEX_POINT ( 'NONE', #5195 ) ;
#2774 = FACE_OUTER_BOUND ( 'NONE', #3280, .T. ) ;
#2775 = DIRECTION ( 'NONE',  ( -0.000000000000000000, 1.000000000000000000, -0.000000000000000000 ) ) ;
#2776 = CARTESIAN_POINT ( 'NONE',  ( 35.75000000000000000, 1.600000000000000089, -77.50000000000000000 ) ) ;
#2777 = DIRECTION ( 'NONE',  ( -0.000000000000000000, -1.000000000000000000, -0.000000000000000000 ) ) ;
#2778 = AXIS2_PLACEMENT_3D ( 'NONE', #2883, #364, #394 ) ;
#2779 = EDGE_CURVE ( 'NONE', #4402, #4275, #2238, .T. ) ;
#2780 = CIRCLE ( 'NONE', #4222, 1.550000000004069012 ) ;
#2781 = CARTESIAN_POINT ( 'NONE',  ( -27.75000000000000355, 1.600000000000000089, -0.02500000000000418554 ) ) ;
#2782 = DIRECTION ( 'NONE',  ( -0.000000000000000000, -1.000000000000000000, 0.000000000000000000 ) ) ;
#2783 = VECTOR ( 'NONE', #2318, 1000.000000000000000 ) ;
#2784 = DIRECTION ( 'NONE',  ( 0.000000000000000000, -1.000000000000000000, 0.000000000000000000 ) ) ;
#2785 = DIRECTION ( 'NONE',  ( 1.000000000000000000, 0.000000000000000000, 0.000000000000000000 ) ) ;
#2786 = CARTESIAN_POINT ( 'NONE',  ( -35.75000000000125056, 1.600000000000000089, 12.49999999999999645 ) ) ;
#2787 = EDGE_CURVE ( 'NONE', #2915, #2627, #524, .T. ) ;
#2788 = ADVANCED_FACE ( 'NONE', ( #3459 ), #1308, .F. ) ;
#2789 = ORIENTED_EDGE ( 'NONE', *, *, #3915, .T. ) ;
#2790 = ORIENTED_EDGE ( 'NONE', *, *, #54, .F. ) ;
#2791 = CYLINDRICAL_SURFACE ( 'NONE', #2914, 0.5000000000000004441 ) ;
#2792 = AXIS2_PLACEMENT_3D ( 'NONE', #3907, #2639, #491 ) ;
#2793 = ORIENTED_EDGE ( 'NONE', *, *, #1894, .F. ) ;
#2794 = CARTESIAN_POINT ( 'NONE',  ( 37.85000000000001563, 0.000000000000000000, 50.49999999999998579 ) ) ;
#2795 = VERTEX_POINT ( 'NONE', #2636 ) ;
#2796 = CARTESIAN_POINT ( 'NONE',  ( 37.85000000000000142, 0.000000000000000000, -77.00000000000000000 ) ) ;
#2797 = EDGE_LOOP ( 'NONE', ( #5453, #4690, #4139, #4024 ) ) ;
#2798 = LINE ( 'NONE', #4523, #2993 ) ;
#2799 = ORIENTED_EDGE ( 'NONE', *, *, #2501, .F. ) ;
#2800 = DIRECTION ( 'NONE',  ( 0.000000000000000000, 0.000000000000000000, 1.000000000000000000 ) ) ;
#2801 = AXIS2_PLACEMENT_3D ( 'NONE', #4284, #321, #4732 ) ;
#2802 = FACE_OUTER_BOUND ( 'NONE', #615, .T. ) ;
#2803 = CARTESIAN_POINT ( 'NONE',  ( -37.85000000000000142, 1.600000000000000089, -47.00000000000000000 ) ) ;
#2804 = DIRECTION ( 'NONE',  ( -0.000000000000000000, -1.000000000000000000, 0.000000000000000000 ) ) ;
#2805 = AXIS2_PLACEMENT_3D ( 'NONE', #3925, #2973, #3395 ) ;
#2806 = CIRCLE ( 'NONE', #2359, 0.5000000000000004441 ) ;
#2807 = CARTESIAN_POINT ( 'NONE',  ( -21.49999999998818367, 1.600000000000000089, -67.73338711122495681 ) ) ;
#2809 = CARTESIAN_POINT ( 'NONE',  ( -35.75000000000167688, 1.600000000000000089, 42.49999999999999289 ) ) ;
#2808 = AXIS2_PLACEMENT_3D ( 'NONE', #563, #2767, #2288 ) ;
#2810 = FACE_OUTER_BOUND ( 'NONE', #4684, .T. ) ;
#2811 = VECTOR ( 'NONE', #2564, 1000.000000000000000 ) ;
#2812 = LINE ( 'NONE', #2449, #4898 ) ;
#2813 = EDGE_CURVE ( 'NONE', #3561, #3535, #3513, .T. ) ;
#2814 = FACE_OUTER_BOUND ( 'NONE', #5446, .T. ) ;
#2815 = ORIENTED_EDGE ( 'NONE', *, *, #2903, .F. ) ;
#2816 = ORIENTED_EDGE ( 'NONE', *, *, #4022, .F. ) ;
#2817 = CARTESIAN_POINT ( 'NONE',  ( 24.57499999999999929, 1.600000000000000089, -40.55000000000000426 ) ) ;
#2818 = ORIENTED_EDGE ( 'NONE', *, *, #4152, .T. ) ;
#2819 = CARTESIAN_POINT ( 'NONE',  ( -35.74999999999874944, 1.600000000000000089, 20.49999999999998934 ) ) ;
#2820 = ADVANCED_FACE ( 'NONE', ( #56 ), #4164, .F. ) ;
#2821 = CARTESIAN_POINT ( 'NONE',  ( -36.25000000000125056, 0.000000000000000000, 12.50000000000412648 ) ) ;
#2822 = EDGE_CURVE ( 'NONE', #2218, #5015, #197, .T. ) ;
#2823 = ORIENTED_EDGE ( 'NONE', *, *, #3786, .T. ) ;
#2824 = VERTEX_POINT ( 'NONE', #1022 ) ;
#2825 = DIRECTION ( 'NONE',  ( 0.000000000000000000, 1.000000000000000000, 0.000000000000000000 ) ) ;
#2826 = VERTEX_POINT ( 'NONE', #2717 ) ;
#2827 = DIRECTION ( 'NONE',  ( -0.000000000000000000, 0.000000000000000000, 1.000000000000000000 ) ) ;
#2828 = EDGE_CURVE ( 'NONE', #243, #5105, #4441, .T. ) ;
#2829 = EDGE_CURVE ( 'NONE', #384, #2057, #1427, .T. ) ;
#2830 = AXIS2_PLACEMENT_3D ( 'NONE', #1036, #1011, #101 ) ;
#2831 = VERTEX_POINT ( 'NONE', #2748 ) ;
#2832 = CIRCLE ( 'NONE', #397, 1.275000000000001910 ) ;
#2833 = CARTESIAN_POINT ( 'NONE',  ( 37.85000000000001563, 1.600000000000000089, 12.49999999999999645 ) ) ;
#2834 = CARTESIAN_POINT ( 'NONE',  ( -21.49999999998818367, 1.600000000000000089, -70.23338711122495681 ) ) ;
#2835 = CARTESIAN_POINT ( 'NONE',  ( 37.35000000000000142, 1.600000000000000089, -77.50000000000000000 ) ) ;
#2836 = PLANE ( 'NONE',  #4876 ) ;
#2837 = DIRECTION ( 'NONE',  ( 0.000000000000000000, 0.000000000000000000, -1.000000000000000000 ) ) ;
#2838 = DIRECTION ( 'NONE',  ( 0.000000000000000000, 0.000000000000000000, 1.000000000000000000 ) ) ;
#2839 = FACE_BOUND ( 'NONE', #868, .T. ) ;
#2840 = ORIENTED_EDGE ( 'NONE', *, *, #2779, .F. ) ;
#2841 = PLANE ( 'NONE',  #293 ) ;
#2842 = CARTESIAN_POINT ( 'NONE',  ( 24.57499999999999929, 0.000000000000000000, -39.00000000000000000 ) ) ;
#2843 = ORIENTED_EDGE ( 'NONE', *, *, #1585, .F. ) ;
#2844 = ORIENTED_EDGE ( 'NONE', *, *, #408, .F. ) ;
#2845 = CARTESIAN_POINT ( 'NONE',  ( -15.00000014403561366, 1.600000000000000089, -64.02234547029955536 ) ) ;
#2846 = ORIENTED_EDGE ( 'NONE', *, *, #3235, .T. ) ;
#2847 = CARTESIAN_POINT ( 'NONE',  ( 34.36956032934473626, 0.000000000000000000, 32.03526295232896359 ) ) ;
#2848 = CARTESIAN_POINT ( 'NONE',  ( -15.00000014403561366, 1.600000000000000089, -65.57234547030361682 ) ) ;
#2849 = EDGE_CURVE ( 'NONE', #2522, #1301, #433, .T. ) ;
#2850 = VERTEX_POINT ( 'NONE', #2771 ) ;
#2851 = ORIENTED_EDGE ( 'NONE', *, *, #1932, .F. ) ;
#2852 = FACE_OUTER_BOUND ( 'NONE', #1463, .T. ) ;
#2853 = EDGE_LOOP ( 'NONE', ( #5245, #4982, #3014, #1583, #5041, #4719, #4355, #2656, #2206, #4760 ) ) ;
#2854 = DIRECTION ( 'NONE',  ( 0.000000000000000000, 0.000000000000000000, -1.000000000000000000 ) ) ;
#2855 = EDGE_CURVE ( 'NONE', #3724, #3452, #2236, .T. ) ;
#2856 = ORIENTED_EDGE ( 'NONE', *, *, #5540, .F. ) ;
#2857 = EDGE_CURVE ( 'NONE', #3830, #3391, #5486, .T. ) ;
#2858 = CYLINDRICAL_SURFACE ( 'NONE', #3979, 1.549999999999995826 ) ;
#2859 = PLANE ( 'NONE',  #1331 ) ;
#2860 = EDGE_LOOP ( 'NONE', ( #2816, #1016, #3726, #5392 ) ) ;
#2861 = DIRECTION ( 'NONE',  ( -0.000000000000000000, -1.000000000000000000, -0.000000000000000000 ) ) ;
#2862 = CARTESIAN_POINT ( 'NONE',  ( 41.24999999999981526, 1.600000000000000089, -28.31951377055149877 ) ) ;
#2863 = VECTOR ( 'NONE', #1500, 1000.000000000000000 ) ;
#2864 = CARTESIAN_POINT ( 'NONE',  ( -37.85000000000001563, 0.000000000000000000, 50.99999999999999289 ) ) ;
#2865 = DIRECTION ( 'NONE',  ( 0.000000000000000000, -1.000000000000000000, 0.000000000000000000 ) ) ;
#2866 = CARTESIAN_POINT ( 'NONE',  ( 0.000000000000000000, 1.600000000000000089, 54.99999999998543387 ) ) ;
#2867 = EDGE_LOOP ( 'NONE', ( #198, #5018, #4494, #4084 ) ) ;
#2868 = VECTOR ( 'NONE', #5503, 1000.000000000000000 ) ;
#2869 = CARTESIAN_POINT ( 'NONE',  ( 23.10000000000000497, 0.000000000000000000, -55.24999999999999289 ) ) ;
#2870 = DIRECTION ( 'NONE',  ( 0.000000000000000000, 0.000000000000000000, -1.000000000000000000 ) ) ;
#2871 = VECTOR ( 'NONE', #513, 1000.000000000000000 ) ;
#2872 = ORIENTED_EDGE ( 'NONE', *, *, #5064, .F. ) ;
#2873 = ORIENTED_EDGE ( 'NONE', *, *, #2714, .T. ) ;
#2874 = DIRECTION ( 'NONE',  ( 0.000000000000000000, 0.000000000000000000, 1.000000000000000000 ) ) ;
#2875 = ORIENTED_EDGE ( 'NONE', *, *, #2903, .T. ) ;
#2876 = CIRCLE ( 'NONE', #5215, 0.5000000000000004441 ) ;
#2877 = CARTESIAN_POINT ( 'NONE',  ( -15.00000014403561366, 1.600000000000000089, -64.02234547029955536 ) ) ;
#2878 = DIRECTION ( 'NONE',  ( 0.000000000000000000, 0.000000000000000000, -1.000000000000000000 ) ) ;
#2879 = AXIS2_PLACEMENT_3D ( 'NONE', #3934, #63, #1795 ) ;
#2880 = AXIS2_PLACEMENT_3D ( 'NONE', #2498, #3763, #2981 ) ;
#2881 = ORIENTED_EDGE ( 'NONE', *, *, #404, .T. ) ;
#2882 = ORIENTED_EDGE ( 'NONE', *, *, #4995, .F. ) ;
#2883 = CARTESIAN_POINT ( 'NONE',  ( 169.9127529108839951, -8.400000000000000355, -198.4776535637588495 ) ) ;
#2884 = ORIENTED_EDGE ( 'NONE', *, *, #4384, .T. ) ;
#2885 = DIRECTION ( 'NONE',  ( 0.000000000000000000, 0.000000000000000000, -1.000000000000000000 ) ) ;
#2886 = CIRCLE ( 'NONE', #1610, 0.4999999999999987232 ) ;
#2887 = EDGE_CURVE ( 'NONE', #4245, #1727, #613, .T. ) ;
#2888 = ORIENTED_EDGE ( 'NONE', *, *, #5223, .T. ) ;
#2889 = CARTESIAN_POINT ( 'NONE',  ( -32.32500000000000284, 1.600000000000000089, -52.49999999999819522 ) ) ;
#2890 = LINE ( 'NONE', #4212, #970 ) ;
#2891 = ORIENTED_EDGE ( 'NONE', *, *, #1065, .T. ) ;
#2892 = DIRECTION ( 'NONE',  ( 0.000000000000000000, 0.000000000000000000, -1.000000000000000000 ) ) ;
#2893 =( GEOMETRIC_REPRESENTATION_CONTEXT ( 3 ) GLOBAL_UNCERTAINTY_ASSIGNED_CONTEXT ( ( #2899 ) ) GLOBAL_UNIT_ASSIGNED_CONTEXT ( ( #2470, #746, #3762 ) ) REPRESENTATION_CONTEXT ( 'NONE', 'WORKASPACE' ) );
#2894 = EDGE_CURVE ( 'NONE', #4686, #3555, #2349, .T. ) ;
#2895 = EDGE_CURVE ( 'NONE', #3919, #2218, #3985, .T. ) ;
#2896 = CARTESIAN_POINT ( 'NONE',  ( 37.85000000000001563, 0.000000000000000000, 20.49999999999998934 ) ) ;
#2897 = DIRECTION ( 'NONE',  ( 0.000000000000000000, 0.000000000000000000, -1.000000000000000000 ) ) ;
#2898 = DIRECTION ( 'NONE',  ( 0.000000000000000000, -1.000000000000000000, 0.000000000000000000 ) ) ;
#2899 = UNCERTAINTY_MEASURE_WITH_UNIT (LENGTH_MEASURE( 1.000000000000000082E-05 ), #2470, 'distance_accuracy_value', 'NONE');
#2900 = DIRECTION ( 'NONE',  ( -0.000000000000000000, 1.000000000000000000, -0.000000000000000000 ) ) ;
#2901 = AXIS2_PLACEMENT_3D ( 'NONE', #3667, #4552, #3216 ) ;
#2902 = FACE_OUTER_BOUND ( 'NONE', #2860, .T. ) ;
#2903 = EDGE_CURVE ( 'NONE', #5288, #4971, #137, .T. ) ;
#2904 = EDGE_CURVE ( 'NONE', #936, #564, #1497, .T. ) ;
#2905 = CARTESIAN_POINT ( 'NONE',  ( -30.25000000000000355, 0.000000000000000000, -17.47499999999999432 ) ) ;
#2906 = AXIS2_PLACEMENT_3D ( 'NONE', #5149, #1287, #3010 ) ;
#2907 = AXIS2_PLACEMENT_3D ( 'NONE', #5560, #3481, #3000 ) ;
#2908 = ORIENTED_EDGE ( 'NONE', *, *, #1958, .F. ) ;
#2909 = EDGE_LOOP ( 'NONE', ( #4171, #5589, #2704, #1071 ) ) ;
#2910 = FACE_OUTER_BOUND ( 'NONE', #906, .T. ) ;
#2911 = ORIENTED_EDGE ( 'NONE', *, *, #1029, .T. ) ;
#2912 = CARTESIAN_POINT ( 'NONE',  ( -5.617199826968696962E-13, 1.600000000000000089, 42.50000000000460432 ) ) ;
#2913 = CARTESIAN_POINT ( 'NONE',  ( 32.32499999999993889, 1.600000000000000089, -52.50000000000136424 ) ) ;
#2914 = AXIS2_PLACEMENT_3D ( 'NONE', #727, #3239, #4624 ) ;
#2915 = VERTEX_POINT ( 'NONE', #4035 ) ;
#2916 = ORIENTED_EDGE ( 'NONE', *, *, #4121, .F. ) ;
#2917 = DIRECTION ( 'NONE',  ( -1.000000000000000000, 0.000000000000000000, -6.608470384672269914E-15 ) ) ;
#2918 = ORIENTED_EDGE ( 'NONE', *, *, #511, .T. ) ;
#2919 = CARTESIAN_POINT ( 'NONE',  ( -37.85000000000000853, 1.600000000000000089, -48.00000000000000000 ) ) ;
#2920 = VECTOR ( 'NONE', #4562, 1000.000000000000000 ) ;
#2921 = ORIENTED_EDGE ( 'NONE', *, *, #360, .T. ) ;
#2922 = EDGE_CURVE ( 'NONE', #1696, #766, #4492, .T. ) ;
#2923 = CARTESIAN_POINT ( 'NONE',  ( -35.75000000000167688, 0.000000000000000000, 42.49999999999999289 ) ) ;
#2924 = AXIS2_PLACEMENT_3D ( 'NONE', #4455, #100, #1429 ) ;
#2925 = CARTESIAN_POINT ( 'NONE',  ( -37.85000000000000142, 0.000000000000000000, -78.00000000000000000 ) ) ;
#2926 = CIRCLE ( 'NONE', #3818, 0.5000000000000004441 ) ;
#2927 = ORIENTED_EDGE ( 'NONE', *, *, #3608, .F. ) ;
#2928 = FACE_OUTER_BOUND ( 'NONE', #2768, .T. ) ;
#2929 = AXIS2_PLACEMENT_3D ( 'NONE', #2965, #473, #3390 ) ;
#2930 = EDGE_CURVE ( 'NONE', #3753, #5538, #167, .T. ) ;
#2931 = CARTESIAN_POINT ( 'NONE',  ( 7.650000000000000355, 1.600000000000000089, 0.000000000000000000 ) ) ;
#2932 = CARTESIAN_POINT ( 'NONE',  ( 3.139023432719039900E-13, 1.600000000000000089, -47.49999999999564437 ) ) ;
#2933 = CARTESIAN_POINT ( 'NONE',  ( 17.50000000000000000, 1.600000000000000089, 38.52765452970054838 ) ) ;
#2934 = CARTESIAN_POINT ( 'NONE',  ( -36.25000000000041211, 1.600000000000000089, -47.49999999999587885 ) ) ;
#2935 = EDGE_CURVE ( 'NONE', #811, #5578, #5307, .T. ) ;
#2936 = ORIENTED_EDGE ( 'NONE', *, *, #998, .T. ) ;
#2937 = ORIENTED_EDGE ( 'NONE', *, *, #3135, .F. ) ;
#2938 = ADVANCED_FACE ( 'NONE', ( #111 ), #1443, .F. ) ;
#2939 = CARTESIAN_POINT ( 'NONE',  ( -37.85000000000000142, 1.600000000000000089, -39.50000000000000711 ) ) ;
#2940 = ORIENTED_EDGE ( 'NONE', *, *, #630, .F. ) ;
#2941 = LINE ( 'NONE', #1295, #1836 ) ;
#2942 = DIRECTION ( 'NONE',  ( 0.000000000000000000, -1.000000000000000000, 0.000000000000000000 ) ) ;
#2943 = ORIENTED_EDGE ( 'NONE', *, *, #1999, .T. ) ;
#2944 = ORIENTED_EDGE ( 'NONE', *, *, #5133, .T. ) ;
#2945 = DIRECTION ( 'NONE',  ( 0.4999999999999979461, 0.000000000000000000, -0.8660254037844398178 ) ) ;
#2946 = EDGE_LOOP ( 'NONE', ( #2872, #4353, #3398, #3392 ) ) ;
#2947 = CYLINDRICAL_SURFACE ( 'NONE', #4791, 1.550000000000002709 ) ;
#2948 = VERTEX_POINT ( 'NONE', #1045 ) ;
#2949 = DIRECTION ( 'NONE',  ( 0.000000000000000000, 0.000000000000000000, 1.000000000000000000 ) ) ;
#2950 = ORIENTED_EDGE ( 'NONE', *, *, #52, .F. ) ;
#2951 = DIRECTION ( 'NONE',  ( -0.000000000000000000, 1.000000000000000000, -0.000000000000000000 ) ) ;
#2952 = FILL_AREA_STYLE ('',( #1654 ) ) ;
#2953 = DIRECTION ( 'NONE',  ( 0.000000000000000000, 1.000000000000000000, -0.000000000000000000 ) ) ;
#2954 = LINE ( 'NONE', #3464, #4249 ) ;
#2955 = DIRECTION ( 'NONE',  ( 0.000000000000000000, 1.000000000000000000, -0.000000000000000000 ) ) ;
#2956 = CARTESIAN_POINT ( 'NONE',  ( -6.750000000000002665, 1.600000000000000089, 1.249999999999997558 ) ) ;
#2957 = AXIS2_PLACEMENT_3D ( 'NONE', #1280, #5091, #1678 ) ;
#2958 = EDGE_CURVE ( 'NONE', #5248, #779, #278, .T. ) ;
#2959 = ORIENTED_EDGE ( 'NONE', *, *, #2759, .F. ) ;
#2960 = ORIENTED_EDGE ( 'NONE', *, *, #2580, .T. ) ;
#2961 = CARTESIAN_POINT ( 'NONE',  ( -35.75000000000000000, 1.600000000000000089, -69.00000000000000000 ) ) ;
#2962 = VECTOR ( 'NONE', #4094, 1000.000000000000000 ) ;
#2963 = EDGE_LOOP ( 'NONE', ( #3020, #905, #2545, #3808 ) ) ;
#2964 = DIRECTION ( 'NONE',  ( 0.000000000000000000, 0.000000000000000000, -1.000000000000000000 ) ) ;
#2965 = CARTESIAN_POINT ( 'NONE',  ( 35.75000000000125056, 1.600000000000000089, 0.000000000000000000 ) ) ;
#2966 = EDGE_CURVE ( 'NONE', #2569, #701, #5280, .T. ) ;
#2967 = AXIS2_PLACEMENT_3D ( 'NONE', #3090, #5224, #4360 ) ;
#2968 = EDGE_LOOP ( 'NONE', ( #2462, #2151, #4881, #2036 ) ) ;
#2969 = ORIENTED_EDGE ( 'NONE', *, *, #4890, .F. ) ;
#2970 = LINE ( 'NONE', #3420, #4034 ) ;
#2971 = ORIENTED_EDGE ( 'NONE', *, *, #3072, .T. ) ;
#2972 = AXIS2_PLACEMENT_3D ( 'NONE', #4421, #3990, #119 ) ;
#2973 = DIRECTION ( 'NONE',  ( 0.000000000000000000, 1.000000000000000000, 0.000000000000000000 ) ) ;
#2974 = CIRCLE ( 'NONE', #4774, 0.5000000000000004441 ) ;
#2975 = ORIENTED_EDGE ( 'NONE', *, *, #5237, .T. ) ;
#2976 = FACE_OUTER_BOUND ( 'NONE', #4272, .T. ) ;
#2977 = VECTOR ( 'NONE', #4250, 1000.000000000000000 ) ;
#2978 = EDGE_LOOP ( 'NONE', ( #3183, #4850, #5111, #3751 ) ) ;
#2979 = DIRECTION ( 'NONE',  ( -1.000000000000000000, 0.000000000000000000, 1.734723475976810546E-16 ) ) ;
#2980 = PLANE ( 'NONE',  #4962 ) ;
#2981 = DIRECTION ( 'NONE',  ( 0.000000000000000000, 0.000000000000000000, 1.000000000000000000 ) ) ;
#2982 = DIRECTION ( 'NONE',  ( 0.000000000000000000, 0.000000000000000000, -1.000000000000000000 ) ) ;
#2983 = CARTESIAN_POINT ( 'NONE',  ( -37.35000000000000142, 1.600000000000000089, -68.99999999999613465 ) ) ;
#2984 = PLANE ( 'NONE',  #1569 ) ;
#2985 = CARTESIAN_POINT ( 'NONE',  ( 37.85000000000000142, 1.600000000000000089, -69.50000000000000000 ) ) ;
#2986 = EDGE_LOOP ( 'NONE', ( #5154, #539, #1672, #375 ) ) ;
#2987 = CARTESIAN_POINT ( 'NONE',  ( 19.17894705065950589, -8.400000000000000355, 19.29783693159154012 ) ) ;
#2988 = EDGE_CURVE ( 'NONE', #3577, #1291, #4864, .T. ) ;
#2989 = AXIS2_PLACEMENT_3D ( 'NONE', #203, #4557, #5371 ) ;
#2990 = ORIENTED_EDGE ( 'NONE', *, *, #747, .T. ) ;
#2991 = DIRECTION ( 'NONE',  ( 0.000000000000000000, 0.000000000000000000, 1.000000000000000000 ) ) ;
#2992 = CARTESIAN_POINT ( 'NONE',  ( -36.25000000000167688, 1.600000000000000089, 51.00000000000412115 ) ) ;
#2993 = VECTOR ( 'NONE', #1195, 1000.000000000000000 ) ;
#2994 = AXIS2_PLACEMENT_3D ( 'NONE', #105, #1039, #4026 ) ;
#2995 = ORIENTED_EDGE ( 'NONE', *, *, #3552, .T. ) ;
#2996 = ORIENTED_EDGE ( 'NONE', *, *, #4279, .F. ) ;
#2997 = ADVANCED_FACE ( 'NONE', ( #767 ), #334, .F. ) ;
#2998 = FACE_OUTER_BOUND ( 'NONE', #3690, .T. ) ;
#2999 = ORIENTED_EDGE ( 'NONE', *, *, #5568, .F. ) ;
#3000 = DIRECTION ( 'NONE',  ( 0.000000000000000000, 0.000000000000000000, 1.000000000000000000 ) ) ;
#3001 = VERTEX_POINT ( 'NONE', #2491 ) ;
#3002 = EDGE_CURVE ( 'NONE', #814, #4438, #824, .T. ) ;
#3003 = EDGE_CURVE ( 'NONE', #2628, #4095, #4150, .T. ) ;
#3004 = DIRECTION ( 'NONE',  ( -0.000000000000000000, 1.000000000000000000, -0.000000000000000000 ) ) ;
#3005 = DIRECTION ( 'NONE',  ( 1.000000000000000000, -0.000000000000000000, 0.000000000000000000 ) ) ;
#3006 = ORIENTED_EDGE ( 'NONE', *, *, #3375, .F. ) ;
#3007 = CARTESIAN_POINT ( 'NONE',  ( 23.60000000000001208, 1.600000000000000089, -3.021363397273260108E-15 ) ) ;
#3008 = AXIS2_PLACEMENT_3D ( 'NONE', #2706, #4426, #555 ) ;
#3009 = DIRECTION ( 'NONE',  ( 0.000000000000000000, 0.000000000000000000, -1.000000000000000000 ) ) ;
#3010 = DIRECTION ( 'NONE',  ( -1.000000000000000000, 0.000000000000000000, 4.758098676964946072E-13 ) ) ;
#3011 = DIRECTION ( 'NONE',  ( -0.000000000000000000, -1.000000000000000000, -0.000000000000000000 ) ) ;
#3012 = DIRECTION ( 'NONE',  ( 0.000000000000000000, 0.000000000000000000, 1.000000000000000000 ) ) ;
#3013 = CIRCLE ( 'NONE', #3374, 0.5000000000000004441 ) ;
#3014 = ORIENTED_EDGE ( 'NONE', *, *, #2958, .T. ) ;
#3015 = ORIENTED_EDGE ( 'NONE', *, *, #475, .F. ) ;
#3016 = FACE_OUTER_BOUND ( 'NONE', #2712, .T. ) ;
#3017 = ORIENTED_EDGE ( 'NONE', *, *, #4984, .F. ) ;
#3018 = DIRECTION ( 'NONE',  ( 1.000000000000000000, 0.000000000000000000, -4.758098676964946072E-13 ) ) ;
#3019 = DIRECTION ( 'NONE',  ( 0.000000000000000000, 0.000000000000000000, 1.000000000000000000 ) ) ;
#3020 = ORIENTED_EDGE ( 'NONE', *, *, #785, .T. ) ;
#3021 = ORIENTED_EDGE ( 'NONE', *, *, #3066, .T. ) ;
#3022 = CARTESIAN_POINT ( 'NONE',  ( 37.85000000000001563, 1.600000000000000089, 43.00000000000000000 ) ) ;
#3023 = VERTEX_POINT ( 'NONE', #2065 ) ;
#3024 = ORIENTED_EDGE ( 'NONE', *, *, #4897, .T. ) ;
#3025 = CARTESIAN_POINT ( 'NONE',  ( -36.25000000000000000, 1.600000000000000089, -68.99999999999666045 ) ) ;
#3026 = ADVANCED_FACE ( 'NONE', ( #3340 ), #2379, .T. ) ;
#3027 = ORIENTED_EDGE ( 'NONE', *, *, #225, .F. ) ;
#3028 = CARTESIAN_POINT ( 'NONE',  ( 37.35000000000000853, 1.600000000000000089, -39.00000000000000711 ) ) ;
#3029 = LINE ( 'NONE', #2128, #3508 ) ;
#3030 = ORIENTED_EDGE ( 'NONE', *, *, #3347, .T. ) ;
#3031 = CARTESIAN_POINT ( 'NONE',  ( 35.75000000000000000, 1.600000000000000089, -69.50000000000000000 ) ) ;
#3032 = EDGE_CURVE ( 'NONE', #3724, #3693, #248, .T. ) ;
#3033 = EDGE_CURVE ( 'NONE', #874, #2948, #3978, .T. ) ;
#3034 = LINE ( 'NONE', #946, #168 ) ;
#3035 = FACE_OUTER_BOUND ( 'NONE', #1704, .T. ) ;
#3036 = DIRECTION ( 'NONE',  ( -0.000000000000000000, -1.000000000000000000, -0.000000000000000000 ) ) ;
#3037 = CARTESIAN_POINT ( 'NONE',  ( 37.85000000000001563, 1.600000000000000089, 12.49999999999999645 ) ) ;
#3038 = ORIENTED_EDGE ( 'NONE', *, *, #3057, .T. ) ;
#3039 = CARTESIAN_POINT ( 'NONE',  ( -37.35000000000001563, 1.600000000000000089, 12.50000000000411227 ) ) ;
#3040 = EDGE_LOOP ( 'NONE', ( #2141, #1514, #3342, #3563 ) ) ;
#3041 = ORIENTED_EDGE ( 'NONE', *, *, #4645, .F. ) ;
#3042 = AXIS2_PLACEMENT_3D ( 'NONE', #4807, #909, #2665 ) ;
#3043 = CARTESIAN_POINT ( 'NONE',  ( -37.84999999999998721, 1.600000000000000089, 50.49999999999998579 ) ) ;
#3044 = DIRECTION ( 'NONE',  ( 1.000000000000000000, -0.000000000000000000, 0.000000000000000000 ) ) ;
#3045 = ORIENTED_EDGE ( 'NONE', *, *, #2294, .F. ) ;
#3046 = ORIENTED_EDGE ( 'NONE', *, *, #1662, .F. ) ;
#3047 = LINE ( 'NONE', #3478, #3052 ) ;
#3048 = ORIENTED_EDGE ( 'NONE', *, *, #2759, .T. ) ;
#3049 = ORIENTED_EDGE ( 'NONE', *, *, #1501, .T. ) ;
#3050 = CARTESIAN_POINT ( 'NONE',  ( -65.79502250232364702, 1.600000000000000089, -37.98677395305384152 ) ) ;
#3051 = AXIS2_PLACEMENT_3D ( 'NONE', #4237, #3810, #5534 ) ;
#3052 = VECTOR ( 'NONE', #3504, 1000.000000000000000 ) ;
#3053 = EDGE_LOOP ( 'NONE', ( #4571, #300, #240, #4553 ) ) ;
#3054 = AXIS2_PLACEMENT_3D ( 'NONE', #1396, #1846, #3118 ) ;
#3055 = DIRECTION ( 'NONE',  ( 0.000000000000000000, -1.000000000000000000, 0.000000000000000000 ) ) ;
#3056 = ORIENTED_EDGE ( 'NONE', *, *, #723, .F. ) ;
#3057 = EDGE_CURVE ( 'NONE', #894, #561, #2798, .T. ) ;
#3058 = DIRECTION ( 'NONE',  ( 0.000000000000000000, 0.000000000000000000, -1.000000000000000000 ) ) ;
#3059 = DIRECTION ( 'NONE',  ( 0.000000000000000000, 0.000000000000000000, 1.000000000000000000 ) ) ;
#3060 = VECTOR ( 'NONE', #5181, 1000.000000000000000 ) ;
#3061 = VECTOR ( 'NONE', #730, 1000.000000000000000 ) ;
#3062 = CIRCLE ( 'NONE', #1352, 0.5000000000000004441 ) ;
#3063 = DIRECTION ( 'NONE',  ( 0.000000000000000000, 0.000000000000000000, -1.000000000000000000 ) ) ;
#3064 = DIRECTION ( 'NONE',  ( 0.000000000000000000, 0.000000000000000000, 1.000000000000000000 ) ) ;
#3065 = ADVANCED_FACE ( 'NONE', ( #738 ), #4604, .F. ) ;
#3066 = EDGE_CURVE ( 'NONE', #791, #3830, #4972, .T. ) ;
#3067 = DIRECTION ( 'NONE',  ( 0.000000000000000000, 0.000000000000000000, -1.000000000000000000 ) ) ;
#3068 = PLANE ( 'NONE',  #3349 ) ;
#3069 = ORIENTED_EDGE ( 'NONE', *, *, #2376, .T. ) ;
#3070 = FACE_OUTER_BOUND ( 'NONE', #4712, .T. ) ;
#3071 = CYLINDRICAL_SURFACE ( 'NONE', #3710, 1.550000000000002709 ) ;
#3072 = EDGE_CURVE ( 'NONE', #3659, #3303, #5390, .T. ) ;
#3073 = ORIENTED_EDGE ( 'NONE', *, *, #3639, .F. ) ;
#3074 = LINE ( 'NONE', #954, #3370 ) ;
#3075 = DIRECTION ( 'NONE',  ( 0.000000000000000000, 0.000000000000000000, -1.000000000000000000 ) ) ;
#3076 = AXIS2_PLACEMENT_3D ( 'NONE', #4422, #949, #2276 ) ;
#3077 = VERTEX_POINT ( 'NONE', #1107 ) ;
#3078 = VERTEX_POINT ( 'NONE', #1163 ) ;
#3079 = CARTESIAN_POINT ( 'NONE',  ( -37.35000000000001563, 0.000000000000000000, 42.50000000000411404 ) ) ;
#3080 = AXIS2_PLACEMENT_3D ( 'NONE', #1939, #2782, #3290 ) ;
#3081 = EDGE_LOOP ( 'NONE', ( #5101, #3738, #4799, #291 ) ) ;
#3082 = VERTEX_POINT ( 'NONE', #3248 ) ;
#3083 = PLANE ( 'NONE',  #3168 ) ;
#3084 = AXIS2_PLACEMENT_3D ( 'NONE', #3165, #4889, #3541 ) ;
#3085 = CIRCLE ( 'NONE', #1454, 2.500000000000002220 ) ;
#3086 = VERTEX_POINT ( 'NONE', #703 ) ;
#3087 = VECTOR ( 'NONE', #4833, 1000.000000000000000 ) ;
#3088 = CARTESIAN_POINT ( 'NONE',  ( 15.40000000000000036, 1.600000000000000089, -60.27234500001782180 ) ) ;
#3089 = AXIS2_PLACEMENT_3D ( 'NONE', #1151, #3210, #4087 ) ;
#3090 = CARTESIAN_POINT ( 'NONE',  ( -6.750000000000002665, 0.000000000000000000, -18.75000000000000000 ) ) ;
#3091 = DIRECTION ( 'NONE',  ( 0.000000000000000000, -1.000000000000000000, 0.000000000000000000 ) ) ;
#3092 = DIRECTION ( 'NONE',  ( 1.000000000000000000, 0.000000000000000000, 0.000000000000000000 ) ) ;
#3093 = ADVANCED_FACE ( 'NONE', ( #3281 ), #1136, .F. ) ;
#3094 = CARTESIAN_POINT ( 'NONE',  ( -15.00000014403561366, 1.600000000000000089, -62.47234547029548679 ) ) ;
#3095 = CARTESIAN_POINT ( 'NONE',  ( 24.57499999999999929, 1.600000000000000089, -37.44999999999999574 ) ) ;
#3096 = CYLINDRICAL_SURFACE ( 'NONE', #5531, 0.4999999999999987232 ) ;
#3097 = DIRECTION ( 'NONE',  ( 0.000000000000000000, 1.000000000000000000, -0.000000000000000000 ) ) ;
#3098 = AXIS2_PLACEMENT_3D ( 'NONE', #3106, #3917, #1777 ) ;
#3099 = EDGE_CURVE ( 'NONE', #1809, #215, #4699, .T. ) ;
#3100 = ORIENTED_EDGE ( 'NONE', *, *, #816, .T. ) ;
#3101 = DIRECTION ( 'NONE',  ( 0.000000000000000000, 0.000000000000000000, -1.000000000000000000 ) ) ;
#3102 = CARTESIAN_POINT ( 'NONE',  ( -169.9127529108800729, -8.400000000000000355, -198.4776535637624022 ) ) ;
#3103 = CIRCLE ( 'NONE', #4363, 0.5000000000000004441 ) ;
#3104 = ORIENTED_EDGE ( 'NONE', *, *, #2615, .T. ) ;
#3105 = CIRCLE ( 'NONE', #2017, 0.4999999999999987232 ) ;
#3106 = CARTESIAN_POINT ( 'NONE',  ( -30.25000000000000000, 1.600000000000000089, -0.02500000000000375186 ) ) ;
#3107 = EDGE_CURVE ( 'NONE', #448, #3408, #5421, .T. ) ;
#3108 = EDGE_CURVE ( 'NONE', #3829, #306, #1638, .T. ) ;
#3109 = VECTOR ( 'NONE', #5549, 1000.000000000000000 ) ;
#3110 = ORIENTED_EDGE ( 'NONE', *, *, #304, .T. ) ;
#3111 = ORIENTED_EDGE ( 'NONE', *, *, #5370, .F. ) ;
#3112 = DIRECTION ( 'NONE',  ( 0.000000000000000000, 1.000000000000000000, -0.000000000000000000 ) ) ;
#3113 = ORIENTED_EDGE ( 'NONE', *, *, #5300, .F. ) ;
#3114 = VERTEX_POINT ( 'NONE', #3308 ) ;
#3115 = DIRECTION ( 'NONE',  ( 0.000000000000000000, 0.000000000000000000, 1.000000000000000000 ) ) ;
#3116 = ORIENTED_EDGE ( 'NONE', *, *, #3851, .F. ) ;
#3117 = CARTESIAN_POINT ( 'NONE',  ( -30.25000000000000355, 1.600000000000000089, -18.75000000000000000 ) ) ;
#3118 = DIRECTION ( 'NONE',  ( 0.000000000000000000, 0.000000000000000000, -1.000000000000000000 ) ) ;
#3119 = DIRECTION ( 'NONE',  ( 1.000000000000000000, 0.000000000000000000, 0.000000000000000000 ) ) ;
#3120 = LINE ( 'NONE', #1398, #806 ) ;
#3121 = DIRECTION ( 'NONE',  ( 0.000000000000000000, 1.000000000000000000, -0.000000000000000000 ) ) ;
#3122 = CARTESIAN_POINT ( 'NONE',  ( -37.84999999999998721, 0.000000000000000000, 50.49999999999998579 ) ) ;
#3123 = CARTESIAN_POINT ( 'NONE',  ( -26.49999999998818012, 0.000000000000000000, -88.48338711122495681 ) ) ;
#3124 = CARTESIAN_POINT ( 'NONE',  ( -9.249999999999998224, 1.600000000000000089, 1.249999999999997780 ) ) ;
#3125 = CYLINDRICAL_SURFACE ( 'NONE', #1552, 0.5000000000000004441 ) ;
#3126 = VERTEX_POINT ( 'NONE', #2463 ) ;
#3127 = PLANE ( 'NONE',  #3098 ) ;
#3128 = EDGE_CURVE ( 'NONE', #4708, #4147, #458, .T. ) ;
#3129 = CARTESIAN_POINT ( 'NONE',  ( -37.35000000000001563, 1.600000000000000089, 21.00000000000410694 ) ) ;
#3130 = ORIENTED_EDGE ( 'NONE', *, *, #1690, .F. ) ;
#3131 = EDGE_LOOP ( 'NONE', ( #2815, #107, #1783, #2995 ) ) ;
#3132 = CARTESIAN_POINT ( 'NONE',  ( 7.650000000000000355, 0.000000000000000000, -61.27234500001782180 ) ) ;
#3133 = ORIENTED_EDGE ( 'NONE', *, *, #5410, .T. ) ;
#3134 = CARTESIAN_POINT ( 'NONE',  ( 15.40000000000000036, 1.600000000000000089, -55.24999999999999289 ) ) ;
#3135 = EDGE_CURVE ( 'NONE', #5127, #3391, #3754, .T. ) ;
#3136 = ADVANCED_FACE ( 'NONE', ( #482 ), #792, .T. ) ;
#3137 = ORIENTED_EDGE ( 'NONE', *, *, #3756, .T. ) ;
#3138 = LINE ( 'NONE', #55, #429 ) ;
#3139 = AXIS2_PLACEMENT_3D ( 'NONE', #220, #4939, #1555 ) ;
#3140 = DIRECTION ( 'NONE',  ( 0.000000000000000000, -1.000000000000000000, 0.000000000000000000 ) ) ;
#3141 = DIRECTION ( 'NONE',  ( 0.000000000000000000, 0.000000000000000000, 1.000000000000000000 ) ) ;
#3142 = CARTESIAN_POINT ( 'NONE',  ( 0.000000000000000000, 0.000000000000000000, 0.000000000000000000 ) ) ;
#3143 = AXIS2_PLACEMENT_3D ( 'NONE', #541, #3590, #5253 ) ;
#3144 = DIRECTION ( 'NONE',  ( 0.000000000000000000, 0.000000000000000000, -1.000000000000000000 ) ) ;
#3145 = CARTESIAN_POINT ( 'NONE',  ( -9.249999999999998224, 1.600000000000000089, 1.249999999999997780 ) ) ;
#3146 = DIRECTION ( 'NONE',  ( 0.000000000000000000, 0.000000000000000000, -1.000000000000000000 ) ) ;
#3147 = AXIS2_PLACEMENT_3D ( 'NONE', #5426, #3761, #2979 ) ;
#3148 = CARTESIAN_POINT ( 'NONE',  ( 41.25000000000000711, 0.000000000000000000, -80.50000000000000000 ) ) ;
#3149 = AXIS2_PLACEMENT_3D ( 'NONE', #3794, #2953, #2897 ) ;
#3150 = DIRECTION ( 'NONE',  ( 0.000000000000000000, 0.000000000000000000, -1.000000000000000000 ) ) ;
#3151 = CARTESIAN_POINT ( 'NONE',  ( -30.25000000000000000, 1.600000000000000089, 2.525000000000006128 ) ) ;
#3152 = ORIENTED_EDGE ( 'NONE', *, *, #3057, .F. ) ;
#3153 = CYLINDRICAL_SURFACE ( 'NONE', #4717, 1.549999999999999378 ) ;
#3154 = DIRECTION ( 'NONE',  ( 0.000000000000000000, 1.000000000000000000, -0.000000000000000000 ) ) ;
#3155 = EDGE_CURVE ( 'NONE', #1689, #4656, #873, .T. ) ;
#3156 = ORIENTED_EDGE ( 'NONE', *, *, #1731, .T. ) ;
#3157 = ORIENTED_EDGE ( 'NONE', *, *, #1723, .F. ) ;
#3158 = FACE_OUTER_BOUND ( 'NONE', #5208, .T. ) ;
#3159 = ORIENTED_EDGE ( 'NONE', *, *, #2966, .F. ) ;
#3160 = ORIENTED_EDGE ( 'NONE', *, *, #3900, .F. ) ;
#3161 = CARTESIAN_POINT ( 'NONE',  ( 29.82018240187192504, 1.600000000000000089, -29.70129252094003292 ) ) ;
#3162 = EDGE_CURVE ( 'NONE', #3829, #2147, #4775, .T. ) ;
#3163 = ORIENTED_EDGE ( 'NONE', *, *, #223, .F. ) ;
#3164 = CARTESIAN_POINT ( 'NONE',  ( 35.75000000000000000, 1.600000000000000089, -77.50000000000000000 ) ) ;
#3165 = CARTESIAN_POINT ( 'NONE',  ( -35.75000000000041211, 0.000000000000000000, -47.50000000000000711 ) ) ;
#3166 = VECTOR ( 'NONE', #257, 1000.000000000000000 ) ;
#3167 = AXIS2_PLACEMENT_3D ( 'NONE', #317, #406, #2499 ) ;
#3168 = AXIS2_PLACEMENT_3D ( 'NONE', #3949, #5329, #3507 ) ;
#3169 = EDGE_CURVE ( 'NONE', #4433, #49, #2540, .T. ) ;
#3170 = ADVANCED_FACE ( 'NONE', ( #453 ), #2947, .F. ) ;
#3171 = AXIS2_PLACEMENT_3D ( 'NONE', #4801, #959, #155 ) ;
#3172 = CARTESIAN_POINT ( 'NONE',  ( 32.32499999999993889, 0.000000000000000000, 35.00000000000000000 ) ) ;
#3173 = DIRECTION ( 'NONE',  ( 0.000000000000000000, -1.000000000000000000, 0.000000000000000000 ) ) ;
#3174 = FACE_BOUND ( 'NONE', #5412, .T. ) ;
#3175 = CARTESIAN_POINT ( 'NONE',  ( 37.85000000000001563, 0.000000000000000000, 50.99999999999999289 ) ) ;
#3176 = AXIS2_PLACEMENT_3D ( 'NONE', #2368, #2393, #299 ) ;
#3177 = DIRECTION ( 'NONE',  ( 0.000000000000000000, -1.000000000000000000, 0.000000000000000000 ) ) ;
#3178 = DIRECTION ( 'NONE',  ( -0.000000000000000000, -1.000000000000000000, -0.000000000000000000 ) ) ;
#3179 = CARTESIAN_POINT ( 'NONE',  ( 35.75000000000000000, 0.000000000000000000, -78.00000000000000000 ) ) ;
#3180 = ORIENTED_EDGE ( 'NONE', *, *, #116, .F. ) ;
#3181 = FACE_OUTER_BOUND ( 'NONE', #4052, .T. ) ;
#3182 = CARTESIAN_POINT ( 'NONE',  ( -37.85000000000000142, 0.000000000000000000, -69.00000000000000000 ) ) ;
#3183 = ORIENTED_EDGE ( 'NONE', *, *, #511, .F. ) ;
#3184 = ORIENTED_EDGE ( 'NONE', *, *, #1102, .F. ) ;
#3185 = AXIS2_PLACEMENT_3D ( 'NONE', #1010, #1856, #1832 ) ;
#3186 = DIRECTION ( 'NONE',  ( 0.000000000000000000, -1.000000000000000000, 0.000000000000000000 ) ) ;
#3187 = ORIENTED_EDGE ( 'NONE', *, *, #2310, .T. ) ;
#3188 = CYLINDRICAL_SURFACE ( 'NONE', #5065, 0.5000000000000004441 ) ;
#3189 = VECTOR ( 'NONE', #5406, 1000.000000000000000 ) ;
#3190 = ORIENTED_EDGE ( 'NONE', *, *, #59, .T. ) ;
#3191 = LINE ( 'NONE', #674, #520 ) ;
#3192 = ORIENTED_EDGE ( 'NONE', *, *, #820, .F. ) ;
#3193 = DIRECTION ( 'NONE',  ( -0.000000000000000000, 1.000000000000000000, -0.000000000000000000 ) ) ;
#3194 = ADVANCED_FACE ( 'NONE', ( #5191 ), #1329, .T. ) ;
#3195 = VERTEX_POINT ( 'NONE', #5536 ) ;
#3196 = CARTESIAN_POINT ( 'NONE',  ( 35.75000000000041211, 1.600000000000000089, -47.00000000000000711 ) ) ;
#3197 = DIRECTION ( 'NONE',  ( 0.000000000000000000, 0.000000000000000000, -1.000000000000000000 ) ) ;
#3198 = DIRECTION ( 'NONE',  ( 0.000000000000000000, -1.000000000000000000, 0.000000000000000000 ) ) ;
#3199 = EDGE_CURVE ( 'NONE', #771, #4959, #1279, .T. ) ;
#3200 = EDGE_CURVE ( 'NONE', #4656, #3082, #1367, .T. ) ;
#3201 = LINE ( 'NONE', #5427, #5415 ) ;
#3202 = DIRECTION ( 'NONE',  ( 0.000000000000000000, 0.000000000000000000, 1.000000000000000000 ) ) ;
#3203 = CARTESIAN_POINT ( 'NONE',  ( -37.35000000000001563, 1.600000000000000089, 21.00000000000410694 ) ) ;
#3204 = FACE_BOUND ( 'NONE', #1436, .T. ) ;
#3205 = ORIENTED_EDGE ( 'NONE', *, *, #5340, .F. ) ;
#3206 = FACE_OUTER_BOUND ( 'NONE', #2867, .T. ) ;
#3207 = CARTESIAN_POINT ( 'NONE',  ( -37.85000000000001563, 1.600000000000000089, 11.99999999999999822 ) ) ;
#3208 = ORIENTED_EDGE ( 'NONE', *, *, #2751, .T. ) ;
#3209 = EDGE_LOOP ( 'NONE', ( #5247, #3388, #5165, #1197, #279, #554, #1409, #1182, #305, #4802 ) ) ;
#3210 = DIRECTION ( 'NONE',  ( -0.000000000000000000, -1.000000000000000000, -0.000000000000000000 ) ) ;
#3211 = ORIENTED_EDGE ( 'NONE', *, *, #1472, .T. ) ;
#3212 = PLANE ( 'NONE',  #3539 ) ;
#3213 = ORIENTED_EDGE ( 'NONE', *, *, #1090, .T. ) ;
#3214 = FACE_OUTER_BOUND ( 'NONE', #823, .T. ) ;
#3215 = ORIENTED_EDGE ( 'NONE', *, *, #4196, .T. ) ;
#3216 = DIRECTION ( 'NONE',  ( 0.000000000000000000, 0.000000000000000000, 1.000000000000000000 ) ) ;
#3217 = AXIS2_PLACEMENT_3D ( 'NONE', #653, #1983, #3701 ) ;
#3218 = ORIENTED_EDGE ( 'NONE', *, *, #2988, .T. ) ;
#3219 = AXIS2_PLACEMENT_3D ( 'NONE', #4463, #194, #3695 ) ;
#3220 = EDGE_CURVE ( 'NONE', #454, #268, #2268, .T. ) ;
#3221 = DIRECTION ( 'NONE',  ( 0.000000000000000000, -1.000000000000000000, 0.000000000000000000 ) ) ;
#3222 = CARTESIAN_POINT ( 'NONE',  ( -35.75000000000167688, 0.000000000000000000, 41.99999999999999289 ) ) ;
#3223 = CARTESIAN_POINT ( 'NONE',  ( -19.17894705065968353, 0.000000000000000000, 19.29783693159140157 ) ) ;
#3224 = LINE ( 'NONE', #4948, #3885 ) ;
#3225 = CIRCLE ( 'NONE', #5036, 60.43219500831563096 ) ;
#3226 = EDGE_CURVE ( 'NONE', #2315, #2225, #2600, .T. ) ;
#3227 = DIRECTION ( 'NONE',  ( 0.000000000000000000, 0.000000000000000000, -1.000000000000000000 ) ) ;
#3228 = DIRECTION ( 'NONE',  ( 0.000000000000000000, -1.000000000000000000, 0.000000000000000000 ) ) ;
#3229 = CIRCLE ( 'NONE', #1254, 0.5000000000000004441 ) ;
#3230 = FACE_BOUND ( 'NONE', #4308, .T. ) ;
#3231 = DIRECTION ( 'NONE',  ( 0.000000000000000000, 0.000000000000000000, -1.000000000000000000 ) ) ;
#3232 = LINE ( 'NONE', #1148, #2289 ) ;
#3233 = VECTOR ( 'NONE', #976, 1000.000000000000000 ) ;
#3234 = AXIS2_PLACEMENT_3D ( 'NONE', #2667, #3904, #3569 ) ;
#3235 = EDGE_CURVE ( 'NONE', #3716, #4370, #3812, .T. ) ;
#3236 = ORIENTED_EDGE ( 'NONE', *, *, #5156, .T. ) ;
#3237 = VERTEX_POINT ( 'NONE', #5088 ) ;
#3238 = EDGE_CURVE ( 'NONE', #1545, #1831, #2087, .T. ) ;
#3239 = DIRECTION ( 'NONE',  ( 0.000000000000000000, -1.000000000000000000, 0.000000000000000000 ) ) ;
#3240 = AXIS2_PLACEMENT_3D ( 'NONE', #5226, #3545, #3963 ) ;
#3241 = ORIENTED_EDGE ( 'NONE', *, *, #4645, .T. ) ;
#3242 = FACE_OUTER_BOUND ( 'NONE', #2978, .T. ) ;
#3243 = CARTESIAN_POINT ( 'NONE',  ( -3.053113317719180486E-13, -8.400000000000000355, 76.60593569216008802 ) ) ;
#3244 = EDGE_LOOP ( 'NONE', ( #4115, #2823, #3110, #4061 ) ) ;
#3245 = ORIENTED_EDGE ( 'NONE', *, *, #2031, .T. ) ;
#3246 = DIRECTION ( 'NONE',  ( 0.000000000000000000, 0.000000000000000000, -1.000000000000000000 ) ) ;
#3247 = ORIENTED_EDGE ( 'NONE', *, *, #2662, .F. ) ;
#3248 = CARTESIAN_POINT ( 'NONE',  ( 0.000000000000000000, 0.000000000000000000, 22.50000000000000000 ) ) ;
#3249 = PRODUCT_DEFINITION_FORMATION_WITH_SPECIFIED_SOURCE ( 'ÈÎºÎ', '', #945, .NOT_KNOWN. ) ;
#3250 = VERTEX_POINT ( 'NONE', #5112 ) ;
#3251 = DIRECTION ( 'NONE',  ( 0.000000000000000000, 0.000000000000000000, -1.000000000000000000 ) ) ;
#3252 = DIRECTION ( 'NONE',  ( 0.000000000000000000, 0.000000000000000000, 1.000000000000000000 ) ) ;
#3253 = CIRCLE ( 'NONE', #3356, 1.550000000000550937 ) ;
#3254 = LINE ( 'NONE', #1447, #892 ) ;
#3255 = CARTESIAN_POINT ( 'NONE',  ( -34.36956032934473626, 0.000000000000000000, 54.99999999998543387 ) ) ;
#3256 = AXIS2_PLACEMENT_3D ( 'NONE', #4687, #1224, #366 ) ;
#3257 = EDGE_CURVE ( 'NONE', #3307, #2627, #819, .T. ) ;
#3258 = CIRCLE ( 'NONE', #1196, 0.5000000000000004441 ) ;
#3259 = DIRECTION ( 'NONE',  ( 0.000000000000000000, 0.000000000000000000, 1.000000000000000000 ) ) ;
#3261 = DIRECTION ( 'NONE',  ( -1.000000000000000000, 0.000000000000000000, -3.304235192337412123E-15 ) ) ;
#3260 = CIRCLE ( 'NONE', #4348, 0.4999999999999987232 ) ;
#3262 = FACE_BOUND ( 'NONE', #4323, .T. ) ;
#3263 = EDGE_LOOP ( 'NONE', ( #1220, #3669, #3159, #4567 ) ) ;
#3264 = CIRCLE ( 'NONE', #4440, 0.4999999999999987232 ) ;
#3265 = DIRECTION ( 'NONE',  ( 1.000000000000000000, -0.000000000000000000, 0.000000000000000000 ) ) ;
#3266 = CARTESIAN_POINT ( 'NONE',  ( -35.75000000000041211, 1.600000000000000089, -48.00000000000000711 ) ) ;
#3267 = EDGE_CURVE ( 'NONE', #5105, #564, #1248, .T. ) ;
#3268 = ORIENTED_EDGE ( 'NONE', *, *, #2240, .F. ) ;
#3269 = ORIENTED_EDGE ( 'NONE', *, *, #3827, .F. ) ;
#3270 = DIRECTION ( 'NONE',  ( -0.000000000000000000, 1.000000000000000000, -0.000000000000000000 ) ) ;
#3271 = ORIENTED_EDGE ( 'NONE', *, *, #5232, .T. ) ;
#3272 = DIRECTION ( 'NONE',  ( -0.000000000000000000, 1.000000000000000000, -0.000000000000000000 ) ) ;
#3273 = CARTESIAN_POINT ( 'NONE',  ( 37.85000000000000142, 1.600000000000000089, -77.50000000000000000 ) ) ;
#3274 = ADVANCED_FACE ( 'NONE', ( #2124 ), #3839, .F. ) ;
#3275 = EDGE_CURVE ( 'NONE', #5323, #5295, #5590, .T. ) ;
#3276 = VECTOR ( 'NONE', #4230, 1000.000000000000000 ) ;
#3277 = ORIENTED_EDGE ( 'NONE', *, *, #304, .F. ) ;
#3278 = EDGE_LOOP ( 'NONE', ( #4509, #1679, #1347, #4772 ) ) ;
#3279 = DIRECTION ( 'NONE',  ( 1.000000000000000000, -0.000000000000000000, 0.000000000000000000 ) ) ;
#3280 = EDGE_LOOP ( 'NONE', ( #2202, #4589, #3882, #5003 ) ) ;
#3281 = FACE_OUTER_BOUND ( 'NONE', #1037, .T. ) ;
#3282 = AXIS2_PLACEMENT_3D ( 'NONE', #3383, #5042, #2163 ) ;
#3283 = AXIS2_PLACEMENT_3D ( 'NONE', #2539, #784, #3806 ) ;
#3284 = ORIENTED_EDGE ( 'NONE', *, *, #714, .F. ) ;
#3285 = CARTESIAN_POINT ( 'NONE',  ( -27.75000000000000711, 0.000000000000000000, -18.75000000000000000 ) ) ;
#3286 = CARTESIAN_POINT ( 'NONE',  ( -17.50000000000000000, 1.600000000000000089, 35.42765452970056828 ) ) ;
#3287 = FACE_OUTER_BOUND ( 'NONE', #5160, .T. ) ;
#3288 = DIRECTION ( 'NONE',  ( 1.261617073438012032E-16, 0.000000000000000000, -1.000000000000000000 ) ) ;
#3289 = CARTESIAN_POINT ( 'NONE',  ( -37.35000000000001563, 1.600000000000000089, 42.50000000000411404 ) ) ;
#3290 = DIRECTION ( 'NONE',  ( 0.000000000000000000, 0.000000000000000000, 1.000000000000000000 ) ) ;
#3291 = LINE ( 'NONE', #3708, #1061 ) ;
#3292 = ORIENTED_EDGE ( 'NONE', *, *, #2720, .F. ) ;
#3293 = CARTESIAN_POINT ( 'NONE',  ( -35.74999999999874944, 1.600000000000000089, 0.000000000000000000 ) ) ;
#3294 = DIRECTION ( 'NONE',  ( 0.000000000000000000, -1.000000000000000000, 0.000000000000000000 ) ) ;
#3295 = ORIENTED_EDGE ( 'NONE', *, *, #1344, .T. ) ;
#3296 = VERTEX_POINT ( 'NONE', #3025 ) ;
#3297 = CARTESIAN_POINT ( 'NONE',  ( -27.75000000000000711, 1.600000000000000089, -17.47499999999999787 ) ) ;
#3298 = ADVANCED_FACE ( 'NONE', ( #4744 ), #2181, .F. ) ;
#3299 = ORIENTED_EDGE ( 'NONE', *, *, #4067, .F. ) ;
#3300 = PLANE ( 'NONE',  #4069 ) ;
#3301 = DIRECTION ( 'NONE',  ( -0.000000000000000000, 1.000000000000000000, -0.000000000000000000 ) ) ;
#3302 = VERTEX_POINT ( 'NONE', #1438 ) ;
#3303 = VERTEX_POINT ( 'NONE', #2230 ) ;
#3304 = EDGE_CURVE ( 'NONE', #4275, #3365, #158, .T. ) ;
#3305 = ADVANCED_FACE ( 'NONE', ( #3537 ), #4461, .F. ) ;
#3306 = CARTESIAN_POINT ( 'NONE',  ( 15.90000000000000036, 1.600000000000000089, -55.24999999999999289 ) ) ;
#3307 = VERTEX_POINT ( 'NONE', #612 ) ;
#3308 = CARTESIAN_POINT ( 'NONE',  ( 37.85000000000001563, 0.000000000000000000, 11.99999999999999822 ) ) ;
#3309 = ORIENTED_EDGE ( 'NONE', *, *, #1435, .F. ) ;
#3310 = FACE_OUTER_BOUND ( 'NONE', #4404, .T. ) ;
#3311 = ADVANCED_FACE ( 'NONE', ( #1390 ), #3083, .T. ) ;
#3312 = ADVANCED_FACE ( 'NONE', ( #1865 ), #2661, .F. ) ;
#3313 = DIRECTION ( 'NONE',  ( 0.000000000000000000, 1.000000000000000000, 0.000000000000000000 ) ) ;
#3314 = CIRCLE ( 'NONE', #3217, 0.5000000000000004441 ) ;
#3315 = ORIENTED_EDGE ( 'NONE', *, *, #4384, .F. ) ;
#3316 = DIRECTION ( 'NONE',  ( 0.000000000000000000, 0.000000000000000000, -1.000000000000000000 ) ) ;
#3317 = CYLINDRICAL_SURFACE ( 'NONE', #4154, 1.549999999999697398 ) ;
#3318 = CIRCLE ( 'NONE', #697, 246.5002818899938859 ) ;
#3319 = CARTESIAN_POINT ( 'NONE',  ( 29.82018240187189662, 0.000000000000000000, -29.70129252094004002 ) ) ;
#3320 = CYLINDRICAL_SURFACE ( 'NONE', #1277, 41.59239993997257301 ) ;
#3321 = DIRECTION ( 'NONE',  ( 0.000000000000000000, 0.000000000000000000, -1.000000000000000000 ) ) ;
#3322 = AXIS2_PLACEMENT_3D ( 'NONE', #3164, #2825, #2291 ) ;
#3323 = DIRECTION ( 'NONE',  ( 0.000000000000000000, 0.000000000000000000, -1.000000000000000000 ) ) ;
#3324 = DIRECTION ( 'NONE',  ( 0.000000000000000000, -1.000000000000000000, 0.000000000000000000 ) ) ;
#3325 = CIRCLE ( 'NONE', #3859, 0.5000000000000004441 ) ;
#3326 = VERTEX_POINT ( 'NONE', #1414 ) ;
#3327 = EDGE_LOOP ( 'NONE', ( #1227, #3269, #5139, #1094 ) ) ;
#3328 = CARTESIAN_POINT ( 'NONE',  ( 36.64078930228932052, 0.000000000000000000, -88.48338711122495681 ) ) ;
#3329 = VERTEX_POINT ( 'NONE', #1464 ) ;
#3330 = AXIS2_PLACEMENT_3D ( 'NONE', #1505, #4531, #3227 ) ;
#3331 = CARTESIAN_POINT ( 'NONE',  ( -17.50000000000000000, 1.600000000000000089, 36.97765452970058675 ) ) ;
#3332 = LINE ( 'NONE', #997, #3425 ) ;
#3333 = VECTOR ( 'NONE', #1680, 1000.000000000000000 ) ;
#3334 = EDGE_CURVE ( 'NONE', #4055, #5323, #736, .T. ) ;
#3335 = AXIS2_PLACEMENT_3D ( 'NONE', #2668, #4334, #3490 ) ;
#3336 = EDGE_LOOP ( 'NONE', ( #3811, #4742, #2843, #644 ) ) ;
#3337 = VERTEX_POINT ( 'NONE', #4382 ) ;
#3338 = DIRECTION ( 'NONE',  ( 0.000000000000000000, 0.000000000000000000, 1.000000000000000000 ) ) ;
#3339 = VERTEX_POINT ( 'NONE', #1891 ) ;
#3340 = FACE_OUTER_BOUND ( 'NONE', #2760, .T. ) ;
#3341 = EDGE_CURVE ( 'NONE', #894, #4095, #462, .T. ) ;
#3342 = ORIENTED_EDGE ( 'NONE', *, *, #1465, .F. ) ;
#3343 = DIRECTION ( 'NONE',  ( -0.000000000000000000, -1.000000000000000000, 0.000000000000000000 ) ) ;
#3344 = CARTESIAN_POINT ( 'NONE',  ( -30.25000000000000355, 1.600000000000000089, -17.47499999999999432 ) ) ;
#3345 = ORIENTED_EDGE ( 'NONE', *, *, #4314, .F. ) ;
#3346 = CARTESIAN_POINT ( 'NONE',  ( 187.9553080934801983, 0.000000000000000000, 159.3904074406016207 ) ) ;
#3347 = EDGE_CURVE ( 'NONE', #276, #902, #1811, .T. ) ;
#3348 = EDGE_CURVE ( 'NONE', #1666, #4715, #2272, .T. ) ;
#3349 = AXIS2_PLACEMENT_3D ( 'NONE', #5231, #4337, #2727 ) ;
#3350 = AXIS2_PLACEMENT_3D ( 'NONE', #3847, #1744, #5570 ) ;
#3351 = DIRECTION ( 'NONE',  ( 0.000000000000000000, 0.000000000000000000, 1.000000000000000000 ) ) ;
#3352 = DIRECTION ( 'NONE',  ( 0.000000000000000000, -1.000000000000000000, 0.000000000000000000 ) ) ;
#3353 = VECTOR ( 'NONE', #5140, 1000.000000000000000 ) ;
#3354 = FACE_OUTER_BOUND ( 'NONE', #5587, .T. ) ;
#3355 = CARTESIAN_POINT ( 'NONE',  ( 24.57499999999999929, 1.600000000000000089, 17.45000000000000639 ) ) ;
#3356 = AXIS2_PLACEMENT_3D ( 'NONE', #917, #1794, #5227 ) ;
#3357 = CARTESIAN_POINT ( 'NONE',  ( -37.85000000000000142, 1.600000000000000089, -69.00000000000000000 ) ) ;
#3358 = ORIENTED_EDGE ( 'NONE', *, *, #3484, .F. ) ;
#3359 = CARTESIAN_POINT ( 'NONE',  ( 36.25000000000041211, 1.600000000000000089, -47.50000000000000711 ) ) ;
#3360 = VECTOR ( 'NONE', #1387, 1000.000000000000000 ) ;
#3361 = ORIENTED_EDGE ( 'NONE', *, *, #1081, .T. ) ;
#3362 = CARTESIAN_POINT ( 'NONE',  ( 7.650000000000000355, 1.600000000000000089, -67.73338711122495681 ) ) ;
#3363 = CARTESIAN_POINT ( 'NONE',  ( 35.75000000000041211, 0.000000000000000000, -47.50000000000000711 ) ) ;
#3364 = VECTOR ( 'NONE', #5206, 1000.000000000000000 ) ;
#3365 = VERTEX_POINT ( 'NONE', #2685 ) ;
#3366 = ORIENTED_EDGE ( 'NONE', *, *, #3984, .T. ) ;
#3367 = DIRECTION ( 'NONE',  ( 1.321694076933929864E-14, 0.000000000000000000, -1.000000000000000000 ) ) ;
#3368 = ORIENTED_EDGE ( 'NONE', *, *, #3235, .F. ) ;
#3369 = DIRECTION ( 'NONE',  ( 0.000000000000000000, -1.000000000000000000, 0.000000000000000000 ) ) ;
#3370 = VECTOR ( 'NONE', #4874, 1000.000000000000000 ) ;
#3371 = ORIENTED_EDGE ( 'NONE', *, *, #4161, .F. ) ;
#3372 = CIRCLE ( 'NONE', #2110, 60.43219500831563096 ) ;
#3373 = CARTESIAN_POINT ( 'NONE',  ( -37.85000000000001563, 1.600000000000000089, 20.99999999999998934 ) ) ;
#3374 = AXIS2_PLACEMENT_3D ( 'NONE', #2254, #3154, #3075 ) ;
#3375 = EDGE_CURVE ( 'NONE', #2169, #3086, #1018, .T. ) ;
#3376 = ORIENTED_EDGE ( 'NONE', *, *, #5291, .F. ) ;
#3377 = CARTESIAN_POINT ( 'NONE',  ( 37.35000000000001563, 0.000000000000000000, 12.49999999999999645 ) ) ;
#3378 = PRESENTATION_STYLE_ASSIGNMENT (( #1285 ) ) ;
#3379 = CARTESIAN_POINT ( 'NONE',  ( 34.36956032934473626, 1.600000000000000089, 54.99999999998543387 ) ) ;
#3380 = DIRECTION ( 'NONE',  ( 8.673617379884052728E-17, 0.000000000000000000, 1.000000000000000000 ) ) ;
#3381 = ADVANCED_FACE ( 'NONE', ( #2713 ), #3188, .F. ) ;
#3382 = EDGE_CURVE ( 'NONE', #4998, #4135, #588, .T. ) ;
#3383 = CARTESIAN_POINT ( 'NONE',  ( -2.775557561561860405E-13, 1.600000000000000089, 21.00000000000459721 ) ) ;
#3384 = DIRECTION ( 'NONE',  ( 0.000000000000000000, 1.000000000000000000, 0.000000000000000000 ) ) ;
#3385 = ORIENTED_EDGE ( 'NONE', *, *, #5477, .F. ) ;
#3386 = ORIENTED_EDGE ( 'NONE', *, *, #2813, .F. ) ;
#3387 = FACE_OUTER_BOUND ( 'NONE', #4564, .T. ) ;
#3388 = ORIENTED_EDGE ( 'NONE', *, *, #3033, .T. ) ;
#3389 = DIRECTION ( 'NONE',  ( -0.000000000000000000, -1.000000000000000000, -0.000000000000000000 ) ) ;
#3390 = DIRECTION ( 'NONE',  ( 0.000000000000000000, 0.000000000000000000, 1.000000000000000000 ) ) ;
#3391 = VERTEX_POINT ( 'NONE', #2343 ) ;
#3392 = ORIENTED_EDGE ( 'NONE', *, *, #1542, .T. ) ;
#3393 = DIRECTION ( 'NONE',  ( 0.000000000000000000, 0.000000000000000000, 1.000000000000000000 ) ) ;
#3394 = EDGE_LOOP ( 'NONE', ( #4510, #1439, #3863, #4185 ) ) ;
#3395 = DIRECTION ( 'NONE',  ( 0.000000000000000000, 0.000000000000000000, 1.000000000000000000 ) ) ;
#3396 = ORIENTED_EDGE ( 'NONE', *, *, #5401, .F. ) ;
#3397 = DIRECTION ( 'NONE',  ( 0.000000000000000000, 0.000000000000000000, -1.000000000000000000 ) ) ;
#3398 = ORIENTED_EDGE ( 'NONE', *, *, #3226, .F. ) ;
#3399 = DIRECTION ( 'NONE',  ( 0.000000000000000000, 1.000000000000000000, -0.000000000000000000 ) ) ;
#3400 = EDGE_CURVE ( 'NONE', #4538, #4037, #1551, .T. ) ;
#3401 = CARTESIAN_POINT ( 'NONE',  ( -2.775557561562891351E-14, 0.000000000000000000, -1.150478294741963392 ) ) ;
#3402 = PLANE ( 'NONE',  #4518 ) ;
#3403 = CARTESIAN_POINT ( 'NONE',  ( -41.25000000000000711, 0.000000000000000000, -0.000000000000000000 ) ) ;
#3404 = LINE ( 'NONE', #3355, #1395 ) ;
#3405 = AXIS2_PLACEMENT_3D ( 'NONE', #400, #3313, #2949 ) ;
#3406 = EDGE_CURVE ( 'NONE', #814, #1926, #51, .T. ) ;
#3407 = VERTEX_POINT ( 'NONE', #2742 ) ;
#3408 = VERTEX_POINT ( 'NONE', #3161 ) ;
#3409 = EDGE_CURVE ( 'NONE', #2495, #1970, #4883, .T. ) ;
#3410 = DIRECTION ( 'NONE',  ( -0.000000000000000000, 1.000000000000000000, -0.000000000000000000 ) ) ;
#3411 = CIRCLE ( 'NONE', #3501, 1.549999999999999378 ) ;
#3412 = EDGE_LOOP ( 'NONE', ( #2179, #4768, #3923, #2054 ) ) ;
#3413 = FACE_OUTER_BOUND ( 'NONE', #1967, .T. ) ;
#3414 = CARTESIAN_POINT ( 'NONE',  ( 24.57499999999999929, 1.600000000000000089, 19.00000000000000355 ) ) ;
#3415 = AXIS2_PLACEMENT_3D ( 'NONE', #1363, #3429, #3321 ) ;
#3416 = ADVANCED_FACE ( 'NONE', ( #1098 ), #3300, .F. ) ;
#3417 = EDGE_CURVE ( 'NONE', #5509, #362, #4797, .T. ) ;
#3418 = ORIENTED_EDGE ( 'NONE', *, *, #1731, .F. ) ;
#3419 = ORIENTED_EDGE ( 'NONE', *, *, #5364, .F. ) ;
#3420 = CARTESIAN_POINT ( 'NONE',  ( 35.75000000000167688, 1.600000000000000089, 50.49999999999998579 ) ) ;
#3421 = ORIENTED_EDGE ( 'NONE', *, *, #5238, .F. ) ;
#3422 = VECTOR ( 'NONE', #2951, 1000.000000000000000 ) ;
#3423 = CARTESIAN_POINT ( 'NONE',  ( -11.44069681584102405, 1.600000000000000089, 33.31837076039650469 ) ) ;
#3424 = VECTOR ( 'NONE', #1031, 1000.000000000000000 ) ;
#3425 = VECTOR ( 'NONE', #5050, 1000.000000000000000 ) ;
#3426 = ORIENTED_EDGE ( 'NONE', *, *, #82, .F. ) ;
#3427 = CYLINDRICAL_SURFACE ( 'NONE', #1504, 11.45859644822850498 ) ;
#3428 = AXIS2_PLACEMENT_3D ( 'NONE', #2018, #1593, #4614 ) ;
#3429 = DIRECTION ( 'NONE',  ( 0.000000000000000000, 1.000000000000000000, -0.000000000000000000 ) ) ;
#3430 = EDGE_LOOP ( 'NONE', ( #1912, #1948, #4820, #3245 ) ) ;
#3431 = CARTESIAN_POINT ( 'NONE',  ( 36.64078930228932052, 1.600000000000000089, -88.48338711122495681 ) ) ;
#3432 = FACE_OUTER_BOUND ( 'NONE', #5328, .T. ) ;
#3433 = DIRECTION ( 'NONE',  ( 0.000000000000000000, -1.000000000000000000, 0.000000000000000000 ) ) ;
#3434 = PLANE ( 'NONE',  #2906 ) ;
#3435 = DIRECTION ( 'NONE',  ( -0.000000000000000000, 1.000000000000000000, -0.000000000000000000 ) ) ;
#3436 = DIRECTION ( 'NONE',  ( 0.000000000000000000, 1.000000000000000000, -0.000000000000000000 ) ) ;
#3437 = VERTEX_POINT ( 'NONE', #1604 ) ;
#3438 = VERTEX_POINT ( 'NONE', #5359 ) ;
#3439 = DIRECTION ( 'NONE',  ( 0.000000000000000000, 0.000000000000000000, -1.000000000000000000 ) ) ;
#3440 = VECTOR ( 'NONE', #5455, 1000.000000000000000 ) ;
#3441 = VECTOR ( 'NONE', #3764, 1000.000000000000000 ) ;
#3442 = EDGE_LOOP ( 'NONE', ( #182, #385, #3299, #3116 ) ) ;
#3443 = DIRECTION ( 'NONE',  ( 0.000000000000000000, -1.000000000000000000, 0.000000000000000000 ) ) ;
#3444 = ADVANCED_FACE ( 'NONE', ( #3242 ), #3660, .F. ) ;
#3445 = DIRECTION ( 'NONE',  ( -0.000000000000000000, 1.000000000000000000, -0.000000000000000000 ) ) ;
#3446 = AXIS2_PLACEMENT_3D ( 'NONE', #4239, #2629, #4357 ) ;
#3447 = AXIS2_PLACEMENT_3D ( 'NONE', #5511, #4606, #2493 ) ;
#3448 = ORIENTED_EDGE ( 'NONE', *, *, #3721, .T. ) ;
#3449 = ORIENTED_EDGE ( 'NONE', *, *, #4995, .T. ) ;
#3450 = LINE ( 'NONE', #708, #465 ) ;
#3451 = EDGE_LOOP ( 'NONE', ( #3284, #618, #1866, #2888 ) ) ;
#3452 = VERTEX_POINT ( 'NONE', #4090 ) ;
#3453 = DIRECTION ( 'NONE',  ( 0.000000000000000000, -1.000000000000000000, 0.000000000000000000 ) ) ;
#3454 = ADVANCED_FACE ( 'NONE', ( #4992 ), #1549, .F. ) ;
#3455 = EDGE_CURVE ( 'NONE', #3742, #5417, #695, .T. ) ;
#3456 = VECTOR ( 'NONE', #5266, 1000.000000000000000 ) ;
#3457 = ORIENTED_EDGE ( 'NONE', *, *, #263, .F. ) ;
#3458 = DIRECTION ( 'NONE',  ( 0.000000000000000000, 1.000000000000000000, 0.000000000000000000 ) ) ;
#3459 = FACE_OUTER_BOUND ( 'NONE', #2448, .T. ) ;
#3460 = ORIENTED_EDGE ( 'NONE', *, *, #58, .T. ) ;
#3461 = DIRECTION ( 'NONE',  ( 0.000000000000000000, 1.000000000000000000, 0.000000000000000000 ) ) ;
#3462 = VECTOR ( 'NONE', #4080, 1000.000000000000000 ) ;
#3463 = CARTESIAN_POINT ( 'NONE',  ( -37.35000000000000142, 1.600000000000000089, -77.49999999999613465 ) ) ;
#3464 = CARTESIAN_POINT ( 'NONE',  ( -37.85000000000000142, 0.000000000000000000, -0.000000000000000000 ) ) ;
#3465 = CARTESIAN_POINT ( 'NONE',  ( 37.85000000000000853, 1.600000000000000089, -47.50000000000000000 ) ) ;
#3466 = DIRECTION ( 'NONE',  ( 0.000000000000000000, -1.000000000000000000, 0.000000000000000000 ) ) ;
#3467 = VECTOR ( 'NONE', #5081, 1000.000000000000000 ) ;
#3468 = ORIENTED_EDGE ( 'NONE', *, *, #1715, .F. ) ;
#3469 = CARTESIAN_POINT ( 'NONE',  ( -37.84999999999998721, 1.600000000000000089, 12.99999999999999645 ) ) ;
#3470 = EDGE_LOOP ( 'NONE', ( #587, #2313, #2339, #2367 ) ) ;
#3471 = DIRECTION ( 'NONE',  ( 0.000000000000000000, -1.000000000000000000, 0.000000000000000000 ) ) ;
#3472 = EDGE_LOOP ( 'NONE', ( #2595, #711 ) ) ;
#3473 = FACE_OUTER_BOUND ( 'NONE', #2129, .T. ) ;
#3474 = CARTESIAN_POINT ( 'NONE',  ( 0.000000000000000000, 1.600000000000000089, 54.99999999998543387 ) ) ;
#3475 = EDGE_CURVE ( 'NONE', #4656, #3452, #1372, .T. ) ;
#3476 = EDGE_LOOP ( 'NONE', ( #2840, #1780, #5388, #5409 ) ) ;
#3477 = ORIENTED_EDGE ( 'NONE', *, *, #1306, .T. ) ;
#3478 = CARTESIAN_POINT ( 'NONE',  ( -35.74999999999833022, 1.600000000000000089, 43.00000000000000000 ) ) ;
#3479 = ORIENTED_EDGE ( 'NONE', *, *, #3135, .T. ) ;
#3480 = ORIENTED_EDGE ( 'NONE', *, *, #1823, .F. ) ;
#3481 = DIRECTION ( 'NONE',  ( 0.000000000000000000, 1.000000000000000000, 0.000000000000000000 ) ) ;
#3482 = EDGE_CURVE ( 'NONE', #5327, #3897, #4144, .T. ) ;
#3483 = ORIENTED_EDGE ( 'NONE', *, *, #2369, .T. ) ;
#3484 = EDGE_CURVE ( 'NONE', #3114, #4370, #3260, .T. ) ;
#3485 = LINE ( 'NONE', #487, #597 ) ;
#3486 = DIRECTION ( 'NONE',  ( 0.000000000000000000, 0.000000000000000000, 1.000000000000000000 ) ) ;
#3487 = DIRECTION ( 'NONE',  ( 0.000000000000000000, 0.000000000000000000, -1.000000000000000000 ) ) ;
#3488 = EDGE_CURVE ( 'NONE', #2392, #4310, #761, .T. ) ;
#3489 = EDGE_CURVE ( 'NONE', #1689, #2038, #2361, .T. ) ;
#3490 = DIRECTION ( 'NONE',  ( 1.000000000000000000, 0.000000000000000000, 6.608470384672269914E-15 ) ) ;
#3491 = PLANE ( 'NONE',  #822 ) ;
#3492 = DIRECTION ( 'NONE',  ( 0.000000000000000000, 0.000000000000000000, -1.000000000000000000 ) ) ;
#3493 = CARTESIAN_POINT ( 'NONE',  ( 37.85000000000000853, 1.600000000000000089, -48.00000000000000000 ) ) ;
#3494 = ORIENTED_EDGE ( 'NONE', *, *, #1859, .F. ) ;
#3495 = DIRECTION ( 'NONE',  ( 1.000000000000000000, -0.000000000000000000, 0.000000000000000000 ) ) ;
#3496 = CARTESIAN_POINT ( 'NONE',  ( -24.57499999999999929, 1.600000000000000089, -39.00000000000000000 ) ) ;
#3497 = ORIENTED_EDGE ( 'NONE', *, *, #2751, .F. ) ;
#3498 = CIRCLE ( 'NONE', #2957, 1.550000000000550937 ) ;
#3499 = CARTESIAN_POINT ( 'NONE',  ( 41.25000000000000000, 0.000000000000000000, 54.99999999998543387 ) ) ;
#3500 = CARTESIAN_POINT ( 'NONE',  ( -37.84999999999998721, 0.000000000000000000, 43.00000000000000000 ) ) ;
#3501 = AXIS2_PLACEMENT_3D ( 'NONE', #3615, #1043, #4032 ) ;
#3502 = ORIENTED_EDGE ( 'NONE', *, *, #5170, .T. ) ;
#3503 = ORIENTED_EDGE ( 'NONE', *, *, #2904, .F. ) ;
#3504 = DIRECTION ( 'NONE',  ( -0.000000000000000000, 1.000000000000000000, -0.000000000000000000 ) ) ;
#3505 = ORIENTED_EDGE ( 'NONE', *, *, #3960, .T. ) ;
#3506 = VERTEX_POINT ( 'NONE', #1068 ) ;
#3507 = DIRECTION ( 'NONE',  ( -1.000000000000000000, 0.000000000000000000, 0.000000000000000000 ) ) ;
#3508 = VECTOR ( 'NONE', #2900, 1000.000000000000000 ) ;
#3509 = EDGE_CURVE ( 'NONE', #2915, #1528, #4056, .T. ) ;
#3510 = ORIENTED_EDGE ( 'NONE', *, *, #4067, .T. ) ;
#3511 = VECTOR ( 'NONE', #2015, 1000.000000000000000 ) ;
#3512 = LINE ( 'NONE', #4863, #876 ) ;
#3513 = LINE ( 'NONE', #489, #4857 ) ;
#3514 = DIRECTION ( 'NONE',  ( 0.000000000000000000, 0.000000000000000000, -1.000000000000000000 ) ) ;
#3515 = CIRCLE ( 'NONE', #3594, 0.4999999999999987232 ) ;
#3516 = EDGE_CURVE ( 'NONE', #3086, #561, #1491, .T. ) ;
#3517 = CIRCLE ( 'NONE', #537, 11.45859644822850498 ) ;
#3518 = FACE_OUTER_BOUND ( 'NONE', #4352, .T. ) ;
#3519 = FACE_OUTER_BOUND ( 'NONE', #2366, .T. ) ;
#3520 = FACE_OUTER_BOUND ( 'NONE', #3476, .T. ) ;
#3521 = ADVANCED_FACE ( 'NONE', ( #216 ), #3212, .F. ) ;
#3522 = ADVANCED_FACE ( 'NONE', ( #1947 ), #3719, .F. ) ;
#3523 = CARTESIAN_POINT ( 'NONE',  ( -30.25000000000000000, 1.600000000000000089, 2.525000000000006128 ) ) ;
#3524 = VERTEX_POINT ( 'NONE', #4514 ) ;
#3525 = FACE_OUTER_BOUND ( 'NONE', #153, .T. ) ;
#3526 = DIRECTION ( 'NONE',  ( -1.000000000000000000, 0.000000000000000000, 0.000000000000000000 ) ) ;
#3527 = ORIENTED_EDGE ( 'NONE', *, *, #671, .F. ) ;
#3528 = DIRECTION ( 'NONE',  ( 0.000000000000000000, -1.000000000000000000, 0.000000000000000000 ) ) ;
#3529 =( LENGTH_UNIT ( ) NAMED_UNIT ( * ) SI_UNIT ( .MILLI., .METRE. ) );
#3530 = CIRCLE ( 'NONE', #4787, 0.5000000000000004441 ) ;
#3531 = ORIENTED_EDGE ( 'NONE', *, *, #2199, .F. ) ;
#3532 = ORIENTED_EDGE ( 'NONE', *, *, #4616, .T. ) ;
#3533 = CARTESIAN_POINT ( 'NONE',  ( 17.50000000000000000, 1.600000000000000089, 36.97765452970054412 ) ) ;
#3534 = VECTOR ( 'NONE', #4105, 1000.000000000000000 ) ;
#3535 = VERTEX_POINT ( 'NONE', #2794 ) ;
#3536 = VERTEX_POINT ( 'NONE', #2395 ) ;
#3537 = FACE_OUTER_BOUND ( 'NONE', #2572, .T. ) ;
#3538 = EDGE_LOOP ( 'NONE', ( #109, #5109 ) ) ;
#3539 = AXIS2_PLACEMENT_3D ( 'NONE', #3637, #271, #4544 ) ;
#3540 = DIRECTION ( 'NONE',  ( 0.000000000000000000, 0.000000000000000000, -1.000000000000000000 ) ) ;
#3541 = DIRECTION ( 'NONE',  ( 0.000000000000000000, 0.000000000000000000, -1.000000000000000000 ) ) ;
#3542 = FACE_OUTER_BOUND ( 'NONE', #4299, .T. ) ;
#3543 = AXIS2_PLACEMENT_3D ( 'NONE', #4980, #2444, #1535 ) ;
#3544 = EDGE_CURVE ( 'NONE', #3609, #3612, #4256, .T. ) ;
#3545 = DIRECTION ( 'NONE',  ( 0.000000000000000000, 1.000000000000000000, -0.000000000000000000 ) ) ;
#3546 = DIRECTION ( 'NONE',  ( 0.000000000000000000, -1.000000000000000000, 0.000000000000000000 ) ) ;
#3547 = CARTESIAN_POINT ( 'NONE',  ( 35.75000000000000000, 1.600000000000000089, -77.50000000000000000 ) ) ;
#3548 = LINE ( 'NONE', #3523, #2718 ) ;
#3549 = CIRCLE ( 'NONE', #1110, 1.550000000004069012 ) ;
#3550 = ADVANCED_FACE ( 'NONE', ( #241 ), #5019, .F. ) ;
#3551 = CYLINDRICAL_SURFACE ( 'NONE', #1883, 0.5000000000000004441 ) ;
#3552 = EDGE_CURVE ( 'NONE', #4208, #4971, #3774, .T. ) ;
#3553 = LINE ( 'NONE', #3151, #3456 ) ;
#3554 = CIRCLE ( 'NONE', #5257, 1.550000000004069012 ) ;
#3555 = VERTEX_POINT ( 'NONE', #1693 ) ;
#3556 = VECTOR ( 'NONE', #582, 1000.000000000000000 ) ;
#3557 = DIRECTION ( 'NONE',  ( 0.000000000000000000, -0.000000000000000000, 1.000000000000000000 ) ) ;
#3558 = CARTESIAN_POINT ( 'NONE',  ( 14.90000000000000213, 1.600000000000000089, -60.77234500001782180 ) ) ;
#3559 = CIRCLE ( 'NONE', #1120, 1.275000000000005018 ) ;
#3560 = VERTEX_POINT ( 'NONE', #3043 ) ;
#3561 = VERTEX_POINT ( 'NONE', #5582 ) ;
#3562 = LINE ( 'NONE', #1434, #921 ) ;
#3563 = ORIENTED_EDGE ( 'NONE', *, *, #474, .T. ) ;
#3564 = ORIENTED_EDGE ( 'NONE', *, *, #964, .F. ) ;
#3565 = CARTESIAN_POINT ( 'NONE',  ( 37.85000000000000853, 1.600000000000000089, -39.00000000000000711 ) ) ;
#3566 = VERTEX_POINT ( 'NONE', #4316 ) ;
#3567 = FACE_OUTER_BOUND ( 'NONE', #4918, .T. ) ;
#3568 = CARTESIAN_POINT ( 'NONE',  ( -35.75000000000125056, 1.600000000000000089, 12.49999999999999645 ) ) ;
#3569 = DIRECTION ( 'NONE',  ( 0.000000000000000000, 0.000000000000000000, -1.000000000000000000 ) ) ;
#3570 = CARTESIAN_POINT ( 'NONE',  ( 35.75000000000041211, 1.600000000000000089, -47.50000000000000711 ) ) ;
#3571 = DIRECTION ( 'NONE',  ( -1.000000000000000000, 0.000000000000000000, 0.000000000000000000 ) ) ;
#3572 = CARTESIAN_POINT ( 'NONE',  ( -15.00000014403561366, 1.600000000000000089, -64.02234547029955536 ) ) ;
#3573 = CARTESIAN_POINT ( 'NONE',  ( -41.25000000000000711, 0.000000000000000000, -28.31951377054060970 ) ) ;
#3574 = EDGE_CURVE ( 'NONE', #2348, #2795, #2372, .T. ) ;
#3575 = LINE ( 'NONE', #951, #1255 ) ;
#3576 = DIRECTION ( 'NONE',  ( -1.000000000000000000, 0.000000000000000000, 0.000000000000000000 ) ) ;
#3577 = VERTEX_POINT ( 'NONE', #3833 ) ;
#3578 = CARTESIAN_POINT ( 'NONE',  ( 37.85000000000000853, 0.000000000000000000, -39.50000000000000711 ) ) ;
#3579 = EDGE_CURVE ( 'NONE', #4537, #1328, #5498, .T. ) ;
#3580 = ORIENTED_EDGE ( 'NONE', *, *, #3169, .F. ) ;
#3581 = VERTEX_POINT ( 'NONE', #1636 ) ;
#3582 = CARTESIAN_POINT ( 'NONE',  ( 35.75000000000125056, 1.600000000000000089, 0.000000000000000000 ) ) ;
#3583 = ORIENTED_EDGE ( 'NONE', *, *, #3220, .F. ) ;
#3584 = ORIENTED_EDGE ( 'NONE', *, *, #3238, .T. ) ;
#3585 = CARTESIAN_POINT ( 'NONE',  ( -35.74999999999874944, 1.600000000000000089, 0.000000000000000000 ) ) ;
#3586 = EDGE_CURVE ( 'NONE', #1545, #5023, #2118, .T. ) ;
#3587 = ADVANCED_FACE ( 'NONE', ( #3413 ), #2085, .F. ) ;
#3588 = VERTEX_POINT ( 'NONE', #4709 ) ;
#3589 = DIRECTION ( 'NONE',  ( 0.000000000000000000, 0.000000000000000000, -1.000000000000000000 ) ) ;
#3590 = DIRECTION ( 'NONE',  ( 1.000000000000000000, 0.000000000000000000, 0.000000000000000000 ) ) ;
#3591 = VECTOR ( 'NONE', #2945, 1000.000000000000000 ) ;
#3592 = CARTESIAN_POINT ( 'NONE',  ( -24.57499999999999929, 1.600000000000000089, 17.45000000000000284 ) ) ;
#3593 = CARTESIAN_POINT ( 'NONE',  ( -37.85000000000000853, 1.600000000000000089, -47.50000000000000000 ) ) ;
#3594 = AXIS2_PLACEMENT_3D ( 'NONE', #2731, #1425, #3150 ) ;
#3595 = FACE_BOUND ( 'NONE', #1807, .T. ) ;
#3596 = AXIS2_PLACEMENT_3D ( 'NONE', #3547, #5261, #1400 ) ;
#3597 = DIRECTION ( 'NONE',  ( 0.000000000000000000, 1.000000000000000000, 0.000000000000000000 ) ) ;
#3598 = AXIS2_PLACEMENT_3D ( 'NONE', #5348, #1938, #3202 ) ;
#3599 = DIRECTION ( 'NONE',  ( 0.000000000000000000, 0.000000000000000000, 1.000000000000000000 ) ) ;
#3600 = DIRECTION ( 'NONE',  ( 0.000000000000000000, 0.000000000000000000, -1.000000000000000000 ) ) ;
#3601 = CARTESIAN_POINT ( 'NONE',  ( -37.85000000000000853, 1.600000000000000089, -39.00000000000000711 ) ) ;
#3602 = ORIENTED_EDGE ( 'NONE', *, *, #3220, .T. ) ;
#3603 = CARTESIAN_POINT ( 'NONE',  ( -32.32499999999993889, 1.600000000000000089, 33.45000000000000284 ) ) ;
#3604 =( NAMED_UNIT ( * ) PLANE_ANGLE_UNIT ( ) SI_UNIT ( $, .RADIAN. ) );
#3605 = VERTEX_POINT ( 'NONE', #326 ) ;
#3606 = ORIENTED_EDGE ( 'NONE', *, *, #1893, .F. ) ;
#3607 = CARTESIAN_POINT ( 'NONE',  ( 35.75000000000041211, 1.600000000000000089, -47.00000000000000711 ) ) ;
#3608 = EDGE_CURVE ( 'NONE', #4625, #5377, #2106, .T. ) ;
#3609 = VERTEX_POINT ( 'NONE', #1720 ) ;
#3610 = ORIENTED_EDGE ( 'NONE', *, *, #1815, .F. ) ;
#3611 = CARTESIAN_POINT ( 'NONE',  ( -35.74999999999959499, 1.600000000000000089, 0.000000000000000000 ) ) ;
#3612 = VERTEX_POINT ( 'NONE', #842 ) ;
#3613 = ADVANCED_FACE ( 'NONE', ( #3473 ), #2142, .F. ) ;
#3614 = EDGE_CURVE ( 'NONE', #4855, #2005, #4288, .T. ) ;
#3615 = CARTESIAN_POINT ( 'NONE',  ( -24.57499999999999929, 1.600000000000000089, 19.00000000000000355 ) ) ;
#3616 = EDGE_LOOP ( 'NONE', ( #3835, #2711, #1283, #2533 ) ) ;
#3617 = DIRECTION ( 'NONE',  ( 0.000000000000000000, -1.000000000000000000, 0.000000000000000000 ) ) ;
#3618 = CIRCLE ( 'NONE', #185, 246.5002818899938859 ) ;
#3619 = ORIENTED_EDGE ( 'NONE', *, *, #5103, .F. ) ;
#3620 = VECTOR ( 'NONE', #4431, 1000.000000000000000 ) ;
#3621 = DIRECTION ( 'NONE',  ( 0.000000000000000000, 0.000000000000000000, 1.000000000000000000 ) ) ;
#3622 = CARTESIAN_POINT ( 'NONE',  ( 23.10000000000000497, 1.600000000000000089, -55.24999999999999289 ) ) ;
#3623 = CARTESIAN_POINT ( 'NONE',  ( -24.57499999999999929, 1.600000000000000089, -37.44999999999999574 ) ) ;
#3624 = DIRECTION ( 'NONE',  ( -1.000000000000000000, 0.000000000000000000, -0.000000000000000000 ) ) ;
#3625 = CARTESIAN_POINT ( 'NONE',  ( -19.17894705065918615, 0.000000000000000000, -40.34252787215250180 ) ) ;
#3626 = CARTESIAN_POINT ( 'NONE',  ( 37.35000000000000142, 0.000000000000000000, -69.00000000000000000 ) ) ;
#3627 = DIRECTION ( 'NONE',  ( 0.000000000000000000, 0.000000000000000000, -1.000000000000000000 ) ) ;
#3628 = VERTEX_POINT ( 'NONE', #1669 ) ;
#3629 = DIRECTION ( 'NONE',  ( 0.000000000000000000, -1.000000000000000000, 0.000000000000000000 ) ) ;
#3630 = AXIS2_PLACEMENT_3D ( 'NONE', #812, #2055, #4651 ) ;
#3631 = LINE ( 'NONE', #4137, #570 ) ;
#3632 = ORIENTED_EDGE ( 'NONE', *, *, #160, .T. ) ;
#3633 = ORIENTED_EDGE ( 'NONE', *, *, #747, .F. ) ;
#3634 = DIRECTION ( 'NONE',  ( 0.000000000000000000, -1.000000000000000000, 0.000000000000000000 ) ) ;
#3635 = VECTOR ( 'NONE', #4051, 1000.000000000000000 ) ;
#3636 = VERTEX_POINT ( 'NONE', #4737 ) ;
#3637 = CARTESIAN_POINT ( 'NONE',  ( 37.85000000000000142, 1.600000000000000089, 0.000000000000000000 ) ) ;
#3638 = CIRCLE ( 'NONE', #3822, 246.5002818899938859 ) ;
#3639 = EDGE_CURVE ( 'NONE', #443, #4836, #5167, .T. ) ;
#3640 = EDGE_LOOP ( 'NONE', ( #5420, #923, #1806, #1879 ) ) ;
#3641 = CARTESIAN_POINT ( 'NONE',  ( 32.32499999999993889, 0.000000000000000000, -50.95000000000166551 ) ) ;
#3642 = ORIENTED_EDGE ( 'NONE', *, *, #403, .T. ) ;
#3643 = CARTESIAN_POINT ( 'NONE',  ( 0.000000000000000000, 0.000000000000000000, 54.99999999998543387 ) ) ;
#3644 = EDGE_CURVE ( 'NONE', #5033, #726, #568, .T. ) ;
#3645 = ORIENTED_EDGE ( 'NONE', *, *, #3475, .F. ) ;
#3646 = CYLINDRICAL_SURFACE ( 'NONE', #2165, 1.549999999999697398 ) ;
#3647 = CARTESIAN_POINT ( 'NONE',  ( -23.99999999998818367, 0.000000000000000000, -70.23338711122495681 ) ) ;
#3648 = FACE_BOUND ( 'NONE', #2033, .T. ) ;
#3649 = CARTESIAN_POINT ( 'NONE',  ( -27.75000000000000355, 1.600000000000000089, 2.525000000000005684 ) ) ;
#3650 = EDGE_CURVE ( 'NONE', #2416, #5448, #20, .T. ) ;
#3651 = EDGE_CURVE ( 'NONE', #3944, #1093, #2941, .T. ) ;
#3652 = CARTESIAN_POINT ( 'NONE',  ( -37.85000000000000142, 0.000000000000000000, -77.50000000000000000 ) ) ;
#3653 = DIRECTION ( 'NONE',  ( 0.000000000000000000, 0.000000000000000000, 1.000000000000000000 ) ) ;
#3654 = FACE_BOUND ( 'NONE', #891, .T. ) ;
#3655 = LINE ( 'NONE', #629, #2920 ) ;
#3656 = ORIENTED_EDGE ( 'NONE', *, *, #3417, .T. ) ;
#3657 = ORIENTED_EDGE ( 'NONE', *, *, #45, .T. ) ;
#3658 = CYLINDRICAL_SURFACE ( 'NONE', #3089, 1.550000000000002709 ) ;
#3659 = VERTEX_POINT ( 'NONE', #866 ) ;
#3660 = CYLINDRICAL_SURFACE ( 'NONE', #2633, 1.550000000004061906 ) ;
#3661 = CARTESIAN_POINT ( 'NONE',  ( 23.60000000000000497, 1.600000000000000089, -55.74999999999999289 ) ) ;
#3662 = ORIENTED_EDGE ( 'NONE', *, *, #1892, .T. ) ;
#3663 = EDGE_LOOP ( 'NONE', ( #1272, #244, #3657, #5051 ) ) ;
#3664 = CARTESIAN_POINT ( 'NONE',  ( 37.85000000000000142, 1.600000000000000089, -77.50000000000000000 ) ) ;
#3665 = ORIENTED_EDGE ( 'NONE', *, *, #4448, .F. ) ;
#3666 = ADVANCED_FACE ( 'NONE', ( #2593 ), #1754, .F. ) ;
#3667 = CARTESIAN_POINT ( 'NONE',  ( 37.85000000000001563, 0.000000000000000000, 42.49999999999999289 ) ) ;
#3668 = VECTOR ( 'NONE', #1814, 1000.000000000000000 ) ;
#3669 = ORIENTED_EDGE ( 'NONE', *, *, #2618, .T. ) ;
#3670 = AXIS2_PLACEMENT_3D ( 'NONE', #1582, #817, #2917 ) ;
#3671 = CARTESIAN_POINT ( 'NONE',  ( -37.85000000000000853, 1.600000000000000089, -39.00000000000000711 ) ) ;
#3672 = PLANE ( 'NONE',  #2772 ) ;
#3673 = EDGE_CURVE ( 'NONE', #3628, #1990, #2538, .T. ) ;
#3674 = DIRECTION ( 'NONE',  ( 0.000000000000000000, -1.000000000000000000, 0.000000000000000000 ) ) ;
#3675 = DIRECTION ( 'NONE',  ( 0.000000000000000000, -1.000000000000000000, 0.000000000000000000 ) ) ;
#3676 = DIRECTION ( 'NONE',  ( 0.000000000000000000, 0.000000000000000000, -1.000000000000000000 ) ) ;
#3677 = CARTESIAN_POINT ( 'NONE',  ( -37.35000000000001563, 0.000000000000000000, 12.50000000000411049 ) ) ;
#3678 = CIRCLE ( 'NONE', #4042, 60.43219500831563096 ) ;
#3679 = EDGE_CURVE ( 'NONE', #1487, #4135, #4985, .T. ) ;
#3680 = DIRECTION ( 'NONE',  ( -1.672022627447524500E-16, -0.000000000000000000, 1.000000000000000000 ) ) ;
#3681 = EDGE_CURVE ( 'NONE', #902, #219, #2222, .T. ) ;
#3682 = CARTESIAN_POINT ( 'NONE',  ( -37.35000000000000853, 0.000000000000000000, -38.99999999999590017 ) ) ;
#3683 = CARTESIAN_POINT ( 'NONE',  ( -17.50000000000000000, 0.000000000000000000, 38.52765452970060522 ) ) ;
#3684 = CIRCLE ( 'NONE', #1346, 0.5000000000000004441 ) ;
#3685 = AXIS2_PLACEMENT_3D ( 'NONE', #4177, #762, #2484 ) ;
#3686 = ORIENTED_EDGE ( 'NONE', *, *, #510, .T. ) ;
#3687 = EDGE_LOOP ( 'NONE', ( #4629, #1692, #4151, #3945 ) ) ;
#3688 = DIRECTION ( 'NONE',  ( 0.000000000000000000, 0.000000000000000000, -1.000000000000000000 ) ) ;
#3689 = CIRCLE ( 'NONE', #4682, 1.275000000000001910 ) ;
#3690 = EDGE_LOOP ( 'NONE', ( #3926, #5022, #3898, #154 ) ) ;
#3691 = DIRECTION ( 'NONE',  ( 0.000000000000000000, 0.000000000000000000, -1.000000000000000000 ) ) ;
#3692 = FACE_OUTER_BOUND ( 'NONE', #4053, .T. ) ;
#3693 = VERTEX_POINT ( 'NONE', #2621 ) ;
#3694 = ORIENTED_EDGE ( 'NONE', *, *, #4416, .T. ) ;
#3695 = DIRECTION ( 'NONE',  ( 0.000000000000000000, 0.000000000000000000, -1.000000000000000000 ) ) ;
#3696 = ORIENTED_EDGE ( 'NONE', *, *, #877, .T. ) ;
#3697 = DIRECTION ( 'NONE',  ( 0.000000000000000000, 0.000000000000000000, 1.000000000000000000 ) ) ;
#3698 = ORIENTED_EDGE ( 'NONE', *, *, #1893, .T. ) ;
#3699 = CARTESIAN_POINT ( 'NONE',  ( -37.35000000000001563, 0.000000000000000000, 21.00000000000410694 ) ) ;
#3700 = AXIS2_PLACEMENT_3D ( 'NONE', #3175, #5314, #519 ) ;
#3701 = DIRECTION ( 'NONE',  ( 0.000000000000000000, 0.000000000000000000, 1.000000000000000000 ) ) ;
#3702 = AXIS2_PLACEMENT_3D ( 'NONE', #1506, #4078, #659 ) ;
#3703 = PLANE ( 'NONE',  #3147 ) ;
#3704 = CARTESIAN_POINT ( 'NONE',  ( 32.32499999999993889, 1.600000000000000089, -52.50000000000136424 ) ) ;
#3705 = ADVANCED_FACE ( 'NONE', ( #500 ), #2734, .F. ) ;
#3706 = CARTESIAN_POINT ( 'NONE',  ( -37.35000000000001563, 1.600000000000000089, 42.50000000000411404 ) ) ;
#3707 = LINE ( 'NONE', #1988, #381 ) ;
#3708 = CARTESIAN_POINT ( 'NONE',  ( -23.99999999998818012, 1.600000000000000089, -85.98338711122495681 ) ) ;
#3709 = ORIENTED_EDGE ( 'NONE', *, *, #2134, .T. ) ;
#3710 = AXIS2_PLACEMENT_3D ( 'NONE', #1775, #1802, #3600 ) ;
#3711 = LINE ( 'NONE', #5432, #3462 ) ;
#3712 = DIRECTION ( 'NONE',  ( 0.000000000000000000, 1.000000000000000000, -0.000000000000000000 ) ) ;
#3713 = ADVANCED_FACE ( 'NONE', ( #3941 ), #3127, .T. ) ;
#3714 = EDGE_CURVE ( 'NONE', #3760, #166, #5078, .T. ) ;
#3715 = ORIENTED_EDGE ( 'NONE', *, *, #3891, .F. ) ;
#3716 = VERTEX_POINT ( 'NONE', #5290 ) ;
#3717 = CARTESIAN_POINT ( 'NONE',  ( 87.12828116244050136, -8.400000000000000355, -10.52234547028042400 ) ) ;
#3718 = ORIENTED_EDGE ( 'NONE', *, *, #1791, .T. ) ;
#3719 = PLANE ( 'NONE',  #1100 ) ;
#3720 = DIRECTION ( 'NONE',  ( 0.000000000000000000, 0.000000000000000000, 1.000000000000000000 ) ) ;
#3721 = EDGE_CURVE ( 'NONE', #3365, #4851, #1293, .T. ) ;
#3722 = AXIS2_PLACEMENT_3D ( 'NONE', #2198, #2253, #43 ) ;
#3723 = ORIENTED_EDGE ( 'NONE', *, *, #2663, .F. ) ;
#3724 = VERTEX_POINT ( 'NONE', #3499 ) ;
#3725 = DIRECTION ( 'NONE',  ( 0.000000000000000000, 0.000000000000000000, -1.000000000000000000 ) ) ;
#3726 = ORIENTED_EDGE ( 'NONE', *, *, #4583, .T. ) ;
#3727 = DIRECTION ( 'NONE',  ( 0.000000000000000000, 1.000000000000000000, -0.000000000000000000 ) ) ;
#3728 = MECHANICAL_DESIGN_GEOMETRIC_PRESENTATION_REPRESENTATION (  '', ( #4813 ), #33 ) ;
#3729 = ORIENTED_EDGE ( 'NONE', *, *, #287, .T. ) ;
#3730 = CARTESIAN_POINT ( 'NONE',  ( -9.249999999999998224, 1.600000000000000089, -17.47499999999999787 ) ) ;
#3731 = FACE_OUTER_BOUND ( 'NONE', #2986, .T. ) ;
#3732 = VERTEX_POINT ( 'NONE', #526 ) ;
#3733 = LINE ( 'NONE', #745, #3333 ) ;
#3734 = DIRECTION ( 'NONE',  ( 0.000000000000000000, 0.000000000000000000, -1.000000000000000000 ) ) ;
#3735 = CARTESIAN_POINT ( 'NONE',  ( -27.75000000000000711, 1.600000000000000089, -17.47499999999999787 ) ) ;
#3736 = DIRECTION ( 'NONE',  ( 0.000000000000000000, 0.000000000000000000, -1.000000000000000000 ) ) ;
#3737 = UNCERTAINTY_MEASURE_WITH_UNIT (LENGTH_MEASURE( 1.000000000000000082E-05 ), #1681, 'distance_accuracy_value', 'NONE');
#3738 = ORIENTED_EDGE ( 'NONE', *, *, #3747, .T. ) ;
#3739 = LINE ( 'NONE', #4590, #2012 ) ;
#3740 = ADVANCED_FACE ( 'NONE', ( #5268 ), #3153, .F. ) ;
#3741 = CARTESIAN_POINT ( 'NONE',  ( 36.25000000000041211, 1.600000000000000089, -39.00000000000001421 ) ) ;
#3742 = VERTEX_POINT ( 'NONE', #5209 ) ;
#3743 = VERTEX_POINT ( 'NONE', #3578 ) ;
#3744 = DIRECTION ( 'NONE',  ( 0.000000000000000000, 1.000000000000000000, -0.000000000000000000 ) ) ;
#3745 = ORIENTED_EDGE ( 'NONE', *, *, #21, .F. ) ;
#3746 = DIRECTION ( 'NONE',  ( 0.000000000000000000, 1.000000000000000000, -0.000000000000000000 ) ) ;
#3747 = EDGE_CURVE ( 'NONE', #2286, #2348, #4824, .T. ) ;
#3748 = LINE ( 'NONE', #5442, #2248 ) ;
#3749 = EDGE_CURVE ( 'NONE', #529, #2824, #3074, .T. ) ;
#3750 = ORIENTED_EDGE ( 'NONE', *, *, #335, .T. ) ;
#3751 = ORIENTED_EDGE ( 'NONE', *, *, #2580, .F. ) ;
#3752 = CARTESIAN_POINT ( 'NONE',  ( -37.85000000000001563, 1.600000000000000089, 42.49999999999999289 ) ) ;
#3753 = VERTEX_POINT ( 'NONE', #472 ) ;
#3754 = LINE ( 'NONE', #5476, #5510 ) ;
#3755 = ADVANCED_FACE ( 'NONE', ( #928 ), #581, .F. ) ;
#3756 = EDGE_CURVE ( 'NONE', #5533, #5127, #4374, .T. ) ;
#3757 = VERTEX_POINT ( 'NONE', #4020 ) ;
#3758 = CARTESIAN_POINT ( 'NONE',  ( -41.25000000000000711, 1.600000000000000089, -28.31951377055105468 ) ) ;
#3759 = DIRECTION ( 'NONE',  ( 0.000000000000000000, -1.000000000000000000, 0.000000000000000000 ) ) ;
#3760 = VERTEX_POINT ( 'NONE', #5241 ) ;
#3761 = DIRECTION ( 'NONE',  ( -1.734723475976810546E-16, 0.000000000000000000, -1.000000000000000000 ) ) ;
#3762 =( NAMED_UNIT ( * ) SI_UNIT ( $, .STERADIAN. ) SOLID_ANGLE_UNIT ( ) );
#3763 = DIRECTION ( 'NONE',  ( 0.000000000000000000, 1.000000000000000000, 0.000000000000000000 ) ) ;
#3764 = DIRECTION ( 'NONE',  ( 0.000000000000000000, -1.000000000000000000, 0.000000000000000000 ) ) ;
#3765 = VECTOR ( 'NONE', #4560, 1000.000000000000000 ) ;
#3766 = DIRECTION ( 'NONE',  ( 0.000000000000000000, -1.000000000000000000, 0.000000000000000000 ) ) ;
#3767 = CARTESIAN_POINT ( 'NONE',  ( -35.74999999999959499, 0.000000000000000000, -47.00000000000000711 ) ) ;
#3768 = AXIS2_PLACEMENT_3D ( 'NONE', #4808, #967, #1816 ) ;
#3769 = VECTOR ( 'NONE', #2191, 1000.000000000000000 ) ;
#3770 = ORIENTED_EDGE ( 'NONE', *, *, #1859, .T. ) ;
#3771 = ORIENTED_EDGE ( 'NONE', *, *, #1751, .F. ) ;
#3772 = DIRECTION ( 'NONE',  ( 0.000000000000000000, 1.000000000000000000, 0.000000000000000000 ) ) ;
#3773 = EDGE_LOOP ( 'NONE', ( #4401, #1201, #2763, #4031 ) ) ;
#3774 = LINE ( 'NONE', #2483, #200 ) ;
#3775 = DIRECTION ( 'NONE',  ( 0.000000000000000000, 1.000000000000000000, 0.000000000000000000 ) ) ;
#3776 = VECTOR ( 'NONE', #1789, 1000.000000000000000 ) ;
#3777 = CIRCLE ( 'NONE', #3240, 0.5000000000000004441 ) ;
#3778 = ADVANCED_FACE ( 'NONE', ( #1406 ), #2677, .F. ) ;
#3779 = ORIENTED_EDGE ( 'NONE', *, *, #1501, .F. ) ;
#3780 = EDGE_LOOP ( 'NONE', ( #156, #3785, #196, #3156 ) ) ;
#3781 = DIRECTION ( 'NONE',  ( -0.000000000000000000, -1.000000000000000000, -0.000000000000000000 ) ) ;
#3782 = ORIENTED_EDGE ( 'NONE', *, *, #4203, .T. ) ;
#3783 = DIRECTION ( 'NONE',  ( 0.000000000000000000, 1.000000000000000000, -0.000000000000000000 ) ) ;
#3784 = EDGE_CURVE ( 'NONE', #507, #5495, #1880, .T. ) ;
#3785 = ORIENTED_EDGE ( 'NONE', *, *, #1653, .F. ) ;
#3786 = EDGE_CURVE ( 'NONE', #1009, #1946, #4081, .T. ) ;
#3787 = DIRECTION ( 'NONE',  ( -0.000000000000000000, 1.000000000000000000, -0.000000000000000000 ) ) ;
#3788 = PLANE ( 'NONE',  #4662 ) ;
#3789 = ORIENTED_EDGE ( 'NONE', *, *, #3455, .T. ) ;
#3790 = CARTESIAN_POINT ( 'NONE',  ( 35.75000000000167688, 1.600000000000000089, 42.49999999999999289 ) ) ;
#3791 = AXIS2_PLACEMENT_3D ( 'NONE', #4190, #1173, #5118 ) ;
#3792 = VECTOR ( 'NONE', #38, 1000.000000000000000 ) ;
#3793 = VECTOR ( 'NONE', #380, 1000.000000000000000 ) ;
#3794 = CARTESIAN_POINT ( 'NONE',  ( -37.85000000000001563, 1.600000000000000089, 42.49999999999999289 ) ) ;
#3795 = CARTESIAN_POINT ( 'NONE',  ( -169.9127529108800729, 0.000000000000000000, -198.4776535637624022 ) ) ;
#3796 = AXIS2_PLACEMENT_3D ( 'NONE', #1675, #907, #2573 ) ;
#3797 = CARTESIAN_POINT ( 'NONE',  ( 87.12828116244050136, 1.600000000000000089, -10.52234547028042400 ) ) ;
#3798 = CARTESIAN_POINT ( 'NONE',  ( 23.60000000000000142, 0.000000000000000000, -85.98338711122495681 ) ) ;
#3799 = CIRCLE ( 'NONE', #5239, 0.5000000000000004441 ) ;
#3800 = AXIS2_PLACEMENT_3D ( 'NONE', #1921, #3746, #4568 ) ;
#3801 = ORIENTED_EDGE ( 'NONE', *, *, #4227, .T. ) ;
#3802 = EDGE_LOOP ( 'NONE', ( #760, #4324, #1488, #4157 ) ) ;
#3803 = CARTESIAN_POINT ( 'NONE',  ( -32.32500000000000284, 0.000000000000000000, -54.04999999999874660 ) ) ;
#3804 = ORIENTED_EDGE ( 'NONE', *, *, #5472, .T. ) ;
#3805 = DIRECTION ( 'NONE',  ( 0.000000000000000000, -1.000000000000000000, 0.000000000000000000 ) ) ;
#3806 = DIRECTION ( 'NONE',  ( 0.000000000000000000, 0.000000000000000000, -1.000000000000000000 ) ) ;
#3807 = CIRCLE ( 'NONE', #3543, 0.5000000000000004441 ) ;
#3808 = ORIENTED_EDGE ( 'NONE', *, *, #124, .T. ) ;
#3809 = ORIENTED_EDGE ( 'NONE', *, *, #4861, .T. ) ;
#3810 = DIRECTION ( 'NONE',  ( 0.000000000000000000, -1.000000000000000000, 0.000000000000000000 ) ) ;
#3811 = ORIENTED_EDGE ( 'NONE', *, *, #3488, .T. ) ;
#3812 = LINE ( 'NONE', #4326, #4436 ) ;
#3813 = ADVANCED_FACE ( 'NONE', ( #3181 ), #3999, .F. ) ;
#3814 = VECTOR ( 'NONE', #980, 1000.000000000000000 ) ;
#3815 = ORIENTED_EDGE ( 'NONE', *, *, #930, .T. ) ;
#3816 = AXIS2_PLACEMENT_3D ( 'NONE', #3465, #1341, #3146 ) ;
#3817 = DIRECTION ( 'NONE',  ( 0.000000000000000000, -1.000000000000000000, 0.000000000000000000 ) ) ;
#3818 = AXIS2_PLACEMENT_3D ( 'NONE', #2707, #4376, #5210 ) ;
#3819 = ORIENTED_EDGE ( 'NONE', *, *, #3928, .T. ) ;
#3820 = DIRECTION ( 'NONE',  ( 0.000000000000000000, 1.000000000000000000, -0.000000000000000000 ) ) ;
#3821 = EDGE_CURVE ( 'NONE', #936, #2680, #1752, .T. ) ;
#3822 = AXIS2_PLACEMENT_3D ( 'NONE', #5461, #3712, #2870 ) ;
#3823 = CARTESIAN_POINT ( 'NONE',  ( -35.75000000000125056, 1.600000000000000089, 12.49999999999999645 ) ) ;
#3824 = CARTESIAN_POINT ( 'NONE',  ( -37.85000000000000142, 1.600000000000000089, 0.000000000000000000 ) ) ;
#3825 = CYLINDRICAL_SURFACE ( 'NONE', #1928, 246.5002818899938859 ) ;
#3826 = EDGE_CURVE ( 'NONE', #306, #5538, #3655, .T. ) ;
#3827 = EDGE_CURVE ( 'NONE', #362, #1301, #1485, .T. ) ;
#3828 = FACE_OUTER_BOUND ( 'NONE', #3394, .T. ) ;
#3829 = VERTEX_POINT ( 'NONE', #4534 ) ;
#3830 = VERTEX_POINT ( 'NONE', #2869 ) ;
#3831 = DIRECTION ( 'NONE',  ( -0.000000000000000000, 1.000000000000000000, -0.000000000000000000 ) ) ;
#3832 = ORIENTED_EDGE ( 'NONE', *, *, #857, .F. ) ;
#3833 = CARTESIAN_POINT ( 'NONE',  ( 36.25000000000041211, 0.000000000000000000, -47.50000000000000711 ) ) ;
#3834 = CARTESIAN_POINT ( 'NONE',  ( -37.85000000000000142, 0.000000000000000000, -69.50000000000000000 ) ) ;
#3835 = ORIENTED_EDGE ( 'NONE', *, *, #5232, .F. ) ;
#3836 = ORIENTED_EDGE ( 'NONE', *, *, #2922, .T. ) ;
#3837 = FACE_OUTER_BOUND ( 'NONE', #5378, .T. ) ;
#3838 = ORIENTED_EDGE ( 'NONE', *, *, #566, .F. ) ;
#3839 = CYLINDRICAL_SURFACE ( 'NONE', #4884, 0.5000000000000004441 ) ;
#3840 = ORIENTED_EDGE ( 'NONE', *, *, #4639, .F. ) ;
#3841 = LINE ( 'NONE', #312, #2319 ) ;
#3842 = CARTESIAN_POINT ( 'NONE',  ( -6.750000000000002665, 0.000000000000000000, -0.02500000000000657252 ) ) ;
#3843 = ORIENTED_EDGE ( 'NONE', *, *, #3488, .F. ) ;
#3844 = CYLINDRICAL_SURFACE ( 'NONE', #800, 11.45859644822850498 ) ;
#3845 = EDGE_CURVE ( 'NONE', #2490, #5586, #3739, .T. ) ;
#3846 = DIRECTION ( 'NONE',  ( -0.000000000000000000, 1.000000000000000000, -0.000000000000000000 ) ) ;
#3847 = CARTESIAN_POINT ( 'NONE',  ( 187.9553080934801983, 1.600000000000000089, -180.4350983811624474 ) ) ;
#3848 = DIRECTION ( 'NONE',  ( -0.000000000000000000, -1.000000000000000000, -0.000000000000000000 ) ) ;
#3849 = LINE ( 'NONE', #2586, #5506 ) ;
#3850 = CIRCLE ( 'NONE', #1785, 0.5000000000000004441 ) ;
#3851 = EDGE_CURVE ( 'NONE', #3296, #325, #4478, .T. ) ;
#3852 = EDGE_LOOP ( 'NONE', ( #3205, #471, #4806, #129 ) ) ;
#3853 = ORIENTED_EDGE ( 'NONE', *, *, #2175, .F. ) ;
#3854 = EDGE_CURVE ( 'NONE', #1301, #4245, #2812, .T. ) ;
#3855 = FACE_OUTER_BOUND ( 'NONE', #4548, .T. ) ;
#3856 = EDGE_LOOP ( 'NONE', ( #4378, #2195 ) ) ;
#3857 = DIRECTION ( 'NONE',  ( -0.000000000000000000, -1.000000000000000000, 0.000000000000000000 ) ) ;
#3858 = LINE ( 'NONE', #1219, #2112 ) ;
#3859 = AXIS2_PLACEMENT_3D ( 'NONE', #2605, #5143, #456 ) ;
#3860 = ORIENTED_EDGE ( 'NONE', *, *, #122, .T. ) ;
#3861 = ORIENTED_EDGE ( 'NONE', *, *, #1441, .T. ) ;
#3862 = AXIS2_PLACEMENT_3D ( 'NONE', #1853, #1318, #4394 ) ;
#3863 = ORIENTED_EDGE ( 'NONE', *, *, #5197, .F. ) ;
#3864 = ORIENTED_EDGE ( 'NONE', *, *, #5291, .T. ) ;
#3865 = AXIS2_PLACEMENT_3D ( 'NONE', #2102, #3820, #5196 ) ;
#3866 = CARTESIAN_POINT ( 'NONE',  ( -36.25000000000167688, 1.600000000000000089, 42.50000000000412825 ) ) ;
#3867 = PRODUCT_DEFINITION_SHAPE ( 'NONE', 'NONE',  #2654 ) ;
#3868 = AXIS2_PLACEMENT_3D ( 'NONE', #5119, #5569, #5148 ) ;
#3869 = ORIENTED_EDGE ( 'NONE', *, *, #143, .T. ) ;
#3870 = LINE ( 'NONE', #1134, #2052 ) ;
#3871 = VECTOR ( 'NONE', #680, 1000.000000000000000 ) ;
#3872 = CARTESIAN_POINT ( 'NONE',  ( 0.000000000000000000, 0.000000000000000000, -88.48338711122495681 ) ) ;
#3873 = ORIENTED_EDGE ( 'NONE', *, *, #3409, .T. ) ;
#3874 = CARTESIAN_POINT ( 'NONE',  ( 37.85000000000000853, 0.000000000000000000, -47.50000000000000000 ) ) ;
#3875 = CARTESIAN_POINT ( 'NONE',  ( 17.50000000000000000, 1.600000000000000089, 35.42765452970053985 ) ) ;
#3876 = CARTESIAN_POINT ( 'NONE',  ( 9.141992718397773388E-13, -8.400000000000000355, -37.21843162440529795 ) ) ;
#3877 = LINE ( 'NONE', #492, #1733 ) ;
#3878 = LINE ( 'NONE', #1209, #844 ) ;
#3879 = CARTESIAN_POINT ( 'NONE',  ( 35.75000000000000000, 1.600000000000000089, -69.50000000000000000 ) ) ;
#3880 = ADVANCED_FACE ( 'NONE', ( #3206 ), #2841, .F. ) ;
#3881 = ORIENTED_EDGE ( 'NONE', *, *, #4121, .T. ) ;
#3882 = ORIENTED_EDGE ( 'NONE', *, *, #649, .T. ) ;
#3883 = EDGE_LOOP ( 'NONE', ( #1843, #1324, #5564, #937 ) ) ;
#3884 = DIRECTION ( 'NONE',  ( 0.000000000000000000, 0.000000000000000000, -1.000000000000000000 ) ) ;
#3885 = VECTOR ( 'NONE', #4582, 1000.000000000000000 ) ;
#3886 = VECTOR ( 'NONE', #3352, 1000.000000000000000 ) ;
#3887 = VERTEX_POINT ( 'NONE', #1570 ) ;
#3888 = DIRECTION ( 'NONE',  ( 0.000000000000000000, -1.000000000000000000, 0.000000000000000000 ) ) ;
#3889 = CARTESIAN_POINT ( 'NONE',  ( -19.17894705065967997, 1.600000000000000755, 19.29783693159140867 ) ) ;
#3890 = ADVANCED_FACE ( 'NONE', ( #1147 ), #721, .F. ) ;
#3891 = EDGE_CURVE ( 'NONE', #2620, #673, #662, .T. ) ;
#3892 = AXIS2_PLACEMENT_3D ( 'NONE', #4487, #3977, #4804 ) ;
#3893 = EDGE_CURVE ( 'NONE', #3023, #4634, #3549, .T. ) ;
#3894 = VERTEX_POINT ( 'NONE', #1913 ) ;
#3895 = EDGE_LOOP ( 'NONE', ( #392, #1265, #1185, #666 ) ) ;
#3896 = CARTESIAN_POINT ( 'NONE',  ( -35.74999999999959499, 1.600000000000000089, -39.50000000000001421 ) ) ;
#3897 = VERTEX_POINT ( 'NONE', #3682 ) ;
#3898 = ORIENTED_EDGE ( 'NONE', *, *, #5473, .F. ) ;
#3899 = CARTESIAN_POINT ( 'NONE',  ( 37.85000000000001563, 1.600000000000000089, 12.49999999999999645 ) ) ;
#3900 = EDGE_CURVE ( 'NONE', #66, #1809, #3711, .T. ) ;
#3901 = ADVANCED_FACE ( 'NONE', ( #4168 ), #292, .F. ) ;
#3902 = ORIENTED_EDGE ( 'NONE', *, *, #2729, .F. ) ;
#3903 = DIRECTION ( 'NONE',  ( 0.000000000000000000, -1.000000000000000000, 0.000000000000000000 ) ) ;
#3904 = DIRECTION ( 'NONE',  ( 0.000000000000000000, 1.000000000000000000, -0.000000000000000000 ) ) ;
#3905 = PRODUCT_CONTEXT ( 'NONE', #2557, 'mechanical' ) ;
#3906 = VECTOR ( 'NONE', #3265, 1000.000000000000000 ) ;
#3907 = CARTESIAN_POINT ( 'NONE',  ( -23.99999999998818367, 1.600000000000000089, -67.73338711122495681 ) ) ;
#3908 = DIRECTION ( 'NONE',  ( -0.000000000000000000, -1.000000000000000000, -0.000000000000000000 ) ) ;
#3909 = FACE_OUTER_BOUND ( 'NONE', #5504, .T. ) ;
#3910 = LINE ( 'NONE', #64, #1087 ) ;
#3911 = VECTOR ( 'NONE', #4507, 1000.000000000000000 ) ;
#3912 = ORIENTED_EDGE ( 'NONE', *, *, #3994, .F. ) ;
#3913 = DIRECTION ( 'NONE',  ( -1.000000000000000000, 0.000000000000000000, 0.000000000000000000 ) ) ;
#3914 = DIRECTION ( 'NONE',  ( 0.000000000000000000, 0.000000000000000000, 1.000000000000000000 ) ) ;
#3915 = EDGE_CURVE ( 'NONE', #384, #1666, #1596, .T. ) ;
#3916 = ORIENTED_EDGE ( 'NONE', *, *, #320, .T. ) ;
#3917 = DIRECTION ( 'NONE',  ( 1.734723475976810546E-16, 0.000000000000000000, 1.000000000000000000 ) ) ;
#3918 = LINE ( 'NONE', #22, #1842 ) ;
#3919 = VERTEX_POINT ( 'NONE', #2389 ) ;
#3920 = EDGE_LOOP ( 'NONE', ( #4197, #2394, #1632, #1787 ) ) ;
#3921 = CARTESIAN_POINT ( 'NONE',  ( -24.57499999999999929, 0.000000000000000000, 20.55000000000000071 ) ) ;
#3922 = EDGE_CURVE ( 'NONE', #779, #1328, #4178, .T. ) ;
#3923 = ORIENTED_EDGE ( 'NONE', *, *, #303, .T. ) ;
#3924 = ORIENTED_EDGE ( 'NONE', *, *, #2584, .F. ) ;
#3925 = CARTESIAN_POINT ( 'NONE',  ( 37.85000000000000142, 0.000000000000000000, -69.00000000000000000 ) ) ;
#3926 = ORIENTED_EDGE ( 'NONE', *, *, #193, .F. ) ;
#3927 = EDGE_CURVE ( 'NONE', #5189, #3437, #1941, .T. ) ;
#3928 = EDGE_CURVE ( 'NONE', #4165, #3743, #4983, .T. ) ;
#3929 = DIRECTION ( 'NONE',  ( -1.000000000000000000, 0.000000000000000000, 0.000000000000000000 ) ) ;
#3930 = CARTESIAN_POINT ( 'NONE',  ( 78.84239994013702812, 1.600000000000000089, -10.52234547029152090 ) ) ;
#3931 = DIRECTION ( 'NONE',  ( -0.000000000000000000, 1.000000000000000000, -0.000000000000000000 ) ) ;
#3932 = CARTESIAN_POINT ( 'NONE',  ( -30.25000000000000355, 1.600000000000000089, -20.02500000000000213 ) ) ;
#3933 = CARTESIAN_POINT ( 'NONE',  ( 37.85000000000000142, 0.000000000000000000, -69.50000000000000000 ) ) ;
#3934 = CARTESIAN_POINT ( 'NONE',  ( 35.75000000000000000, 1.600000000000000089, -69.00000000000000000 ) ) ;
#3935 = LINE ( 'NONE', #1424, #1992 ) ;
#3936 = ORIENTED_EDGE ( 'NONE', *, *, #1065, .F. ) ;
#3937 = DIRECTION ( 'NONE',  ( -0.000000000000000000, -1.000000000000000000, -0.000000000000000000 ) ) ;
#3938 = DIRECTION ( 'NONE',  ( 0.000000000000000000, 0.000000000000000000, -1.000000000000000000 ) ) ;
#3939 = ORIENTED_EDGE ( 'NONE', *, *, #4243, .T. ) ;
#3940 = AXIS2_PLACEMENT_3D ( 'NONE', #1788, #3458, #85 ) ;
#3941 = FACE_OUTER_BOUND ( 'NONE', #3327, .T. ) ;
#3942 = SURFACE_SIDE_STYLE ('',( #4825 ) ) ;
#3943 = VECTOR ( 'NONE', #2769, 1000.000000000000000 ) ;
#3944 = VERTEX_POINT ( 'NONE', #5353 ) ;
#3945 = ORIENTED_EDGE ( 'NONE', *, *, #2675, .T. ) ;
#3946 = DIRECTION ( 'NONE',  ( 0.000000000000000000, 0.000000000000000000, -1.000000000000000000 ) ) ;
#3947 = EDGE_LOOP ( 'NONE', ( #5182, #4089, #1855, #2308 ) ) ;
#3948 = ORIENTED_EDGE ( 'NONE', *, *, #4950, .F. ) ;
#3949 = CARTESIAN_POINT ( 'NONE',  ( -6.750000000000002665, 1.600000000000000089, -17.47499999999999787 ) ) ;
#3950 = CIRCLE ( 'NONE', #5389, 41.59239993997257301 ) ;
#3951 = ADVANCED_FACE ( 'NONE', ( #1121 ), #751, .T. ) ;
#3952 = VECTOR ( 'NONE', #4635, 1000.000000000000000 ) ;
#3953 = ORIENTED_EDGE ( 'NONE', *, *, #3304, .T. ) ;
#3954 = CIRCLE ( 'NONE', #2972, 0.5000000000000004441 ) ;
#3955 = LINE ( 'NONE', #3088, #1058 ) ;
#3956 = CARTESIAN_POINT ( 'NONE',  ( 35.75000000000125056, 0.000000000000000000, 12.49999999999999645 ) ) ;
#3957 = DIRECTION ( 'NONE',  ( 0.000000000000000000, 0.000000000000000000, 1.000000000000000000 ) ) ;
#3958 = AXIS2_PLACEMENT_3D ( 'NONE', #4951, #288, #3676 ) ;
#3959 = AXIS2_PLACEMENT_3D ( 'NONE', #3243, #3301, #4145 ) ;
#3960 = EDGE_CURVE ( 'NONE', #5356, #3944, #319, .T. ) ;
#3961 = ADVANCED_FACE ( 'NONE', ( #2109 ), #2475, .F. ) ;
#3962 = VECTOR ( 'NONE', #2295, 1000.000000000000000 ) ;
#3963 = DIRECTION ( 'NONE',  ( 0.000000000000000000, 0.000000000000000000, -1.000000000000000000 ) ) ;
#3964 = DIRECTION ( 'NONE',  ( 0.000000000000000000, 0.000000000000000000, -1.000000000000000000 ) ) ;
#3965 = FACE_OUTER_BOUND ( 'NONE', #3040, .T. ) ;
#3966 = CARTESIAN_POINT ( 'NONE',  ( -35.75000000000000000, 1.600000000000000089, -69.50000000000000000 ) ) ;
#3967 = CYLINDRICAL_SURFACE ( 'NONE', #1706, 0.5000000000000004441 ) ;
#3968 = DIRECTION ( 'NONE',  ( 0.000000000000000000, 0.000000000000000000, 1.000000000000000000 ) ) ;
#3969 = VERTEX_POINT ( 'NONE', #4700 ) ;
#3970 = CARTESIAN_POINT ( 'NONE',  ( 7.650000000000000355, 1.600000000000000089, -60.77234500001782180 ) ) ;
#3971 = VECTOR ( 'NONE', #4014, 1000.000000000000000 ) ;
#3972 = ORIENTED_EDGE ( 'NONE', *, *, #192, .T. ) ;
#3973 = ORIENTED_EDGE ( 'NONE', *, *, #3169, .T. ) ;
#3974 = DIRECTION ( 'NONE',  ( 1.000000000000000000, -0.000000000000000000, 0.000000000000000000 ) ) ;
#3975 = ORIENTED_EDGE ( 'NONE', *, *, #3341, .F. ) ;
#3976 = ORIENTED_EDGE ( 'NONE', *, *, #4483, .F. ) ;
#3977 = DIRECTION ( 'NONE',  ( 0.000000000000000000, -1.000000000000000000, 0.000000000000000000 ) ) ;
#3978 = CIRCLE ( 'NONE', #2901, 0.5000000000000004441 ) ;
#3979 = AXIS2_PLACEMENT_3D ( 'NONE', #904, #2626, #184 ) ;
#3980 = ORIENTED_EDGE ( 'NONE', *, *, #2894, .T. ) ;
#3981 = AXIS2_PLACEMENT_3D ( 'NONE', #1041, #1840, #962 ) ;
#3982 = CARTESIAN_POINT ( 'NONE',  ( 0.000000000000000000, 1.600000000000000089, -60.77234500001782180 ) ) ;
#3983 = VECTOR ( 'NONE', #3831, 1000.000000000000000 ) ;
#3984 = EDGE_CURVE ( 'NONE', #4425, #2773, #3878, .T. ) ;
#3985 = LINE ( 'NONE', #2292, #5211 ) ;
#3986 = DIRECTION ( 'NONE',  ( 0.000000000000000000, -1.000000000000000000, 0.000000000000000000 ) ) ;
#3987 = CARTESIAN_POINT ( 'NONE',  ( -36.25000000000167688, 0.000000000000000000, 42.50000000000412825 ) ) ;
#3988 = FACE_OUTER_BOUND ( 'NONE', #3131, .T. ) ;
#3989 = ADVANCED_FACE ( 'NONE', ( #2902 ), #407, .F. ) ;
#3990 = DIRECTION ( 'NONE',  ( 0.000000000000000000, 1.000000000000000000, -0.000000000000000000 ) ) ;
#3991 = DIRECTION ( 'NONE',  ( 0.000000000000000000, 0.000000000000000000, -1.000000000000000000 ) ) ;
#3992 = DIRECTION ( 'NONE',  ( 0.000000000000000000, -1.000000000000000000, 0.000000000000000000 ) ) ;
#3993 = CARTESIAN_POINT ( 'NONE',  ( 15.40000000000000036, 0.000000000000000000, -60.77234500001782180 ) ) ;
#3994 = EDGE_CURVE ( 'NONE', #852, #3894, #2648, .T. ) ;
#3995 = AXIS2_PLACEMENT_3D ( 'NONE', #5491, #3011, #1180 ) ;
#3996 = EDGE_CURVE ( 'NONE', #2416, #2145, #4721, .T. ) ;
#3997 = VERTEX_POINT ( 'NONE', #776 ) ;
#3998 = AXIS2_PLACEMENT_3D ( 'NONE', #5159, #1296, #3019 ) ;
#3999 = CYLINDRICAL_SURFACE ( 'NONE', #1386, 1.275000000000001910 ) ;
#4000 = AXIS2_PLACEMENT_3D ( 'NONE', #2786, #632, #4536 ) ;
#4001 = ORIENTED_EDGE ( 'NONE', *, *, #1823, .T. ) ;
#4002 = VERTEX_POINT ( 'NONE', #11 ) ;
#4003 = CARTESIAN_POINT ( 'NONE',  ( 0.000000000000000000, 1.600000000000000089, -88.48338711122495681 ) ) ;
#4004 = ORIENTED_EDGE ( 'NONE', *, *, #5584, .F. ) ;
#4005 = EDGE_LOOP ( 'NONE', ( #3030, #5251, #521, #452, #5029, #2570, #3665, #797, #1757, #5440 ) ) ;
#4006 = CARTESIAN_POINT ( 'NONE',  ( 37.85000000000000853, 1.600000000000000089, -47.50000000000000000 ) ) ;
#4007 = ORIENTED_EDGE ( 'NONE', *, *, #1440, .F. ) ;
#4008 = LINE ( 'NONE', #4520, #4123 ) ;
#4009 = CARTESIAN_POINT ( 'NONE',  ( -6.750000000000002665, 1.600000000000000089, -17.47499999999999787 ) ) ;
#4010 = DIRECTION ( 'NONE',  ( 0.000000000000000000, 0.000000000000000000, 1.000000000000000000 ) ) ;
#4011 = DIRECTION ( 'NONE',  ( 0.000000000000000000, 1.000000000000000000, 0.000000000000000000 ) ) ;
#4012 = CYLINDRICAL_SURFACE ( 'NONE', #2536, 22.96473704765647383 ) ;
#4013 = CARTESIAN_POINT ( 'NONE',  ( 24.57499999999999929, 1.600000000000000089, -40.55000000000000426 ) ) ;
#4014 = DIRECTION ( 'NONE',  ( 1.000000000000000000, 0.000000000000000000, 1.321694076933929864E-14 ) ) ;
#4015 = ADVANCED_FACE ( 'NONE', ( #3354 ), #4731, .F. ) ;
#4016 = LINE ( 'NONE', #1403, #3233 ) ;
#4017 = DIRECTION ( 'NONE',  ( 0.000000000000000000, 1.000000000000000000, 0.000000000000000000 ) ) ;
#4018 = FACE_OUTER_BOUND ( 'NONE', #4122, .T. ) ;
#4019 = ORIENTED_EDGE ( 'NONE', *, *, #4264, .F. ) ;
#4020 = CARTESIAN_POINT ( 'NONE',  ( 35.75000000000167688, 1.600000000000000089, 50.49999999999998579 ) ) ;
#4021 = DIRECTION ( 'NONE',  ( 0.000000000000000000, 1.000000000000000000, 0.000000000000000000 ) ) ;
#4022 = EDGE_CURVE ( 'NONE', #499, #2649, #4305, .T. ) ;
#4023 = ADVANCED_FACE ( 'NONE', ( #1712 ), #3825, .F. ) ;
#4024 = ORIENTED_EDGE ( 'NONE', *, *, #2643, .T. ) ;
#4025 = ORIENTED_EDGE ( 'NONE', *, *, #3784, .T. ) ;
#4026 = DIRECTION ( 'NONE',  ( 0.000000000000000000, 0.000000000000000000, -1.000000000000000000 ) ) ;
#4027 = CIRCLE ( 'NONE', #2048, 1.275000000000001910 ) ;
#4028 = EDGE_LOOP ( 'NONE', ( #1980, #2664, #3386, #3421 ) ) ;
#4029 = EDGE_LOOP ( 'NONE', ( #4238, #3211, #2380, #5153 ) ) ;
#4030 = DIRECTION ( 'NONE',  ( 1.000000000000000000, -0.000000000000000000, 0.000000000000000000 ) ) ;
#4031 = ORIENTED_EDGE ( 'NONE', *, *, #5002, .T. ) ;
#4032 = DIRECTION ( 'NONE',  ( 0.000000000000000000, 0.000000000000000000, 1.000000000000000000 ) ) ;
#4033 = ORIENTED_EDGE ( 'NONE', *, *, #4861, .F. ) ;
#4034 = VECTOR ( 'NONE', #4953, 1000.000000000000000 ) ;
#4035 = CARTESIAN_POINT ( 'NONE',  ( 35.75000000000167688, 0.000000000000000000, 50.49999999999998579 ) ) ;
#4036 = AXIS2_PLACEMENT_3D ( 'NONE', #765, #1611, #5558 ) ;
#4037 = VERTEX_POINT ( 'NONE', #2933 ) ;
#4038 = LINE ( 'NONE', #2382, #1261 ) ;
#4039 = CYLINDRICAL_SURFACE ( 'NONE', #329, 0.5000000000000004441 ) ;
#4040 = CIRCLE ( 'NONE', #988, 1.550000000000002709 ) ;
#4041 = CARTESIAN_POINT ( 'NONE',  ( 0.000000000000000000, 1.600000000000000089, 0.000000000000000000 ) ) ;
#4042 = AXIS2_PLACEMENT_3D ( 'NONE', #2496, #402, #5514 ) ;
#4043 = CARTESIAN_POINT ( 'NONE',  ( -37.85000000000001563, 1.600000000000000089, 50.99999999999999289 ) ) ;
#4044 = CIRCLE ( 'NONE', #2428, 0.5000000000000004441 ) ;
#4045 = CARTESIAN_POINT ( 'NONE',  ( 9.141992718397773388E-13, 0.000000000000000000, -97.65062663272092891 ) ) ;
#4046 = PLANE ( 'NONE',  #1994 ) ;
#4047 = CARTESIAN_POINT ( 'NONE',  ( 36.25000000000167688, 0.000000000000000000, 50.99999999999999289 ) ) ;
#4048 = ORIENTED_EDGE ( 'NONE', *, *, #4448, .T. ) ;
#4049 = DIRECTION ( 'NONE',  ( 0.000000000000000000, 0.000000000000000000, -1.000000000000000000 ) ) ;
#4050 = ADVANCED_FACE ( 'NONE', ( #2500 ), #4220, .F. ) ;
#4051 = DIRECTION ( 'NONE',  ( 0.000000000000000000, -1.000000000000000000, 0.000000000000000000 ) ) ;
#4052 = EDGE_LOOP ( 'NONE', ( #1067, #1433, #4490, #3980 ) ) ;
#4053 = EDGE_LOOP ( 'NONE', ( #4561, #2229, #2170, #961 ) ) ;
#4054 = DIRECTION ( 'NONE',  ( 0.000000000000000000, 0.000000000000000000, 1.000000000000000000 ) ) ;
#4055 = VERTEX_POINT ( 'NONE', #351 ) ;
#4056 = LINE ( 'NONE', #188, #2093 ) ;
#4057 = EDGE_CURVE ( 'NONE', #1612, #3408, #3372, .T. ) ;
#4058 = EDGE_CURVE ( 'NONE', #3566, #4241, #4989, .T. ) ;
#4059 = EDGE_CURVE ( 'NONE', #3887, #5023, #3103, .T. ) ;
#4060 = VECTOR ( 'NONE', #4815, 1000.000000000000000 ) ;
#4061 = ORIENTED_EDGE ( 'NONE', *, *, #3033, .F. ) ;
#4062 = DIRECTION ( 'NONE',  ( -1.000000000000000000, 0.000000000000000000, -1.321694076933667804E-14 ) ) ;
#4063 = AXIS2_PLACEMENT_3D ( 'NONE', #280, #2854, #2402 ) ;
#4064 = ORIENTED_EDGE ( 'NONE', *, *, #5021, .T. ) ;
#4065 = CARTESIAN_POINT ( 'NONE',  ( -37.84999999999998721, 1.600000000000000089, 43.00000000000000000 ) ) ;
#4066 = EDGE_CURVE ( 'NONE', #454, #2620, #1259, .T. ) ;
#4067 = EDGE_CURVE ( 'NONE', #325, #1926, #1685, .T. ) ;
#4068 = AXIS2_PLACEMENT_3D ( 'NONE', #610, #2340, #4054 ) ;
#4069 = AXIS2_PLACEMENT_3D ( 'NONE', #2912, #640, #5467 ) ;
#4070 = VERTEX_POINT ( 'NONE', #4755 ) ;
#4071 = AXIS2_PLACEMENT_3D ( 'NONE', #1015, #4909, #4484 ) ;
#4072 = LINE ( 'NONE', #1048, #5400 ) ;
#4073 = CARTESIAN_POINT ( 'NONE',  ( 37.35000000000000853, 1.600000000000000089, -47.50000000000000000 ) ) ;
#4074 = FACE_BOUND ( 'NONE', #2155, .T. ) ;
#4075 = DIRECTION ( 'NONE',  ( 0.000000000000000000, 0.000000000000000000, -1.000000000000000000 ) ) ;
#4076 = AXIS2_PLACEMENT_3D ( 'NONE', #3496, #4474, #552 ) ;
#4077 = DIRECTION ( 'NONE',  ( 1.000000000000000000, 0.000000000000000000, 3.304235192337412123E-15 ) ) ;
#4078 = DIRECTION ( 'NONE',  ( 0.000000000000000000, 1.000000000000000000, -0.000000000000000000 ) ) ;
#4079 = FACE_BOUND ( 'NONE', #4823, .T. ) ;
#4080 = DIRECTION ( 'NONE',  ( -0.000000000000000000, -1.000000000000000000, -0.000000000000000000 ) ) ;
#4081 = CIRCLE ( 'NONE', #3008, 0.5000000000000004441 ) ;
#4082 = DIRECTION ( 'NONE',  ( 0.000000000000000000, 0.000000000000000000, 1.000000000000000000 ) ) ;
#4083 = ADVANCED_FACE ( 'NONE', ( #37 ), #3096, .F. ) ;
#4084 = ORIENTED_EDGE ( 'NONE', *, *, #4278, .F. ) ;
#4085 = ORIENTED_EDGE ( 'NONE', *, *, #3679, .F. ) ;
#4086 = VECTOR ( 'NONE', #5548, 1000.000000000000000 ) ;
#4087 = DIRECTION ( 'NONE',  ( 0.000000000000000000, 0.000000000000000000, -1.000000000000000000 ) ) ;
#4088 = VECTOR ( 'NONE', #4796, 1000.000000000000000 ) ;
#4089 = ORIENTED_EDGE ( 'NONE', *, *, #4417, .F. ) ;
#4090 = CARTESIAN_POINT ( 'NONE',  ( 34.36956032934473626, 0.000000000000000000, 54.99999999998543387 ) ) ;
#4091 = CIRCLE ( 'NONE', #4818, 0.5000000000000004441 ) ;
#4092 = ORIENTED_EDGE ( 'NONE', *, *, #1986, .F. ) ;
#4093 = EDGE_LOOP ( 'NONE', ( #707, #1498, #3976, #3696 ) ) ;
#4094 = DIRECTION ( 'NONE',  ( -0.000000000000000000, 1.000000000000000000, -0.000000000000000000 ) ) ;
#4095 = VERTEX_POINT ( 'NONE', #4367 ) ;
#4096 = DIRECTION ( 'NONE',  ( 1.261617073438012032E-16, 0.000000000000000000, -1.000000000000000000 ) ) ;
#4097 = ADVANCED_FACE ( 'NONE', ( #1771 ), #2612, .F. ) ;
#4098 = ORIENTED_EDGE ( 'NONE', *, *, #3162, .F. ) ;
#4099 = EDGE_CURVE ( 'NONE', #4634, #3023, #3554, .T. ) ;
#4100 = CARTESIAN_POINT ( 'NONE',  ( 26.10000000000000142, 1.600000000000000089, -85.98338711122495681 ) ) ;
#4101 = DIRECTION ( 'NONE',  ( 1.000000000000000000, -0.000000000000000000, -1.734723475976810299E-16 ) ) ;
#4102 = FACE_BOUND ( 'NONE', #2687, .T. ) ;
#4103 = CYLINDRICAL_SURFACE ( 'NONE', #5146, 0.5000000000000004441 ) ;
#4104 = LINE ( 'NONE', #1450, #1709 ) ;
#4105 = DIRECTION ( 'NONE',  ( -0.000000000000000000, 1.000000000000000000, -0.000000000000000000 ) ) ;
#4106 = FACE_BOUND ( 'NONE', #3412, .T. ) ;
#4107 = DIRECTION ( 'NONE',  ( 3.304235192337412123E-15, 0.000000000000000000, -1.000000000000000000 ) ) ;
#4108 = CARTESIAN_POINT ( 'NONE',  ( -6.750000000000002665, 0.000000000000000000, 2.525000000000003020 ) ) ;
#4109 = ORIENTED_EDGE ( 'NONE', *, *, #3544, .F. ) ;
#4110 = EDGE_LOOP ( 'NONE', ( #5193, #2764, #3939, #1334 ) ) ;
#4111 = DIRECTION ( 'NONE',  ( 1.000000000000000000, -0.000000000000000000, 0.000000000000000000 ) ) ;
#4112 = ORIENTED_EDGE ( 'NONE', *, *, #5073, .T. ) ;
#4113 = DIRECTION ( 'NONE',  ( 0.000000000000000000, 0.000000000000000000, -1.000000000000000000 ) ) ;
#4114 = DIRECTION ( 'NONE',  ( 0.000000000000000000, 1.000000000000000000, 0.000000000000000000 ) ) ;
#4115 = ORIENTED_EDGE ( 'NONE', *, *, #1607, .F. ) ;
#4116 = VERTEX_POINT ( 'NONE', #1315 ) ;
#4117 = LINE ( 'NONE', #5361, #2150 ) ;
#4118 = EDGE_LOOP ( 'NONE', ( #1437, #2916, #2578, #4453 ) ) ;
#4119 = CARTESIAN_POINT ( 'NONE',  ( 32.32499999999993889, 0.000000000000000000, 35.00000000000000000 ) ) ;
#4120 = AXIS2_PLACEMENT_3D ( 'NONE', #1904, #1476, #3197 ) ;
#4121 = EDGE_CURVE ( 'NONE', #246, #529, #656, .T. ) ;
#4122 = EDGE_LOOP ( 'NONE', ( #5528, #298, #1700, #5408 ) ) ;
#4123 = VECTOR ( 'NONE', #3279, 1000.000000000000000 ) ;
#4124 = DIRECTION ( 'NONE',  ( 0.000000000000000000, 0.000000000000000000, 1.000000000000000000 ) ) ;
#4125 = DIRECTION ( 'NONE',  ( -1.000000000000000000, 0.000000000000000000, -0.000000000000000000 ) ) ;
#4126 = FACE_OUTER_BOUND ( 'NONE', #3773, .T. ) ;
#4127 = ADVANCED_FACE ( 'NONE', ( #4842 ), #2697, .F. ) ;
#4128 = EDGE_CURVE ( 'NONE', #3566, #5553, #1850, .T. ) ;
#4129 = CYLINDRICAL_SURFACE ( 'NONE', #273, 1.550000000000016698 ) ;
#4130 = VECTOR ( 'NONE', #1716, 1000.000000000000000 ) ;
#4131 = CARTESIAN_POINT ( 'NONE',  ( -37.35000000000001563, 1.600000000000000089, 12.50000000000411227 ) ) ;
#4132 = CARTESIAN_POINT ( 'NONE',  ( 35.75000000000041211, 1.600000000000000089, -48.00000000000000711 ) ) ;
#4133 = CIRCLE ( 'NONE', #1708, 0.5000000000000004441 ) ;
#4134 = FACE_BOUND ( 'NONE', #2507, .T. ) ;
#4135 = VERTEX_POINT ( 'NONE', #2297 ) ;
#4136 = DIRECTION ( 'NONE',  ( 0.000000000000000000, 1.000000000000000000, -0.000000000000000000 ) ) ;
#4137 = CARTESIAN_POINT ( 'NONE',  ( -36.25000000000000000, 1.600000000000000089, -77.49999999999666045 ) ) ;
#4138 = CIRCLE ( 'NONE', #4771, 60.43219500831563096 ) ;
#4139 = ORIENTED_EDGE ( 'NONE', *, *, #1585, .T. ) ;
#4140 = ORIENTED_EDGE ( 'NONE', *, *, #4745, .F. ) ;
#4141 = LINE ( 'NONE', #2817, #4160 ) ;
#4142 = VECTOR ( 'NONE', #4077, 1000.000000000000000 ) ;
#4143 = ORIENTED_EDGE ( 'NONE', *, *, #1101, .F. ) ;
#4144 = LINE ( 'NONE', #2029, #377 ) ;
#4145 = DIRECTION ( 'NONE',  ( 0.000000000000000000, 0.000000000000000000, 1.000000000000000000 ) ) ;
#4146 = ORIENTED_EDGE ( 'NONE', *, *, #2209, .F. ) ;
#4147 = VERTEX_POINT ( 'NONE', #4013 ) ;
#4148 = CIRCLE ( 'NONE', #2173, 0.5000000000000004441 ) ;
#4149 = PLANE ( 'NONE',  #2152 ) ;
#4150 = LINE ( 'NONE', #676, #1188 ) ;
#4151 = ORIENTED_EDGE ( 'NONE', *, *, #544, .F. ) ;
#4152 = EDGE_CURVE ( 'NONE', #811, #4851, #5284, .T. ) ;
#4153 = CARTESIAN_POINT ( 'NONE',  ( -37.84999999999998721, 0.000000000000000000, 12.99999999999999645 ) ) ;
#4154 = AXIS2_PLACEMENT_3D ( 'NONE', #3704, #2442, #3734 ) ;
#4155 = DIRECTION ( 'NONE',  ( -0.000000000000000000, -1.000000000000000000, -0.000000000000000000 ) ) ;
#4156 = VECTOR ( 'NONE', #4730, 1000.000000000000000 ) ;
#4157 = ORIENTED_EDGE ( 'NONE', *, *, #263, .T. ) ;
#4158 = CARTESIAN_POINT ( 'NONE',  ( -37.85000000000000142, 1.600000000000000089, -69.00000000000000000 ) ) ;
#4159 = LINE ( 'NONE', #2862, #3440 ) ;
#4160 = VECTOR ( 'NONE', #4960, 1000.000000000000000 ) ;
#4161 = EDGE_CURVE ( 'NONE', #5525, #3195, #5178, .T. ) ;
#4162 = FACE_OUTER_BOUND ( 'NONE', #1278, .T. ) ;
#4163 = CARTESIAN_POINT ( 'NONE',  ( -35.75000000000000000, 0.000000000000000000, -77.50000000000000000 ) ) ;
#4164 = PLANE ( 'NONE',  #3143 ) ;
#4165 = VERTEX_POINT ( 'NONE', #493 ) ;
#4166 = EDGE_CURVE ( 'NONE', #5248, #276, #4869, .T. ) ;
#4167 = VECTOR ( 'NONE', #3526, 1000.000000000000000 ) ;
#4168 = FACE_OUTER_BOUND ( 'NONE', #1076, .T. ) ;
#4169 = DIRECTION ( 'NONE',  ( 1.000000000000000000, 0.000000000000000000, 0.000000000000000000 ) ) ;
#4170 = ADVANCED_FACE ( 'NONE', ( #3909 ), #2641, .F. ) ;
#4171 = ORIENTED_EDGE ( 'NONE', *, *, #1472, .F. ) ;
#4172 = ORIENTED_EDGE ( 'NONE', *, *, #4644, .F. ) ;
#4173 = ADVANCED_FACE ( 'NONE', ( #3520 ), #4816, .F. ) ;
#4174 = PLANE ( 'NONE',  #3176 ) ;
#4175 = ORIENTED_EDGE ( 'NONE', *, *, #4718, .T. ) ;
#4176 = DIRECTION ( 'NONE',  ( 0.000000000000000000, 0.000000000000000000, -1.000000000000000000 ) ) ;
#4177 = CARTESIAN_POINT ( 'NONE',  ( -6.750000000000002665, 1.600000000000000089, 1.249999999999997558 ) ) ;
#4178 = CIRCLE ( 'NONE', #4809, 0.5000000000000004441 ) ;
#4179 = ORIENTED_EDGE ( 'NONE', *, *, #371, .F. ) ;
#4180 = ORIENTED_EDGE ( 'NONE', *, *, #3003, .T. ) ;
#4181 = LINE ( 'NONE', #1271, #2868 ) ;
#4182 = ORIENTED_EDGE ( 'NONE', *, *, #2935, .F. ) ;
#4183 = CARTESIAN_POINT ( 'NONE',  ( 24.57499999999999929, 1.600000000000000089, -39.00000000000000000 ) ) ;
#4184 = AXIS2_PLACEMENT_3D ( 'NONE', #4263, #2086, #1778 ) ;
#4185 = ORIENTED_EDGE ( 'NONE', *, *, #29, .T. ) ;
#4186 = CARTESIAN_POINT ( 'NONE',  ( 37.85000000000001563, 0.000000000000000000, 41.99999999999999289 ) ) ;
#4187 = CARTESIAN_POINT ( 'NONE',  ( -35.74999999999833022, 0.000000000000000000, 43.00000000000000000 ) ) ;
#4188 = ORIENTED_EDGE ( 'NONE', *, *, #5546, .F. ) ;
#4189 = LINE ( 'NONE', #4611, #3511 ) ;
#4190 = CARTESIAN_POINT ( 'NONE',  ( -37.85000000000000853, 0.000000000000000000, -39.00000000000000711 ) ) ;
#4191 = CARTESIAN_POINT ( 'NONE',  ( 37.85000000000001563, 1.600000000000000089, 43.00000000000000000 ) ) ;
#4192 = CARTESIAN_POINT ( 'NONE',  ( -36.25000000000000000, 1.600000000000000089, -68.99999999999666045 ) ) ;
#4193 = CARTESIAN_POINT ( 'NONE',  ( 0.000000000000000000, 0.000000000000000000, 0.000000000000000000 ) ) ;
#4194 = CARTESIAN_POINT ( 'NONE',  ( 9.141992718397773388E-13, -8.400000000000000355, -97.65062663272092891 ) ) ;
#4195 = DIRECTION ( 'NONE',  ( -1.000000000000000000, 0.000000000000000000, -1.321694076933929864E-14 ) ) ;
#4196 = EDGE_CURVE ( 'NONE', #4116, #5298, #4391, .T. ) ;
#4197 = ORIENTED_EDGE ( 'NONE', *, *, #3072, .F. ) ;
#4198 = EDGE_LOOP ( 'NONE', ( #53, #5204, #744, #1473 ) ) ;
#4199 = DIRECTION ( 'NONE',  ( -0.000000000000000000, -1.000000000000000000, -0.000000000000000000 ) ) ;
#4200 = EDGE_LOOP ( 'NONE', ( #126, #583, #4846, #4854 ) ) ;
#4201 = CARTESIAN_POINT ( 'NONE',  ( 0.000000000000000000, 0.000000000000000000, -69.00000000000000000 ) ) ;
#4202 = DIRECTION ( 'NONE',  ( 0.000000000000000000, 1.000000000000000000, -0.000000000000000000 ) ) ;
#4203 = EDGE_CURVE ( 'NONE', #1327, #3753, #574, .T. ) ;
#4204 = ADVANCED_FACE ( 'NONE', ( #3965 ), #91, .F. ) ;
#4205 = ORIENTED_EDGE ( 'NONE', *, *, #3275, .F. ) ;
#4206 = EDGE_LOOP ( 'NONE', ( #3345, #502, #2001, #213 ) ) ;
#4207 = CARTESIAN_POINT ( 'NONE',  ( 1.569511716360274732E-13, 0.000000000000000000, -47.50000000000012790 ) ) ;
#4208 = VERTEX_POINT ( 'NONE', #3122 ) ;
#4209 = CARTESIAN_POINT ( 'NONE',  ( -35.75000000000000000, 0.000000000000000000, -69.00000000000000000 ) ) ;
#4210 = ORIENTED_EDGE ( 'NONE', *, *, #2134, .F. ) ;
#4211 = LINE ( 'NONE', #5451, #4318 ) ;
#4212 = CARTESIAN_POINT ( 'NONE',  ( -37.35000000000001563, 1.600000000000000089, 51.00000000000410694 ) ) ;
#4213 = EDGE_LOOP ( 'NONE', ( #218, #2468, #4182, #5089 ) ) ;
#4214 = CARTESIAN_POINT ( 'NONE',  ( 15.40000000000000036, 1.600000000000000089, -55.74999999999999289 ) ) ;
#4215 = DIRECTION ( 'NONE',  ( -0.000000000000000000, -1.000000000000000000, -0.000000000000000000 ) ) ;
#4216 = VECTOR ( 'NONE', #2690, 1000.000000000000000 ) ;
#4217 = PLANE ( 'NONE',  #5044 ) ;
#4218 = LINE ( 'NONE', #1314, #274 ) ;
#4219 = VECTOR ( 'NONE', #3393, 1000.000000000000000 ) ;
#4220 = PLANE ( 'NONE',  #2559 ) ;
#4221 = DIRECTION ( 'NONE',  ( 0.000000000000000000, 1.000000000000000000, 0.000000000000000000 ) ) ;
#4222 = AXIS2_PLACEMENT_3D ( 'NONE', #2204, #2011, #48 ) ;
#4223 = CIRCLE ( 'NONE', #3865, 1.550000000000016698 ) ;
#4224 = DIRECTION ( 'NONE',  ( 0.000000000000000000, 0.000000000000000000, -1.000000000000000000 ) ) ;
#4225 = ORIENTED_EDGE ( 'NONE', *, *, #3226, .T. ) ;
#4226 = CARTESIAN_POINT ( 'NONE',  ( -27.75000000000000355, 0.000000000000000000, -0.02500000000000483780 ) ) ;
#4227 = EDGE_CURVE ( 'NONE', #1734, #5054, #3954, .T. ) ;
#4228 = ORIENTED_EDGE ( 'NONE', *, *, #2031, .F. ) ;
#4229 = AXIS2_PLACEMENT_3D ( 'NONE', #232, #1083, #206 ) ;
#4230 = DIRECTION ( 'NONE',  ( 1.000000000000000000, 0.000000000000000000, 6.608470384672269125E-15 ) ) ;
#4231 = FACE_OUTER_BOUND ( 'NONE', #4118, .T. ) ;
#4232 = VECTOR ( 'NONE', #696, 1000.000000000000000 ) ;
#4233 = AXIS2_PLACEMENT_3D ( 'NONE', #5341, #1529, #3621 ) ;
#4234 = EDGE_LOOP ( 'NONE', ( #3494, #2391 ) ) ;
#4235 = VERTEX_POINT ( 'NONE', #3223 ) ;
#4236 = ADVANCED_FACE ( 'NONE', ( #3287 ), #1562, .F. ) ;
#4237 = CARTESIAN_POINT ( 'NONE',  ( -26.49999999998818012, 1.600000000000000089, -85.98338711122495681 ) ) ;
#4238 = ORIENTED_EDGE ( 'NONE', *, *, #4515, .T. ) ;
#4239 = CARTESIAN_POINT ( 'NONE',  ( 0.000000000000000000, 0.000000000000000000, 33.95859644822850498 ) ) ;
#4240 = ADVANCED_FACE ( 'NONE', ( #2323, #1027, #4074, #3174, #3595, #2356, #4498, #1050, #4529, #4102, #4581, #3648, #4946, #712, #1502, #2752, #595, #172, #682, #624, #1531, #4469, #255, #5007, #228, #141, #1872 ), #5368, .T. ) ;
#4241 = VERTEX_POINT ( 'NONE', #3623 ) ;
#4242 = EDGE_CURVE ( 'NONE', #2084, #3437, #202, .T. ) ;
#4243 = EDGE_CURVE ( 'NONE', #4208, #3560, #3254, .T. ) ;
#4244 = DIRECTION ( 'NONE',  ( 0.000000000000000000, 1.000000000000000000, 0.000000000000000000 ) ) ;
#4245 = VERTEX_POINT ( 'NONE', #654 ) ;
#4246 = CARTESIAN_POINT ( 'NONE',  ( 37.85000000000000142, 1.600000000000000089, -78.00000000000000000 ) ) ;
#4247 = VECTOR ( 'NONE', #1626, 1000.000000000000000 ) ;
#4248 = CIRCLE ( 'NONE', #4965, 1.550000000000016698 ) ;
#4249 = VECTOR ( 'NONE', #2982, 1000.000000000000000 ) ;
#4250 = DIRECTION ( 'NONE',  ( -0.000000000000000000, 1.000000000000000000, -0.000000000000000000 ) ) ;
#4251 = CARTESIAN_POINT ( 'NONE',  ( 36.25000000000125056, 1.600000000000000089, 12.49999999999999645 ) ) ;
#4252 = AXIS2_PLACEMENT_3D ( 'NONE', #3050, #1645, #5166 ) ;
#4253 = DIRECTION ( 'NONE',  ( 0.000000000000000000, 0.000000000000000000, -1.000000000000000000 ) ) ;
#4254 = CARTESIAN_POINT ( 'NONE',  ( -6.750000000000002665, 1.600000000000000089, -18.75000000000000000 ) ) ;
#4255 = AXIS2_PLACEMENT_3D ( 'NONE', #2889, #2597, #5162 ) ;
#4256 = CIRCLE ( 'NONE', #4973, 0.5000000000000004441 ) ;
#4257 = VERTEX_POINT ( 'NONE', #2803 ) ;
#4258 = ORIENTED_EDGE ( 'NONE', *, *, #3714, .F. ) ;
#4259 = LINE ( 'NONE', #2939, #3983 ) ;
#4260 = AXIS2_PLACEMENT_3D ( 'NONE', #470, #3471, #1691 ) ;
#4261 = ORIENTED_EDGE ( 'NONE', *, *, #3417, .F. ) ;
#4262 = CARTESIAN_POINT ( 'NONE',  ( 0.000000000000000000, 1.600000000000000089, 54.99999999998543387 ) ) ;
#4263 = CARTESIAN_POINT ( 'NONE',  ( 32.32499999999993889, 1.600000000000000089, -52.50000000000136424 ) ) ;
#4264 = EDGE_CURVE ( 'NONE', #1019, #2680, #1477, .T. ) ;
#4265 = VERTEX_POINT ( 'NONE', #2408 ) ;
#4266 = ORIENTED_EDGE ( 'NONE', *, *, #1715, .T. ) ;
#4267 = CARTESIAN_POINT ( 'NONE',  ( -24.57499999999999929, 1.600000000000000089, 20.55000000000000071 ) ) ;
#4268 = EDGE_LOOP ( 'NONE', ( #1356, #1137, #4674, #5304 ) ) ;
#4269 = CARTESIAN_POINT ( 'NONE',  ( 35.75000000000041211, 0.000000000000000000, -39.00000000000001421 ) ) ;
#4270 = AXIS2_PLACEMENT_3D ( 'NONE', #783, #5554, #358 ) ;
#4271 = EDGE_CURVE ( 'NONE', #4931, #3524, #5313, .T. ) ;
#4272 = EDGE_LOOP ( 'NONE', ( #2282, #1587, #1127, #3024 ) ) ;
#4273 = LINE ( 'NONE', #2126, #3668 ) ;
#4274 = CIRCLE ( 'NONE', #4541, 1.275000000000004796 ) ;
#4275 = VERTEX_POINT ( 'NONE', #4922 ) ;
#4276 = DIRECTION ( 'NONE',  ( 0.000000000000000000, 1.000000000000000000, 0.000000000000000000 ) ) ;
#4277 = CARTESIAN_POINT ( 'NONE',  ( -41.25000000000000711, 1.600000000000000089, 0.000000000000000000 ) ) ;
#4278 = EDGE_CURVE ( 'NONE', #1734, #2831, #4977, .T. ) ;
#4279 = EDGE_CURVE ( 'NONE', #4628, #499, #1614, .T. ) ;
#4280 = CIRCLE ( 'NONE', #2801, 0.5000000000000004441 ) ;
#4281 = DIRECTION ( 'NONE',  ( 0.000000000000000000, 0.000000000000000000, -1.000000000000000000 ) ) ;
#4282 = DIRECTION ( 'NONE',  ( 0.000000000000000000, 0.000000000000000000, -1.000000000000000000 ) ) ;
#4283 = DIRECTION ( 'NONE',  ( 0.000000000000000000, 0.000000000000000000, 1.000000000000000000 ) ) ;
#4284 = CARTESIAN_POINT ( 'NONE',  ( 23.60000000000000497, 1.600000000000000089, -55.24999999999999289 ) ) ;
#4285 = CARTESIAN_POINT ( 'NONE',  ( 65.79502250232364702, 1.600000000000000089, -37.98677395305384152 ) ) ;
#4286 = ORIENTED_EDGE ( 'NONE', *, *, #2159, .T. ) ;
#4287 = VERTEX_POINT ( 'NONE', #1112 ) ;
#4288 = LINE ( 'NONE', #3362, #5342 ) ;
#4289 = LINE ( 'NONE', #4738, #1664 ) ;
#4290 = ORIENTED_EDGE ( 'NONE', *, *, #816, .F. ) ;
#4291 = ORIENTED_EDGE ( 'NONE', *, *, #4756, .T. ) ;
#4292 = ORIENTED_EDGE ( 'NONE', *, *, #1408, .F. ) ;
#4293 = ORIENTED_EDGE ( 'NONE', *, *, #4926, .F. ) ;
#4294 = DIRECTION ( 'NONE',  ( 0.000000000000000000, -1.000000000000000000, 0.000000000000000000 ) ) ;
#4295 = ORIENTED_EDGE ( 'NONE', *, *, #2855, .T. ) ;
#4296 = CARTESIAN_POINT ( 'NONE',  ( 37.35000000000000142, 1.600000000000000089, -77.50000000000000000 ) ) ;
#4297 = ADVANCED_FACE ( 'NONE', ( #4126 ), #3703, .T. ) ;
#4298 = CARTESIAN_POINT ( 'NONE',  ( -35.74999999999959499, 1.600000000000000089, 0.000000000000000000 ) ) ;
#4299 = EDGE_LOOP ( 'NONE', ( #4019, #2309, #2875, #3027 ) ) ;
#4300 = CARTESIAN_POINT ( 'NONE',  ( 17.50000000000000000, 1.600000000000000089, 35.42765452970053985 ) ) ;
#4301 = CARTESIAN_POINT ( 'NONE',  ( 15.90000000000000036, 1.600000000000000089, -55.24999999999999289 ) ) ;
#4302 = CARTESIAN_POINT ( 'NONE',  ( -9.250000000000001776, 1.600000000000000089, -20.02500000000000568 ) ) ;
#4303 = EDGE_CURVE ( 'NONE', #5533, #4663, #2469, .T. ) ;
#4304 = EDGE_CURVE ( 'NONE', #3126, #419, #5487, .T. ) ;
#4305 = LINE ( 'NONE', #2583, #1661 ) ;
#4306 = DIRECTION ( 'NONE',  ( 0.000000000000000000, 0.000000000000000000, 1.000000000000000000 ) ) ;
#4307 = CIRCLE ( 'NONE', #3042, 0.5000000000000004441 ) ;
#4308 = EDGE_LOOP ( 'NONE', ( #1150, #3953, #3448, #1466 ) ) ;
#4309 = DIRECTION ( 'NONE',  ( 0.000000000000000000, -1.000000000000000000, 0.000000000000000000 ) ) ;
#4310 = VERTEX_POINT ( 'NONE', #5117 ) ;
#4311 = DIRECTION ( 'NONE',  ( 0.000000000000000000, 0.000000000000000000, -1.000000000000000000 ) ) ;
#4312 = CIRCLE ( 'NONE', #3322, 0.5000000000000004441 ) ;
#4313 = EDGE_CURVE ( 'NONE', #2378, #3437, #4767, .T. ) ;
#4314 = EDGE_CURVE ( 'NONE', #3329, #342, #3678, .T. ) ;
#4315 = ORIENTED_EDGE ( 'NONE', *, *, #2887, .F. ) ;
#4316 = CARTESIAN_POINT ( 'NONE',  ( -24.57499999999999929, 1.600000000000000089, -40.55000000000000426 ) ) ;
#4317 = CARTESIAN_POINT ( 'NONE',  ( -27.75000000000000711, 0.000000000000000000, -17.47499999999999787 ) ) ;
#4318 = VECTOR ( 'NONE', #1726, 1000.000000000000000 ) ;
#4319 = AXIS2_PLACEMENT_3D ( 'NONE', #4602, #2431, #307 ) ;
#4320 = VERTEX_POINT ( 'NONE', #1652 ) ;
#4321 = VERTEX_POINT ( 'NONE', #4246 ) ;
#4322 = DIRECTION ( 'NONE',  ( 0.000000000000000000, 0.000000000000000000, -1.000000000000000000 ) ) ;
#4323 = EDGE_LOOP ( 'NONE', ( #2884, #2177, #1724 ) ) ;
#4324 = ORIENTED_EDGE ( 'NONE', *, *, #4264, .T. ) ;
#4325 = AXIS2_PLACEMENT_3D ( 'NONE', #5145, #343, #2892 ) ;
#4326 = CARTESIAN_POINT ( 'NONE',  ( 37.35000000000001563, 1.600000000000000089, 12.49999999999999645 ) ) ;
#4327 = VECTOR ( 'NONE', #1821, 1000.000000000000000 ) ;
#4328 = ORIENTED_EDGE ( 'NONE', *, *, #931, .T. ) ;
#4329 = FACE_OUTER_BOUND ( 'NONE', #224, .T. ) ;
#4330 = ORIENTED_EDGE ( 'NONE', *, *, #4891, .T. ) ;
#4331 = CARTESIAN_POINT ( 'NONE',  ( -35.75000000000000000, 1.600000000000000089, -77.50000000000000000 ) ) ;
#4332 = CARTESIAN_POINT ( 'NONE',  ( -17.50000000000000000, 1.600000000000000089, 36.97765452970058675 ) ) ;
#4333 = ADVANCED_FACE ( 'NONE', ( #2928 ), #4726, .F. ) ;
#4334 = DIRECTION ( 'NONE',  ( -6.608470384672269914E-15, 0.000000000000000000, 1.000000000000000000 ) ) ;
#4335 = CARTESIAN_POINT ( 'NONE',  ( -35.75000000000000000, 1.600000000000000089, -78.00000000000000000 ) ) ;
#4336 = DIRECTION ( 'NONE',  ( -0.000000000000000000, -1.000000000000000000, 0.000000000000000000 ) ) ;
#4337 = DIRECTION ( 'NONE',  ( 0.000000000000000000, 0.000000000000000000, -1.000000000000000000 ) ) ;
#4338 = EDGE_CURVE ( 'NONE', #3536, #4055, #5093, .T. ) ;
#4339 = EDGE_LOOP ( 'NONE', ( #1949, #3376, #2021, #3801 ) ) ;
#4340 = DIRECTION ( 'NONE',  ( 0.000000000000000000, 1.000000000000000000, 0.000000000000000000 ) ) ;
#4341 = ORIENTED_EDGE ( 'NONE', *, *, #2729, .T. ) ;
#4343 = CYLINDRICAL_SURFACE ( 'NONE', #4260, 0.5000000000000004441 ) ;
#4342 = VECTOR ( 'NONE', #4659, 1000.000000000000000 ) ;
#4344 = VECTOR ( 'NONE', #5520, 1000.000000000000000 ) ;
#4345 = ORIENTED_EDGE ( 'NONE', *, *, #82, .T. ) ;
#4346 = DIRECTION ( 'NONE',  ( 0.000000000000000000, -1.000000000000000000, 0.000000000000000000 ) ) ;
#4347 = PLANE ( 'NONE',  #2929 ) ;
#4348 = AXIS2_PLACEMENT_3D ( 'NONE', #5413, #4598, #1128 ) ;
#4349 = EDGE_CURVE ( 'NONE', #5272, #1190, #2130, .T. ) ;
#4350 = ADVANCED_FACE ( 'NONE', ( #4693 ), #3844, .F. ) ;
#4351 = VECTOR ( 'NONE', #2465, 1000.000000000000000 ) ;
#4352 = EDGE_LOOP ( 'NONE', ( #4001, #1119, #4736, #3218 ) ) ;
#4353 = ORIENTED_EDGE ( 'NONE', *, *, #398, .F. ) ;
#4354 = CARTESIAN_POINT ( 'NONE',  ( -15.00000014403561366, 0.000000000000000000, -65.57234547030361682 ) ) ;
#4355 = ORIENTED_EDGE ( 'NONE', *, *, #4549, .T. ) ;
#4356 = ORIENTED_EDGE ( 'NONE', *, *, #1133, .F. ) ;
#4357 = DIRECTION ( 'NONE',  ( 0.000000000000000000, 0.000000000000000000, 1.000000000000000000 ) ) ;
#4358 = ORIENTED_EDGE ( 'NONE', *, *, #1655, .F. ) ;
#4359 = DIRECTION ( 'NONE',  ( 1.000000000000000000, -0.000000000000000000, 0.000000000000000000 ) ) ;
#4360 = DIRECTION ( 'NONE',  ( 0.000000000000000000, 0.000000000000000000, -1.000000000000000000 ) ) ;
#4361 = AXIS2_PLACEMENT_3D ( 'NONE', #2171, #3857, #2991 ) ;
#4362 = DIRECTION ( 'NONE',  ( 0.000000000000000000, -1.000000000000000000, 0.000000000000000000 ) ) ;
#4363 = AXIS2_PLACEMENT_3D ( 'NONE', #5572, #4669, #382 ) ;
#4364 = VECTOR ( 'NONE', #3044, 1000.000000000000000 ) ;
#4365 = DIRECTION ( 'NONE',  ( 0.000000000000000000, 1.000000000000000000, -0.000000000000000000 ) ) ;
#4366 = FACE_OUTER_BOUND ( 'NONE', #1728, .T. ) ;
#4367 = CARTESIAN_POINT ( 'NONE',  ( -35.75000000000125056, 0.000000000000000000, 11.99999999999999822 ) ) ;
#4368 = DIRECTION ( 'NONE',  ( -0.000000000000000000, -1.000000000000000000, -0.000000000000000000 ) ) ;
#4369 = CIRCLE ( 'NONE', #2565, 1.275000000000004796 ) ;
#4370 = VERTEX_POINT ( 'NONE', #3377 ) ;
#4371 = DIRECTION ( 'NONE',  ( 0.000000000000000000, -1.000000000000000000, 0.000000000000000000 ) ) ;
#4372 = FACE_OUTER_BOUND ( 'NONE', #1764, .T. ) ;
#4373 = EDGE_LOOP ( 'NONE', ( #1944, #4092, #3477, #1885 ) ) ;
#4374 = LINE ( 'NONE', #1805, #4535 ) ;
#4375 = ADVANCED_FACE ( 'NONE', ( #1625 ), #829, .F. ) ;
#4376 = DIRECTION ( 'NONE',  ( 0.000000000000000000, 1.000000000000000000, 0.000000000000000000 ) ) ;
#4377 = ORIENTED_EDGE ( 'NONE', *, *, #2721, .F. ) ;
#4378 = ORIENTED_EDGE ( 'NONE', *, *, #1133, .T. ) ;
#4379 = LINE ( 'NONE', #3582, #2186 ) ;
#4380 = ORIENTED_EDGE ( 'NONE', *, *, #2405, .F. ) ;
#4381 = ORIENTED_EDGE ( 'NONE', *, *, #1337, .T. ) ;
#4382 = CARTESIAN_POINT ( 'NONE',  ( 8.150000000000000355, 0.000000000000000000, -60.77234500001782180 ) ) ;
#4383 = EDGE_CURVE ( 'NONE', #5417, #1190, #5565, .T. ) ;
#4384 = EDGE_CURVE ( 'NONE', #448, #1782, #73, .T. ) ;
#4385 = ORIENTED_EDGE ( 'NONE', *, *, #1165, .T. ) ;
#4386 = CYLINDRICAL_SURFACE ( 'NONE', #5380, 0.5000000000000004441 ) ;
#4387 = DIRECTION ( 'NONE',  ( 0.000000000000000000, 0.000000000000000000, 1.000000000000000000 ) ) ;
#4388 = CARTESIAN_POINT ( 'NONE',  ( -37.35000000000000853, 1.600000000000000089, -47.49999999999589306 ) ) ;
#4389 = CARTESIAN_POINT ( 'NONE',  ( -35.75000000000000000, 1.600000000000000089, -69.00000000000000000 ) ) ;
#4390 = DIRECTION ( 'NONE',  ( -0.000000000000000000, 1.000000000000000000, -0.000000000000000000 ) ) ;
#4391 = LINE ( 'NONE', #518, #1342 ) ;
#4392 = LINE ( 'NONE', #1592, #3166 ) ;
#4393 = ORIENTED_EDGE ( 'NONE', *, *, #5472, .F. ) ;
#4394 = DIRECTION ( 'NONE',  ( 0.000000000000000000, 0.000000000000000000, 1.000000000000000000 ) ) ;
#4395 = PLANE ( 'NONE',  #1826 ) ;
#4396 = ORIENTED_EDGE ( 'NONE', *, *, #2274, .T. ) ;
#4397 = VECTOR ( 'NONE', #4359, 1000.000000000000000 ) ;
#4398 = CARTESIAN_POINT ( 'NONE',  ( 32.32499999999993889, 1.600000000000000089, -50.95000000000166551 ) ) ;
#4399 = DIRECTION ( 'NONE',  ( 0.000000000000000000, 0.000000000000000000, 1.000000000000000000 ) ) ;
#4400 = EDGE_CURVE ( 'NONE', #1299, #1459, #285, .T. ) ;
#4401 = ORIENTED_EDGE ( 'NONE', *, *, #4654, .F. ) ;
#4402 = VERTEX_POINT ( 'NONE', #1172 ) ;
#4403 = CARTESIAN_POINT ( 'NONE',  ( -36.64078930228931341, 1.600000000000000089, -88.48338711122497102 ) ) ;
#4404 = EDGE_LOOP ( 'NONE', ( #2908, #4580, #1462, #2346 ) ) ;
#4405 = ORIENTED_EDGE ( 'NONE', *, *, #5435, .T. ) ;
#4406 = DIRECTION ( 'NONE',  ( 0.000000000000000000, 0.000000000000000000, 1.000000000000000000 ) ) ;
#4407 = CIRCLE ( 'NONE', #4319, 1.275000000000005240 ) ;
#4408 = EDGE_CURVE ( 'NONE', #4320, #3307, #4189, .T. ) ;
#4409 = VERTEX_POINT ( 'NONE', #5542 ) ;
#4410 = AXIS2_PLACEMENT_3D ( 'NONE', #5255, #3119, #4749 ) ;
#4411 = CARTESIAN_POINT ( 'NONE',  ( 37.35000000000000853, 0.000000000000000000, -39.00000000000000711 ) ) ;
#4412 = DIRECTION ( 'NONE',  ( 0.000000000000000000, 0.000000000000000000, -1.000000000000000000 ) ) ;
#4413 = FACE_OUTER_BOUND ( 'NONE', #3442, .T. ) ;
#4414 = CIRCLE ( 'NONE', #4677, 0.5000000000000004441 ) ;
#4415 = AXIS2_PLACEMENT_3D ( 'NONE', #138, #3775, #3720 ) ;
#4416 = EDGE_CURVE ( 'NONE', #384, #4370, #3733, .T. ) ;
#4417 = EDGE_CURVE ( 'NONE', #2596, #561, #706, .T. ) ;
#4418 = AXIS2_PLACEMENT_3D ( 'NONE', #801, #4281, #2473 ) ;
#4419 = DIRECTION ( 'NONE',  ( -0.000000000000000000, -1.000000000000000000, -0.000000000000000000 ) ) ;
#4420 = LINE ( 'NONE', #2271, #5027 ) ;
#4421 = CARTESIAN_POINT ( 'NONE',  ( -35.75000000000167688, 1.600000000000000089, 50.99999999999999289 ) ) ;
#4422 = CARTESIAN_POINT ( 'NONE',  ( -32.32499999999993889, 1.600000000000000089, 35.00000000000000000 ) ) ;
#4423 = LINE ( 'NONE', #67, #5303 ) ;
#4424 = FACE_OUTER_BOUND ( 'NONE', #5333, .T. ) ;
#4425 = VERTEX_POINT ( 'NONE', #4214 ) ;
#4426 = DIRECTION ( 'NONE',  ( 0.000000000000000000, 1.000000000000000000, 0.000000000000000000 ) ) ;
#4427 = CARTESIAN_POINT ( 'NONE',  ( -35.74999999999874944, 1.600000000000000089, 12.99999999999999645 ) ) ;
#4428 = AXIS2_PLACEMENT_3D ( 'NONE', #1448, #1030, #2192 ) ;
#4429 = ORIENTED_EDGE ( 'NONE', *, *, #1986, .T. ) ;
#4430 = EDGE_LOOP ( 'NONE', ( #5462, #2094, #3073, #1889 ) ) ;
#4431 = DIRECTION ( 'NONE',  ( 1.000000000000000000, 0.000000000000000000, 0.000000000000000000 ) ) ;
#4432 = CIRCLE ( 'NONE', #633, 0.5000000000000004441 ) ;
#4433 = VERTEX_POINT ( 'NONE', #798 ) ;
#4434 = ORIENTED_EDGE ( 'NONE', *, *, #5301, .F. ) ;
#4435 = DIRECTION ( 'NONE',  ( 0.000000000000000000, -1.000000000000000000, 0.000000000000000000 ) ) ;
#4436 = VECTOR ( 'NONE', #4294, 1000.000000000000000 ) ;
#4437 = CIRCLE ( 'NONE', #2994, 246.5002818899938859 ) ;
#4438 = VERTEX_POINT ( 'NONE', #376 ) ;
#4439 = DIRECTION ( 'NONE',  ( 0.000000000000000000, 1.000000000000000000, -0.000000000000000000 ) ) ;
#4440 = AXIS2_PLACEMENT_3D ( 'NONE', #214, #3744, #1945 ) ;
#4441 = LINE ( 'NONE', #4491, #1606 ) ;
#4442 = DIRECTION ( 'NONE',  ( 0.000000000000000000, 1.000000000000000000, 0.000000000000000000 ) ) ;
#4443 = EDGE_CURVE ( 'NONE', #3407, #5025, #4223, .T. ) ;
#4444 = CYLINDRICAL_SURFACE ( 'NONE', #447, 2.500000000000002220 ) ;
#4445 = CARTESIAN_POINT ( 'NONE',  ( 9.141992718397773388E-13, -8.400000000000000355, -97.65062663272092891 ) ) ;
#4446 = CARTESIAN_POINT ( 'NONE',  ( -41.25000000000000000, 1.600000000000000089, 54.99999999998543387 ) ) ;
#4447 = ADVANCED_FACE ( 'NONE', ( #5 ), #457, .F. ) ;
#4448 = EDGE_CURVE ( 'NONE', #5324, #3659, #3229, .T. ) ;
#4449 = CARTESIAN_POINT ( 'NONE',  ( -78.84239994013711339, 0.000000000000000000, -10.52234547029107681 ) ) ;
#4450 = VECTOR ( 'NONE', #2761, 1000.000000000000000 ) ;
#4451 = LINE ( 'NONE', #3039, #77 ) ;
#4452 = LINE ( 'NONE', #5236, #4167 ) ;
#4453 = ORIENTED_EDGE ( 'NONE', *, *, #1687, .T. ) ;
#4454 = VECTOR ( 'NONE', #663, 1000.000000000000000 ) ;
#4455 = CARTESIAN_POINT ( 'NONE',  ( -32.32500000000000284, 1.600000000000000089, -52.49999999999819522 ) ) ;
#4456 = CARTESIAN_POINT ( 'NONE',  ( 7.650000000000000355, 1.600000000000000089, -60.77234500001782180 ) ) ;
#4457 = ORIENTED_EDGE ( 'NONE', *, *, #4956, .T. ) ;
#4458 = ORIENTED_EDGE ( 'NONE', *, *, #5030, .F. ) ;
#4459 = CARTESIAN_POINT ( 'NONE',  ( -37.85000000000000853, 0.000000000000000000, -47.50000000000000000 ) ) ;
#4460 = EDGE_LOOP ( 'NONE', ( #3133, #611, #2625, #3527 ) ) ;
#4461 = CYLINDRICAL_SURFACE ( 'NONE', #2451, 0.5000000000000004441 ) ;
#4462 = ORIENTED_EDGE ( 'NONE', *, *, #2787, .F. ) ;
#4463 = CARTESIAN_POINT ( 'NONE',  ( 35.75000000000167688, 1.600000000000000089, 42.49999999999999289 ) ) ;
#4464 = ORIENTED_EDGE ( 'NONE', *, *, #2822, .F. ) ;
#4465 = CARTESIAN_POINT ( 'NONE',  ( 23.60000000000000497, 0.000000000000000000, -55.24999999999999289 ) ) ;
#4466 = EDGE_CURVE ( 'NONE', #3581, #2091, #1431, .T. ) ;
#4467 = CARTESIAN_POINT ( 'NONE',  ( -37.85000000000000142, 1.600000000000000089, -77.00000000000000000 ) ) ;
#4468 = FACE_OUTER_BOUND ( 'NONE', #4339, .T. ) ;
#4469 = FACE_BOUND ( 'NONE', #864, .T. ) ;
#4470 = DIRECTION ( 'NONE',  ( 0.000000000000000000, 0.000000000000000000, -1.000000000000000000 ) ) ;
#4471 = ADVANCED_FACE ( 'NONE', ( #2188 ), #1310, .F. ) ;
#4472 = CARTESIAN_POINT ( 'NONE',  ( 169.9127529108839951, 1.600000000000000089, -198.4776535637588495 ) ) ;
#4473 = EDGE_CURVE ( 'NONE', #3887, #5220, #1366, .T. ) ;
#4474 = DIRECTION ( 'NONE',  ( 0.000000000000000000, 1.000000000000000000, -0.000000000000000000 ) ) ;
#4475 = CARTESIAN_POINT ( 'NONE',  ( -23.99999999998818367, 1.600000000000000089, -67.73338711122495681 ) ) ;
#4476 = PRODUCT_RELATED_PRODUCT_CATEGORY ( 'part', '', ( #945 ) ) ;
#4477 = ORIENTED_EDGE ( 'NONE', *, *, #5100, .T. ) ;
#4478 = LINE ( 'NONE', #1059, #2738 ) ;
#4479 = CARTESIAN_POINT ( 'NONE',  ( 37.35000000000001563, 0.000000000000000000, 50.99999999999999289 ) ) ;
#4480 = EDGE_CURVE ( 'NONE', #1973, #3126, #2156, .T. ) ;
#4481 = ORIENTED_EDGE ( 'NONE', *, *, #2240, .T. ) ;
#4482 = VERTEX_POINT ( 'NONE', #2637 ) ;
#4483 = EDGE_CURVE ( 'NONE', #1167, #874, #4133, .T. ) ;
#4484 = DIRECTION ( 'NONE',  ( 0.000000000000000000, 0.000000000000000000, -1.000000000000000000 ) ) ;
#4485 = AXIS2_PLACEMENT_3D ( 'NONE', #2834, #227, #2013 ) ;
#4486 = ORIENTED_EDGE ( 'NONE', *, *, #2060, .F. ) ;
#4487 = CARTESIAN_POINT ( 'NONE',  ( 35.75000000000041211, 1.600000000000000089, -47.50000000000000711 ) ) ;
#4488 = ORIENTED_EDGE ( 'NONE', *, *, #2486, .F. ) ;
#4489 = DIRECTION ( 'NONE',  ( 0.000000000000000000, -1.000000000000000000, 0.000000000000000000 ) ) ;
#4490 = ORIENTED_EDGE ( 'NONE', *, *, #5477, .T. ) ;
#4491 = CARTESIAN_POINT ( 'NONE',  ( -5.617199826968696962E-13, 1.600000000000000089, 42.50000000000460432 ) ) ;
#4492 = CIRCLE ( 'NONE', #3768, 0.5000000000000004441 ) ;
#4493 = VECTOR ( 'NONE', #2384, 1000.000000000000000 ) ;
#4494 = ORIENTED_EDGE ( 'NONE', *, *, #2104, .F. ) ;
#4495 = DIRECTION ( 'NONE',  ( 0.000000000000000000, 0.000000000000000000, 1.000000000000000000 ) ) ;
#4496 = CARTESIAN_POINT ( 'NONE',  ( 29.82018240187190372, -8.400000000000000355, 8.656601580379174266 ) ) ;
#4497 = CIRCLE ( 'NONE', #346, 246.5002818899938859 ) ;
#4498 = FACE_BOUND ( 'NONE', #3856, .T. ) ;
#4499 = VECTOR ( 'NONE', #2237, 1000.000000000000000 ) ;
#4500 = CARTESIAN_POINT ( 'NONE',  ( -30.25000000000000355, 0.000000000000000000, -20.02500000000000213 ) ) ;
#4501 = EDGE_CURVE ( 'NONE', #5295, #2587, #4587, .T. ) ;
#4502 = AXIS2_PLACEMENT_3D ( 'NONE', #5282, #1370, #3063 ) ;
#4503 = LINE ( 'NONE', #2360, #4142 ) ;
#4504 = FACE_OUTER_BOUND ( 'NONE', #393, .T. ) ;
#4505 = FACE_OUTER_BOUND ( 'NONE', #2098, .T. ) ;
#4506 = CARTESIAN_POINT ( 'NONE',  ( -6.740639792362312560E-13, 1.600000000000000089, 51.00000000000459721 ) ) ;
#4507 = DIRECTION ( 'NONE',  ( 0.000000000000000000, -1.000000000000000000, 0.000000000000000000 ) ) ;
#4508 = ADVANCED_FACE ( 'NONE', ( #2266 ), #5281, .F. ) ;
#4509 = ORIENTED_EDGE ( 'NONE', *, *, #5192, .F. ) ;
#4510 = ORIENTED_EDGE ( 'NONE', *, *, #786, .T. ) ;
#4511 = DIRECTION ( 'NONE',  ( 1.000000000000000000, 0.000000000000000000, 1.321694076933929864E-14 ) ) ;
#4512 = VERTEX_POINT ( 'NONE', #2606 ) ;
#4513 = AXIS2_PLACEMENT_3D ( 'NONE', #3142, #969, #3092 ) ;
#4514 = CARTESIAN_POINT ( 'NONE',  ( 14.90000000000000213, 0.000000000000000000, -60.77234500001782180 ) ) ;
#4515 = EDGE_CURVE ( 'NONE', #1104, #2679, #4681, .T. ) ;
#4516 = EDGE_CURVE ( 'NONE', #1455, #3693, #1819, .T. ) ;
#4517 = VECTOR ( 'NONE', #4786, 1000.000000000000000 ) ;
#4518 = AXIS2_PLACEMENT_3D ( 'NONE', #3824, #1684, #2045 ) ;
#4519 = ORIENTED_EDGE ( 'NONE', *, *, #3516, .F. ) ;
#4520 = CARTESIAN_POINT ( 'NONE',  ( 0.000000000000000000, 1.600000000000000089, 12.49999999999999645 ) ) ;
#4521 = AXIS2_PLACEMENT_3D ( 'NONE', #4269, #2149, #4716 ) ;
#4522 = ORIENTED_EDGE ( 'NONE', *, *, #3257, .T. ) ;
#4523 = CARTESIAN_POINT ( 'NONE',  ( -35.74999999999874944, 0.000000000000000000, 0.000000000000000000 ) ) ;
#4524 = VECTOR ( 'NONE', #4406, 1000.000000000000000 ) ;
#4525 = ORIENTED_EDGE ( 'NONE', *, *, #29, .F. ) ;
#4526 = AXIS2_PLACEMENT_3D ( 'NONE', #1292, #3772, #2506 ) ;
#4527 = CARTESIAN_POINT ( 'NONE',  ( 15.40000000000000036, 0.000000000000000000, -60.27234500001782180 ) ) ;
#4528 = LINE ( 'NONE', #5367, #2863 ) ;
#4529 = FACE_BOUND ( 'NONE', #1749, .T. ) ;
#4530 = DIRECTION ( 'NONE',  ( 2.664535259100376091E-15, 0.000000000000000000, 1.000000000000000000 ) ) ;
#4531 = DIRECTION ( 'NONE',  ( 0.000000000000000000, -1.000000000000000000, 0.000000000000000000 ) ) ;
#4532 = LINE ( 'NONE', #5039, #3534 ) ;
#4533 = CARTESIAN_POINT ( 'NONE',  ( 35.75000000000041211, 1.600000000000000089, -39.50000000000001421 ) ) ;
#4534 = CARTESIAN_POINT ( 'NONE',  ( -11.44069681584102405, 1.600000000000000089, 33.31837076039650469 ) ) ;
#4535 = VECTOR ( 'NONE', #3528, 1000.000000000000000 ) ;
#4536 = DIRECTION ( 'NONE',  ( 0.000000000000000000, 0.000000000000000000, -1.000000000000000000 ) ) ;
#4537 = VERTEX_POINT ( 'NONE', #912 ) ;
#4538 = VERTEX_POINT ( 'NONE', #4300 ) ;
#4539 = AXIS2_PLACEMENT_3D ( 'NONE', #861, #5151, #1629 ) ;
#4540 = FACE_OUTER_BOUND ( 'NONE', #1635, .T. ) ;
#4541 = AXIS2_PLACEMENT_3D ( 'NONE', #901, #446, #5185 ) ;
#4542 = ADVANCED_FACE ( 'NONE', ( #3542 ), #34, .F. ) ;
#4543 = VERTEX_POINT ( 'NONE', #4810 ) ;
#4544 = DIRECTION ( 'NONE',  ( 0.000000000000000000, 0.000000000000000000, -1.000000000000000000 ) ) ;
#4545 = DIRECTION ( 'NONE',  ( 0.000000000000000000, 0.000000000000000000, 1.000000000000000000 ) ) ;
#4546 = CIRCLE ( 'NONE', #121, 0.4999999999999987232 ) ;
#4547 = ORIENTED_EDGE ( 'NONE', *, *, #5063, .F. ) ;
#4548 = EDGE_LOOP ( 'NONE', ( #1776, #183, #2492, #2008 ) ) ;
#4549 = EDGE_CURVE ( 'NONE', #3303, #1238, #616, .T. ) ;
#4550 = ADVANCED_FACE ( 'NONE', ( #4413 ), #1420, .F. ) ;
#4551 = LINE ( 'NONE', #4888, #2962 ) ;
#4552 = DIRECTION ( 'NONE',  ( 0.000000000000000000, 1.000000000000000000, 0.000000000000000000 ) ) ;
#4553 = ORIENTED_EDGE ( 'NONE', *, *, #3984, .F. ) ;
#4554 = LINE ( 'NONE', #170, #1176 ) ;
#4555 = DIRECTION ( 'NONE',  ( 0.000000000000000000, -1.000000000000000000, 0.000000000000000000 ) ) ;
#4556 = CARTESIAN_POINT ( 'NONE',  ( -37.85000000000001563, 1.600000000000000089, 41.99999999999999289 ) ) ;
#4557 = DIRECTION ( 'NONE',  ( 0.000000000000000000, 1.000000000000000000, 0.000000000000000000 ) ) ;
#4558 = CARTESIAN_POINT ( 'NONE',  ( -37.35000000000000142, 1.600000000000000089, -77.49999999999613465 ) ) ;
#4559 = LINE ( 'NONE', #1482, #1089 ) ;
#4560 = DIRECTION ( 'NONE',  ( 0.000000000000000000, 0.000000000000000000, -1.000000000000000000 ) ) ;
#4561 = ORIENTED_EDGE ( 'NONE', *, *, #3257, .F. ) ;
#4562 = DIRECTION ( 'NONE',  ( -0.000000000000000000, -1.000000000000000000, -0.000000000000000000 ) ) ;
#4563 = DIRECTION ( 'NONE',  ( 0.000000000000000000, -1.000000000000000000, 0.000000000000000000 ) ) ;
#4564 = EDGE_LOOP ( 'NONE', ( #2139, #3418, #157, #2818 ) ) ;
#4565 = ORIENTED_EDGE ( 'NONE', *, *, #2518, .F. ) ;
#4566 = CARTESIAN_POINT ( 'NONE',  ( 0.000000000000000000, 1.600000000000000089, -88.48338711122495681 ) ) ;
#4567 = ORIENTED_EDGE ( 'NONE', *, *, #1028, .F. ) ;
#4568 = DIRECTION ( 'NONE',  ( 0.000000000000000000, 0.000000000000000000, 1.000000000000000000 ) ) ;
#4569 = CARTESIAN_POINT ( 'NONE',  ( 36.25000000000000000, 1.600000000000000089, -77.50000000000000000 ) ) ;
#4570 = EDGE_CURVE ( 'NONE', #1860, #5012, #4947, .T. ) ;
#4571 = ORIENTED_EDGE ( 'NONE', *, *, #5508, .F. ) ;
#4572 = ORIENTED_EDGE ( 'NONE', *, *, #5410, .F. ) ;
#4573 = CARTESIAN_POINT ( 'NONE',  ( 37.85000000000000853, 1.600000000000000089, -47.50000000000000000 ) ) ;
#4574 = ORIENTED_EDGE ( 'NONE', *, *, #1981, .F. ) ;
#4575 = DIRECTION ( 'NONE',  ( -0.000000000000000000, 1.000000000000000000, -0.000000000000000000 ) ) ;
#4576 = EDGE_CURVE ( 'NONE', #4537, #5324, #968, .T. ) ;
#4577 = EDGE_LOOP ( 'NONE', ( #3584, #1161, #5244, #4676, #1385, #1861, #739, #5475, #2505, #1149 ) ) ;
#4578 = DIRECTION ( 'NONE',  ( 0.000000000000000000, 1.000000000000000000, -0.000000000000000000 ) ) ;
#4579 = LINE ( 'NONE', #3286, #2412 ) ;
#4580 = ORIENTED_EDGE ( 'NONE', *, *, #2477, .F. ) ;
#4581 = FACE_OUTER_BOUND ( 'NONE', #187, .T. ) ;
#4582 = DIRECTION ( 'NONE',  ( 1.261617073438012032E-16, 0.000000000000000000, -1.000000000000000000 ) ) ;
#4583 = EDGE_CURVE ( 'NONE', #3077, #5436, #5468, .T. ) ;
#4584 = ADVANCED_FACE ( 'NONE', ( #3692 ), #5020, .F. ) ;
#4585 = DIRECTION ( 'NONE',  ( 0.000000000000000000, 1.000000000000000000, -0.000000000000000000 ) ) ;
#4586 = CARTESIAN_POINT ( 'NONE',  ( 29.82018240187189662, 1.600000000000000755, 8.656601580379174266 ) ) ;
#4587 = CIRCLE ( 'NONE', #2158, 0.5000000000000004441 ) ;
#4588 = FACE_BOUND ( 'NONE', #5190, .T. ) ;
#4589 = ORIENTED_EDGE ( 'NONE', *, *, #4689, .T. ) ;
#4590 = CARTESIAN_POINT ( 'NONE',  ( 37.85000000000001563, 1.600000000000000089, 20.49999999999998934 ) ) ;
#4591 = LINE ( 'NONE', #2934, #4728 ) ;
#4592 = CIRCLE ( 'NONE', #3149, 0.5000000000000004441 ) ;
#4593 = ORIENTED_EDGE ( 'NONE', *, *, #1541, .T. ) ;
#4594 = VERTEX_POINT ( 'NONE', #2821 ) ;
#4595 = CARTESIAN_POINT ( 'NONE',  ( 37.85000000000001563, 1.600000000000000089, 11.99999999999999822 ) ) ;
#4596 = AXIS2_PLACEMENT_3D ( 'NONE', #3671, #5394, #3251 ) ;
#4597 = EDGE_LOOP ( 'NONE', ( #1810, #2205, #177, #2683 ) ) ;
#4598 = DIRECTION ( 'NONE',  ( 0.000000000000000000, 1.000000000000000000, 0.000000000000000000 ) ) ;
#4599 = CARTESIAN_POINT ( 'NONE',  ( 17.50000000000000000, 0.000000000000000000, 38.52765452970054838 ) ) ;
#4600 = ORIENTED_EDGE ( 'NONE', *, *, #1760, .T. ) ;
#4601 = ORIENTED_EDGE ( 'NONE', *, *, #3155, .T. ) ;
#4602 = CARTESIAN_POINT ( 'NONE',  ( -9.249999999999998224, 1.600000000000000089, -18.75000000000000355 ) ) ;
#4603 = ORIENTED_EDGE ( 'NONE', *, *, #1055, .T. ) ;
#4604 = CYLINDRICAL_SURFACE ( 'NONE', #1092, 1.550000000000002709 ) ;
#4605 = ORIENTED_EDGE ( 'NONE', *, *, #4242, .T. ) ;
#4606 = DIRECTION ( 'NONE',  ( 0.000000000000000000, -1.000000000000000000, 0.000000000000000000 ) ) ;
#4607 = DIRECTION ( 'NONE',  ( 0.000000000000000000, 0.000000000000000000, -1.000000000000000000 ) ) ;
#4608 = VECTOR ( 'NONE', #5097, 1000.000000000000000 ) ;
#4609 = EDGE_CURVE ( 'NONE', #1886, #3001, #5398, .T. ) ;
#4610 = ORIENTED_EDGE ( 'NONE', *, *, #2930, .F. ) ;
#4611 = CARTESIAN_POINT ( 'NONE',  ( 0.000000000000000000, 1.600000000000000089, 50.99999999999999289 ) ) ;
#4612 = DIRECTION ( 'NONE',  ( -1.000000000000000000, 0.000000000000000000, 0.000000000000000000 ) ) ;
#4613 = CIRCLE ( 'NONE', #4702, 1.550000000000002709 ) ;
#4614 = DIRECTION ( 'NONE',  ( 0.000000000000000000, 0.000000000000000000, 1.000000000000000000 ) ) ;
#4615 = CARTESIAN_POINT ( 'NONE',  ( -6.750000000000002665, 1.600000000000000089, -20.02500000000000568 ) ) ;
#4616 = EDGE_CURVE ( 'NONE', #3887, #5436, #3748, .T. ) ;
#4617 = DIRECTION ( 'NONE',  ( 0.000000000000000000, 1.000000000000000000, -0.000000000000000000 ) ) ;
#4618 = EDGE_CURVE ( 'NONE', #3612, #5105, #1258, .T. ) ;
#4619 = VECTOR ( 'NONE', #1489, 1000.000000000000000 ) ;
#4620 = DIRECTION ( 'NONE',  ( 0.000000000000000000, -1.000000000000000000, 0.000000000000000000 ) ) ;
#4621 = LINE ( 'NONE', #1486, #4723 ) ;
#4622 = ORIENTED_EDGE ( 'NONE', *, *, #1408, .T. ) ;
#4623 = ORIENTED_EDGE ( 'NONE', *, *, #230, .F. ) ;
#4624 = DIRECTION ( 'NONE',  ( 0.000000000000000000, 0.000000000000000000, -1.000000000000000000 ) ) ;
#4625 = VERTEX_POINT ( 'NONE', #4599 ) ;
#4626 = CARTESIAN_POINT ( 'NONE',  ( -27.75000000000000355, 1.600000000000000089, 1.250000000000000000 ) ) ;
#4627 = FACE_OUTER_BOUND ( 'NONE', #5187, .T. ) ;
#4628 = VERTEX_POINT ( 'NONE', #4569 ) ;
#4629 = ORIENTED_EDGE ( 'NONE', *, *, #2663, .T. ) ;
#4630 = LINE ( 'NONE', #4207, #2325 ) ;
#4631 = ORIENTED_EDGE ( 'NONE', *, *, #2822, .T. ) ;
#4632 = DIRECTION ( 'NONE',  ( -0.000000000000000000, 1.000000000000000000, -0.000000000000000000 ) ) ;
#4633 = VECTOR ( 'NONE', #236, 1000.000000000000000 ) ;
#4634 = VERTEX_POINT ( 'NONE', #2848 ) ;
#4635 = DIRECTION ( 'NONE',  ( -1.000000000000000000, 0.000000000000000000, 0.000000000000000000 ) ) ;
#4636 = FACE_OUTER_BOUND ( 'NONE', #1998, .T. ) ;
#4637 = ORIENTED_EDGE ( 'NONE', *, *, #3614, .F. ) ;
#4638 = CARTESIAN_POINT ( 'NONE',  ( -6.750000000000002665, 1.600000000000000089, -20.02500000000000568 ) ) ;
#4639 = EDGE_CURVE ( 'NONE', #4931, #2773, #5132, .T. ) ;
#4640 = LINE ( 'NONE', #3735, #5219 ) ;
#4641 = DIRECTION ( 'NONE',  ( 1.000000000000000000, 0.000000000000000000, -8.673617379884052728E-17 ) ) ;
#4642 = DIRECTION ( 'NONE',  ( 0.000000000000000000, 0.000000000000000000, -1.000000000000000000 ) ) ;
#4643 = DIRECTION ( 'NONE',  ( 0.000000000000000000, -1.000000000000000000, 0.000000000000000000 ) ) ;
#4644 = EDGE_CURVE ( 'NONE', #2038, #3082, #1550, .T. ) ;
#4645 = EDGE_CURVE ( 'NONE', #14, #4321, #803, .T. ) ;
#4646 = DIRECTION ( 'NONE',  ( 0.000000000000000000, 1.000000000000000000, 0.000000000000000000 ) ) ;
#4647 = ORIENTED_EDGE ( 'NONE', *, *, #3128, .T. ) ;
#4648 = ADVANCED_FACE ( 'NONE', ( #4627 ), #5499, .F. ) ;
#4649 = FACE_OUTER_BOUND ( 'NONE', #4093, .T. ) ;
#4650 = ORIENTED_EDGE ( 'NONE', *, *, #5100, .F. ) ;
#4651 = DIRECTION ( 'NONE',  ( 0.000000000000000000, 0.000000000000000000, -1.000000000000000000 ) ) ;
#4652 = FACE_OUTER_BOUND ( 'NONE', #3263, .T. ) ;
#4653 = ADVANCED_FACE ( 'NONE', ( #5383 ), #569, .T. ) ;
#4654 = EDGE_CURVE ( 'NONE', #1727, #2522, #302, .T. ) ;
#4655 = EDGE_LOOP ( 'NONE', ( #2041, #1924, #238, #3295 ) ) ;
#4656 = VERTEX_POINT ( 'NONE', #1187 ) ;
#4657 = FACE_OUTER_BOUND ( 'NONE', #4942, .T. ) ;
#4658 = ORIENTED_EDGE ( 'NONE', *, *, #1542, .F. ) ;
#4659 = DIRECTION ( 'NONE',  ( -0.000000000000000000, -1.000000000000000000, -0.000000000000000000 ) ) ;
#4660 = ORIENTED_EDGE ( 'NONE', *, *, #4349, .F. ) ;
#4661 = DIRECTION ( 'NONE',  ( 0.000000000000000000, 1.000000000000000000, -0.000000000000000000 ) ) ;
#4662 = AXIS2_PLACEMENT_3D ( 'NONE', #796, #5512, #2100 ) ;
#4663 = VERTEX_POINT ( 'NONE', #3661 ) ;
#4664 = DIRECTION ( 'NONE',  ( 0.000000000000000000, 0.000000000000000000, 1.000000000000000000 ) ) ;
#4665 = LINE ( 'NONE', #773, #363 ) ;
#4666 = LINE ( 'NONE', #748, #2341 ) ;
#4667 = CARTESIAN_POINT ( 'NONE',  ( -36.25000000000167688, 1.600000000000000089, 51.00000000000412115 ) ) ;
#4668 = VECTOR ( 'NONE', #3005, 1000.000000000000000 ) ;
#4669 = DIRECTION ( 'NONE',  ( 0.000000000000000000, 1.000000000000000000, 0.000000000000000000 ) ) ;
#4670 = EDGE_CURVE ( 'NONE', #4715, #2057, #242, .T. ) ;
#4671 = CARTESIAN_POINT ( 'NONE',  ( -24.57499999999999929, 0.000000000000000000, -39.00000000000000000 ) ) ;
#4672 = AXIS2_PLACEMENT_3D ( 'NONE', #3790, #314, #2526 ) ;
#4673 = CARTESIAN_POINT ( 'NONE',  ( -37.35000000000000853, 1.600000000000000089, -38.99999999999590017 ) ) ;
#4674 = ORIENTED_EDGE ( 'NONE', *, *, #2895, .T. ) ;
#4675 = DIRECTION ( 'NONE',  ( 0.000000000000000000, -1.000000000000000000, 0.000000000000000000 ) ) ;
#4676 = ORIENTED_EDGE ( 'NONE', *, *, #4313, .T. ) ;
#4677 = AXIS2_PLACEMENT_3D ( 'NONE', #5205, #4844, #2702 ) ;
#4678 = CARTESIAN_POINT ( 'NONE',  ( 3.139023432719039900E-13, 0.000000000000000000, -47.49999999999564437 ) ) ;
#4679 = ADVANCED_FACE ( 'NONE', ( #2457 ), #2030, .F. ) ;
#4680 = FACE_OUTER_BOUND ( 'NONE', #3947, .T. ) ;
#4681 = CIRCLE ( 'NONE', #2337, 1.550000000000016698 ) ;
#4682 = AXIS2_PLACEMENT_3D ( 'NONE', #3285, #4011, #199 ) ;
#4683 = ORIENTED_EDGE ( 'NONE', *, *, #3786, .F. ) ;
#4684 = EDGE_LOOP ( 'NONE', ( #5084, #2937, #1641, #1103, #4660, #694, #2460, #4968, #4295, #3645, #728, #639, #2672, #4610, #1931, #3111, #3505, #104, #5559, #869, #4987, #1558, #4328, #3157, #2513, #3632, #4381, #3610, #79, #3021 ) ) ;
#4685 = DIRECTION ( 'NONE',  ( 0.000000000000000000, 1.000000000000000000, -0.000000000000000000 ) ) ;
#4686 = VERTEX_POINT ( 'NONE', #1605 ) ;
#4687 = CARTESIAN_POINT ( 'NONE',  ( 0.000000000000000000, 1.600000000000000089, -60.77234500001782180 ) ) ;
#4688 = EDGE_CURVE ( 'NONE', #979, #1668, #3332, .T. ) ;
#4689 = EDGE_CURVE ( 'NONE', #2286, #602, #80, .T. ) ;
#4690 = ORIENTED_EDGE ( 'NONE', *, *, #303, .F. ) ;
#4691 = LINE ( 'NONE', #827, #4934 ) ;
#4692 = VERTEX_POINT ( 'NONE', #1972 ) ;
#4693 = FACE_OUTER_BOUND ( 'NONE', #5336, .T. ) ;
#4694 =( NAMED_UNIT ( * ) PLANE_ANGLE_UNIT ( ) SI_UNIT ( $, .RADIAN. ) );
#4695 = CIRCLE ( 'NONE', #2264, 246.5002818899938859 ) ;
#4696 = AXIS2_PLACEMENT_3D ( 'NONE', #4445, #517, #1371 ) ;
#4697 = PLANE ( 'NONE',  #4418 ) ;
#4698 = LINE ( 'NONE', #2556, #2182 ) ;
#4699 = CIRCLE ( 'NONE', #5419, 1.550000000000002709 ) ;
#4700 = CARTESIAN_POINT ( 'NONE',  ( -15.00000014403561366, 0.000000000000000000, -62.47234547029548679 ) ) ;
#4701 = CARTESIAN_POINT ( 'NONE',  ( 36.25000000000000000, 0.000000000000000000, -77.50000000000000000 ) ) ;
#4702 = AXIS2_PLACEMENT_3D ( 'NONE', #3533, #4852, #2765 ) ;
#4703 = VECTOR ( 'NONE', #5299, 1000.000000000000000 ) ;
#4704 = ORIENTED_EDGE ( 'NONE', *, *, #5072, .F. ) ;
#4705 = ORIENTED_EDGE ( 'NONE', *, *, #4304, .F. ) ;
#4706 = LINE ( 'NONE', #5104, #2811 ) ;
#4707 = VECTOR ( 'NONE', #2674, 1000.000000000000000 ) ;
#4708 = VERTEX_POINT ( 'NONE', #1637 ) ;
#4709 = CARTESIAN_POINT ( 'NONE',  ( -6.750000000000002665, 1.600000000000000089, -0.02500000000000657252 ) ) ;
#4710 = CARTESIAN_POINT ( 'NONE',  ( -37.84999999999998721, 1.600000000000000089, 20.49999999999998934 ) ) ;
#4711 = EDGE_CURVE ( 'NONE', #3577, #4988, #2974, .T. ) ;
#4712 = EDGE_LOOP ( 'NONE', ( #4286, #3973, #645, #1130 ) ) ;
#4713 = EDGE_LOOP ( 'NONE', ( #4205, #2279, #4112, #103 ) ) ;
#4714 = ORIENTED_EDGE ( 'NONE', *, *, #3574, .T. ) ;
#4715 = VERTEX_POINT ( 'NONE', #2622 ) ;
#4716 = DIRECTION ( 'NONE',  ( 0.000000000000000000, 0.000000000000000000, 1.000000000000000000 ) ) ;
#4717 = AXIS2_PLACEMENT_3D ( 'NONE', #71, #4795, #2280 ) ;
#4718 = EDGE_CURVE ( 'NONE', #2591, #4002, #4274, .T. ) ;
#4719 = ORIENTED_EDGE ( 'NONE', *, *, #963, .T. ) ;
#4720 = ADVANCED_FACE ( 'NONE', ( #4231 ), #2568, .F. ) ;
#4721 = CIRCLE ( 'NONE', #204, 0.5000000000000004441 ) ;
#4722 = CARTESIAN_POINT ( 'NONE',  ( 35.75000000000125056, 0.000000000000000000, 11.99999999999999822 ) ) ;
#4723 = VECTOR ( 'NONE', #1572, 1000.000000000000000 ) ;
#4724 = LINE ( 'NONE', #878, #1513 ) ;
#4725 = ORIENTED_EDGE ( 'NONE', *, *, #1053, .F. ) ;
#4726 = CYLINDRICAL_SURFACE ( 'NONE', #4325, 1.275000000000004796 ) ;
#4727 =( NAMED_UNIT ( * ) SI_UNIT ( $, .STERADIAN. ) SOLID_ANGLE_UNIT ( ) );
#4728 = VECTOR ( 'NONE', #4643, 1000.000000000000000 ) ;
#4729 = CARTESIAN_POINT ( 'NONE',  ( 35.75000000000041211, 1.600000000000000089, 0.000000000000000000 ) ) ;
#4730 = DIRECTION ( 'NONE',  ( 1.000000000000000000, 0.000000000000000000, 6.608470384672269125E-15 ) ) ;
#4731 = PLANE ( 'NONE',  #3282 ) ;
#4732 = DIRECTION ( 'NONE',  ( 0.000000000000000000, 0.000000000000000000, 1.000000000000000000 ) ) ;
#4733 = DIRECTION ( 'NONE',  ( -0.8660254037844398178, 0.000000000000000000, 0.4999999999999980016 ) ) ;
#4734 = ORIENTED_EDGE ( 'NONE', *, *, #3275, .T. ) ;
#4735 = DIRECTION ( 'NONE',  ( 0.000000000000000000, -1.000000000000000000, 0.000000000000000000 ) ) ;
#4736 = ORIENTED_EDGE ( 'NONE', *, *, #4711, .F. ) ;
#4737 = CARTESIAN_POINT ( 'NONE',  ( 19.17894705065950589, 1.600000000000000089, 19.29783693159154012 ) ) ;
#4738 = CARTESIAN_POINT ( 'NONE',  ( 35.75000000000041211, 0.000000000000000000, 0.000000000000000000 ) ) ;
#4739 = ORIENTED_EDGE ( 'NONE', *, *, #5001, .F. ) ;
#4740 = EDGE_LOOP ( 'NONE', ( #5278, #2203 ) ) ;
#4741 = CARTESIAN_POINT ( 'NONE',  ( -35.74999999999874944, 0.000000000000000000, 12.99999999999999645 ) ) ;
#4742 = ORIENTED_EDGE ( 'NONE', *, *, #5095, .T. ) ;
#4743 = ORIENTED_EDGE ( 'NONE', *, *, #2477, .T. ) ;
#4744 = FACE_OUTER_BOUND ( 'NONE', #2351, .T. ) ;
#4745 = EDGE_CURVE ( 'NONE', #668, #3894, #3858, .T. ) ;
#4746 = EDGE_LOOP ( 'NONE', ( #2176, #4385, #872, #1382 ) ) ;
#4747 = CYLINDRICAL_SURFACE ( 'NONE', #1602, 0.5000000000000004441 ) ;
#4748 = DIRECTION ( 'NONE',  ( 0.000000000000000000, 1.000000000000000000, -0.000000000000000000 ) ) ;
#4749 = DIRECTION ( 'NONE',  ( 0.000000000000000000, 0.000000000000000000, -1.000000000000000000 ) ) ;
#4750 = EDGE_CURVE ( 'NONE', #1327, #306, #2172, .T. ) ;
#4751 = EDGE_CURVE ( 'NONE', #1412, #1734, #4765, .T. ) ;
#4752 = AXIS2_PLACEMENT_3D ( 'NONE', #423, #4244, #1702 ) ;
#4753 = PLANE ( 'NONE',  #2792 ) ;
#4754 = FACE_OUTER_BOUND ( 'NONE', #4206, .T. ) ;
#4755 = CARTESIAN_POINT ( 'NONE',  ( 37.85000000000001563, 1.600000000000000089, 12.99999999999999645 ) ) ;
#4756 = EDGE_CURVE ( 'NONE', #454, #2123, #4289, .T. ) ;
#4757 = DIRECTION ( 'NONE',  ( 0.000000000000000000, 1.000000000000000000, 0.000000000000000000 ) ) ;
#4758 = ORIENTED_EDGE ( 'NONE', *, *, #5197, .T. ) ;
#4759 = FACE_OUTER_BOUND ( 'NONE', #191, .T. ) ;
#4760 = ORIENTED_EDGE ( 'NONE', *, *, #3482, .F. ) ;
#4761 = CARTESIAN_POINT ( 'NONE',  ( -35.75000000000000000, 1.600000000000000089, -77.00000000000000000 ) ) ;
#4762 = AXIS2_PLACEMENT_3D ( 'NONE', #425, #4617, #750 ) ;
#4763 = ORIENTED_EDGE ( 'NONE', *, *, #2887, .T. ) ;
#4764 = DIRECTION ( 'NONE',  ( 0.4999999999999979461, 0.000000000000000000, -0.8660254037844398178 ) ) ;
#4765 = LINE ( 'NONE', #2992, #3467 ) ;
#4766 = VECTOR ( 'NONE', #4838, 1000.000000000000000 ) ;
#4767 = CIRCLE ( 'NONE', #2244, 0.5000000000000004441 ) ;
#4768 = ORIENTED_EDGE ( 'NONE', *, *, #1722, .T. ) ;
#4769 = ORIENTED_EDGE ( 'NONE', *, *, #4066, .F. ) ;
#4770 = CARTESIAN_POINT ( 'NONE',  ( 26.10000000000000142, 0.000000000000000000, -85.98338711122495681 ) ) ;
#4771 = AXIS2_PLACEMENT_3D ( 'NONE', #4045, #4924, #3599 ) ;
#4772 = ORIENTED_EDGE ( 'NONE', *, *, #409, .F. ) ;
#4773 = ORIENTED_EDGE ( 'NONE', *, *, #4750, .F. ) ;
#4774 = AXIS2_PLACEMENT_3D ( 'NONE', #3363, #4442, #1240 ) ;
#4775 = LINE ( 'NONE', #3423, #4342 ) ;
#4776 = VECTOR ( 'NONE', #859, 1000.000000000000000 ) ;
#4777 = VERTEX_POINT ( 'NONE', #4710 ) ;
#4778 = DIRECTION ( 'NONE',  ( 0.000000000000000000, -1.000000000000000000, 0.000000000000000000 ) ) ;
#4779 = DIRECTION ( 'NONE',  ( 0.000000000000000000, 0.000000000000000000, -1.000000000000000000 ) ) ;
#4780 = CARTESIAN_POINT ( 'NONE',  ( 41.25000000000000711, 1.600000000000000089, 7.274822829958279335 ) ) ;
#4781 = ADVANCED_FACE ( 'NONE', ( #4652 ), #4347, .F. ) ;
#4782 = LINE ( 'NONE', #3463, #4327 ) ;
#4783 = CARTESIAN_POINT ( 'NONE',  ( 15.40000000000000036, 0.000000000000000000, 0.000000000000000000 ) ) ;
#4784 = VECTOR ( 'NONE', #4215, 1000.000000000000000 ) ;
#4785 = DIRECTION ( 'NONE',  ( 0.000000000000000000, -1.000000000000000000, 0.000000000000000000 ) ) ;
#4786 = DIRECTION ( 'NONE',  ( 0.000000000000000000, -1.000000000000000000, 0.000000000000000000 ) ) ;
#4787 = AXIS2_PLACEMENT_3D ( 'NONE', #4870, #920, #3991 ) ;
#4788 = ORIENTED_EDGE ( 'NONE', *, *, #1208, .T. ) ;
#4789 = LINE ( 'NONE', #522, #253 ) ;
#4790 = EDGE_CURVE ( 'NONE', #4095, #4594, #1929, .T. ) ;
#4792 = CARTESIAN_POINT ( 'NONE',  ( 41.25000000000000711, 1.600000000000000089, 7.274822829958277559 ) ) ;
#4791 = AXIS2_PLACEMENT_3D ( 'NONE', #2207, #421, #1763 ) ;
#4793 = AXIS2_PLACEMENT_3D ( 'NONE', #2845, #2454, #3688 ) ;
#4794 = ORIENTED_EDGE ( 'NONE', *, *, #4570, .F. ) ;
#4795 = DIRECTION ( 'NONE',  ( -0.000000000000000000, -1.000000000000000000, -0.000000000000000000 ) ) ;
#4796 = DIRECTION ( 'NONE',  ( 0.000000000000000000, -1.000000000000000000, 0.000000000000000000 ) ) ;
#4797 = CIRCLE ( 'NONE', #642, 1.275000000000004796 ) ;
#4798 = CIRCLE ( 'NONE', #2547, 60.43219500831563096 ) ;
#4799 = ORIENTED_EDGE ( 'NONE', *, *, #2615, .F. ) ;
#4800 = VERTEX_POINT ( 'NONE', #3834 ) ;
#4801 = CARTESIAN_POINT ( 'NONE',  ( 169.9127529108839951, 0.000000000000000000, -198.4776535637588495 ) ) ;
#4802 = ORIENTED_EDGE ( 'NONE', *, *, #2541, .F. ) ;
#4803 = VERTEX_POINT ( 'NONE', #3889 ) ;
#4804 = DIRECTION ( 'NONE',  ( 0.000000000000000000, 0.000000000000000000, -1.000000000000000000 ) ) ;
#4805 = AXIS2_PLACEMENT_3D ( 'NONE', #4901, #4872, #3968 ) ;
#4806 = ORIENTED_EDGE ( 'NONE', *, *, #296, .T. ) ;
#4807 = CARTESIAN_POINT ( 'NONE',  ( 37.85000000000000853, 0.000000000000000000, -47.50000000000000000 ) ) ;
#4808 = CARTESIAN_POINT ( 'NONE',  ( -37.85000000000001563, 0.000000000000000000, 20.99999999999998934 ) ) ;
#4809 = AXIS2_PLACEMENT_3D ( 'NONE', #1035, #235, #1964 ) ;
#4810 = CARTESIAN_POINT ( 'NONE',  ( 9.371867175538477923, 1.600000000000000089, -10.52234547028044176 ) ) ;
#4811 = SHAPE_DEFINITION_REPRESENTATION ( #3867, #1493 ) ;
#4812 = VECTOR ( 'NONE', #835, 1000.000000000000000 ) ;
#4813 = STYLED_ITEM ( 'NONE', ( #72 ), #4912 ) ;
#4814 = CARTESIAN_POINT ( 'NONE',  ( -32.32499999999993889, 1.600000000000000089, 33.45000000000000284 ) ) ;
#4815 = DIRECTION ( 'NONE',  ( 0.000000000000000000, 0.000000000000000000, -1.000000000000000000 ) ) ;
#4816 = CYLINDRICAL_SURFACE ( 'NONE', #5125, 1.275000000000001910 ) ;
#4817 = CARTESIAN_POINT ( 'NONE',  ( -17.50000000000000000, 1.600000000000000089, 36.97765452970058675 ) ) ;
#4818 = AXIS2_PLACEMENT_3D ( 'NONE', #5523, #4757, #1663 ) ;
#4819 = EDGE_CURVE ( 'NONE', #5025, #3407, #759, .T. ) ;
#4820 = ORIENTED_EDGE ( 'NONE', *, *, #3455, .F. ) ;
#4821 = DIRECTION ( 'NONE',  ( 0.000000000000000000, -1.000000000000000000, 0.000000000000000000 ) ) ;
#4822 = DIRECTION ( 'NONE',  ( -0.000000000000000000, 1.000000000000000000, -0.000000000000000000 ) ) ;
#4823 = EDGE_LOOP ( 'NONE', ( #70, #3912 ) ) ;
#4824 = LINE ( 'NONE', #4398, #2644 ) ;
#4825 = SURFACE_STYLE_FILL_AREA ( #2223 ) ;
#4826 = EDGE_CURVE ( 'NONE', #5297, #4438, #359, .T. ) ;
#4827 = ADVANCED_FACE ( 'NONE', ( #4680 ), #5107, .F. ) ;
#4828 = ORIENTED_EDGE ( 'NONE', *, *, #1337, .F. ) ;
#4829 = ORIENTED_EDGE ( 'NONE', *, *, #2097, .F. ) ;
#4830 = DIRECTION ( 'NONE',  ( 1.000000000000000000, -0.000000000000000000, 0.000000000000000000 ) ) ;
#4831 = ORIENTED_EDGE ( 'NONE', *, *, #1618, .F. ) ;
#4832 = EDGE_LOOP ( 'NONE', ( #958, #237, #1417, #3187, #4794, #5588, #333, #4932, #2067, #2950 ) ) ;
#4833 = DIRECTION ( 'NONE',  ( 0.000000000000000000, 0.000000000000000000, 1.000000000000000000 ) ) ;
#4834 = EDGE_CURVE ( 'NONE', #4961, #2627, #3918, .T. ) ;
#4835 = EDGE_CURVE ( 'NONE', #602, #2286, #5083, .T. ) ;
#4836 = VERTEX_POINT ( 'NONE', #5583 ) ;
#4837 = DIRECTION ( 'NONE',  ( 0.000000000000000000, 1.000000000000000000, 0.000000000000000000 ) ) ;
#4838 = DIRECTION ( 'NONE',  ( 1.000000000000000000, 0.000000000000000000, 1.321694076933667804E-14 ) ) ;
#4839 = DIRECTION ( 'NONE',  ( 0.000000000000000000, 0.000000000000000000, -1.000000000000000000 ) ) ;
#4840 = DIRECTION ( 'NONE',  ( 0.000000000000000000, -1.000000000000000000, 0.000000000000000000 ) ) ;
#4841 = DIRECTION ( 'NONE',  ( 0.000000000000000000, 0.000000000000000000, 1.000000000000000000 ) ) ;
#4842 = FACE_OUTER_BOUND ( 'NONE', #1247, .T. ) ;
#4843 = CARTESIAN_POINT ( 'NONE',  ( -37.35000000000000853, 1.600000000000000089, -47.49999999999589306 ) ) ;
#4844 = DIRECTION ( 'NONE',  ( 0.000000000000000000, 1.000000000000000000, -0.000000000000000000 ) ) ;
#4845 = PLANE ( 'NONE',  #1649 ) ;
#4846 = ORIENTED_EDGE ( 'NONE', *, *, #1053, .T. ) ;
#4847 = AXIS2_PLACEMENT_3D ( 'NONE', #110, #512, #1844 ) ;
#4848 = DIRECTION ( 'NONE',  ( -1.000000000000000000, 0.000000000000000000, 0.000000000000000000 ) ) ;
#4849 = FILL_AREA_STYLE_COLOUR ( '', #5347 ) ;
#4850 = ORIENTED_EDGE ( 'NONE', *, *, #3893, .T. ) ;
#4851 = VERTEX_POINT ( 'NONE', #5131 ) ;
#4852 = DIRECTION ( 'NONE',  ( -0.000000000000000000, -1.000000000000000000, 0.000000000000000000 ) ) ;
#4853 = EDGE_CURVE ( 'NONE', #2057, #701, #3105, .T. ) ;
#4854 = ORIENTED_EDGE ( 'NONE', *, *, #5170, .F. ) ;
#4855 = VERTEX_POINT ( 'NONE', #1755 ) ;
#4856 = CARTESIAN_POINT ( 'NONE',  ( -35.75000000000125056, 0.000000000000000000, 12.49999999999999645 ) ) ;
#4857 = VECTOR ( 'NONE', #2212, 1000.000000000000000 ) ;
#4858 = AXIS2_PLACEMENT_3D ( 'NONE', #3124, #4340, #2300 ) ;
#4859 = EDGE_LOOP ( 'NONE', ( #780, #3502, #5556, #3602, #4658, #5437, #2338, #5168, #1644, #2799 ) ) ;
#4860 = VECTOR ( 'NONE', #3198, 1000.000000000000000 ) ;
#4861 = EDGE_CURVE ( 'NONE', #5327, #5525, #390, .T. ) ;
#4862 = EDGE_CURVE ( 'NONE', #1305, #673, #2743, .T. ) ;
#4863 = CARTESIAN_POINT ( 'NONE',  ( 35.75000000000000000, 1.600000000000000089, 0.000000000000000000 ) ) ;
#4864 = LINE ( 'NONE', #996, #1451 ) ;
#4865 = CARTESIAN_POINT ( 'NONE',  ( -3.283088087106474322E-11, 1.600000000000000089, -69.00000000001391243 ) ) ;
#4866 = CIRCLE ( 'NONE', #3428, 1.550000000000002709 ) ;
#4867 = FACE_OUTER_BOUND ( 'NONE', #3687, .T. ) ;
#4868 = LINE ( 'NONE', #4783, #4060 ) ;
#4869 = LINE ( 'NONE', #1423, #3769 ) ;
#4870 = CARTESIAN_POINT ( 'NONE',  ( -35.75000000000167688, 0.000000000000000000, 50.99999999999999289 ) ) ;
#4871 = FACE_OUTER_BOUND ( 'NONE', #4910, .T. ) ;
#4872 = DIRECTION ( 'NONE',  ( -0.000000000000000000, -1.000000000000000000, 0.000000000000000000 ) ) ;
#4873 = VERTEX_POINT ( 'NONE', #2594 ) ;
#4874 = DIRECTION ( 'NONE',  ( -0.000000000000000000, -1.000000000000000000, -0.000000000000000000 ) ) ;
#4875 = LINE ( 'NONE', #5269, #205 ) ;
#4876 = AXIS2_PLACEMENT_3D ( 'NONE', #2357, #2016, #3624 ) ;
#4877 = ORIENTED_EDGE ( 'NONE', *, *, #1533, .T. ) ;
#4878 = ORIENTED_EDGE ( 'NONE', *, *, #5393, .F. ) ;
#4879 = CYLINDRICAL_SURFACE ( 'NONE', #4071, 1.550000000000002709 ) ;
#4880 = AXIS2_PLACEMENT_3D ( 'NONE', #3145, #3546, #2725 ) ;
#4881 = ORIENTED_EDGE ( 'NONE', *, *, #5370, .T. ) ;
#4882 = VERTEX_POINT ( 'NONE', #4317 ) ;
#4883 = LINE ( 'NONE', #2314, #831 ) ;
#4884 = AXIS2_PLACEMENT_3D ( 'NONE', #1699, #3369, #1273 ) ;
#4885 = VECTOR ( 'NONE', #4511, 1000.000000000000000 ) ;
#4886 = EDGE_CURVE ( 'NONE', #4055, #4165, #2678, .T. ) ;
#4887 = VERTEX_POINT ( 'NONE', #1354 ) ;
#4888 = CARTESIAN_POINT ( 'NONE',  ( 35.75000000000125056, 1.600000000000000089, 20.49999999999998934 ) ) ;
#4889 = DIRECTION ( 'NONE',  ( 0.000000000000000000, 1.000000000000000000, -0.000000000000000000 ) ) ;
#4890 = EDGE_CURVE ( 'NONE', #414, #1009, #2650, .T. ) ;
#4891 = EDGE_CURVE ( 'NONE', #3757, #4409, #4875, .T. ) ;
#4892 = EDGE_CURVE ( 'NONE', #338, #771, #3013, .T. ) ;
#4893 = DIRECTION ( 'NONE',  ( -0.000000000000000000, -1.000000000000000000, -0.000000000000000000 ) ) ;
#4894 = CARTESIAN_POINT ( 'NONE',  ( 36.25000000000167688, 0.000000000000000000, 42.49999999999999289 ) ) ;
#4895 = CARTESIAN_POINT ( 'NONE',  ( 24.57499999999999929, 1.600000000000000089, -39.00000000000000000 ) ) ;
#4896 = CARTESIAN_POINT ( 'NONE',  ( -37.84999999999998721, 1.600000000000000089, 43.00000000000000000 ) ) ;
#4897 = EDGE_CURVE ( 'NONE', #4320, #3561, #2926, .T. ) ;
#4898 = VECTOR ( 'NONE', #2333, 1000.000000000000000 ) ;
#4899 = EDGE_CURVE ( 'NONE', #2591, #4245, #1457, .T. ) ;
#4900 = CARTESIAN_POINT ( 'NONE',  ( -9.249999999999998224, 1.600000000000000089, 2.525000000000003464 ) ) ;
#4901 = CARTESIAN_POINT ( 'NONE',  ( 24.57499999999999929, 0.000000000000000000, 19.00000000000000355 ) ) ;
#4902 = PLANE ( 'NONE',  #5121 ) ;
#4903 = ORIENTED_EDGE ( 'NONE', *, *, #1999, .F. ) ;
#4904 = AXIS2_PLACEMENT_3D ( 'NONE', #2652, #5320, #604 ) ;
#4905 = DIRECTION ( 'NONE',  ( -0.000000000000000000, 1.000000000000000000, -0.000000000000000000 ) ) ;
#4906 = DIRECTION ( 'NONE',  ( 0.000000000000000000, 0.000000000000000000, 1.000000000000000000 ) ) ;
#4907 = ORIENTED_EDGE ( 'NONE', *, *, #931, .F. ) ;
#4908 = ORIENTED_EDGE ( 'NONE', *, *, #1274, .T. ) ;
#4909 = DIRECTION ( 'NONE',  ( -0.000000000000000000, -1.000000000000000000, -0.000000000000000000 ) ) ;
#4910 = EDGE_LOOP ( 'NONE', ( #4405, #2429, #4228, #476 ) ) ;
#4911 = DIRECTION ( 'NONE',  ( 0.000000000000000000, 0.000000000000000000, -1.000000000000000000 ) ) ;
#4912 = MANIFOLD_SOLID_BREP ( 'µ¶¿Ú', #2246 ) ;
#4913 = EDGE_LOOP ( 'NONE', ( #4763, #534, #5497, #1648 ) ) ;
#4914 = FACE_OUTER_BOUND ( 'NONE', #469, .T. ) ;
#4915 = ORIENTED_EDGE ( 'NONE', *, *, #2174, .T. ) ;
#4916 = EDGE_CURVE ( 'NONE', #1490, #766, #501, .T. ) ;
#4917 = CARTESIAN_POINT ( 'NONE',  ( -27.75000000000000355, 1.600000000000000089, -20.02500000000000213 ) ) ;
#4918 = EDGE_LOOP ( 'NONE', ( #1799, #1, #763, #3686 ) ) ;
#4919 = LINE ( 'NONE', #4467, #2252 ) ;
#4920 = DIRECTION ( 'NONE',  ( -1.000000000000000000, 0.000000000000000000, 8.673617379884051496E-17 ) ) ;
#4921 = EDGE_CURVE ( 'NONE', #2062, #3302, #128, .T. ) ;
#4922 = CARTESIAN_POINT ( 'NONE',  ( -6.750000000000002665, 0.000000000000000000, -20.02500000000000568 ) ) ;
#4923 = FACE_OUTER_BOUND ( 'NONE', #2909, .T. ) ;
#4924 = DIRECTION ( 'NONE',  ( -0.000000000000000000, -1.000000000000000000, 0.000000000000000000 ) ) ;
#4925 = DIRECTION ( 'NONE',  ( -0.000000000000000000, 1.000000000000000000, -0.000000000000000000 ) ) ;
#4926 = EDGE_CURVE ( 'NONE', #1970, #3830, #1833, .T. ) ;
#4927 = DIRECTION ( 'NONE',  ( 0.000000000000000000, -0.000000000000000000, 1.000000000000000000 ) ) ;
#4928 = ADVANCED_FACE ( 'NONE', ( #2306 ), #179, .F. ) ;
#4929 = CARTESIAN_POINT ( 'NONE',  ( -15.00000014403561366, 1.600000000000000089, -64.02234547029955536 ) ) ;
#4930 = LINE ( 'NONE', #1512, #1474 ) ;
#4931 = VERTEX_POINT ( 'NONE', #3558 ) ;
#4932 = ORIENTED_EDGE ( 'NONE', *, *, #605, .F. ) ;
#4933 = LINE ( 'NONE', #1516, #1639 ) ;
#4934 = VECTOR ( 'NONE', #1622, 1000.000000000000000 ) ;
#4935 = ORIENTED_EDGE ( 'NONE', *, *, #2754, .F. ) ;
#4936 = DIRECTION ( 'NONE',  ( -1.000000000000000000, 0.000000000000000000, -1.261617073438012032E-16 ) ) ;
#4937 = CIRCLE ( 'NONE', #1510, 1.550000000000550937 ) ;
#4938 = EDGE_LOOP ( 'NONE', ( #4725, #3715, #4769, #4291 ) ) ;
#4939 = DIRECTION ( 'NONE',  ( -1.734723475976810546E-16, 0.000000000000000000, -1.000000000000000000 ) ) ;
#4940 = ORIENTED_EDGE ( 'NONE', *, *, #3845, .F. ) ;
#4941 = CARTESIAN_POINT ( 'NONE',  ( -30.25000000000000355, 1.600000000000000089, -20.02500000000000213 ) ) ;
#4942 = EDGE_LOOP ( 'NONE', ( #3936, #1413, #4358, #5386 ) ) ;
#4943 = CARTESIAN_POINT ( 'NONE',  ( 169.9127529108813803, -8.400000000000000355, 177.4329626232003818 ) ) ;
#4944 = CARTESIAN_POINT ( 'NONE',  ( -2.775557561562891351E-14, 1.600000000000000089, -1.150478294741963392 ) ) ;
#4945 = CIRCLE ( 'NONE', #1070, 0.5000000000000004441 ) ;
#4946 = FACE_BOUND ( 'NONE', #1640, .T. ) ;
#4947 = CIRCLE ( 'NONE', #1975, 0.5000000000000004441 ) ;
#4948 = CARTESIAN_POINT ( 'NONE',  ( 41.25000000000000711, 0.000000000000000000, 5.204170427931801001E-15 ) ) ;
#4949 = AXIS2_PLACEMENT_3D ( 'NONE', #1982, #5311, #4975 ) ;
#4950 = EDGE_CURVE ( 'NONE', #894, #2169, #2735, .T. ) ;
#4951 = CARTESIAN_POINT ( 'NONE',  ( 32.32499999999993889, 1.600000000000000089, 35.00000000000000000 ) ) ;
#4952 = CYLINDRICAL_SURFACE ( 'NONE', #1365, 0.4999999999999987232 ) ;
#4953 = DIRECTION ( 'NONE',  ( -0.000000000000000000, 1.000000000000000000, -0.000000000000000000 ) ) ;
#4954 = CARTESIAN_POINT ( 'NONE',  ( 37.85000000000000853, 1.600000000000000089, -39.50000000000000711 ) ) ;
#4955 = CARTESIAN_POINT ( 'NONE',  ( 36.25000000000125056, 1.600000000000000089, 20.99999999999998934 ) ) ;
#4956 = EDGE_CURVE ( 'NONE', #4800, #1926, #115, .T. ) ;
#4957 = EDGE_CURVE ( 'NONE', #2488, #3997, #1564, .T. ) ;
#4958 = EDGE_LOOP ( 'NONE', ( #699, #4098, #1249, #865 ) ) ;
#4959 = VERTEX_POINT ( 'NONE', #2762 ) ;
#4960 = DIRECTION ( 'NONE',  ( -0.000000000000000000, -1.000000000000000000, -0.000000000000000000 ) ) ;
#4961 = VERTEX_POINT ( 'NONE', #4479 ) ;
#4962 = AXIS2_PLACEMENT_3D ( 'NONE', #4277, #4612, #2497 ) ;
#4963 = DIRECTION ( 'NONE',  ( 0.000000000000000000, 0.000000000000000000, 1.000000000000000000 ) ) ;
#4964 = CARTESIAN_POINT ( 'NONE',  ( 35.75000000000000000, 1.600000000000000089, -77.00000000000000000 ) ) ;
#4965 = AXIS2_PLACEMENT_3D ( 'NONE', #4817, #3097, #94 ) ;
#4966 = AXIS2_PLACEMENT_3D ( 'NONE', #175, #4925, #2838 ) ;
#4967 = ORIENTED_EDGE ( 'NONE', *, *, #2438, .F. ) ;
#4968 = ORIENTED_EDGE ( 'NONE', *, *, #3032, .F. ) ;
#4969 = CARTESIAN_POINT ( 'NONE',  ( -32.32500000000000284, 1.600000000000000089, -52.49999999999819522 ) ) ;
#4970 = VECTOR ( 'NONE', #4096, 1000.000000000000000 ) ;
#4971 = VERTEX_POINT ( 'NONE', #3500 ) ;
#4972 = LINE ( 'NONE', #1557, #1543 ) ;
#4973 = AXIS2_PLACEMENT_3D ( 'NONE', #5441, #1577, #4113 ) ;
#4974 = EDGE_LOOP ( 'NONE', ( #5532, #47, #990, #2789 ) ) ;
#4975 = DIRECTION ( 'NONE',  ( 0.000000000000000000, 0.000000000000000000, 1.000000000000000000 ) ) ;
#4976 = LINE ( 'NONE', #2437, #149 ) ;
#4977 = LINE ( 'NONE', #1936, #4493 ) ;
#4978 = DIRECTION ( 'NONE',  ( 0.000000000000000000, 0.000000000000000000, 1.000000000000000000 ) ) ;
#4979 = LINE ( 'NONE', #2807, #2335 ) ;
#4980 = CARTESIAN_POINT ( 'NONE',  ( -35.75000000000167688, 0.000000000000000000, 42.49999999999999289 ) ) ;
#4981 = PLANE ( 'NONE',  #247 ) ;
#4982 = ORIENTED_EDGE ( 'NONE', *, *, #679, .F. ) ;
#4983 = LINE ( 'NONE', #4954, #1470 ) ;
#4984 = EDGE_CURVE ( 'NONE', #148, #4882, #5043, .T. ) ;
#4985 = CIRCLE ( 'NONE', #3722, 0.4999999999999987232 ) ;
#4986 = CARTESIAN_POINT ( 'NONE',  ( -32.32500000000000284, 1.600000000000000089, -50.94999999999764384 ) ) ;
#4987 = ORIENTED_EDGE ( 'NONE', *, *, #544, .T. ) ;
#4988 = VERTEX_POINT ( 'NONE', #753 ) ;
#4989 = CIRCLE ( 'NONE', #939, 1.550000000000002709 ) ;
#4990 = DIRECTION ( 'NONE',  ( -0.000000000000000000, 1.000000000000000000, -0.000000000000000000 ) ) ;
#4991 = ORIENTED_EDGE ( 'NONE', *, *, #5124, .T. ) ;
#4992 = FACE_OUTER_BOUND ( 'NONE', #4029, .T. ) ;
#4993 = EDGE_CURVE ( 'NONE', #1093, #5298, #294, .T. ) ;
#4994 = CARTESIAN_POINT ( 'NONE',  ( -30.25000000000000000, 0.000000000000000000, 2.525000000000006128 ) ) ;
#4995 = EDGE_CURVE ( 'NONE', #3760, #1269, #4621, .T. ) ;
#4996 = VECTOR ( 'NONE', #4563, 1000.000000000000000 ) ;
#4997 = ORIENTED_EDGE ( 'NONE', *, *, #466, .F. ) ;
#4998 = VERTEX_POINT ( 'NONE', #3207 ) ;
#4999 = CARTESIAN_POINT ( 'NONE',  ( 37.85000000000000142, 1.600000000000000089, -77.50000000000000000 ) ) ;
#5000 = CARTESIAN_POINT ( 'NONE',  ( 29.82018240187192504, -8.400000000000000355, -29.70129252094003292 ) ) ;
#5001 = EDGE_CURVE ( 'NONE', #4070, #2490, #3232, .T. ) ;
#5002 = EDGE_CURVE ( 'NONE', #5509, #2522, #2476, .T. ) ;
#5003 = ORIENTED_EDGE ( 'NONE', *, *, #3574, .F. ) ;
#5004 = CARTESIAN_POINT ( 'NONE',  ( -37.85000000000000142, 1.600000000000000089, -78.00000000000000000 ) ) ;
#5005 = FACE_OUTER_BOUND ( 'NONE', #1317, .T. ) ;
#5006 = EDGE_LOOP ( 'NONE', ( #23, #4464, #5174, #2247 ) ) ;
#5007 = FACE_BOUND ( 'NONE', #4234, .T. ) ;
#5008 = DIRECTION ( 'NONE',  ( 0.000000000000000000, -1.000000000000000000, 0.000000000000000000 ) ) ;
#5009 = DIRECTION ( 'NONE',  ( 0.000000000000000000, 0.000000000000000000, 1.000000000000000000 ) ) ;
#5010 = DIRECTION ( 'NONE',  ( 1.000000000000000000, -0.000000000000000000, 0.000000000000000000 ) ) ;
#5011 = FACE_BOUND ( 'NONE', #477, .T. ) ;
#5012 = VERTEX_POINT ( 'NONE', #1942 ) ;
#5013 = DIRECTION ( 'NONE',  ( 0.000000000000000000, -1.000000000000000000, 0.000000000000000000 ) ) ;
#5014 = CARTESIAN_POINT ( 'NONE',  ( 0.000000000000000000, 0.000000000000000000, -88.48338711122495681 ) ) ;
#5015 = VERTEX_POINT ( 'NONE', #4955 ) ;
#5016 = ORIENTED_EDGE ( 'NONE', *, *, #1126, .T. ) ;
#5017 = DIRECTION ( 'NONE',  ( 0.000000000000000000, 0.000000000000000000, 1.000000000000000000 ) ) ;
#5018 = ORIENTED_EDGE ( 'NONE', *, *, #2336, .T. ) ;
#5019 = CYLINDRICAL_SURFACE ( 'NONE', #4270, 0.5000000000000004441 ) ;
#5020 = PLANE ( 'NONE',  #1348 ) ;
#5021 = EDGE_CURVE ( 'NONE', #2596, #766, #4930, .T. ) ;
#5022 = ORIENTED_EDGE ( 'NONE', *, *, #5301, .T. ) ;
#5023 = VERTEX_POINT ( 'NONE', #1181 ) ;
#5024 = DIRECTION ( 'NONE',  ( -1.000000000000000000, 0.000000000000000000, -1.321694076933929864E-14 ) ) ;
#5025 = VERTEX_POINT ( 'NONE', #3683 ) ;
#5026 = CARTESIAN_POINT ( 'NONE',  ( -37.85000000000001563, 1.600000000000000089, 20.99999999999998934 ) ) ;
#5027 = VECTOR ( 'NONE', #546, 1000.000000000000000 ) ;
#5028 = EDGE_CURVE ( 'NONE', #5012, #5448, #3631, .T. ) ;
#5029 = ORIENTED_EDGE ( 'NONE', *, *, #1751, .T. ) ;
#5030 = EDGE_CURVE ( 'NONE', #3339, #3581, #2390, .T. ) ;
#5031 = CARTESIAN_POINT ( 'NONE',  ( 0.000000000000000000, 0.000000000000000000, 20.99999999999998934 ) ) ;
#5032 = DIRECTION ( 'NONE',  ( -0.000000000000000000, -1.000000000000000000, -0.000000000000000000 ) ) ;
#5033 = VERTEX_POINT ( 'NONE', #3266 ) ;
#5034 = DIRECTION ( 'NONE',  ( -1.000000000000000000, 0.000000000000000000, 0.000000000000000000 ) ) ;
#5035 = LINE ( 'NONE', #2753, #1276 ) ;
#5036 = AXIS2_PLACEMENT_3D ( 'NONE', #601, #234, #1508 ) ;
#5037 = CIRCLE ( 'NONE', #4858, 1.275000000000005018 ) ;
#5038 = LINE ( 'NONE', #3379, #5581 ) ;
#5039 = CARTESIAN_POINT ( 'NONE',  ( -37.85000000000000142, 1.600000000000000089, -69.50000000000000000 ) ) ;
#5040 = CARTESIAN_POINT ( 'NONE',  ( 37.85000000000000853, 1.600000000000000089, -39.00000000000000711 ) ) ;
#5041 = ORIENTED_EDGE ( 'NONE', *, *, #3579, .F. ) ;
#5042 = DIRECTION ( 'NONE',  ( -1.321694076933929864E-14, 0.000000000000000000, 1.000000000000000000 ) ) ;
#5043 = LINE ( 'NONE', #2905, #5439 ) ;
#5044 = AXIS2_PLACEMENT_3D ( 'NONE', #4729, #405, #3351 ) ;
#5045 = ORIENTED_EDGE ( 'NONE', *, *, #3915, .F. ) ;
#5046 = ORIENTED_EDGE ( 'NONE', *, *, #3375, .T. ) ;
#5047 = CARTESIAN_POINT ( 'NONE',  ( 37.85000000000000853, 0.000000000000000000, -0.000000000000000000 ) ) ;
#5048 = ORIENTED_EDGE ( 'NONE', *, *, #3382, .T. ) ;
#5049 = DIRECTION ( 'NONE',  ( -1.000000000000000000, 0.000000000000000000, -6.608470384672269125E-15 ) ) ;
#5050 = DIRECTION ( 'NONE',  ( 0.000000000000000000, -1.000000000000000000, 0.000000000000000000 ) ) ;
#5051 = ORIENTED_EDGE ( 'NONE', *, *, #1208, .F. ) ;
#5052 = ORIENTED_EDGE ( 'NONE', *, *, #122, .F. ) ;
#5053 = CARTESIAN_POINT ( 'NONE',  ( 35.75000000000000000, 1.600000000000000089, -69.00000000000000000 ) ) ;
#5054 = VERTEX_POINT ( 'NONE', #1060 ) ;
#5055 = CARTESIAN_POINT ( 'NONE',  ( 41.25000000000000711, 0.000000000000000000, 5.204170427931801001E-15 ) ) ;
#5056 = EDGE_CURVE ( 'NONE', #2660, #3693, #5172, .T. ) ;
#5057 = EDGE_LOOP ( 'NONE', ( #2632, #4481, #2251 ) ) ;
#5058 = FACE_OUTER_BOUND ( 'NONE', #3802, .T. ) ;
#5059 = DIRECTION ( 'NONE',  ( 0.000000000000000000, 0.000000000000000000, -1.000000000000000000 ) ) ;
#5060 = CIRCLE ( 'NONE', #1634, 0.5000000000000004441 ) ;
#5061 = EDGE_LOOP ( 'NONE', ( #4572, #2010, #4637, #46 ) ) ;
#5062 = CARTESIAN_POINT ( 'NONE',  ( -35.75000000000125056, 0.000000000000000000, 20.99999999999998934 ) ) ;
#5063 = EDGE_CURVE ( 'NONE', #166, #1580, #266, .T. ) ;
#5064 = EDGE_CURVE ( 'NONE', #2148, #268, #5434, .T. ) ;
#5065 = AXIS2_PLACEMENT_3D ( 'NONE', #3134, #108, #4911 ) ;
#5066 = ADVANCED_FACE ( 'NONE', ( #2814 ), #1539, .F. ) ;
#5067 = VECTOR ( 'NONE', #3974, 1000.000000000000000 ) ;
#5068 = CARTESIAN_POINT ( 'NONE',  ( 35.75000000000000000, 1.600000000000000089, -78.00000000000000000 ) ) ;
#5069 = LINE ( 'NONE', #2529, #4344 ) ;
#5070 = CIRCLE ( 'NONE', #2728, 22.96473704765647383 ) ;
#5071 = CARTESIAN_POINT ( 'NONE',  ( 187.9553080934801983, -8.400000000000000355, -180.4350983811624474 ) ) ;
#5072 = EDGE_CURVE ( 'NONE', #4482, #3326, #661, .T. ) ;
#5073 = EDGE_CURVE ( 'NONE', #1954, #2587, #211, .T. ) ;
#5074 = DIRECTION ( 'NONE',  ( 0.000000000000000000, 1.000000000000000000, -0.000000000000000000 ) ) ;
#5075 = ORIENTED_EDGE ( 'NONE', *, *, #1229, .F. ) ;
#5076 = ORIENTED_EDGE ( 'NONE', *, *, #3066, .F. ) ;
#5077 = CARTESIAN_POINT ( 'NONE',  ( -6.750000000000002665, 1.600000000000000089, -20.02500000000000568 ) ) ;
#5078 = CIRCLE ( 'NONE', #2924, 1.550000000000550937 ) ;
#5079 = EDGE_LOOP ( 'NONE', ( #2398, #509, #960, #2737 ) ) ;
#5080 = DIRECTION ( 'NONE',  ( 0.000000000000000000, 0.000000000000000000, -1.000000000000000000 ) ) ;
#5081 = DIRECTION ( 'NONE',  ( -0.000000000000000000, 1.000000000000000000, -0.000000000000000000 ) ) ;
#5082 = VECTOR ( 'NONE', #4642, 1000.000000000000000 ) ;
#5083 = CIRCLE ( 'NONE', #4184, 1.549999999999697398 ) ;
#5084 = ORIENTED_EDGE ( 'NONE', *, *, #2857, .T. ) ;
#5085 = ORIENTED_EDGE ( 'NONE', *, *, #398, .T. ) ;
#5086 = LINE ( 'NONE', #277, #4219 ) ;
#5087 = ORIENTED_EDGE ( 'NONE', *, *, #2904, .T. ) ;
#5088 = CARTESIAN_POINT ( 'NONE',  ( 37.85000000000001563, 0.000000000000000000, 12.99999999999999645 ) ) ;
#5089 = ORIENTED_EDGE ( 'NONE', *, *, #2548, .F. ) ;
#5090 = ADVANCED_FACE ( 'NONE', ( #689 ), #724, .F. ) ;
#5091 = DIRECTION ( 'NONE',  ( -0.000000000000000000, -1.000000000000000000, 0.000000000000000000 ) ) ;
#5092 = VERTEX_POINT ( 'NONE', #1993 ) ;
#5093 = LINE ( 'NONE', #2042, #3422 ) ;
#5094 = FACE_OUTER_BOUND ( 'NONE', #989, .T. ) ;
#5095 = EDGE_CURVE ( 'NONE', #4310, #5234, #3638, .T. ) ;
#5096 = LINE ( 'NONE', #1256, #1170 ) ;
#5097 = DIRECTION ( 'NONE',  ( 0.000000000000000000, -1.000000000000000000, 0.000000000000000000 ) ) ;
#5098 = DIRECTION ( 'NONE',  ( 0.000000000000000000, 0.000000000000000000, 1.000000000000000000 ) ) ;
#5099 = FACE_OUTER_BOUND ( 'NONE', #5006, .T. ) ;
#5100 = EDGE_CURVE ( 'NONE', #726, #1328, #4591, .T. ) ;
#5101 = ORIENTED_EDGE ( 'NONE', *, *, #4835, .T. ) ;
#5102 = ORIENTED_EDGE ( 'NONE', *, *, #160, .F. ) ;
#5103 = EDGE_CURVE ( 'NONE', #246, #3078, #3404, .T. ) ;
#5104 = CARTESIAN_POINT ( 'NONE',  ( 41.25000000000000000, 1.600000000000000089, 54.99999999998543387 ) ) ;
#5105 = VERTEX_POINT ( 'NONE', #777 ) ;
#5106 = DIRECTION ( 'NONE',  ( 0.000000000000000000, 0.000000000000000000, 1.000000000000000000 ) ) ;
#5107 = CYLINDRICAL_SURFACE ( 'NONE', #1212, 0.5000000000000004441 ) ;
#5108 = ORIENTED_EDGE ( 'NONE', *, *, #810, .T. ) ;
#5109 = ORIENTED_EDGE ( 'NONE', *, *, #4819, .T. ) ;
#5110 = CYLINDRICAL_SURFACE ( 'NONE', #2778, 246.5002818899938859 ) ;
#5111 = ORIENTED_EDGE ( 'NONE', *, *, #5270, .T. ) ;
#5112 = CARTESIAN_POINT ( 'NONE',  ( -35.75000000000000000, 0.000000000000000000, -77.00000000000000000 ) ) ;
#5113 = ORIENTED_EDGE ( 'NONE', *, *, #1090, .F. ) ;
#5114 = CYLINDRICAL_SURFACE ( 'NONE', #1152, 0.5000000000000004441 ) ;
#5115 = VECTOR ( 'NONE', #2775, 1000.000000000000000 ) ;
#5116 = ORIENTED_EDGE ( 'NONE', *, *, #5364, .T. ) ;
#5117 = CARTESIAN_POINT ( 'NONE',  ( 1.110223024625156540E-13, 1.600000000000000089, -19.89421264581889304 ) ) ;
#5118 = DIRECTION ( 'NONE',  ( 0.000000000000000000, 0.000000000000000000, -1.000000000000000000 ) ) ;
#5119 = CARTESIAN_POINT ( 'NONE',  ( -21.49999999998818367, 0.000000000000000000, -70.23338711122495681 ) ) ;
#5120 = PLANE ( 'NONE',  #1189 ) ;
#5121 = AXIS2_PLACEMENT_3D ( 'NONE', #2866, #4927, #5317 ) ;
#5122 = DIRECTION ( 'NONE',  ( 0.000000000000000000, 0.000000000000000000, 1.000000000000000000 ) ) ;
#5123 = CARTESIAN_POINT ( 'NONE',  ( 35.75000000000041211, 0.000000000000000000, -47.50000000000000711 ) ) ;
#5124 = EDGE_CURVE ( 'NONE', #690, #3588, #4369, .T. ) ;
#5125 = AXIS2_PLACEMENT_3D ( 'NONE', #1824, #2670, #1002 ) ;
#5126 = DIRECTION ( 'NONE',  ( 0.000000000000000000, 0.000000000000000000, -1.000000000000000000 ) ) ;
#5127 = VERTEX_POINT ( 'NONE', #3798 ) ;
#5128 = ORIENTED_EDGE ( 'NONE', *, *, #2609, .T. ) ;
#5129 = VECTOR ( 'NONE', #1143, 1000.000000000000000 ) ;
#5130 = CARTESIAN_POINT ( 'NONE',  ( 23.60000000000000497, 1.600000000000000089, -55.24999999999999289 ) ) ;
#5131 = CARTESIAN_POINT ( 'NONE',  ( -9.249999999999998224, 0.000000000000000000, -17.47499999999999787 ) ) ;
#5132 = CIRCLE ( 'NONE', #4415, 0.5000000000000004441 ) ;
#5133 = EDGE_CURVE ( 'NONE', #5525, #902, #2381, .T. ) ;
#5134 = ADVANCED_FACE ( 'NONE', ( #1686 ), #2984, .F. ) ;
#5135 = AXIS2_PLACEMENT_3D ( 'NONE', #3172, #622, #1934 ) ;
#5136 = ORIENTED_EDGE ( 'NONE', *, *, #2930, .T. ) ;
#5137 = EDGE_LOOP ( 'NONE', ( #1977, #2125, #5275 ) ) ;
#5138 = DIRECTION ( 'NONE',  ( 1.000000000000000000, 0.000000000000000000, 3.304235192337412123E-15 ) ) ;
#5139 = ORIENTED_EDGE ( 'NONE', *, *, #914, .T. ) ;
#5140 = DIRECTION ( 'NONE',  ( -0.000000000000000000, -1.000000000000000000, -0.000000000000000000 ) ) ;
#5141 = ORIENTED_EDGE ( 'NONE', *, *, #826, .F. ) ;
#5142 = CARTESIAN_POINT ( 'NONE',  ( 0.000000000000000000, 1.600000000000000089, 33.95859644822850498 ) ) ;
#5143 = DIRECTION ( 'NONE',  ( 0.000000000000000000, 1.000000000000000000, 0.000000000000000000 ) ) ;
#5144 = ORIENTED_EDGE ( 'NONE', *, *, #2127, .F. ) ;
#5145 = CARTESIAN_POINT ( 'NONE',  ( -27.75000000000000355, 1.600000000000000089, 1.250000000000000000 ) ) ;
#5146 = AXIS2_PLACEMENT_3D ( 'NONE', #4043, #229, #1906 ) ;
#5147 = CIRCLE ( 'NONE', #1005, 2.500000000000002220 ) ;
#5148 = DIRECTION ( 'NONE',  ( 0.000000000000000000, 0.000000000000000000, 1.000000000000000000 ) ) ;
#5149 = CARTESIAN_POINT ( 'NONE',  ( -3.687526474648494894E-11, 1.600000000000000089, -77.50000000001389822 ) ) ;
#5150 = VECTOR ( 'NONE', #3453, 1000.000000000000000 ) ;
#5151 = DIRECTION ( 'NONE',  ( -0.000000000000000000, -1.000000000000000000, 0.000000000000000000 ) ) ;
#5152 = CARTESIAN_POINT ( 'NONE',  ( -6.750000000000002665, 1.600000000000000089, -17.47499999999999787 ) ) ;
#5153 = ORIENTED_EDGE ( 'NONE', *, *, #1916, .F. ) ;
#5154 = ORIENTED_EDGE ( 'NONE', *, *, #474, .F. ) ;
#5155 = CARTESIAN_POINT ( 'NONE',  ( 5.100000000011818635, 1.600000000000000089, -67.73338711122495681 ) ) ;
#5156 = EDGE_CURVE ( 'NONE', #2424, #1831, #1713, .T. ) ;
#5157 = ORIENTED_EDGE ( 'NONE', *, *, #1930, .T. ) ;
#5158 = CARTESIAN_POINT ( 'NONE',  ( 9.141992718397773388E-13, 1.600000000000000089, -97.65062663272092891 ) ) ;
#5159 = CARTESIAN_POINT ( 'NONE',  ( 35.75000000000041211, 1.600000000000000089, -47.50000000000000711 ) ) ;
#5160 = EDGE_LOOP ( 'NONE', ( #3606, #4647, #3213, #4704 ) ) ;
#5161 = ORIENTED_EDGE ( 'NONE', *, *, #1471, .T. ) ;
#5162 = DIRECTION ( 'NONE',  ( 0.000000000000000000, 0.000000000000000000, -1.000000000000000000 ) ) ;
#5163 = ADVANCED_FACE ( 'NONE', ( #3828 ), #2502, .F. ) ;
#5164 = EDGE_LOOP ( 'NONE', ( #5422, #1410, #4605, #412 ) ) ;
#5165 = ORIENTED_EDGE ( 'NONE', *, *, #1047, .F. ) ;
#5166 = DIRECTION ( 'NONE',  ( -0.4999999999999979461, 0.000000000000000000, 0.8660254037844397068 ) ) ;
#5167 = CIRCLE ( 'NONE', #5346, 60.43219500831563096 ) ;
#5168 = ORIENTED_EDGE ( 'NONE', *, *, #2175, .T. ) ;
#5169 = EDGE_CURVE ( 'NONE', #2283, #5553, #1845, .T. ) ;
#5170 = EDGE_CURVE ( 'NONE', #4988, #2123, #1933, .T. ) ;
#5171 = DIRECTION ( 'NONE',  ( 0.000000000000000000, 0.000000000000000000, 1.000000000000000000 ) ) ;
#5172 = CIRCLE ( 'NONE', #485, 41.59239993997257301 ) ;
#5173 = DIRECTION ( 'NONE',  ( -1.000000000000000000, 0.000000000000000000, 8.673617379884051496E-17 ) ) ;
#5174 = ORIENTED_EDGE ( 'NONE', *, *, #2895, .F. ) ;
#5175 = CARTESIAN_POINT ( 'NONE',  ( -35.75000000000000000, 1.600000000000000089, -77.50000000000000000 ) ) ;
#5176 = DIRECTION ( 'NONE',  ( 0.000000000000000000, -1.000000000000000000, 0.000000000000000000 ) ) ;
#5177 = DIRECTION ( 'NONE',  ( -0.000000000000000000, -1.000000000000000000, 0.000000000000000000 ) ) ;
#5178 = LINE ( 'NONE', #5230, #614 ) ;
#5179 = DIRECTION ( 'NONE',  ( 0.000000000000000000, 1.000000000000000000, 0.000000000000000000 ) ) ;
#5180 = ORIENTED_EDGE ( 'NONE', *, *, #1029, .F. ) ;
#5181 = DIRECTION ( 'NONE',  ( 0.000000000000000000, 0.000000000000000000, -1.000000000000000000 ) ) ;
#5182 = ORIENTED_EDGE ( 'NONE', *, *, #3516, .T. ) ;
#5183 = ORIENTED_EDGE ( 'NONE', *, *, #4304, .T. ) ;
#5184 = CARTESIAN_POINT ( 'NONE',  ( -3.687526474648494894E-11, 0.000000000000000000, -77.50000000001389822 ) ) ;
#5185 = DIRECTION ( 'NONE',  ( 0.000000000000000000, 0.000000000000000000, -1.000000000000000000 ) ) ;
#5186 = ORIENTED_EDGE ( 'NONE', *, *, #5500, .T. ) ;
#5187 = EDGE_LOOP ( 'NONE', ( #1762, #3419, #4991, #3049 ) ) ;
#5188 = DIRECTION ( 'NONE',  ( 0.000000000000000000, 0.000000000000000000, -1.000000000000000000 ) ) ;
#5189 = VERTEX_POINT ( 'NONE', #4701 ) ;
#5190 = EDGE_LOOP ( 'NONE', ( #2746, #2563 ) ) ;
#5191 = FACE_OUTER_BOUND ( 'NONE', #4655, .T. ) ;
#5192 = EDGE_CURVE ( 'NONE', #418, #791, #4091, .T. ) ;
#5193 = ORIENTED_EDGE ( 'NONE', *, *, #2104, .T. ) ;
#5194 = DIRECTION ( 'NONE',  ( -1.000000000000000000, -0.000000000000000000, -0.000000000000000000 ) ) ;
#5195 = CARTESIAN_POINT ( 'NONE',  ( 15.40000000000000036, 1.600000000000000089, -60.27234500001782180 ) ) ;
#5196 = DIRECTION ( 'NONE',  ( 0.000000000000000000, 0.000000000000000000, 1.000000000000000000 ) ) ;
#5197 = EDGE_CURVE ( 'NONE', #3237, #3114, #4546, .T. ) ;
#5198 = ADVANCED_FACE ( 'NONE', ( #5099 ), #2613, .F. ) ;
#5199 = DIRECTION ( 'NONE',  ( -0.000000000000000000, -1.000000000000000000, -0.000000000000000000 ) ) ;
#5200 = DIRECTION ( 'NONE',  ( 0.000000000000000000, 0.000000000000000000, 1.000000000000000000 ) ) ;
#5201 = DIRECTION ( 'NONE',  ( 0.000000000000000000, 1.000000000000000000, -0.000000000000000000 ) ) ;
#5202 = DIRECTION ( 'NONE',  ( 0.000000000000000000, -1.000000000000000000, 0.000000000000000000 ) ) ;
#5203 = AXIS2_PLACEMENT_3D ( 'NONE', #5334, #1976, #1925 ) ;
#5204 = ORIENTED_EDGE ( 'NONE', *, *, #3400, .F. ) ;
#5205 = CARTESIAN_POINT ( 'NONE',  ( -37.85000000000001563, 0.000000000000000000, 42.49999999999999289 ) ) ;
#5206 = DIRECTION ( 'NONE',  ( -0.000000000000000000, 1.000000000000000000, -0.000000000000000000 ) ) ;
#5207 = VECTOR ( 'NONE', #3680, 1000.000000000000000 ) ;
#5208 = EDGE_LOOP ( 'NONE', ( #849, #2537, #5075, #1131 ) ) ;
#5209 = CARTESIAN_POINT ( 'NONE',  ( 41.25000000000000711, 1.600000000000000089, -80.50000000000000000 ) ) ;
#5210 = DIRECTION ( 'NONE',  ( 0.000000000000000000, 0.000000000000000000, 1.000000000000000000 ) ) ;
#5211 = VECTOR ( 'NONE', #3193, 1000.000000000000000 ) ;
#5212 = ORIENTED_EDGE ( 'NONE', *, *, #4303, .T. ) ;
#5213 = ORIENTED_EDGE ( 'NONE', *, *, #1932, .T. ) ;
#5214 = DIRECTION ( 'NONE',  ( -0.000000000000000000, -1.000000000000000000, 0.000000000000000000 ) ) ;
#5215 = AXIS2_PLACEMENT_3D ( 'NONE', #1688, #4646, #2079 ) ;
#5216 = ORIENTED_EDGE ( 'NONE', *, *, #4957, .F. ) ;
#5217 = ORIENTED_EDGE ( 'NONE', *, *, #4853, .T. ) ;
#5218 = AXIS2_PLACEMENT_3D ( 'NONE', #3273, #2293, #4010 ) ;
#5219 = VECTOR ( 'NONE', #3433, 1000.000000000000000 ) ;
#5220 = VERTEX_POINT ( 'NONE', #3879 ) ;
#5221 = APPLICATION_CONTEXT ( 'automotive_design' ) ;
#5222 = CARTESIAN_POINT ( 'NONE',  ( -37.85000000000000853, 1.600000000000000089, -47.50000000000000000 ) ) ;
#5223 = EDGE_CURVE ( 'NONE', #5578, #4402, #862, .T. ) ;
#5224 = DIRECTION ( 'NONE',  ( 0.000000000000000000, 1.000000000000000000, -0.000000000000000000 ) ) ;
#5225 = DIRECTION ( 'NONE',  ( 0.000000000000000000, 0.000000000000000000, 1.000000000000000000 ) ) ;
#5226 = CARTESIAN_POINT ( 'NONE',  ( -35.75000000000000000, 0.000000000000000000, -77.50000000000000000 ) ) ;
#5227 = DIRECTION ( 'NONE',  ( 0.000000000000000000, 0.000000000000000000, 1.000000000000000000 ) ) ;
#5228 = CIRCLE ( 'NONE', #3791, 0.5000000000000004441 ) ;
#5229 = EDGE_CURVE ( 'NONE', #5578, #1299, #2832, .T. ) ;
#5230 = CARTESIAN_POINT ( 'NONE',  ( 2.577303450021897876E-13, 1.600000000000000089, -38.99999999999565148 ) ) ;
#5231 = CARTESIAN_POINT ( 'NONE',  ( 0.000000000000000000, 1.600000000000000089, -88.48338711122495681 ) ) ;
#5232 = EDGE_CURVE ( 'NONE', #3438, #3339, #3559, .T. ) ;
#5233 = AXIS2_PLACEMENT_3D ( 'NONE', #3593, #2296, #2215 ) ;
#5234 = VERTEX_POINT ( 'NONE', #2111 ) ;
#5235 = DIRECTION ( 'NONE',  ( 0.000000000000000000, 0.000000000000000000, -1.000000000000000000 ) ) ;
#5236 = CARTESIAN_POINT ( 'NONE',  ( 0.000000000000000000, 1.600000000000000089, -69.00000000000000000 ) ) ;
#5237 = EDGE_CURVE ( 'NONE', #1970, #4663, #4280, .T. ) ;
#5238 = EDGE_CURVE ( 'NONE', #414, #3561, #3849, .T. ) ;
#5239 = AXIS2_PLACEMENT_3D ( 'NONE', #1781, #1198, #282 ) ;
#5240 = ORIENTED_EDGE ( 'NONE', *, *, #371, .T. ) ;
#5241 = CARTESIAN_POINT ( 'NONE',  ( -32.32500000000000284, 1.600000000000000089, -54.04999999999874660 ) ) ;
#5242 = VECTOR ( 'NONE', #2426, 1000.000000000000000 ) ;
#5243 = AXIS2_PLACEMENT_3D ( 'NONE', #1264, #356, #386 ) ;
#5244 = ORIENTED_EDGE ( 'NONE', *, *, #92, .T. ) ;
#5245 = ORIENTED_EDGE ( 'NONE', *, *, #2662, .T. ) ;
#5246 = LINE ( 'NONE', #2311, #3620 ) ;
#5247 = ORIENTED_EDGE ( 'NONE', *, *, #4483, .T. ) ;
#5248 = VERTEX_POINT ( 'NONE', #3767 ) ;
#5249 = DIRECTION ( 'NONE',  ( 0.000000000000000000, 0.000000000000000000, -1.000000000000000000 ) ) ;
#5250 = AXIS2_PLACEMENT_3D ( 'NONE', #2809, #1910, #5349 ) ;
#5251 = ORIENTED_EDGE ( 'NONE', *, *, #5133, .F. ) ;
#5252 = DIRECTION ( 'NONE',  ( -0.000000000000000000, 1.000000000000000000, -0.000000000000000000 ) ) ;
#5253 = DIRECTION ( 'NONE',  ( 0.000000000000000000, 0.000000000000000000, -1.000000000000000000 ) ) ;
#5254 = AXIS2_PLACEMENT_3D ( 'NONE', #2651, #3557, #2305 ) ;
#5255 = CARTESIAN_POINT ( 'NONE',  ( 37.85000000000000853, 1.600000000000000089, 0.000000000000000000 ) ) ;
#5256 = EDGE_CURVE ( 'NONE', #5377, #4625, #1817, .T. ) ;
#5257 = AXIS2_PLACEMENT_3D ( 'NONE', #3572, #5201, #463 ) ;
#5258 = PRESENTATION_LAYER_ASSIGNMENT (  '', '', ( #4813 ) ) ;
#5259 = CARTESIAN_POINT ( 'NONE',  ( 32.32499999999993889, 1.600000000000000089, -54.05000000000106297 ) ) ;
#5260 = DIRECTION ( 'NONE',  ( -0.000000000000000000, -1.000000000000000000, -0.000000000000000000 ) ) ;
#5261 = DIRECTION ( 'NONE',  ( 0.000000000000000000, -1.000000000000000000, 0.000000000000000000 ) ) ;
#5262 = FACE_OUTER_BOUND ( 'NONE', #3852, .T. ) ;
#5263 = AXIS2_PLACEMENT_3D ( 'NONE', #2137, #2078, #2531 ) ;
#5264 = EDGE_CURVE ( 'NONE', #4961, #3535, #2353, .T. ) ;
#5265 = DIRECTION ( 'NONE',  ( -1.261617073438012032E-16, 0.000000000000000000, 1.000000000000000000 ) ) ;
#5266 = DIRECTION ( 'NONE',  ( 1.000000000000000000, 0.000000000000000000, -1.734723475976810299E-16 ) ) ;
#5267 = ORIENTED_EDGE ( 'NONE', *, *, #2574, .F. ) ;
#5268 = FACE_OUTER_BOUND ( 'NONE', #1863, .T. ) ;
#5269 = CARTESIAN_POINT ( 'NONE',  ( 35.75000000000167688, 1.600000000000000089, 0.000000000000000000 ) ) ;
#5270 = EDGE_CURVE ( 'NONE', #4634, #818, #3935, .T. ) ;
#5271 = EDGE_CURVE ( 'NONE', #1158, #5533, #2535, .T. ) ;
#5272 = VERTEX_POINT ( 'NONE', #3148 ) ;
#5273 = ORIENTED_EDGE ( 'NONE', *, *, #664, .T. ) ;
#5274 = CARTESIAN_POINT ( 'NONE',  ( -41.25000000000000711, 1.600000000000000089, 7.274822829958454307 ) ) ;
#5275 = ORIENTED_EDGE ( 'NONE', *, *, #4057, .F. ) ;
#5276 = ORIENTED_EDGE ( 'NONE', *, *, #5322, .T. ) ;
#5277 = DIRECTION ( 'NONE',  ( 0.000000000000000000, 0.000000000000000000, -1.000000000000000000 ) ) ;
#5278 = ORIENTED_EDGE ( 'NONE', *, *, #4835, .F. ) ;
#5279 = CARTESIAN_POINT ( 'NONE',  ( -37.85000000000000142, 1.600000000000000089, -77.50000000000000000 ) ) ;
#5280 = LINE ( 'NONE', #1419, #5321 ) ;
#5281 = CYLINDRICAL_SURFACE ( 'NONE', #535, 0.5000000000000004441 ) ;
#5282 = CARTESIAN_POINT ( 'NONE',  ( -78.84239994013711339, 1.600000000000000089, -10.52234547029107681 ) ) ;
#5283 = CYLINDRICAL_SURFACE ( 'NONE', #4880, 1.275000000000004796 ) ;
#5284 = LINE ( 'NONE', #919, #1884 ) ;
#5285 = CARTESIAN_POINT ( 'NONE',  ( 17.50000000000000000, 1.600000000000000089, 38.52765452970054838 ) ) ;
#5286 = LINE ( 'NONE', #123, #3060 ) ;
#5287 = DIRECTION ( 'NONE',  ( 0.000000000000000000, 0.000000000000000000, 1.000000000000000000 ) ) ;
#5288 = VERTEX_POINT ( 'NONE', #4896 ) ;
#5289 = CIRCLE ( 'NONE', #4485, 2.500000000000002220 ) ;
#5290 = CARTESIAN_POINT ( 'NONE',  ( 37.35000000000001563, 1.600000000000000089, 12.49999999999999645 ) ) ;
#5291 = EDGE_CURVE ( 'NONE', #1412, #3302, #3530, .T. ) ;
#5292 = DIRECTION ( 'NONE',  ( 0.000000000000000000, 0.000000000000000000, -1.000000000000000000 ) ) ;
#5293 = AXIS2_PLACEMENT_3D ( 'NONE', #540, #4439, #565 ) ;
#5294 = ORIENTED_EDGE ( 'NONE', *, *, #4826, .F. ) ;
#5295 = VERTEX_POINT ( 'NONE', #974 ) ;
#5296 = CARTESIAN_POINT ( 'NONE',  ( 0.000000000000000000, 0.000000000000000000, 42.49999999999999289 ) ) ;
#5297 = VERTEX_POINT ( 'NONE', #3966 ) ;
#5298 = VERTEX_POINT ( 'NONE', #3123 ) ;
#5299 = DIRECTION ( 'NONE',  ( -1.000000000000000000, 0.000000000000000000, 4.758098676964946072E-13 ) ) ;
#5300 = EDGE_CURVE ( 'NONE', #74, #3506, #3910, .T. ) ;
#5301 = EDGE_CURVE ( 'NONE', #1487, #4594, #1374, .T. ) ;
#5302 = AXIS2_PLACEMENT_3D ( 'NONE', #2154, #1738, #719 ) ;
#5303 = VECTOR ( 'NONE', #4821, 1000.000000000000000 ) ;
#5304 = ORIENTED_EDGE ( 'NONE', *, *, #5584, .T. ) ;
#5305 = AXIS2_PLACEMENT_3D ( 'NONE', #1336, #542, #3957 ) ;
#5306 = FACE_OUTER_BOUND ( 'NONE', #5164, .T. ) ;
#5307 = LINE ( 'NONE', #4009, #2358 ) ;
#5308 = EDGE_CURVE ( 'NONE', #2679, #1104, #4248, .T. ) ;
#5309 = AXIS2_PLACEMENT_3D ( 'NONE', #2931, #2075, #881 ) ;
#5310 = AXIS2_PLACEMENT_3D ( 'NONE', #4943, #1077, #2800 ) ;
#5311 = DIRECTION ( 'NONE',  ( 0.000000000000000000, 1.000000000000000000, -0.000000000000000000 ) ) ;
#5312 = CARTESIAN_POINT ( 'NONE',  ( 24.57499999999999929, 1.600000000000000089, -39.00000000000000000 ) ) ;
#5313 = LINE ( 'NONE', #1141, #4860 ) ;
#5314 = DIRECTION ( 'NONE',  ( 0.000000000000000000, 1.000000000000000000, 0.000000000000000000 ) ) ;
#5315 = CARTESIAN_POINT ( 'NONE',  ( -34.36956032934473626, 1.600000000000000089, 54.99999999998543387 ) ) ;
#5316 = DIRECTION ( 'NONE',  ( -0.000000000000000000, -1.000000000000000000, -0.000000000000000000 ) ) ;
#5317 = DIRECTION ( 'NONE',  ( 1.000000000000000000, 0.000000000000000000, -0.000000000000000000 ) ) ;
#5318 = ORIENTED_EDGE ( 'NONE', *, *, #1440, .T. ) ;
#5319 = DIRECTION ( 'NONE',  ( -0.000000000000000000, -1.000000000000000000, -0.000000000000000000 ) ) ;
#5320 = DIRECTION ( 'NONE',  ( 0.000000000000000000, 1.000000000000000000, 0.000000000000000000 ) ) ;
#5321 = VECTOR ( 'NONE', #3140, 1000.000000000000000 ) ;
#5322 = EDGE_CURVE ( 'NONE', #4235, #4803, #2699, .T. ) ;
#5323 = VERTEX_POINT ( 'NONE', #3493 ) ;
#5324 = VERTEX_POINT ( 'NONE', #4843 ) ;
#5325 = LINE ( 'NONE', #1808, #190 ) ;
#5326 = CIRCLE ( 'NONE', #3080, 1.549999999999999378 ) ;
#5327 = VERTEX_POINT ( 'NONE', #1825 ) ;
#5328 = EDGE_LOOP ( 'NONE', ( #1576, #3838, #1484, #908 ) ) ;
#5329 = DIRECTION ( 'NONE',  ( -0.000000000000000000, 0.000000000000000000, -1.000000000000000000 ) ) ;
#5330 = AXIS2_PLACEMENT_3D ( 'NONE', #4183, #309, #2037 ) ;
#5331 = AXIS2_PLACEMENT_3D ( 'NONE', #2227, #3112, #3946 ) ;
#5332 = EDGE_CURVE ( 'NONE', #4002, #1727, #3548, .T. ) ;
#5333 = EDGE_LOOP ( 'NONE', ( #4292, #5186, #2034, #3426 ) ) ;
#5334 = CARTESIAN_POINT ( 'NONE',  ( -35.75000000000000000, 1.600000000000000089, -77.50000000000000000 ) ) ;
#5335 = ADVANCED_FACE ( 'NONE', ( #1345 ), #3068, .T. ) ;
#5336 = EDGE_LOOP ( 'NONE', ( #4172, #5273, #5339, #985 ) ) ;
#5337 = DIRECTION ( 'NONE',  ( 0.000000000000000000, 1.000000000000000000, -0.000000000000000000 ) ) ;
#5338 = ADVANCED_FACE ( 'NONE', ( #5262 ), #1401, .F. ) ;
#5339 = ORIENTED_EDGE ( 'NONE', *, *, #3162, .T. ) ;
#5340 = EDGE_CURVE ( 'NONE', #74, #507, #6, .T. ) ;
#5341 = CARTESIAN_POINT ( 'NONE',  ( 7.650000000000000355, 0.000000000000000000, -60.77234500001782180 ) ) ;
#5342 = VECTOR ( 'NONE', #3443, 1000.000000000000000 ) ;
#5343 = CYLINDRICAL_SURFACE ( 'NONE', #4120, 0.5000000000000004441 ) ;
#5344 = DIRECTION ( 'NONE',  ( -0.000000000000000000, 1.000000000000000000, -0.000000000000000000 ) ) ;
#5345 = CARTESIAN_POINT ( 'NONE',  ( -35.75000000000000000, 1.600000000000000089, -78.00000000000000000 ) ) ;
#5346 = AXIS2_PLACEMENT_3D ( 'NONE', #5158, #3389, #5106 ) ;
#5347 = COLOUR_RGB ( '',0.7921568627450980005, 0.8196078431372548767, 0.9333333333333333481 ) ;
#5348 = CARTESIAN_POINT ( 'NONE',  ( -24.57499999999999929, 0.000000000000000000, 19.00000000000000355 ) ) ;
#5349 = DIRECTION ( 'NONE',  ( 0.000000000000000000, 0.000000000000000000, -1.000000000000000000 ) ) ;
#5350 = CARTESIAN_POINT ( 'NONE',  ( 32.32499999999993889, 0.000000000000000000, -52.50000000000136424 ) ) ;
#5351 = ORIENTED_EDGE ( 'NONE', *, *, #1055, .F. ) ;
#5352 = AXIS2_PLACEMENT_3D ( 'NONE', #3414, #1323, #843 ) ;
#5353 = CARTESIAN_POINT ( 'NONE',  ( -41.25000000000000711, 0.000000000000000000, -80.50000000000000000 ) ) ;
#5354 = DIRECTION ( 'NONE',  ( 0.000000000000000000, -1.000000000000000000, 0.000000000000000000 ) ) ;
#5355 = ORIENTED_EDGE ( 'NONE', *, *, #2958, .F. ) ;
#5356 = VERTEX_POINT ( 'NONE', #3573 ) ;
#5357 = CYLINDRICAL_SURFACE ( 'NONE', #4793, 1.550000000004061906 ) ;
#5358 = ORIENTED_EDGE ( 'NONE', *, *, #1441, .F. ) ;
#5359 = CARTESIAN_POINT ( 'NONE',  ( -9.249999999999998224, 0.000000000000000000, -0.02500000000000700273 ) ) ;
#5360 = ORIENTED_EDGE ( 'NONE', *, *, #3509, .T. ) ;
#5361 = CARTESIAN_POINT ( 'NONE',  ( -37.84999999999998721, 1.600000000000000089, 0.000000000000000000 ) ) ;
#5362 = ORIENTED_EDGE ( 'NONE', *, *, #4416, .F. ) ;
#5363 = CARTESIAN_POINT ( 'NONE',  ( -27.75000000000000355, 0.000000000000000000, 1.250000000000000000 ) ) ;
#5364 = EDGE_CURVE ( 'NONE', #690, #3581, #120, .T. ) ;
#5365 = ORIENTED_EDGE ( 'NONE', *, *, #4718, .F. ) ;
#5366 = DIRECTION ( 'NONE',  ( 0.000000000000000000, 0.000000000000000000, -1.000000000000000000 ) ) ;
#5367 = CARTESIAN_POINT ( 'NONE',  ( 41.25000000000000711, 1.600000000000000089, -80.50000000000000000 ) ) ;
#5368 = PLANE ( 'NONE',  #1069 ) ;
#5369 = EDGE_CURVE ( 'NONE', #4037, #4625, #1851, .T. ) ;
#5370 = EDGE_CURVE ( 'NONE', #5356, #1668, #821, .T. ) ;
#5371 = DIRECTION ( 'NONE',  ( 0.000000000000000000, 0.000000000000000000, 1.000000000000000000 ) ) ;
#5372 = FACE_OUTER_BOUND ( 'NONE', #2708, .T. ) ;
#5373 = CYLINDRICAL_SURFACE ( 'NONE', #4966, 246.5002818899938859 ) ;
#5374 = LINE ( 'NONE', #1453, #3765 ) ;
#5375 = DIRECTION ( 'NONE',  ( -1.321694076933667804E-14, 0.000000000000000000, 1.000000000000000000 ) ) ;
#5376 = CARTESIAN_POINT ( 'NONE',  ( -27.75000000000000355, 1.600000000000000089, 2.525000000000005684 ) ) ;
#5377 = VERTEX_POINT ( 'NONE', #142 ) ;
#5378 = EDGE_LOOP ( 'NONE', ( #2210, #1747, #3843, #3564 ) ) ;
#5379 = LINE ( 'NONE', #1575, #557 ) ;
#5380 = AXIS2_PLACEMENT_3D ( 'NONE', #5222, #1362, #1307 ) ;
#5381 = ORIENTED_EDGE ( 'NONE', *, *, #5001, .T. ) ;
#5382 = DIRECTION ( 'NONE',  ( 0.000000000000000000, 1.000000000000000000, -0.000000000000000000 ) ) ;
#5383 = FACE_OUTER_BOUND ( 'NONE', #1389, .T. ) ;
#5384 = VECTOR ( 'NONE', #3246, 1000.000000000000000 ) ;
#5385 = ORIENTED_EDGE ( 'NONE', *, *, #3002, .T. ) ;
#5386 = ORIENTED_EDGE ( 'NONE', *, *, #4196, .F. ) ;
#5387 = DIRECTION ( 'NONE',  ( 0.000000000000000000, 0.000000000000000000, -1.000000000000000000 ) ) ;
#5388 = ORIENTED_EDGE ( 'NONE', *, *, #5229, .T. ) ;
#5389 = AXIS2_PLACEMENT_3D ( 'NONE', #3930, #910, #5563 ) ;
#5390 = LINE ( 'NONE', #2919, #2630 ) ;
#5391 = VECTOR ( 'NONE', #5034, 1000.000000000000000 ) ;
#5392 = ORIENTED_EDGE ( 'NONE', *, *, #327, .F. ) ;
#5393 = EDGE_CURVE ( 'NONE', #4715, #2569, #631, .T. ) ;
#5394 = DIRECTION ( 'NONE',  ( 0.000000000000000000, 1.000000000000000000, -0.000000000000000000 ) ) ;
#5395 = CARTESIAN_POINT ( 'NONE',  ( 41.25000000000000711, 1.600000000000000089, 5.204170427931801001E-15 ) ) ;
#5396 = AXIS2_PLACEMENT_3D ( 'NONE', #4285, #4733, #863 ) ;
#5397 = DIRECTION ( 'NONE',  ( 0.000000000000000000, 0.000000000000000000, 1.000000000000000000 ) ) ;
#5398 = CIRCLE ( 'NONE', #2701, 0.5000000000000004441 ) ;
#5399 = CARTESIAN_POINT ( 'NONE',  ( 23.60000000000000142, 1.600000000000000089, -85.98338711122495681 ) ) ;
#5400 = VECTOR ( 'NONE', #3221, 1000.000000000000000 ) ;
#5401 = EDGE_CURVE ( 'NONE', #3753, #1668, #4392, .T. ) ;
#5402 = LINE ( 'NONE', #3706, #5129 ) ;
#5403 = DIRECTION ( 'NONE',  ( -0.000000000000000000, 1.000000000000000000, -0.000000000000000000 ) ) ;
#5404 = FACE_BOUND ( 'NONE', #2050, .T. ) ;
#5405 = CARTESIAN_POINT ( 'NONE',  ( 0.000000000000000000, 0.000000000000000000, -77.50000000000000000 ) ) ;
#5406 = DIRECTION ( 'NONE',  ( 1.000000000000000000, -0.000000000000000000, 0.000000000000000000 ) ) ;
#5407 = ADVANCED_FACE ( 'NONE', ( #683 ), #4103, .F. ) ;
#5408 = ORIENTED_EDGE ( 'NONE', *, *, #408, .T. ) ;
#5409 = ORIENTED_EDGE ( 'NONE', *, *, #1653, .T. ) ;
#5410 = EDGE_CURVE ( 'NONE', #1042, #2488, #2409, .T. ) ;
#5411 = CARTESIAN_POINT ( 'NONE',  ( -17.50000000000000000, 1.600000000000000089, 35.42765452970056828 ) ) ;
#5412 = EDGE_LOOP ( 'NONE', ( #2851, #322, #4903, #3163 ) ) ;
#5413 = CARTESIAN_POINT ( 'NONE',  ( 37.85000000000001563, 0.000000000000000000, 12.49999999999999645 ) ) ;
#5414 = DIRECTION ( 'NONE',  ( 0.000000000000000000, -0.000000000000000000, 1.000000000000000000 ) ) ;
#5415 = VECTOR ( 'NONE', #3675, 1000.000000000000000 ) ;
#5416 = ORIENTED_EDGE ( 'NONE', *, *, #3400, .T. ) ;
#5417 = VERTEX_POINT ( 'NONE', #286 ) ;
#5418 = DIRECTION ( 'NONE',  ( 0.000000000000000000, -1.000000000000000000, 0.000000000000000000 ) ) ;
#5419 = AXIS2_PLACEMENT_3D ( 'NONE', #4119, #3727, #3697 ) ;
#5420 = ORIENTED_EDGE ( 'NONE', *, *, #510, .F. ) ;
#5421 = LINE ( 'NONE', #5000, #181 ) ;
#5422 = ORIENTED_EDGE ( 'NONE', *, *, #810, .F. ) ;
#5423 = CIRCLE ( 'NONE', #4076, 1.550000000000002709 ) ;
#5424 = DIRECTION ( 'NONE',  ( 1.000000000000000000, -0.000000000000000000, -0.000000000000000000 ) ) ;
#5425 = DIRECTION ( 'NONE',  ( 0.000000000000000000, 0.000000000000000000, -1.000000000000000000 ) ) ;
#5426 = CARTESIAN_POINT ( 'NONE',  ( -30.25000000000000000, 1.600000000000000089, 2.525000000000006128 ) ) ;
#5427 = CARTESIAN_POINT ( 'NONE',  ( -36.25000000000125056, 1.600000000000000089, 12.50000000000412648 ) ) ;
#5428 = CARTESIAN_POINT ( 'NONE',  ( -37.35000000000000142, 1.600000000000000089, -68.99999999999613465 ) ) ;
#5429 = CARTESIAN_POINT ( 'NONE',  ( -35.75000000000000000, 0.000000000000000000, -78.00000000000000000 ) ) ;
#5430 = FACE_BOUND ( 'NONE', #330, .T. ) ;
#5431 = EDGE_LOOP ( 'NONE', ( #1920, #647 ) ) ;
#5432 = CARTESIAN_POINT ( 'NONE',  ( 32.32499999999993889, 1.600000000000000089, 36.55000000000000426 ) ) ;
#5433 = VECTOR ( 'NONE', #3018, 1000.000000000000000 ) ;
#5434 = LINE ( 'NONE', #3741, #2201 ) ;
#5435 = EDGE_CURVE ( 'NONE', #1290, #2660, #4159, .T. ) ;
#5436 = VERTEX_POINT ( 'NONE', #596 ) ;
#5437 = ORIENTED_EDGE ( 'NONE', *, *, #230, .T. ) ;
#5438 = DIRECTION ( 'NONE',  ( 0.000000000000000000, 0.000000000000000000, 1.000000000000000000 ) ) ;
#5439 = VECTOR ( 'NONE', #4169, 1000.000000000000000 ) ;
#5440 = ORIENTED_EDGE ( 'NONE', *, *, #858, .F. ) ;
#5441 = CARTESIAN_POINT ( 'NONE',  ( -35.75000000000167688, 1.600000000000000089, 42.49999999999999289 ) ) ;
#5442 = CARTESIAN_POINT ( 'NONE',  ( 35.75000000000000000, 0.000000000000000000, 0.000000000000000000 ) ) ;
#5443 = ADVANCED_FACE ( 'NONE', ( #1503 ), #2836, .F. ) ;
#5444 = ADVANCED_FACE ( 'NONE', ( #715 ), #3317, .F. ) ;
#5445 = ORIENTED_EDGE ( 'NONE', *, *, #3826, .F. ) ;
#5446 = EDGE_LOOP ( 'NONE', ( #2025, #2873, #1917, #530 ) ) ;
#5447 = PLANE ( 'NONE',  #3670 ) ;
#5448 = VERTEX_POINT ( 'NONE', #173 ) ;
#5449 = DIRECTION ( 'NONE',  ( -0.000000000000000000, -1.000000000000000000, 0.000000000000000000 ) ) ;
#5450 = EDGE_LOOP ( 'NONE', ( #481, #31, #5318, #3619 ) ) ;
#5451 = CARTESIAN_POINT ( 'NONE',  ( 37.85000000000000142, 1.600000000000000089, -78.00000000000000000 ) ) ;
#5452 = DIRECTION ( 'NONE',  ( -0.000000000000000000, -1.000000000000000000, -0.000000000000000000 ) ) ;
#5453 = ORIENTED_EDGE ( 'NONE', *, *, #598, .F. ) ;
#5454 = DIRECTION ( 'NONE',  ( -0.000000000000000000, -1.000000000000000000, -0.000000000000000000 ) ) ;
#5455 = DIRECTION ( 'NONE',  ( 0.000000000000000000, -1.000000000000000000, 0.000000000000000000 ) ) ;
#5456 = CARTESIAN_POINT ( 'NONE',  ( 15.40000000000000036, 0.000000000000000000, -55.74999999999999289 ) ) ;
#5457 = CARTESIAN_POINT ( 'NONE',  ( -21.49999999998818723, 1.600000000000000089, -67.73338711122495681 ) ) ;
#5458 = DIRECTION ( 'NONE',  ( 1.000000000000000000, 0.000000000000000000, 0.000000000000000000 ) ) ;
#5459 = ORIENTED_EDGE ( 'NONE', *, *, #4466, .T. ) ;
#5460 = DIRECTION ( 'NONE',  ( 0.000000000000000000, 0.000000000000000000, -1.000000000000000000 ) ) ;
#5461 = CARTESIAN_POINT ( 'NONE',  ( -169.9127529108800729, 1.600000000000000089, -198.4776535637624022 ) ) ;
#5462 = ORIENTED_EDGE ( 'NONE', *, *, #5095, .F. ) ;
#5463 = ORIENTED_EDGE ( 'NONE', *, *, #5256, .F. ) ;
#5464 = DIRECTION ( 'NONE',  ( 1.000000000000000000, 0.000000000000000000, 0.000000000000000000 ) ) ;
#5465 = EDGE_CURVE ( 'NONE', #163, #422, #4695, .T. ) ;
#5466 = ORIENTED_EDGE ( 'NONE', *, *, #2988, .F. ) ;
#5467 = DIRECTION ( 'NONE',  ( -1.000000000000000000, 0.000000000000000000, -1.321694076933667804E-14 ) ) ;
#5468 = LINE ( 'NONE', #4964, #3061 ) ;
#5469 = CIRCLE ( 'NONE', #3405, 0.4999999999999987232 ) ;
#5470 = ORIENTED_EDGE ( 'NONE', *, *, #192, .F. ) ;
#5471 = EDGE_LOOP ( 'NONE', ( #5416, #1263 ) ) ;
#5472 = EDGE_CURVE ( 'NONE', #1860, #1600, #1960, .T. ) ;
#5473 = EDGE_CURVE ( 'NONE', #2487, #4594, #3201, .T. ) ;
#5474 = DIRECTION ( 'NONE',  ( 0.000000000000000000, 0.000000000000000000, -1.000000000000000000 ) ) ;
#5475 = ORIENTED_EDGE ( 'NONE', *, *, #4616, .F. ) ;
#5476 = CARTESIAN_POINT ( 'NONE',  ( 23.60000000000001208, 0.000000000000000000, -3.021363397273260108E-15 ) ) ;
#5477 = EDGE_CURVE ( 'NONE', #1171, #4686, #1004, .T. ) ;
#5478 = EDGE_LOOP ( 'NONE', ( #3457, #5087, #1554, #1376 ) ) ;
#5479 = CIRCLE ( 'NONE', #795, 1.550000000000002709 ) ;
#5480 = LINE ( 'NONE', #25, #2635 ) ;
#5481 = ADVANCED_FACE ( 'NONE', ( #4923 ), #4129, .F. ) ;
#5482 = EDGE_CURVE ( 'NONE', #1290, #3742, #5035, .T. ) ;
#5483 = CARTESIAN_POINT ( 'NONE',  ( 36.25000000000041211, 1.600000000000000089, -39.00000000000001421 ) ) ;
#5484 = VERTEX_POINT ( 'NONE', #4500 ) ;
#5485 = CARTESIAN_POINT ( 'NONE',  ( 65.79502250232364702, 0.000000000000000000, -37.98677395305384152 ) ) ;
#5486 = CIRCLE ( 'NONE', #2329, 0.5000000000000004441 ) ;
#5487 = CIRCLE ( 'NONE', #4672, 0.5000000000000004441 ) ;
#5488 = CIRCLE ( 'NONE', #2705, 0.5000000000000004441 ) ;
#5489 = PLANE ( 'NONE',  #444 ) ;
#5490 = DIRECTION ( 'NONE',  ( 1.000000000000000000, 0.000000000000000000, 0.000000000000000000 ) ) ;
#5491 = CARTESIAN_POINT ( 'NONE',  ( -32.32500000000000284, 1.600000000000000089, -52.49999999999819522 ) ) ;
#5492 = DIRECTION ( 'NONE',  ( 0.000000000000000000, 0.000000000000000000, 1.000000000000000000 ) ) ;
#5493 = VECTOR ( 'NONE', #2270, 1000.000000000000000 ) ;
#5494 = LINE ( 'NONE', #3469, #2425 ) ;
#5495 = VERTEX_POINT ( 'NONE', #1563 ) ;
#5496 = PLANE ( 'NONE',  #2458 ) ;
#5497 = ORIENTED_EDGE ( 'NONE', *, *, #2849, .T. ) ;
#5498 = LINE ( 'NONE', #4678, #3276 ) ;
#5499 = CYLINDRICAL_SURFACE ( 'NONE', #3685, 1.275000000000004796 ) ;
#5500 = EDGE_CURVE ( 'NONE', #1696, #855, #625, .T. ) ;
#5501 = ORIENTED_EDGE ( 'NONE', *, *, #1892, .F. ) ;
#5502 = ORIENTED_EDGE ( 'NONE', *, *, #430, .T. ) ;
#5503 = DIRECTION ( 'NONE',  ( 0.000000000000000000, 0.000000000000000000, -1.000000000000000000 ) ) ;
#5504 = EDGE_LOOP ( 'NONE', ( #250, #2525, #361, #39 ) ) ;
#5505 = DIRECTION ( 'NONE',  ( 1.000000000000000000, 0.000000000000000000, 0.000000000000000000 ) ) ;
#5506 = VECTOR ( 'NONE', #4306, 1000.000000000000000 ) ;
#5507 = CIRCLE ( 'NONE', #7, 1.550000000000002709 ) ;
#5508 = EDGE_CURVE ( 'NONE', #418, #4425, #1937, .T. ) ;
#5509 = VERTEX_POINT ( 'NONE', #3649 ) ;
#5510 = VECTOR ( 'NONE', #2517, 1000.000000000000000 ) ;
#5511 = CARTESIAN_POINT ( 'NONE',  ( -30.25000000000000355, 1.600000000000000089, -18.75000000000000000 ) ) ;
#5512 = DIRECTION ( 'NONE',  ( -3.304235192337412123E-15, 0.000000000000000000, 1.000000000000000000 ) ) ;
#5513 = EDGE_LOOP ( 'NONE', ( #5351, #1624, #3137, #3479 ) ) ;
#5514 = DIRECTION ( 'NONE',  ( 0.000000000000000000, 0.000000000000000000, 1.000000000000000000 ) ) ;
#5515 = CARTESIAN_POINT ( 'NONE',  ( 37.85000000000001563, 1.600000000000000089, 20.99999999999998934 ) ) ;
#5516 = AXIS2_PLACEMENT_3D ( 'NONE', #4006, #938, #3115 ) ;
#5517 = EDGE_CURVE ( 'NONE', #2660, #5272, #3224, .T. ) ;
#5518 = EDGE_CURVE ( 'NONE', #4235, #163, #1633, .T. ) ;
#5519 = CARTESIAN_POINT ( 'NONE',  ( 35.75000000000167688, 1.600000000000000089, 41.99999999999999289 ) ) ;
#5520 = DIRECTION ( 'NONE',  ( 0.000000000000000000, 0.000000000000000000, -1.000000000000000000 ) ) ;
#5521 = AXIS2_PLACEMENT_3D ( 'NONE', #3102, #4822, #3653 ) ;
#5522 = DIRECTION ( 'NONE',  ( 0.000000000000000000, 0.000000000000000000, 1.000000000000000000 ) ) ;
#5523 = CARTESIAN_POINT ( 'NONE',  ( 15.40000000000000036, 0.000000000000000000, -55.24999999999999289 ) ) ;
#5524 = CARTESIAN_POINT ( 'NONE',  ( 32.32499999999993889, 1.600000000000000089, 33.45000000000000284 ) ) ;
#5525 = VERTEX_POINT ( 'NONE', #2385 ) ;
#5526 = DIRECTION ( 'NONE',  ( 0.000000000000000000, 0.000000000000000000, 1.000000000000000000 ) ) ;
#5527 = VECTOR ( 'NONE', #415, 1000.000000000000000 ) ;
#5528 = ORIENTED_EDGE ( 'NONE', *, *, #2855, .F. ) ;
#5529 = CARTESIAN_POINT ( 'NONE',  ( -35.75000000000041211, 1.600000000000000089, -47.50000000000000711 ) ) ;
#5530 = DIRECTION ( 'NONE',  ( 0.000000000000000000, 0.000000000000000000, -1.000000000000000000 ) ) ;
#5531 = AXIS2_PLACEMENT_3D ( 'NONE', #886, #1373, #3492 ) ;
#5532 = ORIENTED_EDGE ( 'NONE', *, *, #3348, .T. ) ;
#5533 = VERTEX_POINT ( 'NONE', #5399 ) ;
#5534 = DIRECTION ( 'NONE',  ( 0.000000000000000000, 0.000000000000000000, -1.000000000000000000 ) ) ;
#5535 = ORIENTED_EDGE ( 'NONE', *, *, #4853, .F. ) ;
#5536 = CARTESIAN_POINT ( 'NONE',  ( -37.35000000000000853, 1.600000000000000089, -38.99999999999590017 ) ) ;
#5537 = AXIS2_PLACEMENT_3D ( 'NONE', #1630, #5074, #1233 ) ;
#5538 = VERTEX_POINT ( 'NONE', #3255 ) ;
#5539 = LINE ( 'NONE', #5562, #515 ) ;
#5540 = EDGE_CURVE ( 'NONE', #4409, #1528, #4665, .T. ) ;
#5541 = ORIENTED_EDGE ( 'NONE', *, *, #4618, .F. ) ;
#5542 = CARTESIAN_POINT ( 'NONE',  ( 35.75000000000167688, 1.600000000000000089, 43.00000000000000000 ) ) ;
#5543 = SURFACE_SIDE_STYLE ('',( #428 ) ) ;
#5544 = LINE ( 'NONE', #379, #4776 ) ;
#5545 = FACE_OUTER_BOUND ( 'NONE', #3470, .T. ) ;
#5546 = EDGE_CURVE ( 'NONE', #3732, #1490, #2157, .T. ) ;
#5547 = EDGE_CURVE ( 'NONE', #4873, #3897, #5228, .T. ) ;
#5548 = DIRECTION ( 'NONE',  ( -0.000000000000000000, 1.000000000000000000, -0.000000000000000000 ) ) ;
#5549 = DIRECTION ( 'NONE',  ( 0.000000000000000000, -1.000000000000000000, 0.000000000000000000 ) ) ;
#5550 = LINE ( 'NONE', #755, #532 ) ;
#5551 = ORIENTED_EDGE ( 'NONE', *, *, #5308, .F. ) ;
#5552 = CARTESIAN_POINT ( 'NONE',  ( -37.85000000000000142, 0.000000000000000000, -47.00000000000000000 ) ) ;
#5553 = VERTEX_POINT ( 'NONE', #2043 ) ;
#5554 = DIRECTION ( 'NONE',  ( 0.000000000000000000, -1.000000000000000000, 0.000000000000000000 ) ) ;
#5555 = DIRECTION ( 'NONE',  ( 0.000000000000000000, -1.000000000000000000, 0.000000000000000000 ) ) ;
#5556 = ORIENTED_EDGE ( 'NONE', *, *, #4756, .F. ) ;
#5557 = ORIENTED_EDGE ( 'NONE', *, *, #2849, .F. ) ;
#5558 = DIRECTION ( 'NONE',  ( 0.000000000000000000, 0.000000000000000000, 1.000000000000000000 ) ) ;
#5559 = ORIENTED_EDGE ( 'NONE', *, *, #4993, .T. ) ;
#5560 = CARTESIAN_POINT ( 'NONE',  ( 37.85000000000000142, 1.600000000000000089, -69.00000000000000000 ) ) ;
#5561 = ORIENTED_EDGE ( 'NONE', *, *, #3994, .T. ) ;
#5562 = CARTESIAN_POINT ( 'NONE',  ( 8.150000000000000355, 1.600000000000000089, -60.77234500001782180 ) ) ;
#5563 = DIRECTION ( 'NONE',  ( 0.000000000000000000, 0.000000000000000000, 1.000000000000000000 ) ) ;
#5564 = ORIENTED_EDGE ( 'NONE', *, *, #704, .T. ) ;
#5565 = LINE ( 'NONE', #3431, #164 ) ;
#5566 = APPLICATION_PROTOCOL_DEFINITION ( 'draft international standard', 'automotive_design', 1998, #2557 ) ;
#5567 = AXIS2_PLACEMENT_3D ( 'NONE', #3664, #165, #1896 ) ;
#5568 = EDGE_CURVE ( 'NONE', #4538, #5377, #2131, .T. ) ;
#5569 = DIRECTION ( 'NONE',  ( 0.000000000000000000, 1.000000000000000000, -0.000000000000000000 ) ) ;
#5570 = DIRECTION ( 'NONE',  ( 0.000000000000000000, 0.000000000000000000, -1.000000000000000000 ) ) ;
#5571 = CIRCLE ( 'NONE', #4762, 41.59239993997253038 ) ;
#5572 = CARTESIAN_POINT ( 'NONE',  ( 35.75000000000000000, 0.000000000000000000, -69.00000000000000000 ) ) ;
#5573 = DIRECTION ( 'NONE',  ( 0.000000000000000000, 0.000000000000000000, -1.000000000000000000 ) ) ;
#5574 = AXIS2_PLACEMENT_3D ( 'NONE', #2138, #3937, #40 ) ;
#5575 = ADVANCED_FACE ( 'NONE', ( #5094 ), #799, .F. ) ;
#5576 = VECTOR ( 'NONE', #2243, 1000.000000000000000 ) ;
#5577 = CARTESIAN_POINT ( 'NONE',  ( 37.85000000000000142, 1.600000000000000089, 0.000000000000000000 ) ) ;
#5578 = VERTEX_POINT ( 'NONE', #1707 ) ;
#5579 = CARTESIAN_POINT ( 'NONE',  ( 37.85000000000001563, 1.600000000000000089, 42.49999999999999289 ) ) ;
#5580 = ORIENTED_EDGE ( 'NONE', *, *, #2159, .F. ) ;
#5581 = VECTOR ( 'NONE', #2132, 1000.000000000000000 ) ;
#5582 = CARTESIAN_POINT ( 'NONE',  ( 37.85000000000001563, 1.600000000000000089, 50.49999999999998579 ) ) ;
#5583 = CARTESIAN_POINT ( 'NONE',  ( -19.17894705065920036, 1.600000000000000089, -40.34252787215245206 ) ) ;
#5584 = EDGE_CURVE ( 'NONE', #2218, #2490, #4148, .T. ) ;
#5585 = ADVANCED_FACE ( 'NONE', ( #3432 ), #2980, .T. ) ;
#5586 = VERTEX_POINT ( 'NONE', #2896 ) ;
#5587 = EDGE_LOOP ( 'NONE', ( #1603, #4188, #1515, #4064 ) ) ;
#5588 = ORIENTED_EDGE ( 'NONE', *, *, #2345, .F. ) ;
#5589 = ORIENTED_EDGE ( 'NONE', *, *, #5308, .T. ) ;
#5590 = LINE ( 'NONE', #1729, #5150 ) ;
ENDSEC;
END-ISO-10303-21;
