ISO-10303-21;
HEADER;
FILE_DESCRIPTION (( 'STEP AP214' ),
    '1' );
FILE_NAME ('1.6mm-²à°å-×ó.STEP',
    '2025-08-21T04:56:14',
    ( '' ),
    ( '' ),
    'SwSTEP 2.0',
    'SolidWorks 2020',
    '' );
FILE_SCHEMA (( 'AUTOMOTIVE_DESIGN' ));
ENDSEC;

DATA;
#1 = ORIENTED_EDGE ( 'NONE', *, *, #3833, .F. ) ;
#2 = EDGE_CURVE ( 'NONE', #3758, #3978, #1521, .T. ) ;
#3 = LINE ( 'NONE', #996, #3336 ) ;
#4 = EDGE_LOOP ( 'NONE', ( #4193, #3550, #866, #347 ) ) ;
#5 = DIRECTION ( 'NONE',  ( 0.000000000000000000, 0.2877246076653731666, -0.9577131878301599066 ) ) ;
#6 = ORIENTED_EDGE ( 'NONE', *, *, #3924, .F. ) ;
#7 = ORIENTED_EDGE ( 'NONE', *, *, #1761, .T. ) ;
#8 = ORIENTED_EDGE ( 'NONE', *, *, #3622, .T. ) ;
#9 = AXIS2_PLACEMENT_3D ( 'NONE', #695, #2823, #12 ) ;
#10 = AXIS2_PLACEMENT_3D ( 'NONE', #2700, #2339, #2657 ) ;
#11 = DIRECTION ( 'NONE',  ( 0.000000000000000000, -0.4978900526304355645, -0.8672401602161087242 ) ) ;
#12 = DIRECTION ( 'NONE',  ( 0.000000000000000000, 1.776356839400250465E-15, -1.000000000000000000 ) ) ;
#13 = EDGE_CURVE ( 'NONE', #3061, #4318, #1951, .T. ) ;
#14 = CARTESIAN_POINT ( 'NONE',  ( 0.000000000000000000, 14.67430735168222888, -10.84286847992993863 ) ) ;
#15 = STYLED_ITEM ( 'NONE', ( #3331 ), #1171 ) ;
#16 = VECTOR ( 'NONE', #219, 1000.000000000000000 ) ;
#17 = ORIENTED_EDGE ( 'NONE', *, *, #2911, .T. ) ;
#18 = ORIENTED_EDGE ( 'NONE', *, *, #3384, .F. ) ;
#19 = DIRECTION ( 'NONE',  ( 0.000000000000000000, 0.6560141633023962582, -0.7547485790292399743 ) ) ;
#20 = ADVANCED_FACE ( 'NONE', ( #1007 ), #4388, .F. ) ;
#21 = CARTESIAN_POINT ( 'NONE',  ( 1.600000000000000089, 2.479576514082024050E-15, 96.66172395019732733 ) ) ;
#22 = FACE_OUTER_BOUND ( 'NONE', #2932, .T. ) ;
#23 = DIRECTION ( 'NONE',  ( 1.000000000000000000, 0.000000000000000000, -0.000000000000000000 ) ) ;
#24 = ADVANCED_FACE ( 'NONE', ( #1266 ), #2652, .F. ) ;
#25 = ADVANCED_FACE ( 'NONE', ( #3032 ), #609, .F. ) ;
#26 = ORIENTED_EDGE ( 'NONE', *, *, #2, .F. ) ;
#27 = DIRECTION ( 'NONE',  ( 0.000000000000000000, 0.000000000000000000, 1.000000000000000000 ) ) ;
#28 = VECTOR ( 'NONE', #1031, 1000.000000000000000 ) ;
#29 = VECTOR ( 'NONE', #544, 1000.000000000000000 ) ;
#30 = FACE_OUTER_BOUND ( 'NONE', #2505, .T. ) ;
#31 = VERTEX_POINT ( 'NONE', #4408 ) ;
#32 = LINE ( 'NONE', #1408, #2356 ) ;
#33 = ORIENTED_EDGE ( 'NONE', *, *, #2297, .F. ) ;
#34 = ORIENTED_EDGE ( 'NONE', *, *, #4247, .T. ) ;
#35 = ORIENTED_EDGE ( 'NONE', *, *, #1519, .F. ) ;
#36 = CARTESIAN_POINT ( 'NONE',  ( 1.600000000000000089, 32.79724476520794241, 39.98672395019731596 ) ) ;
#37 = DIRECTION ( 'NONE',  ( 0.000000000000000000, -0.9961946980917453232, 0.08715574274766141327 ) ) ;
#38 = VECTOR ( 'NONE', #1373, 1000.000000000000000 ) ;
#39 = CARTESIAN_POINT ( 'NONE',  ( 0.000000000000000000, 41.59999999999937614, 57.30665584262818868 ) ) ;
#40 = ORIENTED_EDGE ( 'NONE', *, *, #162, .T. ) ;
#41 = VECTOR ( 'NONE', #3132, 1000.000000000000000 ) ;
#42 = EDGE_CURVE ( 'NONE', #427, #1766, #1307, .T. ) ;
#43 = ORIENTED_EDGE ( 'NONE', *, *, #1980, .F. ) ;
#44 = CARTESIAN_POINT ( 'NONE',  ( 1.600000000000000089, 21.56647773738793816, 38.16172395019732022 ) ) ;
#45 = LINE ( 'NONE', #4253, #3490 ) ;
#46 = CARTESIAN_POINT ( 'NONE',  ( 1.600000000000000089, 2.165338250411548850E-15, 84.41172395019731312 ) ) ;
#47 = CARTESIAN_POINT ( 'NONE',  ( 1.600000000000000089, 40.00000000000000000, 18.63222947802272245 ) ) ;
#48 = VECTOR ( 'NONE', #2721, 1000.000000000000000 ) ;
#49 = ORIENTED_EDGE ( 'NONE', *, *, #995, .T. ) ;
#50 = CARTESIAN_POINT ( 'NONE',  ( 0.000000000000000000, 6.088077000000002847, 76.13630254679685549 ) ) ;
#51 = EDGE_CURVE ( 'NONE', #582, #124, #2535, .T. ) ;
#52 = FACE_OUTER_BOUND ( 'NONE', #1630, .T. ) ;
#53 = EDGE_LOOP ( 'NONE', ( #3431, #3991, #2446, #3154 ) ) ;
#54 = ORIENTED_EDGE ( 'NONE', *, *, #477, .F. ) ;
#55 = CARTESIAN_POINT ( 'NONE',  ( 0.000000000000000000, 14.46673111281021207, 93.54560080223471630 ) ) ;
#56 = EDGE_LOOP ( 'NONE', ( #4377, #54, #2511, #2743 ) ) ;
#57 = VERTEX_POINT ( 'NONE', #968 ) ;
#58 = VERTEX_POINT ( 'NONE', #1288 ) ;
#59 = CYLINDRICAL_SURFACE ( 'NONE', #1905, 3.174999999999908340 ) ;
#60 = DIRECTION ( 'NONE',  ( 0.000000000000000000, 0.000000000000000000, 1.000000000000000000 ) ) ;
#61 = ORIENTED_EDGE ( 'NONE', *, *, #3114, .F. ) ;
#62 = CARTESIAN_POINT ( 'NONE',  ( 0.000000000000000000, 6.588077000000002847, 76.13630254679685549 ) ) ;
#63 = EDGE_CURVE ( 'NONE', #955, #3321, #3730, .T. ) ;
#64 = ORIENTED_EDGE ( 'NONE', *, *, #2372, .T. ) ;
#65 = ORIENTED_EDGE ( 'NONE', *, *, #3560, .T. ) ;
#66 = CARTESIAN_POINT ( 'NONE',  ( 0.000000000000000000, 41.99999999999939604, 85.35898640104718993 ) ) ;
#67 = DIRECTION ( 'NONE',  ( 0.000000000000000000, 6.938893903907222067E-15, -1.000000000000000000 ) ) ;
#68 = DIRECTION ( 'NONE',  ( 1.000000000000000000, -0.000000000000000000, 0.000000000000000000 ) ) ;
#69 = DIRECTION ( 'NONE',  ( 0.000000000000000000, -1.107056537182581940E-16, 1.000000000000000000 ) ) ;
#70 = CARTESIAN_POINT ( 'NONE',  ( 1.600000000000000089, 33.99999999999999289, 87.66419036505570261 ) ) ;
#71 = ORIENTED_EDGE ( 'NONE', *, *, #3479, .F. ) ;
#72 = LINE ( 'NONE', #1138, #3423 ) ;
#73 = EDGE_CURVE ( 'NONE', #3468, #386, #2901, .T. ) ;
#74 = DIRECTION ( 'NONE',  ( 0.000000000000000000, -1.000000000000000000, -6.938893903907240999E-14 ) ) ;
#75 = ORIENTED_EDGE ( 'NONE', *, *, #2438, .T. ) ;
#76 = ORIENTED_EDGE ( 'NONE', *, *, #3643, .T. ) ;
#77 = CARTESIAN_POINT ( 'NONE',  ( 0.000000000000000000, 34.00000000000000711, -36.08827604980267978 ) ) ;
#78 = EDGE_CURVE ( 'NONE', #852, #2041, #4067, .T. ) ;
#79 = EDGE_LOOP ( 'NONE', ( #202, #1618, #1468, #3608 ) ) ;
#80 = ORIENTED_EDGE ( 'NONE', *, *, #3525, .T. ) ;
#81 = VERTEX_POINT ( 'NONE', #4027 ) ;
#82 = ADVANCED_FACE ( 'NONE', ( #4049 ), #314, .T. ) ;
#83 = DIRECTION ( 'NONE',  ( 1.000000000000000000, -0.000000000000000000, -0.000000000000000000 ) ) ;
#84 = CARTESIAN_POINT ( 'NONE',  ( 1.600000000000000089, 5.088077000000004624, 64.51130254679685549 ) ) ;
#85 = ORIENTED_EDGE ( 'NONE', *, *, #2573, .F. ) ;
#86 = LINE ( 'NONE', #810, #3354 ) ;
#87 = ORIENTED_EDGE ( 'NONE', *, *, #4033, .F. ) ;
#88 = CIRCLE ( 'NONE', #1684, 2.250000000000001776 ) ;
#89 = VERTEX_POINT ( 'NONE', #252 ) ;
#90 = LINE ( 'NONE', #2514, #3407 ) ;
#91 = FACE_OUTER_BOUND ( 'NONE', #3785, .T. ) ;
#92 = CARTESIAN_POINT ( 'NONE',  ( 1.600000000000000089, 21.56647773738793816, 31.91172395019731312 ) ) ;
#93 = CIRCLE ( 'NONE', #2978, 2.250000000000001776 ) ;
#94 = CIRCLE ( 'NONE', #1460, 1.575000000000006839 ) ;
#95 = LINE ( 'NONE', #2221, #1493 ) ;
#96 = FACE_OUTER_BOUND ( 'NONE', #1005, .T. ) ;
#97 = ORIENTED_EDGE ( 'NONE', *, *, #3961, .F. ) ;
#98 = AXIS2_PLACEMENT_3D ( 'NONE', #2731, #2370, #1392 ) ;
#99 = LINE ( 'NONE', #2835, #1690 ) ;
#100 = DIRECTION ( 'NONE',  ( 0.000000000000000000, -0.7811261647642349093, -0.6243732174915235245 ) ) ;
#101 = AXIS2_PLACEMENT_3D ( 'NONE', #4117, #389, #345 ) ;
#102 = CIRCLE ( 'NONE', #4373, 2.328491328920212489 ) ;
#103 = ADVANCED_FACE ( 'NONE', ( #3391 ), #2334, .T. ) ;
#104 = ORIENTED_EDGE ( 'NONE', *, *, #4327, .F. ) ;
#105 = VECTOR ( 'NONE', #3980, 1000.000000000000000 ) ;
#106 = CARTESIAN_POINT ( 'NONE',  ( 0.000000000000000000, -3.337052244742314322, 0.6394859510961287130 ) ) ;
#107 = ORIENTED_EDGE ( 'NONE', *, *, #177, .F. ) ;
#108 = AXIS2_PLACEMENT_3D ( 'NONE', #503, #2180, #2542 ) ;
#109 = AXIS2_PLACEMENT_3D ( 'NONE', #4224, #759, #3834 ) ;
#110 = CARTESIAN_POINT ( 'NONE',  ( 0.000000000000000000, 30.49999999999998934, 0.5500000000000001554 ) ) ;
#111 = FACE_OUTER_BOUND ( 'NONE', #2933, .T. ) ;
#112 = ORIENTED_EDGE ( 'NONE', *, *, #3254, .T. ) ;
#113 = ADVANCED_FACE ( 'NONE', ( #3709 ), #1993, .T. ) ;
#114 = DIRECTION ( 'NONE',  ( 0.000000000000000000, 0.6698092972625203645, -0.7425331678118417544 ) ) ;
#115 = ORIENTED_EDGE ( 'NONE', *, *, #2591, .T. ) ;
#116 = LINE ( 'NONE', #2236, #3923 ) ;
#117 = CARTESIAN_POINT ( 'NONE',  ( 1.600000000000000089, 31.87818812500693610, -39.36345762753823863 ) ) ;
#118 = DIRECTION ( 'NONE',  ( 0.000000000000000000, 0.000000000000000000, -1.000000000000000000 ) ) ;
#119 = LINE ( 'NONE', #1178, #1561 ) ;
#120 = CARTESIAN_POINT ( 'NONE',  ( 1.600000000000000089, 0.000000000000000000, 0.000000000000000000 ) ) ;
#121 = ORIENTED_EDGE ( 'NONE', *, *, #1799, .F. ) ;
#122 = CARTESIAN_POINT ( 'NONE',  ( 0.000000000000000000, 5.088077000000004624, 64.51130254679685549 ) ) ;
#123 = FACE_OUTER_BOUND ( 'NONE', #1089, .T. ) ;
#124 = VERTEX_POINT ( 'NONE', #3076 ) ;
#125 = CARTESIAN_POINT ( 'NONE',  ( 1.600000000000000089, 34.00000000000000711, -33.83827604980267978 ) ) ;
#126 = ORIENTED_EDGE ( 'NONE', *, *, #3507, .T. ) ;
#127 = DIRECTION ( 'NONE',  ( -1.000000000000000000, 0.000000000000000000, -0.000000000000000000 ) ) ;
#128 = PLANE ( 'NONE',  #2393 ) ;
#129 = ORIENTED_EDGE ( 'NONE', *, *, #2264, .T. ) ;
#130 = EDGE_CURVE ( 'NONE', #4118, #4261, #537, .T. ) ;
#131 = CARTESIAN_POINT ( 'NONE',  ( 0.000000000000000000, 39.99999999999999289, 87.66419036505570261 ) ) ;
#132 = ORIENTED_EDGE ( 'NONE', *, *, #898, .F. ) ;
#133 = DIRECTION ( 'NONE',  ( -0.000000000000000000, 1.000000000000000000, 0.000000000000000000 ) ) ;
#134 = PLANE ( 'NONE',  #982 ) ;
#135 = FACE_BOUND ( 'NONE', #3727, .T. ) ;
#136 = VECTOR ( 'NONE', #3754, 1000.000000000000000 ) ;
#137 = DIRECTION ( 'NONE',  ( 0.000000000000000000, 0.000000000000000000, -1.000000000000000000 ) ) ;
#138 = CARTESIAN_POINT ( 'NONE',  ( 1.600000000000000089, 0.000000000000000000, 0.000000000000000000 ) ) ;
#139 = EDGE_CURVE ( 'NONE', #1143, #2161, #2734, .T. ) ;
#140 = VERTEX_POINT ( 'NONE', #2715 ) ;
#141 = VECTOR ( 'NONE', #636, 1000.000000000000000 ) ;
#142 = DIRECTION ( 'NONE',  ( 1.000000000000000000, 0.000000000000000000, 0.000000000000000000 ) ) ;
#143 = DIRECTION ( 'NONE',  ( 0.000000000000000000, 0.000000000000000000, 1.000000000000000000 ) ) ;
#144 = CARTESIAN_POINT ( 'NONE',  ( 0.000000000000000000, 11.84999999999999964, 64.13166357475853374 ) ) ;
#145 = ADVANCED_FACE ( 'NONE', ( #225 ), #1525, .F. ) ;
#146 = ORIENTED_EDGE ( 'NONE', *, *, #3363, .T. ) ;
#147 = DIRECTION ( 'NONE',  ( 0.000000000000000000, 0.000000000000000000, 1.000000000000000000 ) ) ;
#148 = VERTEX_POINT ( 'NONE', #2424 ) ;
#149 = DIRECTION ( 'NONE',  ( -1.000000000000000000, 0.000000000000000000, 0.000000000000000000 ) ) ;
#150 = EDGE_CURVE ( 'NONE', #4118, #1942, #4474, .T. ) ;
#151 = CARTESIAN_POINT ( 'NONE',  ( 0.000000000000000000, 32.79724476520794241, 38.41172395019731312 ) ) ;
#152 = CARTESIAN_POINT ( 'NONE',  ( 0.000000000000000000, 11.84999999999999964, 76.63166357475853374 ) ) ;
#153 = DIRECTION ( 'NONE',  ( 1.000000000000000000, 0.000000000000000000, 0.000000000000000000 ) ) ;
#154 = CARTESIAN_POINT ( 'NONE',  ( 0.000000000000000000, 29.72527329571467547, 31.91172395019731312 ) ) ;
#155 = FACE_OUTER_BOUND ( 'NONE', #2324, .T. ) ;
#156 = ORIENTED_EDGE ( 'NONE', *, *, #2761, .F. ) ;
#157 = EDGE_CURVE ( 'NONE', #1798, #2076, #1736, .T. ) ;
#158 = EDGE_CURVE ( 'NONE', #3606, #2840, #3817, .T. ) ;
#159 = ORIENTED_EDGE ( 'NONE', *, *, #1212, .T. ) ;
#160 = AXIS2_PLACEMENT_3D ( 'NONE', #4459, #2108, #3757 ) ;
#161 = LINE ( 'NONE', #2157, #1256 ) ;
#162 = EDGE_CURVE ( 'NONE', #1683, #282, #2466, .T. ) ;
#163 = DIRECTION ( 'NONE',  ( -0.000000000000000000, 0.8115739819650136244, 0.5842496656374325248 ) ) ;
#164 = VECTOR ( 'NONE', #580, 1000.000000000000227 ) ;
#165 = DIRECTION ( 'NONE',  ( 1.000000000000000000, 0.000000000000000000, 0.000000000000000000 ) ) ;
#166 = VERTEX_POINT ( 'NONE', #2760 ) ;
#167 = EDGE_LOOP ( 'NONE', ( #3349, #559, #224, #1707 ) ) ;
#168 = AXIS2_PLACEMENT_3D ( 'NONE', #430, #68, #2198 ) ;
#169 = LINE ( 'NONE', #3313, #2315 ) ;
#170 = ORIENTED_EDGE ( 'NONE', *, *, #2372, .F. ) ;
#171 = VECTOR ( 'NONE', #342, 1000.000000000000000 ) ;
#172 = CARTESIAN_POINT ( 'NONE',  ( 1.600000000000000089, 14.33807700000000551, 44.26130254679685549 ) ) ;
#173 = CARTESIAN_POINT ( 'NONE',  ( 0.000000000000000000, 30.50000000000030198, 62.50000000000000000 ) ) ;
#174 = DIRECTION ( 'NONE',  ( -1.000000000000000000, -0.000000000000000000, -0.000000000000000000 ) ) ;
#175 = FACE_OUTER_BOUND ( 'NONE', #3966, .T. ) ;
#176 = CARTESIAN_POINT ( 'NONE',  ( 1.600000000000000089, 1.600991980962532032E-15, 62.41172395019732733 ) ) ;
#177 = EDGE_CURVE ( 'NONE', #1941, #2844, #1715, .T. ) ;
#178 = PLANE ( 'NONE',  #3766 ) ;
#179 = VERTEX_POINT ( 'NONE', #1131 ) ;
#180 = DIRECTION ( 'NONE',  ( 0.000000000000000000, 0.000000000000000000, -1.000000000000000000 ) ) ;
#181 = DIRECTION ( 'NONE',  ( -1.000000000000000000, -0.000000000000000000, -0.000000000000000000 ) ) ;
#182 = EDGE_CURVE ( 'NONE', #3358, #4177, #1105, .T. ) ;
#183 = EDGE_CURVE ( 'NONE', #4177, #1791, #2787, .T. ) ;
#184 = CARTESIAN_POINT ( 'NONE',  ( 0.000000000000000000, 5.933903368163952303E-16, 23.13222947802271889 ) ) ;
#185 = EDGE_CURVE ( 'NONE', #2799, #2435, #1807, .T. ) ;
#186 = DIRECTION ( 'NONE',  ( 0.000000000000000000, -1.107056537182581940E-16, 1.000000000000000000 ) ) ;
#187 = DIRECTION ( 'NONE',  ( 0.000000000000000000, 0.4978900526304355645, 0.8672401602161087242 ) ) ;
#188 = AXIS2_PLACEMENT_3D ( 'NONE', #1858, #2560, #3244 ) ;
#189 = ORIENTED_EDGE ( 'NONE', *, *, #2230, .T. ) ;
#190 = EDGE_LOOP ( 'NONE', ( #691, #2663, #3090, #3330 ) ) ;
#191 = VECTOR ( 'NONE', #2295, 1000.000000000000000 ) ;
#192 = CARTESIAN_POINT ( 'NONE',  ( 1.600000000000000089, 12.12671948322382498, 67.29458174119983482 ) ) ;
#193 = EDGE_CURVE ( 'NONE', #299, #2347, #1420, .T. ) ;
#194 = ORIENTED_EDGE ( 'NONE', *, *, #744, .F. ) ;
#195 = CARTESIAN_POINT ( 'NONE',  ( 34.43031986259653365, -1.600000000000838529, 92.41172395019731312 ) ) ;
#196 = PLANE ( 'NONE',  #2619 ) ;
#197 = CARTESIAN_POINT ( 'NONE',  ( 0.000000000000000000, 30.46119753227376137, -37.73320069683507683 ) ) ;
#198 = EDGE_CURVE ( 'NONE', #955, #975, #361, .T. ) ;
#199 = DIRECTION ( 'NONE',  ( 0.000000000000000000, -1.000000000000000000, -6.938893903907240999E-14 ) ) ;
#200 = LINE ( 'NONE', #1894, #1096 ) ;
#201 = ORIENTED_EDGE ( 'NONE', *, *, #2804, .F. ) ;
#202 = ORIENTED_EDGE ( 'NONE', *, *, #2494, .F. ) ;
#203 = ORIENTED_EDGE ( 'NONE', *, *, #704, .T. ) ;
#204 = LINE ( 'NONE', #2268, #2920 ) ;
#205 = CARTESIAN_POINT ( 'NONE',  ( 1.600000000000000089, 6.113077000000001426, 63.26130254679684839 ) ) ;
#206 = DIRECTION ( 'NONE',  ( -1.000000000000000000, -0.000000000000000000, -0.000000000000000000 ) ) ;
#207 = ADVANCED_FACE ( 'NONE', ( #3797 ), #3145, .F. ) ;
#208 = LINE ( 'NONE', #3715, #2109 ) ;
#209 = LINE ( 'NONE', #1660, #624 ) ;
#210 = ORIENTED_EDGE ( 'NONE', *, *, #2250, .F. ) ;
#211 = EDGE_LOOP ( 'NONE', ( #905, #3524, #3418, #3346 ) ) ;
#212 = VECTOR ( 'NONE', #979, 1000.000000000000000 ) ;
#213 = ADVANCED_FACE ( 'NONE', ( #1080 ), #2491, .F. ) ;
#214 = CARTESIAN_POINT ( 'NONE',  ( 1.600000000000000089, 24.54685933454980074, -44.30477931530260349 ) ) ;
#215 = EDGE_LOOP ( 'NONE', ( #2572, #3846, #869, #3267, #4167, #2207 ) ) ;
#216 = LINE ( 'NONE', #3652, #1589 ) ;
#217 = AXIS2_PLACEMENT_3D ( 'NONE', #554, #4042, #266 ) ;
#218 = EDGE_CURVE ( 'NONE', #1990, #711, #3122, .T. ) ;
#219 = DIRECTION ( 'NONE',  ( 0.000000000000000000, -2.565210315677348556E-17, -1.000000000000000000 ) ) ;
#220 = CARTESIAN_POINT ( 'NONE',  ( 0.000000000000000000, 29.72527329571467547, 25.66172395019730601 ) ) ;
#221 = CARTESIAN_POINT ( 'NONE',  ( 1.600000000000000089, 5.363667343290376088, -38.58827604980267978 ) ) ;
#222 = DIRECTION ( 'NONE',  ( -1.000000000000000000, 0.000000000000000000, 0.000000000000000000 ) ) ;
#223 = ORIENTED_EDGE ( 'NONE', *, *, #2234, .F. ) ;
#224 = ORIENTED_EDGE ( 'NONE', *, *, #2941, .T. ) ;
#225 = FACE_OUTER_BOUND ( 'NONE', #1981, .T. ) ;
#226 = PLANE ( 'NONE',  #2342 ) ;
#227 = VECTOR ( 'NONE', #1146, 1000.000000000000000 ) ;
#228 = DIRECTION ( 'NONE',  ( 0.000000000000000000, -1.000000000000000000, 4.397745778304350081E-16 ) ) ;
#229 = FACE_OUTER_BOUND ( 'NONE', #2164, .T. ) ;
#230 = VECTOR ( 'NONE', #100, 1000.000000000000000 ) ;
#231 = DIRECTION ( 'NONE',  ( 0.000000000000000000, -0.7425331678118417544, -0.6698092972625203645 ) ) ;
#232 = CARTESIAN_POINT ( 'NONE',  ( 0.000000000000000000, 34.00000000000000711, -36.08827604980267978 ) ) ;
#233 = VERTEX_POINT ( 'NONE', #406 ) ;
#234 =( GEOMETRIC_REPRESENTATION_CONTEXT ( 3 ) GLOBAL_UNCERTAINTY_ASSIGNED_CONTEXT ( ( #4175 ) ) GLOBAL_UNIT_ASSIGNED_CONTEXT ( ( #3436, #1718, #1401 ) ) REPRESENTATION_CONTEXT ( 'NONE', 'WORKASPACE' ) );
#235 = CIRCLE ( 'NONE', #2769, 3.175000000000011369 ) ;
#236 =( NAMED_UNIT ( * ) PLANE_ANGLE_UNIT ( ) SI_UNIT ( $, .RADIAN. ) );
#237 = ORIENTED_EDGE ( 'NONE', *, *, #822, .T. ) ;
#238 = EDGE_CURVE ( 'NONE', #2502, #4040, #1784, .T. ) ;
#239 = LINE ( 'NONE', #1299, #1520 ) ;
#240 = VERTEX_POINT ( 'NONE', #66 ) ;
#241 = CARTESIAN_POINT ( 'NONE',  ( 1.599999999999997202, 41.60000000000000853, -24.69334415737180422 ) ) ;
#242 = VECTOR ( 'NONE', #1658, 1000.000000000000000 ) ;
#243 = EDGE_CURVE ( 'NONE', #1505, #3163, #1025, .T. ) ;
#244 = LINE ( 'NONE', #3676, #16 ) ;
#245 = VECTOR ( 'NONE', #1829, 1000.000000000000114 ) ;
#246 = AXIS2_PLACEMENT_3D ( 'NONE', #2448, #4453, #1351 ) ;
#247 = CARTESIAN_POINT ( 'NONE',  ( 0.000000000000000000, -9.898704378715899416E-16, -38.58827604980267978 ) ) ;
#248 = FACE_BOUND ( 'NONE', #459, .T. ) ;
#249 = CARTESIAN_POINT ( 'NONE',  ( 1.600000000000000089, 6.113077000000001426, 79.01130254679686971 ) ) ;
#250 = EDGE_LOOP ( 'NONE', ( #4376, #4467, #4354, #4018, #1910 ) ) ;
#251 = ORIENTED_EDGE ( 'NONE', *, *, #4078, .F. ) ;
#252 = CARTESIAN_POINT ( 'NONE',  ( 1.600000000000000089, 40.00000000000000000, 5.306655842628082098 ) ) ;
#253 = CARTESIAN_POINT ( 'NONE',  ( 34.43031986259653365, 41.59999999999958931, 27.30665584262818868 ) ) ;
#254 = DIRECTION ( 'NONE',  ( 0.000000000000000000, 0.9961946980917452121, -0.08715574274766126062 ) ) ;
#255 = DIRECTION ( 'NONE',  ( 0.000000000000000000, 0.000000000000000000, -1.000000000000000000 ) ) ;
#256 = CIRCLE ( 'NONE', #1406, 15.98032285408328868 ) ;
#257 = LINE ( 'NONE', #1223, #1312 ) ;
#258 = DIRECTION ( 'NONE',  ( 0.000000000000000000, 1.108017007120053382E-15, -1.000000000000000000 ) ) ;
#259 = ORIENTED_EDGE ( 'NONE', *, *, #3525, .F. ) ;
#260 = EDGE_CURVE ( 'NONE', #2331, #2229, #2838, .T. ) ;
#261 = AXIS2_PLACEMENT_3D ( 'NONE', #3720, #1595, #3400 ) ;
#262 = ORIENTED_EDGE ( 'NONE', *, *, #2872, .T. ) ;
#263 = EDGE_LOOP ( 'NONE', ( #904, #1032, #4075, #1919, #1341, #2251, #813, #3682 ) ) ;
#264 = CARTESIAN_POINT ( 'NONE',  ( 0.000000000000000000, 32.35499268839915032, -17.02674739273891191 ) ) ;
#265 = ORIENTED_EDGE ( 'NONE', *, *, #4093, .F. ) ;
#266 = DIRECTION ( 'NONE',  ( 0.000000000000000000, 0.000000000000000000, -1.000000000000000000 ) ) ;
#267 = DIRECTION ( 'NONE',  ( 0.000000000000000000, -0.9961946980917453232, 0.08715574274766044183 ) ) ;
#268 = EDGE_CURVE ( 'NONE', #549, #2604, #90, .T. ) ;
#269 = CARTESIAN_POINT ( 'NONE',  ( 1.600000000000000089, 33.99999999999999289, 89.91419036505570261 ) ) ;
#270 = FACE_OUTER_BOUND ( 'NONE', #2899, .T. ) ;
#271 = ORIENTED_EDGE ( 'NONE', *, *, #1196, .T. ) ;
#272 = ORIENTED_EDGE ( 'NONE', *, *, #494, .T. ) ;
#273 = CARTESIAN_POINT ( 'NONE',  ( 34.43031986259653365, 41.59999999999937614, 0.000000000000000000 ) ) ;
#274 = DIRECTION ( 'NONE',  ( -1.000000000000000000, -0.000000000000000000, -0.000000000000000000 ) ) ;
#275 = CARTESIAN_POINT ( 'NONE',  ( 34.43031986259653365, 39.99999999999980105, 5.306655842628082098 ) ) ;
#276 = CARTESIAN_POINT ( 'NONE',  ( 1.600000000000000089, 2.370555075665736784E-15, 92.41172395019732733 ) ) ;
#277 = EDGE_CURVE ( 'NONE', #764, #4464, #94, .T. ) ;
#278 = PRODUCT_DEFINITION_SHAPE ( 'NONE', 'NONE',  #4104 ) ;
#279 = DIRECTION ( 'NONE',  ( -1.000000000000000000, -0.000000000000000000, -0.000000000000000000 ) ) ;
#280 = DIRECTION ( 'NONE',  ( 1.000000000000000000, -0.000000000000000000, -0.000000000000000000 ) ) ;
#281 = ORIENTED_EDGE ( 'NONE', *, *, #3664, .F. ) ;
#282 = VERTEX_POINT ( 'NONE', #3274 ) ;
#283 = EDGE_CURVE ( 'NONE', #1072, #3302, #513, .T. ) ;
#284 = CARTESIAN_POINT ( 'NONE',  ( 1.600000000000000089, 18.01666671572325029, -44.92274425496474777 ) ) ;
#285 = ORIENTED_EDGE ( 'NONE', *, *, #4184, .F. ) ;
#286 = CYLINDRICAL_SURFACE ( 'NONE', #1808, 1.575000000000006839 ) ;
#287 = DIRECTION ( 'NONE',  ( -0.000000000000000000, -1.355252715606881282E-16, 1.000000000000000000 ) ) ;
#288 = DIRECTION ( 'NONE',  ( 0.000000000000000000, 1.000000000000000000, 0.000000000000000000 ) ) ;
#289 = ORIENTED_EDGE ( 'NONE', *, *, #193, .T. ) ;
#290 = ADVANCED_FACE ( 'NONE', ( #2533 ), #3257, .F. ) ;
#291 = ORIENTED_EDGE ( 'NONE', *, *, #1882, .T. ) ;
#292 = DIRECTION ( 'NONE',  ( 1.000000000000000000, -0.000000000000000000, 0.000000000000000000 ) ) ;
#293 = CARTESIAN_POINT ( 'NONE',  ( 0.000000000000000000, 4.088077000000002847, 76.63630254679684128 ) ) ;
#294 = CARTESIAN_POINT ( 'NONE',  ( 0.000000000000000000, 25.26595800258176538, -49.47062371036174966 ) ) ;
#295 = DIRECTION ( 'NONE',  ( 0.000000000000000000, 0.000000000000000000, 1.000000000000000000 ) ) ;
#296 = CARTESIAN_POINT ( 'NONE',  ( 0.000000000000000000, 41.60000000000000853, -32.69334415737181132 ) ) ;
#297 = DIRECTION ( 'NONE',  ( 0.000000000000000000, 0.000000000000000000, -1.000000000000000000 ) ) ;
#298 = EDGE_CURVE ( 'NONE', #549, #877, #3240, .T. ) ;
#299 = VERTEX_POINT ( 'NONE', #855 ) ;
#300 = CARTESIAN_POINT ( 'NONE',  ( 1.600000000000000089, 5.088077000000002847, 63.26130254679684839 ) ) ;
#301 = VERTEX_POINT ( 'NONE', #1232 ) ;
#302 = DIRECTION ( 'NONE',  ( 0.000000000000000000, 0.000000000000000000, -1.000000000000000000 ) ) ;
#303 = AXIS2_PLACEMENT_3D ( 'NONE', #4405, #3027, #2010 ) ;
#304 = ORIENTED_EDGE ( 'NONE', *, *, #3565, .T. ) ;
#305 = AXIS2_PLACEMENT_3D ( 'NONE', #3869, #741, #3477 ) ;
#306 = VECTOR ( 'NONE', #1004, 1000.000000000000000 ) ;
#307 = CARTESIAN_POINT ( 'NONE',  ( 0.000000000000000000, 30.50000000000030198, 62.50000000000000000 ) ) ;
#308 = AXIS2_PLACEMENT_3D ( 'NONE', #4343, #4372, #1203 ) ;
#309 = CARTESIAN_POINT ( 'NONE',  ( 1.600000000000000089, 0.000000000000000000, 0.000000000000000000 ) ) ;
#310 = CIRCLE ( 'NONE', #672, 2.250000000000001776 ) ;
#311 = ORIENTED_EDGE ( 'NONE', *, *, #283, .F. ) ;
#312 = AXIS2_PLACEMENT_3D ( 'NONE', #4110, #2357, #3456 ) ;
#313 = ORIENTED_EDGE ( 'NONE', *, *, #1423, .F. ) ;
#314 = PLANE ( 'NONE',  #758 ) ;
#315 = CARTESIAN_POINT ( 'NONE',  ( 0.000000000000000000, 30.22328051677647309, 71.83708183355868471 ) ) ;
#316 = EDGE_CURVE ( 'NONE', #4118, #3719, #3911, .T. ) ;
#317 = CARTESIAN_POINT ( 'NONE',  ( 1.600000000000000089, 32.04870963951375984, -34.96802343138419644 ) ) ;
#318 = VECTOR ( 'NONE', #1522, 1000.000000000000000 ) ;
#319 = VECTOR ( 'NONE', #83, 1000.000000000000000 ) ;
#320 = ADVANCED_FACE ( 'NONE', ( #814 ), #2557, .F. ) ;
#321 = DIRECTION ( 'NONE',  ( -1.000000000000000000, 0.000000000000000000, -0.000000000000000000 ) ) ;
#322 = DIRECTION ( 'NONE',  ( 0.000000000000000000, -1.000000000000000000, -1.107056537182581940E-16 ) ) ;
#323 = ADVANCED_FACE ( 'NONE', ( #479 ), #1855, .T. ) ;
#324 = ORIENTED_EDGE ( 'NONE', *, *, #1056, .T. ) ;
#325 = DIRECTION ( 'NONE',  ( -1.000000000000000000, -0.000000000000000000, -0.000000000000000000 ) ) ;
#326 = AXIS2_PLACEMENT_3D ( 'NONE', #273, #988, #3747 ) ;
#327 = ORIENTED_EDGE ( 'NONE', *, *, #4411, .T. ) ;
#328 = CARTESIAN_POINT ( 'NONE',  ( 0.000000000000000000, 4.063077000000003380, 80.26130254679686971 ) ) ;
#329 = ORIENTED_EDGE ( 'NONE', *, *, #1613, .F. ) ;
#330 = VERTEX_POINT ( 'NONE', #1494 ) ;
#331 = VERTEX_POINT ( 'NONE', #2171 ) ;
#332 = ADVANCED_FACE ( 'NONE', ( #3595 ), #196, .T. ) ;
#333 = DIRECTION ( 'NONE',  ( -1.000000000000000000, 0.000000000000000000, 0.000000000000000000 ) ) ;
#334 = AXIS2_PLACEMENT_3D ( 'NONE', #1216, #3278, #2904 ) ;
#335 = DIRECTION ( 'NONE',  ( 0.000000000000000000, 6.938893903907240999E-14, -1.000000000000000000 ) ) ;
#336 = ORIENTED_EDGE ( 'NONE', *, *, #4221, .F. ) ;
#337 = ORIENTED_EDGE ( 'NONE', *, *, #3753, .T. ) ;
#338 = DIRECTION ( 'NONE',  ( 0.000000000000000000, -0.7811261647642347983, -0.6243732174915236355 ) ) ;
#339 = ADVANCED_FACE ( 'NONE', ( #1912 ), #837, .F. ) ;
#340 = DIRECTION ( 'NONE',  ( 1.000000000000000000, -0.000000000000000000, 0.000000000000000000 ) ) ;
#341 = DIRECTION ( 'NONE',  ( -1.000000000000000000, -0.000000000000000000, -0.000000000000000000 ) ) ;
#342 = DIRECTION ( 'NONE',  ( -1.000000000000000000, 0.000000000000000000, 0.000000000000000000 ) ) ;
#343 = DIRECTION ( 'NONE',  ( 0.000000000000000000, -1.107056537182581940E-16, 1.000000000000000000 ) ) ;
#344 = ORIENTED_EDGE ( 'NONE', *, *, #3533, .F. ) ;
#345 = DIRECTION ( 'NONE',  ( 0.000000000000000000, -0.9899989471197554458, 0.1410747486326862643 ) ) ;
#346 = EDGE_CURVE ( 'NONE', #3177, #3745, #3219, .T. ) ;
#347 = ORIENTED_EDGE ( 'NONE', *, *, #3057, .T. ) ;
#348 = CARTESIAN_POINT ( 'NONE',  ( 1.600000000000000089, 10.55542615334358558, 19.13559017415981245 ) ) ;
#349 = AXIS2_PLACEMENT_3D ( 'NONE', #873, #2919, #3956 ) ;
#350 = ORIENTED_EDGE ( 'NONE', *, *, #1277, .F. ) ;
#351 = ORIENTED_EDGE ( 'NONE', *, *, #1088, .T. ) ;
#352 = EDGE_CURVE ( 'NONE', #2502, #3739, #116, .T. ) ;
#353 = CARTESIAN_POINT ( 'NONE',  ( 0.000000000000000000, -0.000000000000000000, 0.000000000000000000 ) ) ;
#354 = CYLINDRICAL_SURFACE ( 'NONE', #2411, 2.249999999999998668 ) ;
#355 = EDGE_CURVE ( 'NONE', #4218, #3789, #1832, .T. ) ;
#356 = LINE ( 'NONE', #3765, #3932 ) ;
#357 = EDGE_CURVE ( 'NONE', #3246, #330, #3632, .T. ) ;
#358 = EDGE_LOOP ( 'NONE', ( #210, #1530, #1500, #2733 ) ) ;
#359 = VECTOR ( 'NONE', #1168, 1000.000000000000000 ) ;
#360 = VERTEX_POINT ( 'NONE', #2878 ) ;
#361 = LINE ( 'NONE', #4179, #2278 ) ;
#362 = DIRECTION ( 'NONE',  ( -1.000000000000000000, -0.000000000000000000, -0.000000000000000000 ) ) ;
#363 = DIRECTION ( 'NONE',  ( 0.000000000000000000, 0.9821293082772760696, -0.1882073904574400047 ) ) ;
#364 = PRESENTATION_STYLE_ASSIGNMENT (( #3459 ) ) ;
#365 = EDGE_LOOP ( 'NONE', ( #344, #3768, #3513, #3454 ) ) ;
#366 = DIRECTION ( 'NONE',  ( 0.000000000000000000, 0.000000000000000000, -1.000000000000000000 ) ) ;
#367 = DIRECTION ( 'NONE',  ( -1.000000000000000000, -0.000000000000000000, -0.000000000000000000 ) ) ;
#368 = ORIENTED_EDGE ( 'NONE', *, *, #1548, .T. ) ;
#369 = CARTESIAN_POINT ( 'NONE',  ( 1.600000000000000089, -5.713660983684766492, -1.716548216891827794 ) ) ;
#370 = VERTEX_POINT ( 'NONE', #1152 ) ;
#371 = ORIENTED_EDGE ( 'NONE', *, *, #713, .T. ) ;
#372 = EDGE_LOOP ( 'NONE', ( #3884, #3866, #3446, #894 ) ) ;
#373 = ADVANCED_FACE ( 'NONE', ( #3611 ), #1889, .T. ) ;
#374 = AXIS2_PLACEMENT_3D ( 'NONE', #2608, #567, #4054 ) ;
#375 = CARTESIAN_POINT ( 'NONE',  ( 1.600000000000000089, 3.588077000000009953, 67.38630254679685549 ) ) ;
#376 = CARTESIAN_POINT ( 'NONE',  ( 0.000000000000000000, -0.000000000000000000, -35.58827604980267978 ) ) ;
#377 = DIRECTION ( 'NONE',  ( 0.000000000000000000, 0.000000000000000000, 1.000000000000000000 ) ) ;
#378 = VECTOR ( 'NONE', #1304, 1000.000000000000000 ) ;
#379 = ORIENTED_EDGE ( 'NONE', *, *, #2666, .T. ) ;
#380 = VERTEX_POINT ( 'NONE', #1213 ) ;
#381 = DIRECTION ( 'NONE',  ( 0.000000000000000000, 0.1882073904574351753, 0.9821293082772768468 ) ) ;
#382 = FACE_OUTER_BOUND ( 'NONE', #1702, .T. ) ;
#383 = FACE_OUTER_BOUND ( 'NONE', #211, .T. ) ;
#384 = DIRECTION ( 'NONE',  ( 0.000000000000000000, 0.000000000000000000, -1.000000000000000000 ) ) ;
#385 = VECTOR ( 'NONE', #362, 1000.000000000000000 ) ;
#386 = VERTEX_POINT ( 'NONE', #2620 ) ;
#387 = CARTESIAN_POINT ( 'NONE',  ( 1.599999999999997202, -1.894779877624857400E-12, 27.30665584262530032 ) ) ;
#388 = VECTOR ( 'NONE', #650, 1000.000000000000000 ) ;
#389 = DIRECTION ( 'NONE',  ( -0.000000000000000000, 0.1410747486326862921, 0.9899989471197555568 ) ) ;
#390 = EDGE_LOOP ( 'NONE', ( #3542, #1704, #1093, #1463 ) ) ;
#391 = ORIENTED_EDGE ( 'NONE', *, *, #1548, .F. ) ;
#392 = CARTESIAN_POINT ( 'NONE',  ( 1.600000000000000089, 33.99999999999999289, 87.66419036505570261 ) ) ;
#393 = EDGE_CURVE ( 'NONE', #966, #2289, #2597, .T. ) ;
#394 = ORIENTED_EDGE ( 'NONE', *, *, #1212, .F. ) ;
#395 = ORIENTED_EDGE ( 'NONE', *, *, #1127, .F. ) ;
#396 = ORIENTED_EDGE ( 'NONE', *, *, #725, .T. ) ;
#397 = PLANE ( 'NONE',  #109 ) ;
#398 = DIRECTION ( 'NONE',  ( -1.000000000000000000, -0.000000000000000000, -0.000000000000000000 ) ) ;
#399 = CIRCLE ( 'NONE', #2211, 1.024999999999998135 ) ;
#400 = ORIENTED_EDGE ( 'NONE', *, *, #3833, .T. ) ;
#401 = CARTESIAN_POINT ( 'NONE',  ( 1.600000000000000089, 30.11375111226617207, 87.30926842633159879 ) ) ;
#402 = ORIENTED_EDGE ( 'NONE', *, *, #1227, .F. ) ;
#403 = VECTOR ( 'NONE', #4169, 1000.000000000000227 ) ;
#404 = EDGE_CURVE ( 'NONE', #2692, #3890, #3341, .T. ) ;
#405 = ORIENTED_EDGE ( 'NONE', *, *, #3425, .F. ) ;
#406 = CARTESIAN_POINT ( 'NONE',  ( 1.600000000000000089, 4.063077000000003380, 79.01130254679686971 ) ) ;
#407 = CARTESIAN_POINT ( 'NONE',  ( 0.000000000000000000, 30.11375111226617207, 87.30926842633159879 ) ) ;
#408 = DIRECTION ( 'NONE',  ( 0.000000000000000000, 0.000000000000000000, 1.000000000000000000 ) ) ;
#409 = CARTESIAN_POINT ( 'NONE',  ( 1.600000000000000089, 6.588077000000002847, 76.13630254679685549 ) ) ;
#410 = AXIS2_PLACEMENT_3D ( 'NONE', #1515, #2492, #3417 ) ;
#411 = ORIENTED_EDGE ( 'NONE', *, *, #3384, .T. ) ;
#412 = DIRECTION ( 'NONE',  ( 0.000000000000000000, 0.000000000000000000, -1.000000000000000000 ) ) ;
#413 = DIRECTION ( 'NONE',  ( 0.000000000000000000, 1.000000000000000000, 6.938893903907240999E-14 ) ) ;
#414 = EDGE_CURVE ( 'NONE', #664, #3470, #244, .T. ) ;
#415 = ORIENTED_EDGE ( 'NONE', *, *, #3743, .F. ) ;
#416 = ORIENTED_EDGE ( 'NONE', *, *, #2008, .T. ) ;
#417 = DIRECTION ( 'NONE',  ( -1.000000000000000000, -0.000000000000000000, -0.000000000000000000 ) ) ;
#418 = ORIENTED_EDGE ( 'NONE', *, *, #4107, .T. ) ;
#419 = ORIENTED_EDGE ( 'NONE', *, *, #830, .F. ) ;
#420 = ORIENTED_EDGE ( 'NONE', *, *, #2217, .T. ) ;
#421 = ADVANCED_FACE ( 'NONE', ( #2982 ), #601, .T. ) ;
#422 = DIRECTION ( 'NONE',  ( 0.000000000000000000, -0.8672401602161088352, 0.4978900526304356200 ) ) ;
#423 = LINE ( 'NONE', #3793, #3994 ) ;
#424 = ORIENTED_EDGE ( 'NONE', *, *, #490, .T. ) ;
#425 = PLANE ( 'NONE',  #4142 ) ;
#426 = ORIENTED_EDGE ( 'NONE', *, *, #1088, .F. ) ;
#427 = VERTEX_POINT ( 'NONE', #1987 ) ;
#428 = DIRECTION ( 'NONE',  ( 0.000000000000000000, 0.9895391051637536517, 0.1442648929979765127 ) ) ;
#429 = LINE ( 'NONE', #2859, #1934 ) ;
#430 = CARTESIAN_POINT ( 'NONE',  ( 1.600000000000000089, 0.000000000000000000, 0.000000000000000000 ) ) ;
#431 = DIRECTION ( 'NONE',  ( 1.000000000000000000, -0.000000000000000000, 0.000000000000000000 ) ) ;
#432 = EDGE_CURVE ( 'NONE', #2639, #58, #1609, .T. ) ;
#433 = CARTESIAN_POINT ( 'NONE',  ( 0.000000000000000000, 15.95670410436863662, 93.26007431786051427 ) ) ;
#434 = EDGE_LOOP ( 'NONE', ( #3131, #17, #2395, #597, #3134 ) ) ;
#435 = CARTESIAN_POINT ( 'NONE',  ( 0.000000000000000000, 4.063077000000003380, 63.26130254679684839 ) ) ;
#436 = EDGE_CURVE ( 'NONE', #1968, #3186, #918, .T. ) ;
#437 = CARTESIAN_POINT ( 'NONE',  ( 1.600000000000000089, 34.00000000000000711, -33.83827604980267978 ) ) ;
#438 = VECTOR ( 'NONE', #939, 999.9999999999998863 ) ;
#439 = ADVANCED_FACE ( 'NONE', ( #1302 ), #1625, .T. ) ;
#440 = EDGE_LOOP ( 'NONE', ( #3670, #3382, #3002, #3651 ) ) ;
#441 = DIRECTION ( 'NONE',  ( 0.000000000000000000, 1.000000000000000000, -2.565210315677348556E-17 ) ) ;
#442 = EDGE_LOOP ( 'NONE', ( #3229, #2722, #107, #2541 ) ) ;
#443 = VERTEX_POINT ( 'NONE', #1259 ) ;
#444 = DIRECTION ( 'NONE',  ( -0.000000000000000000, -0.000000000000000000, 1.000000000000000000 ) ) ;
#445 = LINE ( 'NONE', #1462, #1742 ) ;
#446 = ORIENTED_EDGE ( 'NONE', *, *, #3367, .T. ) ;
#447 = AXIS2_PLACEMENT_3D ( 'NONE', #3140, #2802, #4174 ) ;
#448 = CARTESIAN_POINT ( 'NONE',  ( 1.600000000000000089, 1.133367108266477216E-15, 44.18222947802272671 ) ) ;
#449 = VECTOR ( 'NONE', #206, 1000.000000000000000 ) ;
#450 = ORIENTED_EDGE ( 'NONE', *, *, #1423, .T. ) ;
#451 = CARTESIAN_POINT ( 'NONE',  ( 1.600000000000000089, 40.00000000000000000, 23.13222947802271889 ) ) ;
#452 = LINE ( 'NONE', #2515, #4087 ) ;
#453 = FACE_OUTER_BOUND ( 'NONE', #595, .T. ) ;
#454 = AXIS2_PLACEMENT_3D ( 'NONE', #2863, #1135, #2469 ) ;
#455 = VECTOR ( 'NONE', #4382, 1000.000000000000000 ) ;
#456 = AXIS2_PLACEMENT_3D ( 'NONE', #3190, #2828, #4200 ) ;
#457 = CARTESIAN_POINT ( 'NONE',  ( 0.000000000000000000, 14.67430735168222888, -14.01786847992993934 ) ) ;
#458 = LINE ( 'NONE', #1424, #4128 ) ;
#459 = EDGE_LOOP ( 'NONE', ( #1237, #718, #2916, #1218, #1513 ) ) ;
#460 = CIRCLE ( 'NONE', #3567, 0.4999999999999865663 ) ;
#461 = DIRECTION ( 'NONE',  ( 0.000000000000000000, -0.9821293082772760696, 0.1882073904574400047 ) ) ;
#462 = CARTESIAN_POINT ( 'NONE',  ( 1.600000000000000089, 5.088077000000004624, 64.51130254679685549 ) ) ;
#463 = CIRCLE ( 'NONE', #1030, 1.575000000000006839 ) ;
#464 = ORIENTED_EDGE ( 'NONE', *, *, #139, .T. ) ;
#465 = EDGE_CURVE ( 'NONE', #2590, #850, #235, .T. ) ;
#466 = AXIS2_PLACEMENT_3D ( 'NONE', #3094, #3794, #3474 ) ;
#467 = VECTOR ( 'NONE', #181, 1000.000000000000000 ) ;
#468 = CARTESIAN_POINT ( 'NONE',  ( 1.600000000000000089, 4.063077000000003380, 63.26130254679684839 ) ) ;
#469 = ORIENTED_EDGE ( 'NONE', *, *, #78, .T. ) ;
#470 = DIRECTION ( 'NONE',  ( 1.000000000000000000, 0.000000000000000000, 0.000000000000000000 ) ) ;
#471 = DIRECTION ( 'NONE',  ( -1.000000000000000000, 0.000000000000000000, -0.000000000000000000 ) ) ;
#472 = VERTEX_POINT ( 'NONE', #3703 ) ;
#473 = CIRCLE ( 'NONE', #9, 2.250000000000001776 ) ;
#474 = LINE ( 'NONE', #3934, #1395 ) ;
#475 = EDGE_CURVE ( 'NONE', #2457, #240, #2646, .T. ) ;
#476 = VECTOR ( 'NONE', #587, 1000.000000000000000 ) ;
#477 = EDGE_CURVE ( 'NONE', #4351, #1741, #555, .T. ) ;
#478 = EDGE_LOOP ( 'NONE', ( #2464, #4005, #666, #446 ) ) ;
#479 = FACE_OUTER_BOUND ( 'NONE', #4339, .T. ) ;
#480 = CARTESIAN_POINT ( 'NONE',  ( 0.000000000000000000, -0.000000000000000000, -35.58827604980267978 ) ) ;
#481 = DIRECTION ( 'NONE',  ( 0.000000000000000000, 0.000000000000000000, -1.000000000000000000 ) ) ;
#482 = DIRECTION ( 'NONE',  ( -0.000000000000000000, -0.000000000000000000, -1.000000000000000000 ) ) ;
#483 = DIRECTION ( 'NONE',  ( 0.000000000000000000, 2.565210315677348556E-17, 1.000000000000000000 ) ) ;
#484 = EDGE_CURVE ( 'NONE', #331, #1103, #1249, .T. ) ;
#485 = ORIENTED_EDGE ( 'NONE', *, *, #162, .F. ) ;
#486 = CARTESIAN_POINT ( 'NONE',  ( 1.599999999999997202, 41.60000000000000853, 0.000000000000000000 ) ) ;
#487 = DIRECTION ( 'NONE',  ( -1.000000000000000000, -0.000000000000000000, -0.000000000000000000 ) ) ;
#488 = CARTESIAN_POINT ( 'NONE',  ( 1.600000000000000089, 30.49999999999998934, 0.5500000000000001554 ) ) ;
#489 = ORIENTED_EDGE ( 'NONE', *, *, #937, .F. ) ;
#490 = EDGE_CURVE ( 'NONE', #1942, #1362, #899, .T. ) ;
#491 = DIRECTION ( 'NONE',  ( 0.000000000000000000, 0.000000000000000000, -1.000000000000000000 ) ) ;
#492 = EDGE_LOOP ( 'NONE', ( #3830, #3628, #391, #201, #1846 ) ) ;
#493 = CARTESIAN_POINT ( 'NONE',  ( 34.43031986259653365, 41.60000000000000853, 0.000000000000000000 ) ) ;
#494 = EDGE_CURVE ( 'NONE', #4132, #4396, #2304, .T. ) ;
#495 = EDGE_CURVE ( 'NONE', #1851, #2888, #3024, .T. ) ;
#496 = DIRECTION ( 'NONE',  ( 1.000000000000000000, 0.000000000000000000, 0.000000000000000000 ) ) ;
#497 = CARTESIAN_POINT ( 'NONE',  ( 1.600000000000000089, 6.113077000000001426, 79.01130254679686971 ) ) ;
#498 = CARTESIAN_POINT ( 'NONE',  ( 0.000000000000000000, 6.113077000000001426, 63.26130254679684839 ) ) ;
#499 = LINE ( 'NONE', #1893, #3081 ) ;
#500 = CARTESIAN_POINT ( 'NONE',  ( 1.600000000000000089, 14.46673111281021207, 93.54560080223471630 ) ) ;
#501 = EDGE_LOOP ( 'NONE', ( #1797, #2843, #2796, #2465 ) ) ;
#502 = VECTOR ( 'NONE', #2162, 1000.000000000000000 ) ;
#503 = CARTESIAN_POINT ( 'NONE',  ( 0.000000000000000000, 6.088077000000003736, 67.38630254679685549 ) ) ;
#504 = CARTESIAN_POINT ( 'NONE',  ( 1.600000000000000089, 14.33807700000000551, 20.38222947802271889 ) ) ;
#505 = DIRECTION ( 'NONE',  ( 0.000000000000000000, 0.000000000000000000, -1.000000000000000000 ) ) ;
#506 = ORIENTED_EDGE ( 'NONE', *, *, #355, .F. ) ;
#507 = ORIENTED_EDGE ( 'NONE', *, *, #393, .T. ) ;
#508 = DIRECTION ( 'NONE',  ( 0.000000000000000000, 0.000000000000000000, -1.000000000000000000 ) ) ;
#509 = EDGE_CURVE ( 'NONE', #3637, #1361, #625, .T. ) ;
#510 = VERTEX_POINT ( 'NONE', #1668 ) ;
#511 = CARTESIAN_POINT ( 'NONE',  ( 1.600000000000000089, 18.01666671572325029, -44.92274425496474777 ) ) ;
#512 = EDGE_CURVE ( 'NONE', #754, #4451, #2282, .T. ) ;
#513 = LINE ( 'NONE', #3973, #3202 ) ;
#514 = DIRECTION ( 'NONE',  ( 0.000000000000000000, 0.000000000000000000, 1.000000000000000000 ) ) ;
#515 = CARTESIAN_POINT ( 'NONE',  ( 0.000000000000000000, 14.67430735168222888, -10.84286847992993863 ) ) ;
#516 = CARTESIAN_POINT ( 'NONE',  ( 0.000000000000000000, 52.50000000000000711, 83.86273747578029258 ) ) ;
#517 = CARTESIAN_POINT ( 'NONE',  ( 0.000000000000000000, 5.088077000000004624, 64.51130254679685549 ) ) ;
#518 = VERTEX_POINT ( 'NONE', #3045 ) ;
#519 = VECTOR ( 'NONE', #2201, 1000.000000000000000 ) ;
#520 = EDGE_LOOP ( 'NONE', ( #1431, #3443, #337, #3987 ) ) ;
#521 = CARTESIAN_POINT ( 'NONE',  ( 0.000000000000000000, 6.588077000000002847, 76.13630254679685549 ) ) ;
#522 = CARTESIAN_POINT ( 'NONE',  ( 0.000000000000000000, 32.79724476520794241, 38.41172395019731312 ) ) ;
#523 = LINE ( 'NONE', #1881, #2892 ) ;
#524 = VECTOR ( 'NONE', #4211, 1000.000000000000000 ) ;
#525 = ORIENTED_EDGE ( 'NONE', *, *, #78, .F. ) ;
#526 = EDGE_CURVE ( 'NONE', #693, #1275, #4424, .T. ) ;
#527 = ORIENTED_EDGE ( 'NONE', *, *, #432, .T. ) ;
#528 = VECTOR ( 'NONE', #941, 1000.000000000000000 ) ;
#529 = ADVANCED_FACE ( 'NONE', ( #2710 ), #983, .T. ) ;
#530 = CARTESIAN_POINT ( 'NONE',  ( 1.600000000000000089, 32.79724476520794241, 38.41172395019731312 ) ) ;
#531 = ORIENTED_EDGE ( 'NONE', *, *, #4107, .F. ) ;
#532 = VECTOR ( 'NONE', #2431, 1000.000000000000000 ) ;
#533 = DIRECTION ( 'NONE',  ( 0.000000000000000000, -0.000000000000000000, 1.000000000000000000 ) ) ;
#534 = AXIS2_PLACEMENT_3D ( 'NONE', #2613, #2190, #3591 ) ;
#535 = DIRECTION ( 'NONE',  ( 0.000000000000000000, 0.000000000000000000, -1.000000000000000000 ) ) ;
#536 = CARTESIAN_POINT ( 'NONE',  ( 0.000000000000000000, -1.600000000000826095, -2.168404344972129790E-16 ) ) ;
#537 = CIRCLE ( 'NONE', #1908, 2.249999999999998668 ) ;
#538 = CARTESIAN_POINT ( 'NONE',  ( 34.43031986259653365, -2.449891389937437286E-12, 35.30665584262531098 ) ) ;
#539 = DIRECTION ( 'NONE',  ( 0.000000000000000000, 1.000000000000000000, -2.565210315677348556E-17 ) ) ;
#540 = ORIENTED_EDGE ( 'NONE', *, *, #2588, .F. ) ;
#541 = EDGE_CURVE ( 'NONE', #240, #1058, #423, .T. ) ;
#542 = ORIENTED_EDGE ( 'NONE', *, *, #3053, .F. ) ;
#543 = ORIENTED_EDGE ( 'NONE', *, *, #2761, .T. ) ;
#544 = DIRECTION ( 'NONE',  ( -1.000000000000000000, -0.000000000000000000, -0.000000000000000000 ) ) ;
#545 = DIRECTION ( 'NONE',  ( 0.000000000000000000, 1.000000000000000000, -0.000000000000000000 ) ) ;
#546 = DIRECTION ( 'NONE',  ( -1.000000000000000000, -0.000000000000000000, -0.000000000000000000 ) ) ;
#547 = CARTESIAN_POINT ( 'NONE',  ( 0.000000000000000000, 2.370555075665736784E-15, 92.41172395019732733 ) ) ;
#548 = VECTOR ( 'NONE', #3895, 1000.000000000000000 ) ;
#549 = VERTEX_POINT ( 'NONE', #3116 ) ;
#550 = ADVANCED_FACE ( 'NONE', ( #2419 ), #2485, .F. ) ;
#551 = ORIENTED_EDGE ( 'NONE', *, *, #3826, .T. ) ;
#552 = PLANE ( 'NONE',  #2861 ) ;
#553 = VERTEX_POINT ( 'NONE', #1075 ) ;
#554 = CARTESIAN_POINT ( 'NONE',  ( 1.600000000000000089, 14.67430735168253975, -25.84286847992993685 ) ) ;
#555 = LINE ( 'NONE', #4020, #1473 ) ;
#556 = DIRECTION ( 'NONE',  ( 0.000000000000000000, 0.7953493139644383092, 0.6061513579761225179 ) ) ;
#557 = FACE_OUTER_BOUND ( 'NONE', #1573, .T. ) ;
#558 = CARTESIAN_POINT ( 'NONE',  ( 1.600000000000000089, 8.392566107048125446, 95.92746955793863606 ) ) ;
#559 = ORIENTED_EDGE ( 'NONE', *, *, #3593, .T. ) ;
#560 = EDGE_LOOP ( 'NONE', ( #1652, #2412, #3925, #3089 ) ) ;
#561 = ORIENTED_EDGE ( 'NONE', *, *, #404, .T. ) ;
#562 = DIRECTION ( 'NONE',  ( 1.000000000000000000, 0.000000000000000000, 0.000000000000000000 ) ) ;
#563 = EDGE_CURVE ( 'NONE', #1806, #2344, #310, .T. ) ;
#564 = LINE ( 'NONE', #4070, #1817 ) ;
#565 = LINE ( 'NONE', #612, #2045 ) ;
#566 = VECTOR ( 'NONE', #865, 1000.000000000000000 ) ;
#567 = DIRECTION ( 'NONE',  ( 1.000000000000000000, 0.000000000000000000, -0.000000000000000000 ) ) ;
#568 = LINE ( 'NONE', #2638, #2364 ) ;
#569 = ORIENTED_EDGE ( 'NONE', *, *, #1710, .F. ) ;
#570 = ORIENTED_EDGE ( 'NONE', *, *, #3344, .T. ) ;
#571 = EDGE_CURVE ( 'NONE', #1884, #31, #3429, .T. ) ;
#572 = CIRCLE ( 'NONE', #2530, 2.250000000000001776 ) ;
#573 = CARTESIAN_POINT ( 'NONE',  ( 0.000000000000000000, -0.000000000000000000, -5.588276049802678891 ) ) ;
#574 = ORIENTED_EDGE ( 'NONE', *, *, #1295, .F. ) ;
#575 = DIRECTION ( 'NONE',  ( -0.000000000000000000, 0.8115739819650136244, 0.5842496656374325248 ) ) ;
#576 = CIRCLE ( 'NONE', #217, 3.175000000000000711 ) ;
#577 = CARTESIAN_POINT ( 'NONE',  ( 34.43031986259653365, 41.99999999999939604, 85.35898640104718993 ) ) ;
#578 = CARTESIAN_POINT ( 'NONE',  ( 0.000000000000000000, 21.56647773738793816, 25.66172395019730601 ) ) ;
#579 = FACE_BOUND ( 'NONE', #2296, .T. ) ;
#580 = DIRECTION ( 'NONE',  ( 0.000000000000000000, 0.8661031555185894071, -0.4998653058582302466 ) ) ;
#581 = ORIENTED_EDGE ( 'NONE', *, *, #3237, .F. ) ;
#582 = VERTEX_POINT ( 'NONE', #2782 ) ;
#583 = DIRECTION ( 'NONE',  ( 0.000000000000000000, 1.355252715606880543E-16, -1.000000000000000000 ) ) ;
#584 = EDGE_CURVE ( 'NONE', #3163, #2289, #2462, .T. ) ;
#585 = FACE_OUTER_BOUND ( 'NONE', #2827, .T. ) ;
#586 = VECTOR ( 'NONE', #1125, 1000.000000000000000 ) ;
#587 = DIRECTION ( 'NONE',  ( -1.000000000000000000, 0.000000000000000000, 0.000000000000000000 ) ) ;
#588 = CYLINDRICAL_SURFACE ( 'NONE', #1896, 1.575000000000006839 ) ;
#589 = AXIS2_PLACEMENT_3D ( 'NONE', #2948, #4322, #615 ) ;
#590 = CARTESIAN_POINT ( 'NONE',  ( 1.600000000000000089, 21.56647773738793816, 31.91172395019731312 ) ) ;
#591 = DIRECTION ( 'NONE',  ( 0.000000000000000000, 0.9821293082772777350, -0.1882073904574314560 ) ) ;
#592 = ORIENTED_EDGE ( 'NONE', *, *, #4437, .T. ) ;
#593 = MECHANICAL_DESIGN_GEOMETRIC_PRESENTATION_REPRESENTATION (  '', ( #15 ), #3483 ) ;
#594 = VECTOR ( 'NONE', #4359, 1000.000000000000000 ) ;
#595 = EDGE_LOOP ( 'NONE', ( #2451, #2963, #1300, #3183 ) ) ;
#596 = EDGE_CURVE ( 'NONE', #1505, #240, #102, .T. ) ;
#597 = ORIENTED_EDGE ( 'NONE', *, *, #1270, .T. ) ;
#598 = CARTESIAN_POINT ( 'NONE',  ( 1.600000000000000089, 4.063077000000003380, 64.51130254679685549 ) ) ;
#599 = ORIENTED_EDGE ( 'NONE', *, *, #2360, .F. ) ;
#600 = DIRECTION ( 'NONE',  ( 0.000000000000000000, 1.000000000000000000, 6.938893903907240999E-14 ) ) ;
#601 = PLANE ( 'NONE',  #2979 ) ;
#602 = VECTOR ( 'NONE', #1887, 1000.000000000000000 ) ;
#603 = AXIS2_PLACEMENT_3D ( 'NONE', #3410, #632, #2080 ) ;
#604 = DIRECTION ( 'NONE',  ( 0.000000000000000000, -1.000000000000000000, 0.000000000000000000 ) ) ;
#605 = LINE ( 'NONE', #1989, #4135 ) ;
#606 = EDGE_CURVE ( 'NONE', #880, #1917, #1029, .T. ) ;
#607 = ORIENTED_EDGE ( 'NONE', *, *, #4401, .F. ) ;
#608 = ORIENTED_EDGE ( 'NONE', *, *, #1899, .F. ) ;
#609 = PLANE ( 'NONE',  #2173 ) ;
#610 = DIRECTION ( 'NONE',  ( 0.000000000000000000, -0.000000000000000000, 1.000000000000000000 ) ) ;
#611 = DIRECTION ( 'NONE',  ( 0.000000000000000000, -1.355252715606880543E-16, 1.000000000000000000 ) ) ;
#612 = CARTESIAN_POINT ( 'NONE',  ( 1.600000000000000089, 15.95670410436863662, 93.26007431786051427 ) ) ;
#613 = ADVANCED_FACE ( 'NONE', ( #4152 ), #354, .F. ) ;
#614 = AXIS2_PLACEMENT_3D ( 'NONE', #949, #1973, #1996 ) ;
#615 = DIRECTION ( 'NONE',  ( 0.000000000000000000, 1.355252715606881282E-16, -1.000000000000000000 ) ) ;
#616 = CARTESIAN_POINT ( 'NONE',  ( 1.600000000000000089, 18.39587551655130682, 20.38222947802271889 ) ) ;
#617 = EDGE_LOOP ( 'NONE', ( #804, #2851, #4440, #1596 ) ) ;
#618 = VECTOR ( 'NONE', #2504, 1000.000000000000000 ) ;
#619 = ORIENTED_EDGE ( 'NONE', *, *, #3702, .F. ) ;
#620 = PLANE ( 'NONE',  #1411 ) ;
#621 = EDGE_LOOP ( 'NONE', ( #2714, #574, #843, #2266 ) ) ;
#622 = ADVANCED_FACE ( 'NONE', ( #1415 ), #1778, .F. ) ;
#623 = LINE ( 'NONE', #2281, #3544 ) ;
#624 = VECTOR ( 'NONE', #3378, 1000.000000000000000 ) ;
#625 = LINE ( 'NONE', #3385, #2848 ) ;
#626 = EDGE_CURVE ( 'NONE', #2457, #3427, #1366, .T. ) ;
#627 = FACE_BOUND ( 'NONE', #3605, .T. ) ;
#628 = ORIENTED_EDGE ( 'NONE', *, *, #51, .T. ) ;
#629 = EDGE_CURVE ( 'NONE', #166, #1593, #473, .T. ) ;
#630 = ORIENTED_EDGE ( 'NONE', *, *, #1647, .F. ) ;
#631 = CARTESIAN_POINT ( 'NONE',  ( 1.600000000000000089, 34.00000000000000711, -36.08827604980267978 ) ) ;
#632 = DIRECTION ( 'NONE',  ( 1.000000000000000000, -0.000000000000000000, -0.000000000000000000 ) ) ;
#633 = DIRECTION ( 'NONE',  ( -0.000000000000000000, -0.000000000000000000, 1.000000000000000000 ) ) ;
#634 = CARTESIAN_POINT ( 'NONE',  ( 1.600000000000000089, 11.57328051677617431, 73.46874540831723266 ) ) ;
#635 = DIRECTION ( 'NONE',  ( 0.000000000000000000, 0.000000000000000000, -1.000000000000000000 ) ) ;
#636 = DIRECTION ( 'NONE',  ( 0.000000000000000000, 0.000000000000000000, -1.000000000000000000 ) ) ;
#637 = ORIENTED_EDGE ( 'NONE', *, *, #436, .T. ) ;
#638 = DIRECTION ( 'NONE',  ( 0.000000000000000000, -0.000000000000000000, 1.000000000000000000 ) ) ;
#639 = EDGE_LOOP ( 'NONE', ( #2479, #2382, #2391, #825 ) ) ;
#640 = DIRECTION ( 'NONE',  ( 1.000000000000000000, -0.000000000000000000, -0.000000000000000000 ) ) ;
#641 = EDGE_LOOP ( 'NONE', ( #71, #1159, #49, #1111 ) ) ;
#642 = EDGE_CURVE ( 'NONE', #1941, #1821, #2389, .T. ) ;
#643 = CARTESIAN_POINT ( 'NONE',  ( 34.43031986259653365, -1.600000000000620703, -2.168404344971849991E-16 ) ) ;
#644 = DIRECTION ( 'NONE',  ( 0.000000000000000000, -1.000000000000000000, -6.938893903907240999E-14 ) ) ;
#645 = ORIENTED_EDGE ( 'NONE', *, *, #1219, .T. ) ;
#646 = EDGE_CURVE ( 'NONE', #2365, #3475, #3450, .T. ) ;
#647 = ADVANCED_FACE ( 'NONE', ( #1054 ), #4195, .F. ) ;
#648 = VERTEX_POINT ( 'NONE', #1390 ) ;
#649 = DIRECTION ( 'NONE',  ( 0.000000000000000000, 0.000000000000000000, -1.000000000000000000 ) ) ;
#650 = DIRECTION ( 'NONE',  ( 0.000000000000000000, -1.000000000000000000, 0.000000000000000000 ) ) ;
#651 = DIRECTION ( 'NONE',  ( -1.000000000000000000, -0.000000000000000000, -0.000000000000000000 ) ) ;
#652 = EDGE_CURVE ( 'NONE', #2954, #518, #3093, .T. ) ;
#653 = PLANE ( 'NONE',  #1391 ) ;
#654 = CARTESIAN_POINT ( 'NONE',  ( 1.600000000000000089, 34.52293445648596304, 93.64135855360613903 ) ) ;
#655 = LINE ( 'NONE', #790, #3515 ) ;
#656 = ORIENTED_EDGE ( 'NONE', *, *, #4093, .T. ) ;
#657 = DIRECTION ( 'NONE',  ( 0.000000000000000000, 1.000000000000000000, 4.336808689942016158E-15 ) ) ;
#658 = EDGE_CURVE ( 'NONE', #31, #1860, #2052, .T. ) ;
#659 = VECTOR ( 'NONE', #1764, 1000.000000000000000 ) ;
#660 = ORIENTED_EDGE ( 'NONE', *, *, #2428, .F. ) ;
#661 = DIRECTION ( 'NONE',  ( -1.000000000000000000, 0.000000000000000000, 0.000000000000000000 ) ) ;
#662 = AXIS2_PLACEMENT_3D ( 'NONE', #517, #1629, #2583 ) ;
#663 = AXIS2_PLACEMENT_3D ( 'NONE', #2218, #1193, #3551 ) ;
#664 = VERTEX_POINT ( 'NONE', #376 ) ;
#665 = ORIENTED_EDGE ( 'NONE', *, *, #1592, .F. ) ;
#666 = ORIENTED_EDGE ( 'NONE', *, *, #4476, .T. ) ;
#667 = EDGE_CURVE ( 'NONE', #1275, #1434, #1013, .T. ) ;
#668 = AXIS2_PLACEMENT_3D ( 'NONE', #14, #4127, #3499 ) ;
#669 = CARTESIAN_POINT ( 'NONE',  ( 0.000000000000000000, 42.32849132892020805, 87.66419036505568840 ) ) ;
#670 = AXIS2_PLACEMENT_3D ( 'NONE', #2866, #1843, #3512 ) ;
#671 = DIRECTION ( 'NONE',  ( 0.000000000000000000, -0.000000000000000000, 1.000000000000000000 ) ) ;
#672 = AXIS2_PLACEMENT_3D ( 'NONE', #1801, #1754, #3862 ) ;
#673 = EDGE_LOOP ( 'NONE', ( #2867, #104, #4431, #4064 ) ) ;
#674 = VECTOR ( 'NONE', #3304, 1000.000000000000000 ) ;
#675 = EDGE_LOOP ( 'NONE', ( #3590, #1328, #3746, #3692 ) ) ;
#676 = CARTESIAN_POINT ( 'NONE',  ( 1.600000000000000089, 40.00000000000000000, 4.428226148730328054E-15 ) ) ;
#677 = LINE ( 'NONE', #2058, #2203 ) ;
#678 = CARTESIAN_POINT ( 'NONE',  ( 1.600000000000000089, 21.56647773738793816, 31.91172395019731312 ) ) ;
#679 = ADVANCED_FACE ( 'NONE', ( #1827 ), #2166, .T. ) ;
#680 = DIRECTION ( 'NONE',  ( 1.000000000000000000, 0.000000000000000000, 0.000000000000000000 ) ) ;
#681 = CIRCLE ( 'NONE', #2856, 1.575000000000006839 ) ;
#682 = VECTOR ( 'NONE', #2893, 1000.000000000000000 ) ;
#683 = CARTESIAN_POINT ( 'NONE',  ( 1.600000000000000089, 12.33807700000000196, 0.000000000000000000 ) ) ;
#684 = CARTESIAN_POINT ( 'NONE',  ( 1.600000000000000089, 40.00000000000000000, 20.88222947802272245 ) ) ;
#685 = EDGE_LOOP ( 'NONE', ( #2456, #2961, #3469, #3050 ) ) ;
#686 = EDGE_CURVE ( 'NONE', #762, #1170, #2528, .T. ) ;
#687 = CARTESIAN_POINT ( 'NONE',  ( 1.600000000000000089, 4.779558726109145669E-16, 18.63222947802272245 ) ) ;
#688 = ORIENTED_EDGE ( 'NONE', *, *, #4035, .F. ) ;
#689 = LINE ( 'NONE', #2477, #618 ) ;
#690 = EDGE_CURVE ( 'NONE', #4120, #2457, #1598, .T. ) ;
#691 = ORIENTED_EDGE ( 'NONE', *, *, #2725, .T. ) ;
#692 = ORIENTED_EDGE ( 'NONE', *, *, #3178, .F. ) ;
#693 = VERTEX_POINT ( 'NONE', #3886 ) ;
#694 = CARTESIAN_POINT ( 'NONE',  ( 0.000000000000000000, 10.55542615334358558, 5.261723950197319866 ) ) ;
#695 = CARTESIAN_POINT ( 'NONE',  ( 1.600000000000000089, 3.469446951953614189E-15, 41.93222947802272671 ) ) ;
#696 = FACE_OUTER_BOUND ( 'NONE', #639, .T. ) ;
#697 = ORIENTED_EDGE ( 'NONE', *, *, #723, .F. ) ;
#698 = EDGE_LOOP ( 'NONE', ( #2951, #1726, #1752, #2030 ) ) ;
#699 = CARTESIAN_POINT ( 'NONE',  ( 0.000000000000000000, 30.22328051677647309, 59.33708183355869181 ) ) ;
#700 = CARTESIAN_POINT ( 'NONE',  ( 1.600000000000000089, 0.000000000000000000, 19.13559017415981245 ) ) ;
#701 = CARTESIAN_POINT ( 'NONE',  ( 0.000000000000000000, 33.67540399075452484, 89.89065335167411774 ) ) ;
#702 = CARTESIAN_POINT ( 'NONE',  ( 1.600000000000000089, 30.77671948322412732, 78.16291816644128687 ) ) ;
#703 = ORIENTED_EDGE ( 'NONE', *, *, #646, .F. ) ;
#704 = EDGE_CURVE ( 'NONE', #877, #3741, #1850, .T. ) ;
#705 = FACE_OUTER_BOUND ( 'NONE', #3721, .T. ) ;
#706 = CARTESIAN_POINT ( 'NONE',  ( 0.000000000000000000, 6.088077000000003736, 66.88630254679686971 ) ) ;
#707 = EDGE_LOOP ( 'NONE', ( #4226, #506, #4037, #3770 ) ) ;
#708 = DIRECTION ( 'NONE',  ( -1.000000000000000000, -0.000000000000000000, -0.000000000000000000 ) ) ;
#709 = VECTOR ( 'NONE', #2740, 1000.000000000000000 ) ;
#710 = ORIENTED_EDGE ( 'NONE', *, *, #3133, .T. ) ;
#711 = VERTEX_POINT ( 'NONE', #2191 ) ;
#712 = EDGE_LOOP ( 'NONE', ( #3810, #2439, #3563, #4242 ) ) ;
#713 = EDGE_CURVE ( 'NONE', #2564, #1143, #2850, .T. ) ;
#714 = CIRCLE ( 'NONE', #4258, 3.175000000000000711 ) ;
#715 = CARTESIAN_POINT ( 'NONE',  ( 0.000000000000000000, 30.77671948322412376, 65.66291816644130108 ) ) ;
#716 = CARTESIAN_POINT ( 'NONE',  ( 0.000000000000000000, 12.81931466328369140, -23.26612108719102068 ) ) ;
#717 = FACE_OUTER_BOUND ( 'NONE', #621, .T. ) ;
#718 = ORIENTED_EDGE ( 'NONE', *, *, #1136, .T. ) ;
#719 = ORIENTED_EDGE ( 'NONE', *, *, #1790, .F. ) ;
#720 = DIRECTION ( 'NONE',  ( 1.000000000000000000, -0.000000000000000000, -0.000000000000000000 ) ) ;
#721 = PLANE ( 'NONE',  #3138 ) ;
#722 = DIRECTION ( 'NONE',  ( 0.000000000000000000, 0.000000000000000000, 1.000000000000000000 ) ) ;
#723 = EDGE_CURVE ( 'NONE', #994, #3637, #2214, .T. ) ;
#724 = CARTESIAN_POINT ( 'NONE',  ( 1.600000000000000089, 20.08238618739317261, -53.61397923772977236 ) ) ;
#725 = EDGE_CURVE ( 'NONE', #2148, #2445, #445, .T. ) ;
#726 = ORIENTED_EDGE ( 'NONE', *, *, #723, .T. ) ;
#727 = LINE ( 'NONE', #1355, #964 ) ;
#728 = FACE_OUTER_BOUND ( 'NONE', #3756, .T. ) ;
#729 = ORIENTED_EDGE ( 'NONE', *, *, #4304, .T. ) ;
#730 = ORIENTED_EDGE ( 'NONE', *, *, #414, .F. ) ;
#731 = CARTESIAN_POINT ( 'NONE',  ( 0.000000000000000000, 41.60000000000000853, 0.000000000000000000 ) ) ;
#732 = ORIENTED_EDGE ( 'NONE', *, *, #571, .F. ) ;
#733 = VERTEX_POINT ( 'NONE', #2509 ) ;
#734 = ADVANCED_FACE ( 'NONE', ( #111 ), #128, .T. ) ;
#735 = VECTOR ( 'NONE', #2238, 1000.000000000000000 ) ;
#736 = CARTESIAN_POINT ( 'NONE',  ( 1.600000000000000089, 18.88392920340825398, 90.56091304161098776 ) ) ;
#737 = DIRECTION ( 'NONE',  ( 0.000000000000000000, 0.000000000000000000, 1.000000000000000000 ) ) ;
#738 = CARTESIAN_POINT ( 'NONE',  ( 34.43031986259653365, 41.59999999999958931, 0.000000000000000000 ) ) ;
#739 = ORIENTED_EDGE ( 'NONE', *, *, #646, .T. ) ;
#740 = VERTEX_POINT ( 'NONE', #2894 ) ;
#741 = DIRECTION ( 'NONE',  ( 0.000000000000000000, -0.5842496656374250863, 0.8115739819650190645 ) ) ;
#742 = VECTOR ( 'NONE', #487, 1000.000000000000000 ) ;
#743 = LINE ( 'NONE', #3192, #1983 ) ;
#744 = EDGE_CURVE ( 'NONE', #4120, #1505, #4268, .T. ) ;
#745 = LINE ( 'NONE', #3170, #912 ) ;
#746 = CARTESIAN_POINT ( 'NONE',  ( 1.600000000000000089, 16.67813011214031960, 95.20257663657463354 ) ) ;
#747 = VECTOR ( 'NONE', #3351, 1000.000000000000114 ) ;
#748 = ORIENTED_EDGE ( 'NONE', *, *, #2548, .T. ) ;
#749 = CARTESIAN_POINT ( 'NONE',  ( 0.000000000000000000, 30.49999999999998934, 0.5500000000000001554 ) ) ;
#750 = AXIS2_PLACEMENT_3D ( 'NONE', #3058, #1377, #321 ) ;
#751 = EDGE_CURVE ( 'NONE', #3890, #1050, #3663, .T. ) ;
#752 = PLANE ( 'NONE',  #3630 ) ;
#753 = ORIENTED_EDGE ( 'NONE', *, *, #1540, .T. ) ;
#754 = VERTEX_POINT ( 'NONE', #3326 ) ;
#755 = DIRECTION ( 'NONE',  ( -1.000000000000000000, -0.000000000000000000, -0.000000000000000000 ) ) ;
#756 = ORIENTED_EDGE ( 'NONE', *, *, #1868, .F. ) ;
#757 = VERTEX_POINT ( 'NONE', #2654 ) ;
#758 = AXIS2_PLACEMENT_3D ( 'NONE', #3685, #947, #583 ) ;
#759 = DIRECTION ( 'NONE',  ( 0.000000000000000000, 1.000000000000000000, 9.912705577010316921E-17 ) ) ;
#760 = CARTESIAN_POINT ( 'NONE',  ( 0.000000000000000000, 28.64500731160176272, -11.87325260726107956 ) ) ;
#761 = ADVANCED_FACE ( 'NONE', ( #2633 ), #4008, .T. ) ;
#762 = VERTEX_POINT ( 'NONE', #4390 ) ;
#763 = DIRECTION ( 'NONE',  ( 0.000000000000000000, 0.000000000000000000, -1.000000000000000000 ) ) ;
#764 = VERTEX_POINT ( 'NONE', #3711 ) ;
#765 = ORIENTED_EDGE ( 'NONE', *, *, #1564, .T. ) ;
#766 = CIRCLE ( 'NONE', #3295, 2.250000000000001776 ) ;
#767 = CARTESIAN_POINT ( 'NONE',  ( 0.000000000000000000, 5.088077000000002847, 80.26130254679686971 ) ) ;
#768 = PLANE ( 'NONE',  #1719 ) ;
#769 = DIRECTION ( 'NONE',  ( -0.000000000000000000, 0.7547485790292400853, 0.6560141633023962582 ) ) ;
#770 = CARTESIAN_POINT ( 'NONE',  ( 1.600000000000000089, 30.46119753227376137, -37.73320069683507683 ) ) ;
#771 = DIRECTION ( 'NONE',  ( 0.000000000000000000, 1.000000000000000000, -2.565210315677348556E-17 ) ) ;
#772 = EDGE_CURVE ( 'NONE', #510, #4250, #1961, .T. ) ;
#773 = VECTOR ( 'NONE', #1949, 1000.000000000000000 ) ;
#774 = EDGE_LOOP ( 'NONE', ( #1386, #1147, #4056, #3537, #1236 ) ) ;
#775 = CARTESIAN_POINT ( 'NONE',  ( 0.000000000000000000, -5.713660983684766492, -1.716548216891827794 ) ) ;
#776 = CYLINDRICAL_SURFACE ( 'NONE', #1106, 1.024999999999998135 ) ;
#777 = VERTEX_POINT ( 'NONE', #4029 ) ;
#778 = ORIENTED_EDGE ( 'NONE', *, *, #3504, .F. ) ;
#779 = DIRECTION ( 'NONE',  ( -1.000000000000000000, -0.000000000000000000, -0.000000000000000000 ) ) ;
#780 = ORIENTED_EDGE ( 'NONE', *, *, #3281, .F. ) ;
#781 = EDGE_LOOP ( 'NONE', ( #2066, #3729, #3808, #313 ) ) ;
#782 = VECTOR ( 'NONE', #3755, 1000.000000000000000 ) ;
#783 = LINE ( 'NONE', #3139, #3683 ) ;
#784 = DIRECTION ( 'NONE',  ( 0.000000000000000000, -0.000000000000000000, -1.000000000000000000 ) ) ;
#785 = ORIENTED_EDGE ( 'NONE', *, *, #3370, .F. ) ;
#786 = FACE_OUTER_BOUND ( 'NONE', #1735, .T. ) ;
#787 = EDGE_CURVE ( 'NONE', #3897, #4450, #564, .T. ) ;
#788 = ORIENTED_EDGE ( 'NONE', *, *, #2452, .T. ) ;
#789 = CARTESIAN_POINT ( 'NONE',  ( 1.600000000000000089, 32.79724476520794241, 25.41172395019731312 ) ) ;
#790 = CARTESIAN_POINT ( 'NONE',  ( 1.600000000000000089, 0.000000000000000000, 44.26130254679684839 ) ) ;
#791 = CARTESIAN_POINT ( 'NONE',  ( 1.600000000000000089, 8.392566107048125446, 95.92746955793863606 ) ) ;
#792 = CARTESIAN_POINT ( 'NONE',  ( 1.600000000000000089, 29.72527329571467547, 25.66172395019730601 ) ) ;
#793 = EDGE_CURVE ( 'NONE', #3509, #1190, #3352, .T. ) ;
#794 = DIRECTION ( 'NONE',  ( 0.000000000000000000, 2.565210315677348556E-17, 1.000000000000000000 ) ) ;
#795 = VECTOR ( 'NONE', #4245, 1000.000000000000000 ) ;
#796 = ADVANCED_FACE ( 'NONE', ( #1290 ), #1944, .T. ) ;
#797 = VERTEX_POINT ( 'NONE', #3375 ) ;
#798 = CARTESIAN_POINT ( 'NONE',  ( 1.599999999999997202, -1.045918538495705866E-14, 2.411723950197328215 ) ) ;
#799 = CARTESIAN_POINT ( 'NONE',  ( 1.600000000000000089, 34.00000000000021316, -36.08827604980243109 ) ) ;
#800 = VECTOR ( 'NONE', #2325, 1000.000000000000000 ) ;
#801 = CLOSED_SHELL ( 'NONE', ( #622, #3531, #3448, #3915, #2063, #1755, #1065, #290, #1528, #1260, #957, #1960, #3355, #1161, #2593, #24, #4256, #2287, #4421, #2821, #2622, #4307, #613, #2343, #3388, #2159, #1915, #3631, #2785, #3460, #3334, #3152, #3882, #1076, #4325, #2569, #2029, #207, #25, #796, #4367, #3672, #977, #2313, #4290, #2079, #847, #1863, #2601, #3039, #4168, #3689, #323, #3811, #3203, #4391, #761, #20, #2071, #3748, #2688, #421, #2655, #1623, #3696, #3737, #1815, #550, #990, #103, #3588, #82, #2890, #3769, #3216, #1430, #113, #1286, #2540, #1405, #439, #734, #1954, #373, #2829, #529, #332, #1179, #3549, #942, #3946, #1142, #961, #1231, #1331, #1594, #1699, #3989, #145, #320, #3609, #2277, #3968, #2684, #4446, #4362, #1364, #1765, #4468, #3239, #213, #3270, #3243, #2406, #3402, #2036, #3780, #647, #1788, #1340, #4131, #1297, #4235, #339, #679, #3803, #4010, #3874, #1370, #3718, #2981 ) ) ;
#802 = ORIENTED_EDGE ( 'NONE', *, *, #2002, .F. ) ;
#803 = DIRECTION ( 'NONE',  ( 0.000000000000000000, -0.1882073904574351753, -0.9821293082772768468 ) ) ;
#804 = ORIENTED_EDGE ( 'NONE', *, *, #1427, .F. ) ;
#805 = EDGE_CURVE ( 'NONE', #89, #880, #2966, .T. ) ;
#806 = CARTESIAN_POINT ( 'NONE',  ( 1.600000000000000089, 40.00000000000000000, -24.69334415737191790 ) ) ;
#807 = CARTESIAN_POINT ( 'NONE',  ( 0.000000000000000000, 33.97725791936503725, -42.50746896926139584 ) ) ;
#808 = ORIENTED_EDGE ( 'NONE', *, *, #1466, .T. ) ;
#809 = VECTOR ( 'NONE', #3546, 1000.000000000000114 ) ;
#810 = CARTESIAN_POINT ( 'NONE',  ( 1.600000000000000089, 0.000000000000000000, 0.000000000000000000 ) ) ;
#811 = EDGE_CURVE ( 'NONE', #757, #1818, #2314, .T. ) ;
#812 = AXIS2_PLACEMENT_3D ( 'NONE', #4346, #2637, #3377 ) ;
#813 = ORIENTED_EDGE ( 'NONE', *, *, #2898, .T. ) ;
#814 = FACE_OUTER_BOUND ( 'NONE', #4024, .T. ) ;
#815 = DIRECTION ( 'NONE',  ( 0.000000000000000000, -1.000000000000000000, 0.000000000000000000 ) ) ;
#816 = FACE_BOUND ( 'NONE', #492, .T. ) ;
#817 = AXIS2_PLACEMENT_3D ( 'NONE', #151, #1533, #2918 ) ;
#818 = DIRECTION ( 'NONE',  ( -1.000000000000000000, -0.000000000000000000, -0.000000000000000000 ) ) ;
#819 = LINE ( 'NONE', #138, #1317 ) ;
#820 = VERTEX_POINT ( 'NONE', #205 ) ;
#821 = CARTESIAN_POINT ( 'NONE',  ( 34.43031986259653365, 0.000000000000000000, -35.58827604980267978 ) ) ;
#822 = EDGE_CURVE ( 'NONE', #4337, #797, #4342, .T. ) ;
#823 = FACE_OUTER_BOUND ( 'NONE', #2184, .T. ) ;
#824 = AXIS2_PLACEMENT_3D ( 'NONE', #2082, #1353, #384 ) ;
#825 = ORIENTED_EDGE ( 'NONE', *, *, #2321, .T. ) ;
#826 = VECTOR ( 'NONE', #4197, 1000.000000000000000 ) ;
#827 = VECTOR ( 'NONE', #906, 1000.000000000000000 ) ;
#828 = LINE ( 'NONE', #106, #2455 ) ;
#829 = ORIENTED_EDGE ( 'NONE', *, *, #652, .T. ) ;
#830 = EDGE_CURVE ( 'NONE', #3188, #1072, #1674, .T. ) ;
#831 = EDGE_CURVE ( 'NONE', #1956, #1349, #2033, .T. ) ;
#832 = DIRECTION ( 'NONE',  ( 0.000000000000000000, 1.000000000000000000, -2.565210315677348556E-17 ) ) ;
#833 = CARTESIAN_POINT ( 'NONE',  ( 1.599999999999997202, 42.32849132892020805, 87.66419036505568840 ) ) ;
#834 = EDGE_LOOP ( 'NONE', ( #194, #1085, #3538, #3303 ) ) ;
#835 = PLANE ( 'NONE',  #2994 ) ;
#836 = VECTOR ( 'NONE', #651, 1000.000000000000000 ) ;
#837 = CYLINDRICAL_SURFACE ( 'NONE', #663, 1.024999999999998135 ) ;
#838 = LINE ( 'NONE', #497, #924 ) ;
#839 = FACE_BOUND ( 'NONE', #774, .T. ) ;
#840 = VECTOR ( 'NONE', #1725, 1000.000000000000000 ) ;
#841 = LINE ( 'NONE', #4236, #4083 ) ;
#842 = CARTESIAN_POINT ( 'NONE',  ( 0.000000000000000000, 39.99999999999999289, 57.30665584262807499 ) ) ;
#843 = ORIENTED_EDGE ( 'NONE', *, *, #1277, .T. ) ;
#844 = LINE ( 'NONE', #486, #4366 ) ;
#845 = CARTESIAN_POINT ( 'NONE',  ( 1.600000000000000089, 22.18438090784329830, -49.14058743714126365 ) ) ;
#846 = AXIS2_PLACEMENT_3D ( 'NONE', #232, #3735, #2680 ) ;
#847 = ADVANCED_FACE ( 'NONE', ( #1657 ), #4371, .F. ) ;
#848 = FACE_OUTER_BOUND ( 'NONE', #56, .T. ) ;
#849 = ORIENTED_EDGE ( 'NONE', *, *, #1613, .T. ) ;
#850 = VERTEX_POINT ( 'NONE', #2015 ) ;
#851 = DIRECTION ( 'NONE',  ( 1.000000000000000000, 0.000000000000000000, 0.000000000000000000 ) ) ;
#852 = VERTEX_POINT ( 'NONE', #907 ) ;
#853 = EDGE_CURVE ( 'NONE', #4351, #299, #1268, .T. ) ;
#854 = CARTESIAN_POINT ( 'NONE',  ( 0.000000000000000000, -3.071244824209612169E-13, 44.26130254679675602 ) ) ;
#855 = CARTESIAN_POINT ( 'NONE',  ( 0.000000000000000000, 30.22328051677647309, 59.33708183355869181 ) ) ;
#856 = DIRECTION ( 'NONE',  ( 0.000000000000000000, 0.1882073904574345369, 0.9821293082772769578 ) ) ;
#857 = CARTESIAN_POINT ( 'NONE',  ( 0.000000000000000000, 21.56647773738793816, 31.91172395019731312 ) ) ;
#858 = FACE_OUTER_BOUND ( 'NONE', #1734, .T. ) ;
#859 = PLANE ( 'NONE',  #303 ) ;
#860 = EDGE_LOOP ( 'NONE', ( #2241, #3984, #1248, #1409 ) ) ;
#861 = ORIENTED_EDGE ( 'NONE', *, *, #3312, .F. ) ;
#862 = LINE ( 'NONE', #3374, #2563 ) ;
#863 = LINE ( 'NONE', #1291, #2847 ) ;
#864 = EDGE_CURVE ( 'NONE', #1956, #2319, #2337, .T. ) ;
#865 = DIRECTION ( 'NONE',  ( 0.000000000000000000, -1.250353324713949261E-16, 1.000000000000000000 ) ) ;
#866 = ORIENTED_EDGE ( 'NONE', *, *, #1497, .F. ) ;
#867 = ORIENTED_EDGE ( 'NONE', *, *, #3296, .T. ) ;
#868 = CARTESIAN_POINT ( 'NONE',  ( 0.000000000000000000, 52.50000000000000711, 0.000000000000000000 ) ) ;
#869 = ORIENTED_EDGE ( 'NONE', *, *, #1922, .T. ) ;
#870 = EDGE_CURVE ( 'NONE', #820, #2458, #2358, .T. ) ;
#871 = LINE ( 'NONE', #2252, #3322 ) ;
#872 = DIRECTION ( 'NONE',  ( 0.000000000000000000, 0.6560141633023962582, -0.7547485790292399743 ) ) ;
#873 = CARTESIAN_POINT ( 'NONE',  ( 0.000000000000000000, 30.50000000000030198, -14.44999999999999929 ) ) ;
#874 = DIRECTION ( 'NONE',  ( 0.000000000000000000, 0.000000000000000000, -1.000000000000000000 ) ) ;
#875 = DIRECTION ( 'NONE',  ( 0.000000000000000000, -1.000000000000000000, 0.000000000000000000 ) ) ;
#876 = DIRECTION ( 'NONE',  ( 0.000000000000000000, -1.000000000000000000, -1.250353324713949261E-16 ) ) ;
#877 = VERTEX_POINT ( 'NONE', #294 ) ;
#878 = EDGE_CURVE ( 'NONE', #549, #4218, #256, .T. ) ;
#879 = VECTOR ( 'NONE', #1812, 1000.000000000000227 ) ;
#880 = VERTEX_POINT ( 'NONE', #3506 ) ;
#881 = AXIS2_PLACEMENT_3D ( 'NONE', #767, #2151, #3099 ) ;
#882 = DIRECTION ( 'NONE',  ( 0.000000000000000000, -1.250353324713949261E-16, 1.000000000000000000 ) ) ;
#883 = DIRECTION ( 'NONE',  ( -0.000000000000000000, 0.8115739819650134024, 0.5842496656374328579 ) ) ;
#884 = AXIS2_PLACEMENT_3D ( 'NONE', #4449, #335, #2122 ) ;
#885 = PLANE ( 'NONE',  #3480 ) ;
#886 = LINE ( 'NONE', #616, #191 ) ;
#887 = EDGE_CURVE ( 'NONE', #2458, #3606, #399, .T. ) ;
#888 = VECTOR ( 'NONE', #1243, 1000.000000000000000 ) ;
#889 = ORIENTED_EDGE ( 'NONE', *, *, #2094, .F. ) ;
#890 = APPLICATION_PROTOCOL_DEFINITION ( 'draft international standard', 'automotive_design', 1998, #2739 ) ;
#891 = EDGE_LOOP ( 'NONE', ( #6, #1483, #1681, #2841 ) ) ;
#892 = AXIS2_PLACEMENT_3D ( 'NONE', #700, #1308, #3100 ) ;
#893 = DIRECTION ( 'NONE',  ( 1.000000000000000000, 0.000000000000000000, 0.000000000000000000 ) ) ;
#894 = ORIENTED_EDGE ( 'NONE', *, *, #4221, .T. ) ;
#895 = AXIS2_PLACEMENT_3D ( 'NONE', #2521, #1841, #4239 ) ;
#896 = LINE ( 'NONE', #1933, #438 ) ;
#897 = VECTOR ( 'NONE', #3472, 1000.000000000000000 ) ;
#898 = EDGE_CURVE ( 'NONE', #923, #1917, #1698, .T. ) ;
#899 = LINE ( 'NONE', #940, #1045 ) ;
#900 = CARTESIAN_POINT ( 'NONE',  ( 1.599999999999997202, -1.600000000000629141, 62.41172395019732022 ) ) ;
#901 = FACE_BOUND ( 'NONE', #263, .T. ) ;
#902 = CARTESIAN_POINT ( 'NONE',  ( 1.600000000000000089, 32.79724476520794241, 36.83672395019730317 ) ) ;
#903 = ORIENTED_EDGE ( 'NONE', *, *, #3178, .T. ) ;
#904 = ORIENTED_EDGE ( 'NONE', *, *, #2755, .T. ) ;
#905 = ORIENTED_EDGE ( 'NONE', *, *, #2947, .T. ) ;
#906 = DIRECTION ( 'NONE',  ( 0.000000000000000000, 0.000000000000000000, -1.000000000000000000 ) ) ;
#907 = CARTESIAN_POINT ( 'NONE',  ( 1.600000000000000089, 14.50000040439469728, 5.261723950197318089 ) ) ;
#908 = EDGE_CURVE ( 'NONE', #510, #3291, #3799, .T. ) ;
#909 = DIRECTION ( 'NONE',  ( 0.000000000000000000, 0.000000000000000000, -1.000000000000000000 ) ) ;
#910 = PLANE ( 'NONE',  #589 ) ;
#911 = CYLINDRICAL_SURFACE ( 'NONE', #1416, 3.175000000000025135 ) ;
#912 = VECTOR ( 'NONE', #69, 1000.000000000000000 ) ;
#913 = VERTEX_POINT ( 'NONE', #770 ) ;
#914 = ORIENTED_EDGE ( 'NONE', *, *, #3954, .T. ) ;
#915 = DIRECTION ( 'NONE',  ( 0.000000000000000000, -1.000000000000000000, -1.107056537182581940E-16 ) ) ;
#916 = EDGE_LOOP ( 'NONE', ( #980, #688, #3855, #3790 ) ) ;
#917 = CARTESIAN_POINT ( 'NONE',  ( 1.600000000000000089, 12.33807700000000196, 0.000000000000000000 ) ) ;
#918 = LINE ( 'NONE', #3725, #594 ) ;
#919 = CYLINDRICAL_SURFACE ( 'NONE', #3842, 1.024999999999998135 ) ;
#920 = CARTESIAN_POINT ( 'NONE',  ( 0.000000000000000000, -0.000000000000000000, -38.58827604980267978 ) ) ;
#921 = PLANE ( 'NONE',  #4282 ) ;
#922 = ORIENTED_EDGE ( 'NONE', *, *, #4145, .T. ) ;
#923 = VERTEX_POINT ( 'NONE', #3079 ) ;
#924 = VECTOR ( 'NONE', #1556, 1000.000000000000000 ) ;
#925 = DIRECTION ( 'NONE',  ( -1.000000000000000000, -0.000000000000000000, -0.000000000000000000 ) ) ;
#926 = CARTESIAN_POINT ( 'NONE',  ( 1.600000000000000089, 30.50000000000030198, 62.50000000000000000 ) ) ;
#927 = CARTESIAN_POINT ( 'NONE',  ( 0.000000000000000000, 18.01666671572325029, -44.92274425496474777 ) ) ;
#928 = EDGE_CURVE ( 'NONE', #2806, #820, #3943, .T. ) ;
#929 = DIRECTION ( 'NONE',  ( 0.000000000000000000, 0.000000000000000000, 1.000000000000000000 ) ) ;
#930 = CIRCLE ( 'NONE', #3457, 3.174999999999908340 ) ;
#931 = DIRECTION ( 'NONE',  ( -0.000000000000000000, -1.355252715606880543E-16, 1.000000000000000000 ) ) ;
#932 = DIRECTION ( 'NONE',  ( -1.000000000000000000, -0.000000000000000000, -0.000000000000000000 ) ) ;
#933 = ORIENTED_EDGE ( 'NONE', *, *, #4335, .F. ) ;
#934 = ORIENTED_EDGE ( 'NONE', *, *, #3507, .F. ) ;
#935 = ORIENTED_EDGE ( 'NONE', *, *, #4460, .T. ) ;
#936 = LINE ( 'NONE', #1343, #3463 ) ;
#937 = EDGE_CURVE ( 'NONE', #1818, #740, #3102, .T. ) ;
#938 = ORIENTED_EDGE ( 'NONE', *, *, #484, .T. ) ;
#939 = DIRECTION ( 'NONE',  ( 0.000000000000000000, -0.8115739819650189535, -0.5842496656374251973 ) ) ;
#940 = CARTESIAN_POINT ( 'NONE',  ( 34.43031986259653365, 39.99999999999958789, 27.30665584262807855 ) ) ;
#941 = DIRECTION ( 'NONE',  ( 0.000000000000000000, -1.107056537182581940E-16, 1.000000000000000000 ) ) ;
#942 = ADVANCED_FACE ( 'NONE', ( #22 ), #4160, .T. ) ;
#943 = PLANE ( 'NONE',  #2986 ) ;
#944 = DIRECTION ( 'NONE',  ( 0.000000000000000000, 0.000000000000000000, 1.000000000000000000 ) ) ;
#945 = VERTEX_POINT ( 'NONE', #2449 ) ;
#946 = VERTEX_POINT ( 'NONE', #1787 ) ;
#947 = DIRECTION ( 'NONE',  ( 0.000000000000000000, -1.000000000000000000, -1.355252715606880543E-16 ) ) ;
#948 = DIRECTION ( 'NONE',  ( -1.000000000000000000, -0.000000000000000000, -0.000000000000000000 ) ) ;
#949 = CARTESIAN_POINT ( 'NONE',  ( 1.600000000000000089, 33.99999999999999289, 87.66419036505570261 ) ) ;
#950 = CARTESIAN_POINT ( 'NONE',  ( 0.000000000000000000, 28.15173500130799411, -47.16395168868958621 ) ) ;
#951 = VECTOR ( 'NONE', #279, 1000.000000000000000 ) ;
#952 = EDGE_CURVE ( 'NONE', #1709, #3251, #2468, .T. ) ;
#953 = DIRECTION ( 'NONE',  ( 0.000000000000000000, 0.6243732174915237465, -0.7811261647642349093 ) ) ;
#954 = LINE ( 'NONE', #1680, #48 ) ;
#955 = VERTEX_POINT ( 'NONE', #1039 ) ;
#956 = ORIENTED_EDGE ( 'NONE', *, *, #4145, .F. ) ;
#957 = ADVANCED_FACE ( 'NONE', ( #2809 ), #4111, .F. ) ;
#958 = DIRECTION ( 'NONE',  ( 0.000000000000000000, 0.000000000000000000, -1.000000000000000000 ) ) ;
#959 = ORIENTED_EDGE ( 'NONE', *, *, #704, .F. ) ;
#960 = DIRECTION ( 'NONE',  ( 0.000000000000000000, 0.000000000000000000, -1.000000000000000000 ) ) ;
#961 = ADVANCED_FACE ( 'NONE', ( #3872 ), #2104, .T. ) ;
#962 = CIRCLE ( 'NONE', #1035, 3.175000000000011369 ) ;
#963 = DIRECTION ( 'NONE',  ( 0.000000000000000000, -1.107056537182581940E-16, 1.000000000000000000 ) ) ;
#964 = VECTOR ( 'NONE', #4438, 1000.000000000000000 ) ;
#965 = FACE_BOUND ( 'NONE', #1129, .T. ) ;
#966 = VERTEX_POINT ( 'NONE', #4136 ) ;
#967 = ORIENTED_EDGE ( 'NONE', *, *, #2040, .T. ) ;
#968 = CARTESIAN_POINT ( 'NONE',  ( 1.600000000000000089, -1.433510336980649612E-16, -5.588276049802678891 ) ) ;
#969 = VECTOR ( 'NONE', #2013, 1000.000000000000000 ) ;
#970 = LINE ( 'NONE', #2375, #385 ) ;
#971 = CARTESIAN_POINT ( 'NONE',  ( 34.43031986259653365, 0.000000000000000000, 54.41172395019732022 ) ) ;
#972 = CARTESIAN_POINT ( 'NONE',  ( 0.000000000000000000, 41.59999999999958931, 27.30665584262818868 ) ) ;
#973 = CARTESIAN_POINT ( 'NONE',  ( 1.600000000000000089, 5.088077000000004624, 65.53630254679684697 ) ) ;
#974 = LINE ( 'NONE', #1588, #3029 ) ;
#975 = VERTEX_POINT ( 'NONE', #701 ) ;
#976 = AXIS2_PLACEMENT_3D ( 'NONE', #1955, #661, #3381 ) ;
#977 = ADVANCED_FACE ( 'NONE', ( #383 ), #4454, .F. ) ;
#978 = ORIENTED_EDGE ( 'NONE', *, *, #1554, .T. ) ;
#979 = DIRECTION ( 'NONE',  ( -1.000000000000000000, 0.000000000000000000, 0.000000000000000000 ) ) ;
#980 = ORIENTED_EDGE ( 'NONE', *, *, #2616, .F. ) ;
#981 = EDGE_CURVE ( 'NONE', #299, #2639, #1342, .T. ) ;
#982 = AXIS2_PLACEMENT_3D ( 'NONE', #2536, #4096, #2403 ) ;
#983 = PLANE ( 'NONE',  #4213 ) ;
#984 = LINE ( 'NONE', #3814, #306 ) ;
#985 = CARTESIAN_POINT ( 'NONE',  ( 1.600000000000000089, 0.000000000000000000, -53.61397923772977236 ) ) ;
#986 = EDGE_LOOP ( 'NONE', ( #2750, #1714, #2819, #3502 ) ) ;
#987 = VERTEX_POINT ( 'NONE', #678 ) ;
#988 = DIRECTION ( 'NONE',  ( -0.000000000000000000, 1.000000000000000000, 0.000000000000000000 ) ) ;
#989 = LINE ( 'NONE', #1673, #388 ) ;
#990 = ADVANCED_FACE ( 'NONE', ( #1352 ), #3147, .F. ) ;
#991 = CARTESIAN_POINT ( 'NONE',  ( 1.600000000000000089, 33.99999999999999289, 87.66419036505570261 ) ) ;
#992 = CARTESIAN_POINT ( 'NONE',  ( 0.000000000000000000, 14.67430735168222888, -14.01786847992993934 ) ) ;
#993 = CYLINDRICAL_SURFACE ( 'NONE', #1354, 2.249999999999998668 ) ;
#994 = VERTEX_POINT ( 'NONE', #46 ) ;
#995 = EDGE_CURVE ( 'NONE', #2641, #946, #2507, .T. ) ;
#996 = CARTESIAN_POINT ( 'NONE',  ( 1.600000000000000089, 6.113077000000001426, 80.26130254679686971 ) ) ;
#997 = ORIENTED_EDGE ( 'NONE', *, *, #3160, .T. ) ;
#998 =( BOUNDED_CURVE ( )  B_SPLINE_CURVE ( 3, ( #1020, #3787, #1382, #1748 ),
 .UNSPECIFIED., .F., .F. ) 
 B_SPLINE_CURVE_WITH_KNOTS ( ( 4, 4 ),
 ( 0.000000000000000000, 3.141592653589793116 ),
 .UNSPECIFIED. ) 
 CURVE ( )  GEOMETRIC_REPRESENTATION_ITEM ( )  RATIONAL_B_SPLINE_CURVE ( ( 1.000000000000000000, 0.3333333333333333703, 0.3333333333333333703, 1.000000000000000000 ) ) 
 REPRESENTATION_ITEM ( '' )  );
#999 = DIRECTION ( 'NONE',  ( -1.000000000000000000, -0.000000000000000000, -0.000000000000000000 ) ) ;
#1000 = ORIENTED_EDGE ( 'NONE', *, *, #277, .T. ) ;
#1001 = CARTESIAN_POINT ( 'NONE',  ( 1.599999999999997202, 12.75745245326117150, 89.52604643332058743 ) ) ;
#1002 = EDGE_CURVE ( 'NONE', #1605, #1104, #745, .T. ) ;
#1003 = CIRCLE ( 'NONE', #1367, 0.4999999999999865663 ) ;
#1004 = DIRECTION ( 'NONE',  ( -1.000000000000000000, 0.000000000000000000, 0.000000000000000000 ) ) ;
#1005 = EDGE_LOOP ( 'NONE', ( #2440, #2610, #3098, #3408 ) ) ;
#1006 = ORIENTED_EDGE ( 'NONE', *, *, #1124, .T. ) ;
#1007 = FACE_OUTER_BOUND ( 'NONE', #1489, .T. ) ;
#1008 = EDGE_CURVE ( 'NONE', #2229, #1590, #2737, .T. ) ;
#1009 = DIRECTION ( 'NONE',  ( 1.000000000000000000, -0.000000000000000000, -0.000000000000000000 ) ) ;
#1010 = DIRECTION ( 'NONE',  ( 0.000000000000000000, 1.000000000000000000, 6.938893903907240999E-14 ) ) ;
#1011 = DIRECTION ( 'NONE',  ( 1.000000000000000000, 0.000000000000000000, 0.000000000000000000 ) ) ;
#1012 = EDGE_CURVE ( 'NONE', #1438, #1050, #499, .T. ) ;
#1013 = CIRCLE ( 'NONE', #447, 2.250000000000001776 ) ;
#1014 = CARTESIAN_POINT ( 'NONE',  ( 0.000000000000000000, 8.392566107048114787, 95.92746955793867869 ) ) ;
#1015 = CARTESIAN_POINT ( 'NONE',  ( 1.600000000000000089, 40.00000000000000000, 4.428226148730328054E-15 ) ) ;
#1016 = EDGE_LOOP ( 'NONE', ( #3182, #34, #1220, #3639 ) ) ;
#1017 = DIRECTION ( 'NONE',  ( 0.000000000000000000, -0.000000000000000000, 1.000000000000000000 ) ) ;
#1018 = AXIS2_PLACEMENT_3D ( 'NONE', #3376, #545, #929 ) ;
#1019 = ORIENTED_EDGE ( 'NONE', *, *, #158, .T. ) ;
#1020 = CARTESIAN_POINT ( 'NONE',  ( 0.000000000000000000, 29.72527329571467547, 31.91172395019731312 ) ) ;
#1021 = CIRCLE ( 'NONE', #662, 1.024999999999998135 ) ;
#1022 = AXIS2_PLACEMENT_3D ( 'NONE', #307, #1648, #3996 ) ;
#1023 = ORIENTED_EDGE ( 'NONE', *, *, #864, .F. ) ;
#1024 = ORIENTED_EDGE ( 'NONE', *, *, #1164, .F. ) ;
#1025 = CIRCLE ( 'NONE', #456, 5.999999999999991118 ) ;
#1026 = ORIENTED_EDGE ( 'NONE', *, *, #1448, .F. ) ;
#1027 = VECTOR ( 'NONE', #4384, 1000.000000000000000 ) ;
#1028 = DIRECTION ( 'NONE',  ( 0.000000000000000000, 0.000000000000000000, 1.000000000000000000 ) ) ;
#1029 = LINE ( 'NONE', #3497, #2631 ) ;
#1030 = AXIS2_PLACEMENT_3D ( 'NONE', #2698, #680, #1062 ) ;
#1031 = DIRECTION ( 'NONE',  ( -0.000000000000000000, 0.9961946980917454342, -0.08715574274765972018 ) ) ;
#1032 = ORIENTED_EDGE ( 'NONE', *, *, #283, .T. ) ;
#1033 = EDGE_CURVE ( 'NONE', #1275, #4264, #4275, .T. ) ;
#1034 = AXIS2_PLACEMENT_3D ( 'NONE', #2054, #1756, #4470 ) ;
#1035 = AXIS2_PLACEMENT_3D ( 'NONE', #926, #562, #2243 ) ;
#1036 = ORIENTED_EDGE ( 'NONE', *, *, #3603, .F. ) ;
#1037 = CARTESIAN_POINT ( 'NONE',  ( 0.000000000000000000, 10.55542615334358558, 0.000000000000000000 ) ) ;
#1038 = CARTESIAN_POINT ( 'NONE',  ( 1.600000000000000089, 28.64500731160145364, 3.126747392738916886 ) ) ;
#1039 = CARTESIAN_POINT ( 'NONE',  ( 0.000000000000000000, 30.52027907565423348, 89.43066773221055143 ) ) ;
#1040 = PRODUCT_DEFINITION_CONTEXT ( 'detailed design', #2739, 'design' ) ;
#1041 = VERTEX_POINT ( 'NONE', #1155 ) ;
#1042 = LINE ( 'NONE', #683, #3249 ) ;
#1043 = EDGE_CURVE ( 'NONE', #2751, #2888, #95, .T. ) ;
#1044 = EDGE_LOOP ( 'NONE', ( #3314, #3760, #1848, #1418 ) ) ;
#1045 = VECTOR ( 'NONE', #3072, 1000.000000000000000 ) ;
#1046 = DIRECTION ( 'NONE',  ( -1.000000000000000000, 0.000000000000000000, 0.000000000000000000 ) ) ;
#1047 = AXIS2_PLACEMENT_3D ( 'NONE', #4052, #4410, #254 ) ;
#1048 = ORIENTED_EDGE ( 'NONE', *, *, #2257, .F. ) ;
#1049 = LINE ( 'NONE', #3467, #3945 ) ;
#1050 = VERTEX_POINT ( 'NONE', #1134 ) ;
#1051 = ORIENTED_EDGE ( 'NONE', *, *, #494, .F. ) ;
#1052 = AXIS2_PLACEMENT_3D ( 'NONE', #2046, #640, #958 ) ;
#1053 = DIRECTION ( 'NONE',  ( 0.000000000000000000, -2.565210315677348556E-17, -1.000000000000000000 ) ) ;
#1054 = FACE_OUTER_BOUND ( 'NONE', #2520, .T. ) ;
#1055 = DIRECTION ( 'NONE',  ( 0.000000000000000000, -0.000000000000000000, 1.000000000000000000 ) ) ;
#1056 = EDGE_CURVE ( 'NONE', #3960, #472, #3598, .T. ) ;
#1057 = ORIENTED_EDGE ( 'NONE', *, *, #2744, .T. ) ;
#1058 = VERTEX_POINT ( 'NONE', #516 ) ;
#1059 = DIRECTION ( 'NONE',  ( 0.000000000000000000, -1.107056537182581940E-16, 1.000000000000000000 ) ) ;
#1060 = DIRECTION ( 'NONE',  ( 0.000000000000000000, -0.000000000000000000, 1.000000000000000000 ) ) ;
#1061 = CARTESIAN_POINT ( 'NONE',  ( 1.600000000000000089, 5.088077000000004624, 64.51130254679685549 ) ) ;
#1062 = DIRECTION ( 'NONE',  ( 0.000000000000000000, 0.000000000000000000, -1.000000000000000000 ) ) ;
#1063 = ORIENTED_EDGE ( 'NONE', *, *, #4437, .F. ) ;
#1064 = CARTESIAN_POINT ( 'NONE',  ( 0.000000000000000000, 18.39587551655130682, 44.26130254679684839 ) ) ;
#1065 = ADVANCED_FACE ( 'NONE', ( #2200 ), #2247, .F. ) ;
#1066 = CARTESIAN_POINT ( 'NONE',  ( 1.600000000000000089, 5.088077000000002847, 80.26130254679686971 ) ) ;
#1067 = VERTEX_POINT ( 'NONE', #1517 ) ;
#1068 = ORIENTED_EDGE ( 'NONE', *, *, #2736, .F. ) ;
#1069 = LINE ( 'NONE', #1091, #2574 ) ;
#1070 = ORIENTED_EDGE ( 'NONE', *, *, #2183, .T. ) ;
#1071 = EDGE_LOOP ( 'NONE', ( #2884, #1622, #732, #1387 ) ) ;
#1072 = VERTEX_POINT ( 'NONE', #2922 ) ;
#1073 = EDGE_CURVE ( 'NONE', #1188, #360, #4294, .T. ) ;
#1074 = CARTESIAN_POINT ( 'NONE',  ( 0.000000000000000000, 4.088077000000003736, 67.38630254679685549 ) ) ;
#1075 = CARTESIAN_POINT ( 'NONE',  ( 1.600000000000000089, 18.39587551655130682, 20.38222947802271889 ) ) ;
#1076 = ADVANCED_FACE ( 'NONE', ( #858 ), #2176, .T. ) ;
#1077 = CYLINDRICAL_SURFACE ( 'NONE', #98, 0.4999999999999865663 ) ;
#1078 = ORIENTED_EDGE ( 'NONE', *, *, #1002, .F. ) ;
#1079 = ORIENTED_EDGE ( 'NONE', *, *, #853, .T. ) ;
#1080 = FACE_OUTER_BOUND ( 'NONE', #1877, .T. ) ;
#1081 = EDGE_CURVE ( 'NONE', #1143, #518, #1498, .T. ) ;
#1082 = DIRECTION ( 'NONE',  ( 0.000000000000000000, 0.08715574274766045570, 0.9961946980917453232 ) ) ;
#1083 = CARTESIAN_POINT ( 'NONE',  ( 1.600000000000000089, 17.40854783759235502, 90.84364330375620966 ) ) ;
#1084 = LINE ( 'NONE', #500, #519 ) ;
#1085 = ORIENTED_EDGE ( 'NONE', *, *, #690, .T. ) ;
#1086 = FACE_OUTER_BOUND ( 'NONE', #707, .T. ) ;
#1087 = LINE ( 'NONE', #3398, #1097 ) ;
#1088 = EDGE_CURVE ( 'NONE', #1407, #3583, #2288, .T. ) ;
#1089 = EDGE_LOOP ( 'NONE', ( #1273, #2048, #748, #3009 ) ) ;
#1090 = EDGE_LOOP ( 'NONE', ( #76, #26, #2798, #645 ) ) ;
#1091 = CARTESIAN_POINT ( 'NONE',  ( 1.600000000000000089, 34.52293445648596304, 93.64135855360613903 ) ) ;
#1092 = VERTEX_POINT ( 'NONE', #457 ) ;
#1093 = ORIENTED_EDGE ( 'NONE', *, *, #2494, .T. ) ;
#1094 = VERTEX_POINT ( 'NONE', #176 ) ;
#1095 = PRODUCT_RELATED_PRODUCT_CATEGORY ( 'part', '', ( #1653 ) ) ;
#1096 = VECTOR ( 'NONE', #222, 1000.000000000000000 ) ;
#1097 = VECTOR ( 'NONE', #2086, 1000.000000000000114 ) ;
#1098 = LINE ( 'NONE', #736, #4223 ) ;
#1099 = CARTESIAN_POINT ( 'NONE',  ( 1.600000000000000089, 0.000000000000000000, 0.000000000000000000 ) ) ;
#1100 = ORIENTED_EDGE ( 'NONE', *, *, #2223, .T. ) ;
#1101 = EDGE_CURVE ( 'NONE', #1465, #2435, #3437, .T. ) ;
#1102 = LINE ( 'NONE', #2193, #3137 ) ;
#1103 = VERTEX_POINT ( 'NONE', #2154 ) ;
#1104 = VERTEX_POINT ( 'NONE', #3976 ) ;
#1105 = LINE ( 'NONE', #3891, #3070 ) ;
#1106 = AXIS2_PLACEMENT_3D ( 'NONE', #462, #2522, #143 ) ;
#1107 = CARTESIAN_POINT ( 'NONE',  ( 0.000000000000000000, 32.79724476520794241, 39.98672395019731596 ) ) ;
#1108 = DIRECTION ( 'NONE',  ( 0.000000000000000000, 0.9821293082772777350, -0.1882073904574314560 ) ) ;
#1109 = CARTESIAN_POINT ( 'NONE',  ( 34.43031986259653365, -8.015439349594770006E-13, 92.41172395019732733 ) ) ;
#1110 = VECTOR ( 'NONE', #3227, 1000.000000000000000 ) ;
#1111 = ORIENTED_EDGE ( 'NONE', *, *, #1852, .F. ) ;
#1112 = LINE ( 'NONE', #775, #3217 ) ;
#1113 = VECTOR ( 'NONE', #3535, 1000.000000000000000 ) ;
#1114 = LINE ( 'NONE', #2134, #2265 ) ;
#1115 = AXIS2_PLACEMENT_3D ( 'NONE', #530, #851, #491 ) ;
#1116 = ORIENTED_EDGE ( 'NONE', *, *, #1486, .F. ) ;
#1117 = VERTEX_POINT ( 'NONE', #1811 ) ;
#1118 = DIRECTION ( 'NONE',  ( 0.000000000000000000, -0.9577131878301599066, -0.2877246076653731666 ) ) ;
#1119 = EDGE_LOOP ( 'NONE', ( #2746, #2989, #2012, #1642 ) ) ;
#1120 = ORIENTED_EDGE ( 'NONE', *, *, #3420, .F. ) ;
#1121 = VECTOR ( 'NONE', #1372, 1000.000000000000000 ) ;
#1122 = EDGE_CURVE ( 'NONE', #1067, #3468, #119, .T. ) ;
#1123 = DIRECTION ( 'NONE',  ( 1.000000000000000000, -0.000000000000000000, -0.000000000000000000 ) ) ;
#1124 = EDGE_CURVE ( 'NONE', #3255, #1941, #841, .T. ) ;
#1125 = DIRECTION ( 'NONE',  ( 0.000000000000000000, -1.000000000000000000, 0.000000000000000000 ) ) ;
#1126 = ORIENTED_EDGE ( 'NONE', *, *, #2149, .F. ) ;
#1127 = EDGE_CURVE ( 'NONE', #3031, #4348, #2600, .T. ) ;
#1128 = CARTESIAN_POINT ( 'NONE',  ( 1.600000000000000089, 34.83753498891921652, -38.17658520850886106 ) ) ;
#1129 = EDGE_LOOP ( 'NONE', ( #420, #2630 ) ) ;
#1130 = AXIS2_PLACEMENT_3D ( 'NONE', #3435, #341, #408 ) ;
#1131 = CARTESIAN_POINT ( 'NONE',  ( 0.000000000000000000, 41.59999999999958931, 35.30665584262819578 ) ) ;
#1132 = LINE ( 'NONE', #2062, #782 ) ;
#1133 = PLANE ( 'NONE',  #1901 ) ;
#1134 = CARTESIAN_POINT ( 'NONE',  ( 0.000000000000000000, -1.600000000000210143, 2.411723950197321109 ) ) ;
#1135 = DIRECTION ( 'NONE',  ( 1.000000000000000000, 0.000000000000000000, 0.000000000000000000 ) ) ;
#1136 = EDGE_CURVE ( 'NONE', #3028, #3251, #766, .T. ) ;
#1137 = ORIENTED_EDGE ( 'NONE', *, *, #1931, .F. ) ;
#1138 = CARTESIAN_POINT ( 'NONE',  ( 1.600000000000000089, 30.52027907565423348, 89.43066773221055143 ) ) ;
#1139 = DIRECTION ( 'NONE',  ( 0.000000000000000000, 0.000000000000000000, -1.000000000000000000 ) ) ;
#1140 = ORIENTED_EDGE ( 'NONE', *, *, #2392, .F. ) ;
#1141 = CARTESIAN_POINT ( 'NONE',  ( 0.000000000000000000, 14.67430735168253975, -25.84286847992993685 ) ) ;
#1142 = ADVANCED_FACE ( 'NONE', ( #4254 ), #3343, .T. ) ;
#1143 = VERTEX_POINT ( 'NONE', #221 ) ;
#1144 = VECTOR ( 'NONE', #343, 1000.000000000000000 ) ;
#1145 = CARTESIAN_POINT ( 'NONE',  ( 0.000000000000000000, 41.59999999999979536, 5.306655842628193120 ) ) ;
#1146 = DIRECTION ( 'NONE',  ( 0.000000000000000000, -0.7425331678118417544, -0.6698092972625203645 ) ) ;
#1147 = ORIENTED_EDGE ( 'NONE', *, *, #1632, .F. ) ;
#1148 = DIRECTION ( 'NONE',  ( 0.000000000000000000, -0.000000000000000000, 1.000000000000000000 ) ) ;
#1149 = VECTOR ( 'NONE', #187, 1000.000000000000114 ) ;
#1150 = EDGE_CURVE ( 'NONE', #1580, #3475, #1283, .T. ) ;
#1151 = ORIENTED_EDGE ( 'NONE', *, *, #1804, .F. ) ;
#1152 = CARTESIAN_POINT ( 'NONE',  ( 1.600000000000000089, 12.81931466328338232, -8.266121087191015349 ) ) ;
#1153 = DIRECTION ( 'NONE',  ( -1.000000000000000000, -0.000000000000000000, -0.000000000000000000 ) ) ;
#1154 = PLANE ( 'NONE',  #2487 ) ;
#1155 = CARTESIAN_POINT ( 'NONE',  ( 0.000000000000000000, 32.79724476520794241, 36.83672395019730317 ) ) ;
#1156 = DIRECTION ( 'NONE',  ( 0.000000000000000000, 0.000000000000000000, -1.000000000000000000 ) ) ;
#1157 = AXIS2_PLACEMENT_3D ( 'NONE', #4058, #1984, #3671 ) ;
#1158 = EDGE_CURVE ( 'NONE', #2161, #3470, #4022, .T. ) ;
#1159 = ORIENTED_EDGE ( 'NONE', *, *, #2883, .T. ) ;
#1160 = CYLINDRICAL_SURFACE ( 'NONE', #3495, 2.328491328920212489 ) ;
#1161 = ADVANCED_FACE ( 'NONE', ( #4000, #270, #1964, #627, #579, #248, #3299, #1601, #1262, #965, #1577, #2648, #3368, #2306, #901, #3656 ), #3680, .F. ) ;
#1162 = DIRECTION ( 'NONE',  ( 0.000000000000000000, -2.565210315677348556E-17, -1.000000000000000000 ) ) ;
#1163 = AXIS2_PLACEMENT_3D ( 'NONE', #676, #1655, #2990 ) ;
#1164 = EDGE_CURVE ( 'NONE', #1338, #3796, #2009, .T. ) ;
#1165 = ORIENTED_EDGE ( 'NONE', *, *, #3412, .F. ) ;
#1166 = CARTESIAN_POINT ( 'NONE',  ( 1.600000000000000089, 33.67540399075452484, 89.89065335167411774 ) ) ;
#1167 = ORIENTED_EDGE ( 'NONE', *, *, #1056, .F. ) ;
#1168 = DIRECTION ( 'NONE',  ( -1.000000000000000000, -0.000000000000000000, -0.000000000000000000 ) ) ;
#1169 = CARTESIAN_POINT ( 'NONE',  ( 1.600000000000000089, 39.99999999999999289, 87.66419036505570261 ) ) ;
#1170 = VERTEX_POINT ( 'NONE', #4045 ) ;
#1171 = ADVANCED_BREP_SHAPE_REPRESENTATION ( '1.6mm-²à°å-×ó', ( #4230, #1536 ), #2188 ) ;
#1172 = CYLINDRICAL_SURFACE ( 'NONE', #2962, 1.575000000000006839 ) ;
#1173 = AXIS2_PLACEMENT_3D ( 'NONE', #1948, #953, #1902 ) ;
#1174 = ORIENTED_EDGE ( 'NONE', *, *, #1491, .T. ) ;
#1175 = DIRECTION ( 'NONE',  ( 0.000000000000000000, -4.336808689942016158E-15, 1.000000000000000000 ) ) ;
#1176 = DIRECTION ( 'NONE',  ( 0.000000000000000000, 0.9821293082772771799, -0.1882073904574345924 ) ) ;
#1177 = DIRECTION ( 'NONE',  ( -1.000000000000000000, -0.000000000000000000, -0.000000000000000000 ) ) ;
#1178 = CARTESIAN_POINT ( 'NONE',  ( 0.000000000000000000, 14.67430735168253975, -29.01786847992993756 ) ) ;
#1179 = ADVANCED_FACE ( 'NONE', ( #557 ), #943, .T. ) ;
#1180 = CARTESIAN_POINT ( 'NONE',  ( 1.600000000000000089, 15.95670410436863662, 93.26007431786051427 ) ) ;
#1181 = ORIENTED_EDGE ( 'NONE', *, *, #3344, .F. ) ;
#1182 = DIRECTION ( 'NONE',  ( 0.000000000000000000, -0.2877246076653731666, 0.9577131878301599066 ) ) ;
#1183 = CARTESIAN_POINT ( 'NONE',  ( 1.600000000000000089, -1.330597993526980272, -1.156532325689384910 ) ) ;
#1184 = VECTOR ( 'NONE', #3236, 1000.000000000000000 ) ;
#1185 = VECTOR ( 'NONE', #274, 1000.000000000000000 ) ;
#1186 = CARTESIAN_POINT ( 'NONE',  ( 1.600000000000000089, 14.50000040439469728, 1.813012371398851759E-15 ) ) ;
#1187 = ORIENTED_EDGE ( 'NONE', *, *, #3938, .T. ) ;
#1188 = VERTEX_POINT ( 'NONE', #3705 ) ;
#1189 = PLANE ( 'NONE',  #1945 ) ;
#1190 = VERTEX_POINT ( 'NONE', #3319 ) ;
#1191 = LINE ( 'NONE', #854, #826 ) ;
#1192 = VECTOR ( 'NONE', #633, 1000.000000000000000 ) ;
#1193 = DIRECTION ( 'NONE',  ( -1.000000000000000000, 0.000000000000000000, 0.000000000000000000 ) ) ;
#1194 = CARTESIAN_POINT ( 'NONE',  ( 1.600000000000000089, 12.90846725636835046, -2.473675224485240243 ) ) ;
#1195 = PLANE ( 'NONE',  #1396 ) ;
#1196 = EDGE_CURVE ( 'NONE', #4324, #1433, #605, .T. ) ;
#1197 = VECTOR ( 'NONE', #417, 1000.000000000000000 ) ;
#1198 = CARTESIAN_POINT ( 'NONE',  ( 0.000000000000000000, 21.56647773738793816, 25.66172395019730601 ) ) ;
#1199 = DIRECTION ( 'NONE',  ( 1.000000000000000000, -0.000000000000000000, -0.000000000000000000 ) ) ;
#1200 = ORIENTED_EDGE ( 'NONE', *, *, #2755, .F. ) ;
#1201 = EDGE_LOOP ( 'NONE', ( #2816, #2224, #3144, #2101 ) ) ;
#1202 = DIRECTION ( 'NONE',  ( 0.000000000000000000, 0.000000000000000000, 1.000000000000000000 ) ) ;
#1203 = DIRECTION ( 'NONE',  ( 0.000000000000000000, 1.776356839400250465E-15, -1.000000000000000000 ) ) ;
#1204 = VECTOR ( 'NONE', #1976, 1000.000000000000000 ) ;
#1205 = EDGE_CURVE ( 'NONE', #3369, #2229, #2350, .T. ) ;
#1206 = CARTESIAN_POINT ( 'NONE',  ( 1.600000000000000089, 0.000000000000000000, 0.000000000000000000 ) ) ;
#1207 = EDGE_LOOP ( 'NONE', ( #1210, #2092, #1057, #4284 ) ) ;
#1208 = ORIENTED_EDGE ( 'NONE', *, *, #1937, .F. ) ;
#1209 = CARTESIAN_POINT ( 'NONE',  ( 1.599999999999997202, 0.000000000000000000, 54.41172395019732022 ) ) ;
#1210 = ORIENTED_EDGE ( 'NONE', *, *, #42, .F. ) ;
#1211 = LINE ( 'NONE', #3675, #4113 ) ;
#1212 = EDGE_CURVE ( 'NONE', #4088, #1510, #2407, .T. ) ;
#1213 = CARTESIAN_POINT ( 'NONE',  ( 0.000000000000000000, 18.88392920340825398, 90.56091304161098776 ) ) ;
#1214 = CARTESIAN_POINT ( 'NONE',  ( 1.599999999999997202, -1.600000000000209033, -5.588276049802678891 ) ) ;
#1215 = LINE ( 'NONE', #536, #3268 ) ;
#1216 = CARTESIAN_POINT ( 'NONE',  ( 1.600000000000000089, 30.50000000000030198, 75.00000000000000000 ) ) ;
#1217 = CARTESIAN_POINT ( 'NONE',  ( 1.600000000000000089, 33.99999999999999289, 87.66419036505570261 ) ) ;
#1218 = ORIENTED_EDGE ( 'NONE', *, *, #2725, .F. ) ;
#1219 = EDGE_CURVE ( 'NONE', #2025, #4099, #1326, .T. ) ;
#1220 = ORIENTED_EDGE ( 'NONE', *, *, #3175, .T. ) ;
#1221 = CARTESIAN_POINT ( 'NONE',  ( 0.000000000000000000, 14.50000040439469728, 1.813012371398851759E-15 ) ) ;
#1222 = CARTESIAN_POINT ( 'NONE',  ( 1.600000000000000089, 34.00000000000000711, -36.08827604980267978 ) ) ;
#1223 = CARTESIAN_POINT ( 'NONE',  ( 1.600000000000000089, 6.088077000000002847, 76.63630254679684128 ) ) ;
#1224 = PLANE ( 'NONE',  #3820 ) ;
#1225 = ORIENTED_EDGE ( 'NONE', *, *, #1876, .F. ) ;
#1226 = EDGE_LOOP ( 'NONE', ( #18, #3105, #4257, #3952, #2290, #33 ) ) ;
#1227 = EDGE_CURVE ( 'NONE', #31, #1067, #3773, .T. ) ;
#1228 = LINE ( 'NONE', #868, #682 ) ;
#1229 = EDGE_LOOP ( 'NONE', ( #400, #418, #2660, #2210, #3979 ) ) ;
#1230 = DIRECTION ( 'NONE',  ( 1.000000000000000000, 0.000000000000000000, 0.000000000000000000 ) ) ;
#1231 = ADVANCED_FACE ( 'NONE', ( #4334 ), #3635, .T. ) ;
#1232 = CARTESIAN_POINT ( 'NONE',  ( 0.000000000000000000, 16.52930004008107900, -13.41961587266885481 ) ) ;
#1233 = FACE_OUTER_BOUND ( 'NONE', #1503, .T. ) ;
#1234 = CYLINDRICAL_SURFACE ( 'NONE', #3208, 2.250000000000001776 ) ;
#1235 = CARTESIAN_POINT ( 'NONE',  ( 1.600000000000000089, 14.50000040439469728, 1.813012371398851759E-15 ) ) ;
#1236 = ORIENTED_EDGE ( 'NONE', *, *, #2270, .F. ) ;
#1237 = ORIENTED_EDGE ( 'NONE', *, *, #2199, .T. ) ;
#1238 = VECTOR ( 'NONE', #1789, 1000.000000000000000 ) ;
#1239 = ORIENTED_EDGE ( 'NONE', *, *, #1313, .F. ) ;
#1240 = VECTOR ( 'NONE', #2578, 1000.000000000000000 ) ;
#1241 = LINE ( 'NONE', #3963, #674 ) ;
#1242 = CARTESIAN_POINT ( 'NONE',  ( 34.43031986259653365, 41.59999999999979536, -2.693344157371810432 ) ) ;
#1243 = DIRECTION ( 'NONE',  ( -1.000000000000000000, -0.000000000000000000, -0.000000000000000000 ) ) ;
#1244 = CIRCLE ( 'NONE', #668, 3.175000000000000711 ) ;
#1245 = CARTESIAN_POINT ( 'NONE',  ( 1.600000000000000089, 30.50000000000030198, 71.82499999999998863 ) ) ;
#1246 = CARTESIAN_POINT ( 'NONE',  ( 0.000000000000000000, 33.99999999999999289, 85.41419036505568840 ) ) ;
#1247 = VECTOR ( 'NONE', #1269, 1000.000000000000000 ) ;
#1248 = ORIENTED_EDGE ( 'NONE', *, *, #4161, .T. ) ;
#1249 = CIRCLE ( 'NONE', #3582, 1.024999999999998135 ) ;
#1250 = SURFACE_SIDE_STYLE ('',( #2298 ) ) ;
#1251 = ORIENTED_EDGE ( 'NONE', *, *, #3861, .F. ) ;
#1252 = VECTOR ( 'NONE', #149, 1000.000000000000000 ) ;
#1253 = AXIS2_PLACEMENT_3D ( 'NONE', #3579, #1873, #481 ) ;
#1254 = CARTESIAN_POINT ( 'NONE',  ( 0.000000000000000000, 22.18438090784329830, -49.14058743714126365 ) ) ;
#1255 = ORIENTED_EDGE ( 'NONE', *, *, #1633, .T. ) ;
#1256 = VECTOR ( 'NONE', #3847, 1000.000000000000000 ) ;
#1257 = CARTESIAN_POINT ( 'NONE',  ( 0.000000000000000000, 4.063077000000003380, 79.01130254679686971 ) ) ;
#1258 = VECTOR ( 'NONE', #444, 1000.000000000000000 ) ;
#1259 = CARTESIAN_POINT ( 'NONE',  ( 0.000000000000000000, 11.57328051677617431, 73.46874540831723266 ) ) ;
#1260 = ADVANCED_FACE ( 'NONE', ( #2959 ), #1234, .F. ) ;
#1261 = CARTESIAN_POINT ( 'NONE',  ( 1.600000000000000089, 16.39587551655130682, 0.000000000000000000 ) ) ;
#1262 = FACE_BOUND ( 'NONE', #3949, .T. ) ;
#1263 = FACE_OUTER_BOUND ( 'NONE', #986, .T. ) ;
#1264 = ORIENTED_EDGE ( 'NONE', *, *, #2510, .T. ) ;
#1265 = ORIENTED_EDGE ( 'NONE', *, *, #1959, .T. ) ;
#1266 = FACE_OUTER_BOUND ( 'NONE', #1378, .T. ) ;
#1267 = CARTESIAN_POINT ( 'NONE',  ( 1.600000000000000089, 4.063077000000003380, 79.01130254679686971 ) ) ;
#1268 = LINE ( 'NONE', #2292, #3362 ) ;
#1269 = DIRECTION ( 'NONE',  ( -1.000000000000000000, -0.000000000000000000, -0.000000000000000000 ) ) ;
#1270 = EDGE_CURVE ( 'NONE', #3801, #1092, #1244, .T. ) ;
#1271 = CARTESIAN_POINT ( 'NONE',  ( 1.599999999999997202, -1.600000000000837419, 84.41172395019731312 ) ) ;
#1272 = CARTESIAN_POINT ( 'NONE',  ( 0.000000000000000000, 11.57328051677617431, 73.46874540831723266 ) ) ;
#1273 = ORIENTED_EDGE ( 'NONE', *, *, #2677, .F. ) ;
#1274 = PRODUCT_CONTEXT ( 'NONE', #1957, 'mechanical' ) ;
#1275 = VERTEX_POINT ( 'NONE', #1439 ) ;
#1276 = VERTEX_POINT ( 'NONE', #62 ) ;
#1277 = EDGE_CURVE ( 'NONE', #1840, #2123, #460, .T. ) ;
#1278 = FACE_OUTER_BOUND ( 'NONE', #673, .T. ) ;
#1279 = EDGE_LOOP ( 'NONE', ( #2615, #146, #2774, #4406 ) ) ;
#1280 = CARTESIAN_POINT ( 'NONE',  ( 1.599999999999997202, -3.682232187652648854E-13, 5.306655842625306541 ) ) ;
#1281 = CARTESIAN_POINT ( 'NONE',  ( 1.600000000000000089, 5.088077000000002847, 80.26130254679686971 ) ) ;
#1282 = CARTESIAN_POINT ( 'NONE',  ( 0.000000000000000000, 21.56647773738793816, 31.91172395019731312 ) ) ;
#1283 = LINE ( 'NONE', #2669, #4353 ) ;
#1284 = CARTESIAN_POINT ( 'NONE',  ( 0.000000000000000000, 5.088077000000002847, 63.26130254679684839 ) ) ;
#1285 = ORIENTED_EDGE ( 'NONE', *, *, #3889, .F. ) ;
#1286 = ADVANCED_FACE ( 'NONE', ( #3073 ), #1692, .T. ) ;
#1287 = ORIENTED_EDGE ( 'NONE', *, *, #1081, .F. ) ;
#1288 = CARTESIAN_POINT ( 'NONE',  ( 0.000000000000000000, 30.77671948322412376, 65.66291816644130108 ) ) ;
#1289 = DIRECTION ( 'NONE',  ( 0.000000000000000000, 1.000000000000000000, -4.397745778304350081E-16 ) ) ;
#1290 = FACE_OUTER_BOUND ( 'NONE', #2106, .T. ) ;
#1291 = CARTESIAN_POINT ( 'NONE',  ( 1.600000000000000089, 2.313972428858317077E-15, 5.261723950197324307 ) ) ;
#1292 = VECTOR ( 'NONE', #1526, 1000.000000000000000 ) ;
#1293 = CARTESIAN_POINT ( 'NONE',  ( 1.599999999999997202, -13.81702128323984269, 15.31719046764238357 ) ) ;
#1294 = LINE ( 'NONE', #4394, #3371 ) ;
#1295 = EDGE_CURVE ( 'NONE', #1840, #2685, #984, .T. ) ;
#1296 = EDGE_LOOP ( 'NONE', ( #1137, #64, #1759, #2486 ) ) ;
#1297 = ADVANCED_FACE ( 'NONE', ( #1368 ), #1077, .F. ) ;
#1298 = ORIENTED_EDGE ( 'NONE', *, *, #238, .F. ) ;
#1299 = CARTESIAN_POINT ( 'NONE',  ( 1.600000000000000089, 4.088077000000002847, 76.63630254679684128 ) ) ;
#1300 = ORIENTED_EDGE ( 'NONE', *, *, #1081, .T. ) ;
#1301 = CARTESIAN_POINT ( 'NONE',  ( 1.599999999999997202, 41.59999999999979536, 0.000000000000000000 ) ) ;
#1302 = FACE_OUTER_BOUND ( 'NONE', #4365, .T. ) ;
#1303 = DIRECTION ( 'NONE',  ( 0.000000000000000000, 1.108017007120053382E-15, -1.000000000000000000 ) ) ;
#1304 = DIRECTION ( 'NONE',  ( 0.000000000000000000, -1.000000000000000000, 0.000000000000000000 ) ) ;
#1305 = ORIENTED_EDGE ( 'NONE', *, *, #3197, .T. ) ;
#1306 = VERTEX_POINT ( 'NONE', #2756 ) ;
#1307 = LINE ( 'NONE', #1350, #4480 ) ;
#1308 = DIRECTION ( 'NONE',  ( 0.000000000000000000, 0.000000000000000000, -1.000000000000000000 ) ) ;
#1309 = EDGE_CURVE ( 'NONE', #2639, #582, #2390, .T. ) ;
#1310 = CARTESIAN_POINT ( 'NONE',  ( 1.600000000000000089, -12.13154330883544318, 83.21245911331128298 ) ) ;
#1311 = CARTESIAN_POINT ( 'NONE',  ( 1.600000000000000089, 40.00000000000000000, 23.13222947802271889 ) ) ;
#1312 = VECTOR ( 'NONE', #3016, 1000.000000000000000 ) ;
#1313 = EDGE_CURVE ( 'NONE', #797, #2888, #356, .T. ) ;
#1314 = DIRECTION ( 'NONE',  ( 1.000000000000000000, -0.000000000000000000, 0.000000000000000000 ) ) ;
#1315 = DIRECTION ( 'NONE',  ( -1.000000000000000000, 0.000000000000000000, -0.000000000000000000 ) ) ;
#1316 = ORIENTED_EDGE ( 'NONE', *, *, #2555, .F. ) ;
#1317 = VECTOR ( 'NONE', #4276, 1000.000000000000000 ) ;
#1318 = ORIENTED_EDGE ( 'NONE', *, *, #1384, .F. ) ;
#1319 = VECTOR ( 'NONE', #1162, 1000.000000000000000 ) ;
#1320 = DIRECTION ( 'NONE',  ( 0.000000000000000000, 0.000000000000000000, 1.000000000000000000 ) ) ;
#1321 = VERTEX_POINT ( 'NONE', #4105 ) ;
#1322 = DIRECTION ( 'NONE',  ( 1.000000000000000000, -0.000000000000000000, -0.000000000000000000 ) ) ;
#1323 = VECTOR ( 'NONE', #1009, 1000.000000000000000 ) ;
#1324 = CARTESIAN_POINT ( 'NONE',  ( 1.600000000000000089, 39.99999999999999289, 44.18222947802272671 ) ) ;
#1325 = CIRCLE ( 'NONE', #4435, 3.175000000000025135 ) ;
#1326 = LINE ( 'NONE', #2711, #1614 ) ;
#1327 =( NAMED_UNIT ( * ) PLANE_ANGLE_UNIT ( ) SI_UNIT ( $, .RADIAN. ) );
#1328 = ORIENTED_EDGE ( 'NONE', *, *, #1947, .T. ) ;
#1329 = ORIENTED_EDGE ( 'NONE', *, *, #1033, .T. ) ;
#1330 = DIRECTION ( 'NONE',  ( 0.000000000000000000, 0.000000000000000000, -1.000000000000000000 ) ) ;
#1331 = ADVANCED_FACE ( 'NONE', ( #2783 ), #2444, .T. ) ;
#1332 = AXIS2_PLACEMENT_3D ( 'NONE', #3350, #2695, #1695 ) ;
#1333 = CARTESIAN_POINT ( 'NONE',  ( 1.600000000000000089, 6.088077000000002847, 76.63630254679684128 ) ) ;
#1334 = CARTESIAN_POINT ( 'NONE',  ( 1.600000000000000089, 6.088077000000002847, 76.63630254679684128 ) ) ;
#1335 = FILL_AREA_STYLE ('',( #3055 ) ) ;
#1336 = CARTESIAN_POINT ( 'NONE',  ( 1.600000000000000089, 34.00000000000000711, -36.08827604980267978 ) ) ;
#1337 = LINE ( 'NONE', #4439, #1723 ) ;
#1338 = VERTEX_POINT ( 'NONE', #2463 ) ;
#1339 = FACE_OUTER_BOUND ( 'NONE', #4, .T. ) ;
#1340 = ADVANCED_FACE ( 'NONE', ( #717 ), #2027, .F. ) ;
#1341 = ORIENTED_EDGE ( 'NONE', *, *, #1729, .T. ) ;
#1342 = CIRCLE ( 'NONE', #3877, 3.175000000000011369 ) ;
#1343 = CARTESIAN_POINT ( 'NONE',  ( 0.000000000000000000, -1.600000000000004308, -2.168404344971014538E-16 ) ) ;
#1344 = ORIENTED_EDGE ( 'NONE', *, *, #3867, .F. ) ;
#1345 = DIRECTION ( 'NONE',  ( -1.000000000000000000, -0.000000000000000000, -0.000000000000000000 ) ) ;
#1346 = DIRECTION ( 'NONE',  ( -0.000000000000000000, 1.000000000000000000, 0.000000000000000000 ) ) ;
#1347 = EDGE_CURVE ( 'NONE', #4101, #1407, #3430, .T. ) ;
#1348 = ORIENTED_EDGE ( 'NONE', *, *, #2235, .F. ) ;
#1349 = VERTEX_POINT ( 'NONE', #401 ) ;
#1350 = CARTESIAN_POINT ( 'NONE',  ( 0.000000000000000000, 12.33807700000000196, 0.000000000000000000 ) ) ;
#1351 = DIRECTION ( 'NONE',  ( 0.000000000000000000, 0.000000000000000000, -1.000000000000000000 ) ) ;
#1352 = FACE_OUTER_BOUND ( 'NONE', #3262, .T. ) ;
#1353 = DIRECTION ( 'NONE',  ( 1.000000000000000000, 0.000000000000000000, 0.000000000000000000 ) ) ;
#1354 = AXIS2_PLACEMENT_3D ( 'NONE', #684, #4233, #3440 ) ;
#1355 = CARTESIAN_POINT ( 'NONE',  ( 0.000000000000000000, 32.35499268839883769, -2.026747392738916353 ) ) ;
#1356 = FACE_OUTER_BOUND ( 'NONE', #2576, .T. ) ;
#1357 = ORIENTED_EDGE ( 'NONE', *, *, #2470, .T. ) ;
#1358 = FACE_OUTER_BOUND ( 'NONE', #190, .T. ) ;
#1359 = ORIENTED_EDGE ( 'NONE', *, *, #1947, .F. ) ;
#1360 = DIRECTION ( 'NONE',  ( 1.000000000000000000, 0.000000000000000000, 0.000000000000000000 ) ) ;
#1361 = VERTEX_POINT ( 'NONE', #3141 ) ;
#1362 = VERTEX_POINT ( 'NONE', #1780 ) ;
#1363 = ORIENTED_EDGE ( 'NONE', *, *, #2500, .T. ) ;
#1364 = ADVANCED_FACE ( 'NONE', ( #2420 ), #2098, .F. ) ;
#1365 = VECTOR ( 'NONE', #147, 1000.000000000000000 ) ;
#1366 = LINE ( 'NONE', #1001, #4358 ) ;
#1367 = AXIS2_PLACEMENT_3D ( 'NONE', #2348, #1230, #1911 ) ;
#1368 = FACE_OUTER_BOUND ( 'NONE', #1694, .T. ) ;
#1369 = ORIENTED_EDGE ( 'NONE', *, *, #1602, .F. ) ;
#1370 = ADVANCED_FACE ( 'NONE', ( #696 ), #2075, .T. ) ;
#1371 = ORIENTED_EDGE ( 'NONE', *, *, #3603, .T. ) ;
#1372 = DIRECTION ( 'NONE',  ( 0.000000000000000000, 0.000000000000000000, -1.000000000000000000 ) ) ;
#1373 = DIRECTION ( 'NONE',  ( 0.000000000000000000, -2.565210315677348556E-17, -1.000000000000000000 ) ) ;
#1374 = CARTESIAN_POINT ( 'NONE',  ( 1.600000000000000089, 39.99999999999999289, 39.68222947802272671 ) ) ;
#1375 = VERTEX_POINT ( 'NONE', #39 ) ;
#1376 = VECTOR ( 'NONE', #611, 1000.000000000000000 ) ;
#1377 = DIRECTION ( 'NONE',  ( 0.000000000000000000, 0.000000000000000000, -1.000000000000000000 ) ) ;
#1378 = EDGE_LOOP ( 'NONE', ( #2156, #2834, #2651, #2869 ) ) ;
#1379 = FACE_OUTER_BOUND ( 'NONE', #1044, .T. ) ;
#1380 = VECTOR ( 'NONE', #3634, 1000.000000000000000 ) ;
#1381 = ORIENTED_EDGE ( 'NONE', *, *, #218, .F. ) ;
#1382 = CARTESIAN_POINT ( 'NONE',  ( 0.000000000000000000, 21.56647773738793816, 38.16172395019732022 ) ) ;
#1383 = AXIS2_PLACEMENT_3D ( 'NONE', #2602, #3008, #3279 ) ;
#1384 = EDGE_CURVE ( 'NONE', #1593, #2025, #3404, .T. ) ;
#1385 = VECTOR ( 'NONE', #2900, 1000.000000000000000 ) ;
#1386 = ORIENTED_EDGE ( 'NONE', *, *, #1921, .F. ) ;
#1387 = ORIENTED_EDGE ( 'NONE', *, *, #1413, .T. ) ;
#1388 = ORIENTED_EDGE ( 'NONE', *, *, #490, .F. ) ;
#1389 = CARTESIAN_POINT ( 'NONE',  ( 1.599999999999997202, -8.015439349594770006E-13, 92.41172395019732733 ) ) ;
#1390 = CARTESIAN_POINT ( 'NONE',  ( 1.599999999999997202, -1.600000000000628031, 54.41172395019732022 ) ) ;
#1391 = AXIS2_PLACEMENT_3D ( 'NONE', #3822, #295, #23 ) ;
#1392 = DIRECTION ( 'NONE',  ( 0.000000000000000000, 0.000000000000000000, 1.000000000000000000 ) ) ;
#1393 = ORIENTED_EDGE ( 'NONE', *, *, #2417, .F. ) ;
#1394 = EDGE_CURVE ( 'NONE', #1806, #3875, #4176, .T. ) ;
#1395 = VECTOR ( 'NONE', #2216, 1000.000000000000000 ) ;
#1396 = AXIS2_PLACEMENT_3D ( 'NONE', #3342, #3999, #2581 ) ;
#1397 = ORIENTED_EDGE ( 'NONE', *, *, #4025, .T. ) ;
#1398 = CARTESIAN_POINT ( 'NONE',  ( 1.600000000000000089, 21.56647773738793816, 31.91172395019731312 ) ) ;
#1399 = PLANE ( 'NONE',  #3714 ) ;
#1400 = DIRECTION ( 'NONE',  ( 0.000000000000000000, -0.9961946980917453232, 0.08715574274766127449 ) ) ;
#1401 =( NAMED_UNIT ( * ) SI_UNIT ( $, .STERADIAN. ) SOLID_ANGLE_UNIT ( ) );
#1402 = ORIENTED_EDGE ( 'NONE', *, *, #3171, .T. ) ;
#1403 = CARTESIAN_POINT ( 'NONE',  ( 34.43031986259653365, -1.600000000000000755, -27.58827604980267623 ) ) ;
#1404 = CARTESIAN_POINT ( 'NONE',  ( 0.000000000000000000, 20.08238618739317261, -53.61397923772977236 ) ) ;
#1405 = ADVANCED_FACE ( 'NONE', ( #786 ), #425, .T. ) ;
#1406 = AXIS2_PLACEMENT_3D ( 'NONE', #4433, #2717, #1445 ) ;
#1407 = VERTEX_POINT ( 'NONE', #1803 ) ;
#1408 = CARTESIAN_POINT ( 'NONE',  ( 34.43031986259653365, 39.99999999999958789, 35.30665584262808210 ) ) ;
#1409 = ORIENTED_EDGE ( 'NONE', *, *, #2566, .F. ) ;
#1410 = ORIENTED_EDGE ( 'NONE', *, *, #2438, .F. ) ;
#1411 = AXIS2_PLACEMENT_3D ( 'NONE', #284, #4378, #4352 ) ;
#1412 = ORIENTED_EDGE ( 'NONE', *, *, #3367, .F. ) ;
#1413 = EDGE_CURVE ( 'NONE', #1884, #2585, #3548, .T. ) ;
#1414 = DIRECTION ( 'NONE',  ( -1.000000000000000000, -0.000000000000000000, -0.000000000000000000 ) ) ;
#1415 = FACE_OUTER_BOUND ( 'NONE', #4148, .T. ) ;
#1416 = AXIS2_PLACEMENT_3D ( 'NONE', #2273, #280, #297 ) ;
#1417 = CARTESIAN_POINT ( 'NONE',  ( 0.000000000000000000, 30.50000000000030198, 59.32499999999998863 ) ) ;
#1418 = ORIENTED_EDGE ( 'NONE', *, *, #4381, .T. ) ;
#1419 = VERTEX_POINT ( 'NONE', #3256 ) ;
#1420 = LINE ( 'NONE', #699, #1696 ) ;
#1421 = DIRECTION ( 'NONE',  ( 0.000000000000000000, 0.000000000000000000, -1.000000000000000000 ) ) ;
#1422 = DIRECTION ( 'NONE',  ( 1.000000000000000000, 0.000000000000000000, 0.000000000000000000 ) ) ;
#1423 = EDGE_CURVE ( 'NONE', #1806, #3509, #4289, .T. ) ;
#1424 = CARTESIAN_POINT ( 'NONE',  ( 0.000000000000000000, 40.00000000000000000, 4.428226148730328054E-15 ) ) ;
#1425 = ORIENTED_EDGE ( 'NONE', *, *, #1454, .T. ) ;
#1426 = CARTESIAN_POINT ( 'NONE',  ( 1.600000000000000089, 33.99999999999999289, 85.41419036505568840 ) ) ;
#1427 = EDGE_CURVE ( 'NONE', #3492, #427, #1191, .T. ) ;
#1428 = CYLINDRICAL_SURFACE ( 'NONE', #4124, 1.024999999999998135 ) ;
#1429 = ORIENTED_EDGE ( 'NONE', *, *, #2875, .T. ) ;
#1430 = ADVANCED_FACE ( 'NONE', ( #2876 ), #835, .T. ) ;
#1431 = ORIENTED_EDGE ( 'NONE', *, *, #2767, .F. ) ;
#1432 = CARTESIAN_POINT ( 'NONE',  ( 1.600000000000000089, 0.000000000000000000, 20.38222947802271889 ) ) ;
#1433 = VERTEX_POINT ( 'NONE', #1853 ) ;
#1434 = VERTEX_POINT ( 'NONE', #4227 ) ;
#1435 = ORIENTED_EDGE ( 'NONE', *, *, #1876, .T. ) ;
#1436 = LINE ( 'NONE', #2822, #1844 ) ;
#1437 = DIRECTION ( 'NONE',  ( 1.000000000000000000, -0.000000000000000000, 0.000000000000000000 ) ) ;
#1438 = VERTEX_POINT ( 'NONE', #1869 ) ;
#1439 = CARTESIAN_POINT ( 'NONE',  ( 0.000000000000000000, 39.99999999999999289, 44.18222947802272671 ) ) ;
#1440 = EDGE_LOOP ( 'NONE', ( #3432, #4139, #1687, #1316 ) ) ;
#1441 = EDGE_LOOP ( 'NONE', ( #1751, #4248, #4188, #2592 ) ) ;
#1442 = CARTESIAN_POINT ( 'NONE',  ( 1.600000000000000089, 33.99999999999999289, 85.41419036505568840 ) ) ;
#1443 = LINE ( 'NONE', #480, #1566 ) ;
#1444 = DIRECTION ( 'NONE',  ( -1.000000000000000000, 0.000000000000000000, 0.000000000000000000 ) ) ;
#1445 = DIRECTION ( 'NONE',  ( 0.000000000000000000, 1.736859503344565802E-15, -1.000000000000000000 ) ) ;
#1446 = LINE ( 'NONE', #2497, #1238 ) ;
#1447 = ORIENTED_EDGE ( 'NONE', *, *, #2394, .F. ) ;
#1448 = EDGE_CURVE ( 'NONE', #2123, #1338, #3909, .T. ) ;
#1449 = CARTESIAN_POINT ( 'NONE',  ( 1.600000000000000089, 30.50000000000030198, 75.00000000000000000 ) ) ;
#1450 = CARTESIAN_POINT ( 'NONE',  ( 1.599999999999997202, 1.713444952406907212E-12, -24.69334415737469257 ) ) ;
#1451 = EDGE_CURVE ( 'NONE', #3526, #2192, #3953, .T. ) ;
#1452 = ORIENTED_EDGE ( 'NONE', *, *, #2177, .F. ) ;
#1453 = ORIENTED_EDGE ( 'NONE', *, *, #42, .T. ) ;
#1454 = EDGE_CURVE ( 'NONE', #57, #2529, #86, .T. ) ;
#1455 = DIRECTION ( 'NONE',  ( 0.000000000000000000, 0.000000000000000000, -1.000000000000000000 ) ) ;
#1456 = ORIENTED_EDGE ( 'NONE', *, *, #2972, .F. ) ;
#1457 = ORIENTED_EDGE ( 'NONE', *, *, #509, .T. ) ;
#1458 = ORIENTED_EDGE ( 'NONE', *, *, #260, .T. ) ;
#1459 = AXIS2_PLACEMENT_3D ( 'NONE', #2222, #3245, #483 ) ;
#1460 = AXIS2_PLACEMENT_3D ( 'NONE', #789, #496, #1871 ) ;
#1461 = CARTESIAN_POINT ( 'NONE',  ( 0.000000000000000000, 0.000000000000000000, 54.41172395019732022 ) ) ;
#1462 = CARTESIAN_POINT ( 'NONE',  ( 0.000000000000000000, -0.000000000000000000, 0.000000000000000000 ) ) ;
#1463 = ORIENTED_EDGE ( 'NONE', *, *, #2872, .F. ) ;
#1464 = CARTESIAN_POINT ( 'NONE',  ( 1.600000000000000089, 6.588077000000002847, 76.13630254679685549 ) ) ;
#1465 = VERTEX_POINT ( 'NONE', #3575 ) ;
#1466 = EDGE_CURVE ( 'NONE', #850, #4132, #1531, .T. ) ;
#1467 = VECTOR ( 'NONE', #3837, 1000.000000000000000 ) ;
#1468 = ORIENTED_EDGE ( 'NONE', *, *, #1602, .T. ) ;
#1469 = DIRECTION ( 'NONE',  ( 0.000000000000000000, -1.000000000000000000, 0.000000000000000000 ) ) ;
#1470 = VECTOR ( 'NONE', #3644, 1000.000000000000000 ) ;
#1471 = CARTESIAN_POINT ( 'NONE',  ( 1.600000000000000089, 0.000000000000000000, 0.000000000000000000 ) ) ;
#1472 = FACE_BOUND ( 'NONE', #2141, .T. ) ;
#1473 = VECTOR ( 'NONE', #3005, 1000.000000000000000 ) ;
#1474 = DIRECTION ( 'NONE',  ( 0.000000000000000000, -0.9821293082772760696, 0.1882073904574400047 ) ) ;
#1475 = LINE ( 'NONE', #746, #4349 ) ;
#1476 = VECTOR ( 'NONE', #948, 1000.000000000000000 ) ;
#1477 = EDGE_CURVE ( 'NONE', #2070, #330, #474, .T. ) ;
#1478 = VERTEX_POINT ( 'NONE', #2488 ) ;
#1479 = LINE ( 'NONE', #1814, #3638 ) ;
#1480 = AXIS2_PLACEMENT_3D ( 'NONE', #50, #3103, #27 ) ;
#1481 = CYLINDRICAL_SURFACE ( 'NONE', #670, 3.175000000000000711 ) ;
#1482 = AXIS2_PLACEMENT_3D ( 'NONE', #1529, #893, #3951 ) ;
#1483 = ORIENTED_EDGE ( 'NONE', *, *, #811, .T. ) ;
#1484 = DIRECTION ( 'NONE',  ( 0.000000000000000000, 0.000000000000000000, -1.000000000000000000 ) ) ;
#1485 = ORIENTED_EDGE ( 'NONE', *, *, #1868, .T. ) ;
#1486 = EDGE_CURVE ( 'NONE', #3177, #1798, #1102, .T. ) ;
#1487 = DIRECTION ( 'NONE',  ( 1.000000000000000000, -0.000000000000000000, -0.000000000000000000 ) ) ;
#1488 = CARTESIAN_POINT ( 'NONE',  ( 34.43031986259653365, 0.000000000000000000, -5.588276049802678891 ) ) ;
#1489 = EDGE_LOOP ( 'NONE', ( #3387, #1397, #2726, #4368 ) ) ;
#1490 = DIRECTION ( 'NONE',  ( -1.000000000000000000, -0.000000000000000000, -0.000000000000000000 ) ) ;
#1491 = EDGE_CURVE ( 'NONE', #2365, #3492, #3273, .T. ) ;
#1492 = ORIENTED_EDGE ( 'NONE', *, *, #1519, .T. ) ;
#1493 = VECTOR ( 'NONE', #818, 1000.000000000000000 ) ;
#1494 = CARTESIAN_POINT ( 'NONE',  ( 0.000000000000000000, -7.076973031470814340E-16, -27.58827604980266912 ) ) ;
#1495 = DIRECTION ( 'NONE',  ( 1.000000000000000000, -0.000000000000000000, -0.000000000000000000 ) ) ;
#1496 = CARTESIAN_POINT ( 'NONE',  ( 1.600000000000000089, 33.99999999999999289, 87.66419036505570261 ) ) ;
#1497 = EDGE_CURVE ( 'NONE', #945, #553, #2825, .T. ) ;
#1498 = LINE ( 'NONE', #1836, #4240 ) ;
#1499 = DIRECTION ( 'NONE',  ( 0.000000000000000000, 0.000000000000000000, -1.000000000000000000 ) ) ;
#1500 = ORIENTED_EDGE ( 'NONE', *, *, #73, .T. ) ;
#1501 = DIRECTION ( 'NONE',  ( 0.000000000000000000, 0.000000000000000000, 1.000000000000000000 ) ) ;
#1502 = CARTESIAN_POINT ( 'NONE',  ( 0.000000000000000000, 32.35499268839915032, -17.02674739273891191 ) ) ;
#1503 = EDGE_LOOP ( 'NONE', ( #938, #2805, #223, #3142 ) ) ;
#1504 = DIRECTION ( 'NONE',  ( 0.000000000000000000, 0.000000000000000000, -1.000000000000000000 ) ) ;
#1505 = VERTEX_POINT ( 'NONE', #131 ) ;
#1506 = VECTOR ( 'NONE', #2938, 1000.000000000000000 ) ;
#1507 = DIRECTION ( 'NONE',  ( 0.000000000000000000, 0.000000000000000000, -1.000000000000000000 ) ) ;
#1508 = DIRECTION ( 'NONE',  ( 0.000000000000000000, 0.000000000000000000, -1.000000000000000000 ) ) ;
#1509 = EDGE_CURVE ( 'NONE', #166, #740, #1511, .T. ) ;
#1510 = VERTEX_POINT ( 'NONE', #2854 ) ;
#1511 = LINE ( 'NONE', #448, #3782 ) ;
#1512 = AXIS2_PLACEMENT_3D ( 'NONE', #2245, #2525, #1504 ) ;
#1513 = ORIENTED_EDGE ( 'NONE', *, *, #793, .F. ) ;
#1514 = CARTESIAN_POINT ( 'NONE',  ( 34.43031986259653365, -2.706677067814780187E-13, 62.41172395019732733 ) ) ;
#1515 = CARTESIAN_POINT ( 'NONE',  ( 1.600000000000000089, 3.469446951953614189E-15, 20.88222947802272245 ) ) ;
#1516 = FACE_BOUND ( 'NONE', #4271, .T. ) ;
#1517 = CARTESIAN_POINT ( 'NONE',  ( 0.000000000000000000, 14.67430735168253975, -29.01786847992993756 ) ) ;
#1518 = FACE_OUTER_BOUND ( 'NONE', #675, .T. ) ;
#1519 = EDGE_CURVE ( 'NONE', #3453, #1791, #2147, .T. ) ;
#1520 = VECTOR ( 'NONE', #2004, 1000.000000000000000 ) ;
#1521 = LINE ( 'NONE', #2907, #3466 ) ;
#1522 = DIRECTION ( 'NONE',  ( 0.000000000000000000, 1.000000000000000000, 4.336808689942016158E-15 ) ) ;
#1523 = DIRECTION ( 'NONE',  ( 0.000000000000000000, -0.9961946980917454342, 0.08715574274765972018 ) ) ;
#1524 = AXIS2_PLACEMENT_3D ( 'NONE', #1541, #3962, #180 ) ;
#1525 =( BOUNDED_SURFACE ( )  B_SPLINE_SURFACE ( 3, 1, ( 
 ( #4089, #4109 ),
 ( #2396, #1608 ),
 ( #3840, #44 ),
 ( #2858, #1398 ) ),
 .UNSPECIFIED., .F., .F., .F. ) 
 B_SPLINE_SURFACE_WITH_KNOTS ( ( 4, 4 ),
 ( 2, 2 ),
 ( 0.000000000000000000, 1.000000000000000000 ),
 ( 0.000000000000000000, 1.000000000000000000 ),
 .UNSPECIFIED. ) 
 GEOMETRIC_REPRESENTATION_ITEM ( )  RATIONAL_B_SPLINE_SURFACE ( (
 ( 1.000000000000000000, 1.000000000000000000),
 ( 0.3333333333333333703, 0.3333333333333333703),
 ( 0.3333333333333333703, 0.3333333333333333703),
 ( 1.000000000000000000, 1.000000000000000000) ) ) 
 REPRESENTATION_ITEM ( '' )  SURFACE ( )  );
#1526 = DIRECTION ( 'NONE',  ( 0.000000000000000000, -0.8115739819650190645, -0.5842496656374249753 ) ) ;
#1527 = ORIENTED_EDGE ( 'NONE', *, *, #2023, .F. ) ;
#1528 = ADVANCED_FACE ( 'NONE', ( #2169 ), #1172, .F. ) ;
#1529 = CARTESIAN_POINT ( 'NONE',  ( 0.000000000000000000, 5.088077000000002847, 79.01130254679686971 ) ) ;
#1530 = ORIENTED_EDGE ( 'NONE', *, *, #1122, .T. ) ;
#1531 = LINE ( 'NONE', #3610, #602 ) ;
#1532 = VECTOR ( 'NONE', #657, 1000.000000000000000 ) ;
#1533 = DIRECTION ( 'NONE',  ( 1.000000000000000000, -0.000000000000000000, -0.000000000000000000 ) ) ;
#1534 = FACE_OUTER_BOUND ( 'NONE', #3159, .T. ) ;
#1535 = LINE ( 'NONE', #857, #735 ) ;
#1536 = AXIS2_PLACEMENT_3D ( 'NONE', #4014, #1591, #4076 ) ;
#1537 = CARTESIAN_POINT ( 'NONE',  ( 1.600000000000000089, 29.72527329571467547, 31.91172395019731312 ) ) ;
#1538 = CARTESIAN_POINT ( 'NONE',  ( 0.000000000000000000, 30.50000000000030198, 71.82499999999998863 ) ) ;
#1539 = ORIENTED_EDGE ( 'NONE', *, *, #3120, .F. ) ;
#1540 = EDGE_CURVE ( 'NONE', #2460, #777, #1003, .T. ) ;
#1541 = CARTESIAN_POINT ( 'NONE',  ( 0.000000000000000000, 33.99999999999999289, 87.66419036505570261 ) ) ;
#1542 = DIRECTION ( 'NONE',  ( 0.000000000000000000, 1.000000000000000000, 8.673617379884032317E-15 ) ) ;
#1543 = FACE_OUTER_BOUND ( 'NONE', #1794, .T. ) ;
#1544 = AXIS2_PLACEMENT_3D ( 'NONE', #2653, #3686, #610 ) ;
#1545 = VECTOR ( 'NONE', #3584, 1000.000000000000000 ) ;
#1546 = LINE ( 'NONE', #1568, #1292 ) ;
#1547 = ORIENTED_EDGE ( 'NONE', *, *, #2470, .F. ) ;
#1548 = EDGE_CURVE ( 'NONE', #3369, #233, #623, .T. ) ;
#1549 = ORIENTED_EDGE ( 'NONE', *, *, #2699, .F. ) ;
#1550 = VECTOR ( 'NONE', #3409, 1000.000000000000000 ) ;
#1551 = LINE ( 'NONE', #3271, #359 ) ;
#1552 = ORIENTED_EDGE ( 'NONE', *, *, #1150, .F. ) ;
#1553 = CARTESIAN_POINT ( 'NONE',  ( 1.600000000000000089, 1.017932644060996652E-15, 39.68222947802272671 ) ) ;
#1554 = EDGE_CURVE ( 'NONE', #1860, #3468, #576, .T. ) ;
#1555 = DIRECTION ( 'NONE',  ( 0.000000000000000000, -4.336808689942016158E-15, 1.000000000000000000 ) ) ;
#1556 = DIRECTION ( 'NONE',  ( -1.000000000000000000, 0.000000000000000000, 0.000000000000000000 ) ) ;
#1557 = DIRECTION ( 'NONE',  ( 0.000000000000000000, 0.000000000000000000, -1.000000000000000000 ) ) ;
#1558 = DIRECTION ( 'NONE',  ( 1.000000000000000000, -0.000000000000000000, 0.000000000000000000 ) ) ;
#1559 = FACE_OUTER_BOUND ( 'NONE', #2770, .T. ) ;
#1560 = ORIENTED_EDGE ( 'NONE', *, *, #3565, .F. ) ;
#1561 = VECTOR ( 'NONE', #3939, 1000.000000000000000 ) ;
#1562 = ORIENTED_EDGE ( 'NONE', *, *, #626, .T. ) ;
#1563 = CARTESIAN_POINT ( 'NONE',  ( 1.600000000000000089, 20.80675116490827392, -47.55561542117985141 ) ) ;
#1564 = EDGE_CURVE ( 'NONE', #3186, #370, #896, .T. ) ;
#1565 = LINE ( 'NONE', #3306, #2775 ) ;
#1566 = VECTOR ( 'NONE', #1701, 1000.000000000000000 ) ;
#1567 = LINE ( 'NONE', #3982, #1746 ) ;
#1568 = CARTESIAN_POINT ( 'NONE',  ( 1.600000000000000089, 28.64500731160176272, -11.87325260726107956 ) ) ;
#1569 = ORIENTED_EDGE ( 'NONE', *, *, #3389, .T. ) ;
#1570 = ORIENTED_EDGE ( 'NONE', *, *, #2368, .T. ) ;
#1571 = EDGE_CURVE ( 'NONE', #1851, #282, #216, .T. ) ;
#1572 = CARTESIAN_POINT ( 'NONE',  ( 1.600000000000000089, 30.52027907565423348, 89.43066773221055143 ) ) ;
#1573 = EDGE_LOOP ( 'NONE', ( #1359, #726, #304, #1298 ) ) ;
#1574 = DIRECTION ( 'NONE',  ( -1.000000000000000000, -0.000000000000000000, -0.000000000000000000 ) ) ;
#1575 = CARTESIAN_POINT ( 'NONE',  ( 0.000000000000000000, 1.196450753133034008E-13, -27.58827604980266912 ) ) ;
#1576 = CARTESIAN_POINT ( 'NONE',  ( 0.000000000000000000, 6.113077000000001426, 80.26130254679686971 ) ) ;
#1577 = FACE_BOUND ( 'NONE', #3717, .T. ) ;
#1578 = LINE ( 'NONE', #3681, #164 ) ;
#1579 = EDGE_LOOP ( 'NONE', ( #3226, #2125, #4338, #4238 ) ) ;
#1580 = VERTEX_POINT ( 'NONE', #2955 ) ;
#1581 = ORIENTED_EDGE ( 'NONE', *, *, #150, .F. ) ;
#1582 = DIRECTION ( 'NONE',  ( -1.000000000000000000, -0.000000000000000000, -0.000000000000000000 ) ) ;
#1583 = CARTESIAN_POINT ( 'NONE',  ( 1.600000000000000089, 12.90846725636835046, -2.473675224485240243 ) ) ;
#1584 = AXIS2_PLACEMENT_3D ( 'NONE', #2662, #1644, #2727 ) ;
#1585 = DIRECTION ( 'NONE',  ( 0.000000000000000000, 1.000000000000000000, -4.397745778304350081E-16 ) ) ;
#1586 = EDGE_CURVE ( 'NONE', #648, #3484, #3023, .T. ) ;
#1587 = CARTESIAN_POINT ( 'NONE',  ( 1.600000000000000089, 29.72527329571467547, 31.91172395019731312 ) ) ;
#1588 = CARTESIAN_POINT ( 'NONE',  ( 1.599999999999997202, -3.976448048797029145E-12, 57.30665584262530388 ) ) ;
#1589 = VECTOR ( 'NONE', #3700, 1000.000000000000000 ) ;
#1590 = VERTEX_POINT ( 'NONE', #1257 ) ;
#1591 = DIRECTION ( 'NONE',  ( 0.000000000000000000, 0.000000000000000000, 1.000000000000000000 ) ) ;
#1592 = EDGE_CURVE ( 'NONE', #1968, #3801, #1211, .T. ) ;
#1593 = VERTEX_POINT ( 'NONE', #1553 ) ;
#1594 = ADVANCED_FACE ( 'NONE', ( #2977 ), #2302, .T. ) ;
#1595 = DIRECTION ( 'NONE',  ( 1.000000000000000000, -0.000000000000000000, 0.000000000000000000 ) ) ;
#1596 = ORIENTED_EDGE ( 'NONE', *, *, #3064, .T. ) ;
#1597 = CARTESIAN_POINT ( 'NONE',  ( 0.000000000000000000, 6.588077000000001959, 67.38630254679685549 ) ) ;
#1598 = CIRCLE ( 'NONE', #2544, 2.328491328920212489 ) ;
#1599 = CARTESIAN_POINT ( 'NONE',  ( 34.43031986259653365, -1.600000000000209033, -5.588276049802678891 ) ) ;
#1600 = CARTESIAN_POINT ( 'NONE',  ( 0.000000000000000000, 34.83753498891921652, -38.17658520850886106 ) ) ;
#1601 = FACE_BOUND ( 'NONE', #3708, .T. ) ;
#1602 = EDGE_CURVE ( 'NONE', #3484, #1952, #3971, .T. ) ;
#1603 = AXIS2_PLACEMENT_3D ( 'NONE', #2434, #2724, #1682 ) ;
#1604 = CARTESIAN_POINT ( 'NONE',  ( 0.000000000000000000, 11.57328051677617431, 60.96874540831724687 ) ) ;
#1605 = VERTEX_POINT ( 'NONE', #2006 ) ;
#1606 = ORIENTED_EDGE ( 'NONE', *, *, #1477, .F. ) ;
#1607 = AXIS2_PLACEMENT_3D ( 'NONE', #1284, #2670, #944 ) ;
#1608 = CARTESIAN_POINT ( 'NONE',  ( 1.600000000000000089, 29.72527329571467547, 38.16172395019732022 ) ) ;
#1609 = CIRCLE ( 'NONE', #1022, 3.175000000000011369 ) ;
#1610 = LINE ( 'NONE', #253, #1185 ) ;
#1611 = DIRECTION ( 'NONE',  ( 1.000000000000000000, -0.000000000000000000, 0.000000000000000000 ) ) ;
#1612 = LINE ( 'NONE', #2993, #1247 ) ;
#1613 = EDGE_CURVE ( 'NONE', #923, #4337, #1646, .T. ) ;
#1614 = VECTOR ( 'NONE', #2689, 1000.000000000000000 ) ;
#1615 = FACE_OUTER_BOUND ( 'NONE', #3566, .T. ) ;
#1616 = CARTESIAN_POINT ( 'NONE',  ( 0.000000000000000000, 0.000000000000000000, 84.41172395019731312 ) ) ;
#1617 = AXIS2_PLACEMENT_3D ( 'NONE', #522, #4009, #909 ) ;
#1618 = ORIENTED_EDGE ( 'NONE', *, *, #1586, .T. ) ;
#1619 = ORIENTED_EDGE ( 'NONE', *, *, #4207, .F. ) ;
#1620 = AXIS2_PLACEMENT_3D ( 'NONE', #2647, #3613, #874 ) ;
#1621 = CARTESIAN_POINT ( 'NONE',  ( 1.600000000000000089, 32.87530306181896833, 85.71545826513890631 ) ) ;
#1622 = ORIENTED_EDGE ( 'NONE', *, *, #658, .F. ) ;
#1623 = ADVANCED_FACE ( 'NONE', ( #4311 ), #4330, .T. ) ;
#1624 = DIRECTION ( 'NONE',  ( 0.000000000000000000, -0.8115739819650189535, -0.5842496656374251973 ) ) ;
#1625 = PLANE ( 'NONE',  #2401 ) ;
#1626 = VECTOR ( 'NONE', #4447, 1000.000000000000000 ) ;
#1627 = FACE_OUTER_BOUND ( 'NONE', #3673, .T. ) ;
#1628 = CARTESIAN_POINT ( 'NONE',  ( 0.000000000000000000, 0.000000000000000000, 0.000000000000000000 ) ) ;
#1629 = DIRECTION ( 'NONE',  ( 1.000000000000000000, 0.000000000000000000, -0.000000000000000000 ) ) ;
#1630 = EDGE_LOOP ( 'NONE', ( #311, #419, #3804, #3816 ) ) ;
#1631 = VECTOR ( 'NONE', #3687, 1000.000000000000000 ) ;
#1632 = EDGE_CURVE ( 'NONE', #386, #711, #871, .T. ) ;
#1633 = EDGE_CURVE ( 'NONE', #2891, #81, #3629, .T. ) ;
#1634 = VERTEX_POINT ( 'NONE', #1597 ) ;
#1635 = DIRECTION ( 'NONE',  ( 0.000000000000000000, 1.107056537182581940E-16, -1.000000000000000000 ) ) ;
#1636 = VECTOR ( 'NONE', #4462, 1000.000000000000000 ) ;
#1637 = DIRECTION ( 'NONE',  ( 0.000000000000000000, 0.6560141633024058061, -0.7547485790292317587 ) ) ;
#1638 = DIRECTION ( 'NONE',  ( -0.000000000000000000, 0.9961946980917453232, -0.08715574274766044183 ) ) ;
#1639 = FACE_OUTER_BOUND ( 'NONE', #4386, .T. ) ;
#1640 = FACE_OUTER_BOUND ( 'NONE', #1440, .T. ) ;
#1641 = CARTESIAN_POINT ( 'NONE',  ( 0.000000000000000000, 14.33807700000000551, 20.38222947802271889 ) ) ;
#1642 = ORIENTED_EDGE ( 'NONE', *, *, #751, .F. ) ;
#1643 = EDGE_LOOP ( 'NONE', ( #3235, #2367, #3293, #570 ) ) ;
#1644 = DIRECTION ( 'NONE',  ( 1.000000000000000000, 0.000000000000000000, 0.000000000000000000 ) ) ;
#1645 = ORIENTED_EDGE ( 'NONE', *, *, #4102, .T. ) ;
#1646 = LINE ( 'NONE', #1301, #4331 ) ;
#1647 = EDGE_CURVE ( 'NONE', #2458, #2513, #4019, .T. ) ;
#1648 = DIRECTION ( 'NONE',  ( 1.000000000000000000, 0.000000000000000000, 0.000000000000000000 ) ) ;
#1649 = LINE ( 'NONE', #269, #4204 ) ;
#1650 = DIRECTION ( 'NONE',  ( -1.000000000000000000, 0.000000000000000000, -0.000000000000000000 ) ) ;
#1651 = FILL_AREA_STYLE_COLOUR ( '', #1969 ) ;
#1652 = ORIENTED_EDGE ( 'NONE', *, *, #1012, .F. ) ;
#1653 = PRODUCT ( '1.6mm-²à°å-×ó', '1.6mm-²à°å-×ó', '', ( #1274 ) ) ;
#1654 = ORIENTED_EDGE ( 'NONE', *, *, #185, .T. ) ;
#1655 = DIRECTION ( 'NONE',  ( 0.000000000000000000, -1.000000000000000000, -1.107056537182581940E-16 ) ) ;
#1656 = LINE ( 'NONE', #1267, #2121 ) ;
#1657 = FACE_OUTER_BOUND ( 'NONE', #712, .T. ) ;
#1658 = DIRECTION ( 'NONE',  ( 0.000000000000000000, -1.107056537182581940E-16, 1.000000000000000000 ) ) ;
#1659 = DIRECTION ( 'NONE',  ( 1.000000000000000000, -0.000000000000000000, -0.000000000000000000 ) ) ;
#1660 = CARTESIAN_POINT ( 'NONE',  ( 0.000000000000000000, 30.77671948322412376, 65.66291816644130108 ) ) ;
#1661 = ORIENTED_EDGE ( 'NONE', *, *, #130, .F. ) ;
#1662 = FILL_AREA_STYLE ('',( #1651 ) ) ;
#1663 = ORIENTED_EDGE ( 'NONE', *, *, #526, .T. ) ;
#1664 = DIRECTION ( 'NONE',  ( -1.000000000000000000, -0.000000000000000000, -0.000000000000000000 ) ) ;
#1665 = ORIENTED_EDGE ( 'NONE', *, *, #3679, .F. ) ;
#1666 = FACE_OUTER_BOUND ( 'NONE', #1773, .T. ) ;
#1667 = EDGE_CURVE ( 'NONE', #1361, #3695, #4400, .T. ) ;
#1668 = CARTESIAN_POINT ( 'NONE',  ( 1.600000000000000089, 16.67813011214031960, 95.20257663657463354 ) ) ;
#1669 = DIRECTION ( 'NONE',  ( 0.000000000000000000, -0.000000000000000000, 1.000000000000000000 ) ) ;
#1670 = ORIENTED_EDGE ( 'NONE', *, *, #4355, .F. ) ;
#1671 = ORIENTED_EDGE ( 'NONE', *, *, #1820, .F. ) ;
#1672 = CARTESIAN_POINT ( 'NONE',  ( 1.600000000000000089, 30.50000000000030198, 62.50000000000000000 ) ) ;
#1673 = CARTESIAN_POINT ( 'NONE',  ( 0.000000000000000000, -0.000000000000000000, -53.61397923772977236 ) ) ;
#1674 = LINE ( 'NONE', #1334, #476 ) ;
#1675 = EDGE_CURVE ( 'NONE', #1050, #4450, #2617, .T. ) ;
#1676 = DIRECTION ( 'NONE',  ( -1.000000000000000000, -0.000000000000000000, -0.000000000000000000 ) ) ;
#1677 = AXIS2_PLACEMENT_3D ( 'NONE', #4255, #2539, #1859 ) ;
#1678 = AXIS2_PLACEMENT_3D ( 'NONE', #300, #3464, #3085 ) ;
#1679 = DIRECTION ( 'NONE',  ( 0.000000000000000000, -1.000000000000000000, -1.107056537182581940E-16 ) ) ;
#1680 = CARTESIAN_POINT ( 'NONE',  ( 1.600000000000000089, 0.000000000000000000, 0.000000000000000000 ) ) ;
#1681 = ORIENTED_EDGE ( 'NONE', *, *, #937, .T. ) ;
#1682 = DIRECTION ( 'NONE',  ( 0.000000000000000000, 0.6560141633023945928, -0.7547485790292415286 ) ) ;
#1683 = VERTEX_POINT ( 'NONE', #241 ) ;
#1684 = AXIS2_PLACEMENT_3D ( 'NONE', #1222, #1923, #3964 ) ;
#1685 = CARTESIAN_POINT ( 'NONE',  ( 0.000000000000000000, -1.600000000000628031, 54.41172395019732022 ) ) ;
#1686 = EDGE_CURVE ( 'NONE', #89, #923, #4380, .T. ) ;
#1687 = ORIENTED_EDGE ( 'NONE', *, *, #3420, .T. ) ;
#1688 = VECTOR ( 'NONE', #2127, 1000.000000000000000 ) ;
#1689 = DIRECTION ( 'NONE',  ( 0.000000000000000000, 6.938893903907240999E-14, -1.000000000000000000 ) ) ;
#1690 = VECTOR ( 'NONE', #1792, 1000.000000000000000 ) ;
#1691 = EDGE_CURVE ( 'NONE', #1883, #1851, #1986, .T. ) ;
#1692 = PLANE ( 'NONE',  #884 ) ;
#1693 = EDGE_LOOP ( 'NONE', ( #272, #1036, #121, #808 ) ) ;
#1694 = EDGE_LOOP ( 'NONE', ( #4178, #3908, #4013, #1429 ) ) ;
#1695 = DIRECTION ( 'NONE',  ( 0.000000000000000000, 0.000000000000000000, -1.000000000000000000 ) ) ;
#1696 = VECTOR ( 'NONE', #720, 1000.000000000000000 ) ;
#1697 = CARTESIAN_POINT ( 'NONE',  ( 34.43031986259653365, 52.50000000000000711, 0.000000000000000000 ) ) ;
#1698 = LINE ( 'NONE', #2789, #2571 ) ;
#1699 = ADVANCED_FACE ( 'NONE', ( #1666 ), #286, .F. ) ;
#1700 = DIRECTION ( 'NONE',  ( 0.000000000000000000, -0.9961946980917453232, 0.08715574274766127449 ) ) ;
#1701 = DIRECTION ( 'NONE',  ( 0.000000000000000000, -1.000000000000000000, 0.000000000000000000 ) ) ;
#1702 = EDGE_LOOP ( 'NONE', ( #2064, #933, #3736, #351 ) ) ;
#1703 = PLANE ( 'NONE',  #160 ) ;
#1704 = ORIENTED_EDGE ( 'NONE', *, *, #1899, .T. ) ;
#1705 = VECTOR ( 'NONE', #2538, 1000.000000000000000 ) ;
#1706 = CYLINDRICAL_SURFACE ( 'NONE', #1775, 18.89112077116032751 ) ;
#1707 = ORIENTED_EDGE ( 'NONE', *, *, #686, .F. ) ;
#1708 = VERTEX_POINT ( 'NONE', #3885 ) ;
#1709 = VERTEX_POINT ( 'NONE', #3211 ) ;
#1710 = EDGE_CURVE ( 'NONE', #1593, #3600, #783, .T. ) ;
#1711 = DIRECTION ( 'NONE',  ( 0.000000000000000000, 0.000000000000000000, 1.000000000000000000 ) ) ;
#1712 = DIRECTION ( 'NONE',  ( 0.000000000000000000, 0.000000000000000000, 1.000000000000000000 ) ) ;
#1713 = ORIENTED_EDGE ( 'NONE', *, *, #2699, .T. ) ;
#1714 = ORIENTED_EDGE ( 'NONE', *, *, #2094, .T. ) ;
#1715 = LINE ( 'NONE', #2447, #2130 ) ;
#1716 = PLANE ( 'NONE',  #892 ) ;
#1717 = DIRECTION ( 'NONE',  ( -1.000000000000000000, -0.000000000000000000, -0.000000000000000000 ) ) ;
#1718 =( NAMED_UNIT ( * ) PLANE_ANGLE_UNIT ( ) SI_UNIT ( $, .RADIAN. ) );
#1719 = AXIS2_PLACEMENT_3D ( 'NONE', #1471, #2879, #3528 ) ;
#1720 = CARTESIAN_POINT ( 'NONE',  ( 34.43031986259653365, 41.59999999999958931, 35.30665584262819578 ) ) ;
#1721 = VERTEX_POINT ( 'NONE', #36 ) ;
#1722 = LINE ( 'NONE', #4441, #3928 ) ;
#1723 = VECTOR ( 'NONE', #932, 1000.000000000000000 ) ;
#1724 = ORIENTED_EDGE ( 'NONE', *, *, #182, .T. ) ;
#1725 = DIRECTION ( 'NONE',  ( 0.000000000000000000, -2.565210315677348556E-17, -1.000000000000000000 ) ) ;
#1726 = ORIENTED_EDGE ( 'NONE', *, *, #1270, .F. ) ;
#1727 = EDGE_LOOP ( 'NONE', ( #4079, #1770, #531, #2778 ) ) ;
#1728 = VECTOR ( 'NONE', #999, 1000.000000000000000 ) ;
#1729 = EDGE_CURVE ( 'NONE', #2685, #1338, #2383, .T. ) ;
#1730 = CARTESIAN_POINT ( 'NONE',  ( 1.600000000000000089, 34.83753498891921652, -38.17658520850886106 ) ) ;
#1731 = DIRECTION ( 'NONE',  ( 0.000000000000000000, 0.000000000000000000, -1.000000000000000000 ) ) ;
#1732 = VECTOR ( 'NONE', #1958, 1000.000000000000000 ) ;
#1733 = CARTESIAN_POINT ( 'NONE',  ( 1.600000000000000089, 30.22328051677647309, 71.83708183355868471 ) ) ;
#1734 = EDGE_LOOP ( 'NONE', ( #1344, #415, #592, #1070 ) ) ;
#1735 = EDGE_LOOP ( 'NONE', ( #485, #4002, #2353, #2532 ) ) ;
#1736 = LINE ( 'NONE', #3527, #2930 ) ;
#1737 = CARTESIAN_POINT ( 'NONE',  ( 0.000000000000000000, 32.04870963951375984, -34.96802343138419644 ) ) ;
#1738 = EDGE_CURVE ( 'NONE', #3255, #380, #1098, .T. ) ;
#1739 = DIRECTION ( 'NONE',  ( 1.000000000000000000, 0.000000000000000000, 0.000000000000000000 ) ) ;
#1740 = DIRECTION ( 'NONE',  ( -1.000000000000000000, -0.000000000000000000, -0.000000000000000000 ) ) ;
#1741 = VERTEX_POINT ( 'NONE', #1777 ) ;
#1742 = VECTOR ( 'NONE', #3212, 1000.000000000000000 ) ;
#1743 = DIRECTION ( 'NONE',  ( 0.000000000000000000, 0.000000000000000000, 1.000000000000000000 ) ) ;
#1744 = EDGE_CURVE ( 'NONE', #2070, #3890, #2484, .T. ) ;
#1745 = CARTESIAN_POINT ( 'NONE',  ( 1.600000000000000089, 22.18438090784329830, -49.14058743714126365 ) ) ;
#1746 = VECTOR ( 'NONE', #931, 1000.000000000000000 ) ;
#1747 = ORIENTED_EDGE ( 'NONE', *, *, #1394, .F. ) ;
#1748 = CARTESIAN_POINT ( 'NONE',  ( 0.000000000000000000, 21.56647773738793816, 31.91172395019731312 ) ) ;
#1749 = AXIS2_PLACEMENT_3D ( 'NONE', #120, #771, #794 ) ;
#1750 = ORIENTED_EDGE ( 'NONE', *, *, #3077, .F. ) ;
#1751 = ORIENTED_EDGE ( 'NONE', *, *, #2040, .F. ) ;
#1752 = ORIENTED_EDGE ( 'NONE', *, *, #1937, .T. ) ;
#1753 = PLANE ( 'NONE',  #3068 ) ;
#1754 = DIRECTION ( 'NONE',  ( 1.000000000000000000, -0.000000000000000000, 0.000000000000000000 ) ) ;
#1755 = ADVANCED_FACE ( 'NONE', ( #2508 ), #2801, .F. ) ;
#1756 = DIRECTION ( 'NONE',  ( -1.000000000000000000, 0.000000000000000000, 0.000000000000000000 ) ) ;
#1757 = EDGE_LOOP ( 'NONE', ( #3379, #1619, #3128, #1771, #2759, #350, #265, #3827 ) ) ;
#1758 = CIRCLE ( 'NONE', #246, 1.575000000000006839 ) ;
#1759 = ORIENTED_EDGE ( 'NONE', *, *, #4150, .T. ) ;
#1760 = DIRECTION ( 'NONE',  ( 0.000000000000000000, 0.000000000000000000, 1.000000000000000000 ) ) ;
#1761 = EDGE_CURVE ( 'NONE', #913, #1709, #3860, .T. ) ;
#1762 = DIRECTION ( 'NONE',  ( 1.000000000000000000, 0.000000000000000000, 0.000000000000000000 ) ) ;
#1763 = CARTESIAN_POINT ( 'NONE',  ( 0.000000000000000000, 30.50000000000030198, 62.50000000000000000 ) ) ;
#1764 = DIRECTION ( 'NONE',  ( 0.000000000000000000, 0.000000000000000000, -1.000000000000000000 ) ) ;
#1765 = ADVANCED_FACE ( 'NONE', ( #2143 ), #59, .F. ) ;
#1766 = VERTEX_POINT ( 'NONE', #2461 ) ;
#1767 = CARTESIAN_POINT ( 'NONE',  ( 0.000000000000000000, 32.79724476520794241, 25.41172395019731312 ) ) ;
#1768 = CYLINDRICAL_SURFACE ( 'NONE', #1678, 1.024999999999998135 ) ;
#1769 = VECTOR ( 'NONE', #2697, 1000.000000000000114 ) ;
#1770 = ORIENTED_EDGE ( 'NONE', *, *, #1413, .F. ) ;
#1771 = ORIENTED_EDGE ( 'NONE', *, *, #2034, .F. ) ;
#1772 = LINE ( 'NONE', #3110, #1636 ) ;
#1773 = EDGE_LOOP ( 'NONE', ( #3781, #1985, #2084, #1000 ) ) ;
#1774 = ORIENTED_EDGE ( 'NONE', *, *, #268, .T. ) ;
#1775 = AXIS2_PLACEMENT_3D ( 'NONE', #392, #708, #3088 ) ;
#1776 = ORIENTED_EDGE ( 'NONE', *, *, #3120, .T. ) ;
#1777 = CARTESIAN_POINT ( 'NONE',  ( 1.600000000000000089, 11.57328051677617431, 60.96874540831724687 ) ) ;
#1778 = CYLINDRICAL_SURFACE ( 'NONE', #3415, 1.024999999999998135 ) ;
#1779 = ORIENTED_EDGE ( 'NONE', *, *, #2257, .T. ) ;
#1780 = CARTESIAN_POINT ( 'NONE',  ( 0.000000000000000000, 40.00000000000000000, 27.30665584262807855 ) ) ;
#1781 = EDGE_LOOP ( 'NONE', ( #1024, #1026, #1187, #4172 ) ) ;
#1782 = EDGE_CURVE ( 'NONE', #3372, #2513, #3161, .T. ) ;
#1783 = ORIENTED_EDGE ( 'NONE', *, *, #3290, .F. ) ;
#1784 = LINE ( 'NONE', #3167, #3986 ) ;
#1785 = DIRECTION ( 'NONE',  ( 0.000000000000000000, 1.107056537182581940E-16, -1.000000000000000000 ) ) ;
#1786 = CARTESIAN_POINT ( 'NONE',  ( 1.600000000000000089, 29.72527329571467547, 31.91172395019731312 ) ) ;
#1787 = CARTESIAN_POINT ( 'NONE',  ( 1.600000000000000089, 16.52930004008107900, -13.41961587266885481 ) ) ;
#1788 = ADVANCED_FACE ( 'NONE', ( #4173 ), #397, .T. ) ;
#1789 = DIRECTION ( 'NONE',  ( -1.000000000000000000, -0.000000000000000000, -0.000000000000000000 ) ) ;
#1790 = EDGE_CURVE ( 'NONE', #1361, #4097, #3496, .T. ) ;
#1791 = VERTEX_POINT ( 'NONE', #694 ) ;
#1792 = DIRECTION ( 'NONE',  ( -1.000000000000000000, -0.000000000000000000, -0.000000000000000000 ) ) ;
#1793 = CARTESIAN_POINT ( 'NONE',  ( 0.000000000000000000, -1.600000000000209033, -5.588276049802678891 ) ) ;
#1794 = EDGE_LOOP ( 'NONE', ( #4219, #8, #2248, #3684 ) ) ;
#1795 = EDGE_LOOP ( 'NONE', ( #3668, #2971, #2545, #4116 ) ) ;
#1796 = LINE ( 'NONE', #1432, #41 ) ;
#1797 = ORIENTED_EDGE ( 'NONE', *, *, #2360, .T. ) ;
#1798 = VERTEX_POINT ( 'NONE', #1826 ) ;
#1799 = EDGE_CURVE ( 'NONE', #850, #3428, #1436, .T. ) ;
#1800 = LINE ( 'NONE', #2781, #2640 ) ;
#1801 = CARTESIAN_POINT ( 'NONE',  ( 1.600000000000000089, 34.00000000000000711, -36.08827604980267978 ) ) ;
#1802 = EDGE_LOOP ( 'NONE', ( #1369, #3357, #3489, #1665 ) ) ;
#1803 = CARTESIAN_POINT ( 'NONE',  ( 1.600000000000000089, 30.22328051677647309, 71.83708183355868471 ) ) ;
#1804 = EDGE_CURVE ( 'NONE', #3600, #4099, #3449, .T. ) ;
#1805 = ORIENTED_EDGE ( 'NONE', *, *, #2119, .F. ) ;
#1806 = VERTEX_POINT ( 'NONE', #1730 ) ;
#1807 = LINE ( 'NONE', #1442, #3645 ) ;
#1808 = AXIS2_PLACEMENT_3D ( 'NONE', #4422, #1322, #2708 ) ;
#1809 = PLANE ( 'NONE',  #3669 ) ;
#1810 = CARTESIAN_POINT ( 'NONE',  ( 0.000000000000000000, 14.50000040439469551, 19.13559017415981245 ) ) ;
#1811 = CARTESIAN_POINT ( 'NONE',  ( 1.600000000000000089, 33.99999999999999289, 89.91419036505570261 ) ) ;
#1812 = DIRECTION ( 'NONE',  ( 0.000000000000000000, -0.7547485790292317587, -0.6560141633024058061 ) ) ;
#1813 = ORIENTED_EDGE ( 'NONE', *, *, #4344, .T. ) ;
#1814 = CARTESIAN_POINT ( 'NONE',  ( 0.000000000000000000, 17.40854783759235502, 90.84364330375620966 ) ) ;
#1815 = ADVANCED_FACE ( 'NONE', ( #3520 ), #1753, .F. ) ;
#1816 = FACE_OUTER_BOUND ( 'NONE', #641, .T. ) ;
#1817 = VECTOR ( 'NONE', #3034, 1000.000000000000000 ) ;
#1818 = VERTEX_POINT ( 'NONE', #1461 ) ;
#1819 = LINE ( 'NONE', #1186, #566 ) ;
#1820 = EDGE_CURVE ( 'NONE', #4337, #2751, #1800, .T. ) ;
#1821 = VERTEX_POINT ( 'NONE', #4151 ) ;
#1822 = ORIENTED_EDGE ( 'NONE', *, *, #3643, .F. ) ;
#1823 = AXIS2_PLACEMENT_3D ( 'NONE', #3394, #2399, #2765 ) ;
#1824 = EDGE_CURVE ( 'NONE', #58, #124, #3812, .T. ) ;
#1825 = VECTOR ( 'NONE', #1935, 1000.000000000000000 ) ;
#1826 = CARTESIAN_POINT ( 'NONE',  ( 0.000000000000000000, 20.80675116490827392, -47.55561542117985141 ) ) ;
#1827 = FACE_OUTER_BOUND ( 'NONE', #4445, .T. ) ;
#1828 = ORIENTED_EDGE ( 'NONE', *, *, #2297, .T. ) ;
#1829 = DIRECTION ( 'NONE',  ( 0.000000000000000000, -0.9281374038694145678, -0.3722377728529752128 ) ) ;
#1830 = AXIS2_PLACEMENT_3D ( 'NONE', #538, #1914, #199 ) ;
#1831 = ORIENTED_EDGE ( 'NONE', *, *, #1219, .F. ) ;
#1832 = LINE ( 'NONE', #3297, #1240 ) ;
#1833 = AXIS2_PLACEMENT_3D ( 'NONE', #2450, #2791, #2105 ) ;
#1834 = LINE ( 'NONE', #3892, #1144 ) ;
#1835 = CARTESIAN_POINT ( 'NONE',  ( 1.600000000000000089, 0.000000000000000000, -38.58827604980267978 ) ) ;
#1836 = CARTESIAN_POINT ( 'NONE',  ( 1.600000000000000089, 0.000000000000000000, -38.58827604980267978 ) ) ;
#1837 = CARTESIAN_POINT ( 'NONE',  ( 0.000000000000000000, 3.588077000000001959, 76.13630254679685549 ) ) ;
#1838 = VECTOR ( 'NONE', #3888, 1000.000000000000000 ) ;
#1839 = AXIS2_PLACEMENT_3D ( 'NONE', #4274, #1082, #3841 ) ;
#1840 = VERTEX_POINT ( 'NONE', #375 ) ;
#1841 = DIRECTION ( 'NONE',  ( 0.000000000000000000, -1.000000000000000000, -0.000000000000000000 ) ) ;
#1842 = AXIS2_PLACEMENT_3D ( 'NONE', #1449, #4210, #412 ) ;
#1843 = DIRECTION ( 'NONE',  ( 1.000000000000000000, -0.000000000000000000, -0.000000000000000000 ) ) ;
#1844 = VECTOR ( 'NONE', #4125, 1000.000000000000114 ) ;
#1845 = EDGE_CURVE ( 'NONE', #1058, #762, #1228, .T. ) ;
#1846 = ORIENTED_EDGE ( 'NONE', *, *, #484, .F. ) ;
#1847 = DIRECTION ( 'NONE',  ( 0.000000000000000000, 2.565210315677348556E-17, 1.000000000000000000 ) ) ;
#1848 = ORIENTED_EDGE ( 'NONE', *, *, #928, .T. ) ;
#1849 = DIRECTION ( 'NONE',  ( 0.000000000000000000, 1.355252715606880543E-16, -1.000000000000000000 ) ) ;
#1850 = LINE ( 'NONE', #807, #2758 ) ;
#1851 = VERTEX_POINT ( 'NONE', #2551 ) ;
#1852 = EDGE_CURVE ( 'NONE', #301, #946, #4328, .T. ) ;
#1853 = CARTESIAN_POINT ( 'NONE',  ( 1.600000000000000089, 10.55542615334358558, 19.13559017415981245 ) ) ;
#1854 = ORIENTED_EDGE ( 'NONE', *, *, #3818, .F. ) ;
#1855 = PLANE ( 'NONE',  #2189 ) ;
#1856 = DIRECTION ( 'NONE',  ( 1.000000000000000000, -0.000000000000000000, -0.000000000000000000 ) ) ;
#1857 = FACE_OUTER_BOUND ( 'NONE', #1693, .T. ) ;
#1858 = CARTESIAN_POINT ( 'NONE',  ( 1.600000000000000089, 33.97725791936502304, -42.50746896926139584 ) ) ;
#1859 = DIRECTION ( 'NONE',  ( 0.000000000000000000, 1.107056537182581940E-16, -1.000000000000000000 ) ) ;
#1860 = VERTEX_POINT ( 'NONE', #3650 ) ;
#1861 = LINE ( 'NONE', #2205, #2053 ) ;
#1862 = DIRECTION ( 'NONE',  ( 0.000000000000000000, -0.6560141633023947039, 0.7547485790292413066 ) ) ;
#1863 = ADVANCED_FACE ( 'NONE', ( #2575 ), #552, .F. ) ;
#1864 = DIRECTION ( 'NONE',  ( -1.000000000000000000, 0.000000000000000000, 0.000000000000000000 ) ) ;
#1865 = ORIENTED_EDGE ( 'NONE', *, *, #822, .F. ) ;
#1866 = CARTESIAN_POINT ( 'NONE',  ( 1.600000000000000089, 0.000000000000000000, 0.000000000000000000 ) ) ;
#1867 = ORIENTED_EDGE ( 'NONE', *, *, #3006, .T. ) ;
#1868 = EDGE_CURVE ( 'NONE', #1590, #3231, #3426, .T. ) ;
#1869 = CARTESIAN_POINT ( 'NONE',  ( 1.599999999999997202, -1.600000000000210143, 2.411723950197321109 ) ) ;
#1870 = AXIS2_PLACEMENT_3D ( 'NONE', #144, #4303, #3564 ) ;
#1871 = DIRECTION ( 'NONE',  ( 0.000000000000000000, 0.000000000000000000, -1.000000000000000000 ) ) ;
#1872 = CARTESIAN_POINT ( 'NONE',  ( 0.000000000000000000, -0.000000000000000000, 20.38222947802271889 ) ) ;
#1873 = DIRECTION ( 'NONE',  ( 1.000000000000000000, 0.000000000000000000, 0.000000000000000000 ) ) ;
#1874 = CARTESIAN_POINT ( 'NONE',  ( 1.600000000000000089, 21.56647773738793816, 31.91172395019731312 ) ) ;
#1875 = DIRECTION ( 'NONE',  ( 0.000000000000000000, -0.08715574274766141327, -0.9961946980917453232 ) ) ;
#1876 = EDGE_CURVE ( 'NONE', #2289, #380, #3222, .T. ) ;
#1877 = EDGE_LOOP ( 'NONE', ( #765, #1208, #665, #637 ) ) ;
#1878 = LINE ( 'NONE', #4280, #1113 ) ;
#1879 = EDGE_CURVE ( 'NONE', #4416, #1721, #3788, .T. ) ;
#1880 = LINE ( 'NONE', #504, #524 ) ;
#1881 = CARTESIAN_POINT ( 'NONE',  ( 1.600000000000000089, 6.088077000000003736, 66.88630254679686971 ) ) ;
#1882 = EDGE_CURVE ( 'NONE', #1917, #797, #2915, .T. ) ;
#1883 = VERTEX_POINT ( 'NONE', #806 ) ;
#1884 = VERTEX_POINT ( 'NONE', #3233 ) ;
#1885 = DIRECTION ( 'NONE',  ( 1.000000000000000000, -0.000000000000000000, 0.000000000000000000 ) ) ;
#1886 = ORIENTED_EDGE ( 'NONE', *, *, #346, .T. ) ;
#1887 = DIRECTION ( 'NONE',  ( 1.000000000000000000, -0.000000000000000000, -0.000000000000000000 ) ) ;
#1888 = EDGE_CURVE ( 'NONE', #3231, #3522, #3253, .T. ) ;
#1889 = PLANE ( 'NONE',  #1971 ) ;
#1890 = LINE ( 'NONE', #1872, #1506 ) ;
#1891 = CARTESIAN_POINT ( 'NONE',  ( 1.599999999999997202, 52.50000000000000711, 83.86273747578029258 ) ) ;
#1892 = CIRCLE ( 'NONE', #454, 1.024999999999998135 ) ;
#1893 = CARTESIAN_POINT ( 'NONE',  ( 34.43031986259653365, -1.600000000000210143, 2.411723950197321109 ) ) ;
#1894 = CARTESIAN_POINT ( 'NONE',  ( 1.600000000000000089, 5.088077000000002847, 81.28630254679686118 ) ) ;
#1895 = ORIENTED_EDGE ( 'NONE', *, *, #1384, .T. ) ;
#1896 = AXIS2_PLACEMENT_3D ( 'NONE', #1974, #1900, #4030 ) ;
#1897 = ORIENTED_EDGE ( 'NONE', *, *, #393, .F. ) ;
#1898 = DIRECTION ( 'NONE',  ( -0.000000000000000000, 9.912705577010316921E-17, 1.000000000000000000 ) ) ;
#1899 = EDGE_CURVE ( 'NONE', #757, #648, #4267, .T. ) ;
#1900 = DIRECTION ( 'NONE',  ( 1.000000000000000000, -0.000000000000000000, -0.000000000000000000 ) ) ;
#1901 = AXIS2_PLACEMENT_3D ( 'NONE', #2831, #769, #2559 ) ;
#1902 = DIRECTION ( 'NONE',  ( 0.000000000000000000, 0.7811261647642349093, 0.6243732174915237465 ) ) ;
#1903 = LINE ( 'NONE', #3288, #4041 ) ;
#1904 = ORIENTED_EDGE ( 'NONE', *, *, #3015, .T. ) ;
#1905 = AXIS2_PLACEMENT_3D ( 'NONE', #110, #1123, #2753 ) ;
#1906 = SHAPE_DEFINITION_REPRESENTATION ( #278, #1171 ) ;
#1907 = ORIENTED_EDGE ( 'NONE', *, *, #4466, .T. ) ;
#1908 = AXIS2_PLACEMENT_3D ( 'NONE', #4452, #292, #649 ) ;
#1909 = CARTESIAN_POINT ( 'NONE',  ( 34.43031986259653365, -1.600000000000209699, -2.168404344971292858E-16 ) ) ;
#1910 = ORIENTED_EDGE ( 'NONE', *, *, #928, .F. ) ;
#1911 = DIRECTION ( 'NONE',  ( 0.000000000000000000, 0.000000000000000000, -1.000000000000000000 ) ) ;
#1912 = FACE_OUTER_BOUND ( 'NONE', #2115, .T. ) ;
#1913 = CARTESIAN_POINT ( 'NONE',  ( 1.600000000000000089, 28.15173500130799411, -47.16395168868958621 ) ) ;
#1914 = DIRECTION ( 'NONE',  ( 0.000000000000000000, -6.938893903907240999E-14, 1.000000000000000000 ) ) ;
#1915 = ADVANCED_FACE ( 'NONE', ( #2279 ), #1189, .T. ) ;
#1916 = CARTESIAN_POINT ( 'NONE',  ( 1.600000000000000089, 33.97725791936502304, -42.50746896926139584 ) ) ;
#1917 = VERTEX_POINT ( 'NONE', #1145 ) ;
#1918 = ORIENTED_EDGE ( 'NONE', *, *, #3498, .T. ) ;
#1919 = ORIENTED_EDGE ( 'NONE', *, *, #4300, .T. ) ;
#1920 = LINE ( 'NONE', #2632, #747 ) ;
#1921 = EDGE_CURVE ( 'NONE', #711, #2585, #4472, .T. ) ;
#1922 = EDGE_CURVE ( 'NONE', #4015, #975, #572, .T. ) ;
#1923 = DIRECTION ( 'NONE',  ( 1.000000000000000000, -0.000000000000000000, 0.000000000000000000 ) ) ;
#1924 = DIRECTION ( 'NONE',  ( 0.000000000000000000, 0.000000000000000000, 1.000000000000000000 ) ) ;
#1925 = DIRECTION ( 'NONE',  ( 0.000000000000000000, -1.000000000000000000, -6.938893903907240999E-14 ) ) ;
#1926 = VERTEX_POINT ( 'NONE', #192 ) ;
#1927 =( BOUNDED_CURVE ( )  B_SPLINE_CURVE ( 3, ( #92, #3937, #4202, #1786 ),
 .UNSPECIFIED., .F., .F. ) 
 B_SPLINE_CURVE_WITH_KNOTS ( ( 4, 4 ),
 ( 3.141592653589793116, 6.283185307179586232 ),
 .UNSPECIFIED. ) 
 CURVE ( )  GEOMETRIC_REPRESENTATION_ITEM ( )  RATIONAL_B_SPLINE_CURVE ( ( 1.000000000000000000, 0.3333333333333333703, 0.3333333333333333703, 1.000000000000000000 ) ) 
 REPRESENTATION_ITEM ( '' )  );
#1928 =( LENGTH_UNIT ( ) NAMED_UNIT ( * ) SI_UNIT ( .MILLI., .METRE. ) );
#1929 = ORIENTED_EDGE ( 'NONE', *, *, #3363, .F. ) ;
#1930 = CARTESIAN_POINT ( 'NONE',  ( 0.000000000000000000, 33.99999999999999289, 87.66419036505570261 ) ) ;
#1931 = EDGE_CURVE ( 'NONE', #3427, #1058, #1551, .T. ) ;
#1932 = ORIENTED_EDGE ( 'NONE', *, *, #725, .F. ) ;
#1933 = CARTESIAN_POINT ( 'NONE',  ( 1.600000000000000089, 28.64500731160145364, 3.126747392738919107 ) ) ;
#1934 = VECTOR ( 'NONE', #1153, 1000.000000000000000 ) ;
#1935 = DIRECTION ( 'NONE',  ( -1.000000000000000000, -0.000000000000000000, -0.000000000000000000 ) ) ;
#1936 = CARTESIAN_POINT ( 'NONE',  ( 1.600000000000000089, 10.55542615334358558, 5.261723950197319866 ) ) ;
#1937 = EDGE_CURVE ( 'NONE', #3801, #370, #169, .T. ) ;
#1938 = DIRECTION ( 'NONE',  ( 0.000000000000000000, 0.000000000000000000, -1.000000000000000000 ) ) ;
#1939 = CARTESIAN_POINT ( 'NONE',  ( 0.000000000000000000, 6.186579155612309588E-17, 2.411723950197328215 ) ) ;
#1940 = ORIENTED_EDGE ( 'NONE', *, *, #2972, .T. ) ;
#1941 = VERTEX_POINT ( 'NONE', #2934 ) ;
#1942 = VERTEX_POINT ( 'NONE', #4309 ) ;
#1943 = DIRECTION ( 'NONE',  ( 0.000000000000000000, 0.000000000000000000, -1.000000000000000000 ) ) ;
#1944 = CYLINDRICAL_SURFACE ( 'NONE', #614, 5.999999999999991118 ) ;
#1945 = AXIS2_PLACEMENT_3D ( 'NONE', #2231, #3607, #127 ) ;
#1946 = DIRECTION ( 'NONE',  ( -1.000000000000000000, -0.000000000000000000, -0.000000000000000000 ) ) ;
#1947 = EDGE_CURVE ( 'NONE', #994, #2502, #2594, .T. ) ;
#1948 = CARTESIAN_POINT ( 'NONE',  ( 1.600000000000000089, 33.97725791936503725, -42.50746896926139584 ) ) ;
#1949 = DIRECTION ( 'NONE',  ( 0.000000000000000000, 0.000000000000000000, -1.000000000000000000 ) ) ;
#1950 = VECTOR ( 'NONE', #600, 1000.000000000000000 ) ;
#1951 = CIRCLE ( 'NONE', #1524, 18.89112077116032751 ) ;
#1952 = VERTEX_POINT ( 'NONE', #3969 ) ;
#1953 = ORIENTED_EDGE ( 'NONE', *, *, #1691, .T. ) ;
#1954 = ADVANCED_FACE ( 'NONE', ( #2249 ), #2527, .T. ) ;
#1955 = CARTESIAN_POINT ( 'NONE',  ( 1.600000000000000089, 6.088077000000002847, 76.13630254679685549 ) ) ;
#1956 = VERTEX_POINT ( 'NONE', #1572 ) ;
#1957 = APPLICATION_CONTEXT ( 'automotive_design' ) ;
#1958 = DIRECTION ( 'NONE',  ( -1.000000000000000000, 0.000000000000000000, 0.000000000000000000 ) ) ;
#1959 = EDGE_CURVE ( 'NONE', #3445, #4351, #2896, .T. ) ;
#1960 = ADVANCED_FACE ( 'NONE', ( #3021 ), #3042, .F. ) ;
#1961 = CIRCLE ( 'NONE', #4277, 18.89112077116032751 ) ;
#1962 = CARTESIAN_POINT ( 'NONE',  ( 34.43031986259653365, 2.268556464719486896E-12, -32.69334415737469612 ) ) ;
#1963 = DIRECTION ( 'NONE',  ( 0.000000000000000000, 0.000000000000000000, 1.000000000000000000 ) ) ;
#1964 = FACE_BOUND ( 'NONE', #1967, .T. ) ;
#1965 = AXIS2_PLACEMENT_3D ( 'NONE', #4073, #1314, #4374 ) ;
#1966 = CARTESIAN_POINT ( 'NONE',  ( 1.600000000000000089, 29.72527329571467547, 31.91172395019731312 ) ) ;
#1967 = EDGE_LOOP ( 'NONE', ( #3397, #1453, #3097, #2553 ) ) ;
#1968 = VERTEX_POINT ( 'NONE', #4397 ) ;
#1969 = COLOUR_RGB ( '',1.000000000000000000, 1.000000000000000000, 1.000000000000000000 ) ;
#1970 = DIRECTION ( 'NONE',  ( 0.000000000000000000, 0.000000000000000000, -1.000000000000000000 ) ) ;
#1971 = AXIS2_PLACEMENT_3D ( 'NONE', #4332, #1555, #2937 ) ;
#1972 = LINE ( 'NONE', #1995, #2051 ) ;
#1973 = DIRECTION ( 'NONE',  ( -1.000000000000000000, -0.000000000000000000, -0.000000000000000000 ) ) ;
#1974 = CARTESIAN_POINT ( 'NONE',  ( 0.000000000000000000, 32.79724476520794241, 38.41172395019731312 ) ) ;
#1975 = DIRECTION ( 'NONE',  ( 0.000000000000000000, 0.000000000000000000, -1.000000000000000000 ) ) ;
#1976 = DIRECTION ( 'NONE',  ( 1.000000000000000000, -0.000000000000000000, -0.000000000000000000 ) ) ;
#1977 = VECTOR ( 'NONE', #1523, 1000.000000000000000 ) ;
#1978 = VERTEX_POINT ( 'NONE', #4100 ) ;
#1979 = ORIENTED_EDGE ( 'NONE', *, *, #238, .T. ) ;
#1980 = EDGE_CURVE ( 'NONE', #4324, #3358, #2346, .T. ) ;
#1981 = EDGE_LOOP ( 'NONE', ( #778, #3153, #3941, #65 ) ) ;
#1982 = AXIS2_PLACEMENT_3D ( 'NONE', #738, #1346, #671 ) ;
#1983 = VECTOR ( 'NONE', #1177, 1000.000000000000000 ) ;
#1984 = DIRECTION ( 'NONE',  ( 1.000000000000000000, 0.000000000000000000, 0.000000000000000000 ) ) ;
#1985 = ORIENTED_EDGE ( 'NONE', *, *, #3254, .F. ) ;
#1986 = LINE ( 'NONE', #3364, #4479 ) ;
#1987 = CARTESIAN_POINT ( 'NONE',  ( 0.000000000000000000, 12.33807700000000196, 44.26130254679684128 ) ) ;
#1988 = LINE ( 'NONE', #3366, #2329 ) ;
#1989 = CARTESIAN_POINT ( 'NONE',  ( 1.600000000000000089, 0.000000000000000000, 19.13559017415981245 ) ) ;
#1990 = VERTEX_POINT ( 'NONE', #264 ) ;
#1991 = AXIS2_PLACEMENT_3D ( 'NONE', #3821, #3458, #2832 ) ;
#1992 = VERTEX_POINT ( 'NONE', #214 ) ;
#1993 = PLANE ( 'NONE',  #326 ) ;
#1994 = VECTOR ( 'NONE', #1455, 1000.000000000000000 ) ;
#1995 = CARTESIAN_POINT ( 'NONE',  ( 34.43031986259653365, -5.084452909610564895E-17, 62.41172395019732733 ) ) ;
#1996 = DIRECTION ( 'NONE',  ( 0.000000000000000000, 0.000000000000000000, 1.000000000000000000 ) ) ;
#1997 = DIRECTION ( 'NONE',  ( 0.000000000000000000, 9.912705577010316921E-17, -1.000000000000000000 ) ) ;
#1998 = CARTESIAN_POINT ( 'NONE',  ( 0.000000000000000000, 40.00000000000000000, 4.428226148730328054E-15 ) ) ;
#1999 = FACE_OUTER_BOUND ( 'NONE', #3640, .T. ) ;
#2000 = VERTEX_POINT ( 'NONE', #2706 ) ;
#2001 = AXIS2_PLACEMENT_3D ( 'NONE', #4414, #1315, #258 ) ;
#2002 = EDGE_CURVE ( 'NONE', #2160, #3246, #936, .T. ) ;
#2003 = ORIENTED_EDGE ( 'NONE', *, *, #3036, .F. ) ;
#2004 = DIRECTION ( 'NONE',  ( -1.000000000000000000, 0.000000000000000000, 0.000000000000000000 ) ) ;
#2005 = ORIENTED_EDGE ( 'NONE', *, *, #1761, .F. ) ;
#2006 = CARTESIAN_POINT ( 'NONE',  ( 1.600000000000000089, 39.99999999999999289, 35.30665584262808210 ) ) ;
#2007 = DIRECTION ( 'NONE',  ( 1.000000000000000000, 0.000000000000000000, 0.000000000000000000 ) ) ;
#2008 = EDGE_CURVE ( 'NONE', #1375, #4264, #4080, .T. ) ;
#2009 = LINE ( 'NONE', #2984, #1027 ) ;
#2010 = DIRECTION ( 'NONE',  ( 0.000000000000000000, 0.8115739819650135134, 0.5842496656374327468 ) ) ;
#2011 = EDGE_LOOP ( 'NONE', ( #3592, #2286, #3618, #3910, #379 ) ) ;
#2012 = ORIENTED_EDGE ( 'NONE', *, *, #1012, .T. ) ;
#2013 = DIRECTION ( 'NONE',  ( -1.000000000000000000, -0.000000000000000000, -0.000000000000000000 ) ) ;
#2014 = DIRECTION ( 'NONE',  ( 0.000000000000000000, 0.000000000000000000, -1.000000000000000000 ) ) ;
#2015 = CARTESIAN_POINT ( 'NONE',  ( 0.000000000000000000, 30.77671948322412376, 78.16291816644130108 ) ) ;
#2016 = LINE ( 'NONE', #724, #2988 ) ;
#2017 = EDGE_CURVE ( 'NONE', #1321, #2503, #4039, .T. ) ;
#2018 = DIRECTION ( 'NONE',  ( 0.000000000000000000, -1.000000000000000000, 0.000000000000000000 ) ) ;
#2019 = CARTESIAN_POINT ( 'NONE',  ( 0.000000000000000000, 9.877821068621924994, -53.61397923772977236 ) ) ;
#2020 = VERTEX_POINT ( 'NONE', #1685 ) ;
#2021 = CARTESIAN_POINT ( 'NONE',  ( 1.600000000000000089, 40.00000000000000711, -37.69334415737180422 ) ) ;
#2022 = ORIENTED_EDGE ( 'NONE', *, *, #1497, .T. ) ;
#2023 = EDGE_CURVE ( 'NONE', #2460, #3302, #239, .T. ) ;
#2024 = CARTESIAN_POINT ( 'NONE',  ( 0.000000000000000000, 4.063077000000003380, 64.51130254679685549 ) ) ;
#2025 = VERTEX_POINT ( 'NONE', #3067 ) ;
#2026 = DIRECTION ( 'NONE',  ( 0.000000000000000000, -1.000000000000000000, -1.355252715606880543E-16 ) ) ;
#2027 = CYLINDRICAL_SURFACE ( 'NONE', #1034, 0.4999999999999865663 ) ;
#2028 = ORIENTED_EDGE ( 'NONE', *, *, #831, .T. ) ;
#2029 = ADVANCED_FACE ( 'NONE', ( #4444 ), #3697, .F. ) ;
#2030 = ORIENTED_EDGE ( 'NONE', *, *, #3997, .T. ) ;
#2031 = DIRECTION ( 'NONE',  ( 0.000000000000000000, -4.336808689942016158E-15, 1.000000000000000000 ) ) ;
#2032 = CARTESIAN_POINT ( 'NONE',  ( 1.600000000000000089, -9.898704378715899416E-16, -38.58827604980267978 ) ) ;
#2033 = LINE ( 'NONE', #1583, #4153 ) ;
#2034 = EDGE_CURVE ( 'NONE', #1708, #3526, #3539, .T. ) ;
#2035 = CARTESIAN_POINT ( 'NONE',  ( 1.599999999999997202, 1.196450753133034008E-13, -27.58827604980266912 ) ) ;
#2036 = ADVANCED_FACE ( 'NONE', ( #2366 ), #3759, .F. ) ;
#2037 = AXIS2_PLACEMENT_3D ( 'NONE', #3896, #3224, #1499 ) ;
#2038 = DIRECTION ( 'NONE',  ( 0.000000000000000000, 1.107056537182581940E-16, -1.000000000000000000 ) ) ;
#2039 = FACE_OUTER_BOUND ( 'NONE', #2950, .T. ) ;
#2040 = EDGE_CURVE ( 'NONE', #3719, #1419, #3508, .T. ) ;
#2041 = VERTEX_POINT ( 'NONE', #2683 ) ;
#2042 = CARTESIAN_POINT ( 'NONE',  ( 0.000000000000000000, 40.00000000000000000, 23.13222947802271889 ) ) ;
#2043 = AXIS2_PLACEMENT_3D ( 'NONE', #4363, #1650, #1303 ) ;
#2044 = ORIENTED_EDGE ( 'NONE', *, *, #2909, .T. ) ;
#2045 = VECTOR ( 'NONE', #1946, 1000.000000000000000 ) ;
#2046 = CARTESIAN_POINT ( 'NONE',  ( 0.000000000000000000, 14.67430735168253975, -25.84286847992993685 ) ) ;
#2047 = VECTOR ( 'NONE', #3521, 1000.000000000000000 ) ;
#2048 = ORIENTED_EDGE ( 'NONE', *, *, #3057, .F. ) ;
#2049 = ORIENTED_EDGE ( 'NONE', *, *, #787, .F. ) ;
#2050 = ORIENTED_EDGE ( 'NONE', *, *, #357, .T. ) ;
#2051 = VECTOR ( 'NONE', #1582, 1000.000000000000000 ) ;
#2052 = LINE ( 'NONE', #716, #4123 ) ;
#2053 = VECTOR ( 'NONE', #1542, 1000.000000000000000 ) ;
#2054 = CARTESIAN_POINT ( 'NONE',  ( 1.600000000000000089, 4.088077000000003736, 67.38630254679685549 ) ) ;
#2055 = ORIENTED_EDGE ( 'NONE', *, *, #432, .F. ) ;
#2056 = EDGE_LOOP ( 'NONE', ( #1560, #1457, #3207, #934 ) ) ;
#2057 = DIRECTION ( 'NONE',  ( -1.000000000000000000, -0.000000000000000000, -0.000000000000000000 ) ) ;
#2058 = CARTESIAN_POINT ( 'NONE',  ( 0.000000000000000000, 32.79724476520794241, 26.98672395019731951 ) ) ;
#2059 = DIRECTION ( 'NONE',  ( 0.000000000000000000, 0.000000000000000000, -1.000000000000000000 ) ) ;
#2060 = CARTESIAN_POINT ( 'NONE',  ( 0.000000000000000000, 18.39587551655130682, 0.000000000000000000 ) ) ;
#2061 = CARTESIAN_POINT ( 'NONE',  ( 1.600000000000000089, 4.063077000000003380, 63.26130254679684839 ) ) ;
#2062 = CARTESIAN_POINT ( 'NONE',  ( 0.000000000000000000, 30.22328051677647309, 71.83708183355868471 ) ) ;
#2063 = ADVANCED_FACE ( 'NONE', ( #3740 ), #2300, .F. ) ;
#2064 = ORIENTED_EDGE ( 'NONE', *, *, #4466, .F. ) ;
#2065 = LINE ( 'NONE', #2021, #3124 ) ;
#2066 = ORIENTED_EDGE ( 'NONE', *, *, #563, .T. ) ;
#2067 = CARTESIAN_POINT ( 'NONE',  ( 0.000000000000000000, -1.599999999999999645, -35.58827604980267978 ) ) ;
#2068 = ORIENTED_EDGE ( 'NONE', *, *, #2666, .F. ) ;
#2069 = VERTEX_POINT ( 'NONE', #1621 ) ;
#2070 = VERTEX_POINT ( 'NONE', #573 ) ;
#2071 = ADVANCED_FACE ( 'NONE', ( #3001 ), #620, .F. ) ;
#2072 = CARTESIAN_POINT ( 'NONE',  ( 0.000000000000000000, 6.113077000000001426, 64.51130254679685549 ) ) ;
#2073 = DIRECTION ( 'NONE',  ( -1.000000000000000000, -0.000000000000000000, -0.000000000000000000 ) ) ;
#2074 = EDGE_CURVE ( 'NONE', #2503, #2927, #2974, .T. ) ;
#2075 = PLANE ( 'NONE',  #2415 ) ;
#2076 = VERTEX_POINT ( 'NONE', #1254 ) ;
#2077 = ORIENTED_EDGE ( 'NONE', *, *, #4025, .F. ) ;
#2078 = DIRECTION ( 'NONE',  ( -1.000000000000000000, -0.000000000000000000, -0.000000000000000000 ) ) ;
#2079 = ADVANCED_FACE ( 'NONE', ( #1278 ), #1706, .F. ) ;
#2080 = DIRECTION ( 'NONE',  ( 0.000000000000000000, 0.000000000000000000, -1.000000000000000000 ) ) ;
#2081 = DIRECTION ( 'NONE',  ( 0.000000000000000000, -0.1882073904574400047, -0.9821293082772760696 ) ) ;
#2082 = CARTESIAN_POINT ( 'NONE',  ( 1.600000000000000089, 32.79724476520794241, 25.41172395019731312 ) ) ;
#2083 = CIRCLE ( 'NONE', #4463, 3.175000000000025135 ) ;
#2084 = ORIENTED_EDGE ( 'NONE', *, *, #2566, .T. ) ;
#2085 = CARTESIAN_POINT ( 'NONE',  ( 1.600000000000000089, 11.84999999999999964, 76.63166357475853374 ) ) ;
#2086 = DIRECTION ( 'NONE',  ( 0.000000000000000000, 0.7953493139644383092, 0.6061513579761225179 ) ) ;
#2087 = VECTOR ( 'NONE', #2185, 1000.000000000000000 ) ;
#2088 = EDGE_CURVE ( 'NONE', #1433, #3453, #689, .T. ) ;
#2089 = ORIENTED_EDGE ( 'NONE', *, *, #2767, .T. ) ;
#2090 = PLANE ( 'NONE',  #2212 ) ;
#2091 = ORIENTED_EDGE ( 'NONE', *, *, #3593, .F. ) ;
#2092 = ORIENTED_EDGE ( 'NONE', *, *, #3064, .F. ) ;
#2093 = EDGE_LOOP ( 'NONE', ( #4038, #43, #271, #2363 ) ) ;
#2094 = EDGE_CURVE ( 'NONE', #57, #2070, #1772, .T. ) ;
#2095 = DIRECTION ( 'NONE',  ( 0.000000000000000000, 0.000000000000000000, -1.000000000000000000 ) ) ;
#2096 = DIRECTION ( 'NONE',  ( 1.000000000000000000, -0.000000000000000000, -0.000000000000000000 ) ) ;
#2097 = EDGE_CURVE ( 'NONE', #1433, #4177, #2817, .T. ) ;
#2098 = PLANE ( 'NONE',  #466 ) ;
#2099 = EDGE_CURVE ( 'NONE', #282, #2811, #4190, .T. ) ;
#2100 = VERTEX_POINT ( 'NONE', #2410 ) ;
#2101 = ORIENTED_EDGE ( 'NONE', *, *, #260, .F. ) ;
#2102 = CARTESIAN_POINT ( 'NONE',  ( 34.43031986259653365, 41.60000000000000853, -24.69334415737180422 ) ) ;
#2103 = DIRECTION ( 'NONE',  ( 0.000000000000000000, -0.08715574274765972018, -0.9961946980917454342 ) ) ;
#2104 = PLANE ( 'NONE',  #3722 ) ;
#2105 = DIRECTION ( 'NONE',  ( 1.000000000000000000, 0.000000000000000000, -0.000000000000000000 ) ) ;
#2106 = EDGE_LOOP ( 'NONE', ( #4149, #1126, #607, #2772 ) ) ;
#2107 = LINE ( 'NONE', #4185, #171 ) ;
#2108 = DIRECTION ( 'NONE',  ( 0.000000000000000000, 0.000000000000000000, 1.000000000000000000 ) ) ;
#2109 = VECTOR ( 'NONE', #1659, 1000.000000000000000 ) ;
#2110 = VERTEX_POINT ( 'NONE', #2842 ) ;
#2111 = ORIENTED_EDGE ( 'NONE', *, *, #3864, .F. ) ;
#2112 = DIRECTION ( 'NONE',  ( -1.000000000000000000, -0.000000000000000000, -0.000000000000000000 ) ) ;
#2113 = PRODUCT_DEFINITION_FORMATION_WITH_SPECIFIED_SOURCE ( 'ÈÎºÎ', '', #1653, .NOT_KNOWN. ) ;
#2114 = ORIENTED_EDGE ( 'NONE', *, *, #2138, .F. ) ;
#2115 = EDGE_LOOP ( 'NONE', ( #756, #2413, #729, #1713 ) ) ;
#2116 = EDGE_CURVE ( 'NONE', #1349, #2069, #3807, .T. ) ;
#2117 = VECTOR ( 'NONE', #2929, 1000.000000000000000 ) ;
#2118 = CARTESIAN_POINT ( 'NONE',  ( 0.000000000000000000, 30.50000000000030198, 62.50000000000000000 ) ) ;
#2119 = EDGE_CURVE ( 'NONE', #2913, #2811, #1049, .T. ) ;
#2120 = DIRECTION ( 'NONE',  ( 0.000000000000000000, -0.1442648929979765127, 0.9895391051637536517 ) ) ;
#2121 = VECTOR ( 'NONE', #4340, 1000.000000000000000 ) ;
#2122 = DIRECTION ( 'NONE',  ( 0.000000000000000000, 1.000000000000000000, 6.938893903907240999E-14 ) ) ;
#2123 = VERTEX_POINT ( 'NONE', #2797 ) ;
#2124 = VECTOR ( 'NONE', #2018, 1000.000000000000000 ) ;
#2125 = ORIENTED_EDGE ( 'NONE', *, *, #4051, .T. ) ;
#2126 = CARTESIAN_POINT ( 'NONE',  ( 0.000000000000000000, 32.35499268839915032, -17.02674739273891191 ) ) ;
#2127 = DIRECTION ( 'NONE',  ( 0.000000000000000000, 1.000000000000000000, 6.938893903907240999E-14 ) ) ;
#2128 = DIRECTION ( 'NONE',  ( 0.000000000000000000, 0.000000000000000000, 1.000000000000000000 ) ) ;
#2129 = DIRECTION ( 'NONE',  ( -1.000000000000000000, -0.000000000000000000, -0.000000000000000000 ) ) ;
#2130 = VECTOR ( 'NONE', #381, 1000.000000000000227 ) ;
#2131 =( BOUNDED_CURVE ( )  B_SPLINE_CURVE ( 3, ( #1282, #578, #220, #2921 ),
 .UNSPECIFIED., .F., .T. ) 
 B_SPLINE_CURVE_WITH_KNOTS ( ( 4, 4 ),
 ( 3.141592653589793116, 6.283185307179586232 ),
 .UNSPECIFIED. ) 
 CURVE ( )  GEOMETRIC_REPRESENTATION_ITEM ( )  RATIONAL_B_SPLINE_CURVE ( ( 1.000000000000000000, 0.3333333333333333703, 0.3333333333333333703, 1.000000000000000000 ) ) 
 REPRESENTATION_ITEM ( '' )  );
#2132 = ORIENTED_EDGE ( 'NONE', *, *, #4033, .T. ) ;
#2133 = CARTESIAN_POINT ( 'NONE',  ( 1.600000000000000089, -9.129141284012695650E-16, -35.58827604980267978 ) ) ;
#2134 = CARTESIAN_POINT ( 'NONE',  ( 1.600000000000000089, 16.39587551655130682, 20.38222947802271889 ) ) ;
#2135 = VERTEX_POINT ( 'NONE', #55 ) ;
#2136 = ORIENTED_EDGE ( 'NONE', *, *, #1008, .T. ) ;
#2137 = FACE_OUTER_BOUND ( 'NONE', #2145, .T. ) ;
#2138 = EDGE_CURVE ( 'NONE', #2490, #553, #1796, .T. ) ;
#2139 = ORIENTED_EDGE ( 'NONE', *, *, #606, .F. ) ;
#2140 = ORIENTED_EDGE ( 'NONE', *, *, #4165, .F. ) ;
#2141 = EDGE_LOOP ( 'NONE', ( #2114, #259, #3879, #2022 ) ) ;
#2142 = VECTOR ( 'NONE', #482, 1000.000000000000000 ) ;
#2143 = FACE_OUTER_BOUND ( 'NONE', #501, .T. ) ;
#2144 = DIRECTION ( 'NONE',  ( 0.000000000000000000, 0.000000000000000000, -1.000000000000000000 ) ) ;
#2145 = EDGE_LOOP ( 'NONE', ( #2380, #1412, #371, #464 ) ) ;
#2146 = CIRCLE ( 'NONE', #2001, 12.52488699960072083 ) ;
#2147 = LINE ( 'NONE', #3523, #1838 ) ;
#2148 = VERTEX_POINT ( 'NONE', #3853 ) ;
#2149 = EDGE_CURVE ( 'NONE', #2818, #3163, #1069, .T. ) ;
#2150 = ORIENTED_EDGE ( 'NONE', *, *, #185, .F. ) ;
#2151 = DIRECTION ( 'NONE',  ( 1.000000000000000000, 0.000000000000000000, 0.000000000000000000 ) ) ;
#2152 = PLANE ( 'NONE',  #3310 ) ;
#2153 = FACE_OUTER_BOUND ( 'NONE', #2584, .T. ) ;
#2154 = CARTESIAN_POINT ( 'NONE',  ( 1.600000000000000089, 5.088077000000002847, 81.28630254679686118 ) ) ;
#2155 = PLANE ( 'NONE',  #1459 ) ;
#2156 = ORIENTED_EDGE ( 'NONE', *, *, #4085, .F. ) ;
#2157 = CARTESIAN_POINT ( 'NONE',  ( 0.000000000000000000, 16.52930004008138809, -28.41961587266884948 ) ) ;
#2158 = CARTESIAN_POINT ( 'NONE',  ( 1.600000000000000089, 31.87818812500693610, -39.36345762753823863 ) ) ;
#2159 = ADVANCED_FACE ( 'NONE', ( #2137 ), #2090, .T. ) ;
#2160 = VERTEX_POINT ( 'NONE', #2067 ) ;
#2161 = VERTEX_POINT ( 'NONE', #3516 ) ;
#2162 = DIRECTION ( 'NONE',  ( -1.000000000000000000, 0.000000000000000000, 0.000000000000000000 ) ) ;
#2163 = ORIENTED_EDGE ( 'NONE', *, *, #2813, .T. ) ;
#2164 = EDGE_LOOP ( 'NONE', ( #3269, #542, #1547, #3157 ) ) ;
#2165 = DIRECTION ( 'NONE',  ( 1.000000000000000000, -0.000000000000000000, -0.000000000000000000 ) ) ;
#2166 = PLANE ( 'NONE',  #3556 ) ;
#2167 = ORIENTED_EDGE ( 'NONE', *, *, #2645, .F. ) ;
#2168 = AXIS2_PLACEMENT_3D ( 'NONE', #3906, #470, #508 ) ;
#2169 = FACE_OUTER_BOUND ( 'NONE', #860, .T. ) ;
#2170 = ORIENTED_EDGE ( 'NONE', *, *, #3370, .T. ) ;
#2171 = CARTESIAN_POINT ( 'NONE',  ( 1.600000000000000089, 6.113077000000001426, 80.26130254679686971 ) ) ;
#2172 = VECTOR ( 'NONE', #2936, 1000.000000000000000 ) ;
#2173 = AXIS2_PLACEMENT_3D ( 'NONE', #2355, #2311, #1635 ) ;
#2174 = CARTESIAN_POINT ( 'NONE',  ( 1.600000000000000089, 9.877821068621924994, -53.61397923772977236 ) ) ;
#2175 = DIRECTION ( 'NONE',  ( 1.000000000000000000, -0.000000000000000000, 0.000000000000000000 ) ) ;
#2176 = PLANE ( 'NONE',  #188 ) ;
#2177 = EDGE_CURVE ( 'NONE', #1926, #1741, #4302, .T. ) ;
#2178 = CARTESIAN_POINT ( 'NONE',  ( 1.600000000000000089, 17.80378335755217378, 92.90611485113865342 ) ) ;
#2179 = ORIENTED_EDGE ( 'NONE', *, *, #1101, .F. ) ;
#2180 = DIRECTION ( 'NONE',  ( 1.000000000000000000, 0.000000000000000000, 0.000000000000000000 ) ) ;
#2181 = LINE ( 'NONE', #845, #2117 ) ;
#2182 = AXIS2_PLACEMENT_3D ( 'NONE', #3813, #333, #1711 ) ;
#2183 = EDGE_CURVE ( 'NONE', #3476, #4088, #3444, .T. ) ;
#2184 = EDGE_LOOP ( 'NONE', ( #394, #3181, #4146, #4379 ) ) ;
#2185 = DIRECTION ( 'NONE',  ( 0.000000000000000000, -1.000000000000000000, -6.938893903907240999E-14 ) ) ;
#2186 = ORIENTED_EDGE ( 'NONE', *, *, #1710, .T. ) ;
#2187 = VECTOR ( 'NONE', #1862, 1000.000000000000000 ) ;
#2188 =( GEOMETRIC_REPRESENTATION_CONTEXT ( 3 ) GLOBAL_UNCERTAINTY_ASSIGNED_CONTEXT ( ( #3127 ) ) GLOBAL_UNIT_ASSIGNED_CONTEXT ( ( #4428, #1327, #2691 ) ) REPRESENTATION_CONTEXT ( 'NONE', 'WORKASPACE' ) );
#2189 = AXIS2_PLACEMENT_3D ( 'NONE', #2195, #133, #2256 ) ;
#2190 = DIRECTION ( 'NONE',  ( 1.000000000000000000, -0.000000000000000000, 0.000000000000000000 ) ) ;
#2191 = CARTESIAN_POINT ( 'NONE',  ( 1.600000000000000089, 32.35499268839915032, -17.02674739273891191 ) ) ;
#2192 = VERTEX_POINT ( 'NONE', #3180 ) ;
#2193 = CARTESIAN_POINT ( 'NONE',  ( 1.600000000000000089, 20.80675116490827392, -47.55561542117985141 ) ) ;
#2194 = ORIENTED_EDGE ( 'NONE', *, *, #2208, .F. ) ;
#2195 = CARTESIAN_POINT ( 'NONE',  ( 1.600000000000000089, 16.39587551655130682, 0.000000000000000000 ) ) ;
#2196 = AXIS2_PLACEMENT_3D ( 'NONE', #3327, #2587, #255 ) ;
#2197 = DIRECTION ( 'NONE',  ( -1.000000000000000000, -0.000000000000000000, -0.000000000000000000 ) ) ;
#2198 = DIRECTION ( 'NONE',  ( 0.000000000000000000, 0.000000000000000000, -1.000000000000000000 ) ) ;
#2199 = EDGE_CURVE ( 'NONE', #3509, #3028, #2792, .T. ) ;
#2200 = FACE_OUTER_BOUND ( 'NONE', #2310, .T. ) ;
#2201 = DIRECTION ( 'NONE',  ( -1.000000000000000000, -0.000000000000000000, -0.000000000000000000 ) ) ;
#2202 = VECTOR ( 'NONE', #2803, 1000.000000000000000 ) ;
#2203 = VECTOR ( 'NONE', #3434, 1000.000000000000000 ) ;
#2204 = ORIENTED_EDGE ( 'NONE', *, *, #3389, .F. ) ;
#2205 = CARTESIAN_POINT ( 'NONE',  ( 0.000000000000000000, -8.015439349594770006E-13, 92.41172395019732733 ) ) ;
#2206 = CARTESIAN_POINT ( 'NONE',  ( 1.600000000000000089, 6.186579155612309588E-17, 2.411723950197328215 ) ) ;
#2207 = ORIENTED_EDGE ( 'NONE', *, *, #4443, .T. ) ;
#2208 = EDGE_CURVE ( 'NONE', #3978, #4450, #3424, .T. ) ;
#2209 = DIRECTION ( 'NONE',  ( 0.000000000000000000, 0.000000000000000000, -1.000000000000000000 ) ) ;
#2210 = ORIENTED_EDGE ( 'NONE', *, *, #1227, .T. ) ;
#2211 = AXIS2_PLACEMENT_3D ( 'NONE', #1061, #3411, #2128 ) ;
#2212 = AXIS2_PLACEMENT_3D ( 'NONE', #369, #1118, #5 ) ;
#2213 = DIRECTION ( 'NONE',  ( 0.000000000000000000, 2.565210315677348556E-17, 1.000000000000000000 ) ) ;
#2214 = LINE ( 'NONE', #3234, #586 ) ;
#2215 = ORIENTED_EDGE ( 'NONE', *, *, #3867, .T. ) ;
#2216 = DIRECTION ( 'NONE',  ( 0.000000000000000000, -2.565210315677348556E-17, -1.000000000000000000 ) ) ;
#2217 = EDGE_CURVE ( 'NONE', #754, #2276, #998, .T. ) ;
#2218 = CARTESIAN_POINT ( 'NONE',  ( 1.600000000000000089, 5.088077000000002847, 79.01130254679686971 ) ) ;
#2219 = FACE_OUTER_BOUND ( 'NONE', #1727, .T. ) ;
#2220 = FACE_BOUND ( 'NONE', #2964, .T. ) ;
#2221 = CARTESIAN_POINT ( 'NONE',  ( 34.43031986259653365, 39.99999999999980105, -2.693344157371921455 ) ) ;
#2222 = CARTESIAN_POINT ( 'NONE',  ( 1.600000000000000089, 0.000000000000000000, 0.000000000000000000 ) ) ;
#2223 = EDGE_CURVE ( 'NONE', #1605, #1978, #32, .T. ) ;
#2224 = ORIENTED_EDGE ( 'NONE', *, *, #2804, .T. ) ;
#2225 = DIRECTION ( 'NONE',  ( -1.000000000000000000, -0.000000000000000000, -0.000000000000000000 ) ) ;
#2226 = CARTESIAN_POINT ( 'NONE',  ( 1.600000000000000089, 6.088077000000003736, 66.88630254679686971 ) ) ;
#2227 = PLANE ( 'NONE',  #4399 ) ;
#2228 = EDGE_LOOP ( 'NONE', ( #1539, #3065, #1452, #2659, #3707 ) ) ;
#2229 = VERTEX_POINT ( 'NONE', #328 ) ;
#2230 = EDGE_CURVE ( 'NONE', #3514, #3251, #3829, .T. ) ;
#2231 = CARTESIAN_POINT ( 'NONE',  ( 1.600000000000000089, 0.000000000000000000, -53.61397923772977236 ) ) ;
#2232 = ORIENTED_EDGE ( 'NONE', *, *, #2099, .T. ) ;
#2233 = CARTESIAN_POINT ( 'NONE',  ( 0.000000000000000000, 28.64500731160176272, -11.87325260726107956 ) ) ;
#2234 = EDGE_CURVE ( 'NONE', #3522, #2331, #2672, .T. ) ;
#2235 = EDGE_CURVE ( 'NONE', #2913, #81, #3903, .T. ) ;
#2236 = CARTESIAN_POINT ( 'NONE',  ( 0.000000000000000000, -0.000000000000000000, 0.000000000000000000 ) ) ;
#2237 = DIRECTION ( 'NONE',  ( 1.000000000000000000, 0.000000000000000000, 0.000000000000000000 ) ) ;
#2238 = DIRECTION ( 'NONE',  ( 1.000000000000000000, -0.000000000000000000, -0.000000000000000000 ) ) ;
#2239 = CARTESIAN_POINT ( 'NONE',  ( 0.000000000000000000, 33.99999999999999289, 87.66419036505570261 ) ) ;
#2240 = CARTESIAN_POINT ( 'NONE',  ( 1.600000000000000089, 6.113077000000001426, 63.26130254679684839 ) ) ;
#2241 = ORIENTED_EDGE ( 'NONE', *, *, #2813, .F. ) ;
#2242 = ORIENTED_EDGE ( 'NONE', *, *, #1744, .T. ) ;
#2243 = DIRECTION ( 'NONE',  ( 0.000000000000000000, 0.000000000000000000, -1.000000000000000000 ) ) ;
#2244 = CARTESIAN_POINT ( 'NONE',  ( 1.599999999999997202, -1.599999999999999645, -35.58827604980267978 ) ) ;
#2245 = CARTESIAN_POINT ( 'NONE',  ( 1.600000000000000089, 33.99999999999999289, 87.66419036505570261 ) ) ;
#2246 = ORIENTED_EDGE ( 'NONE', *, *, #1980, .T. ) ;
#2247 =( BOUNDED_SURFACE ( )  B_SPLINE_SURFACE ( 3, 1, ( 
 ( #3958, #1874 ),
 ( #1198, #2582 ),
 ( #3580, #792 ),
 ( #154, #1537 ) ),
 .UNSPECIFIED., .F., .F., .T. ) 
 B_SPLINE_SURFACE_WITH_KNOTS ( ( 4, 4 ),
 ( 2, 2 ),
 ( 0.000000000000000000, 1.000000000000000000 ),
 ( 0.000000000000000000, 1.000000000000000000 ),
 .UNSPECIFIED. ) 
 GEOMETRIC_REPRESENTATION_ITEM ( )  RATIONAL_B_SPLINE_SURFACE ( (
 ( 1.000000000000000000, 1.000000000000000000),
 ( 0.3333333333333333703, 0.3333333333333333703),
 ( 0.3333333333333333703, 0.3333333333333333703),
 ( 1.000000000000000000, 1.000000000000000000) ) ) 
 REPRESENTATION_ITEM ( '' )  SURFACE ( )  );
#2248 = ORIENTED_EDGE ( 'NONE', *, *, #2017, .T. ) ;
#2249 = FACE_OUTER_BOUND ( 'NONE', #1119, .T. ) ;
#2250 = EDGE_CURVE ( 'NONE', #1067, #3557, #714, .T. ) ;
#2251 = ORIENTED_EDGE ( 'NONE', *, *, #1164, .T. ) ;
#2252 = CARTESIAN_POINT ( 'NONE',  ( 1.600000000000000089, 32.35499268839915032, -17.02674739273891191 ) ) ;
#2253 = AXIS2_PLACEMENT_3D ( 'NONE', #3345, #2285, #3658 ) ;
#2254 = AXIS2_PLACEMENT_3D ( 'NONE', #2807, #2078, #1760 ) ;
#2255 = EDGE_CURVE ( 'NONE', #1708, #3796, #523, .T. ) ;
#2256 = DIRECTION ( 'NONE',  ( 0.000000000000000000, -0.000000000000000000, 1.000000000000000000 ) ) ;
#2257 = EDGE_CURVE ( 'NONE', #852, #4324, #1819, .T. ) ;
#2258 = DIRECTION ( 'NONE',  ( -0.000000000000000000, 0.9961946980917454342, -0.08715574274765972018 ) ) ;
#2259 = LINE ( 'NONE', #3277, #4216 ) ;
#2260 = DIRECTION ( 'NONE',  ( 0.000000000000000000, 0.000000000000000000, -1.000000000000000000 ) ) ;
#2261 = DIRECTION ( 'NONE',  ( 0.000000000000000000, 0.000000000000000000, 1.000000000000000000 ) ) ;
#2262 = VECTOR ( 'NONE', #3046, 1000.000000000000000 ) ;
#2263 = EDGE_LOOP ( 'NONE', ( #3500, #85, #2167, #1264 ) ) ;
#2264 = EDGE_CURVE ( 'NONE', #913, #3514, #2546, .T. ) ;
#2265 = VECTOR ( 'NONE', #3944, 1000.000000000000000 ) ;
#2266 = ORIENTED_EDGE ( 'NONE', *, *, #1448, .T. ) ;
#2267 = AXIS2_PLACEMENT_3D ( 'NONE', #3473, #2120, #2443 ) ;
#2268 = CARTESIAN_POINT ( 'NONE',  ( 0.000000000000000000, 12.12671948322382498, 67.29458174119983482 ) ) ;
#2269 = DIRECTION ( 'NONE',  ( 0.000000000000000000, 0.08715574274765972018, 0.9961946980917454342 ) ) ;
#2270 = EDGE_CURVE ( 'NONE', #2585, #1860, #1546, .T. ) ;
#2271 = VECTOR ( 'NONE', #2928, 1000.000000000000000 ) ;
#2272 = FACE_OUTER_BOUND ( 'NONE', #3380, .T. ) ;
#2273 = CARTESIAN_POINT ( 'NONE',  ( 0.000000000000000000, 11.84999999999999964, 76.63166357475853374 ) ) ;
#2274 = ORIENTED_EDGE ( 'NONE', *, *, #3486, .F. ) ;
#2275 = VECTOR ( 'NONE', #2418, 1000.000000000000000 ) ;
#2276 = VERTEX_POINT ( 'NONE', #2931 ) ;
#2277 = ADVANCED_FACE ( 'NONE', ( #848 ), #3947, .F. ) ;
#2278 = VECTOR ( 'NONE', #428, 1000.000000000000114 ) ;
#2279 = FACE_OUTER_BOUND ( 'NONE', #478, .T. ) ;
#2280 = EDGE_LOOP ( 'NONE', ( #75, #2322, #97, #3041 ) ) ;
#2281 = CARTESIAN_POINT ( 'NONE',  ( 1.600000000000000089, 4.063077000000003380, 79.01130254679686971 ) ) ;
#2282 = LINE ( 'NONE', #3742, #1626 ) ;
#2283 = CARTESIAN_POINT ( 'NONE',  ( 0.000000000000000000, 40.00000000000000000, 4.428226148730328054E-15 ) ) ;
#2284 = DIRECTION ( 'NONE',  ( -0.000000000000000000, 1.000000000000000000, 0.000000000000000000 ) ) ;
#2285 = DIRECTION ( 'NONE',  ( 0.000000000000000000, 0.5842496656374325248, -0.8115739819650136244 ) ) ;
#2286 = ORIENTED_EDGE ( 'NONE', *, *, #4335, .T. ) ;
#2287 = ADVANCED_FACE ( 'NONE', ( #3250 ), #3983, .F. ) ;
#2288 = CIRCLE ( 'NONE', #334, 3.175000000000011369 ) ;
#2289 = VERTEX_POINT ( 'NONE', #3965 ) ;
#2290 = ORIENTED_EDGE ( 'NONE', *, *, #4247, .F. ) ;
#2291 = DIRECTION ( 'NONE',  ( 0.000000000000000000, 0.000000000000000000, -1.000000000000000000 ) ) ;
#2292 = CARTESIAN_POINT ( 'NONE',  ( 0.000000000000000000, 30.22328051677647309, 59.33708183355869181 ) ) ;
#2293 = CARTESIAN_POINT ( 'NONE',  ( 1.599999999999997202, 41.59999999999937614, 0.000000000000000000 ) ) ;
#2294 = CARTESIAN_POINT ( 'NONE',  ( 0.000000000000000000, 16.52930004008138809, -28.41961587266884948 ) ) ;
#2295 = DIRECTION ( 'NONE',  ( -1.000000000000000000, -0.000000000000000000, -0.000000000000000000 ) ) ;
#2296 = EDGE_LOOP ( 'NONE', ( #1724, #4442, #1402, #903 ) ) ;
#2297 = EDGE_CURVE ( 'NONE', #2799, #1117, #3674, .T. ) ;
#2298 = SURFACE_STYLE_FILL_AREA ( #1662 ) ;
#2299 = ORIENTED_EDGE ( 'NONE', *, *, #2952, .F. ) ;
#2300 = CYLINDRICAL_SURFACE ( 'NONE', #1052, 3.175000000000000711 ) ;
#2301 = EDGE_LOOP ( 'NONE', ( #1200, #1181, #4183, #4004 ) ) ;
#2302 = PLANE ( 'NONE',  #2747 ) ;
#2303 = VECTOR ( 'NONE', #2197, 1000.000000000000000 ) ;
#2304 = LINE ( 'NONE', #3365, #2422 ) ;
#2305 = CARTESIAN_POINT ( 'NONE',  ( 1.600000000000000089, 5.088077000000002847, 80.26130254679686971 ) ) ;
#2306 = FACE_BOUND ( 'NONE', #2011, .T. ) ;
#2307 = DIRECTION ( 'NONE',  ( 0.000000000000000000, -0.7811261647642349093, -0.6243732174915235245 ) ) ;
#2308 = VERTEX_POINT ( 'NONE', #4243 ) ;
#2309 = AXIS2_PLACEMENT_3D ( 'NONE', #1206, #2589, #1847 ) ;
#2310 = EDGE_LOOP ( 'NONE', ( #2274, #3401, #2385, #3359 ) ) ;
#2311 = DIRECTION ( 'NONE',  ( 0.000000000000000000, -1.000000000000000000, -1.107056537182581940E-16 ) ) ;
#2312 = CARTESIAN_POINT ( 'NONE',  ( 1.600000000000000089, 32.50029082216772736, -37.39179683649661712 ) ) ;
#2313 = ADVANCED_FACE ( 'NONE', ( #2868 ), #1224, .F. ) ;
#2314 = LINE ( 'NONE', #971, #836 ) ;
#2315 = VECTOR ( 'NONE', #1487, 1000.000000000000000 ) ;
#2316 = LINE ( 'NONE', #2656, #1470 ) ;
#2317 = CYLINDRICAL_SURFACE ( 'NONE', #2474, 15.39112077116033817 ) ;
#2318 = CARTESIAN_POINT ( 'NONE',  ( 0.000000000000000000, 41.59999999999958931, 0.000000000000000000 ) ) ;
#2319 = VERTEX_POINT ( 'NONE', #1166 ) ;
#2320 = ORIENTED_EDGE ( 'NONE', *, *, #2097, .F. ) ;
#2321 = EDGE_CURVE ( 'NONE', #2806, #2927, #4323, .T. ) ;
#2322 = ORIENTED_EDGE ( 'NONE', *, *, #2852, .F. ) ;
#2323 = CARTESIAN_POINT ( 'NONE',  ( 1.600000000000000089, 14.50000040439469551, 19.13559017415981245 ) ) ;
#2324 = EDGE_LOOP ( 'NONE', ( #3441, #1897, #785, #3337 ) ) ;
#2325 = DIRECTION ( 'NONE',  ( -1.000000000000000000, -0.000000000000000000, -0.000000000000000000 ) ) ;
#2326 = CARTESIAN_POINT ( 'NONE',  ( 0.000000000000000000, 30.50000000000030198, 75.00000000000000000 ) ) ;
#2327 = CYLINDRICAL_SURFACE ( 'NONE', #1620, 3.175000000000011369 ) ;
#2328 = CARTESIAN_POINT ( 'NONE',  ( 34.43031986259653365, 0.000000000000000000, 84.41172395019731312 ) ) ;
#2329 = VECTOR ( 'NONE', #4403, 1000.000000000000227 ) ;
#2330 = CARTESIAN_POINT ( 'NONE',  ( 1.600000000000000089, 32.79724476520794241, 26.98672395019731951 ) ) ;
#2331 = VERTEX_POINT ( 'NONE', #3621 ) ;
#2332 = ORIENTED_EDGE ( 'NONE', *, *, #1347, .F. ) ;
#2333 = VECTOR ( 'NONE', #1199, 1000.000000000000000 ) ;
#2334 = PLANE ( 'NONE',  #3501 ) ;
#2335 = EDGE_CURVE ( 'NONE', #1321, #2806, #1903, .T. ) ;
#2336 = CARTESIAN_POINT ( 'NONE',  ( 1.600000000000000089, 33.67540399075452484, 89.89065335167411774 ) ) ;
#2337 = LINE ( 'NONE', #1310, #1769 ) ;
#2338 = LINE ( 'NONE', #3712, #3993 ) ;
#2339 = DIRECTION ( 'NONE',  ( -1.000000000000000000, 0.000000000000000000, -0.000000000000000000 ) ) ;
#2340 = CARTESIAN_POINT ( 'NONE',  ( 1.599999999999997202, 41.99999999999939604, 85.35898640104718993 ) ) ;
#2341 = EDGE_LOOP ( 'NONE', ( #3166, #739, #1552, #4461 ) ) ;
#2342 = AXIS2_PLACEMENT_3D ( 'NONE', #2312, #1637, #3284 ) ;
#2343 = ADVANCED_FACE ( 'NONE', ( #2609 ), #2227, .F. ) ;
#2344 = VERTEX_POINT ( 'NONE', #125 ) ;
#2345 = CIRCLE ( 'NONE', #2635, 0.4999999999999865663 ) ;
#2346 = LINE ( 'NONE', #2323, #1728 ) ;
#2347 = VERTEX_POINT ( 'NONE', #3206 ) ;
#2348 = CARTESIAN_POINT ( 'NONE',  ( 1.600000000000000089, 4.088077000000002847, 76.13630254679685549 ) ) ;
#2349 = DIRECTION ( 'NONE',  ( 0.000000000000000000, -0.8661031555185894071, 0.4998653058582302466 ) ) ;
#2350 = LINE ( 'NONE', #3386, #2262 ) ;
#2351 = EDGE_CURVE ( 'NONE', #1821, #2135, #828, .T. ) ;
#2352 = LINE ( 'NONE', #985, #378 ) ;
#2353 = ORIENTED_EDGE ( 'NONE', *, *, #2119, .T. ) ;
#2354 = EDGE_LOOP ( 'NONE', ( #2643, #4215, #2498, #4057 ) ) ;
#2355 = CARTESIAN_POINT ( 'NONE',  ( 1.600000000000000089, 40.00000000000000000, 4.428226148730328054E-15 ) ) ;
#2356 = VECTOR ( 'NONE', #2112, 1000.000000000000000 ) ;
#2357 = DIRECTION ( 'NONE',  ( 1.000000000000000000, -0.000000000000000000, -0.000000000000000000 ) ) ;
#2358 = LINE ( 'NONE', #3732, #1192 ) ;
#2359 = LINE ( 'NONE', #2035, #3196 ) ;
#2360 = EDGE_CURVE ( 'NONE', #4279, #3186, #930, .T. ) ;
#2361 = PLANE ( 'NONE',  #1173 ) ;
#2362 = DIRECTION ( 'NONE',  ( 0.000000000000000000, -2.565210315677348556E-17, -1.000000000000000000 ) ) ;
#2363 = ORIENTED_EDGE ( 'NONE', *, *, #2097, .T. ) ;
#2364 = VECTOR ( 'NONE', #2701, 1000.000000000000000 ) ;
#2365 = VERTEX_POINT ( 'NONE', #4032 ) ;
#2366 = FACE_OUTER_BOUND ( 'NONE', #2301, .T. ) ;
#2367 = ORIENTED_EDGE ( 'NONE', *, *, #2875, .F. ) ;
#2368 = EDGE_CURVE ( 'NONE', #3547, #2777, #974, .T. ) ;
#2369 = DIRECTION ( 'NONE',  ( -0.000000000000000000, 0.4998653058582302466, 0.8661031555185894071 ) ) ;
#2370 = DIRECTION ( 'NONE',  ( -1.000000000000000000, 0.000000000000000000, 0.000000000000000000 ) ) ;
#2371 = ORIENTED_EDGE ( 'NONE', *, *, #629, .T. ) ;
#2372 = EDGE_CURVE ( 'NONE', #3427, #1306, #4012, .T. ) ;
#2373 = ORIENTED_EDGE ( 'NONE', *, *, #1122, .F. ) ;
#2374 = CARTESIAN_POINT ( 'NONE',  ( 34.43031986259653365, 1.196450753133034008E-13, -27.58827604980266912 ) ) ;
#2375 = CARTESIAN_POINT ( 'NONE',  ( 34.43031986259653365, 41.59999999999937614, 57.30665584262818868 ) ) ;
#2376 = DIRECTION ( 'NONE',  ( 0.000000000000000000, 0.000000000000000000, -1.000000000000000000 ) ) ;
#2377 = CARTESIAN_POINT ( 'NONE',  ( 1.600000000000000089, 23.50186465498095600, -48.13650715641739453 ) ) ;
#2378 = DIRECTION ( 'NONE',  ( 0.000000000000000000, 0.000000000000000000, -1.000000000000000000 ) ) ;
#2379 = CARTESIAN_POINT ( 'NONE',  ( 0.000000000000000000, 30.50000000000030198, 71.82499999999998863 ) ) ;
#2380 = ORIENTED_EDGE ( 'NONE', *, *, #3015, .F. ) ;
#2381 = CARTESIAN_POINT ( 'NONE',  ( 0.000000000000000000, -2.706677067814780187E-13, 62.41172395019732733 ) ) ;
#2382 = ORIENTED_EDGE ( 'NONE', *, *, #2017, .F. ) ;
#2383 = CIRCLE ( 'NONE', #4006, 0.4999999999999865663 ) ;
#2384 = DIRECTION ( 'NONE',  ( 0.000000000000000000, -1.000000000000000000, -6.938893903907240999E-14 ) ) ;
#2385 = ORIENTED_EDGE ( 'NONE', *, *, #3312, .T. ) ;
#2386 = VERTEX_POINT ( 'NONE', #2019 ) ;
#2387 = ORIENTED_EDGE ( 'NONE', *, *, #2392, .T. ) ;
#2388 = EDGE_CURVE ( 'NONE', #3291, #2148, #1337, .T. ) ;
#2389 = LINE ( 'NONE', #3764, #2973 ) ;
#2390 = LINE ( 'NONE', #1417, #1467 ) ;
#2391 = ORIENTED_EDGE ( 'NONE', *, *, #2335, .T. ) ;
#2392 = EDGE_CURVE ( 'NONE', #3291, #4097, #1294, .T. ) ;
#2393 = AXIS2_PLACEMENT_3D ( 'NONE', #1488, #1508, #471 ) ;
#2394 = EDGE_CURVE ( 'NONE', #3476, #1992, #2146, .T. ) ;
#2395 = ORIENTED_EDGE ( 'NONE', *, *, #1592, .T. ) ;
#2396 = CARTESIAN_POINT ( 'NONE',  ( 0.000000000000000000, 29.72527329571467547, 38.16172395019732022 ) ) ;
#2397 = LINE ( 'NONE', #2425, #1323 ) ;
#2398 = CARTESIAN_POINT ( 'NONE',  ( 1.600000000000000089, 14.67430735168222888, -10.84286847992993863 ) ) ;
#2399 = DIRECTION ( 'NONE',  ( 1.000000000000000000, 0.000000000000000000, -0.000000000000000000 ) ) ;
#2400 = CIRCLE ( 'NONE', #2037, 3.175000000000011369 ) ;
#2401 = AXIS2_PLACEMENT_3D ( 'NONE', #1962, #1689, #4082 ) ;
#2402 = CARTESIAN_POINT ( 'NONE',  ( 1.600000000000000089, 40.00000000000000000, 4.428226148730328054E-15 ) ) ;
#2403 = DIRECTION ( 'NONE',  ( 0.000000000000000000, -1.000000000000000000, -6.938893903907240999E-14 ) ) ;
#2404 = VERTEX_POINT ( 'NONE', #1641 ) ;
#2405 = CARTESIAN_POINT ( 'NONE',  ( 1.600000000000000089, 10.55542615334358558, 0.000000000000000000 ) ) ;
#2406 = ADVANCED_FACE ( 'NONE', ( #1999 ), #911, .F. ) ;
#2407 = CIRCLE ( 'NONE', #2043, 12.52488699960072083 ) ;
#2408 = ORIENTED_EDGE ( 'NONE', *, *, #3818, .T. ) ;
#2409 = VECTOR ( 'NONE', #3921, 1000.000000000000000 ) ;
#2410 = CARTESIAN_POINT ( 'NONE',  ( 0.000000000000000000, 30.22328051677647309, 71.83708183355868471 ) ) ;
#2411 = AXIS2_PLACEMENT_3D ( 'NONE', #3835, #398, #737 ) ;
#2412 = ORIENTED_EDGE ( 'NONE', *, *, #2956, .T. ) ;
#2413 = ORIENTED_EDGE ( 'NONE', *, *, #3071, .F. ) ;
#2414 = ORIENTED_EDGE ( 'NONE', *, *, #3175, .F. ) ;
#2415 = AXIS2_PLACEMENT_3D ( 'NONE', #3164, #4154, #1055 ) ;
#2416 = VECTOR ( 'NONE', #604, 1000.000000000000000 ) ;
#2417 = EDGE_CURVE ( 'NONE', #3758, #3897, #954, .T. ) ;
#2418 = DIRECTION ( 'NONE',  ( 0.000000000000000000, -1.000000000000000000, 0.000000000000000000 ) ) ;
#2419 = FACE_OUTER_BOUND ( 'NONE', #2874, .T. ) ;
#2420 = FACE_OUTER_BOUND ( 'NONE', #1071, .T. ) ;
#2421 = ORIENTED_EDGE ( 'NONE', *, *, #268, .F. ) ;
#2422 = VECTOR ( 'NONE', #267, 1000.000000000000114 ) ;
#2423 = ORIENTED_EDGE ( 'NONE', *, *, #1738, .F. ) ;
#2424 = CARTESIAN_POINT ( 'NONE',  ( 0.000000000000000000, 3.588077000000001959, 76.13630254679685549 ) ) ;
#2425 = CARTESIAN_POINT ( 'NONE',  ( 0.000000000000000000, 32.79724476520794241, 36.83672395019730317 ) ) ;
#2426 = CARTESIAN_POINT ( 'NONE',  ( 1.600000000000000089, 33.99999999999999289, 87.66419036505570261 ) ) ;
#2427 = VECTOR ( 'NONE', #2496, 1000.000000000000000 ) ;
#2428 = EDGE_CURVE ( 'NONE', #877, #3789, #3950, .T. ) ;
#2429 = FACE_OUTER_BOUND ( 'NONE', #3918, .T. ) ;
#2430 = EDGE_LOOP ( 'NONE', ( #2547, #1116, #1886, #4473 ) ) ;
#2431 = DIRECTION ( 'NONE',  ( -1.000000000000000000, -0.000000000000000000, -0.000000000000000000 ) ) ;
#2432 = ORIENTED_EDGE ( 'NONE', *, *, #3924, .T. ) ;
#2433 = EDGE_CURVE ( 'NONE', #693, #1104, #2580, .T. ) ;
#2434 = CARTESIAN_POINT ( 'NONE',  ( 1.600000000000000089, -1.330597993526980272, -1.156532325689384910 ) ) ;
#2435 = VERTEX_POINT ( 'NONE', #1246 ) ;
#2436 = EDGE_CURVE ( 'NONE', #553, #360, #886, .T. ) ;
#2437 = DIRECTION ( 'NONE',  ( 1.000000000000000000, -0.000000000000000000, 0.000000000000000000 ) ) ;
#2438 = EDGE_CURVE ( 'NONE', #946, #4279, #3059, .T. ) ;
#2439 = ORIENTED_EDGE ( 'NONE', *, *, #2388, .F. ) ;
#2440 = ORIENTED_EDGE ( 'NONE', *, *, #3657, .T. ) ;
#2441 = ORIENTED_EDGE ( 'NONE', *, *, #4016, .T. ) ;
#2442 = CARTESIAN_POINT ( 'NONE',  ( 1.600000000000000089, 39.20286218823260072, -22.50670115795715631 ) ) ;
#2443 = DIRECTION ( 'NONE',  ( 0.000000000000000000, -0.9895391051637536517, -0.1442648929979765127 ) ) ;
#2444 = PLANE ( 'NONE',  #1982 ) ;
#2445 = VERTEX_POINT ( 'NONE', #547 ) ;
#2446 = ORIENTED_EDGE ( 'NONE', *, *, #853, .F. ) ;
#2447 = CARTESIAN_POINT ( 'NONE',  ( 1.600000000000000089, -3.337052244742314322, 0.6394859510961287130 ) ) ;
#2448 = CARTESIAN_POINT ( 'NONE',  ( 0.000000000000000000, 32.79724476520794241, 25.41172395019731312 ) ) ;
#2449 = CARTESIAN_POINT ( 'NONE',  ( 1.600000000000000089, 18.39587551655130682, 44.26130254679684839 ) ) ;
#2450 = CARTESIAN_POINT ( 'NONE',  ( 1.600000000000000089, 6.088077000000003736, 66.88630254679686971 ) ) ;
#2451 = ORIENTED_EDGE ( 'NONE', *, *, #1158, .F. ) ;
#2452 = EDGE_CURVE ( 'NONE', #2844, #4250, #3329, .T. ) ;
#2453 = DIRECTION ( 'NONE',  ( 0.000000000000000000, 0.000000000000000000, -1.000000000000000000 ) ) ;
#2454 = DIRECTION ( 'NONE',  ( -1.000000000000000000, 0.000000000000000000, 0.000000000000000000 ) ) ;
#2455 = VECTOR ( 'NONE', #3604, 1000.000000000000227 ) ;
#2456 = ORIENTED_EDGE ( 'NONE', *, *, #4443, .F. ) ;
#2457 = VERTEX_POINT ( 'NONE', #2340 ) ;
#2458 = VERTEX_POINT ( 'NONE', #4055 ) ;
#2459 = ORIENTED_EDGE ( 'NONE', *, *, #1888, .T. ) ;
#2460 = VERTEX_POINT ( 'NONE', #3308 ) ;
#2461 = CARTESIAN_POINT ( 'NONE',  ( 0.000000000000000000, 12.33807700000000196, 20.38222947802271889 ) ) ;
#2462 = LINE ( 'NONE', #3185, #3210 ) ;
#2463 = CARTESIAN_POINT ( 'NONE',  ( 0.000000000000000000, 4.088077000000001959, 66.88630254679686971 ) ) ;
#2464 = ORIENTED_EDGE ( 'NONE', *, *, #3197, .F. ) ;
#2465 = ORIENTED_EDGE ( 'NONE', *, *, #2852, .T. ) ;
#2466 = LINE ( 'NONE', #2102, #4229 ) ;
#2467 = FACE_BOUND ( 'NONE', #3880, .T. ) ;
#2468 = LINE ( 'NONE', #317, #2427 ) ;
#2469 = DIRECTION ( 'NONE',  ( 0.000000000000000000, 0.000000000000000000, -1.000000000000000000 ) ) ;
#2470 = EDGE_CURVE ( 'NONE', #58, #3445, #209, .T. ) ;
#2471 = ORIENTED_EDGE ( 'NONE', *, *, #1879, .F. ) ;
#2472 = LINE ( 'NONE', #3439, #2124 ) ;
#2473 = PLANE ( 'NONE',  #2614 ) ;
#2474 = AXIS2_PLACEMENT_3D ( 'NONE', #3646, #546, #1924 ) ;
#2475 = ORIENTED_EDGE ( 'NONE', *, *, #1586, .F. ) ;
#2476 = EDGE_LOOP ( 'NONE', ( #3863, #3904, #3361, #2702 ) ) ;
#2477 = CARTESIAN_POINT ( 'NONE',  ( 1.600000000000000089, 10.55542615334358558, 0.000000000000000000 ) ) ;
#2478 = PRESENTATION_LAYER_ASSIGNMENT (  '', '', ( #2768 ) ) ;
#2479 = ORIENTED_EDGE ( 'NONE', *, *, #2074, .F. ) ;
#2480 = ORIENTED_EDGE ( 'NONE', *, *, #1571, .T. ) ;
#2481 = EDGE_LOOP ( 'NONE', ( #189, #3823, #2005, #129 ) ) ;
#2482 = EDGE_CURVE ( 'NONE', #4130, #1362, #2658, .T. ) ;
#2483 = CIRCLE ( 'NONE', #2196, 3.175000000000000711 ) ;
#2484 = LINE ( 'NONE', #4194, #2275 ) ;
#2485 = PLANE ( 'NONE',  #2267 ) ;
#2486 = ORIENTED_EDGE ( 'NONE', *, *, #1845, .F. ) ;
#2487 = AXIS2_PLACEMENT_3D ( 'NONE', #1835, #118, #2880 ) ;
#2488 = CARTESIAN_POINT ( 'NONE',  ( 0.000000000000000000, 32.35499268839883769, -2.026747392738916353 ) ) ;
#2489 = ORIENTED_EDGE ( 'NONE', *, *, #495, .F. ) ;
#2490 = VERTEX_POINT ( 'NONE', #3038 ) ;
#2491 = PLANE ( 'NONE',  #305 ) ;
#2492 = DIRECTION ( 'NONE',  ( -1.000000000000000000, 0.000000000000000000, -0.000000000000000000 ) ) ;
#2493 = FACE_BOUND ( 'NONE', #2228, .T. ) ;
#2494 = EDGE_CURVE ( 'NONE', #648, #2020, #568, .T. ) ;
#2495 = VECTOR ( 'NONE', #2953, 1000.000000000000000 ) ;
#2496 = DIRECTION ( 'NONE',  ( -1.000000000000000000, -0.000000000000000000, -0.000000000000000000 ) ) ;
#2497 = CARTESIAN_POINT ( 'NONE',  ( 1.600000000000000089, 40.00000000000000000, 18.63222947802272245 ) ) ;
#2498 = ORIENTED_EDGE ( 'NONE', *, *, #870, .T. ) ;
#2499 = CARTESIAN_POINT ( 'NONE',  ( 1.600000000000000089, 6.113077000000001426, 79.01130254679686971 ) ) ;
#2500 = EDGE_CURVE ( 'NONE', #179, #4130, #4074, .T. ) ;
#2501 = CYLINDRICAL_SURFACE ( 'NONE', #4357, 12.52488699960072083 ) ;
#2502 = VERTEX_POINT ( 'NONE', #1616 ) ;
#2503 = VERTEX_POINT ( 'NONE', #2997 ) ;
#2504 = DIRECTION ( 'NONE',  ( 0.000000000000000000, 0.000000000000000000, -1.000000000000000000 ) ) ;
#2505 = EDGE_LOOP ( 'NONE', ( #4199, #2320, #4306, #1492 ) ) ;
#2506 = ORIENTED_EDGE ( 'NONE', *, *, #2956, .F. ) ;
#2507 = CIRCLE ( 'NONE', #4448, 3.175000000000000711 ) ;
#2508 = FACE_OUTER_BOUND ( 'NONE', #3901, .T. ) ;
#2509 = CARTESIAN_POINT ( 'NONE',  ( 1.599999999999997202, 41.59999999999958931, 27.30665584262818868 ) ) ;
#2510 = EDGE_CURVE ( 'NONE', #443, #4101, #4375, .T. ) ;
#2511 = ORIENTED_EDGE ( 'NONE', *, *, #1959, .F. ) ;
#2512 = DIRECTION ( 'NONE',  ( -0.000000000000000000, 9.912705577010316921E-17, 1.000000000000000000 ) ) ;
#2513 = VERTEX_POINT ( 'NONE', #3552 ) ;
#2514 = CARTESIAN_POINT ( 'NONE',  ( 1.600000000000000089, 33.97725791936503725, -42.50746896926139584 ) ) ;
#2515 = CARTESIAN_POINT ( 'NONE',  ( 0.000000000000000000, 32.79724476520794241, 23.83672395019730672 ) ) ;
#2516 = CARTESIAN_POINT ( 'NONE',  ( 1.599999999999997202, -2.449891389937437286E-12, 35.30665584262531098 ) ) ;
#2517 = CARTESIAN_POINT ( 'NONE',  ( 1.599999999999997202, -1.600000000000004308, -2.168404344971014538E-16 ) ) ;
#2518 = FACE_OUTER_BOUND ( 'NONE', #2595, .T. ) ;
#2519 = EDGE_CURVE ( 'NONE', #2025, #3758, #3728, .T. ) ;
#2520 = EDGE_LOOP ( 'NONE', ( #3280, #1527, #753, #4269 ) ) ;
#2521 = CARTESIAN_POINT ( 'NONE',  ( 1.600000000000000089, 6.113077000000001426, 64.51130254679685549 ) ) ;
#2522 = DIRECTION ( 'NONE',  ( -1.000000000000000000, 0.000000000000000000, 0.000000000000000000 ) ) ;
#2523 = VECTOR ( 'NONE', #4115, 1000.000000000000000 ) ;
#2524 = VERTEX_POINT ( 'NONE', #2830 ) ;
#2525 = DIRECTION ( 'NONE',  ( 1.000000000000000000, -0.000000000000000000, 0.000000000000000000 ) ) ;
#2526 = ORIENTED_EDGE ( 'NONE', *, *, #541, .F. ) ;
#2527 = PLANE ( 'NONE',  #3104 ) ;
#2528 = LINE ( 'NONE', #4246, #227 ) ;
#2529 = VERTEX_POINT ( 'NONE', #3578 ) ;
#2530 = AXIS2_PLACEMENT_3D ( 'NONE', #1930, #1885, #1507 ) ;
#2531 = DIRECTION ( 'NONE',  ( 0.000000000000000000, 0.7425331678118417544, 0.6698092972625203645 ) ) ;
#2532 = ORIENTED_EDGE ( 'NONE', *, *, #2099, .F. ) ;
#2533 = FACE_OUTER_BOUND ( 'NONE', #4387, .T. ) ;
#2534 = VECTOR ( 'NONE', #1574, 1000.000000000000000 ) ;
#2535 = CIRCLE ( 'NONE', #3109, 3.175000000000011369 ) ;
#2536 = CARTESIAN_POINT ( 'NONE',  ( 34.43031986259653365, 1.713444952406907212E-12, -24.69334415737469257 ) ) ;
#2537 = FACE_BOUND ( 'NONE', #3283, .T. ) ;
#2538 = DIRECTION ( 'NONE',  ( 0.000000000000000000, 1.000000000000000000, 0.000000000000000000 ) ) ;
#2539 = DIRECTION ( 'NONE',  ( 0.000000000000000000, -1.000000000000000000, -1.107056537182581940E-16 ) ) ;
#2540 = ADVANCED_FACE ( 'NONE', ( #1356 ), #134, .T. ) ;
#2541 = ORIENTED_EDGE ( 'NONE', *, *, #642, .T. ) ;
#2542 = DIRECTION ( 'NONE',  ( 0.000000000000000000, 0.000000000000000000, -1.000000000000000000 ) ) ;
#2543 = FACE_OUTER_BOUND ( 'NONE', #2786, .T. ) ;
#2544 = AXIS2_PLACEMENT_3D ( 'NONE', #833, #3907, #2552 ) ;
#2545 = ORIENTED_EDGE ( 'NONE', *, *, #3114, .T. ) ;
#2546 = LINE ( 'NONE', #3540, #3252 ) ;
#2547 = ORIENTED_EDGE ( 'NONE', *, *, #157, .F. ) ;
#2548 = EDGE_CURVE ( 'NONE', #945, #3031, #655, .T. ) ;
#2549 = VECTOR ( 'NONE', #231, 1000.000000000000000 ) ;
#2550 = PRESENTATION_LAYER_ASSIGNMENT (  '', '', ( #15 ) ) ;
#2551 = CARTESIAN_POINT ( 'NONE',  ( 0.000000000000000000, 40.00000000000000711, -24.69334415737191790 ) ) ;
#2552 = DIRECTION ( 'NONE',  ( 0.000000000000000000, 0.000000000000000000, -1.000000000000000000 ) ) ;
#2553 = ORIENTED_EDGE ( 'NONE', *, *, #3225, .F. ) ;
#2554 = CARTESIAN_POINT ( 'NONE',  ( 0.000000000000000000, 32.79724476520794241, 25.41172395019731312 ) ) ;
#2555 = EDGE_CURVE ( 'NONE', #664, #2160, #1443, .T. ) ;
#2556 = EDGE_LOOP ( 'NONE', ( #2150, #1828, #3815, #3173 ) ) ;
#2557 = CYLINDRICAL_SURFACE ( 'NONE', #4350, 3.175000000000011369 ) ;
#2558 = CARTESIAN_POINT ( 'NONE',  ( 0.000000000000000000, 0.000000000000000000, 44.26130254679684839 ) ) ;
#2559 = DIRECTION ( 'NONE',  ( 0.000000000000000000, -0.6560141633023962582, 0.7547485790292400853 ) ) ;
#2560 = DIRECTION ( 'NONE',  ( 0.000000000000000000, 0.6243732174915235245, -0.7811261647642350203 ) ) ;
#2561 = DIRECTION ( 'NONE',  ( -0.000000000000000000, 0.1882073904574315115, 0.9821293082772777350 ) ) ;
#2562 = VECTOR ( 'NONE', #1490, 1000.000000000000000 ) ;
#2563 = VECTOR ( 'NONE', #2291, 1000.000000000000000 ) ;
#2564 = VERTEX_POINT ( 'NONE', #2174 ) ;
#2565 = CARTESIAN_POINT ( 'NONE',  ( 1.600000000000000089, 40.00000000000000711, -37.69334415737180422 ) ) ;
#2566 = EDGE_CURVE ( 'NONE', #2000, #764, #452, .T. ) ;
#2567 = CARTESIAN_POINT ( 'NONE',  ( 1.600000000000000089, 40.00000000000000000, 4.428226148730328054E-15 ) ) ;
#2568 = CARTESIAN_POINT ( 'NONE',  ( 1.600000000000000089, -3.337052244742314322, 0.6394859510961287130 ) ) ;
#2569 = ADVANCED_FACE ( 'NONE', ( #3779 ), #993, .F. ) ;
#2570 = EDGE_LOOP ( 'NONE', ( #1329, #251, #3517, #1663 ) ) ;
#2571 = VECTOR ( 'NONE', #1717, 1000.000000000000000 ) ;
#2572 = ORIENTED_EDGE ( 'NONE', *, *, #1101, .T. ) ;
#2573 = EDGE_CURVE ( 'NONE', #2100, #1407, #1132, .T. ) ;
#2574 = VECTOR ( 'NONE', #755, 1000.000000000000000 ) ;
#2575 = FACE_OUTER_BOUND ( 'NONE', #3850, .T. ) ;
#2576 = EDGE_LOOP ( 'NONE', ( #3121, #3107, #40, #3022 ) ) ;
#2577 = CARTESIAN_POINT ( 'NONE',  ( 34.43031986259653365, -13.81702128323984269, 15.31719046764238357 ) ) ;
#2578 = DIRECTION ( 'NONE',  ( -1.000000000000000000, -0.000000000000000000, -0.000000000000000000 ) ) ;
#2579 = DIRECTION ( 'NONE',  ( 0.000000000000000000, 0.000000000000000000, -1.000000000000000000 ) ) ;
#2580 = CIRCLE ( 'NONE', #2939, 2.250000000000001776 ) ;
#2581 = DIRECTION ( 'NONE',  ( 0.000000000000000000, -0.7953493139644383092, -0.6061513579761225179 ) ) ;
#2582 = CARTESIAN_POINT ( 'NONE',  ( 1.600000000000000089, 21.56647773738793816, 25.66172395019730601 ) ) ;
#2583 = DIRECTION ( 'NONE',  ( 0.000000000000000000, 0.000000000000000000, 1.000000000000000000 ) ) ;
#2584 = EDGE_LOOP ( 'NONE', ( #1895, #2845, #3927, #2506, #281, #4196, #1425, #3967, #1167, #3659, #829, #1287, #2681, #4106, #2421, #3576, #619, #4155, #4415, #1447, #1063, #1255, #1348, #2793, #2111, #551, #1671, #329, #3494, #3111, #1661, #3238, #1068, #2682, #1929, #3660, #4086, #115, #3309, #3828, #2091, #170, #4121, #3179, #3519, #2170, #2728, #1006, #4244, #788, #3019, #3118, #2387, #719, #2815, #697, #1813, #2299, #2475, #608, #2432, #2371 ) ) ;
#2585 = VERTEX_POINT ( 'NONE', #3191 ) ;
#2586 = CARTESIAN_POINT ( 'NONE',  ( 1.600000000000000089, 12.33807700000000196, 44.26130254679684128 ) ) ;
#2587 = DIRECTION ( 'NONE',  ( 1.000000000000000000, 0.000000000000000000, 0.000000000000000000 ) ) ;
#2588 = EDGE_CURVE ( 'NONE', #3875, #1190, #3241, .T. ) ;
#2589 = DIRECTION ( 'NONE',  ( 0.000000000000000000, 1.000000000000000000, -2.565210315677348556E-17 ) ) ;
#2590 = VERTEX_POINT ( 'NONE', #2379 ) ;
#2591 = EDGE_CURVE ( 'NONE', #693, #2777, #1834, .T. ) ;
#2592 = ORIENTED_EDGE ( 'NONE', *, *, #4266, .T. ) ;
#2593 = ADVANCED_FACE ( 'NONE', ( #2039 ), #1809, .F. ) ;
#2594 = LINE ( 'NONE', #2871, #795 ) ;
#2595 = EDGE_LOOP ( 'NONE', ( #2752, #1831, #1318, #2186 ) ) ;
#2596 = DIRECTION ( 'NONE',  ( 0.000000000000000000, 1.000000000000000000, 6.938893903907240999E-14 ) ) ;
#2597 = LINE ( 'NONE', #3654, #3767 ) ;
#2598 = LINE ( 'NONE', #4292, #4036 ) ;
#2599 = LINE ( 'NONE', #2940, #4360 ) ;
#2600 = LINE ( 'NONE', #4315, #2719 ) ;
#2601 = ADVANCED_FACE ( 'NONE', ( #2741 ), #2152, .T. ) ;
#2602 = CARTESIAN_POINT ( 'NONE',  ( 0.000000000000000000, 14.67430735168253975, -25.84286847992993685 ) ) ;
#2603 = EDGE_LOOP ( 'NONE', ( #4034, #1562, #2800, #2526 ) ) ;
#2604 = VERTEX_POINT ( 'NONE', #3870 ) ;
#2605 = CARTESIAN_POINT ( 'NONE',  ( 0.000000000000000000, 34.52293445648596304, 93.64135855360613903 ) ) ;
#2606 = DIRECTION ( 'NONE',  ( 0.000000000000000000, -0.9961946980917454342, 0.08715574274765972018 ) ) ;
#2607 = EDGE_CURVE ( 'NONE', #1992, #1510, #4457, .T. ) ;
#2608 = CARTESIAN_POINT ( 'NONE',  ( 1.600000000000000089, 5.088077000000004624, 64.51130254679685549 ) ) ;
#2609 = FACE_OUTER_BOUND ( 'NONE', #2476, .T. ) ;
#2610 = ORIENTED_EDGE ( 'NONE', *, *, #2628, .F. ) ;
#2611 =( NAMED_UNIT ( * ) SI_UNIT ( $, .STERADIAN. ) SOLID_ANGLE_UNIT ( ) );
#2612 = ORIENTED_EDGE ( 'NONE', *, *, #2555, .T. ) ;
#2613 = CARTESIAN_POINT ( 'NONE',  ( 0.000000000000000000, 33.99999999999999289, 87.66419036505570261 ) ) ;
#2614 = AXIS2_PLACEMENT_3D ( 'NONE', #3899, #1139, #3848 ) ;
#2615 = ORIENTED_EDGE ( 'NONE', *, *, #2223, .F. ) ;
#2616 = EDGE_CURVE ( 'NONE', #140, #1721, #3220, .T. ) ;
#2617 = LINE ( 'NONE', #3992, #3905 ) ;
#2618 = VECTOR ( 'NONE', #4336, 1000.000000000000000 ) ;
#2619 = AXIS2_PLACEMENT_3D ( 'NONE', #1514, #1175, #3935 ) ;
#2620 = CARTESIAN_POINT ( 'NONE',  ( 1.600000000000000089, 16.52930004008138809, -28.41961587266884948 ) ) ;
#2621 = CARTESIAN_POINT ( 'NONE',  ( 34.43031986259653365, -1.599999999999999645, -35.58827604980267978 ) ) ;
#2622 = ADVANCED_FACE ( 'NONE', ( #91 ), #768, .F. ) ;
#2623 = DIRECTION ( 'NONE',  ( 0.000000000000000000, 0.000000000000000000, -1.000000000000000000 ) ) ;
#2624 = PLANE ( 'NONE',  #2253 ) ;
#2625 = VECTOR ( 'NONE', #875, 1000.000000000000000 ) ;
#2626 = ORIENTED_EDGE ( 'NONE', *, *, #4355, .T. ) ;
#2627 = AXIS2_PLACEMENT_3D ( 'NONE', #3442, #3106, #1046 ) ;
#2628 = EDGE_CURVE ( 'NONE', #81, #2308, #429, .T. ) ;
#2629 = ORIENTED_EDGE ( 'NONE', *, *, #1466, .F. ) ;
#2630 = ORIENTED_EDGE ( 'NONE', *, *, #3486, .T. ) ;
#2631 = VECTOR ( 'NONE', #4469, 1000.000000000000000 ) ;
#2632 = CARTESIAN_POINT ( 'NONE',  ( 1.600000000000000089, 30.22328051677647309, 59.33708183355869181 ) ) ;
#2633 = FACE_OUTER_BOUND ( 'NONE', #4407, .T. ) ;
#2634 = PLANE ( 'NONE',  #1018 ) ;
#2635 = AXIS2_PLACEMENT_3D ( 'NONE', #4159, #1762, #4090 ) ;
#2636 = AXIS2_PLACEMENT_3D ( 'NONE', #1336, #3462, #1743 ) ;
#2637 = DIRECTION ( 'NONE',  ( 0.000000000000000000, -0.08715574274766045570, -0.9961946980917453232 ) ) ;
#2638 = CARTESIAN_POINT ( 'NONE',  ( 34.43031986259653365, -1.600000000000628031, 54.41172395019732022 ) ) ;
#2639 = VERTEX_POINT ( 'NONE', #4252 ) ;
#2640 = VECTOR ( 'NONE', #3184, 1000.000000000000000 ) ;
#2641 = VERTEX_POINT ( 'NONE', #3912 ) ;
#2642 = CARTESIAN_POINT ( 'NONE',  ( 0.000000000000000000, -3.976448048797029145E-12, 57.30665584262530388 ) ) ;
#2643 = ORIENTED_EDGE ( 'NONE', *, *, #1782, .F. ) ;
#2644 = DIRECTION ( 'NONE',  ( 0.000000000000000000, -1.107056537182581940E-16, 1.000000000000000000 ) ) ;
#2645 = EDGE_CURVE ( 'NONE', #443, #2100, #3275, .T. ) ;
#2646 = LINE ( 'NONE', #577, #455 ) ;
#2647 = CARTESIAN_POINT ( 'NONE',  ( 0.000000000000000000, 30.50000000000030198, 75.00000000000000000 ) ) ;
#2648 = FACE_BOUND ( 'NONE', #1229, .T. ) ;
#2649 = DIRECTION ( 'NONE',  ( 0.000000000000000000, 0.000000000000000000, -1.000000000000000000 ) ) ;
#2650 = ORIENTED_EDGE ( 'NONE', *, *, #4285, .T. ) ;
#2651 = ORIENTED_EDGE ( 'NONE', *, *, #3425, .T. ) ;
#2652 = PLANE ( 'NONE',  #1163 ) ;
#2653 = CARTESIAN_POINT ( 'NONE',  ( 1.600000000000000089, 14.33807700000000551, 0.000000000000000000 ) ) ;
#2654 = CARTESIAN_POINT ( 'NONE',  ( 1.600000000000000089, 1.395775155708344099E-15, 54.41172395019732022 ) ) ;
#2655 = ADVANCED_FACE ( 'NONE', ( #1534 ), #3258, .T. ) ;
#2656 = CARTESIAN_POINT ( 'NONE',  ( 0.000000000000000000, -1.600000000000620703, -2.168404344971849991E-16 ) ) ;
#2657 = DIRECTION ( 'NONE',  ( 0.000000000000000000, 1.776356839400250465E-15, -1.000000000000000000 ) ) ;
#2658 = LINE ( 'NONE', #2969, #3155 ) ;
#2659 = ORIENTED_EDGE ( 'NONE', *, *, #3836, .F. ) ;
#2660 = ORIENTED_EDGE ( 'NONE', *, *, #571, .T. ) ;
#2661 = ORIENTED_EDGE ( 'NONE', *, *, #2839, .F. ) ;
#2662 = CARTESIAN_POINT ( 'NONE',  ( 1.600000000000000089, 6.088077000000003736, 67.38630254679685549 ) ) ;
#2663 = ORIENTED_EDGE ( 'NONE', *, *, #2264, .F. ) ;
#2664 = DIRECTION ( 'NONE',  ( -0.000000000000000000, 1.000000000000000000, 0.000000000000000000 ) ) ;
#2665 = VECTOR ( 'NONE', #3936, 1000.000000000000000 ) ;
#2666 = EDGE_CURVE ( 'NONE', #3428, #443, #2083, .T. ) ;
#2667 = DIRECTION ( 'NONE',  ( 0.000000000000000000, 0.000000000000000000, -1.000000000000000000 ) ) ;
#2668 = CARTESIAN_POINT ( 'NONE',  ( 1.599999999999997202, 0.000000000000000000, -5.588276049802678891 ) ) ;
#2669 = CARTESIAN_POINT ( 'NONE',  ( 1.600000000000000089, 0.000000000000000000, 20.38222947802271889 ) ) ;
#2670 = DIRECTION ( 'NONE',  ( 1.000000000000000000, 0.000000000000000000, -0.000000000000000000 ) ) ;
#2671 = ORIENTED_EDGE ( 'NONE', *, *, #658, .T. ) ;
#2672 = CIRCLE ( 'NONE', #3101, 1.024999999999998135 ) ;
#2673 = ORIENTED_EDGE ( 'NONE', *, *, #2138, .T. ) ;
#2674 = CARTESIAN_POINT ( 'NONE',  ( 1.600000000000000089, 14.50000040439469728, 5.261723950197318089 ) ) ;
#2675 = LINE ( 'NONE', #2336, #467 ) ;
#2676 = DIRECTION ( 'NONE',  ( -1.000000000000000000, -0.000000000000000000, -0.000000000000000000 ) ) ;
#2677 = EDGE_CURVE ( 'NONE', #2826, #4348, #4313, .T. ) ;
#2678 = LINE ( 'NONE', #4053, #242 ) ;
#2679 = FACE_OUTER_BOUND ( 'NONE', #53, .T. ) ;
#2680 = DIRECTION ( 'NONE',  ( 0.000000000000000000, 1.736859503344565802E-15, -1.000000000000000000 ) ) ;
#2681 = ORIENTED_EDGE ( 'NONE', *, *, #713, .F. ) ;
#2682 = ORIENTED_EDGE ( 'NONE', *, *, #3095, .F. ) ;
#2683 = CARTESIAN_POINT ( 'NONE',  ( 0.000000000000000000, 14.50000040439469728, 5.261723950197318089 ) ) ;
#2684 = ADVANCED_FACE ( 'NONE', ( #2219 ), #3612, .F. ) ;
#2685 = VERTEX_POINT ( 'NONE', #3633 ) ;
#2686 = CARTESIAN_POINT ( 'NONE',  ( 34.43031986259653365, -1.894779877624857400E-12, 27.30665584262530032 ) ) ;
#2687 = DIRECTION ( 'NONE',  ( -1.000000000000000000, -0.000000000000000000, -0.000000000000000000 ) ) ;
#2688 = ADVANCED_FACE ( 'NONE', ( #2902 ), #3596, .F. ) ;
#2689 = DIRECTION ( 'NONE',  ( -1.000000000000000000, -0.000000000000000000, -0.000000000000000000 ) ) ;
#2690 = AXIS2_PLACEMENT_3D ( 'NONE', #2814, #2773, #1017 ) ;
#2691 =( NAMED_UNIT ( * ) SI_UNIT ( $, .STERADIAN. ) SOLID_ANGLE_UNIT ( ) );
#2692 = VERTEX_POINT ( 'NONE', #1214 ) ;
#2693 = ORIENTED_EDGE ( 'NONE', *, *, #3857, .T. ) ;
#2694 = COLOUR_RGB ( '',1.000000000000000000, 1.000000000000000000, 1.000000000000000000 ) ;
#2695 = DIRECTION ( 'NONE',  ( 1.000000000000000000, 0.000000000000000000, 0.000000000000000000 ) ) ;
#2696 = CARTESIAN_POINT ( 'NONE',  ( 0.000000000000000000, -1.600000000000000755, -27.58827604980267623 ) ) ;
#2697 = DIRECTION ( 'NONE',  ( 0.000000000000000000, 0.9895391051637536517, 0.1442648929979765127 ) ) ;
#2698 = CARTESIAN_POINT ( 'NONE',  ( 0.000000000000000000, 32.79724476520794241, 38.41172395019731312 ) ) ;
#2699 = EDGE_CURVE ( 'NONE', #3018, #3231, #838, .T. ) ;
#2700 = CARTESIAN_POINT ( 'NONE',  ( 0.000000000000000000, 3.469446951953614189E-15, 20.88222947802272245 ) ) ;
#2701 = DIRECTION ( 'NONE',  ( -1.000000000000000000, -0.000000000000000000, -0.000000000000000000 ) ) ;
#2702 = ORIENTED_EDGE ( 'NONE', *, *, #3232, .F. ) ;
#2703 = CIRCLE ( 'NONE', #3214, 2.250000000000001776 ) ;
#2704 = EDGE_LOOP ( 'NONE', ( #3493, #3263, #2693, #7, #2077 ) ) ;
#2705 = AXIS2_PLACEMENT_3D ( 'NONE', #2720, #3416, #2453 ) ;
#2706 = CARTESIAN_POINT ( 'NONE',  ( 0.000000000000000000, 32.79724476520794241, 23.83672395019730672 ) ) ;
#2707 = ORIENTED_EDGE ( 'NONE', *, *, #1033, .F. ) ;
#2708 = DIRECTION ( 'NONE',  ( 0.000000000000000000, 0.000000000000000000, -1.000000000000000000 ) ) ;
#2709 = EDGE_CURVE ( 'NONE', #1766, #2404, #1890, .T. ) ;
#2710 = FACE_OUTER_BOUND ( 'NONE', #79, .T. ) ;
#2711 = CARTESIAN_POINT ( 'NONE',  ( 1.600000000000000089, 5.933903368163952303E-16, 23.13222947802271889 ) ) ;
#2712 = APPLICATION_PROTOCOL_DEFINITION ( 'draft international standard', 'automotive_design', 1998, #1957 ) ;
#2713 = ORIENTED_EDGE ( 'NONE', *, *, #1509, .T. ) ;
#2714 = ORIENTED_EDGE ( 'NONE', *, *, #1729, .F. ) ;
#2715 = CARTESIAN_POINT ( 'NONE',  ( 0.000000000000000000, 32.79724476520794241, 39.98672395019731596 ) ) ;
#2716 = DIRECTION ( 'NONE',  ( -1.000000000000000000, -0.000000000000000000, -0.000000000000000000 ) ) ;
#2717 = DIRECTION ( 'NONE',  ( -1.000000000000000000, 0.000000000000000000, -0.000000000000000000 ) ) ;
#2718 = SURFACE_STYLE_FILL_AREA ( #1335 ) ;
#2719 = VECTOR ( 'NONE', #3530, 1000.000000000000000 ) ;
#2720 = CARTESIAN_POINT ( 'NONE',  ( 1.600000000000000089, 5.088077000000002847, 80.26130254679686971 ) ) ;
#2721 = DIRECTION ( 'NONE',  ( 0.000000000000000000, -2.565210315677348556E-17, -1.000000000000000000 ) ) ;
#2722 = ORIENTED_EDGE ( 'NONE', *, *, #4278, .F. ) ;
#2723 = VECTOR ( 'NONE', #591, 999.9999999999998863 ) ;
#2724 = DIRECTION ( 'NONE',  ( 0.000000000000000000, -0.7547485790292415286, -0.6560141633023945928 ) ) ;
#2725 = EDGE_CURVE ( 'NONE', #1190, #3514, #2598, .T. ) ;
#2726 = ORIENTED_EDGE ( 'NONE', *, *, #952, .T. ) ;
#2727 = DIRECTION ( 'NONE',  ( 0.000000000000000000, 0.000000000000000000, -1.000000000000000000 ) ) ;
#2728 = ORIENTED_EDGE ( 'NONE', *, *, #3290, .T. ) ;
#2729 = EDGE_CURVE ( 'NONE', #2864, #179, #3395, .T. ) ;
#2730 = CARTESIAN_POINT ( 'NONE',  ( 1.600000000000000089, 14.33807700000000551, 0.000000000000000000 ) ) ;
#2731 = CARTESIAN_POINT ( 'NONE',  ( 1.600000000000000089, 6.088077000000003736, 67.38630254679685549 ) ) ;
#2732 = ORIENTED_EDGE ( 'NONE', *, *, #1820, .T. ) ;
#2733 = ORIENTED_EDGE ( 'NONE', *, *, #2906, .F. ) ;
#2734 = LINE ( 'NONE', #3051, #1550 ) ;
#2735 = CYLINDRICAL_SURFACE ( 'NONE', #312, 3.175000000000011369 ) ;
#2736 = EDGE_CURVE ( 'NONE', #733, #1942, #4140, .T. ) ;
#2737 = LINE ( 'NONE', #3914, #2142 ) ;
#2738 = LINE ( 'NONE', #4162, #3348 ) ;
#2739 = APPLICATION_CONTEXT ( 'automotive_design' ) ;
#2740 = DIRECTION ( 'NONE',  ( 0.000000000000000000, -1.000000000000000000, -6.938893903907240999E-14 ) ) ;
#2741 = FACE_OUTER_BOUND ( 'NONE', #617, .T. ) ;
#2742 = AXIS2_PLACEMENT_3D ( 'NONE', #4017, #915, #3360 ) ;
#2743 = ORIENTED_EDGE ( 'NONE', *, *, #3053, .T. ) ;
#2744 = EDGE_CURVE ( 'NONE', #2110, #1580, #1042, .T. ) ;
#2745 = PLANE ( 'NONE',  #101 ) ;
#2746 = ORIENTED_EDGE ( 'NONE', *, *, #404, .F. ) ;
#2747 = AXIS2_PLACEMENT_3D ( 'NONE', #2686, #3723, #2596 ) ;
#2748 = AXIS2_PLACEMENT_3D ( 'NONE', #631, #925, #3771 ) ;
#2749 = DIRECTION ( 'NONE',  ( 0.000000000000000000, 0.000000000000000000, -1.000000000000000000 ) ) ;
#2750 = ORIENTED_EDGE ( 'NONE', *, *, #1454, .F. ) ;
#2751 = VERTEX_POINT ( 'NONE', #3485 ) ;
#2752 = ORIENTED_EDGE ( 'NONE', *, *, #1804, .T. ) ;
#2753 = DIRECTION ( 'NONE',  ( 0.000000000000000000, 0.000000000000000000, -1.000000000000000000 ) ) ;
#2754 = DIRECTION ( 'NONE',  ( 0.000000000000000000, 0.9899989471197554458, -0.1410747486326862643 ) ) ;
#2755 = EDGE_CURVE ( 'NONE', #1276, #1072, #3786, .T. ) ;
#2756 = CARTESIAN_POINT ( 'NONE',  ( 1.599999999999997202, 52.50000000000000711, 75.13910731638102902 ) ) ;
#2757 = ORIENTED_EDGE ( 'NONE', *, *, #1309, .T. ) ;
#2758 = VECTOR ( 'NONE', #3930, 1000.000000000000114 ) ;
#2759 = ORIENTED_EDGE ( 'NONE', *, *, #3938, .F. ) ;
#2760 = CARTESIAN_POINT ( 'NONE',  ( 1.600000000000000089, 1.133367108266477216E-15, 44.18222947802272671 ) ) ;
#2761 = EDGE_CURVE ( 'NONE', #4396, #4101, #1325, .T. ) ;
#2762 = FACE_OUTER_BOUND ( 'NONE', #2263, .T. ) ;
#2763 = CIRCLE ( 'NONE', #3698, 3.175000000000000711 ) ;
#2764 = DIRECTION ( 'NONE',  ( 0.000000000000000000, -1.000000000000000000, -8.673617379884032317E-15 ) ) ;
#2765 = DIRECTION ( 'NONE',  ( 0.000000000000000000, 0.000000000000000000, 1.000000000000000000 ) ) ;
#2766 = UNCERTAINTY_MEASURE_WITH_UNIT (LENGTH_MEASURE( 1.000000000000000082E-05 ), #1928, 'distance_accuracy_value', 'NONE');
#2767 = EDGE_CURVE ( 'NONE', #472, #3246, #3778, .T. ) ;
#2768 = STYLED_ITEM ( 'NONE', ( #364 ), #4230 ) ;
#2769 = AXIS2_PLACEMENT_3D ( 'NONE', #2326, #4402, #4043 ) ;
#2770 = EDGE_LOOP ( 'NONE', ( #692, #525, #1779, #2246 ) ) ;
#2771 = LINE ( 'NONE', #1014, #2926 ) ;
#2772 = ORIENTED_EDGE ( 'NONE', *, *, #744, .T. ) ;
#2773 = DIRECTION ( 'NONE',  ( -0.000000000000000000, 1.000000000000000000, 0.000000000000000000 ) ) ;
#2774 = ORIENTED_EDGE ( 'NONE', *, *, #2729, .T. ) ;
#2775 = VECTOR ( 'NONE', #883, 1000.000000000000000 ) ;
#2776 = DIRECTION ( 'NONE',  ( -1.000000000000000000, -0.000000000000000000, -0.000000000000000000 ) ) ;
#2777 = VERTEX_POINT ( 'NONE', #4456 ) ;
#2778 = ORIENTED_EDGE ( 'NONE', *, *, #218, .T. ) ;
#2779 = VECTOR ( 'NONE', #3187, 1000.000000000000000 ) ;
#2780 = CIRCLE ( 'NONE', #3419, 1.024999999999998135 ) ;
#2781 = CARTESIAN_POINT ( 'NONE',  ( 1.599999999999997202, 1.868882935473146975E-13, -2.693344157374697012 ) ) ;
#2782 = CARTESIAN_POINT ( 'NONE',  ( 1.600000000000000089, 30.50000000000030198, 59.32499999999998863 ) ) ;
#2783 = FACE_OUTER_BOUND ( 'NONE', #1795, .T. ) ;
#2784 = ORIENTED_EDGE ( 'NONE', *, *, #1073, .T. ) ;
#2785 = ADVANCED_FACE ( 'NONE', ( #1086 ), #2794, .F. ) ;
#2786 = EDGE_LOOP ( 'NONE', ( #2976, #4157, #4048, #2139 ) ) ;
#2787 = LINE ( 'NONE', #1037, #1121 ) ;
#2788 = LINE ( 'NONE', #4134, #4143 ) ;
#2789 = CARTESIAN_POINT ( 'NONE',  ( 34.43031986259653365, 41.59999999999979536, 5.306655842628193120 ) ) ;
#2790 = VECTOR ( 'NONE', #1400, 999.9999999999998863 ) ;
#2791 = DIRECTION ( 'NONE',  ( 0.000000000000000000, 0.000000000000000000, 1.000000000000000000 ) ) ;
#2792 = CIRCLE ( 'NONE', #3724, 2.250000000000001776 ) ;
#2793 = ORIENTED_EDGE ( 'NONE', *, *, #3020, .F. ) ;
#2794 = CYLINDRICAL_SURFACE ( 'NONE', #2636, 15.98032285408328868 ) ;
#2795 = CARTESIAN_POINT ( 'NONE',  ( 0.000000000000000000, 12.81931466328338232, -8.266121087191013572 ) ) ;
#2796 = ORIENTED_EDGE ( 'NONE', *, *, #2911, .F. ) ;
#2797 = CARTESIAN_POINT ( 'NONE',  ( 1.600000000000000089, 4.088077000000001959, 66.88630254679686971 ) ) ;
#2798 = ORIENTED_EDGE ( 'NONE', *, *, #2519, .F. ) ;
#2799 = VERTEX_POINT ( 'NONE', #1426 ) ;
#2800 = ORIENTED_EDGE ( 'NONE', *, *, #1931, .T. ) ;
#2801 = CYLINDRICAL_SURFACE ( 'NONE', #3641, 3.175000000000011369 ) ;
#2802 = DIRECTION ( 'NONE',  ( 1.000000000000000000, -0.000000000000000000, 0.000000000000000000 ) ) ;
#2803 = DIRECTION ( 'NONE',  ( 0.000000000000000000, -2.565210315677348556E-17, -1.000000000000000000 ) ) ;
#2804 = EDGE_CURVE ( 'NONE', #1103, #3369, #4222, .T. ) ;
#2805 = ORIENTED_EDGE ( 'NONE', *, *, #4425, .T. ) ;
#2806 = VERTEX_POINT ( 'NONE', #2061 ) ;
#2807 = CARTESIAN_POINT ( 'NONE',  ( 1.600000000000000089, 39.99999999999999289, 41.93222947802272671 ) ) ;
#2808 = LINE ( 'NONE', #3893, #3574 ) ;
#2809 = FACE_OUTER_BOUND ( 'NONE', #2556, .T. ) ;
#2810 = FACE_OUTER_BOUND ( 'NONE', #1643, .T. ) ;
#2811 = VERTEX_POINT ( 'NONE', #296 ) ;
#2812 = PLANE ( 'NONE',  #750 ) ;
#2813 = EDGE_CURVE ( 'NONE', #3626, #2000, #681, .T. ) ;
#2814 = CARTESIAN_POINT ( 'NONE',  ( 1.600000000000000089, 18.39587551655130682, 0.000000000000000000 ) ) ;
#2815 = ORIENTED_EDGE ( 'NONE', *, *, #509, .F. ) ;
#2816 = ORIENTED_EDGE ( 'NONE', *, *, #4425, .F. ) ;
#2817 = LINE ( 'NONE', #348, #4156 ) ;
#2818 = VERTEX_POINT ( 'NONE', #654 ) ;
#2819 = ORIENTED_EDGE ( 'NONE', *, *, #1477, .T. ) ;
#2820 = ORIENTED_EDGE ( 'NONE', *, *, #3225, .T. ) ;
#2821 = ADVANCED_FACE ( 'NONE', ( #705 ), #4164, .F. ) ;
#2822 = CARTESIAN_POINT ( 'NONE',  ( 0.000000000000000000, 30.77671948322412376, 78.16291816644130108 ) ) ;
#2823 = DIRECTION ( 'NONE',  ( -1.000000000000000000, 0.000000000000000000, -0.000000000000000000 ) ) ;
#2824 = ORIENTED_EDGE ( 'NONE', *, *, #3560, .F. ) ;
#2825 = LINE ( 'NONE', #3865, #3713 ) ;
#2826 = VERTEX_POINT ( 'NONE', #1064 ) ;
#2827 = EDGE_LOOP ( 'NONE', ( #2820, #1251, #703, #1174 ) ) ;
#2828 = DIRECTION ( 'NONE',  ( 1.000000000000000000, -0.000000000000000000, 0.000000000000000000 ) ) ;
#2829 = ADVANCED_FACE ( 'NONE', ( #4481 ), #2812, .T. ) ;
#2830 = CARTESIAN_POINT ( 'NONE',  ( 1.599999999999997202, 41.59999999999937614, 65.30665584262818868 ) ) ;
#2831 = CARTESIAN_POINT ( 'NONE',  ( 1.600000000000000089, -11.69353965725912303, -10.16381858468267829 ) ) ;
#2832 = DIRECTION ( 'NONE',  ( 0.000000000000000000, 0.000000000000000000, 1.000000000000000000 ) ) ;
#2833 = PLANE ( 'NONE',  #2837 ) ;
#2834 = ORIENTED_EDGE ( 'NONE', *, *, #805, .T. ) ;
#2835 = CARTESIAN_POINT ( 'NONE',  ( 34.43031986259653365, 41.59999999999937614, 65.30665584262820289 ) ) ;
#2836 = LINE ( 'NONE', #1183, #2187 ) ;
#2837 = AXIS2_PLACEMENT_3D ( 'NONE', #2178, #2561, #3532 ) ;
#2838 = CIRCLE ( 'NONE', #881, 1.024999999999998135 ) ;
#2839 = EDGE_CURVE ( 'NONE', #3061, #2148, #2771, .T. ) ;
#2840 = VERTEX_POINT ( 'NONE', #3082 ) ;
#2841 = ORIENTED_EDGE ( 'NONE', *, *, #1509, .F. ) ;
#2842 = CARTESIAN_POINT ( 'NONE',  ( 1.600000000000000089, 12.33807700000000196, 44.26130254679684128 ) ) ;
#2843 = ORIENTED_EDGE ( 'NONE', *, *, #436, .F. ) ;
#2844 = VERTEX_POINT ( 'NONE', #3824 ) ;
#2845 = ORIENTED_EDGE ( 'NONE', *, *, #2519, .T. ) ;
#2846 = AXIS2_PLACEMENT_3D ( 'NONE', #4063, #3726, #2260 ) ;
#2847 = VECTOR ( 'NONE', #1585, 1000.000000000000000 ) ;
#2848 = VECTOR ( 'NONE', #287, 1000.000000000000000 ) ;
#2849 = DIRECTION ( 'NONE',  ( -1.000000000000000000, -0.000000000000000000, -0.000000000000000000 ) ) ;
#2850 = LINE ( 'NONE', #3571, #809 ) ;
#2851 = ORIENTED_EDGE ( 'NONE', *, *, #1491, .F. ) ;
#2852 = EDGE_CURVE ( 'NONE', #1478, #4279, #727, .T. ) ;
#2853 = VECTOR ( 'NONE', #4234, 999.9999999999998863 ) ;
#2854 = CARTESIAN_POINT ( 'NONE',  ( 0.000000000000000000, 24.54685933454980074, -44.30477931530260349 ) ) ;
#2855 = ORIENTED_EDGE ( 'NONE', *, *, #157, .T. ) ;
#2856 = AXIS2_PLACEMENT_3D ( 'NONE', #1767, #3802, #366 ) ;
#2857 = ORIENTED_EDGE ( 'NONE', *, *, #1782, .T. ) ;
#2858 = CARTESIAN_POINT ( 'NONE',  ( 0.000000000000000000, 21.56647773738793816, 31.91172395019731312 ) ) ;
#2859 = CARTESIAN_POINT ( 'NONE',  ( 34.43031986259653365, 40.00000000000000711, -32.69334415737191790 ) ) ;
#2860 = FACE_BOUND ( 'NONE', #250, .T. ) ;
#2861 = AXIS2_PLACEMENT_3D ( 'NONE', #1866, #832, #2213 ) ;
#2862 = DIRECTION ( 'NONE',  ( 0.000000000000000000, -1.000000000000000000, 0.000000000000000000 ) ) ;
#2863 = CARTESIAN_POINT ( 'NONE',  ( 1.600000000000000089, 5.088077000000002847, 79.01130254679686971 ) ) ;
#2864 = VERTEX_POINT ( 'NONE', #4114 ) ;
#2865 = PLANE ( 'NONE',  #895 ) ;
#2866 = CARTESIAN_POINT ( 'NONE',  ( 0.000000000000000000, 14.67430735168222888, -10.84286847992993863 ) ) ;
#2867 = ORIENTED_EDGE ( 'NONE', *, *, #13, .F. ) ;
#2868 = FACE_OUTER_BOUND ( 'NONE', #442, .T. ) ;
#2869 = ORIENTED_EDGE ( 'NONE', *, *, #4266, .F. ) ;
#2870 = VECTOR ( 'NONE', #3554, 1000.000000000000000 ) ;
#2871 = CARTESIAN_POINT ( 'NONE',  ( 34.43031986259653365, 0.000000000000000000, 84.41172395019731312 ) ) ;
#2872 = EDGE_CURVE ( 'NONE', #1818, #2020, #2472, .T. ) ;
#2873 = CARTESIAN_POINT ( 'NONE',  ( 1.600000000000000089, 6.113077000000001426, 79.01130254679686971 ) ) ;
#2874 = EDGE_LOOP ( 'NONE', ( #4060, #2414, #1023, #1867 ) ) ;
#2875 = EDGE_CURVE ( 'NONE', #3526, #1634, #2107, .T. ) ;
#2876 = FACE_OUTER_BOUND ( 'NONE', #167, .T. ) ;
#2877 = EDGE_LOOP ( 'NONE', ( #3791, #327, #3301, #935, #2857 ) ) ;
#2878 = CARTESIAN_POINT ( 'NONE',  ( 0.000000000000000000, 18.39587551655130682, 20.38222947802271889 ) ) ;
#2879 = DIRECTION ( 'NONE',  ( 0.000000000000000000, 1.000000000000000000, -2.565210315677348556E-17 ) ) ;
#2880 = DIRECTION ( 'NONE',  ( -1.000000000000000000, 0.000000000000000000, -0.000000000000000000 ) ) ;
#2881 = CARTESIAN_POINT ( 'NONE',  ( 0.000000000000000000, 34.00000000000000711, -36.08827604980267978 ) ) ;
#2882 = DIRECTION ( 'NONE',  ( 0.000000000000000000, 9.912705577010316921E-17, -1.000000000000000000 ) ) ;
#2883 = EDGE_CURVE ( 'NONE', #1092, #2641, #4095, .T. ) ;
#2884 = ORIENTED_EDGE ( 'NONE', *, *, #2270, .T. ) ;
#2885 = FACE_OUTER_BOUND ( 'NONE', #2354, .T. ) ;
#2886 = LINE ( 'NONE', #3586, #230 ) ;
#2887 = VECTOR ( 'NONE', #2258, 1000.000000000000000 ) ;
#2888 = VERTEX_POINT ( 'NONE', #4259 ) ;
#2889 = DIRECTION ( 'NONE',  ( -1.000000000000000000, -0.000000000000000000, -0.000000000000000000 ) ) ;
#2890 = ADVANCED_FACE ( 'NONE', ( #3247 ), #1160, .F. ) ;
#2891 = VERTEX_POINT ( 'NONE', #2565 ) ;
#2892 = VECTOR ( 'NONE', #1864, 1000.000000000000000 ) ;
#2893 = DIRECTION ( 'NONE',  ( 0.000000000000000000, 0.000000000000000000, -1.000000000000000000 ) ) ;
#2894 = CARTESIAN_POINT ( 'NONE',  ( 0.000000000000000000, 1.133367108266477216E-15, 44.18222947802272671 ) ) ;
#2895 = ORIENTED_EDGE ( 'NONE', *, *, #352, .F. ) ;
#2896 = CIRCLE ( 'NONE', #1157, 3.175000000000011369 ) ;
#2897 = DIRECTION ( 'NONE',  ( -1.000000000000000000, -0.000000000000000000, -0.000000000000000000 ) ) ;
#2898 = EDGE_CURVE ( 'NONE', #3796, #1634, #4003, .T. ) ;
#2899 = EDGE_LOOP ( 'NONE', ( #1151, #4171, #489, #262, #3762, #3931, #2895, #1979, #126, #2044, #1932, #2661, #4208, #3406, #4317, #3010, #1225, #3390, #4429, #3661, #3189, #2925, #4189, #710, #416, #2707, #4310, #4326, #997, #1363, #3616, #4231, #967, #405, #4198, #291, #4170, #2489, #2480, #2232, #2626, #3422, #2215, #159, #4108, #2855, #3149, #660, #203, #1305, #1904, #2970, #730, #2612, #2935, #2050, #1606, #2242, #3839, #3158, #2194, #1822 ) ) ;
#2900 = DIRECTION ( 'NONE',  ( -1.000000000000000000, -0.000000000000000000, -0.000000000000000000 ) ) ;
#2901 = CIRCLE ( 'NONE', #1332, 3.175000000000000711 ) ;
#2902 = FACE_OUTER_BOUND ( 'NONE', #1016, .T. ) ;
#2903 = PLANE ( 'NONE',  #1839 ) ;
#2904 = DIRECTION ( 'NONE',  ( 0.000000000000000000, 0.000000000000000000, -1.000000000000000000 ) ) ;
#2905 = DIRECTION ( 'NONE',  ( 0.000000000000000000, -1.107056537182581940E-16, 1.000000000000000000 ) ) ;
#2906 = EDGE_CURVE ( 'NONE', #3557, #386, #161, .T. ) ;
#2907 = CARTESIAN_POINT ( 'NONE',  ( 1.600000000000000089, 4.779558726109145669E-16, 18.63222947802272245 ) ) ;
#2908 = CARTESIAN_POINT ( 'NONE',  ( 1.600000000000000089, 16.39587551655130682, 44.26130254679684839 ) ) ;
#2909 = EDGE_CURVE ( 'NONE', #3695, #2445, #1861, .T. ) ;
#2910 = DIRECTION ( 'NONE',  ( 0.000000000000000000, 0.000000000000000000, 1.000000000000000000 ) ) ;
#2911 = EDGE_CURVE ( 'NONE', #1478, #1968, #3858, .T. ) ;
#2912 = DIRECTION ( 'NONE',  ( 1.000000000000000000, 0.000000000000000000, 0.000000000000000000 ) ) ;
#2913 = VERTEX_POINT ( 'NONE', #3898 ) ;
#2914 = CIRCLE ( 'NONE', #10, 2.249999999999998668 ) ;
#2915 = LINE ( 'NONE', #3627, #3317 ) ;
#2916 = ORIENTED_EDGE ( 'NONE', *, *, #2230, .F. ) ;
#2917 = DIRECTION ( 'NONE',  ( 1.000000000000000000, -0.000000000000000000, -0.000000000000000000 ) ) ;
#2918 = DIRECTION ( 'NONE',  ( 0.000000000000000000, 0.000000000000000000, -1.000000000000000000 ) ) ;
#2919 = DIRECTION ( 'NONE',  ( 1.000000000000000000, -0.000000000000000000, -0.000000000000000000 ) ) ;
#2920 = VECTOR ( 'NONE', #3662, 1000.000000000000000 ) ;
#2921 = CARTESIAN_POINT ( 'NONE',  ( 0.000000000000000000, 29.72527329571467547, 31.91172395019731312 ) ) ;
#2922 = CARTESIAN_POINT ( 'NONE',  ( 0.000000000000000000, 6.088077000000002847, 76.63630254679684128 ) ) ;
#2923 = EDGE_CURVE ( 'NONE', #1580, #1766, #1878, .T. ) ;
#2924 = CARTESIAN_POINT ( 'NONE',  ( 0.000000000000000000, 16.39587551655130682, 44.26130254679684839 ) ) ;
#2925 = ORIENTED_EDGE ( 'NONE', *, *, #1845, .T. ) ;
#2926 = VECTOR ( 'NONE', #1700, 999.9999999999998863 ) ;
#2927 = VERTEX_POINT ( 'NONE', #435 ) ;
#2928 = DIRECTION ( 'NONE',  ( 0.000000000000000000, 1.000000000000000000, 4.336808689942016158E-15 ) ) ;
#2929 = DIRECTION ( 'NONE',  ( -1.000000000000000000, -0.000000000000000000, -0.000000000000000000 ) ) ;
#2930 = VECTOR ( 'NONE', #19, 1000.000000000000114 ) ;
#2931 = CARTESIAN_POINT ( 'NONE',  ( 0.000000000000000000, 21.56647773738793816, 31.91172395019731312 ) ) ;
#2932 = EDGE_LOOP ( 'NONE', ( #3832, #3218, #3461, #3069 ) ) ;
#2933 = EDGE_LOOP ( 'NONE', ( #889, #1918, #561, #3311 ) ) ;
#2934 = CARTESIAN_POINT ( 'NONE',  ( 1.600000000000000089, 14.07149559284959572, 91.48312925485240044 ) ) ;
#2935 = ORIENTED_EDGE ( 'NONE', *, *, #2002, .T. ) ;
#2936 = DIRECTION ( 'NONE',  ( -0.000000000000000000, -1.355252715606880543E-16, 1.000000000000000000 ) ) ;
#2937 = DIRECTION ( 'NONE',  ( 0.000000000000000000, -1.000000000000000000, -4.336808689942016158E-15 ) ) ;
#2938 = DIRECTION ( 'NONE',  ( 0.000000000000000000, 1.000000000000000000, 0.000000000000000000 ) ) ;
#2939 = AXIS2_PLACEMENT_3D ( 'NONE', #3716, #3396, #3691 ) ;
#2940 = CARTESIAN_POINT ( 'NONE',  ( 0.000000000000000000, 31.84175221181335402, -41.78051479031578452 ) ) ;
#2941 = EDGE_CURVE ( 'NONE', #2524, #1170, #99, .T. ) ;
#2942 = DIRECTION ( 'NONE',  ( 0.000000000000000000, 1.250353324713949261E-16, -1.000000000000000000 ) ) ;
#2943 = ORIENTED_EDGE ( 'NONE', *, *, #2510, .F. ) ;
#2944 = DIRECTION ( 'NONE',  ( -1.000000000000000000, -0.000000000000000000, -0.000000000000000000 ) ) ;
#2945 = LINE ( 'NONE', #1221, #2995 ) ;
#2946 = LINE ( 'NONE', #4320, #449 ) ;
#2947 = EDGE_CURVE ( 'NONE', #380, #1821, #1479, .T. ) ;
#2948 = CARTESIAN_POINT ( 'NONE',  ( 34.43031986259653365, -1.600000000000826095, -2.168404344972129790E-16 ) ) ;
#2949 = DIRECTION ( 'NONE',  ( 0.000000000000000000, -0.9821293082772770688, 0.1882073904574352308 ) ) ;
#2950 = EDGE_LOOP ( 'NONE', ( #1078, #1100, #867, #336 ) ) ;
#2951 = ORIENTED_EDGE ( 'NONE', *, *, #2883, .F. ) ;
#2952 = EDGE_CURVE ( 'NONE', #3484, #1094, #3198, .T. ) ;
#2953 = DIRECTION ( 'NONE',  ( 1.000000000000000000, -0.000000000000000000, -0.000000000000000000 ) ) ;
#2954 = VERTEX_POINT ( 'NONE', #2133 ) ;
#2955 = CARTESIAN_POINT ( 'NONE',  ( 1.600000000000000089, 12.33807700000000196, 20.38222947802271889 ) ) ;
#2956 = EDGE_CURVE ( 'NONE', #1438, #3897, #3510, .T. ) ;
#2957 = DIRECTION ( 'NONE',  ( 0.000000000000000000, -2.565210315677348556E-17, -1.000000000000000000 ) ) ;
#2958 = LINE ( 'NONE', #1261, #4419 ) ;
#2959 = FACE_OUTER_BOUND ( 'NONE', #3213, .T. ) ;
#2960 = FACE_OUTER_BOUND ( 'NONE', #3323, .T. ) ;
#2961 = ORIENTED_EDGE ( 'NONE', *, *, #4016, .F. ) ;
#2962 = AXIS2_PLACEMENT_3D ( 'NONE', #2554, #2917, #960 ) ;
#2963 = ORIENTED_EDGE ( 'NONE', *, *, #139, .F. ) ;
#2964 = EDGE_LOOP ( 'NONE', ( #2471, #2204 ) ) ;
#2965 = CARTESIAN_POINT ( 'NONE',  ( 0.000000000000000000, 16.67813011214031960, 95.20257663657463354 ) ) ;
#2966 = LINE ( 'NONE', #275, #3585 ) ;
#2967 = CARTESIAN_POINT ( 'NONE',  ( 0.000000000000000000, -1.600000000000837419, 84.41172395019731312 ) ) ;
#2968 = CARTESIAN_POINT ( 'NONE',  ( 1.600000000000000533, 29.72527329571467547, 38.16172395019732022 ) ) ;
#2969 = CARTESIAN_POINT ( 'NONE',  ( 0.000000000000000000, -1.894779877624857400E-12, 27.30665584262530032 ) ) ;
#2970 = ORIENTED_EDGE ( 'NONE', *, *, #1158, .T. ) ;
#2971 = ORIENTED_EDGE ( 'NONE', *, *, #3095, .T. ) ;
#2972 = EDGE_CURVE ( 'NONE', #3583, #4132, #4072, .T. ) ;
#2973 = VECTOR ( 'NONE', #2073, 1000.000000000000000 ) ;
#2974 = LINE ( 'NONE', #2024, #3587 ) ;
#2975 = AXIS2_PLACEMENT_3D ( 'NONE', #3353, #2269, #2606 ) ;
#2976 = ORIENTED_EDGE ( 'NONE', *, *, #805, .F. ) ;
#2977 = FACE_OUTER_BOUND ( 'NONE', #3838, .T. ) ;
#2978 = AXIS2_PLACEMENT_3D ( 'NONE', #70, #4182, #1156 ) ;
#2979 = AXIS2_PLACEMENT_3D ( 'NONE', #3316, #2369, #2349 ) ;
#2980 = VECTOR ( 'NONE', #3503, 1000.000000000000000 ) ;
#2981 = ADVANCED_FACE ( 'NONE', ( #2885 ), #2865, .T. ) ;
#2982 = FACE_OUTER_BOUND ( 'NONE', #685, .T. ) ;
#2983 = CARTESIAN_POINT ( 'NONE',  ( 0.000000000000000000, 12.12671948322382676, 79.79458174119983482 ) ) ;
#2984 = CARTESIAN_POINT ( 'NONE',  ( 0.000000000000000000, 6.088077000000003736, 66.88630254679686971 ) ) ;
#2985 = DIRECTION ( 'NONE',  ( 0.000000000000000000, 2.565210315677348556E-17, 1.000000000000000000 ) ) ;
#2986 = AXIS2_PLACEMENT_3D ( 'NONE', #2328, #1938, #4427 ) ;
#2987 = ORIENTED_EDGE ( 'NONE', *, *, #2482, .F. ) ;
#2988 = VECTOR ( 'NONE', #1740, 1000.000000000000000 ) ;
#2989 = ORIENTED_EDGE ( 'NONE', *, *, #3664, .T. ) ;
#2990 = DIRECTION ( 'NONE',  ( 0.000000000000000000, 1.107056537182581940E-16, -1.000000000000000000 ) ) ;
#2991 = CARTESIAN_POINT ( 'NONE',  ( 0.000000000000000000, 16.39587551655130682, 0.000000000000000000 ) ) ;
#2992 = DIRECTION ( 'NONE',  ( -1.000000000000000000, -0.000000000000000000, -0.000000000000000000 ) ) ;
#2993 = CARTESIAN_POINT ( 'NONE',  ( 34.43031986259653365, 39.99999999999937472, 57.30665584262807499 ) ) ;
#2994 = AXIS2_PLACEMENT_3D ( 'NONE', #2577, #114, #2531 ) ;
#2995 = VECTOR ( 'NONE', #882, 1000.000000000000000 ) ;
#2996 = LINE ( 'NONE', #1293, #2549 ) ;
#2997 = CARTESIAN_POINT ( 'NONE',  ( 0.000000000000000000, 4.063077000000003380, 64.51130254679685549 ) ) ;
#2998 = ORIENTED_EDGE ( 'NONE', *, *, #1043, .T. ) ;
#2999 = ORIENTED_EDGE ( 'NONE', *, *, #3861, .T. ) ;
#3000 = VECTOR ( 'NONE', #963, 1000.000000000000000 ) ;
#3001 = FACE_OUTER_BOUND ( 'NONE', #4458, .T. ) ;
#3002 = ORIENTED_EDGE ( 'NONE', *, *, #2452, .F. ) ;
#3003 = AXIS2_PLACEMENT_3D ( 'NONE', #2426, #3774, #722 ) ;
#3004 = CARTESIAN_POINT ( 'NONE',  ( 1.600000000000000089, 6.113077000000001426, 64.51130254679685549 ) ) ;
#3005 = DIRECTION ( 'NONE',  ( 1.000000000000000000, -0.000000000000000000, -0.000000000000000000 ) ) ;
#3006 = EDGE_CURVE ( 'NONE', #1956, #955, #72, .T. ) ;
#3007 = CARTESIAN_POINT ( 'NONE',  ( 34.43031986259653365, 41.59999999999979536, 0.000000000000000000 ) ) ;
#3008 = DIRECTION ( 'NONE',  ( 1.000000000000000000, -0.000000000000000000, -0.000000000000000000 ) ) ;
#3009 = ORIENTED_EDGE ( 'NONE', *, *, #1127, .T. ) ;
#3010 = ORIENTED_EDGE ( 'NONE', *, *, #2947, .F. ) ;
#3011 = DIRECTION ( 'NONE',  ( 1.000000000000000000, 0.000000000000000000, 0.000000000000000000 ) ) ;
#3012 = LINE ( 'NONE', #4389, #3998 ) ;
#3013 = CARTESIAN_POINT ( 'NONE',  ( 0.000000000000000000, -1.600000000000209699, -2.168404344971292858E-16 ) ) ;
#3014 = LINE ( 'NONE', #4392, #888 ) ;
#3015 = EDGE_CURVE ( 'NONE', #2386, #2161, #1112, .T. ) ;
#3016 = DIRECTION ( 'NONE',  ( 0.000000000000000000, -1.000000000000000000, 0.000000000000000000 ) ) ;
#3017 = DIRECTION ( 'NONE',  ( -0.000000000000000000, 0.8115739819650134024, 0.5842496656374328579 ) ) ;
#3018 = VERTEX_POINT ( 'NONE', #2499 ) ;
#3019 = ORIENTED_EDGE ( 'NONE', *, *, #772, .F. ) ;
#3020 = EDGE_CURVE ( 'NONE', #1683, #2913, #844, .T. ) ;
#3021 = FACE_OUTER_BOUND ( 'NONE', #781, .T. ) ;
#3022 = ORIENTED_EDGE ( 'NONE', *, *, #1571, .F. ) ;
#3023 = LINE ( 'NONE', #4061, #2172 ) ;
#3024 = LINE ( 'NONE', #4062, #3000 ) ;
#3025 = DIRECTION ( 'NONE',  ( -1.000000000000000000, -0.000000000000000000, -0.000000000000000000 ) ) ;
#3026 = DIRECTION ( 'NONE',  ( 1.000000000000000000, -0.000000000000000000, 0.000000000000000000 ) ) ;
#3027 = DIRECTION ( 'NONE',  ( 0.000000000000000000, 0.5842496656374327468, -0.8115739819650135134 ) ) ;
#3028 = VERTEX_POINT ( 'NONE', #3559 ) ;
#3029 = VECTOR ( 'NONE', #1925, 1000.000000000000000 ) ;
#3030 = EDGE_CURVE ( 'NONE', #2954, #664, #3876, .T. ) ;
#3031 = VERTEX_POINT ( 'NONE', #2908 ) ;
#3032 = FACE_OUTER_BOUND ( 'NONE', #2570, .T. ) ;
#3033 = CARTESIAN_POINT ( 'NONE',  ( 0.000000000000000000, 41.59999999999937614, 0.000000000000000000 ) ) ;
#3034 = DIRECTION ( 'NONE',  ( -1.000000000000000000, -0.000000000000000000, -0.000000000000000000 ) ) ;
#3035 = PLANE ( 'NONE',  #2975 ) ;
#3036 = EDGE_CURVE ( 'NONE', #2513, #2840, #2780, .T. ) ;
#3037 = CARTESIAN_POINT ( 'NONE',  ( 0.000000000000000000, 32.79724476520794241, 26.98672395019731951 ) ) ;
#3038 = CARTESIAN_POINT ( 'NONE',  ( 1.600000000000000089, 16.39587551655130682, 20.38222947802271889 ) ) ;
#3039 = ADVANCED_FACE ( 'NONE', ( #585 ), #4007, .F. ) ;
#3040 = ORIENTED_EDGE ( 'NONE', *, *, #495, .T. ) ;
#3041 = ORIENTED_EDGE ( 'NONE', *, *, #1852, .T. ) ;
#3042 = CYLINDRICAL_SURFACE ( 'NONE', #3677, 2.250000000000001776 ) ;
#3043 = ORIENTED_EDGE ( 'NONE', *, *, #3060, .T. ) ;
#3044 = DIRECTION ( 'NONE',  ( -1.000000000000000000, -0.000000000000000000, -0.000000000000000000 ) ) ;
#3045 = CARTESIAN_POINT ( 'NONE',  ( 1.600000000000000089, -9.898704378715899416E-16, -38.58827604980267978 ) ) ;
#3046 = DIRECTION ( 'NONE',  ( -1.000000000000000000, 0.000000000000000000, 0.000000000000000000 ) ) ;
#3047 = VECTOR ( 'NONE', #2882, 1000.000000000000000 ) ;
#3048 = CIRCLE ( 'NONE', #1965, 2.250000000000001776 ) ;
#3049 = ORIENTED_EDGE ( 'NONE', *, *, #3171, .F. ) ;
#3050 = ORIENTED_EDGE ( 'NONE', *, *, #3995, .T. ) ;
#3051 = CARTESIAN_POINT ( 'NONE',  ( 1.600000000000000089, 5.363667343290376088, -38.58827604980267978 ) ) ;
#3052 = FACE_OUTER_BOUND ( 'NONE', #2093, .T. ) ;
#3053 = EDGE_CURVE ( 'NONE', #3445, #1926, #204, .T. ) ;
#3054 = DIRECTION ( 'NONE',  ( 0.000000000000000000, -0.1882073904574345369, -0.9821293082772769578 ) ) ;
#3055 = FILL_AREA_STYLE_COLOUR ( '', #2694 ) ;
#3056 = CIRCLE ( 'NONE', #1617, 1.575000000000006839 ) ;
#3057 = EDGE_CURVE ( 'NONE', #945, #2826, #4028, .T. ) ;
#3058 = CARTESIAN_POINT ( 'NONE',  ( 34.43031986259653365, 0.000000000000000000, 54.41172395019732022 ) ) ;
#3059 = LINE ( 'NONE', #3667, #4308 ) ;
#3060 = EDGE_CURVE ( 'NONE', #4348, #1188, #3642, .T. ) ;
#3061 = VERTEX_POINT ( 'NONE', #2965 ) ;
#3062 = VECTOR ( 'NONE', #2716, 1000.000000000000000 ) ;
#3063 = PLANE ( 'NONE',  #2690 ) ;
#3064 = EDGE_CURVE ( 'NONE', #2110, #427, #4370, .T. ) ;
#3065 = ORIENTED_EDGE ( 'NONE', *, *, #3092, .F. ) ;
#3066 = AXIS2_PLACEMENT_3D ( 'NONE', #749, #142, #3264 ) ;
#3067 = CARTESIAN_POINT ( 'NONE',  ( 1.600000000000000089, 5.933903368163952303E-16, 23.13222947802271889 ) ) ;
#3068 = AXIS2_PLACEMENT_3D ( 'NONE', #3115, #422, #11 ) ;
#3069 = ORIENTED_EDGE ( 'NONE', *, *, #2909, .F. ) ;
#3070 = VECTOR ( 'NONE', #3433, 1000.000000000000000 ) ;
#3071 = EDGE_CURVE ( 'NONE', #233, #1590, #1656, .T. ) ;
#3072 = DIRECTION ( 'NONE',  ( -1.000000000000000000, -0.000000000000000000, -0.000000000000000000 ) ) ;
#3073 = FACE_OUTER_BOUND ( 'NONE', #3623, .T. ) ;
#3074 = ORIENTED_EDGE ( 'NONE', *, *, #3995, .F. ) ;
#3075 = ORIENTED_EDGE ( 'NONE', *, *, #1196, .F. ) ;
#3076 = CARTESIAN_POINT ( 'NONE',  ( 1.600000000000000089, 30.77671948322412376, 65.66291816644131529 ) ) ;
#3077 = EDGE_CURVE ( 'NONE', #4097, #2445, #1241, .T. ) ;
#3078 = DIRECTION ( 'NONE',  ( 0.000000000000000000, 0.9961946980917454342, -0.08715574274765972018 ) ) ;
#3079 = CARTESIAN_POINT ( 'NONE',  ( 1.599999999999997202, 41.59999999999979536, 5.306655842628193120 ) ) ;
#3080 = LINE ( 'NONE', #1374, #4345 ) ;
#3081 = VECTOR ( 'NONE', #3260, 1000.000000000000000 ) ;
#3082 = CARTESIAN_POINT ( 'NONE',  ( 0.000000000000000000, 5.088077000000004624, 65.53630254679684697 ) ) ;
#3083 = DIRECTION ( 'NONE',  ( 0.000000000000000000, 1.000000000000000000, 6.938893903907222067E-15 ) ) ;
#3084 = ORIENTED_EDGE ( 'NONE', *, *, #3701, .T. ) ;
#3085 = DIRECTION ( 'NONE',  ( 0.000000000000000000, 0.000000000000000000, 1.000000000000000000 ) ) ;
#3086 = EDGE_CURVE ( 'NONE', #1094, #3739, #1972, .T. ) ;
#3087 = ORIENTED_EDGE ( 'NONE', *, *, #995, .F. ) ;
#3088 = DIRECTION ( 'NONE',  ( 0.000000000000000000, 0.000000000000000000, 1.000000000000000000 ) ) ;
#3089 = ORIENTED_EDGE ( 'NONE', *, *, #1675, .F. ) ;
#3090 = ORIENTED_EDGE ( 'NONE', *, *, #3857, .F. ) ;
#3091 = ORIENTED_EDGE ( 'NONE', *, *, #3826, .F. ) ;
#3092 = EDGE_CURVE ( 'NONE', #1741, #2347, #1920, .T. ) ;
#3093 = LINE ( 'NONE', #1099, #3119 ) ;
#3094 = CARTESIAN_POINT ( 'NONE',  ( 0.000000000000000000, 28.64500731160176272, -11.87325260726107956 ) ) ;
#3095 = EDGE_CURVE ( 'NONE', #2864, #733, #862, .T. ) ;
#3096 = AXIS2_PLACEMENT_3D ( 'NONE', #1194, #1176, #856 ) ;
#3097 = ORIENTED_EDGE ( 'NONE', *, *, #2709, .T. ) ;
#3098 = ORIENTED_EDGE ( 'NONE', *, *, #1633, .F. ) ;
#3099 = DIRECTION ( 'NONE',  ( 0.000000000000000000, 0.000000000000000000, -1.000000000000000000 ) ) ;
#3100 = DIRECTION ( 'NONE',  ( -1.000000000000000000, 0.000000000000000000, -0.000000000000000000 ) ) ;
#3101 = AXIS2_PLACEMENT_3D ( 'NONE', #3266, #165, #1484 ) ;
#3102 = LINE ( 'NONE', #4477, #38 ) ;
#3103 = DIRECTION ( 'NONE',  ( 1.000000000000000000, 0.000000000000000000, -0.000000000000000000 ) ) ;
#3104 = AXIS2_PLACEMENT_3D ( 'NONE', #1909, #3292, #1849 ) ;
#3105 = ORIENTED_EDGE ( 'NONE', *, *, #2116, .F. ) ;
#3106 = DIRECTION ( 'NONE',  ( -0.000000000000000000, 0.000000000000000000, -1.000000000000000000 ) ) ;
#3107 = ORIENTED_EDGE ( 'NONE', *, *, #3864, .T. ) ;
#3108 = VECTOR ( 'NONE', #2644, 1000.000000000000000 ) ;
#3109 = AXIS2_PLACEMENT_3D ( 'NONE', #1672, #3011, #1330 ) ;
#3110 = CARTESIAN_POINT ( 'NONE',  ( 34.43031986259653365, 0.000000000000000000, -5.588276049802678891 ) ) ;
#3111 = ORIENTED_EDGE ( 'NONE', *, *, #4085, .T. ) ;
#3112 = ORIENTED_EDGE ( 'NONE', *, *, #2234, .T. ) ;
#3113 = ORIENTED_EDGE ( 'NONE', *, *, #1309, .F. ) ;
#3114 = EDGE_CURVE ( 'NONE', #733, #4130, #1610, .T. ) ;
#3115 = CARTESIAN_POINT ( 'NONE',  ( 1.600000000000000089, 39.20286218823260072, -22.50670115795715631 ) ) ;
#3116 = CARTESIAN_POINT ( 'NONE',  ( 1.600000000000000089, 25.26595800258176538, -49.47062371036174966 ) ) ;
#3117 = CARTESIAN_POINT ( 'NONE',  ( 1.600000000000000089, 33.99999999999999289, 87.66419036505570261 ) ) ;
#3118 = ORIENTED_EDGE ( 'NONE', *, *, #908, .T. ) ;
#3119 = VECTOR ( 'NONE', #4103, 1000.000000000000000 ) ;
#3120 = EDGE_CURVE ( 'NONE', #2347, #582, #962, .T. ) ;
#3121 = ORIENTED_EDGE ( 'NONE', *, *, #1691, .F. ) ;
#3122 = LINE ( 'NONE', #2126, #2980 ) ;
#3123 = CARTESIAN_POINT ( 'NONE',  ( 1.600000000000000089, 33.99999999999999289, 87.66419036505570261 ) ) ;
#3124 = VECTOR ( 'NONE', #367, 1000.000000000000000 ) ;
#3125 = CARTESIAN_POINT ( 'NONE',  ( 1.600000000000000089, 8.392566107048114787, 95.92746955793867869 ) ) ;
#3126 = FACE_OUTER_BOUND ( 'NONE', #1781, .T. ) ;
#3127 = UNCERTAINTY_MEASURE_WITH_UNIT (LENGTH_MEASURE( 1.000000000000000082E-05 ), #4428, 'distance_accuracy_value', 'NONE');
#3128 = ORIENTED_EDGE ( 'NONE', *, *, #1451, .F. ) ;
#3129 = DIRECTION ( 'NONE',  ( 1.000000000000000000, 0.000000000000000000, 0.000000000000000000 ) ) ;
#3130 = CARTESIAN_POINT ( 'NONE',  ( 0.000000000000000000, 1.600991980962532032E-15, 62.41172395019732733 ) ) ;
#3131 = ORIENTED_EDGE ( 'NONE', *, *, #3961, .T. ) ;
#3132 = DIRECTION ( 'NONE',  ( 0.000000000000000000, 1.000000000000000000, 0.000000000000000000 ) ) ;
#3133 = EDGE_CURVE ( 'NONE', #1170, #1375, #4319, .T. ) ;
#3134 = ORIENTED_EDGE ( 'NONE', *, *, #3479, .T. ) ;
#3135 = ORIENTED_EDGE ( 'NONE', *, *, #4035, .T. ) ;
#3136 = ORIENTED_EDGE ( 'NONE', *, *, #63, .F. ) ;
#3137 = VECTOR ( 'NONE', #3594, 1000.000000000000000 ) ;
#3138 = AXIS2_PLACEMENT_3D ( 'NONE', #1697, #4432, #1060 ) ;
#3139 = CARTESIAN_POINT ( 'NONE',  ( 1.600000000000000089, 1.017932644060996652E-15, 39.68222947802272671 ) ) ;
#3140 = CARTESIAN_POINT ( 'NONE',  ( 0.000000000000000000, 39.99999999999999289, 41.93222947802272671 ) ) ;
#3141 = CARTESIAN_POINT ( 'NONE',  ( 1.599999999999997202, -1.600000000000838529, 92.41172395019731312 ) ) ;
#3142 = ORIENTED_EDGE ( 'NONE', *, *, #3701, .F. ) ;
#3143 = EDGE_CURVE ( 'NONE', #1634, #1276, #3619, .T. ) ;
#3144 = ORIENTED_EDGE ( 'NONE', *, *, #1205, .T. ) ;
#3145 = CYLINDRICAL_SURFACE ( 'NONE', #2254, 2.250000000000001776 ) ;
#3146 = LINE ( 'NONE', #2032, #3062 ) ;
#3147 = CYLINDRICAL_SURFACE ( 'NONE', #1130, 2.250000000000001776 ) ;
#3148 = AXIS2_PLACEMENT_3D ( 'NONE', #4147, #1360, #2749 ) ;
#3149 = ORIENTED_EDGE ( 'NONE', *, *, #3412, .T. ) ;
#3150 = DIRECTION ( 'NONE',  ( 0.000000000000000000, -0.6560141633023947039, 0.7547485790292413066 ) ) ;
#3151 = PLANE ( 'NONE',  #2627 ) ;
#3152 = ADVANCED_FACE ( 'NONE', ( #3325 ), #226, .T. ) ;
#3153 = ORIENTED_EDGE ( 'NONE', *, *, #2217, .F. ) ;
#3154 = ORIENTED_EDGE ( 'NONE', *, *, #477, .T. ) ;
#3155 = VECTOR ( 'NONE', #4347, 1000.000000000000000 ) ;
#3156 = CARTESIAN_POINT ( 'NONE',  ( 1.600000000000000089, 45.32361320977902608, 78.53100417340615991 ) ) ;
#3157 = ORIENTED_EDGE ( 'NONE', *, *, #1824, .T. ) ;
#3158 = ORIENTED_EDGE ( 'NONE', *, *, #1675, .T. ) ;
#3159 = EDGE_LOOP ( 'NONE', ( #3136, #4329, #2028, #2441 ) ) ;
#3160 = EDGE_CURVE ( 'NONE', #1978, #179, #4050, .T. ) ;
#3161 = LINE ( 'NONE', #2072, #1258 ) ;
#3162 = DIRECTION ( 'NONE',  ( -1.000000000000000000, 0.000000000000000000, 0.000000000000000000 ) ) ;
#3163 = VERTEX_POINT ( 'NONE', #2605 ) ;
#3164 = CARTESIAN_POINT ( 'NONE',  ( 1.600000000000000089, 4.063077000000003380, 64.51130254679685549 ) ) ;
#3165 = ORIENTED_EDGE ( 'NONE', *, *, #2088, .F. ) ;
#3166 = ORIENTED_EDGE ( 'NONE', *, *, #3438, .F. ) ;
#3167 = CARTESIAN_POINT ( 'NONE',  ( 0.000000000000000000, 0.000000000000000000, 84.41172395019731312 ) ) ;
#3168 = CARTESIAN_POINT ( 'NONE',  ( 1.600000000000000089, -3.071244824209612169E-13, 44.26130254679675602 ) ) ;
#3169 = FACE_BOUND ( 'NONE', #2704, .T. ) ;
#3170 = CARTESIAN_POINT ( 'NONE',  ( 1.600000000000000089, 40.00000000000000000, 4.428226148730328054E-15 ) ) ;
#3171 = EDGE_CURVE ( 'NONE', #1791, #2041, #3012, .T. ) ;
#3172 = DIRECTION ( 'NONE',  ( 0.000000000000000000, -9.912705577010316921E-17, -1.000000000000000000 ) ) ;
#3173 = ORIENTED_EDGE ( 'NONE', *, *, #3617, .F. ) ;
#3174 = DIRECTION ( 'NONE',  ( -1.000000000000000000, -0.000000000000000000, -0.000000000000000000 ) ) ;
#3175 = EDGE_CURVE ( 'NONE', #2319, #975, #2675, .T. ) ;
#3176 = DIRECTION ( 'NONE',  ( 0.000000000000000000, -6.938893903907240999E-14, 1.000000000000000000 ) ) ;
#3177 = VERTEX_POINT ( 'NONE', #1563 ) ;
#3178 = EDGE_CURVE ( 'NONE', #2041, #3358, #2945, .T. ) ;
#3179 = ORIENTED_EDGE ( 'NONE', *, *, #690, .F. ) ;
#3180 = CARTESIAN_POINT ( 'NONE',  ( 1.600000000000000089, 6.588077000000002847, 76.13630254679685549 ) ) ;
#3181 = ORIENTED_EDGE ( 'NONE', *, *, #2183, .F. ) ;
#3182 = ORIENTED_EDGE ( 'NONE', *, *, #3543, .F. ) ;
#3183 = ORIENTED_EDGE ( 'NONE', *, *, #3232, .T. ) ;
#3184 = DIRECTION ( 'NONE',  ( 0.000000000000000000, -1.000000000000000000, -6.938893903907240999E-14 ) ) ;
#3185 = CARTESIAN_POINT ( 'NONE',  ( 0.000000000000000000, 8.392566107048125446, 95.92746955793863606 ) ) ;
#3186 = VERTEX_POINT ( 'NONE', #1038 ) ;
#3187 = DIRECTION ( 'NONE',  ( 1.000000000000000000, -0.000000000000000000, -0.000000000000000000 ) ) ;
#3188 = VERTEX_POINT ( 'NONE', #1333 ) ;
#3189 = ORIENTED_EDGE ( 'NONE', *, *, #541, .T. ) ;
#3190 = CARTESIAN_POINT ( 'NONE',  ( 0.000000000000000000, 33.99999999999999289, 87.66419036505570261 ) ) ;
#3191 = CARTESIAN_POINT ( 'NONE',  ( 1.600000000000000089, 28.64500731160176272, -11.87325260726107423 ) ) ;
#3192 = CARTESIAN_POINT ( 'NONE',  ( 1.600000000000000089, 9.877821068621924994, -53.61397923772977236 ) ) ;
#3193 = DIRECTION ( 'NONE',  ( 0.000000000000000000, 0.000000000000000000, -1.000000000000000000 ) ) ;
#3194 = CARTESIAN_POINT ( 'NONE',  ( 1.600000000000000089, 14.50000040439469551, 19.13559017415981245 ) ) ;
#3195 = ORIENTED_EDGE ( 'NONE', *, *, #629, .F. ) ;
#3196 = VECTOR ( 'NONE', #3733, 1000.000000000000000 ) ;
#3197 = EDGE_CURVE ( 'NONE', #3741, #2386, #989, .T. ) ;
#3198 = LINE ( 'NONE', #3601, #2271 ) ;
#3199 = LINE ( 'NONE', #1450, #3209 ) ;
#3200 = CIRCLE ( 'NONE', #1607, 1.024999999999998135 ) ;
#3201 = VECTOR ( 'NONE', #872, 1000.000000000000114 ) ;
#3202 = VECTOR ( 'NONE', #4312, 1000.000000000000000 ) ;
#3203 = ADVANCED_FACE ( 'NONE', ( #3052 ), #1716, .T. ) ;
#3204 = ORIENTED_EDGE ( 'NONE', *, *, #2677, .T. ) ;
#3205 = EDGE_CURVE ( 'NONE', #3302, #148, #2345, .T. ) ;
#3206 = CARTESIAN_POINT ( 'NONE',  ( 1.600000000000000089, 30.22328051677647309, 59.33708183355869181 ) ) ;
#3207 = ORIENTED_EDGE ( 'NONE', *, *, #1667, .T. ) ;
#3208 = AXIS2_PLACEMENT_3D ( 'NONE', #3117, #3744, #1712 ) ;
#3209 = VECTOR ( 'NONE', #413, 1000.000000000000000 ) ;
#3210 = VECTOR ( 'NONE', #37, 999.9999999999998863 ) ;
#3211 = CARTESIAN_POINT ( 'NONE',  ( 1.600000000000000089, 32.04870963951375984, -34.96802343138419644 ) ) ;
#3212 = DIRECTION ( 'NONE',  ( 0.000000000000000000, -2.565210315677348556E-17, -1.000000000000000000 ) ) ;
#3213 = EDGE_LOOP ( 'NONE', ( #411, #1654, #2179, #3074 ) ) ;
#3214 = AXIS2_PLACEMENT_3D ( 'NONE', #1496, #2175, #1421 ) ;
#3215 = DIRECTION ( 'NONE',  ( -0.000000000000000000, 1.000000000000000000, 0.000000000000000000 ) ) ;
#3216 = ADVANCED_FACE ( 'NONE', ( #3731 ), #721, .T. ) ;
#3217 = VECTOR ( 'NONE', #1182, 1000.000000000000114 ) ;
#3218 = ORIENTED_EDGE ( 'NONE', *, *, #1790, .T. ) ;
#3219 = LINE ( 'NONE', #4251, #3201 ) ;
#3220 = LINE ( 'NONE', #1107, #3894 ) ;
#3221 = LINE ( 'NONE', #2516, #1688 ) ;
#3222 = CIRCLE ( 'NONE', #534, 15.39112077116033817 ) ;
#3223 = CARTESIAN_POINT ( 'NONE',  ( 0.000000000000000000, -0.000000000000000000, 20.38222947802271889 ) ) ;
#3224 = DIRECTION ( 'NONE',  ( 1.000000000000000000, 0.000000000000000000, 0.000000000000000000 ) ) ;
#3225 = EDGE_CURVE ( 'NONE', #3492, #2404, #2788, .T. ) ;
#3226 = ORIENTED_EDGE ( 'NONE', *, *, #2941, .F. ) ;
#3227 = DIRECTION ( 'NONE',  ( -1.000000000000000000, -0.000000000000000000, -0.000000000000000000 ) ) ;
#3228 = LINE ( 'NONE', #4260, #1319 ) ;
#3229 = ORIENTED_EDGE ( 'NONE', *, *, #2351, .T. ) ;
#3230 = DIRECTION ( 'NONE',  ( 0.000000000000000000, 2.565210315677348556E-17, 1.000000000000000000 ) ) ;
#3231 = VERTEX_POINT ( 'NONE', #3478 ) ;
#3232 = EDGE_CURVE ( 'NONE', #518, #3470, #3146, .T. ) ;
#3233 = CARTESIAN_POINT ( 'NONE',  ( 0.000000000000000000, 28.64500731160176272, -11.87325260726107956 ) ) ;
#3234 = CARTESIAN_POINT ( 'NONE',  ( 1.599999999999997202, 0.000000000000000000, 84.41172395019731312 ) ) ;
#3235 = ORIENTED_EDGE ( 'NONE', *, *, #3143, .F. ) ;
#3236 = DIRECTION ( 'NONE',  ( -1.000000000000000000, -0.000000000000000000, -0.000000000000000000 ) ) ;
#3237 = EDGE_CURVE ( 'NONE', #3547, #1375, #970, .T. ) ;
#3238 = ORIENTED_EDGE ( 'NONE', *, *, #150, .T. ) ;
#3239 = ADVANCED_FACE ( 'NONE', ( #3749 ), #4069, .F. ) ;
#3240 = LINE ( 'NONE', #3577, #3340 ) ;
#3241 = LINE ( 'NONE', #117, #2303 ) ;
#3242 = FACE_OUTER_BOUND ( 'NONE', #2430, .T. ) ;
#3243 = ADVANCED_FACE ( 'NONE', ( #2762 ), #1399, .F. ) ;
#3244 = DIRECTION ( 'NONE',  ( 0.000000000000000000, 0.7811261647642349093, 0.6243732174915234134 ) ) ;
#3245 = DIRECTION ( 'NONE',  ( 0.000000000000000000, 1.000000000000000000, -2.565210315677348556E-17 ) ) ;
#3246 = VERTEX_POINT ( 'NONE', #2696 ) ;
#3247 = FACE_OUTER_BOUND ( 'NONE', #834, .T. ) ;
#3248 = LINE ( 'NONE', #2567, #2409 ) ;
#3249 = VECTOR ( 'NONE', #635, 1000.000000000000000 ) ;
#3250 = FACE_OUTER_BOUND ( 'NONE', #891, .T. ) ;
#3251 = VERTEX_POINT ( 'NONE', #1737 ) ;
#3252 = VECTOR ( 'NONE', #2889, 1000.000000000000000 ) ;
#3253 = LINE ( 'NONE', #3570, #1365 ) ;
#3254 = EDGE_CURVE ( 'NONE', #2000, #3626, #1758, .T. ) ;
#3255 = VERTEX_POINT ( 'NONE', #3798 ) ;
#3256 = CARTESIAN_POINT ( 'NONE',  ( 0.000000000000000000, 40.00000000000000000, 18.63222947802272245 ) ) ;
#3257 = CYLINDRICAL_SURFACE ( 'NONE', #817, 1.575000000000006839 ) ;
#3258 = PLANE ( 'NONE',  #3096 ) ;
#3259 = CARTESIAN_POINT ( 'NONE',  ( 1.600000000000000089, 14.33807700000000551, 20.38222947802271889 ) ) ;
#3260 = DIRECTION ( 'NONE',  ( -1.000000000000000000, -0.000000000000000000, -0.000000000000000000 ) ) ;
#3261 = LINE ( 'NONE', #1538, #2333 ) ;
#3262 = EDGE_LOOP ( 'NONE', ( #914, #569, #3195, #2713 ) ) ;
#3263 = ORIENTED_EDGE ( 'NONE', *, *, #1394, .T. ) ;
#3264 = DIRECTION ( 'NONE',  ( 0.000000000000000000, 0.000000000000000000, -1.000000000000000000 ) ) ;
#3265 = LINE ( 'NONE', #1502, #4426 ) ;
#3266 = CARTESIAN_POINT ( 'NONE',  ( 0.000000000000000000, 5.088077000000002847, 80.26130254679686971 ) ) ;
#3267 = ORIENTED_EDGE ( 'NONE', *, *, #198, .F. ) ;
#3268 = VECTOR ( 'NONE', #3298, 1000.000000000000000 ) ;
#3269 = ORIENTED_EDGE ( 'NONE', *, *, #3836, .T. ) ;
#3270 = ADVANCED_FACE ( 'NONE', ( #382 ), #2735, .F. ) ;
#3271 = CARTESIAN_POINT ( 'NONE',  ( 34.43031986259653365, 52.50000000000000711, 83.86273747578029258 ) ) ;
#3272 = EDGE_LOOP ( 'NONE', ( #1485, #2459, #3112, #1458, #2136 ) ) ;
#3273 = LINE ( 'NONE', #172, #1184 ) ;
#3274 = CARTESIAN_POINT ( 'NONE',  ( 0.000000000000000000, 41.60000000000000853, -24.69334415737180422 ) ) ;
#3275 = LINE ( 'NONE', #3974, #2887 ) ;
#3276 = CIRCLE ( 'NONE', #1253, 1.575000000000006839 ) ;
#3277 = CARTESIAN_POINT ( 'NONE',  ( 1.600000000000000089, -3.071244824209612169E-13, 44.26130254679675602 ) ) ;
#3278 = DIRECTION ( 'NONE',  ( 1.000000000000000000, 0.000000000000000000, 0.000000000000000000 ) ) ;
#3279 = DIRECTION ( 'NONE',  ( 0.000000000000000000, 0.000000000000000000, -1.000000000000000000 ) ) ;
#3280 = ORIENTED_EDGE ( 'NONE', *, *, #3205, .F. ) ;
#3281 = EDGE_CURVE ( 'NONE', #1041, #4416, #2397, .T. ) ;
#3282 = AXIS2_PLACEMENT_3D ( 'NONE', #2402, #1679, #2038 ) ;
#3283 = EDGE_LOOP ( 'NONE', ( #426, #2332, #156, #1051, #1456 ) ) ;
#3284 = DIRECTION ( 'NONE',  ( 0.000000000000000000, 0.7547485790292317587, 0.6560141633024058061 ) ) ;
#3285 = LINE ( 'NONE', #2293, #3414 ) ;
#3286 = VECTOR ( 'NONE', #1059, 1000.000000000000000 ) ;
#3287 = LINE ( 'NONE', #1998, #4059 ) ;
#3288 = CARTESIAN_POINT ( 'NONE',  ( 1.600000000000000089, 4.063077000000003380, 64.51130254679685549 ) ) ;
#3289 = ORIENTED_EDGE ( 'NONE', *, *, #887, .T. ) ;
#3290 = EDGE_CURVE ( 'NONE', #966, #3255, #3933, .T. ) ;
#3291 = VERTEX_POINT ( 'NONE', #21 ) ;
#3292 = DIRECTION ( 'NONE',  ( 0.000000000000000000, -1.000000000000000000, -1.355252715606880543E-16 ) ) ;
#3293 = ORIENTED_EDGE ( 'NONE', *, *, #1451, .T. ) ;
#3294 = DIRECTION ( 'NONE',  ( -0.000000000000000000, -0.000000000000000000, -1.000000000000000000 ) ) ;
#3295 = AXIS2_PLACEMENT_3D ( 'NONE', #2881, #431, #3193 ) ;
#3296 = EDGE_CURVE ( 'NONE', #1978, #1434, #3819, .T. ) ;
#3297 = CARTESIAN_POINT ( 'NONE',  ( 1.600000000000000089, 23.50186465498095600, -48.13650715641739453 ) ) ;
#3298 = DIRECTION ( 'NONE',  ( 0.000000000000000000, -1.355252715606881529E-16, 1.000000000000000000 ) ) ;
#3299 = FACE_BOUND ( 'NONE', #215, .T. ) ;
#3300 = PLANE ( 'NONE',  #4423 ) ;
#3301 = ORIENTED_EDGE ( 'NONE', *, *, #2074, .T. ) ;
#3302 = VERTEX_POINT ( 'NONE', #293 ) ;
#3303 = ORIENTED_EDGE ( 'NONE', *, *, #596, .F. ) ;
#3304 = DIRECTION ( 'NONE',  ( -1.000000000000000000, -0.000000000000000000, -0.000000000000000000 ) ) ;
#3305 = EDGE_CURVE ( 'NONE', #3626, #4464, #677, .T. ) ;
#3306 = CARTESIAN_POINT ( 'NONE',  ( 0.000000000000000000, 32.35499268839883769, -2.026747392738916353 ) ) ;
#3307 = CARTESIAN_POINT ( 'NONE',  ( 1.600000000000000533, 21.56647773738793816, 38.16172395019732022 ) ) ;
#3308 = CARTESIAN_POINT ( 'NONE',  ( 1.600000000000000089, 4.088077000000002847, 76.63630254679684128 ) ) ;
#3309 = ORIENTED_EDGE ( 'NONE', *, *, #2368, .F. ) ;
#3310 = AXIS2_PLACEMENT_3D ( 'NONE', #3168, #67, #3083 ) ;
#3311 = ORIENTED_EDGE ( 'NONE', *, *, #1744, .F. ) ;
#3312 = EDGE_CURVE ( 'NONE', #987, #4451, #1927, .T. ) ;
#3313 = CARTESIAN_POINT ( 'NONE',  ( 0.000000000000000000, 12.81931466328338232, -8.266121087191015349 ) ) ;
#3314 = ORIENTED_EDGE ( 'NONE', *, *, #4460, .F. ) ;
#3315 = CARTESIAN_POINT ( 'NONE',  ( 1.600000000000000089, 40.00000000000000000, 4.428226148730328054E-15 ) ) ;
#3316 = CARTESIAN_POINT ( 'NONE',  ( 1.600000000000000089, 45.32361320977902608, 78.53100417340615991 ) ) ;
#3317 = VECTOR ( 'NONE', #3988, 1000.000000000000000 ) ;
#3318 = CARTESIAN_POINT ( 'NONE',  ( 1.599999999999997202, 0.000000000000000000, -35.58827604980267978 ) ) ;
#3319 = CARTESIAN_POINT ( 'NONE',  ( 0.000000000000000000, 31.87818812500693610, -39.36345762753823863 ) ) ;
#3320 = LINE ( 'NONE', #2240, #3922 ) ;
#3321 = VERTEX_POINT ( 'NONE', #407 ) ;
#3322 = VECTOR ( 'NONE', #575, 1000.000000000000227 ) ;
#3323 = EDGE_LOOP ( 'NONE', ( #4220, #1381, #1, #4287 ) ) ;
#3324 = DIRECTION ( 'NONE',  ( 0.000000000000000000, -1.000000000000000000, -4.336808689942016158E-15 ) ) ;
#3325 = FACE_OUTER_BOUND ( 'NONE', #365, .T. ) ;
#3326 = CARTESIAN_POINT ( 'NONE',  ( 0.000000000000000000, 29.72527329571467547, 31.91172395019731312 ) ) ;
#3327 = CARTESIAN_POINT ( 'NONE',  ( 1.600000000000000089, 14.67430735168222888, -10.84286847992993863 ) ) ;
#3328 = CARTESIAN_POINT ( 'NONE',  ( 34.43031986259653365, 0.000000000000000000, -35.58827604980267978 ) ) ;
#3329 = LINE ( 'NONE', #3356, #2723 ) ;
#3330 = ORIENTED_EDGE ( 'NONE', *, *, #2588, .T. ) ;
#3331 = PRESENTATION_STYLE_ASSIGNMENT (( #3985 ) ) ;
#3332 = ORIENTED_EDGE ( 'NONE', *, *, #2, .T. ) ;
#3333 = VECTOR ( 'NONE', #2676, 1000.000000000000000 ) ;
#3334 = ADVANCED_FACE ( 'NONE', ( #3242 ), #1133, .T. ) ;
#3335 = DIRECTION ( 'NONE',  ( 0.000000000000000000, -1.355252715606880543E-16, 1.000000000000000000 ) ) ;
#3336 = VECTOR ( 'NONE', #4144, 1000.000000000000000 ) ;
#3337 = ORIENTED_EDGE ( 'NONE', *, *, #2149, .T. ) ;
#3338 = DIRECTION ( 'NONE',  ( 0.000000000000000000, 1.000000000000000000, 4.336808689942016158E-15 ) ) ;
#3339 = AXIS2_PLACEMENT_3D ( 'NONE', #409, #3940, #3172 ) ;
#3340 = VECTOR ( 'NONE', #4291, 1000.000000000000000 ) ;
#3341 = LINE ( 'NONE', #1599, #1825 ) ;
#3342 = CARTESIAN_POINT ( 'NONE',  ( 1.600000000000000089, 31.84175221181335402, -41.78051479031578452 ) ) ;
#3343 = PLANE ( 'NONE',  #4209 ) ;
#3344 = EDGE_CURVE ( 'NONE', #2192, #1276, #45, .T. ) ;
#3345 = CARTESIAN_POINT ( 'NONE',  ( 0.000000000000000000, 32.35499268839915032, -17.02674739273891191 ) ) ;
#3346 = ORIENTED_EDGE ( 'NONE', *, *, #1738, .T. ) ;
#3347 = EDGE_CURVE ( 'NONE', #2135, #4318, #2808, .T. ) ;
#3348 = VECTOR ( 'NONE', #3482, 1000.000000000000000 ) ;
#3349 = ORIENTED_EDGE ( 'NONE', *, *, #4150, .F. ) ;
#3350 = CARTESIAN_POINT ( 'NONE',  ( 1.600000000000000089, 14.67430735168253975, -25.84286847992993685 ) ) ;
#3351 = DIRECTION ( 'NONE',  ( -0.000000000000000000, 0.9961946980917453232, -0.08715574274766044183 ) ) ;
#3352 = LINE ( 'NONE', #927, #4341 ) ;
#3353 = CARTESIAN_POINT ( 'NONE',  ( 0.000000000000000000, 30.77671948322412376, 65.66291816644130108 ) ) ;
#3354 = VECTOR ( 'NONE', #4270, 1000.000000000000000 ) ;
#3355 = ADVANCED_FACE ( 'NONE', ( #2537, #2467, #839, #2493, #3529, #2220, #135, #3871, #3169, #1516, #1472, #4180, #2153, #3913, #816, #2860 ), #3597, .T. ) ;
#3356 = CARTESIAN_POINT ( 'NONE',  ( 1.600000000000000089, 17.80378335755217378, 92.90611485113865342 ) ) ;
#3357 = ORIENTED_EDGE ( 'NONE', *, *, #2952, .T. ) ;
#3358 = VERTEX_POINT ( 'NONE', #1810 ) ;
#3359 = ORIENTED_EDGE ( 'NONE', *, *, #512, .F. ) ;
#3360 = DIRECTION ( 'NONE',  ( 0.000000000000000000, 1.107056537182581940E-16, -1.000000000000000000 ) ) ;
#3361 = ORIENTED_EDGE ( 'NONE', *, *, #414, .T. ) ;
#3362 = VECTOR ( 'NONE', #1638, 1000.000000000000114 ) ;
#3363 = EDGE_CURVE ( 'NONE', #1605, #2864, #3221, .T. ) ;
#3364 = CARTESIAN_POINT ( 'NONE',  ( 34.43031986259653365, 40.00000000000000711, -24.69334415737191790 ) ) ;
#3365 = CARTESIAN_POINT ( 'NONE',  ( 1.600000000000000089, 30.77671948322412376, 78.16291816644130108 ) ) ;
#3366 = CARTESIAN_POINT ( 'NONE',  ( 0.000000000000000000, 32.50029082216772736, -37.39179683649661712 ) ) ;
#3367 = EDGE_CURVE ( 'NONE', #2564, #2386, #743, .T. ) ;
#3368 = FACE_BOUND ( 'NONE', #434, .T. ) ;
#3369 = VERTEX_POINT ( 'NONE', #3505 ) ;
#3370 = EDGE_CURVE ( 'NONE', #2818, #966, #3553, .T. ) ;
#3371 = VECTOR ( 'NONE', #2362, 1000.000000000000000 ) ;
#3372 = VERTEX_POINT ( 'NONE', #498 ) ;
#3373 = CARTESIAN_POINT ( 'NONE',  ( 0.000000000000000000, 12.90846725636835046, -2.473675224485240243 ) ) ;
#3374 = CARTESIAN_POINT ( 'NONE',  ( 1.599999999999997202, 41.59999999999958931, 0.000000000000000000 ) ) ;
#3375 = CARTESIAN_POINT ( 'NONE',  ( 0.000000000000000000, 41.59999999999979536, -2.693344157371810432 ) ) ;
#3376 = CARTESIAN_POINT ( 'NONE',  ( 1.600000000000000089, 4.063077000000003380, 79.01130254679686971 ) ) ;
#3377 = DIRECTION ( 'NONE',  ( 0.000000000000000000, 0.9961946980917453232, -0.08715574274766045570 ) ) ;
#3378 = DIRECTION ( 'NONE',  ( 0.000000000000000000, -0.9961946980917454342, 0.08715574274765972018 ) ) ;
#3379 = ORIENTED_EDGE ( 'NONE', *, *, #3569, .F. ) ;
#3380 = EDGE_LOOP ( 'NONE', ( #1435, #2423, #1783, #507 ) ) ;
#3381 = DIRECTION ( 'NONE',  ( 0.000000000000000000, 0.000000000000000000, 1.000000000000000000 ) ) ;
#3382 = ORIENTED_EDGE ( 'NONE', *, *, #4068, .F. ) ;
#3383 = DIRECTION ( 'NONE',  ( 0.000000000000000000, 0.000000000000000000, -1.000000000000000000 ) ) ;
#3384 = EDGE_CURVE ( 'NONE', #2069, #2799, #2703, .T. ) ;
#3385 = CARTESIAN_POINT ( 'NONE',  ( 1.599999999999997202, -1.600000000000826095, -2.168404344972129790E-16 ) ) ;
#3386 = CARTESIAN_POINT ( 'NONE',  ( 1.600000000000000089, 4.063077000000003380, 80.26130254679686971 ) ) ;
#3387 = ORIENTED_EDGE ( 'NONE', *, *, #3900, .F. ) ;
#3388 = ADVANCED_FACE ( 'NONE', ( #453 ), #1154, .T. ) ;
#3389 = EDGE_CURVE ( 'NONE', #1721, #4416, #3276, .T. ) ;
#3390 = ORIENTED_EDGE ( 'NONE', *, *, #584, .F. ) ;
#3391 = FACE_OUTER_BOUND ( 'NONE', #520, .T. ) ;
#3392 = CARTESIAN_POINT ( 'NONE',  ( 0.000000000000000000, 40.00000000000000000, 4.428226148730328054E-15 ) ) ;
#3393 = CARTESIAN_POINT ( 'NONE',  ( 1.600000000000000089, 2.313972428858317077E-15, 5.261723950197324307 ) ) ;
#3394 = CARTESIAN_POINT ( 'NONE',  ( 1.600000000000000089, 6.088077000000002847, 76.13630254679685549 ) ) ;
#3395 = LINE ( 'NONE', #1720, #136 ) ;
#3396 = DIRECTION ( 'NONE',  ( 1.000000000000000000, -0.000000000000000000, 0.000000000000000000 ) ) ;
#3397 = ORIENTED_EDGE ( 'NONE', *, *, #1427, .T. ) ;
#3398 = CARTESIAN_POINT ( 'NONE',  ( 1.600000000000000089, 31.84175221181335402, -41.78051479031578452 ) ) ;
#3399 = ORIENTED_EDGE ( 'NONE', *, *, #1564, .F. ) ;
#3400 = DIRECTION ( 'NONE',  ( 0.000000000000000000, 0.000000000000000000, -1.000000000000000000 ) ) ;
#3401 = ORIENTED_EDGE ( 'NONE', *, *, #3504, .T. ) ;
#3402 = ADVANCED_FACE ( 'NONE', ( #1857 ), #2903, .F. ) ;
#3403 = DIRECTION ( 'NONE',  ( 0.000000000000000000, 1.355252715606880543E-16, -1.000000000000000000 ) ) ;
#3404 = LINE ( 'NONE', #309, #2202 ) ;
#3405 = MECHANICAL_DESIGN_GEOMETRIC_PRESENTATION_REPRESENTATION (  '', ( #2768 ), #234 ) ;
#3406 = ORIENTED_EDGE ( 'NONE', *, *, #3347, .F. ) ;
#3407 = VECTOR ( 'NONE', #338, 1000.000000000000114 ) ;
#3408 = ORIENTED_EDGE ( 'NONE', *, *, #3743, .T. ) ;
#3409 = DIRECTION ( 'NONE',  ( -1.000000000000000000, -0.000000000000000000, -0.000000000000000000 ) ) ;
#3410 = CARTESIAN_POINT ( 'NONE',  ( 0.000000000000000000, 14.67430735168222888, -10.84286847992993863 ) ) ;
#3411 = DIRECTION ( 'NONE',  ( 1.000000000000000000, 0.000000000000000000, -0.000000000000000000 ) ) ;
#3412 = EDGE_CURVE ( 'NONE', #2076, #3789, #2599, .T. ) ;
#3413 = DIRECTION ( 'NONE',  ( -1.000000000000000000, -0.000000000000000000, -0.000000000000000000 ) ) ;
#3414 = VECTOR ( 'NONE', #3665, 1000.000000000000000 ) ;
#3415 = AXIS2_PLACEMENT_3D ( 'NONE', #84, #3162, #60 ) ;
#3416 = DIRECTION ( 'NONE',  ( 1.000000000000000000, 0.000000000000000000, 0.000000000000000000 ) ) ;
#3417 = DIRECTION ( 'NONE',  ( 0.000000000000000000, 1.776356839400250465E-15, -1.000000000000000000 ) ) ;
#3418 = ORIENTED_EDGE ( 'NONE', *, *, #1124, .F. ) ;
#3419 = AXIS2_PLACEMENT_3D ( 'NONE', #122, #3942, #1501 ) ;
#3420 = EDGE_CURVE ( 'NONE', #3960, #2160, #3957, .T. ) ;
#3421 = PLANE ( 'NONE',  #1603 ) ;
#3422 = ORIENTED_EDGE ( 'NONE', *, *, #3657, .F. ) ;
#3423 = VECTOR ( 'NONE', #3174, 1000.000000000000000 ) ;
#3424 = LINE ( 'NONE', #3881, #840 ) ;
#3425 = EDGE_CURVE ( 'NONE', #880, #1419, #4044, .T. ) ;
#3426 = CIRCLE ( 'NONE', #1482, 1.024999999999998135 ) ;
#3427 = VERTEX_POINT ( 'NONE', #1891 ) ;
#3428 = VERTEX_POINT ( 'NONE', #2983 ) ;
#3429 = LINE ( 'NONE', #760, #2047 ) ;
#3430 = LINE ( 'NONE', #1733, #28 ) ;
#3431 = ORIENTED_EDGE ( 'NONE', *, *, #3092, .T. ) ;
#3432 = ORIENTED_EDGE ( 'NONE', *, *, #3030, .F. ) ;
#3433 = DIRECTION ( 'NONE',  ( 0.000000000000000000, -1.000000000000000000, 0.000000000000000000 ) ) ;
#3434 = DIRECTION ( 'NONE',  ( 1.000000000000000000, -0.000000000000000000, -0.000000000000000000 ) ) ;
#3435 = CARTESIAN_POINT ( 'NONE',  ( 1.600000000000000089, 3.469446951953614189E-15, 41.93222947802272671 ) ) ;
#3436 =( LENGTH_UNIT ( ) NAMED_UNIT ( * ) SI_UNIT ( .MILLI., .METRE. ) );
#3437 = CIRCLE ( 'NONE', #3511, 2.250000000000001776 ) ;
#3438 = EDGE_CURVE ( 'NONE', #2365, #2110, #2259, .T. ) ;
#3439 = CARTESIAN_POINT ( 'NONE',  ( 0.000000000000000000, 0.000000000000000000, 54.41172395019732022 ) ) ;
#3440 = DIRECTION ( 'NONE',  ( 0.000000000000000000, 0.000000000000000000, 1.000000000000000000 ) ) ;
#3441 = ORIENTED_EDGE ( 'NONE', *, *, #584, .T. ) ;
#3442 = CARTESIAN_POINT ( 'NONE',  ( 1.600000000000000089, 6.088077000000002847, 76.63630254679684128 ) ) ;
#3443 = ORIENTED_EDGE ( 'NONE', *, *, #4187, .T. ) ;
#3444 = LINE ( 'NONE', #4119, #1197 ) ;
#3445 = VERTEX_POINT ( 'NONE', #3975 ) ;
#3446 = ORIENTED_EDGE ( 'NONE', *, *, #2433, .T. ) ;
#3447 = ORIENTED_EDGE ( 'NONE', *, *, #2736, .T. ) ;
#3448 = ADVANCED_FACE ( 'NONE', ( #175 ), #2327, .F. ) ;
#3449 = LINE ( 'NONE', #353, #4436 ) ;
#3450 = LINE ( 'NONE', #2730, #3694 ) ;
#3451 = DIRECTION ( 'NONE',  ( 1.000000000000000000, 0.000000000000000000, -0.000000000000000000 ) ) ;
#3452 = AXIS2_PLACEMENT_3D ( 'NONE', #4273, #174, #514 ) ;
#3453 = VERTEX_POINT ( 'NONE', #1936 ) ;
#3454 = ORIENTED_EDGE ( 'NONE', *, *, #1486, .T. ) ;
#3455 = CARTESIAN_POINT ( 'NONE',  ( 1.600000000000000089, 5.088077000000004624, 65.53630254679684697 ) ) ;
#3456 = DIRECTION ( 'NONE',  ( 0.000000000000000000, 0.000000000000000000, -1.000000000000000000 ) ) ;
#3457 = AXIS2_PLACEMENT_3D ( 'NONE', #488, #2912, #4283 ) ;
#3458 = DIRECTION ( 'NONE',  ( 1.000000000000000000, 0.000000000000000000, -0.000000000000000000 ) ) ;
#3459 = SURFACE_STYLE_USAGE ( .BOTH. , #4092 ) ;
#3460 = ADVANCED_FACE ( 'NONE', ( #1627 ), #1195, .T. ) ;
#3461 = ORIENTED_EDGE ( 'NONE', *, *, #3077, .T. ) ;
#3462 = DIRECTION ( 'NONE',  ( -1.000000000000000000, -0.000000000000000000, -0.000000000000000000 ) ) ;
#3463 = VECTOR ( 'NONE', #3335, 1000.000000000000000 ) ;
#3464 = DIRECTION ( 'NONE',  ( -1.000000000000000000, 0.000000000000000000, 0.000000000000000000 ) ) ;
#3465 = ORIENTED_EDGE ( 'NONE', *, *, #2388, .T. ) ;
#3466 = VECTOR ( 'NONE', #2944, 1000.000000000000000 ) ;
#3467 = CARTESIAN_POINT ( 'NONE',  ( 34.43031986259653365, 41.60000000000000853, -32.69334415737181132 ) ) ;
#3468 = VERTEX_POINT ( 'NONE', #3655 ) ;
#3469 = ORIENTED_EDGE ( 'NONE', *, *, #2116, .T. ) ;
#3470 = VERTEX_POINT ( 'NONE', #247 ) ;
#3471 = EDGE_CURVE ( 'NONE', #2954, #3960, #3704, .T. ) ;
#3472 = DIRECTION ( 'NONE',  ( 0.000000000000000000, 1.000000000000000000, 8.673617379884032317E-15 ) ) ;
#3473 = CARTESIAN_POINT ( 'NONE',  ( 1.600000000000000089, -12.13154330883544318, 83.21245911331128298 ) ) ;
#3474 = DIRECTION ( 'NONE',  ( 0.000000000000000000, -0.8115739819650190645, -0.5842496656374249753 ) ) ;
#3475 = VERTEX_POINT ( 'NONE', #3259 ) ;
#3476 = VERTEX_POINT ( 'NONE', #1913 ) ;
#3477 = DIRECTION ( 'NONE',  ( 0.000000000000000000, -0.8115739819650190645, -0.5842496656374250863 ) ) ;
#3478 = CARTESIAN_POINT ( 'NONE',  ( 0.000000000000000000, 6.113077000000001426, 79.01130254679686971 ) ) ;
#3479 = EDGE_CURVE ( 'NONE', #1092, #301, #2763, .T. ) ;
#3480 = AXIS2_PLACEMENT_3D ( 'NONE', #3328, #1975, #4393 ) ;
#3481 = DIRECTION ( 'NONE',  ( 0.000000000000000000, 6.938893903907240999E-14, -1.000000000000000000 ) ) ;
#3482 = DIRECTION ( 'NONE',  ( -1.000000000000000000, 0.000000000000000000, 0.000000000000000000 ) ) ;
#3483 =( GEOMETRIC_REPRESENTATION_CONTEXT ( 3 ) GLOBAL_UNCERTAINTY_ASSIGNED_CONTEXT ( ( #2766 ) ) GLOBAL_UNIT_ASSIGNED_CONTEXT ( ( #1928, #236, #2611 ) ) REPRESENTATION_CONTEXT ( 'NONE', 'WORKASPACE' ) );
#3484 = VERTEX_POINT ( 'NONE', #900 ) ;
#3485 = CARTESIAN_POINT ( 'NONE',  ( 1.600000000000000089, 40.00000000000000000, -2.693344157371921455 ) ) ;
#3486 = EDGE_CURVE ( 'NONE', #2276, #754, #2131, .T. ) ;
#3487 = PLANE ( 'NONE',  #3919 ) ;
#3488 = ORIENTED_EDGE ( 'NONE', *, *, #2208, .T. ) ;
#3489 = ORIENTED_EDGE ( 'NONE', *, *, #3086, .T. ) ;
#3490 = VECTOR ( 'NONE', #1444, 1000.000000000000000 ) ;
#3491 = CARTESIAN_POINT ( 'NONE',  ( 0.000000000000000000, 39.20286218823260072, -22.50670115795715631 ) ) ;
#3492 = VERTEX_POINT ( 'NONE', #4314 ) ;
#3493 = ORIENTED_EDGE ( 'NONE', *, *, #563, .F. ) ;
#3494 = ORIENTED_EDGE ( 'NONE', *, *, #1686, .F. ) ;
#3495 = AXIS2_PLACEMENT_3D ( 'NONE', #4298, #2225, #1202 ) ;
#3496 = LINE ( 'NONE', #1389, #897 ) ;
#3497 = CARTESIAN_POINT ( 'NONE',  ( 0.000000000000000000, -3.682232187652648854E-13, 5.306655842625306541 ) ) ;
#3498 = EDGE_CURVE ( 'NONE', #57, #2692, #4383, .T. ) ;
#3499 = DIRECTION ( 'NONE',  ( 0.000000000000000000, 0.000000000000000000, -1.000000000000000000 ) ) ;
#3500 = ORIENTED_EDGE ( 'NONE', *, *, #1347, .T. ) ;
#3501 = AXIS2_PLACEMENT_3D ( 'NONE', #2374, #2031, #3324 ) ;
#3502 = ORIENTED_EDGE ( 'NONE', *, *, #3753, .F. ) ;
#3503 = DIRECTION ( 'NONE',  ( 1.000000000000000000, -0.000000000000000000, -0.000000000000000000 ) ) ;
#3504 = EDGE_CURVE ( 'NONE', #2276, #987, #1535, .T. ) ;
#3505 = CARTESIAN_POINT ( 'NONE',  ( 1.600000000000000089, 4.063077000000003380, 80.26130254679686971 ) ) ;
#3506 = CARTESIAN_POINT ( 'NONE',  ( 0.000000000000000000, 39.99999999999980105, 5.306655842628082098 ) ) ;
#3507 = EDGE_CURVE ( 'NONE', #4040, #3695, #1215, .T. ) ;
#3508 = CIRCLE ( 'NONE', #261, 2.249999999999998668 ) ;
#3509 = VERTEX_POINT ( 'NONE', #1600 ) ;
#3510 = LINE ( 'NONE', #798, #318 ) ;
#3511 = AXIS2_PLACEMENT_3D ( 'NONE', #2239, #1558, #137 ) ;
#3512 = DIRECTION ( 'NONE',  ( 0.000000000000000000, 0.000000000000000000, -1.000000000000000000 ) ) ;
#3513 = ORIENTED_EDGE ( 'NONE', *, *, #4321, .T. ) ;
#3514 = VERTEX_POINT ( 'NONE', #197 ) ;
#3515 = VECTOR ( 'NONE', #815, 1000.000000000000000 ) ;
#3516 = CARTESIAN_POINT ( 'NONE',  ( 0.000000000000000000, 5.363667343290376088, -38.58827604980267978 ) ) ;
#3517 = ORIENTED_EDGE ( 'NONE', *, *, #2591, .F. ) ;
#3518 = EDGE_LOOP ( 'NONE', ( #132, #849, #237, #3534 ) ) ;
#3519 = ORIENTED_EDGE ( 'NONE', *, *, #4401, .T. ) ;
#3520 = FACE_OUTER_BOUND ( 'NONE', #2481, .T. ) ;
#3521 = DIRECTION ( 'NONE',  ( 0.000000000000000000, -0.8115739819650190645, -0.5842496656374249753 ) ) ;
#3522 = VERTEX_POINT ( 'NONE', #1576 ) ;
#3523 = CARTESIAN_POINT ( 'NONE',  ( 1.600000000000000089, 10.55542615334358558, 5.261723950197319866 ) ) ;
#3524 = ORIENTED_EDGE ( 'NONE', *, *, #642, .F. ) ;
#3525 = EDGE_CURVE ( 'NONE', #3031, #2490, #2958, .T. ) ;
#3526 = VERTEX_POINT ( 'NONE', #4333 ) ;
#3527 = CARTESIAN_POINT ( 'NONE',  ( 0.000000000000000000, -11.69353965725912303, -10.16381858468267829 ) ) ;
#3528 = DIRECTION ( 'NONE',  ( 0.000000000000000000, 2.565210315677348556E-17, 1.000000000000000000 ) ) ;
#3529 = FACE_BOUND ( 'NONE', #3649, .T. ) ;
#3530 = DIRECTION ( 'NONE',  ( -1.000000000000000000, -0.000000000000000000, -0.000000000000000000 ) ) ;
#3531 = ADVANCED_FACE ( 'NONE', ( #1233 ), #919, .F. ) ;
#3532 = DIRECTION ( 'NONE',  ( 0.000000000000000000, -0.9821293082772777350, 0.1882073904574315115 ) ) ;
#3533 = EDGE_CURVE ( 'NONE', #1510, #1798, #1988, .T. ) ;
#3534 = ORIENTED_EDGE ( 'NONE', *, *, #1882, .F. ) ;
#3535 = DIRECTION ( 'NONE',  ( -1.000000000000000000, -0.000000000000000000, -0.000000000000000000 ) ) ;
#3536 = DIRECTION ( 'NONE',  ( -1.000000000000000000, -0.000000000000000000, -0.000000000000000000 ) ) ;
#3537 = ORIENTED_EDGE ( 'NONE', *, *, #1554, .F. ) ;
#3538 = ORIENTED_EDGE ( 'NONE', *, *, #475, .T. ) ;
#3539 = CIRCLE ( 'NONE', #1584, 0.4999999999999865663 ) ;
#3540 = CARTESIAN_POINT ( 'NONE',  ( 1.600000000000000089, 30.46119753227376137, -37.73320069683507683 ) ) ;
#3541 = ORIENTED_EDGE ( 'NONE', *, *, #355, .T. ) ;
#3542 = ORIENTED_EDGE ( 'NONE', *, *, #811, .F. ) ;
#3543 = EDGE_CURVE ( 'NONE', #1117, #4015, #1649, .T. ) ;
#3544 = VECTOR ( 'NONE', #3294, 1000.000000000000000 ) ;
#3545 = DIRECTION ( 'NONE',  ( 1.000000000000000000, 0.000000000000000000, -0.000000000000000000 ) ) ;
#3546 = DIRECTION ( 'NONE',  ( 0.000000000000000000, -0.2877246076653731666, 0.9577131878301599066 ) ) ;
#3547 = VERTEX_POINT ( 'NONE', #4011 ) ;
#3548 = LINE ( 'NONE', #2233, #2779 ) ;
#3549 = ADVANCED_FACE ( 'NONE', ( #4031 ), #910, .T. ) ;
#3550 = ORIENTED_EDGE ( 'NONE', *, *, #2436, .F. ) ;
#3551 = DIRECTION ( 'NONE',  ( 0.000000000000000000, 0.000000000000000000, 1.000000000000000000 ) ) ;
#3552 = CARTESIAN_POINT ( 'NONE',  ( 0.000000000000000000, 6.113077000000001426, 64.51130254679685549 ) ) ;
#3553 = LINE ( 'NONE', #791, #2853 ) ;
#3554 = DIRECTION ( 'NONE',  ( 0.000000000000000000, -1.107056537182581940E-16, 1.000000000000000000 ) ) ;
#3555 = PLANE ( 'NONE',  #1749 ) ;
#3556 = AXIS2_PLACEMENT_3D ( 'NONE', #2873, #4225, #784 ) ;
#3557 = VERTEX_POINT ( 'NONE', #2294 ) ;
#3558 = CIRCLE ( 'NONE', #3776, 3.174999999999908784 ) ;
#3559 = CARTESIAN_POINT ( 'NONE',  ( 0.000000000000000000, 34.00000000000000711, -33.83827604980267978 ) ) ;
#3560 = EDGE_CURVE ( 'NONE', #4451, #987, #4094, .T. ) ;
#3561 = LINE ( 'NONE', #437, #742 ) ;
#3562 = VECTOR ( 'NONE', #2261, 1000.000000000000000 ) ;
#3563 = ORIENTED_EDGE ( 'NONE', *, *, #908, .F. ) ;
#3564 = DIRECTION ( 'NONE',  ( 0.000000000000000000, 0.000000000000000000, -1.000000000000000000 ) ) ;
#3565 = EDGE_CURVE ( 'NONE', #3637, #4040, #3690, .T. ) ;
#3566 = EDGE_LOOP ( 'NONE', ( #959, #4297, #1774, #1645 ) ) ;
#3567 = AXIS2_PLACEMENT_3D ( 'NONE', #4084, #3451, #377 ) ;
#3568 = VECTOR ( 'NONE', #1676, 1000.000000000000000 ) ;
#3569 = EDGE_CURVE ( 'NONE', #3188, #2460, #257, .T. ) ;
#3570 = CARTESIAN_POINT ( 'NONE',  ( 0.000000000000000000, 6.113077000000001426, 79.01130254679686971 ) ) ;
#3571 = CARTESIAN_POINT ( 'NONE',  ( 1.600000000000000089, -5.713660983684766492, -1.716548216891827794 ) ) ;
#3572 = ORIENTED_EDGE ( 'NONE', *, *, #2628, .T. ) ;
#3573 = VECTOR ( 'NONE', #2512, 1000.000000000000000 ) ;
#3574 = VECTOR ( 'NONE', #1108, 999.9999999999998863 ) ;
#3575 = CARTESIAN_POINT ( 'NONE',  ( 0.000000000000000000, 32.87530306181896833, 85.71545826513890631 ) ) ;
#3576 = ORIENTED_EDGE ( 'NONE', *, *, #878, .T. ) ;
#3577 = CARTESIAN_POINT ( 'NONE',  ( 1.600000000000000089, 25.26595800258176538, -49.47062371036174966 ) ) ;
#3578 = CARTESIAN_POINT ( 'NONE',  ( 1.600000000000000089, -7.076973031470814340E-16, -27.58827604980266912 ) ) ;
#3579 = CARTESIAN_POINT ( 'NONE',  ( 1.600000000000000089, 32.79724476520794241, 38.41172395019731312 ) ) ;
#3580 = CARTESIAN_POINT ( 'NONE',  ( 0.000000000000000000, 29.72527329571467547, 25.66172395019730601 ) ) ;
#3581 = CARTESIAN_POINT ( 'NONE',  ( 1.600000000000000089, 32.50029082216772736, -37.39179683649661712 ) ) ;
#3582 = AXIS2_PLACEMENT_3D ( 'NONE', #1281, #2007, #2667 ) ;
#3583 = VERTEX_POINT ( 'NONE', #1245 ) ;
#3584 = DIRECTION ( 'NONE',  ( 1.000000000000000000, -0.000000000000000000, -0.000000000000000000 ) ) ;
#3585 = VECTOR ( 'NONE', #2992, 1000.000000000000000 ) ;
#3586 = CARTESIAN_POINT ( 'NONE',  ( 0.000000000000000000, 33.97725791936502304, -42.50746896926139584 ) ) ;
#3587 = VECTOR ( 'NONE', #302, 1000.000000000000000 ) ;
#3588 = ADVANCED_FACE ( 'NONE', ( #1640 ), #885, .T. ) ;
#3589 = CARTESIAN_POINT ( 'NONE',  ( 1.600000000000000089, 0.000000000000000000, 0.000000000000000000 ) ) ;
#3590 = ORIENTED_EDGE ( 'NONE', *, *, #4344, .F. ) ;
#3591 = DIRECTION ( 'NONE',  ( 0.000000000000000000, 0.000000000000000000, -1.000000000000000000 ) ) ;
#3592 = ORIENTED_EDGE ( 'NONE', *, *, #2645, .T. ) ;
#3593 = EDGE_CURVE ( 'NONE', #1306, #2524, #2996, .T. ) ;
#3594 = DIRECTION ( 'NONE',  ( -1.000000000000000000, -0.000000000000000000, -0.000000000000000000 ) ) ;
#3595 = FACE_OUTER_BOUND ( 'NONE', #1802, .T. ) ;
#3596 = CYLINDRICAL_SURFACE ( 'NONE', #3452, 2.250000000000001776 ) ;
#3597 = PLANE ( 'NONE',  #168 ) ;
#3598 = LINE ( 'NONE', #2517, #548 ) ;
#3599 = PLANE ( 'NONE',  #1677 ) ;
#3600 = VERTEX_POINT ( 'NONE', #4413 ) ;
#3601 = CARTESIAN_POINT ( 'NONE',  ( 1.599999999999997202, -2.706677067814780187E-13, 62.41172395019732733 ) ) ;
#3602 = CARTESIAN_POINT ( 'NONE',  ( 34.43031986259653365, -3.682232187652648854E-13, 5.306655842625306541 ) ) ;
#3603 = EDGE_CURVE ( 'NONE', #3428, #4396, #208, .T. ) ;
#3604 = DIRECTION ( 'NONE',  ( 0.000000000000000000, 0.1882073904574351753, 0.9821293082772768468 ) ) ;
#3605 = EDGE_LOOP ( 'NONE', ( #2784, #285, #3204, #3043 ) ) ;
#3606 = VERTEX_POINT ( 'NONE', #973 ) ;
#3607 = DIRECTION ( 'NONE',  ( 0.000000000000000000, 0.000000000000000000, -1.000000000000000000 ) ) ;
#3608 = ORIENTED_EDGE ( 'NONE', *, *, #3972, .F. ) ;
#3609 = ADVANCED_FACE ( 'NONE', ( #2679 ), #3666, .F. ) ;
#3610 = CARTESIAN_POINT ( 'NONE',  ( 0.000000000000000000, 30.77671948322412376, 78.16291816644130108 ) ) ;
#3611 = FACE_OUTER_BOUND ( 'NONE', #560, .T. ) ;
#3612 = CYLINDRICAL_SURFACE ( 'NONE', #349, 3.174999999999908784 ) ;
#3613 = DIRECTION ( 'NONE',  ( 1.000000000000000000, -0.000000000000000000, -0.000000000000000000 ) ) ;
#3614 = CARTESIAN_POINT ( 'NONE',  ( 0.000000000000000000, 40.00000000000000000, 4.428226148730328054E-15 ) ) ;
#3615 = DIRECTION ( 'NONE',  ( -1.000000000000000000, 0.000000000000000000, 0.000000000000000000 ) ) ;
#3616 = ORIENTED_EDGE ( 'NONE', *, *, #2482, .T. ) ;
#3617 = EDGE_CURVE ( 'NONE', #2435, #4015, #3048, .T. ) ;
#3618 = ORIENTED_EDGE ( 'NONE', *, *, #465, .T. ) ;
#3619 = LINE ( 'NONE', #521, #3783 ) ;
#3620 = FACE_OUTER_BOUND ( 'NONE', #916, .T. ) ;
#3621 = CARTESIAN_POINT ( 'NONE',  ( 0.000000000000000000, 5.088077000000002847, 81.28630254679686118 ) ) ;
#3622 = EDGE_CURVE ( 'NONE', #3606, #1321, #3625, .T. ) ;
#3623 = EDGE_LOOP ( 'NONE', ( #581, #1570, #4471, #3809 ) ) ;
#3624 = CIRCLE ( 'NONE', #3845, 5.999999999999991118 ) ;
#3625 = CIRCLE ( 'NONE', #374, 1.024999999999998135 ) ;
#3626 = VERTEX_POINT ( 'NONE', #3037 ) ;
#3627 = CARTESIAN_POINT ( 'NONE',  ( 0.000000000000000000, 41.59999999999979536, 0.000000000000000000 ) ) ;
#3628 = ORIENTED_EDGE ( 'NONE', *, *, #4304, .F. ) ;
#3629 = LINE ( 'NONE', #3315, #3108 ) ;
#3630 = AXIS2_PLACEMENT_3D ( 'NONE', #3602, #3176, #74 ) ;
#3631 = ADVANCED_FACE ( 'NONE', ( #1615 ), #2361, .T. ) ;
#3632 = LINE ( 'NONE', #1575, #4129 ) ;
#3633 = CARTESIAN_POINT ( 'NONE',  ( 0.000000000000000000, 3.588077000000009953, 67.38630254679685549 ) ) ;
#3634 = DIRECTION ( 'NONE',  ( 0.000000000000000000, -1.000000000000000000, 0.000000000000000000 ) ) ;
#3635 = PLANE ( 'NONE',  #1830 ) ;
#3636 = CARTESIAN_POINT ( 'NONE',  ( 1.600000000000000089, 12.12671948322382676, 79.79458174119983482 ) ) ;
#3637 = VERTEX_POINT ( 'NONE', #1271 ) ;
#3638 = VECTOR ( 'NONE', #461, 1000.000000000000000 ) ;
#3639 = ORIENTED_EDGE ( 'NONE', *, *, #1922, .F. ) ;
#3640 = EDGE_LOOP ( 'NONE', ( #543, #2943, #2068, #1371 ) ) ;
#3641 = AXIS2_PLACEMENT_3D ( 'NONE', #2118, #2165, #2095 ) ;
#3642 = LINE ( 'NONE', #2991, #827 ) ;
#3643 = EDGE_CURVE ( 'NONE', #4099, #3978, #2914, .T. ) ;
#3644 = DIRECTION ( 'NONE',  ( 0.000000000000000000, -1.355252715606880543E-16, 1.000000000000000000 ) ) ;
#3645 = VECTOR ( 'NONE', #4133, 1000.000000000000000 ) ;
#3646 = CARTESIAN_POINT ( 'NONE',  ( 1.600000000000000089, 33.99999999999999289, 87.66419036505570261 ) ) ;
#3647 = CARTESIAN_POINT ( 'NONE',  ( 1.599999999999997202, 52.50000000000000711, 0.000000000000000000 ) ) ;
#3648 = ORIENTED_EDGE ( 'NONE', *, *, #1824, .F. ) ;
#3649 = EDGE_LOOP ( 'NONE', ( #2824, #861 ) ) ;
#3650 = CARTESIAN_POINT ( 'NONE',  ( 1.600000000000000089, 12.81931466328369140, -23.26612108719102068 ) ) ;
#3651 = ORIENTED_EDGE ( 'NONE', *, *, #4278, .T. ) ;
#3652 = CARTESIAN_POINT ( 'NONE',  ( 0.000000000000000000, 1.713444952406907212E-12, -24.69334415737469257 ) ) ;
#3653 = AXIS2_PLACEMENT_3D ( 'NONE', #1083, #2081, #363 ) ;
#3654 = CARTESIAN_POINT ( 'NONE',  ( 1.600000000000000089, 20.40342174601092395, 94.87665585028294402 ) ) ;
#3655 = CARTESIAN_POINT ( 'NONE',  ( 1.600000000000000089, 14.67430735168253975, -29.01786847992993756 ) ) ;
#3656 = FACE_BOUND ( 'NONE', #2877, .T. ) ;
#3657 = EDGE_CURVE ( 'NONE', #4122, #2308, #3287, .T. ) ;
#3658 = DIRECTION ( 'NONE',  ( 0.000000000000000000, 0.8115739819650136244, 0.5842496656374325248 ) ) ;
#3659 = ORIENTED_EDGE ( 'NONE', *, *, #3471, .F. ) ;
#3660 = ORIENTED_EDGE ( 'NONE', *, *, #1002, .T. ) ;
#3661 = ORIENTED_EDGE ( 'NONE', *, *, #596, .T. ) ;
#3662 = DIRECTION ( 'NONE',  ( 1.000000000000000000, -0.000000000000000000, -0.000000000000000000 ) ) ;
#3663 = LINE ( 'NONE', #3013, #1376 ) ;
#3664 = EDGE_CURVE ( 'NONE', #2692, #1438, #1567, .T. ) ;
#3665 = DIRECTION ( 'NONE',  ( 0.000000000000000000, 0.000000000000000000, -1.000000000000000000 ) ) ;
#3666 = PLANE ( 'NONE',  #812 ) ;
#3667 = CARTESIAN_POINT ( 'NONE',  ( 1.600000000000000089, 32.35499268839883769, -2.026747392738916353 ) ) ;
#3668 = ORIENTED_EDGE ( 'NONE', *, *, #2729, .F. ) ;
#3669 = AXIS2_PLACEMENT_3D ( 'NONE', #1015, #322, #1785 ) ;
#3670 = ORIENTED_EDGE ( 'NONE', *, *, #3347, .T. ) ;
#3671 = DIRECTION ( 'NONE',  ( 0.000000000000000000, 0.000000000000000000, -1.000000000000000000 ) ) ;
#3672 = ADVANCED_FACE ( 'NONE', ( #2272 ), #2317, .T. ) ;
#3673 = EDGE_LOOP ( 'NONE', ( #1165, #1285, #4191, #3541 ) ) ;
#3674 = CIRCLE ( 'NONE', #1512, 2.250000000000001776 ) ;
#3675 = CARTESIAN_POINT ( 'NONE',  ( 0.000000000000000000, 28.64500731160145364, 3.126747392738919107 ) ) ;
#3676 = CARTESIAN_POINT ( 'NONE',  ( 0.000000000000000000, -0.000000000000000000, 0.000000000000000000 ) ) ;
#3677 = AXIS2_PLACEMENT_3D ( 'NONE', #4417, #1664, #1320 ) ;
#3678 = DIRECTION ( 'NONE',  ( -1.000000000000000000, 0.000000000000000000, 0.000000000000000000 ) ) ;
#3679 = EDGE_CURVE ( 'NONE', #1952, #3739, #4186, .T. ) ;
#3680 = PLANE ( 'NONE',  #3990 ) ;
#3681 = CARTESIAN_POINT ( 'NONE',  ( 0.000000000000000000, 45.32361320977902608, 78.53100417340615991 ) ) ;
#3682 = ORIENTED_EDGE ( 'NONE', *, *, #3143, .T. ) ;
#3683 = VECTOR ( 'NONE', #2849, 1000.000000000000000 ) ;
#3684 = ORIENTED_EDGE ( 'NONE', *, *, #4411, .F. ) ;
#3685 = CARTESIAN_POINT ( 'NONE',  ( 34.43031986259653365, -1.600000000000004308, -2.168404344971014538E-16 ) ) ;
#3686 = DIRECTION ( 'NONE',  ( -0.000000000000000000, 1.000000000000000000, 0.000000000000000000 ) ) ;
#3687 = DIRECTION ( 'NONE',  ( -1.000000000000000000, -0.000000000000000000, -0.000000000000000000 ) ) ;
#3688 = CARTESIAN_POINT ( 'NONE',  ( 0.000000000000000000, 4.779558726109145669E-16, 18.63222947802272245 ) ) ;
#3689 = ADVANCED_FACE ( 'NONE', ( #728 ), #1703, .T. ) ;
#3690 = LINE ( 'NONE', #3734, #951 ) ;
#3691 = DIRECTION ( 'NONE',  ( 0.000000000000000000, 0.000000000000000000, -1.000000000000000000 ) ) ;
#3692 = ORIENTED_EDGE ( 'NONE', *, *, #3086, .F. ) ;
#3693 = ORIENTED_EDGE ( 'NONE', *, *, #2436, .T. ) ;
#3694 = VECTOR ( 'NONE', #1731, 1000.000000000000000 ) ;
#3695 = VERTEX_POINT ( 'NONE', #3738 ) ;
#3696 = ADVANCED_FACE ( 'NONE', ( #1339 ), #3063, .F. ) ;
#3697 = PLANE ( 'NONE',  #2742 ) ;
#3698 = AXIS2_PLACEMENT_3D ( 'NONE', #515, #153, #1557 ) ;
#3699 = ORIENTED_EDGE ( 'NONE', *, *, #1295, .T. ) ;
#3700 = DIRECTION ( 'NONE',  ( 0.000000000000000000, 1.000000000000000000, 6.938893903907240999E-14 ) ) ;
#3701 = EDGE_CURVE ( 'NONE', #331, #3522, #3, .T. ) ;
#3702 = EDGE_CURVE ( 'NONE', #3745, #4218, #1087, .T. ) ;
#3703 = CARTESIAN_POINT ( 'NONE',  ( 1.599999999999997202, -1.600000000000000755, -27.58827604980267623 ) ) ;
#3704 = LINE ( 'NONE', #3318, #2416 ) ;
#3705 = CARTESIAN_POINT ( 'NONE',  ( 0.000000000000000000, 16.39587551655130682, 20.38222947802271889 ) ) ;
#3706 = FACE_OUTER_BOUND ( 'NONE', #4192, .T. ) ;
#3707 = ORIENTED_EDGE ( 'NONE', *, *, #51, .F. ) ;
#3708 = EDGE_LOOP ( 'NONE', ( #112, #2163 ) ) ;
#3709 = FACE_OUTER_BOUND ( 'NONE', #1579, .T. ) ;
#3710 = CARTESIAN_POINT ( 'NONE',  ( 0.000000000000000000, -2.449891389937437286E-12, 35.30665584262531098 ) ) ;
#3711 = CARTESIAN_POINT ( 'NONE',  ( 1.600000000000000089, 32.79724476520794241, 23.83672395019730672 ) ) ;
#3712 = CARTESIAN_POINT ( 'NONE',  ( 1.600000000000000089, 3.588077000000001959, 76.13630254679685549 ) ) ;
#3713 = VECTOR ( 'NONE', #763, 1000.000000000000000 ) ;
#3714 = AXIS2_PLACEMENT_3D ( 'NONE', #315, #2103, #3078 ) ;
#3715 = CARTESIAN_POINT ( 'NONE',  ( 0.000000000000000000, 12.12671948322382676, 79.79458174119983482 ) ) ;
#3716 = CARTESIAN_POINT ( 'NONE',  ( 1.600000000000000089, 39.99999999999999289, 41.93222947802272671 ) ) ;
#3717 = EDGE_LOOP ( 'NONE', ( #1079, #4465, #527, #1357, #1265 ) ) ;
#3718 = ADVANCED_FACE ( 'NONE', ( #1379 ), #1768, .F. ) ;
#3719 = VERTEX_POINT ( 'NONE', #2042 ) ;
#3720 = CARTESIAN_POINT ( 'NONE',  ( 0.000000000000000000, 40.00000000000000000, 20.88222947802272245 ) ) ;
#3721 = EDGE_LOOP ( 'NONE', ( #3040, #4420, #3091, #1953 ) ) ;
#3722 = AXIS2_PLACEMENT_3D ( 'NONE', #4181, #3481, #1010 ) ;
#3723 = DIRECTION ( 'NONE',  ( 0.000000000000000000, 6.938893903907240999E-14, -1.000000000000000000 ) ) ;
#3724 = AXIS2_PLACEMENT_3D ( 'NONE', #77, #2437, #4217 ) ;
#3725 = CARTESIAN_POINT ( 'NONE',  ( 0.000000000000000000, 28.64500731160145364, 3.126747392738919107 ) ) ;
#3726 = DIRECTION ( 'NONE',  ( 1.000000000000000000, 0.000000000000000000, 0.000000000000000000 ) ) ;
#3727 = EDGE_LOOP ( 'NONE', ( #4214, #3887 ) ) ;
#3728 = CIRCLE ( 'NONE', #410, 2.249999999999998668 ) ;
#3729 = ORIENTED_EDGE ( 'NONE', *, *, #3900, .T. ) ;
#3730 = LINE ( 'NONE', #3373, #4265 ) ;
#3731 = FACE_OUTER_BOUND ( 'NONE', #1296, .T. ) ;
#3732 = CARTESIAN_POINT ( 'NONE',  ( 1.600000000000000089, 6.113077000000001426, 64.51130254679685549 ) ) ;
#3733 = DIRECTION ( 'NONE',  ( 0.000000000000000000, 1.000000000000000000, 4.336808689942016158E-15 ) ) ;
#3734 = CARTESIAN_POINT ( 'NONE',  ( 34.43031986259653365, -1.600000000000837419, 84.41172395019731312 ) ) ;
#3735 = DIRECTION ( 'NONE',  ( -1.000000000000000000, 0.000000000000000000, -0.000000000000000000 ) ) ;
#3736 = ORIENTED_EDGE ( 'NONE', *, *, #2573, .T. ) ;
#3737 = ADVANCED_FACE ( 'NONE', ( #30 ), #3487, .T. ) ;
#3738 = CARTESIAN_POINT ( 'NONE',  ( 0.000000000000000000, -1.600000000000838529, 92.41172395019731312 ) ) ;
#3739 = VERTEX_POINT ( 'NONE', #3130 ) ;
#3740 = FACE_OUTER_BOUND ( 'NONE', #358, .T. ) ;
#3741 = VERTEX_POINT ( 'NONE', #1404 ) ;
#3742 = CARTESIAN_POINT ( 'NONE',  ( 0.000000000000000000, 29.72527329571467547, 31.91172395019731312 ) ) ;
#3743 = EDGE_CURVE ( 'NONE', #2891, #4122, #2065, .T. ) ;
#3744 = DIRECTION ( 'NONE',  ( -1.000000000000000000, -0.000000000000000000, -0.000000000000000000 ) ) ;
#3745 = VERTEX_POINT ( 'NONE', #1745 ) ;
#3746 = ORIENTED_EDGE ( 'NONE', *, *, #352, .T. ) ;
#3747 = DIRECTION ( 'NONE',  ( 0.000000000000000000, -0.000000000000000000, 1.000000000000000000 ) ) ;
#3748 = ADVANCED_FACE ( 'NONE', ( #1358 ), #3421, .F. ) ;
#3749 = FACE_OUTER_BOUND ( 'NONE', #698, .T. ) ;
#3750 = DIRECTION ( 'NONE',  ( 0.000000000000000000, -0.9281374038694145678, -0.3722377728529752128 ) ) ;
#3751 = CARTESIAN_POINT ( 'NONE',  ( 34.43031986259653365, 52.50000000000000711, 75.13910731638102902 ) ) ;
#3752 = AXIS2_PLACEMENT_3D ( 'NONE', #917, #2664, #533 ) ;
#3753 = EDGE_CURVE ( 'NONE', #2529, #330, #1722, .T. ) ;
#3754 = DIRECTION ( 'NONE',  ( -1.000000000000000000, -0.000000000000000000, -0.000000000000000000 ) ) ;
#3755 = DIRECTION ( 'NONE',  ( 1.000000000000000000, -0.000000000000000000, -0.000000000000000000 ) ) ;
#3756 = EDGE_LOOP ( 'NONE', ( #3856, #1854, #2673, #3693 ) ) ;
#3757 = DIRECTION ( 'NONE',  ( 1.000000000000000000, 0.000000000000000000, -0.000000000000000000 ) ) ;
#3758 = VERTEX_POINT ( 'NONE', #687 ) ;
#3759 = CYLINDRICAL_SURFACE ( 'NONE', #976, 0.4999999999999865663 ) ;
#3760 = ORIENTED_EDGE ( 'NONE', *, *, #2321, .F. ) ;
#3761 = ORIENTED_EDGE ( 'NONE', *, *, #3997, .F. ) ;
#3762 = ORIENTED_EDGE ( 'NONE', *, *, #3972, .T. ) ;
#3763 = CIRCLE ( 'NONE', #1823, 0.4999999999999865663 ) ;
#3764 = CARTESIAN_POINT ( 'NONE',  ( 1.600000000000000089, 14.07149559284959572, 91.48312925485240044 ) ) ;
#3765 = CARTESIAN_POINT ( 'NONE',  ( 0.000000000000000000, 1.868882935473146975E-13, -2.693344157374697012 ) ) ;
#3766 = AXIS2_PLACEMENT_3D ( 'NONE', #558, #1875, #4364 ) ;
#3767 = VECTOR ( 'NONE', #2687, 1000.000000000000000 ) ;
#3768 = ORIENTED_EDGE ( 'NONE', *, *, #2607, .F. ) ;
#3769 = ADVANCED_FACE ( 'NONE', ( #4098 ), #2745, .T. ) ;
#3770 = ORIENTED_EDGE ( 'NONE', *, *, #298, .T. ) ;
#3771 = DIRECTION ( 'NONE',  ( 0.000000000000000000, 0.000000000000000000, 1.000000000000000000 ) ) ;
#3772 = DIRECTION ( 'NONE',  ( 0.000000000000000000, -1.107056537182581940E-16, 1.000000000000000000 ) ) ;
#3773 = CIRCLE ( 'NONE', #2846, 3.175000000000000711 ) ;
#3774 = DIRECTION ( 'NONE',  ( -1.000000000000000000, -0.000000000000000000, -0.000000000000000000 ) ) ;
#3775 = PLANE ( 'NONE',  #3339 ) ;
#3776 = AXIS2_PLACEMENT_3D ( 'NONE', #4112, #1011, #4412 ) ;
#3777 = VECTOR ( 'NONE', #1345, 1000.000000000000000 ) ;
#3778 = LINE ( 'NONE', #1403, #532 ) ;
#3779 = FACE_OUTER_BOUND ( 'NONE', #1441, .T. ) ;
#3780 = ADVANCED_FACE ( 'NONE', ( #52 ), #3151, .T. ) ;
#3781 = ORIENTED_EDGE ( 'NONE', *, *, #3305, .F. ) ;
#3782 = VECTOR ( 'NONE', #2897, 1000.000000000000000 ) ;
#3783 = VECTOR ( 'NONE', #1898, 1000.000000000000000 ) ;
#3784 = DIRECTION ( 'NONE',  ( -0.000000000000000000, 1.000000000000000000, 0.000000000000000000 ) ) ;
#3785 = EDGE_LOOP ( 'NONE', ( #3488, #2049, #1393, #3332 ) ) ;
#3786 = CIRCLE ( 'NONE', #1480, 0.4999999999999865663 ) ;
#3787 = CARTESIAN_POINT ( 'NONE',  ( 0.000000000000000000, 29.72527329571467547, 38.16172395019732022 ) ) ;
#3788 = CIRCLE ( 'NONE', #1115, 1.575000000000006839 ) ;
#3789 = VERTEX_POINT ( 'NONE', #3805 ) ;
#3790 = ORIENTED_EDGE ( 'NONE', *, *, #1879, .T. ) ;
#3791 = ORIENTED_EDGE ( 'NONE', *, *, #3036, .T. ) ;
#3792 = DIRECTION ( 'NONE',  ( 0.000000000000000000, 0.4978900526304355645, 0.8672401602161087242 ) ) ;
#3793 = CARTESIAN_POINT ( 'NONE',  ( 0.000000000000000000, 12.75745245326117150, 89.52604643332058743 ) ) ;
#3794 = DIRECTION ( 'NONE',  ( 0.000000000000000000, -0.5842496656374249753, 0.8115739819650190645 ) ) ;
#3795 = ORIENTED_EDGE ( 'NONE', *, *, #793, .T. ) ;
#3796 = VERTEX_POINT ( 'NONE', #706 ) ;
#3797 = FACE_OUTER_BOUND ( 'NONE', #372, .T. ) ;
#3798 = CARTESIAN_POINT ( 'NONE',  ( 1.600000000000000089, 18.88392920340825398, 90.56091304161098776 ) ) ;
#3799 = LINE ( 'NONE', #3125, #2790 ) ;
#3800 = CARTESIAN_POINT ( 'NONE',  ( 1.600000000000000089, 39.99999999999999289, 87.66419036505570261 ) ) ;
#3801 = VERTEX_POINT ( 'NONE', #2795 ) ;
#3802 = DIRECTION ( 'NONE',  ( 1.000000000000000000, 0.000000000000000000, 0.000000000000000000 ) ) ;
#3803 = ADVANCED_FACE ( 'NONE', ( #4166 ), #1428, .F. ) ;
#3804 = ORIENTED_EDGE ( 'NONE', *, *, #3569, .T. ) ;
#3805 = CARTESIAN_POINT ( 'NONE',  ( 0.000000000000000000, 23.50186465498095600, -48.13650715641739453 ) ) ;
#3806 = ORIENTED_EDGE ( 'NONE', *, *, #316, .T. ) ;
#3807 = LINE ( 'NONE', #3156, #403 ) ;
#3808 = ORIENTED_EDGE ( 'NONE', *, *, #2199, .F. ) ;
#3809 = ORIENTED_EDGE ( 'NONE', *, *, #2008, .F. ) ;
#3810 = ORIENTED_EDGE ( 'NONE', *, *, #2839, .T. ) ;
#3811 = ADVANCED_FACE ( 'NONE', ( #123 ), #2473, .T. ) ;
#3812 = LINE ( 'NONE', #715, #319 ) ;
#3813 = CARTESIAN_POINT ( 'NONE',  ( 1.600000000000000089, 4.088077000000002847, 76.13630254679685549 ) ) ;
#3814 = CARTESIAN_POINT ( 'NONE',  ( 1.600000000000000089, 3.588077000000009953, 67.38630254679685549 ) ) ;
#3815 = ORIENTED_EDGE ( 'NONE', *, *, #3543, .T. ) ;
#3816 = ORIENTED_EDGE ( 'NONE', *, *, #2023, .T. ) ;
#3817 = LINE ( 'NONE', #3455, #4077 ) ;
#3818 = EDGE_CURVE ( 'NONE', #2490, #1188, #1114, .T. ) ;
#3819 = LINE ( 'NONE', #3392, #4288 ) ;
#3820 = AXIS2_PLACEMENT_3D ( 'NONE', #2568, #2949, #803 ) ;
#3821 = CARTESIAN_POINT ( 'NONE',  ( 1.600000000000000089, 5.088077000000002847, 63.26130254679684839 ) ) ;
#3822 = CARTESIAN_POINT ( 'NONE',  ( 1.600000000000000089, 0.000000000000000000, 20.38222947802271889 ) ) ;
#3823 = ORIENTED_EDGE ( 'NONE', *, *, #952, .F. ) ;
#3824 = CARTESIAN_POINT ( 'NONE',  ( 1.600000000000000089, 14.46673111281021207, 93.54560080223471630 ) ) ;
#3825 = DIRECTION ( 'NONE',  ( 0.000000000000000000, 0.000000000000000000, 1.000000000000000000 ) ) ;
#3826 = EDGE_CURVE ( 'NONE', #1883, #2751, #3248, .T. ) ;
#3827 = ORIENTED_EDGE ( 'NONE', *, *, #1540, .F. ) ;
#3828 = ORIENTED_EDGE ( 'NONE', *, *, #4051, .F. ) ;
#3829 = LINE ( 'NONE', #3491, #1149 ) ;
#3830 = ORIENTED_EDGE ( 'NONE', *, *, #4418, .F. ) ;
#3831 = EDGE_LOOP ( 'NONE', ( #1120, #324, #2089, #802 ) ) ;
#3832 = ORIENTED_EDGE ( 'NONE', *, *, #1667, .F. ) ;
#3833 = EDGE_CURVE ( 'NONE', #3557, #1990, #3265, .T. ) ;
#3834 = DIRECTION ( 'NONE',  ( 0.000000000000000000, -9.912705577010316921E-17, 1.000000000000000000 ) ) ;
#3835 = CARTESIAN_POINT ( 'NONE',  ( 1.600000000000000089, 3.469446951953614189E-15, 20.88222947802272245 ) ) ;
#3836 = EDGE_CURVE ( 'NONE', #124, #1926, #4241, .T. ) ;
#3837 = DIRECTION ( 'NONE',  ( 1.000000000000000000, -0.000000000000000000, -0.000000000000000000 ) ) ;
#3838 = EDGE_LOOP ( 'NONE', ( #61, #3447, #424, #2987 ) ) ;
#3839 = ORIENTED_EDGE ( 'NONE', *, *, #751, .T. ) ;
#3840 = CARTESIAN_POINT ( 'NONE',  ( 0.000000000000000000, 21.56647773738793816, 38.16172395019732022 ) ) ;
#3841 = DIRECTION ( 'NONE',  ( 0.000000000000000000, -0.9961946980917453232, 0.08715574274766045570 ) ) ;
#3842 = AXIS2_PLACEMENT_3D ( 'NONE', #2305, #3678, #1963 ) ;
#3843 = DIRECTION ( 'NONE',  ( 0.000000000000000000, 0.000000000000000000, -1.000000000000000000 ) ) ;
#3844 = LINE ( 'NONE', #3581, #879 ) ;
#3845 = AXIS2_PLACEMENT_3D ( 'NONE', #1217, #4295, #2649 ) ;
#3846 = ORIENTED_EDGE ( 'NONE', *, *, #3617, .T. ) ;
#3847 = DIRECTION ( 'NONE',  ( 1.000000000000000000, -0.000000000000000000, -0.000000000000000000 ) ) ;
#3848 = DIRECTION ( 'NONE',  ( -1.000000000000000000, 0.000000000000000000, -0.000000000000000000 ) ) ;
#3849 = CIRCLE ( 'NONE', #308, 2.250000000000001776 ) ;
#3850 = EDGE_LOOP ( 'NONE', ( #396, #1750, #1140, #3465 ) ) ;
#3851 = ORIENTED_EDGE ( 'NONE', *, *, #1008, .F. ) ;
#3852 = VECTOR ( 'NONE', #4361, 1000.000000000000000 ) ;
#3853 = CARTESIAN_POINT ( 'NONE',  ( 0.000000000000000000, 2.479576514082024050E-15, 96.66172395019732733 ) ) ;
#3854 = ORIENTED_EDGE ( 'NONE', *, *, #1205, .F. ) ;
#3855 = ORIENTED_EDGE ( 'NONE', *, *, #3281, .T. ) ;
#3856 = ORIENTED_EDGE ( 'NONE', *, *, #1073, .F. ) ;
#3857 = EDGE_CURVE ( 'NONE', #3875, #913, #2836, .T. ) ;
#3858 = CIRCLE ( 'NONE', #3066, 3.174999999999908340 ) ;
#3859 = VECTOR ( 'NONE', #3792, 1000.000000000000114 ) ;
#3860 = LINE ( 'NONE', #2442, #3859 ) ;
#3861 = EDGE_CURVE ( 'NONE', #3475, #2404, #1880, .T. ) ;
#3862 = DIRECTION ( 'NONE',  ( 0.000000000000000000, 0.000000000000000000, -1.000000000000000000 ) ) ;
#3863 = ORIENTED_EDGE ( 'NONE', *, *, #652, .F. ) ;
#3864 = EDGE_CURVE ( 'NONE', #1883, #1683, #3199, .T. ) ;
#3865 = CARTESIAN_POINT ( 'NONE',  ( 1.600000000000000089, 18.39587551655130682, 0.000000000000000000 ) ) ;
#3866 = ORIENTED_EDGE ( 'NONE', *, *, #526, .F. ) ;
#3867 = EDGE_CURVE ( 'NONE', #4122, #4088, #2886, .T. ) ;
#3868 = ORIENTED_EDGE ( 'NONE', *, *, #981, .F. ) ;
#3869 = CARTESIAN_POINT ( 'NONE',  ( 0.000000000000000000, 28.64500731160145364, 3.126747392738919107 ) ) ;
#3870 = CARTESIAN_POINT ( 'NONE',  ( 1.600000000000000089, 20.08238618739317261, -53.61397923772977236 ) ) ;
#3871 = FACE_BOUND ( 'NONE', #1226, .T. ) ;
#3872 = FACE_OUTER_BOUND ( 'NONE', #4066, .T. ) ;
#3873 = CARTESIAN_POINT ( 'NONE',  ( 1.600000000000000089, 32.35499268839883769, -2.026747392738916353 ) ) ;
#3874 = ADVANCED_FACE ( 'NONE', ( #1543 ), #776, .F. ) ;
#3875 = VERTEX_POINT ( 'NONE', #2158 ) ;
#3876 = LINE ( 'NONE', #821, #1110 ) ;
#3877 = AXIS2_PLACEMENT_3D ( 'NONE', #1763, #1739, #2059 ) ;
#3878 = CARTESIAN_POINT ( 'NONE',  ( 1.600000000000000089, 30.77671948322412376, 65.66291816644130108 ) ) ;
#3879 = ORIENTED_EDGE ( 'NONE', *, *, #2548, .F. ) ;
#3880 = EDGE_LOOP ( 'NONE', ( #599, #1410, #3087, #3761, #3399 ) ) ;
#3881 = CARTESIAN_POINT ( 'NONE',  ( 0.000000000000000000, -0.000000000000000000, 0.000000000000000000 ) ) ;
#3882 = ADVANCED_FACE ( 'NONE', ( #823 ), #2501, .T. ) ;
#3883 = EDGE_LOOP ( 'NONE', ( #4305, #2140, #656, #3699 ) ) ;
#3884 = ORIENTED_EDGE ( 'NONE', *, *, #667, .F. ) ;
#3885 = CARTESIAN_POINT ( 'NONE',  ( 1.600000000000000089, 6.088077000000003736, 66.88630254679686971 ) ) ;
#3886 = CARTESIAN_POINT ( 'NONE',  ( 1.600000000000000089, 39.99999999999999289, 44.18222947802272671 ) ) ;
#3887 = ORIENTED_EDGE ( 'NONE', *, *, #4161, .F. ) ;
#3888 = DIRECTION ( 'NONE',  ( -1.000000000000000000, -0.000000000000000000, -0.000000000000000000 ) ) ;
#3889 = EDGE_CURVE ( 'NONE', #3745, #2076, #2181, .T. ) ;
#3890 = VERTEX_POINT ( 'NONE', #1793 ) ;
#3891 = CARTESIAN_POINT ( 'NONE',  ( 0.000000000000000000, 0.000000000000000000, 19.13559017415981245 ) ) ;
#3892 = CARTESIAN_POINT ( 'NONE',  ( 1.600000000000000089, 40.00000000000000000, 4.428226148730328054E-15 ) ) ;
#3893 = CARTESIAN_POINT ( 'NONE',  ( 0.000000000000000000, 17.80378335755217378, 92.90611485113865342 ) ) ;
#3894 = VECTOR ( 'NONE', #1495, 1000.000000000000000 ) ;
#3895 = DIRECTION ( 'NONE',  ( -0.000000000000000000, -1.355252715606880543E-16, 1.000000000000000000 ) ) ;
#3896 = CARTESIAN_POINT ( 'NONE',  ( 0.000000000000000000, 30.50000000000030198, 75.00000000000000000 ) ) ;
#3897 = VERTEX_POINT ( 'NONE', #2206 ) ;
#3898 = CARTESIAN_POINT ( 'NONE',  ( 1.599999999999997202, 41.60000000000000853, -32.69334415737181132 ) ) ;
#3899 = CARTESIAN_POINT ( 'NONE',  ( 1.600000000000000089, 0.000000000000000000, 44.26130254679684839 ) ) ;
#3900 = EDGE_CURVE ( 'NONE', #2344, #3028, #3561, .T. ) ;
#3901 = EDGE_LOOP ( 'NONE', ( #2055, #2757, #628, #3648 ) ) ;
#3902 = VECTOR ( 'NONE', #4286, 1000.000000000000000 ) ;
#3903 = LINE ( 'NONE', #3926, #2087 ) ;
#3904 = ORIENTED_EDGE ( 'NONE', *, *, #3030, .T. ) ;
#3905 = VECTOR ( 'NONE', #3338, 1000.000000000000000 ) ;
#3906 = CARTESIAN_POINT ( 'NONE',  ( 1.600000000000000089, 30.50000000000030198, -14.44999999999999929 ) ) ;
#3907 = DIRECTION ( 'NONE',  ( 1.000000000000000000, -0.000000000000000000, 0.000000000000000000 ) ) ;
#3908 = ORIENTED_EDGE ( 'NONE', *, *, #2255, .F. ) ;
#3909 = LINE ( 'NONE', #4249, #1252 ) ;
#3910 = ORIENTED_EDGE ( 'NONE', *, *, #1799, .T. ) ;
#3911 = LINE ( 'NONE', #451, #1385 ) ;
#3912 = CARTESIAN_POINT ( 'NONE',  ( 1.600000000000000089, 14.67430735168222888, -14.01786847992993934 ) ) ;
#3913 = FACE_BOUND ( 'NONE', #1757, .T. ) ;
#3914 = CARTESIAN_POINT ( 'NONE',  ( 0.000000000000000000, 4.063077000000003380, 79.01130254679686971 ) ) ;
#3915 = ADVANCED_FACE ( 'NONE', ( #1816 ), #1481, .F. ) ;
#3916 = CARTESIAN_POINT ( 'NONE',  ( 1.599999999999997202, 41.59999999999979536, -2.693344157371810432 ) ) ;
#3917 = AXIS2_PLACEMENT_3D ( 'NONE', #3393, #4091, #228 ) ;
#3918 = EDGE_LOOP ( 'NONE', ( #3970, #3948, #4395, #2999 ) ) ;
#3919 = AXIS2_PLACEMENT_3D ( 'NONE', #2405, #3784, #638 ) ;
#3920 = DIRECTION ( 'NONE',  ( 0.000000000000000000, 0.000000000000000000, -1.000000000000000000 ) ) ;
#3921 = DIRECTION ( 'NONE',  ( 0.000000000000000000, -1.107056537182581940E-16, 1.000000000000000000 ) ) ;
#3922 = VECTOR ( 'NONE', #3615, 1000.000000000000000 ) ;
#3923 = VECTOR ( 'NONE', #2957, 1000.000000000000000 ) ;
#3924 = EDGE_CURVE ( 'NONE', #757, #166, #3228, .T. ) ;
#3925 = ORIENTED_EDGE ( 'NONE', *, *, #787, .T. ) ;
#3926 = CARTESIAN_POINT ( 'NONE',  ( 1.599999999999997202, 2.268556464719486896E-12, -32.69334415737469612 ) ) ;
#3927 = ORIENTED_EDGE ( 'NONE', *, *, #2417, .T. ) ;
#3928 = VECTOR ( 'NONE', #325, 1000.000000000000000 ) ;
#3929 = CARTESIAN_POINT ( 'NONE',  ( 0.000000000000000000, 16.52930004008107900, -13.41961587266885481 ) ) ;
#3930 = DIRECTION ( 'NONE',  ( 0.000000000000000000, -0.7811261647642347983, -0.6243732174915236355 ) ) ;
#3931 = ORIENTED_EDGE ( 'NONE', *, *, #3679, .T. ) ;
#3932 = VECTOR ( 'NONE', #644, 1000.000000000000000 ) ;
#3933 = CIRCLE ( 'NONE', #4430, 15.39112077116033817 ) ;
#3934 = CARTESIAN_POINT ( 'NONE',  ( 0.000000000000000000, -0.000000000000000000, 0.000000000000000000 ) ) ;
#3935 = DIRECTION ( 'NONE',  ( 0.000000000000000000, -1.000000000000000000, -4.336808689942016158E-15 ) ) ;
#3936 = DIRECTION ( 'NONE',  ( 0.000000000000000000, -1.000000000000000000, 0.000000000000000000 ) ) ;
#3937 = CARTESIAN_POINT ( 'NONE',  ( 1.600000000000000533, 21.56647773738793816, 25.66172395019730601 ) ) ;
#3938 = EDGE_CURVE ( 'NONE', #2123, #1708, #4301, .T. ) ;
#3939 = DIRECTION ( 'NONE',  ( 1.000000000000000000, -0.000000000000000000, -0.000000000000000000 ) ) ;
#3940 = DIRECTION ( 'NONE',  ( 0.000000000000000000, -1.000000000000000000, 9.912705577010316921E-17 ) ) ;
#3941 = ORIENTED_EDGE ( 'NONE', *, *, #512, .T. ) ;
#3942 = DIRECTION ( 'NONE',  ( 1.000000000000000000, 0.000000000000000000, -0.000000000000000000 ) ) ;
#3943 = CIRCLE ( 'NONE', #1991, 1.024999999999998135 ) ;
#3944 = DIRECTION ( 'NONE',  ( -1.000000000000000000, -0.000000000000000000, -0.000000000000000000 ) ) ;
#3945 = VECTOR ( 'NONE', #779, 1000.000000000000000 ) ;
#3946 = ADVANCED_FACE ( 'NONE', ( #2543 ), #752, .T. ) ;
#3947 = CYLINDRICAL_SURFACE ( 'NONE', #1870, 3.175000000000011369 ) ;
#3948 = ORIENTED_EDGE ( 'NONE', *, *, #2923, .F. ) ;
#3949 = EDGE_LOOP ( 'NONE', ( #3135, #922 ) ) ;
#3950 = CIRCLE ( 'NONE', #846, 15.98032285408328868 ) ;
#3951 = DIRECTION ( 'NONE',  ( 0.000000000000000000, 0.000000000000000000, -1.000000000000000000 ) ) ;
#3952 = ORIENTED_EDGE ( 'NONE', *, *, #864, .T. ) ;
#3953 = LINE ( 'NONE', #1464, #3573 ) ;
#3954 = EDGE_CURVE ( 'NONE', #740, #3600, #3849, .T. ) ;
#3955 = DIRECTION ( 'NONE',  ( 0.000000000000000000, 1.000000000000000000, 4.336808689942016158E-15 ) ) ;
#3956 = DIRECTION ( 'NONE',  ( 0.000000000000000000, 0.000000000000000000, -1.000000000000000000 ) ) ;
#3957 = LINE ( 'NONE', #2621, #3852 ) ;
#3958 = CARTESIAN_POINT ( 'NONE',  ( 0.000000000000000000, 21.56647773738793816, 31.91172395019731312 ) ) ;
#3959 = FACE_OUTER_BOUND ( 'NONE', #2280, .T. ) ;
#3960 = VERTEX_POINT ( 'NONE', #2244 ) ;
#3961 = EDGE_CURVE ( 'NONE', #301, #1478, #1565, .T. ) ;
#3962 = DIRECTION ( 'NONE',  ( 1.000000000000000000, -0.000000000000000000, 0.000000000000000000 ) ) ;
#3963 = CARTESIAN_POINT ( 'NONE',  ( 34.43031986259653365, -1.016890581921126903E-16, 92.41172395019732733 ) ) ;
#3964 = DIRECTION ( 'NONE',  ( 0.000000000000000000, 0.000000000000000000, -1.000000000000000000 ) ) ;
#3965 = CARTESIAN_POINT ( 'NONE',  ( 0.000000000000000000, 20.40342174601092395, 94.87665585028294402 ) ) ;
#3966 = EDGE_LOOP ( 'NONE', ( #4228, #1907, #1940, #2629 ) ) ;
#3967 = ORIENTED_EDGE ( 'NONE', *, *, #4187, .F. ) ;
#3968 = ADVANCED_FACE ( 'NONE', ( #229 ), #3035, .F. ) ;
#3969 = CARTESIAN_POINT ( 'NONE',  ( 0.000000000000000000, -1.600000000000629141, 62.41172395019732022 ) ) ;
#3970 = ORIENTED_EDGE ( 'NONE', *, *, #2709, .F. ) ;
#3971 = LINE ( 'NONE', #4356, #800 ) ;
#3972 = EDGE_CURVE ( 'NONE', #2020, #1952, #2316, .T. ) ;
#3973 = CARTESIAN_POINT ( 'NONE',  ( 0.000000000000000000, 6.088077000000002847, 76.63630254679684128 ) ) ;
#3974 = CARTESIAN_POINT ( 'NONE',  ( 0.000000000000000000, 30.22328051677647309, 71.83708183355868471 ) ) ;
#3975 = CARTESIAN_POINT ( 'NONE',  ( 0.000000000000000000, 12.12671948322382676, 67.29458174119986325 ) ) ;
#3976 = CARTESIAN_POINT ( 'NONE',  ( 1.600000000000000089, 39.99999999999999289, 39.68222947802272671 ) ) ;
#3977 = CARTESIAN_POINT ( 'NONE',  ( 0.000000000000000000, 2.268556464719486896E-12, -32.69334415737469612 ) ) ;
#3978 = VERTEX_POINT ( 'NONE', #3688 ) ;
#3979 = ORIENTED_EDGE ( 'NONE', *, *, #2250, .T. ) ;
#3980 = DIRECTION ( 'NONE',  ( 0.000000000000000000, 1.000000000000000000, 6.938893903907240999E-14 ) ) ;
#3981 = CARTESIAN_POINT ( 'NONE',  ( 0.000000000000000000, 33.99999999999999289, 89.91419036505570261 ) ) ;
#3982 = CARTESIAN_POINT ( 'NONE',  ( 1.599999999999997202, -1.600000000000209699, -2.168404344971292858E-16 ) ) ;
#3983 = PLANE ( 'NONE',  #2309 ) ;
#3984 = ORIENTED_EDGE ( 'NONE', *, *, #3305, .T. ) ;
#3985 = SURFACE_STYLE_USAGE ( .BOTH. , #1250 ) ;
#3986 = VECTOR ( 'NONE', #1469, 1000.000000000000000 ) ;
#3987 = ORIENTED_EDGE ( 'NONE', *, *, #357, .F. ) ;
#3988 = DIRECTION ( 'NONE',  ( 0.000000000000000000, 0.000000000000000000, -1.000000000000000000 ) ) ;
#3989 = ADVANCED_FACE ( 'NONE', ( #3620 ), #588, .F. ) ;
#3990 = AXIS2_PLACEMENT_3D ( 'NONE', #1628, #3026, #2623 ) ;
#3991 = ORIENTED_EDGE ( 'NONE', *, *, #193, .F. ) ;
#3992 = CARTESIAN_POINT ( 'NONE',  ( 0.000000000000000000, -1.045918538495705866E-14, 2.411723950197328215 ) ) ;
#3993 = VECTOR ( 'NONE', #1997, 1000.000000000000000 ) ;
#3994 = VECTOR ( 'NONE', #2754, 1000.000000000000000 ) ;
#3995 = EDGE_CURVE ( 'NONE', #2069, #1465, #2946, .T. ) ;
#3996 = DIRECTION ( 'NONE',  ( 0.000000000000000000, 0.000000000000000000, -1.000000000000000000 ) ) ;
#3997 = EDGE_CURVE ( 'NONE', #370, #2641, #2483, .T. ) ;
#3998 = VECTOR ( 'NONE', #1289, 1000.000000000000000 ) ;
#3999 = DIRECTION ( 'NONE',  ( 0.000000000000000000, -0.6061513579761225179, 0.7953493139644383092 ) ) ;
#4000 = FACE_BOUND ( 'NONE', #3272, .T. ) ;
#4001 = LINE ( 'NONE', #3977, #2618 ) ;
#4002 = ORIENTED_EDGE ( 'NONE', *, *, #3020, .T. ) ;
#4003 = CIRCLE ( 'NONE', #108, 0.4999999999999865663 ) ;
#4004 = ORIENTED_EDGE ( 'NONE', *, *, #830, .T. ) ;
#4005 = ORIENTED_EDGE ( 'NONE', *, *, #4102, .F. ) ;
#4006 = AXIS2_PLACEMENT_3D ( 'NONE', #1074, #3545, #1028 ) ;
#4007 = PLANE ( 'NONE',  #1544 ) ;
#4008 = PLANE ( 'NONE',  #3917 ) ;
#4009 = DIRECTION ( 'NONE',  ( 1.000000000000000000, 0.000000000000000000, 0.000000000000000000 ) ) ;
#4010 = ADVANCED_FACE ( 'NONE', ( #1639 ), #2634, .T. ) ;
#4011 = CARTESIAN_POINT ( 'NONE',  ( 1.599999999999997202, 41.59999999999937614, 57.30665584262818868 ) ) ;
#4012 = LINE ( 'NONE', #3647, #141 ) ;
#4013 = ORIENTED_EDGE ( 'NONE', *, *, #2034, .T. ) ;
#4014 = CARTESIAN_POINT ( 'NONE',  ( 0.000000000000000000, 0.000000000000000000, 0.000000000000000000 ) ) ;
#4015 = VERTEX_POINT ( 'NONE', #3981 ) ;
#4016 = EDGE_CURVE ( 'NONE', #1349, #3321, #3014, .T. ) ;
#4017 = CARTESIAN_POINT ( 'NONE',  ( 1.600000000000000089, 40.00000000000000000, 4.428226148730328054E-15 ) ) ;
#4018 = ORIENTED_EDGE ( 'NONE', *, *, #870, .F. ) ;
#4019 = LINE ( 'NONE', #3004, #1732 ) ;
#4020 = CARTESIAN_POINT ( 'NONE',  ( 0.000000000000000000, 11.57328051677617431, 60.96874540831724687 ) ) ;
#4021 = DIRECTION ( 'NONE',  ( 0.000000000000000000, 0.000000000000000000, -1.000000000000000000 ) ) ;
#4022 = LINE ( 'NONE', #920, #2625 ) ;
#4023 = LINE ( 'NONE', #249, #3562 ) ;
#4024 = EDGE_LOOP ( 'NONE', ( #3113, #3868, #289, #1776 ) ) ;
#4025 = EDGE_CURVE ( 'NONE', #2344, #1709, #88, .T. ) ;
#4026 = ORIENTED_EDGE ( 'NONE', *, *, #2616, .T. ) ;
#4027 = CARTESIAN_POINT ( 'NONE',  ( 1.600000000000000089, 40.00000000000000711, -32.69334415737191790 ) ) ;
#4028 = LINE ( 'NONE', #4409, #29 ) ;
#4029 = CARTESIAN_POINT ( 'NONE',  ( 1.600000000000000089, 3.588077000000001959, 76.13630254679685549 ) ) ;
#4030 = DIRECTION ( 'NONE',  ( 0.000000000000000000, 0.000000000000000000, -1.000000000000000000 ) ) ;
#4031 = FACE_OUTER_BOUND ( 'NONE', #2056, .T. ) ;
#4032 = CARTESIAN_POINT ( 'NONE',  ( 1.600000000000000089, 14.33807700000000551, 44.26130254679685549 ) ) ;
#4033 = EDGE_CURVE ( 'NONE', #3453, #852, #863, .T. ) ;
#4034 = ORIENTED_EDGE ( 'NONE', *, *, #475, .F. ) ;
#4035 = EDGE_CURVE ( 'NONE', #1041, #140, #3056, .T. ) ;
#4036 = VECTOR ( 'NONE', #3150, 1000.000000000000000 ) ;
#4037 = ORIENTED_EDGE ( 'NONE', *, *, #878, .F. ) ;
#4038 = ORIENTED_EDGE ( 'NONE', *, *, #182, .F. ) ;
#4039 = LINE ( 'NONE', #598, #212 ) ;
#4040 = VERTEX_POINT ( 'NONE', #2967 ) ;
#4041 = VECTOR ( 'NONE', #2209, 1000.000000000000000 ) ;
#4042 = DIRECTION ( 'NONE',  ( 1.000000000000000000, 0.000000000000000000, 0.000000000000000000 ) ) ;
#4043 = DIRECTION ( 'NONE',  ( 0.000000000000000000, 0.000000000000000000, -1.000000000000000000 ) ) ;
#4044 = LINE ( 'NONE', #2283, #528 ) ;
#4045 = CARTESIAN_POINT ( 'NONE',  ( 0.000000000000000000, 41.59999999999937614, 65.30665584262820289 ) ) ;
#4046 = CARTESIAN_POINT ( 'NONE',  ( 1.600000000000000089, 0.000000000000000000, 0.000000000000000000 ) ) ;
#4047 = ORIENTED_EDGE ( 'NONE', *, *, #1888, .F. ) ;
#4048 = ORIENTED_EDGE ( 'NONE', *, *, #898, .T. ) ;
#4049 = FACE_OUTER_BOUND ( 'NONE', #3831, .T. ) ;
#4050 = LINE ( 'NONE', #3710, #105 ) ;
#4051 = EDGE_CURVE ( 'NONE', #2524, #3547, #3285, .T. ) ;
#4052 = CARTESIAN_POINT ( 'NONE',  ( 1.600000000000000089, 8.392566107048114787, 95.92746955793867869 ) ) ;
#4053 = CARTESIAN_POINT ( 'NONE',  ( 1.600000000000000089, 40.00000000000000000, 4.428226148730328054E-15 ) ) ;
#4054 = DIRECTION ( 'NONE',  ( 0.000000000000000000, 0.000000000000000000, 1.000000000000000000 ) ) ;
#4055 = CARTESIAN_POINT ( 'NONE',  ( 1.600000000000000089, 6.113077000000001426, 64.51130254679685549 ) ) ;
#4056 = ORIENTED_EDGE ( 'NONE', *, *, #73, .F. ) ;
#4057 = ORIENTED_EDGE ( 'NONE', *, *, #1647, .T. ) ;
#4058 = CARTESIAN_POINT ( 'NONE',  ( 0.000000000000000000, 11.84999999999999964, 64.13166357475853374 ) ) ;
#4059 = VECTOR ( 'NONE', #186, 1000.000000000000000 ) ;
#4060 = ORIENTED_EDGE ( 'NONE', *, *, #198, .T. ) ;
#4061 = CARTESIAN_POINT ( 'NONE',  ( 1.599999999999997202, -1.600000000000620703, -2.168404344971849991E-16 ) ) ;
#4062 = CARTESIAN_POINT ( 'NONE',  ( 0.000000000000000000, 40.00000000000000000, 4.428226148730328054E-15 ) ) ;
#4063 = CARTESIAN_POINT ( 'NONE',  ( 0.000000000000000000, 14.67430735168253975, -25.84286847992993685 ) ) ;
#4064 = ORIENTED_EDGE ( 'NONE', *, *, #4068, .T. ) ;
#4065 = VECTOR ( 'NONE', #1943, 1000.000000000000000 ) ;
#4066 = EDGE_LOOP ( 'NONE', ( #1865, #2732, #2998, #1239 ) ) ;
#4067 = LINE ( 'NONE', #2674, #969 ) ;
#4068 = EDGE_CURVE ( 'NONE', #4250, #4318, #565, .T. ) ;
#4069 = CYLINDRICAL_SURFACE ( 'NONE', #603, 3.175000000000000711 ) ;
#4070 = CARTESIAN_POINT ( 'NONE',  ( 34.43031986259653365, -5.084452909621658251E-17, 2.411723950197328215 ) ) ;
#4071 = CARTESIAN_POINT ( 'NONE',  ( 0.000000000000000000, 10.55542615334358558, 19.13559017415981245 ) ) ;
#4072 = CIRCLE ( 'NONE', #1842, 3.175000000000011369 ) ;
#4073 = CARTESIAN_POINT ( 'NONE',  ( 0.000000000000000000, 33.99999999999999289, 87.66419036505570261 ) ) ;
#4074 = LINE ( 'NONE', #2318, #773 ) ;
#4075 = ORIENTED_EDGE ( 'NONE', *, *, #3205, .T. ) ;
#4076 = DIRECTION ( 'NONE',  ( 1.000000000000000000, 0.000000000000000000, 0.000000000000000000 ) ) ;
#4077 = VECTOR ( 'NONE', #4158, 1000.000000000000000 ) ;
#4078 = EDGE_CURVE ( 'NONE', #2777, #4264, #1612, .T. ) ;
#4079 = ORIENTED_EDGE ( 'NONE', *, *, #1921, .T. ) ;
#4080 = LINE ( 'NONE', #2642, #4262 ) ;
#4081 = EDGE_LOOP ( 'NONE', ( #2650, #1388, #1581, #3806 ) ) ;
#4082 = DIRECTION ( 'NONE',  ( 0.000000000000000000, 1.000000000000000000, 6.938893903907240999E-14 ) ) ;
#4083 = VECTOR ( 'NONE', #1474, 1000.000000000000000 ) ;
#4084 = CARTESIAN_POINT ( 'NONE',  ( 1.600000000000000089, 4.088077000000003736, 67.38630254679685549 ) ) ;
#4085 = EDGE_CURVE ( 'NONE', #89, #4261, #2678, .T. ) ;
#4086 = ORIENTED_EDGE ( 'NONE', *, *, #2433, .F. ) ;
#4087 = VECTOR ( 'NONE', #1856, 1000.000000000000000 ) ;
#4088 = VERTEX_POINT ( 'NONE', #950 ) ;
#4089 = CARTESIAN_POINT ( 'NONE',  ( 0.000000000000000000, 29.72527329571467547, 31.91172395019731312 ) ) ;
#4090 = DIRECTION ( 'NONE',  ( 0.000000000000000000, 0.000000000000000000, -1.000000000000000000 ) ) ;
#4091 = DIRECTION ( 'NONE',  ( -0.000000000000000000, 4.397745778304350081E-16, 1.000000000000000000 ) ) ;
#4092 = SURFACE_SIDE_STYLE ('',( #2718 ) ) ;
#4093 = EDGE_CURVE ( 'NONE', #777, #1840, #2338, .T. ) ;
#4094 =( BOUNDED_CURVE ( )  B_SPLINE_CURVE ( 3, ( #1587, #2968, #3307, #590 ),
 .UNSPECIFIED., .F., .F. ) 
 B_SPLINE_CURVE_WITH_KNOTS ( ( 4, 4 ),
 ( 0.000000000000000000, 3.141592653589793116 ),
 .UNSPECIFIED. ) 
 CURVE ( )  GEOMETRIC_REPRESENTATION_ITEM ( )  RATIONAL_B_SPLINE_CURVE ( ( 1.000000000000000000, 0.3333333333333333703, 0.3333333333333333703, 1.000000000000000000 ) ) 
 REPRESENTATION_ITEM ( '' )  );
#4095 = LINE ( 'NONE', #992, #1545 ) ;
#4096 = DIRECTION ( 'NONE',  ( 0.000000000000000000, -6.938893903907240999E-14, 1.000000000000000000 ) ) ;
#4097 = VERTEX_POINT ( 'NONE', #276 ) ;
#4098 = FACE_OUTER_BOUND ( 'NONE', #2603, .T. ) ;
#4099 = VERTEX_POINT ( 'NONE', #184 ) ;
#4100 = CARTESIAN_POINT ( 'NONE',  ( 0.000000000000000000, 39.99999999999958789, 35.30665584262808210 ) ) ;
#4101 = VERTEX_POINT ( 'NONE', #634 ) ;
#4102 = EDGE_CURVE ( 'NONE', #2604, #3741, #2016, .T. ) ;
#4103 = DIRECTION ( 'NONE',  ( 0.000000000000000000, -2.565210315677348556E-17, -1.000000000000000000 ) ) ;
#4104 = PRODUCT_DEFINITION ( 'Î´Öª', '', #2113, #1040 ) ;
#4105 = CARTESIAN_POINT ( 'NONE',  ( 1.600000000000000089, 4.063077000000003380, 64.51130254679685549 ) ) ;
#4106 = ORIENTED_EDGE ( 'NONE', *, *, #4476, .F. ) ;
#4107 = EDGE_CURVE ( 'NONE', #1990, #1884, #3558, .T. ) ;
#4108 = ORIENTED_EDGE ( 'NONE', *, *, #3533, .T. ) ;
#4109 = CARTESIAN_POINT ( 'NONE',  ( 1.600000000000000089, 29.72527329571467547, 31.91172395019731312 ) ) ;
#4110 = CARTESIAN_POINT ( 'NONE',  ( 0.000000000000000000, 30.50000000000030198, 75.00000000000000000 ) ) ;
#4111 = CYLINDRICAL_SURFACE ( 'NONE', #3003, 2.250000000000001776 ) ;
#4112 = CARTESIAN_POINT ( 'NONE',  ( 0.000000000000000000, 30.50000000000030198, -14.44999999999999929 ) ) ;
#4113 = VECTOR ( 'NONE', #1624, 999.9999999999998863 ) ;
#4114 = CARTESIAN_POINT ( 'NONE',  ( 1.599999999999997202, 41.59999999999958931, 35.30665584262819578 ) ) ;
#4115 = DIRECTION ( 'NONE',  ( -1.000000000000000000, -0.000000000000000000, -0.000000000000000000 ) ) ;
#4116 = ORIENTED_EDGE ( 'NONE', *, *, #2500, .F. ) ;
#4117 = CARTESIAN_POINT ( 'NONE',  ( 34.43031986259653365, 12.75745245326117150, 89.52604643332058743 ) ) ;
#4118 = VERTEX_POINT ( 'NONE', #1311 ) ;
#4119 = CARTESIAN_POINT ( 'NONE',  ( 1.600000000000000089, 28.15173500130799411, -47.16395168868958621 ) ) ;
#4120 = VERTEX_POINT ( 'NONE', #3800 ) ;
#4121 = ORIENTED_EDGE ( 'NONE', *, *, #626, .F. ) ;
#4122 = VERTEX_POINT ( 'NONE', #4137 ) ;
#4123 = VECTOR ( 'NONE', #2096, 1000.000000000000000 ) ;
#4124 = AXIS2_PLACEMENT_3D ( 'NONE', #1066, #2454, #3825 ) ;
#4125 = DIRECTION ( 'NONE',  ( 0.000000000000000000, -0.9961946980917453232, 0.08715574274766044183 ) ) ;
#4126 = DIRECTION ( 'NONE',  ( 0.000000000000000000, 0.9899989471197554458, -0.1410747486326862643 ) ) ;
#4127 = DIRECTION ( 'NONE',  ( 1.000000000000000000, 0.000000000000000000, 0.000000000000000000 ) ) ;
#4128 = VECTOR ( 'NONE', #2905, 1000.000000000000000 ) ;
#4129 = VECTOR ( 'NONE', #3955, 1000.000000000000000 ) ;
#4130 = VERTEX_POINT ( 'NONE', #972 ) ;
#4131 = ADVANCED_FACE ( 'NONE', ( #3126 ), #4455, .T. ) ;
#4132 = VERTEX_POINT ( 'NONE', #702 ) ;
#4133 = DIRECTION ( 'NONE',  ( -1.000000000000000000, -0.000000000000000000, -0.000000000000000000 ) ) ;
#4134 = CARTESIAN_POINT ( 'NONE',  ( 0.000000000000000000, 14.33807700000000551, 0.000000000000000000 ) ) ;
#4135 = VECTOR ( 'NONE', #4404, 1000.000000000000000 ) ;
#4136 = CARTESIAN_POINT ( 'NONE',  ( 1.600000000000000089, 20.40342174601092395, 94.87665585028294402 ) ) ;
#4137 = CARTESIAN_POINT ( 'NONE',  ( 0.000000000000000000, 40.00000000000000711, -37.69334415737180422 ) ) ;
#4138 = CIRCLE ( 'NONE', #824, 1.575000000000006839 ) ;
#4139 = ORIENTED_EDGE ( 'NONE', *, *, #3471, .T. ) ;
#4140 = LINE ( 'NONE', #387, #709 ) ;
#4141 = ORIENTED_EDGE ( 'NONE', *, *, #4418, .T. ) ;
#4142 = AXIS2_PLACEMENT_3D ( 'NONE', #493, #3215, #1148 ) ;
#4143 = VECTOR ( 'NONE', #4475, 1000.000000000000000 ) ;
#4144 = DIRECTION ( 'NONE',  ( -1.000000000000000000, 0.000000000000000000, 0.000000000000000000 ) ) ;
#4145 = EDGE_CURVE ( 'NONE', #140, #1041, #463, .T. ) ;
#4146 = ORIENTED_EDGE ( 'NONE', *, *, #2394, .T. ) ;
#4147 = CARTESIAN_POINT ( 'NONE',  ( 1.600000000000000089, 11.84999999999999964, 64.13166357475853374 ) ) ;
#4148 = EDGE_LOOP ( 'NONE', ( #3289, #1019, #2003, #630 ) ) ;
#4149 = ORIENTED_EDGE ( 'NONE', *, *, #243, .T. ) ;
#4150 = EDGE_CURVE ( 'NONE', #1306, #762, #4434, .T. ) ;
#4151 = CARTESIAN_POINT ( 'NONE',  ( 0.000000000000000000, 14.07149559284959572, 91.48312925485240044 ) ) ;
#4152 = FACE_OUTER_BOUND ( 'NONE', #1090, .T. ) ;
#4153 = VECTOR ( 'NONE', #3054, 1000.000000000000227 ) ;
#4154 = DIRECTION ( 'NONE',  ( 0.000000000000000000, 1.000000000000000000, 0.000000000000000000 ) ) ;
#4155 = ORIENTED_EDGE ( 'NONE', *, *, #346, .F. ) ;
#4156 = VECTOR ( 'NONE', #2776, 1000.000000000000000 ) ;
#4157 = ORIENTED_EDGE ( 'NONE', *, *, #1686, .T. ) ;
#4158 = DIRECTION ( 'NONE',  ( -1.000000000000000000, 0.000000000000000000, 0.000000000000000000 ) ) ;
#4159 = CARTESIAN_POINT ( 'NONE',  ( 0.000000000000000000, 4.088077000000002847, 76.13630254679685549 ) ) ;
#4160 = PLANE ( 'NONE',  #4299 ) ;
#4161 = EDGE_CURVE ( 'NONE', #4464, #764, #4138, .T. ) ;
#4162 = CARTESIAN_POINT ( 'NONE',  ( 1.600000000000000089, 3.588077000000001959, 76.13630254679685549 ) ) ;
#4163 = ORIENTED_EDGE ( 'NONE', *, *, #3060, .F. ) ;
#4164 = PLANE ( 'NONE',  #3282 ) ;
#4165 = EDGE_CURVE ( 'NONE', #777, #148, #2738, .T. ) ;
#4166 = FACE_OUTER_BOUND ( 'NONE', #1201, .T. ) ;
#4167 = ORIENTED_EDGE ( 'NONE', *, *, #63, .T. ) ;
#4168 = ADVANCED_FACE ( 'NONE', ( #2429 ), #653, .T. ) ;
#4169 = DIRECTION ( 'NONE',  ( 0.000000000000000000, 0.8661031555185894071, -0.4998653058582302466 ) ) ;
#4170 = ORIENTED_EDGE ( 'NONE', *, *, #1313, .T. ) ;
#4171 = ORIENTED_EDGE ( 'NONE', *, *, #3954, .F. ) ;
#4172 = ORIENTED_EDGE ( 'NONE', *, *, #2255, .T. ) ;
#4173 = FACE_OUTER_BOUND ( 'NONE', #3883, .T. ) ;
#4174 = DIRECTION ( 'NONE',  ( 0.000000000000000000, 0.000000000000000000, -1.000000000000000000 ) ) ;
#4175 = UNCERTAINTY_MEASURE_WITH_UNIT (LENGTH_MEASURE( 1.000000000000000082E-05 ), #3436, 'distance_accuracy_value', 'NONE');
#4176 = LINE ( 'NONE', #511, #245 ) ;
#4177 = VERTEX_POINT ( 'NONE', #4071 ) ;
#4178 = ORIENTED_EDGE ( 'NONE', *, *, #2898, .F. ) ;
#4179 = CARTESIAN_POINT ( 'NONE',  ( 0.000000000000000000, -12.13154330883544318, 83.21245911331128298 ) ) ;
#4180 = FACE_BOUND ( 'NONE', #2341, .T. ) ;
#4181 = CARTESIAN_POINT ( 'NONE',  ( 34.43031986259653365, 1.868882935473146975E-13, -2.693344157374697012 ) ) ;
#4182 = DIRECTION ( 'NONE',  ( 1.000000000000000000, -0.000000000000000000, 0.000000000000000000 ) ) ;
#4183 = ORIENTED_EDGE ( 'NONE', *, *, #4207, .T. ) ;
#4184 = EDGE_CURVE ( 'NONE', #2826, #360, #4478, .T. ) ;
#4185 = CARTESIAN_POINT ( 'NONE',  ( 1.600000000000000089, 6.588077000000001959, 67.38630254679685549 ) ) ;
#4186 = LINE ( 'NONE', #2381, #1532 ) ;
#4187 = EDGE_CURVE ( 'NONE', #472, #2529, #2359, .T. ) ;
#4188 = ORIENTED_EDGE ( 'NONE', *, *, #130, .T. ) ;
#4189 = ORIENTED_EDGE ( 'NONE', *, *, #686, .T. ) ;
#4190 = LINE ( 'NONE', #731, #1994 ) ;
#4191 = ORIENTED_EDGE ( 'NONE', *, *, #3702, .T. ) ;
#4192 = EDGE_LOOP ( 'NONE', ( #2373, #402, #2671, #978 ) ) ;
#4193 = ORIENTED_EDGE ( 'NONE', *, *, #4184, .T. ) ;
#4194 = CARTESIAN_POINT ( 'NONE',  ( 0.000000000000000000, -0.000000000000000000, -5.588276049802678891 ) ) ;
#4195 = CYLINDRICAL_SURFACE ( 'NONE', #2182, 0.4999999999999865663 ) ;
#4196 = ORIENTED_EDGE ( 'NONE', *, *, #3498, .F. ) ;
#4197 = DIRECTION ( 'NONE',  ( 0.000000000000000000, -1.000000000000000000, -6.938893903907221278E-15 ) ) ;
#4198 = ORIENTED_EDGE ( 'NONE', *, *, #606, .T. ) ;
#4199 = ORIENTED_EDGE ( 'NONE', *, *, #183, .F. ) ;
#4200 = DIRECTION ( 'NONE',  ( 0.000000000000000000, 0.000000000000000000, -1.000000000000000000 ) ) ;
#4201 = CARTESIAN_POINT ( 'NONE',  ( 1.600000000000000089, 24.54685933454980074, -44.30477931530260349 ) ) ;
#4202 = CARTESIAN_POINT ( 'NONE',  ( 1.600000000000000533, 29.72527329571467547, 25.66172395019730601 ) ) ;
#4203 = VECTOR ( 'NONE', #2307, 1000.000000000000000 ) ;
#4204 = VECTOR ( 'NONE', #3025, 1000.000000000000000 ) ;
#4205 = DIRECTION ( 'NONE',  ( 0.000000000000000000, -8.673617379884032317E-15, 1.000000000000000000 ) ) ;
#4206 = LINE ( 'NONE', #1837, #3047 ) ;
#4207 = EDGE_CURVE ( 'NONE', #2192, #3188, #3763, .T. ) ;
#4208 = ORIENTED_EDGE ( 'NONE', *, *, #13, .T. ) ;
#4209 = AXIS2_PLACEMENT_3D ( 'NONE', #3007, #2284, #1669 ) ;
#4210 = DIRECTION ( 'NONE',  ( 1.000000000000000000, 0.000000000000000000, 0.000000000000000000 ) ) ;
#4211 = DIRECTION ( 'NONE',  ( -1.000000000000000000, -0.000000000000000000, -0.000000000000000000 ) ) ;
#4212 = VECTOR ( 'NONE', #4281, 1000.000000000000000 ) ;
#4213 = AXIS2_PLACEMENT_3D ( 'NONE', #643, #2026, #3403 ) ;
#4214 = ORIENTED_EDGE ( 'NONE', *, *, #277, .F. ) ;
#4215 = ORIENTED_EDGE ( 'NONE', *, *, #4381, .F. ) ;
#4216 = VECTOR ( 'NONE', #4293, 1000.000000000000000 ) ;
#4217 = DIRECTION ( 'NONE',  ( 0.000000000000000000, 0.000000000000000000, -1.000000000000000000 ) ) ;
#4218 = VERTEX_POINT ( 'NONE', #2377 ) ;
#4219 = ORIENTED_EDGE ( 'NONE', *, *, #158, .F. ) ;
#4220 = ORIENTED_EDGE ( 'NONE', *, *, #1632, .T. ) ;
#4221 = EDGE_CURVE ( 'NONE', #1104, #1434, #3080, .T. ) ;
#4222 = CIRCLE ( 'NONE', #2705, 1.024999999999998135 ) ;
#4223 = VECTOR ( 'NONE', #1414, 1000.000000000000000 ) ;
#4224 = CARTESIAN_POINT ( 'NONE',  ( 1.600000000000000089, 3.588077000000001959, 76.13630254679685549 ) ) ;
#4225 = DIRECTION ( 'NONE',  ( 0.000000000000000000, -1.000000000000000000, 0.000000000000000000 ) ) ;
#4226 = ORIENTED_EDGE ( 'NONE', *, *, #2428, .T. ) ;
#4227 = CARTESIAN_POINT ( 'NONE',  ( 0.000000000000000000, 39.99999999999999289, 39.68222947802272671 ) ) ;
#4228 = ORIENTED_EDGE ( 'NONE', *, *, #465, .F. ) ;
#4229 = VECTOR ( 'NONE', #2057, 1000.000000000000000 ) ;
#4230 = MANIFOLD_SOLID_BREP ( 'USB-C¹©µç½Ó¿Ú', #801 ) ;
#4231 = ORIENTED_EDGE ( 'NONE', *, *, #4285, .F. ) ;
#4232 = CARTESIAN_POINT ( 'NONE',  ( 1.600000000000000089, 40.00000000000000000, 4.428226148730328054E-15 ) ) ;
#4233 = DIRECTION ( 'NONE',  ( -1.000000000000000000, -0.000000000000000000, -0.000000000000000000 ) ) ;
#4234 = DIRECTION ( 'NONE',  ( 0.000000000000000000, -0.9961946980917453232, 0.08715574274766141327 ) ) ;
#4235 = ADVANCED_FACE ( 'NONE', ( #2810 ), #3775, .T. ) ;
#4236 = CARTESIAN_POINT ( 'NONE',  ( 1.600000000000000089, 17.40854783759235502, 90.84364330375620966 ) ) ;
#4237 = FACE_OUTER_BOUND ( 'NONE', #440, .T. ) ;
#4238 = ORIENTED_EDGE ( 'NONE', *, *, #3133, .F. ) ;
#4239 = DIRECTION ( 'NONE',  ( 0.000000000000000000, 0.000000000000000000, -1.000000000000000000 ) ) ;
#4240 = VECTOR ( 'NONE', #2862, 1000.000000000000000 ) ;
#4241 = LINE ( 'NONE', #3878, #1977 ) ;
#4242 = ORIENTED_EDGE ( 'NONE', *, *, #4327, .T. ) ;
#4243 = CARTESIAN_POINT ( 'NONE',  ( 0.000000000000000000, 40.00000000000000711, -32.69334415737191790 ) ) ;
#4244 = ORIENTED_EDGE ( 'NONE', *, *, #177, .T. ) ;
#4245 = DIRECTION ( 'NONE',  ( -1.000000000000000000, -0.000000000000000000, -0.000000000000000000 ) ) ;
#4246 = CARTESIAN_POINT ( 'NONE',  ( 0.000000000000000000, -13.81702128323984269, 15.31719046764238357 ) ) ;
#4247 = EDGE_CURVE ( 'NONE', #1117, #2319, #93, .T. ) ;
#4248 = ORIENTED_EDGE ( 'NONE', *, *, #316, .F. ) ;
#4249 = CARTESIAN_POINT ( 'NONE',  ( 1.600000000000000089, 4.088077000000001959, 66.88630254679686971 ) ) ;
#4250 = VERTEX_POINT ( 'NONE', #1180 ) ;
#4251 = CARTESIAN_POINT ( 'NONE',  ( 1.600000000000000089, -11.69353965725912303, -10.16381858468267829 ) ) ;
#4252 = CARTESIAN_POINT ( 'NONE',  ( 0.000000000000000000, 30.50000000000030198, 59.32499999999998863 ) ) ;
#4253 = CARTESIAN_POINT ( 'NONE',  ( 1.600000000000000089, 6.588077000000002847, 76.13630254679685549 ) ) ;
#4254 = FACE_OUTER_BOUND ( 'NONE', #3518, .T. ) ;
#4255 = CARTESIAN_POINT ( 'NONE',  ( 1.600000000000000089, 40.00000000000000000, 4.428226148730328054E-15 ) ) ;
#4256 = ADVANCED_FACE ( 'NONE', ( #1518 ), #3555, .F. ) ;
#4257 = ORIENTED_EDGE ( 'NONE', *, *, #831, .F. ) ;
#4258 = AXIS2_PLACEMENT_3D ( 'NONE', #1141, #4263, #505 ) ;
#4259 = CARTESIAN_POINT ( 'NONE',  ( 0.000000000000000000, 40.00000000000000000, -2.693344157371921455 ) ) ;
#4260 = CARTESIAN_POINT ( 'NONE',  ( 1.600000000000000089, 0.000000000000000000, 0.000000000000000000 ) ) ;
#4261 = VERTEX_POINT ( 'NONE', #47 ) ;
#4262 = VECTOR ( 'NONE', #2384, 1000.000000000000000 ) ;
#4263 = DIRECTION ( 'NONE',  ( 1.000000000000000000, 0.000000000000000000, 0.000000000000000000 ) ) ;
#4264 = VERTEX_POINT ( 'NONE', #842 ) ;
#4265 = VECTOR ( 'NONE', #4369, 1000.000000000000227 ) ;
#4266 = EDGE_CURVE ( 'NONE', #4261, #1419, #1446, .T. ) ;
#4267 = LINE ( 'NONE', #1209, #3902 ) ;
#4268 = LINE ( 'NONE', #1169, #3333 ) ;
#4269 = ORIENTED_EDGE ( 'NONE', *, *, #4165, .T. ) ;
#4270 = DIRECTION ( 'NONE',  ( 0.000000000000000000, -2.565210315677348556E-17, -1.000000000000000000 ) ) ;
#4271 = EDGE_LOOP ( 'NONE', ( #3075, #1048, #87, #3165 ) ) ;
#4272 = DIRECTION ( 'NONE',  ( 1.000000000000000000, -0.000000000000000000, -0.000000000000000000 ) ) ;
#4273 = CARTESIAN_POINT ( 'NONE',  ( 1.600000000000000089, 33.99999999999999289, 87.66419036505570261 ) ) ;
#4274 = CARTESIAN_POINT ( 'NONE',  ( 0.000000000000000000, 30.77671948322412376, 78.16291816644130108 ) ) ;
#4275 = LINE ( 'NONE', #3614, #2870 ) ;
#4276 = DIRECTION ( 'NONE',  ( 0.000000000000000000, -2.565210315677348556E-17, -1.000000000000000000 ) ) ;
#4277 = AXIS2_PLACEMENT_3D ( 'NONE', #991, #1611, #2376 ) ;
#4278 = EDGE_CURVE ( 'NONE', #2844, #2135, #1084, .T. ) ;
#4279 = VERTEX_POINT ( 'NONE', #3873 ) ;
#4280 = CARTESIAN_POINT ( 'NONE',  ( 1.600000000000000089, 12.33807700000000196, 20.38222947802271889 ) ) ;
#4281 = DIRECTION ( 'NONE',  ( -0.000000000000000000, 1.000000000000000000, -0.000000000000000000 ) ) ;
#4282 = AXIS2_PLACEMENT_3D ( 'NONE', #1235, #876, #2942 ) ;
#4283 = DIRECTION ( 'NONE',  ( 0.000000000000000000, 0.000000000000000000, -1.000000000000000000 ) ) ;
#4284 = ORIENTED_EDGE ( 'NONE', *, *, #2923, .T. ) ;
#4285 = EDGE_CURVE ( 'NONE', #3719, #1362, #458, .T. ) ;
#4286 = DIRECTION ( 'NONE',  ( 0.000000000000000000, -1.000000000000000000, 0.000000000000000000 ) ) ;
#4287 = ORIENTED_EDGE ( 'NONE', *, *, #2906, .T. ) ;
#4288 = VECTOR ( 'NONE', #3772, 1000.000000000000000 ) ;
#4289 = LINE ( 'NONE', #1128, #2562 ) ;
#4290 = ADVANCED_FACE ( 'NONE', ( #4237 ), #2833, .F. ) ;
#4291 = DIRECTION ( 'NONE',  ( -1.000000000000000000, -0.000000000000000000, -0.000000000000000000 ) ) ;
#4292 = CARTESIAN_POINT ( 'NONE',  ( 0.000000000000000000, -1.330597993526980272, -1.156532325689384910 ) ) ;
#4293 = DIRECTION ( 'NONE',  ( 0.000000000000000000, -1.000000000000000000, -6.938893903907221278E-15 ) ) ;
#4294 = LINE ( 'NONE', #3223, #1705 ) ;
#4295 = DIRECTION ( 'NONE',  ( 1.000000000000000000, -0.000000000000000000, 0.000000000000000000 ) ) ;
#4296 = ORIENTED_EDGE ( 'NONE', *, *, #2235, .T. ) ;
#4297 = ORIENTED_EDGE ( 'NONE', *, *, #298, .F. ) ;
#4298 = CARTESIAN_POINT ( 'NONE',  ( 34.43031986259653365, 42.32849132892020805, 87.66419036505568840 ) ) ;
#4299 = AXIS2_PLACEMENT_3D ( 'NONE', #1109, #4205, #2764 ) ;
#4300 = EDGE_CURVE ( 'NONE', #148, #2685, #4206, .T. ) ;
#4301 = LINE ( 'NONE', #2226, #4212 ) ;
#4302 = CIRCLE ( 'NONE', #3148, 3.175000000000011369 ) ;
#4303 = DIRECTION ( 'NONE',  ( 1.000000000000000000, -0.000000000000000000, -0.000000000000000000 ) ) ;
#4304 = EDGE_CURVE ( 'NONE', #233, #3018, #1892, .T. ) ;
#4305 = ORIENTED_EDGE ( 'NONE', *, *, #4300, .F. ) ;
#4306 = ORIENTED_EDGE ( 'NONE', *, *, #2088, .T. ) ;
#4307 = ADVANCED_FACE ( 'NONE', ( #2518 ), #2155, .F. ) ;
#4308 = VECTOR ( 'NONE', #3017, 1000.000000000000000 ) ;
#4309 = CARTESIAN_POINT ( 'NONE',  ( 1.600000000000000089, 40.00000000000000000, 27.30665584262807855 ) ) ;
#4310 = ORIENTED_EDGE ( 'NONE', *, *, #667, .T. ) ;
#4311 = FACE_OUTER_BOUND ( 'NONE', #1207, .T. ) ;
#4312 = DIRECTION ( 'NONE',  ( 0.000000000000000000, -1.000000000000000000, 0.000000000000000000 ) ) ;
#4313 = LINE ( 'NONE', #2558, #2665 ) ;
#4314 = CARTESIAN_POINT ( 'NONE',  ( 0.000000000000000000, 14.33807700000000551, 44.26130254679685549 ) ) ;
#4315 = CARTESIAN_POINT ( 'NONE',  ( 1.600000000000000089, 16.39587551655130682, 44.26130254679684839 ) ) ;
#4316 = CYLINDRICAL_SURFACE ( 'NONE', #1383, 3.175000000000000711 ) ;
#4317 = ORIENTED_EDGE ( 'NONE', *, *, #2351, .F. ) ;
#4318 = VERTEX_POINT ( 'NONE', #433 ) ;
#4319 = LINE ( 'NONE', #3033, #4065 ) ;
#4320 = CARTESIAN_POINT ( 'NONE',  ( 1.600000000000000089, 32.87530306181896833, 85.71545826513890631 ) ) ;
#4321 = EDGE_CURVE ( 'NONE', #1992, #3177, #3844, .T. ) ;
#4322 = DIRECTION ( 'NONE',  ( 0.000000000000000000, -1.000000000000000000, -1.355252715606881282E-16 ) ) ;
#4323 = LINE ( 'NONE', #468, #502 ) ;
#4324 = VERTEX_POINT ( 'NONE', #3194 ) ;
#4325 = ADVANCED_FACE ( 'NONE', ( #96 ), #3599, .F. ) ;
#4326 = ORIENTED_EDGE ( 'NONE', *, *, #3296, .F. ) ;
#4327 = EDGE_CURVE ( 'NONE', #510, #3061, #1475, .T. ) ;
#4328 = LINE ( 'NONE', #3929, #2495 ) ;
#4329 = ORIENTED_EDGE ( 'NONE', *, *, #3006, .F. ) ;
#4330 = PLANE ( 'NONE',  #3752 ) ;
#4331 = VECTOR ( 'NONE', #3383, 1000.000000000000000 ) ;
#4332 = CARTESIAN_POINT ( 'NONE',  ( 34.43031986259653365, -1.045918538495705866E-14, 2.411723950197328215 ) ) ;
#4333 = CARTESIAN_POINT ( 'NONE',  ( 1.600000000000000089, 6.588077000000001959, 67.38630254679685549 ) ) ;
#4334 = FACE_OUTER_BOUND ( 'NONE', #1279, .T. ) ;
#4335 = EDGE_CURVE ( 'NONE', #2100, #2590, #2400, .T. ) ;
#4336 = DIRECTION ( 'NONE',  ( 0.000000000000000000, -1.000000000000000000, -6.938893903907240999E-14 ) ) ;
#4337 = VERTEX_POINT ( 'NONE', #3916 ) ;
#4338 = ORIENTED_EDGE ( 'NONE', *, *, #3237, .T. ) ;
#4339 = EDGE_LOOP ( 'NONE', ( #4163, #395, #80, #2408 ) ) ;
#4340 = DIRECTION ( 'NONE',  ( -1.000000000000000000, 0.000000000000000000, 0.000000000000000000 ) ) ;
#4341 = VECTOR ( 'NONE', #3750, 1000.000000000000114 ) ;
#4342 = LINE ( 'NONE', #1242, #1631 ) ;
#4343 = CARTESIAN_POINT ( 'NONE',  ( 0.000000000000000000, 3.469446951953614189E-15, 41.93222947802272671 ) ) ;
#4344 = EDGE_CURVE ( 'NONE', #994, #1094, #819, .T. ) ;
#4345 = VECTOR ( 'NONE', #3413, 1000.000000000000000 ) ;
#4346 = CARTESIAN_POINT ( 'NONE',  ( 0.000000000000000000, 30.22328051677647309, 59.33708183355869181 ) ) ;
#4347 = DIRECTION ( 'NONE',  ( 0.000000000000000000, -1.000000000000000000, -6.938893903907240999E-14 ) ) ;
#4348 = VERTEX_POINT ( 'NONE', #2924 ) ;
#4349 = VECTOR ( 'NONE', #2129, 1000.000000000000000 ) ;
#4350 = AXIS2_PLACEMENT_3D ( 'NONE', #173, #4272, #535 ) ;
#4351 = VERTEX_POINT ( 'NONE', #1604 ) ;
#4352 = DIRECTION ( 'NONE',  ( 0.000000000000000000, 0.9281374038694145678, 0.3722377728529752128 ) ) ;
#4353 = VECTOR ( 'NONE', #288, 1000.000000000000000 ) ;
#4354 = ORIENTED_EDGE ( 'NONE', *, *, #887, .F. ) ;
#4355 = EDGE_CURVE ( 'NONE', #2811, #2308, #4001, .T. ) ;
#4356 = CARTESIAN_POINT ( 'NONE',  ( 34.43031986259653365, -1.600000000000629141, 62.41172395019732022 ) ) ;
#4357 = AXIS2_PLACEMENT_3D ( 'NONE', #799, #3536, #2910 ) ;
#4358 = VECTOR ( 'NONE', #4126, 1000.000000000000114 ) ;
#4359 = DIRECTION ( 'NONE',  ( 1.000000000000000000, -0.000000000000000000, -0.000000000000000000 ) ) ;
#4360 = VECTOR ( 'NONE', #556, 1000.000000000000114 ) ;
#4361 = DIRECTION ( 'NONE',  ( -1.000000000000000000, -0.000000000000000000, -0.000000000000000000 ) ) ;
#4362 = ADVANCED_FACE ( 'NONE', ( #3706 ), #4316, .F. ) ;
#4363 = CARTESIAN_POINT ( 'NONE',  ( 0.000000000000000000, 34.00000000000021316, -36.08827604980243109 ) ) ;
#4364 = DIRECTION ( 'NONE',  ( 0.000000000000000000, 0.9961946980917452121, -0.08715574274766139939 ) ) ;
#4365 = EDGE_LOOP ( 'NONE', ( #1805, #4296, #3572, #1670 ) ) ;
#4366 = VECTOR ( 'NONE', #3920, 1000.000000000000000 ) ;
#4367 = ADVANCED_FACE ( 'NONE', ( #155 ), #178, .F. ) ;
#4368 = ORIENTED_EDGE ( 'NONE', *, *, #1136, .F. ) ;
#4369 = DIRECTION ( 'NONE',  ( 0.000000000000000000, -0.1882073904574345369, -0.9821293082772769578 ) ) ;
#4370 = LINE ( 'NONE', #2586, #1476 ) ;
#4371 = PLANE ( 'NONE',  #1047 ) ;
#4372 = DIRECTION ( 'NONE',  ( -1.000000000000000000, 0.000000000000000000, -0.000000000000000000 ) ) ;
#4373 = AXIS2_PLACEMENT_3D ( 'NONE', #669, #1437, #2144 ) ;
#4374 = DIRECTION ( 'NONE',  ( 0.000000000000000000, 0.000000000000000000, -1.000000000000000000 ) ) ;
#4375 = LINE ( 'NONE', #1272, #1204 ) ;
#4376 = ORIENTED_EDGE ( 'NONE', *, *, #2335, .F. ) ;
#4377 = ORIENTED_EDGE ( 'NONE', *, *, #2177, .T. ) ;
#4378 = DIRECTION ( 'NONE',  ( 0.000000000000000000, 0.3722377728529752128, -0.9281374038694145678 ) ) ;
#4379 = ORIENTED_EDGE ( 'NONE', *, *, #2607, .T. ) ;
#4380 = LINE ( 'NONE', #1280, #1950 ) ;
#4381 = EDGE_CURVE ( 'NONE', #820, #3372, #3320, .T. ) ;
#4382 = DIRECTION ( 'NONE',  ( -1.000000000000000000, -0.000000000000000000, -0.000000000000000000 ) ) ;
#4383 = LINE ( 'NONE', #2668, #1380 ) ;
#4384 = DIRECTION ( 'NONE',  ( -0.000000000000000000, 1.000000000000000000, -0.000000000000000000 ) ) ;
#4385 = LINE ( 'NONE', #1916, #4203 ) ;
#4386 = EDGE_LOOP ( 'NONE', ( #3851, #3854, #368, #4398 ) ) ;
#4387 = EDGE_LOOP ( 'NONE', ( #956, #4026, #1569, #780 ) ) ;
#4388 = CYLINDRICAL_SURFACE ( 'NONE', #2748, 2.250000000000001776 ) ;
#4389 = CARTESIAN_POINT ( 'NONE',  ( 0.000000000000000000, 2.313972428858317077E-15, 5.261723950197324307 ) ) ;
#4390 = CARTESIAN_POINT ( 'NONE',  ( 0.000000000000000000, 52.50000000000000711, 75.13910731638102902 ) ) ;
#4391 = ADVANCED_FACE ( 'NONE', ( #1559 ), #921, .T. ) ;
#4392 = CARTESIAN_POINT ( 'NONE',  ( 1.600000000000000089, 30.11375111226617207, 87.30926842633159879 ) ) ;
#4393 = DIRECTION ( 'NONE',  ( -1.000000000000000000, 0.000000000000000000, -0.000000000000000000 ) ) ;
#4394 = CARTESIAN_POINT ( 'NONE',  ( 1.600000000000000089, 0.000000000000000000, 0.000000000000000000 ) ) ;
#4395 = ORIENTED_EDGE ( 'NONE', *, *, #1150, .T. ) ;
#4396 = VERTEX_POINT ( 'NONE', #3636 ) ;
#4397 = CARTESIAN_POINT ( 'NONE',  ( 0.000000000000000000, 28.64500731160145364, 3.126747392738919107 ) ) ;
#4398 = ORIENTED_EDGE ( 'NONE', *, *, #3071, .T. ) ;
#4399 = AXIS2_PLACEMENT_3D ( 'NONE', #3589, #441, #3230 ) ;
#4400 = LINE ( 'NONE', #195, #2534 ) ;
#4401 = EDGE_CURVE ( 'NONE', #4120, #2818, #3624, .T. ) ;
#4402 = DIRECTION ( 'NONE',  ( 1.000000000000000000, 0.000000000000000000, 0.000000000000000000 ) ) ;
#4403 = DIRECTION ( 'NONE',  ( 0.000000000000000000, -0.7547485790292317587, -0.6560141633024058061 ) ) ;
#4404 = DIRECTION ( 'NONE',  ( 0.000000000000000000, -1.000000000000000000, 0.000000000000000000 ) ) ;
#4405 = CARTESIAN_POINT ( 'NONE',  ( 0.000000000000000000, 32.35499268839883769, -2.026747392738916353 ) ) ;
#4406 = ORIENTED_EDGE ( 'NONE', *, *, #3160, .F. ) ;
#4407 = EDGE_LOOP ( 'NONE', ( #3049, #35, #2132, #469 ) ) ;
#4408 = CARTESIAN_POINT ( 'NONE',  ( 0.000000000000000000, 12.81931466328369140, -23.26612108719100291 ) ) ;
#4409 = CARTESIAN_POINT ( 'NONE',  ( 1.600000000000000089, 18.39587551655130682, 44.26130254679684839 ) ) ;
#4410 = DIRECTION ( 'NONE',  ( 0.000000000000000000, -0.08715574274766127449, -0.9961946980917453232 ) ) ;
#4411 = EDGE_CURVE ( 'NONE', #2840, #2503, #1021, .T. ) ;
#4412 = DIRECTION ( 'NONE',  ( 0.000000000000000000, 0.000000000000000000, -1.000000000000000000 ) ) ;
#4413 = CARTESIAN_POINT ( 'NONE',  ( 0.000000000000000000, 1.017932644060996652E-15, 39.68222947802272671 ) ) ;
#4414 = CARTESIAN_POINT ( 'NONE',  ( 1.600000000000000089, 34.00000000000021316, -36.08827604980243109 ) ) ;
#4415 = ORIENTED_EDGE ( 'NONE', *, *, #4321, .F. ) ;
#4416 = VERTEX_POINT ( 'NONE', #902 ) ;
#4417 = CARTESIAN_POINT ( 'NONE',  ( 1.600000000000000089, 34.00000000000000711, -36.08827604980267978 ) ) ;
#4418 = EDGE_CURVE ( 'NONE', #3018, #331, #4023, .T. ) ;
#4419 = VECTOR ( 'NONE', #4021, 1000.000000000000000 ) ;
#4420 = ORIENTED_EDGE ( 'NONE', *, *, #1043, .F. ) ;
#4421 = ADVANCED_FACE ( 'NONE', ( #1263 ), #3300, .F. ) ;
#4422 = CARTESIAN_POINT ( 'NONE',  ( 0.000000000000000000, 32.79724476520794241, 25.41172395019731312 ) ) ;
#4423 = AXIS2_PLACEMENT_3D ( 'NONE', #4046, #539, #2985 ) ;
#4424 = LINE ( 'NONE', #1324, #3777 ) ;
#4425 = EDGE_CURVE ( 'NONE', #1103, #2331, #200, .T. ) ;
#4426 = VECTOR ( 'NONE', #163, 1000.000000000000227 ) ;
#4427 = DIRECTION ( 'NONE',  ( -1.000000000000000000, 0.000000000000000000, -0.000000000000000000 ) ) ;
#4428 =( LENGTH_UNIT ( ) NAMED_UNIT ( * ) SI_UNIT ( .MILLI., .METRE. ) );
#4429 = ORIENTED_EDGE ( 'NONE', *, *, #243, .F. ) ;
#4430 = AXIS2_PLACEMENT_3D ( 'NONE', #3123, #340, #2014 ) ;
#4431 = ORIENTED_EDGE ( 'NONE', *, *, #772, .T. ) ;
#4432 = DIRECTION ( 'NONE',  ( -0.000000000000000000, 1.000000000000000000, 0.000000000000000000 ) ) ;
#4433 = CARTESIAN_POINT ( 'NONE',  ( 1.600000000000000089, 34.00000000000000711, -36.08827604980267978 ) ) ;
#4434 = LINE ( 'NONE', #3751, #3568 ) ;
#4435 = AXIS2_PLACEMENT_3D ( 'NONE', #2085, #3129, #2378 ) ;
#4436 = VECTOR ( 'NONE', #1053, 1000.000000000000000 ) ;
#4437 = EDGE_CURVE ( 'NONE', #2891, #3476, #4385, .T. ) ;
#4438 = DIRECTION ( 'NONE',  ( 1.000000000000000000, -0.000000000000000000, -0.000000000000000000 ) ) ;
#4439 = CARTESIAN_POINT ( 'NONE',  ( 1.600000000000000089, 2.479576514082024050E-15, 96.66172395019732733 ) ) ;
#4440 = ORIENTED_EDGE ( 'NONE', *, *, #3438, .T. ) ;
#4441 = CARTESIAN_POINT ( 'NONE',  ( 34.43031986259653365, 0.000000000000000000, -27.58827604980266912 ) ) ;
#4442 = ORIENTED_EDGE ( 'NONE', *, *, #183, .T. ) ;
#4443 = EDGE_CURVE ( 'NONE', #3321, #1465, #1578, .T. ) ;
#4444 = FACE_OUTER_BOUND ( 'NONE', #4081, .T. ) ;
#4445 = EDGE_LOOP ( 'NONE', ( #4047, #1549, #4141, #3084 ) ) ;
#4446 = ADVANCED_FACE ( 'NONE', ( #2960 ), #2624, .F. ) ;
#4447 = DIRECTION ( 'NONE',  ( 1.000000000000000000, -0.000000000000000000, -0.000000000000000000 ) ) ;
#4448 = AXIS2_PLACEMENT_3D ( 'NONE', #2398, #1422, #3843 ) ;
#4449 = CARTESIAN_POINT ( 'NONE',  ( 34.43031986259653365, -3.976448048797029145E-12, 57.30665584262530388 ) ) ;
#4450 = VERTEX_POINT ( 'NONE', #1939 ) ;
#4451 = VERTEX_POINT ( 'NONE', #1966 ) ;
#4452 = CARTESIAN_POINT ( 'NONE',  ( 1.600000000000000089, 40.00000000000000000, 20.88222947802272245 ) ) ;
#4453 = DIRECTION ( 'NONE',  ( 1.000000000000000000, 0.000000000000000000, 0.000000000000000000 ) ) ;
#4454 = PLANE ( 'NONE',  #3653 ) ;
#4455 = PLANE ( 'NONE',  #1833 ) ;
#4456 = CARTESIAN_POINT ( 'NONE',  ( 1.600000000000000089, 39.99999999999999289, 57.30665584262807499 ) ) ;
#4457 = LINE ( 'NONE', #4201, #2523 ) ;
#4458 = EDGE_LOOP ( 'NONE', ( #3795, #540, #1747, #450 ) ) ;
#4459 = CARTESIAN_POINT ( 'NONE',  ( 1.600000000000000089, 0.000000000000000000, 20.38222947802271889 ) ) ;
#4460 = EDGE_CURVE ( 'NONE', #2927, #3372, #3200, .T. ) ;
#4461 = ORIENTED_EDGE ( 'NONE', *, *, #2744, .F. ) ;
#4462 = DIRECTION ( 'NONE',  ( -1.000000000000000000, -0.000000000000000000, -0.000000000000000000 ) ) ;
#4463 = AXIS2_PLACEMENT_3D ( 'NONE', #152, #2237, #2579 ) ;
#4464 = VERTEX_POINT ( 'NONE', #2330 ) ;
#4465 = ORIENTED_EDGE ( 'NONE', *, *, #981, .T. ) ;
#4466 = EDGE_CURVE ( 'NONE', #2590, #3583, #3261, .T. ) ;
#4467 = ORIENTED_EDGE ( 'NONE', *, *, #3622, .F. ) ;
#4468 = ADVANCED_FACE ( 'NONE', ( #3959 ), #859, .F. ) ;
#4469 = DIRECTION ( 'NONE',  ( 0.000000000000000000, 1.000000000000000000, 6.938893903907240999E-14 ) ) ;
#4470 = DIRECTION ( 'NONE',  ( 0.000000000000000000, 0.000000000000000000, 1.000000000000000000 ) ) ;
#4471 = ORIENTED_EDGE ( 'NONE', *, *, #4078, .T. ) ;
#4472 = CIRCLE ( 'NONE', #2168, 3.174999999999908784 ) ;
#4473 = ORIENTED_EDGE ( 'NONE', *, *, #3889, .T. ) ;
#4474 = LINE ( 'NONE', #4232, #3286 ) ;
#4475 = DIRECTION ( 'NONE',  ( 0.000000000000000000, 0.000000000000000000, -1.000000000000000000 ) ) ;
#4476 = EDGE_CURVE ( 'NONE', #2604, #2564, #2352, .T. ) ;
#4477 = CARTESIAN_POINT ( 'NONE',  ( 0.000000000000000000, -0.000000000000000000, 0.000000000000000000 ) ) ;
#4478 = LINE ( 'NONE', #2060, #659 ) ;
#4479 = VECTOR ( 'NONE', #3044, 1000.000000000000000 ) ;
#4480 = VECTOR ( 'NONE', #1970, 1000.000000000000000 ) ;
#4481 = FACE_OUTER_BOUND ( 'NONE', #390, .T. ) ;
ENDSEC;
END-ISO-10303-21;
