ISO-10303-21;
HEADER;
FILE_DESCRIPTION (( 'STEP AP214' ),
    '1' );
FILE_NAME ('1.6mm-≤‡∞Â-”“.STEP',
    '2025-08-21T04:55:49',
    ( '' ),
    ( '' ),
    'SwSTEP 2.0',
    'SolidWorks 2020',
    '' );
FILE_SCHEMA (( 'AUTOMOTIVE_DESIGN' ));
ENDSEC;

DATA;
#1 = PLANE ( 'NONE',  #2745 ) ;
#2 =( NAMED_UNIT ( * ) SI_UNIT ( $, .STERADIAN. ) SOLID_ANGLE_UNIT ( ) );
#3 = CARTESIAN_POINT ( 'NONE',  ( 0.000000000000000000, 30.22110162320747762, 55.81217696610641354 ) ) ;
#4 = EDGE_LOOP ( 'NONE', ( #5166, #1699, #1858, #39 ) ) ;
#5 = VERTEX_POINT ( 'NONE', #4618 ) ;
#6 = EDGE_LOOP ( 'NONE', ( #1326, #2312, #5989, #2272 ) ) ;
#7 = LINE ( 'NONE', #1859, #3611 ) ;
#8 = FACE_OUTER_BOUND ( 'NONE', #2936, .T. ) ;
#9 = CARTESIAN_POINT ( 'NONE',  ( 0.000000000000000000, 14.26852036069874252, -24.68499331274864872 ) ) ;
#10 = DIRECTION ( 'NONE',  ( 1.000000000000000000, 0.000000000000000000, -0.000000000000000000 ) ) ;
#11 = CARTESIAN_POINT ( 'NONE',  ( 1.600000000000000089, 29.72527329571467547, 35.01172395019732875 ) ) ;
#12 = VECTOR ( 'NONE', #195, 1000.000000000000000 ) ;
#13 = DIRECTION ( 'NONE',  ( 0.000000000000000000, 0.000000000000000000, 1.000000000000000000 ) ) ;
#14 = EDGE_CURVE ( 'NONE', #5053, #4944, #4677, .T. ) ;
#15 = DIRECTION ( 'NONE',  ( 0.000000000000000000, 0.000000000000000000, 1.000000000000000000 ) ) ;
#16 = DIRECTION ( 'NONE',  ( -1.000000000000000000, 0.000000000000000000, 0.000000000000000000 ) ) ;
#17 = VECTOR ( 'NONE', #3305, 1000.000000000000000 ) ;
#18 = ORIENTED_EDGE ( 'NONE', *, *, #5759, .F. ) ;
#19 = VERTEX_POINT ( 'NONE', #4652 ) ;
#20 = ADVANCED_FACE ( 'NONE', ( #2838 ), #3713, .F. ) ;
#21 = VERTEX_POINT ( 'NONE', #1498 ) ;
#22 = CIRCLE ( 'NONE', #3433, 1.024999999999998135 ) ;
#23 = CARTESIAN_POINT ( 'NONE',  ( 1.600000000000000089, 15.29260265095050109, 2.739314882973610477 ) ) ;
#24 = DIRECTION ( 'NONE',  ( 0.000000000000000000, 0.000000000000000000, 1.000000000000000000 ) ) ;
#25 = CARTESIAN_POINT ( 'NONE',  ( 1.600000000000000089, 21.87069162429846969, 1.652937762254315324 ) ) ;
#26 = CIRCLE ( 'NONE', #4212, 0.6000000000000033085 ) ;
#27 = VERTEX_POINT ( 'NONE', #4264 ) ;
#28 = EDGE_LOOP ( 'NONE', ( #1329, #2433, #3528, #2191 ) ) ;
#29 = VECTOR ( 'NONE', #1562, 1000.000000000000000 ) ;
#30 = ORIENTED_EDGE ( 'NONE', *, *, #133, .F. ) ;
#31 = AXIS2_PLACEMENT_3D ( 'NONE', #2454, #1546, #630 ) ;
#32 = DIRECTION ( 'NONE',  ( -1.000000000000000000, -0.000000000000000000, -0.000000000000000000 ) ) ;
#33 = CARTESIAN_POINT ( 'NONE',  ( 1.600000000000000089, 0.000000000000000000, 0.000000000000000000 ) ) ;
#34 = EDGE_CURVE ( 'NONE', #4993, #5198, #5591, .T. ) ;
#35 = FACE_OUTER_BOUND ( 'NONE', #4690, .T. ) ;
#36 = EDGE_CURVE ( 'NONE', #5142, #4907, #5443, .T. ) ;
#37 = DIRECTION ( 'NONE',  ( 0.000000000000000000, 0.000000000000000000, -1.000000000000000000 ) ) ;
#38 = ORIENTED_EDGE ( 'NONE', *, *, #1703, .T. ) ;
#39 = ORIENTED_EDGE ( 'NONE', *, *, #2985, .T. ) ;
#40 = EDGE_LOOP ( 'NONE', ( #5040, #237, #2921, #3327, #4718, #5688, #4579, #164, #1728, #4720, #5629, #1879, #3483, #4870, #1345, #2338, #1250, #2969, #5717, #3649, #2432, #2337, #3021, #2689, #3384, #1393, #4119, #2076, #4088, #919, #632, #84, #822, #3660, #4360, #359, #3412, #2798, #6003, #2929, #2472, #4355, #4630, #4916, #3501, #4611, #3352, #473, #4214, #440, #1123, #3882, #2440, #5550, #726, #4785, #5463, #5230, #518, #4449, #5810, #3630, #1042, #38, #456, #5153, #5958, #2253 ) ) ;
#41 = CARTESIAN_POINT ( 'NONE',  ( 1.600000000000000089, 6.838458577264937333, 16.68517080928796759 ) ) ;
#42 = LINE ( 'NONE', #2719, #2110 ) ;
#43 = LINE ( 'NONE', #5188, #1506 ) ;
#44 = VECTOR ( 'NONE', #3925, 1000.000000000000000 ) ;
#45 = DIRECTION ( 'NONE',  ( 1.000000000000000000, -0.000000000000000000, -0.000000000000000000 ) ) ;
#46 = DIRECTION ( 'NONE',  ( 1.000000000000000000, 0.000000000000000000, 0.000000000000000000 ) ) ;
#47 = DIRECTION ( 'NONE',  ( 0.000000000000000000, 2.565210315677348556E-17, 1.000000000000000000 ) ) ;
#48 = VECTOR ( 'NONE', #5271, 1000.000000000000000 ) ;
#49 = CARTESIAN_POINT ( 'NONE',  ( 0.000000000000000000, 12.12889837679252025, 53.81948660865212730 ) ) ;
#50 = LINE ( 'NONE', #3920, #4836 ) ;
#51 = AXIS2_PLACEMENT_3D ( 'NONE', #4268, #4752, #127 ) ;
#52 = LINE ( 'NONE', #4284, #5530 ) ;
#53 = VERTEX_POINT ( 'NONE', #1034 ) ;
#54 = CIRCLE ( 'NONE', #729, 3.199999999999994404 ) ;
#55 = ORIENTED_EDGE ( 'NONE', *, *, #1358, .F. ) ;
#56 = ORIENTED_EDGE ( 'NONE', *, *, #3240, .F. ) ;
#57 = DIRECTION ( 'NONE',  ( 1.000000000000000000, -0.000000000000000000, 0.000000000000000000 ) ) ;
#58 = DIRECTION ( 'NONE',  ( 1.000000000000000000, -0.000000000000000000, 0.000000000000000000 ) ) ;
#59 = LINE ( 'NONE', #4200, #4014 ) ;
#60 = EDGE_CURVE ( 'NONE', #2252, #3597, #3749, .T. ) ;
#61 = ORIENTED_EDGE ( 'NONE', *, *, #5889, .T. ) ;
#62 = EDGE_LOOP ( 'NONE', ( #500, #5834, #1692, #3691 ) ) ;
#63 = VERTEX_POINT ( 'NONE', #972 ) ;
#64 = VECTOR ( 'NONE', #3859, 1000.000000000000114 ) ;
#65 = FACE_BOUND ( 'NONE', #1615, .T. ) ;
#66 = CARTESIAN_POINT ( 'NONE',  ( 1.600000000000000089, 20.79724476520794241, 15.61172395019732839 ) ) ;
#67 = LINE ( 'NONE', #1072, #29 ) ;
#68 = ORIENTED_EDGE ( 'NONE', *, *, #3604, .T. ) ;
#69 = EDGE_CURVE ( 'NONE', #5718, #297, #4684, .T. ) ;
#70 = ORIENTED_EDGE ( 'NONE', *, *, #3803, .T. ) ;
#71 = VERTEX_POINT ( 'NONE', #5175 ) ;
#72 = DIRECTION ( 'NONE',  ( 0.000000000000000000, 0.000000000000000000, -1.000000000000000000 ) ) ;
#73 = CARTESIAN_POINT ( 'NONE',  ( 0.000000000000000000, 42.00000000000000000, 6.984204920241143807E-15 ) ) ;
#74 = CARTESIAN_POINT ( 'NONE',  ( 0.000000000000000000, 32.79724476520794241, 40.83672395019733159 ) ) ;
#75 = LINE ( 'NONE', #3861, #1093 ) ;
#76 = DIRECTION ( 'NONE',  ( 0.000000000000000000, 0.000000000000000000, -1.000000000000000000 ) ) ;
#77 = DIRECTION ( 'NONE',  ( 1.000000000000000000, -0.000000000000000000, 0.000000000000000000 ) ) ;
#78 = VECTOR ( 'NONE', #3798, 1000.000000000000000 ) ;
#79 = ADVANCED_FACE ( 'NONE', ( #2870 ), #3846, .T. ) ;
#80 = EDGE_CURVE ( 'NONE', #1630, #4995, #1529, .T. ) ;
#81 = CARTESIAN_POINT ( 'NONE',  ( 0.000000000000000000, -7.076973031470814340E-16, -27.58827604980266912 ) ) ;
#82 = DIRECTION ( 'NONE',  ( -1.000000000000000000, -0.000000000000000000, -0.000000000000000000 ) ) ;
#83 = EDGE_LOOP ( 'NONE', ( #5769, #2382, #1285, #2208 ) ) ;
#84 = ORIENTED_EDGE ( 'NONE', *, *, #2114, .F. ) ;
#85 = VERTEX_POINT ( 'NONE', #2928 ) ;
#86 = CARTESIAN_POINT ( 'NONE',  ( 0.000000000000000000, 42.00000000000000711, -24.69334415737179711 ) ) ;
#87 = LINE ( 'NONE', #2435, #1301 ) ;
#88 = DIRECTION ( 'NONE',  ( 0.000000000000000000, 0.000000000000000000, 1.000000000000000000 ) ) ;
#89 = CARTESIAN_POINT ( 'NONE',  ( 0.000000000000000000, 6.088077000000001959, 62.03672395019731312 ) ) ;
#90 = VERTEX_POINT ( 'NONE', #5234 ) ;
#91 = EDGE_LOOP ( 'NONE', ( #3840, #4489, #5784, #166 ) ) ;
#92 = CARTESIAN_POINT ( 'NONE',  ( 1.600000000000000089, 36.00000000000001421, -33.83827604980267978 ) ) ;
#93 = PLANE ( 'NONE',  #5295 ) ;
#94 = DIRECTION ( 'NONE',  ( 1.000000000000000000, -0.000000000000000000, -0.000000000000000000 ) ) ;
#95 = ORIENTED_EDGE ( 'NONE', *, *, #5563, .T. ) ;
#96 = ORIENTED_EDGE ( 'NONE', *, *, #2048, .T. ) ;
#98 = EDGE_LOOP ( 'NONE', ( #1500, #2090, #5533, #3218 ) ) ;
#97 = VECTOR ( 'NONE', #842, 1000.000000000000000 ) ;
#99 = EDGE_CURVE ( 'NONE', #1924, #5718, #3120, .T. ) ;
#100 = DIRECTION ( 'NONE',  ( -1.000000000000000000, -0.000000000000000000, -0.000000000000000000 ) ) ;
#101 = DIRECTION ( 'NONE',  ( 0.000000000000000000, -2.565210315677348556E-17, -1.000000000000000000 ) ) ;
#102 = CARTESIAN_POINT ( 'NONE',  ( 34.26858978976805759, -1.600000000000210143, 2.411723950197321109 ) ) ;
#103 = DIRECTION ( 'NONE',  ( -0.000000000000000000, -0.7071067811865461294, -0.7071067811865489050 ) ) ;
#104 = PLANE ( 'NONE',  #1105 ) ;
#105 = CARTESIAN_POINT ( 'NONE',  ( 1.600000000000000089, 11.57110162320747904, 47.44384054086497571 ) ) ;
#106 = AXIS2_PLACEMENT_3D ( 'NONE', #5475, #2661, #3511 ) ;
#107 = LINE ( 'NONE', #1086, #4637 ) ;
#108 = VECTOR ( 'NONE', #683, 1000.000000000000000 ) ;
#109 = EDGE_CURVE ( 'NONE', #1734, #3980, #5479, .T. ) ;
#110 = DIRECTION ( 'NONE',  ( 0.000000000000000000, -2.565210315677348556E-17, -1.000000000000000000 ) ) ;
#111 = DIRECTION ( 'NONE',  ( 0.000000000000000000, 0.000000000000000000, -1.000000000000000000 ) ) ;
#112 = ORIENTED_EDGE ( 'NONE', *, *, #2197, .T. ) ;
#113 = EDGE_CURVE ( 'NONE', #3992, #4011, #804, .T. ) ;
#114 = VECTOR ( 'NONE', #1233, 1000.000000000000000 ) ;
#115 = VERTEX_POINT ( 'NONE', #1200 ) ;
#116 = ORIENTED_EDGE ( 'NONE', *, *, #2658, .F. ) ;
#117 = CARTESIAN_POINT ( 'NONE',  ( 1.600000000000000089, 29.72527329571467547, 35.01172395019732875 ) ) ;
#118 = CARTESIAN_POINT ( 'NONE',  ( 0.000000000000000000, 11.57110162320748081, 57.44384054086498281 ) ) ;
#119 = VECTOR ( 'NONE', #2546, 1000.000000000000000 ) ;
#120 = VECTOR ( 'NONE', #4083, 1000.000000000000000 ) ;
#121 = FACE_OUTER_BOUND ( 'NONE', #5208, .T. ) ;
#122 = ORIENTED_EDGE ( 'NONE', *, *, #1490, .F. ) ;
#123 = VECTOR ( 'NONE', #3763, 1000.000000000000114 ) ;
#124 = ORIENTED_EDGE ( 'NONE', *, *, #5597, .T. ) ;
#125 = ORIENTED_EDGE ( 'NONE', *, *, #1697, .T. ) ;
#126 = CARTESIAN_POINT ( 'NONE',  ( 1.600000000000000089, 2.165338250411548850E-15, 84.41172395019731312 ) ) ;
#127 = DIRECTION ( 'NONE',  ( 0.000000000000000000, 0.000000000000000000, 1.000000000000000000 ) ) ;
#128 = AXIS2_PLACEMENT_3D ( 'NONE', #4541, #5395, #378 ) ;
#129 = VECTOR ( 'NONE', #668, 1000.000000000000000 ) ;
#130 = CARTESIAN_POINT ( 'NONE',  ( 0.000000000000000000, 29.72527329571467547, 35.01172395019732875 ) ) ;
#131 = EDGE_LOOP ( 'NONE', ( #952, #258, #4644, #5663 ) ) ;
#132 = VECTOR ( 'NONE', #4717, 1000.000000000000114 ) ;
#133 = EDGE_CURVE ( 'NONE', #4893, #4521, #300, .T. ) ;
#134 = ORIENTED_EDGE ( 'NONE', *, *, #5972, .F. ) ;
#135 = ORIENTED_EDGE ( 'NONE', *, *, #4742, .T. ) ;
#136 = DIRECTION ( 'NONE',  ( 0.000000000000000000, 0.000000000000000000, -1.000000000000000000 ) ) ;
#137 = DIRECTION ( 'NONE',  ( 1.000000000000000000, -0.000000000000000000, 0.000000000000000000 ) ) ;
#138 = CARTESIAN_POINT ( 'NONE',  ( 0.000000000000000000, 30.50000000000000000, 49.00000000000000000 ) ) ;
#139 = CARTESIAN_POINT ( 'NONE',  ( 1.600000000000000089, 30.50000000000000000, 69.00000000000000000 ) ) ;
#140 = DIRECTION ( 'NONE',  ( 0.000000000000000000, 0.000000000000000000, -1.000000000000000000 ) ) ;
#141 = CARTESIAN_POINT ( 'NONE',  ( 0.000000000000000000, -1.600000000000210143, 2.411723950197321109 ) ) ;
#142 = ADVANCED_FACE ( 'NONE', ( #4065 ), #1320, .T. ) ;
#143 = VERTEX_POINT ( 'NONE', #2228 ) ;
#144 = VECTOR ( 'NONE', #5587, 1000.000000000000000 ) ;
#145 = DIRECTION ( 'NONE',  ( 0.000000000000000000, -0.2877246076653729445, 0.9577131878301599066 ) ) ;
#146 = CARTESIAN_POINT ( 'NONE',  ( 0.000000000000000000, 16.80944004961579097, 2.191686187571583400 ) ) ;
#147 = CARTESIAN_POINT ( 'NONE',  ( 0.000000000000000000, 30.22110162320747762, 65.81217696610642065 ) ) ;
#148 = VECTOR ( 'NONE', #1511, 1000.000000000000000 ) ;
#149 = ORIENTED_EDGE ( 'NONE', *, *, #4040, .F. ) ;
#150 = EDGE_CURVE ( 'NONE', #5212, #5723, #4924, .T. ) ;
#151 = ORIENTED_EDGE ( 'NONE', *, *, #3416, .F. ) ;
#152 = CARTESIAN_POINT ( 'NONE',  ( 1.600000000000000089, 4.063076999999999828, 57.91172395019730601 ) ) ;
#153 = CARTESIAN_POINT ( 'NONE',  ( 1.600000000000000089, 32.79724476520733134, 3.611723950197327948 ) ) ;
#154 = AXIS2_PLACEMENT_3D ( 'NONE', #3227, #1403, #1466 ) ;
#155 = EDGE_CURVE ( 'NONE', #5360, #194, #4096, .T. ) ;
#156 = FACE_OUTER_BOUND ( 'NONE', #5167, .T. ) ;
#157 = VECTOR ( 'NONE', #1639, 1000.000000000000114 ) ;
#158 = ORIENTED_EDGE ( 'NONE', *, *, #2977, .T. ) ;
#159 = ORIENTED_EDGE ( 'NONE', *, *, #1335, .F. ) ;
#160 = EDGE_CURVE ( 'NONE', #2863, #5618, #4884, .T. ) ;
#161 = ADVANCED_FACE ( 'NONE', ( #4914 ), #1115, .F. ) ;
#162 = FACE_BOUND ( 'NONE', #5549, .T. ) ;
#163 = DIRECTION ( 'NONE',  ( 0.000000000000000000, 0.6560141633023962582, -0.7547485790292399743 ) ) ;
#164 = ORIENTED_EDGE ( 'NONE', *, *, #3428, .T. ) ;
#165 = AXIS2_PLACEMENT_3D ( 'NONE', #5411, #1246, #3104 ) ;
#166 = ORIENTED_EDGE ( 'NONE', *, *, #486, .F. ) ;
#167 = ORIENTED_EDGE ( 'NONE', *, *, #1053, .F. ) ;
#168 = FACE_OUTER_BOUND ( 'NONE', #3234, .T. ) ;
#169 = DIRECTION ( 'NONE',  ( -1.000000000000000000, 0.000000000000000000, 0.000000000000000000 ) ) ;
#170 = CARTESIAN_POINT ( 'NONE',  ( 1.600000000000000089, 22.75288253535666527, 94.06881276329050934 ) ) ;
#171 = CARTESIAN_POINT ( 'NONE',  ( 1.600000000000000089, 19.80053634910733251, 1.647248581130498435 ) ) ;
#172 = FACE_OUTER_BOUND ( 'NONE', #997, .T. ) ;
#173 = CARTESIAN_POINT ( 'NONE',  ( 0.000000000000000000, 30.22110162320747762, 45.81217696610642065 ) ) ;
#174 = EDGE_CURVE ( 'NONE', #63, #3217, #2113, .T. ) ;
#175 = CARTESIAN_POINT ( 'NONE',  ( 0.000000000000000000, 36.99999999999959499, 39.81172395019733301 ) ) ;
#176 = CYLINDRICAL_SURFACE ( 'NONE', #5662, 2.250000000000001776 ) ;
#177 = DIRECTION ( 'NONE',  ( 0.000000000000000000, -0.9821293082772778460, 0.1882073904574311229 ) ) ;
#178 = AXIS2_PLACEMENT_3D ( 'NONE', #5485, #1324, #2369 ) ;
#179 = AXIS2_PLACEMENT_3D ( 'NONE', #3213, #2728, #5938 ) ;
#180 = ORIENTED_EDGE ( 'NONE', *, *, #3531, .T. ) ;
#181 = CARTESIAN_POINT ( 'NONE',  ( 0.000000000000000000, -1.599999999999999645, -35.58827604980267978 ) ) ;
#182 = DIRECTION ( 'NONE',  ( 0.000000000000000000, -1.000000000000000000, -3.410856382543251499E-15 ) ) ;
#183 = EDGE_CURVE ( 'NONE', #5518, #3154, #1044, .T. ) ;
#184 = PLANE ( 'NONE',  #777 ) ;
#185 = ADVANCED_FACE ( 'NONE', ( #3576 ), #1773, .T. ) ;
#186 = EDGE_LOOP ( 'NONE', ( #4620, #4936, #576, #2695 ) ) ;
#187 = VERTEX_POINT ( 'NONE', #5000 ) ;
#188 = FACE_BOUND ( 'NONE', #577, .T. ) ;
#189 = EDGE_CURVE ( 'NONE', #3245, #4862, #2578, .T. ) ;
#190 = PLANE ( 'NONE',  #3239 ) ;
#191 = ORIENTED_EDGE ( 'NONE', *, *, #393, .T. ) ;
#192 = EDGE_CURVE ( 'NONE', #1749, #4228, #4480, .T. ) ;
#193 = EDGE_CURVE ( 'NONE', #704, #2343, #748, .T. ) ;
#194 = VERTEX_POINT ( 'NONE', #3515 ) ;
#195 = DIRECTION ( 'NONE',  ( -1.000000000000000000, -0.000000000000000000, -0.000000000000000000 ) ) ;
#196 = FACE_OUTER_BOUND ( 'NONE', #3807, .T. ) ;
#197 = FACE_BOUND ( 'NONE', #3647, .T. ) ;
#198 = CARTESIAN_POINT ( 'NONE',  ( 1.600000000000000089, 16.46673111281022628, 93.37062347518292427 ) ) ;
#199 = LINE ( 'NONE', #2049, #601 ) ;
#200 = CIRCLE ( 'NONE', #2625, 4.799999999999998934 ) ;
#201 = DIRECTION ( 'NONE',  ( -1.000000000000000000, 0.000000000000000000, -0.000000000000000000 ) ) ;
#202 = VECTOR ( 'NONE', #5868, 1000.000000000000000 ) ;
#203 = DIRECTION ( 'NONE',  ( -1.000000000000000000, -0.000000000000000000, -0.000000000000000000 ) ) ;
#204 = CYLINDRICAL_SURFACE ( 'NONE', #3600, 0.6000000000000033085 ) ;
#205 = PRESENTATION_LAYER_ASSIGNMENT (  '', '', ( #3114 ) ) ;
#206 = EDGE_CURVE ( 'NONE', #5204, #3329, #5366, .T. ) ;
#207 = EDGE_LOOP ( 'NONE', ( #624, #2892, #5494, #4674 ) ) ;
#208 = CARTESIAN_POINT ( 'NONE',  ( 1.600000000000000089, 5.088077000000002847, 59.16172395019730601 ) ) ;
#209 = DIRECTION ( 'NONE',  ( 1.000000000000000000, -0.000000000000000000, -0.000000000000000000 ) ) ;
#210 = CARTESIAN_POINT ( 'NONE',  ( 1.600000000000000089, 6.588077000000001071, 70.78672395019731312 ) ) ;
#211 = ADVANCED_FACE ( 'NONE', ( #2138 ), #4682, .F. ) ;
#212 = ADVANCED_FACE ( 'NONE', ( #446 ), #2791, .T. ) ;
#213 = ORIENTED_EDGE ( 'NONE', *, *, #2711, .T. ) ;
#214 = AXIS2_PLACEMENT_3D ( 'NONE', #636, #3464, #2981 ) ;
#215 = ORIENTED_EDGE ( 'NONE', *, *, #5432, .F. ) ;
#216 = AXIS2_PLACEMENT_3D ( 'NONE', #4758, #1540, #5665 ) ;
#217 = FACE_OUTER_BOUND ( 'NONE', #3404, .T. ) ;
#218 = CARTESIAN_POINT ( 'NONE',  ( 0.000000000000000000, 36.83753498891921652, -38.17658520850884685 ) ) ;
#219 = VECTOR ( 'NONE', #709, 1000.000000000000000 ) ;
#220 = ORIENTED_EDGE ( 'NONE', *, *, #2626, .T. ) ;
#221 = ORIENTED_EDGE ( 'NONE', *, *, #174, .T. ) ;
#222 = PLANE ( 'NONE',  #699 ) ;
#223 = EDGE_CURVE ( 'NONE', #1056, #1724, #928, .T. ) ;
#224 = FACE_OUTER_BOUND ( 'NONE', #2121, .T. ) ;
#225 = DIRECTION ( 'NONE',  ( -1.000000000000000000, 0.000000000000000000, -0.000000000000000000 ) ) ;
#226 = VECTOR ( 'NONE', #5620, 1000.000000000000000 ) ;
#227 = ADVANCED_FACE ( 'NONE', ( #5997 ), #1380, .F. ) ;
#228 = CARTESIAN_POINT ( 'NONE',  ( 1.600000000000000089, 20.79724476520794241, 15.61172395019732839 ) ) ;
#229 = DIRECTION ( 'NONE',  ( 1.000000000000000000, -0.000000000000000000, 0.000000000000000000 ) ) ;
#230 = AXIS2_PLACEMENT_3D ( 'NONE', #927, #5092, #2364 ) ;
#231 = ORIENTED_EDGE ( 'NONE', *, *, #893, .T. ) ;
#232 = ORIENTED_EDGE ( 'NONE', *, *, #2262, .T. ) ;
#233 = CARTESIAN_POINT ( 'NONE',  ( 0.000000000000000000, -0.000000000000000000, 0.000000000000000000 ) ) ;
#234 = CARTESIAN_POINT ( 'NONE',  ( 1.600000000000000089, 36.00000000000001421, -36.08827604980267978 ) ) ;
#235 = PLANE ( 'NONE',  #4381 ) ;
#236 = CIRCLE ( 'NONE', #3348, 3.199999999999994404 ) ;
#237 = ORIENTED_EDGE ( 'NONE', *, *, #1140, .T. ) ;
#238 = CARTESIAN_POINT ( 'NONE',  ( 0.000000000000000000, 8.797244765207940631, 27.61172395019793058 ) ) ;
#239 = CARTESIAN_POINT ( 'NONE',  ( 1.600000000000000089, 32.79724476520794241, 26.03672395019732022 ) ) ;
#240 = VECTOR ( 'NONE', #2669, 1000.000000000000000 ) ;
#241 = PLANE ( 'NONE',  #3209 ) ;
#242 = EDGE_CURVE ( 'NONE', #3586, #2863, #2104, .T. ) ;
#243 = ORIENTED_EDGE ( 'NONE', *, *, #1117, .F. ) ;
#244 = VECTOR ( 'NONE', #1294, 1000.000000000000000 ) ;
#245 = ORIENTED_EDGE ( 'NONE', *, *, #5673, .F. ) ;
#246 = FACE_OUTER_BOUND ( 'NONE', #1687, .T. ) ;
#247 = DIRECTION ( 'NONE',  ( 0.000000000000000000, 1.355252715606880543E-16, -1.000000000000000000 ) ) ;
#248 = EDGE_LOOP ( 'NONE', ( #2495, #525, #2873, #1995 ) ) ;
#249 = ORIENTED_EDGE ( 'NONE', *, *, #3015, .F. ) ;
#250 = LINE ( 'NONE', #2097, #1578 ) ;
#251 = CARTESIAN_POINT ( 'NONE',  ( 0.000000000000000000, 32.79724476520733134, 3.611723950197327948 ) ) ;
#252 = FACE_BOUND ( 'NONE', #1651, .T. ) ;
#253 = CYLINDRICAL_SURFACE ( 'NONE', #795, 15.39112077116033817 ) ;
#254 = CARTESIAN_POINT ( 'NONE',  ( 1.600000000000000089, 22.08238618739316550, -53.61397923772976526 ) ) ;
#255 = ORIENTED_EDGE ( 'NONE', *, *, #2114, .T. ) ;
#256 = EDGE_CURVE ( 'NONE', #4697, #2287, #1903, .T. ) ;
#257 = CIRCLE ( 'NONE', #5211, 3.200000000000001510 ) ;
#258 = ORIENTED_EDGE ( 'NONE', *, *, #1634, .F. ) ;
#259 = VERTEX_POINT ( 'NONE', #4253 ) ;
#260 = DIRECTION ( 'NONE',  ( 1.000000000000000000, -0.000000000000000000, 0.000000000000000000 ) ) ;
#261 = CARTESIAN_POINT ( 'NONE',  ( 0.000000000000000000, 20.79724476520794241, 15.61172395019732839 ) ) ;
#262 = CARTESIAN_POINT ( 'NONE',  ( 1.600000000000000089, 22.75288253535666527, 94.06881276329050934 ) ) ;
#263 = ADVANCED_FACE ( 'NONE', ( #2261 ), #2294, .F. ) ;
#264 = EDGE_CURVE ( 'NONE', #5143, #3742, #2897, .T. ) ;
#265 = AXIS2_PLACEMENT_3D ( 'NONE', #2328, #5966, #3668 ) ;
#266 = ORIENTED_EDGE ( 'NONE', *, *, #3192, .T. ) ;
#267 = CARTESIAN_POINT ( 'NONE',  ( 0.000000000000000000, 12.39892143065797470, -9.087956570460603345 ) ) ;
#268 = CYLINDRICAL_SURFACE ( 'NONE', #2968, 3.199999999999994404 ) ;
#269 = VECTOR ( 'NONE', #1733, 1000.000000000000000 ) ;
#270 = CARTESIAN_POINT ( 'NONE',  ( 1.600000000000000089, 11.87782106862192144, -53.61397923772977236 ) ) ;
#271 = VECTOR ( 'NONE', #3144, 1000.000000000000000 ) ;
#272 = AXIS2_PLACEMENT_3D ( 'NONE', #4642, #1835, #383 ) ;
#273 = ORIENTED_EDGE ( 'NONE', *, *, #642, .T. ) ;
#274 = ORIENTED_EDGE ( 'NONE', *, *, #1934, .F. ) ;
#275 = DIRECTION ( 'NONE',  ( 1.000000000000000000, 0.000000000000000000, -0.000000000000000000 ) ) ;
#276 = VERTEX_POINT ( 'NONE', #4185 ) ;
#277 = EDGE_LOOP ( 'NONE', ( #5369, #4638, #889, #4394 ) ) ;
#278 = DIRECTION ( 'NONE',  ( 0.000000000000000000, -1.000000000000000000, 0.000000000000000000 ) ) ;
#279 = LINE ( 'NONE', #5352, #5111 ) ;
#280 = FACE_BOUND ( 'NONE', #1355, .T. ) ;
#281 = DIRECTION ( 'NONE',  ( 1.000000000000000000, 0.000000000000000000, 0.000000000000000000 ) ) ;
#282 = CARTESIAN_POINT ( 'NONE',  ( 1.600000000000000089, 16.80944004961579097, 2.191686187571583400 ) ) ;
#283 = VERTEX_POINT ( 'NONE', #5059 ) ;
#284 = VERTEX_POINT ( 'NONE', #3698 ) ;
#285 = VERTEX_POINT ( 'NONE', #896 ) ;
#286 = DIRECTION ( 'NONE',  ( 0.000000000000000000, 0.000000000000000000, -1.000000000000000000 ) ) ;
#287 = FACE_OUTER_BOUND ( 'NONE', #5851, .T. ) ;
#288 = CARTESIAN_POINT ( 'NONE',  ( 0.000000000000000000, 16.80944004961579097, 2.191686187571583400 ) ) ;
#289 = CARTESIAN_POINT ( 'NONE',  ( 0.000000000000000000, 0.000000000000000000, 57.30665584262819578 ) ) ;
#290 = VERTEX_POINT ( 'NONE', #11 ) ;
#291 = VECTOR ( 'NONE', #4487, 1000.000000000000000 ) ;
#292 = DIRECTION ( 'NONE',  ( 1.000000000000000000, -0.000000000000000000, -0.000000000000000000 ) ) ;
#293 = CARTESIAN_POINT ( 'NONE',  ( 1.600000000000000089, 12.12889837679252025, 63.81948660865213441 ) ) ;
#294 = EDGE_CURVE ( 'NONE', #4862, #3329, #5608, .T. ) ;
#296 = ADVANCED_FACE ( 'NONE', ( #1864 ), #5541, .F. ) ;
#295 = DIRECTION ( 'NONE',  ( 0.000000000000000000, -0.8115739819650137354, -0.5842496656374324138 ) ) ;
#297 = VERTEX_POINT ( 'NONE', #4602 ) ;
#298 = ORIENTED_EDGE ( 'NONE', *, *, #5772, .F. ) ;
#299 = CARTESIAN_POINT ( 'NONE',  ( 1.600000000000000089, 36.00000000000001421, -36.08827604980267978 ) ) ;
#300 = CIRCLE ( 'NONE', #3706, 5.999999999999991118 ) ;
#301 = ORIENTED_EDGE ( 'NONE', *, *, #3517, .F. ) ;
#302 = VECTOR ( 'NONE', #5004, 1000.000000000000000 ) ;
#303 = ORIENTED_EDGE ( 'NONE', *, *, #2346, .F. ) ;
#304 = CARTESIAN_POINT ( 'NONE',  ( 0.000000000000000000, 43.60000000000000853, -24.69334415737179711 ) ) ;
#305 = DIRECTION ( 'NONE',  ( 0.000000000000000000, 0.000000000000000000, 1.000000000000000000 ) ) ;
#306 = FACE_BOUND ( 'NONE', #1917, .T. ) ;
#307 = LINE ( 'NONE', #2158, #1180 ) ;
#308 = AXIS2_PLACEMENT_3D ( 'NONE', #9, #4665, #1769 ) ;
#309 = DIRECTION ( 'NONE',  ( 0.000000000000000000, 0.000000000000000000, -1.000000000000000000 ) ) ;
#310 = ORIENTED_EDGE ( 'NONE', *, *, #348, .T. ) ;
#311 = EDGE_CURVE ( 'NONE', #3097, #1811, #3735, .T. ) ;
#312 = ORIENTED_EDGE ( 'NONE', *, *, #5823, .T. ) ;
#313 = ORIENTED_EDGE ( 'NONE', *, *, #4724, .T. ) ;
#314 = VECTOR ( 'NONE', #3793, 999.9999999999998863 ) ;
#315 = CARTESIAN_POINT ( 'NONE',  ( 1.600000000000000089, 30.22110162320747762, 65.81217696610642065 ) ) ;
#316 = CARTESIAN_POINT ( 'NONE',  ( 34.26858978976805759, -1.600000000000628031, 54.41172395019732022 ) ) ;
#317 = VECTOR ( 'NONE', #203, 1000.000000000000000 ) ;
#318 = ADVANCED_FACE ( 'NONE', ( #1417 ), #3276, .F. ) ;
#319 = CARTESIAN_POINT ( 'NONE',  ( 0.000000000000000000, 19.80053634910733251, 1.647248581130498435 ) ) ;
#320 = DIRECTION ( 'NONE',  ( -1.000000000000000000, -0.000000000000000000, -0.000000000000000000 ) ) ;
#321 = AXIS2_PLACEMENT_3D ( 'NONE', #238, #1148, #2086 ) ;
#322 = VECTOR ( 'NONE', #94, 1000.000000000000000 ) ;
#323 = AXIS2_PLACEMENT_3D ( 'NONE', #3712, #2772, #5555 ) ;
#324 = VERTEX_POINT ( 'NONE', #508 ) ;
#325 = FACE_OUTER_BOUND ( 'NONE', #2473, .T. ) ;
#326 = CARTESIAN_POINT ( 'NONE',  ( 34.26858978976805759, 43.59999999999937614, 65.30665584262818868 ) ) ;
#327 = FACE_OUTER_BOUND ( 'NONE', #1011, .T. ) ;
#328 = EDGE_CURVE ( 'NONE', #21, #455, #2365, .T. ) ;
#329 = ORIENTED_EDGE ( 'NONE', *, *, #2795, .F. ) ;
#330 = ORIENTED_EDGE ( 'NONE', *, *, #6009, .T. ) ;
#331 = VECTOR ( 'NONE', #5371, 1000.000000000000000 ) ;
#332 = CARTESIAN_POINT ( 'NONE',  ( 0.000000000000000000, 30.50000000000000000, 65.80000000000001137 ) ) ;
#333 = ORIENTED_EDGE ( 'NONE', *, *, #5416, .F. ) ;
#334 = AXIS2_PLACEMENT_3D ( 'NONE', #2852, #2233, #3765 ) ;
#335 = EDGE_CURVE ( 'NONE', #5197, #3761, #542, .T. ) ;
#336 = EDGE_CURVE ( 'NONE', #1944, #2586, #2023, .T. ) ;
#337 = VERTEX_POINT ( 'NONE', #141 ) ;
#338 = CARTESIAN_POINT ( 'NONE',  ( 1.599999999999997202, 0.000000000000000000, -35.58827604980267978 ) ) ;
#339 = CARTESIAN_POINT ( 'NONE',  ( 0.000000000000000000, 21.79395318130844572, 29.57619931926416967 ) ) ;
#340 = DIRECTION ( 'NONE',  ( 1.000000000000000000, 0.000000000000000000, 0.000000000000000000 ) ) ;
#341 = CARTESIAN_POINT ( 'NONE',  ( 1.600000000000000089, 36.00000000000000000, 87.48921303800383953 ) ) ;
#342 = LINE ( 'NONE', #2218, #752 ) ;
#343 = VECTOR ( 'NONE', #4951, 1000.000000000000000 ) ;
#344 = ORIENTED_EDGE ( 'NONE', *, *, #1663, .T. ) ;
#345 = VERTEX_POINT ( 'NONE', #597 ) ;
#346 = ORIENTED_EDGE ( 'NONE', *, *, #3770, .F. ) ;
#347 = DIRECTION ( 'NONE',  ( -1.000000000000000000, -0.000000000000000000, -0.000000000000000000 ) ) ;
#348 = EDGE_CURVE ( 'NONE', #5981, #3716, #5191, .T. ) ;
#349 = DIRECTION ( 'NONE',  ( 0.000000000000000000, -1.662905933390748385E-16, 1.000000000000000000 ) ) ;
#350 = CARTESIAN_POINT ( 'NONE',  ( 1.600000000000000089, 30.50000000000000000, 65.80000000000001137 ) ) ;
#351 = DIRECTION ( 'NONE',  ( 1.000000000000000000, 0.000000000000000000, 0.000000000000000000 ) ) ;
#352 = AXIS2_PLACEMENT_3D ( 'NONE', #3135, #5466, #2349 ) ;
#353 = EDGE_LOOP ( 'NONE', ( #1069, #1008, #310, #2374 ) ) ;
#354 = LINE ( 'NONE', #2726, #5659 ) ;
#355 = LINE ( 'NONE', #1323, #4412 ) ;
#356 = DIRECTION ( 'NONE',  ( -0.000000000000000000, -1.355252715606881529E-16, 1.000000000000000000 ) ) ;
#357 = ORIENTED_EDGE ( 'NONE', *, *, #1451, .F. ) ;
#358 = EDGE_CURVE ( 'NONE', #4880, #5053, #1599, .T. ) ;
#359 = ORIENTED_EDGE ( 'NONE', *, *, #5611, .T. ) ;
#360 = LINE ( 'NONE', #2209, #1201 ) ;
#361 = DIRECTION ( 'NONE',  ( -1.000000000000000000, 0.000000000000000000, 0.000000000000000000 ) ) ;
#362 = VECTOR ( 'NONE', #3307, 1000.000000000000000 ) ;
#363 = ORIENTED_EDGE ( 'NONE', *, *, #5889, .F. ) ;
#364 = EDGE_LOOP ( 'NONE', ( #3558, #721, #5054, #151 ) ) ;
#365 = LINE ( 'NONE', #3961, #3123 ) ;
#366 = CARTESIAN_POINT ( 'NONE',  ( 0.000000000000000000, 30.50000000000000000, 49.00000000000000000 ) ) ;
#367 = FACE_BOUND ( 'NONE', #4147, .T. ) ;
#368 = EDGE_CURVE ( 'NONE', #3597, #2562, #3777, .T. ) ;
#369 = CARTESIAN_POINT ( 'NONE',  ( 0.000000000000000000, 32.36959893003978550, -28.59703674228804005 ) ) ;
#370 = EDGE_CURVE ( 'NONE', #4823, #909, #3337, .T. ) ;
#371 = EDGE_CURVE ( 'NONE', #2507, #452, #4834, .T. ) ;
#372 = CARTESIAN_POINT ( 'NONE',  ( 0.000000000000000000, 20.79724476520794241, 15.61172395019732839 ) ) ;
#373 = ORIENTED_EDGE ( 'NONE', *, *, #5854, .F. ) ;
#374 = EDGE_LOOP ( 'NONE', ( #6013, #5430, #3149, #329 ) ) ;
#375 = ORIENTED_EDGE ( 'NONE', *, *, #4248, .T. ) ;
#376 = LINE ( 'NONE', #5838, #202 ) ;
#377 = CARTESIAN_POINT ( 'NONE',  ( 0.000000000000000000, 32.79724476520794241, 29.18672395019733656 ) ) ;
#378 = DIRECTION ( 'NONE',  ( 0.000000000000000000, -1.000000000000000000, -4.336808689942016158E-15 ) ) ;
#379 = CARTESIAN_POINT ( 'NONE',  ( 1.600000000000000089, 21.56647773738793816, 41.26172395019734296 ) ) ;
#380 = VERTEX_POINT ( 'NONE', #2945 ) ;
#381 = CARTESIAN_POINT ( 'NONE',  ( 1.600000000000000089, 41.99999999999999289, 41.93222947802273382 ) ) ;
#382 = LINE ( 'NONE', #2396, #3644 ) ;
#383 = DIRECTION ( 'NONE',  ( 0.000000000000000000, 1.776356839400250465E-15, -1.000000000000000000 ) ) ;
#384 = DIRECTION ( 'NONE',  ( -0.000000000000000000, -0.7071067811865462405, -0.7071067811865489050 ) ) ;
#385 = ADVANCED_FACE ( 'NONE', ( #1515 ), #4342, .T. ) ;
#386 = AXIS2_PLACEMENT_3D ( 'NONE', #1906, #2764, #5064 ) ;
#387 = ORIENTED_EDGE ( 'NONE', *, *, #5703, .F. ) ;
#388 = VERTEX_POINT ( 'NONE', #2488 ) ;
#389 = CARTESIAN_POINT ( 'NONE',  ( 1.600000000000000089, 22.80675116490829524, -47.55561542117987983 ) ) ;
#390 = CARTESIAN_POINT ( 'NONE',  ( 1.600000000000000089, 6.088077000000001959, 61.53672395019732022 ) ) ;
#391 = VECTOR ( 'NONE', #2824, 1000.000000000000000 ) ;
#392 = ADVANCED_FACE ( 'NONE', ( #3892 ), #2917, .T. ) ;
#393 = EDGE_CURVE ( 'NONE', #1073, #2134, #4279, .T. ) ;
#394 = VERTEX_POINT ( 'NONE', #3918 ) ;
#395 = ORIENTED_EDGE ( 'NONE', *, *, #2037, .F. ) ;
#396 = LINE ( 'NONE', #2833, #1000 ) ;
#397 = DIRECTION ( 'NONE',  ( -1.000000000000000000, -0.000000000000000000, -0.000000000000000000 ) ) ;
#398 = DIRECTION ( 'NONE',  ( -1.000000000000000000, -0.000000000000000000, -0.000000000000000000 ) ) ;
#399 = LINE ( 'NONE', #5019, #120 ) ;
#400 = SURFACE_STYLE_USAGE ( .BOTH. , #4559 ) ;
#401 = LINE ( 'NONE', #4560, #5844 ) ;
#402 = EDGE_LOOP ( 'NONE', ( #1817, #5519, #2271, #431 ) ) ;
#403 = EDGE_CURVE ( 'NONE', #5391, #2646, #1172, .T. ) ;
#404 = VERTEX_POINT ( 'NONE', #105 ) ;
#405 = VERTEX_POINT ( 'NONE', #1480 ) ;
#406 = CARTESIAN_POINT ( 'NONE',  ( 0.000000000000000000, 28.25022420910421772, -4.223258064669741962 ) ) ;
#407 = EDGE_CURVE ( 'NONE', #324, #3217, #3425, .T. ) ;
#408 = DIRECTION ( 'NONE',  ( 0.000000000000000000, 0.08715574274766109408, 0.9961946980917453232 ) ) ;
#409 = CIRCLE ( 'NONE', #2845, 3.200000000000003286 ) ;
#410 = AXIS2_PLACEMENT_3D ( 'NONE', #736, #281, #4471 ) ;
#411 = LINE ( 'NONE', #3766, #5832 ) ;
#412 = LINE ( 'NONE', #2260, #2464 ) ;
#413 = CARTESIAN_POINT ( 'NONE',  ( 1.600000000000000089, 29.72527329571467547, 28.76172395019732875 ) ) ;
#414 = CIRCLE ( 'NONE', #3827, 1.024999999999998135 ) ;
#415 = EDGE_CURVE ( 'NONE', #2990, #4193, #199, .T. ) ;
#416 = VERTEX_POINT ( 'NONE', #2540 ) ;
#417 = CARTESIAN_POINT ( 'NONE',  ( 1.600000000000000089, 3.588077000000009953, 62.03672395019731312 ) ) ;
#418 = DIRECTION ( 'NONE',  ( -0.000000000000000000, -0.7071067811865462405, -0.7071067811865489050 ) ) ;
#419 = CARTESIAN_POINT ( 'NONE',  ( 1.599999999999997202, 43.60000000000000853, 0.000000000000000000 ) ) ;
#420 = VECTOR ( 'NONE', #4945, 1000.000000000000000 ) ;
#421 = LINE ( 'NONE', #5372, #1650 ) ;
#422 = ORIENTED_EDGE ( 'NONE', *, *, #160, .F. ) ;
#423 = AXIS2_PLACEMENT_3D ( 'NONE', #2855, #10, #3768 ) ;
#424 = ORIENTED_EDGE ( 'NONE', *, *, #2737, .T. ) ;
#425 = ORIENTED_EDGE ( 'NONE', *, *, #3440, .T. ) ;
#426 = DIRECTION ( 'NONE',  ( 0.000000000000000000, 0.000000000000000000, -1.000000000000000000 ) ) ;
#427 = CARTESIAN_POINT ( 'NONE',  ( 1.600000000000000089, 30.77889837679251883, 62.18782303389360067 ) ) ;
#428 = ADVANCED_FACE ( 'NONE', ( #3457 ), #5304, .F. ) ;
#429 = EDGE_LOOP ( 'NONE', ( #1951, #964, #249, #4855 ) ) ;
#430 = CIRCLE ( 'NONE', #5767, 0.4999999999999865663 ) ;
#431 = ORIENTED_EDGE ( 'NONE', *, *, #1219, .T. ) ;
#432 = CARTESIAN_POINT ( 'NONE',  ( 0.000000000000000000, 32.79724476520794241, 43.98672395019734438 ) ) ;
#433 = CARTESIAN_POINT ( 'NONE',  ( 34.26858978976805759, -1.045918538495705866E-14, 2.411723950197328215 ) ) ;
#434 = CARTESIAN_POINT ( 'NONE',  ( 1.600000000000000089, 8.797244765207388184, 3.611723950197931465 ) ) ;
#435 = EDGE_CURVE ( 'NONE', #3044, #3761, #3289, .T. ) ;
#436 = VECTOR ( 'NONE', #1079, 1000.000000000000000 ) ;
#437 = DIRECTION ( 'NONE',  ( -1.000000000000000000, 0.000000000000000000, 0.000000000000000000 ) ) ;
#438 = VERTEX_POINT ( 'NONE', #2073 ) ;
#439 = ORIENTED_EDGE ( 'NONE', *, *, #5132, .F. ) ;
#440 = ORIENTED_EDGE ( 'NONE', *, *, #4518, .F. ) ;
#441 = DIRECTION ( 'NONE',  ( 0.000000000000000000, 0.000000000000000000, 1.000000000000000000 ) ) ;
#442 = FACE_OUTER_BOUND ( 'NONE', #3973, .T. ) ;
#443 = FACE_OUTER_BOUND ( 'NONE', #1915, .T. ) ;
#444 = VECTOR ( 'NONE', #1725, 1000.000000000000000 ) ;
#445 = LINE ( 'NONE', #1800, #1194 ) ;
#446 = FACE_OUTER_BOUND ( 'NONE', #1303, .T. ) ;
#447 = VERTEX_POINT ( 'NONE', #3830 ) ;
#448 = DIRECTION ( 'NONE',  ( 0.000000000000000000, 0.7425331678118417544, 0.6698092972625202535 ) ) ;
#449 = LINE ( 'NONE', #992, #2307 ) ;
#450 = LINE ( 'NONE', #3248, #873 ) ;
#451 = ADVANCED_FACE ( 'NONE', ( #3367 ), #3940, .F. ) ;
#452 = VERTEX_POINT ( 'NONE', #282 ) ;
#453 = EDGE_CURVE ( 'NONE', #1056, #2334, #1647, .T. ) ;
#454 = AXIS2_PLACEMENT_3D ( 'NONE', #5245, #1955, #5187 ) ;
#455 = VERTEX_POINT ( 'NONE', #5414 ) ;
#456 = ORIENTED_EDGE ( 'NONE', *, *, #311, .F. ) ;
#457 = DIRECTION ( 'NONE',  ( 0.000000000000000000, 0.000000000000000000, -1.000000000000000000 ) ) ;
#458 = FACE_OUTER_BOUND ( 'NONE', #3313, .T. ) ;
#459 = DIRECTION ( 'NONE',  ( 0.000000000000000000, 0.8661031555185834119, -0.4998653058582405717 ) ) ;
#460 = ORIENTED_EDGE ( 'NONE', *, *, #3595, .F. ) ;
#461 = ORIENTED_EDGE ( 'NONE', *, *, #4672, .F. ) ;
#462 = VERTEX_POINT ( 'NONE', #827 ) ;
#463 = AXIS2_PLACEMENT_3D ( 'NONE', #1656, #4454, #5871 ) ;
#464 = FACE_OUTER_BOUND ( 'NONE', #3443, .T. ) ;
#465 = CARTESIAN_POINT ( 'NONE',  ( 1.600000000000000089, 36.00000000000000000, 87.48921303800383953 ) ) ;
#466 = FACE_OUTER_BOUND ( 'NONE', #546, .T. ) ;
#467 = AXIS2_PLACEMENT_3D ( 'NONE', #531, #1311, #2319 ) ;
#468 = DIRECTION ( 'NONE',  ( 0.000000000000000000, 0.000000000000000000, 1.000000000000000000 ) ) ;
#469 = CIRCLE ( 'NONE', #178, 2.455303443875289648 ) ;
#470 = ORIENTED_EDGE ( 'NONE', *, *, #4391, .F. ) ;
#471 = CIRCLE ( 'NONE', #3879, 3.200000000000001510 ) ;
#472 = EDGE_LOOP ( 'NONE', ( #1925, #460 ) ) ;
#473 = ORIENTED_EDGE ( 'NONE', *, *, #2174, .T. ) ;
#474 = LINE ( 'NONE', #4181, #2847 ) ;
#475 = CARTESIAN_POINT ( 'NONE',  ( 1.600000000000000089, 8.797244765207388184, 3.611723950197931465 ) ) ;
#476 = CARTESIAN_POINT ( 'NONE',  ( 1.600000000000000089, 22.21551484011861888, 94.33571341918059261 ) ) ;
#477 = CARTESIAN_POINT ( 'NONE',  ( 1.599999999999997202, 43.59999999999979536, 5.306655842628200226 ) ) ;
#478 = CARTESIAN_POINT ( 'NONE',  ( 0.000000000000000000, 21.56647773738793816, 28.76172395019732875 ) ) ;
#479 = ADVANCED_FACE ( 'NONE', ( #1221 ), #2623, .F. ) ;
#480 = VERTEX_POINT ( 'NONE', #4992 ) ;
#481 = DIRECTION ( 'NONE',  ( 0.000000000000000000, 1.662905933390748385E-16, -1.000000000000000000 ) ) ;
#482 = DIRECTION ( 'NONE',  ( -1.000000000000000000, -0.000000000000000000, -0.000000000000000000 ) ) ;
#483 = LINE ( 'NONE', #4673, #2038 ) ;
#484 = ORIENTED_EDGE ( 'NONE', *, *, #4641, .T. ) ;
#485 = ORIENTED_EDGE ( 'NONE', *, *, #1697, .F. ) ;
#486 = EDGE_CURVE ( 'NONE', #1272, #187, #5885, .T. ) ;
#487 = EDGE_LOOP ( 'NONE', ( #4687, #2034, #4203, #3298, #5268 ) ) ;
#488 = CARTESIAN_POINT ( 'NONE',  ( 0.000000000000000000, 14.26852036069776020, -11.68499331274864694 ) ) ;
#489 = EDGE_CURVE ( 'NONE', #5286, #1463, #3506, .T. ) ;
#490 = DIRECTION ( 'NONE',  ( -1.000000000000000000, 0.000000000000000000, -0.000000000000000000 ) ) ;
#491 = CARTESIAN_POINT ( 'NONE',  ( 0.000000000000000000, 20.79724476520794241, 15.61172395019732839 ) ) ;
#492 = AXIS2_PLACEMENT_3D ( 'NONE', #3153, #3609, #5877 ) ;
#493 = DIRECTION ( 'NONE',  ( 1.000000000000000000, 0.000000000000000000, 0.000000000000000000 ) ) ;
#494 = VERTEX_POINT ( 'NONE', #3077 ) ;
#495 = ORIENTED_EDGE ( 'NONE', *, *, #3978, .F. ) ;
#496 = CARTESIAN_POINT ( 'NONE',  ( 34.26858978976805759, -1.600000000000209033, -5.588276049802678891 ) ) ;
#497 = FACE_OUTER_BOUND ( 'NONE', #402, .T. ) ;
#498 = CYLINDRICAL_SURFACE ( 'NONE', #1381, 0.6000000000000033085 ) ;
#499 = DIRECTION ( 'NONE',  ( -0.000000000000000000, 6.938893903907222461E-16, -1.000000000000000000 ) ) ;
#500 = ORIENTED_EDGE ( 'NONE', *, *, #3553, .F. ) ;
#501 = CIRCLE ( 'NONE', #1267, 3.200000000000008171 ) ;
#502 = ORIENTED_EDGE ( 'NONE', *, *, #1831, .F. ) ;
#503 = ORIENTED_EDGE ( 'NONE', *, *, #3523, .T. ) ;
#504 = CARTESIAN_POINT ( 'NONE',  ( 0.000000000000000000, 30.22110162320747762, 65.81217696610642065 ) ) ;
#505 = DIRECTION ( 'NONE',  ( -0.000000000000000000, 0.9961946980917452121, -0.08715574274766256513 ) ) ;
#506 = CARTESIAN_POINT ( 'NONE',  ( 1.600000000000000089, 42.00000000000000000, -2.693344157371803327 ) ) ;
#507 = CARTESIAN_POINT ( 'NONE',  ( 1.600000000000000089, 11.84999999999999964, 60.63166357475856216 ) ) ;
#508 = CARTESIAN_POINT ( 'NONE',  ( 1.600000000000000089, 42.00000000000000711, -32.69334415737180422 ) ) ;
#509 = EDGE_CURVE ( 'NONE', #3142, #5722, #2204, .T. ) ;
#510 = AXIS2_PLACEMENT_3D ( 'NONE', #89, #493, #5203 ) ;
#511 = AXIS2_PLACEMENT_3D ( 'NONE', #1306, #3046, #5016 ) ;
#512 = FACE_OUTER_BOUND ( 'NONE', #1232, .T. ) ;
#513 = EDGE_CURVE ( 'NONE', #5536, #5286, #5388, .T. ) ;
#514 = CARTESIAN_POINT ( 'NONE',  ( 1.600000000000000089, 25.48239641025217139, -48.30572980140875217 ) ) ;
#515 = DIRECTION ( 'NONE',  ( 0.000000000000000000, 0.000000000000000000, 1.000000000000000000 ) ) ;
#516 = VECTOR ( 'NONE', #4309, 1000.000000000000000 ) ;
#517 = ORIENTED_EDGE ( 'NONE', *, *, #3043, .F. ) ;
#518 = ORIENTED_EDGE ( 'NONE', *, *, #4526, .F. ) ;
#519 = EDGE_LOOP ( 'NONE', ( #4561, #5593, #2125, #330 ) ) ;
#520 = LINE ( 'NONE', #5199, #5367 ) ;
#521 = CARTESIAN_POINT ( 'NONE',  ( 0.000000000000000000, 0.000000000000000000, 54.41172395019732022 ) ) ;
#522 = DIRECTION ( 'NONE',  ( 0.000000000000000000, 0.000000000000000000, 1.000000000000000000 ) ) ;
#523 = VECTOR ( 'NONE', #718, 1000.000000000000000 ) ;
#524 = ORIENTED_EDGE ( 'NONE', *, *, #109, .T. ) ;
#525 = ORIENTED_EDGE ( 'NONE', *, *, #5449, .T. ) ;
#526 = ORIENTED_EDGE ( 'NONE', *, *, #5653, .F. ) ;
#527 = CIRCLE ( 'NONE', #5079, 3.200000000000008171 ) ;
#528 = FACE_BOUND ( 'NONE', #943, .T. ) ;
#529 = CARTESIAN_POINT ( 'NONE',  ( 1.600000000000000089, 22.21551484011861888, 94.33571341918059261 ) ) ;
#530 = APPLICATION_PROTOCOL_DEFINITION ( 'draft international standard', 'automotive_design', 1998, #2837 ) ;
#531 = CARTESIAN_POINT ( 'NONE',  ( 1.600000000000000089, 8.392566107048104129, 95.92746955793870711 ) ) ;
#532 = ORIENTED_EDGE ( 'NONE', *, *, #4076, .T. ) ;
#533 = EDGE_CURVE ( 'NONE', #5260, #494, #3108, .T. ) ;
#534 = EDGE_CURVE ( 'NONE', #4548, #2405, #4739, .T. ) ;
#535 = ORIENTED_EDGE ( 'NONE', *, *, #4712, .F. ) ;
#536 = ORIENTED_EDGE ( 'NONE', *, *, #348, .F. ) ;
#537 = DIRECTION ( 'NONE',  ( -1.000000000000000000, -0.000000000000000000, -0.000000000000000000 ) ) ;
#538 = CARTESIAN_POINT ( 'NONE',  ( 0.000000000000000000, 36.52293445648597014, 93.46638122655429015 ) ) ;
#539 = DIRECTION ( 'NONE',  ( 0.000000000000000000, 0.7071067811865489050, -0.7071067811865462405 ) ) ;
#540 = FACE_OUTER_BOUND ( 'NONE', #1097, .T. ) ;
#541 = DIRECTION ( 'NONE',  ( 1.000000000000000000, 0.000000000000000000, 0.000000000000000000 ) ) ;
#542 = LINE ( 'NONE', #1082, #5126 ) ;
#543 = VECTOR ( 'NONE', #3151, 1000.000000000000000 ) ;
#544 = CYLINDRICAL_SURFACE ( 'NONE', #5227, 1.499999999999997780 ) ;
#545 = FACE_OUTER_BOUND ( 'NONE', #1243, .T. ) ;
#546 = EDGE_LOOP ( 'NONE', ( #1753, #124, #1614, #4909 ) ) ;
#547 = CIRCLE ( 'NONE', #2776, 1.499999999999997780 ) ;
#548 = ORIENTED_EDGE ( 'NONE', *, *, #3748, .T. ) ;
#549 = VERTEX_POINT ( 'NONE', #1163 ) ;
#550 = DIRECTION ( 'NONE',  ( 1.000000000000000000, 0.000000000000000000, 0.000000000000000000 ) ) ;
#551 = FACE_OUTER_BOUND ( 'NONE', #277, .T. ) ;
#552 = CARTESIAN_POINT ( 'NONE',  ( 0.000000000000000000, 11.57110162320748081, 67.44384054086499702 ) ) ;
#553 = EDGE_LOOP ( 'NONE', ( #5085, #5820, #5980, #4077 ) ) ;
#554 = ORIENTED_EDGE ( 'NONE', *, *, #3155, .F. ) ;
#555 = ORIENTED_EDGE ( 'NONE', *, *, #1455, .F. ) ;
#556 = FACE_BOUND ( 'NONE', #472, .T. ) ;
#557 = CARTESIAN_POINT ( 'NONE',  ( 1.600000000000000089, 32.79724476520794241, 29.18672395019733656 ) ) ;
#558 = ORIENTED_EDGE ( 'NONE', *, *, #2447, .F. ) ;
#559 = ORIENTED_EDGE ( 'NONE', *, *, #370, .T. ) ;
#560 = VECTOR ( 'NONE', #3117, 1000.000000000000000 ) ;
#561 = EDGE_LOOP ( 'NONE', ( #578, #2062, #5417, #2068 ) ) ;
#562 = DIRECTION ( 'NONE',  ( 0.000000000000000000, 0.000000000000000000, 1.000000000000000000 ) ) ;
#563 = EDGE_CURVE ( 'NONE', #1892, #1157, #1280, .T. ) ;
#564 = CARTESIAN_POINT ( 'NONE',  ( 1.600000000000000089, 6.588077000000000183, 62.03672395019731312 ) ) ;
#565 = DIRECTION ( 'NONE',  ( 0.000000000000000000, 0.000000000000000000, -1.000000000000000000 ) ) ;
#566 = ADVANCED_FACE ( 'NONE', ( #4534 ), #5863, .F. ) ;
#567 = ADVANCED_FACE ( 'NONE', ( #4504 ), #2571, .T. ) ;
#568 = AXIS2_PLACEMENT_3D ( 'NONE', #5811, #4882, #4510 ) ;
#569 = CARTESIAN_POINT ( 'NONE',  ( 1.600000000000000089, 6.838458577264938221, 16.68517080928797114 ) ) ;
#570 = DIRECTION ( 'NONE',  ( 1.000000000000000000, 0.000000000000000000, 0.000000000000000000 ) ) ;
#571 = DIRECTION ( 'NONE',  ( -1.000000000000000000, 0.000000000000000000, -0.000000000000000000 ) ) ;
#572 = CIRCLE ( 'NONE', #1333, 3.199999999999994404 ) ;
#573 = PLANE ( 'NONE',  #4354 ) ;
#574 = CARTESIAN_POINT ( 'NONE',  ( 0.000000000000000000, 12.12889837679251670, 73.81948660865214151 ) ) ;
#575 = CARTESIAN_POINT ( 'NONE',  ( 1.600000000000000089, 34.04870963951376694, -34.96802343138419644 ) ) ;
#576 = ORIENTED_EDGE ( 'NONE', *, *, #3591, .F. ) ;
#577 = EDGE_LOOP ( 'NONE', ( #5946, #3071, #1193, #4266, #4803 ) ) ;
#578 = ORIENTED_EDGE ( 'NONE', *, *, #486, .T. ) ;
#579 = CARTESIAN_POINT ( 'NONE',  ( 0.000000000000000000, 4.088077000000002847, 71.28672395019731312 ) ) ;
#580 = LINE ( 'NONE', #3256, #1291 ) ;
#581 = EDGE_CURVE ( 'NONE', #4078, #2181, #342, .T. ) ;
#582 = ORIENTED_EDGE ( 'NONE', *, *, #1004, .F. ) ;
#583 = ORIENTED_EDGE ( 'NONE', *, *, #3494, .T. ) ;
#584 = ORIENTED_EDGE ( 'NONE', *, *, #3603, .F. ) ;
#585 = FACE_BOUND ( 'NONE', #684, .T. ) ;
#586 = EDGE_CURVE ( 'NONE', #1505, #5261, #1192, .T. ) ;
#587 = DIRECTION ( 'NONE',  ( 0.000000000000000000, -0.9961946980917452121, 0.08715574274766185736 ) ) ;
#588 = ORIENTED_EDGE ( 'NONE', *, *, #4859, .F. ) ;
#589 = VERTEX_POINT ( 'NONE', #2687 ) ;
#591 = ORIENTED_EDGE ( 'NONE', *, *, #2964, .F. ) ;
#590 = AXIS2_PLACEMENT_3D ( 'NONE', #2960, #643, #3901 ) ;
#592 = DIRECTION ( 'NONE',  ( 0.000000000000000000, -0.9961946980917452121, 0.08715574274766256513 ) ) ;
#593 = DIRECTION ( 'NONE',  ( 0.000000000000000000, 0.000000000000000000, -1.000000000000000000 ) ) ;
#594 = FACE_OUTER_BOUND ( 'NONE', #1539, .T. ) ;
#595 = CARTESIAN_POINT ( 'NONE',  ( 1.600000000000000089, 22.75288253535666527, 94.06881276329050934 ) ) ;
#596 = DIRECTION ( 'NONE',  ( 0.000000000000000000, 0.3722377728529762675, -0.9281374038694142348 ) ) ;
#597 = CARTESIAN_POINT ( 'NONE',  ( 0.000000000000000000, 7.363667343290376088, -38.58827604980267978 ) ) ;
#598 = ADVANCED_FACE ( 'NONE', ( #4053 ), #4905, .F. ) ;
#599 = EDGE_CURVE ( 'NONE', #5981, #866, #4636, .T. ) ;
#600 = DIRECTION ( 'NONE',  ( -1.000000000000000000, 0.000000000000000000, -0.000000000000000000 ) ) ;
#601 = VECTOR ( 'NONE', #5755, 1000.000000000000000 ) ;
#602 = CARTESIAN_POINT ( 'NONE',  ( 1.600000000000000089, 6.088077000000001071, 71.28672395019731312 ) ) ;
#603 = DIRECTION ( 'NONE',  ( 0.000000000000000000, -1.387778780781444492E-15, -1.000000000000000000 ) ) ;
#604 = VERTEX_POINT ( 'NONE', #5833 ) ;
#605 = CIRCLE ( 'NONE', #2453, 1.575000000000006839 ) ;
#606 = EDGE_CURVE ( 'NONE', #5297, #438, #3593, .T. ) ;
#607 = ORIENTED_EDGE ( 'NONE', *, *, #5420, .T. ) ;
#608 = CARTESIAN_POINT ( 'NONE',  ( 1.600000000000000089, 28.60077400848668105, -5.310202453848762438 ) ) ;
#609 = DIRECTION ( 'NONE',  ( 0.000000000000000000, 0.7071067811865462405, 0.7071067811865489050 ) ) ;
#610 = DIRECTION ( 'NONE',  ( -1.000000000000000000, 0.000000000000000000, 0.000000000000000000 ) ) ;
#611 = DIRECTION ( 'NONE',  ( 0.000000000000000000, 1.000000000000000000, 6.938893903907222461E-16 ) ) ;
#612 = VECTOR ( 'NONE', #2249, 1000.000000000000114 ) ;
#613 = EDGE_LOOP ( 'NONE', ( #5880, #4710, #1166, #68 ) ) ;
#614 = ORIENTED_EDGE ( 'NONE', *, *, #3628, .T. ) ;
#615 = EDGE_CURVE ( 'NONE', #380, #5032, #3267, .T. ) ;
#616 = FACE_BOUND ( 'NONE', #4777, .T. ) ;
#617 = CARTESIAN_POINT ( 'NONE',  ( 1.600000000000000089, 30.50000000000000000, 79.00000000000000000 ) ) ;
#618 = VECTOR ( 'NONE', #5511, 1000.000000000000000 ) ;
#619 = VECTOR ( 'NONE', #2116, 1000.000000000000114 ) ;
#620 = CARTESIAN_POINT ( 'NONE',  ( 1.600000000000000089, 4.063077000000000716, 59.16172395019730601 ) ) ;
#621 = EDGE_LOOP ( 'NONE', ( #2543, #2801, #2935, #1979, #2830 ) ) ;
#622 = VECTOR ( 'NONE', #3817, 1000.000000000000000 ) ;
#623 = AXIS2_PLACEMENT_3D ( 'NONE', #2436, #3781, #522 ) ;
#624 = ORIENTED_EDGE ( 'NONE', *, *, #2077, .F. ) ;
#625 = ORIENTED_EDGE ( 'NONE', *, *, #2286, .F. ) ;
#626 = CARTESIAN_POINT ( 'NONE',  ( 0.000000000000000000, 11.57110162320748081, 67.44384054086499702 ) ) ;
#627 = CARTESIAN_POINT ( 'NONE',  ( 1.600000000000000089, 34.76172013427476770, 16.60843236629798980 ) ) ;
#628 = DIRECTION ( 'NONE',  ( 0.000000000000000000, 0.000000000000000000, -1.000000000000000000 ) ) ;
#629 = DIRECTION ( 'NONE',  ( -1.000000000000000000, -0.000000000000000000, -0.000000000000000000 ) ) ;
#630 = DIRECTION ( 'NONE',  ( 0.000000000000000000, 0.000000000000000000, 1.000000000000000000 ) ) ;
#631 = DIRECTION ( 'NONE',  ( 0.000000000000000000, -0.000000000000000000, 1.000000000000000000 ) ) ;
#632 = ORIENTED_EDGE ( 'NONE', *, *, #3157, .F. ) ;
#633 = AXIS2_PLACEMENT_3D ( 'NONE', #907, #4523, #5521 ) ;
#634 = DIRECTION ( 'NONE',  ( -1.000000000000000000, -0.000000000000000000, -0.000000000000000000 ) ) ;
#635 = CARTESIAN_POINT ( 'NONE',  ( 34.26858978976805759, 43.60000000000000853, -24.69334415737179711 ) ) ;
#636 = CARTESIAN_POINT ( 'NONE',  ( 1.600000000000000089, 8.797244765207388184, 3.611723950197931465 ) ) ;
#637 = CIRCLE ( 'NONE', #3938, 14.00000000000000178 ) ;
#638 = VERTEX_POINT ( 'NONE', #3690 ) ;
#639 = CARTESIAN_POINT ( 'NONE',  ( 1.600000000000000089, 9.168842338346538057, 7.815554570369580567 ) ) ;
#640 = DIRECTION ( 'NONE',  ( 1.000000000000000000, -0.000000000000000000, -0.000000000000000000 ) ) ;
#641 = ADVANCED_FACE ( 'NONE', ( #1435 ), #1762, .F. ) ;
#642 = EDGE_CURVE ( 'NONE', #2252, #5471, #2107, .T. ) ;
#644 = ADVANCED_FACE ( 'NONE', ( #885 ), #1370, .F. ) ;
#643 = DIRECTION ( 'NONE',  ( 0.000000000000000000, -1.000000000000000000, -1.662905933390748385E-16 ) ) ;
#645 = ORIENTED_EDGE ( 'NONE', *, *, #3086, .F. ) ;
#646 = EDGE_LOOP ( 'NONE', ( #2900, #5976, #3029, #5544 ) ) ;
#647 = DIRECTION ( 'NONE',  ( -1.000000000000000000, -0.000000000000000000, -0.000000000000000000 ) ) ;
#648 = DIRECTION ( 'NONE',  ( 0.000000000000000000, 0.000000000000000000, 1.000000000000000000 ) ) ;
#649 = ORIENTED_EDGE ( 'NONE', *, *, #3354, .T. ) ;
#650 = VECTOR ( 'NONE', #169, 1000.000000000000000 ) ;
#651 = VERTEX_POINT ( 'NONE', #4084 ) ;
#652 = DIRECTION ( 'NONE',  ( -1.000000000000000000, 0.000000000000000000, 0.000000000000000000 ) ) ;
#653 = DIRECTION ( 'NONE',  ( 0.000000000000000000, -1.662905933390748385E-16, 1.000000000000000000 ) ) ;
#654 = DIRECTION ( 'NONE',  ( 1.000000000000000000, -0.000000000000000000, -0.000000000000000000 ) ) ;
#655 = DIRECTION ( 'NONE',  ( 0.000000000000000000, 0.000000000000000000, 1.000000000000000000 ) ) ;
#656 = DIRECTION ( 'NONE',  ( 1.000000000000000000, -0.000000000000000000, -0.000000000000000000 ) ) ;
#657 = ADVANCED_FACE ( 'NONE', ( #5566 ), #3626, .F. ) ;
#658 = ORIENTED_EDGE ( 'NONE', *, *, #3591, .T. ) ;
#659 = LINE ( 'NONE', #2979, #1720 ) ;
#660 = ADVANCED_FACE ( 'NONE', ( #3230 ), #5148, .F. ) ;
#661 = AXIS2_PLACEMENT_3D ( 'NONE', #3863, #2455, #5274 ) ;
#662 = CARTESIAN_POINT ( 'NONE',  ( 34.26858978976805759, 0.000000000000000000, -35.58827604980267978 ) ) ;
#663 = CARTESIAN_POINT ( 'NONE',  ( 1.600000000000000089, 11.82117134523359603, 4.867883577256652217 ) ) ;
#664 = VECTOR ( 'NONE', #482, 1000.000000000000000 ) ;
#665 = VECTOR ( 'NONE', #4961, 1000.000000000000114 ) ;
#666 = AXIS2_PLACEMENT_3D ( 'NONE', #1868, #5131, #4608 ) ;
#667 = ORIENTED_EDGE ( 'NONE', *, *, #781, .T. ) ;
#668 = DIRECTION ( 'NONE',  ( 1.000000000000000000, -0.000000000000000000, -0.000000000000000000 ) ) ;
#669 = CARTESIAN_POINT ( 'NONE',  ( 0.000000000000000000, 12.39892143065896413, -22.08795657046061578 ) ) ;
#670 = CARTESIAN_POINT ( 'NONE',  ( 0.000000000000000000, 5.933903368163952303E-16, 23.13222947802271889 ) ) ;
#671 = EDGE_CURVE ( 'NONE', #5330, #2061, #3168, .T. ) ;
#672 = EDGE_LOOP ( 'NONE', ( #5702, #4347, #5328, #4727 ) ) ;
#673 = ADVANCED_FACE ( 'NONE', ( #5115 ), #2813, .F. ) ;
#674 = ORIENTED_EDGE ( 'NONE', *, *, #1358, .T. ) ;
#675 = FACE_OUTER_BOUND ( 'NONE', #5776, .T. ) ;
#676 = CARTESIAN_POINT ( 'NONE',  ( 1.600000000000000089, 6.113077000000004979, 57.91172395019730601 ) ) ;
#677 = ORIENTED_EDGE ( 'NONE', *, *, #1663, .F. ) ;
#678 = ORIENTED_EDGE ( 'NONE', *, *, #3661, .T. ) ;
#679 = LINE ( 'NONE', #3394, #4681 ) ;
#680 = DIRECTION ( 'NONE',  ( 0.000000000000000000, 0.000000000000000000, 1.000000000000000000 ) ) ;
#681 = FACE_BOUND ( 'NONE', #1558, .T. ) ;
#682 = CYLINDRICAL_SURFACE ( 'NONE', #5649, 2.250000000000001776 ) ;
#683 = DIRECTION ( 'NONE',  ( -1.000000000000000000, 0.000000000000000000, 0.000000000000000000 ) ) ;
#684 = EDGE_LOOP ( 'NONE', ( #2751, #4437, #4950, #1765, #3778 ) ) ;
#685 = ORIENTED_EDGE ( 'NONE', *, *, #4829, .T. ) ;
#686 = CARTESIAN_POINT ( 'NONE',  ( 1.600000000000000089, 20.79724476520794241, 15.61172395019732839 ) ) ;
#687 = AXIS2_PLACEMENT_3D ( 'NONE', #2172, #4545, #3119 ) ;
#688 = LINE ( 'NONE', #4768, #1002 ) ;
#689 = LINE ( 'NONE', #147, #119 ) ;
#690 = AXIS2_PLACEMENT_3D ( 'NONE', #3498, #4866, #2094 ) ;
#691 = ORIENTED_EDGE ( 'NONE', *, *, #5457, .T. ) ;
#692 = LINE ( 'NONE', #3550, #2557 ) ;
#693 = DIRECTION ( 'NONE',  ( 0.000000000000000000, 1.000000000000000000, 9.912705577010316921E-17 ) ) ;
#694 = CARTESIAN_POINT ( 'NONE',  ( 1.600000000000000089, 6.588077000000001071, 70.78672395019731312 ) ) ;
#695 = EDGE_LOOP ( 'NONE', ( #4537, #1727, #1946, #761 ) ) ;
#696 = CIRCLE ( 'NONE', #5648, 0.4999999999999865663 ) ;
#697 = ORIENTED_EDGE ( 'NONE', *, *, #150, .F. ) ;
#698 = VECTOR ( 'NONE', #2653, 1000.000000000000000 ) ;
#699 = AXIS2_PLACEMENT_3D ( 'NONE', #2069, #3935, #1619 ) ;
#700 = DIRECTION ( 'NONE',  ( 0.000000000000000000, 0.000000000000000000, -1.000000000000000000 ) ) ;
#701 = EDGE_CURVE ( 'NONE', #5661, #3245, #1889, .T. ) ;
#702 = AXIS2_PLACEMENT_3D ( 'NONE', #569, #5668, #2046 ) ;
#703 = ORIENTED_EDGE ( 'NONE', *, *, #336, .F. ) ;
#704 = VERTEX_POINT ( 'NONE', #3198 ) ;
#705 = DIRECTION ( 'NONE',  ( -0.000000000000000000, 1.000000000000000000, -0.000000000000000000 ) ) ;
#706 = PLANE ( 'NONE',  #5872 ) ;
#707 = DIRECTION ( 'NONE',  ( 1.000000000000000000, -0.000000000000000000, -0.000000000000000000 ) ) ;
#708 = VECTOR ( 'NONE', #1030, 1000.000000000000114 ) ;
#709 = DIRECTION ( 'NONE',  ( -1.000000000000000000, -0.000000000000000000, -0.000000000000000000 ) ) ;
#710 = EDGE_CURVE ( 'NONE', #1723, #345, #5084, .T. ) ;
#711 = EDGE_CURVE ( 'NONE', #4880, #5743, #401, .T. ) ;
#712 = DIRECTION ( 'NONE',  ( 0.000000000000000000, 0.000000000000000000, -1.000000000000000000 ) ) ;
#713 = EDGE_LOOP ( 'NONE', ( #1269, #3990, #1680, #4289 ) ) ;
#714 = CIRCLE ( 'NONE', #5840, 3.200000000000008171 ) ;
#715 = ORIENTED_EDGE ( 'NONE', *, *, #3760, .F. ) ;
#716 = ORIENTED_EDGE ( 'NONE', *, *, #4234, .F. ) ;
#717 = CARTESIAN_POINT ( 'NONE',  ( 34.26858978976805759, -1.600000000000826095, -2.168404344972129790E-16 ) ) ;
#718 = DIRECTION ( 'NONE',  ( -1.000000000000000000, -0.000000000000000000, -0.000000000000000000 ) ) ;
#719 = CARTESIAN_POINT ( 'NONE',  ( 1.600000000000000089, 29.72527329571467547, 35.01172395019732875 ) ) ;
#720 = VECTOR ( 'NONE', #5005, 1000.000000000000000 ) ;
#721 = ORIENTED_EDGE ( 'NONE', *, *, #3553, .T. ) ;
#722 = FACE_OUTER_BOUND ( 'NONE', #646, .T. ) ;
#723 = DIRECTION ( 'NONE',  ( -1.000000000000000000, -0.000000000000000000, -0.000000000000000000 ) ) ;
#724 = AXIS2_PLACEMENT_3D ( 'NONE', #5984, #2281, #3718 ) ;
#725 = CARTESIAN_POINT ( 'NONE',  ( 1.600000000000000089, 13.00107538538017415, 3.983321523335933367 ) ) ;
#726 = ORIENTED_EDGE ( 'NONE', *, *, #1705, .T. ) ;
#727 = ORIENTED_EDGE ( 'NONE', *, *, #3257, .T. ) ;
#728 = DIRECTION ( 'NONE',  ( 0.000000000000000000, 0.7811261647642353534, 0.6243732174915230804 ) ) ;
#729 = AXIS2_PLACEMENT_3D ( 'NONE', #5824, #5404, #5745 ) ;
#730 = EDGE_CURVE ( 'NONE', #3314, #1272, #4117, .T. ) ;
#731 = VERTEX_POINT ( 'NONE', #3723 ) ;
#732 = ORIENTED_EDGE ( 'NONE', *, *, #4975, .T. ) ;
#733 = DIRECTION ( 'NONE',  ( -1.000000000000000000, -0.000000000000000000, -0.000000000000000000 ) ) ;
#734 = LINE ( 'NONE', #2619, #1223 ) ;
#735 = CARTESIAN_POINT ( 'NONE',  ( 1.600000000000000089, 28.63040106995923040, -10.40296325771196173 ) ) ;
#736 = CARTESIAN_POINT ( 'NONE',  ( 1.600000000000000089, 32.79724476520794241, 27.61172395019732662 ) ) ;
#737 = CARTESIAN_POINT ( 'NONE',  ( 1.600000000000000089, 20.79724476520794241, 15.61172395019732839 ) ) ;
#738 = ORIENTED_EDGE ( 'NONE', *, *, #4859, .T. ) ;
#739 = CIRCLE ( 'NONE', #352, 0.6000000000000033085 ) ;
#740 = EDGE_CURVE ( 'NONE', #5738, #404, #4494, .T. ) ;
#741 = EDGE_LOOP ( 'NONE', ( #3092, #4776, #2393, #5526 ) ) ;
#742 = VERTEX_POINT ( 'NONE', #978 ) ;
#743 = CARTESIAN_POINT ( 'NONE',  ( 0.000000000000000000, 19.34991958620525665, -4.823258064669771805 ) ) ;
#744 = EDGE_CURVE ( 'NONE', #2410, #5487, #1407, .T. ) ;
#745 = CARTESIAN_POINT ( 'NONE',  ( 1.600000000000000089, 20.79724476520794241, 15.61172395019732839 ) ) ;
#746 = DIRECTION ( 'NONE',  ( -1.000000000000000000, 0.000000000000000000, 0.000000000000000000 ) ) ;
#747 = DIRECTION ( 'NONE',  ( -0.000000000000000000, 1.000000000000000000, 0.000000000000000000 ) ) ;
#748 = CIRCLE ( 'NONE', #463, 2.249999999999998668 ) ;
#749 = ORIENTED_EDGE ( 'NONE', *, *, #5089, .F. ) ;
#750 = LINE ( 'NONE', #2031, #1661 ) ;
#751 = FACE_OUTER_BOUND ( 'NONE', #2357, .T. ) ;
#752 = VECTOR ( 'NONE', #3138, 1000.000000000000114 ) ;
#753 = LINE ( 'NONE', #4038, #1838 ) ;
#754 = VECTOR ( 'NONE', #4282, 1000.000000000000000 ) ;
#755 = VECTOR ( 'NONE', #4130, 1000.000000000000000 ) ;
#756 = VERTEX_POINT ( 'NONE', #5051 ) ;
#757 = EDGE_LOOP ( 'NONE', ( #3358, #921, #2777, #5975 ) ) ;
#758 = LINE ( 'NONE', #2559, #3161 ) ;
#759 = ADVANCED_FACE ( 'NONE', ( #5599 ), #3297, .T. ) ;
#760 = ORIENTED_EDGE ( 'NONE', *, *, #2299, .T. ) ;
#761 = ORIENTED_EDGE ( 'NONE', *, *, #1706, .T. ) ;
#762 = LINE ( 'NONE', #852, #1273 ) ;
#763 = EDGE_CURVE ( 'NONE', #4863, #4862, #67, .T. ) ;
#764 = DIRECTION ( 'NONE',  ( 0.000000000000000000, 0.7071067811865462405, 0.7071067811865489050 ) ) ;
#765 = CARTESIAN_POINT ( 'NONE',  ( 0.000000000000000000, 0.000000000000000000, 0.000000000000000000 ) ) ;
#766 = CARTESIAN_POINT ( 'NONE',  ( 1.600000000000000089, 36.00000000000000000, 87.48921303800383953 ) ) ;
#767 = DIRECTION ( 'NONE',  ( 0.000000000000000000, 0.000000000000000000, -1.000000000000000000 ) ) ;
#768 = ORIENTED_EDGE ( 'NONE', *, *, #3277, .T. ) ;
#769 = ORIENTED_EDGE ( 'NONE', *, *, #606, .T. ) ;
#770 = ORIENTED_EDGE ( 'NONE', *, *, #5263, .F. ) ;
#771 = CARTESIAN_POINT ( 'NONE',  ( 1.600000000000000089, 6.588077000000000183, 62.03672395019731312 ) ) ;
#772 = DIRECTION ( 'NONE',  ( 0.000000000000000000, 0.000000000000000000, 1.000000000000000000 ) ) ;
#773 = EDGE_CURVE ( 'NONE', #1724, #5408, #1590, .T. ) ;
#774 = CARTESIAN_POINT ( 'NONE',  ( 1.600000000000000089, 29.77331818518230122, 26.35556432313799391 ) ) ;
#775 = DIRECTION ( 'NONE',  ( 1.000000000000000000, -0.000000000000000000, 0.000000000000000000 ) ) ;
#776 = ORIENTED_EDGE ( 'NONE', *, *, #1962, .T. ) ;
#777 = AXIS2_PLACEMENT_3D ( 'NONE', #210, #4431, #2060 ) ;
#778 = CARTESIAN_POINT ( 'NONE',  ( 1.600000000000000089, 30.50000000000000000, 69.00000000000000000 ) ) ;
#779 = CARTESIAN_POINT ( 'NONE',  ( 0.000000000000000000, 3.588077000000001959, 70.78672395019731312 ) ) ;
#780 = CYLINDRICAL_SURFACE ( 'NONE', #4464, 2.250000000000001776 ) ;
#781 = EDGE_CURVE ( 'NONE', #4721, #4461, #2390, .T. ) ;
#782 = ADVANCED_FACE ( 'NONE', ( #2934 ), #190, .F. ) ;
#783 = ORIENTED_EDGE ( 'NONE', *, *, #206, .T. ) ;
#784 = EDGE_LOOP ( 'NONE', ( #5378, #4329, #4949, #5535 ) ) ;
#785 = DIRECTION ( 'NONE',  ( -1.000000000000000000, -0.000000000000000000, -0.000000000000000000 ) ) ;
#786 = VECTOR ( 'NONE', #5902, 1000.000000000000000 ) ;
#787 = EDGE_LOOP ( 'NONE', ( #2329, #2445, #4173, #3179 ) ) ;
#788 = VECTOR ( 'NONE', #652, 1000.000000000000000 ) ;
#789 = EDGE_CURVE ( 'NONE', #589, #290, #2443, .T. ) ;
#790 = VERTEX_POINT ( 'NONE', #557 ) ;
#791 = CARTESIAN_POINT ( 'NONE',  ( 34.26858978976805759, 43.59999999999937614, 57.30665584262819578 ) ) ;
#792 = DIRECTION ( 'NONE',  ( 0.000000000000000000, -0.9961946980917453232, 0.08715574274766184348 ) ) ;
#793 = FACE_OUTER_BOUND ( 'NONE', #3110, .T. ) ;
#794 = DIRECTION ( 'NONE',  ( 0.000000000000000000, 0.000000000000000000, 1.000000000000000000 ) ) ;
#795 = AXIS2_PLACEMENT_3D ( 'NONE', #341, #3538, #3964 ) ;
#796 = DIRECTION ( 'NONE',  ( 0.000000000000000000, 0.000000000000000000, 1.000000000000000000 ) ) ;
#797 = EDGE_LOOP ( 'NONE', ( #3344, #1399, #614, #5923 ) ) ;
#798 = ORIENTED_EDGE ( 'NONE', *, *, #4010, .F. ) ;
#799 = EDGE_LOOP ( 'NONE', ( #3199, #3606, #2042, #4243 ) ) ;
#800 = CARTESIAN_POINT ( 'NONE',  ( 1.600000000000000089, 6.088077000000001959, 61.53672395019732022 ) ) ;
#801 = DIRECTION ( 'NONE',  ( -1.000000000000000000, -0.000000000000000000, -0.000000000000000000 ) ) ;
#802 = AXIS2_PLACEMENT_3D ( 'NONE', #2112, #3514, #4969 ) ;
#803 = FACE_OUTER_BOUND ( 'NONE', #2481, .T. ) ;
#804 = LINE ( 'NONE', #1686, #2843 ) ;
#805 = EDGE_CURVE ( 'NONE', #2410, #4407, #3788, .T. ) ;
#806 = VECTOR ( 'NONE', #163, 1000.000000000000114 ) ;
#807 = AXIS2_PLACEMENT_3D ( 'NONE', #488, #2339, #426 ) ;
#808 = ORIENTED_EDGE ( 'NONE', *, *, #5013, .T. ) ;
#809 = DIRECTION ( 'NONE',  ( -1.000000000000000000, 0.000000000000000000, 0.000000000000000000 ) ) ;
#810 = LINE ( 'NONE', #1897, #3152 ) ;
#811 = LINE ( 'NONE', #2671, #97 ) ;
#812 = ORIENTED_EDGE ( 'NONE', *, *, #4210, .F. ) ;
#813 = EDGE_CURVE ( 'NONE', #5169, #2656, #5721, .T. ) ;
#814 = ORIENTED_EDGE ( 'NONE', *, *, #5119, .T. ) ;
#815 = EDGE_CURVE ( 'NONE', #3727, #5178, #4218, .T. ) ;
#816 = DIRECTION ( 'NONE',  ( -1.000000000000000000, -0.000000000000000000, -0.000000000000000000 ) ) ;
#817 = VECTOR ( 'NONE', #5818, 1000.000000000000000 ) ;
#818 = EDGE_CURVE ( 'NONE', #2586, #5143, #2415, .T. ) ;
#819 = LINE ( 'NONE', #5554, #5101 ) ;
#820 = EDGE_LOOP ( 'NONE', ( #5643, #5855, #1107, #4288 ) ) ;
#821 = AXIS2_PLACEMENT_3D ( 'NONE', #5216, #1111, #1048 ) ;
#822 = ORIENTED_EDGE ( 'NONE', *, *, #133, .T. ) ;
#823 = LINE ( 'NONE', #4019, #3221 ) ;
#824 = LINE ( 'NONE', #1307, #836 ) ;
#825 = FACE_BOUND ( 'NONE', #1839, .T. ) ;
#826 = CARTESIAN_POINT ( 'NONE',  ( 34.26858978976805759, 0.000000000000000000, 54.41172395019732022 ) ) ;
#827 = CARTESIAN_POINT ( 'NONE',  ( 1.600000000000000089, 12.12889837679251492, 83.81948660865212730 ) ) ;
#828 = ORIENTED_EDGE ( 'NONE', *, *, #1568, .T. ) ;
#829 = ORIENTED_EDGE ( 'NONE', *, *, #3722, .T. ) ;
#830 = ORIENTED_EDGE ( 'NONE', *, *, #5168, .F. ) ;
#831 = FACE_OUTER_BOUND ( 'NONE', #3804, .T. ) ;
#832 = DIRECTION ( 'NONE',  ( 1.000000000000000000, -0.000000000000000000, 0.000000000000000000 ) ) ;
#833 = FACE_OUTER_BOUND ( 'NONE', #1681, .T. ) ;
#834 = DIRECTION ( 'NONE',  ( 0.000000000000000000, 0.000000000000000000, -1.000000000000000000 ) ) ;
#835 = EDGE_CURVE ( 'NONE', #1401, #5360, #4300, .T. ) ;
#836 = VECTOR ( 'NONE', #4623, 1000.000000000000000 ) ;
#837 = ORIENTED_EDGE ( 'NONE', *, *, #815, .F. ) ;
#838 = CARTESIAN_POINT ( 'NONE',  ( 1.600000000000000089, 3.588077000000009953, 62.03672395019731312 ) ) ;
#839 = CARTESIAN_POINT ( 'NONE',  ( 0.000000000000000000, 36.00000000000001421, -36.08827604980267978 ) ) ;
#840 = ADVANCED_FACE ( 'NONE', ( #3414 ), #1534, .T. ) ;
#841 = EDGE_CURVE ( 'NONE', #2134, #5142, #2039, .T. ) ;
#842 = DIRECTION ( 'NONE',  ( -1.000000000000000000, 0.000000000000000000, 0.000000000000000000 ) ) ;
#843 = ORIENTED_EDGE ( 'NONE', *, *, #4977, .T. ) ;
#844 = VERTEX_POINT ( 'NONE', #1950 ) ;
#845 = DIRECTION ( 'NONE',  ( 0.000000000000000000, 0.000000000000000000, -1.000000000000000000 ) ) ;
#846 = LINE ( 'NONE', #3189, #3062 ) ;
#847 = EDGE_CURVE ( 'NONE', #4294, #5738, #1469, .T. ) ;
#848 = AXIS2_PLACEMENT_3D ( 'NONE', #5125, #5638, #4667 ) ;
#849 = ORIENTED_EDGE ( 'NONE', *, *, #1501, .T. ) ;
#850 = EDGE_CURVE ( 'NONE', #1489, #2354, #5181, .T. ) ;
#851 = VERTEX_POINT ( 'NONE', #2966 ) ;
#852 = CARTESIAN_POINT ( 'NONE',  ( 1.600000000000000089, 8.797244765207388184, 2.111723950197933686 ) ) ;
#853 = CARTESIAN_POINT ( 'NONE',  ( 0.000000000000000000, 25.48239641025217139, -48.90572980140875359 ) ) ;
#854 = DIRECTION ( 'NONE',  ( 0.000000000000000000, -1.000000000000000000, -1.662905933390748385E-16 ) ) ;
#855 = DIRECTION ( 'NONE',  ( 0.000000000000000000, -1.000000000000000000, -3.410856382543251894E-15 ) ) ;
#856 = DIRECTION ( 'NONE',  ( 0.000000000000000000, -0.4978900526304347318, -0.8672401602161092793 ) ) ;
#857 = ORIENTED_EDGE ( 'NONE', *, *, #945, .F. ) ;
#858 = EDGE_LOOP ( 'NONE', ( #5317, #3555, #3653, #5236 ) ) ;
#859 = ORIENTED_EDGE ( 'NONE', *, *, #4323, .T. ) ;
#860 = CARTESIAN_POINT ( 'NONE',  ( 0.000000000000000000, 30.77889837679251528, 82.18782303389359356 ) ) ;
#861 = DIRECTION ( 'NONE',  ( -1.000000000000000000, -0.000000000000000000, -0.000000000000000000 ) ) ;
#862 = CARTESIAN_POINT ( 'NONE',  ( 1.600000000000000089, 32.42564719206934853, 23.40789333002507888 ) ) ;
#863 = DIRECTION ( 'NONE',  ( 0.000000000000000000, 0.000000000000000000, -1.000000000000000000 ) ) ;
#864 = CARTESIAN_POINT ( 'NONE',  ( 0.000000000000000000, 30.77889837679251528, 62.18782303389358646 ) ) ;
#865 = EDGE_CURVE ( 'NONE', #2521, #2410, #2541, .T. ) ;
#866 = VERTEX_POINT ( 'NONE', #4812 ) ;
#867 = CARTESIAN_POINT ( 'NONE',  ( 1.600000000000000089, 42.00000000000000000, 6.984204920241143807E-15 ) ) ;
#868 = LINE ( 'NONE', #74, #720 ) ;
#869 = CARTESIAN_POINT ( 'NONE',  ( 1.600000000000000089, 6.186579155612309588E-17, 2.411723950197328215 ) ) ;
#870 = DIRECTION ( 'NONE',  ( -0.000000000000000000, -0.7071067811865462405, -0.7071067811865489050 ) ) ;
#871 = MANIFOLD_SOLID_BREP ( '«∞∫Û∏«∞ÂÀ≥ª¨', #5259 ) ;
#872 = VERTEX_POINT ( 'NONE', #218 ) ;
#873 = VECTOR ( 'NONE', #2429, 1000.000000000000114 ) ;
#874 = VERTEX_POINT ( 'NONE', #676 ) ;
#875 = EDGE_LOOP ( 'NONE', ( #1062, #5026, #3919, #2075 ) ) ;
#876 = LINE ( 'NONE', #1360, #3634 ) ;
#877 = CYLINDRICAL_SURFACE ( 'NONE', #4639, 1.499999999999994449 ) ;
#878 = VECTOR ( 'NONE', #4029, 1000.000000000000000 ) ;
#879 = ORIENTED_EDGE ( 'NONE', *, *, #3257, .F. ) ;
#880 = ORIENTED_EDGE ( 'NONE', *, *, #358, .F. ) ;
#881 = EDGE_CURVE ( 'NONE', #2863, #3258, #501, .T. ) ;
#882 = CARTESIAN_POINT ( 'NONE',  ( 1.600000000000000089, 32.36959893003879785, -15.59703674228803827 ) ) ;
#883 = DIRECTION ( 'NONE',  ( 0.000000000000000000, -4.336808689942016158E-15, 1.000000000000000000 ) ) ;
#884 = CARTESIAN_POINT ( 'NONE',  ( 1.600000000000000089, 8.392566107048104129, 95.92746955793870711 ) ) ;
#885 = FACE_OUTER_BOUND ( 'NONE', #799, .T. ) ;
#886 = EDGE_LOOP ( 'NONE', ( #4071, #5442, #4213, #4333, #749, #4148 ) ) ;
#887 = VECTOR ( 'NONE', #1672, 1000.000000000000000 ) ;
#888 = ORIENTED_EDGE ( 'NONE', *, *, #3157, .T. ) ;
#889 = ORIENTED_EDGE ( 'NONE', *, *, #4201, .F. ) ;
#890 = DIRECTION ( 'NONE',  ( 0.000000000000000000, 0.000000000000000000, 1.000000000000000000 ) ) ;
#891 = CARTESIAN_POINT ( 'NONE',  ( 1.600000000000000089, 8.392566107048217816, 95.92746955793866448 ) ) ;
#892 = ADVANCED_FACE ( 'NONE', ( #5773 ), #3474, .T. ) ;
#893 = EDGE_CURVE ( 'NONE', #3617, #4935, #2050, .T. ) ;
#894 = DIRECTION ( 'NONE',  ( 1.000000000000000000, 0.000000000000000000, 0.000000000000000000 ) ) ;
#895 = PLANE ( 'NONE',  #4007 ) ;
#896 = CARTESIAN_POINT ( 'NONE',  ( 0.000000000000000000, 28.63040106995923040, -10.40296325771195640 ) ) ;
#897 = AXIS2_PLACEMENT_3D ( 'NONE', #4215, #983, #890 ) ;
#898 = ORIENTED_EDGE ( 'NONE', *, *, #1085, .T. ) ;
#899 = LINE ( 'NONE', #867, #302 ) ;
#900 = VECTOR ( 'NONE', #4826, 1000.000000000000000 ) ;
#901 = DIRECTION ( 'NONE',  ( 1.000000000000000000, 0.000000000000000000, -0.000000000000000000 ) ) ;
#902 = CIRCLE ( 'NONE', #1386, 0.6000000000000033085 ) ;
#903 = CYLINDRICAL_SURFACE ( 'NONE', #3497, 2.249999999999998668 ) ;
#904 = ORIENTED_EDGE ( 'NONE', *, *, #3915, .T. ) ;
#905 = ORIENTED_EDGE ( 'NONE', *, *, #4287, .T. ) ;
#906 = ORIENTED_EDGE ( 'NONE', *, *, #4568, .F. ) ;
#907 = CARTESIAN_POINT ( 'NONE',  ( 0.000000000000000000, 30.50000000000000000, 79.00000000000000000 ) ) ;
#908 = PLANE ( 'NONE',  #1613 ) ;
#909 = VERTEX_POINT ( 'NONE', #5799 ) ;
#910 = ORIENTED_EDGE ( 'NONE', *, *, #5779, .T. ) ;
#911 = VECTOR ( 'NONE', #2769, 1000.000000000000000 ) ;
#912 = ORIENTED_EDGE ( 'NONE', *, *, #3884, .T. ) ;
#913 = LINE ( 'NONE', #882, #3368 ) ;
#914 = DIRECTION ( 'NONE',  ( 1.000000000000000000, 0.000000000000000000, 0.000000000000000000 ) ) ;
#915 = EDGE_CURVE ( 'NONE', #3582, #1642, #1640, .T. ) ;
#916 = CARTESIAN_POINT ( 'NONE',  ( 0.000000000000000000, -1.600000000000620703, -2.168404344971849991E-16 ) ) ;
#917 = AXIS2_PLACEMENT_3D ( 'NONE', #1161, #3860, #225 ) ;
#918 = DIRECTION ( 'NONE',  ( -1.000000000000000000, -0.000000000000000000, -0.000000000000000000 ) ) ;
#919 = ORIENTED_EDGE ( 'NONE', *, *, #3523, .F. ) ;
#920 = ORIENTED_EDGE ( 'NONE', *, *, #5746, .F. ) ;
#921 = ORIENTED_EDGE ( 'NONE', *, *, #730, .F. ) ;
#922 = AXIS2_PLACEMENT_3D ( 'NONE', #617, #3386, #4331 ) ;
#923 = CARTESIAN_POINT ( 'NONE',  ( 1.600000000000000089, 34.75694174880644738, -43.48289748278274658 ) ) ;
#924 = DIRECTION ( 'NONE',  ( -1.000000000000000000, -0.000000000000000000, -0.000000000000000000 ) ) ;
#925 = DIRECTION ( 'NONE',  ( 0.000000000000000000, 2.565210315677348556E-17, 1.000000000000000000 ) ) ;
#926 = AXIS2_PLACEMENT_3D ( 'NONE', #1181, #3069, #2992 ) ;
#927 = CARTESIAN_POINT ( 'NONE',  ( 1.600000000000000089, 5.088077000000001071, 73.66172395019732733 ) ) ;
#928 = LINE ( 'NONE', #864, #1327 ) ;
#929 = ADVANCED_FACE ( 'NONE', ( #4346 ), #204, .T. ) ;
#930 = ADVANCED_FACE ( 'NONE', ( #1088 ), #235, .F. ) ;
#931 = ORIENTED_EDGE ( 'NONE', *, *, #2404, .T. ) ;
#932 = DIRECTION ( 'NONE',  ( 0.000000000000000000, 0.000000000000000000, 1.000000000000000000 ) ) ;
#933 = DIRECTION ( 'NONE',  ( -0.000000000000000000, 0.9961946980917452121, -0.08715574274766220431 ) ) ;
#934 = DIRECTION ( 'NONE',  ( -1.000000000000000000, -0.000000000000000000, -0.000000000000000000 ) ) ;
#935 = EDGE_LOOP ( 'NONE', ( #1060, #3393, #3442, #532 ) ) ;
#936 = AXIS2_PLACEMENT_3D ( 'NONE', #1569, #137, #3825 ) ;
#937 = ORIENTED_EDGE ( 'NONE', *, *, #3571, .T. ) ;
#938 = EDGE_LOOP ( 'NONE', ( #425, #4320, #1177, #4835 ) ) ;
#939 = CARTESIAN_POINT ( 'NONE',  ( 0.000000000000000000, 36.99999999999959499, 30.21172395019733159 ) ) ;
#940 = CARTESIAN_POINT ( 'NONE',  ( 1.600000000000000089, 34.75694174880646869, -43.48289748278271816 ) ) ;
#941 = CARTESIAN_POINT ( 'NONE',  ( 1.600000000000000089, 6.088077000000001959, 62.03672395019731312 ) ) ;
#942 = ORIENTED_EDGE ( 'NONE', *, *, #4603, .T. ) ;
#943 = EDGE_LOOP ( 'NONE', ( #2922, #5800 ) ) ;
#944 = ORIENTED_EDGE ( 'NONE', *, *, #4297, .F. ) ;
#945 = EDGE_CURVE ( 'NONE', #756, #19, #1471, .T. ) ;
#946 = CARTESIAN_POINT ( 'NONE',  ( 1.600000000000000089, 12.39892143065993935, -35.08795657046059802 ) ) ;
#947 = LINE ( 'NONE', #529, #5579 ) ;
#948 = DIRECTION ( 'NONE',  ( 0.000000000000000000, -1.355252715606880543E-16, 1.000000000000000000 ) ) ;
#949 = CARTESIAN_POINT ( 'NONE',  ( 1.600000000000000089, 20.88392920340826109, 90.38593571455918152 ) ) ;
#950 = ORIENTED_EDGE ( 'NONE', *, *, #5757, .T. ) ;
#951 = EDGE_CURVE ( 'NONE', #143, #2574, #5253, .T. ) ;
#952 = ORIENTED_EDGE ( 'NONE', *, *, #5685, .F. ) ;
#953 = ORIENTED_EDGE ( 'NONE', *, *, #4087, .F. ) ;
#954 = CARTESIAN_POINT ( 'NONE',  ( 0.000000000000000000, 30.77889837679251528, 72.18782303389357935 ) ) ;
#955 = DIRECTION ( 'NONE',  ( 0.000000000000000000, -0.9961946980917452121, 0.08715574274766232921 ) ) ;
#956 = CARTESIAN_POINT ( 'NONE',  ( 0.000000000000000000, 21.87069162429847324, 1.652937762254314435 ) ) ;
#957 = FACE_OUTER_BOUND ( 'NONE', #1552, .T. ) ;
#958 = CARTESIAN_POINT ( 'NONE',  ( 1.600000000000000089, 17.84228389317043906, 93.10702356318948603 ) ) ;
#959 = FACE_OUTER_BOUND ( 'NONE', #3534, .T. ) ;
#960 = ADVANCED_FACE ( 'NONE', ( #5283 ), #2054, .F. ) ;
#961 = CYLINDRICAL_SURFACE ( 'NONE', #3782, 3.199999999999997957 ) ;
#962 = FACE_OUTER_BOUND ( 'NONE', #6, .T. ) ;
#963 = ORIENTED_EDGE ( 'NONE', *, *, #1175, .F. ) ;
#964 = ORIENTED_EDGE ( 'NONE', *, *, #4802, .T. ) ;
#965 = ORIENTED_EDGE ( 'NONE', *, *, #915, .T. ) ;
#966 = FACE_OUTER_BOUND ( 'NONE', #4729, .T. ) ;
#967 = CARTESIAN_POINT ( 'NONE',  ( 1.600000000000000089, 28.25022420910421772, -4.223258064669741074 ) ) ;
#968 = ADVANCED_FACE ( 'NONE', ( #5789 ), #2460, .F. ) ;
#970 = EDGE_CURVE ( 'NONE', #4596, #4962, #696, .T. ) ;
#969 = LINE ( 'NONE', #4683, #2757 ) ;
#971 = CIRCLE ( 'NONE', #3410, 1.499999999999997780 ) ;
#972 = CARTESIAN_POINT ( 'NONE',  ( 0.000000000000000000, 43.60000000000000853, -32.69334415737180422 ) ) ;
#973 = EDGE_LOOP ( 'NONE', ( #931, #5402, #30, #4259 ) ) ;
#974 = ORIENTED_EDGE ( 'NONE', *, *, #2426, .F. ) ;
#975 = DIRECTION ( 'NONE',  ( 0.000000000000000000, 0.000000000000000000, -1.000000000000000000 ) ) ;
#976 = DIRECTION ( 'NONE',  ( -1.000000000000000000, 0.000000000000000000, 0.000000000000000000 ) ) ;
#977 = AXIS2_PLACEMENT_3D ( 'NONE', #1904, #1420, #3701 ) ;
#978 = CARTESIAN_POINT ( 'NONE',  ( 1.600000000000000089, 5.088077000000002847, 60.18672395019730459 ) ) ;
#979 = VERTEX_POINT ( 'NONE', #4399 ) ;
#980 = AXIS2_PLACEMENT_3D ( 'NONE', #3403, #2520, #2951 ) ;
#981 = VERTEX_POINT ( 'NONE', #2028 ) ;
#982 = VERTEX_POINT ( 'NONE', #4827 ) ;
#983 = DIRECTION ( 'NONE',  ( -1.000000000000000000, 0.000000000000000000, 0.000000000000000000 ) ) ;
#984 = CARTESIAN_POINT ( 'NONE',  ( 0.000000000000000000, 16.46673111281022628, 93.37062347518292427 ) ) ;
#985 = LINE ( 'NONE', #1929, #543 ) ;
#986 = CARTESIAN_POINT ( 'NONE',  ( 0.000000000000000000, 32.79724476520794241, 26.03672395019732022 ) ) ;
#987 = PLANE ( 'NONE',  #3339 ) ;
#988 = DIRECTION ( 'NONE',  ( -1.000000000000000000, -0.000000000000000000, -0.000000000000000000 ) ) ;
#989 = AXIS2_PLACEMENT_3D ( 'NONE', #4318, #2000, #2883 ) ;
#990 = AXIS2_PLACEMENT_3D ( 'NONE', #3887, #5300, #136 ) ;
#991 = CARTESIAN_POINT ( 'NONE',  ( 0.000000000000000000, 30.77889837679251528, 82.18782303389359356 ) ) ;
#992 = CARTESIAN_POINT ( 'NONE',  ( 0.000000000000000000, 3.645640057826274962E-14, -53.61397923772977947 ) ) ;
#993 = EDGE_CURVE ( 'NONE', #5624, #4271, #3372, .T. ) ;
#994 = DIRECTION ( 'NONE',  ( 0.000000000000000000, -0.7071067811865479058, -0.7071067811865471286 ) ) ;
#995 = ORIENTED_EDGE ( 'NONE', *, *, #1880, .T. ) ;
#996 = ORIENTED_EDGE ( 'NONE', *, *, #4152, .T. ) ;
#997 = EDGE_LOOP ( 'NONE', ( #5096, #5023, #517, #843 ) ) ;
#998 = DIRECTION ( 'NONE',  ( 0.000000000000000000, -1.000000000000000000, 0.000000000000000000 ) ) ;
#999 = DIRECTION ( 'NONE',  ( 0.000000000000000000, 0.000000000000000000, -1.000000000000000000 ) ) ;
#1000 = VECTOR ( 'NONE', #5255, 1000.000000000000000 ) ;
#1001 = CARTESIAN_POINT ( 'NONE',  ( 0.000000000000000000, 18.11786845078633235, 93.58050315153342069 ) ) ;
#1002 = VECTOR ( 'NONE', #2545, 1000.000000000000000 ) ;
#1003 = ORIENTED_EDGE ( 'NONE', *, *, #4420, .F. ) ;
#1004 = EDGE_CURVE ( 'NONE', #5624, #2010, #5675, .T. ) ;
#1005 = ORIENTED_EDGE ( 'NONE', *, *, #1202, .T. ) ;
#1006 = EDGE_CURVE ( 'NONE', #5401, #1410, #409, .T. ) ;
#1007 = EDGE_CURVE ( 'NONE', #5866, #2198, #5309, .T. ) ;
#1008 = ORIENTED_EDGE ( 'NONE', *, *, #599, .F. ) ;
#1009 = FACE_BOUND ( 'NONE', #1241, .T. ) ;
#1010 =( NAMED_UNIT ( * ) PLANE_ANGLE_UNIT ( ) SI_UNIT ( $, .RADIAN. ) );
#1011 = EDGE_LOOP ( 'NONE', ( #2817, #1392, #96, #1454 ) ) ;
#1012 = AXIS2_PLACEMENT_3D ( 'NONE', #4981, #1751, #1783 ) ;
#1013 = ORIENTED_EDGE ( 'NONE', *, *, #1238, .F. ) ;
#1014 = VERTEX_POINT ( 'NONE', #2430 ) ;
#1015 = CARTESIAN_POINT ( 'NONE',  ( 1.600000000000000089, 42.00000000000000000, 6.984204920241143807E-15 ) ) ;
#1016 = LINE ( 'NONE', #564, #650 ) ;
#1017 = CARTESIAN_POINT ( 'NONE',  ( 1.599999999999997202, -1.600000000000838529, 92.41172395019731312 ) ) ;
#1018 = AXIS2_PLACEMENT_3D ( 'NONE', #66, #5081, #1919 ) ;
#1019 = DIRECTION ( 'NONE',  ( 1.000000000000000000, 0.000000000000000000, 0.000000000000000000 ) ) ;
#1020 = LINE ( 'NONE', #4570, #618 ) ;
#1021 = DIRECTION ( 'NONE',  ( -1.000000000000000000, 0.000000000000000000, 0.000000000000000000 ) ) ;
#1022 = AXIS2_PLACEMENT_3D ( 'NONE', #5439, #2216, #3136 ) ;
#1023 = EDGE_CURVE ( 'NONE', #462, #5743, #4102, .T. ) ;
#1024 = PLANE ( 'NONE',  #3570 ) ;
#1025 = LINE ( 'NONE', #1452, #2132 ) ;
#1026 = ORIENTED_EDGE ( 'NONE', *, *, #3976, .T. ) ;
#1027 = EDGE_LOOP ( 'NONE', ( #5764, #6010, #4709, #685 ) ) ;
#1028 = EDGE_CURVE ( 'NONE', #3127, #3885, #689, .T. ) ;
#1029 = VERTEX_POINT ( 'NONE', #3486 ) ;
#1030 = DIRECTION ( 'NONE',  ( 0.000000000000000000, 0.7953493139644385312, 0.6061513579761222958 ) ) ;
#1031 = CARTESIAN_POINT ( 'NONE',  ( 0.000000000000000000, 36.00000000000001421, -36.08827604980267978 ) ) ;
#1032 = DIRECTION ( 'NONE',  ( 0.000000000000000000, -1.000000000000000000, -1.355252715606880543E-16 ) ) ;
#1033 = AXIS2_PLACEMENT_3D ( 'NONE', #4818, #2510, #5301 ) ;
#1034 = CARTESIAN_POINT ( 'NONE',  ( 0.000000000000000000, 41.99999999999999289, 39.68222947802273382 ) ) ;
#1035 = ORIENTED_EDGE ( 'NONE', *, *, #1920, .T. ) ;
#1036 = ORIENTED_EDGE ( 'NONE', *, *, #2065, .T. ) ;
#1037 = FACE_BOUND ( 'NONE', #1641, .T. ) ;
#1038 = DIRECTION ( 'NONE',  ( -1.000000000000000000, -0.000000000000000000, -0.000000000000000000 ) ) ;
#1039 = EDGE_CURVE ( 'NONE', #4721, #2131, #5335, .T. ) ;
#1040 = ADVANCED_FACE ( 'NONE', ( #1520 ), #5224, .T. ) ;
#1041 = DIRECTION ( 'NONE',  ( 0.000000000000000000, -0.9961946980917452121, 0.08715574274766256513 ) ) ;
#1042 = ORIENTED_EDGE ( 'NONE', *, *, #3354, .F. ) ;
#1043 = ORIENTED_EDGE ( 'NONE', *, *, #3941, .F. ) ;
#1044 = CIRCLE ( 'NONE', #3080, 1.575000000000006839 ) ;
#1045 = VERTEX_POINT ( 'NONE', #5707 ) ;
#1046 = CARTESIAN_POINT ( 'NONE',  ( 0.000000000000000000, 36.00000000000001421, -36.08827604980267978 ) ) ;
#1047 = CARTESIAN_POINT ( 'NONE',  ( 1.600000000000000089, 4.088077000000001959, 61.53672395019732733 ) ) ;
#1048 = DIRECTION ( 'NONE',  ( 0.000000000000000000, -0.9895391051637537627, -0.1442648929979754302 ) ) ;
#1049 = VECTOR ( 'NONE', #2781, 1000.000000000000000 ) ;
#1050 = AXIS2_PLACEMENT_3D ( 'NONE', #1935, #1116, #201 ) ;
#1051 = CARTESIAN_POINT ( 'NONE',  ( 1.600000000000000089, 8.797244765207388184, 5.111723950197929689 ) ) ;
#1052 = DIRECTION ( 'NONE',  ( 0.000000000000000000, 0.9961946980917451011, -0.08715574274766330065 ) ) ;
#1053 = EDGE_CURVE ( 'NONE', #5879, #5624, #2241, .T. ) ;
#1054 = DIRECTION ( 'NONE',  ( 1.000000000000000000, -0.000000000000000000, -0.000000000000000000 ) ) ;
#1055 = VECTOR ( 'NONE', #955, 1000.000000000000000 ) ;
#1056 = VERTEX_POINT ( 'NONE', #2483 ) ;
#1057 = PLANE ( 'NONE',  #5710 ) ;
#1058 = DIRECTION ( 'NONE',  ( 1.000000000000000000, 0.000000000000000000, -0.000000000000000000 ) ) ;
#1059 = CARTESIAN_POINT ( 'NONE',  ( 1.600000000000000089, 6.113077000000001426, 73.66172395019732733 ) ) ;
#1060 = ORIENTED_EDGE ( 'NONE', *, *, #4281, .F. ) ;
#1061 = EDGE_CURVE ( 'NONE', #5267, #1029, #3034, .T. ) ;
#1062 = ORIENTED_EDGE ( 'NONE', *, *, #945, .T. ) ;
#1063 = ORIENTED_EDGE ( 'NONE', *, *, #3006, .F. ) ;
#1064 = DIRECTION ( 'NONE',  ( 0.000000000000000000, 0.000000000000000000, -1.000000000000000000 ) ) ;
#1065 = DIRECTION ( 'NONE',  ( 0.000000000000000000, 2.565210315677348556E-17, 1.000000000000000000 ) ) ;
#1066 = PLANE ( 'NONE',  #4948 ) ;
#1067 = DIRECTION ( 'NONE',  ( 0.000000000000000000, -6.938893903907222461E-16, 1.000000000000000000 ) ) ;
#1068 = ORIENTED_EDGE ( 'NONE', *, *, #5244, .F. ) ;
#1069 = ORIENTED_EDGE ( 'NONE', *, *, #4493, .F. ) ;
#1070 = FACE_BOUND ( 'NONE', #3790, .T. ) ;
#1071 = DIRECTION ( 'NONE',  ( 1.000000000000000000, 0.000000000000000000, 0.000000000000000000 ) ) ;
#1072 = CARTESIAN_POINT ( 'NONE',  ( 1.600000000000000089, 42.00000000000000000, 6.984204920241143807E-15 ) ) ;
#1073 = VERTEX_POINT ( 'NONE', #1047 ) ;
#1074 = VERTEX_POINT ( 'NONE', #538 ) ;
#1076 = VERTEX_POINT ( 'NONE', #2421 ) ;
#1075 = VECTOR ( 'NONE', #2498, 1000.000000000000000 ) ;
#1077 = CARTESIAN_POINT ( 'NONE',  ( 1.600000000000000089, 3.588077000000001959, 70.78672395019731312 ) ) ;
#1078 = CARTESIAN_POINT ( 'NONE',  ( 1.600000000000000089, 6.113077000000001426, 73.66172395019732733 ) ) ;
#1079 = DIRECTION ( 'NONE',  ( 0.000000000000000000, -1.662905933390748385E-16, 1.000000000000000000 ) ) ;
#1080 = LINE ( 'NONE', #2915, #516 ) ;
#1081 = CARTESIAN_POINT ( 'NONE',  ( 34.26858978976805759, 43.59999999999958931, 27.30665584262819578 ) ) ;
#1082 = CARTESIAN_POINT ( 'NONE',  ( 0.000000000000000000, -12.06493957002905226, 82.75561197102098276 ) ) ;
#1083 = EDGE_CURVE ( 'NONE', #3185, #4713, #4389, .T. ) ;
#1084 = EDGE_CURVE ( 'NONE', #1907, #3980, #4759, .T. ) ;
#1085 = EDGE_CURVE ( 'NONE', #4111, #1252, #2547, .T. ) ;
#1086 = CARTESIAN_POINT ( 'NONE',  ( 1.600000000000000089, 5.933903368163952303E-16, 23.13222947802271889 ) ) ;
#1087 = CARTESIAN_POINT ( 'NONE',  ( 1.600000000000000089, 34.87530306181896123, 85.54048093808702902 ) ) ;
#1088 = FACE_OUTER_BOUND ( 'NONE', #2323, .T. ) ;
#1089 = VECTOR ( 'NONE', #2939, 1000.000000000000000 ) ;
#1090 = ORIENTED_EDGE ( 'NONE', *, *, #3839, .F. ) ;
#1091 = CARTESIAN_POINT ( 'NONE',  ( 1.600000000000000089, 6.088077000000001071, 71.28672395019731312 ) ) ;
#1092 = LINE ( 'NONE', #967, #2765 ) ;
#1093 = VECTOR ( 'NONE', #103, 1000.000000000000114 ) ;
#1094 = PLANE ( 'NONE',  #590 ) ;
#1095 = EDGE_CURVE ( 'NONE', #5, #3054, #1476, .T. ) ;
#1096 = ORIENTED_EDGE ( 'NONE', *, *, #3947, .T. ) ;
#1097 = EDGE_LOOP ( 'NONE', ( #2506, #1617, #1795, #1151 ) ) ;
#1098 = CARTESIAN_POINT ( 'NONE',  ( 0.000000000000000000, 54.50000000000000711, 75.13910731638101481 ) ) ;
#1099 = VECTOR ( 'NONE', #1169, 1000.000000000000000 ) ;
#1100 = EDGE_CURVE ( 'NONE', #2002, #2500, #4731, .T. ) ;
#1101 = VECTOR ( 'NONE', #809, 1000.000000000000000 ) ;
#1102 = DIRECTION ( 'NONE',  ( 0.000000000000000000, -6.938893903907222461E-16, -1.000000000000000000 ) ) ;
#1103 = EDGE_LOOP ( 'NONE', ( #5043, #1262 ) ) ;
#1104 = VECTOR ( 'NONE', #499, 1000.000000000000000 ) ;
#1105 = AXIS2_PLACEMENT_3D ( 'NONE', #4617, #5589, #4650 ) ;
#1106 = ORIENTED_EDGE ( 'NONE', *, *, #4942, .T. ) ;
#1107 = ORIENTED_EDGE ( 'NONE', *, *, #2823, .T. ) ;
#1108 = EDGE_CURVE ( 'NONE', #3857, #3343, #4275, .T. ) ;
#1109 = LINE ( 'NONE', #1595, #4477 ) ;
#1110 = CARTESIAN_POINT ( 'NONE',  ( 0.000000000000000000, 28.60077400848668105, -5.310202453848762438 ) ) ;
#1111 = DIRECTION ( 'NONE',  ( 0.000000000000000000, -0.1442648929979754580, 0.9895391051637538737 ) ) ;
#1112 = DIRECTION ( 'NONE',  ( -1.000000000000000000, -0.000000000000000000, -0.000000000000000000 ) ) ;
#1113 = DIRECTION ( 'NONE',  ( -0.000000000000000000, 0.9961946980917453232, -0.08715574274766184348 ) ) ;
#1114 = VECTOR ( 'NONE', #1659, 1000.000000000000000 ) ;
#1115 =( BOUNDED_SURFACE ( )  B_SPLINE_SURFACE ( 3, 1, ( 
 ( #5451, #719 ),
 ( #4426, #4542 ),
 ( #3999, #379 ),
 ( #1290, #1231 ) ),
 .UNSPECIFIED., .F., .F., .T. ) 
 B_SPLINE_SURFACE_WITH_KNOTS ( ( 4, 4 ),
 ( 2, 2 ),
 ( 0.000000000000000000, 1.000000000000000000 ),
 ( 0.000000000000000000, 1.000000000000000000 ),
 .UNSPECIFIED. ) 
 GEOMETRIC_REPRESENTATION_ITEM ( )  RATIONAL_B_SPLINE_SURFACE ( (
 ( 1.000000000000000000, 1.000000000000000000),
 ( 0.3333333333333333703, 0.3333333333333333703),
 ( 0.3333333333333333703, 0.3333333333333333703),
 ( 1.000000000000000000, 1.000000000000000000) ) ) 
 REPRESENTATION_ITEM ( '' )  SURFACE ( )  );
#1116 = DIRECTION ( 'NONE',  ( 0.000000000000000000, 0.000000000000000000, -1.000000000000000000 ) ) ;
#1117 = EDGE_CURVE ( 'NONE', #1710, #3929, #2342, .T. ) ;
#1118 = CARTESIAN_POINT ( 'NONE',  ( 0.000000000000000000, 19.34991958620525665, -4.223258064669772160 ) ) ;
#1119 = DIRECTION ( 'NONE',  ( 0.000000000000000000, -0.8115739819650135134, -0.5842496656374327468 ) ) ;
#1120 = CIRCLE ( 'NONE', #2875, 0.4999999999999865663 ) ;
#1121 = EDGE_CURVE ( 'NONE', #3929, #4907, #1016, .T. ) ;
#1122 = PRODUCT_DEFINITION_CONTEXT ( 'detailed design', #2837, 'design' ) ;
#1123 = ORIENTED_EDGE ( 'NONE', *, *, #3571, .F. ) ;
#1124 = DIRECTION ( 'NONE',  ( 0.000000000000000000, -1.000000000000000000, 0.000000000000000000 ) ) ;
#1125 = CARTESIAN_POINT ( 'NONE',  ( 0.000000000000000000, 32.79724476520794241, 29.18672395019733656 ) ) ;
#1126 = DIRECTION ( 'NONE',  ( 0.000000000000000000, 0.7071067811865461294, 0.7071067811865489050 ) ) ;
#1127 = VECTOR ( 'NONE', #2644, 1000.000000000000000 ) ;
#1128 = ORIENTED_EDGE ( 'NONE', *, *, #2797, .F. ) ;
#1129 = VERTEX_POINT ( 'NONE', #1078 ) ;
#1130 = LINE ( 'NONE', #2178, #4906 ) ;
#1131 = FILL_AREA_STYLE_COLOUR ( '', #3907 ) ;
#1132 = ORIENTED_EDGE ( 'NONE', *, *, #3465, .F. ) ;
#1133 = VECTOR ( 'NONE', #3888, 1000.000000000000000 ) ;
#1134 = ORIENTED_EDGE ( 'NONE', *, *, #1208, .F. ) ;
#1135 = DIRECTION ( 'NONE',  ( 0.000000000000000000, -0.1882073904574400047, -0.9821293082772760696 ) ) ;
#1136 = CARTESIAN_POINT ( 'NONE',  ( 1.600000000000000089, 41.99999999999999289, 27.30665584262819578 ) ) ;
#1137 = DIRECTION ( 'NONE',  ( 1.000000000000000000, -0.000000000000000000, 0.000000000000000000 ) ) ;
#1138 = CARTESIAN_POINT ( 'NONE',  ( 0.000000000000000000, 54.50000000000000711, 0.000000000000000000 ) ) ;
#1139 = CARTESIAN_POINT ( 'NONE',  ( 0.000000000000000000, 30.77889837679251528, 62.18782303389358646 ) ) ;
#1140 = EDGE_CURVE ( 'NONE', #2501, #2096, #4043, .T. ) ;
#1141 = EDGE_LOOP ( 'NONE', ( #2348, #3211, #2144, #3016 ) ) ;
#1142 = CARTESIAN_POINT ( 'NONE',  ( 1.600000000000000089, 32.46119753227376492, -37.73320069683507683 ) ) ;
#1143 = CARTESIAN_POINT ( 'NONE',  ( 0.000000000000000000, 18.29378863480039286, -45.61371985520053585 ) ) ;
#1144 = DIRECTION ( 'NONE',  ( 1.000000000000000000, 0.000000000000000000, -0.000000000000000000 ) ) ;
#1145 = AXIS2_PLACEMENT_3D ( 'NONE', #4224, #901, #15 ) ;
#1146 = ADVANCED_FACE ( 'NONE', ( #196 ), #1988, .F. ) ;
#1147 = EDGE_LOOP ( 'NONE', ( #2264, #5418, #232, #439 ) ) ;
#1148 = DIRECTION ( 'NONE',  ( -1.000000000000000000, 0.000000000000000000, 0.000000000000000000 ) ) ;
#1149 = DIRECTION ( 'NONE',  ( 0.000000000000000000, 0.000000000000000000, -1.000000000000000000 ) ) ;
#1150 = CARTESIAN_POINT ( 'NONE',  ( 0.000000000000000000, 32.36959893003978550, -28.59703674228804005 ) ) ;
#1151 = ORIENTED_EDGE ( 'NONE', *, *, #4249, .T. ) ;
#1152 = ORIENTED_EDGE ( 'NONE', *, *, #1419, .F. ) ;
#1153 = EDGE_CURVE ( 'NONE', #5266, #4128, #5697, .T. ) ;
#1154 = EDGE_CURVE ( 'NONE', #4613, #388, #3363, .T. ) ;
#1155 = DIRECTION ( 'NONE',  ( 0.000000000000000000, 0.000000000000000000, -1.000000000000000000 ) ) ;
#1156 =( NAMED_UNIT ( * ) SI_UNIT ( $, .STERADIAN. ) SOLID_ANGLE_UNIT ( ) );
#1157 = VERTEX_POINT ( 'NONE', #1596 ) ;
#1158 = EDGE_LOOP ( 'NONE', ( #5182, #4041, #3789, #1314 ) ) ;
#1159 = CARTESIAN_POINT ( 'NONE',  ( 1.600000000000000089, 32.42564719206935564, 23.40789333002508243 ) ) ;
#1160 = DIRECTION ( 'NONE',  ( 0.000000000000000000, 0.000000000000000000, -1.000000000000000000 ) ) ;
#1161 = CARTESIAN_POINT ( 'NONE',  ( 34.26858978976805759, 0.000000000000000000, 27.30665584262819578 ) ) ;
#1162 = DIRECTION ( 'NONE',  ( -1.000000000000000000, -0.000000000000000000, -0.000000000000000000 ) ) ;
#1163 = CARTESIAN_POINT ( 'NONE',  ( 0.000000000000000000, 22.80675116490829524, -47.55561542117987983 ) ) ;
#1164 = ORIENTED_EDGE ( 'NONE', *, *, #1705, .F. ) ;
#1165 = AXIS2_PLACEMENT_3D ( 'NONE', #5099, #2796, #4225 ) ;
#1166 = ORIENTED_EDGE ( 'NONE', *, *, #311, .T. ) ;
#1167 = CARTESIAN_POINT ( 'NONE',  ( 1.599999999999997202, 1.196450753133034008E-13, -27.58827604980266912 ) ) ;
#1168 = VECTOR ( 'NONE', #347, 1000.000000000000000 ) ;
#1169 = DIRECTION ( 'NONE',  ( -0.000000000000000000, -1.355252715606880543E-16, 1.000000000000000000 ) ) ;
#1170 = CARTESIAN_POINT ( 'NONE',  ( 1.600000000000000089, -0.1913071584336658304, -0.1662808105383099533 ) ) ;
#1171 = EDGE_LOOP ( 'NONE', ( #4226, #1538, #4026, #1591 ) ) ;
#1172 = CIRCLE ( 'NONE', #3508, 1.575000000000006839 ) ;
#1173 = DIRECTION ( 'NONE',  ( 0.000000000000000000, -0.8661031555185834119, 0.4998653058582406272 ) ) ;
#1174 = DIRECTION ( 'NONE',  ( 0.000000000000000000, -2.565210315677348556E-17, -1.000000000000000000 ) ) ;
#1175 = EDGE_CURVE ( 'NONE', #4586, #462, #3453, .T. ) ;
#1176 = CARTESIAN_POINT ( 'NONE',  ( 1.600000000000000089, 8.392566107048217816, 95.92746955793866448 ) ) ;
#1177 = ORIENTED_EDGE ( 'NONE', *, *, #1780, .F. ) ;
#1178 = AXIS2_PLACEMENT_3D ( 'NONE', #2997, #4338, #593 ) ;
#1179 = ORIENTED_EDGE ( 'NONE', *, *, #4168, .F. ) ;
#1180 = VECTOR ( 'NONE', #1704, 1000.000000000000000 ) ;
#1181 = CARTESIAN_POINT ( 'NONE',  ( 0.000000000000000000, 11.84999999999999964, 80.63166357475853374 ) ) ;
#1182 = EDGE_CURVE ( 'NONE', #416, #3329, #1541, .T. ) ;
#1183 = VECTOR ( 'NONE', #3271, 1000.000000000000000 ) ;
#1184 = EDGE_LOOP ( 'NONE', ( #898, #2377, #1164, #5025 ) ) ;
#1185 = EDGE_CURVE ( 'NONE', #1299, #5397, #3395, .T. ) ;
#1186 = EDGE_LOOP ( 'NONE', ( #2775, #937, #5240, #4985 ) ) ;
#1187 = DIRECTION ( 'NONE',  ( 1.000000000000000000, -0.000000000000000000, -0.000000000000000000 ) ) ;
#1188 = DIRECTION ( 'NONE',  ( -1.000000000000000000, -0.000000000000000000, -0.000000000000000000 ) ) ;
#1189 = DIRECTION ( 'NONE',  ( 0.000000000000000000, 0.000000000000000000, 1.000000000000000000 ) ) ;
#1190 = AXIS2_PLACEMENT_3D ( 'NONE', #4403, #3064, #1173 ) ;
#1191 = DIRECTION ( 'NONE',  ( 0.000000000000000000, 0.000000000000000000, 1.000000000000000000 ) ) ;
#1192 = LINE ( 'NONE', #3052, #5501 ) ;
#1193 = ORIENTED_EDGE ( 'NONE', *, *, #744, .F. ) ;
#1194 = VECTOR ( 'NONE', #2790, 1000.000000000000000 ) ;
#1195 = ORIENTED_EDGE ( 'NONE', *, *, #4435, .F. ) ;
#1196 = ORIENTED_EDGE ( 'NONE', *, *, #5314, .T. ) ;
#1197 = CARTESIAN_POINT ( 'NONE',  ( 0.000000000000000000, 41.99999999999998579, 87.48921303800383953 ) ) ;
#1198 = DIRECTION ( 'NONE',  ( 0.000000000000000000, 0.000000000000000000, 1.000000000000000000 ) ) ;
#1199 = DIRECTION ( 'NONE',  ( 1.000000000000000000, -0.000000000000000000, -0.000000000000000000 ) ) ;
#1200 = CARTESIAN_POINT ( 'NONE',  ( 1.600000000000000089, 16.46673111281022628, 93.37062347518292427 ) ) ;
#1201 = VECTOR ( 'NONE', #1876, 1000.000000000000114 ) ;
#1202 = EDGE_CURVE ( 'NONE', #3727, #4522, #5726, .T. ) ;
#1203 = ORIENTED_EDGE ( 'NONE', *, *, #5898, .T. ) ;
#1204 = LINE ( 'NONE', #3010, #4778 ) ;
#1205 = FACE_OUTER_BOUND ( 'NONE', #1292, .T. ) ;
#1206 = CIRCLE ( 'NONE', #2670, 0.6000000000000033085 ) ;
#1207 = DIRECTION ( 'NONE',  ( 1.000000000000000000, -0.000000000000000000, 0.000000000000000000 ) ) ;
#1208 = EDGE_CURVE ( 'NONE', #2705, #1014, #2588, .T. ) ;
#1209 = VERTEX_POINT ( 'NONE', #1136 ) ;
#1210 =( GEOMETRIC_REPRESENTATION_CONTEXT ( 3 ) GLOBAL_UNCERTAINTY_ASSIGNED_CONTEXT ( ( #1608 ) ) GLOBAL_UNIT_ASSIGNED_CONTEXT ( ( #3324, #1010, #1503 ) ) REPRESENTATION_CONTEXT ( 'NONE', 'WORKASPACE' ) );
#1211 = ORIENTED_EDGE ( 'NONE', *, *, #1703, .F. ) ;
#1212 = CARTESIAN_POINT ( 'NONE',  ( 1.600000000000000089, 42.00000000000000000, 6.984204920241143807E-15 ) ) ;
#1213 = AXIS2_PLACEMENT_3D ( 'NONE', #3682, #490, #1815 ) ;
#1214 = EDGE_LOOP ( 'NONE', ( #859, #849, #4241, #2145 ) ) ;
#1215 = ORIENTED_EDGE ( 'NONE', *, *, #3969, .T. ) ;
#1216 = LINE ( 'NONE', #5465, #1854 ) ;
#1217 = CARTESIAN_POINT ( 'NONE',  ( 0.000000000000000000, 32.79724476520794241, 42.41172395019733443 ) ) ;
#1218 = DIRECTION ( 'NONE',  ( 0.000000000000000000, 0.000000000000000000, 1.000000000000000000 ) ) ;
#1219 = EDGE_CURVE ( 'NONE', #4505, #1252, #3986, .T. ) ;
#1220 = DIRECTION ( 'NONE',  ( -1.000000000000000000, -0.000000000000000000, -0.000000000000000000 ) ) ;
#1221 = FACE_OUTER_BOUND ( 'NONE', #4614, .T. ) ;
#1222 = ORIENTED_EDGE ( 'NONE', *, *, #3843, .T. ) ;
#1223 = VECTOR ( 'NONE', #792, 999.9999999999998863 ) ;
#1224 = ORIENTED_EDGE ( 'NONE', *, *, #109, .F. ) ;
#1225 = ORIENTED_EDGE ( 'NONE', *, *, #5094, .T. ) ;
#1226 = CARTESIAN_POINT ( 'NONE',  ( 1.600000000000000089, 27.26595800258174052, -49.47062371036176387 ) ) ;
#1227 = EDGE_CURVE ( 'NONE', #3617, #5212, #4847, .T. ) ;
#1228 = EDGE_CURVE ( 'NONE', #2782, #5226, #4915, .T. ) ;
#1229 = CARTESIAN_POINT ( 'NONE',  ( 0.000000000000000000, 32.79724476520733134, 3.611723950197327948 ) ) ;
#1230 = PLANE ( 'NONE',  #4488 ) ;
#1231 = CARTESIAN_POINT ( 'NONE',  ( 1.600000000000000089, 21.56647773738793816, 35.01172395019732875 ) ) ;
#1232 = EDGE_LOOP ( 'NONE', ( #3082, #1195, #1662, #4066 ) ) ;
#1233 = DIRECTION ( 'NONE',  ( 0.000000000000000000, -1.000000000000000000, 0.000000000000000000 ) ) ;
#1234 = LINE ( 'NONE', #5848, #331 ) ;
#1235 = VECTOR ( 'NONE', #1102, 1000.000000000000000 ) ;
#1236 = CARTESIAN_POINT ( 'NONE',  ( 1.600000000000000089, 30.77889837679251528, 52.18782303389356514 ) ) ;
#1237 = AXIS2_PLACEMENT_3D ( 'NONE', #3867, #5281, #1518 ) ;
#1238 = EDGE_CURVE ( 'NONE', #3262, #756, #734, .T. ) ;
#1239 = AXIS2_PLACEMENT_3D ( 'NONE', #1860, #408, #4599 ) ;
#1240 = ORIENTED_EDGE ( 'NONE', *, *, #1369, .T. ) ;
#1241 = EDGE_LOOP ( 'NONE', ( #1222, #1374 ) ) ;
#1242 = DIRECTION ( 'NONE',  ( 0.000000000000000000, 0.6243732174915230804, -0.7811261647642353534 ) ) ;
#1243 = EDGE_LOOP ( 'NONE', ( #732, #3193, #2572, #3957 ) ) ;
#1244 = ORIENTED_EDGE ( 'NONE', *, *, #5449, .F. ) ;
#1245 = DIRECTION ( 'NONE',  ( -1.000000000000000000, -0.000000000000000000, -0.000000000000000000 ) ) ;
#1246 = DIRECTION ( 'NONE',  ( -1.000000000000000000, 0.000000000000000000, 0.000000000000000000 ) ) ;
#1247 = LINE ( 'NONE', #1308, #1304 ) ;
#1248 = CARTESIAN_POINT ( 'NONE',  ( 0.000000000000000000, 30.50000000000000000, 69.00000000000000000 ) ) ;
#1249 = CARTESIAN_POINT ( 'NONE',  ( 1.600000000000000089, 20.79724476520794241, 15.61172395019732839 ) ) ;
#1250 = ORIENTED_EDGE ( 'NONE', *, *, #5344, .F. ) ;
#1251 = ADVANCED_FACE ( 'NONE', ( #5829 ), #4020, .F. ) ;
#1252 = VERTEX_POINT ( 'NONE', #2070 ) ;
#1253 = VERTEX_POINT ( 'NONE', #3536 ) ;
#1254 = DIRECTION ( 'NONE',  ( 0.000000000000000000, 0.000000000000000000, -1.000000000000000000 ) ) ;
#1255 = DIRECTION ( 'NONE',  ( -1.000000000000000000, -0.000000000000000000, -0.000000000000000000 ) ) ;
#1256 = CARTESIAN_POINT ( 'NONE',  ( 1.600000000000000089, 21.87069162429847324, 1.652937762254314435 ) ) ;
#1257 = DIRECTION ( 'NONE',  ( 1.000000000000000000, -0.000000000000000000, 0.000000000000000000 ) ) ;
#1258 = AXIS2_PLACEMENT_3D ( 'NONE', #1719, #4520, #3122 ) ;
#1259 = ADVANCED_FACE ( 'NONE', ( #4386 ), #5382, .F. ) ;
#1260 = ADVANCED_FACE ( 'NONE', ( #1277 ), #2099, .F. ) ;
#1261 = ADVANCED_FACE ( 'NONE', ( #224 ), #706, .T. ) ;
#1262 = ORIENTED_EDGE ( 'NONE', *, *, #2368, .F. ) ;
#1263 = AXIS2_PLACEMENT_3D ( 'NONE', #2135, #2255, #5924 ) ;
#1264 = PLANE ( 'NONE',  #3236 ) ;
#1265 = DIRECTION ( 'NONE',  ( 0.000000000000000000, 0.7071067811865480168, 0.7071067811865470176 ) ) ;
#1266 = DIRECTION ( 'NONE',  ( -0.000000000000000000, 0.8115739819650132914, 0.5842496656374329689 ) ) ;
#1267 = AXIS2_PLACEMENT_3D ( 'NONE', #4726, #2066, #3931 ) ;
#1268 = VERTEX_POINT ( 'NONE', #1701 ) ;
#1269 = ORIENTED_EDGE ( 'NONE', *, *, #2479, .T. ) ;
#1270 = EDGE_CURVE ( 'NONE', #2010, #259, #5860, .T. ) ;
#1271 = DIRECTION ( 'NONE',  ( 0.000000000000000000, 1.000000000000000000, 4.336808689942016158E-15 ) ) ;
#1272 = VERTEX_POINT ( 'NONE', #339 ) ;
#1273 = VECTOR ( 'NONE', #733, 1000.000000000000000 ) ;
#1274 = ORIENTED_EDGE ( 'NONE', *, *, #3722, .F. ) ;
#1275 = CARTESIAN_POINT ( 'NONE',  ( 1.599999999999997202, -1.599999999999999645, -35.58827604980267978 ) ) ;
#1276 = ADVANCED_FACE ( 'NONE', ( #3588 ), #3562, .F. ) ;
#1277 = FACE_OUTER_BOUND ( 'NONE', #2177, .T. ) ;
#1278 = CARTESIAN_POINT ( 'NONE',  ( 1.600000000000000089, 12.12889837679251848, 53.81948660865214862 ) ) ;
#1279 = LINE ( 'NONE', #5953, #1667 ) ;
#1280 = LINE ( 'NONE', #4418, #5986 ) ;
#1281 = ORIENTED_EDGE ( 'NONE', *, *, #2494, .T. ) ;
#1282 = EDGE_CURVE ( 'NONE', #4619, #4506, #4824, .T. ) ;
#1283 = EDGE_CURVE ( 'NONE', #638, #4596, #2185, .T. ) ;
#1284 = ORIENTED_EDGE ( 'NONE', *, *, #5403, .T. ) ;
#1285 = ORIENTED_EDGE ( 'NONE', *, *, #4903, .T. ) ;
#1286 = DIRECTION ( 'NONE',  ( 0.000000000000000000, 0.8115739819650136244, 0.5842496656374325248 ) ) ;
#1287 = DIRECTION ( 'NONE',  ( -1.000000000000000000, -0.000000000000000000, -0.000000000000000000 ) ) ;
#1288 = VECTOR ( 'NONE', #4634, 1000.000000000000000 ) ;
#1289 = CARTESIAN_POINT ( 'NONE',  ( 0.000000000000000000, 8.797244765207388184, 3.611723950197931465 ) ) ;
#1290 = CARTESIAN_POINT ( 'NONE',  ( 0.000000000000000000, 21.56647773738793816, 35.01172395019732875 ) ) ;
#1291 = VECTOR ( 'NONE', #459, 1000.000000000000114 ) ;
#1292 = EDGE_LOOP ( 'NONE', ( #1625, #1847, #3187, #3170 ) ) ;
#1293 = DIRECTION ( 'NONE',  ( 0.000000000000000000, 0.8661031555185834119, -0.4998653058582405717 ) ) ;
#1294 = DIRECTION ( 'NONE',  ( 0.000000000000000000, -0.1882073904574437795, -0.9821293082772752925 ) ) ;
#1295 = EDGE_CURVE ( 'NONE', #5692, #589, #4060, .T. ) ;
#1297 = ADVANCED_FACE ( 'NONE', ( #4415 ), #3962, .T. ) ;
#1296 = CARTESIAN_POINT ( 'NONE',  ( 1.600000000000000089, 30.22110162320748117, 75.81217696610640644 ) ) ;
#1298 = ORIENTED_EDGE ( 'NONE', *, *, #841, .T. ) ;
#1299 = VERTEX_POINT ( 'NONE', #3503 ) ;
#1300 = LINE ( 'NONE', #6005, #5947 ) ;
#1301 = VECTOR ( 'NONE', #1555, 1000.000000000000000 ) ;
#1302 = DIRECTION ( 'NONE',  ( -1.000000000000000000, -0.000000000000000000, -0.000000000000000000 ) ) ;
#1303 = EDGE_LOOP ( 'NONE', ( #5520, #5237, #3838, #798 ) ) ;
#1304 = VECTOR ( 'NONE', #5467, 1000.000000000000000 ) ;
#1305 = ORIENTED_EDGE ( 'NONE', *, *, #5313, .T. ) ;
#1306 = CARTESIAN_POINT ( 'NONE',  ( 1.600000000000000089, 4.088077000000003736, 62.03672395019731312 ) ) ;
#1307 = CARTESIAN_POINT ( 'NONE',  ( 0.000000000000000000, 6.832769396141102902, 14.61501553409683041 ) ) ;
#1308 = CARTESIAN_POINT ( 'NONE',  ( 1.600000000000000089, 17.44704837321079438, 91.04455201580699963 ) ) ;
#1309 = COLOUR_RGB ( '',1.000000000000000000, 1.000000000000000000, 1.000000000000000000 ) ;
#1310 = CARTESIAN_POINT ( 'NONE',  ( 0.000000000000000000, 16.13811929073951745, -40.28203005503669942 ) ) ;
#1311 = DIRECTION ( 'NONE',  ( 0.000000000000000000, -0.08715574274766113572, -0.9961946980917453232 ) ) ;
#1312 = ORIENTED_EDGE ( 'NONE', *, *, #1202, .F. ) ;
#1313 = EDGE_CURVE ( 'NONE', #2254, #4227, #279, .T. ) ;
#1314 = ORIENTED_EDGE ( 'NONE', *, *, #5284, .T. ) ;
#1315 = ORIENTED_EDGE ( 'NONE', *, *, #3450, .F. ) ;
#1316 = DIRECTION ( 'NONE',  ( 1.000000000000000000, -0.000000000000000000, 0.000000000000000000 ) ) ;
#1317 = DIRECTION ( 'NONE',  ( 0.000000000000000000, 0.6560141633023962582, -0.7547485790292399743 ) ) ;
#1318 = CARTESIAN_POINT ( 'NONE',  ( 1.600000000000000089, 15.29260265095050109, 2.739314882973610477 ) ) ;
#1319 = DIRECTION ( 'NONE',  ( 0.000000000000000000, 0.000000000000000000, 1.000000000000000000 ) ) ;
#1320 = PLANE ( 'NONE',  #3669 ) ;
#1321 = ORIENTED_EDGE ( 'NONE', *, *, #2404, .F. ) ;
#1322 = FACE_OUTER_BOUND ( 'NONE', #2161, .T. ) ;
#1323 = CARTESIAN_POINT ( 'NONE',  ( 1.599999999999997202, 0.000000000000000000, -24.69334415737179711 ) ) ;
#1324 = DIRECTION ( 'NONE',  ( 1.000000000000000000, -0.000000000000000000, 0.000000000000000000 ) ) ;
#1325 = CARTESIAN_POINT ( 'NONE',  ( 0.000000000000000000, 31.54108513814858483, 24.58779737017171385 ) ) ;
#1326 = ORIENTED_EDGE ( 'NONE', *, *, #3155, .T. ) ;
#1327 = VECTOR ( 'NONE', #4571, 1000.000000000000000 ) ;
#1328 = ORIENTED_EDGE ( 'NONE', *, *, #36, .T. ) ;
#1329 = ORIENTED_EDGE ( 'NONE', *, *, #1706, .F. ) ;
#1330 = DIRECTION ( 'NONE',  ( 0.000000000000000000, -0.6560141633023947039, 0.7547485790292413066 ) ) ;
#1331 = VECTOR ( 'NONE', #3970, 1000.000000000000000 ) ;
#1332 = CYLINDRICAL_SURFACE ( 'NONE', #3261, 0.4999999999999865663 ) ;
#1333 = AXIS2_PLACEMENT_3D ( 'NONE', #2825, #5098, #2794 ) ;
#1334 = ORIENTED_EDGE ( 'NONE', *, *, #4712, .T. ) ;
#1335 = EDGE_CURVE ( 'NONE', #866, #4552, #2499, .T. ) ;
#1336 = ADVANCED_FACE ( 'NONE', ( #5917 ), #2215, .F. ) ;
#1337 = ORIENTED_EDGE ( 'NONE', *, *, #2148, .T. ) ;
#1338 = DIRECTION ( 'NONE',  ( 0.000000000000000000, -8.673617379884032317E-15, 1.000000000000000000 ) ) ;
#1339 = CARTESIAN_POINT ( 'NONE',  ( 0.000000000000000000, 32.36959893003879785, -15.59703674228803827 ) ) ;
#1340 = FACE_OUTER_BOUND ( 'NONE', #2724, .T. ) ;
#1341 = DIRECTION ( 'NONE',  ( 0.000000000000000000, 0.000000000000000000, -1.000000000000000000 ) ) ;
#1342 = DIRECTION ( 'NONE',  ( 0.000000000000000000, 0.9961946980917452121, -0.08715574274766259288 ) ) ;
#1343 = VERTEX_POINT ( 'NONE', #3656 ) ;
#1344 = EDGE_LOOP ( 'NONE', ( #1694, #1794, #3321, #905 ) ) ;
#1345 = ORIENTED_EDGE ( 'NONE', *, *, #2248, .F. ) ;
#1346 = CARTESIAN_POINT ( 'NONE',  ( 0.000000000000000000, 32.79724476520794241, 42.41172395019733443 ) ) ;
#1347 = CARTESIAN_POINT ( 'NONE',  ( 0.000000000000000000, -10.55424882216580862, -9.173567069531600282 ) ) ;
#1348 = DIRECTION ( 'NONE',  ( 0.000000000000000000, 0.000000000000000000, -1.000000000000000000 ) ) ;
#1349 = CARTESIAN_POINT ( 'NONE',  ( 1.600000000000000089, 41.99999999999999289, 57.30665584262819578 ) ) ;
#1350 = CARTESIAN_POINT ( 'NONE',  ( 0.000000000000000000, 29.72527329571467547, 28.76172395019732875 ) ) ;
#1351 = ORIENTED_EDGE ( 'NONE', *, *, #2206, .T. ) ;
#1352 = CARTESIAN_POINT ( 'NONE',  ( 0.000000000000000000, -0.000000000000000000, -35.58827604980267978 ) ) ;
#1353 = LINE ( 'NONE', #2267, #3960 ) ;
#1354 = LINE ( 'NONE', #1836, #3898 ) ;
#1355 = EDGE_LOOP ( 'NONE', ( #2982, #2095 ) ) ;
#1356 = AXIS2_PLACEMENT_3D ( 'NONE', #5036, #1207, #2611 ) ;
#1357 = EDGE_LOOP ( 'NONE', ( #1179, #2221, #1579, #1764 ) ) ;
#1358 = EDGE_CURVE ( 'NONE', #297, #1735, #739, .T. ) ;
#1359 = ORIENTED_EDGE ( 'NONE', *, *, #5729, .F. ) ;
#1360 = CARTESIAN_POINT ( 'NONE',  ( 0.000000000000000000, -0.1913071584336658304, -0.1662808105383099533 ) ) ;
#1361 = CARTESIAN_POINT ( 'NONE',  ( 1.599999999999997202, -2.706677067814780187E-13, 62.41172395019732733 ) ) ;
#1362 = ORIENTED_EDGE ( 'NONE', *, *, #5420, .F. ) ;
#1363 = ORIENTED_EDGE ( 'NONE', *, *, #3103, .T. ) ;
#1364 = ORIENTED_EDGE ( 'NONE', *, *, #2773, .F. ) ;
#1365 = LINE ( 'NONE', #2280, #3767 ) ;
#1366 = FACE_OUTER_BOUND ( 'NONE', #1147, .T. ) ;
#1367 = EDGE_CURVE ( 'NONE', #1253, #2550, #1365, .T. ) ;
#1368 = DIRECTION ( 'NONE',  ( 1.000000000000000000, -0.000000000000000000, -0.000000000000000000 ) ) ;
#1369 = EDGE_CURVE ( 'NONE', #5358, #731, #4525, .T. ) ;
#1370 = CYLINDRICAL_SURFACE ( 'NONE', #5708, 1.024999999999998135 ) ;
#1371 = ORIENTED_EDGE ( 'NONE', *, *, #3462, .F. ) ;
#1372 = VECTOR ( 'NONE', #1911, 1000.000000000000000 ) ;
#1373 = ORIENTED_EDGE ( 'NONE', *, *, #192, .F. ) ;
#1374 = ORIENTED_EDGE ( 'NONE', *, *, #1516, .T. ) ;
#1375 = FACE_OUTER_BOUND ( 'NONE', #2616, .T. ) ;
#1376 = DIRECTION ( 'NONE',  ( 1.000000000000000000, 0.000000000000000000, 0.000000000000000000 ) ) ;
#1377 = VECTOR ( 'NONE', #3423, 1000.000000000000114 ) ;
#1378 = FACE_OUTER_BOUND ( 'NONE', #3171, .T. ) ;
#1379 = LINE ( 'NONE', #4666, #1288 ) ;
#1380 = PLANE ( 'NONE',  #4736 ) ;
#1381 = AXIS2_PLACEMENT_3D ( 'NONE', #1887, #4207, #3756 ) ;
#1382 = ORIENTED_EDGE ( 'NONE', *, *, #2093, .F. ) ;
#1383 = DIRECTION ( 'NONE',  ( 0.000000000000000000, 0.6560141633023975904, -0.7547485790292389751 ) ) ;
#1384 = AXIS2_PLACEMENT_3D ( 'NONE', #3829, #3862, #4341 ) ;
#1385 = CARTESIAN_POINT ( 'NONE',  ( 34.26858978976805759, -1.600000000000837419, 84.41172395019731312 ) ) ;
#1386 = AXIS2_PLACEMENT_3D ( 'NONE', #3974, #5792, #3489 ) ;
#1387 = DIRECTION ( 'NONE',  ( 0.000000000000000000, -0.7811261647642347983, -0.6243732174915235245 ) ) ;
#1388 = VECTOR ( 'NONE', #3908, 1000.000000000000000 ) ;
#1389 = ORIENTED_EDGE ( 'NONE', *, *, #2417, .F. ) ;
#1390 = CIRCLE ( 'NONE', #3441, 13.99999999999999822 ) ;
#1391 = EDGE_CURVE ( 'NONE', #21, #5879, #1819, .T. ) ;
#1392 = ORIENTED_EDGE ( 'NONE', *, *, #5089, .T. ) ;
#1393 = ORIENTED_EDGE ( 'NONE', *, *, #763, .T. ) ;
#1394 = CARTESIAN_POINT ( 'NONE',  ( 0.000000000000000000, 32.52027907565422993, 89.25569040515868835 ) ) ;
#1395 = CARTESIAN_POINT ( 'NONE',  ( 1.600000000000000089, 6.088077000000001071, 70.78672395019731312 ) ) ;
#1396 = FACE_OUTER_BOUND ( 'NONE', #248, .T. ) ;
#1397 = EDGE_CURVE ( 'NONE', #3054, #1272, #824, .T. ) ;
#1398 = ORIENTED_EDGE ( 'NONE', *, *, #3445, .T. ) ;
#1399 = ORIENTED_EDGE ( 'NONE', *, *, #3103, .F. ) ;
#1400 = VECTOR ( 'NONE', #640, 1000.000000000000000 ) ;
#1401 = VERTEX_POINT ( 'NONE', #3687 ) ;
#1402 = LINE ( 'NONE', #4143, #1696 ) ;
#1403 = DIRECTION ( 'NONE',  ( 1.000000000000000000, 0.000000000000000000, 0.000000000000000000 ) ) ;
#1404 = CARTESIAN_POINT ( 'NONE',  ( 0.000000000000000000, 30.50000000000000000, 49.00000000000000000 ) ) ;
#1405 = CIRCLE ( 'NONE', #1690, 13.99999999999999822 ) ;
#1406 =( LENGTH_UNIT ( ) NAMED_UNIT ( * ) SI_UNIT ( .MILLI., .METRE. ) );
#1407 = LINE ( 'NONE', #3659, #1104 ) ;
#1408 = ORIENTED_EDGE ( 'NONE', *, *, #3622, .F. ) ;
#1409 = ADVANCED_FACE ( 'NONE', ( #464 ), #2810, .F. ) ;
#1410 = VERTEX_POINT ( 'NONE', #3226 ) ;
#1411 = ORIENTED_EDGE ( 'NONE', *, *, #1472, .F. ) ;
#1412 = DIRECTION ( 'NONE',  ( 0.000000000000000000, 0.000000000000000000, -1.000000000000000000 ) ) ;
#1413 = LINE ( 'NONE', #891, #1055 ) ;
#1414 = FACE_OUTER_BOUND ( 'NONE', #784, .T. ) ;
#1415 = VECTOR ( 'NONE', #32, 1000.000000000000000 ) ;
#1416 = CARTESIAN_POINT ( 'NONE',  ( 0.000000000000000000, 12.12889837679251848, 53.81948660865214862 ) ) ;
#1417 = FACE_OUTER_BOUND ( 'NONE', #3447, .T. ) ;
#1418 = EDGE_CURVE ( 'NONE', #4054, #5536, #257, .T. ) ;
#1419 = EDGE_CURVE ( 'NONE', #5835, #4227, #913, .T. ) ;
#1420 = DIRECTION ( 'NONE',  ( -1.000000000000000000, -0.000000000000000000, -0.000000000000000000 ) ) ;
#1421 = PLANE ( 'NONE',  #179 ) ;
#1422 = DIRECTION ( 'NONE',  ( 1.000000000000000000, -0.000000000000000000, -0.000000000000000000 ) ) ;
#1423 = ORIENTED_EDGE ( 'NONE', *, *, #2879, .T. ) ;
#1424 = ORIENTED_EDGE ( 'NONE', *, *, #2079, .F. ) ;
#1425 = ORIENTED_EDGE ( 'NONE', *, *, #189, .T. ) ;
#1426 = CARTESIAN_POINT ( 'NONE',  ( 0.000000000000000000, 34.75603095315095459, 14.53827709110678335 ) ) ;
#1427 = CARTESIAN_POINT ( 'NONE',  ( 0.000000000000000000, 18.67813011214031249, 95.02759930952281309 ) ) ;
#1428 = EDGE_CURVE ( 'NONE', #85, #3613, #3194, .T. ) ;
#1429 = CARTESIAN_POINT ( 'NONE',  ( 0.000000000000000000, 36.99999999999959499, 39.81172395019733301 ) ) ;
#1430 = EDGE_LOOP ( 'NONE', ( #3813, #3300, #4588, #3191 ) ) ;
#1431 = ORIENTED_EDGE ( 'NONE', *, *, #3317, .T. ) ;
#1432 = FACE_BOUND ( 'NONE', #3740, .T. ) ;
#1433 = DIRECTION ( 'NONE',  ( -1.000000000000000000, 0.000000000000000000, 0.000000000000000000 ) ) ;
#1434 = VECTOR ( 'NONE', #1993, 1000.000000000000000 ) ;
#1435 = FACE_OUTER_BOUND ( 'NONE', #5586, .T. ) ;
#1436 = VECTOR ( 'NONE', #4968, 1000.000000000000000 ) ;
#1437 = VERTEX_POINT ( 'NONE', #2742 ) ;
#1438 = VECTOR ( 'NONE', #5357, 1000.000000000000227 ) ;
#1439 = CIRCLE ( 'NONE', #1145, 1.025000000000005018 ) ;
#1440 = VERTEX_POINT ( 'NONE', #432 ) ;
#1441 = ORIENTED_EDGE ( 'NONE', *, *, #34, .T. ) ;
#1442 = EDGE_CURVE ( 'NONE', #3993, #5434, #4174, .T. ) ;
#1443 = CARTESIAN_POINT ( 'NONE',  ( 0.000000000000000000, 6.832769396141102902, 14.61501553409683041 ) ) ;
#1444 = DIRECTION ( 'NONE',  ( -1.000000000000000000, -0.000000000000000000, -0.000000000000000000 ) ) ;
#1445 = CARTESIAN_POINT ( 'NONE',  ( 0.000000000000000000, 11.82117134523359603, 4.867883577256652217 ) ) ;
#1446 = DIRECTION ( 'NONE',  ( 1.000000000000000000, -0.000000000000000000, -0.000000000000000000 ) ) ;
#1447 = CARTESIAN_POINT ( 'NONE',  ( 0.000000000000000000, 29.79228897731056591, -46.96656259739551587 ) ) ;
#1448 = DIRECTION ( 'NONE',  ( 0.000000000000000000, -1.000000000000000000, -4.336808689942016158E-15 ) ) ;
#1449 = DIRECTION ( 'NONE',  ( -1.000000000000000000, -0.000000000000000000, -0.000000000000000000 ) ) ;
#1450 = CARTESIAN_POINT ( 'NONE',  ( 0.000000000000000000, 34.21728252783368873, 19.59952866578946384 ) ) ;
#1451 = EDGE_CURVE ( 'NONE', #2646, #5391, #5693, .T. ) ;
#1452 = CARTESIAN_POINT ( 'NONE',  ( 0.000000000000000000, 32.79724476520794241, 43.98672395019734438 ) ) ;
#1453 = EDGE_CURVE ( 'NONE', #290, #3361, #3205, .T. ) ;
#1454 = ORIENTED_EDGE ( 'NONE', *, *, #435, .F. ) ;
#1455 = EDGE_CURVE ( 'NONE', #851, #5695, #1402, .T. ) ;
#1456 = ORIENTED_EDGE ( 'NONE', *, *, #1006, .T. ) ;
#1457 = EDGE_LOOP ( 'NONE', ( #5694, #4137, #1825, #814 ) ) ;
#1458 = CARTESIAN_POINT ( 'NONE',  ( 0.000000000000000000, -0.000000000000000000, 0.000000000000000000 ) ) ;
#1459 = CYLINDRICAL_SURFACE ( 'NONE', #3739, 14.00000000000000178 ) ;
#1460 = CARTESIAN_POINT ( 'NONE',  ( 0.000000000000000000, 9.168842338346538057, 7.815554570369580567 ) ) ;
#1461 = VECTOR ( 'NONE', #1387, 1000.000000000000114 ) ;
#1462 = DIRECTION ( 'NONE',  ( -1.000000000000000000, -0.000000000000000000, -0.000000000000000000 ) ) ;
#1463 = VERTEX_POINT ( 'NONE', #946 ) ;
#1464 = EDGE_LOOP ( 'NONE', ( #3979, #3003, #3705, #4498 ) ) ;
#1465 = FACE_OUTER_BOUND ( 'NONE', #3549, .T. ) ;
#1466 = DIRECTION ( 'NONE',  ( 0.000000000000000000, 0.000000000000000000, -1.000000000000000000 ) ) ;
#1467 = AXIS2_PLACEMENT_3D ( 'NONE', #3736, #2859, #932 ) ;
#1468 = PRESENTATION_STYLE_ASSIGNMENT (( #400 ) ) ;
#1469 = LINE ( 'NONE', #4781, #3731 ) ;
#1470 = ORIENTED_EDGE ( 'NONE', *, *, #2479, .F. ) ;
#1471 = CIRCLE ( 'NONE', #980, 3.199999999999980638 ) ;
#1472 = EDGE_CURVE ( 'NONE', #1890, #5032, #2179, .T. ) ;
#1473 = ORIENTED_EDGE ( 'NONE', *, *, #2549, .F. ) ;
#1474 = ORIENTED_EDGE ( 'NONE', *, *, #4371, .T. ) ;
#1475 = LINE ( 'NONE', #41, #2645 ) ;
#1476 = LINE ( 'NONE', #2912, #4577 ) ;
#1477 = PLANE ( 'NONE',  #4127 ) ;
#1478 = CYLINDRICAL_SURFACE ( 'NONE', #2360, 0.6000000000000033085 ) ;
#1479 = CARTESIAN_POINT ( 'NONE',  ( 1.600000000000000089, 13.00107538538017415, 3.983321523335933367 ) ) ;
#1480 = CARTESIAN_POINT ( 'NONE',  ( 0.000000000000000000, 6.113077000000003203, 59.16172395019730601 ) ) ;
#1481 = EDGE_CURVE ( 'NONE', #4295, #1837, #4655, .T. ) ;
#1482 = EDGE_CURVE ( 'NONE', #4128, #3343, #3754, .T. ) ;
#1483 = VECTOR ( 'NONE', #3836, 1000.000000000000000 ) ;
#1484 = VECTOR ( 'NONE', #1162, 1000.000000000000000 ) ;
#1485 = FACE_OUTER_BOUND ( 'NONE', #1158, .T. ) ;
#1486 = CYLINDRICAL_SURFACE ( 'NONE', #3018, 3.200000000000001510 ) ;
#1487 = AXIS2_PLACEMENT_3D ( 'NONE', #5440, #5049, #855 ) ;
#1488 = ORIENTED_EDGE ( 'NONE', *, *, #3903, .F. ) ;
#1489 = VERTEX_POINT ( 'NONE', #2841 ) ;
#1490 = EDGE_CURVE ( 'NONE', #1253, #3727, #3906, .T. ) ;
#1491 = ORIENTED_EDGE ( 'NONE', *, *, #5573, .F. ) ;
#1492 = CARTESIAN_POINT ( 'NONE',  ( 1.600000000000000089, 0.000000000000000000, 0.000000000000000000 ) ) ;
#1493 = CARTESIAN_POINT ( 'NONE',  ( 1.599999999999997202, 0.000000000000000000, -32.69334415737180422 ) ) ;
#1494 = VECTOR ( 'NONE', #998, 1000.000000000000000 ) ;
#1495 = ADVANCED_FACE ( 'NONE', ( #2931, #1009, #4267, #4691, #1432, #3295, #1560, #1070, #1918, #2903, #4330, #585, #1037, #5179, #4722, #162, #65, #4751, #556, #2441, #528, #3413, #2011, #1502, #616, #188, #5145 ), #1532, .T. ) ;
#1496 = LINE ( 'NONE', #2869, #2373 ) ;
#1497 = AXIS2_PLACEMENT_3D ( 'NONE', #1714, #5812, #3636 ) ;
#1498 = CARTESIAN_POINT ( 'NONE',  ( 1.600000000000000089, 10.05340439226726623, 6.635650530222985566 ) ) ;
#1499 = VERTEX_POINT ( 'NONE', #4298 ) ;
#1500 = ORIENTED_EDGE ( 'NONE', *, *, #5123, .T. ) ;
#1501 = EDGE_CURVE ( 'NONE', #283, #3808, #3385, .T. ) ;
#1502 = FACE_OUTER_BOUND ( 'NONE', #40, .T. ) ;
#1503 =( NAMED_UNIT ( * ) SI_UNIT ( $, .STERADIAN. ) SOLID_ANGLE_UNIT ( ) );
#1504 = CARTESIAN_POINT ( 'NONE',  ( 1.600000000000000089, 33.87818812500693610, -39.36345762753823152 ) ) ;
#1505 = VERTEX_POINT ( 'NONE', #1098 ) ;
#1506 = VECTOR ( 'NONE', #1776, 1000.000000000000000 ) ;
#1507 = VERTEX_POINT ( 'NONE', #2385 ) ;
#1508 = VERTEX_POINT ( 'NONE', #126 ) ;
#1509 = CARTESIAN_POINT ( 'NONE',  ( 1.600000000000000089, 13.00107538538017415, 3.983321523335933367 ) ) ;
#1510 = DIRECTION ( 'NONE',  ( 1.000000000000000000, -0.000000000000000000, -0.000000000000000000 ) ) ;
#1511 = DIRECTION ( 'NONE',  ( 0.000000000000000000, -2.565210315677348556E-17, -1.000000000000000000 ) ) ;
#1512 = AXIS2_PLACEMENT_3D ( 'NONE', #433, #883, #3264 ) ;
#1513 = DIRECTION ( 'NONE',  ( -1.000000000000000000, -0.000000000000000000, -0.000000000000000000 ) ) ;
#1514 = DIRECTION ( 'NONE',  ( 0.000000000000000000, -0.08715574274766330065, -0.9961946980917451011 ) ) ;
#1515 = FACE_OUTER_BOUND ( 'NONE', #820, .T. ) ;
#1516 = EDGE_CURVE ( 'NONE', #851, #2990, #2579, .T. ) ;
#1517 = AXIS2_PLACEMENT_3D ( 'NONE', #5294, #3496, #275 ) ;
#1518 = DIRECTION ( 'NONE',  ( 0.000000000000000000, 0.000000000000000000, -1.000000000000000000 ) ) ;
#1519 = LINE ( 'NONE', #635, #2153 ) ;
#1520 = FACE_OUTER_BOUND ( 'NONE', #2994, .T. ) ;
#1521 = VERTEX_POINT ( 'NONE', #1947 ) ;
#1522 = ORIENTED_EDGE ( 'NONE', *, *, #2463, .T. ) ;
#1523 = VERTEX_POINT ( 'NONE', #2874 ) ;
#1524 = CARTESIAN_POINT ( 'NONE',  ( 0.000000000000000000, 30.77889837679251528, 72.18782303389357935 ) ) ;
#1525 = DIRECTION ( 'NONE',  ( -1.000000000000000000, 0.000000000000000000, -0.000000000000000000 ) ) ;
#1526 = DIRECTION ( 'NONE',  ( 1.000000000000000000, 0.000000000000000000, 0.000000000000000000 ) ) ;
#1527 = EDGE_CURVE ( 'NONE', #589, #5692, #4445, .T. ) ;
#1528 = VECTOR ( 'NONE', #4788, 1000.000000000000000 ) ;
#1529 = LINE ( 'NONE', #3381, #2351 ) ;
#1530 = ORIENTED_EDGE ( 'NONE', *, *, #3517, .T. ) ;
#1531 = EDGE_LOOP ( 'NONE', ( #6002, #2288, #5118, #3948 ) ) ;
#1532 = PLANE ( 'NONE',  #5775 ) ;
#1533 = DIRECTION ( 'NONE',  ( 0.000000000000000000, -0.7071067811865474617, 0.7071067811865476838 ) ) ;
#1534 = PLANE ( 'NONE',  #2959 ) ;
#1535 = ORIENTED_EDGE ( 'NONE', *, *, #1455, .T. ) ;
#1536 = ADVANCED_FACE ( 'NONE', ( #3815 ), #2036, .T. ) ;
#1537 = EDGE_CURVE ( 'NONE', #4039, #3044, #4514, .T. ) ;
#1538 = ORIENTED_EDGE ( 'NONE', *, *, #4281, .T. ) ;
#1539 = EDGE_LOOP ( 'NONE', ( #159, #5791, #3966, #2183 ) ) ;
#1540 = DIRECTION ( 'NONE',  ( -1.000000000000000000, 0.000000000000000000, 0.000000000000000000 ) ) ;
#1541 = LINE ( 'NONE', #4363, #3866 ) ;
#1542 = DIRECTION ( 'NONE',  ( -0.000000000000000000, 9.912705577010316921E-17, 1.000000000000000000 ) ) ;
#1543 = AXIS2_PLACEMENT_3D ( 'NONE', #5532, #4626, #5470 ) ;
#1544 = VECTOR ( 'NONE', #3834, 1000.000000000000000 ) ;
#1545 = LINE ( 'NONE', #198, #4000 ) ;
#1546 = DIRECTION ( 'NONE',  ( 1.000000000000000000, 0.000000000000000000, -0.000000000000000000 ) ) ;
#1547 = CARTESIAN_POINT ( 'NONE',  ( 0.000000000000000000, 17.84228389317043906, 93.10702356318948603 ) ) ;
#1548 = CIRCLE ( 'NONE', #4440, 3.199999999999997957 ) ;
#1549 = DIRECTION ( 'NONE',  ( 0.000000000000000000, 0.08715574274766259288, 0.9961946980917452121 ) ) ;
#1550 = LINE ( 'NONE', #3921, #4112 ) ;
#1551 = DIRECTION ( 'NONE',  ( 0.000000000000000000, 1.000000000000000000, 4.336808689942016158E-15 ) ) ;
#1552 = EDGE_LOOP ( 'NONE', ( #4302, #760, #5943, #953 ) ) ;
#1553 = ORIENTED_EDGE ( 'NONE', *, *, #5132, .T. ) ;
#1554 = DIRECTION ( 'NONE',  ( 0.000000000000000000, 2.565210315677348556E-17, 1.000000000000000000 ) ) ;
#1555 = DIRECTION ( 'NONE',  ( 0.000000000000000000, -1.000000000000000000, 0.000000000000000000 ) ) ;
#1556 = FACE_OUTER_BOUND ( 'NONE', #3301, .T. ) ;
#1557 = ADVANCED_FACE ( 'NONE', ( #1465 ), #3323, .F. ) ;
#1558 = EDGE_LOOP ( 'NONE', ( #2761, #3418 ) ) ;
#1559 = EDGE_LOOP ( 'NONE', ( #3224, #1068, #3568, #2462, #2598 ) ) ;
#1560 = FACE_BOUND ( 'NONE', #3910, .T. ) ;
#1561 = AXIS2_PLACEMENT_3D ( 'NONE', #4255, #82, #1936 ) ;
#1562 = DIRECTION ( 'NONE',  ( 0.000000000000000000, -1.662905933390748385E-16, 1.000000000000000000 ) ) ;
#1563 = ORIENTED_EDGE ( 'NONE', *, *, #4075, .T. ) ;
#1564 = ORIENTED_EDGE ( 'NONE', *, *, #599, .T. ) ;
#1566 = ORIENTED_EDGE ( 'NONE', *, *, #415, .T. ) ;
#1565 = AXIS2_PLACEMENT_3D ( 'NONE', #4833, #1612, #3469 ) ;
#1567 = CARTESIAN_POINT ( 'NONE',  ( 0.000000000000000000, 42.00000000000000711, -32.69334415737180422 ) ) ;
#1568 = EDGE_CURVE ( 'NONE', #3283, #3631, #1695, .T. ) ;
#1569 = CARTESIAN_POINT ( 'NONE',  ( 1.600000000000000089, 25.48239641025217139, -48.90572980140875359 ) ) ;
#1570 = CARTESIAN_POINT ( 'NONE',  ( 0.000000000000000000, 28.25022420910421772, -4.223258064669741074 ) ) ;
#1571 = EDGE_CURVE ( 'NONE', #1642, #1734, #758, .T. ) ;
#1572 = CYLINDRICAL_SURFACE ( 'NONE', #2146, 0.5999999999999998668 ) ;
#1573 = CARTESIAN_POINT ( 'NONE',  ( 0.000000000000000000, 32.79724476520794241, 27.61172395019732662 ) ) ;
#1574 = CARTESIAN_POINT ( 'NONE',  ( 0.000000000000000000, 32.36959893003879785, -15.59703674228803827 ) ) ;
#1575 = VECTOR ( 'NONE', #1977, 1000.000000000000000 ) ;
#1576 = DIRECTION ( 'NONE',  ( -1.000000000000000000, -0.000000000000000000, -0.000000000000000000 ) ) ;
#1577 = CARTESIAN_POINT ( 'NONE',  ( 1.600000000000000089, -1.375552780360354221, 0.2635999119934579471 ) ) ;
#1578 = VECTOR ( 'NONE', #278, 1000.000000000000000 ) ;
#1579 = ORIENTED_EDGE ( 'NONE', *, *, #2346, .T. ) ;
#1580 = DIRECTION ( 'NONE',  ( 0.000000000000000000, 0.000000000000000000, -1.000000000000000000 ) ) ;
#1581 = CARTESIAN_POINT ( 'NONE',  ( 1.599999999999997202, 0.000000000000000000, 5.306655842628200226 ) ) ;
#1582 = VECTOR ( 'NONE', #3456, 1000.000000000000000 ) ;
#1583 = CARTESIAN_POINT ( 'NONE',  ( 1.600000000000000089, 8.797244765207940631, 27.61172395019793058 ) ) ;
#1584 = EDGE_CURVE ( 'NONE', #1698, #1507, #1666, .T. ) ;
#1585 = VERTEX_POINT ( 'NONE', #4841 ) ;
#1586 = ORIENTED_EDGE ( 'NONE', *, *, #671, .F. ) ;
#1587 = CARTESIAN_POINT ( 'NONE',  ( 1.600000000000000089, 9.168842338346538057, 7.815554570369580567 ) ) ;
#1588 = CIRCLE ( 'NONE', #2860, 14.00000000000000178 ) ;
#1589 = EDGE_CURVE ( 'NONE', #3716, #4242, #54, .T. ) ;
#1590 = LINE ( 'NONE', #4240, #3438 ) ;
#1591 = ORIENTED_EDGE ( 'NONE', *, *, #3115, .F. ) ;
#1592 = AXIS2_PLACEMENT_3D ( 'NONE', #5987, #4693, #5920 ) ;
#1593 = VECTOR ( 'NONE', #3615, 1000.000000000000000 ) ;
#1594 = ORIENTED_EDGE ( 'NONE', *, *, #3976, .F. ) ;
#1595 = CARTESIAN_POINT ( 'NONE',  ( 1.600000000000000089, 30.22110162320747762, 65.81217696610642065 ) ) ;
#1596 = CARTESIAN_POINT ( 'NONE',  ( 0.000000000000000000, 1.017932644060996652E-15, 39.68222947802272671 ) ) ;
#1597 = DIRECTION ( 'NONE',  ( 0.000000000000000000, -2.565210315677348556E-17, -1.000000000000000000 ) ) ;
#1598 = CYLINDRICAL_SURFACE ( 'NONE', #4782, 14.00000000000000178 ) ;
#1599 = LINE ( 'NONE', #5670, #4055 ) ;
#1600 = ADVANCED_FACE ( 'NONE', ( #246 ), #5771, .T. ) ;
#1601 = VECTOR ( 'NONE', #5339, 1000.000000000000000 ) ;
#1602 = CARTESIAN_POINT ( 'NONE',  ( 0.000000000000000000, 26.30188687946534287, 28.48413301742105830 ) ) ;
#1603 = CARTESIAN_POINT ( 'NONE',  ( 0.000000000000000000, 20.79724476520794241, 15.61172395019732839 ) ) ;
#1604 = DIRECTION ( 'NONE',  ( 0.000000000000000000, 0.000000000000000000, 1.000000000000000000 ) ) ;
#1605 = VECTOR ( 'NONE', #4470, 1000.000000000000000 ) ;
#1606 = EDGE_CURVE ( 'NONE', #2211, #2416, #2063, .T. ) ;
#1607 = ADVANCED_FACE ( 'NONE', ( #217 ), #5346, .T. ) ;
#1608 = UNCERTAINTY_MEASURE_WITH_UNIT (LENGTH_MEASURE( 1.000000000000000082E-05 ), #3324, 'distance_accuracy_value', 'NONE');
#1609 = VERTEX_POINT ( 'NONE', #1616 ) ;
#1610 = CARTESIAN_POINT ( 'NONE',  ( 1.600000000000000089, 32.79724476520794241, 42.41172395019733443 ) ) ;
#1611 = LINE ( 'NONE', #3437, #1114 ) ;
#1612 = DIRECTION ( 'NONE',  ( -1.000000000000000000, 0.000000000000000000, -0.000000000000000000 ) ) ;
#1613 = AXIS2_PLACEMENT_3D ( 'NONE', #4648, #2703, #2771 ) ;
#1614 = ORIENTED_EDGE ( 'NONE', *, *, #3426, .T. ) ;
#1615 = EDGE_LOOP ( 'NONE', ( #5213, #2192, #5886, #4118, #5507, #3019, #2230 ) ) ;
#1616 = CARTESIAN_POINT ( 'NONE',  ( 1.600000000000000089, 18.99936978682280042, -4.336313675490764297 ) ) ;
#1617 = ORIENTED_EDGE ( 'NONE', *, *, #513, .F. ) ;
#1618 = VERTEX_POINT ( 'NONE', #3556 ) ;
#1619 = DIRECTION ( 'NONE',  ( 0.000000000000000000, 0.2877246076653729445, -0.9577131878301599066 ) ) ;
#1620 = DIRECTION ( 'NONE',  ( -1.000000000000000000, 0.000000000000000000, 0.000000000000000000 ) ) ;
#1621 = CARTESIAN_POINT ( 'NONE',  ( 0.000000000000000000, 21.56647773738793816, 35.01172395019732875 ) ) ;
#1622 = CARTESIAN_POINT ( 'NONE',  ( 1.600000000000000089, 42.00000000000000000, 20.88222947802272600 ) ) ;
#1623 = CARTESIAN_POINT ( 'NONE',  ( 0.000000000000000000, 0.000000000000000000, 54.41172395019732022 ) ) ;
#1624 = ORIENTED_EDGE ( 'NONE', *, *, #1084, .F. ) ;
#1625 = ORIENTED_EDGE ( 'NONE', *, *, #5313, .F. ) ;
#1626 = CIRCLE ( 'NONE', #5795, 3.199999999999994404 ) ;
#1627 = LINE ( 'NONE', #4424, #5407 ) ;
#1628 = FACE_OUTER_BOUND ( 'NONE', #3870, .T. ) ;
#1629 = CARTESIAN_POINT ( 'NONE',  ( 1.600000000000000089, 31.54108513814858483, 24.58779737017171385 ) ) ;
#1630 = VERTEX_POINT ( 'NONE', #1587 ) ;
#1631 = CARTESIAN_POINT ( 'NONE',  ( 0.000000000000000000, 12.39892143065993935, -35.08795657046060512 ) ) ;
#1632 = CARTESIAN_POINT ( 'NONE',  ( 1.600000000000000089, 32.79724476520733134, 3.611723950197327948 ) ) ;
#1633 = EDGE_CURVE ( 'NONE', #3586, #1463, #3473, .T. ) ;
#1634 = EDGE_CURVE ( 'NONE', #4572, #5807, #547, .T. ) ;
#1636 = EDGE_CURVE ( 'NONE', #1523, #872, #1130, .T. ) ;
#1635 = FACE_OUTER_BOUND ( 'NONE', #4163, .T. ) ;
#1637 = ORIENTED_EDGE ( 'NONE', *, *, #2447, .T. ) ;
#1638 = EDGE_LOOP ( 'NONE', ( #5644, #1670, #1530, #4750 ) ) ;
#1639 = DIRECTION ( 'NONE',  ( 0.000000000000000000, -0.9961946980917453232, 0.08715574274766112184 ) ) ;
#1640 = LINE ( 'NONE', #5347, #4094 ) ;
#1641 = EDGE_LOOP ( 'NONE', ( #363, #3823, #2967, #5625, #2612 ) ) ;
#1642 = VERTEX_POINT ( 'NONE', #2092 ) ;
#1643 = DIRECTION ( 'NONE',  ( 0.000000000000000000, 0.000000000000000000, 1.000000000000000000 ) ) ;
#1644 = DIRECTION ( 'NONE',  ( -1.000000000000000000, 0.000000000000000000, -0.000000000000000000 ) ) ;
#1645 = CYLINDRICAL_SURFACE ( 'NONE', #5292, 18.89112077116034172 ) ;
#1646 = DIRECTION ( 'NONE',  ( 0.000000000000000000, -0.7547485790292388641, -0.6560141633023974794 ) ) ;
#1647 = LINE ( 'NONE', #3989, #665 ) ;
#1648 = ORIENTED_EDGE ( 'NONE', *, *, #4495, .F. ) ;
#1649 = EDGE_CURVE ( 'NONE', #3693, #4293, #5376, .T. ) ;
#1650 = VECTOR ( 'NONE', #356, 1000.000000000000000 ) ;
#1651 = EDGE_LOOP ( 'NONE', ( #3648, #995, #3466, #1398, #5632 ) ) ;
#1652 = ORIENTED_EDGE ( 'NONE', *, *, #4435, .T. ) ;
#1653 = DIRECTION ( 'NONE',  ( 0.000000000000000000, 0.000000000000000000, 1.000000000000000000 ) ) ;
#1654 = EDGE_CURVE ( 'NONE', #5116, #4654, #4434, .T. ) ;
#1655 = LINE ( 'NONE', #5365, #4978 ) ;
#1656 = CARTESIAN_POINT ( 'NONE',  ( 1.600000000000000089, 42.00000000000000000, 20.88222947802272600 ) ) ;
#1657 = ORIENTED_EDGE ( 'NONE', *, *, #2376, .T. ) ;
#1658 = DIRECTION ( 'NONE',  ( -0.000000000000000000, 0.000000000000000000, -1.000000000000000000 ) ) ;
#1659 = DIRECTION ( 'NONE',  ( -1.000000000000000000, -0.000000000000000000, -0.000000000000000000 ) ) ;
#1660 = CARTESIAN_POINT ( 'NONE',  ( 1.600000000000000089, 8.797244765207388184, 3.611723950197931465 ) ) ;
#1661 = VECTOR ( 'NONE', #2609, 1000.000000000000000 ) ;
#1662 = ORIENTED_EDGE ( 'NONE', *, *, #2709, .T. ) ;
#1663 = EDGE_CURVE ( 'NONE', #4927, #4613, #3954, .T. ) ;
#1664 = ORIENTED_EDGE ( 'NONE', *, *, #4518, .T. ) ;
#1665 = VECTOR ( 'NONE', #629, 1000.000000000000000 ) ;
#1666 = LINE ( 'NONE', #4409, #343 ) ;
#1667 = VECTOR ( 'NONE', #3137, 1000.000000000000000 ) ;
#1668 = ORIENTED_EDGE ( 'NONE', *, *, #368, .T. ) ;
#1669 = EDGE_CURVE ( 'NONE', #1045, #4880, #4034, .T. ) ;
#1670 = ORIENTED_EDGE ( 'NONE', *, *, #5416, .T. ) ;
#1671 = AXIS2_PLACEMENT_3D ( 'NONE', #2664, #2167, #1319 ) ;
#1672 = DIRECTION ( 'NONE',  ( 0.000000000000000000, 1.000000000000000000, 0.000000000000000000 ) ) ;
#1673 = CARTESIAN_POINT ( 'NONE',  ( 1.600000000000000089, 4.779558726109145669E-16, 18.63222947802272245 ) ) ;
#1674 = DIRECTION ( 'NONE',  ( 0.000000000000000000, 0.000000000000000000, -1.000000000000000000 ) ) ;
#1675 = AXIS2_PLACEMENT_3D ( 'NONE', #381, #3093, #2762 ) ;
#1676 = CARTESIAN_POINT ( 'NONE',  ( 1.600000000000000089, 22.80675116490829524, -47.55561542117987983 ) ) ;
#1677 = DIRECTION ( 'NONE',  ( -1.000000000000000000, -0.000000000000000000, -0.000000000000000000 ) ) ;
#1678 = ORIENTED_EDGE ( 'NONE', *, *, #2214, .T. ) ;
#1679 = VECTOR ( 'NONE', #4762, 1000.000000000000000 ) ;
#1680 = ORIENTED_EDGE ( 'NONE', *, *, #4603, .F. ) ;
#1681 = EDGE_LOOP ( 'NONE', ( #4953, #2613, #3679, #2814 ) ) ;
#1682 = LINE ( 'NONE', #406, #2041 ) ;
#1683 = ADVANCED_FACE ( 'NONE', ( #675 ), #2528, .T. ) ;
#1684 = DIRECTION ( 'NONE',  ( -1.000000000000000000, 0.000000000000000000, 0.000000000000000000 ) ) ;
#1685 = LINE ( 'NONE', #288, #4401 ) ;
#1686 = CARTESIAN_POINT ( 'NONE',  ( 1.600000000000000089, -12.06493957002905226, 82.75561197102098276 ) ) ;
#1687 = EDGE_LOOP ( 'NONE', ( #1824, #2673, #2596, #904 ) ) ;
#1688 = PLANE ( 'NONE',  #1190 ) ;
#1689 = CARTESIAN_POINT ( 'NONE',  ( 1.600000000000000089, 20.79724476520794241, 15.61172395019732839 ) ) ;
#1690 = AXIS2_PLACEMENT_3D ( 'NONE', #2567, #5891, #1218 ) ;
#1691 = DIRECTION ( 'NONE',  ( -1.000000000000000000, 0.000000000000000000, 0.000000000000000000 ) ) ;
#1692 = ORIENTED_EDGE ( 'NONE', *, *, #2286, .T. ) ;
#1693 = AXIS2_PLACEMENT_3D ( 'NONE', #465, #4656, #1790 ) ;
#1694 = ORIENTED_EDGE ( 'NONE', *, *, #3341, .F. ) ;
#1695 = LINE ( 'NONE', #3930, #2678 ) ;
#1696 = VECTOR ( 'NONE', #397, 1000.000000000000000 ) ;
#1697 = EDGE_CURVE ( 'NONE', #283, #5866, #4236, .T. ) ;
#1698 = VERTEX_POINT ( 'NONE', #3017 ) ;
#1699 = ORIENTED_EDGE ( 'NONE', *, *, #5512, .F. ) ;
#1700 = CARTESIAN_POINT ( 'NONE',  ( 0.000000000000000000, 1.133367108266477216E-15, 44.18222947802272671 ) ) ;
#1701 = CARTESIAN_POINT ( 'NONE',  ( 1.600000000000000089, 1.395775155708344099E-15, 54.41172395019732022 ) ) ;
#1702 = FACE_BOUND ( 'NONE', #2123, .T. ) ;
#1703 = EDGE_CURVE ( 'NONE', #3856, #1811, #4864, .T. ) ;
#1704 = DIRECTION ( 'NONE',  ( 0.000000000000000000, -1.000000000000000000, 0.000000000000000000 ) ) ;
#1705 = EDGE_CURVE ( 'NONE', #27, #4505, #5964, .T. ) ;
#1706 = EDGE_CURVE ( 'NONE', #2211, #3406, #819, .T. ) ;
#1707 = CARTESIAN_POINT ( 'NONE',  ( 1.600000000000000089, 28.63040106996021805, -23.40296325771194930 ) ) ;
#1708 = VERTEX_POINT ( 'NONE', #3255 ) ;
#1709 = VECTOR ( 'NONE', #3047, 1000.000000000000000 ) ;
#1710 = VERTEX_POINT ( 'NONE', #390 ) ;
#1711 = ORIENTED_EDGE ( 'NONE', *, *, #1571, .F. ) ;
#1712 = LINE ( 'NONE', #5897, #1168 ) ;
#1713 = DIRECTION ( 'NONE',  ( -1.000000000000000000, -0.000000000000000000, -0.000000000000000000 ) ) ;
#1714 = CARTESIAN_POINT ( 'NONE',  ( 1.600000000000000089, 30.08966703858429526, -46.44544237261712993 ) ) ;
#1715 = DIRECTION ( 'NONE',  ( 0.000000000000000000, 0.000000000000000000, -1.000000000000000000 ) ) ;
#1716 = ORIENTED_EDGE ( 'NONE', *, *, #3792, .T. ) ;
#1717 = DIRECTION ( 'NONE',  ( 1.000000000000000000, -0.000000000000000000, -0.000000000000000000 ) ) ;
#1718 = LINE ( 'NONE', #3579, #2868 ) ;
#1719 = CARTESIAN_POINT ( 'NONE',  ( 0.000000000000000000, 20.79724476520794241, 15.61172395019732839 ) ) ;
#1720 = VECTOR ( 'NONE', #5641, 1000.000000000000000 ) ;
#1721 = VECTOR ( 'NONE', #3695, 1000.000000000000000 ) ;
#1722 = ADVANCED_FACE ( 'NONE', ( #5881 ), #1332, .F. ) ;
#1723 = VERTEX_POINT ( 'NONE', #5072 ) ;
#1724 = VERTEX_POINT ( 'NONE', #427 ) ;
#1725 = DIRECTION ( 'NONE',  ( 0.000000000000000000, -2.565210315677348556E-17, -1.000000000000000000 ) ) ;
#1726 = ADVANCED_FACE ( 'NONE', ( #3160 ), #908, .T. ) ;
#1727 = ORIENTED_EDGE ( 'NONE', *, *, #3124, .F. ) ;
#1728 = ORIENTED_EDGE ( 'NONE', *, *, #4410, .F. ) ;
#1729 = CARTESIAN_POINT ( 'NONE',  ( 0.000000000000000000, 30.22110162320747762, 45.81217696610642065 ) ) ;
#1730 = CARTESIAN_POINT ( 'NONE',  ( 0.000000000000000000, 29.72527329571467547, 35.01172395019732875 ) ) ;
#1731 = DIRECTION ( 'NONE',  ( 0.000000000000000000, 0.000000000000000000, -1.000000000000000000 ) ) ;
#1732 = CYLINDRICAL_SURFACE ( 'NONE', #3229, 3.199999999999994404 ) ;
#1733 = DIRECTION ( 'NONE',  ( 0.000000000000000000, -1.000000000000000000, 0.000000000000000000 ) ) ;
#1734 = VERTEX_POINT ( 'NONE', #5011 ) ;
#1735 = VERTEX_POINT ( 'NONE', #5522 ) ;
#1736 = ORIENTED_EDGE ( 'NONE', *, *, #2119, .F. ) ;
#1737 = CARTESIAN_POINT ( 'NONE',  ( 0.000000000000000000, 41.99999999999980105, 5.306655842628200226 ) ) ;
#1738 = EDGE_CURVE ( 'NONE', #5559, #2500, #846, .T. ) ;
#1739 = CARTESIAN_POINT ( 'NONE',  ( 34.26858978976805759, 0.000000000000000000, -27.58827604980266912 ) ) ;
#1740 = LINE ( 'NONE', #1256, #3525 ) ;
#1741 = DIRECTION ( 'NONE',  ( 0.000000000000000000, 0.000000000000000000, -1.000000000000000000 ) ) ;
#1742 = VECTOR ( 'NONE', #870, 999.9999999999998863 ) ;
#1743 = VERTEX_POINT ( 'NONE', #3616 ) ;
#1744 = AXIS2_PLACEMENT_3D ( 'NONE', #2525, #5768, #3524 ) ;
#1745 = LINE ( 'NONE', #1833, #2858 ) ;
#1746 = CARTESIAN_POINT ( 'NONE',  ( 0.000000000000000000, 7.377207002582182760, 11.62391923460522491 ) ) ;
#1747 = FACE_OUTER_BOUND ( 'NONE', #875, .T. ) ;
#1748 = AXIS2_PLACEMENT_3D ( 'NONE', #3432, #4285, #1119 ) ;
#1749 = VERTEX_POINT ( 'NONE', #2239 ) ;
#1750 = ORIENTED_EDGE ( 'NONE', *, *, #1154, .T. ) ;
#1751 = DIRECTION ( 'NONE',  ( 1.000000000000000000, -0.000000000000000000, -0.000000000000000000 ) ) ;
#1752 = CARTESIAN_POINT ( 'NONE',  ( 1.600000000000000089, 40.70707317921593926, -23.37028165598355400 ) ) ;
#1753 = ORIENTED_EDGE ( 'NONE', *, *, #2174, .F. ) ;
#1754 = AXIS2_PLACEMENT_3D ( 'NONE', #4306, #2044, #5634 ) ;
#1755 = VECTOR ( 'NONE', #2482, 1000.000000000000114 ) ;
#1756 = VERTEX_POINT ( 'NONE', #4108 ) ;
#1757 = DIRECTION ( 'NONE',  ( -0.000000000000000000, -0.7071067811865460184, -0.7071067811865490160 ) ) ;
#1758 = DIRECTION ( 'NONE',  ( 0.000000000000000000, 0.000000000000000000, -1.000000000000000000 ) ) ;
#1759 = PLANE ( 'NONE',  #2770 ) ;
#1760 = DIRECTION ( 'NONE',  ( 0.000000000000000000, 0.000000000000000000, -1.000000000000000000 ) ) ;
#1761 = CIRCLE ( 'NONE', #3427, 3.199999999999994404 ) ;
#1762 = PLANE ( 'NONE',  #3670 ) ;
#1763 = ORIENTED_EDGE ( 'NONE', *, *, #1100, .F. ) ;
#1764 = ORIENTED_EDGE ( 'NONE', *, *, #2309, .F. ) ;
#1765 = ORIENTED_EDGE ( 'NONE', *, *, #847, .F. ) ;
#1766 = LINE ( 'NONE', #5027, #2829 ) ;
#1767 = CIRCLE ( 'NONE', #4795, 0.6000000000000033085 ) ;
#1768 = CARTESIAN_POINT ( 'NONE',  ( 0.000000000000000000, 30.22110162320747762, 55.81217696610641354 ) ) ;
#1769 = DIRECTION ( 'NONE',  ( 0.000000000000000000, 0.000000000000000000, -1.000000000000000000 ) ) ;
#1770 = VECTOR ( 'NONE', #5637, 1000.000000000000000 ) ;
#1771 = EDGE_CURVE ( 'NONE', #1945, #5445, #5911, .T. ) ;
#1772 = CARTESIAN_POINT ( 'NONE',  ( 0.000000000000000000, 8.392566107048217816, 95.92746955793866448 ) ) ;
#1773 = PLANE ( 'NONE',  #5982 ) ;
#1774 = ORIENTED_EDGE ( 'NONE', *, *, #2093, .T. ) ;
#1775 = LINE ( 'NONE', #4573, #420 ) ;
#1776 = DIRECTION ( 'NONE',  ( -1.000000000000000000, -0.000000000000000000, -0.000000000000000000 ) ) ;
#1777 = LINE ( 'NONE', #2861, #2905 ) ;
#1778 = DIRECTION ( 'NONE',  ( 0.000000000000000000, 0.000000000000000000, -1.000000000000000000 ) ) ;
#1779 = EDGE_CURVE ( 'NONE', #4980, #2586, #1996, .T. ) ;
#1780 = EDGE_CURVE ( 'NONE', #2131, #5866, #1785, .T. ) ;
#1781 = VERTEX_POINT ( 'NONE', #5493 ) ;
#1782 = VERTEX_POINT ( 'NONE', #4524 ) ;
#1783 = DIRECTION ( 'NONE',  ( 0.000000000000000000, 0.000000000000000000, -1.000000000000000000 ) ) ;
#1784 = CIRCLE ( 'NONE', #5954, 3.200000000000001510 ) ;
#1785 = LINE ( 'NONE', #1752, #5002 ) ;
#1786 = VERTEX_POINT ( 'NONE', #4616 ) ;
#1787 = ORIENTED_EDGE ( 'NONE', *, *, #1898, .F. ) ;
#1788 = LINE ( 'NONE', #2407, #5277 ) ;
#1789 = DIRECTION ( 'NONE',  ( 0.000000000000000000, 0.000000000000000000, -1.000000000000000000 ) ) ;
#1790 = DIRECTION ( 'NONE',  ( 0.000000000000000000, 0.000000000000000000, 1.000000000000000000 ) ) ;
#1791 = FACE_OUTER_BOUND ( 'NONE', #2717, .T. ) ;
#1792 = DIRECTION ( 'NONE',  ( 1.000000000000000000, 0.000000000000000000, 0.000000000000000000 ) ) ;
#1793 = ORIENTED_EDGE ( 'NONE', *, *, #1472, .T. ) ;
#1794 = ORIENTED_EDGE ( 'NONE', *, *, #2947, .F. ) ;
#1795 = ORIENTED_EDGE ( 'NONE', *, *, #1418, .F. ) ;
#1796 = LINE ( 'NONE', #5603, #2640 ) ;
#1797 = DIRECTION ( 'NONE',  ( 0.000000000000000000, -0.8115739819650134024, -0.5842496656374328579 ) ) ;
#1798 = CARTESIAN_POINT ( 'NONE',  ( 1.600000000000000089, 5.088077000000000183, 75.93672395019731880 ) ) ;
#1799 = AXIS2_PLACEMENT_3D ( 'NONE', #4901, #3023, #764 ) ;
#1800 = CARTESIAN_POINT ( 'NONE',  ( 1.600000000000000089, 18.11786845078633235, 93.58050315153342069 ) ) ;
#1801 = DIRECTION ( 'NONE',  ( 0.000000000000000000, 0.000000000000000000, -1.000000000000000000 ) ) ;
#1802 = EDGE_CURVE ( 'NONE', #1786, #4141, #2490, .T. ) ;
#1803 = ORIENTED_EDGE ( 'NONE', *, *, #1085, .F. ) ;
#1804 = CARTESIAN_POINT ( 'NONE',  ( 1.600000000000000089, -0.1913071584336658304, -0.1662808105383099533 ) ) ;
#1805 = CARTESIAN_POINT ( 'NONE',  ( 1.600000000000000089, 2.479576514082024050E-15, 96.66172395019732733 ) ) ;
#1806 = DIRECTION ( 'NONE',  ( 1.000000000000000000, -0.000000000000000000, -0.000000000000000000 ) ) ;
#1807 = ORIENTED_EDGE ( 'NONE', *, *, #242, .F. ) ;
#1808 = VECTOR ( 'NONE', #2694, 1000.000000000000000 ) ;
#1809 = ORIENTED_EDGE ( 'NONE', *, *, #206, .F. ) ;
#1810 = ADVANCED_FACE ( 'NONE', ( #458 ), #877, .F. ) ;
#1811 = VERTEX_POINT ( 'NONE', #2677 ) ;
#1812 = VECTOR ( 'NONE', #2102, 1000.000000000000000 ) ;
#1813 = CARTESIAN_POINT ( 'NONE',  ( 1.600000000000000089, 17.43699047582477846, 93.18469074591719448 ) ) ;
#1814 = ADVANCED_FACE ( 'NONE', ( #4584 ), #5978, .T. ) ;
#1815 = DIRECTION ( 'NONE',  ( 0.000000000000000000, 1.776356839400250465E-15, -1.000000000000000000 ) ) ;
#1816 = CIRCLE ( 'NONE', #3290, 3.200000000000003286 ) ;
#1817 = ORIENTED_EDGE ( 'NONE', *, *, #5333, .T. ) ;
#1818 = ORIENTED_EDGE ( 'NONE', *, *, #4052, .T. ) ;
#1819 = LINE ( 'NONE', #4114, #3470 ) ;
#1820 = CYLINDRICAL_SURFACE ( 'NONE', #1018, 13.99999999999999822 ) ;
#1821 = DIRECTION ( 'NONE',  ( -1.000000000000000000, -0.000000000000000000, -0.000000000000000000 ) ) ;
#1822 = DIRECTION ( 'NONE',  ( -1.000000000000000000, -0.000000000000000000, -0.000000000000000000 ) ) ;
#1823 = EDGE_LOOP ( 'NONE', ( #424, #2800, #495, #5086 ) ) ;
#1824 = ORIENTED_EDGE ( 'NONE', *, *, #841, .F. ) ;
#1825 = ORIENTED_EDGE ( 'NONE', *, *, #3277, .F. ) ;
#1826 = CARTESIAN_POINT ( 'NONE',  ( 1.600000000000000089, 1.133367108266477216E-15, 44.18222947802272671 ) ) ;
#1827 = CARTESIAN_POINT ( 'NONE',  ( 0.000000000000000000, 14.26852036069776020, -11.68499331274864694 ) ) ;
#1828 = LINE ( 'NONE', #1900, #1861 ) ;
#1829 = CARTESIAN_POINT ( 'NONE',  ( 0.000000000000000000, 4.063077000000000716, 59.16172395019730601 ) ) ;
#1830 = DIRECTION ( 'NONE',  ( 1.000000000000000000, 0.000000000000000000, 0.000000000000000000 ) ) ;
#1831 = EDGE_CURVE ( 'NONE', #3857, #2589, #3089, .T. ) ;
#1832 = VERTEX_POINT ( 'NONE', #3130 ) ;
#1833 = CARTESIAN_POINT ( 'NONE',  ( 1.600000000000000089, 18.99936978682279687, -4.336313675490765185 ) ) ;
#1834 = ADVANCED_FACE ( 'NONE', ( #6006 ), #4074, .F. ) ;
#1835 = DIRECTION ( 'NONE',  ( -1.000000000000000000, 0.000000000000000000, -0.000000000000000000 ) ) ;
#1836 = CARTESIAN_POINT ( 'NONE',  ( 0.000000000000000000, -0.000000000000000000, 0.000000000000000000 ) ) ;
#1837 = VERTEX_POINT ( 'NONE', #3746 ) ;
#1838 = VECTOR ( 'NONE', #384, 1000.000000000000000 ) ;
#1839 = EDGE_LOOP ( 'NONE', ( #4085, #4383, #4549, #4837, #1648 ) ) ;
#1840 = EDGE_LOOP ( 'NONE', ( #5151, #649, #828, #3132 ) ) ;
#1841 = CARTESIAN_POINT ( 'NONE',  ( 1.600000000000000089, 5.088077000000001071, 73.66172395019732733 ) ) ;
#1842 = DIRECTION ( 'NONE',  ( -1.000000000000000000, 0.000000000000000000, -0.000000000000000000 ) ) ;
#1843 = DIRECTION ( 'NONE',  ( 0.000000000000000000, 1.355252715606880543E-16, -1.000000000000000000 ) ) ;
#1844 = EDGE_CURVE ( 'NONE', #1268, #5260, #2340, .T. ) ;
#1845 = CARTESIAN_POINT ( 'NONE',  ( 1.600000000000000089, 28.59341414503564138, 27.24012637705876116 ) ) ;
#1846 = EDGE_CURVE ( 'NONE', #3078, #1724, #471, .T. ) ;
#1847 = ORIENTED_EDGE ( 'NONE', *, *, #5685, .T. ) ;
#1848 = ORIENTED_EDGE ( 'NONE', *, *, #5244, .T. ) ;
#1849 = CARTESIAN_POINT ( 'NONE',  ( 0.000000000000000000, 32.79724476520794241, 27.61172395019732662 ) ) ;
#1850 = CARTESIAN_POINT ( 'NONE',  ( 1.600000000000000089, 16.13811929073852625, -27.28203005503668876 ) ) ;
#1851 = CARTESIAN_POINT ( 'NONE',  ( 1.600000000000000089, 0.000000000000000000, 0.000000000000000000 ) ) ;
#1852 = DIRECTION ( 'NONE',  ( 0.000000000000000000, -0.8672401602161092793, 0.4978900526304347318 ) ) ;
#1853 = ORIENTED_EDGE ( 'NONE', *, *, #2568, .F. ) ;
#1854 = VECTOR ( 'NONE', #1187, 1000.000000000000000 ) ;
#1855 = EDGE_CURVE ( 'NONE', #1508, #3905, #4182, .T. ) ;
#1856 = ADVANCED_FACE ( 'NONE', ( #8 ), #2359, .F. ) ;
#1857 = ORIENTED_EDGE ( 'NONE', *, *, #2754, .F. ) ;
#1858 = ORIENTED_EDGE ( 'NONE', *, *, #4886, .F. ) ;
#1859 = CARTESIAN_POINT ( 'NONE',  ( 0.000000000000000000, -1.600000000000004308, -2.168404344971014538E-16 ) ) ;
#1860 = CARTESIAN_POINT ( 'NONE',  ( 0.000000000000000000, 30.77889837679251528, 82.18782303389359356 ) ) ;
#1861 = VECTOR ( 'NONE', #4093, 1000.000000000000000 ) ;
#1862 = CARTESIAN_POINT ( 'NONE',  ( 1.600000000000000089, 36.00000000000000000, 87.48921303800383953 ) ) ;
#1863 = DIRECTION ( 'NONE',  ( 1.000000000000000000, -0.000000000000000000, -0.000000000000000000 ) ) ;
#1864 = FACE_OUTER_BOUND ( 'NONE', #5506, .T. ) ;
#1865 = VECTOR ( 'NONE', #4274, 1000.000000000000000 ) ;
#1866 = ADVANCED_FACE ( 'NONE', ( #442 ), #5962, .T. ) ;
#1867 = LINE ( 'NONE', #5614, #3500 ) ;
#1868 = CARTESIAN_POINT ( 'NONE',  ( 0.000000000000000000, 32.79724476520794241, 42.41172395019733443 ) ) ;
#1869 = AXIS2_PLACEMENT_3D ( 'NONE', #1091, #1658, #3519 ) ;
#1870 = DIRECTION ( 'NONE',  ( -1.000000000000000000, -0.000000000000000000, -0.000000000000000000 ) ) ;
#1871 = VECTOR ( 'NONE', #4146, 1000.000000000000000 ) ;
#1872 = ORIENTED_EDGE ( 'NONE', *, *, #2731, .T. ) ;
#1873 = VECTOR ( 'NONE', #2944, 1000.000000000000000 ) ;
#1874 = ORIENTED_EDGE ( 'NONE', *, *, #3099, .T. ) ;
#1875 = ORIENTED_EDGE ( 'NONE', *, *, #5481, .F. ) ;
#1876 = DIRECTION ( 'NONE',  ( 0.000000000000000000, 0.9899989471197554458, -0.1410747486326861533 ) ) ;
#1877 = DIRECTION ( 'NONE',  ( -1.000000000000000000, -0.000000000000000000, -0.000000000000000000 ) ) ;
#1878 = FACE_OUTER_BOUND ( 'NONE', #553, .T. ) ;
#1879 = ORIENTED_EDGE ( 'NONE', *, *, #2047, .F. ) ;
#1880 = EDGE_CURVE ( 'NONE', #2254, #285, #1548, .T. ) ;
#1881 = ORIENTED_EDGE ( 'NONE', *, *, #805, .F. ) ;
#1882 = VECTOR ( 'NONE', #3744, 1000.000000000000000 ) ;
#1883 = ORIENTED_EDGE ( 'NONE', *, *, #4076, .F. ) ;
#1884 = ADVANCED_FACE ( 'NONE', ( #3764 ), #4122, .T. ) ;
#1885 = DIRECTION ( 'NONE',  ( 1.000000000000000000, 0.000000000000000000, 0.000000000000000000 ) ) ;
#1886 = DIRECTION ( 'NONE',  ( 0.000000000000000000, 2.565210315677348556E-17, 1.000000000000000000 ) ) ;
#1887 = CARTESIAN_POINT ( 'NONE',  ( 1.600000000000000089, 25.48239641025217139, -48.90572980140875359 ) ) ;
#1888 = PRODUCT_CONTEXT ( 'NONE', #5808, 'mechanical' ) ;
#1889 = LINE ( 'NONE', #4208, #2371 ) ;
#1890 = VERTEX_POINT ( 'NONE', #4216 ) ;
#1891 = ORIENTED_EDGE ( 'NONE', *, *, #489, .T. ) ;
#1892 = VERTEX_POINT ( 'NONE', #4151 ) ;
#1893 = AXIS2_PLACEMENT_3D ( 'NONE', #33, #4175, #1886 ) ;
#1894 = CARTESIAN_POINT ( 'NONE',  ( 0.000000000000000000, 5.088077000000002847, 59.16172395019730601 ) ) ;
#1895 = EDGE_CURVE ( 'NONE', #1410, #1253, #1816, .T. ) ;
#1896 = DIRECTION ( 'NONE',  ( 1.000000000000000000, 0.000000000000000000, 0.000000000000000000 ) ) ;
#1897 = CARTESIAN_POINT ( 'NONE',  ( 1.600000000000000089, 30.22110162320748117, 75.81217696610640644 ) ) ;
#1898 = EDGE_CURVE ( 'NONE', #5397, #4619, #5056, .T. ) ;
#1899 = EDGE_CURVE ( 'NONE', #1618, #4927, #42, .T. ) ;
#1900 = CARTESIAN_POINT ( 'NONE',  ( 1.600000000000000089, 25.48239641025217139, -48.30572980140875217 ) ) ;
#1901 = AXIS2_PLACEMENT_3D ( 'NONE', #4923, #4895, #5798 ) ;
#1902 = LINE ( 'NONE', #2758, #1770 ) ;
#1903 = LINE ( 'NONE', #4635, #4436 ) ;
#1904 = CARTESIAN_POINT ( 'NONE',  ( 1.600000000000000089, 20.79724476520794241, 15.61172395019732839 ) ) ;
#1905 = LINE ( 'NONE', #3280, #3001 ) ;
#1906 = CARTESIAN_POINT ( 'NONE',  ( 34.26858978976805759, 0.000000000000000000, -24.69334415737179711 ) ) ;
#1907 = VERTEX_POINT ( 'NONE', #4632 ) ;
#1908 = VECTOR ( 'NONE', #2972, 1000.000000000000000 ) ;
#1909 = ORIENTED_EDGE ( 'NONE', *, *, #3748, .F. ) ;
#1910 = ORIENTED_EDGE ( 'NONE', *, *, #5210, .T. ) ;
#1911 = DIRECTION ( 'NONE',  ( 0.000000000000000000, 0.000000000000000000, -1.000000000000000000 ) ) ;
#1912 = DIRECTION ( 'NONE',  ( 0.000000000000000000, 0.000000000000000000, -1.000000000000000000 ) ) ;
#1913 = DIRECTION ( 'NONE',  ( -1.000000000000000000, 0.000000000000000000, 0.000000000000000000 ) ) ;
#1914 = EDGE_CURVE ( 'NONE', #285, #5424, #3303, .T. ) ;
#1915 = EDGE_LOOP ( 'NONE', ( #738, #4172, #4845, #2302 ) ) ;
#1916 = ORIENTED_EDGE ( 'NONE', *, *, #1846, .T. ) ;
#1917 = EDGE_LOOP ( 'NONE', ( #4892, #1564, #4896, #3311, #691 ) ) ;
#1918 = FACE_BOUND ( 'NONE', #5846, .T. ) ;
#1919 = DIRECTION ( 'NONE',  ( 0.000000000000000000, 0.000000000000000000, 1.000000000000000000 ) ) ;
#1920 = EDGE_CURVE ( 'NONE', #4406, #3141, #4358, .T. ) ;
#1921 = EDGE_CURVE ( 'NONE', #4521, #1924, #1413, .T. ) ;
#1922 = FILL_AREA_STYLE_COLOUR ( '', #1309 ) ;
#1923 = DIRECTION ( 'NONE',  ( 0.000000000000000000, -0.7071067811865474617, 0.7071067811865475727 ) ) ;
#1924 = VERTEX_POINT ( 'NONE', #3665 ) ;
#1925 = ORIENTED_EDGE ( 'NONE', *, *, #183, .F. ) ;
#1926 = ORIENTED_EDGE ( 'NONE', *, *, #4886, .T. ) ;
#1927 = CARTESIAN_POINT ( 'NONE',  ( 1.600000000000000089, 22.75288253535666527, 94.06881276329050934 ) ) ;
#1928 = DIRECTION ( 'NONE',  ( 0.000000000000000000, -1.662905933390748385E-16, 1.000000000000000000 ) ) ;
#1929 = CARTESIAN_POINT ( 'NONE',  ( 1.600000000000000089, 16.80944004961579097, 2.191686187571583400 ) ) ;
#1930 = DIRECTION ( 'NONE',  ( 0.000000000000000000, 0.000000000000000000, -1.000000000000000000 ) ) ;
#1931 = LINE ( 'NONE', #3306, #5941 ) ;
#1932 = CARTESIAN_POINT ( 'NONE',  ( 1.600000000000000089, 17.54991491009923621, 93.77396833088356232 ) ) ;
#1933 = ADVANCED_FACE ( 'NONE', ( #2819 ), #5476, .F. ) ;
#1934 = EDGE_CURVE ( 'NONE', #5266, #3857, #4092, .T. ) ;
#1935 = CARTESIAN_POINT ( 'NONE',  ( 34.26858978976805759, 0.000000000000000000, -32.69334415737180422 ) ) ;
#1936 = DIRECTION ( 'NONE',  ( 0.000000000000000000, 0.000000000000000000, 1.000000000000000000 ) ) ;
#1937 = VERTEX_POINT ( 'NONE', #5509 ) ;
#1938 = ORIENTED_EDGE ( 'NONE', *, *, #5598, .F. ) ;
#1939 = VERTEX_POINT ( 'NONE', #5155 ) ;
#1940 = DIRECTION ( 'NONE',  ( 0.000000000000000000, -1.000000000000000000, -1.662905933390748385E-16 ) ) ;
#1941 = CARTESIAN_POINT ( 'NONE',  ( 1.600000000000000089, 14.26852036069776020, -11.68499331274864694 ) ) ;
#1942 = CARTESIAN_POINT ( 'NONE',  ( 0.000000000000000000, 30.50000000000000000, 79.00000000000000000 ) ) ;
#1943 = AXIS2_PLACEMENT_3D ( 'NONE', #5940, #4131, #3645 ) ;
#1944 = VERTEX_POINT ( 'NONE', #984 ) ;
#1945 = VERTEX_POINT ( 'NONE', #4699 ) ;
#1946 = ORIENTED_EDGE ( 'NONE', *, *, #1606, .F. ) ;
#1947 = CARTESIAN_POINT ( 'NONE',  ( 1.600000000000000089, 28.25022420910421772, -4.223258064669741962 ) ) ;
#1948 = CARTESIAN_POINT ( 'NONE',  ( 1.600000000000000089, 6.113077000000001426, 73.66172395019732733 ) ) ;
#1949 = CIRCLE ( 'NONE', #5734, 2.250000000000001776 ) ;
#1950 = CARTESIAN_POINT ( 'NONE',  ( 0.000000000000000000, 30.77889837679251528, 72.18782303389357935 ) ) ;
#1951 = ORIENTED_EDGE ( 'NONE', *, *, #4628, .T. ) ;
#1952 = VERTEX_POINT ( 'NONE', #2755 ) ;
#1953 = ORIENTED_EDGE ( 'NONE', *, *, #3465, .T. ) ;
#1954 = CARTESIAN_POINT ( 'NONE',  ( 34.26858978976805759, 41.99999999999980105, -2.693344157371803327 ) ) ;
#1955 = DIRECTION ( 'NONE',  ( 1.000000000000000000, 0.000000000000000000, 0.000000000000000000 ) ) ;
#1956 = LINE ( 'NONE', #1570, #48 ) ;
#1957 = CARTESIAN_POINT ( 'NONE',  ( 1.600000000000000089, 16.13811929073754925, -14.28203005503669232 ) ) ;
#1958 = PLANE ( 'NONE',  #4794 ) ;
#1959 = DIRECTION ( 'NONE',  ( 0.000000000000000000, -0.9961946980917453232, 0.08715574274766185736 ) ) ;
#1960 = VECTOR ( 'NONE', #1928, 1000.000000000000000 ) ;
#1961 = VECTOR ( 'NONE', #3266, 999.9999999999998863 ) ;
#1962 = EDGE_CURVE ( 'NONE', #549, #1585, #2223, .T. ) ;
#1963 = CARTESIAN_POINT ( 'NONE',  ( 1.599999999999997202, 0.000000000000000000, -2.693344157371803327 ) ) ;
#1964 = FACE_OUTER_BOUND ( 'NONE', #3009, .T. ) ;
#1965 = CARTESIAN_POINT ( 'NONE',  ( 1.600000000000000089, 11.84999999999999964, 80.63166357475853374 ) ) ;
#1966 = VECTOR ( 'NONE', #1821, 1000.000000000000000 ) ;
#1967 = ORIENTED_EDGE ( 'NONE', *, *, #4975, .F. ) ;
#1968 = ORIENTED_EDGE ( 'NONE', *, *, #1154, .F. ) ;
#1969 = CIRCLE ( 'NONE', #3725, 1.499999999999997780 ) ;
#1970 = ORIENTED_EDGE ( 'NONE', *, *, #3883, .T. ) ;
#1971 = DIRECTION ( 'NONE',  ( 0.000000000000000000, -2.565210315677348556E-17, -1.000000000000000000 ) ) ;
#1972 = CARTESIAN_POINT ( 'NONE',  ( 0.000000000000000000, 28.59341414503564138, 27.24012637705876116 ) ) ;
#1973 = CIRCLE ( 'NONE', #2958, 3.199999999999994404 ) ;
#1974 = EDGE_CURVE ( 'NONE', #4521, #1074, #3173, .T. ) ;
#1976 = ADVANCED_FACE ( 'NONE', ( #3247 ), #3183, .T. ) ;
#1975 = CARTESIAN_POINT ( 'NONE',  ( 0.000000000000000000, 30.22110162320748117, 75.81217696610640644 ) ) ;
#1977 = DIRECTION ( 'NONE',  ( -1.000000000000000000, -0.000000000000000000, -0.000000000000000000 ) ) ;
#1978 = ORIENTED_EDGE ( 'NONE', *, *, #69, .F. ) ;
#1979 = ORIENTED_EDGE ( 'NONE', *, *, #3903, .T. ) ;
#1980 = DIRECTION ( 'NONE',  ( -0.000000000000000000, 0.8115739819650136244, 0.5842496656374326358 ) ) ;
#1981 = CARTESIAN_POINT ( 'NONE',  ( 1.600000000000000089, 36.99999999999959499, 35.01172395019732875 ) ) ;
#1982 = CARTESIAN_POINT ( 'NONE',  ( 1.599999999999997202, 0.000000000000000000, 35.30665584262819578 ) ) ;
#1983 = EDGE_LOOP ( 'NONE', ( #5770, #5138, #1334, #1224 ) ) ;
#1984 = AXIS2_PLACEMENT_3D ( 'NONE', #1031, #5171, #3810 ) ;
#1985 = EDGE_LOOP ( 'NONE', ( #4336, #3612, #4629, #2747 ) ) ;
#1986 = VERTEX_POINT ( 'NONE', #869 ) ;
#1987 = CARTESIAN_POINT ( 'NONE',  ( 0.000000000000000000, 30.77889837679251528, 82.18782303389359356 ) ) ;
#1988 = CYLINDRICAL_SURFACE ( 'NONE', #4251, 14.00000000000000178 ) ;
#1989 = CYLINDRICAL_SURFACE ( 'NONE', #4508, 3.199999999999994404 ) ;
#1990 = VECTOR ( 'NONE', #5698, 1000.000000000000000 ) ;
#1991 = CARTESIAN_POINT ( 'NONE',  ( 0.000000000000000000, 28.25022420910424259, -4.823258064669742495 ) ) ;
#1992 = CARTESIAN_POINT ( 'NONE',  ( 1.600000000000000089, 20.79724476520794241, 15.61172395019732839 ) ) ;
#1993 = DIRECTION ( 'NONE',  ( 1.000000000000000000, 0.000000000000000000, 0.000000000000000000 ) ) ;
#1994 = PRODUCT_DEFINITION_FORMATION_WITH_SPECIFIED_SOURCE ( '»Œ∫Œ', '', #3079, .NOT_KNOWN. ) ;
#1995 = ORIENTED_EDGE ( 'NONE', *, *, #1367, .F. ) ;
#1996 = CIRCLE ( 'NONE', #3547, 0.6000000000000033085 ) ;
#1997 = DIRECTION ( 'NONE',  ( 0.000000000000000000, 0.000000000000000000, 1.000000000000000000 ) ) ;
#1998 = EDGE_CURVE ( 'NONE', #4893, #3942, #1353, .T. ) ;
#1999 = CARTESIAN_POINT ( 'NONE',  ( 1.599999999999997202, -1.600000000000620703, -2.168404344971849991E-16 ) ) ;
#2000 = DIRECTION ( 'NONE',  ( -1.000000000000000000, 0.000000000000000000, 0.000000000000000000 ) ) ;
#2001 = ORIENTED_EDGE ( 'NONE', *, *, #4711, .F. ) ;
#2002 = VERTEX_POINT ( 'NONE', #1805 ) ;
#2003 = CARTESIAN_POINT ( 'NONE',  ( 0.000000000000000000, 20.79724476520794241, 15.61172395019732839 ) ) ;
#2004 = DIRECTION ( 'NONE',  ( -1.000000000000000000, 0.000000000000000000, 0.000000000000000000 ) ) ;
#2005 = DIRECTION ( 'NONE',  ( 0.000000000000000000, 0.000000000000000000, 1.000000000000000000 ) ) ;
#2006 = VECTOR ( 'NONE', #2592, 1000.000000000000000 ) ;
#2007 = EDGE_CURVE ( 'NONE', #3406, #2563, #1905, .T. ) ;
#2008 = ORIENTED_EDGE ( 'NONE', *, *, #815, .T. ) ;
#2009 = ADVANCED_FACE ( 'NONE', ( #4575 ), #1421, .T. ) ;
#2010 = VERTEX_POINT ( 'NONE', #3702 ) ;
#2011 = FACE_BOUND ( 'NONE', #2189, .T. ) ;
#2012 = DIRECTION ( 'NONE',  ( 0.000000000000000000, -0.7071067811865475727, -0.7071067811865474617 ) ) ;
#2013 = ORIENTED_EDGE ( 'NONE', *, *, #3581, .F. ) ;
#2014 = ORIENTED_EDGE ( 'NONE', *, *, #3051, .F. ) ;
#2015 = ORIENTED_EDGE ( 'NONE', *, *, #3487, .F. ) ;
#2016 = DIRECTION ( 'NONE',  ( 0.000000000000000000, 0.000000000000000000, -1.000000000000000000 ) ) ;
#2017 = CARTESIAN_POINT ( 'NONE',  ( 1.600000000000000089, 0.000000000000000000, 0.000000000000000000 ) ) ;
#2018 = LINE ( 'NONE', #3937, #2083 ) ;
#2019 = AXIS2_PLACEMENT_3D ( 'NONE', #737, #1677, #3481 ) ;
#2020 = VECTOR ( 'NONE', #349, 1000.000000000000000 ) ;
#2021 = LINE ( 'NONE', #3890, #1377 ) ;
#2022 = CARTESIAN_POINT ( 'NONE',  ( 1.600000000000000089, 41.99999999999998579, 87.48921303800383953 ) ) ;
#2023 = LINE ( 'NONE', #1547, #2509 ) ;
#2024 = AXIS2_PLACEMENT_3D ( 'NONE', #5090, #5925, #2786 ) ;
#2025 = EDGE_CURVE ( 'NONE', #4922, #5981, #1777, .T. ) ;
#2026 = CARTESIAN_POINT ( 'NONE',  ( 1.599999999999997202, 54.50000000000000711, 83.57773768049138141 ) ) ;
#2027 = CARTESIAN_POINT ( 'NONE',  ( 1.600000000000000089, 41.99999999999999289, 18.63222947802272600 ) ) ;
#2028 = CARTESIAN_POINT ( 'NONE',  ( 1.600000000000000089, 19.34991958620525665, -4.223258064669772160 ) ) ;
#2029 = EDGE_CURVE ( 'NONE', #3282, #1157, #4842, .T. ) ;
#2030 = ORIENTED_EDGE ( 'NONE', *, *, #2788, .T. ) ;
#2031 = CARTESIAN_POINT ( 'NONE',  ( 1.600000000000000089, 6.113077000000003203, 59.16172395019730601 ) ) ;
#2032 = LINE ( 'NONE', #3900, #5574 ) ;
#2033 = FACE_OUTER_BOUND ( 'NONE', #4808, .T. ) ;
#2034 = ORIENTED_EDGE ( 'NONE', *, *, #1083, .T. ) ;
#2035 = ORIENTED_EDGE ( 'NONE', *, *, #5107, .F. ) ;
#2036 = PLANE ( 'NONE',  #5298 ) ;
#2037 = EDGE_CURVE ( 'NONE', #1907, #5434, #3574, .T. ) ;
#2038 = VECTOR ( 'NONE', #2370, 1000.000000000000000 ) ;
#2039 = LINE ( 'NONE', #5239, #2159 ) ;
#2040 = ORIENTED_EDGE ( 'NONE', *, *, #3265, .F. ) ;
#2042 = ORIENTED_EDGE ( 'NONE', *, *, #2895, .F. ) ;
#2041 = VECTOR ( 'NONE', #5419, 1000.000000000000000 ) ;
#2043 = DIRECTION ( 'NONE',  ( 0.000000000000000000, 0.9821293082772760696, -0.1882073904574400047 ) ) ;
#2044 = DIRECTION ( 'NONE',  ( -1.000000000000000000, 0.000000000000000000, -0.000000000000000000 ) ) ;
#2045 = FACE_BOUND ( 'NONE', #1103, .T. ) ;
#2046 = DIRECTION ( 'NONE',  ( 0.000000000000000000, 0.7071067811865460184, 0.7071067811865490160 ) ) ;
#2047 = EDGE_CURVE ( 'NONE', #4606, #3250, #3773, .T. ) ;
#2048 = EDGE_CURVE ( 'NONE', #4011, #3761, #2297, .T. ) ;
#2049 = CARTESIAN_POINT ( 'NONE',  ( 1.600000000000000089, 8.797244765207940631, 29.11172395019792702 ) ) ;
#2050 = CIRCLE ( 'NONE', #690, 14.00000000000000178 ) ;
#2051 = LINE ( 'NONE', #3340, #5022 ) ;
#2052 = AXIS2_PLACEMENT_3D ( 'NONE', #4775, #611, #1067 ) ;
#2053 = CARTESIAN_POINT ( 'NONE',  ( 0.000000000000000000, 43.59999999999979536, 5.306655842628200226 ) ) ;
#2054 = PLANE ( 'NONE',  #1748 ) ;
#2055 = VECTOR ( 'NONE', #3420, 1000.000000000000000 ) ;
#2056 = ORIENTED_EDGE ( 'NONE', *, *, #4326, .F. ) ;
#2057 = LINE ( 'NONE', #5847, #4296 ) ;
#2058 = DIRECTION ( 'NONE',  ( 0.000000000000000000, 9.912705577010316921E-17, -1.000000000000000000 ) ) ;
#2059 = CIRCLE ( 'NONE', #2456, 2.455303443875289648 ) ;
#2060 = DIRECTION ( 'NONE',  ( 0.000000000000000000, -9.912705577010316921E-17, -1.000000000000000000 ) ) ;
#2061 = VERTEX_POINT ( 'NONE', #1450 ) ;
#2062 = ORIENTED_EDGE ( 'NONE', *, *, #3685, .F. ) ;
#2063 = LINE ( 'NONE', #1212, #3752 ) ;
#2064 = CIRCLE ( 'NONE', #230, 1.024999999999998135 ) ;
#2065 = EDGE_CURVE ( 'NONE', #1440, #982, #2517, .T. ) ;
#2066 = DIRECTION ( 'NONE',  ( 1.000000000000000000, 0.000000000000000000, 0.000000000000000000 ) ) ;
#2067 = ORIENTED_EDGE ( 'NONE', *, *, #3572, .T. ) ;
#2068 = ORIENTED_EDGE ( 'NONE', *, *, #730, .T. ) ;
#2069 = CARTESIAN_POINT ( 'NONE',  ( 1.600000000000000089, -3.879231883397141978, -1.165432914443050860 ) ) ;
#2070 = CARTESIAN_POINT ( 'NONE',  ( 0.000000000000000000, 4.779558726109145669E-16, 18.63222947802272245 ) ) ;
#2071 = PLANE ( 'NONE',  #821 ) ;
#2072 = CARTESIAN_POINT ( 'NONE',  ( 1.600000000000000089, 17.84228389317043906, 93.10702356318948603 ) ) ;
#2073 = CARTESIAN_POINT ( 'NONE',  ( 0.000000000000000000, 22.08238618739316550, -53.61397923772976526 ) ) ;
#2074 = ADVANCED_FACE ( 'NONE', ( #5063 ), #961, .F. ) ;
#2075 = ORIENTED_EDGE ( 'NONE', *, *, #5285, .T. ) ;
#2076 = ORIENTED_EDGE ( 'NONE', *, *, #701, .F. ) ;
#2077 = EDGE_CURVE ( 'NONE', #1756, #2701, #1439, .T. ) ;
#2078 = CIRCLE ( 'NONE', #2872, 3.199999999999994404 ) ;
#2079 = EDGE_CURVE ( 'NONE', #2334, #5266, #572, .T. ) ;
#2080 = CYLINDRICAL_SURFACE ( 'NONE', #4438, 13.99999999999999822 ) ;
#2081 = DIRECTION ( 'NONE',  ( 0.000000000000000000, 0.000000000000000000, 1.000000000000000000 ) ) ;
#2082 = DIRECTION ( 'NONE',  ( 0.000000000000000000, 1.000000000000000000, 0.000000000000000000 ) ) ;
#2083 = VECTOR ( 'NONE', #1542, 1000.000000000000000 ) ;
#2084 = UNCERTAINTY_MEASURE_WITH_UNIT (LENGTH_MEASURE( 1.000000000000000082E-05 ), #1406, 'distance_accuracy_value', 'NONE');
#2085 = VERTEX_POINT ( 'NONE', #4161 ) ;
#2086 = DIRECTION ( 'NONE',  ( 0.000000000000000000, 0.000000000000000000, 1.000000000000000000 ) ) ;
#2087 = CARTESIAN_POINT ( 'NONE',  ( 0.000000000000000000, 12.39892143065797470, -9.087956570460603345 ) ) ;
#2088 = AXIS2_PLACEMENT_3D ( 'NONE', #5147, #2318, #5020 ) ;
#2089 = DIRECTION ( 'NONE',  ( 0.000000000000000000, 0.7071067811865489050, -0.7071067811865461294 ) ) ;
#2090 = ORIENTED_EDGE ( 'NONE', *, *, #4249, .F. ) ;
#2091 = EDGE_LOOP ( 'NONE', ( #1891, #5569, #2741, #3139 ) ) ;
#2092 = CARTESIAN_POINT ( 'NONE',  ( 0.000000000000000000, 43.59999999999958931, 35.30665584262819578 ) ) ;
#2093 = EDGE_CURVE ( 'NONE', #438, #1723, #449, .T. ) ;
#2094 = DIRECTION ( 'NONE',  ( 0.000000000000000000, 0.000000000000000000, 1.000000000000000000 ) ) ;
#2095 = ORIENTED_EDGE ( 'NONE', *, *, #403, .T. ) ;
#2096 = VERTEX_POINT ( 'NONE', #514 ) ;
#2097 = CARTESIAN_POINT ( 'NONE',  ( 0.000000000000000000, -0.000000000000000000, -38.58827604980267978 ) ) ;
#2098 = EDGE_CURVE ( 'NONE', #3905, #4816, #6000, .T. ) ;
#2099 = CYLINDRICAL_SURFACE ( 'NONE', #4427, 1.575000000000006839 ) ;
#2100 = FACE_BOUND ( 'NONE', #4529, .T. ) ;
#2101 = DIRECTION ( 'NONE',  ( 0.000000000000000000, -1.000000000000000000, 0.000000000000000000 ) ) ;
#2102 = DIRECTION ( 'NONE',  ( 1.000000000000000000, -0.000000000000000000, -0.000000000000000000 ) ) ;
#2103 = ORIENTED_EDGE ( 'NONE', *, *, #3294, .F. ) ;
#2104 = CIRCLE ( 'NONE', #5221, 3.200000000000008171 ) ;
#2105 = ORIENTED_EDGE ( 'NONE', *, *, #1083, .F. ) ;
#2106 = ORIENTED_EDGE ( 'NONE', *, *, #533, .T. ) ;
#2107 = CIRCLE ( 'NONE', #1543, 4.799999999999998934 ) ;
#2108 = CIRCLE ( 'NONE', #5503, 5.999999999999991118 ) ;
#2109 = LINE ( 'NONE', #1739, #5988 ) ;
#2110 = VECTOR ( 'NONE', #924, 1000.000000000000000 ) ;
#2111 = EDGE_CURVE ( 'NONE', #5424, #71, #3737, .T. ) ;
#2112 = CARTESIAN_POINT ( 'NONE',  ( 1.600000000000000089, 5.088077000000002847, 59.16172395019730601 ) ) ;
#2113 = LINE ( 'NONE', #4512, #3876 ) ;
#2114 = EDGE_CURVE ( 'NONE', #4893, #2085, #469, .T. ) ;
#2115 = ORIENTED_EDGE ( 'NONE', *, *, #5990, .T. ) ;
#2116 = DIRECTION ( 'NONE',  ( -0.000000000000000000, 0.8115739819650136244, 0.5842496656374326358 ) ) ;
#2117 = CARTESIAN_POINT ( 'NONE',  ( 0.000000000000000000, 30.50000000000000000, 69.00000000000000000 ) ) ;
#2118 = LINE ( 'NONE', #5290, #5047 ) ;
#2119 = EDGE_CURVE ( 'NONE', #979, #5460, #50, .T. ) ;
#2120 = VERTEX_POINT ( 'NONE', #81 ) ;
#2121 = EDGE_LOOP ( 'NONE', ( #3472, #3330, #4256, #5015 ) ) ;
#2122 = DIRECTION ( 'NONE',  ( -1.000000000000000000, -0.000000000000000000, -0.000000000000000000 ) ) ;
#2123 = EDGE_LOOP ( 'NONE', ( #1470, #697 ) ) ;
#2124 = ADVANCED_FACE ( 'NONE', ( #3430 ), #1024, .F. ) ;
#2125 = ORIENTED_EDGE ( 'NONE', *, *, #763, .F. ) ;
#2126 = CARTESIAN_POINT ( 'NONE',  ( 1.600000000000000089, 21.79395318130844217, 29.57619931926416967 ) ) ;
#2127 = DIRECTION ( 'NONE',  ( 1.000000000000000000, -0.000000000000000000, -0.000000000000000000 ) ) ;
#2128 = FACE_OUTER_BOUND ( 'NONE', #1464, .T. ) ;
#2129 = DIRECTION ( 'NONE',  ( 0.000000000000000000, 0.000000000000000000, 1.000000000000000000 ) ) ;
#2130 = CARTESIAN_POINT ( 'NONE',  ( 34.26858978976805759, 0.000000000000000000, -2.693344157371803327 ) ) ;
#2131 = VERTEX_POINT ( 'NONE', #1142 ) ;
#2132 = VECTOR ( 'NONE', #3281, 1000.000000000000000 ) ;
#2133 = ORIENTED_EDGE ( 'NONE', *, *, #1527, .F. ) ;
#2134 = VERTEX_POINT ( 'NONE', #3370 ) ;
#2135 = CARTESIAN_POINT ( 'NONE',  ( 34.26858978976805759, 43.59999999999937614, 0.000000000000000000 ) ) ;
#2136 = FACE_OUTER_BOUND ( 'NONE', #4136, .T. ) ;
#2137 = DIRECTION ( 'NONE',  ( 0.000000000000000000, 0.7071067811865479058, 0.7071067811865472397 ) ) ;
#2138 = FACE_OUTER_BOUND ( 'NONE', #1638, .T. ) ;
#2139 = EDGE_LOOP ( 'NONE', ( #1211, #4027, #5724, #5895 ) ) ;
#2140 = LINE ( 'NONE', #4831, #3527 ) ;
#2141 = LINE ( 'NONE', #5399, #2570 ) ;
#2142 = DIRECTION ( 'NONE',  ( -1.000000000000000000, -0.000000000000000000, -0.000000000000000000 ) ) ;
#2143 = VECTOR ( 'NONE', #5514, 1000.000000000000000 ) ;
#2144 = ORIENTED_EDGE ( 'NONE', *, *, #1428, .F. ) ;
#2145 = ORIENTED_EDGE ( 'NONE', *, *, #1636, .F. ) ;
#2146 = AXIS2_PLACEMENT_3D ( 'NONE', #1991, #1446, #1930 ) ;
#2147 = ADVANCED_FACE ( 'NONE', ( #5672 ), #544, .F. ) ;
#2148 = EDGE_CURVE ( 'NONE', #4743, #5991, #4766, .T. ) ;
#2149 = DIRECTION ( 'NONE',  ( -1.000000000000000000, -0.000000000000000000, -0.000000000000000000 ) ) ;
#2150 = CIRCLE ( 'NONE', #5552, 1.575000000000006839 ) ;
#2151 = ORIENTED_EDGE ( 'NONE', *, *, #5854, .T. ) ;
#2152 = VERTEX_POINT ( 'NONE', #2026 ) ;
#2153 = VECTOR ( 'NONE', #5308, 1000.000000000000000 ) ;
#2154 = CARTESIAN_POINT ( 'NONE',  ( 0.000000000000000000, 16.13811929073951745, -40.28203005503669942 ) ) ;
#2155 = DIRECTION ( 'NONE',  ( 0.000000000000000000, 0.000000000000000000, 1.000000000000000000 ) ) ;
#2156 = FACE_BOUND ( 'NONE', #3814, .T. ) ;
#2157 = AXIS2_PLACEMENT_3D ( 'NONE', #639, #3436, #4429 ) ;
#2158 = CARTESIAN_POINT ( 'NONE',  ( 0.000000000000000000, -0.000000000000000000, -2.693344157371803327 ) ) ;
#2159 = VECTOR ( 'NONE', #5264, 1000.000000000000000 ) ;
#2160 = CARTESIAN_POINT ( 'NONE',  ( 0.000000000000000000, 28.63040106996021805, -23.40296325771194930 ) ) ;
#2161 = EDGE_LOOP ( 'NONE', ( #1244, #2438, #2067, #5742 ) ) ;
#2162 = CIRCLE ( 'NONE', #5562, 3.199999999999994404 ) ;
#2163 = ORIENTED_EDGE ( 'NONE', *, *, #4705, .T. ) ;
#2164 = ORIENTED_EDGE ( 'NONE', *, *, #1153, .F. ) ;
#2165 = LINE ( 'NONE', #800, #878 ) ;
#2166 = DIRECTION ( 'NONE',  ( -1.000000000000000000, -0.000000000000000000, -0.000000000000000000 ) ) ;
#2167 = DIRECTION ( 'NONE',  ( -1.000000000000000000, -0.000000000000000000, -0.000000000000000000 ) ) ;
#2168 = DIRECTION ( 'NONE',  ( -1.000000000000000000, 0.000000000000000000, 0.000000000000000000 ) ) ;
#2169 = ADVANCED_FACE ( 'NONE', ( #2491 ), #1057, .T. ) ;
#2170 = CIRCLE ( 'NONE', #4408, 1.499999999999997780 ) ;
#2171 = EDGE_LOOP ( 'NONE', ( #3791, #2356 ) ) ;
#2172 = CARTESIAN_POINT ( 'NONE',  ( 1.600000000000000089, 14.26852036069973018, -37.68499331274864517 ) ) ;
#2173 = DIRECTION ( 'NONE',  ( 1.000000000000000000, -0.000000000000000000, -0.000000000000000000 ) ) ;
#2174 = EDGE_CURVE ( 'NONE', #1508, #5445, #2051, .T. ) ;
#2175 = CARTESIAN_POINT ( 'NONE',  ( 0.000000000000000000, 8.797244765207940631, 29.11172395019792702 ) ) ;
#2176 = ORIENTED_EDGE ( 'NONE', *, *, #4900, .F. ) ;
#2177 = EDGE_LOOP ( 'NONE', ( #4553, #591, #5678, #3724 ) ) ;
#2178 = CARTESIAN_POINT ( 'NONE',  ( 1.600000000000000089, 36.83753498891921652, -38.17658520850884685 ) ) ;
#2179 = CIRCLE ( 'NONE', #2398, 15.39112077116033817 ) ;
#2180 = ADVANCED_FACE ( 'NONE', ( #5222 ), #2457, .F. ) ;
#2181 = VERTEX_POINT ( 'NONE', #1602 ) ;
#2182 = ADVANCED_FACE ( 'NONE', ( #2401 ), #5193, .T. ) ;
#2183 = ORIENTED_EDGE ( 'NONE', *, *, #5284, .F. ) ;
#2184 = FACE_OUTER_BOUND ( 'NONE', #4994, .T. ) ;
#2185 = LINE ( 'NONE', #4047, #2006 ) ;
#2186 = CARTESIAN_POINT ( 'NONE',  ( 1.600000000000000089, 32.79724476520794241, 27.61172395019732662 ) ) ;
#2187 = LINE ( 'NONE', #5892, #612 ) ;
#2188 = DIRECTION ( 'NONE',  ( 0.000000000000000000, -0.7425331678118417544, -0.6698092972625203645 ) ) ;
#2189 = EDGE_LOOP ( 'NONE', ( #2816, #5883, #2890, #4887, #485 ) ) ;
#2190 = AXIS2_PLACEMENT_3D ( 'NONE', #366, #1885, #1789 ) ;
#2191 = ORIENTED_EDGE ( 'NONE', *, *, #2389, .F. ) ;
#2192 = ORIENTED_EDGE ( 'NONE', *, *, #5316, .F. ) ;
#2193 = PLANE ( 'NONE',  #4952 ) ;
#2194 = CARTESIAN_POINT ( 'NONE',  ( 1.600000000000000089, 4.088077000000002847, 71.28672395019731312 ) ) ;
#2195 = DIRECTION ( 'NONE',  ( -1.000000000000000000, 0.000000000000000000, 0.000000000000000000 ) ) ;
#2196 = DIRECTION ( 'NONE',  ( 0.000000000000000000, 0.000000000000000000, -1.000000000000000000 ) ) ;
#2197 = EDGE_CURVE ( 'NONE', #1832, #5835, #1626, .T. ) ;
#2198 = VERTEX_POINT ( 'NONE', #2888 ) ;
#2199 = CARTESIAN_POINT ( 'NONE',  ( 0.000000000000000000, 14.26852036069776020, -11.68499331274864694 ) ) ;
#2200 = DIRECTION ( 'NONE',  ( 1.000000000000000000, 0.000000000000000000, 0.000000000000000000 ) ) ;
#2201 = AXIS2_PLACEMENT_3D ( 'NONE', #2976, #1021, #5701 ) ;
#2202 = LINE ( 'NONE', #5427, #291 ) ;
#2203 = VECTOR ( 'NONE', #3599, 1000.000000000000000 ) ;
#2204 = CIRCLE ( 'NONE', #5225, 14.00000000000000178 ) ;
#2205 = AXIS2_PLACEMENT_3D ( 'NONE', #475, #1444, #4664 ) ;
#2206 = EDGE_CURVE ( 'NONE', #4035, #3097, #4737, .T. ) ;
#2207 = EDGE_LOOP ( 'NONE', ( #768, #1563, #4483, #4676 ) ) ;
#2208 = ORIENTED_EDGE ( 'NONE', *, *, #4455, .T. ) ;
#2209 = CARTESIAN_POINT ( 'NONE',  ( 0.000000000000000000, 12.75745245326116262, 89.52604643332058743 ) ) ;
#2210 = DIRECTION ( 'NONE',  ( 0.000000000000000000, 0.000000000000000000, 1.000000000000000000 ) ) ;
#2211 = VERTEX_POINT ( 'NONE', #3799 ) ;
#2212 = ORIENTED_EDGE ( 'NONE', *, *, #5437, .F. ) ;
#2213 = CARTESIAN_POINT ( 'NONE',  ( 1.600000000000000089, 20.79724476520794241, 15.61172395019732839 ) ) ;
#2214 = EDGE_CURVE ( 'NONE', #604, #3217, #659, .T. ) ;
#2215 = PLANE ( 'NONE',  #5594 ) ;
#2216 = DIRECTION ( 'NONE',  ( 1.000000000000000000, -0.000000000000000000, -0.000000000000000000 ) ) ;
#2217 = LINE ( 'NONE', #3228, #1961 ) ;
#2218 = CARTESIAN_POINT ( 'NONE',  ( 0.000000000000000000, 7.924835697984207172, 10.10708183593993148 ) ) ;
#2219 = ORIENTED_EDGE ( 'NONE', *, *, #2637, .T. ) ;
#2220 = EDGE_LOOP ( 'NONE', ( #2322, #3983, #5293, #1874 ) ) ;
#2221 = ORIENTED_EDGE ( 'NONE', *, *, #1584, .T. ) ;
#2222 = CYLINDRICAL_SURFACE ( 'NONE', #5639, 1.575000000000006839 ) ;
#2223 = LINE ( 'NONE', #1347, #2806 ) ;
#2224 = ADVANCED_FACE ( 'NONE', ( #1485 ), #573, .F. ) ;
#2225 = EDGE_CURVE ( 'NONE', #27, #4111, #107, .T. ) ;
#2226 = CARTESIAN_POINT ( 'NONE',  ( 1.600000000000000089, 30.50000000000000000, 49.00000000000000000 ) ) ;
#2227 = CYLINDRICAL_SURFACE ( 'NONE', #1671, 2.250000000000001776 ) ;
#2228 = CARTESIAN_POINT ( 'NONE',  ( 0.000000000000000000, -1.600000000000629141, 62.41172395019732022 ) ) ;
#2229 = VECTOR ( 'NONE', #4707, 1000.000000000000000 ) ;
#2230 = ORIENTED_EDGE ( 'NONE', *, *, #3792, .F. ) ;
#2231 = VECTOR ( 'NONE', #3085, 1000.000000000000114 ) ;
#2232 = DIRECTION ( 'NONE',  ( -1.000000000000000000, 0.000000000000000000, -0.000000000000000000 ) ) ;
#2233 = DIRECTION ( 'NONE',  ( 1.000000000000000000, 0.000000000000000000, -0.000000000000000000 ) ) ;
#2234 = DIRECTION ( 'NONE',  ( -1.000000000000000000, -0.000000000000000000, -0.000000000000000000 ) ) ;
#2235 = CARTESIAN_POINT ( 'NONE',  ( 0.000000000000000000, 36.99999999999959499, 35.01172395019732875 ) ) ;
#2236 = ORIENTED_EDGE ( 'NONE', *, *, #4460, .T. ) ;
#2237 = ORIENTED_EDGE ( 'NONE', *, *, #1934, .T. ) ;
#2238 = DIRECTION ( 'NONE',  ( -1.000000000000000000, 0.000000000000000000, 0.000000000000000000 ) ) ;
#2239 = CARTESIAN_POINT ( 'NONE',  ( 1.600000000000000089, 25.11870559546649417, -48.42852021303009025 ) ) ;
#2240 = ORIENTED_EDGE ( 'NONE', *, *, #5703, .T. ) ;
#2241 = CIRCLE ( 'NONE', #989, 14.00000000000000178 ) ;
#2242 = CIRCLE ( 'NONE', #410, 1.575000000000006839 ) ;
#2243 = AXIS2_PLACEMENT_3D ( 'NONE', #2213, #2618, #1643 ) ;
#2244 = ORIENTED_EDGE ( 'NONE', *, *, #4622, .F. ) ;
#2245 = FACE_OUTER_BOUND ( 'NONE', #5336, .T. ) ;
#2246 = DIRECTION ( 'NONE',  ( 0.000000000000000000, 0.000000000000000000, -1.000000000000000000 ) ) ;
#2247 = PLANE ( 'NONE',  #1512 ) ;
#2248 = EDGE_CURVE ( 'NONE', #5991, #2416, #2949, .T. ) ;
#2249 = DIRECTION ( 'NONE',  ( 0.000000000000000000, -0.7811261647642347983, -0.6243732174915235245 ) ) ;
#2250 = SHAPE_DEFINITION_REPRESENTATION ( #4482, #2303 ) ;
#2251 = DIRECTION ( 'NONE',  ( 1.000000000000000000, -0.000000000000000000, -0.000000000000000000 ) ) ;
#2252 = VERTEX_POINT ( 'NONE', #175 ) ;
#2253 = ORIENTED_EDGE ( 'NONE', *, *, #2988, .F. ) ;
#2254 = VERTEX_POINT ( 'NONE', #1574 ) ;
#2255 = DIRECTION ( 'NONE',  ( -0.000000000000000000, 1.000000000000000000, 0.000000000000000000 ) ) ;
#2256 = CIRCLE ( 'NONE', #321, 1.499999999999994449 ) ;
#2257 = DIRECTION ( 'NONE',  ( 0.000000000000000000, -1.000000000000000000, 0.000000000000000000 ) ) ;
#2258 = CARTESIAN_POINT ( 'NONE',  ( 34.26858978976805759, 43.59999999999979536, -2.693344157371803327 ) ) ;
#2259 = VECTOR ( 'NONE', #5965, 1000.000000000000000 ) ;
#2260 = CARTESIAN_POINT ( 'NONE',  ( 1.600000000000000089, 34.87530306181896123, 85.54048093808702902 ) ) ;
#2261 = FACE_OUTER_BOUND ( 'NONE', #2091, .T. ) ;
#2262 = EDGE_CURVE ( 'NONE', #1986, #4304, #4825, .T. ) ;
#2263 = ADVANCED_FACE ( 'NONE', ( #287 ), #2080, .F. ) ;
#2264 = ORIENTED_EDGE ( 'NONE', *, *, #5640, .F. ) ;
#2265 = CYLINDRICAL_SURFACE ( 'NONE', #5843, 3.200000000000003286 ) ;
#2266 = DIRECTION ( 'NONE',  ( 0.000000000000000000, -1.000000000000000000, -6.799793840448104053E-16 ) ) ;
#2267 = CARTESIAN_POINT ( 'NONE',  ( 1.600000000000000089, 41.99999999999998579, 87.48921303800383953 ) ) ;
#2268 = CARTESIAN_POINT ( 'NONE',  ( 1.600000000000000089, 36.00000000000000000, 89.73921303800383953 ) ) ;
#2269 = AXIS2_PLACEMENT_3D ( 'NONE', #3408, #58, #1912 ) ;
#2270 = ORIENTED_EDGE ( 'NONE', *, *, #1039, .F. ) ;
#2271 = ORIENTED_EDGE ( 'NONE', *, *, #2387, .F. ) ;
#2272 = ORIENTED_EDGE ( 'NONE', *, *, #328, .T. ) ;
#2273 = CARTESIAN_POINT ( 'NONE',  ( 0.000000000000000000, 6.088077000000001959, 61.53672395019732022 ) ) ;
#2274 = VECTOR ( 'NONE', #418, 999.9999999999998863 ) ;
#2275 = DIRECTION ( 'NONE',  ( 0.000000000000000000, 0.000000000000000000, 1.000000000000000000 ) ) ;
#2276 = ORIENTED_EDGE ( 'NONE', *, *, #5048, .T. ) ;
#2277 = AXIS2_PLACEMENT_3D ( 'NONE', #299, #2149, #4013 ) ;
#2278 = VERTEX_POINT ( 'NONE', #3573 ) ;
#2279 = EDGE_CURVE ( 'NONE', #1401, #4653, #3996, .T. ) ;
#2280 = CARTESIAN_POINT ( 'NONE',  ( 0.000000000000000000, 16.13811929073754925, -14.28203005503669232 ) ) ;
#2281 = DIRECTION ( 'NONE',  ( 1.000000000000000000, 0.000000000000000000, 0.000000000000000000 ) ) ;
#2282 = DIRECTION ( 'NONE',  ( -1.000000000000000000, 0.000000000000000000, 0.000000000000000000 ) ) ;
#2283 = APPLICATION_PROTOCOL_DEFINITION ( 'draft international standard', 'automotive_design', 1998, #5808 ) ;
#2284 = CARTESIAN_POINT ( 'NONE',  ( 0.000000000000000000, -3.879231883397141978, -1.165432914443050860 ) ) ;
#2285 = ORIENTED_EDGE ( 'NONE', *, *, #3883, .F. ) ;
#2286 = EDGE_CURVE ( 'NONE', #5360, #1642, #4478, .T. ) ;
#2287 = VERTEX_POINT ( 'NONE', #3513 ) ;
#2288 = ORIENTED_EDGE ( 'NONE', *, *, #4829, .F. ) ;
#2289 = PLANE ( 'NONE',  #4308 ) ;
#2290 = DIRECTION ( 'NONE',  ( 1.000000000000000000, 0.000000000000000000, 0.000000000000000000 ) ) ;
#2291 = PLANE ( 'NONE',  #5265 ) ;
#2292 = VECTOR ( 'NONE', #5017, 1000.000000000000000 ) ;
#2293 = CARTESIAN_POINT ( 'NONE',  ( 0.000000000000000000, -1.600000000000837419, 84.41172395019731312 ) ) ;
#2294 = PLANE ( 'NONE',  #265 ) ;
#2295 = VERTEX_POINT ( 'NONE', #3058 ) ;
#2296 = DIRECTION ( 'NONE',  ( 1.000000000000000000, 0.000000000000000000, 0.000000000000000000 ) ) ;
#2297 = LINE ( 'NONE', #2331, #755 ) ;
#2299 = EDGE_CURVE ( 'NONE', #4295, #2880, #1627, .T. ) ;
#2298 = DIRECTION ( 'NONE',  ( 0.000000000000000000, 0.000000000000000000, -1.000000000000000000 ) ) ;
#2300 = ORIENTED_EDGE ( 'NONE', *, *, #5898, .F. ) ;
#2301 = VECTOR ( 'NONE', #2632, 1000.000000000000000 ) ;
#2302 = ORIENTED_EDGE ( 'NONE', *, *, #563, .T. ) ;
#2303 = ADVANCED_BREP_SHAPE_REPRESENTATION ( '1.6mm-≤‡∞Â-”“', ( #871, #2088 ), #1210 ) ;
#2304 = ORIENTED_EDGE ( 'NONE', *, *, #403, .F. ) ;
#2305 = VECTOR ( 'NONE', #1822, 1000.000000000000000 ) ;
#2306 = DIRECTION ( 'NONE',  ( 0.000000000000000000, 0.000000000000000000, 1.000000000000000000 ) ) ;
#2307 = VECTOR ( 'NONE', #5970, 1000.000000000000000 ) ;
#2308 = CARTESIAN_POINT ( 'NONE',  ( 1.600000000000000089, 8.797244765207940631, 27.61172395019793058 ) ) ;
#2309 = EDGE_CURVE ( 'NONE', #4879, #2120, #2109, .T. ) ;
#2311 = EDGE_CURVE ( 'NONE', #2096, #1749, #2412, .T. ) ;
#2310 = DIRECTION ( 'NONE',  ( 0.000000000000000000, -0.9821293082772760696, 0.1882073904574400047 ) ) ;
#2312 = ORIENTED_EDGE ( 'NONE', *, *, #4685, .F. ) ;
#2313 = ORIENTED_EDGE ( 'NONE', *, *, #1844, .T. ) ;
#2314 = ORIENTED_EDGE ( 'NONE', *, *, #1208, .T. ) ;
#2315 = CARTESIAN_POINT ( 'NONE',  ( 0.000000000000000000, 15.29260265095050109, 2.739314882973610477 ) ) ;
#2316 = CARTESIAN_POINT ( 'NONE',  ( 1.600000000000000089, 42.00000000000000000, 6.984204920241143807E-15 ) ) ;
#2317 = CARTESIAN_POINT ( 'NONE',  ( 0.000000000000000000, 5.088077000000000183, 74.91172395019732733 ) ) ;
#2318 = DIRECTION ( 'NONE',  ( 0.000000000000000000, 0.000000000000000000, 1.000000000000000000 ) ) ;
#2319 = DIRECTION ( 'NONE',  ( 0.000000000000000000, 0.9961946980917453232, -0.08715574274766113572 ) ) ;
#2320 = ORIENTED_EDGE ( 'NONE', *, *, #2098, .F. ) ;
#2321 = ADVANCED_FACE ( 'NONE', ( #2136 ), #3113, .T. ) ;
#2322 = ORIENTED_EDGE ( 'NONE', *, *, #5456, .T. ) ;
#2323 = EDGE_LOOP ( 'NONE', ( #808, #5585, #3499, #220 ) ) ;
#2324 = CYLINDRICAL_SURFACE ( 'NONE', #3038, 0.6000000000000033085 ) ;
#2325 = DIRECTION ( 'NONE',  ( 1.000000000000000000, 0.000000000000000000, 0.000000000000000000 ) ) ;
#2326 = DIRECTION ( 'NONE',  ( -1.000000000000000000, -0.000000000000000000, -0.000000000000000000 ) ) ;
#2327 = CYLINDRICAL_SURFACE ( 'NONE', #5458, 3.200000000000008171 ) ;
#2328 = CARTESIAN_POINT ( 'NONE',  ( 0.000000000000000000, 28.63040106996021805, -23.40296325771194930 ) ) ;
#2329 = ORIENTED_EDGE ( 'NONE', *, *, #150, .T. ) ;
#2330 = CARTESIAN_POINT ( 'NONE',  ( 1.600000000000000089, -9.129141284012695650E-16, -35.58827604980267978 ) ) ;
#2331 = CARTESIAN_POINT ( 'NONE',  ( 1.600000000000000089, 35.67540399075453905, 89.71567602462226887 ) ) ;
#2332 = CIRCLE ( 'NONE', #1565, 0.6000000000000033085 ) ;
#2333 = DIRECTION ( 'NONE',  ( 0.000000000000000000, 0.000000000000000000, -1.000000000000000000 ) ) ;
#2334 = VERTEX_POINT ( 'NONE', #5394 ) ;
#2335 = EDGE_CURVE ( 'NONE', #2010, #21, #5612, .T. ) ;
#2336 = VECTOR ( 'NONE', #5446, 1000.000000000000000 ) ;
#2337 = ORIENTED_EDGE ( 'NONE', *, *, #155, .F. ) ;
#2338 = ORIENTED_EDGE ( 'NONE', *, *, #2148, .F. ) ;
#2339 = DIRECTION ( 'NONE',  ( 1.000000000000000000, -0.000000000000000000, -0.000000000000000000 ) ) ;
#2340 = LINE ( 'NONE', #4198, #5711 ) ;
#2341 = DIRECTION ( 'NONE',  ( -1.000000000000000000, 0.000000000000000000, 0.000000000000000000 ) ) ;
#2342 = CIRCLE ( 'NONE', #454, 0.4999999999999935052 ) ;
#2343 = VERTEX_POINT ( 'NONE', #2544 ) ;
#2344 = EDGE_CURVE ( 'NONE', #4697, #4879, #3004, .T. ) ;
#2345 = ORIENTED_EDGE ( 'NONE', *, *, #3369, .F. ) ;
#2346 = EDGE_CURVE ( 'NONE', #1507, #2120, #5448, .T. ) ;
#2347 = EDGE_CURVE ( 'NONE', #1708, #494, #2603, .T. ) ;
#2348 = ORIENTED_EDGE ( 'NONE', *, *, #5456, .F. ) ;
#2349 = DIRECTION ( 'NONE',  ( 0.000000000000000000, 0.000000000000000000, -1.000000000000000000 ) ) ;
#2350 = CYLINDRICAL_SURFACE ( 'NONE', #2674, 1.575000000000006839 ) ;
#2351 = VECTOR ( 'NONE', #5684, 1000.000000000000000 ) ;
#2352 = DIRECTION ( 'NONE',  ( 0.000000000000000000, 2.565210315677348556E-17, 1.000000000000000000 ) ) ;
#2353 = CARTESIAN_POINT ( 'NONE',  ( 1.600000000000000089, 5.088077000000000183, 74.91172395019732733 ) ) ;
#2354 = VERTEX_POINT ( 'NONE', #3544 ) ;
#2355 = VECTOR ( 'NONE', #4846, 1000.000000000000000 ) ;
#2356 = ORIENTED_EDGE ( 'NONE', *, *, #1295, .T. ) ;
#2357 = EDGE_LOOP ( 'NONE', ( #5836, #2963, #4456, #1909 ) ) ;
#2358 = DIRECTION ( 'NONE',  ( -1.000000000000000000, -0.000000000000000000, -0.000000000000000000 ) ) ;
#2359 = PLANE ( 'NONE',  #1239 ) ;
#2360 = AXIS2_PLACEMENT_3D ( 'NONE', #595, #2854, #4365 ) ;
#2361 =( BOUNDED_CURVE ( )  B_SPLINE_CURVE ( 3, ( #5496, #3285, #4290, #117 ),
 .UNSPECIFIED., .F., .T. ) 
 B_SPLINE_CURVE_WITH_KNOTS ( ( 4, 4 ),
 ( 3.141592653589793116, 6.283185307179586232 ),
 .UNSPECIFIED. ) 
 CURVE ( )  GEOMETRIC_REPRESENTATION_ITEM ( )  RATIONAL_B_SPLINE_CURVE ( ( 1.000000000000000000, 0.3333333333333333703, 0.3333333333333333703, 1.000000000000000000 ) ) 
 REPRESENTATION_ITEM ( '' )  );
#2362 = EDGE_CURVE ( 'NONE', #4407, #2705, #5869, .T. ) ;
#2363 = CARTESIAN_POINT ( 'NONE',  ( 0.000000000000000000, -1.600000000000826095, -2.168404344972129790E-16 ) ) ;
#2364 = DIRECTION ( 'NONE',  ( 0.000000000000000000, 0.000000000000000000, -1.000000000000000000 ) ) ;
#2365 = LINE ( 'NONE', #5159, #5024 ) ;
#2366 = CARTESIAN_POINT ( 'NONE',  ( 0.000000000000000000, 36.00000000000001421, -33.83827604980267978 ) ) ;
#2367 = AXIS2_PLACEMENT_3D ( 'NONE', #3007, #4345, #1058 ) ;
#2368 = EDGE_CURVE ( 'NONE', #5226, #2782, #5884, .T. ) ;
#2369 = DIRECTION ( 'NONE',  ( 0.000000000000000000, 0.000000000000000000, -1.000000000000000000 ) ) ;
#2370 = DIRECTION ( 'NONE',  ( 1.000000000000000000, -0.000000000000000000, -0.000000000000000000 ) ) ;
#2371 = VECTOR ( 'NONE', #2714, 1000.000000000000000 ) ;
#2372 = ORIENTED_EDGE ( 'NONE', *, *, #4442, .T. ) ;
#2373 = VECTOR ( 'NONE', #2896, 1000.000000000000000 ) ;
#2374 = ORIENTED_EDGE ( 'NONE', *, *, #1589, .T. ) ;
#2375 = EDGE_CURVE ( 'NONE', #5617, #5267, #3088, .T. ) ;
#2376 = EDGE_CURVE ( 'NONE', #404, #3716, #4852, .T. ) ;
#2377 = ORIENTED_EDGE ( 'NONE', *, *, #1219, .F. ) ;
#2378 = DIRECTION ( 'NONE',  ( -1.000000000000000000, -0.000000000000000000, -0.000000000000000000 ) ) ;
#2379 = LINE ( 'NONE', #1493, #3844 ) ;
#2380 = CARTESIAN_POINT ( 'NONE',  ( 1.600000000000000089, 28.59341414503564138, 27.24012637705876116 ) ) ;
#2381 = CARTESIAN_POINT ( 'NONE',  ( 0.000000000000000000, 30.50000000000000000, 79.00000000000000000 ) ) ;
#2382 = ORIENTED_EDGE ( 'NONE', *, *, #1283, .F. ) ;
#2383 = AXIS2_PLACEMENT_3D ( 'NONE', #5288, #693, #4003 ) ;
#2384 = EDGE_LOOP ( 'NONE', ( #1134, #974, #4056, #5038 ) ) ;
#2385 = CARTESIAN_POINT ( 'NONE',  ( 0.000000000000000000, -0.000000000000000000, -5.588276049802678891 ) ) ;
#2386 = DIRECTION ( 'NONE',  ( -0.000000000000000000, 0.8115739819650136244, 0.5842496656374325248 ) ) ;
#2387 = EDGE_CURVE ( 'NONE', #4505, #1986, #4062, .T. ) ;
#2388 = VECTOR ( 'NONE', #398, 1000.000000000000000 ) ;
#2389 = EDGE_CURVE ( 'NONE', #3406, #3322, #5786, .T. ) ;
#2390 = LINE ( 'NONE', #1504, #4982 ) ;
#2391 = ORIENTED_EDGE ( 'NONE', *, *, #5653, .T. ) ;
#2392 = ORIENTED_EDGE ( 'NONE', *, *, #2458, .F. ) ;
#2393 = ORIENTED_EDGE ( 'NONE', *, *, #1669, .F. ) ;
#2394 = DIRECTION ( 'NONE',  ( 1.000000000000000000, 0.000000000000000000, -0.000000000000000000 ) ) ;
#2395 = DIRECTION ( 'NONE',  ( 1.000000000000000000, 0.000000000000000000, -0.000000000000000000 ) ) ;
#2396 = CARTESIAN_POINT ( 'NONE',  ( 34.26858978976805759, 0.000000000000000000, 84.41172395019731312 ) ) ;
#2397 = CYLINDRICAL_SURFACE ( 'NONE', #4301, 3.200000000000001510 ) ;
#2398 = AXIS2_PLACEMENT_3D ( 'NONE', #4590, #5983, #2246 ) ;
#2399 = DIRECTION ( 'NONE',  ( 0.000000000000000000, 0.000000000000000000, -1.000000000000000000 ) ) ;
#2400 = CARTESIAN_POINT ( 'NONE',  ( 0.000000000000000000, 29.72527329571467547, 35.01172395019732875 ) ) ;
#2401 = FACE_OUTER_BOUND ( 'NONE', #672, .T. ) ;
#2402 = CYLINDRICAL_SURFACE ( 'NONE', #1561, 13.99999999999999822 ) ;
#2403 = ORIENTED_EDGE ( 'NONE', *, *, #3603, .T. ) ;
#2404 = EDGE_CURVE ( 'NONE', #3942, #1074, #2108, .T. ) ;
#2405 = VERTEX_POINT ( 'NONE', #5057 ) ;
#2406 = ORIENTED_EDGE ( 'NONE', *, *, #1649, .F. ) ;
#2407 = CARTESIAN_POINT ( 'NONE',  ( 0.000000000000000000, 9.168842338346538057, 7.815554570369580567 ) ) ;
#2408 = PLANE ( 'NONE',  #3933 ) ;
#2409 = DIRECTION ( 'NONE',  ( 0.000000000000000000, 0.000000000000000000, 1.000000000000000000 ) ) ;
#2410 = VERTEX_POINT ( 'NONE', #2756 ) ;
#2411 = ORIENTED_EDGE ( 'NONE', *, *, #4891, .T. ) ;
#2412 = CIRCLE ( 'NONE', #568, 0.6000000000000033085 ) ;
#2413 = VERTEX_POINT ( 'NONE', #476 ) ;
#2414 = CARTESIAN_POINT ( 'NONE',  ( 1.600000000000000089, 0.000000000000000000, 0.000000000000000000 ) ) ;
#2415 = LINE ( 'NONE', #3853, #1388 ) ;
#2416 = VERTEX_POINT ( 'NONE', #506 ) ;
#2417 = EDGE_CURVE ( 'NONE', #5391, #790, #4539, .T. ) ;
#2418 = ORIENTED_EDGE ( 'NONE', *, *, #5107, .T. ) ;
#2419 = ORIENTED_EDGE ( 'NONE', *, *, #4460, .F. ) ;
#2420 = FACE_OUTER_BOUND ( 'NONE', #4544, .T. ) ;
#2421 = CARTESIAN_POINT ( 'NONE',  ( 1.600000000000000089, 14.26852036069776020, -14.88499331274865156 ) ) ;
#2422 = CARTESIAN_POINT ( 'NONE',  ( 0.000000000000000000, -0.000000000000000000, 0.000000000000000000 ) ) ;
#2423 = CARTESIAN_POINT ( 'NONE',  ( 0.000000000000000000, 1.600991980962532032E-15, 62.41172395019732733 ) ) ;
#2424 = DIRECTION ( 'NONE',  ( 0.000000000000000000, 0.000000000000000000, -1.000000000000000000 ) ) ;
#2425 = CARTESIAN_POINT ( 'NONE',  ( 34.26858978976805759, 0.000000000000000000, -35.58827604980267978 ) ) ;
#2426 = EDGE_CURVE ( 'NONE', #5487, #2705, #2820, .T. ) ;
#2427 = EDGE_CURVE ( 'NONE', #4242, #4294, #3672, .T. ) ;
#2428 = CARTESIAN_POINT ( 'NONE',  ( 0.000000000000000000, 30.77889837679251528, 52.18782303389357935 ) ) ;
#2429 = DIRECTION ( 'NONE',  ( 0.000000000000000000, -0.9281374038694141237, -0.3722377728529762675 ) ) ;
#2430 = CARTESIAN_POINT ( 'NONE',  ( 0.000000000000000000, 6.113077000000001426, 73.66172395019732733 ) ) ;
#2431 = ORIENTED_EDGE ( 'NONE', *, *, #4903, .F. ) ;
#2432 = ORIENTED_EDGE ( 'NONE', *, *, #4943, .F. ) ;
#2433 = ORIENTED_EDGE ( 'NONE', *, *, #5515, .T. ) ;
#2434 = LINE ( 'NONE', #4554, #708 ) ;
#2435 = CARTESIAN_POINT ( 'NONE',  ( 0.000000000000000000, 6.088077000000001071, 71.28672395019731312 ) ) ;
#2436 = CARTESIAN_POINT ( 'NONE',  ( 1.600000000000000089, 5.088077000000001959, 57.91172395019730601 ) ) ;
#2437 = CIRCLE ( 'NONE', #3982, 2.250000000000001776 ) ;
#2438 = ORIENTED_EDGE ( 'NONE', *, *, #1006, .F. ) ;
#2439 = ORIENTED_EDGE ( 'NONE', *, *, #223, .F. ) ;
#2440 = ORIENTED_EDGE ( 'NONE', *, *, #3684, .T. ) ;
#2441 = FACE_BOUND ( 'NONE', #3376, .T. ) ;
#2442 = LINE ( 'NONE', #1948, #3750 ) ;
#2443 = LINE ( 'NONE', #130, #322 ) ;
#2444 = ORIENTED_EDGE ( 'NONE', *, *, #4802, .F. ) ;
#2445 = ORIENTED_EDGE ( 'NONE', *, *, #2815, .F. ) ;
#2446 = ORIENTED_EDGE ( 'NONE', *, *, #5210, .F. ) ;
#2447 = EDGE_CURVE ( 'NONE', #2096, #5358, #1828, .T. ) ;
#2448 = CARTESIAN_POINT ( 'NONE',  ( 0.000000000000000000, 5.088077000000002847, 60.18672395019730459 ) ) ;
#2449 = CARTESIAN_POINT ( 'NONE',  ( 0.000000000000000000, 30.22110162320747762, 55.81217696610641354 ) ) ;
#2450 = CARTESIAN_POINT ( 'NONE',  ( 1.600000000000000089, 0.000000000000000000, 0.000000000000000000 ) ) ;
#2451 = ADVANCED_FACE ( 'NONE', ( #1414 ), #5477, .F. ) ;
#2452 = CARTESIAN_POINT ( 'NONE',  ( 0.000000000000000000, 42.00000000000000000, -2.693344157371803327 ) ) ;
#2453 = AXIS2_PLACEMENT_3D ( 'NONE', #1610, #2956, #5817 ) ;
#2454 = CARTESIAN_POINT ( 'NONE',  ( 1.600000000000000089, 6.088077000000001071, 70.78672395019731312 ) ) ;
#2455 = DIRECTION ( 'NONE',  ( 1.000000000000000000, 0.000000000000000000, 0.000000000000000000 ) ) ;
#2456 = AXIS2_PLACEMENT_3D ( 'NONE', #3076, #4849, #5782 ) ;
#2457 = CYLINDRICAL_SURFACE ( 'NONE', #1237, 3.199999999999994404 ) ;
#2458 = EDGE_CURVE ( 'NONE', #3269, #3993, #411, .T. ) ;
#2459 = CARTESIAN_POINT ( 'NONE',  ( 0.000000000000000000, 33.87818812500693610, -39.36345762753823152 ) ) ;
#2460 = CYLINDRICAL_SURFACE ( 'NONE', #214, 1.499999999999997780 ) ;
#2461 = CIRCLE ( 'NONE', #5837, 1.499999999999997780 ) ;
#2462 = ORIENTED_EDGE ( 'NONE', *, *, #3642, .F. ) ;
#2463 = EDGE_CURVE ( 'NONE', #4816, #394, #5576, .T. ) ;
#2464 = VECTOR ( 'NONE', #3275, 1000.000000000000000 ) ;
#2465 = VERTEX_POINT ( 'NONE', #1318 ) ;
#2466 = CARTESIAN_POINT ( 'NONE',  ( 0.000000000000000000, 40.70707317921593926, -23.37028165598355400 ) ) ;
#2467 = LINE ( 'NONE', #4680, #5469 ) ;
#2468 = VECTOR ( 'NONE', #4160, 1000.000000000000000 ) ;
#2469 = AXIS2_PLACEMENT_3D ( 'NONE', #4177, #1852, #856 ) ;
#2470 = CARTESIAN_POINT ( 'NONE',  ( 1.600000000000000089, 36.00000000000000000, 87.48921303800383953 ) ) ;
#2471 = CIRCLE ( 'NONE', #3733, 0.5999999999999998668 ) ;
#2472 = ORIENTED_EDGE ( 'NONE', *, *, #264, .T. ) ;
#2473 = EDGE_LOOP ( 'NONE', ( #4164, #1371, #2270, #667 ) ) ;
#2474 = CARTESIAN_POINT ( 'NONE',  ( 1.600000000000000089, 30.22110162320747762, 55.81217696610641354 ) ) ;
#2475 = DIRECTION ( 'NONE',  ( 0.000000000000000000, -0.7071067811865476838, -0.7071067811865474617 ) ) ;
#2476 = DIRECTION ( 'NONE',  ( 0.000000000000000000, 0.000000000000000000, -1.000000000000000000 ) ) ;
#2477 = ORIENTED_EDGE ( 'NONE', *, *, #4568, .T. ) ;
#2478 = AXIS2_PLACEMENT_3D ( 'NONE', #1841, #2238, #3650 ) ;
#2479 = EDGE_CURVE ( 'NONE', #5723, #5212, #3666, .T. ) ;
#2480 = ORIENTED_EDGE ( 'NONE', *, *, #4186, .F. ) ;
#2481 = EDGE_LOOP ( 'NONE', ( #4646, #1586, #3775, #3812 ) ) ;
#2482 = DIRECTION ( 'NONE',  ( 0.000000000000000000, 0.9899989471197554458, -0.1410747486326861533 ) ) ;
#2483 = CARTESIAN_POINT ( 'NONE',  ( 0.000000000000000000, 30.77889837679251528, 62.18782303389358646 ) ) ;
#2484 = LINE ( 'NONE', #5753, #436 ) ;
#2485 = CIRCLE ( 'NONE', #334, 0.4999999999999865663 ) ;
#2486 = LINE ( 'NONE', #171, #5065 ) ;
#2487 = FACE_OUTER_BOUND ( 'NONE', #2750, .T. ) ;
#2488 = CARTESIAN_POINT ( 'NONE',  ( 0.000000000000000000, 2.370555075665736784E-15, 92.41172395019732733 ) ) ;
#2489 = ADVANCED_FACE ( 'NONE', ( #4600 ), #4569, .T. ) ;
#2490 = CIRCLE ( 'NONE', #4063, 0.5999999999999998668 ) ;
#2491 = FACE_OUTER_BOUND ( 'NONE', #5137, .T. ) ;
#2492 = CARTESIAN_POINT ( 'NONE',  ( 0.000000000000000000, 14.26852036069874252, -27.88499331274864446 ) ) ;
#2493 = DIRECTION ( 'NONE',  ( 0.000000000000000000, 0.000000000000000000, 1.000000000000000000 ) ) ;
#2494 = EDGE_CURVE ( 'NONE', #5991, #5664, #4998, .T. ) ;
#2495 = ORIENTED_EDGE ( 'NONE', *, *, #1895, .F. ) ;
#2496 = LINE ( 'NONE', #2551, #3995 ) ;
#2497 = DIRECTION ( 'NONE',  ( 1.000000000000000000, -0.000000000000000000, -0.000000000000000000 ) ) ;
#2498 = DIRECTION ( 'NONE',  ( -0.000000000000000000, 9.912705577010316921E-17, 1.000000000000000000 ) ) ;
#2499 = CIRCLE ( 'NONE', #2190, 3.199999999999994404 ) ;
#2500 = VERTEX_POINT ( 'NONE', #4124 ) ;
#2501 = VERTEX_POINT ( 'NONE', #2692 ) ;
#2502 = EDGE_CURVE ( 'NONE', #284, #1743, #5356, .T. ) ;
#2503 = ADVANCED_FACE ( 'NONE', ( #443 ), #2720, .F. ) ;
#2504 = CARTESIAN_POINT ( 'NONE',  ( 0.000000000000000000, 21.56647773738793816, 41.26172395019733585 ) ) ;
#2505 = SURFACE_SIDE_STYLE ('',( #4843 ) ) ;
#2506 = ORIENTED_EDGE ( 'NONE', *, *, #5931, .T. ) ;
#2507 = VERTEX_POINT ( 'NONE', #3174 ) ;
#2508 = FACE_OUTER_BOUND ( 'NONE', #2767, .T. ) ;
#2509 = VECTOR ( 'NONE', #5250, 1000.000000000000114 ) ;
#2510 = DIRECTION ( 'NONE',  ( 1.000000000000000000, 0.000000000000000000, 0.000000000000000000 ) ) ;
#2511 = FACE_BOUND ( 'NONE', #5415, .T. ) ;
#2512 = VECTOR ( 'NONE', #4912, 1000.000000000000000 ) ;
#2513 = LINE ( 'NONE', #4250, #1665 ) ;
#2514 = AXIS2_PLACEMENT_3D ( 'NONE', #1139, #3000, #1959 ) ;
#2515 = CARTESIAN_POINT ( 'NONE',  ( 34.26858978976805759, 42.00000000000000711, -32.69334415737180422 ) ) ;
#2516 = EDGE_CURVE ( 'NONE', #3142, #3053, #5029, .T. ) ;
#2517 = CIRCLE ( 'NONE', #666, 1.575000000000006839 ) ;
#2518 = CARTESIAN_POINT ( 'NONE',  ( 1.600000000000000089, 14.26852036069874252, -24.68499331274864872 ) ) ;
#2519 = LINE ( 'NONE', #2027, #317 ) ;
#2520 = DIRECTION ( 'NONE',  ( 1.000000000000000000, 0.000000000000000000, 0.000000000000000000 ) ) ;
#2521 = VERTEX_POINT ( 'NONE', #1798 ) ;
#2522 = DIRECTION ( 'NONE',  ( -1.000000000000000000, -0.000000000000000000, -0.000000000000000000 ) ) ;
#2523 = CARTESIAN_POINT ( 'NONE',  ( 1.600000000000000089, 22.80517598100526300, 94.66652958214557145 ) ) ;
#2524 = ADVANCED_FACE ( 'NONE', ( #5510 ), #2291, .T. ) ;
#2525 = CARTESIAN_POINT ( 'NONE',  ( 34.26858978976805759, 43.59999999999979536, 0.000000000000000000 ) ) ;
#2526 = ORIENTED_EDGE ( 'NONE', *, *, #2065, .F. ) ;
#2527 = ORIENTED_EDGE ( 'NONE', *, *, #2985, .F. ) ;
#2528 = CYLINDRICAL_SURFACE ( 'NONE', #2277, 12.52488699960041174 ) ;
#2529 = VECTOR ( 'NONE', #4192, 1000.000000000000000 ) ;
#2530 = ADVANCED_FACE ( 'NONE', ( #1378 ), #3241, .F. ) ;
#2531 = ORIENTED_EDGE ( 'NONE', *, *, #1270, .T. ) ;
#2532 = ADVANCED_FACE ( 'NONE', ( #3365 ), #1478, .T. ) ;
#2533 = EDGE_CURVE ( 'NONE', #5445, #2574, #4701, .T. ) ;
#2535 = ORIENTED_EDGE ( 'NONE', *, *, #2977, .F. ) ;
#2534 = AXIS2_PLACEMENT_3D ( 'NONE', #5130, #5162, #13 ) ;
#2536 = LINE ( 'NONE', #5214, #2055 ) ;
#2537 = CARTESIAN_POINT ( 'NONE',  ( 1.600000000000000089, 34.75603095315095459, 14.53827709110678335 ) ) ;
#2538 = DIRECTION ( 'NONE',  ( -1.000000000000000000, 0.000000000000000000, 0.000000000000000000 ) ) ;
#2539 = CARTESIAN_POINT ( 'NONE',  ( 0.000000000000000000, 6.113077000000004091, 57.91172395019730601 ) ) ;
#2540 = CARTESIAN_POINT ( 'NONE',  ( 0.000000000000000000, 41.99999999999999289, 44.18222947802273382 ) ) ;
#2541 = CIRCLE ( 'NONE', #4955, 1.024999999999998135 ) ;
#2542 = ORIENTED_EDGE ( 'NONE', *, *, #818, .T. ) ;
#2543 = ORIENTED_EDGE ( 'NONE', *, *, #358, .T. ) ;
#2544 = CARTESIAN_POINT ( 'NONE',  ( 1.600000000000000089, 41.99999999999999289, 18.63222947802272600 ) ) ;
#2545 = DIRECTION ( 'NONE',  ( 0.000000000000000000, -1.000000000000000000, 0.000000000000000000 ) ) ;
#2546 = DIRECTION ( 'NONE',  ( 1.000000000000000000, -0.000000000000000000, -0.000000000000000000 ) ) ;
#2547 = CIRCLE ( 'NONE', #1754, 2.249999999999998668 ) ;
#2548 = VECTOR ( 'NONE', #4530, 1000.000000000000000 ) ;
#2549 = EDGE_CURVE ( 'NONE', #4993, #1630, #75, .T. ) ;
#2550 = VERTEX_POINT ( 'NONE', #1957 ) ;
#2551 = CARTESIAN_POINT ( 'NONE',  ( 34.26858978976805759, 41.99999999999959499, 35.30665584262819578 ) ) ;
#2552 = LINE ( 'NONE', #779, #3448 ) ;
#2553 = CARTESIAN_POINT ( 'NONE',  ( 0.000000000000000000, 7.924835697984207172, 10.10708183593993326 ) ) ;
#2554 = EDGE_CURVE ( 'NONE', #3225, #1939, #3796, .T. ) ;
#2555 = ADVANCED_FACE ( 'NONE', ( #540 ), #2397, .F. ) ;
#2556 = ORIENTED_EDGE ( 'NONE', *, *, #1895, .T. ) ;
#2557 = VECTOR ( 'NONE', #3949, 1000.000000000000000 ) ;
#2558 = ORIENTED_EDGE ( 'NONE', *, *, #4070, .T. ) ;
#2559 = CARTESIAN_POINT ( 'NONE',  ( 0.000000000000000000, 43.59999999999958931, 0.000000000000000000 ) ) ;
#2560 = AXIS2_PLACEMENT_3D ( 'NONE', #507, #46, #76 ) ;
#2561 =( NAMED_UNIT ( * ) PLANE_ANGLE_UNIT ( ) SI_UNIT ( $, .RADIAN. ) );
#2562 = VERTEX_POINT ( 'NONE', #4733 ) ;
#2563 = VERTEX_POINT ( 'NONE', #2452 ) ;
#2564 = CARTESIAN_POINT ( 'NONE',  ( 1.599999999999997202, 43.59999999999937614, 57.30665584262819578 ) ) ;
#2565 = ADVANCED_FACE ( 'NONE', ( #2975 ), #4820, .F. ) ;
#2566 = CARTESIAN_POINT ( 'NONE',  ( 0.000000000000000000, 21.56647773738793816, 28.76172395019732875 ) ) ;
#2567 = CARTESIAN_POINT ( 'NONE',  ( 0.000000000000000000, 20.79724476520794241, 15.61172395019732839 ) ) ;
#2568 = EDGE_CURVE ( 'NONE', #3984, #5196, #1080, .T. ) ;
#2569 = DIRECTION ( 'NONE',  ( -1.000000000000000000, -0.000000000000000000, -0.000000000000000000 ) ) ;
#2570 = VECTOR ( 'NONE', #2173, 1000.000000000000000 ) ;
#2571 = PLANE ( 'NONE',  #3084 ) ;
#2572 = ORIENTED_EDGE ( 'NONE', *, *, #3864, .F. ) ;
#2573 = ORIENTED_EDGE ( 'NONE', *, *, #1095, .F. ) ;
#2574 = VERTEX_POINT ( 'NONE', #2423 ) ;
#2575 = AXIS2_PLACEMENT_3D ( 'NONE', #2186, #4048, #1731 ) ;
#2576 = CARTESIAN_POINT ( 'NONE',  ( 0.000000000000000000, 36.00000000000000000, 87.48921303800383953 ) ) ;
#2577 = FACE_OUTER_BOUND ( 'NONE', #4273, .T. ) ;
#2578 = LINE ( 'NONE', #4033, #5704 ) ;
#2579 = CIRCLE ( 'NONE', #4135, 1.499999999999994449 ) ;
#2580 = ORIENTED_EDGE ( 'NONE', *, *, #256, .T. ) ;
#2581 = PLANE ( 'NONE',  #1869 ) ;
#2582 = PLANE ( 'NONE',  #2383 ) ;
#2583 = DIRECTION ( 'NONE',  ( 0.000000000000000000, 0.000000000000000000, 1.000000000000000000 ) ) ;
#2584 = EDGE_CURVE ( 'NONE', #2701, #405, #5699, .T. ) ;
#2585 = ORIENTED_EDGE ( 'NONE', *, *, #5598, .T. ) ;
#2586 = VERTEX_POINT ( 'NONE', #4761 ) ;
#2587 = DIRECTION ( 'NONE',  ( 0.000000000000000000, 0.000000000000000000, 1.000000000000000000 ) ) ;
#2588 = CIRCLE ( 'NONE', #1033, 1.024999999999998135 ) ;
#2589 = VERTEX_POINT ( 'NONE', #5728 ) ;
#2590 = ORIENTED_EDGE ( 'NONE', *, *, #4134, .F. ) ;
#2591 = CARTESIAN_POINT ( 'NONE',  ( 0.000000000000000000, 29.77331818518230122, 26.35556432313799391 ) ) ;
#2592 = DIRECTION ( 'NONE',  ( -1.000000000000000000, 0.000000000000000000, 0.000000000000000000 ) ) ;
#2593 = CARTESIAN_POINT ( 'NONE',  ( 1.600000000000000089, 6.113077000000002315, 74.91172395019732733 ) ) ;
#2594 = LINE ( 'NONE', #4417, #4876 ) ;
#2595 = DIRECTION ( 'NONE',  ( 1.000000000000000000, 0.000000000000000000, 0.000000000000000000 ) ) ;
#2596 = ORIENTED_EDGE ( 'NONE', *, *, #3240, .T. ) ;
#2597 = AXIS2_PLACEMENT_3D ( 'NONE', #1932, #77, #3208 ) ;
#2598 = ORIENTED_EDGE ( 'NONE', *, *, #4957, .F. ) ;
#2599 = ORIENTED_EDGE ( 'NONE', *, *, #1634, .T. ) ;
#2600 = AXIS2_PLACEMENT_3D ( 'NONE', #5806, #2655, #4024 ) ;
#2601 = CARTESIAN_POINT ( 'NONE',  ( 1.599999999999997202, -12.91973229384121957, 14.32247922899005665 ) ) ;
#2602 = VECTOR ( 'NONE', #2662, 1000.000000000000000 ) ;
#2603 = LINE ( 'NONE', #316, #3958 ) ;
#2604 = VECTOR ( 'NONE', #861, 1000.000000000000000 ) ;
#2605 = CARTESIAN_POINT ( 'NONE',  ( 0.000000000000000000, 32.46119753227376492, -37.73320069683507683 ) ) ;
#2606 = EDGE_CURVE ( 'NONE', #3885, #4654, #1761, .T. ) ;
#2607 = EDGE_CURVE ( 'NONE', #115, #1944, #1545, .T. ) ;
#2608 = ORIENTED_EDGE ( 'NONE', *, *, #415, .F. ) ;
#2609 = DIRECTION ( 'NONE',  ( -0.000000000000000000, -1.387778780781444492E-15, 1.000000000000000000 ) ) ;
#2610 = CARTESIAN_POINT ( 'NONE',  ( 0.000000000000000000, 25.48239641025217139, -48.30572980140875217 ) ) ;
#2611 = DIRECTION ( 'NONE',  ( 0.000000000000000000, 0.000000000000000000, -1.000000000000000000 ) ) ;
#2612 = ORIENTED_EDGE ( 'NONE', *, *, #1846, .F. ) ;
#2613 = ORIENTED_EDGE ( 'NONE', *, *, #1771, .T. ) ;
#2614 = ADVANCED_FACE ( 'NONE', ( #3828 ), #4791, .F. ) ;
#2615 = CARTESIAN_POINT ( 'NONE',  ( 0.000000000000000000, 12.39892143065993935, -35.08795657046059802 ) ) ;
#2616 = EDGE_LOOP ( 'NONE', ( #4439, #4830, #5103, #548 ) ) ;
#2617 = ORIENTED_EDGE ( 'NONE', *, *, #586, .F. ) ;
#2618 = DIRECTION ( 'NONE',  ( -1.000000000000000000, -0.000000000000000000, -0.000000000000000000 ) ) ;
#2619 = CARTESIAN_POINT ( 'NONE',  ( 1.600000000000000089, 30.77889837679251528, 72.18782303389357935 ) ) ;
#2620 = CARTESIAN_POINT ( 'NONE',  ( 1.600000000000000089, 11.57110162320748437, 77.44384054086496860 ) ) ;
#2621 = CARTESIAN_POINT ( 'NONE',  ( 1.600000000000000089, 33.36099998707413761, -38.38204835164821560 ) ) ;
#2622 = ADVANCED_FACE ( 'NONE', ( #5217 ), #1572, .F. ) ;
#2623 = CYLINDRICAL_SURFACE ( 'NONE', #5128, 0.4999999999999865663 ) ;
#2624 = EDGE_LOOP ( 'NONE', ( #180, #1312, #122, #4954 ) ) ;
#2625 = AXIS2_PLACEMENT_3D ( 'NONE', #2235, #4947, #1778 ) ;
#2626 = EDGE_CURVE ( 'NONE', #447, #3847, #2513, .T. ) ;
#2627 = ORIENTED_EDGE ( 'NONE', *, *, #993, .T. ) ;
#2628 = EDGE_LOOP ( 'NONE', ( #5075, #5359, #3878, #5348 ) ) ;
#2629 = CARTESIAN_POINT ( 'NONE',  ( 1.600000000000000089, 6.838458577264938221, 16.68517080928797114 ) ) ;
#2630 = DIRECTION ( 'NONE',  ( 0.000000000000000000, 1.000000000000000000, 4.336808689942016158E-15 ) ) ;
#2631 = DIRECTION ( 'NONE',  ( 0.000000000000000000, 0.7071067811865479058, 0.7071067811865471286 ) ) ;
#2632 = DIRECTION ( 'NONE',  ( 0.000000000000000000, 0.000000000000000000, -1.000000000000000000 ) ) ;
#2633 = ORIENTED_EDGE ( 'NONE', *, *, #773, .T. ) ;
#2634 = LINE ( 'NONE', #4484, #2468 ) ;
#2635 = VECTOR ( 'NONE', #1462, 1000.000000000000000 ) ;
#2636 = LINE ( 'NONE', #326, #4503 ) ;
#2637 = EDGE_CURVE ( 'NONE', #2507, #4619, #2486, .T. ) ;
#2639 = EDGE_CURVE ( 'NONE', #1952, #979, #2021, .T. ) ;
#2638 = LINE ( 'NONE', #2698, #3590 ) ;
#2640 = VECTOR ( 'NONE', #5508, 1000.000000000000000 ) ;
#2641 = ORIENTED_EDGE ( 'NONE', *, *, #2606, .F. ) ;
#2642 = ORIENTED_EDGE ( 'NONE', *, *, #710, .T. ) ;
#2643 = VECTOR ( 'NONE', #3025, 1000.000000000000000 ) ;
#2644 = DIRECTION ( 'NONE',  ( 1.000000000000000000, -0.000000000000000000, -0.000000000000000000 ) ) ;
#2645 = VECTOR ( 'NONE', #3203, 1000.000000000000000 ) ;
#2646 = VERTEX_POINT ( 'NONE', #986 ) ;
#2647 = EDGE_LOOP ( 'NONE', ( #1678, #2923, #245, #2699 ) ) ;
#2648 = VECTOR ( 'NONE', #5735, 1000.000000000000000 ) ;
#2649 = LINE ( 'NONE', #338, #2548 ) ;
#2650 = CARTESIAN_POINT ( 'NONE',  ( 1.600000000000000089, 11.82117134523360136, 4.867883577256650440 ) ) ;
#2651 = CARTESIAN_POINT ( 'NONE',  ( 1.600000000000000089, 28.63040106995923040, -10.40296325771195640 ) ) ;
#2652 = AXIS2_PLACEMENT_3D ( 'NONE', #5680, #1940, #2866 ) ;
#2653 = DIRECTION ( 'NONE',  ( -1.000000000000000000, -0.000000000000000000, -0.000000000000000000 ) ) ;
#2654 = AXIS2_PLACEMENT_3D ( 'NONE', #2746, #4594, #2844 ) ;
#2655 = DIRECTION ( 'NONE',  ( 1.000000000000000000, 0.000000000000000000, 0.000000000000000000 ) ) ;
#2656 = VERTEX_POINT ( 'NONE', #5273 ) ;
#2657 = AXIS2_PLACEMENT_3D ( 'NONE', #5201, #1032, #1843 ) ;
#2658 = EDGE_CURVE ( 'NONE', #5169, #549, #4022, .T. ) ;
#2659 = EDGE_LOOP ( 'NONE', ( #2783, #4361, #3785, #2881 ) ) ;
#2660 = ORIENTED_EDGE ( 'NONE', *, *, #2007, .F. ) ;
#2661 = DIRECTION ( 'NONE',  ( 1.000000000000000000, -0.000000000000000000, 0.000000000000000000 ) ) ;
#2662 = DIRECTION ( 'NONE',  ( -1.000000000000000000, -0.000000000000000000, -0.000000000000000000 ) ) ;
#2663 = ADVANCED_FACE ( 'NONE', ( #4932 ), #1598, .F. ) ;
#2664 = CARTESIAN_POINT ( 'NONE',  ( 1.600000000000000089, 36.00000000000000000, 87.48921303800383953 ) ) ;
#2665 = CARTESIAN_POINT ( 'NONE',  ( 0.000000000000000000, 20.79724476520794241, 15.61172395019732839 ) ) ;
#2666 = CIRCLE ( 'NONE', #2269, 2.250000000000001776 ) ;
#2667 = EDGE_LOOP ( 'NONE', ( #4166, #135, #112, #149 ) ) ;
#2668 = CARTESIAN_POINT ( 'NONE',  ( 0.000000000000000000, 32.11375111226616497, 87.13429109927973570 ) ) ;
#2669 = DIRECTION ( 'NONE',  ( 1.000000000000000000, -0.000000000000000000, -0.000000000000000000 ) ) ;
#2670 = AXIS2_PLACEMENT_3D ( 'NONE', #170, #1137, #628 ) ;
#2671 = CARTESIAN_POINT ( 'NONE',  ( 1.600000000000000089, 6.113077000000002315, 74.91172395019732733 ) ) ;
#2672 = EDGE_CURVE ( 'NONE', #1945, #143, #3988, .T. ) ;
#2673 = ORIENTED_EDGE ( 'NONE', *, *, #393, .F. ) ;
#2674 = AXIS2_PLACEMENT_3D ( 'NONE', #4144, #6015, #2811 ) ;
#2675 = ORIENTED_EDGE ( 'NONE', *, *, #3388, .T. ) ;
#2676 = CARTESIAN_POINT ( 'NONE',  ( 1.600000000000000089, 32.36959893003978550, -28.59703674228804005 ) ) ;
#2677 = CARTESIAN_POINT ( 'NONE',  ( 1.600000000000000089, -9.898704378715899416E-16, -38.58827604980267978 ) ) ;
#2678 = VECTOR ( 'NONE', #785, 1000.000000000000000 ) ;
#2679 = ORIENTED_EDGE ( 'NONE', *, *, #3278, .F. ) ;
#2680 = EDGE_CURVE ( 'NONE', #3127, #5116, #2948, .T. ) ;
#2681 = EDGE_CURVE ( 'NONE', #2295, #1505, #5754, .T. ) ;
#2682 = ORIENTED_EDGE ( 'NONE', *, *, #4725, .T. ) ;
#2683 = DIRECTION ( 'NONE',  ( 0.000000000000000000, -0.7547485790292388641, -0.6560141633023974794 ) ) ;
#2684 = CARTESIAN_POINT ( 'NONE',  ( 0.000000000000000000, 30.22110162320748117, 75.81217696610640644 ) ) ;
#2685 = CARTESIAN_POINT ( 'NONE',  ( 1.600000000000000089, 5.088077000000000183, 74.91172395019732733 ) ) ;
#2686 = DIRECTION ( 'NONE',  ( 1.000000000000000000, -0.000000000000000000, -0.000000000000000000 ) ) ;
#2687 = CARTESIAN_POINT ( 'NONE',  ( 0.000000000000000000, 29.72527329571467547, 35.01172395019732875 ) ) ;
#2688 = VERTEX_POINT ( 'NONE', #3107 ) ;
#2689 = ORIENTED_EDGE ( 'NONE', *, *, #2279, .T. ) ;
#2690 = ORIENTED_EDGE ( 'NONE', *, *, #4528, .T. ) ;
#2691 = CARTESIAN_POINT ( 'NONE',  ( 0.000000000000000000, 0.000000000000000000, 84.41172395019731312 ) ) ;
#2692 = CARTESIAN_POINT ( 'NONE',  ( 1.600000000000000089, 25.86300191530688863, -48.44189852872219149 ) ) ;
#2693 = CARTESIAN_POINT ( 'NONE',  ( 0.000000000000000000, 32.79724476520794241, 27.61172395019732662 ) ) ;
#2694 = DIRECTION ( 'NONE',  ( 1.000000000000000000, -0.000000000000000000, -0.000000000000000000 ) ) ;
#2695 = ORIENTED_EDGE ( 'NONE', *, *, #5386, .F. ) ;
#2696 = CARTESIAN_POINT ( 'NONE',  ( 34.26858978976805759, -12.91973229384121957, 14.32247922899005665 ) ) ;
#2697 = FACE_OUTER_BOUND ( 'NONE', #4419, .T. ) ;
#2698 = CARTESIAN_POINT ( 'NONE',  ( 0.000000000000000000, 32.36959893003978550, -28.59703674228804005 ) ) ;
#2699 = ORIENTED_EDGE ( 'NONE', *, *, #3946, .T. ) ;
#2700 = ADVANCED_FACE ( 'NONE', ( #5862 ), #253, .T. ) ;
#2701 = VERTEX_POINT ( 'NONE', #2539 ) ;
#2702 = DIRECTION ( 'NONE',  ( 0.000000000000000000, 0.000000000000000000, 1.000000000000000000 ) ) ;
#2703 = DIRECTION ( 'NONE',  ( 0.000000000000000000, 6.799793840448104053E-16, -1.000000000000000000 ) ) ;
#2704 = EDGE_LOOP ( 'NONE', ( #4515, #2527, #2285, #3783 ) ) ;
#2705 = VERTEX_POINT ( 'NONE', #5805 ) ;
#2706 = PLANE ( 'NONE',  #2652 ) ;
#2707 = DIRECTION ( 'NONE',  ( 0.000000000000000000, 0.000000000000000000, -1.000000000000000000 ) ) ;
#2708 = FACE_OUTER_BOUND ( 'NONE', #364, .T. ) ;
#2709 = EDGE_CURVE ( 'NONE', #4474, #5169, #4960, .T. ) ;
#2710 = FACE_OUTER_BOUND ( 'NONE', #98, .T. ) ;
#2711 = EDGE_CURVE ( 'NONE', #3283, #4697, #2999, .T. ) ;
#2712 = FILL_AREA_STYLE ('',( #1922 ) ) ;
#2713 = ADVANCED_FACE ( 'NONE', ( #4444 ), #4874, .F. ) ;
#2714 = DIRECTION ( 'NONE',  ( 0.000000000000000000, 0.000000000000000000, -1.000000000000000000 ) ) ;
#2715 = ORIENTED_EDGE ( 'NONE', *, *, #2797, .T. ) ;
#2716 = ORIENTED_EDGE ( 'NONE', *, *, #2947, .T. ) ;
#2717 = EDGE_LOOP ( 'NONE', ( #3953, #4411, #4008, #1026 ) ) ;
#2718 = CARTESIAN_POINT ( 'NONE',  ( 1.600000000000000089, 6.832769396141102902, 14.61501553409683041 ) ) ;
#2719 = CARTESIAN_POINT ( 'NONE',  ( 1.600000000000000089, 18.67813011214031249, 95.02759930952281309 ) ) ;
#2720 = PLANE ( 'NONE',  #5748 ) ;
#2721 = DIRECTION ( 'NONE',  ( -1.000000000000000000, -0.000000000000000000, -0.000000000000000000 ) ) ;
#2722 = DIRECTION ( 'NONE',  ( -1.000000000000000000, -0.000000000000000000, -0.000000000000000000 ) ) ;
#2723 = VECTOR ( 'NONE', #4774, 1000.000000000000000 ) ;
#2724 = EDGE_LOOP ( 'NONE', ( #4109, #4432, #375, #3492 ) ) ;
#2725 = AXIS2_PLACEMENT_3D ( 'NONE', #5936, #3640, #481 ) ;
#2726 = CARTESIAN_POINT ( 'NONE',  ( 0.000000000000000000, 45.74759006291316155, 79.26561745034636886 ) ) ;
#2727 = CARTESIAN_POINT ( 'NONE',  ( 0.000000000000000000, 28.63040106996021805, -23.40296325771194930 ) ) ;
#2728 = DIRECTION ( 'NONE',  ( -0.000000000000000000, 1.000000000000000000, 0.000000000000000000 ) ) ;
#2729 = LINE ( 'NONE', #4101, #1742 ) ;
#2730 = ORIENTED_EDGE ( 'NONE', *, *, #4245, .T. ) ;
#2731 = EDGE_CURVE ( 'NONE', #3942, #2688, #2059, .T. ) ;
#2732 = AXIS2_PLACEMENT_3D ( 'NONE', #2425, #2887, #571 ) ;
#2733 = ORIENTED_EDGE ( 'NONE', *, *, #1442, .F. ) ;
#2734 = ORIENTED_EDGE ( 'NONE', *, *, #4495, .T. ) ;
#2735 = CARTESIAN_POINT ( 'NONE',  ( 1.600000000000000089, 19.72379790611723749, 29.57051013814032814 ) ) ;
#2736 = DIRECTION ( 'NONE',  ( -1.000000000000000000, -0.000000000000000000, -0.000000000000000000 ) ) ;
#2737 = EDGE_CURVE ( 'NONE', #4497, #284, #3614, .T. ) ;
#2738 = ORIENTED_EDGE ( 'NONE', *, *, #3416, .T. ) ;
#2739 = VECTOR ( 'NONE', #3895, 999.9999999999998863 ) ;
#2740 = AXIS2_PLACEMENT_3D ( 'NONE', #369, #4558, #4657 ) ;
#2741 = ORIENTED_EDGE ( 'NONE', *, *, #3081, .F. ) ;
#2742 = CARTESIAN_POINT ( 'NONE',  ( 1.600000000000000089, 12.39892143065797470, -9.087956570460603345 ) ) ;
#2743 = LINE ( 'NONE', #5529, #2388 ) ;
#2744 = LINE ( 'NONE', #4593, #1966 ) ;
#2745 = AXIS2_PLACEMENT_3D ( 'NONE', #1851, #3720, #2352 ) ;
#2746 = CARTESIAN_POINT ( 'NONE',  ( 1.600000000000000089, 14.86996672074904602, -2.849561263587806259 ) ) ;
#2747 = ORIENTED_EDGE ( 'NONE', *, *, #1391, .T. ) ;
#2748 = VECTOR ( 'NONE', #2721, 1000.000000000000000 ) ;
#2749 = ADVANCED_FACE ( 'NONE', ( #5303 ), #682, .F. ) ;
#2750 = EDGE_LOOP ( 'NONE', ( #1716, #4661, #4564, #607 ) ) ;
#2751 = ORIENTED_EDGE ( 'NONE', *, *, #1589, .F. ) ;
#2752 = CARTESIAN_POINT ( 'NONE',  ( 1.600000000000000089, 8.797244765207940631, 29.11172395019792702 ) ) ;
#2753 = VECTOR ( 'NONE', #1580, 1000.000000000000000 ) ;
#2754 = EDGE_CURVE ( 'NONE', #115, #5143, #4502, .T. ) ;
#2755 = CARTESIAN_POINT ( 'NONE',  ( 1.600000000000000089, 24.78504948079999082, 29.03176171282310136 ) ) ;
#2756 = CARTESIAN_POINT ( 'NONE',  ( 1.600000000000000089, 4.063076999999998051, 74.91172395019732733 ) ) ;
#2757 = VECTOR ( 'NONE', #2310, 1000.000000000000000 ) ;
#2758 = CARTESIAN_POINT ( 'NONE',  ( 34.26858978976805759, 41.99999999999959499, 27.30665584262819578 ) ) ;
#2759 = DIRECTION ( 'NONE',  ( 0.000000000000000000, -0.9821293082772780680, 0.1882073904574295964 ) ) ;
#2760 = EDGE_CURVE ( 'NONE', #704, #1907, #5413, .T. ) ;
#2761 = ORIENTED_EDGE ( 'NONE', *, *, #4287, .F. ) ;
#2762 = DIRECTION ( 'NONE',  ( 0.000000000000000000, 0.000000000000000000, -1.000000000000000000 ) ) ;
#2763 = DIRECTION ( 'NONE',  ( 0.000000000000000000, 0.000000000000000000, 1.000000000000000000 ) ) ;
#2764 = DIRECTION ( 'NONE',  ( 0.000000000000000000, 0.000000000000000000, 1.000000000000000000 ) ) ;
#2765 = VECTOR ( 'NONE', #182, 1000.000000000000000 ) ;
#2766 = ORIENTED_EDGE ( 'NONE', *, *, #193, .T. ) ;
#2767 = EDGE_LOOP ( 'NONE', ( #2877, #2970, #1351, #1431 ) ) ;
#2768 = ORIENTED_EDGE ( 'NONE', *, *, #5611, .F. ) ;
#2769 = DIRECTION ( 'NONE',  ( -0.000000000000000000, 0.8115739819650132914, 0.5842496656374329689 ) ) ;
#2770 = AXIS2_PLACEMENT_3D ( 'NONE', #765, #3624, #3105 ) ;
#2771 = DIRECTION ( 'NONE',  ( 0.000000000000000000, 1.000000000000000000, 6.799793840448104053E-16 ) ) ;
#2772 = DIRECTION ( 'NONE',  ( -1.000000000000000000, 0.000000000000000000, 0.000000000000000000 ) ) ;
#2773 = EDGE_CURVE ( 'NONE', #651, #5617, #2594, .T. ) ;
#2774 = ORIENTED_EDGE ( 'NONE', *, *, #5737, .F. ) ;
#2775 = ORIENTED_EDGE ( 'NONE', *, *, #1844, .F. ) ;
#2776 = AXIS2_PLACEMENT_3D ( 'NONE', #3042, #4496, #2587 ) ;
#2777 = ORIENTED_EDGE ( 'NONE', *, *, #3884, .F. ) ;
#2778 = DIRECTION ( 'NONE',  ( 1.000000000000000000, -0.000000000000000000, -0.000000000000000000 ) ) ;
#2779 = CARTESIAN_POINT ( 'NONE',  ( 1.600000000000000089, 30.50000000000000000, -25.99999999999999645 ) ) ;
#2780 = CARTESIAN_POINT ( 'NONE',  ( 1.599999999999997202, -1.600000000000210143, 2.411723950197321109 ) ) ;
#2781 = DIRECTION ( 'NONE',  ( -1.000000000000000000, -0.000000000000000000, -0.000000000000000000 ) ) ;
#2782 = VERTEX_POINT ( 'NONE', #3505 ) ;
#2783 = ORIENTED_EDGE ( 'NONE', *, *, #1584, .F. ) ;
#2784 = VERTEX_POINT ( 'NONE', #3049 ) ;
#2785 = DIRECTION ( 'NONE',  ( 1.000000000000000000, 0.000000000000000000, 0.000000000000000000 ) ) ;
#2786 = DIRECTION ( 'NONE',  ( 0.000000000000000000, -0.7953493139644385312, -0.6061513579761221848 ) ) ;
#2787 = CARTESIAN_POINT ( 'NONE',  ( 1.600000000000000089, 3.469446951953614189E-15, 41.93222947802272671 ) ) ;
#2788 = EDGE_CURVE ( 'NONE', #5390, #790, #2242, .T. ) ;
#2789 = VECTOR ( 'NONE', #4958, 1000.000000000000000 ) ;
#2790 = DIRECTION ( 'NONE',  ( -1.000000000000000000, -0.000000000000000000, -0.000000000000000000 ) ) ;
#2791 = PLANE ( 'NONE',  #3955 ) ;
#2792 = ORIENTED_EDGE ( 'NONE', *, *, #4839, .F. ) ;
#2793 = CYLINDRICAL_SURFACE ( 'NONE', #977, 13.99999999999999822 ) ;
#2794 = DIRECTION ( 'NONE',  ( 0.000000000000000000, 0.000000000000000000, -1.000000000000000000 ) ) ;
#2795 = EDGE_CURVE ( 'NONE', #5664, #2563, #307, .T. ) ;
#2796 = DIRECTION ( 'NONE',  ( -1.000000000000000000, 0.000000000000000000, -0.000000000000000000 ) ) ;
#2797 = EDGE_CURVE ( 'NONE', #5196, #438, #2217, .T. ) ;
#2798 = ORIENTED_EDGE ( 'NONE', *, *, #5737, .T. ) ;
#2799 = ADVANCED_FACE ( 'NONE', ( #2710 ), #4145, .F. ) ;
#2800 = ORIENTED_EDGE ( 'NONE', *, *, #3013, .T. ) ;
#2801 = ORIENTED_EDGE ( 'NONE', *, *, #14, .T. ) ;
#2802 = CYLINDRICAL_SURFACE ( 'NONE', #2478, 1.024999999999998135 ) ;
#2803 = VECTOR ( 'NONE', #145, 1000.000000000000114 ) ;
#2804 = DIRECTION ( 'NONE',  ( 0.000000000000000000, 0.7811261647642349093, 0.6243732174915237465 ) ) ;
#2805 = PLANE ( 'NONE',  #2657 ) ;
#2806 = VECTOR ( 'NONE', #1317, 1000.000000000000114 ) ;
#2807 = DIRECTION ( 'NONE',  ( 0.000000000000000000, 0.000000000000000000, -1.000000000000000000 ) ) ;
#2808 = EDGE_LOOP ( 'NONE', ( #2345, #503, #4627, #3554 ) ) ;
#2809 = ORIENTED_EDGE ( 'NONE', *, *, #1453, .T. ) ;
#2810 = PLANE ( 'NONE',  #5974 ) ;
#2811 = DIRECTION ( 'NONE',  ( 0.000000000000000000, 0.000000000000000000, -1.000000000000000000 ) ) ;
#2812 = PLANE ( 'NONE',  #1487 ) ;
#2813 = PLANE ( 'NONE',  #2469 ) ;
#2814 = ORIENTED_EDGE ( 'NONE', *, *, #951, .F. ) ;
#2815 = EDGE_CURVE ( 'NONE', #4935, #5723, #399, .T. ) ;
#2816 = ORIENTED_EDGE ( 'NONE', *, *, #4323, .F. ) ;
#2817 = ORIENTED_EDGE ( 'NONE', *, *, #4248, .F. ) ;
#2818 = LINE ( 'NONE', #504, #1183 ) ;
#2819 = FACE_OUTER_BOUND ( 'NONE', #1344, .T. ) ;
#2820 = LINE ( 'NONE', #4183, #271 ) ;
#2821 = DIRECTION ( 'NONE',  ( 0.000000000000000000, 1.355252715606880543E-16, -1.000000000000000000 ) ) ;
#2822 = DIRECTION ( 'NONE',  ( -0.000000000000000000, 0.1882073904574295964, 0.9821293082772780680 ) ) ;
#2823 = EDGE_CURVE ( 'NONE', #3250, #63, #3625, .T. ) ;
#2824 = DIRECTION ( 'NONE',  ( -1.000000000000000000, -0.000000000000000000, -0.000000000000000000 ) ) ;
#2825 = CARTESIAN_POINT ( 'NONE',  ( 0.000000000000000000, 11.84999999999999964, 60.63166357475856216 ) ) ;
#2826 = AXIS2_PLACEMENT_3D ( 'NONE', #1660, #610, #2005 ) ;
#2827 = PLANE ( 'NONE',  #5816 ) ;
#2828 = ORIENTED_EDGE ( 'NONE', *, *, #3051, .T. ) ;
#2829 = VECTOR ( 'NONE', #4121, 1000.000000000000000 ) ;
#2830 = ORIENTED_EDGE ( 'NONE', *, *, #1669, .T. ) ;
#2831 = EDGE_CURVE ( 'NONE', #604, #5825, #2187, .T. ) ;
#2832 = ORIENTED_EDGE ( 'NONE', *, *, #1453, .F. ) ;
#2833 = CARTESIAN_POINT ( 'NONE',  ( 1.600000000000000089, 41.99999999999999289, 39.68222947802273382 ) ) ;
#2834 = DIRECTION ( 'NONE',  ( 0.000000000000000000, 0.000000000000000000, -1.000000000000000000 ) ) ;
#2835 = ADVANCED_FACE ( 'NONE', ( #5565 ), #1732, .F. ) ;
#2836 = LINE ( 'NONE', #552, #5368 ) ;
#2837 = APPLICATION_CONTEXT ( 'automotive_design' ) ;
#2838 = FACE_OUTER_BOUND ( 'NONE', #3507, .T. ) ;
#2839 = ORIENTED_EDGE ( 'NONE', *, *, #34, .F. ) ;
#2840 = ORIENTED_EDGE ( 'NONE', *, *, #3843, .F. ) ;
#2841 = CARTESIAN_POINT ( 'NONE',  ( 1.600000000000000089, 4.063077000000000716, 59.16172395019730601 ) ) ;
#2842 = CARTESIAN_POINT ( 'NONE',  ( 1.599999999999997202, -1.045918538495705866E-14, 2.411723950197328215 ) ) ;
#2843 = VECTOR ( 'NONE', #3091, 1000.000000000000114 ) ;
#2844 = DIRECTION ( 'NONE',  ( 0.000000000000000000, 0.1882073904574437795, 0.9821293082772752925 ) ) ;
#2845 = AXIS2_PLACEMENT_3D ( 'NONE', #4769, #3922, #5763 ) ;
#2846 = ORIENTED_EDGE ( 'NONE', *, *, #4371, .F. ) ;
#2847 = VECTOR ( 'NONE', #5537, 1000.000000000000227 ) ;
#2848 = ORIENTED_EDGE ( 'NONE', *, *, #5489, .T. ) ;
#2849 = EDGE_LOOP ( 'NONE', ( #5220, #3886, #3784, #5488 ) ) ;
#2850 = PLANE ( 'NONE',  #3721 ) ;
#2851 = CARTESIAN_POINT ( 'NONE',  ( 1.599999999999997202, 0.000000000000000000, 84.41172395019731312 ) ) ;
#2852 = CARTESIAN_POINT ( 'NONE',  ( 1.600000000000000089, 4.088077000000003736, 62.03672395019731312 ) ) ;
#2853 = VECTOR ( 'NONE', #4277, 1000.000000000000000 ) ;
#2854 = DIRECTION ( 'NONE',  ( -1.000000000000000000, -0.000000000000000000, -0.000000000000000000 ) ) ;
#2855 = CARTESIAN_POINT ( 'NONE',  ( 1.600000000000000089, 28.25022420910424259, -4.823258064669742495 ) ) ;
#2856 = CARTESIAN_POINT ( 'NONE',  ( 1.600000000000000089, 21.56647773738793816, 28.76172395019732875 ) ) ;
#2857 = ADVANCED_FACE ( 'NONE', ( #5082 ), #5500, .F. ) ;
#2858 = VECTOR ( 'NONE', #3675, 1000.000000000000000 ) ;
#2859 = DIRECTION ( 'NONE',  ( -1.000000000000000000, 0.000000000000000000, 0.000000000000000000 ) ) ;
#2860 = AXIS2_PLACEMENT_3D ( 'NONE', #261, #746, #4999 ) ;
#2861 = CARTESIAN_POINT ( 'NONE',  ( 0.000000000000000000, 30.22110162320747762, 45.81217696610642065 ) ) ;
#2862 = PLANE ( 'NONE',  #386 ) ;
#2863 = VERTEX_POINT ( 'NONE', #4533 ) ;
#2864 = ORIENTED_EDGE ( 'NONE', *, *, #3978, .T. ) ;
#2865 = ORIENTED_EDGE ( 'NONE', *, *, #5329, .F. ) ;
#2866 = DIRECTION ( 'NONE',  ( 0.000000000000000000, 1.662905933390748385E-16, -1.000000000000000000 ) ) ;
#2867 = DIRECTION ( 'NONE',  ( 0.000000000000000000, -1.000000000000000000, 0.000000000000000000 ) ) ;
#2868 = VECTOR ( 'NONE', #1265, 1000.000000000000000 ) ;
#2869 = CARTESIAN_POINT ( 'NONE',  ( 1.599999999999997202, 0.000000000000000000, 27.30665584262819578 ) ) ;
#2870 = FACE_OUTER_BOUND ( 'NONE', #4235, .T. ) ;
#2871 = ORIENTED_EDGE ( 'NONE', *, *, #5543, .F. ) ;
#2872 = AXIS2_PLACEMENT_3D ( 'NONE', #3468, #5312, #1149 ) ;
#2873 = ORIENTED_EDGE ( 'NONE', *, *, #5933, .T. ) ;
#2874 = CARTESIAN_POINT ( 'NONE',  ( 1.600000000000000089, 36.83753498891921652, -38.17658520850884685 ) ) ;
#2875 = AXIS2_PLACEMENT_3D ( 'NONE', #5830, #340, #1674 ) ;
#2876 =( LENGTH_UNIT ( ) NAMED_UNIT ( * ) SI_UNIT ( .MILLI., .METRE. ) );
#2877 = ORIENTED_EDGE ( 'NONE', *, *, #710, .F. ) ;
#2878 = ADVANCED_FACE ( 'NONE', ( #5114 ), #3167, .T. ) ;
#2879 = EDGE_CURVE ( 'NONE', #494, #143, #3196, .T. ) ;
#2880 = VERTEX_POINT ( 'NONE', #2780 ) ;
#2881 = ORIENTED_EDGE ( 'NONE', *, *, #3495, .F. ) ;
#2882 = LINE ( 'NONE', #923, #314 ) ;
#2883 = DIRECTION ( 'NONE',  ( 0.000000000000000000, 0.000000000000000000, 1.000000000000000000 ) ) ;
#2884 = CARTESIAN_POINT ( 'NONE',  ( 1.600000000000000089, 19.72379790611723749, 29.57051013814032814 ) ) ;
#2885 = DIRECTION ( 'NONE',  ( -1.000000000000000000, -0.000000000000000000, -0.000000000000000000 ) ) ;
#2886 = CARTESIAN_POINT ( 'NONE',  ( 1.600000000000000089, 5.088077000000000183, 74.91172395019732733 ) ) ;
#2887 = DIRECTION ( 'NONE',  ( 0.000000000000000000, 0.000000000000000000, -1.000000000000000000 ) ) ;
#2888 = CARTESIAN_POINT ( 'NONE',  ( 0.000000000000000000, 34.04870963951376694, -34.96802343138419644 ) ) ;
#2889 = LINE ( 'NONE', #6001, #5428 ) ;
#2890 = ORIENTED_EDGE ( 'NONE', *, *, #1039, .T. ) ;
#2891 = ORIENTED_EDGE ( 'NONE', *, *, #1140, .F. ) ;
#2892 = ORIENTED_EDGE ( 'NONE', *, *, #3399, .F. ) ;
#2893 = FACE_OUTER_BOUND ( 'NONE', #695, .T. ) ;
#2894 = DIRECTION ( 'NONE',  ( 0.000000000000000000, 0.7071067811865489050, -0.7071067811865462405 ) ) ;
#2895 = EDGE_CURVE ( 'NONE', #3072, #5374, #22, .T. ) ;
#2896 = DIRECTION ( 'NONE',  ( 0.000000000000000000, -1.000000000000000000, 0.000000000000000000 ) ) ;
#2897 = CIRCLE ( 'NONE', #2597, 0.6000000000000033085 ) ;
#2898 = ORIENTED_EDGE ( 'NONE', *, *, #1182, .F. ) ;
#2899 = AXIS2_PLACEMENT_3D ( 'NONE', #5327, #3026, #5893 ) ;
#2900 = ORIENTED_EDGE ( 'NONE', *, *, #5247, .F. ) ;
#2901 = VECTOR ( 'NONE', #45, 1000.000000000000000 ) ;
#2902 = ORIENTED_EDGE ( 'NONE', *, *, #435, .T. ) ;
#2903 = FACE_BOUND ( 'NONE', #5527, .T. ) ;
#2904 = DIRECTION ( 'NONE',  ( 0.000000000000000000, 0.000000000000000000, -1.000000000000000000 ) ) ;
#2905 = VECTOR ( 'NONE', #933, 1000.000000000000000 ) ;
#2906 = PRESENTATION_STYLE_ASSIGNMENT (( #4359 ) ) ;
#2907 = ORIENTED_EDGE ( 'NONE', *, *, #4543, .T. ) ;
#2908 = EDGE_LOOP ( 'NONE', ( #3202, #2164, #1424, #3045 ) ) ;
#2909 = ORIENTED_EDGE ( 'NONE', *, *, #5007, .T. ) ;
#2910 = CARTESIAN_POINT ( 'NONE',  ( 1.600000000000000089, 32.11375111226616497, 87.13429109927973570 ) ) ;
#2911 = ADVANCED_FACE ( 'NONE', ( #1791 ), #2812, .F. ) ;
#2912 = CARTESIAN_POINT ( 'NONE',  ( 1.600000000000000089, 6.832769396141102902, 14.61501553409683041 ) ) ;
#2913 = CARTESIAN_POINT ( 'NONE',  ( 1.600000000000000089, 14.26852036069973018, -40.88499331274865511 ) ) ;
#2914 = EDGE_CURVE ( 'NONE', #4743, #4580, #1279, .T. ) ;
#2915 = CARTESIAN_POINT ( 'NONE',  ( 1.600000000000000089, 27.26595800258174052, -49.47062371036176387 ) ) ;
#2916 = LINE ( 'NONE', #1081, #1873 ) ;
#2917 = PLANE ( 'NONE',  #2732 ) ;
#2918 = DIRECTION ( 'NONE',  ( 1.000000000000000000, 0.000000000000000000, 0.000000000000000000 ) ) ;
#2919 = CARTESIAN_POINT ( 'NONE',  ( 1.600000000000000089, 36.52293445648597014, 93.46638122655429015 ) ) ;
#2920 = DIRECTION ( 'NONE',  ( 0.000000000000000000, -1.000000000000000000, 1.387778780781444492E-15 ) ) ;
#2921 = ORIENTED_EDGE ( 'NONE', *, *, #2311, .T. ) ;
#2922 = ORIENTED_EDGE ( 'NONE', *, *, #6011, .F. ) ;
#2923 = ORIENTED_EDGE ( 'NONE', *, *, #407, .F. ) ;
#2924 = LINE ( 'NONE', #1524, #3618 ) ;
#2925 = CARTESIAN_POINT ( 'NONE',  ( 1.599999999999997202, 54.50000000000000711, 75.13910731638101481 ) ) ;
#2926 = LINE ( 'NONE', #5716, #2723 ) ;
#2927 = EDGE_CURVE ( 'NONE', #3258, #4462, #4990, .T. ) ;
#2928 = CARTESIAN_POINT ( 'NONE',  ( 0.000000000000000000, 33.66965383243163501, 21.11636606445481235 ) ) ;
#2929 = ORIENTED_EDGE ( 'NONE', *, *, #2754, .T. ) ;
#2930 = ORIENTED_EDGE ( 'NONE', *, *, #5387, .F. ) ;
#2931 = FACE_BOUND ( 'NONE', #5008, .T. ) ;
#2932 = FACE_OUTER_BOUND ( 'NONE', #3055, .T. ) ;
#2933 = EDGE_CURVE ( 'NONE', #1618, #2002, #3658, .T. ) ;
#2934 = FACE_OUTER_BOUND ( 'NONE', #757, .T. ) ;
#2935 = ORIENTED_EDGE ( 'NONE', *, *, #4941, .T. ) ;
#2936 = EDGE_LOOP ( 'NONE', ( #5242, #2001, #1488, #4527 ) ) ;
#2937 = EDGE_LOOP ( 'NONE', ( #2304, #3662, #910, #2846 ) ) ;
#2938 = VECTOR ( 'NONE', #3291, 1000.000000000000000 ) ;
#2939 = DIRECTION ( 'NONE',  ( 1.000000000000000000, -0.000000000000000000, -0.000000000000000000 ) ) ;
#2940 = CARTESIAN_POINT ( 'NONE',  ( 0.000000000000000000, -0.000000000000000000, 0.000000000000000000 ) ) ;
#2941 = CARTESIAN_POINT ( 'NONE',  ( 0.000000000000000000, 8.797244765207940631, 26.11172395019793768 ) ) ;
#2942 = CARTESIAN_POINT ( 'NONE',  ( 0.000000000000000000, 30.50000000000000000, -25.99999999999999645 ) ) ;
#2943 = AXIS2_PLACEMENT_3D ( 'NONE', #2696, #5875, #448 ) ;
#2944 = DIRECTION ( 'NONE',  ( -1.000000000000000000, -0.000000000000000000, -0.000000000000000000 ) ) ;
#2945 = CARTESIAN_POINT ( 'NONE',  ( 1.600000000000000089, 20.88392920340826109, 90.38593571455918152 ) ) ;
#2946 = EDGE_CURVE ( 'NONE', #4572, #2782, #2744, .T. ) ;
#2947 = EDGE_CURVE ( 'NONE', #3225, #4844, #2461, .T. ) ;
#2948 = CIRCLE ( 'NONE', #5548, 3.199999999999994404 ) ;
#2949 = LINE ( 'NONE', #1963, #1544 ) ;
#2950 = DIRECTION ( 'NONE',  ( 1.000000000000000000, 0.000000000000000000, 0.000000000000000000 ) ) ;
#2951 = DIRECTION ( 'NONE',  ( 0.000000000000000000, 0.000000000000000000, -1.000000000000000000 ) ) ;
#2952 = CIRCLE ( 'NONE', #897, 14.00000000000000178 ) ;
#2953 = ADVANCED_FACE ( 'NONE', ( #466 ), #1, .F. ) ;
#2954 = ADVANCED_FACE ( 'NONE', ( #35 ), #498, .T. ) ;
#2955 = ORIENTED_EDGE ( 'NONE', *, *, #951, .T. ) ;
#2956 = DIRECTION ( 'NONE',  ( 1.000000000000000000, 0.000000000000000000, 0.000000000000000000 ) ) ;
#2957 = CARTESIAN_POINT ( 'NONE',  ( 1.600000000000000089, 0.000000000000000000, 0.000000000000000000 ) ) ;
#2958 = AXIS2_PLACEMENT_3D ( 'NONE', #3872, #550, #5714 ) ;
#2959 = AXIS2_PLACEMENT_3D ( 'NONE', #3881, #5296, #3390 ) ;
#2960 = CARTESIAN_POINT ( 'NONE',  ( 1.600000000000000089, 42.00000000000000000, 6.984204920241143807E-15 ) ) ;
#2961 = CIRCLE ( 'NONE', #323, 13.99999999999999822 ) ;
#2962 = EDGE_LOOP ( 'NONE', ( #558, #2891, #3435, #3111 ) ) ;
#2963 = ORIENTED_EDGE ( 'NONE', *, *, #1654, .T. ) ;
#2964 = EDGE_CURVE ( 'NONE', #982, #1440, #2150, .T. ) ;
#2965 = CARTESIAN_POINT ( 'NONE',  ( 0.000000000000000000, 29.72527329571467547, 41.26172395019733585 ) ) ;
#2966 = CARTESIAN_POINT ( 'NONE',  ( 1.600000000000000089, 8.797244765207940631, 26.11172395019793768 ) ) ;
#2967 = ORIENTED_EDGE ( 'NONE', *, *, #4822, .F. ) ;
#2968 = AXIS2_PLACEMENT_3D ( 'NONE', #2117, #4918, #4832 ) ;
#2969 = ORIENTED_EDGE ( 'NONE', *, *, #5168, .T. ) ;
#2970 = ORIENTED_EDGE ( 'NONE', *, *, #4725, .F. ) ;
#2971 = CARTESIAN_POINT ( 'NONE',  ( 1.600000000000000089, 8.797244765207388184, 5.111723950197929689 ) ) ;
#2972 = DIRECTION ( 'NONE',  ( 1.000000000000000000, -0.000000000000000000, -0.000000000000000000 ) ) ;
#2973 = LINE ( 'NONE', #4819, #5379 ) ;
#2974 = VECTOR ( 'NONE', #3333, 1000.000000000000000 ) ;
#2975 = FACE_OUTER_BOUND ( 'NONE', #5406, .T. ) ;
#2976 = CARTESIAN_POINT ( 'NONE',  ( 1.600000000000000089, 20.79724476520794241, 15.61172395019732839 ) ) ;
#2977 = EDGE_CURVE ( 'NONE', #979, #5, #2952, .T. ) ;
#2978 = ADVANCED_FACE ( 'NONE', ( #1375 ), #2850, .F. ) ;
#2979 = CARTESIAN_POINT ( 'NONE',  ( 0.000000000000000000, 42.00000000000000000, 6.984204920241143807E-15 ) ) ;
#2980 = FACE_OUTER_BOUND ( 'NONE', #3415, .T. ) ;
#2981 = DIRECTION ( 'NONE',  ( 0.000000000000000000, 0.000000000000000000, 1.000000000000000000 ) ) ;
#2982 = ORIENTED_EDGE ( 'NONE', *, *, #1451, .T. ) ;
#2983 = PLANE ( 'NONE',  #2157 ) ;
#2984 = CYLINDRICAL_SURFACE ( 'NONE', #4991, 1.499999999999997780 ) ;
#2985 = EDGE_CURVE ( 'NONE', #2784, #5012, #1475, .T. ) ;
#2986 = ADVANCED_FACE ( 'NONE', ( #3664 ), #2289, .F. ) ;
#2988 = EDGE_CURVE ( 'NONE', #3984, #5297, #2882, .T. ) ;
#2987 = CARTESIAN_POINT ( 'NONE',  ( 1.600000000000000089, 11.57110162320748081, 57.44384054086498281 ) ) ;
#2989 = AXIS2_PLACEMENT_3D ( 'NONE', #4469, #3478, #305 ) ;
#2990 = VERTEX_POINT ( 'NONE', #2752 ) ;
#2991 = ORIENTED_EDGE ( 'NONE', *, *, #1537, .T. ) ;
#2992 = DIRECTION ( 'NONE',  ( 0.000000000000000000, 0.000000000000000000, -1.000000000000000000 ) ) ;
#2993 = FILL_AREA_STYLE ('',( #1131 ) ) ;
#2994 = EDGE_LOOP ( 'NONE', ( #1043, #470, #5482, #3067 ) ) ;
#2995 = VERTEX_POINT ( 'NONE', #4730 ) ;
#2996 = CARTESIAN_POINT ( 'NONE',  ( 1.599999999999997202, 12.75745245326116262, 89.52604643332058743 ) ) ;
#2997 = CARTESIAN_POINT ( 'NONE',  ( 0.000000000000000000, 4.088077000000002847, 70.78672395019731312 ) ) ;
#2998 = FACE_OUTER_BOUND ( 'NONE', #1983, .T. ) ;
#2999 = LINE ( 'NONE', #5385, #1582 ) ;
#3000 = DIRECTION ( 'NONE',  ( 0.000000000000000000, 0.08715574274766185736, 0.9961946980917453232 ) ) ;
#3001 = VECTOR ( 'NONE', #4100, 1000.000000000000000 ) ;
#3002 = EDGE_CURVE ( 'NONE', #5374, #4407, #4486, .T. ) ;
#3003 = ORIENTED_EDGE ( 'NONE', *, *, #5757, .F. ) ;
#3004 = LINE ( 'NONE', #1167, #5127 ) ;
#3005 = ADVANCED_FACE ( 'NONE', ( #2420 ), #2324, .T. ) ;
#3006 = EDGE_CURVE ( 'NONE', #1937, #3282, #5993, .T. ) ;
#3007 = CARTESIAN_POINT ( 'NONE',  ( 34.26858978976805759, 0.000000000000000000, 5.306655842628200226 ) ) ;
#3008 = DIRECTION ( 'NONE',  ( -1.000000000000000000, -0.000000000000000000, -0.000000000000000000 ) ) ;
#3009 = EDGE_LOOP ( 'NONE', ( #3952, #125, #4413, #5322 ) ) ;
#3010 = CARTESIAN_POINT ( 'NONE',  ( 1.599999999999997202, 0.000000000000000000, 54.41172395019732022 ) ) ;
#3011 = CARTESIAN_POINT ( 'NONE',  ( 1.600000000000000089, 1.600991980962532032E-15, 62.41172395019732733 ) ) ;
#3012 = DIRECTION ( 'NONE',  ( 0.000000000000000000, 0.000000000000000000, 1.000000000000000000 ) ) ;
#3013 = EDGE_CURVE ( 'NONE', #284, #4039, #5088, .T. ) ;
#3014 = EDGE_LOOP ( 'NONE', ( #2056, #502, #5809, #61 ) ) ;
#3015 = EDGE_CURVE ( 'NONE', #405, #3185, #414, .T. ) ;
#3016 = ORIENTED_EDGE ( 'NONE', *, *, #4660, .F. ) ;
#3017 = CARTESIAN_POINT ( 'NONE',  ( 1.600000000000000089, -1.433510336980649612E-16, -5.588276049802678891 ) ) ;
#3018 = AXIS2_PLACEMENT_3D ( 'NONE', #5616, #5547, #2333 ) ;
#3019 = ORIENTED_EDGE ( 'NONE', *, *, #5258, .F. ) ;
#3021 = ORIENTED_EDGE ( 'NONE', *, *, #835, .F. ) ;
#3020 = AXIS2_PLACEMENT_3D ( 'NONE', #4640, #5097, #3279 ) ;
#3022 = LINE ( 'NONE', #4871, #3328 ) ;
#3023 = DIRECTION ( 'NONE',  ( 0.000000000000000000, 0.7071067811865489050, -0.7071067811865462405 ) ) ;
#3024 = DIRECTION ( 'NONE',  ( 0.000000000000000000, 0.000000000000000000, 1.000000000000000000 ) ) ;
#3025 = DIRECTION ( 'NONE',  ( 0.000000000000000000, 0.000000000000000000, -1.000000000000000000 ) ) ;
#3026 = DIRECTION ( 'NONE',  ( -1.000000000000000000, -0.000000000000000000, -0.000000000000000000 ) ) ;
#3027 = ORIENTED_EDGE ( 'NONE', *, *, #2895, .T. ) ;
#3028 = ORIENTED_EDGE ( 'NONE', *, *, #2914, .F. ) ;
#3029 = ORIENTED_EDGE ( 'NONE', *, *, #2773, .T. ) ;
#3030 = PRODUCT_RELATED_PRODUCT_CATEGORY ( 'part', '', ( #3079 ) ) ;
#3031 = DIRECTION ( 'NONE',  ( 0.000000000000000000, 1.000000000000000000, 0.000000000000000000 ) ) ;
#3032 = CARTESIAN_POINT ( 'NONE',  ( 1.600000000000000089, 4.779558726109145669E-16, 18.63222947802272245 ) ) ;
#3033 = CARTESIAN_POINT ( 'NONE',  ( 1.600000000000000089, 17.54991491009923621, 93.77396833088356232 ) ) ;
#3034 = CIRCLE ( 'NONE', #1178, 0.4999999999999865663 ) ;
#3035 = ORIENTED_EDGE ( 'NONE', *, *, #3628, .F. ) ;
#3036 = CARTESIAN_POINT ( 'NONE',  ( 1.600000000000000089, 34.75603095315095459, 14.53827709110677979 ) ) ;
#3037 = DIRECTION ( 'NONE',  ( 0.000000000000000000, 0.000000000000000000, 1.000000000000000000 ) ) ;
#3038 = AXIS2_PLACEMENT_3D ( 'NONE', #1927, #537, #562 ) ;
#3039 = DIRECTION ( 'NONE',  ( 0.000000000000000000, 0.7071067811865480168, 0.7071067811865470176 ) ) ;
#3040 = ORIENTED_EDGE ( 'NONE', *, *, #5543, .T. ) ;
#3041 = ORIENTED_EDGE ( 'NONE', *, *, #3086, .T. ) ;
#3042 = CARTESIAN_POINT ( 'NONE',  ( 1.600000000000000089, 32.79724476520733134, 3.611723950197327948 ) ) ;
#3043 = EDGE_CURVE ( 'NONE', #3141, #3127, #2818, .T. ) ;
#3044 = VERTEX_POINT ( 'NONE', #5055 ) ;
#3045 = ORIENTED_EDGE ( 'NONE', *, *, #3294, .T. ) ;
#3046 = DIRECTION ( 'NONE',  ( -1.000000000000000000, 0.000000000000000000, 0.000000000000000000 ) ) ;
#3047 = DIRECTION ( 'NONE',  ( -1.000000000000000000, -0.000000000000000000, -0.000000000000000000 ) ) ;
#3048 = DIRECTION ( 'NONE',  ( -1.000000000000000000, -0.000000000000000000, -0.000000000000000000 ) ) ;
#3049 = CARTESIAN_POINT ( 'NONE',  ( 1.600000000000000089, 6.838458577264936444, 16.68517080928796759 ) ) ;
#3050 = EDGE_CURVE ( 'NONE', #2656, #1749, #5120, .T. ) ;
#3051 = EDGE_CURVE ( 'NONE', #394, #388, #1796, .T. ) ;
#3052 = CARTESIAN_POINT ( 'NONE',  ( 0.000000000000000000, -12.91973229384121957, 14.32247922899005665 ) ) ;
#3053 = VERTEX_POINT ( 'NONE', #5154 ) ;
#3054 = VERTEX_POINT ( 'NONE', #1443 ) ;
#3055 = EDGE_LOOP ( 'NONE', ( #5942, #1090, #2406, #5567 ) ) ;
#3056 = AXIS2_PLACEMENT_3D ( 'NONE', #2779, #5627, #3195 ) ;
#3057 = DIRECTION ( 'NONE',  ( 0.000000000000000000, 0.000000000000000000, -1.000000000000000000 ) ) ;
#3058 = CARTESIAN_POINT ( 'NONE',  ( 0.000000000000000000, 54.50000000000000711, 83.57773768049138141 ) ) ;
#3059 = CARTESIAN_POINT ( 'NONE',  ( 0.000000000000000000, 2.479576514082024050E-15, 96.66172395019732733 ) ) ;
#3060 = CARTESIAN_POINT ( 'NONE',  ( 1.600000000000000089, 36.00000000000000000, 87.48921303800383953 ) ) ;
#3061 = CIRCLE ( 'NONE', #922, 3.200000000000008171 ) ;
#3062 = VECTOR ( 'NONE', #4551, 1000.000000000000000 ) ;
#3063 = ORIENTED_EDGE ( 'NONE', *, *, #2637, .F. ) ;
#3064 = DIRECTION ( 'NONE',  ( -0.000000000000000000, 0.4998653058582406827, 0.8661031555185835229 ) ) ;
#3065 = DIRECTION ( 'NONE',  ( -1.000000000000000000, -0.000000000000000000, -0.000000000000000000 ) ) ;
#3066 = CARTESIAN_POINT ( 'NONE',  ( 1.600000000000000089, 32.36959893003879785, -15.59703674228803827 ) ) ;
#3067 = ORIENTED_EDGE ( 'NONE', *, *, #4263, .T. ) ;
#3068 = ORIENTED_EDGE ( 'NONE', *, *, #865, .T. ) ;
#3069 = DIRECTION ( 'NONE',  ( 1.000000000000000000, 0.000000000000000000, 0.000000000000000000 ) ) ;
#3070 = EDGE_CURVE ( 'NONE', #452, #5330, #3302, .T. ) ;
#3071 = ORIENTED_EDGE ( 'NONE', *, *, #4786, .F. ) ;
#3072 = VERTEX_POINT ( 'NONE', #3331 ) ;
#3073 = LINE ( 'NONE', #3102, #3917 ) ;
#3074 = DIRECTION ( 'NONE',  ( 0.000000000000000000, 1.387778780781444492E-15, -1.000000000000000000 ) ) ;
#3075 = FACE_BOUND ( 'NONE', #5909, .T. ) ;
#3076 = CARTESIAN_POINT ( 'NONE',  ( 0.000000000000000000, 44.45530344387528032, 87.48921303800383953 ) ) ;
#3077 = CARTESIAN_POINT ( 'NONE',  ( 0.000000000000000000, -1.600000000000628031, 54.41172395019732022 ) ) ;
#3078 = VERTEX_POINT ( 'NONE', #3694 ) ;
#3079 = PRODUCT ( '1.6mm-≤‡∞Â-”“', '1.6mm-≤‡∞Â-”“', '', ( #1888 ) ) ;
#3080 = AXIS2_PLACEMENT_3D ( 'NONE', #5842, #351, #2196 ) ;
#3081 = EDGE_CURVE ( 'NONE', #5536, #3586, #474, .T. ) ;
#3082 = ORIENTED_EDGE ( 'NONE', *, *, #3388, .F. ) ;
#3083 = ORIENTED_EDGE ( 'NONE', *, *, #850, .T. ) ;
#3084 = AXIS2_PLACEMENT_3D ( 'NONE', #2130, #309, #3565 ) ;
#3085 = DIRECTION ( 'NONE',  ( -0.000000000000000000, -0.7071067811865461294, -0.7071067811865489050 ) ) ;
#3086 = EDGE_CURVE ( 'NONE', #3631, #2287, #7, .T. ) ;
#3087 = VECTOR ( 'NONE', #1713, 1000.000000000000000 ) ;
#3088 = LINE ( 'NONE', #2194, #4059 ) ;
#3089 = CIRCLE ( 'NONE', #4928, 3.200000000000001510 ) ;
#3090 = DIRECTION ( 'NONE',  ( 0.000000000000000000, 0.000000000000000000, -1.000000000000000000 ) ) ;
#3091 = DIRECTION ( 'NONE',  ( 0.000000000000000000, 0.9895391051637537627, 0.1442648929979754024 ) ) ;
#3092 = ORIENTED_EDGE ( 'NONE', *, *, #1023, .T. ) ;
#3093 = DIRECTION ( 'NONE',  ( 1.000000000000000000, -0.000000000000000000, 0.000000000000000000 ) ) ;
#3094 = DIRECTION ( 'NONE',  ( 0.000000000000000000, 0.000000000000000000, 1.000000000000000000 ) ) ;
#3095 = CARTESIAN_POINT ( 'NONE',  ( 1.599999999999997202, -1.600000000000209033, -5.588276049802678891 ) ) ;
#3096 = ORIENTED_EDGE ( 'NONE', *, *, #4622, .T. ) ;
#3097 = VERTEX_POINT ( 'NONE', #5323 ) ;
#3098 = CARTESIAN_POINT ( 'NONE',  ( 1.600000000000000089, 34.75694174880644738, -43.48289748278274658 ) ) ;
#3099 = EDGE_CURVE ( 'NONE', #4507, #1343, #4362, .T. ) ;
#3100 = ORIENTED_EDGE ( 'NONE', *, *, #2037, .T. ) ;
#3101 = ORIENTED_EDGE ( 'NONE', *, *, #4052, .F. ) ;
#3102 = CARTESIAN_POINT ( 'NONE',  ( 1.600000000000000089, 7.363667343290376088, -38.58827604980267978 ) ) ;
#3103 = EDGE_CURVE ( 'NONE', #480, #1029, #5696, .T. ) ;
#3104 = DIRECTION ( 'NONE',  ( 0.000000000000000000, 0.000000000000000000, 1.000000000000000000 ) ) ;
#3105 = DIRECTION ( 'NONE',  ( 0.000000000000000000, 0.000000000000000000, -1.000000000000000000 ) ) ;
#3106 = VECTOR ( 'NONE', #295, 1000.000000000000000 ) ;
#3107 = CARTESIAN_POINT ( 'NONE',  ( 0.000000000000000000, 44.10892212771361187, 85.05846521370779101 ) ) ;
#3108 = LINE ( 'NONE', #1623, #269 ) ;
#3109 = ORIENTED_EDGE ( 'NONE', *, *, #5432, .T. ) ;
#3110 = EDGE_LOOP ( 'NONE', ( #2865, #3068, #5600, #5452 ) ) ;
#3111 = ORIENTED_EDGE ( 'NONE', *, *, #1369, .F. ) ;
#3112 = LINE ( 'NONE', #2718, #2336 ) ;
#3113 = PLANE ( 'NONE',  #3383 ) ;
#3114 = STYLED_ITEM ( 'NONE', ( #2906 ), #871 ) ;
#3115 = EDGE_CURVE ( 'NONE', #3877, #4586, #3912, .T. ) ;
#3116 = DIRECTION ( 'NONE',  ( 1.000000000000000000, -0.000000000000000000, -0.000000000000000000 ) ) ;
#3117 = DIRECTION ( 'NONE',  ( 0.000000000000000000, -1.000000000000000000, 0.000000000000000000 ) ) ;
#3118 = ORIENTED_EDGE ( 'NONE', *, *, #2914, .T. ) ;
#3119 = DIRECTION ( 'NONE',  ( 0.000000000000000000, 0.000000000000000000, -1.000000000000000000 ) ) ;
#3120 = CIRCLE ( 'NONE', #3911, 0.6000000000000033085 ) ;
#3121 = CARTESIAN_POINT ( 'NONE',  ( 1.600000000000000089, 4.063076999999998939, 73.66172395019732733 ) ) ;
#3122 = DIRECTION ( 'NONE',  ( 0.000000000000000000, 0.000000000000000000, 1.000000000000000000 ) ) ;
#3123 = VECTOR ( 'NONE', #1757, 1000.000000000000114 ) ;
#3124 = EDGE_CURVE ( 'NONE', #2416, #2563, #5751, .T. ) ;
#3125 = EDGE_CURVE ( 'NONE', #19, #3885, #1109, .T. ) ;
#3126 = ORIENTED_EDGE ( 'NONE', *, *, #2988, .T. ) ;
#3127 = VERTEX_POINT ( 'NONE', #3362 ) ;
#3128 = AXIS2_PLACEMENT_3D ( 'NONE', #4153, #5091, #3696 ) ;
#3129 = FACE_OUTER_BOUND ( 'NONE', #3510, .T. ) ;
#3130 = CARTESIAN_POINT ( 'NONE',  ( 1.600000000000000089, 14.26852036069874252, -27.88499331274864446 ) ) ;
#3131 = ORIENTED_EDGE ( 'NONE', *, *, #453, .F. ) ;
#3132 = ORIENTED_EDGE ( 'NONE', *, *, #3707, .F. ) ;
#3133 = CIRCLE ( 'NONE', #423, 0.5999999999999998668 ) ;
#3134 = CARTESIAN_POINT ( 'NONE',  ( 1.600000000000000089, 30.22110162320747762, 55.81217696610641354 ) ) ;
#3135 = CARTESIAN_POINT ( 'NONE',  ( 0.000000000000000000, 22.75288253535666527, 94.06881276329050934 ) ) ;
#3136 = DIRECTION ( 'NONE',  ( 0.000000000000000000, 0.000000000000000000, -1.000000000000000000 ) ) ;
#3137 = DIRECTION ( 'NONE',  ( -1.000000000000000000, -0.000000000000000000, -0.000000000000000000 ) ) ;
#3138 = DIRECTION ( 'NONE',  ( 0.000000000000000000, 0.7071067811865476838, 0.7071067811865473507 ) ) ;
#3139 = ORIENTED_EDGE ( 'NONE', *, *, #513, .T. ) ;
#3140 = CIRCLE ( 'NONE', #31, 0.4999999999999865663 ) ;
#3141 = VERTEX_POINT ( 'NONE', #626 ) ;
#3142 = VERTEX_POINT ( 'NONE', #1159 ) ;
#3143 = FACE_OUTER_BOUND ( 'NONE', #5677, .T. ) ;
#3144 = DIRECTION ( 'NONE',  ( -1.000000000000000000, 0.000000000000000000, 0.000000000000000000 ) ) ;
#3145 = DIRECTION ( 'NONE',  ( 0.000000000000000000, -0.7071067811865479058, -0.7071067811865472397 ) ) ;
#3146 = DIRECTION ( 'NONE',  ( 0.000000000000000000, -0.000000000000000000, 1.000000000000000000 ) ) ;
#3147 = ADVANCED_FACE ( 'NONE', ( #168 ), #3477, .F. ) ;
#3148 = VECTOR ( 'NONE', #209, 1000.000000000000000 ) ;
#3149 = ORIENTED_EDGE ( 'NONE', *, *, #3124, .T. ) ;
#3150 = DIRECTION ( 'NONE',  ( 0.000000000000000000, 1.776356839400250465E-15, -1.000000000000000000 ) ) ;
#3151 = DIRECTION ( 'NONE',  ( -1.000000000000000000, -0.000000000000000000, -0.000000000000000000 ) ) ;
#3152 = VECTOR ( 'NONE', #3608, 999.9999999999998863 ) ;
#3153 = CARTESIAN_POINT ( 'NONE',  ( 0.000000000000000000, 11.84999999999999964, 70.63166357475857637 ) ) ;
#3154 = VERTEX_POINT ( 'NONE', #4305 ) ;
#3155 = EDGE_CURVE ( 'NONE', #455, #3345, #2536, .T. ) ;
#3156 = ORIENTED_EDGE ( 'NONE', *, *, #1313, .T. ) ;
#3157 = EDGE_CURVE ( 'NONE', #2085, #2152, #4787, .T. ) ;
#3158 = DIRECTION ( 'NONE',  ( 0.000000000000000000, -1.662905933390748385E-16, 1.000000000000000000 ) ) ;
#3159 = EDGE_CURVE ( 'NONE', #872, #3808, #5650, .T. ) ;
#3160 = FACE_OUTER_BOUND ( 'NONE', #4964, .T. ) ;
#3161 = VECTOR ( 'NONE', #700, 1000.000000000000000 ) ;
#3162 = VERTEX_POINT ( 'NONE', #2910 ) ;
#3163 = EDGE_LOOP ( 'NONE', ( #5241, #1491, #4867, #2219 ) ) ;
#3164 = CARTESIAN_POINT ( 'NONE',  ( 1.599999999999997202, 43.60000000000000853, -32.69334415737180422 ) ) ;
#3165 = DIRECTION ( 'NONE',  ( 1.000000000000000000, 0.000000000000000000, 0.000000000000000000 ) ) ;
#3166 = CARTESIAN_POINT ( 'NONE',  ( 1.600000000000000089, 0.000000000000000000, 0.000000000000000000 ) ) ;
#3167 = PLANE ( 'NONE',  #5272 ) ;
#3168 = LINE ( 'NONE', #5021, #1871 ) ;
#3169 = ORIENTED_EDGE ( 'NONE', *, *, #1898, .T. ) ;
#3170 = ORIENTED_EDGE ( 'NONE', *, *, #2946, .F. ) ;
#3171 = EDGE_LOOP ( 'NONE', ( #4072, #3222, #5429, #4105 ) ) ;
#3172 = DIRECTION ( 'NONE',  ( 1.000000000000000000, -0.000000000000000000, -0.000000000000000000 ) ) ;
#3173 = LINE ( 'NONE', #5028, #2604 ) ;
#3174 = CARTESIAN_POINT ( 'NONE',  ( 1.600000000000000089, 19.80053634910733606, 1.647248581130498435 ) ) ;
#3175 = CARTESIAN_POINT ( 'NONE',  ( 0.000000000000000000, 22.75288253535666527, 94.06881276329050934 ) ) ;
#3176 = CARTESIAN_POINT ( 'NONE',  ( 1.600000000000000089, 29.72527329571467547, 35.01172395019732875 ) ) ;
#3177 = EDGE_CURVE ( 'NONE', #4293, #4993, #5927, .T. ) ;
#3178 = AXIS2_PLACEMENT_3D ( 'NONE', #686, #5839, #1198 ) ;
#3179 = ORIENTED_EDGE ( 'NONE', *, *, #1227, .T. ) ;
#3180 = LINE ( 'NONE', #1352, #114 ) ;
#3181 = FACE_OUTER_BOUND ( 'NONE', #5472, .T. ) ;
#3182 = EDGE_CURVE ( 'NONE', #4552, #3820, #5269, .T. ) ;
#3183 = CYLINDRICAL_SURFACE ( 'NONE', #5613, 0.6000000000000033085 ) ;
#3184 = LINE ( 'NONE', #4459, #3106 ) ;
#3185 = VERTEX_POINT ( 'NONE', #2448 ) ;
#3186 = ORIENTED_EDGE ( 'NONE', *, *, #5123, .F. ) ;
#3187 = ORIENTED_EDGE ( 'NONE', *, *, #2368, .T. ) ;
#3188 = CARTESIAN_POINT ( 'NONE',  ( 0.000000000000000000, 30.50000000000000000, 59.00000000000000000 ) ) ;
#3189 = CARTESIAN_POINT ( 'NONE',  ( 1.599999999999997202, -8.015439349594770006E-13, 92.41172395019732733 ) ) ;
#3190 = ADVANCED_FACE ( 'NONE', ( #5243 ), #4337, .F. ) ;
#3191 = ORIENTED_EDGE ( 'NONE', *, *, #3946, .F. ) ;
#3192 = EDGE_CURVE ( 'NONE', #2085, #2688, #5725, .T. ) ;
#3193 = ORIENTED_EDGE ( 'NONE', *, *, #1185, .F. ) ;
#3194 = LINE ( 'NONE', #2315, #4142 ) ;
#3195 = DIRECTION ( 'NONE',  ( 0.000000000000000000, 0.000000000000000000, -1.000000000000000000 ) ) ;
#3196 = LINE ( 'NONE', #916, #4004 ) ;
#3197 = SURFACE_STYLE_FILL_AREA ( #2712 ) ;
#3198 = CARTESIAN_POINT ( 'NONE',  ( 1.600000000000000089, 41.99999999999999289, 23.13222947802272245 ) ) ;
#3199 = ORIENTED_EDGE ( 'NONE', *, *, #4911, .T. ) ;
#3200 = EDGE_CURVE ( 'NONE', #2656, #1585, #679, .T. ) ;
#3201 = ORIENTED_EDGE ( 'NONE', *, *, #2025, .F. ) ;
#3202 = ORIENTED_EDGE ( 'NONE', *, *, #4822, .T. ) ;
#3203 = DIRECTION ( 'NONE',  ( -1.000000000000000000, -0.000000000000000000, -0.000000000000000000 ) ) ;
#3204 = DIRECTION ( 'NONE',  ( 0.000000000000000000, 0.000000000000000000, -1.000000000000000000 ) ) ;
#3205 =( BOUNDED_CURVE ( )  B_SPLINE_CURVE ( 3, ( #3263, #4555, #5112, #4205 ),
 .UNSPECIFIED., .F., .F. ) 
 B_SPLINE_CURVE_WITH_KNOTS ( ( 4, 4 ),
 ( 0.000000000000000000, 3.141592653589793116 ),
 .UNSPECIFIED. ) 
 CURVE ( )  GEOMETRIC_REPRESENTATION_ITEM ( )  RATIONAL_B_SPLINE_CURVE ( ( 1.000000000000000000, 0.3333333333333333703, 0.3333333333333333703, 1.000000000000000000 ) ) 
 REPRESENTATION_ITEM ( '' )  );
#3206 = DIRECTION ( 'NONE',  ( 0.000000000000000000, 1.000000000000000000, -2.565210315677348556E-17 ) ) ;
#3207 = CARTESIAN_POINT ( 'NONE',  ( 1.600000000000000089, 41.99999999999999289, 44.18222947802273382 ) ) ;
#3208 = DIRECTION ( 'NONE',  ( 0.000000000000000000, 0.000000000000000000, -1.000000000000000000 ) ) ;
#3209 = AXIS2_PLACEMENT_3D ( 'NONE', #4350, #2089, #1126 ) ;
#3210 = PRODUCT_DEFINITION ( 'Œ¥÷™', '', #1994, #1122 ) ;
#3211 = ORIENTED_EDGE ( 'NONE', *, *, #3850, .F. ) ;
#3212 = CARTESIAN_POINT ( 'NONE',  ( 0.000000000000000000, 28.60077400848668105, -5.310202453848762438 ) ) ;
#3213 = CARTESIAN_POINT ( 'NONE',  ( 34.26858978976805759, 54.50000000000000711, 0.000000000000000000 ) ) ;
#3214 = FACE_OUTER_BOUND ( 'NONE', #5874, .T. ) ;
#3215 = ORIENTED_EDGE ( 'NONE', *, *, #1028, .T. ) ;
#3216 = VECTOR ( 'NONE', #4366, 1000.000000000000000 ) ;
#3217 = VERTEX_POINT ( 'NONE', #1567 ) ;
#3218 = ORIENTED_EDGE ( 'NONE', *, *, #2927, .T. ) ;
#3219 = FACE_OUTER_BOUND ( 'NONE', #3014, .T. ) ;
#3220 = CARTESIAN_POINT ( 'NONE',  ( 1.600000000000000089, 0.000000000000000000, 0.000000000000000000 ) ) ;
#3221 = VECTOR ( 'NONE', #2683, 1000.000000000000114 ) ;
#3222 = ORIENTED_EDGE ( 'NONE', *, *, #563, .F. ) ;
#3223 = VECTOR ( 'NONE', #3273, 1000.000000000000000 ) ;
#3224 = ORIENTED_EDGE ( 'NONE', *, *, #850, .F. ) ;
#3225 = VERTEX_POINT ( 'NONE', #2971 ) ;
#3226 = CARTESIAN_POINT ( 'NONE',  ( 0.000000000000000000, 14.26852036069776020, -14.88499331274865156 ) ) ;
#3227 = CARTESIAN_POINT ( 'NONE',  ( 1.600000000000000089, 14.26852036069776020, -11.68499331274864694 ) ) ;
#3228 = CARTESIAN_POINT ( 'NONE',  ( 0.000000000000000000, 34.75694174880644738, -43.48289748278274658 ) ) ;
#3229 = AXIS2_PLACEMENT_3D ( 'NONE', #1404, #1368, #5919 ) ;
#3230 = FACE_OUTER_BOUND ( 'NONE', #4, .T. ) ;
#3231 = ORIENTED_EDGE ( 'NONE', *, *, #5571, .T. ) ;
#3232 = VECTOR ( 'NONE', #3894, 1000.000000000000114 ) ;
#3233 = ORIENTED_EDGE ( 'NONE', *, *, #1442, .T. ) ;
#3234 = EDGE_LOOP ( 'NONE', ( #2909, #3934, #2774, #5513 ) ) ;
#3235 = DIRECTION ( 'NONE',  ( 0.000000000000000000, 1.662905933390748385E-16, -1.000000000000000000 ) ) ;
#3236 = AXIS2_PLACEMENT_3D ( 'NONE', #1804, #5904, #5999 ) ;
#3237 = DIRECTION ( 'NONE',  ( 0.000000000000000000, 0.000000000000000000, -1.000000000000000000 ) ) ;
#3238 = ADVANCED_FACE ( 'NONE', ( #2508 ), #222, .T. ) ;
#3239 = AXIS2_PLACEMENT_3D ( 'NONE', #5207, #1923, #2012 ) ;
#3240 = EDGE_CURVE ( 'NONE', #1073, #1710, #3022, .T. ) ;
#3241 = CYLINDRICAL_SURFACE ( 'NONE', #4396, 2.250000000000001776 ) ;
#3242 = CIRCLE ( 'NONE', #4314, 13.99999999999999822 ) ;
#3243 = LINE ( 'NONE', #1416, #4695 ) ;
#3244 = CARTESIAN_POINT ( 'NONE',  ( 1.600000000000000089, 0.000000000000000000, -38.58827604980267978 ) ) ;
#3245 = VERTEX_POINT ( 'NONE', #2564 ) ;
#3246 = LINE ( 'NONE', #4188, #391 ) ;
#3247 = FACE_OUTER_BOUND ( 'NONE', #2962, .T. ) ;
#3248 = CARTESIAN_POINT ( 'NONE',  ( 1.600000000000000089, 18.29378863480039286, -45.61371985520053585 ) ) ;
#3249 = AXIS2_PLACEMENT_3D ( 'NONE', #4349, #3842, #5232 ) ;
#3250 = VERTEX_POINT ( 'NONE', #3164 ) ;
#3251 = ORIENTED_EDGE ( 'NONE', *, *, #1482, .T. ) ;
#3252 = ORIENTED_EDGE ( 'NONE', *, *, #80, .T. ) ;
#3253 = CARTESIAN_POINT ( 'NONE',  ( 0.000000000000000000, 4.088077000000003736, 62.03672395019731312 ) ) ;
#3254 = VECTOR ( 'NONE', #3422, 1000.000000000000000 ) ;
#3255 = CARTESIAN_POINT ( 'NONE',  ( 1.599999999999997202, -1.600000000000628031, 54.41172395019732022 ) ) ;
#3256 = CARTESIAN_POINT ( 'NONE',  ( 1.600000000000000089, 45.74759006291316155, 79.26561745034636886 ) ) ;
#3257 = EDGE_CURVE ( 'NONE', #3909, #4816, #3587, .T. ) ;
#3258 = VERTEX_POINT ( 'NONE', #2154 ) ;
#3259 = STYLED_ITEM ( 'NONE', ( #1468 ), #2303 ) ;
#3260 = ORIENTED_EDGE ( 'NONE', *, *, #4705, .F. ) ;
#3261 = AXIS2_PLACEMENT_3D ( 'NONE', #1395, #5462, #4042 ) ;
#3262 = VERTEX_POINT ( 'NONE', #5859 ) ;
#3263 = CARTESIAN_POINT ( 'NONE',  ( 1.600000000000000089, 29.72527329571467547, 35.01172395019732875 ) ) ;
#3264 = DIRECTION ( 'NONE',  ( 0.000000000000000000, -1.000000000000000000, -4.336808689942016158E-15 ) ) ;
#3265 = EDGE_CURVE ( 'NONE', #3245, #5204, #5381, .T. ) ;
#3266 = DIRECTION ( 'NONE',  ( 0.000000000000000000, -0.7811261647642352424, -0.6243732174915230804 ) ) ;
#3267 = LINE ( 'NONE', #949, #1049 ) ;
#3268 = ORIENTED_EDGE ( 'NONE', *, *, #5931, .F. ) ;
#3269 = VERTEX_POINT ( 'NONE', #3621 ) ;
#3270 = ORIENTED_EDGE ( 'NONE', *, *, #3002, .T. ) ;
#3271 = DIRECTION ( 'NONE',  ( -0.000000000000000000, 0.9961946980917451011, -0.08715574274766330065 ) ) ;
#3272 = CARTESIAN_POINT ( 'NONE',  ( 0.000000000000000000, 30.49999999999901235, -12.99999999999999467 ) ) ;
#3273 = DIRECTION ( 'NONE',  ( 0.000000000000000000, 0.7071067811865479058, 0.7071067811865471286 ) ) ;
#3274 = AXIS2_PLACEMENT_3D ( 'NONE', #853, #3623, #4531 ) ;
#3275 = DIRECTION ( 'NONE',  ( -1.000000000000000000, -0.000000000000000000, -0.000000000000000000 ) ) ;
#3276 = CYLINDRICAL_SURFACE ( 'NONE', #848, 14.00000000000000178 ) ;
#3277 = EDGE_CURVE ( 'NONE', #2465, #4507, #3424, .T. ) ;
#3278 = EDGE_CURVE ( 'NONE', #4120, #5012, #365, .T. ) ;
#3279 = DIRECTION ( 'NONE',  ( 0.000000000000000000, 0.000000000000000000, 1.000000000000000000 ) ) ;
#3280 = CARTESIAN_POINT ( 'NONE',  ( 0.000000000000000000, 42.00000000000000000, 6.984204920241143807E-15 ) ) ;
#3281 = DIRECTION ( 'NONE',  ( 1.000000000000000000, -0.000000000000000000, -0.000000000000000000 ) ) ;
#3282 = VERTEX_POINT ( 'NONE', #1700 ) ;
#3283 = VERTEX_POINT ( 'NONE', #1275 ) ;
#3284 = ORIENTED_EDGE ( 'NONE', *, *, #192, .T. ) ;
#3285 = CARTESIAN_POINT ( 'NONE',  ( 1.600000000000000533, 21.56647773738793816, 28.76172395019732875 ) ) ;
#3286 = DIRECTION ( 'NONE',  ( -1.000000000000000000, 0.000000000000000000, 0.000000000000000000 ) ) ;
#3287 = AXIS2_PLACEMENT_3D ( 'NONE', #1229, #1684, #772 ) ;
#3288 = DIRECTION ( 'NONE',  ( 1.000000000000000000, 0.000000000000000000, 0.000000000000000000 ) ) ;
#3289 = CIRCLE ( 'NONE', #4840, 2.250000000000001776 ) ;
#3290 = AXIS2_PLACEMENT_3D ( 'NONE', #1827, #1376, #5572 ) ;
#3291 = DIRECTION ( 'NONE',  ( 1.000000000000000000, -0.000000000000000000, -0.000000000000000000 ) ) ;
#3292 = ORIENTED_EDGE ( 'NONE', *, *, #2347, .F. ) ;
#3293 = EDGE_LOOP ( 'NONE', ( #625, #4097, #2411, #1711 ) ) ;
#3294 = EDGE_CURVE ( 'NONE', #2334, #5408, #1216, .T. ) ;
#3295 = FACE_BOUND ( 'NONE', #1985, .T. ) ;
#3296 = DIRECTION ( 'NONE',  ( 0.000000000000000000, 0.000000000000000000, 1.000000000000000000 ) ) ;
#3297 = PLANE ( 'NONE',  #2654 ) ;
#3298 = ORIENTED_EDGE ( 'NONE', *, *, #2077, .T. ) ;
#3299 = ADVANCED_FACE ( 'NONE', ( #2184 ), #5916, .F. ) ;
#3300 = ORIENTED_EDGE ( 'NONE', *, *, #5386, .T. ) ;
#3301 = EDGE_LOOP ( 'NONE', ( #3028, #1337, #1281, #3639 ) ) ;
#3302 = LINE ( 'NONE', #4244, #4967 ) ;
#3303 = LINE ( 'NONE', #5604, #3674 ) ;
#3304 = DIRECTION ( 'NONE',  ( 0.000000000000000000, 0.000000000000000000, -1.000000000000000000 ) ) ;
#3305 = DIRECTION ( 'NONE',  ( -1.000000000000000000, -0.000000000000000000, -0.000000000000000000 ) ) ;
#3306 = CARTESIAN_POINT ( 'NONE',  ( 1.600000000000000089, 32.52027907565422993, 89.25569040515868835 ) ) ;
#3307 = DIRECTION ( 'NONE',  ( -1.000000000000000000, -0.000000000000000000, -0.000000000000000000 ) ) ;
#3308 = CARTESIAN_POINT ( 'NONE',  ( 1.600000000000000089, 33.36099998707413761, -38.38204835164821560 ) ) ;
#3309 = DIRECTION ( 'NONE',  ( 0.000000000000000000, 0.000000000000000000, -1.000000000000000000 ) ) ;
#3310 = CARTESIAN_POINT ( 'NONE',  ( 1.600000000000000089, 36.00000000000001421, -36.08827604980267978 ) ) ;
#3311 = ORIENTED_EDGE ( 'NONE', *, *, #3182, .T. ) ;
#3312 = CIRCLE ( 'NONE', #3020, 1.499999999999994449 ) ;
#3313 = EDGE_LOOP ( 'NONE', ( #555, #2840, #1566, #2115 ) ) ;
#3314 = VERTEX_POINT ( 'NONE', #2126 ) ;
#3315 = CARTESIAN_POINT ( 'NONE',  ( 1.600000000000000089, 30.08966703858429526, -46.44544237261712993 ) ) ;
#3316 = CARTESIAN_POINT ( 'NONE',  ( 0.000000000000000000, 43.59999999999937614, 57.30665584262819578 ) ) ;
#3317 = EDGE_CURVE ( 'NONE', #3097, #345, #3073, .T. ) ;
#3319 = EDGE_CURVE ( 'NONE', #345, #5392, #250, .T. ) ;
#3318 = LINE ( 'NONE', #6007, #132 ) ;
#3320 = CARTESIAN_POINT ( 'NONE',  ( 0.000000000000000000, 14.26852036069973018, -37.68499331274864517 ) ) ;
#3321 = ORIENTED_EDGE ( 'NONE', *, *, #2554, .T. ) ;
#3322 = VERTEX_POINT ( 'NONE', #304 ) ;
#3323 = CYLINDRICAL_SURFACE ( 'NONE', #1901, 3.199999999999994404 ) ;
#3324 =( LENGTH_UNIT ( ) NAMED_UNIT ( * ) SI_UNIT ( .MILLI., .METRE. ) );
#3325 = CARTESIAN_POINT ( 'NONE',  ( 1.600000000000000089, 4.063076999999998051, 74.91172395019732733 ) ) ;
#3326 = AXIS2_PLACEMENT_3D ( 'NONE', #4246, #2395, #3794 ) ;
#3327 = ORIENTED_EDGE ( 'NONE', *, *, #3050, .F. ) ;
#3328 = VECTOR ( 'NONE', #705, 1000.000000000000000 ) ;
#3329 = VERTEX_POINT ( 'NONE', #3502 ) ;
#3330 = ORIENTED_EDGE ( 'NONE', *, *, #4315, .F. ) ;
#3331 = CARTESIAN_POINT ( 'NONE',  ( 0.000000000000000000, 6.113077000000002315, 74.91172395019732733 ) ) ;
#3332 = DIRECTION ( 'NONE',  ( 1.000000000000000000, -0.000000000000000000, -0.000000000000000000 ) ) ;
#3333 = DIRECTION ( 'NONE',  ( 0.000000000000000000, -0.1882073904574437795, -0.9821293082772752925 ) ) ;
#3334 = AXIS2_PLACEMENT_3D ( 'NONE', #3335, #1513, #655 ) ;
#3335 = CARTESIAN_POINT ( 'NONE',  ( 34.26858978976805759, 44.45530344387528032, 87.48921303800383953 ) ) ;
#3336 = CARTESIAN_POINT ( 'NONE',  ( 1.600000000000000089, 14.26852036069973018, -37.68499331274864517 ) ) ;
#3337 = LINE ( 'NONE', #4735, #1434 ) ;
#3338 = VECTOR ( 'NONE', #1971, 1000.000000000000000 ) ;
#3339 = AXIS2_PLACEMENT_3D ( 'NONE', #1479, #5996, #3797 ) ;
#3340 = CARTESIAN_POINT ( 'NONE',  ( 1.600000000000000089, 0.000000000000000000, 0.000000000000000000 ) ) ;
#3341 = EDGE_CURVE ( 'NONE', #4844, #5291, #762, .T. ) ;
#3342 = DIRECTION ( 'NONE',  ( 1.000000000000000000, -0.000000000000000000, 0.000000000000000000 ) ) ;
#3343 = VERTEX_POINT ( 'NONE', #3134 ) ;
#3344 = ORIENTED_EDGE ( 'NONE', *, *, #5362, .F. ) ;
#3345 = VERTEX_POINT ( 'NONE', #2591 ) ;
#3346 = DIRECTION ( 'NONE',  ( -0.000000000000000000, -0.7071067811865461294, -0.7071067811865489050 ) ) ;
#3347 = DIRECTION ( 'NONE',  ( 0.000000000000000000, 1.000000000000000000, -2.565210315677348556E-17 ) ) ;
#3348 = AXIS2_PLACEMENT_3D ( 'NONE', #4217, #2200, #3304 ) ;
#3349 = DIRECTION ( 'NONE',  ( 0.000000000000000000, 0.000000000000000000, 1.000000000000000000 ) ) ;
#3350 = EDGE_LOOP ( 'NONE', ( #2526, #3743, #5061, #1875 ) ) ;
#3351 = ADVANCED_FACE ( 'NONE', ( #5802 ), #4499, .F. ) ;
#3352 = ORIENTED_EDGE ( 'NONE', *, *, #1855, .F. ) ;
#3353 = CIRCLE ( 'NONE', #724, 3.199999999999997957 ) ;
#3354 = EDGE_CURVE ( 'NONE', #3856, #3283, #2649, .T. ) ;
#3355 = ORIENTED_EDGE ( 'NONE', *, *, #2680, .F. ) ;
#3356 = DIRECTION ( 'NONE',  ( 1.000000000000000000, -0.000000000000000000, 0.000000000000000000 ) ) ;
#3357 = PRESENTATION_LAYER_ASSIGNMENT (  '', '', ( #3259 ) ) ;
#3358 = ORIENTED_EDGE ( 'NONE', *, *, #1397, .T. ) ;
#3359 = AXIS2_PLACEMENT_3D ( 'NONE', #5626, #3786, #5719 ) ;
#3360 = ORIENTED_EDGE ( 'NONE', *, *, #5007, .F. ) ;
#3361 = VERTEX_POINT ( 'NONE', #5351 ) ;
#3362 = CARTESIAN_POINT ( 'NONE',  ( 0.000000000000000000, 30.22110162320747762, 65.81217696610642065 ) ) ;
#3363 = LINE ( 'NONE', #2940, #1528 ) ;
#3364 = CARTESIAN_POINT ( 'NONE',  ( 1.600000000000000089, 22.75288253535666527, 94.66881276329051786 ) ) ;
#3365 = FACE_OUTER_BOUND ( 'NONE', #4106, .T. ) ;
#3366 = DIRECTION ( 'NONE',  ( -1.000000000000000000, 0.000000000000000000, 0.000000000000000000 ) ) ;
#3367 = FACE_OUTER_BOUND ( 'NONE', #5373, .T. ) ;
#3368 = VECTOR ( 'NONE', #5080, 1000.000000000000227 ) ;
#3369 = EDGE_CURVE ( 'NONE', #2152, #2295, #4414, .T. ) ;
#3370 = CARTESIAN_POINT ( 'NONE',  ( 0.000000000000000000, 4.088077000000001959, 61.53672395019732733 ) ) ;
#3371 = CARTESIAN_POINT ( 'NONE',  ( 0.000000000000000000, 36.99999999999959499, 35.01172395019732875 ) ) ;
#3372 = LINE ( 'NONE', #1629, #5173 ) ;
#3373 = ORIENTED_EDGE ( 'NONE', *, *, #5161, .T. ) ;
#3374 = ORIENTED_EDGE ( 'NONE', *, *, #1283, .T. ) ;
#3375 = ADVANCED_FACE ( 'NONE', ( #4441 ), #5888, .F. ) ;
#3376 = EDGE_LOOP ( 'NONE', ( #2832, #301 ) ) ;
#3377 = DIRECTION ( 'NONE',  ( 0.000000000000000000, -0.9961946980917453232, 0.08715574274766184348 ) ) ;
#3378 = CARTESIAN_POINT ( 'NONE',  ( 1.600000000000000089, 28.63040106996022161, -23.40296325771194930 ) ) ;
#3379 = DIRECTION ( 'NONE',  ( 0.000000000000000000, 0.000000000000000000, -1.000000000000000000 ) ) ;
#3380 = VECTOR ( 'NONE', #320, 1000.000000000000000 ) ;
#3381 = CARTESIAN_POINT ( 'NONE',  ( 1.600000000000000089, 9.168842338346538057, 7.815554570369580567 ) ) ;
#3382 = ORIENTED_EDGE ( 'NONE', *, *, #294, .T. ) ;
#3383 = AXIS2_PLACEMENT_3D ( 'NONE', #717, #3484, #4397 ) ;
#3384 = ORIENTED_EDGE ( 'NONE', *, *, #3661, .F. ) ;
#3385 = LINE ( 'NONE', #92, #5584 ) ;
#3386 = DIRECTION ( 'NONE',  ( 1.000000000000000000, 0.000000000000000000, 0.000000000000000000 ) ) ;
#3387 = AXIS2_PLACEMENT_3D ( 'NONE', #4983, #361, #24 ) ;
#3388 = EDGE_CURVE ( 'NONE', #1781, #549, #823, .T. ) ;
#3389 = EDGE_CURVE ( 'NONE', #3993, #4580, #3535, .T. ) ;
#3390 = DIRECTION ( 'NONE',  ( -1.000000000000000000, 0.000000000000000000, -0.000000000000000000 ) ) ;
#3391 = EDGE_LOOP ( 'NONE', ( #1274, #2930, #1106, #3459 ) ) ;
#3392 = ORIENTED_EDGE ( 'NONE', *, *, #4269, .T. ) ;
#3393 = ORIENTED_EDGE ( 'NONE', *, *, #14, .F. ) ;
#3394 = CARTESIAN_POINT ( 'NONE',  ( 1.600000000000000089, 24.18438090784331962, -49.14058743714129207 ) ) ;
#3395 = LINE ( 'NONE', #627, #1133 ) ;
#3396 = CARTESIAN_POINT ( 'NONE',  ( 1.600000000000000089, 33.66965383243163501, 21.11636606445481235 ) ) ;
#3397 = CARTESIAN_POINT ( 'NONE',  ( 34.26858978976805759, -5.084452909610564895E-17, 62.41172395019732733 ) ) ;
#3398 = DIRECTION ( 'NONE',  ( 0.000000000000000000, 0.9281374038694141237, 0.3722377728529762120 ) ) ;
#3399 = EDGE_CURVE ( 'NONE', #2354, #1756, #4079, .T. ) ;
#3400 = DIRECTION ( 'NONE',  ( -0.000000000000000000, 1.000000000000000000, 0.000000000000000000 ) ) ;
#3401 = DIRECTION ( 'NONE',  ( 0.000000000000000000, 0.000000000000000000, -1.000000000000000000 ) ) ;
#3402 = LINE ( 'NONE', #602, #4187 ) ;
#3403 = CARTESIAN_POINT ( 'NONE',  ( 1.600000000000000089, 11.84999999999999964, 70.63166357475857637 ) ) ;
#3404 = EDGE_LOOP ( 'NONE', ( #1128, #1853, #3126, #769 ) ) ;
#3405 = ADVANCED_FACE ( 'NONE', ( #966 ), #3841, .T. ) ;
#3406 = VERTEX_POINT ( 'NONE', #86 ) ;
#3407 = DIRECTION ( 'NONE',  ( -1.000000000000000000, 0.000000000000000000, 0.000000000000000000 ) ) ;
#3408 = CARTESIAN_POINT ( 'NONE',  ( 0.000000000000000000, 41.99999999999999289, 41.93222947802273382 ) ) ;
#3409 = CYLINDRICAL_SURFACE ( 'NONE', #5152, 5.999999999999991118 ) ;
#3410 = AXIS2_PLACEMENT_3D ( 'NONE', #5849, #1691, #3552 ) ;
#3411 = ORIENTED_EDGE ( 'NONE', *, *, #3043, .T. ) ;
#3412 = ORIENTED_EDGE ( 'NONE', *, *, #4186, .T. ) ;
#3413 = FACE_BOUND ( 'NONE', #886, .T. ) ;
#3414 = FACE_OUTER_BOUND ( 'NONE', #2659, .T. ) ;
#3415 = EDGE_LOOP ( 'NONE', ( #4678, #5100, #1225, #5867 ) ) ;
#3416 = EDGE_CURVE ( 'NONE', #4653, #53, #396, .T. ) ;
#3417 = ORIENTED_EDGE ( 'NONE', *, *, #4442, .F. ) ;
#3418 = ORIENTED_EDGE ( 'NONE', *, *, #4641, .F. ) ;
#3419 = AXIS2_PLACEMENT_3D ( 'NONE', #2381, #6008, #4748 ) ;
#3420 = DIRECTION ( 'NONE',  ( 0.000000000000000000, 0.7071067811865479058, 0.7071067811865471286 ) ) ;
#3421 = CARTESIAN_POINT ( 'NONE',  ( 1.600000000000000089, 30.77889837679251528, 82.18782303389359356 ) ) ;
#3422 = DIRECTION ( 'NONE',  ( -1.000000000000000000, -0.000000000000000000, -0.000000000000000000 ) ) ;
#3423 = DIRECTION ( 'NONE',  ( -0.000000000000000000, -0.7071067811865461294, -0.7071067811865489050 ) ) ;
#3424 = CIRCLE ( 'NONE', #5447, 14.00000000000000178 ) ;
#3425 = LINE ( 'NONE', #2515, #3216 ) ;
#3426 = EDGE_CURVE ( 'NONE', #3909, #2574, #4714, .T. ) ;
#3427 = AXIS2_PLACEMENT_3D ( 'NONE', #139, #1019, #4340 ) ;
#3428 = EDGE_CURVE ( 'NONE', #909, #1782, #1767, .T. ) ;
#3429 = ADVANCED_FACE ( 'NONE', ( #2893 ), #2706, .F. ) ;
#3430 = FACE_OUTER_BOUND ( 'NONE', #713, .T. ) ;
#3431 = LINE ( 'NONE', #662, #523 ) ;
#3432 = CARTESIAN_POINT ( 'NONE',  ( 0.000000000000000000, 28.63040106995923040, -10.40296325771195640 ) ) ;
#3433 = AXIS2_PLACEMENT_3D ( 'NONE', #2317, #4176, #1341 ) ;
#3434 = AXIS2_PLACEMENT_3D ( 'NONE', #3371, #4369, #3944 ) ;
#3435 = ORIENTED_EDGE ( 'NONE', *, *, #4543, .F. ) ;
#3436 = DIRECTION ( 'NONE',  ( 0.000000000000000000, 0.7071067811865489050, -0.7071067811865461294 ) ) ;
#3437 = CARTESIAN_POINT ( 'NONE',  ( 1.600000000000000089, 32.11375111226616497, 87.13429109927973570 ) ) ;
#3438 = VECTOR ( 'NONE', #587, 1000.000000000000114 ) ;
#3439 = DIRECTION ( 'NONE',  ( 0.000000000000000000, 0.000000000000000000, -1.000000000000000000 ) ) ;
#3440 = EDGE_CURVE ( 'NONE', #4662, #2198, #4113, .T. ) ;
#3441 = AXIS2_PLACEMENT_3D ( 'NONE', #491, #5141, #5174 ) ;
#3442 = ORIENTED_EDGE ( 'NONE', *, *, #3581, .T. ) ;
#3443 = EDGE_LOOP ( 'NONE', ( #5827, #2013, #880, #5343 ) ) ;
#3444 = CARTESIAN_POINT ( 'NONE',  ( 1.600000000000000089, 7.924835697984207172, 10.10708183593993148 ) ) ;
#3445 = EDGE_CURVE ( 'NONE', #5424, #4548, #1973, .T. ) ;
#3446 = DIRECTION ( 'NONE',  ( -1.000000000000000000, -0.000000000000000000, -0.000000000000000000 ) ) ;
#3447 = EDGE_LOOP ( 'NONE', ( #4473, #2573, #2535, #4813 ) ) ;
#3448 = VECTOR ( 'NONE', #2058, 1000.000000000000000 ) ;
#3449 = EDGE_LOOP ( 'NONE', ( #2590, #5205, #484, #5602 ) ) ;
#3450 = EDGE_CURVE ( 'NONE', #5261, #5204, #5170, .T. ) ;
#3451 = CARTESIAN_POINT ( 'NONE',  ( 0.000000000000000000, 30.77889837679251528, 52.18782303389357935 ) ) ;
#3452 = ADVANCED_FACE ( 'NONE', ( #2245 ), #4679, .F. ) ;
#3453 = LINE ( 'NONE', #3421, #64 ) ;
#3454 = CARTESIAN_POINT ( 'NONE',  ( 0.000000000000000000, 43.59999999999979536, -2.693344157371803327 ) ) ;
#3455 = VECTOR ( 'NONE', #5484, 1000.000000000000000 ) ;
#3456 = DIRECTION ( 'NONE',  ( -0.000000000000000000, -1.355252715606880543E-16, 1.000000000000000000 ) ) ;
#3457 = FACE_OUTER_BOUND ( 'NONE', #5278, .T. ) ;
#3458 = CIRCLE ( 'NONE', #51, 1.499999999999994449 ) ;
#3459 = ORIENTED_EDGE ( 'NONE', *, *, #4799, .T. ) ;
#3460 = AXIS2_PLACEMENT_3D ( 'NONE', #5853, #4380, #1155 ) ;
#3461 = DIRECTION ( 'NONE',  ( -1.000000000000000000, -0.000000000000000000, -0.000000000000000000 ) ) ;
#3462 = EDGE_CURVE ( 'NONE', #2131, #4662, #520, .T. ) ;
#3463 = PLANE ( 'NONE',  #2367 ) ;
#3464 = DIRECTION ( 'NONE',  ( -1.000000000000000000, -0.000000000000000000, -0.000000000000000000 ) ) ;
#3465 = EDGE_CURVE ( 'NONE', #1585, #4228, #2434, .T. ) ;
#3466 = ORIENTED_EDGE ( 'NONE', *, *, #1914, .T. ) ;
#3467 = CARTESIAN_POINT ( 'NONE',  ( 1.600000000000000089, 36.99999999999959499, 39.81172395019733301 ) ) ;
#3468 = CARTESIAN_POINT ( 'NONE',  ( 1.600000000000000089, 14.26852036069874252, -24.68499331274864872 ) ) ;
#3469 = DIRECTION ( 'NONE',  ( 0.000000000000000000, 2.312964634635729960E-14, -1.000000000000000000 ) ) ;
#3470 = VECTOR ( 'NONE', #4988, 1000.000000000000000 ) ;
#3471 = EDGE_LOOP ( 'NONE', ( #1657, #536, #3201, #950 ) ) ;
#3472 = ORIENTED_EDGE ( 'NONE', *, *, #2584, .F. ) ;
#3473 = LINE ( 'NONE', #2615, #1127 ) ;
#3474 = PLANE ( 'NONE',  #4670 ) ;
#3475 = ORIENTED_EDGE ( 'NONE', *, *, #789, .T. ) ;
#3476 = ORIENTED_EDGE ( 'NONE', *, *, #4280, .T. ) ;
#3477 = PLANE ( 'NONE',  #3711 ) ;
#3478 = DIRECTION ( 'NONE',  ( -1.000000000000000000, -0.000000000000000000, -0.000000000000000000 ) ) ;
#3479 = CARTESIAN_POINT ( 'NONE',  ( 1.599999999999997202, 43.59999999999936904, 65.30665584262817447 ) ) ;
#3480 = CARTESIAN_POINT ( 'NONE',  ( 34.26858978976805759, -1.600000000000629141, 62.41172395019732022 ) ) ;
#3481 = DIRECTION ( 'NONE',  ( 0.000000000000000000, 0.000000000000000000, 1.000000000000000000 ) ) ;
#3482 = ORIENTED_EDGE ( 'NONE', *, *, #2197, .F. ) ;
#3483 = ORIENTED_EDGE ( 'NONE', *, *, #5515, .F. ) ;
#3484 = DIRECTION ( 'NONE',  ( 0.000000000000000000, -1.000000000000000000, -1.355252715606881529E-16 ) ) ;
#3485 = CARTESIAN_POINT ( 'NONE',  ( 1.600000000000000089, 30.77889837679251528, 82.18782303389359356 ) ) ;
#3486 = CARTESIAN_POINT ( 'NONE',  ( 0.000000000000000000, 3.588077000000001959, 70.78672395019731312 ) ) ;
#3487 = EDGE_CURVE ( 'NONE', #5198, #4995, #1788, .T. ) ;
#3488 = ORIENTED_EDGE ( 'NONE', *, *, #1633, .T. ) ;
#3489 = DIRECTION ( 'NONE',  ( 0.000000000000000000, 0.000000000000000000, -1.000000000000000000 ) ) ;
#3490 = FACE_OUTER_BOUND ( 'NONE', #797, .T. ) ;
#3491 = FACE_OUTER_BOUND ( 'NONE', #4265, .T. ) ;
#3492 = ORIENTED_EDGE ( 'NONE', *, *, #1537, .F. ) ;
#3493 = ORIENTED_EDGE ( 'NONE', *, *, #4269, .F. ) ;
#3494 = EDGE_CURVE ( 'NONE', #4995, #4078, #4110, .T. ) ;
#3495 = EDGE_CURVE ( 'NONE', #1507, #1837, #4260, .T. ) ;
#3496 = DIRECTION ( 'NONE',  ( 0.000000000000000000, 0.000000000000000000, 1.000000000000000000 ) ) ;
#3497 = AXIS2_PLACEMENT_3D ( 'NONE', #4643, #934, #515 ) ;
#3498 = CARTESIAN_POINT ( 'NONE',  ( 1.600000000000000089, 20.79724476520794241, 15.61172395019732839 ) ) ;
#3499 = ORIENTED_EDGE ( 'NONE', *, *, #3801, .F. ) ;
#3501 = ORIENTED_EDGE ( 'NONE', *, *, #1738, .F. ) ;
#3500 = VECTOR ( 'NONE', #1449, 1000.000000000000000 ) ;
#3502 = CARTESIAN_POINT ( 'NONE',  ( 0.000000000000000000, 41.99999999999999289, 57.30665584262819578 ) ) ;
#3503 = CARTESIAN_POINT ( 'NONE',  ( 1.600000000000000089, 34.76172013427476770, 16.60843236629798980 ) ) ;
#3504 = FACE_BOUND ( 'NONE', #2171, .T. ) ;
#3505 = CARTESIAN_POINT ( 'NONE',  ( 0.000000000000000000, 32.79724476520733134, 5.111723950197325728 ) ) ;
#3506 = LINE ( 'NONE', #1707, #1438 ) ;
#3507 = EDGE_LOOP ( 'NONE', ( #422, #1807, #3488, #70 ) ) ;
#3508 = AXIS2_PLACEMENT_3D ( 'NONE', #1573, #4821, #4850 ) ;
#3509 = ORIENTED_EDGE ( 'NONE', *, *, #4815, .T. ) ;
#3510 = EDGE_LOOP ( 'NONE', ( #4178, #2839, #4965, #3652 ) ) ;
#3511 = DIRECTION ( 'NONE',  ( 0.000000000000000000, 0.000000000000000000, -1.000000000000000000 ) ) ;
#3512 = CIRCLE ( 'NONE', #3832, 3.199999999999994404 ) ;
#3513 = CARTESIAN_POINT ( 'NONE',  ( 0.000000000000000000, -1.600000000000000755, -27.58827604980267623 ) ) ;
#3514 = DIRECTION ( 'NONE',  ( 1.000000000000000000, 0.000000000000000000, -0.000000000000000000 ) ) ;
#3515 = CARTESIAN_POINT ( 'NONE',  ( 1.599999999999997202, 43.59999999999958931, 27.30665584262819578 ) ) ;
#3516 = VECTOR ( 'NONE', #4116, 1000.000000000000000 ) ;
#3517 = EDGE_CURVE ( 'NONE', #3361, #290, #2361, .T. ) ;
#3518 = ORIENTED_EDGE ( 'NONE', *, *, #1270, .F. ) ;
#3519 = DIRECTION ( 'NONE',  ( -1.000000000000000000, 0.000000000000000000, 0.000000000000000000 ) ) ;
#3520 = CARTESIAN_POINT ( 'NONE',  ( 0.000000000000000000, -0.000000000000000000, 0.000000000000000000 ) ) ;
#3521 = EDGE_CURVE ( 'NONE', #844, #4406, #2924, .T. ) ;
#3522 = VECTOR ( 'NONE', #2358, 1000.000000000000000 ) ;
#3523 = EDGE_CURVE ( 'NONE', #2152, #5305, #5231, .T. ) ;
#3524 = DIRECTION ( 'NONE',  ( 0.000000000000000000, -0.000000000000000000, 1.000000000000000000 ) ) ;
#3525 = VECTOR ( 'NONE', #2631, 1000.000000000000000 ) ;
#3526 = ORIENTED_EDGE ( 'NONE', *, *, #2606, .T. ) ;
#3527 = VECTOR ( 'NONE', #292, 1000.000000000000000 ) ;
#3528 = ORIENTED_EDGE ( 'NONE', *, *, #4466, .T. ) ;
#3529 = CARTESIAN_POINT ( 'NONE',  ( 0.000000000000000000, 8.392566107048104129, 95.92746955793870711 ) ) ;
#3530 = CIRCLE ( 'NONE', #3927, 1.024999999999998135 ) ;
#3531 = EDGE_CURVE ( 'NONE', #2550, #4522, #3654, .T. ) ;
#3532 = ORIENTED_EDGE ( 'NONE', *, *, #1899, .F. ) ;
#3533 = ADVANCED_FACE ( 'NONE', ( #4804 ), #2983, .F. ) ;
#3534 = EDGE_LOOP ( 'NONE', ( #2236, #4327, #3559, #2531 ) ) ;
#3535 = LINE ( 'NONE', #5828, #887 ) ;
#3536 = CARTESIAN_POINT ( 'NONE',  ( 0.000000000000000000, 16.13811929073754925, -14.28203005503669232 ) ) ;
#3537 = FACE_BOUND ( 'NONE', #5785, .T. ) ;
#3538 = DIRECTION ( 'NONE',  ( -1.000000000000000000, -0.000000000000000000, -0.000000000000000000 ) ) ;
#3539 = CARTESIAN_POINT ( 'NONE',  ( 1.600000000000000089, 4.088077000000002847, 70.78672395019731312 ) ) ;
#3540 = ORIENTED_EDGE ( 'NONE', *, *, #5013, .F. ) ;
#3541 = ORIENTED_EDGE ( 'NONE', *, *, #3389, .F. ) ;
#3542 = EDGE_LOOP ( 'NONE', ( #1096, #3509, #584, #3532 ) ) ;
#3543 = LINE ( 'NONE', #860, #5912 ) ;
#3544 = CARTESIAN_POINT ( 'NONE',  ( 1.600000000000000089, 4.063076999999999828, 57.91172395019730601 ) ) ;
#3545 = DIRECTION ( 'NONE',  ( 0.000000000000000000, -0.9961946980917452121, 0.08715574274766232921 ) ) ;
#3546 = CARTESIAN_POINT ( 'NONE',  ( 1.600000000000000089, 0.000000000000000000, -38.58827604980267978 ) ) ;
#3547 = AXIS2_PLACEMENT_3D ( 'NONE', #4139, #1842, #5945 ) ;
#3548 = ADVANCED_FACE ( 'NONE', ( #3924 ), #4857, .F. ) ;
#3549 = EDGE_LOOP ( 'NONE', ( #4171, #3355, #3215, #3526 ) ) ;
#3550 = CARTESIAN_POINT ( 'NONE',  ( 1.600000000000000089, 3.588077000000001959, 70.78672395019731312 ) ) ;
#3551 = CARTESIAN_POINT ( 'NONE',  ( 0.000000000000000000, 5.088077000000000183, 75.93672395019731880 ) ) ;
#3552 = DIRECTION ( 'NONE',  ( 0.000000000000000000, 0.000000000000000000, 1.000000000000000000 ) ) ;
#3553 = EDGE_CURVE ( 'NONE', #1401, #3582, #2496, .T. ) ;
#3554 = ORIENTED_EDGE ( 'NONE', *, *, #2681, .F. ) ;
#3555 = ORIENTED_EDGE ( 'NONE', *, *, #818, .F. ) ;
#3556 = CARTESIAN_POINT ( 'NONE',  ( 1.600000000000000089, 18.67813011214031249, 95.02759930952281309 ) ) ;
#3557 = AXIS2_PLACEMENT_3D ( 'NONE', #251, #1620, #2155 ) ;
#3558 = ORIENTED_EDGE ( 'NONE', *, *, #2279, .F. ) ;
#3559 = ORIENTED_EDGE ( 'NONE', *, *, #2335, .F. ) ;
#3560 = CARTESIAN_POINT ( 'NONE',  ( 0.000000000000000000, 0.000000000000000000, 84.41172395019731312 ) ) ;
#3561 = EDGE_CURVE ( 'NONE', #3322, #63, #5311, .T. ) ;
#3562 = PLANE ( 'NONE',  #1799 ) ;
#3563 = FACE_OUTER_BOUND ( 'NONE', #5630, .T. ) ;
#3564 = DIRECTION ( 'NONE',  ( 1.000000000000000000, 0.000000000000000000, 0.000000000000000000 ) ) ;
#3565 = DIRECTION ( 'NONE',  ( -1.000000000000000000, 0.000000000000000000, -0.000000000000000000 ) ) ;
#3566 = ORIENTED_EDGE ( 'NONE', *, *, #5759, .T. ) ;
#3567 = ORIENTED_EDGE ( 'NONE', *, *, #5523, .F. ) ;
#3568 = ORIENTED_EDGE ( 'NONE', *, *, #4628, .F. ) ;
#3569 = FACE_OUTER_BOUND ( 'NONE', #2624, .T. ) ;
#3570 = AXIS2_PLACEMENT_3D ( 'NONE', #5705, #5307, #5761 ) ;
#3571 = EDGE_CURVE ( 'NONE', #1268, #1708, #1204, .T. ) ;
#3572 = EDGE_CURVE ( 'NONE', #5401, #1437, #5739, .T. ) ;
#3573 = CARTESIAN_POINT ( 'NONE',  ( 0.000000000000000000, -0.000000000000000000, -35.58827604980267978 ) ) ;
#3574 = CIRCLE ( 'NONE', #5228, 2.249999999999998668 ) ;
#3575 = DIRECTION ( 'NONE',  ( 0.000000000000000000, 0.000000000000000000, 1.000000000000000000 ) ) ;
#3576 = FACE_OUTER_BOUND ( 'NONE', #3293, .T. ) ;
#3577 = ORIENTED_EDGE ( 'NONE', *, *, #2788, .F. ) ;
#3578 = DIRECTION ( 'NONE',  ( 0.000000000000000000, 0.000000000000000000, -1.000000000000000000 ) ) ;
#3579 = CARTESIAN_POINT ( 'NONE',  ( 0.000000000000000000, 13.00107538538017415, 3.983321523335933367 ) ) ;
#3580 = LINE ( 'NONE', #2268, #6016 ) ;
#3581 = EDGE_CURVE ( 'NONE', #5053, #4204, #2140, .T. ) ;
#3582 = VERTEX_POINT ( 'NONE', #4457 ) ;
#3583 = ORIENTED_EDGE ( 'NONE', *, *, #5074, .T. ) ;
#3584 = DIRECTION ( 'NONE',  ( 0.000000000000000000, 0.6243732174915237465, -0.7811261647642349093 ) ) ;
#3585 = ORIENTED_EDGE ( 'NONE', *, *, #5772, .T. ) ;
#3586 = VERTEX_POINT ( 'NONE', #1631 ) ;
#3587 = LINE ( 'NONE', #3560, #4390 ) ;
#3588 = FACE_OUTER_BOUND ( 'NONE', #4749, .T. ) ;
#3589 = CYLINDRICAL_SURFACE ( 'NONE', #1022, 3.199999999999994404 ) ;
#3590 = VECTOR ( 'NONE', #1266, 1000.000000000000000 ) ;
#3591 = EDGE_CURVE ( 'NONE', #5825, #4823, #902, .T. ) ;
#3592 = DIRECTION ( 'NONE',  ( 0.000000000000000000, 0.000000000000000000, -1.000000000000000000 ) ) ;
#3593 = LINE ( 'NONE', #254, #2305 ) ;
#3594 = ORIENTED_EDGE ( 'NONE', *, *, #3521, .T. ) ;
#3595 = EDGE_CURVE ( 'NONE', #3154, #5518, #605, .T. ) ;
#3596 = ORIENTED_EDGE ( 'NONE', *, *, #3494, .F. ) ;
#3597 = VERTEX_POINT ( 'NONE', #3467 ) ;
#3598 = CARTESIAN_POINT ( 'NONE',  ( 0.000000000000000000, 36.00000000000000000, 87.48921303800383953 ) ) ;
#3599 = DIRECTION ( 'NONE',  ( 0.000000000000000000, -2.565210315677348556E-17, -1.000000000000000000 ) ) ;
#3600 = AXIS2_PLACEMENT_3D ( 'NONE', #3033, #4370, #1604 ) ;
#3601 = DIRECTION ( 'NONE',  ( 0.000000000000000000, -0.7071067811865472397, 0.7071067811865479058 ) ) ;
#3602 = CARTESIAN_POINT ( 'NONE',  ( 0.000000000000000000, 14.26852036069973018, -40.88499331274865511 ) ) ;
#3603 = EDGE_CURVE ( 'NONE', #4927, #4980, #3729, .T. ) ;
#3604 = EDGE_CURVE ( 'NONE', #1811, #5392, #2057, .T. ) ;
#3605 = ADVANCED_FACE ( 'NONE', ( #4002 ), #1688, .T. ) ;
#3606 = ORIENTED_EDGE ( 'NONE', *, *, #5329, .T. ) ;
#3607 = LINE ( 'NONE', #5398, #5341 ) ;
#3608 = DIRECTION ( 'NONE',  ( -0.000000000000000000, 0.9961946980917453232, -0.08715574274766184348 ) ) ;
#3609 = DIRECTION ( 'NONE',  ( 1.000000000000000000, -0.000000000000000000, -0.000000000000000000 ) ) ;
#3610 = AXIS2_PLACEMENT_3D ( 'NONE', #1965, #4854, #111 ) ;
#3611 = VECTOR ( 'NONE', #3728, 1000.000000000000000 ) ;
#3612 = ORIENTED_EDGE ( 'NONE', *, *, #1004, .T. ) ;
#3613 = VERTEX_POINT ( 'NONE', #4917 ) ;
#3614 = CIRCLE ( 'NONE', #4578, 2.250000000000001776 ) ;
#3615 = DIRECTION ( 'NONE',  ( 1.000000000000000000, -0.000000000000000000, -0.000000000000000000 ) ) ;
#3616 = CARTESIAN_POINT ( 'NONE',  ( 1.600000000000000089, 36.00000000000000000, 89.73921303800383953 ) ) ;
#3617 = VERTEX_POINT ( 'NONE', #3036 ) ;
#3618 = VECTOR ( 'NONE', #3377, 999.9999999999998863 ) ;
#3619 = ORIENTED_EDGE ( 'NONE', *, *, #4423, .T. ) ;
#3620 = AXIS2_PLACEMENT_3D ( 'NONE', #1603, #4800, #5706 ) ;
#3621 = CARTESIAN_POINT ( 'NONE',  ( 1.600000000000000089, 42.00000000000000000, 5.306655842628200226 ) ) ;
#3622 = EDGE_CURVE ( 'NONE', #5695, #4193, #2256, .T. ) ;
#3623 = DIRECTION ( 'NONE',  ( -1.000000000000000000, 0.000000000000000000, -0.000000000000000000 ) ) ;
#3624 = DIRECTION ( 'NONE',  ( 1.000000000000000000, -0.000000000000000000, 0.000000000000000000 ) ) ;
#3625 = LINE ( 'NONE', #5531, #3516 ) ;
#3626 = PLANE ( 'NONE',  #467 ) ;
#3627 = ORIENTED_EDGE ( 'NONE', *, *, #1084, .T. ) ;
#3628 = EDGE_CURVE ( 'NONE', #480, #3673, #692, .T. ) ;
#3629 = ADVANCED_FACE ( 'NONE', ( #722 ), #2581, .T. ) ;
#3630 = ORIENTED_EDGE ( 'NONE', *, *, #2711, .F. ) ;
#3631 = VERTEX_POINT ( 'NONE', #181 ) ;
#3632 = LINE ( 'NONE', #2629, #4377 ) ;
#3633 = DIRECTION ( 'NONE',  ( 0.000000000000000000, 0.000000000000000000, -1.000000000000000000 ) ) ;
#3634 = VECTOR ( 'NONE', #1330, 1000.000000000000000 ) ;
#3635 = DIRECTION ( 'NONE',  ( 0.000000000000000000, 0.000000000000000000, -1.000000000000000000 ) ) ;
#3636 = DIRECTION ( 'NONE',  ( 0.000000000000000000, 0.000000000000000000, 1.000000000000000000 ) ) ;
#3637 = CARTESIAN_POINT ( 'NONE',  ( 1.599999999999997202, 43.59999999999958931, 0.000000000000000000 ) ) ;
#3638 = VECTOR ( 'NONE', #4692, 1000.000000000000000 ) ;
#3639 = ORIENTED_EDGE ( 'NONE', *, *, #5202, .F. ) ;
#3640 = DIRECTION ( 'NONE',  ( 0.000000000000000000, -1.000000000000000000, -1.662905933390748385E-16 ) ) ;
#3641 = CARTESIAN_POINT ( 'NONE',  ( 1.600000000000000089, 14.86996672074904602, -2.849561263587806259 ) ) ;
#3642 = EDGE_CURVE ( 'NONE', #874, #5656, #750, .T. ) ;
#3643 = DIRECTION ( 'NONE',  ( 0.000000000000000000, 0.000000000000000000, -1.000000000000000000 ) ) ;
#3644 = VECTOR ( 'NONE', #5876, 1000.000000000000000 ) ;
#3646 = EDGE_CURVE ( 'NONE', #3673, #90, #3899, .T. ) ;
#3645 = DIRECTION ( 'NONE',  ( 0.000000000000000000, 0.000000000000000000, -1.000000000000000000 ) ) ;
#3647 = EDGE_LOOP ( 'NONE', ( #2871, #1938, #554, #2419 ) ) ;
#3648 = ORIENTED_EDGE ( 'NONE', *, *, #5822, .T. ) ;
#3649 = ORIENTED_EDGE ( 'NONE', *, *, #3770, .T. ) ;
#3650 = DIRECTION ( 'NONE',  ( 0.000000000000000000, 0.000000000000000000, 1.000000000000000000 ) ) ;
#3651 = DIRECTION ( 'NONE',  ( 0.000000000000000000, 0.4978900526304347318, 0.8672401602161092793 ) ) ;
#3652 = ORIENTED_EDGE ( 'NONE', *, *, #3839, .T. ) ;
#3653 = ORIENTED_EDGE ( 'NONE', *, *, #1779, .F. ) ;
#3654 = LINE ( 'NONE', #608, #619 ) ;
#3655 = AXIS2_PLACEMENT_3D ( 'NONE', #4930, #4500, #680 ) ;
#3656 = CARTESIAN_POINT ( 'NONE',  ( 0.000000000000000000, 13.00107538538017415, 3.983321523335935144 ) ) ;
#3657 = LINE ( 'NONE', #2842, #3638 ) ;
#3658 = LINE ( 'NONE', #884, #4582 ) ;
#3659 = CARTESIAN_POINT ( 'NONE',  ( 1.600000000000000089, 4.063076999999998939, 73.66172395019732733 ) ) ;
#3660 = ORIENTED_EDGE ( 'NONE', *, *, #1921, .T. ) ;
#3661 = EDGE_CURVE ( 'NONE', #4863, #4653, #5939, .T. ) ;
#3662 = ORIENTED_EDGE ( 'NONE', *, *, #2417, .T. ) ;
#3663 = EDGE_LOOP ( 'NONE', ( #1787, #1967, #461, #4881 ) ) ;
#3664 = FACE_OUTER_BOUND ( 'NONE', #519, .T. ) ;
#3665 = CARTESIAN_POINT ( 'NONE',  ( 1.600000000000000089, 22.80517598100526300, 94.66652958214557145 ) ) ;
#3666 = LINE ( 'NONE', #956, #3223 ) ;
#3667 = DIRECTION ( 'NONE',  ( -1.000000000000000000, -0.000000000000000000, -0.000000000000000000 ) ) ;
#3668 = DIRECTION ( 'NONE',  ( 0.000000000000000000, -0.8115739819650137354, -0.5842496656374324138 ) ) ;
#3669 = AXIS2_PLACEMENT_3D ( 'NONE', #3546, #1741, #4970 ) ;
#3670 = AXIS2_PLACEMENT_3D ( 'NONE', #3, #5502, #1342 ) ;
#3671 = EDGE_CURVE ( 'NONE', #2500, #388, #4129, .T. ) ;
#3672 = CIRCLE ( 'NONE', #4157, 3.199999999999994404 ) ;
#3673 = VERTEX_POINT ( 'NONE', #838 ) ;
#3674 = VECTOR ( 'NONE', #1797, 1000.000000000000000 ) ;
#3675 = DIRECTION ( 'NONE',  ( 0.000000000000000000, -0.8115739819650137354, -0.5842496656374324138 ) ) ;
#3676 = DIRECTION ( 'NONE',  ( -1.000000000000000000, -0.000000000000000000, -0.000000000000000000 ) ) ;
#3677 = LINE ( 'NONE', #3703, #4767 ) ;
#3678 = EDGE_LOOP ( 'NONE', ( #2300, #1152, #3482, #2212, #18 ) ) ;
#3679 = ORIENTED_EDGE ( 'NONE', *, *, #2533, .T. ) ;
#3680 = ORIENTED_EDGE ( 'NONE', *, *, #1313, .F. ) ;
#3681 = DIRECTION ( 'NONE',  ( 1.000000000000000000, -0.000000000000000000, 0.000000000000000000 ) ) ;
#3682 = CARTESIAN_POINT ( 'NONE',  ( 1.600000000000000089, 3.469446951953614189E-15, 20.88222947802272245 ) ) ;
#3683 = ORIENTED_EDGE ( 'NONE', *, *, #1121, .F. ) ;
#3684 = EDGE_CURVE ( 'NONE', #1937, #1892, #5542, .T. ) ;
#3685 = EDGE_CURVE ( 'NONE', #1952, #187, #2634, .T. ) ;
#3686 = VERTEX_POINT ( 'NONE', #2668 ) ;
#3687 = CARTESIAN_POINT ( 'NONE',  ( 1.600000000000000089, 41.99999999999999289, 35.30665584262819578 ) ) ;
#3688 = CARTESIAN_POINT ( 'NONE',  ( 0.000000000000000000, 32.36959893003879785, -15.59703674228803827 ) ) ;
#3689 = DIRECTION ( 'NONE',  ( 0.000000000000000000, 0.000000000000000000, 1.000000000000000000 ) ) ;
#3690 = CARTESIAN_POINT ( 'NONE',  ( 1.600000000000000089, 6.588077000000001071, 70.78672395019731312 ) ) ;
#3691 = ORIENTED_EDGE ( 'NONE', *, *, #915, .F. ) ;
#3692 = EDGE_LOOP ( 'NONE', ( #5908, #4209, #678, #2738 ) ) ;
#3693 = VERTEX_POINT ( 'NONE', #5033 ) ;
#3694 = CARTESIAN_POINT ( 'NONE',  ( 1.600000000000000089, 30.50000000000000000, 55.79999999999999716 ) ) ;
#3695 = DIRECTION ( 'NONE',  ( -0.000000000000000000, -0.7071067811865462405, -0.7071067811865489050 ) ) ;
#3696 = DIRECTION ( 'NONE',  ( 1.000000000000000000, 0.000000000000000000, -0.000000000000000000 ) ) ;
#3697 = LINE ( 'NONE', #5577, #3833 ) ;
#3698 = CARTESIAN_POINT ( 'NONE',  ( 1.600000000000000089, 36.00000000000000000, 85.23921303800382532 ) ) ;
#3699 = VECTOR ( 'NONE', #4976, 1000.000000000000000 ) ;
#3700 = ORIENTED_EDGE ( 'NONE', *, *, #371, .T. ) ;
#3701 = DIRECTION ( 'NONE',  ( 0.000000000000000000, 0.000000000000000000, 1.000000000000000000 ) ) ;
#3702 = CARTESIAN_POINT ( 'NONE',  ( 1.600000000000000089, 11.82117134523360136, 4.867883577256661098 ) ) ;
#3703 = CARTESIAN_POINT ( 'NONE',  ( 0.000000000000000000, 30.50000000000000000, 55.79999999999999716 ) ) ;
#3704 = ORIENTED_EDGE ( 'NONE', *, *, #881, .T. ) ;
#3705 = ORIENTED_EDGE ( 'NONE', *, *, #5457, .F. ) ;
#3706 = AXIS2_PLACEMENT_3D ( 'NONE', #3060, #775, #1715 ) ;
#3707 = EDGE_CURVE ( 'NONE', #2278, #3631, #3180, .T. ) ;
#3708 = ORIENTED_EDGE ( 'NONE', *, *, #4040, .T. ) ;
#3709 = CARTESIAN_POINT ( 'NONE',  ( 0.000000000000000000, 28.25022420910421772, -4.223258064669741962 ) ) ;
#3710 = DIRECTION ( 'NONE',  ( 1.000000000000000000, 0.000000000000000000, 0.000000000000000000 ) ) ;
#3711 = AXIS2_PLACEMENT_3D ( 'NONE', #3824, #1135, #2043 ) ;
#3712 = CARTESIAN_POINT ( 'NONE',  ( 1.600000000000000089, 20.79724476520794241, 15.61172395019732839 ) ) ;
#3713 = CYLINDRICAL_SURFACE ( 'NONE', #4195, 3.200000000000008171 ) ;
#3714 = AXIS2_PLACEMENT_3D ( 'NONE', #1862, #832, #3635 ) ;
#3715 = ORIENTED_EDGE ( 'NONE', *, *, #3265, .T. ) ;
#3716 = VERTEX_POINT ( 'NONE', #4607 ) ;
#3717 = DIRECTION ( 'NONE',  ( 1.000000000000000000, 0.000000000000000000, 0.000000000000000000 ) ) ;
#3718 = DIRECTION ( 'NONE',  ( 0.000000000000000000, 0.000000000000000000, -1.000000000000000000 ) ) ;
#3719 = ADVANCED_FACE ( 'NONE', ( #4036 ), #4516, .T. ) ;
#3720 = DIRECTION ( 'NONE',  ( 0.000000000000000000, 1.000000000000000000, -2.565210315677348556E-17 ) ) ;
#3721 = AXIS2_PLACEMENT_3D ( 'NONE', #954, #4663, #5570 ) ;
#3722 = EDGE_CURVE ( 'NONE', #3686, #1499, #354, .T. ) ;
#3723 = CARTESIAN_POINT ( 'NONE',  ( 0.000000000000000000, 25.86300191530688863, -48.44189852872219149 ) ) ;
#3724 = ORIENTED_EDGE ( 'NONE', *, *, #183, .T. ) ;
#3725 = AXIS2_PLACEMENT_3D ( 'NONE', #1289, #2195, #3575 ) ;
#3726 = ORIENTED_EDGE ( 'NONE', *, *, #5094, .F. ) ;
#3727 = VERTEX_POINT ( 'NONE', #3212 ) ;
#3728 = DIRECTION ( 'NONE',  ( 0.000000000000000000, -1.355252715606880543E-16, 1.000000000000000000 ) ) ;
#3729 = CIRCLE ( 'NONE', #5558, 18.89112077116034172 ) ;
#3730 = DIRECTION ( 'NONE',  ( 0.000000000000000000, -0.9899989471197554458, 0.1410747486326861533 ) ) ;
#3731 = VECTOR ( 'NONE', #1041, 1000.000000000000000 ) ;
#3732 = DIRECTION ( 'NONE',  ( -0.000000000000000000, 0.7547485790292400853, 0.6560141633023962582 ) ) ;
#3733 = AXIS2_PLACEMENT_3D ( 'NONE', #4292, #5652, #3349 ) ;
#3734 = DIRECTION ( 'NONE',  ( 0.000000000000000000, -1.000000000000000000, -1.355252715606880543E-16 ) ) ;
#3735 = LINE ( 'NONE', #3244, #78 ) ;
#3736 = CARTESIAN_POINT ( 'NONE',  ( 0.000000000000000000, 20.79724476520794241, 15.61172395019732839 ) ) ;
#3737 = LINE ( 'NONE', #5581, #4926 ) ;
#3738 = LINE ( 'NONE', #5133, #1461 ) ;
#3739 = AXIS2_PLACEMENT_3D ( 'NONE', #1689, #723, #3094 ) ;
#3740 = EDGE_LOOP ( 'NONE', ( #1926, #1970 ) ) ;
#3741 = ADVANCED_FACE ( 'NONE', ( #1322 ), #2265, .F. ) ;
#3742 = VERTEX_POINT ( 'NONE', #5968 ) ;
#3743 = ORIENTED_EDGE ( 'NONE', *, *, #4367, .T. ) ;
#3744 = DIRECTION ( 'NONE',  ( -1.000000000000000000, -0.000000000000000000, -0.000000000000000000 ) ) ;
#3745 = AXIS2_PLACEMENT_3D ( 'NONE', #839, #4732, #565 ) ;
#3746 = CARTESIAN_POINT ( 'NONE',  ( 0.000000000000000000, -1.600000000000209033, -5.588276049802678891 ) ) ;
#3747 = DIRECTION ( 'NONE',  ( 0.000000000000000000, 0.000000000000000000, -1.000000000000000000 ) ) ;
#3748 = EDGE_CURVE ( 'NONE', #844, #3262, #1775, .T. ) ;
#3749 = LINE ( 'NONE', #1429, #2938 ) ;
#3750 = VECTOR ( 'NONE', #5690, 1000.000000000000000 ) ;
#3751 = ORIENTED_EDGE ( 'NONE', *, *, #2639, .F. ) ;
#3752 = VECTOR ( 'NONE', #5319, 1000.000000000000000 ) ;
#3753 = ORIENTED_EDGE ( 'NONE', *, *, #1108, .F. ) ;
#3754 = LINE ( 'NONE', #2474, #5389 ) ;
#3755 = LINE ( 'NONE', #5113, #4716 ) ;
#3756 = DIRECTION ( 'NONE',  ( 0.000000000000000000, 0.000000000000000000, 1.000000000000000000 ) ) ;
#3757 =( NAMED_UNIT ( * ) PLANE_ANGLE_UNIT ( ) SI_UNIT ( $, .RADIAN. ) );
#3758 = DIRECTION ( 'NONE',  ( 0.000000000000000000, -0.2877246076653729445, 0.9577131878301599066 ) ) ;
#3759 = EDGE_LOOP ( 'NONE', ( #2480, #312, #1793, #5135 ) ) ;
#3760 = EDGE_CURVE ( 'NONE', #4654, #3262, #3512, .T. ) ;
#3761 = VERTEX_POINT ( 'NONE', #4067 ) ;
#3762 = ORIENTED_EDGE ( 'NONE', *, *, #1568, .F. ) ;
#3763 = DIRECTION ( 'NONE',  ( 0.000000000000000000, 0.7953493139644385312, 0.6061513579761222958 ) ) ;
#3764 = FACE_OUTER_BOUND ( 'NONE', #5801, .T. ) ;
#3765 = DIRECTION ( 'NONE',  ( 0.000000000000000000, 0.000000000000000000, 1.000000000000000000 ) ) ;
#3766 = CARTESIAN_POINT ( 'NONE',  ( 34.26858978976805759, 41.99999999999980105, 5.306655842628200226 ) ) ;
#3767 = VECTOR ( 'NONE', #2778, 1000.000000000000000 ) ;
#3768 = DIRECTION ( 'NONE',  ( 0.000000000000000000, 0.000000000000000000, 1.000000000000000000 ) ) ;
#3769 = CARTESIAN_POINT ( 'NONE',  ( 0.000000000000000000, 21.56647773738793816, 35.01172395019732875 ) ) ;
#3770 = EDGE_CURVE ( 'NONE', #704, #1209, #899, .T. ) ;
#3771 = ADVANCED_FACE ( 'NONE', ( #325 ), #1264, .F. ) ;
#3772 = CARTESIAN_POINT ( 'NONE',  ( 0.000000000000000000, 16.07149559284960816, 91.30815192780055156 ) ) ;
#3773 = LINE ( 'NONE', #419, #5129 ) ;
#3774 = LINE ( 'NONE', #5165, #2229 ) ;
#3775 = ORIENTED_EDGE ( 'NONE', *, *, #3070, .F. ) ;
#3776 = EDGE_LOOP ( 'NONE', ( #5110, #5821, #5601, #879 ) ) ;
#3777 = CIRCLE ( 'NONE', #661, 4.799999999999998934 ) ;
#3778 = ORIENTED_EDGE ( 'NONE', *, *, #2427, .F. ) ;
#3779 = CARTESIAN_POINT ( 'NONE',  ( 34.26858978976805759, -8.015439349594770006E-13, 92.41172395019732733 ) ) ;
#3780 = FACE_OUTER_BOUND ( 'NONE', #2139, .T. ) ;
#3781 = DIRECTION ( 'NONE',  ( 1.000000000000000000, 0.000000000000000000, -0.000000000000000000 ) ) ;
#3782 = AXIS2_PLACEMENT_3D ( 'NONE', #4191, #5546, #3309 ) ;
#3783 = ORIENTED_EDGE ( 'NONE', *, *, #5512, .T. ) ;
#3784 = ORIENTED_EDGE ( 'NONE', *, *, #4839, .T. ) ;
#3785 = ORIENTED_EDGE ( 'NONE', *, *, #1481, .T. ) ;
#3786 = DIRECTION ( 'NONE',  ( 1.000000000000000000, -0.000000000000000000, 0.000000000000000000 ) ) ;
#3787 = DIRECTION ( 'NONE',  ( 0.000000000000000000, 0.000000000000000000, -1.000000000000000000 ) ) ;
#3788 = LINE ( 'NONE', #3325, #622 ) ;
#3789 = ORIENTED_EDGE ( 'NONE', *, *, #3182, .F. ) ;
#3790 = EDGE_LOOP ( 'NONE', ( #5948, #5645, #3700, #5009 ) ) ;
#3791 = ORIENTED_EDGE ( 'NONE', *, *, #1527, .T. ) ;
#3792 = EDGE_CURVE ( 'NONE', #1609, #1437, #1745, .T. ) ;
#3793 = DIRECTION ( 'NONE',  ( 0.000000000000000000, -0.7811261647642352424, -0.6243732174915230804 ) ) ;
#3794 = DIRECTION ( 'NONE',  ( 0.000000000000000000, 0.000000000000000000, 1.000000000000000000 ) ) ;
#3795 = CARTESIAN_POINT ( 'NONE',  ( 0.000000000000000000, 14.86996672074904602, -2.849561263587806259 ) ) ;
#3796 = LINE ( 'NONE', #1051, #5932 ) ;
#3797 = DIRECTION ( 'NONE',  ( 0.000000000000000000, -0.7071067811865481278, -0.7071067811865470176 ) ) ;
#3798 = DIRECTION ( 'NONE',  ( 0.000000000000000000, -1.000000000000000000, 0.000000000000000000 ) ) ;
#3799 = CARTESIAN_POINT ( 'NONE',  ( 1.600000000000000089, 42.00000000000000711, -24.69334415737179711 ) ) ;
#3800 = CIRCLE ( 'NONE', #1258, 13.99999999999999822 ) ;
#3801 = EDGE_CURVE ( 'NONE', #447, #115, #3607, .T. ) ;
#3802 = CARTESIAN_POINT ( 'NONE',  ( 0.000000000000000000, 6.186579155612309588E-17, 2.411723950197328215 ) ) ;
#3803 = EDGE_CURVE ( 'NONE', #1463, #5618, #4562, .T. ) ;
#3804 = EDGE_LOOP ( 'NONE', ( #5495, #5561, #3715, #1315 ) ) ;
#3805 = ADVANCED_FACE ( 'NONE', ( #4973 ), #4098, .F. ) ;
#3806 = CIRCLE ( 'NONE', #1467, 14.00000000000000178 ) ;
#3807 = EDGE_LOOP ( 'NONE', ( #2585, #4979, #167, #4018 ) ) ;
#3808 = VERTEX_POINT ( 'NONE', #2366 ) ;
#3809 = CARTESIAN_POINT ( 'NONE',  ( 0.000000000000000000, 43.59999999999937614, 0.000000000000000000 ) ) ;
#3810 = DIRECTION ( 'NONE',  ( 0.000000000000000000, -8.684297516722817175E-16, -1.000000000000000000 ) ) ;
#3811 = DIRECTION ( 'NONE',  ( -1.000000000000000000, 0.000000000000000000, 0.000000000000000000 ) ) ;
#3812 = ORIENTED_EDGE ( 'NONE', *, *, #5573, .T. ) ;
#3813 = ORIENTED_EDGE ( 'NONE', *, *, #4410, .T. ) ;
#3814 = EDGE_LOOP ( 'NONE', ( #4694, #4986, #4447, #4319, #3373, #1298, #1328, #2391 ) ) ;
#3815 = FACE_OUTER_BOUND ( 'NONE', #4645, .T. ) ;
#3816 = CARTESIAN_POINT ( 'NONE',  ( 1.600000000000000089, 7.924835697984207172, 10.10708183593993148 ) ) ;
#3817 = DIRECTION ( 'NONE',  ( -1.000000000000000000, 0.000000000000000000, 0.000000000000000000 ) ) ;
#3818 = VECTOR ( 'NONE', #3008, 1000.000000000000000 ) ;
#3819 = VECTOR ( 'NONE', #1287, 1000.000000000000000 ) ;
#3820 = VERTEX_POINT ( 'NONE', #49 ) ;
#3821 = ADVANCED_FACE ( 'NONE', ( #959 ), #2793, .F. ) ;
#3822 = ORIENTED_EDGE ( 'NONE', *, *, #3561, .T. ) ;
#3823 = ORIENTED_EDGE ( 'NONE', *, *, #1482, .F. ) ;
#3824 = CARTESIAN_POINT ( 'NONE',  ( 1.600000000000000089, 17.44704837321079438, 91.04455201580699963 ) ) ;
#3825 = DIRECTION ( 'NONE',  ( 0.000000000000000000, 0.000000000000000000, -1.000000000000000000 ) ) ;
#3826 = LINE ( 'NONE', #2450, #148 ) ;
#3827 = AXIS2_PLACEMENT_3D ( 'NONE', #1894, #2394, #441 ) ;
#3828 = FACE_OUTER_BOUND ( 'NONE', #2704, .T. ) ;
#3829 = CARTESIAN_POINT ( 'NONE',  ( 0.000000000000000000, 18.99936978682279687, -4.336313675490765185 ) ) ;
#3830 = CARTESIAN_POINT ( 'NONE',  ( 1.600000000000000089, 16.07149559284960816, 91.30815192780055156 ) ) ;
#3831 = ADVANCED_FACE ( 'NONE', ( #512 ), #5545, .T. ) ;
#3832 = AXIS2_PLACEMENT_3D ( 'NONE', #778, #2296, #5425 ) ;
#3833 = VECTOR ( 'NONE', #4702, 1000.000000000000000 ) ;
#3834 = DIRECTION ( 'NONE',  ( 0.000000000000000000, -1.000000000000000000, 0.000000000000000000 ) ) ;
#3835 = LINE ( 'NONE', #5223, #900 ) ;
#3836 = DIRECTION ( 'NONE',  ( 0.000000000000000000, -0.6560141633023947039, 0.7547485790292413066 ) ) ;
#3837 = ORIENTED_EDGE ( 'NONE', *, *, #223, .T. ) ;
#3838 = ORIENTED_EDGE ( 'NONE', *, *, #2309, .T. ) ;
#3839 = EDGE_CURVE ( 'NONE', #4293, #2181, #3246, .T. ) ;
#3840 = ORIENTED_EDGE ( 'NONE', *, *, #1397, .F. ) ;
#3841 = PLANE ( 'NONE',  #4313 ) ;
#3842 = DIRECTION ( 'NONE',  ( 1.000000000000000000, 0.000000000000000000, -0.000000000000000000 ) ) ;
#3843 = EDGE_CURVE ( 'NONE', #2990, #851, #3312, .T. ) ;
#3844 = VECTOR ( 'NONE', #2867, 1000.000000000000000 ) ;
#3845 = CARTESIAN_POINT ( 'NONE',  ( 0.000000000000000000, 11.57110162320747904, 47.44384054086497571 ) ) ;
#3846 = PLANE ( 'NONE',  #2052 ) ;
#3847 = VERTEX_POINT ( 'NONE', #3772 ) ;
#3848 = CIRCLE ( 'NONE', #154, 3.200000000000003286 ) ;
#3849 = EDGE_LOOP ( 'NONE', ( #3292, #1664, #4475, #5068 ) ) ;
#3850 = EDGE_CURVE ( 'NONE', #3613, #1343, #3806, .T. ) ;
#3851 = DIRECTION ( 'NONE',  ( 0.000000000000000000, 1.000000000000000000, -6.938893903907222461E-16 ) ) ;
#3852 = CARTESIAN_POINT ( 'NONE',  ( 1.599999999999997202, 43.59999999999979536, -2.693344157371803327 ) ) ;
#3853 = CARTESIAN_POINT ( 'NONE',  ( 1.600000000000000089, 17.43699047582477846, 93.18469074591719448 ) ) ;
#3854 = ORIENTED_EDGE ( 'NONE', *, *, #642, .F. ) ;
#3855 = AXIS2_PLACEMENT_3D ( 'NONE', #1849, #3717, #2707 ) ;
#3856 = VERTEX_POINT ( 'NONE', #2330 ) ;
#3857 = VERTEX_POINT ( 'NONE', #4669 ) ;
#3858 = DIRECTION ( 'NONE',  ( 1.000000000000000000, -0.000000000000000000, 0.000000000000000000 ) ) ;
#3859 = DIRECTION ( 'NONE',  ( 0.000000000000000000, -0.9961946980917453232, 0.08715574274766109408 ) ) ;
#3860 = DIRECTION ( 'NONE',  ( 0.000000000000000000, 0.000000000000000000, -1.000000000000000000 ) ) ;
#3861 = CARTESIAN_POINT ( 'NONE',  ( 1.600000000000000089, 9.168842338346538057, 7.815554570369580567 ) ) ;
#3862 = DIRECTION ( 'NONE',  ( 0.000000000000000000, -0.5842496656374324138, 0.8115739819650137354 ) ) ;
#3863 = CARTESIAN_POINT ( 'NONE',  ( 1.600000000000000089, 36.99999999999959499, 35.01172395019732875 ) ) ;
#3864 = EDGE_CURVE ( 'NONE', #5330, #1299, #4861, .T. ) ;
#3865 = EDGE_LOOP ( 'NONE', ( #4286, #1215, #1284, #2617 ) ) ;
#3866 = VECTOR ( 'NONE', #653, 1000.000000000000000 ) ;
#3867 = CARTESIAN_POINT ( 'NONE',  ( 0.000000000000000000, 14.26852036069874252, -24.68499331274864872 ) ) ;
#3868 = DIRECTION ( 'NONE',  ( -1.000000000000000000, 0.000000000000000000, 0.000000000000000000 ) ) ;
#3869 = DIRECTION ( 'NONE',  ( -1.000000000000000000, -0.000000000000000000, -0.000000000000000000 ) ) ;
#3870 = EDGE_LOOP ( 'NONE', ( #2392, #4934, #3118, #3541 ) ) ;
#3871 = ORIENTED_EDGE ( 'NONE', *, *, #3646, .F. ) ;
#3872 = CARTESIAN_POINT ( 'NONE',  ( 0.000000000000000000, 14.26852036069874252, -24.68499331274864872 ) ) ;
#3873 = DIRECTION ( 'NONE',  ( 0.000000000000000000, 0.000000000000000000, 1.000000000000000000 ) ) ;
#3874 = CARTESIAN_POINT ( 'NONE',  ( 0.000000000000000000, 18.99936978682279687, -4.336313675490765185 ) ) ;
#3875 = EDGE_CURVE ( 'NONE', #2002, #4613, #1867, .T. ) ;
#3876 = VECTOR ( 'NONE', #5930, 1000.000000000000000 ) ;
#3877 = VERTEX_POINT ( 'NONE', #991 ) ;
#3878 = ORIENTED_EDGE ( 'NONE', *, *, #509, .F. ) ;
#3879 = AXIS2_PLACEMENT_3D ( 'NONE', #5588, #1896, #3237 ) ;
#3880 = EDGE_CURVE ( 'NONE', #187, #5460, #4223, .T. ) ;
#3881 = CARTESIAN_POINT ( 'NONE',  ( 34.26858978976805759, 0.000000000000000000, -5.588276049802678891 ) ) ;
#3882 = ORIENTED_EDGE ( 'NONE', *, *, #5746, .T. ) ;
#3883 = EDGE_CURVE ( 'NONE', #5149, #2784, #3632, .T. ) ;
#3884 = EDGE_CURVE ( 'NONE', #5, #3314, #3112, .T. ) ;
#3885 = VERTEX_POINT ( 'NONE', #315 ) ;
#3886 = ORIENTED_EDGE ( 'NONE', *, *, #160, .T. ) ;
#3887 = CARTESIAN_POINT ( 'NONE',  ( 0.000000000000000000, 11.84999999999999964, 80.63166357475853374 ) ) ;
#3888 = DIRECTION ( 'NONE',  ( -1.000000000000000000, -0.000000000000000000, -0.000000000000000000 ) ) ;
#3889 = LINE ( 'NONE', #5727, #1990 ) ;
#3890 = CARTESIAN_POINT ( 'NONE',  ( 1.600000000000000089, 7.377207002582182760, 11.62391923460522491 ) ) ;
#3891 = CARTESIAN_POINT ( 'NONE',  ( 0.000000000000000000, 6.588077000000000183, 62.03672395019731312 ) ) ;
#3892 = FACE_OUTER_BOUND ( 'NONE', #1840, .T. ) ;
#3893 = DIRECTION ( 'NONE',  ( -1.000000000000000000, -0.000000000000000000, -0.000000000000000000 ) ) ;
#3894 = DIRECTION ( 'NONE',  ( 0.000000000000000000, -0.9281374038694141237, -0.3722377728529762675 ) ) ;
#3895 = DIRECTION ( 'NONE',  ( -0.000000000000000000, -0.7071067811865462405, -0.7071067811865489050 ) ) ;
#3896 = ADVANCED_FACE ( 'NONE', ( #3569 ), #2193, .F. ) ;
#3897 = ORIENTED_EDGE ( 'NONE', *, *, #2389, .T. ) ;
#3898 = VECTOR ( 'NONE', #110, 1000.000000000000000 ) ;
#3899 = LINE ( 'NONE', #417, #1101 ) ;
#3900 = CARTESIAN_POINT ( 'NONE',  ( 1.600000000000000089, 5.088077000000000183, 75.93672395019731880 ) ) ;
#3901 = DIRECTION ( 'NONE',  ( 0.000000000000000000, 1.662905933390748385E-16, -1.000000000000000000 ) ) ;
#3902 = AXIS2_PLACEMENT_3D ( 'NONE', #3308, #1383, #5580 ) ;
#3903 = EDGE_CURVE ( 'NONE', #3877, #1045, #3543, .T. ) ;
#3904 = ORIENTED_EDGE ( 'NONE', *, *, #2933, .F. ) ;
#3905 = VERTEX_POINT ( 'NONE', #4476 ) ;
#3906 = LINE ( 'NONE', #5206, #4814 ) ;
#3907 = COLOUR_RGB ( '',1.000000000000000000, 1.000000000000000000, 1.000000000000000000 ) ;
#3908 = DIRECTION ( 'NONE',  ( 1.000000000000000000, 0.000000000000000000, 0.000000000000000000 ) ) ;
#3909 = VERTEX_POINT ( 'NONE', #2691 ) ;
#3910 = EDGE_LOOP ( 'NONE', ( #2599, #1305 ) ) ;
#3911 = AXIS2_PLACEMENT_3D ( 'NONE', #262, #1257, #834 ) ;
#3912 = LINE ( 'NONE', #1987, #1089 ) ;
#3913 = DIRECTION ( 'NONE',  ( 0.000000000000000000, 0.000000000000000000, 1.000000000000000000 ) ) ;
#3914 = FACE_BOUND ( 'NONE', #3663, .T. ) ;
#3915 = EDGE_CURVE ( 'NONE', #1710, #5142, #2165, .T. ) ;
#3916 = DIRECTION ( 'NONE',  ( 0.000000000000000000, 0.000000000000000000, -1.000000000000000000 ) ) ;
#3917 = VECTOR ( 'NONE', #4956, 1000.000000000000000 ) ;
#3918 = CARTESIAN_POINT ( 'NONE',  ( 0.000000000000000000, -1.600000000000838529, 92.41172395019731312 ) ) ;
#3919 = ORIENTED_EDGE ( 'NONE', *, *, #1920, .F. ) ;
#3920 = CARTESIAN_POINT ( 'NONE',  ( 1.600000000000000089, 7.377207002582182760, 11.62391923460522491 ) ) ;
#3921 = CARTESIAN_POINT ( 'NONE',  ( 1.600000000000000089, 25.86300191530688863, -48.44189852872219149 ) ) ;
#3922 = DIRECTION ( 'NONE',  ( 1.000000000000000000, 0.000000000000000000, 0.000000000000000000 ) ) ;
#3923 = ORIENTED_EDGE ( 'NONE', *, *, #3875, .F. ) ;
#3924 = FACE_OUTER_BOUND ( 'NONE', #5998, .T. ) ;
#3925 = DIRECTION ( 'NONE',  ( 0.000000000000000000, 1.000000000000000000, -0.000000000000000000 ) ) ;
#3926 = LINE ( 'NONE', #694, #1075 ) ;
#3927 = AXIS2_PLACEMENT_3D ( 'NONE', #2886, #570, #2424 ) ;
#3928 = EDGE_LOOP ( 'NONE', ( #1750, #5774, #1763, #4202 ) ) ;
#3929 = VERTEX_POINT ( 'NONE', #771 ) ;
#3930 = CARTESIAN_POINT ( 'NONE',  ( 34.26858978976805759, -1.599999999999999645, -35.58827604980267978 ) ) ;
#3931 = DIRECTION ( 'NONE',  ( 0.000000000000000000, 0.000000000000000000, -1.000000000000000000 ) ) ;
#3932 = ORIENTED_EDGE ( 'NONE', *, *, #1802, .T. ) ;
#3933 = AXIS2_PLACEMENT_3D ( 'NONE', #5715, #2894, #609 ) ;
#3934 = ORIENTED_EDGE ( 'NONE', *, *, #2626, .F. ) ;
#3935 = DIRECTION ( 'NONE',  ( 0.000000000000000000, -0.9577131878301599066, -0.2877246076653729445 ) ) ;
#3936 = CARTESIAN_POINT ( 'NONE',  ( 1.600000000000000089, 6.113077000000003203, 59.16172395019730601 ) ) ;
#3937 = CARTESIAN_POINT ( 'NONE',  ( 0.000000000000000000, 6.588077000000001071, 70.78672395019731312 ) ) ;
#3938 = AXIS2_PLACEMENT_3D ( 'NONE', #4276, #2538, #3024 ) ;
#3939 = DIRECTION ( 'NONE',  ( 0.000000000000000000, 0.9821293082772780680, -0.1882073904574295686 ) ) ;
#3940 = CYLINDRICAL_SURFACE ( 'NONE', #4356, 4.799999999999998934 ) ;
#3941 = EDGE_CURVE ( 'NONE', #1014, #3072, #376, .T. ) ;
#3942 = VERTEX_POINT ( 'NONE', #1197 ) ;
#3943 = DIRECTION ( 'NONE',  ( -1.000000000000000000, 0.000000000000000000, 0.000000000000000000 ) ) ;
#3944 = DIRECTION ( 'NONE',  ( 0.000000000000000000, 0.000000000000000000, -1.000000000000000000 ) ) ;
#3945 = DIRECTION ( 'NONE',  ( 0.000000000000000000, -0.1882073904574311229, -0.9821293082772778460 ) ) ;
#3946 = EDGE_CURVE ( 'NONE', #276, #604, #1712, .T. ) ;
#3947 = EDGE_CURVE ( 'NONE', #1618, #3742, #5433, .T. ) ;
#3948 = ORIENTED_EDGE ( 'NONE', *, *, #5387, .T. ) ;
#3949 = DIRECTION ( 'NONE',  ( 0.000000000000000000, 9.912705577010316921E-17, -1.000000000000000000 ) ) ;
#3950 = LINE ( 'NONE', #5937, #240 ) ;
#3951 = FACE_OUTER_BOUND ( 'NONE', #5623, .T. ) ;
#3952 = ORIENTED_EDGE ( 'NONE', *, *, #1501, .F. ) ;
#3953 = ORIENTED_EDGE ( 'NONE', *, *, #5316, .T. ) ;
#3954 = LINE ( 'NONE', #3529, #157 ) ;
#3955 = AXIS2_PLACEMENT_3D ( 'NONE', #5031, #4126, #1448 ) ;
#3956 = CARTESIAN_POINT ( 'NONE',  ( 34.26858978976805759, -1.600000000000620703, -2.168404344971849991E-16 ) ) ;
#3957 = ORIENTED_EDGE ( 'NONE', *, *, #671, .T. ) ;
#3958 = VECTOR ( 'NONE', #1255, 1000.000000000000000 ) ;
#3959 = ORIENTED_EDGE ( 'NONE', *, *, #2311, .F. ) ;
#3960 = VECTOR ( 'NONE', #2234, 1000.000000000000000 ) ;
#3961 = CARTESIAN_POINT ( 'NONE',  ( 0.000000000000000000, 6.838458577264938221, 16.68517080928797114 ) ) ;
#3962 = PLANE ( 'NONE',  #4621 ) ;
#3963 = CARTESIAN_POINT ( 'NONE',  ( 0.000000000000000000, 11.57110162320747904, 47.44384054086497571 ) ) ;
#3964 = DIRECTION ( 'NONE',  ( 0.000000000000000000, 0.000000000000000000, 1.000000000000000000 ) ) ;
#3965 = DIRECTION ( 'NONE',  ( -1.000000000000000000, 0.000000000000000000, 0.000000000000000000 ) ) ;
#3966 = ORIENTED_EDGE ( 'NONE', *, *, #2427, .T. ) ;
#3967 = ORIENTED_EDGE ( 'NONE', *, *, #1921, .F. ) ;
#3968 = ORIENTED_EDGE ( 'NONE', *, *, #3399, .T. ) ;
#3969 = EDGE_CURVE ( 'NONE', #5305, #5661, #4509, .T. ) ;
#3970 = DIRECTION ( 'NONE',  ( -0.000000000000000000, 6.938893903907222461E-16, -1.000000000000000000 ) ) ;
#3971 = LINE ( 'NONE', #4453, #2748 ) ;
#3972 = DIRECTION ( 'NONE',  ( 0.000000000000000000, -1.000000000000000000, 0.000000000000000000 ) ) ;
#3973 = EDGE_LOOP ( 'NONE', ( #5709, #888, #5003, #2035 ) ) ;
#3974 = CARTESIAN_POINT ( 'NONE',  ( 0.000000000000000000, 30.08966703858429526, -46.44544237261712993 ) ) ;
#3975 = CARTESIAN_POINT ( 'NONE',  ( 1.600000000000000089, 7.924835697984207172, 10.10708183593993326 ) ) ;
#3976 = EDGE_CURVE ( 'NONE', #5178, #1521, #1682, .T. ) ;
#3978 = EDGE_CURVE ( 'NONE', #1499, #4039, #1949, .T. ) ;
#3977 = DIRECTION ( 'NONE',  ( 0.000000000000000000, -0.08715574274766232921, -0.9961946980917452121 ) ) ;
#3979 = ORIENTED_EDGE ( 'NONE', *, *, #740, .T. ) ;
#3980 = VERTEX_POINT ( 'NONE', #5393 ) ;
#3981 = DIRECTION ( 'NONE',  ( 0.000000000000000000, 0.7071067811865476838, 0.7071067811865473507 ) ) ;
#3982 = AXIS2_PLACEMENT_3D ( 'NONE', #3310, #3342, #2298 ) ;
#3983 = ORIENTED_EDGE ( 'NONE', *, *, #2516, .F. ) ;
#3984 = VERTEX_POINT ( 'NONE', #1226 ) ;
#3985 = DIRECTION ( 'NONE',  ( 0.000000000000000000, -0.08715574274766221818, -0.9961946980917452121 ) ) ;
#3986 = LINE ( 'NONE', #1673, #2789 ) ;
#3987 = CARTESIAN_POINT ( 'NONE',  ( 1.600000000000000089, 32.79724476520733134, 2.111723950197329280 ) ) ;
#3988 = LINE ( 'NONE', #3480, #219 ) ;
#3989 = CARTESIAN_POINT ( 'NONE',  ( 0.000000000000000000, 30.77889837679251528, 62.18782303389358646 ) ) ;
#3990 = ORIENTED_EDGE ( 'NONE', *, *, #1227, .F. ) ;
#3991 = ADVANCED_FACE ( 'NONE', ( #4910 ), #2222, .F. ) ;
#3992 = VERTEX_POINT ( 'NONE', #4058 ) ;
#3993 = VERTEX_POINT ( 'NONE', #1737 ) ;
#3994 = DIRECTION ( 'NONE',  ( -0.000000000000000000, -0.7071067811865460184, -0.7071067811865490160 ) ) ;
#3995 = VECTOR ( 'NONE', #5370, 1000.000000000000000 ) ;
#3996 = LINE ( 'NONE', #4031, #2020 ) ;
#3997 = ADVANCED_FACE ( 'NONE', ( #3143 ), #4997, .F. ) ;
#3998 = CARTESIAN_POINT ( 'NONE',  ( 1.600000000000000089, 16.80944004961579097, 2.191686187571583400 ) ) ;
#3999 = CARTESIAN_POINT ( 'NONE',  ( 0.000000000000000000, 21.56647773738793816, 41.26172395019734296 ) ) ;
#4000 = VECTOR ( 'NONE', #2885, 1000.000000000000000 ) ;
#4001 = ORIENTED_EDGE ( 'NONE', *, *, #2731, .F. ) ;
#4002 = FACE_OUTER_BOUND ( 'NONE', #3391, .T. ) ;
#4003 = DIRECTION ( 'NONE',  ( 0.000000000000000000, -9.912705577010316921E-17, 1.000000000000000000 ) ) ;
#4004 = VECTOR ( 'NONE', #948, 1000.000000000000000 ) ;
#4005 = ADVANCED_FACE ( 'NONE', ( #831 ), #4090, .T. ) ;
#4006 = CARTESIAN_POINT ( 'NONE',  ( 0.000000000000000000, 30.50000000000000000, 75.79999999999999716 ) ) ;
#4007 = AXIS2_PLACEMENT_3D ( 'NONE', #4792, #596, #3398 ) ;
#4008 = ORIENTED_EDGE ( 'NONE', *, *, #5687, .F. ) ;
#4009 = VECTOR ( 'NONE', #4772, 1000.000000000000114 ) ;
#4010 = EDGE_CURVE ( 'NONE', #2287, #2120, #1766, .T. ) ;
#4011 = VERTEX_POINT ( 'NONE', #5961 ) ;
#4012 = AXIS2_PLACEMENT_3D ( 'NONE', #5747, #5691, #648 ) ;
#4013 = DIRECTION ( 'NONE',  ( 0.000000000000000000, 0.000000000000000000, 1.000000000000000000 ) ) ;
#4014 = VECTOR ( 'NONE', #1913, 1000.000000000000000 ) ;
#4015 = ORIENTED_EDGE ( 'NONE', *, *, #80, .F. ) ;
#4016 = ADVANCED_FACE ( 'NONE', ( #1556 ), #4376, .T. ) ;
#4017 = ADVANCED_FACE ( 'NONE', ( #5257 ), #3409, .T. ) ;
#4018 = ORIENTED_EDGE ( 'NONE', *, *, #4685, .T. ) ;
#4019 = CARTESIAN_POINT ( 'NONE',  ( 0.000000000000000000, 33.36099998707413761, -38.38204835164821560 ) ) ;
#4020 = CYLINDRICAL_SURFACE ( 'NONE', #3655, 1.025000000000005018 ) ;
#4021 = CYLINDRICAL_SURFACE ( 'NONE', #5856, 1.024999999999998135 ) ;
#4022 = LINE ( 'NONE', #1676, #698 ) ;
#4023 = AXIS2_PLACEMENT_3D ( 'NONE', #3188, #4615, #457 ) ;
#4024 = DIRECTION ( 'NONE',  ( 0.000000000000000000, 0.000000000000000000, -1.000000000000000000 ) ) ;
#4025 = ORIENTED_EDGE ( 'NONE', *, *, #4134, .T. ) ;
#4026 = ORIENTED_EDGE ( 'NONE', *, *, #5972, .T. ) ;
#4027 = ORIENTED_EDGE ( 'NONE', *, *, #4513, .T. ) ;
#4028 = VECTOR ( 'NONE', #4931, 1000.000000000000000 ) ;
#4029 = DIRECTION ( 'NONE',  ( -1.000000000000000000, 0.000000000000000000, 0.000000000000000000 ) ) ;
#4030 = ADVANCED_FACE ( 'NONE', ( #2033 ), #184, .T. ) ;
#4031 = CARTESIAN_POINT ( 'NONE',  ( 1.600000000000000089, 42.00000000000000000, 6.984204920241143807E-15 ) ) ;
#4032 = FACE_OUTER_BOUND ( 'NONE', #186, .T. ) ;
#4033 = CARTESIAN_POINT ( 'NONE',  ( 1.599999999999997202, 0.000000000000000000, 57.30665584262819578 ) ) ;
#4034 = CIRCLE ( 'NONE', #926, 3.199999999999994404 ) ;
#4035 = VERTEX_POINT ( 'NONE', #270 ) ;
#4036 = FACE_OUTER_BOUND ( 'NONE', #3865, .T. ) ;
#4037 = CARTESIAN_POINT ( 'NONE',  ( 1.600000000000000089, 19.80053634910733251, 1.647248581130497547 ) ) ;
#4038 = CARTESIAN_POINT ( 'NONE',  ( 1.600000000000000089, 19.80053634910733251, 1.647248581130497547 ) ) ;
#4039 = VERTEX_POINT ( 'NONE', #4405 ) ;
#4040 = EDGE_CURVE ( 'NONE', #2405, #5835, #2926, .T. ) ;
#4041 = ORIENTED_EDGE ( 'NONE', *, *, #4765, .F. ) ;
#4042 = DIRECTION ( 'NONE',  ( 0.000000000000000000, 0.000000000000000000, 1.000000000000000000 ) ) ;
#4043 = CIRCLE ( 'NONE', #936, 0.6000000000000033085 ) ;
#4044 = ORIENTED_EDGE ( 'NONE', *, *, #3050, .T. ) ;
#4045 = ORIENTED_EDGE ( 'NONE', *, *, #335, .F. ) ;
#4046 = DIRECTION ( 'NONE',  ( -1.000000000000000000, -0.000000000000000000, -0.000000000000000000 ) ) ;
#4047 = CARTESIAN_POINT ( 'NONE',  ( 1.600000000000000089, 6.588077000000001071, 70.78672395019731312 ) ) ;
#4048 = DIRECTION ( 'NONE',  ( 1.000000000000000000, 0.000000000000000000, 0.000000000000000000 ) ) ;
#4049 = ADVANCED_FACE ( 'NONE', ( #1635 ), #1094, .F. ) ;
#4050 = CARTESIAN_POINT ( 'NONE',  ( 0.000000000000000000, 11.84999999999999964, 60.63166357475856216 ) ) ;
#4051 = ADVANCED_FACE ( 'NONE', ( #3491 ), #5741, .F. ) ;
#4052 = EDGE_CURVE ( 'NONE', #4228, #5358, #2332, .T. ) ;
#4053 = FACE_OUTER_BOUND ( 'NONE', #1214, .T. ) ;
#4054 = VERTEX_POINT ( 'NONE', #1150 ) ;
#4055 = VECTOR ( 'NONE', #1113, 999.9999999999998863 ) ;
#4056 = ORIENTED_EDGE ( 'NONE', *, *, #4786, .T. ) ;
#4057 = EDGE_LOOP ( 'NONE', ( #1203, #3417, #4179, #3156 ) ) ;
#4058 = CARTESIAN_POINT ( 'NONE',  ( 1.600000000000000089, 32.52027907565422993, 89.25569040515868835 ) ) ;
#4059 = VECTOR ( 'NONE', #3943, 1000.000000000000000 ) ;
#4060 =( BOUNDED_CURVE ( )  B_SPLINE_CURVE ( 3, ( #4872, #2566, #5890, #1730 ),
 .UNSPECIFIED., .F., .T. ) 
 B_SPLINE_CURVE_WITH_KNOTS ( ( 4, 4 ),
 ( 3.141592653589793116, 6.283185307179586232 ),
 .UNSPECIFIED. ) 
 CURVE ( )  GEOMETRIC_REPRESENTATION_ITEM ( )  RATIONAL_B_SPLINE_CURVE ( ( 1.000000000000000000, 0.3333333333333333703, 0.3333333333333333703, 1.000000000000000000 ) ) 
 REPRESENTATION_ITEM ( '' )  );
#4061 = AXIS2_PLACEMENT_3D ( 'NONE', #372, #4446, #796 ) ;
#4062 = LINE ( 'NONE', #5900, #2203 ) ;
#4063 = AXIS2_PLACEMENT_3D ( 'NONE', #5042, #5105, #2210 ) ;
#4064 = DIRECTION ( 'NONE',  ( 0.000000000000000000, 0.000000000000000000, -1.000000000000000000 ) ) ;
#4065 = FACE_OUTER_BOUND ( 'NONE', #613, .T. ) ;
#4066 = ORIENTED_EDGE ( 'NONE', *, *, #2658, .T. ) ;
#4067 = CARTESIAN_POINT ( 'NONE',  ( 0.000000000000000000, 35.67540399075453905, 89.71567602462226887 ) ) ;
#4068 = DIRECTION ( 'NONE',  ( 0.000000000000000000, 1.000000000000000000, -0.000000000000000000 ) ) ;
#4069 = CYLINDRICAL_SURFACE ( 'NONE', #492, 3.199999999999980638 ) ;
#4070 = EDGE_CURVE ( 'NONE', #3929, #638, #3926, .T. ) ;
#4071 = ORIENTED_EDGE ( 'NONE', *, *, #2737, .F. ) ;
#4072 = ORIENTED_EDGE ( 'NONE', *, *, #2029, .T. ) ;
#4073 = CYLINDRICAL_SURFACE ( 'NONE', #4023, 3.200000000000001510 ) ;
#4074 = CYLINDRICAL_SURFACE ( 'NONE', #3387, 1.024999999999998135 ) ;
#4075 = EDGE_CURVE ( 'NONE', #4507, #3142, #4325, .T. ) ;
#4076 = EDGE_CURVE ( 'NONE', #4204, #5551, #5907, .T. ) ;
#4077 = ORIENTED_EDGE ( 'NONE', *, *, #1121, .T. ) ;
#4078 = VERTEX_POINT ( 'NONE', #2553 ) ;
#4079 = LINE ( 'NONE', #152, #226 ) ;
#4080 = CARTESIAN_POINT ( 'NONE',  ( 0.000000000000000000, 30.50000000000000000, -25.99999999999999645 ) ) ;
#4081 = FACE_BOUND ( 'NONE', #4378, .T. ) ;
#4082 = CIRCLE ( 'NONE', #1356, 15.39112077116033817 ) ;
#4083 = DIRECTION ( 'NONE',  ( -1.000000000000000000, -0.000000000000000000, -0.000000000000000000 ) ) ;
#4084 = CARTESIAN_POINT ( 'NONE',  ( 1.600000000000000089, 6.088077000000001071, 71.28672395019731312 ) ) ;
#4085 = ORIENTED_EDGE ( 'NONE', *, *, #3159, .T. ) ;
#4086 = VECTOR ( 'NONE', #4565, 1000.000000000000114 ) ;
#4087 = EDGE_CURVE ( 'NONE', #1837, #337, #2118, .T. ) ;
#4088 = ORIENTED_EDGE ( 'NONE', *, *, #3969, .F. ) ;
#4089 = ORIENTED_EDGE ( 'NONE', *, *, #3685, .T. ) ;
#4090 = PLANE ( 'NONE',  #1263 ) ;
#4091 = ADVANCED_FACE ( 'NONE', ( #156 ), #241, .F. ) ;
#4092 = LINE ( 'NONE', #1768, #5505 ) ;
#4093 = DIRECTION ( 'NONE',  ( -1.000000000000000000, -0.000000000000000000, -0.000000000000000000 ) ) ;
#4094 = VECTOR ( 'NONE', #2082, 1000.000000000000000 ) ;
#4095 = CARTESIAN_POINT ( 'NONE',  ( 1.599999999999997202, 43.60000000000000853, -24.69334415737179711 ) ) ;
#4096 = LINE ( 'NONE', #3637, #2301 ) ;
#4097 = ORIENTED_EDGE ( 'NONE', *, *, #155, .T. ) ;
#4098 = PLANE ( 'NONE',  #2725 ) ;
#4099 = LINE ( 'NONE', #5605, #5474 ) ;
#4100 = DIRECTION ( 'NONE',  ( 0.000000000000000000, -1.662905933390748385E-16, 1.000000000000000000 ) ) ;
#4101 = CARTESIAN_POINT ( 'NONE',  ( 1.600000000000000089, 15.29260265095050109, 2.739314882973610477 ) ) ;
#4102 = CIRCLE ( 'NONE', #3610, 3.199999999999994404 ) ;
#4103 = VECTOR ( 'NONE', #3939, 1000.000000000000114 ) ;
#4104 = VECTOR ( 'NONE', #1245, 1000.000000000000000 ) ;
#4105 = ORIENTED_EDGE ( 'NONE', *, *, #3006, .T. ) ;
#4106 = EDGE_LOOP ( 'NONE', ( #1978, #4740, #215, #55 ) ) ;
#4107 = CYLINDRICAL_SURFACE ( 'NONE', #4324, 13.99999999999999822 ) ;
#4108 = CARTESIAN_POINT ( 'NONE',  ( 0.000000000000000000, 4.063076999999999828, 57.91172395019730601 ) ) ;
#4109 = ORIENTED_EDGE ( 'NONE', *, *, #3013, .F. ) ;
#4110 = CIRCLE ( 'NONE', #4587, 13.99999999999999822 ) ;
#4111 = VERTEX_POINT ( 'NONE', #670 ) ;
#4112 = VECTOR ( 'NONE', #2950, 1000.000000000000000 ) ;
#4113 = LINE ( 'NONE', #2466, #4009 ) ;
#4114 = CARTESIAN_POINT ( 'NONE',  ( 1.600000000000000089, 10.05340439226726623, 6.635650530222985566 ) ) ;
#4115 = FACE_OUTER_BOUND ( 'NONE', #561, .T. ) ;
#4116 = DIRECTION ( 'NONE',  ( -1.000000000000000000, -0.000000000000000000, -0.000000000000000000 ) ) ;
#4117 = LINE ( 'NONE', #4658, #5279 ) ;
#4118 = ORIENTED_EDGE ( 'NONE', *, *, #3531, .F. ) ;
#4119 = ORIENTED_EDGE ( 'NONE', *, *, #189, .F. ) ;
#4120 = VERTEX_POINT ( 'NONE', #5340 ) ;
#4121 = DIRECTION ( 'NONE',  ( 0.000000000000000000, 1.000000000000000000, 4.336808689942016158E-15 ) ) ;
#4122 = PLANE ( 'NONE',  #2024 ) ;
#4123 = AXIS2_PLACEMENT_3D ( 'NONE', #1941, #5647, #999 ) ;
#4124 = CARTESIAN_POINT ( 'NONE',  ( 1.600000000000000089, 2.370555075665736784E-15, 92.41172395019732733 ) ) ;
#4125 = CARTESIAN_POINT ( 'NONE',  ( 34.26858978976805759, -1.600000000000209699, -2.168404344971292858E-16 ) ) ;
#4126 = DIRECTION ( 'NONE',  ( 0.000000000000000000, -4.336808689942016158E-15, 1.000000000000000000 ) ) ;
#4127 = AXIS2_PLACEMENT_3D ( 'NONE', #4974, #5034, #5905 ) ;
#4128 = VERTEX_POINT ( 'NONE', #2987 ) ;
#4129 = LINE ( 'NONE', #5483, #2143 ) ;
#4130 = DIRECTION ( 'NONE',  ( -1.000000000000000000, -0.000000000000000000, -0.000000000000000000 ) ) ;
#4131 = DIRECTION ( 'NONE',  ( -1.000000000000000000, 0.000000000000000000, -0.000000000000000000 ) ) ;
#4132 = ADVANCED_FACE ( 'NONE', ( #3951 ), #1066, .F. ) ;
#4133 = ORIENTED_EDGE ( 'NONE', *, *, #2680, .T. ) ;
#4134 = EDGE_CURVE ( 'NONE', #4844, #3225, #4856, .T. ) ;
#4135 = AXIS2_PLACEMENT_3D ( 'NONE', #4779, #4238, #5238 ) ;
#4136 = EDGE_LOOP ( 'NONE', ( #2320, #2730, #2848, #5750 ) ) ;
#4137 = ORIENTED_EDGE ( 'NONE', *, *, #3099, .F. ) ;
#4138 = CARTESIAN_POINT ( 'NONE',  ( 1.600000000000000089, 36.00000000000000000, 87.48921303800383953 ) ) ;
#4139 = CARTESIAN_POINT ( 'NONE',  ( 0.000000000000000000, 17.54991491009923621, 93.77396833088356232 ) ) ;
#4140 = ORIENTED_EDGE ( 'NONE', *, *, #3495, .T. ) ;
#4141 = VERTEX_POINT ( 'NONE', #3874 ) ;
#4142 = VECTOR ( 'NONE', #5045, 999.9999999999998863 ) ;
#4143 = CARTESIAN_POINT ( 'NONE',  ( 1.600000000000000089, 8.797244765207940631, 26.11172395019793768 ) ) ;
#4144 = CARTESIAN_POINT ( 'NONE',  ( 0.000000000000000000, 32.79724476520794241, 27.61172395019732662 ) ) ;
#4145 = PLANE ( 'NONE',  #2740 ) ;
#4146 = DIRECTION ( 'NONE',  ( -1.000000000000000000, -0.000000000000000000, -0.000000000000000000 ) ) ;
#4147 = EDGE_LOOP ( 'NONE', ( #5592, #4395, #5959, #4149, #3704 ) ) ;
#4148 = ORIENTED_EDGE ( 'NONE', *, *, #2502, .F. ) ;
#4149 = ORIENTED_EDGE ( 'NONE', *, *, #242, .T. ) ;
#4150 = CARTESIAN_POINT ( 'NONE',  ( 1.600000000000000089, 32.57659114936594591, -42.74471892376565307 ) ) ;
#4151 = CARTESIAN_POINT ( 'NONE',  ( 1.600000000000000089, 1.017932644060996652E-15, 39.68222947802272671 ) ) ;
#4152 = EDGE_CURVE ( 'NONE', #5471, #2252, #200, .T. ) ;
#4153 = CARTESIAN_POINT ( 'NONE',  ( 34.26858978976805759, 0.000000000000000000, 35.30665584262819578 ) ) ;
#4154 = DIRECTION ( 'NONE',  ( 1.000000000000000000, -0.000000000000000000, -0.000000000000000000 ) ) ;
#4155 = CARTESIAN_POINT ( 'NONE',  ( 1.600000000000000089, 21.56647773738793816, 35.01172395019732875 ) ) ;
#4156 = AXIS2_PLACEMENT_3D ( 'NONE', #4878, #2595, #712 ) ;
#4157 = AXIS2_PLACEMENT_3D ( 'NONE', #2226, #894, #5122 ) ;
#4158 = EDGE_LOOP ( 'NONE', ( #344, #3923, #3904, #5350 ) ) ;
#4159 = VECTOR ( 'NONE', #2257, 1000.000000000000000 ) ;
#4160 = DIRECTION ( 'NONE',  ( -1.000000000000000000, -0.000000000000000000, -0.000000000000000000 ) ) ;
#4161 = CARTESIAN_POINT ( 'NONE',  ( 1.599999999999997202, 44.10892212771361187, 85.05846521370779101 ) ) ;
#4162 = DIRECTION ( 'NONE',  ( 0.000000000000000000, -0.7071067811865471286, 0.7071067811865479058 ) ) ;
#4163 = EDGE_LOOP ( 'NONE', ( #830, #5144, #3233, #906 ) ) ;
#4164 = ORIENTED_EDGE ( 'NONE', *, *, #5134, .T. ) ;
#4165 = ADVANCED_FACE ( 'NONE', ( #327 ), #780, .F. ) ;
#4166 = ORIENTED_EDGE ( 'NONE', *, *, #534, .F. ) ;
#4167 = CARTESIAN_POINT ( 'NONE',  ( 0.000000000000000000, -1.045918538495705866E-14, 2.411723950197328215 ) ) ;
#4168 = EDGE_CURVE ( 'NONE', #1698, #4879, #2202, .T. ) ;
#4169 = DIRECTION ( 'NONE',  ( 0.000000000000000000, 0.000000000000000000, -1.000000000000000000 ) ) ;
#4170 = CARTESIAN_POINT ( 'NONE',  ( 0.000000000000000000, 6.838458577264937333, 16.68517080928796759 ) ) ;
#4171 = ORIENTED_EDGE ( 'NONE', *, *, #1654, .F. ) ;
#4172 = ORIENTED_EDGE ( 'NONE', *, *, #2225, .F. ) ;
#4173 = ORIENTED_EDGE ( 'NONE', *, *, #893, .F. ) ;
#4174 = LINE ( 'NONE', #6014, #2292 ) ;
#4175 = DIRECTION ( 'NONE',  ( 0.000000000000000000, 1.000000000000000000, -2.565210315677348556E-17 ) ) ;
#4176 = DIRECTION ( 'NONE',  ( 1.000000000000000000, 0.000000000000000000, 0.000000000000000000 ) ) ;
#4177 = CARTESIAN_POINT ( 'NONE',  ( 1.600000000000000089, 40.70707317921593926, -23.37028165598355400 ) ) ;
#4178 = ORIENTED_EDGE ( 'NONE', *, *, #4234, .T. ) ;
#4179 = ORIENTED_EDGE ( 'NONE', *, *, #1880, .F. ) ;
#4180 = ORIENTED_EDGE ( 'NONE', *, *, #2607, .T. ) ;
#4181 = CARTESIAN_POINT ( 'NONE',  ( 0.000000000000000000, 28.63040106996021805, -23.40296325771194930 ) ) ;
#4182 = LINE ( 'NONE', #2851, #4159 ) ;
#4183 = CARTESIAN_POINT ( 'NONE',  ( 1.600000000000000089, 4.063076999999998939, 73.66172395019732733 ) ) ;
#4184 = CARTESIAN_POINT ( 'NONE',  ( 1.600000000000000089, 33.87818812500693610, -39.36345762753823152 ) ) ;
#4185 = CARTESIAN_POINT ( 'NONE',  ( 1.600000000000000089, 42.00000000000000711, -37.69334415737179711 ) ) ;
#4186 = EDGE_CURVE ( 'NONE', #2413, #380, #4082, .T. ) ;
#4187 = VECTOR ( 'NONE', #3868, 1000.000000000000000 ) ;
#4188 = CARTESIAN_POINT ( 'NONE',  ( 1.600000000000000089, 26.30188687946534287, 28.48413301742105830 ) ) ;
#4189 = VECTOR ( 'NONE', #1551, 1000.000000000000000 ) ;
#4190 = EDGE_CURVE ( 'NONE', #3258, #4054, #2638, .T. ) ;
#4191 = CARTESIAN_POINT ( 'NONE',  ( 0.000000000000000000, 30.49999999999901235, -12.99999999999999467 ) ) ;
#4192 = DIRECTION ( 'NONE',  ( -1.000000000000000000, 0.000000000000000000, 0.000000000000000000 ) ) ;
#4193 = VERTEX_POINT ( 'NONE', #2175 ) ;
#4194 = ORIENTED_EDGE ( 'NONE', *, *, #1153, .T. ) ;
#4195 = AXIS2_PLACEMENT_3D ( 'NONE', #3320, #5108, #2807 ) ;
#4196 = ORIENTED_EDGE ( 'NONE', *, *, #5523, .T. ) ;
#4197 = FACE_OUTER_BOUND ( 'NONE', #935, .T. ) ;
#4198 = CARTESIAN_POINT ( 'NONE',  ( 34.26858978976805759, 0.000000000000000000, 54.41172395019732022 ) ) ;
#4199 = AXIS2_PLACEMENT_3D ( 'NONE', #1046, #3858, #2016 ) ;
#4200 = CARTESIAN_POINT ( 'NONE',  ( 1.600000000000000089, 6.113077000000003203, 59.16172395019730601 ) ) ;
#4201 = EDGE_CURVE ( 'NONE', #5722, #2465, #2729, .T. ) ;
#4202 = ORIENTED_EDGE ( 'NONE', *, *, #3875, .T. ) ;
#4203 = ORIENTED_EDGE ( 'NONE', *, *, #4900, .T. ) ;
#4204 = VERTEX_POINT ( 'NONE', #1296 ) ;
#4205 = CARTESIAN_POINT ( 'NONE',  ( 1.600000000000000089, 21.56647773738793816, 35.01172395019732875 ) ) ;
#4206 = PLANE ( 'NONE',  #4996 ) ;
#4207 = DIRECTION ( 'NONE',  ( -1.000000000000000000, -0.000000000000000000, -0.000000000000000000 ) ) ;
#4208 = CARTESIAN_POINT ( 'NONE',  ( 1.599999999999997202, 43.59999999999937614, 0.000000000000000000 ) ) ;
#4209 = ORIENTED_EDGE ( 'NONE', *, *, #6009, .F. ) ;
#4210 = EDGE_CURVE ( 'NONE', #1299, #2507, #753, .T. ) ;
#4211 = ADVANCED_FACE ( 'NONE', ( #1747 ), #4069, .F. ) ;
#4212 = AXIS2_PLACEMENT_3D ( 'NONE', #3175, #5030, #863 ) ;
#4213 = ORIENTED_EDGE ( 'NONE', *, *, #5492, .F. ) ;
#4214 = ORIENTED_EDGE ( 'NONE', *, *, #1771, .F. ) ;
#4215 = CARTESIAN_POINT ( 'NONE',  ( 1.600000000000000089, 20.79724476520794241, 15.61172395019732839 ) ) ;
#4216 = CARTESIAN_POINT ( 'NONE',  ( 0.000000000000000000, 22.21551484011861888, 94.33571341918059261 ) ) ;
#4217 = CARTESIAN_POINT ( 'NONE',  ( 0.000000000000000000, 11.84999999999999964, 50.63166357475856927 ) ) ;
#4218 = CIRCLE ( 'NONE', #4012, 0.5999999999999998668 ) ;
#4219 = DIRECTION ( 'NONE',  ( 0.000000000000000000, -1.355252715606881529E-16, 1.000000000000000000 ) ) ;
#4220 = AXIS2_PLACEMENT_3D ( 'NONE', #4138, #3681, #845 ) ;
#4221 = CARTESIAN_POINT ( 'NONE',  ( 1.600000000000000089, 5.088077000000002847, 60.18672395019730459 ) ) ;
#4222 = CARTESIAN_POINT ( 'NONE',  ( 0.000000000000000000, 14.26852036069973018, -37.68499331274864517 ) ) ;
#4223 = LINE ( 'NONE', #4704, #2231 ) ;
#4224 = CARTESIAN_POINT ( 'NONE',  ( 0.000000000000000000, 5.088077000000001959, 57.91172395019730601 ) ) ;
#4225 = DIRECTION ( 'NONE',  ( 0.000000000000000000, 0.000000000000000000, -1.000000000000000000 ) ) ;
#4226 = ORIENTED_EDGE ( 'NONE', *, *, #4941, .F. ) ;
#4227 = VERTEX_POINT ( 'NONE', #3066 ) ;
#4228 = VERTEX_POINT ( 'NONE', #4547 ) ;
#4229 = DIRECTION ( 'NONE',  ( 0.000000000000000000, 0.000000000000000000, 1.000000000000000000 ) ) ;
#4230 = CARTESIAN_POINT ( 'NONE',  ( 1.600000000000000089, 22.08238618739316550, -53.61397923772976526 ) ) ;
#4231 = CIRCLE ( 'NONE', #3745, 2.250000000000001776 ) ;
#4232 = CARTESIAN_POINT ( 'NONE',  ( 0.000000000000000000, 30.50000000000000000, 75.79999999999999716 ) ) ;
#4233 = CARTESIAN_POINT ( 'NONE',  ( 1.600000000000000089, 22.75288253535666527, 94.66881276329051786 ) ) ;
#4234 = EDGE_CURVE ( 'NONE', #2181, #5198, #3800, .T. ) ;
#4235 = EDGE_LOOP ( 'NONE', ( #5896, #1881, #4756, #4384 ) ) ;
#4236 = CIRCLE ( 'NONE', #3460, 2.250000000000001776 ) ;
#4237 = ORIENTED_EDGE ( 'NONE', *, *, #336, .T. ) ;
#4238 = DIRECTION ( 'NONE',  ( -1.000000000000000000, 0.000000000000000000, 0.000000000000000000 ) ) ;
#4239 = CARTESIAN_POINT ( 'NONE',  ( 1.600000000000000089, 29.77331818518230122, 26.35556432313799391 ) ) ;
#4240 = CARTESIAN_POINT ( 'NONE',  ( 1.600000000000000089, 30.77889837679251528, 62.18782303389358646 ) ) ;
#4241 = ORIENTED_EDGE ( 'NONE', *, *, #3159, .F. ) ;
#4242 = VERTEX_POINT ( 'NONE', #5906 ) ;
#4243 = ORIENTED_EDGE ( 'NONE', *, *, #4263, .F. ) ;
#4244 = CARTESIAN_POINT ( 'NONE',  ( 1.600000000000000089, 16.80944004961579097, 2.191686187571583400 ) ) ;
#4245 = EDGE_CURVE ( 'NONE', #3905, #5559, #421, .T. ) ;
#4246 = CARTESIAN_POINT ( 'NONE',  ( 0.000000000000000000, 5.088077000000002847, 59.16172395019730601 ) ) ;
#4247 = CARTESIAN_POINT ( 'NONE',  ( 1.600000000000000089, 30.50000000000000000, 75.79999999999999716 ) ) ;
#4248 = EDGE_CURVE ( 'NONE', #1743, #3044, #3580, .T. ) ;
#4249 = EDGE_CURVE ( 'NONE', #4054, #2995, #5006, .T. ) ;
#4250 = CARTESIAN_POINT ( 'NONE',  ( 1.600000000000000089, 16.07149559284960816, 91.30815192780055156 ) ) ;
#4251 = AXIS2_PLACEMENT_3D ( 'NONE', #5752, #5666, #3913 ) ;
#4252 = DIRECTION ( 'NONE',  ( 0.000000000000000000, 0.000000000000000000, -1.000000000000000000 ) ) ;
#4253 = CARTESIAN_POINT ( 'NONE',  ( 0.000000000000000000, 11.82117134523360136, 4.867883577256650440 ) ) ;
#4254 = CARTESIAN_POINT ( 'NONE',  ( 1.599999999999997202, 43.59999999999979536, 0.000000000000000000 ) ) ;
#4255 = CARTESIAN_POINT ( 'NONE',  ( 1.600000000000000089, 20.79724476520794241, 15.61172395019732839 ) ) ;
#4256 = ORIENTED_EDGE ( 'NONE', *, *, #3642, .T. ) ;
#4257 = EDGE_LOOP ( 'NONE', ( #3566, #5299, #4597, #2372 ) ) ;
#4258 = AXIS2_PLACEMENT_3D ( 'NONE', #958, #2822, #2759 ) ;
#4259 = ORIENTED_EDGE ( 'NONE', *, *, #1998, .T. ) ;
#4260 = LINE ( 'NONE', #4745, #1494 ) ;
#4261 = PLANE ( 'NONE',  #4894 ) ;
#4262 = CYLINDRICAL_SURFACE ( 'NONE', #4797, 0.4999999999999865663 ) ;
#4263 = EDGE_CURVE ( 'NONE', #5797, #3072, #811, .T. ) ;
#4264 = CARTESIAN_POINT ( 'NONE',  ( 1.600000000000000089, 5.933903368163952303E-16, 23.13222947802271889 ) ) ;
#4265 = EDGE_LOOP ( 'NONE', ( #4783, #1535, #5087, #2608 ) ) ;
#4266 = ORIENTED_EDGE ( 'NONE', *, *, #865, .F. ) ;
#4267 = FACE_BOUND ( 'NONE', #4851, .T. ) ;
#4268 = CARTESIAN_POINT ( 'NONE',  ( 0.000000000000000000, 8.797244765207940631, 27.61172395019793058 ) ) ;
#4269 = EDGE_CURVE ( 'NONE', #4823, #1781, #5732, .T. ) ;
#4270 = DIRECTION ( 'NONE',  ( 0.000000000000000000, 1.000000000000000000, -0.000000000000000000 ) ) ;
#4271 = VERTEX_POINT ( 'NONE', #1325 ) ;
#4272 = ORIENTED_EDGE ( 'NONE', *, *, #3450, .T. ) ;
#4273 = EDGE_LOOP ( 'NONE', ( #1389, #357, #1474, #2030 ) ) ;
#4274 = DIRECTION ( 'NONE',  ( -1.000000000000000000, -0.000000000000000000, -0.000000000000000000 ) ) ;
#4275 = LINE ( 'NONE', #2449, #5355 ) ;
#4276 = CARTESIAN_POINT ( 'NONE',  ( 0.000000000000000000, 20.79724476520794241, 15.61172395019732839 ) ) ;
#4277 = DIRECTION ( 'NONE',  ( -0.000000000000000000, -1.387778780781444492E-15, 1.000000000000000000 ) ) ;
#4278 = FACE_OUTER_BOUND ( 'NONE', #3928, .T. ) ;
#4279 = LINE ( 'NONE', #5731, #108 ) ;
#4280 = EDGE_CURVE ( 'NONE', #4141, #5401, #3184, .T. ) ;
#4281 = EDGE_CURVE ( 'NONE', #4944, #5551, #5971, .T. ) ;
#4282 = DIRECTION ( 'NONE',  ( 0.000000000000000000, 0.000000000000000000, -1.000000000000000000 ) ) ;
#4283 = CIRCLE ( 'NONE', #1165, 12.52488699960041529 ) ;
#4284 = CARTESIAN_POINT ( 'NONE',  ( 1.600000000000000089, 26.54685933454979008, -44.30477931530257507 ) ) ;
#4285 = DIRECTION ( 'NONE',  ( 0.000000000000000000, -0.5842496656374327468, 0.8115739819650135134 ) ) ;
#4286 = ORIENTED_EDGE ( 'NONE', *, *, #4651, .F. ) ;
#4287 = EDGE_CURVE ( 'NONE', #1939, #5291, #971, .T. ) ;
#4288 = ORIENTED_EDGE ( 'NONE', *, *, #3561, .F. ) ;
#4289 = ORIENTED_EDGE ( 'NONE', *, *, #2815, .T. ) ;
#4290 = CARTESIAN_POINT ( 'NONE',  ( 1.600000000000000533, 29.72527329571467547, 28.76172395019732875 ) ) ;
#4291 = CARTESIAN_POINT ( 'NONE',  ( 1.600000000000000089, 36.00000000000001421, -36.08827604980267978 ) ) ;
#4292 = CARTESIAN_POINT ( 'NONE',  ( 1.600000000000000089, 19.34991958620525665, -4.823258064669771805 ) ) ;
#4293 = VERTEX_POINT ( 'NONE', #5400 ) ;
#4294 = VERTEX_POINT ( 'NONE', #1236 ) ;
#4295 = VERTEX_POINT ( 'NONE', #3095 ) ;
#4296 = VECTOR ( 'NONE', #2522, 1000.000000000000000 ) ;
#4297 = EDGE_CURVE ( 'NONE', #2278, #5392, #1354, .T. ) ;
#4298 = CARTESIAN_POINT ( 'NONE',  ( 0.000000000000000000, 34.87530306181896123, 85.54048093808702902 ) ) ;
#4299 = CARTESIAN_POINT ( 'NONE',  ( 0.000000000000000000, 30.22110162320747762, 45.81217696610642065 ) ) ;
#4300 = LINE ( 'NONE', #1982, #4796 ) ;
#4301 = AXIS2_PLACEMENT_3D ( 'NONE', #2942, #5636, #5248 ) ;
#4302 = ORIENTED_EDGE ( 'NONE', *, *, #1481, .F. ) ;
#4303 = ORIENTED_EDGE ( 'NONE', *, *, #1738, .T. ) ;
#4304 = VERTEX_POINT ( 'NONE', #3802 ) ;
#4305 = CARTESIAN_POINT ( 'NONE',  ( 1.600000000000000089, 32.79724476520794241, 43.98672395019734438 ) ) ;
#4306 = CARTESIAN_POINT ( 'NONE',  ( 0.000000000000000000, 3.469446951953614189E-15, 20.88222947802272245 ) ) ;
#4307 = LINE ( 'NONE', #102, #3254 ) ;
#4308 = AXIS2_PLACEMENT_3D ( 'NONE', #1015, #5186, #3235 ) ;
#4309 = DIRECTION ( 'NONE',  ( -1.000000000000000000, -0.000000000000000000, -0.000000000000000000 ) ) ;
#4310 = CARTESIAN_POINT ( 'NONE',  ( 1.600000000000000089, -7.076973031470814340E-16, -27.58827604980266912 ) ) ;
#4311 = DIRECTION ( 'NONE',  ( 0.000000000000000000, 0.9895391051637537627, 0.1442648929979754024 ) ) ;
#4312 = VECTOR ( 'NONE', #5422, 1000.000000000000000 ) ;
#4313 = AXIS2_PLACEMENT_3D ( 'NONE', #3779, #1338, #5139 ) ;
#4314 = AXIS2_PLACEMENT_3D ( 'NONE', #1992, #3366, #140 ) ;
#4315 = EDGE_CURVE ( 'NONE', #874, #2701, #5642, .T. ) ;
#4316 = CARTESIAN_POINT ( 'NONE',  ( 1.600000000000000089, -3.879231883397141978, -1.165432914443050860 ) ) ;
#4317 = LINE ( 'NONE', #1118, #2648 ) ;
#4318 = CARTESIAN_POINT ( 'NONE',  ( 1.600000000000000089, 20.79724476520794241, 15.61172395019732839 ) ) ;
#4319 = ORIENTED_EDGE ( 'NONE', *, *, #5362, .T. ) ;
#4320 = ORIENTED_EDGE ( 'NONE', *, *, #1007, .F. ) ;
#4321 = CARTESIAN_POINT ( 'NONE',  ( 1.599999999999997202, 54.50000000000000711, 0.000000000000000000 ) ) ;
#4322 = CARTESIAN_POINT ( 'NONE',  ( 0.000000000000000000, 43.59999999999937614, 65.30665584262818868 ) ) ;
#4323 = EDGE_CURVE ( 'NONE', #1523, #283, #2437, .T. ) ;
#4324 = AXIS2_PLACEMENT_3D ( 'NONE', #5041, #816, #2702 ) ;
#4326 = EDGE_CURVE ( 'NONE', #2589, #3078, #3677, .T. ) ;
#4325 = LINE ( 'NONE', #725, #5337 ) ;
#4327 = ORIENTED_EDGE ( 'NONE', *, *, #328, .F. ) ;
#4328 = VECTOR ( 'NONE', #707, 1000.000000000000000 ) ;
#4329 = ORIENTED_EDGE ( 'NONE', *, *, #3445, .F. ) ;
#4330 = FACE_BOUND ( 'NONE', #5044, .T. ) ;
#4331 = DIRECTION ( 'NONE',  ( 0.000000000000000000, 0.000000000000000000, -1.000000000000000000 ) ) ;
#4332 = VECTOR ( 'NONE', #1038, 1000.000000000000000 ) ;
#4333 = ORIENTED_EDGE ( 'NONE', *, *, #113, .T. ) ;
#4334 = AXIS2_PLACEMENT_3D ( 'NONE', #3098, #1242, #728 ) ;
#4335 = ORIENTED_EDGE ( 'NONE', *, *, #2639, .T. ) ;
#4336 = ORIENTED_EDGE ( 'NONE', *, *, #1053, .T. ) ;
#4337 = CYLINDRICAL_SURFACE ( 'NONE', #990, 3.199999999999994404 ) ;
#4338 = DIRECTION ( 'NONE',  ( 1.000000000000000000, 0.000000000000000000, 0.000000000000000000 ) ) ;
#4339 = CARTESIAN_POINT ( 'NONE',  ( 1.600000000000000089, 4.088077000000002847, 71.28672395019731312 ) ) ;
#4340 = DIRECTION ( 'NONE',  ( 0.000000000000000000, 0.000000000000000000, -1.000000000000000000 ) ) ;
#4341 = DIRECTION ( 'NONE',  ( 0.000000000000000000, -0.8115739819650137354, -0.5842496656374324138 ) ) ;
#4342 = PLANE ( 'NONE',  #5610 ) ;
#4343 = VECTOR ( 'NONE', #1188, 1000.000000000000000 ) ;
#4344 = DIRECTION ( 'NONE',  ( 0.000000000000000000, 0.000000000000000000, -1.000000000000000000 ) ) ;
#4345 = DIRECTION ( 'NONE',  ( 0.000000000000000000, 0.000000000000000000, 1.000000000000000000 ) ) ;
#4346 = FACE_OUTER_BOUND ( 'NONE', #858, .T. ) ;
#4347 = ORIENTED_EDGE ( 'NONE', *, *, #5276, .T. ) ;
#4348 = DIRECTION ( 'NONE',  ( 1.000000000000000000, -0.000000000000000000, 0.000000000000000000 ) ) ;
#4349 = CARTESIAN_POINT ( 'NONE',  ( 1.600000000000000089, 5.088077000000002847, 59.16172395019730601 ) ) ;
#4350 = CARTESIAN_POINT ( 'NONE',  ( 1.600000000000000089, 7.377207002582182760, 11.62391923460522491 ) ) ;
#4351 = ADVANCED_FACE ( 'NONE', ( #5194 ), #903, .F. ) ;
#4352 = EDGE_LOOP ( 'NONE', ( #2734, #5894, #1003, #4784 ) ) ;
#4353 = ADVANCED_FACE ( 'NONE', ( #962 ), #2827, .F. ) ;
#4354 = AXIS2_PLACEMENT_3D ( 'NONE', #2428, #1549, #5251 ) ;
#4355 = ORIENTED_EDGE ( 'NONE', *, *, #3947, .F. ) ;
#4356 = AXIS2_PLACEMENT_3D ( 'NONE', #5219, #1054, #767 ) ;
#4357 = CARTESIAN_POINT ( 'NONE',  ( 0.000000000000000000, 21.56647773738793816, 35.01172395019732875 ) ) ;
#4358 = CIRCLE ( 'NONE', #5409, 3.199999999999980638 ) ;
#4359 = SURFACE_STYLE_USAGE ( .BOTH. , #2505 ) ;
#4360 = ORIENTED_EDGE ( 'NONE', *, *, #99, .T. ) ;
#4361 = ORIENTED_EDGE ( 'NONE', *, *, #4526, .T. ) ;
#4362 = LINE ( 'NONE', #1509, #5744 ) ;
#4363 = CARTESIAN_POINT ( 'NONE',  ( 0.000000000000000000, 42.00000000000000000, 6.984204920241143807E-15 ) ) ;
#4364 = FACE_BOUND ( 'NONE', #4372, .T. ) ;
#4365 = DIRECTION ( 'NONE',  ( 0.000000000000000000, 0.000000000000000000, 1.000000000000000000 ) ) ;
#4366 = DIRECTION ( 'NONE',  ( -1.000000000000000000, -0.000000000000000000, -0.000000000000000000 ) ) ;
#4367 = EDGE_CURVE ( 'NONE', #1440, #3154, #1025, .T. ) ;
#4368 = CARTESIAN_POINT ( 'NONE',  ( 34.26858978976805759, -5.084452909621658251E-17, 2.411723950197328215 ) ) ;
#4369 = DIRECTION ( 'NONE',  ( 1.000000000000000000, -0.000000000000000000, -0.000000000000000000 ) ) ;
#4370 = DIRECTION ( 'NONE',  ( -1.000000000000000000, -0.000000000000000000, -0.000000000000000000 ) ) ;
#4371 = EDGE_CURVE ( 'NONE', #2646, #5390, #483, .T. ) ;
#4372 = EDGE_LOOP ( 'NONE', ( #2679, #5345 ) ) ;
#4373 = AXIS2_PLACEMENT_3D ( 'NONE', #1583, #4807, #3012 ) ;
#4374 = DIRECTION ( 'NONE',  ( 0.000000000000000000, 0.000000000000000000, 1.000000000000000000 ) ) ;
#4375 = CARTESIAN_POINT ( 'NONE',  ( 0.000000000000000000, 18.99936978682279687, -4.336313675490765185 ) ) ;
#4376 = PLANE ( 'NONE',  #1744 ) ;
#4377 = VECTOR ( 'NONE', #3994, 1000.000000000000114 ) ;
#4378 = EDGE_LOOP ( 'NONE', ( #2237, #5956, #4428, #4898, #5435 ) ) ;
#4379 = ORIENTED_EDGE ( 'NONE', *, *, #1962, .F. ) ;
#4380 = DIRECTION ( 'NONE',  ( 1.000000000000000000, -0.000000000000000000, 0.000000000000000000 ) ) ;
#4381 = AXIS2_PLACEMENT_3D ( 'NONE', #1577, #177, #3945 ) ;
#4382 = ADVANCED_FACE ( 'NONE', ( #3214 ), #1486, .F. ) ;
#4383 = ORIENTED_EDGE ( 'NONE', *, *, #5575, .T. ) ;
#4384 = ORIENTED_EDGE ( 'NONE', *, *, #2426, .T. ) ;
#4385 = DIRECTION ( 'NONE',  ( -1.000000000000000000, -0.000000000000000000, -0.000000000000000000 ) ) ;
#4386 = FACE_OUTER_BOUND ( 'NONE', #4433, .T. ) ;
#4387 = FACE_BOUND ( 'NONE', #1141, .T. ) ;
#4388 = CARTESIAN_POINT ( 'NONE',  ( 1.600000000000000089, 41.99999999999999289, 41.93222947802273382 ) ) ;
#4389 = CIRCLE ( 'NONE', #3326, 1.024999999999998135 ) ;
#4390 = VECTOR ( 'NONE', #4468, 1000.000000000000000 ) ;
#4391 = EDGE_CURVE ( 'NONE', #1129, #1014, #2889, .T. ) ;
#4392 = ADVANCED_FACE ( 'NONE', ( #4738 ), #2862, .T. ) ;
#4393 = CARTESIAN_POINT ( 'NONE',  ( 0.000000000000000000, 36.00000000000000000, 87.48921303800383953 ) ) ;
#4394 = ORIENTED_EDGE ( 'NONE', *, *, #5857, .T. ) ;
#4395 = ORIENTED_EDGE ( 'NONE', *, *, #1418, .T. ) ;
#4396 = AXIS2_PLACEMENT_3D ( 'NONE', #2787, #4633, #5606 ) ;
#4397 = DIRECTION ( 'NONE',  ( 0.000000000000000000, 1.355252715606881529E-16, -1.000000000000000000 ) ) ;
#4398 = CARTESIAN_POINT ( 'NONE',  ( 0.000000000000000000, 30.77889837679251528, 52.18782303389357935 ) ) ;
#4399 = CARTESIAN_POINT ( 'NONE',  ( 1.600000000000000089, 7.377207002582182760, 11.62391923460522491 ) ) ;
#4400 = AXIS2_PLACEMENT_3D ( 'NONE', #1729, #3985, #4987 ) ;
#4401 = VECTOR ( 'NONE', #2137, 999.9999999999998863 ) ;
#4402 = ORIENTED_EDGE ( 'NONE', *, *, #5161, .F. ) ;
#4403 = CARTESIAN_POINT ( 'NONE',  ( 1.600000000000000089, 45.74759006291316155, 79.26561745034636886 ) ) ;
#4404 = LINE ( 'NONE', #3975, #817 ) ;
#4405 = CARTESIAN_POINT ( 'NONE',  ( 0.000000000000000000, 36.00000000000000000, 85.23921303800382532 ) ) ;
#4406 = VERTEX_POINT ( 'NONE', #574 ) ;
#4407 = VERTEX_POINT ( 'NONE', #4610 ) ;
#4408 = AXIS2_PLACEMENT_3D ( 'NONE', #153, #2004, #3873 ) ;
#4409 = CARTESIAN_POINT ( 'NONE',  ( 34.26858978976805759, 0.000000000000000000, -5.588276049802678891 ) ) ;
#4410 = EDGE_CURVE ( 'NONE', #276, #1782, #3738, .T. ) ;
#4411 = ORIENTED_EDGE ( 'NONE', *, *, #4528, .F. ) ;
#4412 = VECTOR ( 'NONE', #4068, 1000.000000000000000 ) ;
#4413 = ORIENTED_EDGE ( 'NONE', *, *, #1007, .T. ) ;
#4414 = LINE ( 'NONE', #4899, #5826 ) ;
#4415 = FACE_OUTER_BOUND ( 'NONE', #3776, .T. ) ;
#4416 = FACE_BOUND ( 'NONE', #487, .T. ) ;
#4417 = CARTESIAN_POINT ( 'NONE',  ( 1.600000000000000089, 6.088077000000001071, 71.28672395019731312 ) ) ;
#4418 = CARTESIAN_POINT ( 'NONE',  ( 1.600000000000000089, 1.017932644060996652E-15, 39.68222947802272671 ) ) ;
#4419 = EDGE_LOOP ( 'NONE', ( #3169, #3063, #812, #4771 ) ) ;
#4420 = EDGE_CURVE ( 'NONE', #1523, #4721, #450, .T. ) ;
#4421 = ORIENTED_EDGE ( 'NONE', *, *, #2214, .F. ) ;
#4422 = EDGE_LOOP ( 'NONE', ( #3268, #3186, #2792, #5557, #5254 ) ) ;
#4423 = EDGE_CURVE ( 'NONE', #909, #4474, #4283, .T. ) ;
#4424 = CARTESIAN_POINT ( 'NONE',  ( 1.599999999999997202, -1.600000000000209699, -2.168404344971292858E-16 ) ) ;
#4425 = CYLINDRICAL_SURFACE ( 'NONE', #4589, 1.575000000000006839 ) ;
#4426 = CARTESIAN_POINT ( 'NONE',  ( 0.000000000000000000, 29.72527329571467547, 41.26172395019734296 ) ) ;
#4427 = AXIS2_PLACEMENT_3D ( 'NONE', #1217, #5324, #1160 ) ;
#4428 = ORIENTED_EDGE ( 'NONE', *, *, #4605, .T. ) ;
#4429 = DIRECTION ( 'NONE',  ( 0.000000000000000000, 0.7071067811865461294, 0.7071067811865489050 ) ) ;
#4430 = CARTESIAN_POINT ( 'NONE',  ( 1.599999999999997202, 43.59999999999958931, 35.30665584262819578 ) ) ;
#4431 = DIRECTION ( 'NONE',  ( 0.000000000000000000, -1.000000000000000000, 9.912705577010316921E-17 ) ) ;
#4432 = ORIENTED_EDGE ( 'NONE', *, *, #2502, .T. ) ;
#4433 = EDGE_LOOP ( 'NONE', ( #1910, #2907, #770, #5973 ) ) ;
#4434 = LINE ( 'NONE', #332, #5864 ) ;
#4435 = EDGE_CURVE ( 'NONE', #4474, #1781, #52, .T. ) ;
#4436 = VECTOR ( 'NONE', #2722, 1000.000000000000000 ) ;
#4437 = ORIENTED_EDGE ( 'NONE', *, *, #2376, .F. ) ;
#4438 = AXIS2_PLACEMENT_3D ( 'NONE', #745, #801, #1653 ) ;
#4439 = ORIENTED_EDGE ( 'NONE', *, *, #1238, .T. ) ;
#4440 = AXIS2_PLACEMENT_3D ( 'NONE', #3272, #2325, #3204 ) ;
#4441 = FACE_OUTER_BOUND ( 'NONE', #3471, .T. ) ;
#4442 = EDGE_CURVE ( 'NONE', #285, #5796, #3774, .T. ) ;
#4443 = DIRECTION ( 'NONE',  ( -1.000000000000000000, 0.000000000000000000, 0.000000000000000000 ) ) ;
#4444 = FACE_OUTER_BOUND ( 'NONE', #5490, .T. ) ;
#4445 =( BOUNDED_CURVE ( )  B_SPLINE_CURVE ( 3, ( #5262, #2965, #2504, #4357 ),
 .UNSPECIFIED., .F., .T. ) 
 B_SPLINE_CURVE_WITH_KNOTS ( ( 4, 4 ),
 ( 0.000000000000000000, 3.141592653589793116 ),
 .UNSPECIFIED. ) 
 CURVE ( )  GEOMETRIC_REPRESENTATION_ITEM ( )  RATIONAL_B_SPLINE_CURVE ( ( 1.000000000000000000, 0.3333333333333333703, 0.3333333333333333703, 1.000000000000000000 ) ) 
 REPRESENTATION_ITEM ( '' )  );
#4446 = DIRECTION ( 'NONE',  ( -1.000000000000000000, 0.000000000000000000, 0.000000000000000000 ) ) ;
#4447 = ORIENTED_EDGE ( 'NONE', *, *, #1061, .T. ) ;
#4448 = ORIENTED_EDGE ( 'NONE', *, *, #2831, .T. ) ;
#4449 = ORIENTED_EDGE ( 'NONE', *, *, #4168, .T. ) ;
#4450 = CARTESIAN_POINT ( 'NONE',  ( 0.000000000000000000, 32.79724476520794241, 42.41172395019733443 ) ) ;
#4451 = CARTESIAN_POINT ( 'NONE',  ( 0.000000000000000000, 4.063076999999998939, 73.66172395019732733 ) ) ;
#4452 = ADVANCED_FACE ( 'NONE', ( #545 ), #2402, .F. ) ;
#4453 = CARTESIAN_POINT ( 'NONE',  ( 34.26858978976805759, 54.50000000000000711, 75.13910731638101481 ) ) ;
#4454 = DIRECTION ( 'NONE',  ( 1.000000000000000000, -0.000000000000000000, 0.000000000000000000 ) ) ;
#4455 = EDGE_CURVE ( 'NONE', #651, #4962, #3402, .T. ) ;
#4456 = ORIENTED_EDGE ( 'NONE', *, *, #3760, .T. ) ;
#4457 = CARTESIAN_POINT ( 'NONE',  ( 0.000000000000000000, 41.99999999999959499, 35.30665584262819578 ) ) ;
#4458 = DIRECTION ( 'NONE',  ( -1.000000000000000000, -0.000000000000000000, -0.000000000000000000 ) ) ;
#4459 = CARTESIAN_POINT ( 'NONE',  ( 0.000000000000000000, 18.99936978682279687, -4.336313675490765185 ) ) ;
#4460 = EDGE_CURVE ( 'NONE', #259, #455, #5275, .T. ) ;
#4461 = VERTEX_POINT ( 'NONE', #2459 ) ;
#4462 = VERTEX_POINT ( 'NONE', #5674 ) ;
#4463 = DIRECTION ( 'NONE',  ( 1.000000000000000000, -0.000000000000000000, -0.000000000000000000 ) ) ;
#4464 = AXIS2_PLACEMENT_3D ( 'NONE', #5486, #4576, #5455 ) ;
#4465 = ORIENTED_EDGE ( 'NONE', *, *, #3487, .T. ) ;
#4466 = EDGE_CURVE ( 'NONE', #4606, #3322, #1519, .T. ) ;
#4467 = EDGE_LOOP ( 'NONE', ( #4379, #116, #5184, #5913 ) ) ;
#4468 = DIRECTION ( 'NONE',  ( 0.000000000000000000, -1.000000000000000000, 0.000000000000000000 ) ) ;
#4469 = CARTESIAN_POINT ( 'NONE',  ( 1.600000000000000089, 36.00000000000001421, -36.08827604980267978 ) ) ;
#4470 = DIRECTION ( 'NONE',  ( 0.000000000000000000, -2.565210315677348556E-17, -1.000000000000000000 ) ) ;
#4471 = DIRECTION ( 'NONE',  ( 0.000000000000000000, 0.000000000000000000, -1.000000000000000000 ) ) ;
#4472 = DIRECTION ( 'NONE',  ( 0.000000000000000000, 0.000000000000000000, 1.000000000000000000 ) ) ;
#4473 = ORIENTED_EDGE ( 'NONE', *, *, #5969, .T. ) ;
#4474 = VERTEX_POINT ( 'NONE', #5282 ) ;
#4475 = ORIENTED_EDGE ( 'NONE', *, *, #2672, .T. ) ;
#4476 = CARTESIAN_POINT ( 'NONE',  ( 1.599999999999997202, -1.600000000000837419, 84.41172395019731312 ) ) ;
#4477 = VECTOR ( 'NONE', #5778, 1000.000000000000000 ) ;
#4478 = LINE ( 'NONE', #5421, #2602 ) ;
#4479 = CARTESIAN_POINT ( 'NONE',  ( 0.000000000000000000, 30.50000000000000000, 59.00000000000000000 ) ) ;
#4480 = LINE ( 'NONE', #5813, #3380 ) ;
#4481 = VECTOR ( 'NONE', #5963, 1000.000000000000000 ) ;
#4482 = PRODUCT_DEFINITION_SHAPE ( 'NONE', 'NONE',  #3210 ) ;
#4483 = ORIENTED_EDGE ( 'NONE', *, *, #509, .T. ) ;
#4484 = CARTESIAN_POINT ( 'NONE',  ( 1.600000000000000089, 24.78504948079999082, 29.03176171282310136 ) ) ;
#4485 = CARTESIAN_POINT ( 'NONE',  ( 0.000000000000000000, -9.898704378715899416E-16, -38.58827604980267978 ) ) ;
#4486 = CIRCLE ( 'NONE', #5655, 1.024999999999998135 ) ;
#4487 = DIRECTION ( 'NONE',  ( 0.000000000000000000, -2.565210315677348556E-17, -1.000000000000000000 ) ) ;
#4488 = AXIS2_PLACEMENT_3D ( 'NONE', #3998, #3601, #3145 ) ;
#4489 = ORIENTED_EDGE ( 'NONE', *, *, #5969, .F. ) ;
#4490 = ADVANCED_FACE ( 'NONE', ( #2980 ), #5762, .F. ) ;
#4491 = AXIS2_PLACEMENT_3D ( 'NONE', #1492, #5949, #1554 ) ;
#4492 = ORIENTED_EDGE ( 'NONE', *, *, #1802, .F. ) ;
#4493 = EDGE_CURVE ( 'NONE', #866, #4242, #3835, .T. ) ;
#4494 = CIRCLE ( 'NONE', #5758, 3.199999999999994404 ) ;
#4495 = EDGE_CURVE ( 'NONE', #872, #4461, #5252, .T. ) ;
#4496 = DIRECTION ( 'NONE',  ( -1.000000000000000000, 0.000000000000000000, 0.000000000000000000 ) ) ;
#4497 = VERTEX_POINT ( 'NONE', #1087 ) ;
#4498 = ORIENTED_EDGE ( 'NONE', *, *, #4765, .T. ) ;
#4499 = CYLINDRICAL_SURFACE ( 'NONE', #2243, 13.99999999999999822 ) ;
#4500 = DIRECTION ( 'NONE',  ( -1.000000000000000000, 0.000000000000000000, 0.000000000000000000 ) ) ;
#4501 = FACE_BOUND ( 'NONE', #5102, .T. ) ;
#4502 = LINE ( 'NONE', #2072, #4103 ) ;
#4503 = VECTOR ( 'NONE', #3065, 1000.000000000000000 ) ;
#4504 = FACE_OUTER_BOUND ( 'NONE', #374, .T. ) ;
#4505 = VERTEX_POINT ( 'NONE', #3032 ) ;
#4506 = VERTEX_POINT ( 'NONE', #146 ) ;
#4507 = VERTEX_POINT ( 'NONE', #5334 ) ;
#4508 = AXIS2_PLACEMENT_3D ( 'NONE', #138, #654, #5781 ) ;
#4509 = LINE ( 'NONE', #2601, #4086 ) ;
#4510 = DIRECTION ( 'NONE',  ( 0.000000000000000000, 0.000000000000000000, -1.000000000000000000 ) ) ;
#4511 = CARTESIAN_POINT ( 'NONE',  ( 1.599999999999997202, -1.600000000000000755, -27.58827604980267623 ) ) ;
#4512 = CARTESIAN_POINT ( 'NONE',  ( 0.000000000000000000, -0.000000000000000000, -32.69334415737180422 ) ) ;
#4513 = EDGE_CURVE ( 'NONE', #3856, #2278, #3431, .T. ) ;
#4514 = CIRCLE ( 'NONE', #3359, 2.250000000000001776 ) ;
#4515 = ORIENTED_EDGE ( 'NONE', *, *, #3278, .T. ) ;
#4516 = PLANE ( 'NONE',  #2943 ) ;
#4517 = CARTESIAN_POINT ( 'NONE',  ( 0.000000000000000000, 36.99999999999959499, 30.21172395019733159 ) ) ;
#4518 = EDGE_CURVE ( 'NONE', #1708, #1945, #4883, .T. ) ;
#4519 = ADVANCED_FACE ( 'NONE', ( #1628 ), #3463, .T. ) ;
#4520 = DIRECTION ( 'NONE',  ( -1.000000000000000000, 0.000000000000000000, 0.000000000000000000 ) ) ;
#4521 = VERTEX_POINT ( 'NONE', #2919 ) ;
#4522 = VERTEX_POINT ( 'NONE', #4853 ) ;
#4523 = DIRECTION ( 'NONE',  ( 1.000000000000000000, -0.000000000000000000, -0.000000000000000000 ) ) ;
#4524 = CARTESIAN_POINT ( 'NONE',  ( 1.600000000000000089, 30.46429096907920808, -46.91411807147567004 ) ) ;
#4525 = CIRCLE ( 'NONE', #3274, 0.6000000000000033085 ) ;
#4526 = EDGE_CURVE ( 'NONE', #1698, #4295, #688, .T. ) ;
#4527 = ORIENTED_EDGE ( 'NONE', *, *, #3115, .T. ) ;
#4528 = EDGE_CURVE ( 'NONE', #1786, #981, #4317, .T. ) ;
#4529 = EDGE_LOOP ( 'NONE', ( #996, #273 ) ) ;
#4530 = DIRECTION ( 'NONE',  ( 0.000000000000000000, -1.000000000000000000, 0.000000000000000000 ) ) ;
#4531 = DIRECTION ( 'NONE',  ( 0.000000000000000000, 0.000000000000000000, -1.000000000000000000 ) ) ;
#4532 = LINE ( 'NONE', #3963, #4328 ) ;
#4533 = CARTESIAN_POINT ( 'NONE',  ( 0.000000000000000000, 14.26852036069973018, -40.88499331274865511 ) ) ;
#4534 = FACE_OUTER_BOUND ( 'NONE', #1457, .T. ) ;
#4535 = ORIENTED_EDGE ( 'NONE', *, *, #2795, .T. ) ;
#4536 = ORIENTED_EDGE ( 'NONE', *, *, #5687, .T. ) ;
#4537 = ORIENTED_EDGE ( 'NONE', *, *, #2007, .T. ) ;
#4538 = DIRECTION ( 'NONE',  ( 0.000000000000000000, 0.5842496656374325248, -0.8115739819650136244 ) ) ;
#4539 = LINE ( 'NONE', #377, #2901 ) ;
#4540 = AXIS2_PLACEMENT_3D ( 'NONE', #940, #3584, #2804 ) ;
#4541 = CARTESIAN_POINT ( 'NONE',  ( 34.26858978976805759, -2.706677067814780187E-13, 62.41172395019732733 ) ) ;
#4542 = CARTESIAN_POINT ( 'NONE',  ( 1.600000000000000089, 29.72527329571467547, 41.26172395019734296 ) ) ;
#4543 = EDGE_CURVE ( 'NONE', #731, #2501, #1550, .T. ) ;
#4544 = EDGE_LOOP ( 'NONE', ( #2768, #5109, #3260, #4581 ) ) ;
#4545 = DIRECTION ( 'NONE',  ( 1.000000000000000000, 0.000000000000000000, 0.000000000000000000 ) ) ;
#4546 = DIRECTION ( 'NONE',  ( 0.000000000000000000, 0.7071067811865462405, 0.7071067811865489050 ) ) ;
#4547 = CARTESIAN_POINT ( 'NONE',  ( 0.000000000000000000, 25.11870559546649417, -48.42852021303009025 ) ) ;
#4548 = VERTEX_POINT ( 'NONE', #2492 ) ;
#4549 = ORIENTED_EDGE ( 'NONE', *, *, #3440, .F. ) ;
#4550 = CARTESIAN_POINT ( 'NONE',  ( 0.000000000000000000, 30.50000000000000000, 65.80000000000001137 ) ) ;
#4551 = DIRECTION ( 'NONE',  ( 0.000000000000000000, 1.000000000000000000, 8.673617379884032317E-15 ) ) ;
#4552 = VERTEX_POINT ( 'NONE', #4398 ) ;
#4553 = ORIENTED_EDGE ( 'NONE', *, *, #4367, .F. ) ;
#4554 = CARTESIAN_POINT ( 'NONE',  ( 0.000000000000000000, 32.57659114936594591, -42.74471892376565307 ) ) ;
#4555 = CARTESIAN_POINT ( 'NONE',  ( 1.600000000000000533, 29.72527329571467547, 41.26172395019733585 ) ) ;
#4556 = CARTESIAN_POINT ( 'NONE',  ( 0.000000000000000000, 30.46429096907920808, -46.91411807147567004 ) ) ;
#4557 = AXIS2_PLACEMENT_3D ( 'NONE', #4860, #5315, #3439 ) ;
#4558 = DIRECTION ( 'NONE',  ( 0.000000000000000000, 0.5842496656374328579, -0.8115739819650134024 ) ) ;
#4559 = SURFACE_SIDE_STYLE ('',( #3197 ) ) ;
#4560 = CARTESIAN_POINT ( 'NONE',  ( 0.000000000000000000, 11.57110162320748437, 77.44384054086496860 ) ) ;
#4561 = ORIENTED_EDGE ( 'NONE', *, *, #1182, .T. ) ;
#4562 = CIRCLE ( 'NONE', #687, 3.200000000000008171 ) ;
#4563 = ORIENTED_EDGE ( 'NONE', *, *, #5014, .F. ) ;
#4564 = ORIENTED_EDGE ( 'NONE', *, *, #4280, .F. ) ;
#4565 = DIRECTION ( 'NONE',  ( 0.000000000000000000, -0.7425331678118417544, -0.6698092972625202535 ) ) ;
#4566 = CARTESIAN_POINT ( 'NONE',  ( 0.000000000000000000, 19.80053634910733251, 1.647248581130497547 ) ) ;
#4567 = ADVANCED_FACE ( 'NONE', ( #1964 ), #176, .F. ) ;
#4568 = EDGE_CURVE ( 'NONE', #2343, #5434, #2519, .T. ) ;
#4569 = PLANE ( 'NONE',  #3128 ) ;
#4570 = CARTESIAN_POINT ( 'NONE',  ( 0.000000000000000000, -0.000000000000000000, 0.000000000000000000 ) ) ;
#4571 = DIRECTION ( 'NONE',  ( 1.000000000000000000, -0.000000000000000000, -0.000000000000000000 ) ) ;
#4572 = VERTEX_POINT ( 'NONE', #5788 ) ;
#4573 = CARTESIAN_POINT ( 'NONE',  ( 0.000000000000000000, 30.77889837679251528, 72.18782303389357935 ) ) ;
#4574 = LINE ( 'NONE', #2884, #3455 ) ;
#4575 = FACE_OUTER_BOUND ( 'NONE', #2808, .T. ) ;
#4576 = DIRECTION ( 'NONE',  ( -1.000000000000000000, -0.000000000000000000, -0.000000000000000000 ) ) ;
#4577 = VECTOR ( 'NONE', #5215, 1000.000000000000000 ) ;
#4578 = AXIS2_PLACEMENT_3D ( 'NONE', #766, #5354, #3916 ) ;
#4579 = ORIENTED_EDGE ( 'NONE', *, *, #4423, .F. ) ;
#4580 = VERTEX_POINT ( 'NONE', #2053 ) ;
#4581 = ORIENTED_EDGE ( 'NONE', *, *, #5823, .F. ) ;
#4582 = VECTOR ( 'NONE', #4625, 1000.000000000000114 ) ;
#4583 = CYLINDRICAL_SURFACE ( 'NONE', #633, 3.200000000000008171 ) ;
#4584 = FACE_OUTER_BOUND ( 'NONE', #1430, .T. ) ;
#4585 = CIRCLE ( 'NONE', #2560, 3.199999999999994404 ) ;
#4586 = VERTEX_POINT ( 'NONE', #3485 ) ;
#4587 = AXIS2_PLACEMENT_3D ( 'NONE', #2003, #3407, #4229 ) ;
#4588 = ORIENTED_EDGE ( 'NONE', *, *, #2831, .F. ) ;
#4589 = AXIS2_PLACEMENT_3D ( 'NONE', #2693, #3116, #4064 ) ;
#4590 = CARTESIAN_POINT ( 'NONE',  ( 0.000000000000000000, 36.00000000000000000, 87.48921303800383953 ) ) ;
#4591 = CARTESIAN_POINT ( 'NONE',  ( 1.600000000000000089, 30.50000000000000000, 59.00000000000000000 ) ) ;
#4592 = ADVANCED_FACE ( 'NONE', ( #2577 ), #4425, .F. ) ;
#4593 = CARTESIAN_POINT ( 'NONE',  ( 1.600000000000000089, 32.79724476520733134, 5.111723950197325728 ) ) ;
#4594 = DIRECTION ( 'NONE',  ( 0.000000000000000000, 0.9821293082772752925, -0.1882073904574437795 ) ) ;
#4595 = ORIENTED_EDGE ( 'NONE', *, *, #3125, .F. ) ;
#4596 = VERTEX_POINT ( 'NONE', #5841 ) ;
#4597 = ORIENTED_EDGE ( 'NONE', *, *, #1914, .F. ) ;
#4598 = DIRECTION ( 'NONE',  ( 1.000000000000000000, 0.000000000000000000, 0.000000000000000000 ) ) ;
#4599 = DIRECTION ( 'NONE',  ( 0.000000000000000000, -0.9961946980917453232, 0.08715574274766109408 ) ) ;
#4600 = FACE_OUTER_BOUND ( 'NONE', #62, .T. ) ;
#4601 = PLANE ( 'NONE',  #5073 ) ;
#4602 = CARTESIAN_POINT ( 'NONE',  ( 0.000000000000000000, 22.75288253535666527, 94.66881276329051786 ) ) ;
#4603 = EDGE_CURVE ( 'NONE', #4935, #3617, #1740, .T. ) ;
#4604 = VECTOR ( 'NONE', #1597, 1000.000000000000000 ) ;
#4605 = EDGE_CURVE ( 'NONE', #2589, #1056, #5183, .T. ) ;
#4606 = VERTEX_POINT ( 'NONE', #4095 ) ;
#4607 = CARTESIAN_POINT ( 'NONE',  ( 1.600000000000000089, 30.22110162320747762, 45.81217696610642065 ) ) ;
#4608 = DIRECTION ( 'NONE',  ( 0.000000000000000000, 0.000000000000000000, -1.000000000000000000 ) ) ;
#4609 = CIRCLE ( 'NONE', #5480, 14.00000000000000178 ) ;
#4610 = CARTESIAN_POINT ( 'NONE',  ( 0.000000000000000000, 4.063076999999998051, 74.91172395019732733 ) ) ;
#4611 = ORIENTED_EDGE ( 'NONE', *, *, #4245, .F. ) ;
#4612 = VECTOR ( 'NONE', #1271, 1000.000000000000000 ) ;
#4613 = VERTEX_POINT ( 'NONE', #3059 ) ;
#4614 = EDGE_LOOP ( 'NONE', ( #5619, #5444, #3585, #1363 ) ) ;
#4615 = DIRECTION ( 'NONE',  ( 1.000000000000000000, -0.000000000000000000, -0.000000000000000000 ) ) ;
#4616 = CARTESIAN_POINT ( 'NONE',  ( 0.000000000000000000, 19.34991958620525665, -4.223258064669772160 ) ) ;
#4617 = CARTESIAN_POINT ( 'NONE',  ( 1.600000000000000089, 0.000000000000000000, 0.000000000000000000 ) ) ;
#4618 = CARTESIAN_POINT ( 'NONE',  ( 1.600000000000000089, 6.832769396141102902, 14.61501553409683041 ) ) ;
#4619 = VERTEX_POINT ( 'NONE', #319 ) ;
#4620 = ORIENTED_EDGE ( 'NONE', *, *, #3428, .F. ) ;
#4621 = AXIS2_PLACEMENT_3D ( 'NONE', #5438, #5803, #1644 ) ;
#4622 = EDGE_CURVE ( 'NONE', #1074, #1735, #4913, .T. ) ;
#4623 = DIRECTION ( 'NONE',  ( 0.000000000000000000, 0.7071067811865476838, 0.7071067811865474617 ) ) ;
#4624 = CARTESIAN_POINT ( 'NONE',  ( 1.600000000000000089, 34.04870963951376694, -34.96802343138419644 ) ) ;
#4625 = DIRECTION ( 'NONE',  ( 0.000000000000000000, -0.9961946980917453232, 0.08715574274766112184 ) ) ;
#4626 = DIRECTION ( 'NONE',  ( 1.000000000000000000, 0.000000000000000000, 0.000000000000000000 ) ) ;
#4627 = ORIENTED_EDGE ( 'NONE', *, *, #4651, .T. ) ;
#4628 = EDGE_CURVE ( 'NONE', #5656, #742, #4885, .T. ) ;
#4629 = ORIENTED_EDGE ( 'NONE', *, *, #2335, .T. ) ;
#4630 = ORIENTED_EDGE ( 'NONE', *, *, #2933, .T. ) ;
#4631 = CARTESIAN_POINT ( 'NONE',  ( 1.600000000000000089, 36.00000000000000000, 85.23921303800382532 ) ) ;
#4632 = CARTESIAN_POINT ( 'NONE',  ( 0.000000000000000000, 41.99999999999999289, 23.13222947802272245 ) ) ;
#4633 = DIRECTION ( 'NONE',  ( -1.000000000000000000, -0.000000000000000000, -0.000000000000000000 ) ) ;
#4634 = DIRECTION ( 'NONE',  ( -1.000000000000000000, -0.000000000000000000, -0.000000000000000000 ) ) ;
#4635 = CARTESIAN_POINT ( 'NONE',  ( 34.26858978976805759, -1.600000000000000755, -27.58827604980267623 ) ) ;
#4636 = CIRCLE ( 'NONE', #4156, 3.199999999999994404 ) ;
#4637 = VECTOR ( 'NONE', #3893, 1000.000000000000000 ) ;
#4638 = ORIENTED_EDGE ( 'NONE', *, *, #5119, .F. ) ;
#4639 = AXIS2_PLACEMENT_3D ( 'NONE', #2308, #2736, #2275 ) ;
#4640 = CARTESIAN_POINT ( 'NONE',  ( 1.600000000000000089, 8.797244765207940631, 27.61172395019793058 ) ) ;
#4641 = EDGE_CURVE ( 'NONE', #5291, #1939, #1969, .T. ) ;
#4642 = CARTESIAN_POINT ( 'NONE',  ( 0.000000000000000000, 3.469446951953614189E-15, 41.93222947802272671 ) ) ;
#4643 = CARTESIAN_POINT ( 'NONE',  ( 1.600000000000000089, 3.469446951953614189E-15, 20.88222947802272245 ) ) ;
#4644 = ORIENTED_EDGE ( 'NONE', *, *, #2946, .T. ) ;
#4645 = EDGE_LOOP ( 'NONE', ( #2176, #373, #3083, #3968 ) ) ;
#4646 = ORIENTED_EDGE ( 'NONE', *, *, #4672, .T. ) ;
#4647 = CYLINDRICAL_SURFACE ( 'NONE', #807, 3.200000000000003286 ) ;
#4648 = CARTESIAN_POINT ( 'NONE',  ( 1.600000000000000089, 3.645640057826274962E-14, -53.61397923772977947 ) ) ;
#4649 = ADVANCED_FACE ( 'NONE', ( #803 ), #1230, .F. ) ;
#4651 = EDGE_CURVE ( 'NONE', #5305, #1505, #3971, .T. ) ;
#4650 = DIRECTION ( 'NONE',  ( 0.000000000000000000, 2.565210315677348556E-17, 1.000000000000000000 ) ) ;
#4652 = CARTESIAN_POINT ( 'NONE',  ( 1.600000000000000089, 11.57110162320748081, 67.44384054086499702 ) ) ;
#4653 = VERTEX_POINT ( 'NONE', #5450 ) ;
#4654 = VERTEX_POINT ( 'NONE', #350 ) ;
#4655 = LINE ( 'NONE', #496, #1415 ) ;
#4656 = DIRECTION ( 'NONE',  ( -1.000000000000000000, -0.000000000000000000, -0.000000000000000000 ) ) ;
#4657 = DIRECTION ( 'NONE',  ( 0.000000000000000000, 0.8115739819650134024, 0.5842496656374328579 ) ) ;
#4658 = CARTESIAN_POINT ( 'NONE',  ( 1.600000000000000089, 21.79395318130844572, 29.57619931926416967 ) ) ;
#4659 = ORIENTED_EDGE ( 'NONE', *, *, #5990, .F. ) ;
#4660 = EDGE_CURVE ( 'NONE', #3053, #85, #1588, .T. ) ;
#4661 = ORIENTED_EDGE ( 'NONE', *, *, #3572, .F. ) ;
#4662 = VERTEX_POINT ( 'NONE', #2605 ) ;
#4663 = DIRECTION ( 'NONE',  ( 0.000000000000000000, 0.08715574274766185736, 0.9961946980917453232 ) ) ;
#4664 = DIRECTION ( 'NONE',  ( 0.000000000000000000, 0.000000000000000000, 1.000000000000000000 ) ) ;
#4665 = DIRECTION ( 'NONE',  ( 1.000000000000000000, -0.000000000000000000, -0.000000000000000000 ) ) ;
#4666 = CARTESIAN_POINT ( 'NONE',  ( 1.600000000000000089, 11.87782106862192144, -53.61397923772977236 ) ) ;
#4667 = DIRECTION ( 'NONE',  ( 0.000000000000000000, 0.000000000000000000, 1.000000000000000000 ) ) ;
#4668 = AXIS2_PLACEMENT_3D ( 'NONE', #743, #3172, #286 ) ;
#4669 = CARTESIAN_POINT ( 'NONE',  ( 0.000000000000000000, 30.22110162320747762, 55.81217696610641354 ) ) ;
#4670 = AXIS2_PLACEMENT_3D ( 'NONE', #3956, #5320, #247 ) ;
#4671 = DIRECTION ( 'NONE',  ( 1.000000000000000000, -0.000000000000000000, -0.000000000000000000 ) ) ;
#4672 = EDGE_CURVE ( 'NONE', #4506, #2061, #1685, .T. ) ;
#4673 = CARTESIAN_POINT ( 'NONE',  ( 0.000000000000000000, 32.79724476520794241, 26.03672395019732022 ) ) ;
#4674 = ORIENTED_EDGE ( 'NONE', *, *, #4315, .T. ) ;
#4675 = ADVANCED_FACE ( 'NONE', ( #833 ), #5478, .T. ) ;
#4676 = ORIENTED_EDGE ( 'NONE', *, *, #4201, .T. ) ;
#4677 = CIRCLE ( 'NONE', #3419, 3.200000000000008171 ) ;
#4678 = ORIENTED_EDGE ( 'NONE', *, *, #60, .F. ) ;
#4679 = PLANE ( 'NONE',  #4491 ) ;
#4680 = CARTESIAN_POINT ( 'NONE',  ( 0.000000000000000000, 43.59999999999979536, 0.000000000000000000 ) ) ;
#4681 = VECTOR ( 'NONE', #4385, 1000.000000000000000 ) ;
#4682 =( BOUNDED_SURFACE ( )  B_SPLINE_SURFACE ( 3, 1, ( 
 ( #3769, #4155 ),
 ( #478, #2856 ),
 ( #1350, #413 ),
 ( #2400, #3176 ) ),
 .UNSPECIFIED., .F., .F., .F. ) 
 B_SPLINE_SURFACE_WITH_KNOTS ( ( 4, 4 ),
 ( 2, 2 ),
 ( 0.000000000000000000, 1.000000000000000000 ),
 ( 0.000000000000000000, 1.000000000000000000 ),
 .UNSPECIFIED. ) 
 GEOMETRIC_REPRESENTATION_ITEM ( )  RATIONAL_B_SPLINE_SURFACE ( (
 ( 1.000000000000000000, 1.000000000000000000),
 ( 0.3333333333333333703, 0.3333333333333333703),
 ( 0.3333333333333333703, 0.3333333333333333703),
 ( 1.000000000000000000, 1.000000000000000000) ) ) 
 REPRESENTATION_ITEM ( '' )  SURFACE ( )  );
#4683 = CARTESIAN_POINT ( 'NONE',  ( 0.000000000000000000, 17.44704837321079438, 91.04455201580699963 ) ) ;
#4684 = LINE ( 'NONE', #4233, #2635 ) ;
#4685 = EDGE_CURVE ( 'NONE', #5879, #3345, #4939, .T. ) ;
#4686 = VECTOR ( 'NONE', #1646, 1000.000000000000114 ) ;
#4687 = ORIENTED_EDGE ( 'NONE', *, *, #3015, .T. ) ;
#4688 = ADVANCED_FACE ( 'NONE', ( #5870 ), #2227, .F. ) ;
#4689 = ADVANCED_FACE ( 'NONE', ( #4032 ), #5929, .T. ) ;
#4690 = EDGE_LOOP ( 'NONE', ( #3959, #1637, #3101, #1373 ) ) ;
#4691 = FACE_BOUND ( 'NONE', #2207, .T. ) ;
#4692 = DIRECTION ( 'NONE',  ( 0.000000000000000000, 1.000000000000000000, 4.336808689942016158E-15 ) ) ;
#4693 = DIRECTION ( 'NONE',  ( -1.000000000000000000, -0.000000000000000000, -0.000000000000000000 ) ) ;
#4694 = ORIENTED_EDGE ( 'NONE', *, *, #970, .T. ) ;
#4695 = VECTOR ( 'NONE', #4154, 1000.000000000000000 ) ;
#4696 = EDGE_LOOP ( 'NONE', ( #5069, #1036 ) ) ;
#4697 = VERTEX_POINT ( 'NONE', #4511 ) ;
#4698 = CARTESIAN_POINT ( 'NONE',  ( 0.000000000000000000, 5.088077000000000183, 74.91172395019732733 ) ) ;
#4699 = CARTESIAN_POINT ( 'NONE',  ( 1.599999999999997202, -1.600000000000629141, 62.41172395019732022 ) ) ;
#4700 = PLANE ( 'NONE',  #5195 ) ;
#4701 = LINE ( 'NONE', #3397, #17 ) ;
#4702 = DIRECTION ( 'NONE',  ( 1.000000000000000000, -0.000000000000000000, -0.000000000000000000 ) ) ;
#4703 = CARTESIAN_POINT ( 'NONE',  ( 34.26858978976805759, 41.99999999999937472, 57.30665584262819578 ) ) ;
#4704 = CARTESIAN_POINT ( 'NONE',  ( 0.000000000000000000, 7.377207002582182760, 11.62391923460522491 ) ) ;
#4705 = EDGE_CURVE ( 'NONE', #1890, #297, #26, .T. ) ;
#4706 = CARTESIAN_POINT ( 'NONE',  ( 34.26858978976805759, 0.000000000000000000, 57.30665584262819578 ) ) ;
#4707 = DIRECTION ( 'NONE',  ( 1.000000000000000000, -0.000000000000000000, -0.000000000000000000 ) ) ;
#4708 = VECTOR ( 'NONE', #1174, 1000.000000000000000 ) ;
#4709 = ORIENTED_EDGE ( 'NONE', *, *, #113, .F. ) ;
#4710 = ORIENTED_EDGE ( 'NONE', *, *, #3317, .F. ) ;
#4711 = EDGE_CURVE ( 'NONE', #1045, #462, #1655, .T. ) ;
#4712 = EDGE_CURVE ( 'NONE', #1209, #3980, #1902, .T. ) ;
#4713 = VERTEX_POINT ( 'NONE', #1829 ) ;
#4714 = LINE ( 'NONE', #1458, #3338 ) ;
#4715 = CARTESIAN_POINT ( 'NONE',  ( 0.000000000000000000, 8.797244765207388184, 2.111723950197933686 ) ) ;
#4716 = VECTOR ( 'NONE', #976, 1000.000000000000000 ) ;
#4717 = DIRECTION ( 'NONE',  ( 0.000000000000000000, 0.1882073904574311229, 0.9821293082772777350 ) ) ;
#4718 = ORIENTED_EDGE ( 'NONE', *, *, #813, .F. ) ;
#4719 = AXIS2_PLACEMENT_3D ( 'NONE', #1981, #1071, #2904 ) ;
#4720 = ORIENTED_EDGE ( 'NONE', *, *, #5673, .T. ) ;
#4721 = VERTEX_POINT ( 'NONE', #4184 ) ;
#4722 = FACE_BOUND ( 'NONE', #4422, .T. ) ;
#4723 = CARTESIAN_POINT ( 'NONE',  ( 1.600000000000000089, 41.99999999999999289, 44.18222947802273382 ) ) ;
#4724 = EDGE_CURVE ( 'NONE', #4522, #1521, #3133, .T. ) ;
#4725 = EDGE_CURVE ( 'NONE', #4035, #1723, #1379, .T. ) ;
#4726 = CARTESIAN_POINT ( 'NONE',  ( 0.000000000000000000, 14.26852036069973018, -37.68499331274864517 ) ) ;
#4727 = ORIENTED_EDGE ( 'NONE', *, *, #174, .F. ) ;
#4728 = ORIENTED_EDGE ( 'NONE', *, *, #3426, .F. ) ;
#4729 = EDGE_LOOP ( 'NONE', ( #4921, #4303, #5713, #2014 ) ) ;
#4730 = CARTESIAN_POINT ( 'NONE',  ( 1.600000000000000089, 32.36959893003978550, -28.59703674228804005 ) ) ;
#4731 = LINE ( 'NONE', #2017, #5926 ) ;
#4732 = DIRECTION ( 'NONE',  ( 1.000000000000000000, -0.000000000000000000, 0.000000000000000000 ) ) ;
#4733 = CARTESIAN_POINT ( 'NONE',  ( 1.600000000000000089, 36.99999999999959499, 30.21172395019733159 ) ) ;
#4734 = CARTESIAN_POINT ( 'NONE',  ( 0.000000000000000000, 4.063077000000000716, 59.16172395019730601 ) ) ;
#4735 = CARTESIAN_POINT ( 'NONE',  ( 1.600000000000000089, 29.79228897731056591, -46.96656259739552297 ) ) ;
#4736 = AXIS2_PLACEMENT_3D ( 'NONE', #5093, #5578, #47 ) ;
#4737 = LINE ( 'NONE', #4316, #2803 ) ;
#4738 = FACE_OUTER_BOUND ( 'NONE', #28, .T. ) ;
#4739 = CIRCLE ( 'NONE', #2600, 3.199999999999994404 ) ;
#4740 = ORIENTED_EDGE ( 'NONE', *, *, #99, .F. ) ;
#4741 = VECTOR ( 'NONE', #3031, 1000.000000000000000 ) ;
#4742 = EDGE_CURVE ( 'NONE', #4548, #1832, #3697, .T. ) ;
#4743 = VERTEX_POINT ( 'NONE', #477 ) ;
#4744 = EDGE_LOOP ( 'NONE', ( #4465, #4015, #1473, #1441 ) ) ;
#4745 = CARTESIAN_POINT ( 'NONE',  ( 0.000000000000000000, -0.000000000000000000, -5.588276049802678891 ) ) ;
#4746 = CARTESIAN_POINT ( 'NONE',  ( 0.000000000000000000, 12.12889837679251670, 73.81948660865214151 ) ) ;
#4747 = CARTESIAN_POINT ( 'NONE',  ( 0.000000000000000000, 6.088077000000001071, 71.28672395019731312 ) ) ;
#4748 = DIRECTION ( 'NONE',  ( 0.000000000000000000, 0.000000000000000000, -1.000000000000000000 ) ) ;
#4749 = EDGE_LOOP ( 'NONE', ( #3040, #3518, #582, #2627 ) ) ;
#4750 = ORIENTED_EDGE ( 'NONE', *, *, #789, .F. ) ;
#4751 = FACE_BOUND ( 'NONE', #5504, .T. ) ;
#4752 = DIRECTION ( 'NONE',  ( -1.000000000000000000, 0.000000000000000000, 0.000000000000000000 ) ) ;
#4753 = DIRECTION ( 'NONE',  ( 1.000000000000000000, 0.000000000000000000, 0.000000000000000000 ) ) ;
#4754 = ORIENTED_EDGE ( 'NONE', *, *, #4326, .T. ) ;
#4755 = ADVANCED_FACE ( 'NONE', ( #5540 ), #2327, .F. ) ;
#4756 = ORIENTED_EDGE ( 'NONE', *, *, #744, .T. ) ;
#4757 = ORIENTED_EDGE ( 'NONE', *, *, #5333, .F. ) ;
#4758 = CARTESIAN_POINT ( 'NONE',  ( 1.600000000000000089, 20.79724476520794241, 15.61172395019732839 ) ) ;
#4759 = LINE ( 'NONE', #73, #1960 ) ;
#4760 = FACE_BOUND ( 'NONE', #5921, .T. ) ;
#4761 = CARTESIAN_POINT ( 'NONE',  ( 0.000000000000000000, 17.43699047582477846, 93.18469074591719448 ) ) ;
#4762 = DIRECTION ( 'NONE',  ( 0.000000000000000000, -6.938893903907222461E-16, -1.000000000000000000 ) ) ;
#4763 = DIRECTION ( 'NONE',  ( 0.000000000000000000, 0.000000000000000000, -1.000000000000000000 ) ) ;
#4764 = ADVANCED_FACE ( 'NONE', ( #957 ), #4601, .T. ) ;
#4765 = EDGE_CURVE ( 'NONE', #3820, #5738, #3243, .T. ) ;
#4766 = LINE ( 'NONE', #4254, #754 ) ;
#4767 = VECTOR ( 'NONE', #1422, 1000.000000000000000 ) ;
#4768 = CARTESIAN_POINT ( 'NONE',  ( 1.599999999999997202, 0.000000000000000000, -5.588276049802678891 ) ) ;
#4769 = CARTESIAN_POINT ( 'NONE',  ( 0.000000000000000000, 14.26852036069776020, -11.68499331274864694 ) ) ;
#4770 = ORIENTED_EDGE ( 'NONE', *, *, #5377, .F. ) ;
#4771 = ORIENTED_EDGE ( 'NONE', *, *, #1185, .T. ) ;
#4772 = DIRECTION ( 'NONE',  ( 0.000000000000000000, 0.4978900526304347318, 0.8672401602161092793 ) ) ;
#4773 = CARTESIAN_POINT ( 'NONE',  ( 0.000000000000000000, 30.77889837679251528, 52.18782303389357935 ) ) ;
#4774 = DIRECTION ( 'NONE',  ( 1.000000000000000000, -0.000000000000000000, -0.000000000000000000 ) ) ;
#4775 = CARTESIAN_POINT ( 'NONE',  ( 1.600000000000000089, 4.063076999999998939, 73.66172395019732733 ) ) ;
#4776 = ORIENTED_EDGE ( 'NONE', *, *, #711, .F. ) ;
#4777 = EDGE_LOOP ( 'NONE', ( #1364, #2431, #5077, #243, #56, #3567, #3035, #298 ) ) ;
#4778 = VECTOR ( 'NONE', #1124, 1000.000000000000000 ) ;
#4779 = CARTESIAN_POINT ( 'NONE',  ( 1.600000000000000089, 8.797244765207940631, 27.61172395019793058 ) ) ;
#4780 = LINE ( 'NONE', #4723, #4332 ) ;
#4781 = CARTESIAN_POINT ( 'NONE',  ( 1.600000000000000089, 30.77889837679251528, 52.18782303389357935 ) ) ;
#4782 = AXIS2_PLACEMENT_3D ( 'NONE', #228, #1220, #2129 ) ;
#4783 = ORIENTED_EDGE ( 'NONE', *, *, #1516, .F. ) ;
#4784 = ORIENTED_EDGE ( 'NONE', *, *, #1636, .T. ) ;
#4785 = ORIENTED_EDGE ( 'NONE', *, *, #2387, .T. ) ;
#4786 = EDGE_CURVE ( 'NONE', #5487, #1129, #2064, .T. ) ;
#4787 = LINE ( 'NONE', #2996, #1755 ) ;
#4788 = DIRECTION ( 'NONE',  ( 0.000000000000000000, -2.565210315677348556E-17, -1.000000000000000000 ) ) ;
#4789 = CARTESIAN_POINT ( 'NONE',  ( 0.000000000000000000, 21.87069162429847324, 1.652937762254315324 ) ) ;
#4790 = AXIS2_PLACEMENT_3D ( 'NONE', #4050, #2686, #3592 ) ;
#4791 = PLANE ( 'NONE',  #702 ) ;
#4792 = CARTESIAN_POINT ( 'NONE',  ( 1.600000000000000089, 18.29378863480039286, -45.61371985520053585 ) ) ;
#4793 = CARTESIAN_POINT ( 'NONE',  ( 34.26858978976805759, 43.60000000000000853, 0.000000000000000000 ) ) ;
#4794 = AXIS2_PLACEMENT_3D ( 'NONE', #5218, #1514, #1052 ) ;
#4795 = AXIS2_PLACEMENT_3D ( 'NONE', #3315, #57, #5646 ) ;
#4796 = VECTOR ( 'NONE', #4270, 1000.000000000000000 ) ;
#4797 = AXIS2_PLACEMENT_3D ( 'NONE', #941, #3811, #88 ) ;
#4798 = DIRECTION ( 'NONE',  ( 0.000000000000000000, -2.565210315677348556E-17, -1.000000000000000000 ) ) ;
#4799 = EDGE_CURVE ( 'NONE', #4497, #1499, #412, .T. ) ;
#4800 = DIRECTION ( 'NONE',  ( -1.000000000000000000, 0.000000000000000000, 0.000000000000000000 ) ) ;
#4801 = CARTESIAN_POINT ( 'NONE',  ( 0.000000000000000000, -2.706677067814780187E-13, 62.41172395019732733 ) ) ;
#4802 = EDGE_CURVE ( 'NONE', #742, #3185, #5607, .T. ) ;
#4803 = ORIENTED_EDGE ( 'NONE', *, *, #4911, .F. ) ;
#4804 = FACE_OUTER_BOUND ( 'NONE', #4744, .T. ) ;
#4805 = LINE ( 'NONE', #4773, #1400 ) ;
#4806 = VECTOR ( 'NONE', #2497, 1000.000000000000000 ) ;
#4807 = DIRECTION ( 'NONE',  ( -1.000000000000000000, -0.000000000000000000, -0.000000000000000000 ) ) ;
#4808 = EDGE_LOOP ( 'NONE', ( #526, #3683, #2558, #3374 ) ) ;
#4809 = CIRCLE ( 'NONE', #2575, 1.575000000000006839 ) ;
#4810 = ORIENTED_EDGE ( 'NONE', *, *, #606, .F. ) ;
#4811 = DIRECTION ( 'NONE',  ( -0.000000000000000000, 0.9961946980917452121, -0.08715574274766256513 ) ) ;
#4812 = CARTESIAN_POINT ( 'NONE',  ( 0.000000000000000000, 30.50000000000000000, 45.80000000000000426 ) ) ;
#4813 = ORIENTED_EDGE ( 'NONE', *, *, #2119, .T. ) ;
#4814 = VECTOR ( 'NONE', #1980, 1000.000000000000114 ) ;
#4815 = EDGE_CURVE ( 'NONE', #3742, #4980, #445, .T. ) ;
#4816 = VERTEX_POINT ( 'NONE', #2293 ) ;
#4817 = CARTESIAN_POINT ( 'NONE',  ( 34.26858978976805759, 44.10892212771361187, 85.05846521370779101 ) ) ;
#4818 = CARTESIAN_POINT ( 'NONE',  ( 0.000000000000000000, 5.088077000000001071, 73.66172395019732733 ) ) ;
#4819 = CARTESIAN_POINT ( 'NONE',  ( 0.000000000000000000, 42.00000000000000000, 6.984204920241143807E-15 ) ) ;
#4820 = CYLINDRICAL_SURFACE ( 'NONE', #3334, 2.455303443875289648 ) ;
#4821 = DIRECTION ( 'NONE',  ( 1.000000000000000000, 0.000000000000000000, 0.000000000000000000 ) ) ;
#4822 = EDGE_CURVE ( 'NONE', #5408, #4128, #4585, .T. ) ;
#4823 = VERTEX_POINT ( 'NONE', #1447 ) ;
#4824 = CIRCLE ( 'NONE', #165, 13.99999999999999822 ) ;
#4825 = LINE ( 'NONE', #4368, #3087 ) ;
#4826 = DIRECTION ( 'NONE',  ( 1.000000000000000000, -0.000000000000000000, -0.000000000000000000 ) ) ;
#4827 = CARTESIAN_POINT ( 'NONE',  ( 0.000000000000000000, 32.79724476520794241, 40.83672395019733159 ) ) ;
#4828 = UNCERTAINTY_MEASURE_WITH_UNIT (LENGTH_MEASURE( 1.000000000000000082E-05 ), #2876, 'distance_accuracy_value', 'NONE');
#4829 = EDGE_CURVE ( 'NONE', #3992, #5197, #1931, .T. ) ;
#4830 = ORIENTED_EDGE ( 'NONE', *, *, #5285, .F. ) ;
#4831 = CARTESIAN_POINT ( 'NONE',  ( 0.000000000000000000, 30.22110162320748117, 75.81217696610640644 ) ) ;
#4832 = DIRECTION ( 'NONE',  ( 0.000000000000000000, 0.000000000000000000, -1.000000000000000000 ) ) ;
#4833 = CARTESIAN_POINT ( 'NONE',  ( 0.000000000000000000, 25.48239641025217139, -48.90572980140875359 ) ) ;
#4834 = CIRCLE ( 'NONE', #2201, 13.99999999999999822 ) ;
#4835 = ORIENTED_EDGE ( 'NONE', *, *, #3462, .T. ) ;
#4836 = VECTOR ( 'NONE', #3461, 1000.000000000000000 ) ;
#4837 = ORIENTED_EDGE ( 'NONE', *, *, #5134, .F. ) ;
#4838 = ADVANCED_FACE ( 'NONE', ( #5158 ), #987, .F. ) ;
#4839 = EDGE_CURVE ( 'NONE', #5618, #4462, #714, .T. ) ;
#4840 = AXIS2_PLACEMENT_3D ( 'NONE', #4393, #229, #4763 ) ;
#4841 = CARTESIAN_POINT ( 'NONE',  ( 0.000000000000000000, 24.18438090784331962, -49.14058743714129207 ) ) ;
#4842 = CIRCLE ( 'NONE', #272, 2.250000000000001776 ) ;
#4843 = SURFACE_STYLE_FILL_AREA ( #2993 ) ;
#4844 = VERTEX_POINT ( 'NONE', #5190 ) ;
#4845 = ORIENTED_EDGE ( 'NONE', *, *, #5712, .F. ) ;
#4846 = DIRECTION ( 'NONE',  ( -1.000000000000000000, -0.000000000000000000, -0.000000000000000000 ) ) ;
#4847 = LINE ( 'NONE', #2537, #4343 ) ;
#4848 = DIRECTION ( 'NONE',  ( 0.000000000000000000, -1.662905933390748385E-16, 1.000000000000000000 ) ) ;
#4849 = DIRECTION ( 'NONE',  ( 1.000000000000000000, -0.000000000000000000, 0.000000000000000000 ) ) ;
#4850 = DIRECTION ( 'NONE',  ( 0.000000000000000000, 0.000000000000000000, -1.000000000000000000 ) ) ;
#4851 = EDGE_LOOP ( 'NONE', ( #5310, #4925, #5380, #5568 ) ) ;
#4852 = LINE ( 'NONE', #4938, #1436 ) ;
#4853 = CARTESIAN_POINT ( 'NONE',  ( 1.600000000000000089, 28.60077400848668105, -5.310202453848762438 ) ) ;
#4854 = DIRECTION ( 'NONE',  ( 1.000000000000000000, 0.000000000000000000, 0.000000000000000000 ) ) ;
#4855 = ORIENTED_EDGE ( 'NONE', *, *, #4963, .F. ) ;
#4856 = CIRCLE ( 'NONE', #2826, 1.499999999999997780 ) ;
#4857 = CYLINDRICAL_SURFACE ( 'NONE', #5060, 1.024999999999998135 ) ;
#4858 = LINE ( 'NONE', #2523, #3148 ) ;
#4859 = EDGE_CURVE ( 'NONE', #1157, #4111, #1020, .T. ) ;
#4860 = CARTESIAN_POINT ( 'NONE',  ( 1.600000000000000089, 30.50000000000000000, 79.00000000000000000 ) ) ;
#4861 = CIRCLE ( 'NONE', #2534, 13.99999999999999822 ) ;
#4862 = VERTEX_POINT ( 'NONE', #1349 ) ;
#4863 = VERTEX_POINT ( 'NONE', #3207 ) ;
#4864 = LINE ( 'NONE', #3220, #444 ) ;
#4865 = ADVANCED_FACE ( 'NONE', ( #5058 ), #895, .F. ) ;
#4866 = DIRECTION ( 'NONE',  ( -1.000000000000000000, 0.000000000000000000, 0.000000000000000000 ) ) ;
#4867 = ORIENTED_EDGE ( 'NONE', *, *, #371, .F. ) ;
#4868 = ADVANCED_FACE ( 'NONE', ( #2487 ), #5669, .F. ) ;
#4869 = ADVANCED_FACE ( 'NONE', ( #172 ), #1958, .F. ) ;
#4870 = ORIENTED_EDGE ( 'NONE', *, *, #1606, .T. ) ;
#4871 = CARTESIAN_POINT ( 'NONE',  ( 1.600000000000000089, 6.088077000000001959, 61.53672395019732733 ) ) ;
#4872 = CARTESIAN_POINT ( 'NONE',  ( 0.000000000000000000, 21.56647773738793816, 35.01172395019732875 ) ) ;
#4873 = CARTESIAN_POINT ( 'NONE',  ( 1.600000000000000089, 6.113077000000003203, 59.16172395019730601 ) ) ;
#4874 = CYLINDRICAL_SURFACE ( 'NONE', #4971, 2.249999999999998668 ) ;
#4875 = AXIS2_PLACEMENT_3D ( 'NONE', #1059, #2920, #603 ) ;
#4876 = VECTOR ( 'NONE', #2101, 1000.000000000000000 ) ;
#4877 = VECTOR ( 'NONE', #592, 1000.000000000000000 ) ;
#4878 = CARTESIAN_POINT ( 'NONE',  ( 0.000000000000000000, 30.50000000000000000, 49.00000000000000000 ) ) ;
#4879 = VERTEX_POINT ( 'NONE', #4310 ) ;
#4880 = VERTEX_POINT ( 'NONE', #5249 ) ;
#4881 = ORIENTED_EDGE ( 'NONE', *, *, #1282, .F. ) ;
#4882 = DIRECTION ( 'NONE',  ( 1.000000000000000000, -0.000000000000000000, 0.000000000000000000 ) ) ;
#4883 = LINE ( 'NONE', #1999, #1099 ) ;
#4884 = LINE ( 'NONE', #3602, #1808 ) ;
#4885 = CIRCLE ( 'NONE', #802, 1.024999999999998135 ) ;
#4886 = EDGE_CURVE ( 'NONE', #2784, #5149, #3242, .T. ) ;
#4887 = ORIENTED_EDGE ( 'NONE', *, *, #1780, .T. ) ;
#4888 = CARTESIAN_POINT ( 'NONE',  ( 0.000000000000000000, 36.00000000000000000, 87.48921303800383953 ) ) ;
#4889 = CARTESIAN_POINT ( 'NONE',  ( 0.000000000000000000, 34.76172013427476770, 16.60843236629798625 ) ) ;
#4890 = DIRECTION ( 'NONE',  ( 0.000000000000000000, -1.355252715606880543E-16, 1.000000000000000000 ) ) ;
#4891 = EDGE_CURVE ( 'NONE', #194, #1734, #2916, .T. ) ;
#4892 = ORIENTED_EDGE ( 'NONE', *, *, #2025, .T. ) ;
#4893 = VERTEX_POINT ( 'NONE', #2022 ) ;
#4894 = AXIS2_PLACEMENT_3D ( 'NONE', #2957, #3347, #1065 ) ;
#4895 = DIRECTION ( 'NONE',  ( 1.000000000000000000, -0.000000000000000000, -0.000000000000000000 ) ) ;
#4896 = ORIENTED_EDGE ( 'NONE', *, *, #1335, .T. ) ;
#4897 = CIRCLE ( 'NONE', #3056, 3.200000000000001510 ) ;
#4898 = ORIENTED_EDGE ( 'NONE', *, *, #453, .T. ) ;
#4899 = CARTESIAN_POINT ( 'NONE',  ( 34.26858978976805759, 54.50000000000000711, 83.57773768049138141 ) ) ;
#4900 = EDGE_CURVE ( 'NONE', #4713, #1756, #5700, .T. ) ;
#4901 = CARTESIAN_POINT ( 'NONE',  ( 1.600000000000000089, 11.82117134523359603, 4.867883577256652217 ) ) ;
#4902 = DIRECTION ( 'NONE',  ( 0.000000000000000000, 0.000000000000000000, 1.000000000000000000 ) ) ;
#4903 = EDGE_CURVE ( 'NONE', #638, #651, #3140, .T. ) ;
#4904 = DIRECTION ( 'NONE',  ( 0.000000000000000000, 0.000000000000000000, -1.000000000000000000 ) ) ;
#4905 = CYLINDRICAL_SURFACE ( 'NONE', #2899, 2.250000000000001776 ) ;
#4906 = VECTOR ( 'NONE', #2122, 1000.000000000000000 ) ;
#4907 = VERTEX_POINT ( 'NONE', #3891 ) ;
#4908 = ORIENTED_EDGE ( 'NONE', *, *, #5534, .F. ) ;
#4909 = ORIENTED_EDGE ( 'NONE', *, *, #2533, .F. ) ;
#4910 = FACE_OUTER_BOUND ( 'NONE', #3350, .T. ) ;
#4911 = EDGE_CURVE ( 'NONE', #5797, #2521, #3530, .T. ) ;
#4912 = DIRECTION ( 'NONE',  ( 0.000000000000000000, -2.565210315677348556E-17, -1.000000000000000000 ) ) ;
#4913 = LINE ( 'NONE', #1772, #5556 ) ;
#4914 = FACE_OUTER_BOUND ( 'NONE', #5686, .T. ) ;
#4915 = CIRCLE ( 'NONE', #3557, 1.499999999999997780 ) ;
#4916 = ORIENTED_EDGE ( 'NONE', *, *, #1100, .T. ) ;
#4917 = CARTESIAN_POINT ( 'NONE',  ( 0.000000000000000000, 15.29260265095050109, 2.739314882973610477 ) ) ;
#4918 = DIRECTION ( 'NONE',  ( 1.000000000000000000, -0.000000000000000000, -0.000000000000000000 ) ) ;
#4919 = CARTESIAN_POINT ( 'NONE',  ( 0.000000000000000000, 32.36959893003978550, -28.59703674228804005 ) ) ;
#4920 = ADVANCED_FACE ( 'NONE', ( #4278 ), #104, .F. ) ;
#4921 = ORIENTED_EDGE ( 'NONE', *, *, #5489, .F. ) ;
#4922 = VERTEX_POINT ( 'NONE', #3845 ) ;
#4923 = CARTESIAN_POINT ( 'NONE',  ( 0.000000000000000000, 30.50000000000000000, 69.00000000000000000 ) ) ;
#4924 = CIRCLE ( 'NONE', #5497, 14.00000000000000178 ) ;
#4925 = ORIENTED_EDGE ( 'NONE', *, *, #2549, .T. ) ;
#4926 = VECTOR ( 'NONE', #4671, 1000.000000000000000 ) ;
#4927 = VERTEX_POINT ( 'NONE', #1427 ) ;
#4928 = AXIS2_PLACEMENT_3D ( 'NONE', #5431, #3710, #4169 ) ;
#4929 = CARTESIAN_POINT ( 'NONE',  ( 1.600000000000000089, 20.79724476520794241, 15.61172395019732839 ) ) ;
#4930 = CARTESIAN_POINT ( 'NONE',  ( 1.600000000000000089, 5.088077000000001959, 57.91172395019730601 ) ) ;
#4931 = DIRECTION ( 'NONE',  ( 0.000000000000000000, -0.8115739819650134024, -0.5842496656374328579 ) ) ;
#4932 = FACE_OUTER_BOUND ( 'NONE', #2628, .T. ) ;
#4933 = DIRECTION ( 'NONE',  ( -1.000000000000000000, -0.000000000000000000, -0.000000000000000000 ) ) ;
#4934 = ORIENTED_EDGE ( 'NONE', *, *, #5344, .T. ) ;
#4935 = VERTEX_POINT ( 'NONE', #25 ) ;
#4936 = ORIENTED_EDGE ( 'NONE', *, *, #370, .F. ) ;
#4937 = DIRECTION ( 'NONE',  ( 0.000000000000000000, -0.9961946980917453232, 0.08715574274766109408 ) ) ;
#4938 = CARTESIAN_POINT ( 'NONE',  ( 1.600000000000000089, 30.22110162320747762, 45.81217696610642065 ) ) ;
#4939 = LINE ( 'NONE', #774, #4312 ) ;
#4940 = DIRECTION ( 'NONE',  ( 0.000000000000000000, 0.000000000000000000, 1.000000000000000000 ) ) ;
#4941 = EDGE_CURVE ( 'NONE', #4944, #3877, #527, .T. ) ;
#4942 = EDGE_CURVE ( 'NONE', #3162, #4497, #580, .T. ) ;
#4943 = EDGE_CURVE ( 'NONE', #194, #1209, #1496, .T. ) ;
#4944 = VERTEX_POINT ( 'NONE', #4232 ) ;
#4945 = DIRECTION ( 'NONE',  ( 1.000000000000000000, -0.000000000000000000, -0.000000000000000000 ) ) ;
#4946 = LINE ( 'NONE', #1581, #44 ) ;
#4947 = DIRECTION ( 'NONE',  ( 1.000000000000000000, 0.000000000000000000, 0.000000000000000000 ) ) ;
#4948 = AXIS2_PLACEMENT_3D ( 'NONE', #1176, #3977, #5819 ) ;
#4949 = ORIENTED_EDGE ( 'NONE', *, *, #2111, .T. ) ;
#4950 = ORIENTED_EDGE ( 'NONE', *, *, #740, .F. ) ;
#4951 = DIRECTION ( 'NONE',  ( -1.000000000000000000, -0.000000000000000000, -0.000000000000000000 ) ) ;
#4952 = AXIS2_PLACEMENT_3D ( 'NONE', #5361, #4538, #1286 ) ;
#4953 = ORIENTED_EDGE ( 'NONE', *, *, #2672, .F. ) ;
#4954 = ORIENTED_EDGE ( 'NONE', *, *, #1367, .T. ) ;
#4955 = AXIS2_PLACEMENT_3D ( 'NONE', #5660, #4753, #2476 ) ;
#4956 = DIRECTION ( 'NONE',  ( -1.000000000000000000, -0.000000000000000000, -0.000000000000000000 ) ) ;
#4957 = EDGE_CURVE ( 'NONE', #2354, #874, #5760, .T. ) ;
#4958 = DIRECTION ( 'NONE',  ( -1.000000000000000000, -0.000000000000000000, -0.000000000000000000 ) ) ;
#4959 = LINE ( 'NONE', #3166, #1605 ) ;
#4960 = LINE ( 'NONE', #2621, #4686 ) ;
#4961 = DIRECTION ( 'NONE',  ( 0.000000000000000000, -0.9961946980917452121, 0.08715574274766185736 ) ) ;
#4962 = VERTEX_POINT ( 'NONE', #4747 ) ;
#4963 = EDGE_CURVE ( 'NONE', #5656, #405, #59, .T. ) ;
#4964 = EDGE_LOOP ( 'NONE', ( #1382, #4810, #95, #2682 ) ) ;
#4965 = ORIENTED_EDGE ( 'NONE', *, *, #3177, .F. ) ;
#4966 = DIRECTION ( 'NONE',  ( 1.000000000000000000, -0.000000000000000000, -0.000000000000000000 ) ) ;
#4967 = VECTOR ( 'NONE', #5633, 999.9999999999998863 ) ;
#4968 = DIRECTION ( 'NONE',  ( -0.000000000000000000, 0.9961946980917452121, -0.08715574274766220431 ) ) ;
#4969 = DIRECTION ( 'NONE',  ( 0.000000000000000000, 0.000000000000000000, 1.000000000000000000 ) ) ;
#4970 = DIRECTION ( 'NONE',  ( -1.000000000000000000, 0.000000000000000000, -0.000000000000000000 ) ) ;
#4971 = AXIS2_PLACEMENT_3D ( 'NONE', #1622, #5831, #794 ) ;
#4972 = ORIENTED_EDGE ( 'NONE', *, *, #1779, .T. ) ;
#4973 = FACE_OUTER_BOUND ( 'NONE', #2647, .T. ) ;
#4974 = CARTESIAN_POINT ( 'NONE',  ( 1.600000000000000089, 42.00000000000000000, 6.984204920241143807E-15 ) ) ;
#4975 = EDGE_CURVE ( 'NONE', #2061, #5397, #1390, .T. ) ;
#4977 = EDGE_CURVE ( 'NONE', #3141, #19, #2836, .T. ) ;
#4976 = DIRECTION ( 'NONE',  ( 1.000000000000000000, -0.000000000000000000, -0.000000000000000000 ) ) ;
#4978 = VECTOR ( 'NONE', #1199, 1000.000000000000000 ) ;
#4979 = ORIENTED_EDGE ( 'NONE', *, *, #993, .F. ) ;
#4980 = VERTEX_POINT ( 'NONE', #1001 ) ;
#4981 = CARTESIAN_POINT ( 'NONE',  ( 0.000000000000000000, 14.26852036069973018, -37.68499331274864517 ) ) ;
#4982 = VECTOR ( 'NONE', #3446, 1000.000000000000000 ) ;
#4983 = CARTESIAN_POINT ( 'NONE',  ( 1.600000000000000089, 5.088077000000002847, 59.16172395019730601 ) ) ;
#4984 = AXIS2_PLACEMENT_3D ( 'NONE', #5106, #2341, #2409 ) ;
#4985 = ORIENTED_EDGE ( 'NONE', *, *, #533, .F. ) ;
#4986 = ORIENTED_EDGE ( 'NONE', *, *, #5247, .T. ) ;
#4987 = DIRECTION ( 'NONE',  ( 0.000000000000000000, 0.9961946980917452121, -0.08715574274766221818 ) ) ;
#4988 = DIRECTION ( 'NONE',  ( 0.000000000000000000, 0.7071067811865479058, 0.7071067811865471286 ) ) ;
#4989 = FACE_OUTER_BOUND ( 'NONE', #3542, .T. ) ;
#4990 = LINE ( 'NONE', #1310, #5070 ) ;
#4991 = AXIS2_PLACEMENT_3D ( 'NONE', #1632, #4458, #3037 ) ;
#4992 = CARTESIAN_POINT ( 'NONE',  ( 1.600000000000000089, 3.588077000000001959, 70.78672395019731312 ) ) ;
#4993 = VERTEX_POINT ( 'NONE', #2380 ) ;
#4994 = EDGE_LOOP ( 'NONE', ( #4402, #3871, #4196, #191 ) ) ;
#4995 = VERTEX_POINT ( 'NONE', #1460 ) ;
#4996 = AXIS2_PLACEMENT_3D ( 'NONE', #2316, #854, #5146 ) ;
#4997 = CYLINDRICAL_SURFACE ( 'NONE', #4668, 0.5999999999999998668 ) ;
#4998 = LINE ( 'NONE', #2258, #3819 ) ;
#4999 = DIRECTION ( 'NONE',  ( 0.000000000000000000, 0.000000000000000000, 1.000000000000000000 ) ) ;
#5000 = CARTESIAN_POINT ( 'NONE',  ( 0.000000000000000000, 24.78504948079999082, 29.03176171282310136 ) ) ;
#5001 =( GEOMETRIC_REPRESENTATION_CONTEXT ( 3 ) GLOBAL_UNCERTAINTY_ASSIGNED_CONTEXT ( ( #2084 ) ) GLOBAL_UNIT_ASSIGNED_CONTEXT ( ( #1406, #3757, #2 ) ) REPRESENTATION_CONTEXT ( 'NONE', 'WORKASPACE' ) );
#5002 = VECTOR ( 'NONE', #3651, 1000.000000000000114 ) ;
#5003 = ORIENTED_EDGE ( 'NONE', *, *, #3369, .T. ) ;
#5004 = DIRECTION ( 'NONE',  ( 0.000000000000000000, -1.662905933390748385E-16, 1.000000000000000000 ) ) ;
#5005 = DIRECTION ( 'NONE',  ( 1.000000000000000000, -0.000000000000000000, -0.000000000000000000 ) ) ;
#5006 = LINE ( 'NONE', #4919, #3699 ) ;
#5007 = EDGE_CURVE ( 'NONE', #5032, #3847, #969, .T. ) ;
#5008 = EDGE_LOOP ( 'NONE', ( #2716, #4025 ) ) ;
#5009 = ORIENTED_EDGE ( 'NONE', *, *, #3070, .T. ) ;
#5010 = FACE_OUTER_BOUND ( 'NONE', #2384, .T. ) ;
#5011 = CARTESIAN_POINT ( 'NONE',  ( 0.000000000000000000, 43.59999999999958931, 27.30665584262819578 ) ) ;
#5012 = VERTEX_POINT ( 'NONE', #4170 ) ;
#5013 = EDGE_CURVE ( 'NONE', #3847, #1944, #3318, .T. ) ;
#5014 = EDGE_CURVE ( 'NONE', #1630, #3693, #5845, .T. ) ;
#5015 = ORIENTED_EDGE ( 'NONE', *, *, #4963, .T. ) ;
#5016 = DIRECTION ( 'NONE',  ( 0.000000000000000000, 0.000000000000000000, 1.000000000000000000 ) ) ;
#5017 = DIRECTION ( 'NONE',  ( 0.000000000000000000, -1.662905933390748385E-16, 1.000000000000000000 ) ) ;
#5018 = CARTESIAN_POINT ( 'NONE',  ( 0.000000000000000000, 20.79724476520794241, 15.61172395019732839 ) ) ;
#5019 = CARTESIAN_POINT ( 'NONE',  ( 1.600000000000000089, 21.87069162429846969, 1.652937762254315324 ) ) ;
#5020 = DIRECTION ( 'NONE',  ( 1.000000000000000000, 0.000000000000000000, 0.000000000000000000 ) ) ;
#5021 = CARTESIAN_POINT ( 'NONE',  ( 1.600000000000000089, 34.21728252783368873, 19.59952866578946384 ) ) ;
#5022 = VECTOR ( 'NONE', #4798, 1000.000000000000000 ) ;
#5023 = ORIENTED_EDGE ( 'NONE', *, *, #1028, .F. ) ;
#5024 = VECTOR ( 'NONE', #988, 1000.000000000000000 ) ;
#5025 = ORIENTED_EDGE ( 'NONE', *, *, #2225, .T. ) ;
#5026 = ORIENTED_EDGE ( 'NONE', *, *, #4977, .F. ) ;
#5027 = CARTESIAN_POINT ( 'NONE',  ( 0.000000000000000000, 1.196450753133034008E-13, -27.58827604980266912 ) ) ;
#5028 = CARTESIAN_POINT ( 'NONE',  ( 1.600000000000000089, 36.52293445648597014, 93.46638122655429015 ) ) ;
#5029 = LINE ( 'NONE', #862, #4481 ) ;
#5030 = DIRECTION ( 'NONE',  ( -1.000000000000000000, 0.000000000000000000, -0.000000000000000000 ) ) ;
#5031 = CARTESIAN_POINT ( 'NONE',  ( 34.26858978976805759, 1.196450753133034008E-13, -27.58827604980266912 ) ) ;
#5032 = VERTEX_POINT ( 'NONE', #5233 ) ;
#5033 = CARTESIAN_POINT ( 'NONE',  ( 1.600000000000000089, 7.924835697984207172, 10.10708183593993326 ) ) ;
#5034 = DIRECTION ( 'NONE',  ( 0.000000000000000000, -1.000000000000000000, -1.662905933390748385E-16 ) ) ;
#5035 = CARTESIAN_POINT ( 'NONE',  ( 1.600000000000000089, 25.48239641025217139, -48.90572980140875359 ) ) ;
#5036 = CARTESIAN_POINT ( 'NONE',  ( 1.600000000000000089, 36.00000000000000000, 87.48921303800383953 ) ) ;
#5037 = ORIENTED_EDGE ( 'NONE', *, *, #2760, .T. ) ;
#5038 = ORIENTED_EDGE ( 'NONE', *, *, #4391, .T. ) ;
#5039 = ADVANCED_FACE ( 'NONE', ( #1878 ), #4262, .F. ) ;
#5040 = ORIENTED_EDGE ( 'NONE', *, *, #5263, .T. ) ;
#5041 = CARTESIAN_POINT ( 'NONE',  ( 1.600000000000000089, 20.79724476520794241, 15.61172395019732839 ) ) ;
#5042 = CARTESIAN_POINT ( 'NONE',  ( 0.000000000000000000, 19.34991958620525665, -4.823258064669771805 ) ) ;
#5043 = ORIENTED_EDGE ( 'NONE', *, *, #1228, .F. ) ;
#5044 = EDGE_LOOP ( 'NONE', ( #1883, #4908, #6004, #963, #134 ) ) ;
#5045 = DIRECTION ( 'NONE',  ( -0.000000000000000000, -0.7071067811865462405, -0.7071067811865489050 ) ) ;
#5046 = PLANE ( 'NONE',  #1893 ) ;
#5047 = VECTOR ( 'NONE', #4890, 1000.000000000000000 ) ;
#5048 = EDGE_CURVE ( 'NONE', #981, #1609, #2471, .T. ) ;
#5049 = DIRECTION ( 'NONE',  ( 0.000000000000000000, -3.410856382543251894E-15, 1.000000000000000000 ) ) ;
#5050 = ADVANCED_FACE ( 'NONE', ( #121 ), #2805, .T. ) ;
#5051 = CARTESIAN_POINT ( 'NONE',  ( 1.600000000000000089, 12.12889837679251670, 73.81948660865214151 ) ) ;
#5052 = ORIENTED_EDGE ( 'NONE', *, *, #4087, .T. ) ;
#5053 = VERTEX_POINT ( 'NONE', #1975 ) ;
#5054 = ORIENTED_EDGE ( 'NONE', *, *, #5729, .T. ) ;
#5055 = CARTESIAN_POINT ( 'NONE',  ( 0.000000000000000000, 36.00000000000000000, 89.73921303800383953 ) ) ;
#5056 = LINE ( 'NONE', #4566, #1721 ) ;
#5057 = CARTESIAN_POINT ( 'NONE',  ( 0.000000000000000000, 16.13811929073852625, -27.28203005503668876 ) ) ;
#5058 = FACE_OUTER_BOUND ( 'NONE', #4352, .T. ) ;
#5059 = CARTESIAN_POINT ( 'NONE',  ( 1.600000000000000089, 36.00000000000001421, -33.83827604980267978 ) ) ;
#5060 = AXIS2_PLACEMENT_3D ( 'NONE', #208, #5765, #4374 ) ;
#5061 = ORIENTED_EDGE ( 'NONE', *, *, #3595, .T. ) ;
#5062 = CARTESIAN_POINT ( 'NONE',  ( 1.600000000000000089, 3.469446951953614189E-15, 41.93222947802272671 ) ) ;
#5063 = FACE_OUTER_BOUND ( 'NONE', #4057, .T. ) ;
#5064 = DIRECTION ( 'NONE',  ( 1.000000000000000000, 0.000000000000000000, -0.000000000000000000 ) ) ;
#5065 = VECTOR ( 'NONE', #5157, 1000.000000000000000 ) ;
#5066 = ORIENTED_EDGE ( 'NONE', *, *, #2681, .T. ) ;
#5067 = EDGE_CURVE ( 'NONE', #5116, #844, #2162, .T. ) ;
#5068 = ORIENTED_EDGE ( 'NONE', *, *, #2879, .F. ) ;
#5069 = ORIENTED_EDGE ( 'NONE', *, *, #2964, .T. ) ;
#5070 = VECTOR ( 'NONE', #5985, 1000.000000000000000 ) ;
#5071 = LINE ( 'NONE', #939, #1593 ) ;
#5072 = CARTESIAN_POINT ( 'NONE',  ( 0.000000000000000000, 11.87782106862192144, -53.61397923772977236 ) ) ;
#5073 = AXIS2_PLACEMENT_3D ( 'NONE', #4125, #3734, #2821 ) ;
#5074 = EDGE_CURVE ( 'NONE', #3314, #1952, #2961, .T. ) ;
#5075 = ORIENTED_EDGE ( 'NONE', *, *, #4660, .T. ) ;
#5076 = AXIS2_PLACEMENT_3D ( 'NONE', #5062, #2232, #3150 ) ;
#5077 = ORIENTED_EDGE ( 'NONE', *, *, #4070, .F. ) ;
#5078 = ORIENTED_EDGE ( 'NONE', *, *, #4605, .F. ) ;
#5079 = AXIS2_PLACEMENT_3D ( 'NONE', #1942, #3288, #3747 ) ;
#5080 = DIRECTION ( 'NONE',  ( -0.000000000000000000, 0.8115739819650136244, 0.5842496656374325248 ) ) ;
#5081 = DIRECTION ( 'NONE',  ( -1.000000000000000000, -0.000000000000000000, -0.000000000000000000 ) ) ;
#5082 = FACE_OUTER_BOUND ( 'NONE', #2908, .T. ) ;
#5083 = ADVANCED_FACE ( 'NONE', ( #1396 ), #4647, .F. ) ;
#5084 = LINE ( 'NONE', #2284, #5560 ) ;
#5085 = ORIENTED_EDGE ( 'NONE', *, *, #36, .F. ) ;
#5086 = ORIENTED_EDGE ( 'NONE', *, *, #4799, .F. ) ;
#5087 = ORIENTED_EDGE ( 'NONE', *, *, #3622, .T. ) ;
#5088 = LINE ( 'NONE', #4631, #3522 ) ;
#5089 = EDGE_CURVE ( 'NONE', #1743, #4011, #5280, .T. ) ;
#5090 = CARTESIAN_POINT ( 'NONE',  ( 1.600000000000000089, 32.57659114936594591, -42.74471892376565307 ) ) ;
#5091 = DIRECTION ( 'NONE',  ( 0.000000000000000000, 0.000000000000000000, 1.000000000000000000 ) ) ;
#5092 = DIRECTION ( 'NONE',  ( 1.000000000000000000, 0.000000000000000000, 0.000000000000000000 ) ) ;
#5093 = CARTESIAN_POINT ( 'NONE',  ( 1.600000000000000089, 0.000000000000000000, 0.000000000000000000 ) ) ;
#5094 = EDGE_CURVE ( 'NONE', #5471, #2562, #5071, .T. ) ;
#5095 = ADVANCED_FACE ( 'NONE', ( #4197 ), #4583, .F. ) ;
#5096 = ORIENTED_EDGE ( 'NONE', *, *, #3125, .T. ) ;
#5097 = DIRECTION ( 'NONE',  ( -1.000000000000000000, 0.000000000000000000, 0.000000000000000000 ) ) ;
#5098 = DIRECTION ( 'NONE',  ( 1.000000000000000000, 0.000000000000000000, 0.000000000000000000 ) ) ;
#5099 = CARTESIAN_POINT ( 'NONE',  ( 1.600000000000000089, 36.00000000000001421, -36.08827604980267978 ) ) ;
#5100 = ORIENTED_EDGE ( 'NONE', *, *, #4152, .F. ) ;
#5101 = VECTOR ( 'NONE', #1302, 1000.000000000000000 ) ;
#5102 = EDGE_LOOP ( 'NONE', ( #3411, #4133, #5654, #3594, #1035 ) ) ;
#5103 = ORIENTED_EDGE ( 'NONE', *, *, #3521, .F. ) ;
#5104 = LINE ( 'NONE', #23, #1882 ) ;
#5105 = DIRECTION ( 'NONE',  ( 1.000000000000000000, 0.000000000000000000, -0.000000000000000000 ) ) ;
#5106 = CARTESIAN_POINT ( 'NONE',  ( 1.600000000000000089, 20.79724476520794241, 15.61172395019732839 ) ) ;
#5107 = EDGE_CURVE ( 'NONE', #2688, #2295, #360, .T. ) ;
#5108 = DIRECTION ( 'NONE',  ( 1.000000000000000000, -0.000000000000000000, -0.000000000000000000 ) ) ;
#5109 = ORIENTED_EDGE ( 'NONE', *, *, #69, .T. ) ;
#5110 = ORIENTED_EDGE ( 'NONE', *, *, #5597, .F. ) ;
#5111 = VECTOR ( 'NONE', #2127, 1000.000000000000000 ) ;
#5112 = CARTESIAN_POINT ( 'NONE',  ( 1.600000000000000533, 21.56647773738793816, 41.26172395019733585 ) ) ;
#5113 = CARTESIAN_POINT ( 'NONE',  ( 1.600000000000000089, 4.063077000000000716, 59.16172395019730601 ) ) ;
#5114 = FACE_OUTER_BOUND ( 'NONE', #1186, .T. ) ;
#5115 = FACE_OUTER_BOUND ( 'NONE', #938, .T. ) ;
#5116 = VERTEX_POINT ( 'NONE', #4550 ) ;
#5117 = EDGE_LOOP ( 'NONE', ( #5657, #3680, #5858, #3708 ) ) ;
#5118 = ORIENTED_EDGE ( 'NONE', *, *, #5492, .T. ) ;
#5119 = EDGE_CURVE ( 'NONE', #2465, #3613, #5104, .T. ) ;
#5120 = LINE ( 'NONE', #4150, #123 ) ;
#5121 = CARTESIAN_POINT ( 'NONE',  ( 0.000000000000000000, 11.84999999999999964, 70.63166357475857637 ) ) ;
#5122 = DIRECTION ( 'NONE',  ( 0.000000000000000000, 0.000000000000000000, -1.000000000000000000 ) ) ;
#5123 = EDGE_CURVE ( 'NONE', #4462, #2995, #5553, .T. ) ;
#5124 = CARTESIAN_POINT ( 'NONE',  ( 0.000000000000000000, 30.50000000000000000, 79.00000000000000000 ) ) ;
#5125 = CARTESIAN_POINT ( 'NONE',  ( 1.600000000000000089, 20.79724476520794241, 15.61172395019732839 ) ) ;
#5126 = VECTOR ( 'NONE', #4311, 1000.000000000000114 ) ;
#5127 = VECTOR ( 'NONE', #2630, 1000.000000000000000 ) ;
#5128 = AXIS2_PLACEMENT_3D ( 'NONE', #3539, #5441, #4472 ) ;
#5129 = VECTOR ( 'NONE', #5516, 1000.000000000000000 ) ;
#5130 = CARTESIAN_POINT ( 'NONE',  ( 1.600000000000000089, 20.79724476520794241, 15.61172395019732839 ) ) ;
#5131 = DIRECTION ( 'NONE',  ( 1.000000000000000000, 0.000000000000000000, 0.000000000000000000 ) ) ;
#5132 = EDGE_CURVE ( 'NONE', #337, #4304, #5977, .T. ) ;
#5133 = CARTESIAN_POINT ( 'NONE',  ( 1.600000000000000089, 34.75694174880646869, -43.48289748278271816 ) ) ;
#5134 = EDGE_CURVE ( 'NONE', #4461, #4662, #876, .T. ) ;
#5135 = ORIENTED_EDGE ( 'NONE', *, *, #615, .F. ) ;
#5136 = ADVANCED_FACE ( 'NONE', ( #3129 ), #4107, .F. ) ;
#5137 = EDGE_LOOP ( 'NONE', ( #2040, #1425, #3382, #1809 ) ) ;
#5138 = ORIENTED_EDGE ( 'NONE', *, *, #4943, .T. ) ;
#5139 = DIRECTION ( 'NONE',  ( 0.000000000000000000, -1.000000000000000000, -8.673617379884032317E-15 ) ) ;
#5140 = CARTESIAN_POINT ( 'NONE',  ( 1.600000000000000089, 34.21728252783368873, 19.59952866578946384 ) ) ;
#5141 = DIRECTION ( 'NONE',  ( -1.000000000000000000, 0.000000000000000000, 0.000000000000000000 ) ) ;
#5142 = VERTEX_POINT ( 'NONE', #2273 ) ;
#5143 = VERTEX_POINT ( 'NONE', #1813 ) ;
#5144 = ORIENTED_EDGE ( 'NONE', *, *, #2458, .T. ) ;
#5145 = FACE_BOUND ( 'NONE', #1559, .T. ) ;
#5146 = DIRECTION ( 'NONE',  ( 0.000000000000000000, 1.662905933390748385E-16, -1.000000000000000000 ) ) ;
#5147 = CARTESIAN_POINT ( 'NONE',  ( 0.000000000000000000, 0.000000000000000000, 0.000000000000000000 ) ) ;
#5148 = CYLINDRICAL_SURFACE ( 'NONE', #1592, 13.99999999999999822 ) ;
#5149 = VERTEX_POINT ( 'NONE', #2735 ) ;
#5150 = ADVANCED_FACE ( 'NONE', ( #3219 ), #4073, .F. ) ;
#5151 = ORIENTED_EDGE ( 'NONE', *, *, #4513, .F. ) ;
#5153 = ORIENTED_EDGE ( 'NONE', *, *, #2206, .F. ) ;
#5152 = AXIS2_PLACEMENT_3D ( 'NONE', #2470, #5794, #2583 ) ;
#5154 = CARTESIAN_POINT ( 'NONE',  ( 0.000000000000000000, 32.42564719206934853, 23.40789333002507888 ) ) ;
#5155 = CARTESIAN_POINT ( 'NONE',  ( 0.000000000000000000, 8.797244765207388184, 5.111723950197929689 ) ) ;
#5156 = LINE ( 'NONE', #3795, #244 ) ;
#5157 = DIRECTION ( 'NONE',  ( -1.000000000000000000, -0.000000000000000000, -0.000000000000000000 ) ) ;
#5158 = FACE_OUTER_BOUND ( 'NONE', #2220, .T. ) ;
#5159 = CARTESIAN_POINT ( 'NONE',  ( 1.600000000000000089, 10.05340439226726623, 6.635650530222985566 ) ) ;
#5160 = ADVANCED_FACE ( 'NONE', ( #5944 ), #5910, .F. ) ;
#5161 = EDGE_CURVE ( 'NONE', #90, #2134, #430, .T. ) ;
#5162 = DIRECTION ( 'NONE',  ( -1.000000000000000000, 0.000000000000000000, 0.000000000000000000 ) ) ;
#5163 = MECHANICAL_DESIGN_GEOMETRIC_PRESENTATION_REPRESENTATION (  '', ( #3114 ), #5915 ) ;
#5164 = CARTESIAN_POINT ( 'NONE',  ( 0.000000000000000000, 42.00000000000000000, 20.88222947802272600 ) ) ;
#5165 = CARTESIAN_POINT ( 'NONE',  ( 0.000000000000000000, 28.63040106995923040, -10.40296325771195640 ) ) ;
#5166 = ORIENTED_EDGE ( 'NONE', *, *, #5777, .T. ) ;
#5167 = EDGE_LOOP ( 'NONE', ( #5967, #1736, #3751, #4089 ) ) ;
#5168 = EDGE_CURVE ( 'NONE', #3269, #2343, #1300, .T. ) ;
#5169 = VERTEX_POINT ( 'NONE', #389 ) ;
#5170 = LINE ( 'NONE', #3809, #1372 ) ;
#5171 = DIRECTION ( 'NONE',  ( -1.000000000000000000, 0.000000000000000000, -0.000000000000000000 ) ) ;
#5172 = ADVANCED_FACE ( 'NONE', ( #5010 ), #2802, .F. ) ;
#5173 = VECTOR ( 'NONE', #3869, 1000.000000000000000 ) ;
#5174 = DIRECTION ( 'NONE',  ( 0.000000000000000000, 0.000000000000000000, 1.000000000000000000 ) ) ;
#5175 = CARTESIAN_POINT ( 'NONE',  ( 1.600000000000000089, 12.39892143065896413, -22.08795657046060867 ) ) ;
#5176 = VECTOR ( 'NONE', #4219, 1000.000000000000000 ) ;
#5177 = ORIENTED_EDGE ( 'NONE', *, *, #1998, .F. ) ;
#5178 = VERTEX_POINT ( 'NONE', #3709 ) ;
#5179 = FACE_BOUND ( 'NONE', #3678, .T. ) ;
#5180 = VECTOR ( 'NONE', #1064, 1000.000000000000000 ) ;
#5181 = LINE ( 'NONE', #620, #1235 ) ;
#5182 = ORIENTED_EDGE ( 'NONE', *, *, #847, .T. ) ;
#5183 = CIRCLE ( 'NONE', #5364, 3.200000000000001510 ) ;
#5184 = ORIENTED_EDGE ( 'NONE', *, *, #813, .T. ) ;
#5185 = ORIENTED_EDGE ( 'NONE', *, *, #3200, .F. ) ;
#5186 = DIRECTION ( 'NONE',  ( 0.000000000000000000, -1.000000000000000000, -1.662905933390748385E-16 ) ) ;
#5187 = DIRECTION ( 'NONE',  ( 0.000000000000000000, 0.000000000000000000, -1.000000000000000000 ) ) ;
#5188 = CARTESIAN_POINT ( 'NONE',  ( 34.26858978976805759, -1.600000000000838529, 92.41172395019731312 ) ) ;
#5189 = CARTESIAN_POINT ( 'NONE',  ( 0.000000000000000000, 6.113077000000003203, 59.16172395019730601 ) ) ;
#5190 = CARTESIAN_POINT ( 'NONE',  ( 1.600000000000000089, 8.797244765207388184, 2.111723950197933686 ) ) ;
#5191 = LINE ( 'NONE', #173, #5882 ) ;
#5192 = CIRCLE ( 'NONE', #1984, 15.98032285408330999 ) ;
#5193 = PLANE ( 'NONE',  #1050 ) ;
#5194 = FACE_OUTER_BOUND ( 'NONE', #1184, .T. ) ;
#5195 = AXIS2_PLACEMENT_3D ( 'NONE', #4037, #539, #4546 ) ;
#5196 = VERTEX_POINT ( 'NONE', #5491 ) ;
#5197 = VERTEX_POINT ( 'NONE', #1394 ) ;
#5198 = VERTEX_POINT ( 'NONE', #1972 ) ;
#5199 = CARTESIAN_POINT ( 'NONE',  ( 1.600000000000000089, 32.46119753227376492, -37.73320069683507683 ) ) ;
#5200 = CARTESIAN_POINT ( 'NONE',  ( 0.000000000000000000, 32.79724476520733134, 2.111723950197329280 ) ) ;
#5201 = CARTESIAN_POINT ( 'NONE',  ( 34.26858978976805759, -1.600000000000004308, -2.168404344971014538E-16 ) ) ;
#5202 = EDGE_CURVE ( 'NONE', #4580, #5664, #2467, .T. ) ;
#5203 = DIRECTION ( 'NONE',  ( 0.000000000000000000, 0.000000000000000000, -1.000000000000000000 ) ) ;
#5204 = VERTEX_POINT ( 'NONE', #3316 ) ;
#5205 = ORIENTED_EDGE ( 'NONE', *, *, #3341, .T. ) ;
#5206 = CARTESIAN_POINT ( 'NONE',  ( 0.000000000000000000, 28.60077400848668105, -5.310202453848762438 ) ) ;
#5207 = CARTESIAN_POINT ( 'NONE',  ( 1.600000000000000089, 6.832769396141102902, 14.61501553409683041 ) ) ;
#5208 = EDGE_LOOP ( 'NONE', ( #3762, #213, #2580, #645 ) ) ;
#5209 = ADVANCED_FACE ( 'NONE', ( #3780 ), #4261, .F. ) ;
#5210 = EDGE_CURVE ( 'NONE', #5196, #731, #5192, .T. ) ;
#5211 = AXIS2_PLACEMENT_3D ( 'NONE', #4080, #3165, #1758 ) ;
#5212 = VERTEX_POINT ( 'NONE', #1426 ) ;
#5213 = ORIENTED_EDGE ( 'NONE', *, *, #5048, .F. ) ;
#5214 = CARTESIAN_POINT ( 'NONE',  ( 0.000000000000000000, 10.05340439226726623, 6.635650530222985566 ) ) ;
#5215 = DIRECTION ( 'NONE',  ( -1.000000000000000000, -0.000000000000000000, -0.000000000000000000 ) ) ;
#5216 = CARTESIAN_POINT ( 'NONE',  ( 1.600000000000000089, -12.06493957002905226, 82.75561197102098276 ) ) ;
#5217 = FACE_OUTER_BOUND ( 'NONE', #5922, .T. ) ;
#5218 = CARTESIAN_POINT ( 'NONE',  ( 0.000000000000000000, 30.22110162320747762, 65.81217696610642065 ) ) ;
#5219 = CARTESIAN_POINT ( 'NONE',  ( 0.000000000000000000, 36.99999999999959499, 35.01172395019732875 ) ) ;
#5220 = ORIENTED_EDGE ( 'NONE', *, *, #881, .F. ) ;
#5221 = AXIS2_PLACEMENT_3D ( 'NONE', #4222, #1830, #1801 ) ;
#5222 = FACE_OUTER_BOUND ( 'NONE', #2667, .T. ) ;
#5223 = CARTESIAN_POINT ( 'NONE',  ( 0.000000000000000000, 30.50000000000000000, 45.80000000000000426 ) ) ;
#5224 = PLANE ( 'NONE',  #4875 ) ;
#5225 = AXIS2_PLACEMENT_3D ( 'NONE', #1249, #3965, #5783 ) ;
#5226 = VERTEX_POINT ( 'NONE', #5200 ) ;
#5227 = AXIS2_PLACEMENT_3D ( 'NONE', #5733, #634, #1997 ) ;
#5228 = AXIS2_PLACEMENT_3D ( 'NONE', #5164, #5615, #3643 ) ;
#5229 = ORIENTED_EDGE ( 'NONE', *, *, #3389, .T. ) ;
#5230 = ORIENTED_EDGE ( 'NONE', *, *, #2299, .F. ) ;
#5231 = LINE ( 'NONE', #4321, #5180 ) ;
#5232 = DIRECTION ( 'NONE',  ( 0.000000000000000000, 0.000000000000000000, 1.000000000000000000 ) ) ;
#5233 = CARTESIAN_POINT ( 'NONE',  ( 0.000000000000000000, 20.88392920340826109, 90.38593571455918152 ) ) ;
#5234 = CARTESIAN_POINT ( 'NONE',  ( 0.000000000000000000, 3.588077000000009953, 62.03672395019731312 ) ) ;
#5235 = ADVANCED_FACE ( 'NONE', ( #551 ), #2408, .F. ) ;
#5236 = ORIENTED_EDGE ( 'NONE', *, *, #4815, .F. ) ;
#5237 = ORIENTED_EDGE ( 'NONE', *, *, #2344, .T. ) ;
#5238 = DIRECTION ( 'NONE',  ( 0.000000000000000000, 0.000000000000000000, 1.000000000000000000 ) ) ;
#5239 = CARTESIAN_POINT ( 'NONE',  ( 0.000000000000000000, 6.088077000000001959, 61.53672395019732733 ) ) ;
#5240 = ORIENTED_EDGE ( 'NONE', *, *, #2347, .T. ) ;
#5241 = ORIENTED_EDGE ( 'NONE', *, *, #1282, .T. ) ;
#5242 = ORIENTED_EDGE ( 'NONE', *, *, #1175, .T. ) ;
#5243 = FACE_OUTER_BOUND ( 'NONE', #741, .T. ) ;
#5244 = EDGE_CURVE ( 'NONE', #742, #1489, #5852, .T. ) ;
#5245 = CARTESIAN_POINT ( 'NONE',  ( 1.600000000000000089, 6.088077000000001959, 62.03672395019731312 ) ) ;
#5246 = CARTESIAN_POINT ( 'NONE',  ( 1.600000000000000089, 31.54108513814858483, 24.58779737017171385 ) ) ;
#5247 = EDGE_CURVE ( 'NONE', #4962, #5267, #87, .T. ) ;
#5248 = DIRECTION ( 'NONE',  ( 0.000000000000000000, 0.000000000000000000, -1.000000000000000000 ) ) ;
#5249 = CARTESIAN_POINT ( 'NONE',  ( 0.000000000000000000, 11.57110162320748437, 77.44384054086496860 ) ) ;
#5250 = DIRECTION ( 'NONE',  ( 0.000000000000000000, 0.9821293082772780680, -0.1882073904574295686 ) ) ;
#5251 = DIRECTION ( 'NONE',  ( 0.000000000000000000, -0.9961946980917452121, 0.08715574274766259288 ) ) ;
#5252 = LINE ( 'NONE', #1143, #3232 ) ;
#5253 = LINE ( 'NONE', #4801, #4189 ) ;
#5254 = ORIENTED_EDGE ( 'NONE', *, *, #489, .F. ) ;
#5255 = DIRECTION ( 'NONE',  ( -1.000000000000000000, -0.000000000000000000, -0.000000000000000000 ) ) ;
#5256 = DIRECTION ( 'NONE',  ( 0.000000000000000000, -8.684297516722817175E-16, -1.000000000000000000 ) ) ;
#5257 = FACE_OUTER_BOUND ( 'NONE', #973, .T. ) ;
#5258 = EDGE_CURVE ( 'NONE', #1437, #1076, #5289, .T. ) ;
#5259 = CLOSED_SHELL ( 'NONE', ( #3005, #2954, #968, #4051, #5405, #1834, #644, #4755, #5651, #4382, #2180, #5160, #5342, #5083, #5934, #3991, #211, #451, #4688, #5950, #598, #1495, #5730, #5814, #4049, #2953, #3452, #227, #3429, #5957, #2503, #4351, #5209, #142, #3238, #1726, #1607, #1259, #1884, #2524, #3831, #1683, #1814, #3805, #2713, #5525, #2749, #2986, #4017, #4132, #2700, #3147, #930, #296, #5790, #657, #4920, #4567, #4865, #3771, #4165, #3605, #759, #673, #5720, #2530, #212, #392, #5050, #2565, #1866, #2009, #3719, #4005, #2169, #4392, #385, #2182, #840, #4764, #5899, #2878, #892, #4675, #1297, #2321, #3405, #4519, #4016, #567, #2489, #185, #5609, #4490, #161, #1260, #4592, #3997, #2911, #2622, #3896, #3741, #4868, #1557, #4869, #4211, #2978, #2555, #2799, #20, #263, #2074, #1336, #2451, #960, #5150, #641, #2857, #428, #2835, #3375, #5787, #2224, #5095, #1409, #3190, #1856, #1722, #3629, #479, #5349, #3299, #1600, #5039, #4030, #5172, #1040, #5756, #79, #3548, #1536, #1251, #1261, #5332, #2124, #318, #4091, #5873, #782, #4452, #4649, #3351, #5590, #2147, #1146, #4353, #3821, #1276, #660, #2614, #566, #5235, #2663, #4838, #5136, #6012, #2263, #3533, #1810, #1933, #1976, #4689, #929, #2532 ) ) ;
#5260 = VERTEX_POINT ( 'NONE', #521 ) ;
#5261 = VERTEX_POINT ( 'NONE', #4322 ) ;
#5262 = CARTESIAN_POINT ( 'NONE',  ( 0.000000000000000000, 29.72527329571467547, 35.01172395019732875 ) ) ;
#5263 = EDGE_CURVE ( 'NONE', #3984, #2501, #5671, .T. ) ;
#5264 = DIRECTION ( 'NONE',  ( -0.000000000000000000, 1.000000000000000000, -0.000000000000000000 ) ) ;
#5265 = AXIS2_PLACEMENT_3D ( 'NONE', #5995, #3732, #5539 ) ;
#5266 = VERTEX_POINT ( 'NONE', #118 ) ;
#5267 = VERTEX_POINT ( 'NONE', #579 ) ;
#5268 = ORIENTED_EDGE ( 'NONE', *, *, #2584, .T. ) ;
#5269 = LINE ( 'NONE', #3451, #4877 ) ;
#5270 = CARTESIAN_POINT ( 'NONE',  ( 0.000000000000000000, 11.57110162320748081, 57.44384054086498281 ) ) ;
#5271 = DIRECTION ( 'NONE',  ( 0.000000000000000000, -1.000000000000000000, -3.410856382543251499E-15 ) ) ;
#5272 = AXIS2_PLACEMENT_3D ( 'NONE', #826, #1760, #5468 ) ;
#5273 = CARTESIAN_POINT ( 'NONE',  ( 1.600000000000000089, 24.18438090784331962, -49.14058743714129207 ) ) ;
#5274 = DIRECTION ( 'NONE',  ( 0.000000000000000000, 0.000000000000000000, -1.000000000000000000 ) ) ;
#5275 = CIRCLE ( 'NONE', #3620, 13.99999999999999822 ) ;
#5276 = EDGE_CURVE ( 'NONE', #3250, #324, #2379, .T. ) ;
#5277 = VECTOR ( 'NONE', #3346, 1000.000000000000114 ) ;
#5278 = EDGE_LOOP ( 'NONE', ( #2633, #2103, #3131, #3837 ) ) ;
#5279 = VECTOR ( 'NONE', #918, 1000.000000000000000 ) ;
#5280 = CIRCLE ( 'NONE', #4220, 2.250000000000001776 ) ;
#5281 = DIRECTION ( 'NONE',  ( 1.000000000000000000, -0.000000000000000000, -0.000000000000000000 ) ) ;
#5282 = CARTESIAN_POINT ( 'NONE',  ( 1.600000000000000089, 26.54685933454979008, -44.30477931530257507 ) ) ;
#5283 = FACE_OUTER_BOUND ( 'NONE', #4257, .T. ) ;
#5284 = EDGE_CURVE ( 'NONE', #4552, #4294, #4805, .T. ) ;
#5285 = EDGE_CURVE ( 'NONE', #4406, #756, #5681, .T. ) ;
#5286 = VERTEX_POINT ( 'NONE', #3378 ) ;
#5287 = CARTESIAN_POINT ( 'NONE',  ( 0.000000000000000000, 43.60000000000000853, 0.000000000000000000 ) ) ;
#5288 = CARTESIAN_POINT ( 'NONE',  ( 1.600000000000000089, 3.588077000000001959, 70.78672395019731312 ) ) ;
#5289 = CIRCLE ( 'NONE', #4123, 3.200000000000003286 ) ;
#5290 = CARTESIAN_POINT ( 'NONE',  ( 0.000000000000000000, -1.600000000000209699, -2.168404344971292858E-16 ) ) ;
#5291 = VERTEX_POINT ( 'NONE', #4715 ) ;
#5292 = AXIS2_PLACEMENT_3D ( 'NONE', #5353, #3048, #4902 ) ;
#5293 = ORIENTED_EDGE ( 'NONE', *, *, #4075, .F. ) ;
#5294 = CARTESIAN_POINT ( 'NONE',  ( 1.600000000000000089, 6.088077000000001959, 61.53672395019732733 ) ) ;
#5295 = AXIS2_PLACEMENT_3D ( 'NONE', #3816, #1533, #2475 ) ;
#5296 = DIRECTION ( 'NONE',  ( 0.000000000000000000, 0.000000000000000000, -1.000000000000000000 ) ) ;
#5297 = VERTEX_POINT ( 'NONE', #4230 ) ;
#5298 = AXIS2_PLACEMENT_3D ( 'NONE', #5658, #3851, #5689 ) ;
#5299 = ORIENTED_EDGE ( 'NONE', *, *, #2111, .F. ) ;
#5300 = DIRECTION ( 'NONE',  ( 1.000000000000000000, -0.000000000000000000, -0.000000000000000000 ) ) ;
#5301 = DIRECTION ( 'NONE',  ( 0.000000000000000000, 0.000000000000000000, -1.000000000000000000 ) ) ;
#5302 = FACE_OUTER_BOUND ( 'NONE', #1027, .T. ) ;
#5303 = FACE_OUTER_BOUND ( 'NONE', #3692, .T. ) ;
#5304 = PLANE ( 'NONE',  #2514 ) ;
#5305 = VERTEX_POINT ( 'NONE', #2925 ) ;
#5306 = VECTOR ( 'NONE', #1510, 1000.000000000000000 ) ;
#5307 = DIRECTION ( 'NONE',  ( 0.000000000000000000, -0.7071067811865471286, 0.7071067811865479058 ) ) ;
#5308 = DIRECTION ( 'NONE',  ( -1.000000000000000000, -0.000000000000000000, -0.000000000000000000 ) ) ;
#5309 = LINE ( 'NONE', #575, #3818 ) ;
#5310 = ORIENTED_EDGE ( 'NONE', *, *, #3177, .T. ) ;
#5311 = LINE ( 'NONE', #5287, #2753 ) ;
#5312 = DIRECTION ( 'NONE',  ( 1.000000000000000000, 0.000000000000000000, 0.000000000000000000 ) ) ;
#5313 = EDGE_CURVE ( 'NONE', #5807, #4572, #2170, .T. ) ;
#5314 = EDGE_CURVE ( 'NONE', #416, #53, #2666, .T. ) ;
#5316 = EDGE_CURVE ( 'NONE', #1521, #981, #1092, .T. ) ;
#5315 = DIRECTION ( 'NONE',  ( 1.000000000000000000, 0.000000000000000000, 0.000000000000000000 ) ) ;
#5317 = ORIENTED_EDGE ( 'NONE', *, *, #264, .F. ) ;
#5318 = ORIENTED_EDGE ( 'NONE', *, *, #60, .T. ) ;
#5319 = DIRECTION ( 'NONE',  ( 0.000000000000000000, -1.662905933390748385E-16, 1.000000000000000000 ) ) ;
#5320 = DIRECTION ( 'NONE',  ( 0.000000000000000000, -1.000000000000000000, -1.355252715606880543E-16 ) ) ;
#5321 = ORIENTED_EDGE ( 'NONE', *, *, #3319, .T. ) ;
#5322 = ORIENTED_EDGE ( 'NONE', *, *, #5575, .F. ) ;
#5323 = CARTESIAN_POINT ( 'NONE',  ( 1.600000000000000089, 7.363667343290376088, -38.58827604980267978 ) ) ;
#5324 = DIRECTION ( 'NONE',  ( 1.000000000000000000, -0.000000000000000000, -0.000000000000000000 ) ) ;
#5325 = LINE ( 'NONE', #2422, #4604 ) ;
#5326 = CARTESIAN_POINT ( 'NONE',  ( 1.600000000000000089, 41.99999999999999289, 23.13222947802272245 ) ) ;
#5327 = CARTESIAN_POINT ( 'NONE',  ( 1.600000000000000089, 36.00000000000001421, -36.08827604980267978 ) ) ;
#5328 = ORIENTED_EDGE ( 'NONE', *, *, #407, .T. ) ;
#5329 = EDGE_CURVE ( 'NONE', #2521, #5374, #2032, .T. ) ;
#5330 = VERTEX_POINT ( 'NONE', #5140 ) ;
#5331 = CARTESIAN_POINT ( 'NONE',  ( 0.000000000000000000, 0.000000000000000000, -24.69334415737179711 ) ) ;
#5332 = ADVANCED_FACE ( 'NONE', ( #5621 ), #1459, .F. ) ;
#5333 = EDGE_CURVE ( 'NONE', #1252, #4304, #5793, .T. ) ;
#5334 = CARTESIAN_POINT ( 'NONE',  ( 1.600000000000000089, 13.00107538538017415, 3.983321523335933367 ) ) ;
#5335 = LINE ( 'NONE', #1170, #1483 ) ;
#5336 = EDGE_LOOP ( 'NONE', ( #920, #2313, #2240, #1063 ) ) ;
#5337 = VECTOR ( 'NONE', #3039, 1000.000000000000000 ) ;
#5338 = DIRECTION ( 'NONE',  ( 0.000000000000000000, 0.000000000000000000, -1.000000000000000000 ) ) ;
#5339 = DIRECTION ( 'NONE',  ( 1.000000000000000000, -0.000000000000000000, -0.000000000000000000 ) ) ;
#5340 = CARTESIAN_POINT ( 'NONE',  ( 0.000000000000000000, 19.72379790611723394, 29.57051013814032814 ) ) ;
#5341 = VECTOR ( 'NONE', #5453, 1000.000000000000114 ) ;
#5342 = ADVANCED_FACE ( 'NONE', ( #751 ), #268, .F. ) ;
#5343 = ORIENTED_EDGE ( 'NONE', *, *, #711, .T. ) ;
#5344 = EDGE_CURVE ( 'NONE', #3269, #4743, #4946, .T. ) ;
#5345 = ORIENTED_EDGE ( 'NONE', *, *, #5777, .F. ) ;
#5346 = PLANE ( 'NONE',  #4334 ) ;
#5347 = CARTESIAN_POINT ( 'NONE',  ( 0.000000000000000000, -0.000000000000000000, 35.30665584262819578 ) ) ;
#5348 = ORIENTED_EDGE ( 'NONE', *, *, #2516, .T. ) ;
#5349 = ADVANCED_FACE ( 'NONE', ( #3490 ), #2582, .T. ) ;
#5350 = ORIENTED_EDGE ( 'NONE', *, *, #1899, .T. ) ;
#5351 = CARTESIAN_POINT ( 'NONE',  ( 1.600000000000000089, 21.56647773738793816, 35.01172395019732875 ) ) ;
#5352 = CARTESIAN_POINT ( 'NONE',  ( 0.000000000000000000, 32.36959893003879785, -15.59703674228803827 ) ) ;
#5353 = CARTESIAN_POINT ( 'NONE',  ( 1.600000000000000089, 36.00000000000000000, 87.48921303800383953 ) ) ;
#5354 = DIRECTION ( 'NONE',  ( 1.000000000000000000, -0.000000000000000000, 0.000000000000000000 ) ) ;
#5355 = VECTOR ( 'NONE', #3332, 1000.000000000000000 ) ;
#5356 = CIRCLE ( 'NONE', #3714, 2.250000000000001776 ) ;
#5357 = DIRECTION ( 'NONE',  ( 0.000000000000000000, -0.8115739819650137354, -0.5842496656374323027 ) ) ;
#5358 = VERTEX_POINT ( 'NONE', #2610 ) ;
#5359 = ORIENTED_EDGE ( 'NONE', *, *, #5857, .F. ) ;
#5360 = VERTEX_POINT ( 'NONE', #4430 ) ;
#5361 = CARTESIAN_POINT ( 'NONE',  ( 0.000000000000000000, 28.60077400848668105, -5.310202453848762438 ) ) ;
#5362 = EDGE_CURVE ( 'NONE', #1029, #90, #2552, .T. ) ;
#5363 = DIRECTION ( 'NONE',  ( -0.000000000000000000, -1.355252715606880543E-16, 1.000000000000000000 ) ) ;
#5364 = AXIS2_PLACEMENT_3D ( 'NONE', #4479, #5901, #3090 ) ;
#5365 = CARTESIAN_POINT ( 'NONE',  ( 0.000000000000000000, 12.12889837679251492, 83.81948660865212730 ) ) ;
#5366 = LINE ( 'NONE', #289, #560 ) ;
#5367 = VECTOR ( 'NONE', #2378, 1000.000000000000000 ) ;
#5368 = VECTOR ( 'NONE', #5622, 1000.000000000000000 ) ;
#5369 = ORIENTED_EDGE ( 'NONE', *, *, #1428, .T. ) ;
#5370 = DIRECTION ( 'NONE',  ( -1.000000000000000000, -0.000000000000000000, -0.000000000000000000 ) ) ;
#5371 = DIRECTION ( 'NONE',  ( -1.000000000000000000, 0.000000000000000000, 0.000000000000000000 ) ) ;
#5372 = CARTESIAN_POINT ( 'NONE',  ( 1.599999999999997202, -1.600000000000826095, -2.168404344972129790E-16 ) ) ;
#5373 = EDGE_LOOP ( 'NONE', ( #3854, #5318, #1668, #3726 ) ) ;
#5374 = VERTEX_POINT ( 'NONE', #3551 ) ;
#5375 = AXIS2_PLACEMENT_3D ( 'NONE', #4291, #1525, #5256 ) ;
#5376 = LINE ( 'NONE', #3444, #5683 ) ;
#5377 = EDGE_CURVE ( 'NONE', #3693, #4078, #4404, .T. ) ;
#5378 = ORIENTED_EDGE ( 'NONE', *, *, #4742, .F. ) ;
#5379 = VECTOR ( 'NONE', #4848, 1000.000000000000000 ) ;
#5380 = ORIENTED_EDGE ( 'NONE', *, *, #5014, .T. ) ;
#5381 = LINE ( 'NONE', #791, #4104 ) ;
#5382 = CYLINDRICAL_SURFACE ( 'NONE', #2989, 15.98032285408330999 ) ;
#5383 = FACE_BOUND ( 'NONE', #5749, .T. ) ;
#5384 = MECHANICAL_DESIGN_GEOMETRIC_PRESENTATION_REPRESENTATION (  '', ( #3259 ), #5001 ) ;
#5385 = CARTESIAN_POINT ( 'NONE',  ( 1.599999999999997202, -1.600000000000004308, -2.168404344971014538E-16 ) ) ;
#5386 = EDGE_CURVE ( 'NONE', #1782, #5825, #1234, .T. ) ;
#5387 = EDGE_CURVE ( 'NONE', #3162, #3686, #1611, .T. ) ;
#5388 = LINE ( 'NONE', #2160, #1812 ) ;
#5389 = VECTOR ( 'NONE', #4811, 1000.000000000000000 ) ;
#5390 = VERTEX_POINT ( 'NONE', #239 ) ;
#5391 = VERTEX_POINT ( 'NONE', #1125 ) ;
#5392 = VERTEX_POINT ( 'NONE', #4485 ) ;
#5393 = CARTESIAN_POINT ( 'NONE',  ( 0.000000000000000000, 41.99999999999999289, 27.30665584262819578 ) ) ;
#5394 = CARTESIAN_POINT ( 'NONE',  ( 0.000000000000000000, 12.12889837679252025, 63.81948660865214862 ) ) ;
#5395 = DIRECTION ( 'NONE',  ( 0.000000000000000000, -4.336808689942016158E-15, 1.000000000000000000 ) ) ;
#5396 = CARTESIAN_POINT ( 'NONE',  ( 0.000000000000000000, 0.000000000000000000, 27.30665584262819578 ) ) ;
#5397 = VERTEX_POINT ( 'NONE', #4889 ) ;
#5398 = CARTESIAN_POINT ( 'NONE',  ( 1.600000000000000089, -1.375552780360354221, 0.2635999119934579471 ) ) ;
#5399 = CARTESIAN_POINT ( 'NONE',  ( 0.000000000000000000, 21.56647773738793816, 35.01172395019732875 ) ) ;
#5400 = CARTESIAN_POINT ( 'NONE',  ( 1.600000000000000089, 26.30188687946534287, 28.48413301742105830 ) ) ;
#5401 = VERTEX_POINT ( 'NONE', #2087 ) ;
#5402 = ORIENTED_EDGE ( 'NONE', *, *, #1974, .F. ) ;
#5403 = EDGE_CURVE ( 'NONE', #5661, #5261, #2636, .T. ) ;
#5404 = DIRECTION ( 'NONE',  ( 1.000000000000000000, 0.000000000000000000, 0.000000000000000000 ) ) ;
#5405 = ADVANCED_FACE ( 'NONE', ( #1205 ), #2984, .F. ) ;
#5406 = EDGE_LOOP ( 'NONE', ( #5177, #255, #266, #4001 ) ) ;
#5407 = VECTOR ( 'NONE', #5363, 1000.000000000000000 ) ;
#5408 = VERTEX_POINT ( 'NONE', #293 ) ;
#5409 = AXIS2_PLACEMENT_3D ( 'NONE', #5121, #2290, #3633 ) ;
#5410 = DIRECTION ( 'NONE',  ( 0.000000000000000000, 0.000000000000000000, 1.000000000000000000 ) ) ;
#5411 = CARTESIAN_POINT ( 'NONE',  ( 0.000000000000000000, 20.79724476520794241, 15.61172395019732839 ) ) ;
#5412 = FACE_BOUND ( 'NONE', #621, .T. ) ;
#5413 = LINE ( 'NONE', #5326, #1484 ) ;
#5414 = CARTESIAN_POINT ( 'NONE',  ( 0.000000000000000000, 10.05340439226726623, 6.635650530222985566 ) ) ;
#5415 = EDGE_LOOP ( 'NONE', ( #2015, #716, #5815, #3596 ) ) ;
#5416 = EDGE_CURVE ( 'NONE', #5692, #3361, #2141, .T. ) ;
#5417 = ORIENTED_EDGE ( 'NONE', *, *, #5074, .F. ) ;
#5418 = ORIENTED_EDGE ( 'NONE', *, *, #5878, .T. ) ;
#5419 = DIRECTION ( 'NONE',  ( 1.000000000000000000, -0.000000000000000000, -0.000000000000000000 ) ) ;
#5420 = EDGE_CURVE ( 'NONE', #4141, #1609, #5740, .T. ) ;
#5421 = CARTESIAN_POINT ( 'NONE',  ( 34.26858978976805759, 43.59999999999958931, 35.30665584262819578 ) ) ;
#5422 = DIRECTION ( 'NONE',  ( -1.000000000000000000, -0.000000000000000000, -0.000000000000000000 ) ) ;
#5423 = CARTESIAN_POINT ( 'NONE',  ( 34.26858978976805759, 43.59999999999958931, 0.000000000000000000 ) ) ;
#5424 = VERTEX_POINT ( 'NONE', #669 ) ;
#5425 = DIRECTION ( 'NONE',  ( 0.000000000000000000, 0.000000000000000000, -1.000000000000000000 ) ) ;
#5426 = CARTESIAN_POINT ( 'NONE',  ( 1.600000000000000089, 32.79724476520794241, 40.83672395019733159 ) ) ;
#5427 = CARTESIAN_POINT ( 'NONE',  ( 1.600000000000000089, 0.000000000000000000, 0.000000000000000000 ) ) ;
#5428 = VECTOR ( 'NONE', #16, 1000.000000000000000 ) ;
#5429 = ORIENTED_EDGE ( 'NONE', *, *, #3684, .F. ) ;
#5430 = ORIENTED_EDGE ( 'NONE', *, *, #2248, .T. ) ;
#5431 = CARTESIAN_POINT ( 'NONE',  ( 0.000000000000000000, 30.50000000000000000, 59.00000000000000000 ) ) ;
#5432 = EDGE_CURVE ( 'NONE', #1735, #1924, #4858, .T. ) ;
#5433 = CIRCLE ( 'NONE', #106, 18.89112077116034172 ) ;
#5434 = VERTEX_POINT ( 'NONE', #5766 ) ;
#5435 = ORIENTED_EDGE ( 'NONE', *, *, #2079, .T. ) ;
#5436 = DIRECTION ( 'NONE',  ( -1.000000000000000000, 0.000000000000000000, 0.000000000000000000 ) ) ;
#5437 = EDGE_CURVE ( 'NONE', #71, #1832, #2078, .T. ) ;
#5438 = CARTESIAN_POINT ( 'NONE',  ( 34.26858978976805759, 0.000000000000000000, 84.41172395019731312 ) ) ;
#5439 = CARTESIAN_POINT ( 'NONE',  ( 0.000000000000000000, 11.84999999999999964, 50.63166357475856927 ) ) ;
#5440 = CARTESIAN_POINT ( 'NONE',  ( 0.000000000000000000, 28.25022420910421772, -4.223258064669741074 ) ) ;
#5441 = DIRECTION ( 'NONE',  ( -1.000000000000000000, 0.000000000000000000, 0.000000000000000000 ) ) ;
#5442 = ORIENTED_EDGE ( 'NONE', *, *, #4942, .F. ) ;
#5443 = CIRCLE ( 'NONE', #510, 0.4999999999999935052 ) ;
#5444 = ORIENTED_EDGE ( 'NONE', *, *, #2375, .F. ) ;
#5445 = VERTEX_POINT ( 'NONE', #3011 ) ;
#5446 = DIRECTION ( 'NONE',  ( 0.000000000000000000, 0.7071067811865476838, 0.7071067811865474617 ) ) ;
#5447 = AXIS2_PLACEMENT_3D ( 'NONE', #4929, #5436, #5410 ) ;
#5448 = LINE ( 'NONE', #233, #2512 ) ;
#5449 = EDGE_CURVE ( 'NONE', #1410, #1076, #3950, .T. ) ;
#5450 = CARTESIAN_POINT ( 'NONE',  ( 1.600000000000000089, 41.99999999999999289, 39.68222947802273382 ) ) ;
#5451 = CARTESIAN_POINT ( 'NONE',  ( 0.000000000000000000, 29.72527329571467547, 35.01172395019732875 ) ) ;
#5452 = ORIENTED_EDGE ( 'NONE', *, *, #3002, .F. ) ;
#5453 = DIRECTION ( 'NONE',  ( 0.000000000000000000, 0.1882073904574311229, 0.9821293082772777350 ) ) ;
#5454 = LINE ( 'NONE', #1445, #2274 ) ;
#5455 = DIRECTION ( 'NONE',  ( 0.000000000000000000, 0.000000000000000000, 1.000000000000000000 ) ) ;
#5456 = EDGE_CURVE ( 'NONE', #1343, #3053, #1718, .T. ) ;
#5457 = EDGE_CURVE ( 'NONE', #3820, #4922, #236, .T. ) ;
#5458 = AXIS2_PLACEMENT_3D ( 'NONE', #5124, #1863, #4252 ) ;
#5459 = ORIENTED_EDGE ( 'NONE', *, *, #586, .T. ) ;
#5460 = VERTEX_POINT ( 'NONE', #1746 ) ;
#5461 = DIRECTION ( 'NONE',  ( 1.000000000000000000, 0.000000000000000000, -0.000000000000000000 ) ) ;
#5462 = DIRECTION ( 'NONE',  ( -1.000000000000000000, 0.000000000000000000, 0.000000000000000000 ) ) ;
#5463 = ORIENTED_EDGE ( 'NONE', *, *, #5878, .F. ) ;
#5464 = ORIENTED_EDGE ( 'NONE', *, *, #5202, .T. ) ;
#5465 = CARTESIAN_POINT ( 'NONE',  ( 0.000000000000000000, 12.12889837679252025, 63.81948660865213441 ) ) ;
#5466 = DIRECTION ( 'NONE',  ( -1.000000000000000000, 0.000000000000000000, -0.000000000000000000 ) ) ;
#5467 = DIRECTION ( 'NONE',  ( 0.000000000000000000, -0.9821293082772760696, 0.1882073904574400047 ) ) ;
#5468 = DIRECTION ( 'NONE',  ( -1.000000000000000000, 0.000000000000000000, -0.000000000000000000 ) ) ;
#5469 = VECTOR ( 'NONE', #2834, 1000.000000000000000 ) ;
#5470 = DIRECTION ( 'NONE',  ( 0.000000000000000000, 0.000000000000000000, -1.000000000000000000 ) ) ;
#5471 = VERTEX_POINT ( 'NONE', #4517 ) ;
#5472 = EDGE_LOOP ( 'NONE', ( #3627, #535, #346, #5037 ) ) ;
#5473 = ORIENTED_EDGE ( 'NONE', *, *, #1974, .T. ) ;
#5474 = VECTOR ( 'NONE', #2266, 1000.000000000000000 ) ;
#5475 = CARTESIAN_POINT ( 'NONE',  ( 1.600000000000000089, 36.00000000000000000, 87.48921303800383953 ) ) ;
#5476 = CYLINDRICAL_SURFACE ( 'NONE', #2205, 1.499999999999997780 ) ;
#5477 = CYLINDRICAL_SURFACE ( 'NONE', #308, 3.199999999999994404 ) ;
#5478 = PLANE ( 'NONE',  #128 ) ;
#5479 = LINE ( 'NONE', #5396, #786 ) ;
#5480 = AXIS2_PLACEMENT_3D ( 'NONE', #5018, #1433, #3296 ) ;
#5481 = EDGE_CURVE ( 'NONE', #982, #5518, #868, .T. ) ;
#5482 = ORIENTED_EDGE ( 'NONE', *, *, #5979, .T. ) ;
#5483 = CARTESIAN_POINT ( 'NONE',  ( 34.26858978976805759, -1.016890581921126903E-16, 92.41172395019732733 ) ) ;
#5484 = DIRECTION ( 'NONE',  ( -1.000000000000000000, -0.000000000000000000, -0.000000000000000000 ) ) ;
#5485 = CARTESIAN_POINT ( 'NONE',  ( 1.599999999999997202, 44.45530344387528032, 87.48921303800383953 ) ) ;
#5486 = CARTESIAN_POINT ( 'NONE',  ( 1.600000000000000089, 36.00000000000000000, 87.48921303800383953 ) ) ;
#5487 = VERTEX_POINT ( 'NONE', #3121 ) ;
#5488 = ORIENTED_EDGE ( 'NONE', *, *, #2927, .F. ) ;
#5489 = EDGE_CURVE ( 'NONE', #5559, #394, #43, .T. ) ;
#5490 = EDGE_LOOP ( 'NONE', ( #395, #5935, #2766, #2477 ) ) ;
#5491 = CARTESIAN_POINT ( 'NONE',  ( 0.000000000000000000, 27.26595800258174052, -49.47062371036176387 ) ) ;
#5492 = EDGE_CURVE ( 'NONE', #3992, #3162, #5635, .T. ) ;
#5493 = CARTESIAN_POINT ( 'NONE',  ( 0.000000000000000000, 26.54685933454979008, -44.30477931530257507 ) ) ;
#5494 = ORIENTED_EDGE ( 'NONE', *, *, #4957, .T. ) ;
#5495 = ORIENTED_EDGE ( 'NONE', *, *, #5403, .F. ) ;
#5496 = CARTESIAN_POINT ( 'NONE',  ( 1.600000000000000089, 21.56647773738793816, 35.01172395019732875 ) ) ;
#5497 = AXIS2_PLACEMENT_3D ( 'NONE', #2665, #2168, #4940 ) ;
#5498 = DIRECTION ( 'NONE',  ( 0.000000000000000000, 0.5842496656374325248, -0.8115739819650136244 ) ) ;
#5499 = FACE_OUTER_BOUND ( 'NONE', #2937, .T. ) ;
#5500 = CYLINDRICAL_SURFACE ( 'NONE', #4790, 3.199999999999994404 ) ;
#5501 = VECTOR ( 'NONE', #2188, 1000.000000000000000 ) ;
#5502 = DIRECTION ( 'NONE',  ( 0.000000000000000000, -0.08715574274766259288, -0.9961946980917452121 ) ) ;
#5503 = AXIS2_PLACEMENT_3D ( 'NONE', #2576, #260, #1348 ) ;
#5504 = EDGE_LOOP ( 'NONE', ( #3577, #5583 ) ) ;
#5505 = VECTOR ( 'NONE', #505, 1000.000000000000000 ) ;
#5506 = EDGE_LOOP ( 'NONE', ( #4237, #2542, #1857, #4180 ) ) ;
#5507 = ORIENTED_EDGE ( 'NONE', *, *, #5933, .F. ) ;
#5508 = DIRECTION ( 'NONE',  ( 0.000000000000000000, 1.000000000000000000, 8.673617379884032317E-15 ) ) ;
#5509 = CARTESIAN_POINT ( 'NONE',  ( 1.600000000000000089, 1.133367108266477216E-15, 44.18222947802272671 ) ) ;
#5510 = FACE_OUTER_BOUND ( 'NONE', #4467, .T. ) ;
#5511 = DIRECTION ( 'NONE',  ( 0.000000000000000000, -2.565210315677348556E-17, -1.000000000000000000 ) ) ;
#5512 = EDGE_CURVE ( 'NONE', #5149, #4120, #4574, .T. ) ;
#5513 = ORIENTED_EDGE ( 'NONE', *, *, #615, .T. ) ;
#5514 = DIRECTION ( 'NONE',  ( -1.000000000000000000, -0.000000000000000000, -0.000000000000000000 ) ) ;
#5515 = EDGE_CURVE ( 'NONE', #2211, #4606, #355, .T. ) ;
#5516 = DIRECTION ( 'NONE',  ( 0.000000000000000000, 0.000000000000000000, -1.000000000000000000 ) ) ;
#5517 = CARTESIAN_POINT ( 'NONE',  ( 1.600000000000000089, 10.05340439226726623, 6.635650530222985566 ) ) ;
#5518 = VERTEX_POINT ( 'NONE', #5426 ) ;
#5519 = ORIENTED_EDGE ( 'NONE', *, *, #2262, .F. ) ;
#5520 = ORIENTED_EDGE ( 'NONE', *, *, #256, .F. ) ;
#5521 = DIRECTION ( 'NONE',  ( 0.000000000000000000, 0.000000000000000000, -1.000000000000000000 ) ) ;
#5522 = CARTESIAN_POINT ( 'NONE',  ( 0.000000000000000000, 22.80517598100526300, 94.66652958214557145 ) ) ;
#5523 = EDGE_CURVE ( 'NONE', #3673, #1073, #2485, .T. ) ;
#5524 = ORIENTED_EDGE ( 'NONE', *, *, #3707, .T. ) ;
#5525 = ADVANCED_FACE ( 'NONE', ( #3181 ), #1477, .F. ) ;
#5526 = ORIENTED_EDGE ( 'NONE', *, *, #4711, .T. ) ;
#5527 = EDGE_LOOP ( 'NONE', ( #231, #942 ) ) ;
#5528 = DIRECTION ( 'NONE',  ( 0.000000000000000000, -0.08715574274766185736, -0.9961946980917453232 ) ) ;
#5529 = CARTESIAN_POINT ( 'NONE',  ( 1.600000000000000089, 33.66965383243163501, 21.11636606445481235 ) ) ;
#5530 = VECTOR ( 'NONE', #1870, 1000.000000000000000 ) ;
#5531 = CARTESIAN_POINT ( 'NONE',  ( 34.26858978976805759, 43.60000000000000853, -32.69334415737180422 ) ) ;
#5532 = CARTESIAN_POINT ( 'NONE',  ( 0.000000000000000000, 36.99999999999959499, 35.01172395019732875 ) ) ;
#5533 = ORIENTED_EDGE ( 'NONE', *, *, #4190, .F. ) ;
#5534 = EDGE_CURVE ( 'NONE', #5743, #4204, #810, .T. ) ;
#5535 = ORIENTED_EDGE ( 'NONE', *, *, #5437, .T. ) ;
#5536 = VERTEX_POINT ( 'NONE', #2727 ) ;
#5537 = DIRECTION ( 'NONE',  ( 0.000000000000000000, -0.8115739819650137354, -0.5842496656374323027 ) ) ;
#5538 = DIRECTION ( 'NONE',  ( -0.000000000000000000, 0.1410747486326861810, 0.9899989471197555568 ) ) ;
#5539 = DIRECTION ( 'NONE',  ( 0.000000000000000000, -0.6560141633023962582, 0.7547485790292400853 ) ) ;
#5540 = FACE_OUTER_BOUND ( 'NONE', #1171, .T. ) ;
#5541 = PLANE ( 'NONE',  #4258 ) ;
#5542 = CIRCLE ( 'NONE', #5076, 2.250000000000001776 ) ;
#5543 = EDGE_CURVE ( 'NONE', #4271, #259, #5454, .T. ) ;
#5544 = ORIENTED_EDGE ( 'NONE', *, *, #2375, .T. ) ;
#5545 = PLANE ( 'NONE',  #3902 ) ;
#5546 = DIRECTION ( 'NONE',  ( 1.000000000000000000, -0.000000000000000000, -0.000000000000000000 ) ) ;
#5547 = DIRECTION ( 'NONE',  ( 1.000000000000000000, -0.000000000000000000, -0.000000000000000000 ) ) ;
#5548 = AXIS2_PLACEMENT_3D ( 'NONE', #1248, #3564, #4904 ) ;
#5549 = EDGE_LOOP ( 'NONE', ( #2641, #4595, #857, #1013, #715 ) ) ;
#5550 = ORIENTED_EDGE ( 'NONE', *, *, #5712, .T. ) ;
#5551 = VERTEX_POINT ( 'NONE', #4247 ) ;
#5552 = AXIS2_PLACEMENT_3D ( 'NONE', #1346, #2785, #72 ) ;
#5553 = LINE ( 'NONE', #2676, #911 ) ;
#5554 = CARTESIAN_POINT ( 'NONE',  ( 34.26858978976805759, 42.00000000000000711, -24.69334415737179711 ) ) ;
#5555 = DIRECTION ( 'NONE',  ( 0.000000000000000000, 0.000000000000000000, 1.000000000000000000 ) ) ;
#5556 = VECTOR ( 'NONE', #3545, 1000.000000000000000 ) ;
#5557 = ORIENTED_EDGE ( 'NONE', *, *, #3803, .F. ) ;
#5558 = AXIS2_PLACEMENT_3D ( 'NONE', #4888, #4348, #5338 ) ;
#5559 = VERTEX_POINT ( 'NONE', #1017 ) ;
#5560 = VECTOR ( 'NONE', #3758, 1000.000000000000114 ) ;
#5561 = ORIENTED_EDGE ( 'NONE', *, *, #701, .T. ) ;
#5562 = AXIS2_PLACEMENT_3D ( 'NONE', #5682, #1526, #3379 ) ;
#5563 = EDGE_CURVE ( 'NONE', #5297, #4035, #4099, .T. ) ;
#5564 = DIRECTION ( 'NONE',  ( -1.000000000000000000, -0.000000000000000000, -0.000000000000000000 ) ) ;
#5565 = FACE_OUTER_BOUND ( 'NONE', #353, .T. ) ;
#5566 = FACE_OUTER_BOUND ( 'NONE', #4158, .T. ) ;
#5567 = ORIENTED_EDGE ( 'NONE', *, *, #5377, .T. ) ;
#5568 = ORIENTED_EDGE ( 'NONE', *, *, #1649, .T. ) ;
#5569 = ORIENTED_EDGE ( 'NONE', *, *, #1633, .F. ) ;
#5570 = DIRECTION ( 'NONE',  ( 0.000000000000000000, -0.9961946980917453232, 0.08715574274766185736 ) ) ;
#5571 = EDGE_CURVE ( 'NONE', #5197, #3686, #5156, .T. ) ;
#5572 = DIRECTION ( 'NONE',  ( 0.000000000000000000, 0.000000000000000000, -1.000000000000000000 ) ) ;
#5573 = EDGE_CURVE ( 'NONE', #452, #4506, #985, .T. ) ;
#5574 = VECTOR ( 'NONE', #3286, 1000.000000000000000 ) ;
#5575 = EDGE_CURVE ( 'NONE', #3808, #2198, #4231, .T. ) ;
#5576 = LINE ( 'NONE', #2363, #5176 ) ;
#5577 = CARTESIAN_POINT ( 'NONE',  ( 0.000000000000000000, 14.26852036069874252, -27.88499331274864446 ) ) ;
#5578 = DIRECTION ( 'NONE',  ( 0.000000000000000000, 1.000000000000000000, -2.565210315677348556E-17 ) ) ;
#5579 = VECTOR ( 'NONE', #5564, 1000.000000000000000 ) ;
#5580 = DIRECTION ( 'NONE',  ( 0.000000000000000000, 0.7547485790292388641, 0.6560141633023974794 ) ) ;
#5581 = CARTESIAN_POINT ( 'NONE',  ( 0.000000000000000000, 12.39892143065896413, -22.08795657046060867 ) ) ;
#5582 = CARTESIAN_POINT ( 'NONE',  ( 1.600000000000000089, 6.113077000000004091, 57.91172395019730601 ) ) ;
#5583 = ORIENTED_EDGE ( 'NONE', *, *, #5779, .F. ) ;
#5584 = VECTOR ( 'NONE', #647, 1000.000000000000000 ) ;
#5585 = ORIENTED_EDGE ( 'NONE', *, *, #2607, .F. ) ;
#5586 = EDGE_LOOP ( 'NONE', ( #3251, #3753, #274, #4194 ) ) ;
#5587 = DIRECTION ( 'NONE',  ( 0.000000000000000000, 1.000000000000000000, 4.336808689942016158E-15 ) ) ;
#5588 = CARTESIAN_POINT ( 'NONE',  ( 1.600000000000000089, 30.50000000000000000, 59.00000000000000000 ) ) ;
#5589 = DIRECTION ( 'NONE',  ( 0.000000000000000000, 1.000000000000000000, -2.565210315677348556E-17 ) ) ;
#5590 = ADVANCED_FACE ( 'NONE', ( #2697 ), #4700, .F. ) ;
#5591 = LINE ( 'NONE', #1845, #1575 ) ;
#5592 = ORIENTED_EDGE ( 'NONE', *, *, #4190, .T. ) ;
#5593 = ORIENTED_EDGE ( 'NONE', *, *, #294, .F. ) ;
#5594 = AXIS2_PLACEMENT_3D ( 'NONE', #1339, #5498, #5595 ) ;
#5595 = DIRECTION ( 'NONE',  ( 0.000000000000000000, 0.8115739819650136244, 0.5842496656374325248 ) ) ;
#5596 = LINE ( 'NONE', #3688, #5676 ) ;
#5597 = EDGE_CURVE ( 'NONE', #1508, #3909, #382, .T. ) ;
#5598 = EDGE_CURVE ( 'NONE', #3345, #4271, #637, .T. ) ;
#5599 = FACE_OUTER_BOUND ( 'NONE', #1531, .T. ) ;
#5600 = ORIENTED_EDGE ( 'NONE', *, *, #805, .T. ) ;
#5601 = ORIENTED_EDGE ( 'NONE', *, *, #2098, .T. ) ;
#5602 = ORIENTED_EDGE ( 'NONE', *, *, #2554, .F. ) ;
#5603 = CARTESIAN_POINT ( 'NONE',  ( 0.000000000000000000, -8.015439349594770006E-13, 92.41172395019732733 ) ) ;
#5604 = CARTESIAN_POINT ( 'NONE',  ( 0.000000000000000000, 28.63040106995923040, -10.40296325771195640 ) ) ;
#5605 = CARTESIAN_POINT ( 'NONE',  ( 1.600000000000000089, 3.645640057826274962E-14, -53.61397923772977947 ) ) ;
#5606 = DIRECTION ( 'NONE',  ( 0.000000000000000000, 0.000000000000000000, 1.000000000000000000 ) ) ;
#5607 = LINE ( 'NONE', #4221, #2259 ) ;
#5608 = LINE ( 'NONE', #4703, #362 ) ;
#5609 = ADVANCED_FACE ( 'NONE', ( #2998 ), #5667, .T. ) ;
#5610 = AXIS2_PLACEMENT_3D ( 'NONE', #4793, #3400, #631 ) ;
#5611 = EDGE_CURVE ( 'NONE', #5718, #2413, #1206, .T. ) ;
#5612 = CIRCLE ( 'NONE', #3178, 13.99999999999999822 ) ;
#5613 = AXIS2_PLACEMENT_3D ( 'NONE', #5035, #3676, #2763 ) ;
#5614 = CARTESIAN_POINT ( 'NONE',  ( 1.600000000000000089, 2.479576514082024050E-15, 96.66172395019732733 ) ) ;
#5615 = DIRECTION ( 'NONE',  ( 1.000000000000000000, -0.000000000000000000, 0.000000000000000000 ) ) ;
#5616 = CARTESIAN_POINT ( 'NONE',  ( 0.000000000000000000, 30.50000000000000000, 59.00000000000000000 ) ) ;
#5617 = VERTEX_POINT ( 'NONE', #4339 ) ;
#5618 = VERTEX_POINT ( 'NONE', #2913 ) ;
#5619 = ORIENTED_EDGE ( 'NONE', *, *, #1061, .F. ) ;
#5620 = DIRECTION ( 'NONE',  ( -1.000000000000000000, 0.000000000000000000, 0.000000000000000000 ) ) ;
#5621 = FACE_OUTER_BOUND ( 'NONE', #787, .T. ) ;
#5622 = DIRECTION ( 'NONE',  ( 1.000000000000000000, -0.000000000000000000, -0.000000000000000000 ) ) ;
#5623 = EDGE_LOOP ( 'NONE', ( #3096, #3109, #3967, #5473 ) ) ;
#5624 = VERTEX_POINT ( 'NONE', #5246 ) ;
#5625 = ORIENTED_EDGE ( 'NONE', *, *, #773, .F. ) ;
#5626 = CARTESIAN_POINT ( 'NONE',  ( 0.000000000000000000, 36.00000000000000000, 87.48921303800383953 ) ) ;
#5627 = DIRECTION ( 'NONE',  ( 1.000000000000000000, 0.000000000000000000, 0.000000000000000000 ) ) ;
#5628 = CARTESIAN_POINT ( 'NONE',  ( 1.600000000000000089, -10.55424882216580862, -9.173567069531600282 ) ) ;
#5629 = ORIENTED_EDGE ( 'NONE', *, *, #5276, .F. ) ;
#5630 = EDGE_LOOP ( 'NONE', ( #1953, #1818, #1240, #2446, #2715, #1774, #2642, #5321, #944, #5524, #3041, #5903, #303, #4140, #5052, #1553, #4757, #1803, #588, #5914, #387, #2106, #1423, #2955, #4728, #727, #1522, #2828, #1968, #677, #2403, #4972, #703, #3540, #3360, #1411, #2163, #674, #2244, #1321, #1872, #2418, #5066, #5459, #4272, #783, #2898, #1196, #1359, #965, #5865, #524, #1624, #3100, #2733, #5229, #5464, #4535, #2660, #3897, #3822, #221, #4421, #4448, #658, #3392, #2675, #776 ) ) ;
#5632 = ORIENTED_EDGE ( 'NONE', *, *, #534, .T. ) ;
#5631 = VECTOR ( 'NONE', #1806, 1000.000000000000000 ) ;
#5633 = DIRECTION ( 'NONE',  ( 0.000000000000000000, 0.7071067811865479058, 0.7071067811865472397 ) ) ;
#5634 = DIRECTION ( 'NONE',  ( 0.000000000000000000, 1.776356839400250465E-15, -1.000000000000000000 ) ) ;
#5635 = LINE ( 'NONE', #3641, #2974 ) ;
#5636 = DIRECTION ( 'NONE',  ( 1.000000000000000000, -0.000000000000000000, -0.000000000000000000 ) ) ;
#5637 = DIRECTION ( 'NONE',  ( -1.000000000000000000, -0.000000000000000000, -0.000000000000000000 ) ) ;
#5638 = DIRECTION ( 'NONE',  ( -1.000000000000000000, -0.000000000000000000, -0.000000000000000000 ) ) ;
#5639 = AXIS2_PLACEMENT_3D ( 'NONE', #4450, #4966, #3057 ) ;
#5640 = EDGE_CURVE ( 'NONE', #2880, #337, #4307, .T. ) ;
#5641 = DIRECTION ( 'NONE',  ( 0.000000000000000000, -1.662905933390748385E-16, 1.000000000000000000 ) ) ;
#5642 = LINE ( 'NONE', #5582, #2529 ) ;
#5643 = ORIENTED_EDGE ( 'NONE', *, *, #4466, .F. ) ;
#5644 = ORIENTED_EDGE ( 'NONE', *, *, #1295, .F. ) ;
#5645 = ORIENTED_EDGE ( 'NONE', *, *, #4210, .T. ) ;
#5646 = DIRECTION ( 'NONE',  ( 0.000000000000000000, 0.000000000000000000, -1.000000000000000000 ) ) ;
#5647 = DIRECTION ( 'NONE',  ( 1.000000000000000000, 0.000000000000000000, 0.000000000000000000 ) ) ;
#5648 = AXIS2_PLACEMENT_3D ( 'NONE', #5736, #1144, #2493 ) ;
#5649 = AXIS2_PLACEMENT_3D ( 'NONE', #4388, #2569, #1191 ) ;
#5650 = CIRCLE ( 'NONE', #4199, 2.250000000000001776 ) ;
#5651 = ADVANCED_FACE ( 'NONE', ( #594 ), #1989, .F. ) ;
#5653 = EDGE_CURVE ( 'NONE', #4907, #4596, #2018, .T. ) ;
#5652 = DIRECTION ( 'NONE',  ( 1.000000000000000000, 0.000000000000000000, -0.000000000000000000 ) ) ;
#5654 = ORIENTED_EDGE ( 'NONE', *, *, #5067, .T. ) ;
#5655 = AXIS2_PLACEMENT_3D ( 'NONE', #4698, #4598, #1412 ) ;
#5656 = VERTEX_POINT ( 'NONE', #4873 ) ;
#5657 = ORIENTED_EDGE ( 'NONE', *, *, #1419, .T. ) ;
#5658 = CARTESIAN_POINT ( 'NONE',  ( 1.600000000000000089, 4.063077000000000716, 59.16172395019730601 ) ) ;
#5659 = VECTOR ( 'NONE', #1293, 1000.000000000000114 ) ;
#5660 = CARTESIAN_POINT ( 'NONE',  ( 1.600000000000000089, 5.088077000000000183, 74.91172395019732733 ) ) ;
#5661 = VERTEX_POINT ( 'NONE', #3479 ) ;
#5662 = AXIS2_PLACEMENT_3D ( 'NONE', #234, #1576, #2081 ) ;
#5663 = ORIENTED_EDGE ( 'NONE', *, *, #1228, .T. ) ;
#5664 = VERTEX_POINT ( 'NONE', #3454 ) ;
#5665 = DIRECTION ( 'NONE',  ( 0.000000000000000000, 0.000000000000000000, 1.000000000000000000 ) ) ;
#5666 = DIRECTION ( 'NONE',  ( -1.000000000000000000, -0.000000000000000000, -0.000000000000000000 ) ) ;
#5667 = PLANE ( 'NONE',  #917 ) ;
#5668 = DIRECTION ( 'NONE',  ( 0.000000000000000000, 0.7071067811865490160, -0.7071067811865460184 ) ) ;
#5669 = PLANE ( 'NONE',  #1384 ) ;
#5670 = CARTESIAN_POINT ( 'NONE',  ( 0.000000000000000000, 30.22110162320748117, 75.81217696610640644 ) ) ;
#5671 = CIRCLE ( 'NONE', #5375, 15.98032285408330999 ) ;
#5672 = FACE_OUTER_BOUND ( 'NONE', #131, .T. ) ;
#5673 = EDGE_CURVE ( 'NONE', #276, #324, #2484, .T. ) ;
#5674 = CARTESIAN_POINT ( 'NONE',  ( 1.600000000000000089, 16.13811929073951745, -40.28203005503669942 ) ) ;
#5675 = LINE ( 'NONE', #663, #2739 ) ;
#5676 = VECTOR ( 'NONE', #2386, 1000.000000000000227 ) ;
#5677 = EDGE_LOOP ( 'NONE', ( #2276, #1362, #4492, #2690 ) ) ;
#5678 = ORIENTED_EDGE ( 'NONE', *, *, #5481, .T. ) ;
#5679 = ORIENTED_EDGE ( 'NONE', *, *, #2362, .T. ) ;
#5680 = CARTESIAN_POINT ( 'NONE',  ( 1.600000000000000089, 42.00000000000000000, 6.984204920241143807E-15 ) ) ;
#5681 = LINE ( 'NONE', #4746, #4806 ) ;
#5682 = CARTESIAN_POINT ( 'NONE',  ( 0.000000000000000000, 30.50000000000000000, 69.00000000000000000 ) ) ;
#5683 = VECTOR ( 'NONE', #3981, 1000.000000000000114 ) ;
#5684 = DIRECTION ( 'NONE',  ( -1.000000000000000000, -0.000000000000000000, -0.000000000000000000 ) ) ;
#5685 = EDGE_CURVE ( 'NONE', #5807, #5226, #3889, .T. ) ;
#5686 = EDGE_LOOP ( 'NONE', ( #333, #2133, #3475, #2809 ) ) ;
#5687 = EDGE_CURVE ( 'NONE', #5178, #1786, #1956, .T. ) ;
#5688 = ORIENTED_EDGE ( 'NONE', *, *, #2709, .F. ) ;
#5689 = DIRECTION ( 'NONE',  ( 0.000000000000000000, 6.938893903907222461E-16, 1.000000000000000000 ) ) ;
#5690 = DIRECTION ( 'NONE',  ( 0.000000000000000000, 1.387778780781444492E-15, 1.000000000000000000 ) ) ;
#5691 = DIRECTION ( 'NONE',  ( 1.000000000000000000, 0.000000000000000000, -0.000000000000000000 ) ) ;
#5692 = VERTEX_POINT ( 'NONE', #1621 ) ;
#5693 = CIRCLE ( 'NONE', #3855, 1.575000000000006839 ) ;
#5694 = ORIENTED_EDGE ( 'NONE', *, *, #3850, .T. ) ;
#5695 = VERTEX_POINT ( 'NONE', #2941 ) ;
#5696 = LINE ( 'NONE', #1077, #788 ) ;
#5697 = LINE ( 'NONE', #5270, #5306 ) ;
#5698 = DIRECTION ( 'NONE',  ( -1.000000000000000000, -0.000000000000000000, -0.000000000000000000 ) ) ;
#5699 = LINE ( 'NONE', #5189, #2853 ) ;
#5700 = LINE ( 'NONE', #4734, #1679 ) ;
#5701 = DIRECTION ( 'NONE',  ( 0.000000000000000000, 0.000000000000000000, 1.000000000000000000 ) ) ;
#5702 = ORIENTED_EDGE ( 'NONE', *, *, #2823, .F. ) ;
#5703 = EDGE_CURVE ( 'NONE', #5260, #3282, #5325, .T. ) ;
#5704 = VECTOR ( 'NONE', #3972, 1000.000000000000000 ) ;
#5705 = CARTESIAN_POINT ( 'NONE',  ( 1.600000000000000089, 21.87069162429847324, 1.652937762254314435 ) ) ;
#5706 = DIRECTION ( 'NONE',  ( 0.000000000000000000, 0.000000000000000000, 1.000000000000000000 ) ) ;
#5707 = CARTESIAN_POINT ( 'NONE',  ( 0.000000000000000000, 12.12889837679251670, 83.81948660865212730 ) ) ;
#5708 = AXIS2_PLACEMENT_3D ( 'NONE', #2353, #437, #468 ) ;
#5709 = ORIENTED_EDGE ( 'NONE', *, *, #3192, .F. ) ;
#5710 = AXIS2_PLACEMENT_3D ( 'NONE', #4706, #4344, #600 ) ;
#5711 = VECTOR ( 'NONE', #1877, 1000.000000000000000 ) ;
#5712 = EDGE_CURVE ( 'NONE', #1892, #27, #3826, .T. ) ;
#5713 = ORIENTED_EDGE ( 'NONE', *, *, #3671, .T. ) ;
#5714 = DIRECTION ( 'NONE',  ( 0.000000000000000000, 0.000000000000000000, -1.000000000000000000 ) ) ;
#5715 = CARTESIAN_POINT ( 'NONE',  ( 1.600000000000000089, 15.29260265095050109, 2.739314882973610477 ) ) ;
#5716 = CARTESIAN_POINT ( 'NONE',  ( 0.000000000000000000, 16.13811929073852625, -27.28203005503668876 ) ) ;
#5717 = ORIENTED_EDGE ( 'NONE', *, *, #193, .F. ) ;
#5718 = VERTEX_POINT ( 'NONE', #3364 ) ;
#5719 = DIRECTION ( 'NONE',  ( 0.000000000000000000, 0.000000000000000000, -1.000000000000000000 ) ) ;
#5720 = ADVANCED_FACE ( 'NONE', ( #5302 ), #2071, .F. ) ;
#5721 = LINE ( 'NONE', #5628, #806 ) ;
#5722 = VERTEX_POINT ( 'NONE', #3396 ) ;
#5723 = VERTEX_POINT ( 'NONE', #4789 ) ;
#5724 = ORIENTED_EDGE ( 'NONE', *, *, #4297, .T. ) ;
#5725 = LINE ( 'NONE', #4817, #2355 ) ;
#5726 = LINE ( 'NONE', #1110, #1908 ) ;
#5727 = CARTESIAN_POINT ( 'NONE',  ( 1.600000000000000089, 32.79724476520733134, 2.111723950197329280 ) ) ;
#5728 = CARTESIAN_POINT ( 'NONE',  ( 0.000000000000000000, 30.50000000000000000, 55.79999999999999716 ) ) ;
#5729 = EDGE_CURVE ( 'NONE', #3582, #53, #2973, .T. ) ;
#5730 = ADVANCED_FACE ( 'NONE', ( #681, #4760, #2511, #4387, #4364, #197, #2045, #3914, #5918, #1702, #3537, #3563, #825, #5383, #2100, #3504, #5804, #280, #3075, #4501, #367, #252, #4081, #306, #5412, #2156, #4416 ), #1759, .F. ) ;
#5731 = CARTESIAN_POINT ( 'NONE',  ( 1.600000000000000089, 4.088077000000001959, 61.53672395019732733 ) ) ;
#5732 = CIRCLE ( 'NONE', #1943, 12.52488699960041529 ) ;
#5733 = CARTESIAN_POINT ( 'NONE',  ( 1.600000000000000089, 32.79724476520733134, 3.611723950197327948 ) ) ;
#5734 = AXIS2_PLACEMENT_3D ( 'NONE', #3598, #1316, #1254 ) ;
#5735 = DIRECTION ( 'NONE',  ( 1.000000000000000000, -0.000000000000000000, -0.000000000000000000 ) ) ;
#5736 = CARTESIAN_POINT ( 'NONE',  ( 0.000000000000000000, 6.088077000000001071, 70.78672395019731312 ) ) ;
#5737 = EDGE_CURVE ( 'NONE', #380, #447, #1247, .T. ) ;
#5738 = VERTEX_POINT ( 'NONE', #1278 ) ;
#5739 = LINE ( 'NONE', #267, #129 ) ;
#5740 = LINE ( 'NONE', #4375, #1601 ) ;
#5741 = CYLINDRICAL_SURFACE ( 'NONE', #4373, 1.499999999999994449 ) ;
#5742 = ORIENTED_EDGE ( 'NONE', *, *, #5258, .T. ) ;
#5743 = VERTEX_POINT ( 'NONE', #2620 ) ;
#5744 = VECTOR ( 'NONE', #100, 1000.000000000000000 ) ;
#5745 = DIRECTION ( 'NONE',  ( 0.000000000000000000, 0.000000000000000000, -1.000000000000000000 ) ) ;
#5746 = EDGE_CURVE ( 'NONE', #1268, #1937, #4959, .T. ) ;
#5747 = CARTESIAN_POINT ( 'NONE',  ( 0.000000000000000000, 28.25022420910424259, -4.823258064669742495 ) ) ;
#5748 = AXIS2_PLACEMENT_3D ( 'NONE', #5928, #3206, #925 ) ;
#5749 = EDGE_LOOP ( 'NONE', ( #2864, #2991, #2902, #4045, #3231, #829 ) ) ;
#5750 = ORIENTED_EDGE ( 'NONE', *, *, #2463, .F. ) ;
#5751 = LINE ( 'NONE', #1954, #12 ) ;
#5752 = CARTESIAN_POINT ( 'NONE',  ( 1.600000000000000089, 20.79724476520794241, 15.61172395019732839 ) ) ;
#5753 = CARTESIAN_POINT ( 'NONE',  ( 1.600000000000000089, 42.00000000000000000, 6.984204920241143807E-15 ) ) ;
#5754 = LINE ( 'NONE', #1138, #2643 ) ;
#5755 = DIRECTION ( 'NONE',  ( -1.000000000000000000, -0.000000000000000000, -0.000000000000000000 ) ) ;
#5756 = ADVANCED_FACE ( 'NONE', ( #793 ), #4021, .F. ) ;
#5757 = EDGE_CURVE ( 'NONE', #4922, #404, #4532, .T. ) ;
#5758 = AXIS2_PLACEMENT_3D ( 'NONE', #5955, #1792, #37 ) ;
#5759 = EDGE_CURVE ( 'NONE', #5796, #71, #5861, .T. ) ;
#5760 = CIRCLE ( 'NONE', #623, 1.025000000000005018 ) ;
#5761 = DIRECTION ( 'NONE',  ( 0.000000000000000000, -0.7071067811865479058, -0.7071067811865471286 ) ) ;
#5762 = CYLINDRICAL_SURFACE ( 'NONE', #3434, 4.799999999999998934 ) ;
#5763 = DIRECTION ( 'NONE',  ( 0.000000000000000000, 0.000000000000000000, -1.000000000000000000 ) ) ;
#5764 = ORIENTED_EDGE ( 'NONE', *, *, #335, .T. ) ;
#5765 = DIRECTION ( 'NONE',  ( -1.000000000000000000, 0.000000000000000000, 0.000000000000000000 ) ) ;
#5766 = CARTESIAN_POINT ( 'NONE',  ( 0.000000000000000000, 41.99999999999999289, 18.63222947802272600 ) ) ;
#5767 = AXIS2_PLACEMENT_3D ( 'NONE', #3253, #5461, #2306 ) ;
#5768 = DIRECTION ( 'NONE',  ( -0.000000000000000000, 1.000000000000000000, 0.000000000000000000 ) ) ;
#5769 = ORIENTED_EDGE ( 'NONE', *, *, #970, .F. ) ;
#5770 = ORIENTED_EDGE ( 'NONE', *, *, #4891, .F. ) ;
#5771 = PLANE ( 'NONE',  #1517 ) ;
#5772 = EDGE_CURVE ( 'NONE', #5617, #480, #1120, .T. ) ;
#5773 = FACE_OUTER_BOUND ( 'NONE', #3849, .T. ) ;
#5774 = ORIENTED_EDGE ( 'NONE', *, *, #3671, .F. ) ;
#5775 = AXIS2_PLACEMENT_3D ( 'NONE', #2414, #3356, #975 ) ;
#5776 = EDGE_LOOP ( 'NONE', ( #3493, #559, #3619, #1652 ) ) ;
#5777 = EDGE_CURVE ( 'NONE', #5012, #4120, #1405, .T. ) ;
#5778 = DIRECTION ( 'NONE',  ( -0.000000000000000000, 0.9961946980917451011, -0.08715574274766330065 ) ) ;
#5779 = EDGE_CURVE ( 'NONE', #790, #5390, #4809, .T. ) ;
#5780 = DIRECTION ( 'NONE',  ( 0.000000000000000000, -1.000000000000000000, -1.387778780781444492E-15 ) ) ;
#5781 = DIRECTION ( 'NONE',  ( 0.000000000000000000, 0.000000000000000000, -1.000000000000000000 ) ) ;
#5782 = DIRECTION ( 'NONE',  ( 0.000000000000000000, 0.000000000000000000, -1.000000000000000000 ) ) ;
#5783 = DIRECTION ( 'NONE',  ( 0.000000000000000000, 0.000000000000000000, 1.000000000000000000 ) ) ;
#5784 = ORIENTED_EDGE ( 'NONE', *, *, #3880, .F. ) ;
#5785 = EDGE_LOOP ( 'NONE', ( #2314, #5850, #3027, #3270, #5679 ) ) ;
#5786 = LINE ( 'NONE', #5331, #4741 ) ;
#5787 = ADVANCED_FACE ( 'NONE', ( #2128 ), #3589, .F. ) ;
#5788 = CARTESIAN_POINT ( 'NONE',  ( 1.600000000000000089, 32.79724476520733134, 5.111723950197325728 ) ) ;
#5789 = FACE_OUTER_BOUND ( 'NONE', #3449, .T. ) ;
#5790 = ADVANCED_FACE ( 'NONE', ( #4989 ), #1645, .F. ) ;
#5791 = ORIENTED_EDGE ( 'NONE', *, *, #4493, .T. ) ;
#5792 = DIRECTION ( 'NONE',  ( -1.000000000000000000, 0.000000000000000000, -0.000000000000000000 ) ) ;
#5793 = LINE ( 'NONE', #3520, #4708 ) ;
#5794 = DIRECTION ( 'NONE',  ( -1.000000000000000000, -0.000000000000000000, -0.000000000000000000 ) ) ;
#5795 = AXIS2_PLACEMENT_3D ( 'NONE', #2518, #2918, #3401 ) ;
#5796 = VERTEX_POINT ( 'NONE', #735 ) ;
#5797 = VERTEX_POINT ( 'NONE', #2593 ) ;
#5798 = DIRECTION ( 'NONE',  ( 0.000000000000000000, 0.000000000000000000, -1.000000000000000000 ) ) ;
#5799 = CARTESIAN_POINT ( 'NONE',  ( 1.600000000000000089, 29.79228897731056591, -46.96656259739551587 ) ) ;
#5800 = ORIENTED_EDGE ( 'NONE', *, *, #368, .F. ) ;
#5801 = EDGE_LOOP ( 'NONE', ( #4044, #3284, #1132, #5185 ) ) ;
#5802 = FACE_OUTER_BOUND ( 'NONE', #3163, .T. ) ;
#5803 = DIRECTION ( 'NONE',  ( 0.000000000000000000, 0.000000000000000000, -1.000000000000000000 ) ) ;
#5804 = FACE_BOUND ( 'NONE', #4696, .T. ) ;
#5805 = CARTESIAN_POINT ( 'NONE',  ( 0.000000000000000000, 4.063076999999998939, 73.66172395019732733 ) ) ;
#5806 = CARTESIAN_POINT ( 'NONE',  ( 0.000000000000000000, 14.26852036069874252, -24.68499331274864872 ) ) ;
#5807 = VERTEX_POINT ( 'NONE', #3987 ) ;
#5808 = APPLICATION_CONTEXT ( 'automotive_design' ) ;
#5809 = ORIENTED_EDGE ( 'NONE', *, *, #1108, .T. ) ;
#5810 = ORIENTED_EDGE ( 'NONE', *, *, #2344, .F. ) ;
#5811 = CARTESIAN_POINT ( 'NONE',  ( 1.600000000000000089, 25.48239641025217139, -48.90572980140875359 ) ) ;
#5812 = DIRECTION ( 'NONE',  ( -1.000000000000000000, -0.000000000000000000, -0.000000000000000000 ) ) ;
#5813 = CARTESIAN_POINT ( 'NONE',  ( 0.000000000000000000, 25.11870559546649417, -48.42852021303009025 ) ) ;
#5814 = ADVANCED_FACE ( 'NONE', ( #2708 ), #4206, .F. ) ;
#5815 = ORIENTED_EDGE ( 'NONE', *, *, #581, .F. ) ;
#5816 = AXIS2_PLACEMENT_3D ( 'NONE', #5517, #4162, #994 ) ;
#5817 = DIRECTION ( 'NONE',  ( 0.000000000000000000, 0.000000000000000000, -1.000000000000000000 ) ) ;
#5818 = DIRECTION ( 'NONE',  ( -1.000000000000000000, -0.000000000000000000, -0.000000000000000000 ) ) ;
#5819 = DIRECTION ( 'NONE',  ( 0.000000000000000000, 0.9961946980917452121, -0.08715574274766232921 ) ) ;
#5820 = ORIENTED_EDGE ( 'NONE', *, *, #3915, .F. ) ;
#5821 = ORIENTED_EDGE ( 'NONE', *, *, #1855, .T. ) ;
#5822 = EDGE_CURVE ( 'NONE', #2405, #2254, #5596, .T. ) ;
#5823 = EDGE_CURVE ( 'NONE', #2413, #1890, #947, .T. ) ;
#5824 = CARTESIAN_POINT ( 'NONE',  ( 1.600000000000000089, 30.50000000000000000, 49.00000000000000000 ) ) ;
#5825 = VERTEX_POINT ( 'NONE', #4556 ) ;
#5826 = VECTOR ( 'NONE', #4046, 1000.000000000000000 ) ;
#5827 = ORIENTED_EDGE ( 'NONE', *, *, #5534, .T. ) ;
#5828 = CARTESIAN_POINT ( 'NONE',  ( 0.000000000000000000, -0.000000000000000000, 5.306655842628200226 ) ) ;
#5829 = FACE_OUTER_BOUND ( 'NONE', #207, .T. ) ;
#5830 = CARTESIAN_POINT ( 'NONE',  ( 1.600000000000000089, 4.088077000000002847, 70.78672395019731312 ) ) ;
#5831 = DIRECTION ( 'NONE',  ( -1.000000000000000000, -0.000000000000000000, -0.000000000000000000 ) ) ;
#5832 = VECTOR ( 'NONE', #2326, 1000.000000000000000 ) ;
#5833 = CARTESIAN_POINT ( 'NONE',  ( 0.000000000000000000, 42.00000000000000711, -37.69334415737179711 ) ) ;
#5834 = ORIENTED_EDGE ( 'NONE', *, *, #835, .T. ) ;
#5835 = VERTEX_POINT ( 'NONE', #1850 ) ;
#5836 = ORIENTED_EDGE ( 'NONE', *, *, #5067, .F. ) ;
#5837 = AXIS2_PLACEMENT_3D ( 'NONE', #434, #2282, #3689 ) ;
#5838 = CARTESIAN_POINT ( 'NONE',  ( 0.000000000000000000, 6.113077000000001426, 73.66172395019732733 ) ) ;
#5839 = DIRECTION ( 'NONE',  ( -1.000000000000000000, 0.000000000000000000, 0.000000000000000000 ) ) ;
#5840 = AXIS2_PLACEMENT_3D ( 'NONE', #3336, #541, #2399 ) ;
#5841 = CARTESIAN_POINT ( 'NONE',  ( 0.000000000000000000, 6.588077000000001071, 70.78672395019731312 ) ) ;
#5842 = CARTESIAN_POINT ( 'NONE',  ( 1.600000000000000089, 32.79724476520794241, 42.41172395019733443 ) ) ;
#5843 = AXIS2_PLACEMENT_3D ( 'NONE', #2199, #1717, #3578 ) ;
#5844 = VECTOR ( 'NONE', #2251, 1000.000000000000000 ) ;
#5845 = CIRCLE ( 'NONE', #4984, 13.99999999999999822 ) ;
#5846 = EDGE_LOOP ( 'NONE', ( #158, #912, #3583, #4335 ) ) ;
#5847 = CARTESIAN_POINT ( 'NONE',  ( 1.600000000000000089, -9.898704378715899416E-16, -38.58827604980267978 ) ) ;
#5848 = CARTESIAN_POINT ( 'NONE',  ( 1.600000000000000089, 30.46429096907921164, -46.91411807147567004 ) ) ;
#5849 = CARTESIAN_POINT ( 'NONE',  ( 0.000000000000000000, 8.797244765207388184, 3.611723950197931465 ) ) ;
#5850 = ORIENTED_EDGE ( 'NONE', *, *, #3941, .T. ) ;
#5851 = EDGE_LOOP ( 'NONE', ( #583, #4770, #4563, #3252 ) ) ;
#5852 = CIRCLE ( 'NONE', #3249, 1.024999999999998135 ) ;
#5853 = CARTESIAN_POINT ( 'NONE',  ( 1.600000000000000089, 36.00000000000001421, -36.08827604980267978 ) ) ;
#5854 = EDGE_CURVE ( 'NONE', #1489, #4713, #3755, .T. ) ;
#5855 = ORIENTED_EDGE ( 'NONE', *, *, #2047, .T. ) ;
#5856 = AXIS2_PLACEMENT_3D ( 'NONE', #2685, #4443, #1189 ) ;
#5857 = EDGE_CURVE ( 'NONE', #5722, #85, #2743, .T. ) ;
#5858 = ORIENTED_EDGE ( 'NONE', *, *, #5822, .F. ) ;
#5859 = CARTESIAN_POINT ( 'NONE',  ( 1.600000000000000089, 30.77889837679251528, 72.18782303389359356 ) ) ;
#5860 = LINE ( 'NONE', #2650, #1709 ) ;
#5861 = LINE ( 'NONE', #2651, #4028 ) ;
#5862 = FACE_OUTER_BOUND ( 'NONE', #3759, .T. ) ;
#5863 = CYLINDRICAL_SURFACE ( 'NONE', #2019, 14.00000000000000178 ) ;
#5864 = VECTOR ( 'NONE', #4463, 1000.000000000000000 ) ;
#5865 = ORIENTED_EDGE ( 'NONE', *, *, #1571, .T. ) ;
#5866 = VERTEX_POINT ( 'NONE', #4624 ) ;
#5867 = ORIENTED_EDGE ( 'NONE', *, *, #6011, .T. ) ;
#5868 = DIRECTION ( 'NONE',  ( 0.000000000000000000, 1.387778780781444492E-15, 1.000000000000000000 ) ) ;
#5869 = LINE ( 'NONE', #4451, #1331 ) ;
#5870 = FACE_OUTER_BOUND ( 'NONE', #1823, .T. ) ;
#5871 = DIRECTION ( 'NONE',  ( 0.000000000000000000, 0.000000000000000000, -1.000000000000000000 ) ) ;
#5872 = AXIS2_PLACEMENT_3D ( 'NONE', #3936, #5780, #3074 ) ;
#5873 = ADVANCED_FACE ( 'NONE', ( #4115 ), #1820, .F. ) ;
#5874 = EDGE_LOOP ( 'NONE', ( #5078, #4754, #1916, #2439 ) ) ;
#5875 = DIRECTION ( 'NONE',  ( 0.000000000000000000, 0.6698092972625202535, -0.7425331678118417544 ) ) ;
#5876 = DIRECTION ( 'NONE',  ( -1.000000000000000000, -0.000000000000000000, -0.000000000000000000 ) ) ;
#5877 = DIRECTION ( 'NONE',  ( 0.000000000000000000, 0.000000000000000000, -1.000000000000000000 ) ) ;
#5878 = EDGE_CURVE ( 'NONE', #2880, #1986, #3657, .T. ) ;
#5879 = VERTEX_POINT ( 'NONE', #4239 ) ;
#5880 = ORIENTED_EDGE ( 'NONE', *, *, #3319, .F. ) ;
#5881 = FACE_OUTER_BOUND ( 'NONE', #83, .T. ) ;
#5882 = VECTOR ( 'NONE', #656, 1000.000000000000000 ) ;
#5883 = ORIENTED_EDGE ( 'NONE', *, *, #4420, .T. ) ;
#5884 = CIRCLE ( 'NONE', #3287, 1.499999999999997780 ) ;
#5885 = CIRCLE ( 'NONE', #4061, 13.99999999999999822 ) ;
#5886 = ORIENTED_EDGE ( 'NONE', *, *, #4724, .F. ) ;
#5887 = AXIS2_PLACEMENT_3D ( 'NONE', #5994, #5538, #3730 ) ;
#5888 = PLANE ( 'NONE',  #4400 ) ;
#5889 = EDGE_CURVE ( 'NONE', #3343, #3078, #1784, .T. ) ;
#5890 = CARTESIAN_POINT ( 'NONE',  ( 0.000000000000000000, 29.72527329571467547, 28.76172395019732875 ) ) ;
#5891 = DIRECTION ( 'NONE',  ( -1.000000000000000000, 0.000000000000000000, 0.000000000000000000 ) ) ;
#5892 = CARTESIAN_POINT ( 'NONE',  ( 0.000000000000000000, 34.75694174880646869, -43.48289748278271816 ) ) ;
#5893 = DIRECTION ( 'NONE',  ( 0.000000000000000000, 0.000000000000000000, 1.000000000000000000 ) ) ;
#5894 = ORIENTED_EDGE ( 'NONE', *, *, #781, .F. ) ;
#5895 = ORIENTED_EDGE ( 'NONE', *, *, #3604, .F. ) ;
#5896 = ORIENTED_EDGE ( 'NONE', *, *, #2362, .F. ) ;
#5897 = CARTESIAN_POINT ( 'NONE',  ( 1.600000000000000089, 42.00000000000000711, -37.69334415737179711 ) ) ;
#5898 = EDGE_CURVE ( 'NONE', #4227, #5796, #3353, .T. ) ;
#5899 = ADVANCED_FACE ( 'NONE', ( #1366 ), #2247, .T. ) ;
#5900 = CARTESIAN_POINT ( 'NONE',  ( 1.600000000000000089, 0.000000000000000000, 0.000000000000000000 ) ) ;
#5901 = DIRECTION ( 'NONE',  ( 1.000000000000000000, 0.000000000000000000, 0.000000000000000000 ) ) ;
#5902 = DIRECTION ( 'NONE',  ( 0.000000000000000000, -1.000000000000000000, 0.000000000000000000 ) ) ;
#5903 = ORIENTED_EDGE ( 'NONE', *, *, #4010, .T. ) ;
#5904 = DIRECTION ( 'NONE',  ( 0.000000000000000000, -0.7547485790292415286, -0.6560141633023945928 ) ) ;
#5905 = DIRECTION ( 'NONE',  ( 0.000000000000000000, 1.662905933390748385E-16, -1.000000000000000000 ) ) ;
#5906 = CARTESIAN_POINT ( 'NONE',  ( 1.600000000000000089, 30.50000000000000000, 45.80000000000000426 ) ) ;
#5907 = CIRCLE ( 'NONE', #4557, 3.200000000000008171 ) ;
#5908 = ORIENTED_EDGE ( 'NONE', *, *, #5314, .F. ) ;
#5909 = EDGE_LOOP ( 'NONE', ( #4536, #3932, #3476, #1456, #2556, #5992, #2008 ) ) ;
#5910 = CYLINDRICAL_SURFACE ( 'NONE', #1012, 3.200000000000008171 ) ;
#5911 = LINE ( 'NONE', #1361, #4612 ) ;
#5912 = VECTOR ( 'NONE', #4937, 1000.000000000000114 ) ;
#5913 = ORIENTED_EDGE ( 'NONE', *, *, #3200, .T. ) ;
#5914 = ORIENTED_EDGE ( 'NONE', *, *, #2029, .F. ) ;
#5915 =( GEOMETRIC_REPRESENTATION_CONTEXT ( 3 ) GLOBAL_UNCERTAINTY_ASSIGNED_CONTEXT ( ( #4828 ) ) GLOBAL_UNIT_ASSIGNED_CONTEXT ( ( #2876, #2561, #1156 ) ) REPRESENTATION_CONTEXT ( 'NONE', 'WORKASPACE' ) );
#5916 = CYLINDRICAL_SURFACE ( 'NONE', #511, 0.4999999999999865663 ) ;
#5917 = FACE_OUTER_BOUND ( 'NONE', #5117, .T. ) ;
#5918 = FACE_BOUND ( 'NONE', #91, .T. ) ;
#5919 = DIRECTION ( 'NONE',  ( 0.000000000000000000, 0.000000000000000000, -1.000000000000000000 ) ) ;
#5920 = DIRECTION ( 'NONE',  ( 0.000000000000000000, 0.000000000000000000, 1.000000000000000000 ) ) ;
#5921 = EDGE_LOOP ( 'NONE', ( #4659, #1408 ) ) ;
#5922 = EDGE_LOOP ( 'NONE', ( #313, #1594, #837, #1005 ) ) ;
#5923 = ORIENTED_EDGE ( 'NONE', *, *, #3646, .T. ) ;
#5924 = DIRECTION ( 'NONE',  ( 0.000000000000000000, -0.000000000000000000, 1.000000000000000000 ) ) ;
#5925 = DIRECTION ( 'NONE',  ( 0.000000000000000000, -0.6061513579761221848, 0.7953493139644385312 ) ) ;
#5926 = VECTOR ( 'NONE', #101, 1000.000000000000000 ) ;
#5927 = CIRCLE ( 'NONE', #216, 13.99999999999999822 ) ;
#5928 = CARTESIAN_POINT ( 'NONE',  ( 1.600000000000000089, 0.000000000000000000, 0.000000000000000000 ) ) ;
#5929 = CYLINDRICAL_SURFACE ( 'NONE', #1497, 0.6000000000000033085 ) ;
#5930 = DIRECTION ( 'NONE',  ( 0.000000000000000000, -1.000000000000000000, 0.000000000000000000 ) ) ;
#5931 = EDGE_CURVE ( 'NONE', #2995, #5286, #4897, .T. ) ;
#5932 = VECTOR ( 'NONE', #1112, 1000.000000000000000 ) ;
#5933 = EDGE_CURVE ( 'NONE', #1076, #2550, #3848, .T. ) ;
#5934 = ADVANCED_FACE ( 'NONE', ( #5499 ), #2350, .F. ) ;
#5935 = ORIENTED_EDGE ( 'NONE', *, *, #2760, .F. ) ;
#5936 = CARTESIAN_POINT ( 'NONE',  ( 1.600000000000000089, 42.00000000000000000, 6.984204920241143807E-15 ) ) ;
#5937 = CARTESIAN_POINT ( 'NONE',  ( 0.000000000000000000, 14.26852036069776020, -14.88499331274865156 ) ) ;
#5938 = DIRECTION ( 'NONE',  ( 0.000000000000000000, -0.000000000000000000, 1.000000000000000000 ) ) ;
#5939 = CIRCLE ( 'NONE', #1675, 2.250000000000001776 ) ;
#5940 = CARTESIAN_POINT ( 'NONE',  ( 0.000000000000000000, 36.00000000000001421, -36.08827604980267978 ) ) ;
#5941 = VECTOR ( 'NONE', #3667, 1000.000000000000000 ) ;
#5942 = ORIENTED_EDGE ( 'NONE', *, *, #581, .T. ) ;
#5943 = ORIENTED_EDGE ( 'NONE', *, *, #5640, .T. ) ;
#5944 = FACE_OUTER_BOUND ( 'NONE', #2849, .T. ) ;
#5945 = DIRECTION ( 'NONE',  ( 0.000000000000000000, -1.734723475976797628E-14, -1.000000000000000000 ) ) ;
#5946 = ORIENTED_EDGE ( 'NONE', *, *, #5979, .F. ) ;
#5947 = VECTOR ( 'NONE', #3158, 1000.000000000000000 ) ;
#5948 = ORIENTED_EDGE ( 'NONE', *, *, #3864, .T. ) ;
#5949 = DIRECTION ( 'NONE',  ( 0.000000000000000000, 1.000000000000000000, -2.565210315677348556E-17 ) ) ;
#5950 = ADVANCED_FACE ( 'NONE', ( #1340 ), #5952, .F. ) ;
#5951 = DIRECTION ( 'NONE',  ( 0.000000000000000000, 0.9961946980917453232, -0.08715574274766185736 ) ) ;
#5952 = CYLINDRICAL_SURFACE ( 'NONE', #1693, 2.250000000000001776 ) ;
#5953 = CARTESIAN_POINT ( 'NONE',  ( 34.26858978976805759, 43.59999999999979536, 5.306655842628200226 ) ) ;
#5954 = AXIS2_PLACEMENT_3D ( 'NONE', #4591, #914, #3787 ) ;
#5955 = CARTESIAN_POINT ( 'NONE',  ( 1.600000000000000089, 11.84999999999999964, 50.63166357475856927 ) ) ;
#5956 = ORIENTED_EDGE ( 'NONE', *, *, #1831, .T. ) ;
#5957 = ADVANCED_FACE ( 'NONE', ( #497 ), #5046, .F. ) ;
#5958 = ORIENTED_EDGE ( 'NONE', *, *, #5563, .F. ) ;
#5959 = ORIENTED_EDGE ( 'NONE', *, *, #3081, .T. ) ;
#5960 = CIRCLE ( 'NONE', #4719, 4.799999999999998934 ) ;
#5961 = CARTESIAN_POINT ( 'NONE',  ( 1.600000000000000089, 35.67540399075453905, 89.71567602462226887 ) ) ;
#5962 = PLANE ( 'NONE',  #5887 ) ;
#5963 = DIRECTION ( 'NONE',  ( -1.000000000000000000, -0.000000000000000000, -0.000000000000000000 ) ) ;
#5964 = CIRCLE ( 'NONE', #1213, 2.249999999999998668 ) ;
#5965 = DIRECTION ( 'NONE',  ( -1.000000000000000000, 0.000000000000000000, 0.000000000000000000 ) ) ;
#5966 = DIRECTION ( 'NONE',  ( 0.000000000000000000, -0.5842496656374324138, 0.8115739819650137354 ) ) ;
#5967 = ORIENTED_EDGE ( 'NONE', *, *, #3880, .T. ) ;
#5968 = CARTESIAN_POINT ( 'NONE',  ( 1.600000000000000089, 18.11786845078633235, 93.58050315153342069 ) ) ;
#5969 = EDGE_CURVE ( 'NONE', #5460, #3054, #4609, .T. ) ;
#5970 = DIRECTION ( 'NONE',  ( 0.000000000000000000, -1.000000000000000000, -6.799793840448104053E-16 ) ) ;
#5972 = EDGE_CURVE ( 'NONE', #5551, #4586, #3061, .T. ) ;
#5971 = LINE ( 'NONE', #4006, #5631 ) ;
#5973 = ORIENTED_EDGE ( 'NONE', *, *, #2568, .T. ) ;
#5974 = AXIS2_PLACEMENT_3D ( 'NONE', #2684, #5528, #5951 ) ;
#5975 = ORIENTED_EDGE ( 'NONE', *, *, #1095, .T. ) ;
#5976 = ORIENTED_EDGE ( 'NONE', *, *, #4455, .F. ) ;
#5977 = LINE ( 'NONE', #4167, #144 ) ;
#5978 = PLANE ( 'NONE',  #4540 ) ;
#5979 = EDGE_CURVE ( 'NONE', #1129, #5797, #2442, .T. ) ;
#5980 = ORIENTED_EDGE ( 'NONE', *, *, #1117, .T. ) ;
#5981 = VERTEX_POINT ( 'NONE', #4299 ) ;
#5982 = AXIS2_PLACEMENT_3D ( 'NONE', #5423, #747, #3146 ) ;
#5983 = DIRECTION ( 'NONE',  ( 1.000000000000000000, -0.000000000000000000, 0.000000000000000000 ) ) ;
#5984 = CARTESIAN_POINT ( 'NONE',  ( 1.600000000000000089, 30.49999999999901235, -12.99999999999999467 ) ) ;
#5985 = DIRECTION ( 'NONE',  ( 1.000000000000000000, -0.000000000000000000, -0.000000000000000000 ) ) ;
#5986 = VECTOR ( 'NONE', #4933, 1000.000000000000000 ) ;
#5987 = CARTESIAN_POINT ( 'NONE',  ( 1.600000000000000089, 20.79724476520794241, 15.61172395019732839 ) ) ;
#5988 = VECTOR ( 'NONE', #2166, 1000.000000000000000 ) ;
#5989 = ORIENTED_EDGE ( 'NONE', *, *, #1391, .F. ) ;
#5990 = EDGE_CURVE ( 'NONE', #4193, #5695, #3458, .T. ) ;
#5991 = VERTEX_POINT ( 'NONE', #3852 ) ;
#5992 = ORIENTED_EDGE ( 'NONE', *, *, #1490, .T. ) ;
#5993 = LINE ( 'NONE', #1826, #1865 ) ;
#5994 = CARTESIAN_POINT ( 'NONE',  ( 34.26858978976805759, 12.75745245326116262, 89.52604643332058743 ) ) ;
#5995 = CARTESIAN_POINT ( 'NONE',  ( 1.600000000000000089, -10.55424882216580862, -9.173567069531600282 ) ) ;
#5996 = DIRECTION ( 'NONE',  ( 0.000000000000000000, -0.7071067811865470176, 0.7071067811865481278 ) ) ;
#5997 = FACE_OUTER_BOUND ( 'NONE', #1357, .T. ) ;
#5998 = EDGE_LOOP ( 'NONE', ( #2444, #1848, #2151, #2105 ) ) ;
#5999 = DIRECTION ( 'NONE',  ( 0.000000000000000000, 0.6560141633023945928, -0.7547485790292415286 ) ) ;
#6000 = LINE ( 'NONE', #1385, #664 ) ;
#6001 = CARTESIAN_POINT ( 'NONE',  ( 1.600000000000000089, 6.113077000000001426, 73.66172395019732733 ) ) ;
#6002 = ORIENTED_EDGE ( 'NONE', *, *, #5571, .F. ) ;
#6003 = ORIENTED_EDGE ( 'NONE', *, *, #3801, .T. ) ;
#6004 = ORIENTED_EDGE ( 'NONE', *, *, #1023, .F. ) ;
#6005 = CARTESIAN_POINT ( 'NONE',  ( 1.600000000000000089, 42.00000000000000000, 6.984204920241143807E-15 ) ) ;
#6006 = FACE_OUTER_BOUND ( 'NONE', #429, .T. ) ;
#6007 = CARTESIAN_POINT ( 'NONE',  ( 0.000000000000000000, -1.375552780360354221, 0.2635999119934579471 ) ) ;
#6008 = DIRECTION ( 'NONE',  ( 1.000000000000000000, 0.000000000000000000, 0.000000000000000000 ) ) ;
#6009 = EDGE_CURVE ( 'NONE', #4863, #416, #4780, .T. ) ;
#6010 = ORIENTED_EDGE ( 'NONE', *, *, #2048, .F. ) ;
#6011 = EDGE_CURVE ( 'NONE', #2562, #3597, #5960, .T. ) ;
#6012 = ADVANCED_FACE ( 'NONE', ( #2932 ), #93, .F. ) ;
#6013 = ORIENTED_EDGE ( 'NONE', *, *, #2494, .F. ) ;
#6014 = CARTESIAN_POINT ( 'NONE',  ( 0.000000000000000000, 42.00000000000000000, 6.984204920241143807E-15 ) ) ;
#6015 = DIRECTION ( 'NONE',  ( 1.000000000000000000, -0.000000000000000000, -0.000000000000000000 ) ) ;
#6016 = VECTOR ( 'NONE', #2142, 1000.000000000000000 ) ;
ENDSEC;
END-ISO-10303-21;
