ISO-10303-21;
HEADER;
FILE_DESCRIPTION (( 'STEP AP214' ),
    '1' );
FILE_NAME ('[2片]主结构2_Gen.4.STEP',
    '2025-08-20T14:04:05',
    ( '' ),
    ( '' ),
    'SwSTEP 2.0',
    'SolidWorks 2020',
    '' );
FILE_SCHEMA (( 'AUTOMOTIVE_DESIGN' ));
ENDSEC;

DATA;
#1 = ORIENTED_EDGE ( 'NONE', *, *, #3596, .T. ) ;
#2 = CARTESIAN_POINT ( 'NONE',  ( 91.88485864216056598, 0.000000000000000000, 0.000000000000000000 ) ) ;
#3 = EDGE_CURVE ( 'NONE', #3497, #347, #302, .T. ) ;
#4 = DIRECTION ( 'NONE',  ( 0.000000000000000000, 0.000000000000000000, 1.000000000000000000 ) ) ;
#5 = ORIENTED_EDGE ( 'NONE', *, *, #1797, .F. ) ;
#6 = VERTEX_POINT ( 'NONE', #4906 ) ;
#7 = EDGE_LOOP ( 'NONE', ( #2126, #821, #1645, #4915 ) ) ;
#8 = LINE ( 'NONE', #5002, #3428 ) ;
#9 = PLANE ( 'NONE',  #3077 ) ;
#10 = DIRECTION ( 'NONE',  ( -0.000000000000000000, -0.000000000000000000, -1.000000000000000000 ) ) ;
#11 = VERTEX_POINT ( 'NONE', #5347 ) ;
#12 = CARTESIAN_POINT ( 'NONE',  ( 65.96799079163287161, -121.8060792254093911, 158.4340709352140379 ) ) ;
#13 = EDGE_LOOP ( 'NONE', ( #1899, #229, #5207, #1376 ) ) ;
#14 = DIRECTION ( 'NONE',  ( -0.6041862106499933383, 0.7968431607665349414, 0.000000000000000000 ) ) ;
#15 = EDGE_CURVE ( 'NONE', #4712, #1894, #264, .T. ) ;
#16 = CARTESIAN_POINT ( 'NONE',  ( 1.567405496363241054E-11, 86.59724438915466749, 122.0421419384104524 ) ) ;
#17 = DIRECTION ( 'NONE',  ( -1.000000000000000000, 0.000000000000000000, 0.000000000000000000 ) ) ;
#18 = FACE_BOUND ( 'NONE', #4300, .T. ) ;
#19 = EDGE_CURVE ( 'NONE', #4979, #1845, #4538, .T. ) ;
#20 = EDGE_CURVE ( 'NONE', #1237, #3343, #2003, .T. ) ;
#21 = DIRECTION ( 'NONE',  ( 0.000000000000000000, 0.000000000000000000, -1.000000000000000000 ) ) ;
#22 = DIRECTION ( 'NONE',  ( -1.000000000000000000, 0.000000000000000000, 0.000000000000000000 ) ) ;
#23 = VERTEX_POINT ( 'NONE', #750 ) ;
#24 = VERTEX_POINT ( 'NONE', #278 ) ;
#25 = CARTESIAN_POINT ( 'NONE',  ( -68.44157924001245874, -32.42076631672094322, 122.0421419384104524 ) ) ;
#26 = CARTESIAN_POINT ( 'NONE',  ( 39.33499999998124963, -129.0823004019084408, 158.4340709352140379 ) ) ;
#27 = VERTEX_POINT ( 'NONE', #1980 ) ;
#28 = EDGE_LOOP ( 'NONE', ( #3997, #591, #4083, #5448 ) ) ;
#29 = ORIENTED_EDGE ( 'NONE', *, *, #368, .T. ) ;
#30 = EDGE_CURVE ( 'NONE', #4621, #3049, #1696, .T. ) ;
#31 = LINE ( 'NONE', #961, #5453 ) ;
#32 = DIRECTION ( 'NONE',  ( -0.1564344650402181014, 0.9876883405951397688, 0.000000000000000000 ) ) ;
#33 = DIRECTION ( 'NONE',  ( -0.1564344650402181014, 0.9876883405951397688, 0.000000000000000000 ) ) ;
#34 = EDGE_LOOP ( 'NONE', ( #1647, #2482, #3297, #2013 ) ) ;
#35 = LINE ( 'NONE', #4694, #5514 ) ;
#36 = EDGE_CURVE ( 'NONE', #371, #4591, #2048, .T. ) ;
#37 = AXIS2_PLACEMENT_3D ( 'NONE', #2962, #3774, #2073 ) ;
#38 = ORIENTED_EDGE ( 'NONE', *, *, #1709, .F. ) ;
#39 = DIRECTION ( 'NONE',  ( -0.6041862106499933383, 0.7968431607665349414, 0.000000000000000000 ) ) ;
#40 = CARTESIAN_POINT ( 'NONE',  ( 39.33499999998124963, -139.4323004018817471, 0.000000000000000000 ) ) ;
#41 = AXIS2_PLACEMENT_3D ( 'NONE', #1798, #1847, #2985 ) ;
#42 = PLANE ( 'NONE',  #3618 ) ;
#43 = LINE ( 'NONE', #2921, #4173 ) ;
#44 = FACE_BOUND ( 'NONE', #3874, .T. ) ;
#45 = CARTESIAN_POINT ( 'NONE',  ( 91.88485864216056598, 0.000000000000000000, 4.000000000000000000 ) ) ;
#46 = CIRCLE ( 'NONE', #4941, 1.549999999840900866 ) ;
#47 = FACE_OUTER_BOUND ( 'NONE', #549, .T. ) ;
#48 = EDGE_CURVE ( 'NONE', #108, #5468, #5521, .T. ) ;
#49 = VERTEX_POINT ( 'NONE', #2924 ) ;
#50 = ADVANCED_FACE ( 'NONE', ( #2117, #2167, #4588, #1705, #1262, #1313, #1286, #2534, #1728, #5042, #4647, #3819, #2952, #44, #2145, #3846, #18, #2890, #4233, #899, #3787, #390, #3402, #782, #5523, #5104, #842 ), #421, .F. ) ;
#51 = CIRCLE ( 'NONE', #4495, 1.550000000000051337 ) ;
#52 = ORIENTED_EDGE ( 'NONE', *, *, #1538, .F. ) ;
#53 = LINE ( 'NONE', #876, #2909 ) ;
#54 = CARTESIAN_POINT ( 'NONE',  ( 12.75000000001435652, 12.74999999998042810, 4.000000000000000000 ) ) ;
#55 = AXIS2_PLACEMENT_3D ( 'NONE', #2718, #2777, #3611 ) ;
#56 = ORIENTED_EDGE ( 'NONE', *, *, #4181, .T. ) ;
#57 = VERTEX_POINT ( 'NONE', #5126 ) ;
#58 = EDGE_LOOP ( 'NONE', ( #5354, #3731, #4799, #5018 ) ) ;
#59 = AXIS2_PLACEMENT_3D ( 'NONE', #3742, #5437, #372 ) ;
#60 = AXIS2_PLACEMENT_3D ( 'NONE', #499, #1828, #1001 ) ;
#61 = CARTESIAN_POINT ( 'NONE',  ( 90.65742381533090111, -76.99108567874223752, 0.000000000000000000 ) ) ;
#62 = EDGE_CURVE ( 'NONE', #4748, #2234, #2972, .T. ) ;
#63 = VECTOR ( 'NONE', #2004, 1000.000000000000000 ) ;
#64 = AXIS2_PLACEMENT_3D ( 'NONE', #367, #1096, #1540 ) ;
#65 = CARTESIAN_POINT ( 'NONE',  ( 35.18774910577104720, -122.7363520233499372, 4.000000000000003553 ) ) ;
#66 = EDGE_LOOP ( 'NONE', ( #4071, #1816, #5467, #874, #1382, #2567 ) ) ;
#67 = CARTESIAN_POINT ( 'NONE',  ( 1.544597783009749037E-11, 95.09724438915459643, 4.000000000000003553 ) ) ;
#68 = AXIS2_PLACEMENT_3D ( 'NONE', #5127, #1314, #3003 ) ;
#69 = ORIENTED_EDGE ( 'NONE', *, *, #2436, .F. ) ;
#70 = VECTOR ( 'NONE', #982, 1000.000000000000000 ) ;
#71 = DIRECTION ( 'NONE',  ( -0.000000000000000000, -0.000000000000000000, -1.000000000000000000 ) ) ;
#72 = CARTESIAN_POINT ( 'NONE',  ( 11.07499999999553353, -10.00000000001742606, 0.000000000000000000 ) ) ;
#73 = EDGE_CURVE ( 'NONE', #4935, #1881, #4533, .T. ) ;
#74 = CARTESIAN_POINT ( 'NONE',  ( 35.51066346810262075, -144.7028082716596202, 0.000000000000000000 ) ) ;
#75 = AXIS2_PLACEMENT_3D ( 'NONE', #4183, #3286, #3760 ) ;
#76 = CIRCLE ( 'NONE', #3460, 1.074999999991981703 ) ;
#77 = AXIS2_PLACEMENT_3D ( 'NONE', #1339, #4620, #17 ) ;
#78 = DIRECTION ( 'NONE',  ( -1.000000000000000000, 0.000000000000000000, 0.000000000000000000 ) ) ;
#79 = FACE_OUTER_BOUND ( 'NONE', #3433, .T. ) ;
#80 = VECTOR ( 'NONE', #4271, 1000.000000000000000 ) ;
#81 = CARTESIAN_POINT ( 'NONE',  ( 56.83670629099690785, 86.59724438915466749, 122.0421419384104524 ) ) ;
#82 = CIRCLE ( 'NONE', #3382, 1.549999999999995826 ) ;
#83 = DIRECTION ( 'NONE',  ( -1.000000000000000000, 0.000000000000000000, 0.000000000000000000 ) ) ;
#84 = ORIENTED_EDGE ( 'NONE', *, *, #4309, .F. ) ;
#85 = ORIENTED_EDGE ( 'NONE', *, *, #3768, .T. ) ;
#86 = DIRECTION ( 'NONE',  ( 0.000000000000000000, 0.000000000000000000, 1.000000000000000000 ) ) ;
#87 = FACE_OUTER_BOUND ( 'NONE', #1245, .T. ) ;
#88 = ADVANCED_FACE ( 'NONE', ( #4263 ), #364, .F. ) ;
#89 = ORIENTED_EDGE ( 'NONE', *, *, #2098, .F. ) ;
#90 = ORIENTED_EDGE ( 'NONE', *, *, #2494, .F. ) ;
#91 = VECTOR ( 'NONE', #2180, 1000.000000000000000 ) ;
#92 = DIRECTION ( 'NONE',  ( -0.000000000000000000, -0.000000000000000000, 1.000000000000000000 ) ) ;
#93 = ORIENTED_EDGE ( 'NONE', *, *, #2950, .F. ) ;
#94 = DIRECTION ( 'NONE',  ( -0.000000000000000000, -0.000000000000000000, -1.000000000000000000 ) ) ;
#95 = VERTEX_POINT ( 'NONE', #2592 ) ;
#96 = ORIENTED_EDGE ( 'NONE', *, *, #1423, .T. ) ;
#97 = FACE_OUTER_BOUND ( 'NONE', #2959, .T. ) ;
#98 = CARTESIAN_POINT ( 'NONE',  ( 110.6407552541376731, -72.25671596801565499, 158.4340709352140379 ) ) ;
#99 = DIRECTION ( 'NONE',  ( 0.8090169943749470072, -0.5877852522924736922, -0.000000000000000000 ) ) ;
#100 = CARTESIAN_POINT ( 'NONE',  ( 99.85364403533787936, 74.99999999999991473, 0.000000000000000000 ) ) ;
#101 = CARTESIAN_POINT ( 'NONE',  ( 97.67335325010807878, 58.82797916589331777, 4.000000000000003553 ) ) ;
#102 = EDGE_CURVE ( 'NONE', #2055, #3168, #4801, .T. ) ;
#103 = EDGE_CURVE ( 'NONE', #935, #2200, #4623, .T. ) ;
#104 = DIRECTION ( 'NONE',  ( -0.8090169943749466741, 0.5877852522924742473, 0.000000000000000000 ) ) ;
#105 = CARTESIAN_POINT ( 'NONE',  ( 42.49422145540807350, -32.00000000002795986, 4.000000000000000000 ) ) ;
#106 = LINE ( 'NONE', #561, #1328 ) ;
#107 = VERTEX_POINT ( 'NONE', #3870 ) ;
#108 = VERTEX_POINT ( 'NONE', #2086 ) ;
#109 = DIRECTION ( 'NONE',  ( 0.000000000000000000, 0.000000000000000000, 1.000000000000000000 ) ) ;
#110 = DIRECTION ( 'NONE',  ( 0.7875084190907026827, 0.6163038940825072975, 0.000000000000000000 ) ) ;
#111 = ORIENTED_EDGE ( 'NONE', *, *, #2779, .F. ) ;
#112 = EDGE_LOOP ( 'NONE', ( #4160, #2053, #3838, #1629 ) ) ;
#113 = DIRECTION ( 'NONE',  ( 0.8313690792065890900, 0.5557206619689321059, 0.000000000000000000 ) ) ;
#114 = ORIENTED_EDGE ( 'NONE', *, *, #1482, .T. ) ;
#115 = LINE ( 'NONE', #3047, #4619 ) ;
#116 = EDGE_LOOP ( 'NONE', ( #3312, #5163, #4193, #3540 ) ) ;
#117 = ADVANCED_FACE ( 'NONE', ( #2061 ), #3314, .F. ) ;
#118 = ADVANCED_FACE ( 'NONE', ( #2506 ), #4207, .F. ) ;
#119 = ORIENTED_EDGE ( 'NONE', *, *, #2780, .F. ) ;
#120 = DIRECTION ( 'NONE',  ( 0.000000000000000000, 0.000000000000000000, 1.000000000000000000 ) ) ;
#121 = CARTESIAN_POINT ( 'NONE',  ( 0.2500000000000224820, -126.6225185911903139, 0.000000000000000000 ) ) ;
#122 = LINE ( 'NONE', #3558, #345 ) ;
#123 = CARTESIAN_POINT ( 'NONE',  ( 22.58585882915343390, -13.81180667449477895, 0.000000000000000000 ) ) ;
#124 = DIRECTION ( 'NONE',  ( -1.000000000000000000, 0.000000000000000000, 0.000000000000000000 ) ) ;
#125 = DIRECTION ( 'NONE',  ( -1.000000000000000000, 0.000000000000000000, 0.000000000000000000 ) ) ;
#126 = EDGE_LOOP ( 'NONE', ( #1562, #4132, #2635, #178 ) ) ;
#127 = CARTESIAN_POINT ( 'NONE',  ( 92.04868271453510431, -76.52523603414232412, 4.000000000000003553 ) ) ;
#128 = ADVANCED_FACE ( 'NONE', ( #4758 ), #1391, .F. ) ;
#129 = CARTESIAN_POINT ( 'NONE',  ( 84.47755594154618564, 68.48392792407945251, 4.000000000000000000 ) ) ;
#130 = ORIENTED_EDGE ( 'NONE', *, *, #3911, .T. ) ;
#131 = VERTEX_POINT ( 'NONE', #157 ) ;
#132 = FACE_OUTER_BOUND ( 'NONE', #5463, .T. ) ;
#133 = DIRECTION ( 'NONE',  ( -0.000000000000000000, -0.000000000000000000, -1.000000000000000000 ) ) ;
#134 = EDGE_CURVE ( 'NONE', #3469, #2922, #2138, .T. ) ;
#135 = AXIS2_PLACEMENT_3D ( 'NONE', #918, #3502, #5151 ) ;
#136 = ORIENTED_EDGE ( 'NONE', *, *, #3441, .F. ) ;
#137 = EDGE_LOOP ( 'NONE', ( #4101, #4561 ) ) ;
#138 = CARTESIAN_POINT ( 'NONE',  ( 10.72106687960860150, -142.6614462571512263, 158.4340709352140379 ) ) ;
#139 = CIRCLE ( 'NONE', #55, 1.074999999981188115 ) ;
#140 = ORIENTED_EDGE ( 'NONE', *, *, #461, .T. ) ;
#141 = AXIS2_PLACEMENT_3D ( 'NONE', #4629, #823, #2488 ) ;
#142 = CIRCLE ( 'NONE', #3532, 65.32408497843789519 ) ;
#143 = LINE ( 'NONE', #67, #2216 ) ;
#144 = ORIENTED_EDGE ( 'NONE', *, *, #4653, .T. ) ;
#145 = ORIENTED_EDGE ( 'NONE', *, *, #629, .T. ) ;
#146 = DIRECTION ( 'NONE',  ( -0.000000000000000000, -0.000000000000000000, -1.000000000000000000 ) ) ;
#147 = DIRECTION ( 'NONE',  ( 0.9821875329889230288, 0.1879032997079429224, 0.000000000000000000 ) ) ;
#148 = CIRCLE ( 'NONE', #336, 2.749999999941660001 ) ;
#149 = LINE ( 'NONE', #2747, #2292 ) ;
#150 = VECTOR ( 'NONE', #1922, 1000.000000000000000 ) ;
#151 = EDGE_CURVE ( 'NONE', #4325, #1486, #4980, .T. ) ;
#152 = ADVANCED_FACE ( 'NONE', ( #4839 ), #2193, .T. ) ;
#153 = CYLINDRICAL_SURFACE ( 'NONE', #4504, 1.550000000000051337 ) ;
#154 = DIRECTION ( 'NONE',  ( -1.000000000000000000, 0.000000000000000000, 0.000000000000000000 ) ) ;
#155 = VECTOR ( 'NONE', #4534, 1000.000000000000000 ) ;
#156 = AXIS2_PLACEMENT_3D ( 'NONE', #4037, #1949, #4094 ) ;
#157 = CARTESIAN_POINT ( 'NONE',  ( 92.85512033164194179, -60.35580299337679122, 0.000000000000000000 ) ) ;
#158 = DIRECTION ( 'NONE',  ( -0.5608349937264007767, 0.8279275993780542686, 0.000000000000000000 ) ) ;
#159 = CIRCLE ( 'NONE', #3634, 5.000000000000004441 ) ;
#160 = STYLED_ITEM ( 'NONE', ( #5421 ), #2523 ) ;
#161 = CARTESIAN_POINT ( 'NONE',  ( 34.50000000000000711, 90.84999999999999432, 0.000000000000000000 ) ) ;
#162 = ORIENTED_EDGE ( 'NONE', *, *, #2723, .T. ) ;
#163 = VECTOR ( 'NONE', #5428, 1000.000000000000000 ) ;
#164 = VECTOR ( 'NONE', #3935, 1000.000000000000000 ) ;
#165 = VECTOR ( 'NONE', #1108, 1000.000000000000000 ) ;
#166 = ORIENTED_EDGE ( 'NONE', *, *, #3115, .T. ) ;
#167 = CARTESIAN_POINT ( 'NONE',  ( 26.56077366372268500, 0.000000000000000000, 4.000000000000000000 ) ) ;
#168 = FILL_AREA_STYLE ('',( #4067 ) ) ;
#169 = CARTESIAN_POINT ( 'NONE',  ( 36.12726560431075740, -127.6472896882945349, 0.000000000000000000 ) ) ;
#170 = ORIENTED_EDGE ( 'NONE', *, *, #1891, .F. ) ;
#171 = VERTEX_POINT ( 'NONE', #3977 ) ;
#172 = EDGE_CURVE ( 'NONE', #3497, #1326, #1603, .T. ) ;
#173 = EDGE_CURVE ( 'NONE', #4302, #4325, #858, .T. ) ;
#174 = AXIS2_PLACEMENT_3D ( 'NONE', #922, #3533, #1863 ) ;
#175 = FACE_OUTER_BOUND ( 'NONE', #4213, .T. ) ;
#176 = ORIENTED_EDGE ( 'NONE', *, *, #754, .F. ) ;
#177 = FACE_OUTER_BOUND ( 'NONE', #2884, .T. ) ;
#178 = ORIENTED_EDGE ( 'NONE', *, *, #5376, .T. ) ;
#179 = ORIENTED_EDGE ( 'NONE', *, *, #4347, .T. ) ;
#180 = CARTESIAN_POINT ( 'NONE',  ( 30.50000000000000711, 3.250000000000002665, 4.000000000000000000 ) ) ;
#181 = DIRECTION ( 'NONE',  ( -1.000000000000000000, -6.661338147750943029E-14, 0.000000000000000000 ) ) ;
#182 = CARTESIAN_POINT ( 'NONE',  ( -16.05704015144976182, 40.51200993603342226, 4.000000000000000000 ) ) ;
#183 = DIRECTION ( 'NONE',  ( -0.8090169943749470072, 0.5877852522924736922, 0.000000000000000000 ) ) ;
#184 = CYLINDRICAL_SURFACE ( 'NONE', #4966, 5.000000000000004441 ) ;
#185 = PRODUCT_DEFINITION ( '未知', '', #3827, #2620 ) ;
#186 = CARTESIAN_POINT ( 'NONE',  ( 8.925000000033156411, -10.00000000001742606, 4.000000000000000000 ) ) ;
#187 = EDGE_CURVE ( 'NONE', #4577, #3285, #4008, .T. ) ;
#188 = CARTESIAN_POINT ( 'NONE',  ( 47.50030153647241349, -136.9293470354195676, 4.000000000000003553 ) ) ;
#189 = CARTESIAN_POINT ( 'NONE',  ( -68.44157924001245874, -32.42076631672094322, 0.000000000000000000 ) ) ;
#190 = DIRECTION ( 'NONE',  ( 0.5872690074472453059, -0.8093918166697310346, 0.000000000000000000 ) ) ;
#191 = EDGE_LOOP ( 'NONE', ( #4601, #166, #1279, #4808, #3759 ) ) ;
#192 = ADVANCED_FACE ( 'NONE', ( #79 ), #1447, .F. ) ;
#193 = EDGE_CURVE ( 'NONE', #907, #3635, #559, .T. ) ;
#194 = ORIENTED_EDGE ( 'NONE', *, *, #3115, .F. ) ;
#195 = CARTESIAN_POINT ( 'NONE',  ( 96.68698668629663473, 87.55215941727986717, 4.000000000000003553 ) ) ;
#196 = DIRECTION ( 'NONE',  ( -0.9876883405951408790, 0.1564344650402113845, 0.000000000000000000 ) ) ;
#197 = DIRECTION ( 'NONE',  ( 0.000000000000000000, -1.000000000000000000, 0.000000000000000000 ) ) ;
#198 = VERTEX_POINT ( 'NONE', #2224 ) ;
#199 = ORIENTED_EDGE ( 'NONE', *, *, #3801, .F. ) ;
#200 = CARTESIAN_POINT ( 'NONE',  ( 113.1010787769527184, 75.00568089378019465, 0.000000000000000000 ) ) ;
#201 = EDGE_CURVE ( 'NONE', #4521, #2741, #317, .T. ) ;
#202 = ORIENTED_EDGE ( 'NONE', *, *, #3576, .T. ) ;
#203 = LINE ( 'NONE', #3578, #2576 ) ;
#204 = EDGE_LOOP ( 'NONE', ( #4631, #3888, #2063, #1760 ) ) ;
#205 = EDGE_LOOP ( 'NONE', ( #2650, #2966, #4639, #4146 ) ) ;
#206 = CARTESIAN_POINT ( 'NONE',  ( 34.00000000000000711, -3.250000000000000000, 4.000000000000003553 ) ) ;
#207 = CARTESIAN_POINT ( 'NONE',  ( 119.8449492272192174, -75.94784058272007599, 4.000000000000003553 ) ) ;
#208 = CYLINDRICAL_SURFACE ( 'NONE', #1773, 3.374999999999905853 ) ;
#209 = ADVANCED_FACE ( 'NONE', ( #3950 ), #3134, .F. ) ;
#210 = CARTESIAN_POINT ( 'NONE',  ( 110.8832286749500611, 73.78763289593814534, 122.0421419384104524 ) ) ;
#211 = CARTESIAN_POINT ( 'NONE',  ( 0.2499999999999987510, -29.93307237953434097, 0.000000000000000000 ) ) ;
#212 = LINE ( 'NONE', #186, #4323 ) ;
#213 = CARTESIAN_POINT ( 'NONE',  ( 82.14483623351057417, 78.09724438915462486, 0.000000000000000000 ) ) ;
#214 = CARTESIAN_POINT ( 'NONE',  ( 104.4410111393994356, -82.65458463961232383, 0.000000000000000000 ) ) ;
#215 = CARTESIAN_POINT ( 'NONE',  ( 47.82832623904525349, -136.4682709085148815, 0.000000000000000000 ) ) ;
#216 = VERTEX_POINT ( 'NONE', #1786 ) ;
#217 = VERTEX_POINT ( 'NONE', #4340 ) ;
#218 = DIRECTION ( 'NONE',  ( -1.000000000000000000, 0.000000000000000000, 0.000000000000000000 ) ) ;
#219 = ADVANCED_FACE ( 'NONE', ( #613 ), #978, .F. ) ;
#220 = EDGE_CURVE ( 'NONE', #3066, #3960, #4854, .T. ) ;
#221 = DIRECTION ( 'NONE',  ( -1.000000000000000000, 0.000000000000000000, 0.000000000000000000 ) ) ;
#222 = VERTEX_POINT ( 'NONE', #2305 ) ;
#223 = AXIS2_PLACEMENT_3D ( 'NONE', #2673, #1808, #4369 ) ;
#224 = DIRECTION ( 'NONE',  ( -0.000000000000000000, -0.000000000000000000, -1.000000000000000000 ) ) ;
#225 = VECTOR ( 'NONE', #3307, 1000.000000000000000 ) ;
#226 = ORIENTED_EDGE ( 'NONE', *, *, #5184, .T. ) ;
#227 = CARTESIAN_POINT ( 'NONE',  ( 84.47755594154618564, 68.48392792407945251, 0.000000000000000000 ) ) ;
#228 = ORIENTED_EDGE ( 'NONE', *, *, #4726, .T. ) ;
#229 = ORIENTED_EDGE ( 'NONE', *, *, #2681, .T. ) ;
#230 = CARTESIAN_POINT ( 'NONE',  ( 54.34229624866446784, -166.1045078853000518, 158.4340709352140379 ) ) ;
#231 = DIRECTION ( 'NONE',  ( -0.000000000000000000, -0.000000000000000000, -1.000000000000000000 ) ) ;
#232 = CARTESIAN_POINT ( 'NONE',  ( 111.1257020957624491, 75.31854982386066411, 4.000000000000003553 ) ) ;
#233 = AXIS2_PLACEMENT_3D ( 'NONE', #3852, #2571, #3829 ) ;
#234 = AXIS2_PLACEMENT_3D ( 'NONE', #1911, #1107, #183 ) ;
#235 = CARTESIAN_POINT ( 'NONE',  ( 8.925000000033156411, -10.00000000001742606, 4.000000000000000000 ) ) ;
#236 = DIRECTION ( 'NONE',  ( -1.000000000000000000, 2.775557561562888984E-15, 0.000000000000000000 ) ) ;
#237 = VECTOR ( 'NONE', #729, 1000.000000000000114 ) ;
#238 = DIRECTION ( 'NONE',  ( 0.000000000000000000, 0.000000000000000000, 1.000000000000000000 ) ) ;
#239 = VECTOR ( 'NONE', #4483, 1000.000000000000227 ) ;
#240 = ADVANCED_FACE ( 'NONE', ( #5234 ), #1424, .T. ) ;
#241 = CARTESIAN_POINT ( 'NONE',  ( 100.1724910732731217, 65.61251210000982326, 0.000000000000000000 ) ) ;
#242 = ORIENTED_EDGE ( 'NONE', *, *, #273, .F. ) ;
#243 = DIRECTION ( 'NONE',  ( -1.000000000000000000, 0.000000000000000000, 0.000000000000000000 ) ) ;
#244 = AXIS2_PLACEMENT_3D ( 'NONE', #702, #4099, #279 ) ;
#245 = VECTOR ( 'NONE', #2566, 1000.000000000000000 ) ;
#246 = LINE ( 'NONE', #1113, #1937 ) ;
#247 = ORIENTED_EDGE ( 'NONE', *, *, #2705, .T. ) ;
#248 = ORIENTED_EDGE ( 'NONE', *, *, #4974, .F. ) ;
#249 = VECTOR ( 'NONE', #1473, 1000.000000000000000 ) ;
#250 = CARTESIAN_POINT ( 'NONE',  ( 97.67335325010807878, 58.82797916589331777, 0.000000000000000000 ) ) ;
#251 = AXIS2_PLACEMENT_3D ( 'NONE', #3425, #3758, #5075 ) ;
#252 = DIRECTION ( 'NONE',  ( -1.000000000000000000, 0.000000000000000000, 0.000000000000000000 ) ) ;
#253 = CARTESIAN_POINT ( 'NONE',  ( 29.99999999999999645, -126.6225185911903139, 4.000000000000003553 ) ) ;
#254 = VERTEX_POINT ( 'NONE', #4391 ) ;
#255 = VECTOR ( 'NONE', #2841, 1000.000000000000114 ) ;
#256 = VECTOR ( 'NONE', #2542, 1000.000000000000000 ) ;
#257 = CIRCLE ( 'NONE', #4436, 1.550000000000051337 ) ;
#258 = EDGE_CURVE ( 'NONE', #3049, #4621, #46, .T. ) ;
#259 = CARTESIAN_POINT ( 'NONE',  ( 36.58500000003958519, -129.0823004019084408, 4.000000000000003553 ) ) ;
#260 = VECTOR ( 'NONE', #2913, 1000.000000000000114 ) ;
#261 = VERTEX_POINT ( 'NONE', #5286 ) ;
#262 = DIRECTION ( 'NONE',  ( -1.000000000000000000, 0.000000000000000000, 0.000000000000000000 ) ) ;
#263 = EDGE_LOOP ( 'NONE', ( #1092, #3437, #464, #3631 ) ) ;
#264 = CIRCLE ( 'NONE', #5077, 1.550000000000065103 ) ;
#265 = ORIENTED_EDGE ( 'NONE', *, *, #4448, .T. ) ;
#266 = FACE_OUTER_BOUND ( 'NONE', #3863, .T. ) ;
#267 = CARTESIAN_POINT ( 'NONE',  ( 51.73194355956216128, -139.5926543380830935, 0.000000000000000000 ) ) ;
#268 = DIRECTION ( 'NONE',  ( -1.000000000000000000, 0.000000000000000000, 0.000000000000000000 ) ) ;
#269 =( LENGTH_UNIT ( ) NAMED_UNIT ( * ) SI_UNIT ( .MILLI., .METRE. ) );
#270 = CARTESIAN_POINT ( 'NONE',  ( 71.08098388797360201, -137.8806404420020613, 4.000000000000003553 ) ) ;
#271 = DIRECTION ( 'NONE',  ( -0.1564344650402327008, -0.9876883405951374373, 0.000000000000000000 ) ) ;
#272 = DIRECTION ( 'NONE',  ( -0.6041862106499963359, -0.7968431607665327210, 0.000000000000000000 ) ) ;
#273 = EDGE_CURVE ( 'NONE', #4320, #4829, #2333, .T. ) ;
#274 = DIRECTION ( 'NONE',  ( -0.000000000000000000, -0.000000000000000000, -1.000000000000000000 ) ) ;
#275 = EDGE_CURVE ( 'NONE', #2450, #3522, #1997, .T. ) ;
#276 = VERTEX_POINT ( 'NONE', #297 ) ;
#277 = LINE ( 'NONE', #2394, #1242 ) ;
#278 = CARTESIAN_POINT ( 'NONE',  ( 103.2343249291181309, 65.12756525838500465, 0.000000000000000000 ) ) ;
#279 = DIRECTION ( 'NONE',  ( -1.000000000000000000, 0.000000000000000000, 0.000000000000000000 ) ) ;
#280 = CARTESIAN_POINT ( 'NONE',  ( 34.00000000000000711, 3.250000000000000000, 4.000000000000003553 ) ) ;
#281 = ORIENTED_EDGE ( 'NONE', *, *, #2184, .T. ) ;
#282 = CARTESIAN_POINT ( 'NONE',  ( 25.05000000026349127, 21.71275603998089565, 0.000000000000000000 ) ) ;
#283 = ADVANCED_FACE ( 'NONE', ( #4498 ), #4035, .F. ) ;
#284 = ORIENTED_EDGE ( 'NONE', *, *, #1085, .F. ) ;
#285 = CYLINDRICAL_SURFACE ( 'NONE', #1044, 3.124999999981212362 ) ;
#286 = ORIENTED_EDGE ( 'NONE', *, *, #5117, .T. ) ;
#287 = CARTESIAN_POINT ( 'NONE',  ( 33.95606622556360321, -153.8003287957969007, 158.4340709352140379 ) ) ;
#288 = ORIENTED_EDGE ( 'NONE', *, *, #4096, .T. ) ;
#289 = DIRECTION ( 'NONE',  ( 1.000000000000000000, 0.000000000000000000, 0.000000000000000000 ) ) ;
#290 = DIRECTION ( 'NONE',  ( 0.000000000000000000, 0.000000000000000000, 1.000000000000000000 ) ) ;
#291 = CIRCLE ( 'NONE', #840, 1.550000000000065103 ) ;
#292 = CARTESIAN_POINT ( 'NONE',  ( 100.1534080011955297, -65.37003867919737843, 4.000000000000003553 ) ) ;
#293 = EDGE_CURVE ( 'NONE', #1159, #2765, #2834, .T. ) ;
#294 = ADVANCED_FACE ( 'NONE', ( #4532 ), #3160, .F. ) ;
#295 = CARTESIAN_POINT ( 'NONE',  ( 31.68982040616755214, -149.6465208211111531, 0.000000000000000000 ) ) ;
#296 = CARTESIAN_POINT ( 'NONE',  ( 30.50000000000000711, 3.250000000000002665, 0.000000000000000000 ) ) ;
#297 = CARTESIAN_POINT ( 'NONE',  ( 0.2499999999999966971, -21.56440012393388983, 4.000000000000000000 ) ) ;
#298 = DIRECTION ( 'NONE',  ( 0.000000000000000000, -1.000000000000000000, 0.000000000000000000 ) ) ;
#299 = DIRECTION ( 'NONE',  ( -0.000000000000000000, -0.000000000000000000, -1.000000000000000000 ) ) ;
#300 = ORIENTED_EDGE ( 'NONE', *, *, #1702, .T. ) ;
#301 = DIRECTION ( 'NONE',  ( 0.9821875329889230288, 0.1879032997079429224, 0.000000000000000000 ) ) ;
#302 = LINE ( 'NONE', #4480, #4357 ) ;
#303 = DIRECTION ( 'NONE',  ( 0.000000000000000000, 0.000000000000000000, 1.000000000000000000 ) ) ;
#304 = AXIS2_PLACEMENT_3D ( 'NONE', #1779, #4231, #3074 ) ;
#305 = EDGE_CURVE ( 'NONE', #2977, #2034, #415, .T. ) ;
#306 = EDGE_LOOP ( 'NONE', ( #2015, #4547, #4397, #2172 ) ) ;
#307 = CARTESIAN_POINT ( 'NONE',  ( 45.59422145508988677, -32.00000000002795986, 4.000000000000000000 ) ) ;
#308 = EDGE_LOOP ( 'NONE', ( #1491, #599, #4614, #403 ) ) ;
#309 = AXIS2_PLACEMENT_3D ( 'NONE', #180, #2744, #634 ) ;
#310 = CARTESIAN_POINT ( 'NONE',  ( 44.04422145524898013, -32.00000000002795986, 0.000000000000000000 ) ) ;
#311 = EDGE_CURVE ( 'NONE', #49, #347, #4676, .T. ) ;
#312 = ORIENTED_EDGE ( 'NONE', *, *, #1909, .F. ) ;
#313 = ORIENTED_EDGE ( 'NONE', *, *, #3030, .T. ) ;
#314 = CYLINDRICAL_SURFACE ( 'NONE', #1772, 1.549999999840900866 ) ;
#315 = ORIENTED_EDGE ( 'NONE', *, *, #983, .T. ) ;
#316 = CARTESIAN_POINT ( 'NONE',  ( 1.595184984638639891, 2.103841866565072660, 4.000000000000000000 ) ) ;
#317 = CIRCLE ( 'NONE', #4144, 39.16647994180851100 ) ;
#318 = CARTESIAN_POINT ( 'NONE',  ( 109.2648146859547040, -90.51014648146913544, 0.000000000000000000 ) ) ;
#319 = DIRECTION ( 'NONE',  ( -1.000000000000000000, 0.000000000000000000, 0.000000000000000000 ) ) ;
#320 = AXIS2_PLACEMENT_3D ( 'NONE', #1747, #2242, #998 ) ;
#321 = CARTESIAN_POINT ( 'NONE',  ( 33.92105049611463130, 87.54656535792196337, 4.000000000000003553 ) ) ;
#322 = ORIENTED_EDGE ( 'NONE', *, *, #2031, .T. ) ;
#323 = LINE ( 'NONE', #2056, #5037 ) ;
#324 = EDGE_CURVE ( 'NONE', #2055, #2493, #2441, .T. ) ;
#325 = ADVANCED_FACE ( 'NONE', ( #1110 ), #1913, .F. ) ;
#326 = DIRECTION ( 'NONE',  ( 0.000000000000000000, 0.000000000000000000, 1.000000000000000000 ) ) ;
#327 = VECTOR ( 'NONE', #3197, 1000.000000000000000 ) ;
#328 = LINE ( 'NONE', #3671, #528 ) ;
#329 = EDGE_LOOP ( 'NONE', ( #4151, #800 ) ) ;
#330 = AXIS2_PLACEMENT_3D ( 'NONE', #4156, #4190, #3794 ) ;
#331 = VECTOR ( 'NONE', #4835, 1000.000000000000000 ) ;
#332 = CARTESIAN_POINT ( 'NONE',  ( 111.1257020957624491, 75.31854982386066411, 122.0421419384104524 ) ) ;
#333 = VERTEX_POINT ( 'NONE', #2414 ) ;
#334 = LINE ( 'NONE', #818, #5496 ) ;
#335 = EDGE_LOOP ( 'NONE', ( #3325, #228, #3885, #646, #2173, #1674, #1043, #1708, #2487, #5251 ) ) ;
#336 = AXIS2_PLACEMENT_3D ( 'NONE', #4931, #1452, #1119 ) ;
#337 = AXIS2_PLACEMENT_3D ( 'NONE', #2435, #354, #4638 ) ;
#338 = DIRECTION ( 'NONE',  ( 0.000000000000000000, 0.000000000000000000, -1.000000000000000000 ) ) ;
#339 = EDGE_LOOP ( 'NONE', ( #4857, #4685, #2873, #3856 ) ) ;
#340 = AXIS2_PLACEMENT_3D ( 'NONE', #3614, #5313, #243 ) ;
#341 = AXIS2_PLACEMENT_3D ( 'NONE', #1006, #1890, #1474 ) ;
#342 = CARTESIAN_POINT ( 'NONE',  ( 76.41647994167055913, -1.847912566164685949E-11, 4.000000000000000000 ) ) ;
#343 = DIRECTION ( 'NONE',  ( -1.000000000000000000, 0.000000000000000000, 0.000000000000000000 ) ) ;
#344 = EDGE_LOOP ( 'NONE', ( #3265, #4027, #4289, #2504 ) ) ;
#345 = VECTOR ( 'NONE', #2297, 1000.000000000000000 ) ;
#346 = AXIS2_PLACEMENT_3D ( 'NONE', #3949, #556, #3482 ) ;
#347 = VERTEX_POINT ( 'NONE', #2387 ) ;
#348 = EDGE_CURVE ( 'NONE', #2377, #5194, #4978, .T. ) ;
#349 = VERTEX_POINT ( 'NONE', #241 ) ;
#350 = CIRCLE ( 'NONE', #4524, 3.000000000000002665 ) ;
#351 = CARTESIAN_POINT ( 'NONE',  ( 105.9719280673219259, -82.41211121879997847, 0.000000000000000000 ) ) ;
#352 = AXIS2_PLACEMENT_3D ( 'NONE', #1528, #4529, #236 ) ;
#353 = CARTESIAN_POINT ( 'NONE',  ( 105.2171482642249742, 87.56934468690319306, 122.0421419384104524 ) ) ;
#354 = DIRECTION ( 'NONE',  ( 0.000000000000000000, 0.000000000000000000, 1.000000000000000000 ) ) ;
#355 = ORIENTED_EDGE ( 'NONE', *, *, #62, .F. ) ;
#356 = LINE ( 'NONE', #444, #2486 ) ;
#357 = EDGE_LOOP ( 'NONE', ( #2457, #4961, #1823, #1209 ) ) ;
#358 = FACE_OUTER_BOUND ( 'NONE', #3789, .T. ) ;
#359 = DIRECTION ( 'NONE',  ( 0.9876883405951355499, 0.1564344650402451631, 0.000000000000000000 ) ) ;
#360 = DIRECTION ( 'NONE',  ( 0.000000000000000000, 0.000000000000000000, -1.000000000000000000 ) ) ;
#361 = VERTEX_POINT ( 'NONE', #3198 ) ;
#362 = EDGE_CURVE ( 'NONE', #2981, #5012, #51, .T. ) ;
#363 = LINE ( 'NONE', #332, #3277 ) ;
#364 = CYLINDRICAL_SURFACE ( 'NONE', #4449, 1.550000000000051337 ) ;
#365 = DIRECTION ( 'NONE',  ( -1.000000000000000000, 0.000000000000000000, 0.000000000000000000 ) ) ;
#366 = VERTEX_POINT ( 'NONE', #188 ) ;
#367 = CARTESIAN_POINT ( 'NONE',  ( 34.50000000000000711, 90.84999999999999432, 122.0421419384104524 ) ) ;
#368 = EDGE_CURVE ( 'NONE', #2234, #347, #1888, .T. ) ;
#369 = ORIENTED_EDGE ( 'NONE', *, *, #3964, .T. ) ;
#370 = EDGE_CURVE ( 'NONE', #3906, #2160, #3588, .T. ) ;
#371 = VERTEX_POINT ( 'NONE', #4453 ) ;
#372 = DIRECTION ( 'NONE',  ( -1.000000000000000000, 0.000000000000000000, 0.000000000000000000 ) ) ;
#373 = DIRECTION ( 'NONE',  ( 0.000000000000000000, 0.000000000000000000, 1.000000000000000000 ) ) ;
#374 = VERTEX_POINT ( 'NONE', #213 ) ;
#375 = VERTEX_POINT ( 'NONE', #3613 ) ;
#376 = ORIENTED_EDGE ( 'NONE', *, *, #4822, .T. ) ;
#377 = CARTESIAN_POINT ( 'NONE',  ( 12.75000000001434408, -12.75000000001738520, 4.000000000000000000 ) ) ;
#378 = DIRECTION ( 'NONE',  ( -0.000000000000000000, -0.000000000000000000, 1.000000000000000000 ) ) ;
#379 = EDGE_CURVE ( 'NONE', #4018, #737, #1918, .T. ) ;
#380 = DIRECTION ( 'NONE',  ( 1.000000000000000000, 0.000000000000000000, 0.000000000000000000 ) ) ;
#381 = ORIENTED_EDGE ( 'NONE', *, *, #3561, .T. ) ;
#382 = CARTESIAN_POINT ( 'NONE',  ( 36.12726560431075740, -127.6472896882945349, 4.000000000000000000 ) ) ;
#383 = ORIENTED_EDGE ( 'NONE', *, *, #1387, .T. ) ;
#384 = DIRECTION ( 'NONE',  ( 0.000000000000000000, 0.000000000000000000, 1.000000000000000000 ) ) ;
#385 = CARTESIAN_POINT ( 'NONE',  ( 1.595184984638639891, 2.103841866565072660, 4.000000000000000000 ) ) ;
#386 = EDGE_CURVE ( 'NONE', #859, #3797, #1212, .T. ) ;
#387 = DIRECTION ( 'NONE',  ( -1.000000000000000000, 0.000000000000000000, 0.000000000000000000 ) ) ;
#388 = ORIENTED_EDGE ( 'NONE', *, *, #3430, .T. ) ;
#389 = DIRECTION ( 'NONE',  ( -0.000000000000000000, -0.000000000000000000, -1.000000000000000000 ) ) ;
#390 = FACE_BOUND ( 'NONE', #1919, .T. ) ;
#391 = LINE ( 'NONE', #1589, #4959 ) ;
#392 = VERTEX_POINT ( 'NONE', #2802 ) ;
#393 = CARTESIAN_POINT ( 'NONE',  ( 112.6161319353279566, 71.94384703793517133, 4.000000000000003553 ) ) ;
#394 = ORIENTED_EDGE ( 'NONE', *, *, #454, .F. ) ;
#395 = ORIENTED_EDGE ( 'NONE', *, *, #5450, .F. ) ;
#396 = CARTESIAN_POINT ( 'NONE',  ( 84.33223417340103367, -72.08654941181339382, 4.000000000000003553 ) ) ;
#397 = EDGE_CURVE ( 'NONE', #2177, #4509, #2363, .T. ) ;
#398 = LINE ( 'NONE', #2980, #2751 ) ;
#399 = EDGE_CURVE ( 'NONE', #276, #2875, #448, .T. ) ;
#400 = EDGE_LOOP ( 'NONE', ( #284, #1361, #5356, #4179 ) ) ;
#401 = CIRCLE ( 'NONE', #304, 34.25850751875839961 ) ;
#402 = EDGE_LOOP ( 'NONE', ( #394, #3236, #2276, #1653 ) ) ;
#403 = ORIENTED_EDGE ( 'NONE', *, *, #3, .F. ) ;
#404 = CARTESIAN_POINT ( 'NONE',  ( 39.33499999998124963, -129.0823004019084408, 4.000000000000003553 ) ) ;
#405 = AXIS2_PLACEMENT_3D ( 'NONE', #2235, #3549, #3915 ) ;
#406 = CARTESIAN_POINT ( 'NONE',  ( 33.92105049611641476, 87.54656535792219074, 122.0421419384104524 ) ) ;
#407 = DIRECTION ( 'NONE',  ( -1.000000000000000000, 0.000000000000000000, 0.000000000000000000 ) ) ;
#408 = VERTEX_POINT ( 'NONE', #4642 ) ;
#409 = DIRECTION ( 'NONE',  ( 0.000000000000000000, 0.000000000000000000, -1.000000000000000000 ) ) ;
#410 = AXIS2_PLACEMENT_3D ( 'NONE', #1753, #534, #104 ) ;
#411 = VERTEX_POINT ( 'NONE', #1637 ) ;
#412 = LINE ( 'NONE', #4615, #1310 ) ;
#413 = VERTEX_POINT ( 'NONE', #2994 ) ;
#414 = DIRECTION ( 'NONE',  ( 1.000000000000000000, 0.000000000000000000, 0.000000000000000000 ) ) ;
#415 = CIRCLE ( 'NONE', #864, 5.000000000000004441 ) ;
#416 = DIRECTION ( 'NONE',  ( -0.000000000000000000, -0.000000000000000000, -1.000000000000000000 ) ) ;
#417 = ORIENTED_EDGE ( 'NONE', *, *, #519, .T. ) ;
#418 = ADVANCED_FACE ( 'NONE', ( #358 ), #5098, .F. ) ;
#419 = CIRCLE ( 'NONE', #4863, 1.549999999840907750 ) ;
#420 = CARTESIAN_POINT ( 'NONE',  ( 68.01915003212857869, -137.3956936003773421, 122.0421419384104524 ) ) ;
#421 = PLANE ( 'NONE',  #1342 ) ;
#422 = DIRECTION ( 'NONE',  ( 0.000000000000000000, 0.000000000000000000, -1.000000000000000000 ) ) ;
#423 = AXIS2_PLACEMENT_3D ( 'NONE', #1607, #4575, #5094 ) ;
#424 = DIRECTION ( 'NONE',  ( 0.000000000000000000, 0.000000000000000000, -1.000000000000000000 ) ) ;
#425 = VERTEX_POINT ( 'NONE', #3335 ) ;
#426 = VERTEX_POINT ( 'NONE', #1611 ) ;
#427 = AXIS2_PLACEMENT_3D ( 'NONE', #3403, #504, #1344 ) ;
#428 = DIRECTION ( 'NONE',  ( 0.000000000000000000, 0.000000000000000000, 1.000000000000000000 ) ) ;
#429 = CIRCLE ( 'NONE', #3537, 5.311761425294665884 ) ;
#430 = DIRECTION ( 'NONE',  ( -0.000000000000000000, -0.000000000000000000, -1.000000000000000000 ) ) ;
#431 = ORIENTED_EDGE ( 'NONE', *, *, #3922, .F. ) ;
#432 = ORIENTED_EDGE ( 'NONE', *, *, #2949, .T. ) ;
#433 = AXIS2_PLACEMENT_3D ( 'NONE', #1061, #158, #1425 ) ;
#434 = CIRCLE ( 'NONE', #1583, 3.124999999981212362 ) ;
#435 = VERTEX_POINT ( 'NONE', #2142 ) ;
#436 = EDGE_CURVE ( 'NONE', #680, #991, #4944, .T. ) ;
#437 = CARTESIAN_POINT ( 'NONE',  ( 1.595184984638639891, -2.103841866565072660, 4.000000000000000000 ) ) ;
#438 = DIRECTION ( 'NONE',  ( -2.455601003620118906E-16, 1.000000000000000000, 0.000000000000000000 ) ) ;
#439 = AXIS2_PLACEMENT_3D ( 'NONE', #3211, #4914, #1102 ) ;
#440 = VECTOR ( 'NONE', #430, 1000.000000000000000 ) ;
#441 = VECTOR ( 'NONE', #4415, 1000.000000000000000 ) ;
#442 = CARTESIAN_POINT ( 'NONE',  ( 32.95000000000000995, 90.84999999999999432, 4.000000000000003553 ) ) ;
#443 = EDGE_LOOP ( 'NONE', ( #2067, #1817, #3352, #4696 ) ) ;
#444 = CARTESIAN_POINT ( 'NONE',  ( 107.1476601473644337, -109.6519964066688715, 4.000000000000003553 ) ) ;
#445 = CIRCLE ( 'NONE', #3381, 5.000000000000004441 ) ;
#446 = CIRCLE ( 'NONE', #3641, 0.5000000000000004441 ) ;
#447 = ORIENTED_EDGE ( 'NONE', *, *, #1606, .F. ) ;
#448 = LINE ( 'NONE', #2528, #1833 ) ;
#449 = ORIENTED_EDGE ( 'NONE', *, *, #1526, .F. ) ;
#450 = DIRECTION ( 'NONE',  ( -0.000000000000000000, -0.000000000000000000, -1.000000000000000000 ) ) ;
#451 = CARTESIAN_POINT ( 'NONE',  ( 103.2229631415573721, -84.87243474161496692, 158.4340709352140379 ) ) ;
#452 = DIRECTION ( 'NONE',  ( 1.000000000000000000, -4.455992888842916502E-15, 0.000000000000000000 ) ) ;
#453 = CARTESIAN_POINT ( 'NONE',  ( 93.59868271453520094, 76.52523603414235254, 122.0421419384104524 ) ) ;
#454 = EDGE_CURVE ( 'NONE', #859, #4328, #5451, .T. ) ;
#455 = CARTESIAN_POINT ( 'NONE',  ( 100.4853600033535344, 67.58788878120009258, 4.000000000000003553 ) ) ;
#456 = ORIENTED_EDGE ( 'NONE', *, *, #73, .T. ) ;
#457 = EDGE_LOOP ( 'NONE', ( #3565, #1868, #5111, #4399, #833 ) ) ;
#458 = DIRECTION ( 'NONE',  ( -0.000000000000000000, -0.000000000000000000, -1.000000000000000000 ) ) ;
#459 = CYLINDRICAL_SURFACE ( 'NONE', #2040, 1.074999999991986810 ) ;
#460 = ORIENTED_EDGE ( 'NONE', *, *, #1626, .F. ) ;
#461 = EDGE_CURVE ( 'NONE', #572, #3592, #2554, .T. ) ;
#462 = ORIENTED_EDGE ( 'NONE', *, *, #2895, .F. ) ;
#463 = ORIENTED_EDGE ( 'NONE', *, *, #2318, .F. ) ;
#464 = ORIENTED_EDGE ( 'NONE', *, *, #1701, .T. ) ;
#465 = CYLINDRICAL_SURFACE ( 'NONE', #1079, 5.000000000000004441 ) ;
#466 = AXIS2_PLACEMENT_3D ( 'NONE', #5029, #2520, #5443 ) ;
#467 = CYLINDRICAL_SURFACE ( 'NONE', #4500, 3.374999999999989342 ) ;
#468 = LINE ( 'NONE', #2630, #4069 ) ;
#469 = VERTEX_POINT ( 'NONE', #4698 ) ;
#470 = CARTESIAN_POINT ( 'NONE',  ( 95.57405939572541342, -76.21236710406184045, 0.000000000000000000 ) ) ;
#471 = AXIS2_PLACEMENT_3D ( 'NONE', #404, #3415, #5505 ) ;
#472 = ORIENTED_EDGE ( 'NONE', *, *, #1891, .T. ) ;
#473 = DIRECTION ( 'NONE',  ( -1.000000000000000000, 5.551115123125777969E-15, 0.000000000000000000 ) ) ;
#474 = DIRECTION ( 'NONE',  ( 0.000000000000000000, 0.000000000000000000, 1.000000000000000000 ) ) ;
#475 = EDGE_CURVE ( 'NONE', #483, #3269, #323, .T. ) ;
#476 = ADVANCED_FACE ( 'NONE', ( #4581 ), #4258, .T. ) ;
#477 = CARTESIAN_POINT ( 'NONE',  ( 34.00000000000000711, 2.750000000000000888, 0.000000000000000000 ) ) ;
#478 = DIRECTION ( 'NONE',  ( 0.000000000000000000, -0.000000000000000000, -1.000000000000000000 ) ) ;
#479 = CARTESIAN_POINT ( 'NONE',  ( 110.6407552541376589, 72.25671596801559815, 0.000000000000000000 ) ) ;
#480 = CYLINDRICAL_SURFACE ( 'NONE', #5403, 1.550000000000023581 ) ;
#481 = EDGE_LOOP ( 'NONE', ( #1801, #226 ) ) ;
#482 = EDGE_CURVE ( 'NONE', #3617, #2597, #5009, .T. ) ;
#483 = VERTEX_POINT ( 'NONE', #4175 ) ;
#484 = CARTESIAN_POINT ( 'NONE',  ( 103.5471938591986145, 67.10294193957530240, 0.000000000000000000 ) ) ;
#485 = LINE ( 'NONE', #1815, #164 ) ;
#486 = ORIENTED_EDGE ( 'NONE', *, *, #3548, .F. ) ;
#487 = ORIENTED_EDGE ( 'NONE', *, *, #552, .T. ) ;
#488 = EDGE_LOOP ( 'NONE', ( #2601, #3580, #2948, #1047 ) ) ;
#489 = EDGE_CURVE ( 'NONE', #2875, #2519, #412, .T. ) ;
#490 = CARTESIAN_POINT ( 'NONE',  ( 105.2197297140799463, -87.57122022000679351, 0.000000000000000000 ) ) ;
#491 = VECTOR ( 'NONE', #3636, 1000.000000000000000 ) ;
#492 = DIRECTION ( 'NONE',  ( -0.000000000000000000, -0.000000000000000000, -1.000000000000000000 ) ) ;
#493 = VERTEX_POINT ( 'NONE', #2501 ) ;
#494 = DIRECTION ( 'NONE',  ( 0.000000000000000000, 0.000000000000000000, -1.000000000000000000 ) ) ;
#495 = CIRCLE ( 'NONE', #41, 5.000000000000004441 ) ;
#496 = ORIENTED_EDGE ( 'NONE', *, *, #4226, .T. ) ;
#497 = DIRECTION ( 'NONE',  ( -0.000000000000000000, -0.000000000000000000, 1.000000000000000000 ) ) ;
#498 = CARTESIAN_POINT ( 'NONE',  ( 101.7034080011955837, -65.37003867919737843, 4.000000000000003553 ) ) ;
#499 = CARTESIAN_POINT ( 'NONE',  ( 93.59868271453514410, -76.52523603414232412, 0.000000000000000000 ) ) ;
#500 = FACE_OUTER_BOUND ( 'NONE', #826, .T. ) ;
#501 = EDGE_CURVE ( 'NONE', #1184, #4738, #4202, .T. ) ;
#502 = EDGE_CURVE ( 'NONE', #95, #2047, #773, .T. ) ;
#503 = DIRECTION ( 'NONE',  ( -1.000000000000000000, 0.000000000000000000, 0.000000000000000000 ) ) ;
#504 = DIRECTION ( 'NONE',  ( -0.000000000000000000, -0.000000000000000000, -1.000000000000000000 ) ) ;
#505 = FACE_OUTER_BOUND ( 'NONE', #4652, .T. ) ;
#506 = ORIENTED_EDGE ( 'NONE', *, *, #3385, .F. ) ;
#507 = CIRCLE ( 'NONE', #1752, 4.999999999999997335 ) ;
#508 = ORIENTED_EDGE ( 'NONE', *, *, #2112, .F. ) ;
#509 = DIRECTION ( 'NONE',  ( -0.000000000000000000, -0.000000000000000000, 1.000000000000000000 ) ) ;
#510 = CARTESIAN_POINT ( 'NONE',  ( 10.00000000001435474, 9.999999999980474286, 4.000000000000000000 ) ) ;
#511 = AXIS2_PLACEMENT_3D ( 'NONE', #855, #2075, #5064 ) ;
#512 = EDGE_LOOP ( 'NONE', ( #5412, #2651 ) ) ;
#513 = ORIENTED_EDGE ( 'NONE', *, *, #643, .T. ) ;
#514 = VECTOR ( 'NONE', #458, 1000.000000000000000 ) ;
#515 = VECTOR ( 'NONE', #1525, 1000.000000000000000 ) ;
#516 = CARTESIAN_POINT ( 'NONE',  ( 92.04868271453514694, 76.52523603414235254, 0.000000000000000000 ) ) ;
#517 = CIRCLE ( 'NONE', #244, 1.549999999999940314 ) ;
#518 = VECTOR ( 'NONE', #5351, 1000.000000000000000 ) ;
#519 = EDGE_CURVE ( 'NONE', #4046, #4748, #5213, .T. ) ;
#520 = EDGE_CURVE ( 'NONE', #1032, #907, #2986, .T. ) ;
#521 = CARTESIAN_POINT ( 'NONE',  ( 29.99999999999999645, 86.59724438915463907, 122.0421419384104524 ) ) ;
#522 = ORIENTED_EDGE ( 'NONE', *, *, #4590, .F. ) ;
#523 = DIRECTION ( 'NONE',  ( -1.000000000000000000, 0.000000000000000000, 0.000000000000000000 ) ) ;
#524 = ORIENTED_EDGE ( 'NONE', *, *, #4681, .F. ) ;
#525 = AXIS2_PLACEMENT_3D ( 'NONE', #385, #272, #3670 ) ;
#526 = ORIENTED_EDGE ( 'NONE', *, *, #3938, .F. ) ;
#527 = CARTESIAN_POINT ( 'NONE',  ( 41.89191769392566300, 14.48874859431180440, 4.000000000000000000 ) ) ;
#528 = VECTOR ( 'NONE', #724, 1000.000000000000000 ) ;
#529 = CARTESIAN_POINT ( 'NONE',  ( 11.53884940632647549, -19.58812332654094845, 4.000000000000000000 ) ) ;
#530 = DIRECTION ( 'NONE',  ( -1.000000000000000000, 0.000000000000000000, 0.000000000000000000 ) ) ;
#531 = LINE ( 'NONE', #4813, #2195 ) ;
#532 = AXIS2_PLACEMENT_3D ( 'NONE', #849, #2069, #5054 ) ;
#533 = CARTESIAN_POINT ( 'NONE',  ( 82.14483623351057417, 78.09724438915462486, 4.000000000000003553 ) ) ;
#534 = DIRECTION ( 'NONE',  ( 0.5877852522924742473, 0.8090169943749466741, -0.000000000000000000 ) ) ;
#535 = CARTESIAN_POINT ( 'NONE',  ( 36.58500000003958519, -129.0823004019084408, 0.000000000000000000 ) ) ;
#536 = CIRCLE ( 'NONE', #2130, 1.550000000000023581 ) ;
#537 = CARTESIAN_POINT ( 'NONE',  ( 119.9379462564884307, 75.79468376984901568, 4.000000000000003553 ) ) ;
#538 = ORIENTED_EDGE ( 'NONE', *, *, #3666, .T. ) ;
#539 = ORIENTED_EDGE ( 'NONE', *, *, #4890, .T. ) ;
#540 = CARTESIAN_POINT ( 'NONE',  ( 92.04868271453514694, 76.52523603414235254, 4.000000000000003553 ) ) ;
#541 = DIRECTION ( 'NONE',  ( -1.000000000000000000, 0.000000000000000000, 0.000000000000000000 ) ) ;
#542 = ADVANCED_FACE ( 'NONE', ( #1723 ), #3423, .F. ) ;
#543 = EDGE_CURVE ( 'NONE', #1812, #3780, #5516, .T. ) ;
#544 = ORIENTED_EDGE ( 'NONE', *, *, #3695, .F. ) ;
#545 = ORIENTED_EDGE ( 'NONE', *, *, #1434, .T. ) ;
#546 = DIRECTION ( 'NONE',  ( 0.000000000000000000, 0.000000000000000000, -1.000000000000000000 ) ) ;
#547 = ORIENTED_EDGE ( 'NONE', *, *, #1483, .T. ) ;
#548 = FACE_BOUND ( 'NONE', #512, .T. ) ;
#549 = EDGE_LOOP ( 'NONE', ( #969, #4484, #288, #5020 ) ) ;
#550 = VERTEX_POINT ( 'NONE', #1193 ) ;
#551 = CARTESIAN_POINT ( 'NONE',  ( 38.66951048944419966, -150.9603026274975548, 158.4340709352140379 ) ) ;
#552 = EDGE_CURVE ( 'NONE', #5089, #57, #1124, .T. ) ;
#553 = DIRECTION ( 'NONE',  ( -1.000000000000000000, -1.665334536937735757E-14, 0.000000000000000000 ) ) ;
#554 = DIRECTION ( 'NONE',  ( -1.000000000000000000, 0.000000000000000000, 0.000000000000000000 ) ) ;
#555 = DIRECTION ( 'NONE',  ( -0.000000000000000000, -0.000000000000000000, -1.000000000000000000 ) ) ;
#556 = DIRECTION ( 'NONE',  ( -0.1564344650402451631, 0.9876883405951354389, 0.000000000000000000 ) ) ;
#557 = AXIS2_PLACEMENT_3D ( 'NONE', #490, #4688, #1771 ) ;
#558 = EDGE_CURVE ( 'NONE', #4677, #761, #3075, .T. ) ;
#559 = LINE ( 'NONE', #4787, #2008 ) ;
#560 = CARTESIAN_POINT ( 'NONE',  ( 61.77456134258617482, -43.75570504588107923, 4.000000000000000000 ) ) ;
#561 = CARTESIAN_POINT ( 'NONE',  ( 1.534011322063681169E-11, 78.09724438915458222, 4.000000000000003553 ) ) ;
#562 = ORIENTED_EDGE ( 'NONE', *, *, #2586, .T. ) ;
#563 = ORIENTED_EDGE ( 'NONE', *, *, #2587, .F. ) ;
#564 = DIRECTION ( 'NONE',  ( -1.000000000000000000, 0.000000000000000000, 0.000000000000000000 ) ) ;
#565 = CYLINDRICAL_SURFACE ( 'NONE', #3194, 1.550000000000037570 ) ;
#566 = VERTEX_POINT ( 'NONE', #4778 ) ;
#567 = ORIENTED_EDGE ( 'NONE', *, *, #753, .T. ) ;
#568 = AXIS2_PLACEMENT_3D ( 'NONE', #4809, #1441, #3127 ) ;
#569 = EDGE_CURVE ( 'NONE', #392, #349, #4056, .T. ) ;
#570 = EDGE_CURVE ( 'NONE', #4199, #217, #4586, .T. ) ;
#571 = CYLINDRICAL_SURFACE ( 'NONE', #405, 1.549999999999940314 ) ;
#572 = VERTEX_POINT ( 'NONE', #2669 ) ;
#573 = FACE_BOUND ( 'NONE', #4457, .T. ) ;
#574 = ORIENTED_EDGE ( 'NONE', *, *, #4366, .F. ) ;
#575 = EDGE_LOOP ( 'NONE', ( #2468, #3405, #2936, #3851 ) ) ;
#576 = LINE ( 'NONE', #5225, #2430 ) ;
#577 = CARTESIAN_POINT ( 'NONE',  ( 99.85364403533773725, -75.00000000000000000, 4.000000000000003553 ) ) ;
#578 = CARTESIAN_POINT ( 'NONE',  ( 56.83282050725286183, -48.39885195564552589, 4.000000000000000000 ) ) ;
#579 = DIRECTION ( 'NONE',  ( 0.000000000000000000, 0.000000000000000000, 1.000000000000000000 ) ) ;
#580 = CARTESIAN_POINT ( 'NONE',  ( 0.5251802922488398861, -129.3676834520781256, 0.000000000000000000 ) ) ;
#581 = CARTESIAN_POINT ( 'NONE',  ( 60.22456134274527528, -43.75570504588107923, 4.000000000000000000 ) ) ;
#582 = DIRECTION ( 'NONE',  ( -1.000000000000000000, 0.000000000000000000, 0.000000000000000000 ) ) ;
#583 = EDGE_CURVE ( 'NONE', #5276, #4138, #3072, .T. ) ;
#584 = DIRECTION ( 'NONE',  ( 1.000000000000000000, 0.000000000000000000, 0.000000000000000000 ) ) ;
#585 = EDGE_LOOP ( 'NONE', ( #2026, #3151, #1126, #1738 ) ) ;
#586 = AXIS2_PLACEMENT_3D ( 'NONE', #944, #5204, #3112 ) ;
#587 = EDGE_LOOP ( 'NONE', ( #1190, #2458, #4559, #4585 ) ) ;
#588 = DIRECTION ( 'NONE',  ( 0.000000000000000000, 0.000000000000000000, -1.000000000000000000 ) ) ;
#589 = VECTOR ( 'NONE', #4751, 1000.000000000000000 ) ;
#590 = ORIENTED_EDGE ( 'NONE', *, *, #2436, .T. ) ;
#591 = ORIENTED_EDGE ( 'NONE', *, *, #1635, .F. ) ;
#592 = CARTESIAN_POINT ( 'NONE',  ( 97.04552707164420156, -59.69210776712937161, 4.000000000000003553 ) ) ;
#593 = EDGE_CURVE ( 'NONE', #3260, #4244, #3946, .T. ) ;
#594 = ORIENTED_EDGE ( 'NONE', *, *, #2600, .F. ) ;
#595 = CIRCLE ( 'NONE', #233, 1.074999999991986810 ) ;
#596 = EDGE_CURVE ( 'NONE', #3394, #4737, #3864, .T. ) ;
#597 = VECTOR ( 'NONE', #3776, 1000.000000000000000 ) ;
#598 = DIRECTION ( 'NONE',  ( -0.5877852522924660317, 0.8090169943749524473, 0.000000000000000000 ) ) ;
#599 = ORIENTED_EDGE ( 'NONE', *, *, #5013, .T. ) ;
#600 = ORIENTED_EDGE ( 'NONE', *, *, #370, .F. ) ;
#601 = DIRECTION ( 'NONE',  ( -1.000000000000000000, 0.000000000000000000, 0.000000000000000000 ) ) ;
#602 = CARTESIAN_POINT ( 'NONE',  ( 95.81653281653778720, -77.74328403198433080, 0.000000000000000000 ) ) ;
#603 = CIRCLE ( 'NONE', #3895, 1.549999999999995826 ) ;
#604 = DIRECTION ( 'NONE',  ( 1.000000000000000000, 0.000000000000000000, 0.000000000000000000 ) ) ;
#605 = CIRCLE ( 'NONE', #877, 5.000000000000000888 ) ;
#606 = DIRECTION ( 'NONE',  ( 0.5227121266271196331, 0.8525092566517703530, -0.000000000000000000 ) ) ;
#607 = ADVANCED_FACE ( 'NONE', ( #3557 ), #3446, .F. ) ;
#608 = EDGE_CURVE ( 'NONE', #2765, #680, #4810, .T. ) ;
#609 = DIRECTION ( 'NONE',  ( -0.000000000000000000, -0.000000000000000000, 1.000000000000000000 ) ) ;
#610 = AXIS2_PLACEMENT_3D ( 'NONE', #3281, #326, #2057 ) ;
#611 = VECTOR ( 'NONE', #4558, 1000.000000000000000 ) ;
#612 = CARTESIAN_POINT ( 'NONE',  ( 22.58585882915343390, -13.81180667449477895, 4.000000000000000000 ) ) ;
#613 = FACE_OUTER_BOUND ( 'NONE', #3477, .T. ) ;
#614 = DIRECTION ( 'NONE',  ( -0.7968431607665326100, -0.6041862106499963359, 0.000000000000000000 ) ) ;
#615 = AXIS2_PLACEMENT_3D ( 'NONE', #941, #3026, #863 ) ;
#616 = CIRCLE ( 'NONE', #3546, 1.074999999981193444 ) ;
#617 = DIRECTION ( 'NONE',  ( 1.000000000000000000, 0.000000000000000000, 0.000000000000000000 ) ) ;
#618 = ORIENTED_EDGE ( 'NONE', *, *, #3988, .F. ) ;
#619 =( GEOMETRIC_REPRESENTATION_CONTEXT ( 3 ) GLOBAL_UNCERTAINTY_ASSIGNED_CONTEXT ( ( #2784 ) ) GLOBAL_UNIT_ASSIGNED_CONTEXT ( ( #5371, #4482, #2701 ) ) REPRESENTATION_CONTEXT ( 'NONE', 'WORKASPACE' ) );
#620 = VECTOR ( 'NONE', #3220, 1000.000000000000000 ) ;
#621 = ORIENTED_EDGE ( 'NONE', *, *, #173, .T. ) ;
#622 = FACE_OUTER_BOUND ( 'NONE', #1271, .T. ) ;
#623 = EDGE_CURVE ( 'NONE', #2792, #4738, #1781, .T. ) ;
#624 = DIRECTION ( 'NONE',  ( -0.000000000000000000, 1.000000000000000000, -0.000000000000000000 ) ) ;
#625 = CARTESIAN_POINT ( 'NONE',  ( 60.22456134274527528, 43.75570504584412390, 4.000000000000000000 ) ) ;
#626 = ORIENTED_EDGE ( 'NONE', *, *, #4143, .T. ) ;
#627 = ORIENTED_EDGE ( 'NONE', *, *, #4020, .T. ) ;
#628 = DIRECTION ( 'NONE',  ( -0.000000000000000000, -0.000000000000000000, -1.000000000000000000 ) ) ;
#629 = EDGE_CURVE ( 'NONE', #5148, #3202, #4332, .T. ) ;
#630 = ORIENTED_EDGE ( 'NONE', *, *, #4329, .T. ) ;
#631 = CARTESIAN_POINT ( 'NONE',  ( -5.692406460746181729, -90.68207867741209327, 4.000000000000003553 ) ) ;
#632 = ORIENTED_EDGE ( 'NONE', *, *, #4304, .T. ) ;
#633 = ORIENTED_EDGE ( 'NONE', *, *, #1471, .T. ) ;
#634 = DIRECTION ( 'NONE',  ( -1.000000000000000000, 0.000000000000000000, 0.000000000000000000 ) ) ;
#635 = DIRECTION ( 'NONE',  ( -1.000000000000000000, 0.000000000000000000, 0.000000000000000000 ) ) ;
#636 = DIRECTION ( 'NONE',  ( -0.000000000000000000, -0.000000000000000000, -1.000000000000000000 ) ) ;
#637 = DIRECTION ( 'NONE',  ( -0.000000000000000000, -0.000000000000000000, -1.000000000000000000 ) ) ;
#638 = CYLINDRICAL_SURFACE ( 'NONE', #4701, 1.549999999991967581 ) ;
#639 = CARTESIAN_POINT ( 'NONE',  ( 0.2500000000000093259, -72.97957712075162817, -0.01000000000000000021 ) ) ;
#640 = CARTESIAN_POINT ( 'NONE',  ( 110.5437131805293234, 53.66704032748526032, 122.0421419384104524 ) ) ;
#641 = VERTEX_POINT ( 'NONE', #3025 ) ;
#642 = EDGE_CURVE ( 'NONE', #2005, #2977, #3923, .T. ) ;
#643 = EDGE_CURVE ( 'NONE', #665, #5405, #2589, .T. ) ;
#644 = LINE ( 'NONE', #4475, #5232 ) ;
#645 = DIRECTION ( 'NONE',  ( -0.000000000000000000, -0.000000000000000000, -1.000000000000000000 ) ) ;
#646 = ORIENTED_EDGE ( 'NONE', *, *, #4180, .T. ) ;
#647 = AXIS2_PLACEMENT_3D ( 'NONE', #3518, #2629, #3100 ) ;
#648 = ORIENTED_EDGE ( 'NONE', *, *, #5509, .T. ) ;
#649 = DIRECTION ( 'NONE',  ( 0.000000000000000000, 0.000000000000000000, 1.000000000000000000 ) ) ;
#650 = DIRECTION ( 'NONE',  ( -0.000000000000000000, -0.000000000000000000, -1.000000000000000000 ) ) ;
#651 = VERTEX_POINT ( 'NONE', #1417 ) ;
#652 = LINE ( 'NONE', #3599, #2555 ) ;
#653 = EDGE_LOOP ( 'NONE', ( #3913, #3877 ) ) ;
#654 = CARTESIAN_POINT ( 'NONE',  ( 8.925000000022373925, 9.999999999980474286, 4.000000000000000000 ) ) ;
#655 = EDGE_CURVE ( 'NONE', #1983, #131, #3108, .T. ) ;
#656 = VERTEX_POINT ( 'NONE', #2691 ) ;
#657 = VERTEX_POINT ( 'NONE', #5257 ) ;
#658 = CYLINDRICAL_SURFACE ( 'NONE', #3148, 1.549999999840900866 ) ;
#659 = CARTESIAN_POINT ( 'NONE',  ( 51.73194355956216128, -139.5926543380830935, 158.4340709352140379 ) ) ;
#660 = DIRECTION ( 'NONE',  ( -0.000000000000000000, -0.000000000000000000, -1.000000000000000000 ) ) ;
#661 = PLANE ( 'NONE',  #234 ) ;
#662 = CARTESIAN_POINT ( 'NONE',  ( 13.82499999999553708, -12.75000000001738520, 0.000000000000000000 ) ) ;
#663 = DIRECTION ( 'NONE',  ( -2.455601003620118906E-16, 1.000000000000000000, 0.000000000000000000 ) ) ;
#664 = DIRECTION ( 'NONE',  ( -0.1564344650402102466, 0.9876883405951409900, 0.000000000000000000 ) ) ;
#665 = VERTEX_POINT ( 'NONE', #577 ) ;
#666 = DIRECTION ( 'NONE',  ( -0.000000000000000000, -0.000000000000000000, -1.000000000000000000 ) ) ;
#667 = AXIS2_PLACEMENT_3D ( 'NONE', #4525, #5336, #1522 ) ;
#668 = DIRECTION ( 'NONE',  ( -1.000000000000000000, 0.000000000000000000, 0.000000000000000000 ) ) ;
#669 = ORIENTED_EDGE ( 'NONE', *, *, #2622, .F. ) ;
#670 = ADVANCED_FACE ( 'NONE', ( #2610 ), #2267, .F. ) ;
#671 = ORIENTED_EDGE ( 'NONE', *, *, #502, .T. ) ;
#672 = CARTESIAN_POINT ( 'NONE',  ( 174.7882775241196214, 0.1983068000791232688, 0.000000000000000000 ) ) ;
#673 = APPLICATION_PROTOCOL_DEFINITION ( 'draft international standard', 'automotive_design', 1998, #2316 ) ;
#674 = CARTESIAN_POINT ( 'NONE',  ( 119.9379462564884307, 75.79468376984901568, 0.000000000000000000 ) ) ;
#675 = ORIENTED_EDGE ( 'NONE', *, *, #2721, .T. ) ;
#676 = DIRECTION ( 'NONE',  ( -1.000000000000000000, 0.000000000000000000, 0.000000000000000000 ) ) ;
#677 = VECTOR ( 'NONE', #14, 1000.000000000000000 ) ;
#678 = ORIENTED_EDGE ( 'NONE', *, *, #1984, .F. ) ;
#679 = DIRECTION ( 'NONE',  ( 1.000000000000000000, 0.000000000000000000, 0.000000000000000000 ) ) ;
#680 = VERTEX_POINT ( 'NONE', #1857 ) ;
#681 = CIRCLE ( 'NONE', #2016, 1.549999999991967581 ) ;
#682 = VERTEX_POINT ( 'NONE', #1363 ) ;
#683 = CARTESIAN_POINT ( 'NONE',  ( 102.8910111393997511, 82.65458463961226698, 0.000000000000000000 ) ) ;
#684 = CARTESIAN_POINT ( 'NONE',  ( 44.04422145524898013, -32.00000000002795986, 4.000000000000000000 ) ) ;
#685 = EDGE_CURVE ( 'NONE', #4199, #4201, #4303, .T. ) ;
#686 = ADVANCED_FACE ( 'NONE', ( #1442 ), #2637, .T. ) ;
#687 = AXIS2_PLACEMENT_3D ( 'NONE', #4438, #1517, #4074 ) ;
#688 = AXIS2_PLACEMENT_3D ( 'NONE', #5230, #5202, #3110 ) ;
#689 = CARTESIAN_POINT ( 'NONE',  ( 93.59868271453520094, 76.52523603414235254, 0.000000000000000000 ) ) ;
#690 = DIRECTION ( 'NONE',  ( -1.000000000000000000, 0.000000000000000000, 0.000000000000000000 ) ) ;
#691 = VECTOR ( 'NONE', #2593, 1000.000000000000000 ) ;
#692 = DIRECTION ( 'NONE',  ( -3.601257232813777978E-16, -1.000000000000000000, 0.000000000000000000 ) ) ;
#693 = AXIS2_PLACEMENT_3D ( 'NONE', #2103, #5118, #3807 ) ;
#694 = DIRECTION ( 'NONE',  ( -0.000000000000000000, -0.000000000000000000, -1.000000000000000000 ) ) ;
#695 = LINE ( 'NONE', #4981, #5502 ) ;
#696 = CIRCLE ( 'NONE', #2288, 1.550000000000002709 ) ;
#697 = CARTESIAN_POINT ( 'NONE',  ( 39.33499999998124963, -129.0823004019084408, 4.000000000000003553 ) ) ;
#698 = VERTEX_POINT ( 'NONE', #207 ) ;
#699 = DIRECTION ( 'NONE',  ( 0.000000000000000000, 0.000000000000000000, 1.000000000000000000 ) ) ;
#700 = CARTESIAN_POINT ( 'NONE',  ( 93.84115613534750366, -78.05615296206481446, 158.4340709352140379 ) ) ;
#701 = CIRCLE ( 'NONE', #615, 1.549999999981177545 ) ;
#702 = CARTESIAN_POINT ( 'NONE',  ( 104.4410111393996914, 82.65458463961226698, 0.000000000000000000 ) ) ;
#703 = AXIS2_PLACEMENT_3D ( 'NONE', #2830, #2383, #4496 ) ;
#704 = FACE_OUTER_BOUND ( 'NONE', #3326, .T. ) ;
#705 = ORIENTED_EDGE ( 'NONE', *, *, #5028, .T. ) ;
#706 = CYLINDRICAL_SURFACE ( 'NONE', #1232, 5.000000000000004441 ) ;
#707 = VERTEX_POINT ( 'NONE', #1466 ) ;
#708 = AXIS2_PLACEMENT_3D ( 'NONE', #2341, #4821, #5349 ) ;
#709 = FACE_OUTER_BOUND ( 'NONE', #5088, .T. ) ;
#710 = EDGE_CURVE ( 'NONE', #4437, #3522, #1992, .T. ) ;
#711 = EDGE_CURVE ( 'NONE', #3798, #483, #5299, .T. ) ;
#712 = VERTEX_POINT ( 'NONE', #4469 ) ;
#713 = CARTESIAN_POINT ( 'NONE',  ( 86.25795490621224815, -86.15536419062809159, 4.000000000000003553 ) ) ;
#714 = ORIENTED_EDGE ( 'NONE', *, *, #5334, .F. ) ;
#715 = AXIS2_PLACEMENT_3D ( 'NONE', #3374, #1830, #3082 ) ;
#716 = CARTESIAN_POINT ( 'NONE',  ( 11.53884940632647726, 19.58812332654094845, 4.000000000000000000 ) ) ;
#717 = DIRECTION ( 'NONE',  ( 1.000000000000000000, 0.000000000000000000, 0.000000000000000000 ) ) ;
#718 = LINE ( 'NONE', #1086, #3802 ) ;
#719 = SURFACE_SIDE_STYLE ('',( #3724 ) ) ;
#720 = ADVANCED_FACE ( 'NONE', ( #1969 ), #4002, .F. ) ;
#721 = CARTESIAN_POINT ( 'NONE',  ( 87.33223417340103367, -72.08654941181339382, 0.000000000000000000 ) ) ;
#722 = CARTESIAN_POINT ( 'NONE',  ( 1.595184984638639891, -2.103841866565072660, 0.000000000000000000 ) ) ;
#723 = DIRECTION ( 'NONE',  ( -1.000000000000000000, 0.000000000000000000, 0.000000000000000000 ) ) ;
#724 = DIRECTION ( 'NONE',  ( -0.000000000000000000, -0.000000000000000000, 1.000000000000000000 ) ) ;
#725 = VERTEX_POINT ( 'NONE', #4492 ) ;
#726 = EDGE_CURVE ( 'NONE', #3711, #2198, #1548, .T. ) ;
#727 = DIRECTION ( 'NONE',  ( 0.1564344650402462178, 0.9876883405951353279, -0.000000000000000000 ) ) ;
#728 = ORIENTED_EDGE ( 'NONE', *, *, #792, .T. ) ;
#729 = DIRECTION ( 'NONE',  ( 0.1564344650402181014, -0.9876883405951397688, 0.000000000000000000 ) ) ;
#730 = EDGE_LOOP ( 'NONE', ( #3677, #3304, #1462, #1690, #1564 ) ) ;
#731 = CARTESIAN_POINT ( 'NONE',  ( 76.41647994167055913, -1.847912566164685949E-11, 4.000000000000000000 ) ) ;
#732 = ORIENTED_EDGE ( 'NONE', *, *, #397, .F. ) ;
#733 = CARTESIAN_POINT ( 'NONE',  ( 33.95606622556360321, -153.8003287957969007, 0.000000000000000000 ) ) ;
#734 = ORIENTED_EDGE ( 'NONE', *, *, #2848, .T. ) ;
#735 = VERTEX_POINT ( 'NONE', #2352 ) ;
#736 = DIRECTION ( 'NONE',  ( -0.6248766859136423157, -0.7807234641033810041, 0.000000000000000000 ) ) ;
#737 = VERTEX_POINT ( 'NONE', #5358 ) ;
#738 = ADVANCED_FACE ( 'NONE', ( #1572 ), #4411, .F. ) ;
#739 = EDGE_CURVE ( 'NONE', #712, #4718, #2990, .T. ) ;
#740 = CARTESIAN_POINT ( 'NONE',  ( 71.08098388797360201, -137.8806404420020613, 0.000000000000000000 ) ) ;
#741 = DIRECTION ( 'NONE',  ( 0.8525092566517703530, -0.5227121266271196331, 0.000000000000000000 ) ) ;
#742 = CYLINDRICAL_SURFACE ( 'NONE', #3000, 1.550000000000023581 ) ;
#743 = CARTESIAN_POINT ( 'NONE',  ( 42.08499999992290697, -129.0823004019084408, 158.4340709352140379 ) ) ;
#744 = VERTEX_POINT ( 'NONE', #4111 ) ;
#745 = DIRECTION ( 'NONE',  ( 0.000000000000000000, 0.000000000000000000, 1.000000000000000000 ) ) ;
#746 = LINE ( 'NONE', #2388, #2206 ) ;
#747 = CARTESIAN_POINT ( 'NONE',  ( 42.97376278460060206, 95.09724438915459643, 122.0421419384104524 ) ) ;
#748 = ORIENTED_EDGE ( 'NONE', *, *, #4321, .F. ) ;
#749 = FACE_OUTER_BOUND ( 'NONE', #5435, .T. ) ;
#750 = CARTESIAN_POINT ( 'NONE',  ( 29.99999999999999645, 95.09724438915459643, 0.000000000000000000 ) ) ;
#751 = CARTESIAN_POINT ( 'NONE',  ( 34.00000000000000711, -3.250000000000000000, 0.000000000000000000 ) ) ;
#752 = ORIENTED_EDGE ( 'NONE', *, *, #1569, .F. ) ;
#753 = EDGE_CURVE ( 'NONE', #4859, #4350, #5040, .T. ) ;
#754 = EDGE_CURVE ( 'NONE', #2084, #5138, #507, .T. ) ;
#755 = DIRECTION ( 'NONE',  ( -0.000000000000000000, -0.000000000000000000, 1.000000000000000000 ) ) ;
#756 = VERTEX_POINT ( 'NONE', #4086 ) ;
#757 = CIRCLE ( 'NONE', #2708, 1.550000000000051337 ) ;
#758 = CARTESIAN_POINT ( 'NONE',  ( 11.07499999999553353, -10.00000000001742606, 4.000000000000000000 ) ) ;
#759 = CARTESIAN_POINT ( 'NONE',  ( 67.36071162167239379, 56.04781258044412340, 4.000000000000000000 ) ) ;
#760 = VERTEX_POINT ( 'NONE', #2380 ) ;
#761 = VERTEX_POINT ( 'NONE', #3271 ) ;
#762 = CARTESIAN_POINT ( 'NONE',  ( 31.00000000000000711, 3.250000000000000000, 4.000000000000000000 ) ) ;
#763 = EDGE_LOOP ( 'NONE', ( #3182, #3462, #4569, #812 ) ) ;
#764 = LINE ( 'NONE', #5472, #4022 ) ;
#765 = DIRECTION ( 'NONE',  ( 0.5877852522924750245, -0.8090169943749461190, 0.000000000000000000 ) ) ;
#766 = EDGE_CURVE ( 'NONE', #4409, #937, #5337, .T. ) ;
#767 = ADVANCED_FACE ( 'NONE', ( #4895 ), #1021, .F. ) ;
#768 = LINE ( 'NONE', #4609, #1843 ) ;
#769 = VERTEX_POINT ( 'NONE', #3215 ) ;
#770 = VECTOR ( 'NONE', #4139, 1000.000000000000000 ) ;
#771 = CARTESIAN_POINT ( 'NONE',  ( 110.2094940032089312, -109.1670495650465256, 4.000000000000003553 ) ) ;
#772 = ORIENTED_EDGE ( 'NONE', *, *, #1465, .F. ) ;
#773 = LINE ( 'NONE', #5123, #1479 ) ;
#774 = LINE ( 'NONE', #4116, #5320 ) ;
#775 = CIRCLE ( 'NONE', #3972, 96.68976941081567134 ) ;
#776 = EDGE_CURVE ( 'NONE', #2667, #5114, #2906, .T. ) ;
#777 = ADVANCED_FACE ( 'NONE', ( #2714 ), #2773, .F. ) ;
#778 = CARTESIAN_POINT ( 'NONE',  ( 33.43610365449291066, 84.48473150207733795, 4.000000000000003553 ) ) ;
#779 = ORIENTED_EDGE ( 'NONE', *, *, #4576, .F. ) ;
#780 = AXIS2_PLACEMENT_3D ( 'NONE', #4087, #2410, #1056 ) ;
#781 = LINE ( 'NONE', #3651, #5365 ) ;
#782 = FACE_BOUND ( 'NONE', #1722, .T. ) ;
#783 = CARTESIAN_POINT ( 'NONE',  ( 103.2286440353377799, 74.99999999999991473, 4.000000000000003553 ) ) ;
#784 = SHAPE_DEFINITION_REPRESENTATION ( #3191, #1023 ) ;
#785 = VERTEX_POINT ( 'NONE', #602 ) ;
#786 = CIRCLE ( 'NONE', #2733, 1.074999999981193444 ) ;
#787 = VECTOR ( 'NONE', #4514, 1000.000000000000000 ) ;
#788 = LINE ( 'NONE', #1121, #3896 ) ;
#789 = ORIENTED_EDGE ( 'NONE', *, *, #1756, .T. ) ;
#790 = AXIS2_PLACEMENT_3D ( 'NONE', #1502, #666, #1030 ) ;
#791 = VECTOR ( 'NONE', #299, 1000.000000000000000 ) ;
#792 = EDGE_CURVE ( 'NONE', #2842, #2897, #681, .T. ) ;
#793 = ORIENTED_EDGE ( 'NONE', *, *, #4590, .T. ) ;
#794 = DIRECTION ( 'NONE',  ( -0.000000000000000000, -0.000000000000000000, -1.000000000000000000 ) ) ;
#795 = CARTESIAN_POINT ( 'NONE',  ( 101.7184382219827938, 61.76690542735565259, 4.000000000000003553 ) ) ;
#796 = ORIENTED_EDGE ( 'NONE', *, *, #3857, .F. ) ;
#797 = AXIS2_PLACEMENT_3D ( 'NONE', #5517, #4228, #1337 ) ;
#798 = PRESENTATION_LAYER_ASSIGNMENT (  '', '', ( #160 ) ) ;
#799 = ORIENTED_EDGE ( 'NONE', *, *, #2762, .F. ) ;
#800 = ORIENTED_EDGE ( 'NONE', *, *, #5282, .T. ) ;
#801 = EDGE_CURVE ( 'NONE', #2407, #3120, #419, .T. ) ;
#802 = CARTESIAN_POINT ( 'NONE',  ( 100.4853600033535344, 67.58788878120009258, 122.0421419384104524 ) ) ;
#803 = CIRCLE ( 'NONE', #4265, 4.999999999999997335 ) ;
#804 = FACE_OUTER_BOUND ( 'NONE', #2392, .T. ) ;
#805 = CYLINDRICAL_SURFACE ( 'NONE', #4773, 1.550000000000051337 ) ;
#806 = ORIENTED_EDGE ( 'NONE', *, *, #3850, .T. ) ;
#807 = CYLINDRICAL_SURFACE ( 'NONE', #4888, 5.000000000000004441 ) ;
#808 = ORIENTED_EDGE ( 'NONE', *, *, #4719, .T. ) ;
#809 = DIRECTION ( 'NONE',  ( -0.000000000000000000, -0.000000000000000000, -1.000000000000000000 ) ) ;
#810 = PLANE ( 'NONE',  #525 ) ;
#811 = CARTESIAN_POINT ( 'NONE',  ( 11.53884940632647549, -19.58812332654094845, 4.000000000000000000 ) ) ;
#812 = ORIENTED_EDGE ( 'NONE', *, *, #4366, .T. ) ;
#813 = ADVANCED_FACE ( 'NONE', ( #804 ), #2548, .T. ) ;
#814 = CIRCLE ( 'NONE', #3744, 1.550000000000051337 ) ;
#815 = EDGE_CURVE ( 'NONE', #2519, #1578, #775, .T. ) ;
#816 = DIRECTION ( 'NONE',  ( 0.000000000000000000, 0.000000000000000000, -1.000000000000000000 ) ) ;
#817 = CARTESIAN_POINT ( 'NONE',  ( 101.7034080011955837, -65.37003867919737843, 158.4340709352140379 ) ) ;
#818 = CARTESIAN_POINT ( 'NONE',  ( -5.692406460746442853, -90.68207867741389805, 0.000000000000000000 ) ) ;
#819 = VERTEX_POINT ( 'NONE', #3301 ) ;
#820 = CARTESIAN_POINT ( 'NONE',  ( 15.25000000001435652, 15.24999999998041567, 0.000000000000000000 ) ) ;
#821 = ORIENTED_EDGE ( 'NONE', *, *, #2139, .T. ) ;
#822 = ORIENTED_EDGE ( 'NONE', *, *, #3327, .F. ) ;
#823 = DIRECTION ( 'NONE',  ( -0.000000000000000000, -0.000000000000000000, -1.000000000000000000 ) ) ;
#824 = LINE ( 'NONE', #5110, #4612 ) ;
#825 = AXIS2_PLACEMENT_3D ( 'NONE', #377, #2495, #4551 ) ;
#826 = EDGE_LOOP ( 'NONE', ( #4723, #3007, #248, #4394 ) ) ;
#827 = ORIENTED_EDGE ( 'NONE', *, *, #3234, .F. ) ;
#828 = VERTEX_POINT ( 'NONE', #3392 ) ;
#829 = CARTESIAN_POINT ( 'NONE',  ( 1.544597783009749037E-11, 95.09724438915459643, 0.000000000000000000 ) ) ;
#830 = CARTESIAN_POINT ( 'NONE',  ( 93.59868271453514410, -76.52523603414232412, 0.000000000000000000 ) ) ;
#831 = EDGE_CURVE ( 'NONE', #493, #3152, #3775, .T. ) ;
#832 = CARTESIAN_POINT ( 'NONE',  ( 102.0162769312760247, -67.34541536038767617, 158.4340709352140379 ) ) ;
#833 = ORIENTED_EDGE ( 'NONE', *, *, #569, .F. ) ;
#834 = CARTESIAN_POINT ( 'NONE',  ( 95.57405939572547027, 76.21236710406188308, 4.000000000000003553 ) ) ;
#835 = ORIENTED_EDGE ( 'NONE', *, *, #5397, .T. ) ;
#836 = CARTESIAN_POINT ( 'NONE',  ( 33.92105049611463130, 87.54656535792196337, 0.000000000000000000 ) ) ;
#837 = DIRECTION ( 'NONE',  ( -0.000000000000000000, -0.000000000000000000, -1.000000000000000000 ) ) ;
#838 = DIRECTION ( 'NONE',  ( -1.000000000000000000, 0.000000000000000000, 0.000000000000000000 ) ) ;
#839 = ORIENTED_EDGE ( 'NONE', *, *, #2964, .F. ) ;
#840 = AXIS2_PLACEMENT_3D ( 'NONE', #4358, #3940, #1818 ) ;
#841 = CARTESIAN_POINT ( 'NONE',  ( 105.9719280673219686, 82.41211121880002111, 122.0421419384104524 ) ) ;
#842 = FACE_BOUND ( 'NONE', #1145, .T. ) ;
#843 = DIRECTION ( 'NONE',  ( -1.000000000000000000, 0.000000000000000000, 0.000000000000000000 ) ) ;
#844 = ADVANCED_FACE ( 'NONE', ( #4196 ), #9, .F. ) ;
#845 = DIRECTION ( 'NONE',  ( -0.000000000000000000, -0.000000000000000000, -1.000000000000000000 ) ) ;
#846 = ORIENTED_EDGE ( 'NONE', *, *, #4321, .T. ) ;
#847 = ORIENTED_EDGE ( 'NONE', *, *, #4406, .F. ) ;
#848 = CARTESIAN_POINT ( 'NONE',  ( 12.75000000001435652, 12.74999999998042810, 4.000000000000000000 ) ) ;
#849 = CARTESIAN_POINT ( 'NONE',  ( 81.53862968008381529, 72.52901289595419598, 4.000000000000000000 ) ) ;
#850 = ORIENTED_EDGE ( 'NONE', *, *, #4293, .F. ) ;
#851 = EDGE_LOOP ( 'NONE', ( #52, #4140, #1518, #3699 ) ) ;
#852 = VERTEX_POINT ( 'NONE', #2908 ) ;
#853 = CARTESIAN_POINT ( 'NONE',  ( 13.77609861498593347, -22.92434429574828769, 0.000000000000000000 ) ) ;
#854 = CARTESIAN_POINT ( 'NONE',  ( 13.82500000000634266, 12.74999999998042810, 4.000000000000000000 ) ) ;
#855 = CARTESIAN_POINT ( 'NONE',  ( -5.692406460746181729, -90.68207867741209327, 158.4340709352140379 ) ) ;
#856 = ORIENTED_EDGE ( 'NONE', *, *, #570, .T. ) ;
#857 = CARTESIAN_POINT ( 'NONE',  ( 45.59737559172942412, -125.3590056230964080, 0.000000000000000000 ) ) ;
#858 = CIRCLE ( 'NONE', #4402, 0.5000000000000004441 ) ;
#859 = VERTEX_POINT ( 'NONE', #4607 ) ;
#860 = EDGE_CURVE ( 'NONE', #2236, #4295, #5418, .T. ) ;
#861 = ADVANCED_FACE ( 'NONE', ( #2963 ), #3720, .F. ) ;
#862 = DIRECTION ( 'NONE',  ( 2.455601003620118906E-16, -1.000000000000000000, 0.000000000000000000 ) ) ;
#863 = DIRECTION ( 'NONE',  ( -1.000000000000000000, 0.000000000000000000, 0.000000000000000000 ) ) ;
#864 = AXIS2_PLACEMENT_3D ( 'NONE', #5389, #3222, #3694 ) ;
#865 = DIRECTION ( 'NONE',  ( 1.000000000000000000, 0.000000000000000000, 0.000000000000000000 ) ) ;
#866 = CIRCLE ( 'NONE', #3705, 5.000000000000004441 ) ;
#867 = EDGE_CURVE ( 'NONE', #5436, #3960, #4973, .T. ) ;
#868 = CARTESIAN_POINT ( 'NONE',  ( 10.00000000001434408, -10.00000000001742606, 0.000000000000000000 ) ) ;
#869 = CARTESIAN_POINT ( 'NONE',  ( 74.12024202303582854, 46.74411714513228588, 4.000000000000000000 ) ) ;
#870 = AXIS2_PLACEMENT_3D ( 'NONE', #2427, #4544, #4796 ) ;
#871 = AXIS2_PLACEMENT_3D ( 'NONE', #2269, #3131, #3973 ) ;
#872 = CARTESIAN_POINT ( 'NONE',  ( 97.04552707164421577, -59.69210776712935740, 0.000000000000000000 ) ) ;
#873 = EDGE_LOOP ( 'NONE', ( #1932, #247, #632, #5050 ) ) ;
#874 = ORIENTED_EDGE ( 'NONE', *, *, #1951, .T. ) ;
#875 = AXIS2_PLACEMENT_3D ( 'NONE', #1513, #1537, #3653 ) ;
#876 = CARTESIAN_POINT ( 'NONE',  ( 30.50000000000000711, -2.750000000000000888, 0.000000000000000000 ) ) ;
#877 = AXIS2_PLACEMENT_3D ( 'NONE', #169, #650, #1871 ) ;
#878 = CYLINDRICAL_SURFACE ( 'NONE', #4706, 2.749999999941660001 ) ;
#879 = VERTEX_POINT ( 'NONE', #2134 ) ;
#880 = ORIENTED_EDGE ( 'NONE', *, *, #4329, .F. ) ;
#881 = CIRCLE ( 'NONE', #4608, 5.000000000000004441 ) ;
#882 = AXIS2_PLACEMENT_3D ( 'NONE', #1031, #4424, #617 ) ;
#883 = VERTEX_POINT ( 'NONE', #318 ) ;
#884 = EDGE_CURVE ( 'NONE', #4738, #4737, #4552, .T. ) ;
#885 = EDGE_CURVE ( 'NONE', #3547, #27, #2725, .T. ) ;
#886 = DIRECTION ( 'NONE',  ( 0.7968431607665327210, 0.6041862106499963359, 0.000000000000000000 ) ) ;
#887 = DIRECTION ( 'NONE',  ( -1.000000000000000000, 0.000000000000000000, 0.000000000000000000 ) ) ;
#888 = CIRCLE ( 'NONE', #5324, 3.374999999999989342 ) ;
#889 =( GEOMETRIC_REPRESENTATION_CONTEXT ( 3 ) GLOBAL_UNCERTAINTY_ASSIGNED_CONTEXT ( ( #1509 ) ) GLOBAL_UNIT_ASSIGNED_CONTEXT ( ( #269, #2754, #2856 ) ) REPRESENTATION_CONTEXT ( 'NONE', 'WORKASPACE' ) );
#890 = CARTESIAN_POINT ( 'NONE',  ( 31.68982040616755214, -149.6465208211111531, 158.4340709352140379 ) ) ;
#891 = ORIENTED_EDGE ( 'NONE', *, *, #2876, .T. ) ;
#892 = DIRECTION ( 'NONE',  ( -0.000000000000000000, -0.000000000000000000, -1.000000000000000000 ) ) ;
#893 = VECTOR ( 'NONE', #4171, 999.9999999999998863 ) ;
#894 = ORIENTED_EDGE ( 'NONE', *, *, #1239, .T. ) ;
#895 = CARTESIAN_POINT ( 'NONE',  ( 60.22456134274527528, -43.75570504588107923, 4.000000000000000000 ) ) ;
#896 = FACE_OUTER_BOUND ( 'NONE', #357, .T. ) ;
#897 = LINE ( 'NONE', #811, #2745 ) ;
#898 = EDGE_CURVE ( 'NONE', #3343, #333, #1836, .T. ) ;
#899 = FACE_BOUND ( 'NONE', #3826, .T. ) ;
#900 = DIRECTION ( 'NONE',  ( 0.000000000000000000, 0.000000000000000000, 1.000000000000000000 ) ) ;
#901 = EDGE_CURVE ( 'NONE', #2092, #411, #2074, .T. ) ;
#902 = DIRECTION ( 'NONE',  ( -0.000000000000000000, -0.000000000000000000, -1.000000000000000000 ) ) ;
#903 = VERTEX_POINT ( 'NONE', #4166 ) ;
#904 = EDGE_LOOP ( 'NONE', ( #2961, #5215 ) ) ;
#905 = DIRECTION ( 'NONE',  ( 0.000000000000000000, 0.000000000000000000, 1.000000000000000000 ) ) ;
#906 = DIRECTION ( 'NONE',  ( -0.000000000000000000, -0.000000000000000000, -1.000000000000000000 ) ) ;
#907 = VERTEX_POINT ( 'NONE', #4661 ) ;
#908 = ORIENTED_EDGE ( 'NONE', *, *, #3046, .T. ) ;
#909 = ORIENTED_EDGE ( 'NONE', *, *, #2064, .T. ) ;
#910 = CARTESIAN_POINT ( 'NONE',  ( 47.50030153647242059, -136.9293470354195676, 4.000000000000058620 ) ) ;
#911 = LINE ( 'NONE', #3020, #4691 ) ;
#912 = EDGE_CURVE ( 'NONE', #3388, #2001, #5003, .T. ) ;
#913 = VERTEX_POINT ( 'NONE', #2940 ) ;
#914 = ADVANCED_FACE ( 'NONE', ( #4637 ), #1693, .T. ) ;
#915 = CARTESIAN_POINT ( 'NONE',  ( 62.06437347111597802, -118.6816957958411791, 0.000000000000000000 ) ) ;
#916 = VECTOR ( 'NONE', #3719, 999.9999999999998863 ) ;
#917 = EDGE_LOOP ( 'NONE', ( #2113, #3968 ) ) ;
#918 = CARTESIAN_POINT ( 'NONE',  ( 10.00000000001435474, 9.999999999980474286, 4.000000000000000000 ) ) ;
#919 = LINE ( 'NONE', #2996, #5062 ) ;
#920 = CARTESIAN_POINT ( 'NONE',  ( 34.00000000000000711, 3.250000000000000000, 4.000000000000003553 ) ) ;
#921 = CARTESIAN_POINT ( 'NONE',  ( 15.70870473955837987, -149.8123522318014693, 4.000000000000003553 ) ) ;
#922 = CARTESIAN_POINT ( 'NONE',  ( 34.00000000000000711, -3.250000000000000000, 4.000000000000003553 ) ) ;
#923 = LINE ( 'NONE', #5160, #691 ) ;
#924 = CARTESIAN_POINT ( 'NONE',  ( 32.95000000000000995, 90.84999999999999432, 0.000000000000000000 ) ) ;
#925 = VERTEX_POINT ( 'NONE', #854 ) ;
#926 = ORIENTED_EDGE ( 'NONE', *, *, #5293, .T. ) ;
#927 = DIRECTION ( 'NONE',  ( -0.000000000000000000, -0.000000000000000000, -1.000000000000000000 ) ) ;
#928 = EDGE_CURVE ( 'NONE', #2904, #4684, #5303, .T. ) ;
#929 = ADVANCED_FACE ( 'NONE', ( #3749 ), #4220, .T. ) ;
#930 = CARTESIAN_POINT ( 'NONE',  ( 93.59868271453514410, -76.52523603414232412, 4.000000000000003553 ) ) ;
#931 = ORIENTED_EDGE ( 'NONE', *, *, #5318, .F. ) ;
#932 = ORIENTED_EDGE ( 'NONE', *, *, #867, .F. ) ;
#933 = DIRECTION ( 'NONE',  ( 0.000000000000000000, 0.000000000000000000, 1.000000000000000000 ) ) ;
#934 = CARTESIAN_POINT ( 'NONE',  ( 93.84115613534757472, 78.05615296206485709, 122.0421419384104524 ) ) ;
#935 = VERTEX_POINT ( 'NONE', #2158 ) ;
#936 = LINE ( 'NONE', #4360, #3195 ) ;
#937 = VERTEX_POINT ( 'NONE', #3859 ) ;
#938 = ORIENTED_EDGE ( 'NONE', *, *, #710, .F. ) ;
#939 = DIRECTION ( 'NONE',  ( -0.000000000000000000, -0.000000000000000000, -1.000000000000000000 ) ) ;
#940 = DIRECTION ( 'NONE',  ( -0.000000000000000000, -0.000000000000000000, -1.000000000000000000 ) ) ;
#941 = CARTESIAN_POINT ( 'NONE',  ( 15.25000000001434408, -15.25000000001736389, 0.000000000000000000 ) ) ;
#942 = DIRECTION ( 'NONE',  ( -0.000000000000000000, 0.000000000000000000, 1.000000000000000000 ) ) ;
#943 = CARTESIAN_POINT ( 'NONE',  ( 33.43610365448986954, 84.48473150207676952, 122.0421419384104524 ) ) ;
#944 = CARTESIAN_POINT ( 'NONE',  ( 39.33499999998124963, -139.4323004018817471, 158.4340709352140379 ) ) ;
#945 = EDGE_CURVE ( 'NONE', #3591, #2550, #2581, .T. ) ;
#946 = EDGE_CURVE ( 'NONE', #935, #2162, #866, .T. ) ;
#947 = DIRECTION ( 'NONE',  ( 1.000000000000000000, 0.000000000000000000, 0.000000000000000000 ) ) ;
#948 = AXIS2_PLACEMENT_3D ( 'NONE', #2187, #1384, #473 ) ;
#949 = LINE ( 'NONE', #4344, #5503 ) ;
#950 = ORIENTED_EDGE ( 'NONE', *, *, #2098, .T. ) ;
#951 = ORIENTED_EDGE ( 'NONE', *, *, #5013, .F. ) ;
#952 = LINE ( 'NONE', #2653, #514 ) ;
#953 = CARTESIAN_POINT ( 'NONE',  ( 0.09051548330227406070, -126.4469002755405569, 0.000000000000000000 ) ) ;
#954 = VECTOR ( 'NONE', #4315, 1000.000000000000000 ) ;
#955 = AXIS2_PLACEMENT_3D ( 'NONE', #3481, #555, #3529 ) ;
#956 = ORIENTED_EDGE ( 'NONE', *, *, #4143, .F. ) ;
#957 = ORIENTED_EDGE ( 'NONE', *, *, #3901, .T. ) ;
#958 = ADVANCED_FACE ( 'NONE', ( #4276 ), #467, .F. ) ;
#959 = CIRCLE ( 'NONE', #4068, 1.550000000000023581 ) ;
#960 = AXIS2_PLACEMENT_3D ( 'NONE', #625, #1897, #4882 ) ;
#961 = CARTESIAN_POINT ( 'NONE',  ( 26.56077366372268500, 0.000000000000000000, 4.000000000000000000 ) ) ;
#962 = VECTOR ( 'NONE', #4264, 1000.000000000000114 ) ;
#963 = ORIENTED_EDGE ( 'NONE', *, *, #4786, .T. ) ;
#964 = DIRECTION ( 'NONE',  ( 1.000000000000000000, 0.000000000000000000, 0.000000000000000000 ) ) ;
#965 = ORIENTED_EDGE ( 'NONE', *, *, #2197, .F. ) ;
#966 = EDGE_CURVE ( 'NONE', #4019, #4000, #5311, .T. ) ;
#967 = AXIS2_PLACEMENT_3D ( 'NONE', #1183, #2874, #3226 ) ;
#968 = VECTOR ( 'NONE', #3248, 1000.000000000000000 ) ;
#969 = ORIENTED_EDGE ( 'NONE', *, *, #2662, .F. ) ;
#970 = CYLINDRICAL_SURFACE ( 'NONE', #4756, 156.0500000007676249 ) ;
#971 = AXIS2_PLACEMENT_3D ( 'NONE', #2223, #3111, #5203 ) ;
#972 = DIRECTION ( 'NONE',  ( 0.000000000000000000, 0.000000000000000000, 1.000000000000000000 ) ) ;
#973 = DIRECTION ( 'NONE',  ( -1.000000000000000000, 0.000000000000000000, 0.000000000000000000 ) ) ;
#974 = CARTESIAN_POINT ( 'NONE',  ( 11.53884940632647549, -19.58812332654094845, 0.000000000000000000 ) ) ;
#975 = AXIS2_PLACEMENT_3D ( 'NONE', #4995, #2516, #1240 ) ;
#976 = AXIS2_PLACEMENT_3D ( 'NONE', #1253, #409, #3420 ) ;
#977 = DIRECTION ( 'NONE',  ( 0.000000000000000000, 0.000000000000000000, 1.000000000000000000 ) ) ;
#978 = PLANE ( 'NONE',  #410 ) ;
#979 = CIRCLE ( 'NONE', #1952, 4.999999999999997335 ) ;
#980 = CARTESIAN_POINT ( 'NONE',  ( 1.595184984638639891, 2.103841866565072660, 0.000000000000000000 ) ) ;
#981 = AXIS2_PLACEMENT_3D ( 'NONE', #1357, #3520, #964 ) ;
#982 = DIRECTION ( 'NONE',  ( -0.000000000000000000, -0.000000000000000000, -1.000000000000000000 ) ) ;
#983 = EDGE_CURVE ( 'NONE', #1205, #261, #3587, .T. ) ;
#984 = ORIENTED_EDGE ( 'NONE', *, *, #5028, .F. ) ;
#985 = AXIS2_PLACEMENT_3D ( 'NONE', #868, #1199, #1672 ) ;
#986 = EDGE_CURVE ( 'NONE', #1264, #1881, #212, .T. ) ;
#987 = ORIENTED_EDGE ( 'NONE', *, *, #629, .F. ) ;
#988 = LINE ( 'NONE', #3934, #954 ) ;
#989 = DIRECTION ( 'NONE',  ( 0.000000000000000000, 0.000000000000000000, 1.000000000000000000 ) ) ;
#990 = EDGE_LOOP ( 'NONE', ( #4238, #3600, #1794, #1668 ) ) ;
#991 = VERTEX_POINT ( 'NONE', #3221 ) ;
#992 = CARTESIAN_POINT ( 'NONE',  ( 61.77456134258617482, 43.75570504584412390, 4.000000000000000000 ) ) ;
#993 = ORIENTED_EDGE ( 'NONE', *, *, #5235, .T. ) ;
#994 = FACE_BOUND ( 'NONE', #1799, .T. ) ;
#995 = EDGE_LOOP ( 'NONE', ( #734, #2525 ) ) ;
#996 = EDGE_LOOP ( 'NONE', ( #1964, #3657 ) ) ;
#997 = PLANE ( 'NONE',  #568 ) ;
#998 = DIRECTION ( 'NONE',  ( -1.000000000000000000, 0.000000000000000000, 0.000000000000000000 ) ) ;
#999 = DIRECTION ( 'NONE',  ( -0.000000000000000000, -0.000000000000000000, -1.000000000000000000 ) ) ;
#1000 = ADVANCED_FACE ( 'NONE', ( #1138 ), #1887, .F. ) ;
#1001 = DIRECTION ( 'NONE',  ( -1.000000000000000000, 0.000000000000000000, 0.000000000000000000 ) ) ;
#1002 = LINE ( 'NONE', #921, #3725 ) ;
#1003 = CIRCLE ( 'NONE', #3218, 3.000000000000002665 ) ;
#1004 = DIRECTION ( 'NONE',  ( 0.000000000000000000, 0.000000000000000000, -1.000000000000000000 ) ) ;
#1005 = CARTESIAN_POINT ( 'NONE',  ( 110.6407552541376589, 72.25671596801559815, 122.0421419384104524 ) ) ;
#1006 = CARTESIAN_POINT ( 'NONE',  ( -9.636388909051163409E-13, 91.99664475964945609, 4.000000000000000000 ) ) ;
#1007 = EDGE_LOOP ( 'NONE', ( #4130, #2532, #5107, #1395 ) ) ;
#1008 = ORIENTED_EDGE ( 'NONE', *, *, #2299, .F. ) ;
#1009 = FACE_OUTER_BOUND ( 'NONE', #4675, .T. ) ;
#1010 = CARTESIAN_POINT ( 'NONE',  ( 84.33223417340103367, -72.08654941181339382, 0.000000000000000000 ) ) ;
#1011 = EDGE_CURVE ( 'NONE', #3149, #1128, #5388, .T. ) ;
#1012 = EDGE_LOOP ( 'NONE', ( #2743, #2806 ) ) ;
#1013 = ORIENTED_EDGE ( 'NONE', *, *, #1325, .T. ) ;
#1014 = CARTESIAN_POINT ( 'NONE',  ( 34.50000000000000711, 3.250000000000000000, 0.000000000000000000 ) ) ;
#1015 = EDGE_CURVE ( 'NONE', #1282, #4128, #2304, .T. ) ;
#1016 = EDGE_LOOP ( 'NONE', ( #89, #5331, #4464, #2903 ) ) ;
#1017 = FACE_BOUND ( 'NONE', #191, .T. ) ;
#1018 = ORIENTED_EDGE ( 'NONE', *, *, #593, .F. ) ;
#1019 = EDGE_LOOP ( 'NONE', ( #3510, #2278, #4776, #4693 ) ) ;
#1020 = FACE_OUTER_BOUND ( 'NONE', #263, .T. ) ;
#1021 = CYLINDRICAL_SURFACE ( 'NONE', #4152, 1.074999999981193444 ) ;
#1022 = CARTESIAN_POINT ( 'NONE',  ( 11.67500000002236860, 12.74999999998042810, 0.000000000000000000 ) ) ;
#1023 = ADVANCED_BREP_SHAPE_REPRESENTATION ( '[2片]主结构2_Gen.4', ( #2523, #1156 ), #619 ) ;
#1024 = CARTESIAN_POINT ( 'NONE',  ( 91.88485864216056598, 0.000000000000000000, 0.000000000000000000 ) ) ;
#1025 = VECTOR ( 'NONE', #2939, 1000.000000000000000 ) ;
#1026 = CARTESIAN_POINT ( 'NONE',  ( 92.85512033165956325, 60.35580299335263987, 4.000000000000003553 ) ) ;
#1027 = EDGE_CURVE ( 'NONE', #1264, #3993, #139, .T. ) ;
#1028 = DIRECTION ( 'NONE',  ( -0.000000000000000000, -0.000000000000000000, -1.000000000000000000 ) ) ;
#1029 = CARTESIAN_POINT ( 'NONE',  ( 42.49422145540807350, -32.00000000002795986, 4.000000000000000000 ) ) ;
#1030 = DIRECTION ( 'NONE',  ( -1.000000000000000000, 0.000000000000000000, 0.000000000000000000 ) ) ;
#1031 = CARTESIAN_POINT ( 'NONE',  ( 82.14483623351057417, 75.09724438915462486, 122.0421419384104524 ) ) ;
#1032 = VERTEX_POINT ( 'NONE', #721 ) ;
#1033 = EDGE_CURVE ( 'NONE', #1901, #566, #3886, .T. ) ;
#1034 = ORIENTED_EDGE ( 'NONE', *, *, #2064, .F. ) ;
#1035 = CARTESIAN_POINT ( 'NONE',  ( 38.66951048944419966, -150.9603026274975548, 0.000000000000000000 ) ) ;
#1036 = SURFACE_STYLE_FILL_AREA ( #168 ) ;
#1037 = VECTOR ( 'NONE', #940, 1000.000000000000000 ) ;
#1038 = FACE_OUTER_BOUND ( 'NONE', #851, .T. ) ;
#1039 = ORIENTED_EDGE ( 'NONE', *, *, #2586, .F. ) ;
#1040 = ORIENTED_EDGE ( 'NONE', *, *, #102, .F. ) ;
#1041 = CARTESIAN_POINT ( 'NONE',  ( 39.33499999997926722, -120.1823004018628609, 4.000000000000003553 ) ) ;
#1042 = VECTOR ( 'NONE', #4135, 1000.000000000000114 ) ;
#1043 = ORIENTED_EDGE ( 'NONE', *, *, #1084, .T. ) ;
#1044 = AXIS2_PLACEMENT_3D ( 'NONE', #1041, #2735, #1987 ) ;
#1045 = CIRCLE ( 'NONE', #1757, 1.550000000000051337 ) ;
#1046 = DIRECTION ( 'NONE',  ( 1.000000000000000000, -1.069681019934084629E-15, 0.000000000000000000 ) ) ;
#1047 = ORIENTED_EDGE ( 'NONE', *, *, #3046, .F. ) ;
#1048 = EDGE_CURVE ( 'NONE', #1508, #2350, #1529, .T. ) ;
#1049 = EDGE_CURVE ( 'NONE', #4712, #879, #1470, .T. ) ;
#1050 = ORIENTED_EDGE ( 'NONE', *, *, #436, .F. ) ;
#1051 = DIRECTION ( 'NONE',  ( -0.9876883405951388806, -0.1564344650402238190, 0.000000000000000000 ) ) ;
#1052 = CARTESIAN_POINT ( 'NONE',  ( 34.00000000000000711, 3.250000000000000000, 0.000000000000000000 ) ) ;
#1053 = VECTOR ( 'NONE', #5188, 1000.000000000000000 ) ;
#1054 = CARTESIAN_POINT ( 'NONE',  ( 90.65742381533090111, -76.99108567874223752, 158.4340709352140379 ) ) ;
#1055 = CIRCLE ( 'NONE', #693, 3.374999999999989342 ) ;
#1056 = DIRECTION ( 'NONE',  ( -1.000000000000000000, 0.000000000000000000, 0.000000000000000000 ) ) ;
#1057 = VECTOR ( 'NONE', #2415, 1000.000000000000000 ) ;
#1058 = VECTOR ( 'NONE', #274, 1000.000000000000000 ) ;
#1059 = CARTESIAN_POINT ( 'NONE',  ( 34.50000000000000711, 90.84999999999999432, 0.000000000000000000 ) ) ;
#1060 = DIRECTION ( 'NONE',  ( -0.000000000000000000, -0.000000000000000000, -1.000000000000000000 ) ) ;
#1061 = CARTESIAN_POINT ( 'NONE',  ( 15.70870473955837987, -149.8123522318014693, 158.4340709352140379 ) ) ;
#1062 = VECTOR ( 'NONE', #5438, 1000.000000000000114 ) ;
#1063 = CIRCLE ( 'NONE', #971, 1.550000000000037570 ) ;
#1064 = EDGE_CURVE ( 'NONE', #1358, #1599, #4473, .T. ) ;
#1065 = DIRECTION ( 'NONE',  ( -1.000000000000000000, 0.000000000000000000, 0.000000000000000000 ) ) ;
#1066 = ORIENTED_EDGE ( 'NONE', *, *, #2931, .T. ) ;
#1067 = AXIS2_PLACEMENT_3D ( 'NONE', #4206, #727, #4954 ) ;
#1068 = CIRCLE ( 'NONE', #1595, 1.549999999840900866 ) ;
#1069 = EDGE_LOOP ( 'NONE', ( #2012, #3655 ) ) ;
#1070 = CYLINDRICAL_SURFACE ( 'NONE', #4779, 5.000000000000004441 ) ;
#1071 = LINE ( 'NONE', #280, #5327 ) ;
#1072 = ADVANCED_FACE ( 'NONE', ( #4901 ), #2755, .F. ) ;
#1073 = FACE_OUTER_BOUND ( 'NONE', #3569, .T. ) ;
#1074 = ORIENTED_EDGE ( 'NONE', *, *, #187, .F. ) ;
#1075 = CARTESIAN_POINT ( 'NONE',  ( 45.59422145508988677, -32.00000000002795986, 4.000000000000000000 ) ) ;
#1076 = ORIENTED_EDGE ( 'NONE', *, *, #36, .F. ) ;
#1077 = CARTESIAN_POINT ( 'NONE',  ( 44.04422145524898013, -32.00000000002795986, 4.000000000000000000 ) ) ;
#1078 = VERTEX_POINT ( 'NONE', #4530 ) ;
#1079 = AXIS2_PLACEMENT_3D ( 'NONE', #3068, #5192, #4721 ) ;
#1080 = VERTEX_POINT ( 'NONE', #2413 ) ;
#1081 = CARTESIAN_POINT ( 'NONE',  ( 0.2500000000000224820, -126.6225185911903139, 4.000000000000000000 ) ) ;
#1082 = CARTESIAN_POINT ( 'NONE',  ( 12.75000000001435652, 12.74999999998042810, 0.000000000000000000 ) ) ;
#1083 = CARTESIAN_POINT ( 'NONE',  ( 4.369879231472136638, -2.168404344971008868E-15, 4.000000000000000000 ) ) ;
#1084 = EDGE_CURVE ( 'NONE', #3269, #2655, #3258, .T. ) ;
#1085 = EDGE_CURVE ( 'NONE', #5069, #1177, #3892, .T. ) ;
#1086 = CARTESIAN_POINT ( 'NONE',  ( 56.83282050725286183, 48.39885195560857056, 4.000000000000000000 ) ) ;
#1087 = CARTESIAN_POINT ( 'NONE',  ( 36.58500000003958519, -129.0823004019084408, 158.4340709352140379 ) ) ;
#1088 = DIRECTION ( 'NONE',  ( -0.000000000000000000, -0.000000000000000000, -1.000000000000000000 ) ) ;
#1089 = DIRECTION ( 'NONE',  ( -0.000000000000000000, -0.000000000000000000, 1.000000000000000000 ) ) ;
#1090 = DIRECTION ( 'NONE',  ( 0.000000000000000000, 0.000000000000000000, 1.000000000000000000 ) ) ;
#1091 = DIRECTION ( 'NONE',  ( 1.000000000000000000, 0.000000000000000000, 0.000000000000000000 ) ) ;
#1092 = ORIENTED_EDGE ( 'NONE', *, *, #5264, .F. ) ;
#1093 = ORIENTED_EDGE ( 'NONE', *, *, #5218, .F. ) ;
#1094 = CARTESIAN_POINT ( 'NONE',  ( 53.39500064766649956, -31.68634788278703596, 4.000000000000000000 ) ) ;
#1095 = PLANE ( 'NONE',  #3468 ) ;
#1096 = DIRECTION ( 'NONE',  ( -0.000000000000000000, -0.000000000000000000, -1.000000000000000000 ) ) ;
#1097 = EDGE_LOOP ( 'NONE', ( #1585, #2850, #1651, #3500 ) ) ;
#1098 = ADVANCED_FACE ( 'NONE', ( #2385 ), #5362, .F. ) ;
#1099 = ADVANCED_FACE ( 'NONE', ( #2801 ), #4417, .F. ) ;
#1100 = DIRECTION ( 'NONE',  ( -1.000000000000000000, 0.000000000000000000, 0.000000000000000000 ) ) ;
#1101 = ORIENTED_EDGE ( 'NONE', *, *, #3844, .F. ) ;
#1102 = DIRECTION ( 'NONE',  ( 1.000000000000000000, 0.000000000000000000, 0.000000000000000000 ) ) ;
#1103 = ORIENTED_EDGE ( 'NONE', *, *, #4823, .F. ) ;
#1104 = ORIENTED_EDGE ( 'NONE', *, *, #2298, .F. ) ;
#1105 = DIRECTION ( 'NONE',  ( -0.6041862106499934493, -0.7968431607665349414, 0.000000000000000000 ) ) ;
#1106 = DIRECTION ( 'NONE',  ( 1.000000000000000000, 0.000000000000000000, 0.000000000000000000 ) ) ;
#1107 = DIRECTION ( 'NONE',  ( 0.5877852522924736922, 0.8090169943749470072, -0.000000000000000000 ) ) ;
#1108 = DIRECTION ( 'NONE',  ( -0.5877852522924601475, -0.8090169943749567771, 0.000000000000000000 ) ) ;
#1109 = DIRECTION ( 'NONE',  ( 1.000000000000000000, 0.000000000000000000, 0.000000000000000000 ) ) ;
#1110 = FACE_OUTER_BOUND ( 'NONE', #3624, .T. ) ;
#1111 = ORIENTED_EDGE ( 'NONE', *, *, #489, .T. ) ;
#1112 = LINE ( 'NONE', #2027, #4167 ) ;
#1113 = CARTESIAN_POINT ( 'NONE',  ( -5.692406460746442853, -90.68207867741389805, 4.000000000000003553 ) ) ;
#1114 = EDGE_LOOP ( 'NONE', ( #1610, #5113, #1273, #1356 ) ) ;
#1115 = EDGE_CURVE ( 'NONE', #4509, #2177, #1488, .T. ) ;
#1116 = EDGE_CURVE ( 'NONE', #2687, #5277, #531, .T. ) ;
#1117 = CARTESIAN_POINT ( 'NONE',  ( 86.25795490621224815, -86.15536419062809159, 158.4340709352140379 ) ) ;
#1118 = CARTESIAN_POINT ( 'NONE',  ( 31.68982040616581841, -149.6465208211107552, 0.000000000000000000 ) ) ;
#1119 = DIRECTION ( 'NONE',  ( -1.000000000000000000, 0.000000000000000000, 0.000000000000000000 ) ) ;
#1120 =( NAMED_UNIT ( * ) PLANE_ANGLE_UNIT ( ) SI_UNIT ( $, .RADIAN. ) );
#1121 = CARTESIAN_POINT ( 'NONE',  ( 54.34229624866446784, -166.1045078853000518, 0.000000000000000000 ) ) ;
#1122 = ORIENTED_EDGE ( 'NONE', *, *, #3264, .T. ) ;
#1123 = CARTESIAN_POINT ( 'NONE',  ( 93.35620929372282717, 74.99431910621984798, 4.000000000000003553 ) ) ;
#1124 = CIRCLE ( 'NONE', #948, 5.000000000000004441 ) ;
#1125 = EDGE_CURVE ( 'NONE', #6, #411, #4730, .T. ) ;
#1126 = ORIENTED_EDGE ( 'NONE', *, *, #5298, .T. ) ;
#1127 = DIRECTION ( 'NONE',  ( -0.000000000000000000, -0.000000000000000000, -1.000000000000000000 ) ) ;
#1128 = VERTEX_POINT ( 'NONE', #123 ) ;
#1129 = AXIS2_PLACEMENT_3D ( 'NONE', #2050, #5093, #1277 ) ;
#1130 = DIRECTION ( 'NONE',  ( -1.000000000000000000, 0.000000000000000000, 0.000000000000000000 ) ) ;
#1131 = DIRECTION ( 'NONE',  ( 0.000000000000000000, 0.000000000000000000, 1.000000000000000000 ) ) ;
#1132 = CIRCLE ( 'NONE', #4596, 5.000000000000004441 ) ;
#1133 = AXIS2_PLACEMENT_3D ( 'NONE', #4005, #1496, #268 ) ;
#1134 = EDGE_CURVE ( 'NONE', #333, #5130, #4598, .T. ) ;
#1135 = CARTESIAN_POINT ( 'NONE',  ( 41.74360599679734207, -122.1733408715606970, 4.000000000000003553 ) ) ;
#1136 = FACE_OUTER_BOUND ( 'NONE', #2932, .T. ) ;
#1137 = AXIS2_PLACEMENT_3D ( 'NONE', #4713, #905, #2598 ) ;
#1138 = FACE_OUTER_BOUND ( 'NONE', #4667, .T. ) ;
#1139 = VECTOR ( 'NONE', #3404, 1000.000000000000114 ) ;
#1140 = CARTESIAN_POINT ( 'NONE',  ( 68.01915003212857869, -137.3956936003773421, 0.000000000000000000 ) ) ;
#1141 = DIRECTION ( 'NONE',  ( 2.455601003620118906E-16, -1.000000000000000000, 0.000000000000000000 ) ) ;
#1142 = CIRCLE ( 'NONE', #340, 0.5000000000000004441 ) ;
#1143 = AXIS2_PLACEMENT_3D ( 'NONE', #2649, #3981, #1867 ) ;
#1144 = CARTESIAN_POINT ( 'NONE',  ( 61.77456134258617482, 43.75570504584412390, 0.000000000000000000 ) ) ;
#1145 = EDGE_LOOP ( 'NONE', ( #3873, #827 ) ) ;
#1146 = LINE ( 'NONE', #1642, #3467 ) ;
#1147 = EDGE_LOOP ( 'NONE', ( #3035, #4913, #839, #3419 ) ) ;
#1148 = AXIS2_PLACEMENT_3D ( 'NONE', #3155, #4365, #5307 ) ;
#1149 = DIRECTION ( 'NONE',  ( -1.000000000000000000, 0.000000000000000000, 0.000000000000000000 ) ) ;
#1150 = AXIS2_PLACEMENT_3D ( 'NONE', #4702, #360, #387 ) ;
#1151 = ORIENTED_EDGE ( 'NONE', *, *, #2099, .F. ) ;
#1152 = ADVANCED_FACE ( 'NONE', ( #1445 ), #153, .F. ) ;
#1153 = ADVANCED_FACE ( 'NONE', ( #1365 ), #4367, .F. ) ;
#1154 = DIRECTION ( 'NONE',  ( 0.000000000000000000, 0.000000000000000000, -1.000000000000000000 ) ) ;
#1155 = VERTEX_POINT ( 'NONE', #100 ) ;
#1156 = AXIS2_PLACEMENT_3D ( 'NONE', #2508, #2536, #4649 ) ;
#1157 = VECTOR ( 'NONE', #1305, 1000.000000000000000 ) ;
#1158 = CARTESIAN_POINT ( 'NONE',  ( 87.33223417340103367, -72.08654941181339382, 4.000000000000003553 ) ) ;
#1159 = VERTEX_POINT ( 'NONE', #4388 ) ;
#1160 = DIRECTION ( 'NONE',  ( 0.9876883405951366601, 0.1564344650402373083, 0.000000000000000000 ) ) ;
#1161 = ORIENTED_EDGE ( 'NONE', *, *, #754, .T. ) ;
#1162 = VECTOR ( 'NONE', #4286, 1000.000000000000000 ) ;
#1163 = DIRECTION ( 'NONE',  ( 0.000000000000000000, 0.000000000000000000, 1.000000000000000000 ) ) ;
#1164 = DIRECTION ( 'NONE',  ( -1.000000000000000000, 0.000000000000000000, 0.000000000000000000 ) ) ;
#1165 = DIRECTION ( 'NONE',  ( -0.000000000000000000, -0.000000000000000000, -1.000000000000000000 ) ) ;
#1166 = ORIENTED_EDGE ( 'NONE', *, *, #1011, .F. ) ;
#1167 = EDGE_CURVE ( 'NONE', #2236, #4444, #2281, .T. ) ;
#1168 = DIRECTION ( 'NONE',  ( -0.5877852522924750245, 0.8090169943749461190, 0.000000000000000000 ) ) ;
#1169 = DIRECTION ( 'NONE',  ( 0.6041862106499934493, 0.7968431607665349414, 0.000000000000000000 ) ) ;
#1170 = CARTESIAN_POINT ( 'NONE',  ( 93.35620929372282717, 74.99431910621984798, 0.000000000000000000 ) ) ;
#1171 = ORIENTED_EDGE ( 'NONE', *, *, #1796, .F. ) ;
#1172 = PLANE ( 'NONE',  #1067 ) ;
#1173 = CARTESIAN_POINT ( 'NONE',  ( 90.65742381533090111, -76.99108567874223752, 4.000000000000003553 ) ) ;
#1174 = DIRECTION ( 'NONE',  ( -0.9876883405951343287, -0.1564344650402519077, 0.000000000000000000 ) ) ;
#1175 = ORIENTED_EDGE ( 'NONE', *, *, #2690, .T. ) ;
#1176 = LINE ( 'NONE', #2868, #3980 ) ;
#1177 = VERTEX_POINT ( 'NONE', #2190 ) ;
#1178 = EDGE_CURVE ( 'NONE', #1181, #2212, #5153, .T. ) ;
#1179 = DIRECTION ( 'NONE',  ( -1.000000000000000000, 0.000000000000000000, 0.000000000000000000 ) ) ;
#1180 = CARTESIAN_POINT ( 'NONE',  ( 103.2567875263512605, -92.16979151635905509, 4.000000000000003553 ) ) ;
#1181 = VERTEX_POINT ( 'NONE', #4755 ) ;
#1182 = ORIENTED_EDGE ( 'NONE', *, *, #1596, .F. ) ;
#1183 = CARTESIAN_POINT ( 'NONE',  ( 152.1149918220218069, -16.10450788531447941, 122.0421419384104524 ) ) ;
#1184 = VERTEX_POINT ( 'NONE', #974 ) ;
#1185 = ADVANCED_FACE ( 'NONE', ( #3866 ), #3451, .F. ) ;
#1186 = EDGE_CURVE ( 'NONE', #5431, #785, #1338, .T. ) ;
#1187 = DIRECTION ( 'NONE',  ( 0.000000000000000000, 0.000000000000000000, -1.000000000000000000 ) ) ;
#1188 = DIRECTION ( 'NONE',  ( 0.9876883405951362160, -0.1564344650402405557, 0.000000000000000000 ) ) ;
#1189 = CARTESIAN_POINT ( 'NONE',  ( 34.50000000000000711, -3.250000000000000000, 4.000000000000000000 ) ) ;
#1190 = ORIENTED_EDGE ( 'NONE', *, *, #1765, .F. ) ;
#1191 = LINE ( 'NONE', #771, #260 ) ;
#1192 = ORIENTED_EDGE ( 'NONE', *, *, #3412, .F. ) ;
#1193 = CARTESIAN_POINT ( 'NONE',  ( 118.9725066435523786, 68.92079663715932725, 0.000000000000000000 ) ) ;
#1194 = CARTESIAN_POINT ( 'NONE',  ( 100.4853600033535201, -67.58788878120000732, 158.4340709352140379 ) ) ;
#1195 = CARTESIAN_POINT ( 'NONE',  ( 96.68698668629663473, 87.55215941727986717, 0.000000000000000000 ) ) ;
#1196 = EDGE_CURVE ( 'NONE', #4984, #216, #142, .T. ) ;
#1197 = VERTEX_POINT ( 'NONE', #4414 ) ;
#1198 = DIRECTION ( 'NONE',  ( -1.000000000000000000, 0.000000000000000000, 0.000000000000000000 ) ) ;
#1199 = DIRECTION ( 'NONE',  ( 0.000000000000000000, 0.000000000000000000, 1.000000000000000000 ) ) ;
#1200 = CARTESIAN_POINT ( 'NONE',  ( 107.1476601473641779, -109.6519964066702784, 0.000000000000000000 ) ) ;
#1201 = EDGE_LOOP ( 'NONE', ( #3817, #2858, #4026, #3579 ) ) ;
#1202 = CARTESIAN_POINT ( 'NONE',  ( 104.7999576923953100, 57.82936333190212252, 4.000000000000003553 ) ) ;
#1203 = ADVANCED_FACE ( 'NONE', ( #5180 ), #42, .T. ) ;
#1204 = EDGE_LOOP ( 'NONE', ( #3951, #3323, #3438, #987 ) ) ;
#1205 = VERTEX_POINT ( 'NONE', #3504 ) ;
#1206 = DIRECTION ( 'NONE',  ( -1.000000000000000000, 0.000000000000000000, 0.000000000000000000 ) ) ;
#1207 = CARTESIAN_POINT ( 'NONE',  ( 103.2286440353377230, -75.00000000000000000, 4.000000000000003553 ) ) ;
#1208 = ORIENTED_EDGE ( 'NONE', *, *, #5117, .F. ) ;
#1209 = ORIENTED_EDGE ( 'NONE', *, *, #4109, .T. ) ;
#1210 = ORIENTED_EDGE ( 'NONE', *, *, #348, .F. ) ;
#1211 = CARTESIAN_POINT ( 'NONE',  ( 104.7538800694798766, -84.62996132080260736, 0.000000000000000000 ) ) ;
#1212 = CIRCLE ( 'NONE', #2101, 1.549999999981177545 ) ;
#1213 = DIRECTION ( 'NONE',  ( 0.000000000000000000, 0.000000000000000000, -1.000000000000000000 ) ) ;
#1214 = FACE_OUTER_BOUND ( 'NONE', #4827, .T. ) ;
#1215 = ADVANCED_FACE ( 'NONE', ( #4306 ), #3893, .T. ) ;
#1216 = VERTEX_POINT ( 'NONE', #74 ) ;
#1217 = EDGE_CURVE ( 'NONE', #371, #737, #2222, .T. ) ;
#1218 = AXIS2_PLACEMENT_3D ( 'NONE', #4921, #2357, #4837 ) ;
#1219 = DIRECTION ( 'NONE',  ( -0.1564344650402305359, 0.9876883405951377704, 0.000000000000000000 ) ) ;
#1220 = ORIENTED_EDGE ( 'NONE', *, *, #1048, .F. ) ;
#1221 = DIRECTION ( 'NONE',  ( -0.000000000000000000, -0.000000000000000000, -1.000000000000000000 ) ) ;
#1222 = DIRECTION ( 'NONE',  ( -0.000000000000000000, -0.000000000000000000, -1.000000000000000000 ) ) ;
#1223 = FACE_OUTER_BOUND ( 'NONE', #3123, .T. ) ;
#1224 = ORIENTED_EDGE ( 'NONE', *, *, #502, .F. ) ;
#1225 = CIRCLE ( 'NONE', #3171, 1.550000000000023581 ) ;
#1226 = AXIS2_PLACEMENT_3D ( 'NONE', #2845, #5019, #4125 ) ;
#1227 = CARTESIAN_POINT ( 'NONE',  ( 115.7998642553444881, -73.00891432125771985, 158.4340709352140379 ) ) ;
#1228 = DIRECTION ( 'NONE',  ( -0.000000000000000000, -0.000000000000000000, -1.000000000000000000 ) ) ;
#1229 = CARTESIAN_POINT ( 'NONE',  ( 97.04552707164421577, -59.69210776712935740, 4.000000000000003553 ) ) ;
#1230 = ORIENTED_EDGE ( 'NONE', *, *, #324, .T. ) ;
#1231 = AXIS2_PLACEMENT_3D ( 'NONE', #3256, #2843, #4121 ) ;
#1232 = AXIS2_PLACEMENT_3D ( 'NONE', #1620, #2400, #4990 ) ;
#1233 = CARTESIAN_POINT ( 'NONE',  ( 34.50000000000000711, 3.250000000000000000, 0.000000000000000000 ) ) ;
#1234 = ORIENTED_EDGE ( 'NONE', *, *, #3205, .F. ) ;
#1235 = VECTOR ( 'NONE', #3822, 1000.000000000000000 ) ;
#1236 = VECTOR ( 'NONE', #1265, 1000.000000000000000 ) ;
#1237 = VERTEX_POINT ( 'NONE', #3925 ) ;
#1238 = LINE ( 'NONE', #1598, #3080 ) ;
#1239 = EDGE_CURVE ( 'NONE', #1660, #5194, #3081, .T. ) ;
#1240 = DIRECTION ( 'NONE',  ( -0.1564344650402327008, -0.9876883405951374373, 0.000000000000000000 ) ) ;
#1241 = VERTEX_POINT ( 'NONE', #1388 ) ;
#1242 = VECTOR ( 'NONE', #2809, 1000.000000000000000 ) ;
#1243 = AXIS2_PLACEMENT_3D ( 'NONE', #3947, #1827, #2692 ) ;
#1244 = AXIS2_PLACEMENT_3D ( 'NONE', #4229, #2111, #4285 ) ;
#1245 = EDGE_LOOP ( 'NONE', ( #5000, #3348, #5021, #93 ) ) ;
#1246 = VERTEX_POINT ( 'NONE', #4943 ) ;
#1247 = AXIS2_PLACEMENT_3D ( 'NONE', #2043, #906, #4714 ) ;
#1248 = DIRECTION ( 'NONE',  ( 0.000000000000000000, 0.000000000000000000, 1.000000000000000000 ) ) ;
#1249 = VECTOR ( 'NONE', #1046, 1000.000000000000000 ) ;
#1250 = CARTESIAN_POINT ( 'NONE',  ( 30.50000000000000711, 3.250000000000002665, 0.000000000000000000 ) ) ;
#1251 = CARTESIAN_POINT ( 'NONE',  ( -5.692406460746442853, -90.68207867741389805, 158.4340709352140379 ) ) ;
#1252 = ORIENTED_EDGE ( 'NONE', *, *, #1767, .T. ) ;
#1253 = CARTESIAN_POINT ( 'NONE',  ( -16.05704015144976182, -40.51200993603342226, 4.000000000000000000 ) ) ;
#1254 = ORIENTED_EDGE ( 'NONE', *, *, #3741, .F. ) ;
#1255 = DIRECTION ( 'NONE',  ( 0.000000000000000000, 0.000000000000000000, 1.000000000000000000 ) ) ;
#1256 = ADVANCED_FACE ( 'NONE', ( #2300 ), #661, .F. ) ;
#1257 = EDGE_CURVE ( 'NONE', #108, #1892, #718, .T. ) ;
#1258 = DIRECTION ( 'NONE',  ( -0.000000000000000000, -0.000000000000000000, -1.000000000000000000 ) ) ;
#1259 = DIRECTION ( 'NONE',  ( -1.000000000000000000, 0.000000000000000000, 0.000000000000000000 ) ) ;
#1260 = ORIENTED_EDGE ( 'NONE', *, *, #1049, .T. ) ;
#1261 = CARTESIAN_POINT ( 'NONE',  ( -122.1129400795882987, -119.5036204584412900, 158.4340709352140379 ) ) ;
#1262 = FACE_BOUND ( 'NONE', #730, .T. ) ;
#1263 = CYLINDRICAL_SURFACE ( 'NONE', #3086, 0.5000000000000004441 ) ;
#1264 = VERTEX_POINT ( 'NONE', #235 ) ;
#1265 = DIRECTION ( 'NONE',  ( -0.000000000000000000, -0.000000000000000000, -1.000000000000000000 ) ) ;
#1266 = ORIENTED_EDGE ( 'NONE', *, *, #3414, .F. ) ;
#1267 = EDGE_LOOP ( 'NONE', ( #2023, #4775 ) ) ;
#1268 = CARTESIAN_POINT ( 'NONE',  ( 67.36071162167239379, 56.04781258044412340, 0.000000000000000000 ) ) ;
#1269 = CARTESIAN_POINT ( 'NONE',  ( 43.31346386263425075, -143.5816767259325957, 4.000000000000003553 ) ) ;
#1270 = ORIENTED_EDGE ( 'NONE', *, *, #4804, .T. ) ;
#1271 = EDGE_LOOP ( 'NONE', ( #5272, #3861, #2665, #2702 ) ) ;
#1272 = EDGE_CURVE ( 'NONE', #5055, #1578, #3609, .T. ) ;
#1273 = ORIENTED_EDGE ( 'NONE', *, *, #4232, .T. ) ;
#1274 = ADVANCED_FACE ( 'NONE', ( #4471 ), #1885, .F. ) ;
#1275 = CIRCLE ( 'NONE', #1978, 4.999999999999997335 ) ;
#1276 = DIRECTION ( 'NONE',  ( 0.000000000000000000, 0.000000000000000000, 1.000000000000000000 ) ) ;
#1277 = DIRECTION ( 'NONE',  ( -1.000000000000000000, 0.000000000000000000, 0.000000000000000000 ) ) ;
#1278 = LINE ( 'NONE', #2965, #1574 ) ;
#1279 = ORIENTED_EDGE ( 'NONE', *, *, #4599, .F. ) ;
#1280 = FACE_OUTER_BOUND ( 'NONE', #1990, .T. ) ;
#1281 = EDGE_CURVE ( 'NONE', #217, #1241, #2355, .T. ) ;
#1282 = VERTEX_POINT ( 'NONE', #4451 ) ;
#1283 = CARTESIAN_POINT ( 'NONE',  ( 102.0162769312760247, -67.34541536038767617, 4.000000000000003553 ) ) ;
#1284 = DIRECTION ( 'NONE',  ( -1.000000000000000000, 0.000000000000000000, 0.000000000000000000 ) ) ;
#1285 = DIRECTION ( 'NONE',  ( 0.000000000000000000, 0.000000000000000000, 1.000000000000000000 ) ) ;
#1286 = FACE_BOUND ( 'NONE', #2440, .T. ) ;
#1287 = DIRECTION ( 'NONE',  ( 1.000000000000000000, 0.000000000000000000, 0.000000000000000000 ) ) ;
#1288 = CARTESIAN_POINT ( 'NONE',  ( 113.1010787769527184, 75.00568089378019465, 4.000000000000003553 ) ) ;
#1289 = ADVANCED_FACE ( 'NONE', ( #4031 ), #1468, .F. ) ;
#1290 = ORIENTED_EDGE ( 'NONE', *, *, #501, .F. ) ;
#1291 = ADVANCED_FACE ( 'NONE', ( #3219 ), #5308, .F. ) ;
#1292 = AXIS2_PLACEMENT_3D ( 'NONE', #3969, #146, #1415 ) ;
#1293 = ORIENTED_EDGE ( 'NONE', *, *, #4225, .F. ) ;
#1294 = CARTESIAN_POINT ( 'NONE',  ( 42.67120374928276760, -121.3046846752097707, 4.000000000000003553 ) ) ;
#1295 = LINE ( 'NONE', #3350, #1062 ) ;
#1296 = ORIENTED_EDGE ( 'NONE', *, *, #1386, .F. ) ;
#1297 = ORIENTED_EDGE ( 'NONE', *, *, #2643, .F. ) ;
#1298 = ORIENTED_EDGE ( 'NONE', *, *, #2587, .T. ) ;
#1299 = ORIENTED_EDGE ( 'NONE', *, *, #1302, .F. ) ;
#1300 = CARTESIAN_POINT ( 'NONE',  ( 82.14483623351057417, 75.09724438915462486, 4.000000000000003553 ) ) ;
#1301 = CARTESIAN_POINT ( 'NONE',  ( 103.2286440353377230, -75.00000000000000000, 158.4340709352140379 ) ) ;
#1302 = EDGE_CURVE ( 'NONE', #4659, #349, #4055, .T. ) ;
#1303 = CARTESIAN_POINT ( 'NONE',  ( 89.19688116767461850, -82.11027921875336233, 0.000000000000000000 ) ) ;
#1304 = ORIENTED_EDGE ( 'NONE', *, *, #1821, .T. ) ;
#1305 = DIRECTION ( 'NONE',  ( -0.000000000000000000, -0.000000000000000000, -1.000000000000000000 ) ) ;
#1306 = ORIENTED_EDGE ( 'NONE', *, *, #2253, .F. ) ;
#1307 = DIRECTION ( 'NONE',  ( -1.000000000000000000, 0.000000000000000000, 0.000000000000000000 ) ) ;
#1308 = DIRECTION ( 'NONE',  ( -1.000000000000000000, 0.000000000000000000, 0.000000000000000000 ) ) ;
#1309 = EDGE_CURVE ( 'NONE', #2160, #3712, #1045, .T. ) ;
#1310 = VECTOR ( 'NONE', #809, 1000.000000000000000 ) ;
#1311 = LINE ( 'NONE', #3371, #3370 ) ;
#1312 = VECTOR ( 'NONE', #4452, 999.9999999999998863 ) ;
#1313 = FACE_BOUND ( 'NONE', #2104, .T. ) ;
#1314 = DIRECTION ( 'NONE',  ( -0.000000000000000000, -0.000000000000000000, -1.000000000000000000 ) ) ;
#1315 = AXIS2_PLACEMENT_3D ( 'NONE', #2515, #4655, #4239 ) ;
#1316 = AXIS2_PLACEMENT_3D ( 'NONE', #4663, #4169, #380 ) ;
#1317 = DIRECTION ( 'NONE',  ( -0.000000000000000000, -0.000000000000000000, -1.000000000000000000 ) ) ;
#1318 = ORIENTED_EDGE ( 'NONE', *, *, #815, .F. ) ;
#1319 = VERTEX_POINT ( 'NONE', #1938 ) ;
#1320 = VECTOR ( 'NONE', #2727, 1000.000000000000000 ) ;
#1321 = FACE_OUTER_BOUND ( 'NONE', #3366, .T. ) ;
#1322 = AXIS2_PLACEMENT_3D ( 'NONE', #2135, #5420, #5004 ) ;
#1323 = EDGE_CURVE ( 'NONE', #107, #572, #3275, .T. ) ;
#1324 = DIRECTION ( 'NONE',  ( -1.000000000000000000, 2.775557561562888984E-15, 0.000000000000000000 ) ) ;
#1325 = EDGE_CURVE ( 'NONE', #2852, #566, #4112, .T. ) ;
#1326 = VERTEX_POINT ( 'NONE', #292 ) ;
#1327 = ORIENTED_EDGE ( 'NONE', *, *, #2449, .T. ) ;
#1328 = VECTOR ( 'NONE', #4393, 1000.000000000000000 ) ;
#1329 = ORIENTED_EDGE ( 'NONE', *, *, #4486, .T. ) ;
#1330 = CARTESIAN_POINT ( 'NONE',  ( 32.63242362858680679, -139.9812849866596878, 4.000000000000003553 ) ) ;
#1331 = LINE ( 'NONE', #3623, #3087 ) ;
#1332 = ORIENTED_EDGE ( 'NONE', *, *, #4565, .F. ) ;
#1333 = FACE_BOUND ( 'NONE', #4489, .T. ) ;
#1334 = VECTOR ( 'NONE', #2585, 1000.000000000000000 ) ;
#1335 = ORIENTED_EDGE ( 'NONE', *, *, #3750, .T. ) ;
#1336 = CARTESIAN_POINT ( 'NONE',  ( 85.58371465195855876, 75.46793915741650949, 4.000000000000003553 ) ) ;
#1337 = DIRECTION ( 'NONE',  ( -1.000000000000000000, -5.225305391815332772E-15, 0.000000000000000000 ) ) ;
#1338 = LINE ( 'NONE', #2716, #331 ) ;
#1339 = CARTESIAN_POINT ( 'NONE',  ( 110.8832286749500611, 73.78763289593814534, 0.000000000000000000 ) ) ;
#1340 = EDGE_CURVE ( 'NONE', #3591, #4409, #2997, .T. ) ;
#1341 = ADVANCED_FACE ( 'NONE', ( #4976 ), #3192, .F. ) ;
#1342 = AXIS2_PLACEMENT_3D ( 'NONE', #2562, #5487, #3426 ) ;
#1343 = DIRECTION ( 'NONE',  ( -0.000000000000000000, -0.000000000000000000, 1.000000000000000000 ) ) ;
#1344 = DIRECTION ( 'NONE',  ( -1.000000000000000000, 0.000000000000000000, 0.000000000000000000 ) ) ;
#1345 = DIRECTION ( 'NONE',  ( -1.000000000000000000, 0.000000000000000000, 0.000000000000000000 ) ) ;
#1346 = ORIENTED_EDGE ( 'NONE', *, *, #275, .T. ) ;
#1347 = CIRCLE ( 'NONE', #4032, 156.0500000007676249 ) ;
#1348 = ORIENTED_EDGE ( 'NONE', *, *, #2543, .T. ) ;
#1349 = DIRECTION ( 'NONE',  ( -0.000000000000000000, -0.000000000000000000, -1.000000000000000000 ) ) ;
#1350 = CARTESIAN_POINT ( 'NONE',  ( 97.67335325010807878, 58.82797916589331777, 122.0421419384104524 ) ) ;
#1351 = ORIENTED_EDGE ( 'NONE', *, *, #623, .F. ) ;
#1352 = EDGE_LOOP ( 'NONE', ( #793, #1600, #1733, #4273 ) ) ;
#1353 = ADVANCED_FACE ( 'NONE', ( #5360 ), #2775, .F. ) ;
#1354 = LINE ( 'NONE', #2157, #3206 ) ;
#1355 = DIRECTION ( 'NONE',  ( 0.1564344650402134385, 0.9876883405951405459, 0.000000000000000000 ) ) ;
#1356 = ORIENTED_EDGE ( 'NONE', *, *, #2561, .F. ) ;
#1357 = CARTESIAN_POINT ( 'NONE',  ( 44.04422145524898013, -32.00000000002795986, 0.000000000000000000 ) ) ;
#1358 = VERTEX_POINT ( 'NONE', #2855 ) ;
#1359 = EDGE_CURVE ( 'NONE', #2631, #4444, #5283, .T. ) ;
#1360 = ADVANCED_FACE ( 'NONE', ( #4864 ), #4198, .T. ) ;
#1361 = ORIENTED_EDGE ( 'NONE', *, *, #4635, .F. ) ;
#1362 = CARTESIAN_POINT ( 'NONE',  ( 112.6161319353279566, 71.94384703793517133, 0.000000000000000000 ) ) ;
#1363 = CARTESIAN_POINT ( 'NONE',  ( 109.3332286749500071, 73.78763289593814534, 0.000000000000000000 ) ) ;
#1364 = DIRECTION ( 'NONE',  ( 0.000000000000000000, 0.000000000000000000, 1.000000000000000000 ) ) ;
#1365 = FACE_OUTER_BOUND ( 'NONE', #1854, .T. ) ;
#1366 = CARTESIAN_POINT ( 'NONE',  ( 28.86482634002301850, -17.19626723762206311, 4.000000000000000000 ) ) ;
#1367 = CARTESIAN_POINT ( 'NONE',  ( -9.636388909051163409E-13, -91.99664475964944188, 0.000000000000000000 ) ) ;
#1368 = CARTESIAN_POINT ( 'NONE',  ( 115.8909871731398056, 72.85833873261277915, 4.000000000000003553 ) ) ;
#1369 = ADVANCED_FACE ( 'NONE', ( #2911 ), #805, .F. ) ;
#1370 = CARTESIAN_POINT ( 'NONE',  ( 86.53862968008381529, 72.52901289595419598, 0.000000000000000000 ) ) ;
#1371 = ORIENTED_EDGE ( 'NONE', *, *, #5470, .F. ) ;
#1372 = VERTEX_POINT ( 'NONE', #1189 ) ;
#1373 = CARTESIAN_POINT ( 'NONE',  ( 76.41647994167055913, -1.847912566164685949E-11, 4.000000000000000000 ) ) ;
#1374 = DIRECTION ( 'NONE',  ( -1.000000000000000000, 0.000000000000000000, 0.000000000000000000 ) ) ;
#1375 = ADVANCED_FACE ( 'NONE', ( #1214 ), #2880, .F. ) ;
#1376 = ORIENTED_EDGE ( 'NONE', *, *, #776, .F. ) ;
#1377 = ORIENTED_EDGE ( 'NONE', *, *, #4108, .F. ) ;
#1378 = FACE_OUTER_BOUND ( 'NONE', #4372, .T. ) ;
#1379 = ORIENTED_EDGE ( 'NONE', *, *, #2723, .F. ) ;
#1380 = FACE_BOUND ( 'NONE', #457, .T. ) ;
#1381 = ORIENTED_EDGE ( 'NONE', *, *, #2910, .T. ) ;
#1382 = ORIENTED_EDGE ( 'NONE', *, *, #4550, .T. ) ;
#1383 = CARTESIAN_POINT ( 'NONE',  ( 12.75000000001434408, -12.75000000001738520, 0.000000000000000000 ) ) ;
#1384 = DIRECTION ( 'NONE',  ( 0.000000000000000000, 0.000000000000000000, 1.000000000000000000 ) ) ;
#1385 = DIRECTION ( 'NONE',  ( -0.000000000000000000, -0.000000000000000000, 1.000000000000000000 ) ) ;
#1386 = EDGE_CURVE ( 'NONE', #4244, #4314, #5221, .T. ) ;
#1387 = EDGE_CURVE ( 'NONE', #760, #1159, #768, .T. ) ;
#1388 = CARTESIAN_POINT ( 'NONE',  ( 41.74360599679734207, -122.1733408715606970, 0.000000000000000000 ) ) ;
#1389 = VECTOR ( 'NONE', #271, 1000.000000000000000 ) ;
#1390 = CARTESIAN_POINT ( 'NONE',  ( 103.2229631415577700, 84.87243474161486745, 0.000000000000000000 ) ) ;
#1391 = CYLINDRICAL_SURFACE ( 'NONE', #5249, 1.074999999981193444 ) ;
#1392 = CARTESIAN_POINT ( 'NONE',  ( 0.2499999999999861222, 21.56440012393390049, 4.000000000000000000 ) ) ;
#1393 = VECTOR ( 'NONE', #5200, 1000.000000000000000 ) ;
#1394 = CARTESIAN_POINT ( 'NONE',  ( 53.39500064766649956, 31.68634788275006997, 4.000000000000000000 ) ) ;
#1395 = ORIENTED_EDGE ( 'NONE', *, *, #2032, .F. ) ;
#1396 = VECTOR ( 'NONE', #3693, 1000.000000000000000 ) ;
#1397 = VERTEX_POINT ( 'NONE', #5031 ) ;
#1398 = CARTESIAN_POINT ( 'NONE',  ( 41.89191769392566300, 14.48874859431180440, 0.000000000000000000 ) ) ;
#1399 = CARTESIAN_POINT ( 'NONE',  ( 103.2229631415577700, 84.87243474161486745, 4.000000000000003553 ) ) ;
#1400 = CIRCLE ( 'NONE', #5047, 3.000000000000002665 ) ;
#1401 = VECTOR ( 'NONE', #4494, 999.9999999999998863 ) ;
#1402 = EDGE_LOOP ( 'NONE', ( #2239, #2046, #4443, #1432, #4120, #5008, #3289, #522, #3186, #4253, #460, #136, #3772, #3937, #2258, #3098, #4362, #3999, #3704, #931, #376, #5271, #3255, #4383, #5520, #5414, #4290, #5429, #4555, #1410, #4118, #3544, #38, #1, #114, #3492, #4958, #4843, #1161, #4188, #648, #2066, #2683, #5440, #618, #69, #4425, #3346, #2956, #4605, #487, #5076, #3752, #1791, #2888, #4194, #5254, #5176, #111, #1318, #1746, #5085, #1544, #4107, #1351, #1266, #545, #4065 ) ) ;
#1403 = ORIENTED_EDGE ( 'NONE', *, *, #1984, .T. ) ;
#1404 = AXIS2_PLACEMENT_3D ( 'NONE', #783, #303, #1149 ) ;
#1405 = VECTOR ( 'NONE', #10, 1000.000000000000000 ) ;
#1406 = EDGE_CURVE ( 'NONE', #4218, #4521, #1278, .T. ) ;
#1407 = LINE ( 'NONE', #910, #1790 ) ;
#1408 = AXIS2_PLACEMENT_3D ( 'NONE', #214, #1915, #5262 ) ;
#1409 = AXIS2_PLACEMENT_3D ( 'NONE', #1679, #2976, #5129 ) ;
#1410 = ORIENTED_EDGE ( 'NONE', *, *, #4912, .T. ) ;
#1411 = FACE_BOUND ( 'NONE', #335, .T. ) ;
#1412 = ORIENTED_EDGE ( 'NONE', *, *, #2164, .F. ) ;
#1413 = CIRCLE ( 'NONE', #5067, 5.311761425294665884 ) ;
#1414 = VERTEX_POINT ( 'NONE', #2497 ) ;
#1415 = DIRECTION ( 'NONE',  ( -1.000000000000000000, 0.000000000000000000, 0.000000000000000000 ) ) ;
#1416 = AXIS2_PLACEMENT_3D ( 'NONE', #4836, #4033, #3245 ) ;
#1417 = CARTESIAN_POINT ( 'NONE',  ( 13.77609861498592991, 22.92434429574829835, 4.000000000000000000 ) ) ;
#1418 = CARTESIAN_POINT ( 'NONE',  ( 104.1764846180578985, -58.38369480811851986, 4.000000000000003553 ) ) ;
#1419 = DIRECTION ( 'NONE',  ( -1.000000000000000000, -6.938893903907222067E-15, 0.000000000000000000 ) ) ;
#1420 = AXIS2_PLACEMENT_3D ( 'NONE', #4847, #3571, #1982 ) ;
#1421 = VECTOR ( 'NONE', #598, 1000.000000000000114 ) ;
#1422 = FACE_OUTER_BOUND ( 'NONE', #2283, .T. ) ;
#1423 = EDGE_CURVE ( 'NONE', #2578, #1475, #1719, .T. ) ;
#1424 = CYLINDRICAL_SURFACE ( 'NONE', #3878, 5.000000000000004441 ) ;
#1425 = DIRECTION ( 'NONE',  ( -0.8279275993780542686, -0.5608349937264007767, 0.000000000000000000 ) ) ;
#1426 = CYLINDRICAL_SURFACE ( 'NONE', #2565, 3.000000000000002665 ) ;
#1427 = ORIENTED_EDGE ( 'NONE', *, *, #3105, .T. ) ;
#1428 = ORIENTED_EDGE ( 'NONE', *, *, #36, .T. ) ;
#1429 = DIRECTION ( 'NONE',  ( -0.8313690792065890900, -0.5557206619689321059, 0.000000000000000000 ) ) ;
#1430 = FACE_OUTER_BOUND ( 'NONE', #1114, .T. ) ;
#1431 = ORIENTED_EDGE ( 'NONE', *, *, #4345, .T. ) ;
#1432 = ORIENTED_EDGE ( 'NONE', *, *, #305, .T. ) ;
#1433 = CARTESIAN_POINT ( 'NONE',  ( 13.70000000003316742, -15.25000000001736389, 4.000000000000000000 ) ) ;
#1434 = EDGE_CURVE ( 'NONE', #2731, #913, #3710, .T. ) ;
#1435 = EDGE_CURVE ( 'NONE', #1197, #2583, #4418, .T. ) ;
#1436 = EDGE_LOOP ( 'NONE', ( #799, #2893, #2071, #2364 ) ) ;
#1437 = FACE_OUTER_BOUND ( 'NONE', #1402, .T. ) ;
#1438 = ORIENTED_EDGE ( 'NONE', *, *, #1048, .T. ) ;
#1439 = CIRCLE ( 'NONE', #466, 5.311761425294665884 ) ;
#1440 = EDGE_LOOP ( 'NONE', ( #2419, #4222, #5059, #779 ) ) ;
#1441 = DIRECTION ( 'NONE',  ( -0.5877852522924750245, 0.8090169943749461190, 0.000000000000000000 ) ) ;
#1442 = FACE_OUTER_BOUND ( 'NONE', #488, .T. ) ;
#1443 = DIRECTION ( 'NONE',  ( -1.000000000000000000, 0.000000000000000000, 0.000000000000000000 ) ) ;
#1444 = ADVANCED_FACE ( 'NONE', ( #2549 ), #4252, .T. ) ;
#1445 = FACE_OUTER_BOUND ( 'NONE', #5265, .T. ) ;
#1446 = DIRECTION ( 'NONE',  ( 0.000000000000000000, 0.000000000000000000, -1.000000000000000000 ) ) ;
#1447 = CYLINDRICAL_SURFACE ( 'NONE', #586, 1.549999999999995826 ) ;
#1448 = CARTESIAN_POINT ( 'NONE',  ( 105.9719280673219686, 82.41211121880002111, 0.000000000000000000 ) ) ;
#1449 = FACE_OUTER_BOUND ( 'NONE', #5167, .T. ) ;
#1450 = ORIENTED_EDGE ( 'NONE', *, *, #1927, .T. ) ;
#1451 = ORIENTED_EDGE ( 'NONE', *, *, #928, .T. ) ;
#1452 = DIRECTION ( 'NONE',  ( -0.000000000000000000, -0.000000000000000000, -1.000000000000000000 ) ) ;
#1453 = CARTESIAN_POINT ( 'NONE',  ( 39.08182183954451716, -140.9183694232690414, 0.000000000000000000 ) ) ;
#1454 = ADVANCED_FACE ( 'NONE', ( #1632 ), #742, .F. ) ;
#1455 = EDGE_CURVE ( 'NONE', #4328, #5173, #4604, .T. ) ;
#1456 = DIRECTION ( 'NONE',  ( 0.5877852522924601475, 0.8090169943749567771, 0.000000000000000000 ) ) ;
#1457 = EDGE_LOOP ( 'NONE', ( #563, #5223, #5329, #2154 ) ) ;
#1458 = VERTEX_POINT ( 'NONE', #2524 ) ;
#1459 = LINE ( 'NONE', #5273, #4687 ) ;
#1460 = ORIENTED_EDGE ( 'NONE', *, *, #1115, .T. ) ;
#1461 = CYLINDRICAL_SURFACE ( 'NONE', #439, 0.5000000000000004441 ) ;
#1462 = ORIENTED_EDGE ( 'NONE', *, *, #1655, .T. ) ;
#1463 = ORIENTED_EDGE ( 'NONE', *, *, #4735, .F. ) ;
#1464 = CARTESIAN_POINT ( 'NONE',  ( 1.544597783009749037E-11, 95.09724438915459643, 122.0421419384104524 ) ) ;
#1465 = EDGE_CURVE ( 'NONE', #3777, #3711, #1579, .T. ) ;
#1466 = CARTESIAN_POINT ( 'NONE',  ( 113.1010787769527326, -75.00568089378015202, 0.000000000000000000 ) ) ;
#1467 = CYLINDRICAL_SURFACE ( 'NONE', #2660, 0.5000000000000004441 ) ;
#1468 = CYLINDRICAL_SURFACE ( 'NONE', #780, 1.550000000000051337 ) ;
#1469 = LINE ( 'NONE', #580, #3992 ) ;
#1470 = LINE ( 'NONE', #270, #3166 ) ;
#1471 = EDGE_CURVE ( 'NONE', #5267, #5405, #1055, .T. ) ;
#1472 = CARTESIAN_POINT ( 'NONE',  ( 93.35620929372282717, 74.99431910621984798, 122.0421419384104524 ) ) ;
#1473 = DIRECTION ( 'NONE',  ( -0.000000000000000000, -0.000000000000000000, -1.000000000000000000 ) ) ;
#1474 = DIRECTION ( 'NONE',  ( -1.000000000000000000, 0.000000000000000000, 0.000000000000000000 ) ) ;
#1475 = VERTEX_POINT ( 'NONE', #1303 ) ;
#1476 = ORIENTED_EDGE ( 'NONE', *, *, #885, .F. ) ;
#1477 = CYLINDRICAL_SURFACE ( 'NONE', #1577, 1.550000000000051337 ) ;
#1478 = FACE_OUTER_BOUND ( 'NONE', #5335, .T. ) ;
#1479 = VECTOR ( 'NONE', #2885, 1000.000000000000000 ) ;
#1480 = DIRECTION ( 'NONE',  ( 0.000000000000000000, -1.000000000000000000, -0.000000000000000000 ) ) ;
#1481 = VERTEX_POINT ( 'NONE', #442 ) ;
#1482 = EDGE_CURVE ( 'NONE', #1898, #3152, #4251, .T. ) ;
#1483 = EDGE_CURVE ( 'NONE', #3069, #3250, #5508, .T. ) ;
#1484 = DIRECTION ( 'NONE',  ( 2.455601003620118906E-16, -1.000000000000000000, 0.000000000000000000 ) ) ;
#1485 = AXIS2_PLACEMENT_3D ( 'NONE', #5444, #1213, #887 ) ;
#1486 = VERTEX_POINT ( 'NONE', #1694 ) ;
#1487 = CIRCLE ( 'NONE', #1755, 1.549999999999940314 ) ;
#1488 = CIRCLE ( 'NONE', #5140, 1.549999999991967581 ) ;
#1489 = CARTESIAN_POINT ( 'NONE',  ( 103.5471938591986145, 67.10294193957530240, 122.0421419384104524 ) ) ;
#1490 = EDGE_LOOP ( 'NONE', ( #472, #728 ) ) ;
#1491 = ORIENTED_EDGE ( 'NONE', *, *, #172, .T. ) ;
#1492 = DIRECTION ( 'NONE',  ( 1.000000000000000000, -0.000000000000000000, -0.000000000000000000 ) ) ;
#1493 = DIRECTION ( 'NONE',  ( -0.000000000000000000, -0.000000000000000000, -1.000000000000000000 ) ) ;
#1494 = VECTOR ( 'NONE', #4066, 1000.000000000000114 ) ;
#1495 = CARTESIAN_POINT ( 'NONE',  ( 67.36071162167239379, -56.04781258048107873, 4.000000000000000000 ) ) ;
#1496 = DIRECTION ( 'NONE',  ( 0.000000000000000000, 0.000000000000000000, 1.000000000000000000 ) ) ;
#1497 = CARTESIAN_POINT ( 'NONE',  ( 15.25000000001435652, 15.24999999998041567, 4.000000000000000000 ) ) ;
#1498 = VECTOR ( 'NONE', #1946, 1000.000000000000000 ) ;
#1499 = CIRCLE ( 'NONE', #1676, 1.549999999999940314 ) ;
#1500 = CARTESIAN_POINT ( 'NONE',  ( 35.18774910577104720, -122.7363520233499372, 0.000000000000000000 ) ) ;
#1501 = DIRECTION ( 'NONE',  ( -1.000000000000000000, 0.000000000000000000, 0.000000000000000000 ) ) ;
#1502 = CARTESIAN_POINT ( 'NONE',  ( 95.57405939572547027, 76.21236710406188308, 0.000000000000000000 ) ) ;
#1503 = CIRCLE ( 'NONE', #3545, 70.43268832314497274 ) ;
#1504 = AXIS2_PLACEMENT_3D ( 'NONE', #4757, #4814, #154 ) ;
#1505 = ADVANCED_FACE ( 'NONE', ( #4692 ), #5144, .T. ) ;
#1506 = LINE ( 'NONE', #4584, #611 ) ;
#1507 = EDGE_CURVE ( 'NONE', #3982, #657, #468, .T. ) ;
#1508 = VERTEX_POINT ( 'NONE', #65 ) ;
#1509 = UNCERTAINTY_MEASURE_WITH_UNIT (LENGTH_MEASURE( 1.000000000000000082E-05 ), #269, 'distance_accuracy_value', 'NONE');
#1510 = CIRCLE ( 'NONE', #3821, 5.000000000000004441 ) ;
#1511 = AXIS2_PLACEMENT_3D ( 'NONE', #470, #2054, #1634 ) ;
#1512 = ORIENTED_EDGE ( 'NONE', *, *, #5433, .F. ) ;
#1513 = CARTESIAN_POINT ( 'NONE',  ( 110.2094940032089312, -109.1670495650465256, 158.4340709352140379 ) ) ;
#1514 = DIRECTION ( 'NONE',  ( -1.000000000000000000, 0.000000000000000000, 0.000000000000000000 ) ) ;
#1515 = LINE ( 'NONE', #934, #1763 ) ;
#1516 = VERTEX_POINT ( 'NONE', #3916 ) ;
#1517 = DIRECTION ( 'NONE',  ( -0.000000000000000000, -0.000000000000000000, -1.000000000000000000 ) ) ;
#1518 = ORIENTED_EDGE ( 'NONE', *, *, #3290, .T. ) ;
#1519 = FACE_BOUND ( 'NONE', #995, .T. ) ;
#1520 = ORIENTED_EDGE ( 'NONE', *, *, #711, .F. ) ;
#1521 = ORIENTED_EDGE ( 'NONE', *, *, #5493, .F. ) ;
#1522 = DIRECTION ( 'NONE',  ( -0.5877852522924660317, 0.8090169943749524473, 0.000000000000000000 ) ) ;
#1523 = CARTESIAN_POINT ( 'NONE',  ( 61.77456134258617482, 43.75570504584412390, 4.000000000000000000 ) ) ;
#1524 = CARTESIAN_POINT ( 'NONE',  ( 94.61847608853699398, 57.92875201022780374, 122.0421419384104524 ) ) ;
#1525 = DIRECTION ( 'NONE',  ( 0.000000000000000000, 0.000000000000000000, -1.000000000000000000 ) ) ;
#1526 = EDGE_CURVE ( 'NONE', #5276, #3592, #1515, .T. ) ;
#1527 = ADVANCED_FACE ( 'NONE', ( #2342 ), #3173, .T. ) ;
#1528 = CARTESIAN_POINT ( 'NONE',  ( 105.2171482642249742, 87.56934468690319306, 4.000000000000003553 ) ) ;
#1529 = LINE ( 'NONE', #1500, #327 ) ;
#1530 = DIRECTION ( 'NONE',  ( 0.8090169943749466741, 0.5877852522924741363, 0.000000000000000000 ) ) ;
#1531 = DIRECTION ( 'NONE',  ( 0.000000000000000000, 0.000000000000000000, 1.000000000000000000 ) ) ;
#1532 = CARTESIAN_POINT ( 'NONE',  ( 15.25000000001434408, -15.25000000001736389, 4.000000000000000000 ) ) ;
#1533 = ORIENTED_EDGE ( 'NONE', *, *, #3718, .F. ) ;
#1534 = CIRCLE ( 'NONE', #5442, 1.550000000000037570 ) ;
#1535 = LINE ( 'NONE', #3733, #3193 ) ;
#1536 = DIRECTION ( 'NONE',  ( 0.000000000000000000, 0.000000000000000000, 1.000000000000000000 ) ) ;
#1537 = DIRECTION ( 'NONE',  ( -0.9876883405951409900, -0.1564344650402102466, 0.000000000000000000 ) ) ;
#1538 = EDGE_CURVE ( 'NONE', #1181, #707, #3044, .T. ) ;
#1539 = CARTESIAN_POINT ( 'NONE',  ( 0.2499999999999840683, 29.93307237949736788, 4.000000000000000000 ) ) ;
#1540 = DIRECTION ( 'NONE',  ( -1.000000000000000000, 0.000000000000000000, 0.000000000000000000 ) ) ;
#1541 = ORIENTED_EDGE ( 'NONE', *, *, #1810, .T. ) ;
#1542 = CYLINDRICAL_SURFACE ( 'NONE', #687, 96.68976941081567134 ) ;
#1543 = EDGE_CURVE ( 'NONE', #2432, #4893, #1331, .T. ) ;
#1544 = ORIENTED_EDGE ( 'NONE', *, *, #2579, .F. ) ;
#1545 = DIRECTION ( 'NONE',  ( 0.000000000000000000, 0.000000000000000000, 1.000000000000000000 ) ) ;
#1546 = ORIENTED_EDGE ( 'NONE', *, *, #5281, .F. ) ;
#1547 = DIRECTION ( 'NONE',  ( -0.000000000000000000, -0.000000000000000000, -1.000000000000000000 ) ) ;
#1548 = LINE ( 'NONE', #1523, #3351 ) ;
#1549 = DIRECTION ( 'NONE',  ( 0.000000000000000000, 0.000000000000000000, -1.000000000000000000 ) ) ;
#1550 = CARTESIAN_POINT ( 'NONE',  ( 110.8832286749500327, -73.78763289593814534, 158.4340709352140379 ) ) ;
#1551 = DIRECTION ( 'NONE',  ( 0.000000000000000000, 0.000000000000000000, -1.000000000000000000 ) ) ;
#1552 = CARTESIAN_POINT ( 'NONE',  ( 101.7034080011955837, -65.37003867919737843, 0.000000000000000000 ) ) ;
#1553 = ADVANCED_FACE ( 'NONE', ( #1073 ), #2181, .F. ) ;
#1554 = EDGE_CURVE ( 'NONE', #11, #4566, #4722, .T. ) ;
#1555 = CARTESIAN_POINT ( 'NONE',  ( 94.61847608851937252, -57.92875201025195508, 4.000000000000000000 ) ) ;
#1556 = VECTOR ( 'NONE', #4894, 1000.000000000000114 ) ;
#1557 = DIRECTION ( 'NONE',  ( 0.000000000000000000, 0.000000000000000000, -1.000000000000000000 ) ) ;
#1558 = EDGE_LOOP ( 'NONE', ( #3125, #4977, #2233, #2899 ) ) ;
#1559 = PLANE ( 'NONE',  #75 ) ;
#1560 = EDGE_LOOP ( 'NONE', ( #4594, #3766, #2914, #1621 ) ) ;
#1561 = PLANE ( 'NONE',  #1231 ) ;
#1562 = ORIENTED_EDGE ( 'NONE', *, *, #3548, .T. ) ;
#1563 = CARTESIAN_POINT ( 'NONE',  ( 34.00000000000000711, -3.250000000000000000, 4.000000000000000000 ) ) ;
#1564 = ORIENTED_EDGE ( 'NONE', *, *, #3483, .F. ) ;
#1565 = CARTESIAN_POINT ( 'NONE',  ( -122.1129400795882987, -119.5036204584412900, 0.000000000000000000 ) ) ;
#1566 = VECTOR ( 'NONE', #2945, 1000.000000000000000 ) ;
#1567 = EDGE_LOOP ( 'NONE', ( #395, #1615, #176, #5190 ) ) ;
#1568 = LINE ( 'NONE', #3268, #4711 ) ;
#1569 = EDGE_CURVE ( 'NONE', #5069, #5500, #2211, .T. ) ;
#1570 = ORIENTED_EDGE ( 'NONE', *, *, #898, .F. ) ;
#1571 = FACE_OUTER_BOUND ( 'NONE', #3126, .T. ) ;
#1572 = FACE_OUTER_BOUND ( 'NONE', #2254, .T. ) ;
#1573 = AXIS2_PLACEMENT_3D ( 'NONE', #848, #428, #4993 ) ;
#1574 = VECTOR ( 'NONE', #2464, 1000.000000000000000 ) ;
#1575 = DIRECTION ( 'NONE',  ( -1.000000000000000000, 0.000000000000000000, 0.000000000000000000 ) ) ;
#1576 = CARTESIAN_POINT ( 'NONE',  ( 11.07499999999553353, -10.00000000001742606, 4.000000000000000000 ) ) ;
#1577 = AXIS2_PLACEMENT_3D ( 'NONE', #5291, #1870, #3958 ) ;
#1578 = VERTEX_POINT ( 'NONE', #2730 ) ;
#1579 = CIRCLE ( 'NONE', #3267, 1.549999999840900866 ) ;
#1580 = DIRECTION ( 'NONE',  ( -0.000000000000000000, -0.000000000000000000, -1.000000000000000000 ) ) ;
#1581 = CARTESIAN_POINT ( 'NONE',  ( 101.7184382219827938, 61.76690542735565259, 0.000000000000000000 ) ) ;
#1582 = CIRCLE ( 'NONE', #3721, 1.549999999999912559 ) ;
#1583 = AXIS2_PLACEMENT_3D ( 'NONE', #3698, #4535, #1091 ) ;
#1584 = DIRECTION ( 'NONE',  ( 0.000000000000000000, 0.000000000000000000, 1.000000000000000000 ) ) ;
#1585 = ORIENTED_EDGE ( 'NONE', *, *, #2690, .F. ) ;
#1586 = EDGE_CURVE ( 'NONE', #361, #392, #1742, .T. ) ;
#1587 = DIRECTION ( 'NONE',  ( -0.000000000000000000, -0.000000000000000000, -1.000000000000000000 ) ) ;
#1588 = ORIENTED_EDGE ( 'NONE', *, *, #1951, .F. ) ;
#1589 = CARTESIAN_POINT ( 'NONE',  ( 118.9725066435523502, 68.92079663715927040, 122.0421419384104524 ) ) ;
#1590 = CIRCLE ( 'NONE', #352, 5.000000000000004441 ) ;
#1591 = ORIENTED_EDGE ( 'NONE', *, *, #1309, .F. ) ;
#1592 = DIRECTION ( 'NONE',  ( -0.000000000000000000, -0.000000000000000000, -1.000000000000000000 ) ) ;
#1593 = ADVANCED_FACE ( 'NONE', ( #4324 ), #3860, .T. ) ;
#1594 = ORIENTED_EDGE ( 'NONE', *, *, #1406, .T. ) ;
#1595 = AXIS2_PLACEMENT_3D ( 'NONE', #5087, #5499, #2489 ) ;
#1596 = EDGE_CURVE ( 'NONE', #2350, #1928, #605, .T. ) ;
#1597 = AXIS2_PLACEMENT_3D ( 'NONE', #1077, #1877, #679 ) ;
#1598 = CARTESIAN_POINT ( 'NONE',  ( 106.6036440353377230, -75.00000000000000000, 158.4340709352140379 ) ) ;
#1599 = VERTEX_POINT ( 'NONE', #4042 ) ;
#1600 = ORIENTED_EDGE ( 'NONE', *, *, #2263, .T. ) ;
#1601 = PLANE ( 'NONE',  #967 ) ;
#1602 = EDGE_LOOP ( 'NONE', ( #4236, #1013, #909, #1704 ) ) ;
#1603 = CIRCLE ( 'NONE', #5424, 1.550000000000051337 ) ;
#1604 = LINE ( 'NONE', #316, #3932 ) ;
#1605 = DIRECTION ( 'NONE',  ( 1.000000000000000000, 2.455601003620118906E-16, -0.000000000000000000 ) ) ;
#1606 = EDGE_CURVE ( 'NONE', #5500, #1358, #911, .T. ) ;
#1607 = CARTESIAN_POINT ( 'NONE',  ( 39.33499999998124963, -139.4323004018817471, 0.000000000000000000 ) ) ;
#1608 = AXIS2_PLACEMENT_3D ( 'NONE', #2259, #3962, #4275 ) ;
#1609 = FACE_OUTER_BOUND ( 'NONE', #3914, .T. ) ;
#1610 = ORIENTED_EDGE ( 'NONE', *, *, #2169, .T. ) ;
#1611 = CARTESIAN_POINT ( 'NONE',  ( 63.16381582300088837, -117.6664412285191332, 4.000000000000003553 ) ) ;
#1612 = CARTESIAN_POINT ( 'NONE',  ( 23.50000000026349412, 21.71275603998089565, 4.000000000000003553 ) ) ;
#1613 = ADVANCED_FACE ( 'NONE', ( #1038 ), #2606, .F. ) ;
#1614 = CARTESIAN_POINT ( 'NONE',  ( 39.08182183954451716, -140.9183694232690414, 158.4340709352140379 ) ) ;
#1615 = ORIENTED_EDGE ( 'NONE', *, *, #3649, .F. ) ;
#1616 = DIRECTION ( 'NONE',  ( 1.000000000000000000, 0.000000000000000000, 0.000000000000000000 ) ) ;
#1617 = ORIENTED_EDGE ( 'NONE', *, *, #1702, .F. ) ;
#1618 = DIRECTION ( 'NONE',  ( -5.171196367145139164E-16, 1.000000000000000000, 0.000000000000000000 ) ) ;
#1619 = ORIENTED_EDGE ( 'NONE', *, *, #4448, .F. ) ;
#1620 = CARTESIAN_POINT ( 'NONE',  ( 101.2375583565955424, -62.42877977999324202, 158.4340709352140379 ) ) ;
#1621 = ORIENTED_EDGE ( 'NONE', *, *, #3001, .T. ) ;
#1622 = ORIENTED_EDGE ( 'NONE', *, *, #48, .T. ) ;
#1623 = DIRECTION ( 'NONE',  ( 0.6248766859136423157, 0.7807234641033810041, 0.000000000000000000 ) ) ;
#1624 = EDGE_CURVE ( 'NONE', #3711, #3777, #3176, .T. ) ;
#1625 = CARTESIAN_POINT ( 'NONE',  ( 0.09051548330227406070, -126.4469002755405569, 158.4340709352140379 ) ) ;
#1626 = EDGE_CURVE ( 'NONE', #23, #4566, #2313, .T. ) ;
#1627 = ORIENTED_EDGE ( 'NONE', *, *, #3320, .F. ) ;
#1628 = ORIENTED_EDGE ( 'NONE', *, *, #1435, .F. ) ;
#1629 = ORIENTED_EDGE ( 'NONE', *, *, #4725, .T. ) ;
#1630 = DIRECTION ( 'NONE',  ( -1.000000000000000000, -5.551115123125785858E-15, 0.000000000000000000 ) ) ;
#1631 = CARTESIAN_POINT ( 'NONE',  ( 105.2171482642249742, 87.56934468690319306, 0.000000000000000000 ) ) ;
#1632 = FACE_OUTER_BOUND ( 'NONE', #112, .T. ) ;
#1633 = ORIENTED_EDGE ( 'NONE', *, *, #4754, .F. ) ;
#1634 = DIRECTION ( 'NONE',  ( -1.000000000000000000, 0.000000000000000000, 0.000000000000000000 ) ) ;
#1635 = EDGE_CURVE ( 'NONE', #2922, #276, #2764, .T. ) ;
#1636 = ORIENTED_EDGE ( 'NONE', *, *, #4450, .F. ) ;
#1637 = CARTESIAN_POINT ( 'NONE',  ( 56.83670629099690075, 78.09724438915461064, 0.000000000000000000 ) ) ;
#1638 = DIRECTION ( 'NONE',  ( -0.000000000000000000, -0.000000000000000000, -1.000000000000000000 ) ) ;
#1639 = CARTESIAN_POINT ( 'NONE',  ( 60.22456134274527528, -43.75570504588107923, 0.000000000000000000 ) ) ;
#1640 = ORIENTED_EDGE ( 'NONE', *, *, #386, .F. ) ;
#1641 = EDGE_CURVE ( 'NONE', #1372, #819, #4162, .T. ) ;
#1642 = CARTESIAN_POINT ( 'NONE',  ( 0.5251802922488398861, -129.3676834520781256, 4.000000000000003553 ) ) ;
#1643 = DIRECTION ( 'NONE',  ( -1.000000000000000000, 0.000000000000000000, 0.000000000000000000 ) ) ;
#1644 = CARTESIAN_POINT ( 'NONE',  ( 16.79999999999552074, -15.25000000001736389, 0.000000000000000000 ) ) ;
#1645 = ORIENTED_EDGE ( 'NONE', *, *, #2950, .T. ) ;
#1646 = CARTESIAN_POINT ( 'NONE',  ( 1.567405496363241054E-11, 86.59724438915466749, 4.000000000000003553 ) ) ;
#1647 = ORIENTED_EDGE ( 'NONE', *, *, #5297, .F. ) ;
#1648 = ORIENTED_EDGE ( 'NONE', *, *, #831, .T. ) ;
#1649 = DIRECTION ( 'NONE',  ( 0.000000000000000000, 0.000000000000000000, 1.000000000000000000 ) ) ;
#1650 = DIRECTION ( 'NONE',  ( -1.000000000000000000, 0.000000000000000000, 0.000000000000000000 ) ) ;
#1651 = ORIENTED_EDGE ( 'NONE', *, *, #3001, .F. ) ;
#1652 = VECTOR ( 'NONE', #1530, 1000.000000000000000 ) ;
#1653 = ORIENTED_EDGE ( 'NONE', *, *, #1455, .F. ) ;
#1654 = ORIENTED_EDGE ( 'NONE', *, *, #3, .T. ) ;
#1655 = EDGE_CURVE ( 'NONE', #1873, #5012, #3706, .T. ) ;
#1656 = CARTESIAN_POINT ( 'NONE',  ( 110.8832286749500611, 73.78763289593814534, 4.000000000000003553 ) ) ;
#1657 = AXIS2_PLACEMENT_3D ( 'NONE', #3889, #972, #553 ) ;
#1658 = DIRECTION ( 'NONE',  ( -1.000000000000000000, 0.000000000000000000, 0.000000000000000000 ) ) ;
#1659 = DIRECTION ( 'NONE',  ( 0.000000000000000000, 0.000000000000000000, 1.000000000000000000 ) ) ;
#1660 = VERTEX_POINT ( 'NONE', #2006 ) ;
#1661 = VECTOR ( 'NONE', #32, 1000.000000000000114 ) ;
#1662 = DIRECTION ( 'NONE',  ( 0.000000000000000000, 0.000000000000000000, 1.000000000000000000 ) ) ;
#1663 = EDGE_LOOP ( 'NONE', ( #1451, #144, #3208, #3102 ) ) ;
#1664 = DIRECTION ( 'NONE',  ( -0.000000000000000000, -0.000000000000000000, -1.000000000000000000 ) ) ;
#1665 = VECTOR ( 'NONE', #2979, 1000.000000000000114 ) ;
#1666 = DIRECTION ( 'NONE',  ( -1.000000000000000000, 0.000000000000000000, 0.000000000000000000 ) ) ;
#1667 = CARTESIAN_POINT ( 'NONE',  ( 93.59868271453514410, -76.52523603414232412, 158.4340709352140379 ) ) ;
#1668 = ORIENTED_EDGE ( 'NONE', *, *, #1015, .F. ) ;
#1669 = AXIS2_PLACEMENT_3D ( 'NONE', #3037, #927, #4907 ) ;
#1670 = VECTOR ( 'NONE', #1592, 1000.000000000000000 ) ;
#1671 = LINE ( 'NONE', #4777, #2088 ) ;
#1672 = DIRECTION ( 'NONE',  ( -1.000000000000000000, 0.000000000000000000, 0.000000000000000000 ) ) ;
#1673 = CARTESIAN_POINT ( 'NONE',  ( 106.2847969974023670, -84.38748789999027622, 4.000000000000003553 ) ) ;
#1674 = ORIENTED_EDGE ( 'NONE', *, *, #475, .T. ) ;
#1675 = VECTOR ( 'NONE', #21, 1000.000000000000000 ) ;
#1676 = AXIS2_PLACEMENT_3D ( 'NONE', #5082, #2171, #3872 ) ;
#1677 = ADVANCED_FACE ( 'NONE', ( #2065 ), #5434, .F. ) ;
#1678 = EDGE_CURVE ( 'NONE', #4502, #435, #3626, .T. ) ;
#1679 = CARTESIAN_POINT ( 'NONE',  ( 34.50000000000000711, 90.84999999999999432, 4.000000000000003553 ) ) ;
#1680 = EDGE_LOOP ( 'NONE', ( #1327, #1122 ) ) ;
#1681 = VECTOR ( 'NONE', #5099, 1000.000000000000114 ) ;
#1682 = AXIS2_PLACEMENT_3D ( 'NONE', #2083, #3029, #4731 ) ;
#1683 = ORIENTED_EDGE ( 'NONE', *, *, #4851, .F. ) ;
#1684 = CYLINDRICAL_SURFACE ( 'NONE', #330, 96.68976941081567134 ) ;
#1685 = FACE_OUTER_BOUND ( 'NONE', #58, .T. ) ;
#1686 = ORIENTED_EDGE ( 'NONE', *, *, #2454, .T. ) ;
#1687 = CIRCLE ( 'NONE', #1148, 1.549999999840907750 ) ;
#1688 = VECTOR ( 'NONE', #2411, 1000.000000000000114 ) ;
#1689 = ORIENTED_EDGE ( 'NONE', *, *, #4898, .F. ) ;
#1690 = ORIENTED_EDGE ( 'NONE', *, *, #362, .F. ) ;
#1691 = AXIS2_PLACEMENT_3D ( 'NONE', #2353, #660, #5338 ) ;
#1692 = DIRECTION ( 'NONE',  ( 0.000000000000000000, 0.000000000000000000, 1.000000000000000000 ) ) ;
#1693 = CYLINDRICAL_SURFACE ( 'NONE', #2192, 5.000000000000004441 ) ;
#1694 = CARTESIAN_POINT ( 'NONE',  ( 33.50000000000000711, 3.250000000000000000, 4.000000000000003553 ) ) ;
#1695 = ORIENTED_EDGE ( 'NONE', *, *, #2197, .T. ) ;
#1696 = CIRCLE ( 'NONE', #5333, 1.549999999840900866 ) ;
#1697 = CARTESIAN_POINT ( 'NONE',  ( 11.07500000000633733, 9.999999999980474286, 4.000000000000000000 ) ) ;
#1698 = ORIENTED_EDGE ( 'NONE', *, *, #4493, .T. ) ;
#1699 = CARTESIAN_POINT ( 'NONE',  ( 113.1010787769527184, 75.00568089378019465, 122.0421419384104524 ) ) ;
#1700 = CARTESIAN_POINT ( 'NONE',  ( -5.692406460746181729, -90.68207867741209327, 0.000000000000000000 ) ) ;
#1701 = EDGE_CURVE ( 'NONE', #2935, #1516, #4932, .T. ) ;
#1702 = EDGE_CURVE ( 'NONE', #5026, #4019, #5373, .T. ) ;
#1703 = DIRECTION ( 'NONE',  ( -0.000000000000000000, -0.000000000000000000, -1.000000000000000000 ) ) ;
#1704 = ORIENTED_EDGE ( 'NONE', *, *, #3770, .F. ) ;
#1705 = FACE_BOUND ( 'NONE', #5427, .T. ) ;
#1706 = DIRECTION ( 'NONE',  ( -1.000000000000000000, 0.000000000000000000, 0.000000000000000000 ) ) ;
#1707 = CARTESIAN_POINT ( 'NONE',  ( 8.925000000033156411, -10.00000000001742606, 0.000000000000000000 ) ) ;
#1708 = ORIENTED_EDGE ( 'NONE', *, *, #1796, .T. ) ;
#1709 = EDGE_CURVE ( 'NONE', #883, #2984, #788, .T. ) ;
#1710 = ORIENTED_EDGE ( 'NONE', *, *, #2767, .F. ) ;
#1711 = DIRECTION ( 'NONE',  ( -0.000000000000000000, 0.000000000000000000, 1.000000000000000000 ) ) ;
#1712 = CARTESIAN_POINT ( 'NONE',  ( 110.8832286749500327, -73.78763289593814534, 4.000000000000003553 ) ) ;
#1713 = ORIENTED_EDGE ( 'NONE', *, *, #2849, .T. ) ;
#1714 = ORIENTED_EDGE ( 'NONE', *, *, #2045, .T. ) ;
#1715 = ORIENTED_EDGE ( 'NONE', *, *, #3398, .T. ) ;
#1716 = AXIS2_PLACEMENT_3D ( 'NONE', #437, #2133, #886 ) ;
#1717 = CYLINDRICAL_SURFACE ( 'NONE', #3310, 1.549999999991967581 ) ;
#1718 = DIRECTION ( 'NONE',  ( -0.1564344650402405557, -0.9876883405951362160, 0.000000000000000000 ) ) ;
#1719 = LINE ( 'NONE', #5474, #597 ) ;
#1720 = VERTEX_POINT ( 'NONE', #282 ) ;
#1721 = CARTESIAN_POINT ( 'NONE',  ( 0.2499999999999861222, 21.56440012393390049, 4.000000000000000000 ) ) ;
#1722 = EDGE_LOOP ( 'NONE', ( #1820, #4641 ) ) ;
#1723 = FACE_OUTER_BOUND ( 'NONE', #4126, .T. ) ;
#1724 = CARTESIAN_POINT ( 'NONE',  ( 103.2286440353377230, -75.00000000000000000, 0.000000000000000000 ) ) ;
#1725 = CYLINDRICAL_SURFACE ( 'NONE', #1150, 34.63151962204202761 ) ;
#1726 = EDGE_CURVE ( 'NONE', #11, #641, #3259, .T. ) ;
#1727 = EDGE_CURVE ( 'NONE', #4591, #903, #1176, .T. ) ;
#1728 = FACE_BOUND ( 'NONE', #917, .T. ) ;
#1729 = DIRECTION ( 'NONE',  ( -1.000000000000000000, -2.775557561562888984E-15, 0.000000000000000000 ) ) ;
#1730 = DIRECTION ( 'NONE',  ( -1.000000000000000000, 0.000000000000000000, 0.000000000000000000 ) ) ;
#1731 = ORIENTED_EDGE ( 'NONE', *, *, #2437, .F. ) ;
#1732 = CIRCLE ( 'NONE', #2621, 1.549999999999995826 ) ;
#1733 = ORIENTED_EDGE ( 'NONE', *, *, #2051, .T. ) ;
#1734 = LINE ( 'NONE', #4374, #1053 ) ;
#1735 = LINE ( 'NONE', #3514, #4618 ) ;
#1736 = VERTEX_POINT ( 'NONE', #674 ) ;
#1737 = ORIENTED_EDGE ( 'NONE', *, *, #3105, .F. ) ;
#1738 = ORIENTED_EDGE ( 'NONE', *, *, #5382, .F. ) ;
#1739 = CARTESIAN_POINT ( 'NONE',  ( 104.7999576923953384, 57.82936333190213674, 122.0421419384104524 ) ) ;
#1740 = ADVANCED_FACE ( 'NONE', ( #3292 ), #706, .T. ) ;
#1741 = EDGE_CURVE ( 'NONE', #1414, #2039, #5315, .T. ) ;
#1742 = LINE ( 'NONE', #2159, #150 ) ;
#1743 = ORIENTED_EDGE ( 'NONE', *, *, #1909, .T. ) ;
#1744 = DIRECTION ( 'NONE',  ( 0.000000000000000000, 0.000000000000000000, -1.000000000000000000 ) ) ;
#1745 = AXIS2_PLACEMENT_3D ( 'NONE', #3928, #2719, #3506 ) ;
#1746 = ORIENTED_EDGE ( 'NONE', *, *, #4873, .F. ) ;
#1747 = CARTESIAN_POINT ( 'NONE',  ( 93.59868271453520094, 76.52523603414235254, 4.000000000000003553 ) ) ;
#1748 = DIRECTION ( 'NONE',  ( -1.000000000000000000, -5.551115123125777969E-15, 0.000000000000000000 ) ) ;
#1749 = VECTOR ( 'NONE', #39, 1000.000000000000000 ) ;
#1750 = DIRECTION ( 'NONE',  ( -0.9876883405951375483, -0.1564344650402316184, 0.000000000000000000 ) ) ;
#1751 = DIRECTION ( 'NONE',  ( -1.000000000000000000, 0.000000000000000000, 0.000000000000000000 ) ) ;
#1752 = AXIS2_PLACEMENT_3D ( 'NONE', #267, #1131, #181 ) ;
#1753 = CARTESIAN_POINT ( 'NONE',  ( 51.98359217584339120, -55.07324215923416233, 158.4340709352140379 ) ) ;
#1754 = DIRECTION ( 'NONE',  ( 0.000000000000000000, 0.000000000000000000, -1.000000000000000000 ) ) ;
#1755 = AXIS2_PLACEMENT_3D ( 'NONE', #4518, #4911, #1100 ) ;
#1756 = EDGE_CURVE ( 'NONE', #737, #375, #1985, .T. ) ;
#1757 = AXIS2_PLACEMENT_3D ( 'NONE', #689, #637, #4528 ) ;
#1758 = FACE_OUTER_BOUND ( 'NONE', #3516, .T. ) ;
#1759 = EDGE_LOOP ( 'NONE', ( #3931, #4103, #2132, #3237 ) ) ;
#1760 = ORIENTED_EDGE ( 'NONE', *, *, #4768, .T. ) ;
#1761 = AXIS2_PLACEMENT_3D ( 'NONE', #1398, #3407, #3092 ) ;
#1762 = DIRECTION ( 'NONE',  ( -0.000000000000000000, 0.000000000000000000, 1.000000000000000000 ) ) ;
#1763 = VECTOR ( 'NONE', #5294, 1000.000000000000000 ) ;
#1764 = CARTESIAN_POINT ( 'NONE',  ( 104.7538800694798766, -84.62996132080260736, 158.4340709352140379 ) ) ;
#1765 = EDGE_CURVE ( 'NONE', #4361, #1983, #4781, .T. ) ;
#1766 = VERTEX_POINT ( 'NONE', #307 ) ;
#1767 = EDGE_CURVE ( 'NONE', #27, #1078, #3764, .T. ) ;
#1768 = VERTEX_POINT ( 'NONE', #1202 ) ;
#1769 = VECTOR ( 'NONE', #424, 1000.000000000000000 ) ;
#1770 = EDGE_LOOP ( 'NONE', ( #1379, #5323, #4767, #1381 ) ) ;
#1771 = DIRECTION ( 'NONE',  ( -1.000000000000000000, 0.000000000000000000, 0.000000000000000000 ) ) ;
#1772 = AXIS2_PLACEMENT_3D ( 'NONE', #2014, #3715, #5413 ) ;
#1773 = AXIS2_PLACEMENT_3D ( 'NONE', #1908, #4412, #1443 ) ;
#1774 = CARTESIAN_POINT ( 'NONE',  ( 68.01915003213274247, -137.3956936003766600, 122.0421419384104524 ) ) ;
#1775 = ORIENTED_EDGE ( 'NONE', *, *, #912, .T. ) ;
#1776 = CARTESIAN_POINT ( 'NONE',  ( 16.80000000000632454, 15.24999999998041567, 0.000000000000000000 ) ) ;
#1777 = VECTOR ( 'NONE', #3038, 1000.000000000000000 ) ;
#1778 = EDGE_LOOP ( 'NONE', ( #3116, #2445, #4048, #4405 ) ) ;
#1779 = CARTESIAN_POINT ( 'NONE',  ( 41.89191769392566300, 14.48874859431180440, 4.000000000000000000 ) ) ;
#1780 = EDGE_CURVE ( 'NONE', #3269, #3015, #2451, .T. ) ;
#1781 = LINE ( 'NONE', #121, #1393 ) ;
#1782 = DIRECTION ( 'NONE',  ( 0.000000000000000000, 0.000000000000000000, -1.000000000000000000 ) ) ;
#1783 = CARTESIAN_POINT ( 'NONE',  ( 31.68982040616755214, -149.6465208211111531, 4.000000000000003553 ) ) ;
#1784 = LINE ( 'NONE', #2694, #3009 ) ;
#1785 = EDGE_CURVE ( 'NONE', #469, #935, #3317, .T. ) ;
#1786 = CARTESIAN_POINT ( 'NONE',  ( 28.86482634002301850, -17.19626723762206311, 0.000000000000000000 ) ) ;
#1787 = CARTESIAN_POINT ( 'NONE',  ( 91.88485864216056598, 0.000000000000000000, 4.000000000000000000 ) ) ;
#1788 = LINE ( 'NONE', #3648, #5063 ) ;
#1789 = ORIENTED_EDGE ( 'NONE', *, *, #3868, .F. ) ;
#1790 = VECTOR ( 'NONE', #92, 1000.000000000000000 ) ;
#1791 = ORIENTED_EDGE ( 'NONE', *, *, #3843, .T. ) ;
#1792 = FACE_OUTER_BOUND ( 'NONE', #3784, .T. ) ;
#1793 = DIRECTION ( 'NONE',  ( -0.000000000000000000, -0.000000000000000000, -1.000000000000000000 ) ) ;
#1794 = ORIENTED_EDGE ( 'NONE', *, *, #3252, .F. ) ;
#1795 = ORIENTED_EDGE ( 'NONE', *, *, #1435, .T. ) ;
#1796 = EDGE_CURVE ( 'NONE', #2655, #3066, #4593, .T. ) ;
#1797 = EDGE_CURVE ( 'NONE', #5399, #1768, #3207, .T. ) ;
#1798 = CARTESIAN_POINT ( 'NONE',  ( 115.7998642553444881, -73.00891432125771985, 4.000000000000003553 ) ) ;
#1799 = EDGE_LOOP ( 'NONE', ( #2978, #1876 ) ) ;
#1800 = FACE_BOUND ( 'NONE', #329, .T. ) ;
#1801 = ORIENTED_EDGE ( 'NONE', *, *, #4908, .T. ) ;
#1802 = ORIENTED_EDGE ( 'NONE', *, *, #2661, .T. ) ;
#1803 = FACE_OUTER_BOUND ( 'NONE', #1759, .T. ) ;
#1804 = DIRECTION ( 'NONE',  ( -0.000000000000000000, -0.000000000000000000, -1.000000000000000000 ) ) ;
#1805 = CARTESIAN_POINT ( 'NONE',  ( 95.33158597491306807, -74.68145017613935011, 4.000000000000003553 ) ) ;
#1806 = CARTESIAN_POINT ( 'NONE',  ( -5.207459619121355132, -93.74391253325636342, 4.000000000000003553 ) ) ;
#1807 = CARTESIAN_POINT ( 'NONE',  ( 89.19688116767461850, -82.11027921875336233, 4.000000000000003553 ) ) ;
#1808 = DIRECTION ( 'NONE',  ( 0.000000000000000000, 0.000000000000000000, 1.000000000000000000 ) ) ;
#1809 = CARTESIAN_POINT ( 'NONE',  ( 109.2648146859546898, -90.51014648146914965, 158.4340709352140379 ) ) ;
#1810 = EDGE_CURVE ( 'NONE', #3069, #5367, #2375, .T. ) ;
#1811 = DIRECTION ( 'NONE',  ( 1.000000000000000000, 0.000000000000000000, 0.000000000000000000 ) ) ;
#1812 = VERTEX_POINT ( 'NONE', #1288 ) ;
#1813 = ORIENTED_EDGE ( 'NONE', *, *, #3883, .F. ) ;
#1814 = CARTESIAN_POINT ( 'NONE',  ( 23.50000000026349412, 21.71275603998089565, 4.000000000000003553 ) ) ;
#1815 = CARTESIAN_POINT ( 'NONE',  ( 62.06437347111597091, -118.6816957958411933, 4.000000000000003553 ) ) ;
#1816 = ORIENTED_EDGE ( 'NONE', *, *, #3498, .T. ) ;
#1817 = ORIENTED_EDGE ( 'NONE', *, *, #655, .T. ) ;
#1818 = DIRECTION ( 'NONE',  ( -1.000000000000000000, 0.000000000000000000, 0.000000000000000000 ) ) ;
#1819 = CIRCLE ( 'NONE', #3779, 3.374999999999989342 ) ;
#1820 = ORIENTED_EDGE ( 'NONE', *, *, #2169, .F. ) ;
#1821 = EDGE_CURVE ( 'NONE', #3617, #4000, #429, .T. ) ;
#1822 = FACE_BOUND ( 'NONE', #1069, .T. ) ;
#1823 = ORIENTED_EDGE ( 'NONE', *, *, #4899, .T. ) ;
#1824 = ORIENTED_EDGE ( 'NONE', *, *, #4953, .F. ) ;
#1825 = CARTESIAN_POINT ( 'NONE',  ( 23.50000000026349412, 21.71275603998089565, 0.000000000000000000 ) ) ;
#1826 = CARTESIAN_POINT ( 'NONE',  ( 95.33158597491306807, -74.68145017613935011, 158.4340709352140379 ) ) ;
#1827 = DIRECTION ( 'NONE',  ( -0.000000000000000000, -0.000000000000000000, -1.000000000000000000 ) ) ;
#1828 = DIRECTION ( 'NONE',  ( -0.000000000000000000, -0.000000000000000000, -1.000000000000000000 ) ) ;
#1829 = LINE ( 'NONE', #2303, #1856 ) ;
#1830 = DIRECTION ( 'NONE',  ( 0.000000000000000000, 0.000000000000000000, -1.000000000000000000 ) ) ;
#1831 = ORIENTED_EDGE ( 'NONE', *, *, #739, .F. ) ;
#1832 = DIRECTION ( 'NONE',  ( -0.000000000000000000, -0.000000000000000000, -1.000000000000000000 ) ) ;
#1833 = VECTOR ( 'NONE', #862, 1000.000000000000000 ) ;
#1834 = CARTESIAN_POINT ( 'NONE',  ( 30.50000000000000711, 2.750000000000003997, 4.000000000000003553 ) ) ;
#1835 = VERTEX_POINT ( 'NONE', #2618 ) ;
#1836 = CIRCLE ( 'NONE', #4061, 1.550000000000037570 ) ;
#1837 = ORIENTED_EDGE ( 'NONE', *, *, #739, .T. ) ;
#1838 = LINE ( 'NONE', #2311, #1494 ) ;
#1839 = EDGE_CURVE ( 'NONE', #131, #4521, #2147, .T. ) ;
#1840 = ADVANCED_FACE ( 'NONE', ( #47 ), #480, .F. ) ;
#1841 = LINE ( 'NONE', #3065, #80 ) ;
#1842 = AXIS2_PLACEMENT_3D ( 'NONE', #342, #3709, #5022 ) ;
#1843 = VECTOR ( 'NONE', #2052, 1000.000000000000000 ) ;
#1844 = ORIENTED_EDGE ( 'NONE', *, *, #2199, .T. ) ;
#1845 = VERTEX_POINT ( 'NONE', #872 ) ;
#1846 = AXIS2_PLACEMENT_3D ( 'NONE', #2340, #3542, #4429 ) ;
#1847 = DIRECTION ( 'NONE',  ( 0.000000000000000000, 0.000000000000000000, 1.000000000000000000 ) ) ;
#1848 = ADVANCED_FACE ( 'NONE', ( #505 ), #2090, .F. ) ;
#1849 = VECTOR ( 'NONE', #4903, 1000.000000000000000 ) ;
#1850 = AXIS2_PLACEMENT_3D ( 'NONE', #2335, #3509, #3930 ) ;
#1851 = ORIENTED_EDGE ( 'NONE', *, *, #5483, .F. ) ;
#1852 = FACE_BOUND ( 'NONE', #1267, .T. ) ;
#1853 = ORIENTED_EDGE ( 'NONE', *, *, #3850, .F. ) ;
#1854 = EDGE_LOOP ( 'NONE', ( #3652, #1427, #162, #4174 ) ) ;
#1855 = DIRECTION ( 'NONE',  ( 0.000000000000000000, 0.000000000000000000, 1.000000000000000000 ) ) ;
#1856 = VECTOR ( 'NONE', #609, 1000.000000000000000 ) ;
#1857 = CARTESIAN_POINT ( 'NONE',  ( 85.58371465195854455, 75.46793915741652370, 4.000000000000003553 ) ) ;
#1858 = DIRECTION ( 'NONE',  ( 1.000000000000000000, 0.000000000000000000, 0.000000000000000000 ) ) ;
#1859 = CARTESIAN_POINT ( 'NONE',  ( 110.8832286749500611, 73.78763289593814534, 122.0421419384104524 ) ) ;
#1860 = VECTOR ( 'NONE', #3876, 1000.000000000000000 ) ;
#1861 = VECTOR ( 'NONE', #4223, 1000.000000000000000 ) ;
#1862 = DIRECTION ( 'NONE',  ( 1.000000000000000000, 0.000000000000000000, 0.000000000000000000 ) ) ;
#1863 = DIRECTION ( 'NONE',  ( 0.000000000000000000, -0.000000000000000000, 1.000000000000000000 ) ) ;
#1864 = EDGE_CURVE ( 'NONE', #641, #23, #5048, .T. ) ;
#1865 = EDGE_CURVE ( 'NONE', #1481, #2852, #4963, .T. ) ;
#1866 = CARTESIAN_POINT ( 'NONE',  ( 103.5471938591986145, 67.10294193957530240, 4.000000000000003553 ) ) ;
#1867 = DIRECTION ( 'NONE',  ( 1.000000000000000000, -4.455992888842916502E-15, 0.000000000000000000 ) ) ;
#1868 = ORIENTED_EDGE ( 'NONE', *, *, #3499, .T. ) ;
#1869 = ORIENTED_EDGE ( 'NONE', *, *, #1186, .T. ) ;
#1870 = DIRECTION ( 'NONE',  ( -0.000000000000000000, -0.000000000000000000, -1.000000000000000000 ) ) ;
#1871 = DIRECTION ( 'NONE',  ( -1.000000000000000000, 0.000000000000000000, 0.000000000000000000 ) ) ;
#1872 = VERTEX_POINT ( 'NONE', #5525 ) ;
#1873 = VERTEX_POINT ( 'NONE', #393 ) ;
#1874 = EDGE_CURVE ( 'NONE', #3260, #1872, #3900, .T. ) ;
#1875 = DIRECTION ( 'NONE',  ( -1.000000000000000000, 0.000000000000000000, 0.000000000000000000 ) ) ;
#1876 = ORIENTED_EDGE ( 'NONE', *, *, #4232, .F. ) ;
#1877 = DIRECTION ( 'NONE',  ( 0.000000000000000000, 0.000000000000000000, 1.000000000000000000 ) ) ;
#1878 = EDGE_CURVE ( 'NONE', #3354, #3522, #1499, .T. ) ;
#1879 = EDGE_LOOP ( 'NONE', ( #4627, #4515, #2658, #4403 ) ) ;
#1880 = CIRCLE ( 'NONE', #471, 2.749999999941660001 ) ;
#1881 = VERTEX_POINT ( 'NONE', #1707 ) ;
#1882 = LINE ( 'NONE', #4028, #4396 ) ;
#1883 = DIRECTION ( 'NONE',  ( -1.000000000000000000, 0.000000000000000000, 0.000000000000000000 ) ) ;
#1884 = FACE_OUTER_BOUND ( 'NONE', #4230, .T. ) ;
#1885 = PLANE ( 'NONE',  #3976 ) ;
#1886 = DIRECTION ( 'NONE',  ( -0.000000000000000000, -0.000000000000000000, -1.000000000000000000 ) ) ;
#1887 = CYLINDRICAL_SURFACE ( 'NONE', #1218, 1.074999999981188115 ) ;
#1888 = LINE ( 'NONE', #4902, #3700 ) ;
#1889 = FACE_OUTER_BOUND ( 'NONE', #1007, .T. ) ;
#1890 = DIRECTION ( 'NONE',  ( 0.000000000000000000, 0.000000000000000000, -1.000000000000000000 ) ) ;
#1891 = EDGE_CURVE ( 'NONE', #2897, #2842, #4880, .T. ) ;
#1892 = VERTEX_POINT ( 'NONE', #3344 ) ;
#1893 = EDGE_CURVE ( 'NONE', #3798, #4325, #5492, .T. ) ;
#1894 = VERTEX_POINT ( 'NONE', #455 ) ;
#1895 = CARTESIAN_POINT ( 'NONE',  ( 10.00000000001434408, -10.00000000001742606, 4.000000000000000000 ) ) ;
#1896 =( LENGTH_UNIT ( ) NAMED_UNIT ( * ) SI_UNIT ( .MILLI., .METRE. ) );
#1897 = DIRECTION ( 'NONE',  ( 0.000000000000000000, 0.000000000000000000, 1.000000000000000000 ) ) ;
#1898 = VERTEX_POINT ( 'NONE', #2954 ) ;
#1899 = ORIENTED_EDGE ( 'NONE', *, *, #5397, .F. ) ;
#1900 = LINE ( 'NONE', #3575, #2815 ) ;
#1901 = VERTEX_POINT ( 'NONE', #924 ) ;
#1902 = DIRECTION ( 'NONE',  ( 0.000000000000000000, 0.000000000000000000, -1.000000000000000000 ) ) ;
#1903 = ORIENTED_EDGE ( 'NONE', *, *, #4549, .F. ) ;
#1904 = ORIENTED_EDGE ( 'NONE', *, *, #867, .T. ) ;
#1905 = VECTOR ( 'NONE', #5486, 1000.000000000000000 ) ;
#1906 = CARTESIAN_POINT ( 'NONE',  ( 102.0162769312760815, 67.34541536038767617, 122.0421419384104524 ) ) ;
#1907 = CARTESIAN_POINT ( 'NONE',  ( 102.9100942114772863, 82.89705806042461234, 122.0421419384104524 ) ) ;
#1908 = CARTESIAN_POINT ( 'NONE',  ( 103.2286440353377799, 74.99999999999991473, 122.0421419384104524 ) ) ;
#1909 = EDGE_CURVE ( 'NONE', #1950, #1736, #4650, .T. ) ;
#1910 = ADVANCED_FACE ( 'NONE', ( #1758 ), #4267, .T. ) ;
#1911 = CARTESIAN_POINT ( 'NONE',  ( 67.36071162167239379, -56.04781258048107873, 4.000000000000000000 ) ) ;
#1912 = CARTESIAN_POINT ( 'NONE',  ( 68.44157924003266658, -32.42076631673563014, 0.000000000000000000 ) ) ;
#1913 = PLANE ( 'NONE',  #3347 ) ;
#1914 = EDGE_LOOP ( 'NONE', ( #3955, #3534, #4319, #2759 ) ) ;
#1915 = DIRECTION ( 'NONE',  ( -0.000000000000000000, -0.000000000000000000, -1.000000000000000000 ) ) ;
#1916 = CARTESIAN_POINT ( 'NONE',  ( 10.00000000001435474, 9.999999999980474286, 4.000000000000000000 ) ) ;
#1917 = ORIENTED_EDGE ( 'NONE', *, *, #2848, .F. ) ;
#1918 = CIRCLE ( 'NONE', #3882, 3.000000000000002665 ) ;
#1919 = EDGE_LOOP ( 'NONE', ( #562, #3180, #1831, #891, #4997 ) ) ;
#1920 = LINE ( 'NONE', #4481, #3979 ) ;
#1921 = AXIS2_PLACEMENT_3D ( 'NONE', #1631, #5506, #3836 ) ;
#1922 = DIRECTION ( 'NONE',  ( -0.000000000000000000, -0.000000000000000000, -1.000000000000000000 ) ) ;
#1923 = ORIENTED_EDGE ( 'NONE', *, *, #2975, .F. ) ;
#1924 = DIRECTION ( 'NONE',  ( -0.5326614605327096852, -0.8463284046179476716, 0.000000000000000000 ) ) ;
#1925 = VECTOR ( 'NONE', #1165, 1000.000000000000000 ) ;
#1926 = EDGE_CURVE ( 'NONE', #4718, #333, #4709, .T. ) ;
#1927 = EDGE_CURVE ( 'NONE', #3712, #3592, #3093, .T. ) ;
#1928 = VERTEX_POINT ( 'NONE', #3034 ) ;
#1929 = VECTOR ( 'NONE', #1924, 1000.000000000000114 ) ;
#1930 = AXIS2_PLACEMENT_3D ( 'NONE', #890, #5270, #1456 ) ;
#1931 = CARTESIAN_POINT ( 'NONE',  ( 109.3332286749500071, 73.78763289593814534, 4.000000000000003553 ) ) ;
#1932 = ORIENTED_EDGE ( 'NONE', *, *, #3869, .T. ) ;
#1933 = ORIENTED_EDGE ( 'NONE', *, *, #2827, .F. ) ;
#1934 = DIRECTION ( 'NONE',  ( 0.000000000000000000, -0.000000000000000000, -1.000000000000000000 ) ) ;
#1935 = DIRECTION ( 'NONE',  ( -0.000000000000000000, -0.000000000000000000, -1.000000000000000000 ) ) ;
#1936 = PLANE ( 'NONE',  #4082 ) ;
#1937 = VECTOR ( 'NONE', #2417, 1000.000000000000114 ) ;
#1938 = CARTESIAN_POINT ( 'NONE',  ( 33.50000000000000711, -3.250000000000000000, 0.000000000000000000 ) ) ;
#1939 = CARTESIAN_POINT ( 'NONE',  ( 32.67537009044875163, -139.3071942506634571, 4.000000000000003553 ) ) ;
#1940 = AXIS2_PLACEMENT_3D ( 'NONE', #2953, #2617, #4341 ) ;
#1941 = AXIS2_PLACEMENT_3D ( 'NONE', #3058, #2251, #1065 ) ;
#1942 = EDGE_CURVE ( 'NONE', #852, #11, #2196, .T. ) ;
#1943 = DIRECTION ( 'NONE',  ( -1.000000000000000000, -4.163336342344333082E-15, 0.000000000000000000 ) ) ;
#1944 = DIRECTION ( 'NONE',  ( -1.000000000000000000, 0.000000000000000000, 0.000000000000000000 ) ) ;
#1945 = ORIENTED_EDGE ( 'NONE', *, *, #4292, .T. ) ;
#1946 = DIRECTION ( 'NONE',  ( -0.8090169943749466741, -0.5877852522924741363, 0.000000000000000000 ) ) ;
#1947 = AXIS2_PLACEMENT_3D ( 'NONE', #3448, #1782, #3424 ) ;
#1948 = VECTOR ( 'NONE', #4178, 1000.000000000000000 ) ;
#1949 = DIRECTION ( 'NONE',  ( -0.000000000000000000, -0.000000000000000000, -1.000000000000000000 ) ) ;
#1950 = VERTEX_POINT ( 'NONE', #537 ) ;
#1951 = EDGE_CURVE ( 'NONE', #3944, #171, #4517, .T. ) ;
#1952 = AXIS2_PLACEMENT_3D ( 'NONE', #1453, #3204, #252 ) ;
#1953 = VECTOR ( 'NONE', #4024, 1000.000000000000000 ) ;
#1954 = CYLINDRICAL_SURFACE ( 'NONE', #5460, 5.000000000000004441 ) ;
#1955 = ORIENTED_EDGE ( 'NONE', *, *, #4996, .T. ) ;
#1956 = DIRECTION ( 'NONE',  ( 0.5326614605327096852, 0.8463284046179476716, 0.000000000000000000 ) ) ;
#1957 = DIRECTION ( 'NONE',  ( -1.000000000000000000, 0.000000000000000000, 0.000000000000000000 ) ) ;
#1958 = AXIS2_PLACEMENT_3D ( 'NONE', #4184, #478, #452 ) ;
#1959 = DIRECTION ( 'NONE',  ( 0.000000000000000000, 0.000000000000000000, -1.000000000000000000 ) ) ;
#1960 = EDGE_LOOP ( 'NONE', ( #369, #835, #5459, #1377 ) ) ;
#1961 = LINE ( 'NONE', #2816, #3800 ) ;
#1962 = EDGE_LOOP ( 'NONE', ( #4991, #3212, #4818, #4905 ) ) ;
#1963 = DIRECTION ( 'NONE',  ( 0.000000000000000000, 0.000000000000000000, 1.000000000000000000 ) ) ;
#1964 = ORIENTED_EDGE ( 'NONE', *, *, #1874, .F. ) ;
#1965 = ADVANCED_FACE ( 'NONE', ( #5206 ), #1426, .F. ) ;
#1966 = ADVANCED_FACE ( 'NONE', ( #2307 ), #3114, .F. ) ;
#1967 = ORIENTED_EDGE ( 'NONE', *, *, #1011, .T. ) ;
#1968 = DIRECTION ( 'NONE',  ( -1.000000000000000000, 0.000000000000000000, 0.000000000000000000 ) ) ;
#1969 = FACE_OUTER_BOUND ( 'NONE', #1567, .T. ) ;
#1970 = DIRECTION ( 'NONE',  ( -0.000000000000000000, -0.000000000000000000, -1.000000000000000000 ) ) ;
#1971 = CARTESIAN_POINT ( 'NONE',  ( 45.59422145508988677, 31.99999999999100098, 4.000000000000000000 ) ) ;
#1972 = DIRECTION ( 'NONE',  ( 1.000000000000000000, -3.601257232813777978E-16, 0.000000000000000000 ) ) ;
#1973 = CARTESIAN_POINT ( 'NONE',  ( -68.44157924001245874, -32.42076631672094322, 4.000000000000003553 ) ) ;
#1974 = ORIENTED_EDGE ( 'NONE', *, *, #1239, .F. ) ;
#1975 = CARTESIAN_POINT ( 'NONE',  ( -2.103841866565085539, 1.595184984638637449, 4.000000000000000000 ) ) ;
#1976 = LINE ( 'NONE', #747, #2120 ) ;
#1977 = VERTEX_POINT ( 'NONE', #1834 ) ;
#1978 = AXIS2_PLACEMENT_3D ( 'NONE', #3473, #3019, #2659 ) ;
#1979 = CARTESIAN_POINT ( 'NONE',  ( 100.1724910732730507, -65.61251210000970957, 158.4340709352140379 ) ) ;
#1980 = CARTESIAN_POINT ( 'NONE',  ( 109.2641073475735993, 90.50568972413942959, 0.000000000000000000 ) ) ;
#1981 = FACE_OUTER_BOUND ( 'NONE', #1147, .T. ) ;
#1982 = DIRECTION ( 'NONE',  ( -1.000000000000000000, 0.000000000000000000, 0.000000000000000000 ) ) ;
#1983 = VERTEX_POINT ( 'NONE', #4760 ) ;
#1984 = EDGE_CURVE ( 'NONE', #1078, #1950, #949, .T. ) ;
#1985 = LINE ( 'NONE', #3679, #3359 ) ;
#1986 = ORIENTED_EDGE ( 'NONE', *, *, #608, .F. ) ;
#1987 = DIRECTION ( 'NONE',  ( -1.000000000000000000, 0.000000000000000000, 0.000000000000000000 ) ) ;
#1988 = EDGE_LOOP ( 'NONE', ( #3831, #1438, #590, #3042 ) ) ;
#1989 = DIRECTION ( 'NONE',  ( -0.000000000000000000, -0.000000000000000000, -1.000000000000000000 ) ) ;
#1990 = EDGE_LOOP ( 'NONE', ( #4330, #574, #3067, #3239 ) ) ;
#1991 = DIRECTION ( 'NONE',  ( 2.455601003620118906E-16, -1.000000000000000000, 0.000000000000000000 ) ) ;
#1992 = LINE ( 'NONE', #1907, #4147 ) ;
#1993 = ADVANCED_FACE ( 'NONE', ( #5288 ), #4817, .F. ) ;
#1994 = CARTESIAN_POINT ( 'NONE',  ( 104.4410111393996914, 82.65458463961226698, 122.0421419384104524 ) ) ;
#1995 = CARTESIAN_POINT ( 'NONE',  ( -16.05704015144976182, -40.51200993603342226, 0.000000000000000000 ) ) ;
#1996 = CARTESIAN_POINT ( 'NONE',  ( 11.67500000003314931, -12.75000000001738520, 4.000000000000000000 ) ) ;
#1997 = LINE ( 'NONE', #1140, #1389 ) ;
#1998 = CARTESIAN_POINT ( 'NONE',  ( 0.2500000000000224820, -126.6225185911903139, 0.000000000000000000 ) ) ;
#1999 = ADVANCED_FACE ( 'NONE', ( #2722 ), #2226, .T. ) ;
#2000 = DIRECTION ( 'NONE',  ( -0.000000000000000000, -0.000000000000000000, -1.000000000000000000 ) ) ;
#2001 = VERTEX_POINT ( 'NONE', #4842 ) ;
#2002 = DIRECTION ( 'NONE',  ( -1.000000000000000000, 0.000000000000000000, 0.000000000000000000 ) ) ;
#2003 = LINE ( 'NONE', #700, #3387 ) ;
#2004 = DIRECTION ( 'NONE',  ( 0.000000000000000000, 0.000000000000000000, -1.000000000000000000 ) ) ;
#2005 = VERTEX_POINT ( 'NONE', #129 ) ;
#2006 = CARTESIAN_POINT ( 'NONE',  ( 92.85512033165956325, 60.35580299335263987, 4.000000000000000000 ) ) ;
#2007 = ORIENTED_EDGE ( 'NONE', *, *, #4054, .F. ) ;
#2008 = VECTOR ( 'NONE', #1343, 1000.000000000000000 ) ;
#2009 = EDGE_CURVE ( 'NONE', #1892, #2960, #4343, .T. ) ;
#2010 = CARTESIAN_POINT ( 'NONE',  ( 22.58585882915342680, 13.81180667449477539, 4.000000000000000000 ) ) ;
#2011 = VECTOR ( 'NONE', #1060, 1000.000000000000000 ) ;
#2012 = ORIENTED_EDGE ( 'NONE', *, *, #4974, .T. ) ;
#2013 = ORIENTED_EDGE ( 'NONE', *, *, #1257, .F. ) ;
#2014 = CARTESIAN_POINT ( 'NONE',  ( 60.22456134274527528, 43.75570504584412390, 4.000000000000000000 ) ) ;
#2015 = ORIENTED_EDGE ( 'NONE', *, *, #5359, .F. ) ;
#2016 = AXIS2_PLACEMENT_3D ( 'NONE', #3638, #4527, #717 ) ;
#2017 = EDGE_CURVE ( 'NONE', #2001, #1155, #2474, .T. ) ;
#2018 = DIRECTION ( 'NONE',  ( -0.000000000000000000, -0.000000000000000000, -1.000000000000000000 ) ) ;
#2019 = DIRECTION ( 'NONE',  ( -1.000000000000000000, 0.000000000000000000, 0.000000000000000000 ) ) ;
#2020 = CIRCLE ( 'NONE', #5051, 1.549999999840907750 ) ;
#2021 = AXIS2_PLACEMENT_3D ( 'NONE', #3723, #1659, #3418 ) ;
#2022 = CARTESIAN_POINT ( 'NONE',  ( 104.4410111393994356, -82.65458463961232383, 158.4340709352140379 ) ) ;
#2023 = ORIENTED_EDGE ( 'NONE', *, *, #801, .T. ) ;
#2024 = VECTOR ( 'NONE', #3142, 1000.000000000000000 ) ;
#2025 = DIRECTION ( 'NONE',  ( 0.000000000000000000, 0.000000000000000000, 1.000000000000000000 ) ) ;
#2026 = ORIENTED_EDGE ( 'NONE', *, *, #1741, .F. ) ;
#2027 = CARTESIAN_POINT ( 'NONE',  ( 54.34229624866446784, -166.1045078853000518, 4.000000000000003553 ) ) ;
#2028 = CIRCLE ( 'NONE', #156, 4.999999999999997335 ) ;
#2029 = CYLINDRICAL_SURFACE ( 'NONE', #5058, 5.000000000000004441 ) ;
#2030 = EDGE_LOOP ( 'NONE', ( #1591, #806, #1463, #140, #4313 ) ) ;
#2031 = EDGE_CURVE ( 'NONE', #198, #1155, #5185, .T. ) ;
#2032 = EDGE_CURVE ( 'NONE', #4000, #1216, #4455, .T. ) ;
#2033 = CARTESIAN_POINT ( 'NONE',  ( 42.08499999992290697, -129.0823004019084408, 4.000000000000003553 ) ) ;
#2034 = VERTEX_POINT ( 'NONE', #1370 ) ;
#2035 = PLANE ( 'NONE',  #4603 ) ;
#2036 = AXIS2_PLACEMENT_3D ( 'NONE', #3816, #1285, #2270 ) ;
#2037 = EDGE_LOOP ( 'NONE', ( #1622, #4805, #1332, #3210, #3048, #3059, #4192, #1698, #5439, #2509, #3573, #2097, #3089, #4876, #2789, #1428, #85, #2607, #432, #627, #3745, #856, #1412, #2293, #5409, #1254, #4710, #1304, #3390, #2262, #2343, #3754, #486, #4634, #5290, #265, #2709, #4456, #4346, #752, #2044, #1208, #2214, #4892, #626, #3139, #3332, #894, #1210, #4849, #5, #2791, #678, #1348, #242, #3983, #5484, #1224, #1933, #3431, #2992, #1737, #2076, #538, #119, #5393, #2937, #4664 ) ) ;
#2038 = CARTESIAN_POINT ( 'NONE',  ( 33.43610365448986954, 84.48473150207676952, 4.000000000000003553 ) ) ;
#2039 = VERTEX_POINT ( 'NONE', #1394 ) ;
#2040 = AXIS2_PLACEMENT_3D ( 'NONE', #54, #2572, #4316 ) ;
#2041 = AXIS2_PLACEMENT_3D ( 'NONE', #3124, #4327, #523 ) ;
#2042 = CARTESIAN_POINT ( 'NONE',  ( 36.79113011703005043, -145.3627739314572409, 4.000000000000003553 ) ) ;
#2043 = CARTESIAN_POINT ( 'NONE',  ( 76.41647994167055913, -1.847912566164685949E-11, 0.000000000000000000 ) ) ;
#2044 = ORIENTED_EDGE ( 'NONE', *, *, #1085, .T. ) ;
#2045 = EDGE_CURVE ( 'NONE', #413, #2570, #3538, .T. ) ;
#2046 = ORIENTED_EDGE ( 'NONE', *, *, #2009, .F. ) ;
#2047 = VERTEX_POINT ( 'NONE', #5239 ) ;
#2048 = CIRCLE ( 'NONE', #4715, 5.000000000000004441 ) ;
#2049 = LINE ( 'NONE', #2100, #916 ) ;
#2050 = CARTESIAN_POINT ( 'NONE',  ( 104.4410111393994356, -82.65458463961232383, 4.000000000000003553 ) ) ;
#2051 = EDGE_CURVE ( 'NONE', #2512, #6, #106, .T. ) ;
#2052 = DIRECTION ( 'NONE',  ( 0.000000000000000000, 0.000000000000000000, -1.000000000000000000 ) ) ;
#2053 = ORIENTED_EDGE ( 'NONE', *, *, #3327, .T. ) ;
#2054 = DIRECTION ( 'NONE',  ( -0.000000000000000000, -0.000000000000000000, -1.000000000000000000 ) ) ;
#2055 = VERTEX_POINT ( 'NONE', #2275 ) ;
#2056 = CARTESIAN_POINT ( 'NONE',  ( 34.00000000000000711, 3.250000000000000000, 0.000000000000000000 ) ) ;
#2057 = DIRECTION ( 'NONE',  ( -1.000000000000000000, 0.000000000000000000, 0.000000000000000000 ) ) ;
#2058 = CARTESIAN_POINT ( 'NONE',  ( 82.14483623351057417, 78.09724438915462486, 4.000000000000003553 ) ) ;
#2059 = ORIENTED_EDGE ( 'NONE', *, *, #348, .T. ) ;
#2060 = CARTESIAN_POINT ( 'NONE',  ( 106.2847969974025517, 84.38748789999031885, 4.000000000000003553 ) ) ;
#2061 = FACE_OUTER_BOUND ( 'NONE', #3687, .T. ) ;
#2062 = CARTESIAN_POINT ( 'NONE',  ( 92.85512033165956325, 60.35580299335263987, 0.000000000000000000 ) ) ;
#2063 = ORIENTED_EDGE ( 'NONE', *, *, #1641, .T. ) ;
#2064 = EDGE_CURVE ( 'NONE', #566, #1901, #696, .T. ) ;
#2065 = FACE_OUTER_BOUND ( 'NONE', #1602, .T. ) ;
#2066 = ORIENTED_EDGE ( 'NONE', *, *, #5332, .F. ) ;
#2067 = ORIENTED_EDGE ( 'NONE', *, *, #5195, .F. ) ;
#2068 = CARTESIAN_POINT ( 'NONE',  ( 115.8909871731398056, 72.85833873261277915, 0.000000000000000000 ) ) ;
#2069 = DIRECTION ( 'NONE',  ( 0.000000000000000000, 0.000000000000000000, 1.000000000000000000 ) ) ;
#2070 = VERTEX_POINT ( 'NONE', #5263 ) ;
#2071 = ORIENTED_EDGE ( 'NONE', *, *, #3064, .T. ) ;
#2072 = EDGE_LOOP ( 'NONE', ( #1297, #1654, #2491, #355 ) ) ;
#2073 = DIRECTION ( 'NONE',  ( -0.7875084190907026827, -0.6163038940825072975, 0.000000000000000000 ) ) ;
#2074 = LINE ( 'NONE', #5061, #5391 ) ;
#2075 = DIRECTION ( 'NONE',  ( 0.1564344650402373360, -0.9876883405951367711, 0.000000000000000000 ) ) ;
#2076 = ORIENTED_EDGE ( 'NONE', *, *, #2051, .F. ) ;
#2077 = DIRECTION ( 'NONE',  ( 0.000000000000000000, 0.000000000000000000, 1.000000000000000000 ) ) ;
#2078 = ORIENTED_EDGE ( 'NONE', *, *, #4090, .F. ) ;
#2079 = ADVANCED_FACE ( 'NONE', ( #1449 ), #3137, .F. ) ;
#2080 = EDGE_CURVE ( 'NONE', #2200, #4628, #1788, .T. ) ;
#2081 = DIRECTION ( 'NONE',  ( 0.9876883405951374373, -0.1564344650402327008, 0.000000000000000000 ) ) ;
#2082 = DIRECTION ( 'NONE',  ( 0.000000000000000000, 0.000000000000000000, -1.000000000000000000 ) ) ;
#2083 = CARTESIAN_POINT ( 'NONE',  ( 101.7034080011955837, -65.37003867919737843, 0.000000000000000000 ) ) ;
#2084 = VERTEX_POINT ( 'NONE', #215 ) ;
#2085 = DIRECTION ( 'NONE',  ( -1.000000000000000000, 0.000000000000000000, 0.000000000000000000 ) ) ;
#2086 = CARTESIAN_POINT ( 'NONE',  ( 56.83282050725286183, 48.39885195560857056, 4.000000000000000000 ) ) ;
#2087 = DIRECTION ( 'NONE',  ( -0.000000000000000000, -0.000000000000000000, 1.000000000000000000 ) ) ;
#2088 = VECTOR ( 'NONE', #939, 1000.000000000000000 ) ;
#2089 = ORIENTED_EDGE ( 'NONE', *, *, #4832, .F. ) ;
#2090 = CYLINDRICAL_SURFACE ( 'NONE', #2920, 1.550000000000051337 ) ;
#2091 = ORIENTED_EDGE ( 'NONE', *, *, #685, .T. ) ;
#2092 = VERTEX_POINT ( 'NONE', #5011 ) ;
#2093 = CYLINDRICAL_SURFACE ( 'NONE', #1842, 39.16647994180851100 ) ;
#2094 = CYLINDRICAL_SURFACE ( 'NONE', #5415, 3.000000000000002665 ) ;
#2095 = EDGE_LOOP ( 'NONE', ( #1945, #2378, #4063, #2131 ) ) ;
#2096 = ORIENTED_EDGE ( 'NONE', *, *, #15, .F. ) ;
#2097 = ORIENTED_EDGE ( 'NONE', *, *, #5103, .T. ) ;
#2098 = EDGE_CURVE ( 'NONE', #4677, #4217, #246, .T. ) ;
#2099 = EDGE_CURVE ( 'NONE', #1414, #2741, #5344, .T. ) ;
#2100 = CARTESIAN_POINT ( 'NONE',  ( 33.95606622556360321, -153.8003287957969007, 4.000000000000003553 ) ) ;
#2101 = AXIS2_PLACEMENT_3D ( 'NONE', #2358, #4058, #1944 ) ;
#2102 = CARTESIAN_POINT ( 'NONE',  ( 0.2500000000000093259, -72.97957712075162817, -0.01000000000000000021 ) ) ;
#2103 = CARTESIAN_POINT ( 'NONE',  ( 103.2286440353377230, -75.00000000000000000, 0.000000000000000000 ) ) ;
#2104 = EDGE_LOOP ( 'NONE', ( #1260, #3680, #3396, #3201, #2096 ) ) ;
#2105 = DIRECTION ( 'NONE',  ( 0.000000000000000000, 0.000000000000000000, 1.000000000000000000 ) ) ;
#2106 = ORIENTED_EDGE ( 'NONE', *, *, #1507, .T. ) ;
#2107 = CARTESIAN_POINT ( 'NONE',  ( 81.53862968008381529, 72.52901289595419598, 4.000000000000000000 ) ) ;
#2108 = CIRCLE ( 'NONE', #59, 5.000000000000004441 ) ;
#2109 = CARTESIAN_POINT ( 'NONE',  ( 44.04422145524898013, -32.00000000002795986, 4.000000000000000000 ) ) ;
#2110 = VECTOR ( 'NONE', #2671, 1000.000000000000114 ) ;
#2111 = DIRECTION ( 'NONE',  ( 0.000000000000000000, 0.000000000000000000, 1.000000000000000000 ) ) ;
#2112 = EDGE_CURVE ( 'NONE', #95, #4628, #1976, .T. ) ;
#2113 = ORIENTED_EDGE ( 'NONE', *, *, #4345, .F. ) ;
#2114 = CIRCLE ( 'NONE', #5227, 1.074999999981188115 ) ;
#2115 = AXIS2_PLACEMENT_3D ( 'NONE', #1563, #3654, #4070 ) ;
#2116 = DIRECTION ( 'NONE',  ( 1.000000000000000000, 0.000000000000000000, 0.000000000000000000 ) ) ;
#2117 = FACE_BOUND ( 'NONE', #2265, .T. ) ;
#2118 = CARTESIAN_POINT ( 'NONE',  ( 1.534011322063681169E-11, 78.09724438915458222, 0.000000000000000000 ) ) ;
#2119 = AXIS2_PLACEMENT_3D ( 'NONE', #1368, #3507, #1729 ) ;
#2120 = VECTOR ( 'NONE', #5366, 1000.000000000000000 ) ;
#2121 = CARTESIAN_POINT ( 'NONE',  ( 93.59868271453520094, 76.52523603414235254, 122.0421419384104524 ) ) ;
#2122 = EDGE_CURVE ( 'NONE', #4224, #426, #2028, .T. ) ;
#2123 = EDGE_LOOP ( 'NONE', ( #5175, #2712, #315, #2785 ) ) ;
#2124 = CIRCLE ( 'NONE', #5238, 34.63151962204202761 ) ;
#2125 = AXIS2_PLACEMENT_3D ( 'NONE', #943, #2245, #4389 ) ;
#2126 = ORIENTED_EDGE ( 'NONE', *, *, #1116, .F. ) ;
#2127 = CARTESIAN_POINT ( 'NONE',  ( -2.103841866565085539, 1.595184984638637449, 4.000000000000000000 ) ) ;
#2128 = DIRECTION ( 'NONE',  ( 0.000000000000000000, 0.000000000000000000, 1.000000000000000000 ) ) ;
#2129 = ORIENTED_EDGE ( 'NONE', *, *, #710, .T. ) ;
#2130 = AXIS2_PLACEMENT_3D ( 'NONE', #5196, #94, #4724 ) ;
#2131 = ORIENTED_EDGE ( 'NONE', *, *, #685, .F. ) ;
#2132 = ORIENTED_EDGE ( 'NONE', *, *, #4512, .F. ) ;
#2133 = DIRECTION ( 'NONE',  ( 0.6041862106499963359, -0.7968431607665327210, 0.000000000000000000 ) ) ;
#2134 = CARTESIAN_POINT ( 'NONE',  ( 103.2343249291181309, 65.12756525838500465, 4.000000000000003553 ) ) ;
#2135 = CARTESIAN_POINT ( 'NONE',  ( 102.0790222137140404, -94.92893429417041773, 0.000000000000000000 ) ) ;
#2136 = EDGE_CURVE ( 'NONE', #712, #5130, #4904, .T. ) ;
#2137 = ORIENTED_EDGE ( 'NONE', *, *, #2247, .T. ) ;
#2138 = CIRCLE ( 'NONE', #4004, 70.43268832314497274 ) ;
#2139 = EDGE_CURVE ( 'NONE', #2687, #5168, #3179, .T. ) ;
#2140 = CARTESIAN_POINT ( 'NONE',  ( 71.08098388797837686, -137.8806404420012655, 0.000000000000000000 ) ) ;
#2141 = ORIENTED_EDGE ( 'NONE', *, *, #2628, .F. ) ;
#2142 = CARTESIAN_POINT ( 'NONE',  ( 42.08499999992290697, -129.0823004019084408, 0.000000000000000000 ) ) ;
#2143 = DIRECTION ( 'NONE',  ( 0.000000000000000000, 0.000000000000000000, 1.000000000000000000 ) ) ;
#2144 = FACE_OUTER_BOUND ( 'NONE', #116, .T. ) ;
#2145 = FACE_BOUND ( 'NONE', #4855, .T. ) ;
#2146 = FACE_OUTER_BOUND ( 'NONE', #2685, .T. ) ;
#2147 = LINE ( 'NONE', #4312, #1139 ) ;
#2148 = ORIENTED_EDGE ( 'NONE', *, *, #815, .T. ) ;
#2149 = ORIENTED_EDGE ( 'NONE', *, *, #1864, .F. ) ;
#2150 = CARTESIAN_POINT ( 'NONE',  ( 39.33499999997926722, -120.1823004018628609, 0.000000000000000000 ) ) ;
#2151 = ADVANCED_FACE ( 'NONE', ( #5392 ), #2029, .F. ) ;
#2152 = DIRECTION ( 'NONE',  ( -1.000000000000000000, 0.000000000000000000, 0.000000000000000000 ) ) ;
#2153 = ORIENTED_EDGE ( 'NONE', *, *, #4741, .T. ) ;
#2154 = ORIENTED_EDGE ( 'NONE', *, *, #1323, .F. ) ;
#2155 = ORIENTED_EDGE ( 'NONE', *, *, #2836, .F. ) ;
#2156 = ORIENTED_EDGE ( 'NONE', *, *, #1810, .F. ) ;
#2157 = CARTESIAN_POINT ( 'NONE',  ( 100.1724910732731217, 65.61251210000982326, 122.0421419384104524 ) ) ;
#2158 = CARTESIAN_POINT ( 'NONE',  ( 93.74806042483426438, 86.59724438915461064, 0.000000000000000000 ) ) ;
#2159 = CARTESIAN_POINT ( 'NONE',  ( 100.1534080011955723, 65.37003867919739264, 122.0421419384104524 ) ) ;
#2160 = VERTEX_POINT ( 'NONE', #1170 ) ;
#2161 = DIRECTION ( 'NONE',  ( -0.000000000000000000, -0.000000000000000000, -1.000000000000000000 ) ) ;
#2162 = VERTEX_POINT ( 'NONE', #1195 ) ;
#2163 = CARTESIAN_POINT ( 'NONE',  ( 37.78499999998125247, -139.4323004018817471, 158.4340709352140379 ) ) ;
#2164 = EDGE_CURVE ( 'NONE', #4356, #217, #434, .T. ) ;
#2165 = CARTESIAN_POINT ( 'NONE',  ( 100.1534080011955297, -65.37003867919737843, 158.4340709352140379 ) ) ;
#2166 = LINE ( 'NONE', #451, #5325 ) ;
#2167 = FACE_BOUND ( 'NONE', #3308, .T. ) ;
#2168 = ADVANCED_FACE ( 'NONE', ( #3616 ), #2887, .T. ) ;
#2169 = EDGE_CURVE ( 'NONE', #3808, #3071, #4073, .T. ) ;
#2170 = DIRECTION ( 'NONE',  ( 0.000000000000000000, -0.000000000000000000, -1.000000000000000000 ) ) ;
#2171 = DIRECTION ( 'NONE',  ( -0.000000000000000000, -0.000000000000000000, -1.000000000000000000 ) ) ;
#2172 = ORIENTED_EDGE ( 'NONE', *, *, #2386, .F. ) ;
#2173 = ORIENTED_EDGE ( 'NONE', *, *, #711, .T. ) ;
#2174 = CARTESIAN_POINT ( 'NONE',  ( 12.75000000001434408, -12.75000000001738520, 4.000000000000000000 ) ) ;
#2175 = DIRECTION ( 'NONE',  ( -0.000000000000000000, -0.000000000000000000, -1.000000000000000000 ) ) ;
#2176 = EDGE_LOOP ( 'NONE', ( #4377, #5510, #2840, #2089 ) ) ;
#2177 = VERTEX_POINT ( 'NONE', #3249 ) ;
#2178 = ORIENTED_EDGE ( 'NONE', *, *, #2594, .T. ) ;
#2179 = EDGE_CURVE ( 'NONE', #3797, #859, #3273, .T. ) ;
#2180 = DIRECTION ( 'NONE',  ( 0.9876883405951362160, -0.1564344650402405557, 0.000000000000000000 ) ) ;
#2181 = PLANE ( 'NONE',  #1930 ) ;
#2182 = ORIENTED_EDGE ( 'NONE', *, *, #4432, .F. ) ;
#2183 = DIRECTION ( 'NONE',  ( 1.000000000000000000, 0.000000000000000000, 0.000000000000000000 ) ) ;
#2184 = EDGE_CURVE ( 'NONE', #3152, #408, #1506, .T. ) ;
#2185 = VECTOR ( 'NONE', #2219, 1000.000000000000000 ) ;
#2186 = EDGE_LOOP ( 'NONE', ( #3227, #300, #2771, #3472 ) ) ;
#2187 = CARTESIAN_POINT ( 'NONE',  ( 86.25795490621224815, -86.15536419062809159, 0.000000000000000000 ) ) ;
#2188 = DIRECTION ( 'NONE',  ( -0.000000000000000000, -0.000000000000000000, -1.000000000000000000 ) ) ;
#2189 = AXIS2_PLACEMENT_3D ( 'NONE', #1283, #384, #1307 ) ;
#2190 = CARTESIAN_POINT ( 'NONE',  ( 97.19247338472078468, -59.48985351853083614, 4.000000000000003553 ) ) ;
#2191 = CARTESIAN_POINT ( 'NONE',  ( 101.7034080011956263, 65.37003867919739264, 0.000000000000000000 ) ) ;
#2192 = AXIS2_PLACEMENT_3D ( 'NONE', #353, #2521, #1658 ) ;
#2193 = PLANE ( 'NONE',  #174 ) ;
#2194 = CARTESIAN_POINT ( 'NONE',  ( 87.71849755386853076, -81.03617065061698099, 158.4340709352140379 ) ) ;
#2195 = VECTOR ( 'NONE', #3078, 1000.000000000000000 ) ;
#2196 = LINE ( 'NONE', #1646, #3722 ) ;
#2197 = EDGE_CURVE ( 'NONE', #3982, #3906, #3200, .T. ) ;
#2198 = VERTEX_POINT ( 'NONE', #1144 ) ;
#2199 = EDGE_CURVE ( 'NONE', #2981, #682, #4476, .T. ) ;
#2200 = VERTEX_POINT ( 'NONE', #2839 ) ;
#2201 = VECTOR ( 'NONE', #3675, 1000.000000000000000 ) ;
#2202 = DIRECTION ( 'NONE',  ( 0.5877852522924741363, -0.8090169943749466741, 0.000000000000000000 ) ) ;
#2203 = AXIS2_PLACEMENT_3D ( 'NONE', #5172, #3884, #33 ) ;
#2204 = DIRECTION ( 'NONE',  ( -0.000000000000000000, -0.000000000000000000, -1.000000000000000000 ) ) ;
#2205 = ORIENTED_EDGE ( 'NONE', *, *, #4662, .T. ) ;
#2206 = VECTOR ( 'NONE', #2917, 1000.000000000000000 ) ;
#2207 = ORIENTED_EDGE ( 'NONE', *, *, #2794, .F. ) ;
#2208 = FACE_OUTER_BOUND ( 'NONE', #4105, .T. ) ;
#2209 = AXIS2_PLACEMENT_3D ( 'NONE', #2109, #4305, #3814 ) ;
#2210 = CIRCLE ( 'NONE', #4885, 1.549999999840900866 ) ;
#2211 = LINE ( 'NONE', #4848, #2820 ) ;
#2212 = VERTEX_POINT ( 'NONE', #4501 ) ;
#2213 = DIRECTION ( 'NONE',  ( -0.000000000000000000, -0.000000000000000000, -1.000000000000000000 ) ) ;
#2214 = ORIENTED_EDGE ( 'NONE', *, *, #1765, .T. ) ;
#2215 = CIRCLE ( 'NONE', #708, 4.999999999999997335 ) ;
#2216 = VECTOR ( 'NONE', #2290, 1000.000000000000000 ) ;
#2217 = ORIENTED_EDGE ( 'NONE', *, *, #2354, .F. ) ;
#2218 = DIRECTION ( 'NONE',  ( -1.000000000000000000, 0.000000000000000000, 0.000000000000000000 ) ) ;
#2219 = DIRECTION ( 'NONE',  ( -0.000000000000000000, -0.000000000000000000, -1.000000000000000000 ) ) ;
#2220 = CARTESIAN_POINT ( 'NONE',  ( -9.636388909051163409E-13, -91.99664475964944188, 4.000000000000000000 ) ) ;
#2221 = EDGE_CURVE ( 'NONE', #2583, #3120, #2391, .T. ) ;
#2222 = LINE ( 'NONE', #1783, #2110 ) ;
#2223 = CARTESIAN_POINT ( 'NONE',  ( 102.0162769312760247, -67.34541536038767617, 0.000000000000000000 ) ) ;
#2224 = CARTESIAN_POINT ( 'NONE',  ( 99.85364403533787936, 74.99999999999991473, 4.000000000000003553 ) ) ;
#2225 = CARTESIAN_POINT ( 'NONE',  ( 68.44157924003266658, -32.42076631673563014, 158.4340709352140379 ) ) ;
#2226 = CYLINDRICAL_SURFACE ( 'NONE', #341, 70.43268832314497274 ) ;
#2227 = ORIENTED_EDGE ( 'NONE', *, *, #766, .T. ) ;
#2228 = AXIS2_PLACEMENT_3D ( 'NONE', #138, #5171, #113 ) ;
#2229 = EDGE_LOOP ( 'NONE', ( #5319, #1521, #3010, #4081 ) ) ;
#2230 = DIRECTION ( 'NONE',  ( -0.000000000000000000, -0.000000000000000000, -1.000000000000000000 ) ) ;
#2231 = CARTESIAN_POINT ( 'NONE',  ( -49.71648811740750773, -63.09516895732284070, 0.000000000000000000 ) ) ;
#2232 = EDGE_CURVE ( 'NONE', #1928, #4356, #328, .T. ) ;
#2233 = ORIENTED_EDGE ( 'NONE', *, *, #1864, .T. ) ;
#2234 = VERTEX_POINT ( 'NONE', #3730 ) ;
#2235 = CARTESIAN_POINT ( 'NONE',  ( 104.4410111393996914, 82.65458463961226698, 122.0421419384104524 ) ) ;
#2236 = VERTEX_POINT ( 'NONE', #5426 ) ;
#2237 = FACE_BOUND ( 'NONE', #2030, .T. ) ;
#2238 = CIRCLE ( 'NONE', #557, 5.000000000000004441 ) ;
#2239 = ORIENTED_EDGE ( 'NONE', *, *, #4804, .F. ) ;
#2240 = ORIENTED_EDGE ( 'NONE', *, *, #570, .F. ) ;
#2241 = LINE ( 'NONE', #4831, #4123 ) ;
#2242 = DIRECTION ( 'NONE',  ( 0.000000000000000000, 0.000000000000000000, 1.000000000000000000 ) ) ;
#2243 = CYLINDRICAL_SURFACE ( 'NONE', #1243, 1.550000000000037570 ) ;
#2244 = CARTESIAN_POINT ( 'NONE',  ( 56.83670629099690075, 78.09724438915461064, 122.0421419384104524 ) ) ;
#2245 = DIRECTION ( 'NONE',  ( 0.1564344650402327008, 0.9876883405951374373, -0.000000000000000000 ) ) ;
#2246 = EDGE_CURVE ( 'NONE', #4621, #4859, #43, .T. ) ;
#2247 = EDGE_CURVE ( 'NONE', #1397, #4302, #3783, .T. ) ;
#2248 = CARTESIAN_POINT ( 'NONE',  ( 12.75000000001434408, -12.75000000001738520, 4.000000000000000000 ) ) ;
#2249 = ORIENTED_EDGE ( 'NONE', *, *, #201, .T. ) ;
#2250 = CYLINDRICAL_SURFACE ( 'NONE', #3004, 5.311761425294665884 ) ;
#2251 = DIRECTION ( 'NONE',  ( -0.000000000000000000, -0.000000000000000000, -1.000000000000000000 ) ) ;
#2252 = ORIENTED_EDGE ( 'NONE', *, *, #2680, .T. ) ;
#2253 = EDGE_CURVE ( 'NONE', #3591, #1835, #2166, .T. ) ;
#2254 = EDGE_LOOP ( 'NONE', ( #4969, #2421, #1293, #5462 ) ) ;
#2255 = DIRECTION ( 'NONE',  ( 0.000000000000000000, 0.000000000000000000, 1.000000000000000000 ) ) ;
#2256 = DIRECTION ( 'NONE',  ( -1.000000000000000000, 0.000000000000000000, 0.000000000000000000 ) ) ;
#2257 = VERTEX_POINT ( 'NONE', #5156 ) ;
#2258 = ORIENTED_EDGE ( 'NONE', *, *, #946, .T. ) ;
#2259 = CARTESIAN_POINT ( 'NONE',  ( 104.4410111393996914, 82.65458463961226698, 4.000000000000003553 ) ) ;
#2260 = ORIENTED_EDGE ( 'NONE', *, *, #1641, .F. ) ;
#2261 = FACE_BOUND ( 'NONE', #3633, .T. ) ;
#2262 = ORIENTED_EDGE ( 'NONE', *, *, #3568, .T. ) ;
#2263 = EDGE_CURVE ( 'NONE', #374, #2512, #4261, .T. ) ;
#2264 = EDGE_CURVE ( 'NONE', #4350, #4859, #2210, .T. ) ;
#2265 = EDGE_LOOP ( 'NONE', ( #1710, #3045 ) ) ;
#2266 = CYLINDRICAL_SURFACE ( 'NONE', #1292, 3.374999999999905853 ) ;
#2267 = PLANE ( 'NONE',  #3440 ) ;
#2268 = CARTESIAN_POINT ( 'NONE',  ( 91.88485864216056598, 0.000000000000000000, 4.000000000000000000 ) ) ;
#2269 = CARTESIAN_POINT ( 'NONE',  ( 12.75000000001435652, 12.74999999998042810, 4.000000000000000000 ) ) ;
#2270 = DIRECTION ( 'NONE',  ( -1.000000000000000000, 0.000000000000000000, 0.000000000000000000 ) ) ;
#2271 = DIRECTION ( 'NONE',  ( 0.000000000000000000, 0.000000000000000000, 1.000000000000000000 ) ) ;
#2272 = CARTESIAN_POINT ( 'NONE',  ( 104.1764846180578985, -58.38369480811851986, 158.4340709352140379 ) ) ;
#2273 = VECTOR ( 'NONE', #497, 1000.000000000000000 ) ;
#2274 = EDGE_CURVE ( 'NONE', #4382, #2084, #5519, .T. ) ;
#2275 = CARTESIAN_POINT ( 'NONE',  ( 22.58585882915343390, 13.81180667449477895, 0.000000000000000000 ) ) ;
#2276 = ORIENTED_EDGE ( 'NONE', *, *, #2807, .T. ) ;
#2277 = AXIS2_PLACEMENT_3D ( 'NONE', #3582, #4918, #4051 ) ;
#2278 = ORIENTED_EDGE ( 'NONE', *, *, #4262, .T. ) ;
#2279 = LINE ( 'NONE', #4398, #4422 ) ;
#2280 = AXIS2_PLACEMENT_3D ( 'NONE', #2150, #86, #2624 ) ;
#2281 = CIRCLE ( 'NONE', #4326, 3.000000000000002665 ) ;
#2282 = ADVANCED_FACE ( 'NONE', ( #2144 ), #5038, .F. ) ;
#2283 = EDGE_LOOP ( 'NONE', ( #1039, #1869, #2544, #4595 ) ) ;
#2284 = ORIENTED_EDGE ( 'NONE', *, *, #2613, .T. ) ;
#2285 = VECTOR ( 'NONE', #3288, 1000.000000000000000 ) ;
#2286 = DIRECTION ( 'NONE',  ( -0.000000000000000000, -0.000000000000000000, -1.000000000000000000 ) ) ;
#2287 = CIRCLE ( 'NONE', #4255, 65.32408497843789519 ) ;
#2288 = AXIS2_PLACEMENT_3D ( 'NONE', #161, #3564, #83 ) ;
#2289 = ORIENTED_EDGE ( 'NONE', *, *, #5376, .F. ) ;
#2290 = DIRECTION ( 'NONE',  ( 1.000000000000000000, 0.000000000000000000, 0.000000000000000000 ) ) ;
#2291 = EDGE_LOOP ( 'NONE', ( #1306, #3422, #2227, #202 ) ) ;
#2292 = VECTOR ( 'NONE', #4447, 1000.000000000000000 ) ;
#2293 = ORIENTED_EDGE ( 'NONE', *, *, #2749, .T. ) ;
#2294 = DIRECTION ( 'NONE',  ( 0.1564344650402237913, -0.9876883405951387696, 0.000000000000000000 ) ) ;
#2295 = VECTOR ( 'NONE', #4671, 1000.000000000000000 ) ;
#2296 = DIRECTION ( 'NONE',  ( -1.000000000000000000, 0.000000000000000000, 0.000000000000000000 ) ) ;
#2297 = DIRECTION ( 'NONE',  ( 0.5877852522924749135, 0.8090169943749462300, 0.000000000000000000 ) ) ;
#2298 = EDGE_CURVE ( 'NONE', #2904, #4409, #1311, .T. ) ;
#2299 = EDGE_CURVE ( 'NONE', #4545, #682, #4613, .T. ) ;
#2300 = FACE_OUTER_BOUND ( 'NONE', #1962, .T. ) ;
#2301 = AXIS2_PLACEMENT_3D ( 'NONE', #2654, #3465, #2152 ) ;
#2302 = CIRCLE ( 'NONE', #5417, 5.000000000000004441 ) ;
#2303 = CARTESIAN_POINT ( 'NONE',  ( 86.61233884345611500, -74.05215941727993822, 158.4340709352140379 ) ) ;
#2304 = LINE ( 'NONE', #4007, #5217 ) ;
#2305 = CARTESIAN_POINT ( 'NONE',  ( 33.50000000000000711, -3.250000000000000000, 4.000000000000000000 ) ) ;
#2306 = LINE ( 'NONE', #980, #5147 ) ;
#2307 = FACE_OUTER_BOUND ( 'NONE', #2928, .T. ) ;
#2308 = ORIENTED_EDGE ( 'NONE', *, *, #2332, .T. ) ;
#2309 = VECTOR ( 'NONE', #2478, 1000.000000000000000 ) ;
#2310 = ORIENTED_EDGE ( 'NONE', *, *, #311, .F. ) ;
#2311 = CARTESIAN_POINT ( 'NONE',  ( 10.72106687960860150, -142.6614462571512263, 4.000000000000003553 ) ) ;
#2312 = CARTESIAN_POINT ( 'NONE',  ( 95.57405939572547027, 76.21236710406188308, 122.0421419384104524 ) ) ;
#2313 = LINE ( 'NONE', #4017, #5143 ) ;
#2314 = ORIENTED_EDGE ( 'NONE', *, *, #4020, .F. ) ;
#2315 = ORIENTED_EDGE ( 'NONE', *, *, #4812, .F. ) ;
#2316 = APPLICATION_CONTEXT ( 'automotive_design' ) ;
#2317 = ADVANCED_FACE ( 'NONE', ( #4204 ), #3867, .F. ) ;
#2318 = EDGE_CURVE ( 'NONE', #2432, #49, #5155, .T. ) ;
#2319 = DIRECTION ( 'NONE',  ( 0.000000000000000000, 0.000000000000000000, 1.000000000000000000 ) ) ;
#2320 = AXIS2_PLACEMENT_3D ( 'NONE', #61, #2580, #4802 ) ;
#2321 = ORIENTED_EDGE ( 'NONE', *, *, #2494, .T. ) ;
#2322 = LINE ( 'NONE', #631, #3283 ) ;
#2323 = ORIENTED_EDGE ( 'NONE', *, *, #151, .F. ) ;
#2324 = ORIENTED_EDGE ( 'NONE', *, *, #73, .F. ) ;
#2325 = CARTESIAN_POINT ( 'NONE',  ( 60.22456134274527528, 43.75570504584412390, 4.000000000000000000 ) ) ;
#2326 = DIRECTION ( 'NONE',  ( -0.000000000000000000, -0.000000000000000000, -1.000000000000000000 ) ) ;
#2327 = CARTESIAN_POINT ( 'NONE',  ( 30.50000000000000711, -3.250000000000000000, 0.000000000000000000 ) ) ;
#2328 = AXIS2_PLACEMENT_3D ( 'NONE', #2460, #3329, #1630 ) ;
#2329 = DIRECTION ( 'NONE',  ( -0.000000000000000000, -0.000000000000000000, -1.000000000000000000 ) ) ;
#2330 = CARTESIAN_POINT ( 'NONE',  ( 102.9100942114769595, -82.89705806042468339, 4.000000000000003553 ) ) ;
#2331 = DIRECTION ( 'NONE',  ( -1.000000000000000000, 0.000000000000000000, 0.000000000000000000 ) ) ;
#2332 = EDGE_CURVE ( 'NONE', #2500, #216, #4644, .T. ) ;
#2333 = LINE ( 'NONE', #1973, #1652 ) ;
#2334 = CARTESIAN_POINT ( 'NONE',  ( 0.2499999999999906741, 4.699596770006046142, 4.000000000000000000 ) ) ;
#2335 = CARTESIAN_POINT ( 'NONE',  ( 103.2286440353377799, 74.99999999999991473, 0.000000000000000000 ) ) ;
#2336 = ORIENTED_EDGE ( 'NONE', *, *, #1926, .T. ) ;
#2337 = ADVANCED_FACE ( 'NONE', ( #2475 ), #1725, .F. ) ;
#2338 = EDGE_CURVE ( 'NONE', #3394, #1184, #897, .T. ) ;
#2339 = ORIENTED_EDGE ( 'NONE', *, *, #4703, .F. ) ;
#2340 = CARTESIAN_POINT ( 'NONE',  ( 103.2286440353377799, 74.99999999999991473, 0.000000000000000000 ) ) ;
#2341 = CARTESIAN_POINT ( 'NONE',  ( 51.73194355956216128, -139.5926543380830935, 4.000000000000003553 ) ) ;
#2342 = FACE_OUTER_BOUND ( 'NONE', #4373, .T. ) ;
#2343 = ORIENTED_EDGE ( 'NONE', *, *, #3869, .F. ) ;
#2344 = AXIS2_PLACEMENT_3D ( 'NONE', #5346, #2420, #3340 ) ;
#2345 = DIRECTION ( 'NONE',  ( -1.000000000000000000, 0.000000000000000000, 0.000000000000000000 ) ) ;
#2346 = ADVANCED_FACE ( 'NONE', ( #1223 ), #5482, .F. ) ;
#2347 = ORIENTED_EDGE ( 'NONE', *, *, #3832, .F. ) ;
#2348 = CARTESIAN_POINT ( 'NONE',  ( 102.8910111393997511, 82.65458463961226698, 122.0421419384104524 ) ) ;
#2349 = EDGE_LOOP ( 'NONE', ( #4716, #4460, #1476, #2155 ) ) ;
#2350 = VERTEX_POINT ( 'NONE', #2947 ) ;
#2351 = DIRECTION ( 'NONE',  ( -0.000000000000000000, -0.000000000000000000, -1.000000000000000000 ) ) ;
#2352 = CARTESIAN_POINT ( 'NONE',  ( 34.00000000000000711, -2.750000000000000888, 0.000000000000000000 ) ) ;
#2353 = CARTESIAN_POINT ( 'NONE',  ( 112.8586053561403304, 73.47476396585769010, 0.000000000000000000 ) ) ;
#2354 = EDGE_CURVE ( 'NONE', #2070, #2198, #3637, .T. ) ;
#2355 = LINE ( 'NONE', #1135, #515 ) ;
#2356 = CYLINDRICAL_SURFACE ( 'NONE', #4078, 1.550000000000023581 ) ;
#2357 = DIRECTION ( 'NONE',  ( -0.000000000000000000, -0.000000000000000000, -1.000000000000000000 ) ) ;
#2358 = CARTESIAN_POINT ( 'NONE',  ( 15.25000000001434408, -15.25000000001736389, 4.000000000000000000 ) ) ;
#2359 = CARTESIAN_POINT ( 'NONE',  ( 0.2499999999999915623, -4.699596770006045254, 4.000000000000000000 ) ) ;
#2360 = VECTOR ( 'NONE', #3280, 999.9999999999998863 ) ;
#2361 = CARTESIAN_POINT ( 'NONE',  ( 109.3332286749500071, 73.78763289593814534, 122.0421419384104524 ) ) ;
#2362 = VERTEX_POINT ( 'NONE', #2531 ) ;
#2363 = CIRCLE ( 'NONE', #4237, 1.549999999991967581 ) ;
#2364 = ORIENTED_EDGE ( 'NONE', *, *, #792, .F. ) ;
#2365 = CARTESIAN_POINT ( 'NONE',  ( 62.06437347111597802, -118.6816957958411791, 4.000000000000003553 ) ) ;
#2366 = EDGE_CURVE ( 'NONE', #2682, #361, #3905, .T. ) ;
#2367 = EDGE_CURVE ( 'NONE', #5431, #5148, #5068, .T. ) ;
#2368 = AXIS2_PLACEMENT_3D ( 'NONE', #4942, #5279, #3243 ) ;
#2369 = DIRECTION ( 'NONE',  ( -0.000000000000000000, -0.000000000000000000, -1.000000000000000000 ) ) ;
#2370 = ORIENTED_EDGE ( 'NONE', *, *, #3147, .F. ) ;
#2371 = CIRCLE ( 'NONE', #1573, 1.074999999991986810 ) ;
#2372 = CARTESIAN_POINT ( 'NONE',  ( 58.67456134290436864, 43.75570504584412390, 4.000000000000000000 ) ) ;
#2373 = ORIENTED_EDGE ( 'NONE', *, *, #552, .F. ) ;
#2374 = CIRCLE ( 'NONE', #3266, 39.16647994180851100 ) ;
#2375 = CIRCLE ( 'NONE', #5498, 1.549999999999912559 ) ;
#2376 = CARTESIAN_POINT ( 'NONE',  ( 103.2286440353377799, 74.99999999999991473, 4.000000000000003553 ) ) ;
#2377 = VERTEX_POINT ( 'NONE', #101 ) ;
#2378 = ORIENTED_EDGE ( 'NONE', *, *, #2425, .T. ) ;
#2379 = DIRECTION ( 'NONE',  ( 0.000000000000000000, 0.000000000000000000, 1.000000000000000000 ) ) ;
#2380 = CARTESIAN_POINT ( 'NONE',  ( 84.57188721663541742, 76.86060014603204138, 4.000000000000003553 ) ) ;
#2381 = AXIS2_PLACEMENT_3D ( 'NONE', #1555, #1531, #5343 ) ;
#2382 = CARTESIAN_POINT ( 'NONE',  ( 36.05000000000001137, 90.84999999999999432, 122.0421419384104524 ) ) ;
#2383 = DIRECTION ( 'NONE',  ( 0.000000000000000000, -0.000000000000000000, -1.000000000000000000 ) ) ;
#2384 = AXIS2_PLACEMENT_3D ( 'NONE', #3891, #1364, #414 ) ;
#2385 = FACE_OUTER_BOUND ( 'NONE', #1019, .T. ) ;
#2386 = EDGE_CURVE ( 'NONE', #1475, #4761, #2717, .T. ) ;
#2387 = CARTESIAN_POINT ( 'NONE',  ( 103.2343249291180882, -65.12756525838503308, 0.000000000000000000 ) ) ;
#2388 = CARTESIAN_POINT ( 'NONE',  ( 34.00000000000000711, 3.250000000000000000, 0.000000000000000000 ) ) ;
#2389 = AXIS2_PLACEMENT_3D ( 'NONE', #930, #989, #1374 ) ;
#2390 = VECTOR ( 'NONE', #2161, 1000.000000000000000 ) ;
#2391 = LINE ( 'NONE', #4145, #1058 ) ;
#2392 = EDGE_LOOP ( 'NONE', ( #3143, #313, #880, #4572 ) ) ;
#2393 = CIRCLE ( 'NONE', #3013, 1.550000000000051337 ) ;
#2394 = CARTESIAN_POINT ( 'NONE',  ( 13.70000000002238849, 15.24999999998041567, 4.000000000000000000 ) ) ;
#2395 = DIRECTION ( 'NONE',  ( -0.000000000000000000, -0.000000000000000000, -1.000000000000000000 ) ) ;
#2396 = CARTESIAN_POINT ( 'NONE',  ( 58.67456134290436864, -43.75570504588107923, 0.000000000000000000 ) ) ;
#2397 = SURFACE_STYLE_USAGE ( .BOTH. , #3621 ) ;
#2398 = EDGE_LOOP ( 'NONE', ( #2539, #3036, #1588, #2783 ) ) ;
#2399 = AXIS2_PLACEMENT_3D ( 'NONE', #5015, #5457, #1643 ) ;
#2400 = DIRECTION ( 'NONE',  ( 0.000000000000000000, 0.000000000000000000, -1.000000000000000000 ) ) ;
#2401 = EDGE_LOOP ( 'NONE', ( #1182, #1220, #4540, #5219 ) ) ;
#2402 = PRODUCT_RELATED_PRODUCT_CATEGORY ( 'part', '', ( #4927 ) ) ;
#2403 = ADVANCED_FACE ( 'NONE', ( #5284 ), #3079, .T. ) ;
#2404 = FACE_OUTER_BOUND ( 'NONE', #3104, .T. ) ;
#2405 = ORIENTED_EDGE ( 'NONE', *, *, #172, .F. ) ;
#2406 = LINE ( 'NONE', #654, #4427 ) ;
#2407 = VERTEX_POINT ( 'NONE', #3586 ) ;
#2408 = CARTESIAN_POINT ( 'NONE',  ( 103.2286440353377230, -75.00000000000000000, 4.000000000000003553 ) ) ;
#2409 = CARTESIAN_POINT ( 'NONE',  ( 44.04422145524898013, 31.99999999999100098, 0.000000000000000000 ) ) ;
#2410 = DIRECTION ( 'NONE',  ( -0.000000000000000000, -0.000000000000000000, -1.000000000000000000 ) ) ;
#2411 = DIRECTION ( 'NONE',  ( -0.9876883405951354389, -0.1564344650402451631, 0.000000000000000000 ) ) ;
#2412 = CIRCLE ( 'NONE', #1608, 1.549999999999940314 ) ;
#2413 = CARTESIAN_POINT ( 'NONE',  ( 102.8910111393994100, -82.65458463961232383, 0.000000000000000000 ) ) ;
#2414 = CARTESIAN_POINT ( 'NONE',  ( 92.04868271453510431, -76.52523603414232412, 0.000000000000000000 ) ) ;
#2415 = DIRECTION ( 'NONE',  ( -0.000000000000000000, -0.000000000000000000, -1.000000000000000000 ) ) ;
#2416 = ADVANCED_FACE ( 'NONE', ( #500 ), #3894, .F. ) ;
#2417 = DIRECTION ( 'NONE',  ( 0.9876883405951343287, 0.1564344650402519077, 0.000000000000000000 ) ) ;
#2418 = EDGE_CURVE ( 'NONE', #24, #392, #257, .T. ) ;
#2419 = ORIENTED_EDGE ( 'NONE', *, *, #3768, .F. ) ;
#2420 = DIRECTION ( 'NONE',  ( 0.000000000000000000, 0.000000000000000000, 1.000000000000000000 ) ) ;
#2421 = ORIENTED_EDGE ( 'NONE', *, *, #2600, .T. ) ;
#2422 = FACE_OUTER_BOUND ( 'NONE', #443, .T. ) ;
#2423 = ORIENTED_EDGE ( 'NONE', *, *, #4293, .T. ) ;
#2424 = CARTESIAN_POINT ( 'NONE',  ( 33.89826499319621433, -122.9830445454352059, 158.4340709352140379 ) ) ;
#2425 = EDGE_CURVE ( 'NONE', #2518, #5089, #1784, .T. ) ;
#2426 = ORIENTED_EDGE ( 'NONE', *, *, #48, .F. ) ;
#2427 = CARTESIAN_POINT ( 'NONE',  ( 174.7882775241196214, 0.1983068000791232688, 122.0421419384104524 ) ) ;
#2428 = ORIENTED_EDGE ( 'NONE', *, *, #5211, .T. ) ;
#2429 = ORIENTED_EDGE ( 'NONE', *, *, #4180, .F. ) ;
#2430 = VECTOR ( 'NONE', #2533, 1000.000000000000000 ) ;
#2431 = LINE ( 'NONE', #4968, #4182 ) ;
#2432 = VERTEX_POINT ( 'NONE', #5231 ) ;
#2433 = CARTESIAN_POINT ( 'NONE',  ( 102.9100942114772863, 82.89705806042461234, 0.000000000000000000 ) ) ;
#2434 = CARTESIAN_POINT ( 'NONE',  ( 31.00000000000000711, -3.250000000000000000, 0.000000000000000000 ) ) ;
#2435 = CARTESIAN_POINT ( 'NONE',  ( 15.25000000001434408, -15.25000000001736389, 0.000000000000000000 ) ) ;
#2436 = EDGE_CURVE ( 'NONE', #2350, #1516, #1469, .T. ) ;
#2437 = EDGE_CURVE ( 'NONE', #4444, #1660, #3132, .T. ) ;
#2438 = FILL_AREA_STYLE_COLOUR ( '', #2569 ) ;
#2439 = AXIS2_PLACEMENT_3D ( 'NONE', #3270, #1051, #2294 ) ;
#2440 = EDGE_LOOP ( 'NONE', ( #1695, #2315, #3040, #1298, #3489 ) ) ;
#2441 = LINE ( 'NONE', #722, #3792 ) ;
#2442 = FACE_OUTER_BOUND ( 'NONE', #587, .T. ) ;
#2443 = CIRCLE ( 'NONE', #4844, 1.550000000000051337 ) ;
#2444 = DIRECTION ( 'NONE',  ( 1.000000000000000000, 0.000000000000000000, 0.000000000000000000 ) ) ;
#2445 = ORIENTED_EDGE ( 'NONE', *, *, #3732, .T. ) ;
#2446 = CARTESIAN_POINT ( 'NONE',  ( 81.53862968008381529, 72.52901289595419598, 4.000000000000000000 ) ) ;
#2447 = EDGE_LOOP ( 'NONE', ( #5304, #1192, #1923, #3389 ) ) ;
#2448 = DIRECTION ( 'NONE',  ( -0.000000000000000000, -0.000000000000000000, 1.000000000000000000 ) ) ;
#2449 = EDGE_CURVE ( 'NONE', #261, #2570, #616, .T. ) ;
#2450 = VERTEX_POINT ( 'NONE', #1390 ) ;
#2451 = LINE ( 'NONE', #2896, #5229 ) ;
#2452 = ORIENTED_EDGE ( 'NONE', *, *, #3064, .F. ) ;
#2453 = FACE_OUTER_BOUND ( 'NONE', #3316, .T. ) ;
#2454 = EDGE_CURVE ( 'NONE', #254, #371, #1829, .T. ) ;
#2455 = DIRECTION ( 'NONE',  ( -0.8090169943749470072, -0.5877852522924736922, 0.000000000000000000 ) ) ;
#2456 = AXIS2_PLACEMENT_3D ( 'NONE', #1052, #2746, #3690 ) ;
#2457 = ORIENTED_EDGE ( 'NONE', *, *, #3732, .F. ) ;
#2458 = ORIENTED_EDGE ( 'NONE', *, *, #3750, .F. ) ;
#2459 = ORIENTED_EDGE ( 'NONE', *, *, #2449, .F. ) ;
#2460 = CARTESIAN_POINT ( 'NONE',  ( 39.08182183954451716, -140.9183694232690414, 4.000000000000003553 ) ) ;
#2461 = CARTESIAN_POINT ( 'NONE',  ( 0.2499999999999915623, -4.699596770006045254, 4.000000000000000000 ) ) ;
#2462 = AXIS2_PLACEMENT_3D ( 'NONE', #5326, #628, #2707 ) ;
#2463 = AXIS2_PLACEMENT_3D ( 'NONE', #3643, #5341, #1109 ) ;
#2464 = DIRECTION ( 'NONE',  ( -0.000000000000000000, -0.000000000000000000, -1.000000000000000000 ) ) ;
#2465 = ORIENTED_EDGE ( 'NONE', *, *, #1134, .F. ) ;
#2466 = DIRECTION ( 'NONE',  ( -1.000000000000000000, 0.000000000000000000, 0.000000000000000000 ) ) ;
#2467 = CIRCLE ( 'NONE', #1137, 0.5000000000000004441 ) ;
#2468 = ORIENTED_EDGE ( 'NONE', *, *, #4053, .F. ) ;
#2469 = DIRECTION ( 'NONE',  ( -0.000000000000000000, -0.000000000000000000, -1.000000000000000000 ) ) ;
#2470 = EDGE_CURVE ( 'NONE', #408, #426, #1002, .T. ) ;
#2471 = ADVANCED_FACE ( 'NONE', ( #4006 ), #184, .F. ) ;
#2472 = LINE ( 'NONE', #4176, #4342 ) ;
#2473 = AXIS2_PLACEMENT_3D ( 'NONE', #1975, #4925, #1169 ) ;
#2474 = CIRCLE ( 'NONE', #1850, 3.374999999999905853 ) ;
#2475 = FACE_OUTER_BOUND ( 'NONE', #1560, .T. ) ;
#2476 = VERTEX_POINT ( 'NONE', #3505 ) ;
#2477 = DIRECTION ( 'NONE',  ( -0.8525092566517703530, 0.5227121266271196331, 0.000000000000000000 ) ) ;
#2478 = DIRECTION ( 'NONE',  ( -0.000000000000000000, -0.000000000000000000, -1.000000000000000000 ) ) ;
#2479 = AXIS2_PLACEMENT_3D ( 'NONE', #2268, #3971, #1858 ) ;
#2480 = DIRECTION ( 'NONE',  ( 0.8090169943749461190, -0.5877852522924750245, 0.000000000000000000 ) ) ;
#2481 = VECTOR ( 'NONE', #2971, 1000.000000000000000 ) ;
#2482 = ORIENTED_EDGE ( 'NONE', *, *, #642, .T. ) ;
#2483 = CARTESIAN_POINT ( 'NONE',  ( 30.50000000000000711, 3.250000000000000000, 0.000000000000000000 ) ) ;
#2484 = EDGE_LOOP ( 'NONE', ( #1570, #539, #3213, #2803, #2465 ) ) ;
#2485 = MECHANICAL_DESIGN_GEOMETRIC_PRESENTATION_REPRESENTATION (  '', ( #2574 ), #3550 ) ;
#2486 = VECTOR ( 'NONE', #1219, 1000.000000000000114 ) ;
#2487 = ORIENTED_EDGE ( 'NONE', *, *, #220, .T. ) ;
#2488 = DIRECTION ( 'NONE',  ( -1.000000000000000000, 0.000000000000000000, 0.000000000000000000 ) ) ;
#2489 = DIRECTION ( 'NONE',  ( -1.000000000000000000, 0.000000000000000000, 0.000000000000000000 ) ) ;
#2490 = ORIENTED_EDGE ( 'NONE', *, *, #1186, .F. ) ;
#2491 = ORIENTED_EDGE ( 'NONE', *, *, #368, .F. ) ;
#2492 = ADVANCED_FACE ( 'NONE', ( #1422 ), #3974, .T. ) ;
#2493 = VERTEX_POINT ( 'NONE', #5181 ) ;
#2494 = EDGE_CURVE ( 'NONE', #2234, #4893, #1063, .T. ) ;
#2495 = DIRECTION ( 'NONE',  ( 0.000000000000000000, 0.000000000000000000, 1.000000000000000000 ) ) ;
#2496 = CARTESIAN_POINT ( 'NONE',  ( 1.544597783009749037E-11, -126.6225185911903139, 0.000000000000000000 ) ) ;
#2497 = CARTESIAN_POINT ( 'NONE',  ( 37.24999999986204813, -1.847912566164685949E-11, 4.000000000000000000 ) ) ;
#2498 = ORIENTED_EDGE ( 'NONE', *, *, #1115, .F. ) ;
#2499 = CARTESIAN_POINT ( 'NONE',  ( 109.3332286749500071, -73.78763289593814534, 158.4340709352140379 ) ) ;
#2500 = VERTEX_POINT ( 'NONE', #1366 ) ;
#2501 = CARTESIAN_POINT ( 'NONE',  ( 63.16381582300088837, -117.6664412285191332, 0.000000000000000000 ) ) ;
#2502 = PLANE ( 'NONE',  #2473 ) ;
#2503 = DIRECTION ( 'NONE',  ( -0.000000000000000000, -0.000000000000000000, -1.000000000000000000 ) ) ;
#2504 = ORIENTED_EDGE ( 'NONE', *, *, #4406, .T. ) ;
#2505 = DIRECTION ( 'NONE',  ( 0.000000000000000000, 0.000000000000000000, -1.000000000000000000 ) ) ;
#2506 = FACE_OUTER_BOUND ( 'NONE', #4490, .T. ) ;
#2507 = LINE ( 'NONE', #3735, #3365 ) ;
#2508 = CARTESIAN_POINT ( 'NONE',  ( 0.000000000000000000, 0.000000000000000000, 0.000000000000000000 ) ) ;
#2509 = ORIENTED_EDGE ( 'NONE', *, *, #399, .T. ) ;
#2510 = DIRECTION ( 'NONE',  ( -1.000000000000000000, 0.000000000000000000, 0.000000000000000000 ) ) ;
#2511 = ADVANCED_FACE ( 'NONE', ( #3054 ), #3530, .F. ) ;
#2512 = VERTEX_POINT ( 'NONE', #533 ) ;
#2513 = ADVANCED_FACE ( 'NONE', ( #2672 ), #5260, .F. ) ;
#2514 = ORIENTED_EDGE ( 'NONE', *, *, #3627, .T. ) ;
#2515 = CARTESIAN_POINT ( 'NONE',  ( 11.53884940632647549, -19.58812332654094845, 4.000000000000000000 ) ) ;
#2516 = DIRECTION ( 'NONE',  ( -0.9876883405951374373, 0.1564344650402327008, 0.000000000000000000 ) ) ;
#2517 = ORIENTED_EDGE ( 'NONE', *, *, #4225, .T. ) ;
#2518 = VERTEX_POINT ( 'NONE', #2800 ) ;
#2519 = VERTEX_POINT ( 'NONE', #211 ) ;
#2520 = DIRECTION ( 'NONE',  ( -0.000000000000000000, -0.000000000000000000, -1.000000000000000000 ) ) ;
#2521 = DIRECTION ( 'NONE',  ( 0.000000000000000000, 0.000000000000000000, -1.000000000000000000 ) ) ;
#2522 = ADVANCED_FACE ( 'NONE', ( #1136 ), #2356, .F. ) ;
#2523 = MANIFOLD_SOLID_BREP ( '分割1[1]', #3737 ) ;
#2524 = CARTESIAN_POINT ( 'NONE',  ( 105.9719280673219686, 82.41211121880002111, 4.000000000000003553 ) ) ;
#2525 = ORIENTED_EDGE ( 'NONE', *, *, #3927, .T. ) ;
#2526 = LINE ( 'NONE', #2882, #3729 ) ;
#2527 = EDGE_LOOP ( 'NONE', ( #1837, #2336, #4186, #2732 ) ) ;
#2528 = CARTESIAN_POINT ( 'NONE',  ( 0.2500000000000224820, -126.6225185911903139, 4.000000000000000000 ) ) ;
#2529 = LINE ( 'NONE', #5152, #4172 ) ;
#2530 = EDGE_CURVE ( 'NONE', #913, #828, #3097, .T. ) ;
#2531 = CARTESIAN_POINT ( 'NONE',  ( 102.8910111393997511, 82.65458463961226698, 4.000000000000003553 ) ) ;
#2532 = ORIENTED_EDGE ( 'NONE', *, *, #482, .T. ) ;
#2533 = DIRECTION ( 'NONE',  ( -0.000000000000000000, -0.000000000000000000, 1.000000000000000000 ) ) ;
#2534 = FACE_BOUND ( 'NONE', #4889, .T. ) ;
#2535 = FACE_OUTER_BOUND ( 'NONE', #1201, .T. ) ;
#2536 = DIRECTION ( 'NONE',  ( 0.000000000000000000, 0.000000000000000000, 1.000000000000000000 ) ) ;
#2537 = DIRECTION ( 'NONE',  ( -1.000000000000000000, 0.000000000000000000, 0.000000000000000000 ) ) ;
#2538 = EDGE_LOOP ( 'NONE', ( #1689, #1346, #2818, #3840, #5374 ) ) ;
#2539 = ORIENTED_EDGE ( 'NONE', *, *, #102, .T. ) ;
#2540 = DIRECTION ( 'NONE',  ( -0.000000000000000000, -0.000000000000000000, -1.000000000000000000 ) ) ;
#2541 = ADVANCED_FACE ( 'NONE', ( #1609 ), #638, .F. ) ;
#2542 = DIRECTION ( 'NONE',  ( 0.000000000000000000, 0.000000000000000000, -1.000000000000000000 ) ) ;
#2543 = EDGE_CURVE ( 'NONE', #1078, #4829, #1590, .T. ) ;
#2544 = ORIENTED_EDGE ( 'NONE', *, *, #4890, .F. ) ;
#2545 = ORIENTED_EDGE ( 'NONE', *, *, #3385, .T. ) ;
#2546 = ORIENTED_EDGE ( 'NONE', *, *, #5007, .F. ) ;
#2547 = FACE_OUTER_BOUND ( 'NONE', #3353, .T. ) ;
#2548 = PLANE ( 'NONE',  #4241 ) ;
#2549 = FACE_OUTER_BOUND ( 'NONE', #1016, .T. ) ;
#2550 = VERTEX_POINT ( 'NONE', #2330 ) ;
#2551 = VECTOR ( 'NONE', #3159, 999.9999999999998863 ) ;
#2552 = LINE ( 'NONE', #3809, #4440 ) ;
#2553 = ORIENTED_EDGE ( 'NONE', *, *, #2017, .F. ) ;
#2554 = LINE ( 'NONE', #836, #225 ) ;
#2555 = VECTOR ( 'NONE', #3177, 1000.000000000000000 ) ;
#2556 = CARTESIAN_POINT ( 'NONE',  ( 97.19247338472078468, -59.48985351853083614, 0.000000000000000000 ) ) ;
#2557 = AXIS2_PLACEMENT_3D ( 'NONE', #296, #3133, #2331 ) ;
#2558 = DIRECTION ( 'NONE',  ( 0.000000000000000000, 0.000000000000000000, 1.000000000000000000 ) ) ;
#2559 = AXIS2_PLACEMENT_3D ( 'NONE', #3788, #4589, #365 ) ;
#2560 = AXIS2_PLACEMENT_3D ( 'NONE', #4745, #1480, #3597 ) ;
#2561 = EDGE_CURVE ( 'NONE', #3808, #4502, #3196, .T. ) ;
#2562 = CARTESIAN_POINT ( 'NONE',  ( 1.544597783009749037E-11, -126.6225185911903139, 4.000000000000000000 ) ) ;
#2563 = CARTESIAN_POINT ( 'NONE',  ( 53.39500064766649956, -31.68634788278703596, 0.000000000000000000 ) ) ;
#2564 = VECTOR ( 'NONE', #2781, 1000.000000000000000 ) ;
#2565 = AXIS2_PLACEMENT_3D ( 'NONE', #4012, #4791, #3487 ) ;
#2566 = DIRECTION ( 'NONE',  ( -0.000000000000000000, -0.000000000000000000, 1.000000000000000000 ) ) ;
#2567 = ORIENTED_EDGE ( 'NONE', *, *, #5169, .T. ) ;
#2568 = CIRCLE ( 'NONE', #797, 5.311761425294665884 ) ;
#2569 = COLOUR_RGB ( '',0.7921568627450980005, 0.8196078431372548767, 0.9333333333333333481 ) ;
#2570 = VERTEX_POINT ( 'NONE', #662 ) ;
#2571 = DIRECTION ( 'NONE',  ( 0.000000000000000000, 0.000000000000000000, 1.000000000000000000 ) ) ;
#2572 = DIRECTION ( 'NONE',  ( -0.000000000000000000, -0.000000000000000000, -1.000000000000000000 ) ) ;
#2573 = ORIENTED_EDGE ( 'NONE', *, *, #1465, .T. ) ;
#2574 = STYLED_ITEM ( 'NONE', ( #3229 ), #1023 ) ;
#2575 = VERTEX_POINT ( 'NONE', #1939 ) ;
#2576 = VECTOR ( 'NONE', #1902, 1000.000000000000000 ) ;
#2577 = ORIENTED_EDGE ( 'NONE', *, *, #3030, .F. ) ;
#2578 = VERTEX_POINT ( 'NONE', #4113 ) ;
#2579 = EDGE_CURVE ( 'NONE', #1184, #3469, #4794, .T. ) ;
#2580 = DIRECTION ( 'NONE',  ( -0.000000000000000000, -0.000000000000000000, -1.000000000000000000 ) ) ;
#2581 = LINE ( 'NONE', #2987, #1661 ) ;
#2582 = DIRECTION ( 'NONE',  ( -0.000000000000000000, -0.000000000000000000, -1.000000000000000000 ) ) ;
#2583 = VERTEX_POINT ( 'NONE', #1971 ) ;
#2584 = AXIS2_PLACEMENT_3D ( 'NONE', #3485, #4308, #125 ) ;
#2585 = DIRECTION ( 'NONE',  ( -0.000000000000000000, -0.000000000000000000, -1.000000000000000000 ) ) ;
#2586 = EDGE_CURVE ( 'NONE', #5431, #1237, #5387, .T. ) ;
#2587 = EDGE_CURVE ( 'NONE', #5276, #107, #3667, .T. ) ;
#2588 = ORIENTED_EDGE ( 'NONE', *, *, #3158, .T. ) ;
#2589 = LINE ( 'NONE', #3524, #5131 ) ;
#2590 = CARTESIAN_POINT ( 'NONE',  ( 91.88485864216056598, 0.000000000000000000, 4.000000000000000000 ) ) ;
#2591 = CARTESIAN_POINT ( 'NONE',  ( 60.22456134274527528, 43.75570504584412390, 0.000000000000000000 ) ) ;
#2592 = CARTESIAN_POINT ( 'NONE',  ( 42.97376278460060206, 95.09724438915459643, 4.000000000000003553 ) ) ;
#2593 = DIRECTION ( 'NONE',  ( 0.000000000000000000, 0.000000000000000000, -1.000000000000000000 ) ) ;
#2594 = EDGE_CURVE ( 'NONE', #375, #254, #4920, .T. ) ;
#2595 = CARTESIAN_POINT ( 'NONE',  ( 93.59868271453520094, 76.52523603414235254, 0.000000000000000000 ) ) ;
#2596 = ORIENTED_EDGE ( 'NONE', *, *, #1167, .F. ) ;
#2597 = VERTEX_POINT ( 'NONE', #5361 ) ;
#2598 = DIRECTION ( 'NONE',  ( -1.000000000000000000, 0.000000000000000000, 0.000000000000000000 ) ) ;
#2599 = LINE ( 'NONE', #2231, #4970 ) ;
#2600 = EDGE_CURVE ( 'NONE', #3993, #4935, #3692, .T. ) ;
#2601 = ORIENTED_EDGE ( 'NONE', *, *, #2661, .F. ) ;
#2602 = EDGE_LOOP ( 'NONE', ( #2872, #2429, #2137, #621 ) ) ;
#2603 = EDGE_LOOP ( 'NONE', ( #714, #431, #2770, #4766 ) ) ;
#2604 = LINE ( 'NONE', #4298, #91 ) ;
#2605 = APPLICATION_CONTEXT ( 'automotive_design' ) ;
#2606 = CYLINDRICAL_SURFACE ( 'NONE', #4423, 1.550000000000051337 ) ;
#2607 = ORIENTED_EDGE ( 'NONE', *, *, #2706, .F. ) ;
#2608 = FACE_BOUND ( 'NONE', #4743, .T. ) ;
#2609 = ORIENTED_EDGE ( 'NONE', *, *, #4181, .F. ) ;
#2610 = FACE_OUTER_BOUND ( 'NONE', #1988, .T. ) ;
#2611 = DIRECTION ( 'NONE',  ( 0.000000000000000000, 0.000000000000000000, -1.000000000000000000 ) ) ;
#2612 = EDGE_CURVE ( 'NONE', #3071, #435, #4554, .T. ) ;
#2613 = EDGE_CURVE ( 'NONE', #4400, #5436, #4526, .T. ) ;
#2614 = DIRECTION ( 'NONE',  ( -0.000000000000000000, 0.000000000000000000, 1.000000000000000000 ) ) ;
#2615 = CARTESIAN_POINT ( 'NONE',  ( 86.25795490621224815, -86.15536419062809159, 158.4340709352140379 ) ) ;
#2616 = DIRECTION ( 'NONE',  ( 1.000000000000000000, 0.000000000000000000, 0.000000000000000000 ) ) ;
#2617 = DIRECTION ( 'NONE',  ( -0.000000000000000000, -0.000000000000000000, -1.000000000000000000 ) ) ;
#2618 = CARTESIAN_POINT ( 'NONE',  ( 103.2229631415573721, -84.87243474161496692, 0.000000000000000000 ) ) ;
#2619 = ORIENTED_EDGE ( 'NONE', *, *, #2895, .T. ) ;
#2620 = PRODUCT_DEFINITION_CONTEXT ( 'detailed design', #2605, 'design' ) ;
#2621 = AXIS2_PLACEMENT_3D ( 'NONE', #1825, #3523, #2116 ) ;
#2622 = EDGE_CURVE ( 'NONE', #4727, #3250, #4665, .T. ) ;
#2623 = EDGE_LOOP ( 'NONE', ( #5446, #847, #526, #312 ) ) ;
#2624 = DIRECTION ( 'NONE',  ( 1.000000000000000000, 0.000000000000000000, 0.000000000000000000 ) ) ;
#2625 = DIRECTION ( 'NONE',  ( 0.8888809016376397754, -0.4581383445028987533, 0.000000000000000000 ) ) ;
#2626 = ORIENTED_EDGE ( 'NONE', *, *, #3612, .F. ) ;
#2627 = ORIENTED_EDGE ( 'NONE', *, *, #2318, .T. ) ;
#2628 = EDGE_CURVE ( 'NONE', #1241, #4201, #803, .T. ) ;
#2629 = DIRECTION ( 'NONE',  ( 0.000000000000000000, 0.000000000000000000, 1.000000000000000000 ) ) ;
#2630 = CARTESIAN_POINT ( 'NONE',  ( 95.33158597491312491, 74.68145017613936432, 122.0421419384104524 ) ) ;
#2631 = VERTEX_POINT ( 'NONE', #5447 ) ;
#2632 = FACE_OUTER_BOUND ( 'NONE', #4951, .T. ) ;
#2633 = ORIENTED_EDGE ( 'NONE', *, *, #2367, .T. ) ;
#2634 = AXIS2_PLACEMENT_3D ( 'NONE', #3841, #2916, #2081 ) ;
#2635 = ORIENTED_EDGE ( 'NONE', *, *, #3953, .T. ) ;
#2636 = DIRECTION ( 'NONE',  ( -0.5326614605327096852, -0.8463284046179476716, 0.000000000000000000 ) ) ;
#2637 = PLANE ( 'NONE',  #3610 ) ;
#2638 = CARTESIAN_POINT ( 'NONE',  ( 26.56077366372268500, 0.000000000000000000, 0.000000000000000000 ) ) ;
#2639 = AXIS2_PLACEMENT_3D ( 'NONE', #684, #1935, #2824 ) ;
#2640 = DIRECTION ( 'NONE',  ( -0.8525092566517703530, 0.5227121266271196331, 0.000000000000000000 ) ) ;
#2641 = DIRECTION ( 'NONE',  ( -1.000000000000000000, 0.000000000000000000, 0.000000000000000000 ) ) ;
#2642 = AXIS2_PLACEMENT_3D ( 'NONE', #25, #2202, #3907 ) ;
#2643 = EDGE_CURVE ( 'NONE', #3497, #4748, #1191, .T. ) ;
#2644 = AXIS2_PLACEMENT_3D ( 'NONE', #3691, #1549, #1575 ) ;
#2645 = DIRECTION ( 'NONE',  ( -0.000000000000000000, -0.000000000000000000, -1.000000000000000000 ) ) ;
#2646 = CARTESIAN_POINT ( 'NONE',  ( 29.99999999999999645, 86.59724438915463907, 0.000000000000000000 ) ) ;
#2647 = VECTOR ( 'NONE', #1349, 1000.000000000000000 ) ;
#2648 = VECTOR ( 'NONE', #4187, 1000.000000000000000 ) ;
#2649 = CARTESIAN_POINT ( 'NONE',  ( 41.89191769392566300, -14.48874859431180795, 4.000000000000000000 ) ) ;
#2650 = ORIENTED_EDGE ( 'NONE', *, *, #1780, .F. ) ;
#2651 = ORIENTED_EDGE ( 'NONE', *, *, #4197, .T. ) ;
#2652 = AXIS2_PLACEMENT_3D ( 'NONE', #1814, #1711, #3513 ) ;
#2653 = CARTESIAN_POINT ( 'NONE',  ( 111.1257020957624491, -75.31854982386063568, 158.4340709352140379 ) ) ;
#2654 = CARTESIAN_POINT ( 'NONE',  ( -9.636388909051163409E-13, -91.99664475964944188, 4.000000000000000000 ) ) ;
#2655 = VERTEX_POINT ( 'NONE', #5512 ) ;
#2656 = VECTOR ( 'NONE', #1141, 1000.000000000000000 ) ;
#2657 = AXIS2_PLACEMENT_3D ( 'NONE', #4783, #1886, #124 ) ;
#2658 = ORIENTED_EDGE ( 'NONE', *, *, #593, .T. ) ;
#2659 = DIRECTION ( 'NONE',  ( -1.000000000000000000, 1.942890293094024892E-14, 0.000000000000000000 ) ) ;
#2660 = AXIS2_PLACEMENT_3D ( 'NONE', #2327, #1385, #2774 ) ;
#2661 = EDGE_CURVE ( 'NONE', #4046, #3095, #356, .T. ) ;
#2662 = EDGE_CURVE ( 'NONE', #4658, #656, #5120, .T. ) ;
#2663 = VERTEX_POINT ( 'NONE', #2991 ) ;
#2664 = DIRECTION ( 'NONE',  ( 0.8090169943749470072, -0.5877852522924736922, -0.000000000000000000 ) ) ;
#2665 = ORIENTED_EDGE ( 'NONE', *, *, #3320, .T. ) ;
#2666 = VECTOR ( 'NONE', #4472, 1000.000000000000000 ) ;
#2667 = VERTEX_POINT ( 'NONE', #4611 ) ;
#2668 = PLANE ( 'NONE',  #5193 ) ;
#2669 = CARTESIAN_POINT ( 'NONE',  ( 95.81653281653784404, 77.74328403198438764, 0.000000000000000000 ) ) ;
#2670 = CARTESIAN_POINT ( 'NONE',  ( 104.7538800694801466, 84.62996132080253631, 122.0421419384104524 ) ) ;
#2671 = DIRECTION ( 'NONE',  ( 0.5877852522924601475, 0.8090169943749567771, 0.000000000000000000 ) ) ;
#2672 = FACE_OUTER_BOUND ( 'NONE', #34, .T. ) ;
#2673 = CARTESIAN_POINT ( 'NONE',  ( 30.50000000000000711, -3.250000000000000000, 0.000000000000000000 ) ) ;
#2674 = LINE ( 'NONE', #3589, #249 ) ;
#2675 = CARTESIAN_POINT ( 'NONE',  ( 35.51066346810262075, -144.7028082716596202, 158.4340709352140379 ) ) ;
#2676 = ORIENTED_EDGE ( 'NONE', *, *, #2221, .F. ) ;
#2677 = ORIENTED_EDGE ( 'NONE', *, *, #5253, .T. ) ;
#2678 = DIRECTION ( 'NONE',  ( 1.000000000000000000, 0.000000000000000000, 0.000000000000000000 ) ) ;
#2679 = LINE ( 'NONE', #953, #4353 ) ;
#2680 = EDGE_CURVE ( 'NONE', #3982, #107, #4177, .T. ) ;
#2681 = EDGE_CURVE ( 'NONE', #925, #756, #3014, .T. ) ;
#2682 = VERTEX_POINT ( 'NONE', #4640 ) ;
#2683 = ORIENTED_EDGE ( 'NONE', *, *, #3508, .T. ) ;
#2684 = DIRECTION ( 'NONE',  ( -1.000000000000000000, 0.000000000000000000, 0.000000000000000000 ) ) ;
#2685 = EDGE_LOOP ( 'NONE', ( #3734, #993, #1450, #449 ) ) ;
#2686 = FACE_BOUND ( 'NONE', #3828, .T. ) ;
#2687 = VERTEX_POINT ( 'NONE', #1697 ) ;
#2688 = ORIENTED_EDGE ( 'NONE', *, *, #4478, .T. ) ;
#2689 = DIRECTION ( 'NONE',  ( 0.9876883405951374373, -0.1564344650402327008, 0.000000000000000000 ) ) ;
#2690 = EDGE_CURVE ( 'NONE', #828, #4742, #5476, .T. ) ;
#2691 = CARTESIAN_POINT ( 'NONE',  ( 109.3332286749500071, -73.78763289593814534, 0.000000000000000000 ) ) ;
#2692 = DIRECTION ( 'NONE',  ( -1.000000000000000000, 0.000000000000000000, 0.000000000000000000 ) ) ;
#2693 = DIRECTION ( 'NONE',  ( -1.000000000000000000, 0.000000000000000000, 0.000000000000000000 ) ) ;
#2694 = CARTESIAN_POINT ( 'NONE',  ( 89.03655821605690335, -90.31220958666104082, 0.000000000000000000 ) ) ;
#2695 = DIRECTION ( 'NONE',  ( -1.000000000000000000, 0.000000000000000000, 0.000000000000000000 ) ) ;
#2696 = DIRECTION ( 'NONE',  ( -1.000000000000000000, 0.000000000000000000, 0.000000000000000000 ) ) ;
#2697 = DIRECTION ( 'NONE',  ( -0.000000000000000000, -0.000000000000000000, -1.000000000000000000 ) ) ;
#2698 = ORIENTED_EDGE ( 'NONE', *, *, #4479, .T. ) ;
#2699 = ORIENTED_EDGE ( 'NONE', *, *, #15, .T. ) ;
#2700 = CARTESIAN_POINT ( 'NONE',  ( 45.59737559172942412, -125.3590056230964080, 158.4340709352140379 ) ) ;
#2701 =( NAMED_UNIT ( * ) SI_UNIT ( $, .STERADIAN. ) SOLID_ANGLE_UNIT ( ) );
#2702 = ORIENTED_EDGE ( 'NONE', *, *, #2418, .T. ) ;
#2703 = CIRCLE ( 'NONE', #2974, 1.074999999991981703 ) ;
#2704 = ORIENTED_EDGE ( 'NONE', *, *, #569, .T. ) ;
#2705 = EDGE_CURVE ( 'NONE', #5186, #2738, #2526, .T. ) ;
#2706 = EDGE_CURVE ( 'NONE', #4761, #2663, #35, .T. ) ;
#2707 = DIRECTION ( 'NONE',  ( -1.000000000000000000, 0.000000000000000000, 0.000000000000000000 ) ) ;
#2708 = AXIS2_PLACEMENT_3D ( 'NONE', #1656, #1692, #4636 ) ;
#2709 = ORIENTED_EDGE ( 'NONE', *, *, #4054, .T. ) ;
#2710 = FACE_BOUND ( 'NONE', #2484, .T. ) ;
#2711 = ORIENTED_EDGE ( 'NONE', *, *, #5433, .T. ) ;
#2712 = ORIENTED_EDGE ( 'NONE', *, *, #4155, .T. ) ;
#2713 = FACE_OUTER_BOUND ( 'NONE', #5139, .T. ) ;
#2714 = FACE_OUTER_BOUND ( 'NONE', #3406, .T. ) ;
#2715 = CARTESIAN_POINT ( 'NONE',  ( 89.03655821605690335, -90.31220958666105503, 0.000000000000000000 ) ) ;
#2716 = CARTESIAN_POINT ( 'NONE',  ( 95.81653281653778720, -77.74328403198433080, 158.4340709352140379 ) ) ;
#2717 = LINE ( 'NONE', #1807, #441 ) ;
#2718 = CARTESIAN_POINT ( 'NONE',  ( 10.00000000001434408, -10.00000000001742606, 4.000000000000000000 ) ) ;
#2719 = DIRECTION ( 'NONE',  ( -0.000000000000000000, -0.000000000000000000, -1.000000000000000000 ) ) ;
#2720 = CARTESIAN_POINT ( 'NONE',  ( 112.6161319353279566, -71.94384703793514291, 0.000000000000000000 ) ) ;
#2721 = EDGE_CURVE ( 'NONE', #3202, #785, #5074, .T. ) ;
#2722 = FACE_OUTER_BOUND ( 'NONE', #1097, .T. ) ;
#2723 = EDGE_CURVE ( 'NONE', #852, #2092, #4254, .T. ) ;
#2724 = ORIENTED_EDGE ( 'NONE', *, *, #19, .T. ) ;
#2725 = CIRCLE ( 'NONE', #1921, 5.000000000000004441 ) ;
#2726 = EDGE_LOOP ( 'NONE', ( #5526, #1824, #5515, #4877 ) ) ;
#2727 = DIRECTION ( 'NONE',  ( -0.5872690074472453059, 0.8093918166697310346, 0.000000000000000000 ) ) ;
#2728 = CIRCLE ( 'NONE', #3531, 0.5000000000000004441 ) ;
#2729 = AXIS2_PLACEMENT_3D ( 'NONE', #210, #2748, #3664 ) ;
#2730 = CARTESIAN_POINT ( 'NONE',  ( 56.83282050725286183, -48.39885195564552589, 0.000000000000000000 ) ) ;
#2731 = VERTEX_POINT ( 'NONE', #3303 ) ;
#2732 = ORIENTED_EDGE ( 'NONE', *, *, #2136, .F. ) ;
#2733 = AXIS2_PLACEMENT_3D ( 'NONE', #2174, #109, #3011 ) ;
#2734 = AXIS2_PLACEMENT_3D ( 'NONE', #3230, #2788, #4541 ) ;
#2735 = DIRECTION ( 'NONE',  ( 0.000000000000000000, 0.000000000000000000, -1.000000000000000000 ) ) ;
#2736 = VECTOR ( 'NONE', #422, 1000.000000000000000 ) ;
#2737 = AXIS2_PLACEMENT_3D ( 'NONE', #2595, #5162, #1345 ) ;
#2738 = VERTEX_POINT ( 'NONE', #3333 ) ;
#2739 = ADVANCED_FACE ( 'NONE', ( #5096 ), #807, .F. ) ;
#2740 = DIRECTION ( 'NONE',  ( -1.000000000000000000, 0.000000000000000000, 0.000000000000000000 ) ) ;
#2741 = VERTEX_POINT ( 'NONE', #4200 ) ;
#2742 = CIRCLE ( 'NONE', #2479, 65.32408497843789519 ) ;
#2743 = ORIENTED_EDGE ( 'NONE', *, *, #1865, .F. ) ;
#2744 = DIRECTION ( 'NONE',  ( 0.000000000000000000, 0.000000000000000000, 1.000000000000000000 ) ) ;
#2745 = VECTOR ( 'NONE', #5454, 1000.000000000000000 ) ;
#2746 = DIRECTION ( 'NONE',  ( 0.000000000000000000, 0.000000000000000000, 1.000000000000000000 ) ) ;
#2747 = CARTESIAN_POINT ( 'NONE',  ( 68.01915003212857869, -137.3956936003773421, 4.000000000000003553 ) ) ;
#2748 = DIRECTION ( 'NONE',  ( -0.000000000000000000, -0.000000000000000000, -1.000000000000000000 ) ) ;
#2749 = EDGE_CURVE ( 'NONE', #4356, #1508, #3101, .T. ) ;
#2750 = VECTOR ( 'NONE', #2505, 1000.000000000000000 ) ;
#2751 = VECTOR ( 'NONE', #3743, 1000.000000000000000 ) ;
#2752 = ADVANCED_FACE ( 'NONE', ( #1280 ), #5066, .F. ) ;
#2753 = AXIS2_PLACEMENT_3D ( 'NONE', #1995, #3642, #4089 ) ;
#2754 =( NAMED_UNIT ( * ) PLANE_ANGLE_UNIT ( ) SI_UNIT ( $, .RADIAN. ) );
#2755 = PLANE ( 'NONE',  #2902 ) ;
#2756 = DIRECTION ( 'NONE',  ( -0.7968431607665326100, -0.6041862106499963359, 0.000000000000000000 ) ) ;
#2757 = CARTESIAN_POINT ( 'NONE',  ( 103.2229631415577700, 84.87243474161486745, 122.0421419384104524 ) ) ;
#2758 = CARTESIAN_POINT ( 'NONE',  ( 34.00000000000000711, -3.250000000000000000, 0.000000000000000000 ) ) ;
#2759 = ORIENTED_EDGE ( 'NONE', *, *, #5282, .F. ) ;
#2760 = ORIENTED_EDGE ( 'NONE', *, *, #2613, .F. ) ;
#2761 = DIRECTION ( 'NONE',  ( 0.000000000000000000, 0.000000000000000000, 1.000000000000000000 ) ) ;
#2762 = EDGE_CURVE ( 'NONE', #2177, #2842, #2552, .T. ) ;
#2763 = CARTESIAN_POINT ( 'NONE',  ( 118.7387905168068727, -68.96382934938300480, 4.000000000000003553 ) ) ;
#2764 = LINE ( 'NONE', #4459, #518 ) ;
#2765 = VERTEX_POINT ( 'NONE', #4301 ) ;
#2766 = DIRECTION ( 'NONE',  ( 0.9876883405951353279, -0.1564344650402462178, 0.000000000000000000 ) ) ;
#2767 = EDGE_CURVE ( 'NONE', #1282, #725, #82, .T. ) ;
#2768 = VERTEX_POINT ( 'NONE', #915 ) ;
#2769 = DIRECTION ( 'NONE',  ( -0.000000000000000000, -0.000000000000000000, -1.000000000000000000 ) ) ;
#2770 = ORIENTED_EDGE ( 'NONE', *, *, #3857, .T. ) ;
#2771 = ORIENTED_EDGE ( 'NONE', *, *, #966, .T. ) ;
#2772 = LINE ( 'NONE', #3689, #5375 ) ;
#2773 = CYLINDRICAL_SURFACE ( 'NONE', #2639, 1.549999999840907750 ) ;
#2774 = DIRECTION ( 'NONE',  ( 1.000000000000000000, 0.000000000000000000, 0.000000000000000000 ) ) ;
#2775 = CYLINDRICAL_SURFACE ( 'NONE', #2644, 1.549999999999995826 ) ;
#2776 = DIRECTION ( 'NONE',  ( -1.000000000000000000, 0.000000000000000000, 0.000000000000000000 ) ) ;
#2777 = DIRECTION ( 'NONE',  ( 0.000000000000000000, 0.000000000000000000, 1.000000000000000000 ) ) ;
#2778 = DIRECTION ( 'NONE',  ( -0.000000000000000000, -0.000000000000000000, -1.000000000000000000 ) ) ;
#2779 = EDGE_CURVE ( 'NONE', #1578, #907, #115, .T. ) ;
#2780 = EDGE_CURVE ( 'NONE', #680, #760, #4806, .T. ) ;
#2781 = DIRECTION ( 'NONE',  ( -1.000000000000000000, 0.000000000000000000, 0.000000000000000000 ) ) ;
#2782 = DIRECTION ( 'NONE',  ( -0.9876883405951353279, 0.1564344650402462178, 0.000000000000000000 ) ) ;
#2783 = ORIENTED_EDGE ( 'NONE', *, *, #2794, .T. ) ;
#2784 = UNCERTAINTY_MEASURE_WITH_UNIT (LENGTH_MEASURE( 1.000000000000000082E-05 ), #5371, 'distance_accuracy_value', 'NONE');
#2785 = ORIENTED_EDGE ( 'NONE', *, *, #3264, .F. ) ;
#2786 = FACE_OUTER_BOUND ( 'NONE', #2072, .T. ) ;
#2787 = DIRECTION ( 'NONE',  ( -0.000000000000000000, -0.000000000000000000, -1.000000000000000000 ) ) ;
#2788 = DIRECTION ( 'NONE',  ( -0.000000000000000000, -0.000000000000000000, -1.000000000000000000 ) ) ;
#2789 = ORIENTED_EDGE ( 'NONE', *, *, #1217, .F. ) ;
#2790 = CARTESIAN_POINT ( 'NONE',  ( 34.50000000000000711, 90.84999999999999432, 4.000000000000003553 ) ) ;
#2791 = ORIENTED_EDGE ( 'NONE', *, *, #4578, .T. ) ;
#2792 = VERTEX_POINT ( 'NONE', #5252 ) ;
#2793 = LINE ( 'NONE', #4571, #3008 ) ;
#2794 = EDGE_CURVE ( 'NONE', #3944, #2055, #4747, .T. ) ;
#2795 = EDGE_LOOP ( 'NONE', ( #463, #5122, #90, #29, #2310 ) ) ;
#2796 = EDGE_LOOP ( 'NONE', ( #3319, #4163, #5441, #926 ) ) ;
#2797 = FACE_OUTER_BOUND ( 'NONE', #4520, .T. ) ;
#2798 = DIRECTION ( 'NONE',  ( 1.000000000000000000, 0.000000000000000000, 0.000000000000000000 ) ) ;
#2799 = CARTESIAN_POINT ( 'NONE',  ( 56.83282050725286183, -48.39885195564552589, 4.000000000000000000 ) ) ;
#2800 = CARTESIAN_POINT ( 'NONE',  ( 89.03655821605690335, -90.31220958666102661, 4.000000000000003553 ) ) ;
#2801 = FACE_OUTER_BOUND ( 'NONE', #4749, .T. ) ;
#2802 = CARTESIAN_POINT ( 'NONE',  ( 100.1534080011955723, 65.37003867919739264, 0.000000000000000000 ) ) ;
#2803 = ORIENTED_EDGE ( 'NONE', *, *, #4924, .T. ) ;
#2804 = DIRECTION ( 'NONE',  ( -0.5877852522924734702, -0.8090169943749472292, 0.000000000000000000 ) ) ;
#2805 = DIRECTION ( 'NONE',  ( 1.000000000000000000, 0.000000000000000000, 0.000000000000000000 ) ) ;
#2806 = ORIENTED_EDGE ( 'NONE', *, *, #3901, .F. ) ;
#2807 = EDGE_CURVE ( 'NONE', #3797, #5173, #936, .T. ) ;
#2808 = VECTOR ( 'NONE', #1221, 1000.000000000000000 ) ;
#2809 = DIRECTION ( 'NONE',  ( -0.000000000000000000, -0.000000000000000000, -1.000000000000000000 ) ) ;
#2810 = ORIENTED_EDGE ( 'NONE', *, *, #2017, .T. ) ;
#2811 = PLANE ( 'NONE',  #875 ) ;
#2812 = VECTOR ( 'NONE', #3804, 1000.000000000000000 ) ;
#2813 = DIRECTION ( 'NONE',  ( 0.5877852522924734702, 0.8090169943749471182, 0.000000000000000000 ) ) ;
#2814 = ORIENTED_EDGE ( 'NONE', *, *, #4681, .T. ) ;
#2815 = VECTOR ( 'NONE', #2766, 1000.000000000000114 ) ;
#2816 = CARTESIAN_POINT ( 'NONE',  ( 0.2500000000000224820, -126.6225185911903139, 4.000000000000000000 ) ) ;
#2817 = AXIS2_PLACEMENT_3D ( 'NONE', #832, #3393, #3751 ) ;
#2818 = ORIENTED_EDGE ( 'NONE', *, *, #1878, .F. ) ;
#2819 = AXIS2_PLACEMENT_3D ( 'NONE', #4539, #1618, #4185 ) ;
#2820 = VECTOR ( 'NONE', #3572, 999.9999999999998863 ) ;
#2821 = CARTESIAN_POINT ( 'NONE',  ( 13.70000000002238671, 15.24999999998041567, 0.000000000000000000 ) ) ;
#2822 = EDGE_LOOP ( 'NONE', ( #2059, #1329, #3941, #2711 ) ) ;
#2823 = CARTESIAN_POINT ( 'NONE',  ( 11.53884940632647549, -19.58812332654094845, 4.000000000000000000 ) ) ;
#2824 = DIRECTION ( 'NONE',  ( -1.000000000000000000, 0.000000000000000000, 0.000000000000000000 ) ) ;
#2825 = CIRCLE ( 'NONE', #4072, 70.43268832314497274 ) ;
#2826 = AXIS2_PLACEMENT_3D ( 'NONE', #2758, #3954, #1811 ) ;
#2827 = EDGE_CURVE ( 'NONE', #641, #95, #143, .T. ) ;
#2828 = ADVANCED_FACE ( 'NONE', ( #2632 ), #5222, .T. ) ;
#2829 = CARTESIAN_POINT ( 'NONE',  ( 29.99999999999999645, -126.6225185911903139, 122.0421419384104524 ) ) ;
#2830 = CARTESIAN_POINT ( 'NONE',  ( -9.636388909051163409E-13, 91.99664475964945609, 0.000000000000000000 ) ) ;
#2831 = AXIS2_PLACEMENT_3D ( 'NONE', #3608, #3190, #4896 ) ;
#2832 = AXIS2_PLACEMENT_3D ( 'NONE', #1667, #3452, #1751 ) ;
#2833 = DIRECTION ( 'NONE',  ( -0.000000000000000000, -0.000000000000000000, -1.000000000000000000 ) ) ;
#2834 = LINE ( 'NONE', #2859, #2360 ) ;
#2835 = CARTESIAN_POINT ( 'NONE',  ( 58.67456134290436864, -43.75570504588107923, 4.000000000000000000 ) ) ;
#2836 = EDGE_CURVE ( 'NONE', #4829, #3547, #3998, .T. ) ;
#2837 = PRESENTATION_LAYER_ASSIGNMENT (  '', '', ( #2574 ) ) ;
#2838 = VECTOR ( 'NONE', #1127, 1000.000000000000000 ) ;
#2839 = CARTESIAN_POINT ( 'NONE',  ( 56.83670629099690785, 86.59724438915466749, 0.000000000000000000 ) ) ;
#2840 = ORIENTED_EDGE ( 'NONE', *, *, #2247, .F. ) ;
#2841 = DIRECTION ( 'NONE',  ( -0.1564344650402237635, 0.9876883405951387696, 0.000000000000000000 ) ) ;
#2842 = VERTEX_POINT ( 'NONE', #1776 ) ;
#2843 = DIRECTION ( 'NONE',  ( -0.1564344650402316461, 0.9876883405951376593, 0.000000000000000000 ) ) ;
#2844 = ORIENTED_EDGE ( 'NONE', *, *, #5136, .T. ) ;
#2845 = CARTESIAN_POINT ( 'NONE',  ( 94.61847608851937252, -57.92875201025195508, 4.000000000000000000 ) ) ;
#2846 = ORIENTED_EDGE ( 'NONE', *, *, #3596, .F. ) ;
#2847 = PLANE ( 'NONE',  #870 ) ;
#2848 = EDGE_CURVE ( 'NONE', #3285, #425, #5328, .T. ) ;
#2849 = EDGE_CURVE ( 'NONE', #656, #761, #536, .T. ) ;
#2850 = ORIENTED_EDGE ( 'NONE', *, *, #2530, .F. ) ;
#2851 = CARTESIAN_POINT ( 'NONE',  ( 119.8449492272192458, -75.94784058272006178, 0.000000000000000000 ) ) ;
#2852 = VERTEX_POINT ( 'NONE', #4404 ) ;
#2853 = CARTESIAN_POINT ( 'NONE',  ( 102.2782220027625755, 91.61442965877790812, 0.000000000000000000 ) ) ;
#2854 = DIRECTION ( 'NONE',  ( 1.000000000000000000, 0.000000000000000000, 0.000000000000000000 ) ) ;
#2855 = CARTESIAN_POINT ( 'NONE',  ( 118.7387905168068727, -68.96382934938300480, 0.000000000000000000 ) ) ;
#2856 =( NAMED_UNIT ( * ) SI_UNIT ( $, .STERADIAN. ) SOLID_ANGLE_UNIT ( ) );
#2857 = ADVANCED_FACE ( 'NONE', ( #1437, #1411, #548, #1852, #1800, #4774, #2237, #1380, #3444, #573, #2261, #3965, #1333, #1822, #4828, #3496, #3103, #5146, #994, #2686, #4381, #3553, #3023, #2710, #1017, #2608, #1519 ), #4856, .T. ) ;
#2858 = ORIENTED_EDGE ( 'NONE', *, *, #3515, .T. ) ;
#2859 = CARTESIAN_POINT ( 'NONE',  ( 152.1149918220219206, -16.10450788531692012, 0.000000000000000000 ) ) ;
#2860 = LINE ( 'NONE', #3728, #155 ) ;
#2861 = DIRECTION ( 'NONE',  ( 0.000000000000000000, 0.000000000000000000, 1.000000000000000000 ) ) ;
#2862 = ORIENTED_EDGE ( 'NONE', *, *, #1178, .T. ) ;
#2863 = ADVANCED_FACE ( 'NONE', ( #4488 ), #4937, .F. ) ;
#2864 = CARTESIAN_POINT ( 'NONE',  ( 110.2094940032092296, -109.1670495650449340, 0.000000000000000000 ) ) ;
#2865 = DIRECTION ( 'NONE',  ( 0.000000000000000000, 0.000000000000000000, 1.000000000000000000 ) ) ;
#2866 = LINE ( 'NONE', #5400, #63 ) ;
#2867 = ORIENTED_EDGE ( 'NONE', *, *, #3526, .F. ) ;
#2868 = CARTESIAN_POINT ( 'NONE',  ( 85.65742381533090111, -76.99108567874223752, 158.4340709352140379 ) ) ;
#2869 = EDGE_LOOP ( 'NONE', ( #1431, #1775, #2810, #3318 ) ) ;
#2870 = CARTESIAN_POINT ( 'NONE',  ( 35.51066346810262075, -144.7028082716596202, 4.000000000000003553 ) ) ;
#2871 = CARTESIAN_POINT ( 'NONE',  ( 93.84115613534757472, 78.05615296206485709, 4.000000000000003553 ) ) ;
#2872 = ORIENTED_EDGE ( 'NONE', *, *, #1893, .F. ) ;
#2873 = ORIENTED_EDGE ( 'NONE', *, *, #4679, .T. ) ;
#2874 = DIRECTION ( 'NONE',  ( 0.8090169943749461190, 0.5877852522924750245, -0.000000000000000000 ) ) ;
#2875 = VERTEX_POINT ( 'NONE', #3181 ) ;
#2876 = EDGE_CURVE ( 'NONE', #712, #5148, #2322, .T. ) ;
#2877 = EDGE_CURVE ( 'NONE', #222, #1372, #446, .T. ) ;
#2878 = CARTESIAN_POINT ( 'NONE',  ( 103.2343249291180882, -65.12756525838503308, 4.000000000000003553 ) ) ;
#2879 = CARTESIAN_POINT ( 'NONE',  ( 106.6036440353376946, 74.99999999999991473, 122.0421419384104524 ) ) ;
#2880 = CYLINDRICAL_SURFACE ( 'NONE', #2817, 1.550000000000037570 ) ;
#2881 = ORIENTED_EDGE ( 'NONE', *, *, #324, .F. ) ;
#2882 = CARTESIAN_POINT ( 'NONE',  ( 43.31346386263425075, -143.5816767259325957, 158.4340709352140379 ) ) ;
#2883 = AXIS2_PLACEMENT_3D ( 'NONE', #230, #4971, #4084 ) ;
#2884 = EDGE_LOOP ( 'NONE', ( #1520, #5032, #3879, #3811 ) ) ;
#2885 = DIRECTION ( 'NONE',  ( 0.8525092566517701309, -0.5227121266271200772, 0.000000000000000000 ) ) ;
#2886 = DIRECTION ( 'NONE',  ( -1.000000000000000000, 0.000000000000000000, 0.000000000000000000 ) ) ;
#2887 = CYLINDRICAL_SURFACE ( 'NONE', #3005, 4.999999999999997335 ) ;
#2888 = ORIENTED_EDGE ( 'NONE', *, *, #3612, .T. ) ;
#2889 = CARTESIAN_POINT ( 'NONE',  ( 22.58585882915343390, -13.81180667449477895, 4.000000000000000000 ) ) ;
#2890 = FACE_BOUND ( 'NONE', #904, .T. ) ;
#2891 = CARTESIAN_POINT ( 'NONE',  ( 102.9100942114772863, 82.89705806042461234, 4.000000000000003553 ) ) ;
#2892 = PRODUCT_CONTEXT ( 'NONE', #2316, 'mechanical' ) ;
#2893 = ORIENTED_EDGE ( 'NONE', *, *, #397, .T. ) ;
#2894 = EDGE_CURVE ( 'NONE', #3960, #1319, #4891, .T. ) ;
#2895 = EDGE_CURVE ( 'NONE', #4712, #4122, #3686, .T. ) ;
#2896 = CARTESIAN_POINT ( 'NONE',  ( 31.00000000000000711, 3.250000000000000000, 0.000000000000000000 ) ) ;
#2897 = VERTEX_POINT ( 'NONE', #2821 ) ;
#2898 = AXIS2_PLACEMENT_3D ( 'NONE', #4364, #1804, #4283 ) ;
#2899 = ORIENTED_EDGE ( 'NONE', *, *, #1626, .T. ) ;
#2900 = DIRECTION ( 'NONE',  ( -0.000000000000000000, -0.000000000000000000, -1.000000000000000000 ) ) ;
#2901 = DIRECTION ( 'NONE',  ( 0.000000000000000000, 0.000000000000000000, 1.000000000000000000 ) ) ;
#2902 = AXIS2_PLACEMENT_3D ( 'NONE', #639, #3246, #663 ) ;
#2903 = ORIENTED_EDGE ( 'NONE', *, *, #3290, .F. ) ;
#2904 = VERTEX_POINT ( 'NONE', #5380 ) ;
#2905 = ORIENTED_EDGE ( 'NONE', *, *, #2706, .T. ) ;
#2906 = CIRCLE ( 'NONE', #5135, 1.074999999991986810 ) ;
#2907 = DIRECTION ( 'NONE',  ( -1.000000000000000000, 0.000000000000000000, 0.000000000000000000 ) ) ;
#2908 = CARTESIAN_POINT ( 'NONE',  ( 42.97376278460060206, 86.59724438915461064, 4.000000000000003553 ) ) ;
#2909 = VECTOR ( 'NONE', #509, 1000.000000000000000 ) ;
#2910 = EDGE_CURVE ( 'NONE', #4566, #2092, #3658, .T. ) ;
#2911 = FACE_OUTER_BOUND ( 'NONE', #3475, .T. ) ;
#2912 = ORIENTED_EDGE ( 'NONE', *, *, #596, .T. ) ;
#2913 = DIRECTION ( 'NONE',  ( 0.1564344650402102466, -0.9876883405951409900, 0.000000000000000000 ) ) ;
#2914 = ORIENTED_EDGE ( 'NONE', *, *, #5102, .T. ) ;
#2915 = VECTOR ( 'NONE', #3738, 1000.000000000000000 ) ;
#2916 = DIRECTION ( 'NONE',  ( -0.1564344650402327008, -0.9876883405951374373, 0.000000000000000000 ) ) ;
#2917 = DIRECTION ( 'NONE',  ( -0.000000000000000000, 1.000000000000000000, -0.000000000000000000 ) ) ;
#2918 = EDGE_CURVE ( 'NONE', #3388, #198, #3377, .T. ) ;
#2919 = EDGE_CURVE ( 'NONE', #1977, #2655, #203, .T. ) ;
#2920 = AXIS2_PLACEMENT_3D ( 'NONE', #2121, #845, #2510 ) ;
#2921 = CARTESIAN_POINT ( 'NONE',  ( 61.77456134258617482, -43.75570504588107923, 4.000000000000000000 ) ) ;
#2922 = VERTEX_POINT ( 'NONE', #4442 ) ;
#2923 = LINE ( 'NONE', #2864, #255 ) ;
#2924 = CARTESIAN_POINT ( 'NONE',  ( 100.1534080011955297, -65.37003867919737843, 0.000000000000000000 ) ) ;
#2925 = DIRECTION ( 'NONE',  ( -0.9876883405951362160, 0.1564344650402405557, 0.000000000000000000 ) ) ;
#2926 = EDGE_LOOP ( 'NONE', ( #3855, #5005, #2704, #3299 ) ) ;
#2927 = DIRECTION ( 'NONE',  ( 0.000000000000000000, 0.000000000000000000, 1.000000000000000000 ) ) ;
#2928 = EDGE_LOOP ( 'NONE', ( #1795, #5345, #5039, #2078 ) ) ;
#2929 = CIRCLE ( 'NONE', #4887, 96.68976941081567134 ) ;
#2930 = VECTOR ( 'NONE', #494, 1000.000000000000000 ) ;
#2931 = EDGE_CURVE ( 'NONE', #4577, #1766, #3996, .T. ) ;
#2932 = EDGE_LOOP ( 'NONE', ( #2698, #5401, #1713, #4989 ) ) ;
#2933 = CARTESIAN_POINT ( 'NONE',  ( 34.00000000000000711, -3.250000000000000000, 0.000000000000000000 ) ) ;
#2934 = FACE_OUTER_BOUND ( 'NONE', #2186, .T. ) ;
#2935 = VERTEX_POINT ( 'NONE', #4522 ) ;
#2936 = ORIENTED_EDGE ( 'NONE', *, *, #2164, .T. ) ;
#2937 = ORIENTED_EDGE ( 'NONE', *, *, #3033, .T. ) ;
#2938 = EDGE_CURVE ( 'NONE', #2362, #3354, #4465, .T. ) ;
#2939 = DIRECTION ( 'NONE',  ( -1.000000000000000000, 0.000000000000000000, 0.000000000000000000 ) ) ;
#2940 = CARTESIAN_POINT ( 'NONE',  ( 13.77609861498592991, 22.92434429574829835, 0.000000000000000000 ) ) ;
#2941 = DIRECTION ( 'NONE',  ( 0.1564344650402519354, -0.9876883405951344397, 0.000000000000000000 ) ) ;
#2942 = ORIENTED_EDGE ( 'NONE', *, *, #1507, .F. ) ;
#2943 = DIRECTION ( 'NONE',  ( 0.000000000000000000, 0.000000000000000000, 1.000000000000000000 ) ) ;
#2944 = ORIENTED_EDGE ( 'NONE', *, *, #3117, .F. ) ;
#2945 = DIRECTION ( 'NONE',  ( -0.000000000000000000, -0.000000000000000000, -1.000000000000000000 ) ) ;
#2946 = DIRECTION ( 'NONE',  ( -1.000000000000000000, 0.000000000000000000, 0.000000000000000000 ) ) ;
#2947 = CARTESIAN_POINT ( 'NONE',  ( 35.18774910577104720, -122.7363520233499372, 0.000000000000000000 ) ) ;
#2948 = ORIENTED_EDGE ( 'NONE', *, *, #1543, .F. ) ;
#2949 = EDGE_CURVE ( 'NONE', #4761, #3577, #2302, .T. ) ;
#2950 = EDGE_CURVE ( 'NONE', #5168, #4014, #2406, .T. ) ;
#2951 = FACE_OUTER_BOUND ( 'NONE', #4850, .T. ) ;
#2952 = FACE_BOUND ( 'NONE', #653, .T. ) ;
#2953 = CARTESIAN_POINT ( 'NONE',  ( 39.33499999998124963, -129.0823004019084408, 158.4340709352140379 ) ) ;
#2954 = CARTESIAN_POINT ( 'NONE',  ( 103.2567875263512605, -92.16979151635905509, 0.000000000000000000 ) ) ;
#2955 = ORIENTED_EDGE ( 'NONE', *, *, #4076, .T. ) ;
#2956 = ORIENTED_EDGE ( 'NONE', *, *, #2628, .T. ) ;
#2957 = DIRECTION ( 'NONE',  ( -0.8090169943749470072, -0.5877852522924736922, 0.000000000000000000 ) ) ;
#2958 = CARTESIAN_POINT ( 'NONE',  ( 40.88499999998123968, -139.4323004018817471, 158.4340709352140379 ) ) ;
#2959 = EDGE_LOOP ( 'NONE', ( #462, #2699, #4359, #3539 ) ) ;
#2960 = VERTEX_POINT ( 'NONE', #5275 ) ;
#2961 = ORIENTED_EDGE ( 'NONE', *, *, #1027, .F. ) ;
#2962 = CARTESIAN_POINT ( 'NONE',  ( -49.71648811740750773, -63.09516895732284070, 122.0421419384104524 ) ) ;
#2963 = FACE_OUTER_BOUND ( 'NONE', #3517, .T. ) ;
#2964 = EDGE_CURVE ( 'NONE', #1246, #707, #1568, .T. ) ;
#2965 = CARTESIAN_POINT ( 'NONE',  ( 53.39500064766649956, -31.68634788278703596, 4.000000000000000000 ) ) ;
#2966 = ORIENTED_EDGE ( 'NONE', *, *, #475, .F. ) ;
#2967 = DIRECTION ( 'NONE',  ( 1.000000000000000000, 0.000000000000000000, 0.000000000000000000 ) ) ;
#2968 = ORIENTED_EDGE ( 'NONE', *, *, #4754, .T. ) ;
#2969 = DIRECTION ( 'NONE',  ( -1.000000000000000000, 0.000000000000000000, 0.000000000000000000 ) ) ;
#2970 = CARTESIAN_POINT ( 'NONE',  ( 103.2567875263512605, -92.16979151635905509, 158.4340709352140379 ) ) ;
#2971 = DIRECTION ( 'NONE',  ( -0.000000000000000000, -0.000000000000000000, 1.000000000000000000 ) ) ;
#2972 = LINE ( 'NONE', #4672, #2309 ) ;
#2973 = CARTESIAN_POINT ( 'NONE',  ( 85.65742381533090111, -76.99108567874223752, 4.000000000000003553 ) ) ;
#2974 = AXIS2_PLACEMENT_3D ( 'NONE', #4410, #2379, #289 ) ;
#2975 = EDGE_CURVE ( 'NONE', #2792, #4654, #2431, .T. ) ;
#2976 = DIRECTION ( 'NONE',  ( 0.000000000000000000, 0.000000000000000000, 1.000000000000000000 ) ) ;
#2977 = VERTEX_POINT ( 'NONE', #227 ) ;
#2978 = ORIENTED_EDGE ( 'NONE', *, *, #1678, .F. ) ;
#2979 = DIRECTION ( 'NONE',  ( -0.6041862106499934493, -0.7968431607665349414, 0.000000000000000000 ) ) ;
#2980 = CARTESIAN_POINT ( 'NONE',  ( 32.67537009044875163, -139.3071942506634571, 158.4340709352140379 ) ) ;
#2981 = VERTEX_POINT ( 'NONE', #1931 ) ;
#2982 = ORIENTED_EDGE ( 'NONE', *, *, #187, .T. ) ;
#2983 = ORIENTED_EDGE ( 'NONE', *, *, #4549, .T. ) ;
#2984 = VERTEX_POINT ( 'NONE', #2851 ) ;
#2985 = DIRECTION ( 'NONE',  ( -1.000000000000000000, 5.551115123125777969E-15, 0.000000000000000000 ) ) ;
#2986 = CIRCLE ( 'NONE', #3163, 3.000000000000002665 ) ;
#2987 = CARTESIAN_POINT ( 'NONE',  ( 107.1476601473641779, -109.6519964066702784, 4.000000000000003553 ) ) ;
#2988 = DIRECTION ( 'NONE',  ( -0.000000000000000000, -0.000000000000000000, -1.000000000000000000 ) ) ;
#2989 = ORIENTED_EDGE ( 'NONE', *, *, #1272, .F. ) ;
#2990 = CIRCLE ( 'NONE', #2368, 1.550000000000037570 ) ;
#2991 = CARTESIAN_POINT ( 'NONE',  ( 87.71849755386851655, -81.03617065061698099, 4.000000000000003553 ) ) ;
#2992 = ORIENTED_EDGE ( 'NONE', *, *, #1942, .F. ) ;
#2993 = ADVANCED_FACE ( 'NONE', ( #177 ), #1461, .F. ) ;
#2994 = CARTESIAN_POINT ( 'NONE',  ( 13.82499999999553708, -12.75000000001738520, 4.000000000000000000 ) ) ;
#2995 = AXIS2_PLACEMENT_3D ( 'NONE', #2790, #3235, #4934 ) ;
#2996 = CARTESIAN_POINT ( 'NONE',  ( 28.86482634002302561, 17.19626723762208798, 4.000000000000000000 ) ) ;
#2997 = CIRCLE ( 'NONE', #1133, 1.550000000000037570 ) ;
#2998 = CARTESIAN_POINT ( 'NONE',  ( 34.50000000000000711, 90.84999999999999432, 122.0421419384104524 ) ) ;
#2999 = VECTOR ( 'NONE', #4507, 1000.000000000000000 ) ;
#3000 = AXIS2_PLACEMENT_3D ( 'NONE', #2022, #3302, #3331 ) ;
#3001 = EDGE_CURVE ( 'NONE', #651, #913, #2793, .T. ) ;
#3002 = CARTESIAN_POINT ( 'NONE',  ( 1.544597783009749037E-11, 126.6225185911533373, 4.000000000000000000 ) ) ;
#3003 = DIRECTION ( 'NONE',  ( -1.000000000000000000, 0.000000000000000000, 0.000000000000000000 ) ) ;
#3004 = AXIS2_PLACEMENT_3D ( 'NONE', #4060, #3646, #2696 ) ;
#3005 = AXIS2_PLACEMENT_3D ( 'NONE', #1614, #1557, #3311 ) ;
#3006 = CARTESIAN_POINT ( 'NONE',  ( 30.50000000000000711, 3.250000000000000000, 4.000000000000003553 ) ) ;
#3007 = ORIENTED_EDGE ( 'NONE', *, *, #454, .T. ) ;
#3008 = VECTOR ( 'NONE', #3298, 1000.000000000000000 ) ;
#3009 = VECTOR ( 'NONE', #1446, 1000.000000000000000 ) ;
#3010 = ORIENTED_EDGE ( 'NONE', *, *, #1756, .F. ) ;
#3011 = DIRECTION ( 'NONE',  ( -1.000000000000000000, 0.000000000000000000, 0.000000000000000000 ) ) ;
#3012 = FACE_OUTER_BOUND ( 'NONE', #2291, .T. ) ;
#3013 = AXIS2_PLACEMENT_3D ( 'NONE', #4375, #133, #2256 ) ;
#3014 = CIRCLE ( 'NONE', #3470, 1.074999999991986810 ) ;
#3015 = VERTEX_POINT ( 'NONE', #762 ) ;
#3016 = ORIENTED_EDGE ( 'NONE', *, *, #4996, .F. ) ;
#3017 = ADVANCED_FACE ( 'NONE', ( #4131 ), #314, .F. ) ;
#3018 = ADVANCED_FACE ( 'NONE', ( #4999 ), #1601, .F. ) ;
#3019 = DIRECTION ( 'NONE',  ( 0.000000000000000000, 0.000000000000000000, 1.000000000000000000 ) ) ;
#3020 = CARTESIAN_POINT ( 'NONE',  ( 118.7387905168068585, -68.96382934938299059, 158.4340709352140379 ) ) ;
#3021 = ORIENTED_EDGE ( 'NONE', *, *, #5136, .F. ) ;
#3022 = VECTOR ( 'NONE', #4955, 1000.000000000000000 ) ;
#3023 = FACE_BOUND ( 'NONE', #2795, .T. ) ;
#3024 = ORIENTED_EDGE ( 'NONE', *, *, #2938, .T. ) ;
#3025 = CARTESIAN_POINT ( 'NONE',  ( 29.99999999999999645, 95.09724438915459643, 4.000000000000003553 ) ) ;
#3026 = DIRECTION ( 'NONE',  ( 0.000000000000000000, 0.000000000000000000, 1.000000000000000000 ) ) ;
#3027 = VECTOR ( 'NONE', #4744, 1000.000000000000000 ) ;
#3028 = DIRECTION ( 'NONE',  ( 1.000000000000000000, 0.000000000000000000, 0.000000000000000000 ) ) ;
#3029 = DIRECTION ( 'NONE',  ( -0.000000000000000000, -0.000000000000000000, -1.000000000000000000 ) ) ;
#3030 = EDGE_CURVE ( 'NONE', #5187, #4380, #363, .T. ) ;
#3031 = DIRECTION ( 'NONE',  ( -1.000000000000000000, 0.000000000000000000, 0.000000000000000000 ) ) ;
#3032 = CARTESIAN_POINT ( 'NONE',  ( 13.70000000002238671, 15.24999999998041567, 4.000000000000000000 ) ) ;
#3033 = EDGE_CURVE ( 'NONE', #991, #2005, #3185, .T. ) ;
#3034 = CARTESIAN_POINT ( 'NONE',  ( 38.10125600164979431, -123.0534501274028685, 0.000000000000000000 ) ) ;
#3035 = ORIENTED_EDGE ( 'NONE', *, *, #1178, .F. ) ;
#3036 = ORIENTED_EDGE ( 'NONE', *, *, #4899, .F. ) ;
#3037 = CARTESIAN_POINT ( 'NONE',  ( 103.2286440353377230, -75.00000000000000000, 158.4340709352140379 ) ) ;
#3038 = DIRECTION ( 'NONE',  ( -0.000000000000000000, -0.000000000000000000, 1.000000000000000000 ) ) ;
#3039 = CIRCLE ( 'NONE', #647, 1.550000000000051337 ) ;
#3040 = ORIENTED_EDGE ( 'NONE', *, *, #583, .F. ) ;
#3041 = EDGE_LOOP ( 'NONE', ( #4282, #2373, #3903, #2314 ) ) ;
#3042 = ORIENTED_EDGE ( 'NONE', *, *, #1701, .F. ) ;
#3043 = DIRECTION ( 'NONE',  ( -0.000000000000000000, -0.000000000000000000, -1.000000000000000000 ) ) ;
#3044 = LINE ( 'NONE', #3474, #3714 ) ;
#3045 = ORIENTED_EDGE ( 'NONE', *, *, #4164, .F. ) ;
#3046 = EDGE_CURVE ( 'NONE', #3095, #2432, #3673, .T. ) ;
#3047 = CARTESIAN_POINT ( 'NONE',  ( 67.36071162167239379, -56.04781258048107873, 0.000000000000000000 ) ) ;
#3048 = ORIENTED_EDGE ( 'NONE', *, *, #4136, .T. ) ;
#3049 = VERTEX_POINT ( 'NONE', #5041 ) ;
#3050 = LINE ( 'NONE', #841, #1905 ) ;
#3051 = CARTESIAN_POINT ( 'NONE',  ( 42.67120374928276760, -121.3046846752097707, 158.4340709352140379 ) ) ;
#3052 = CYLINDRICAL_SURFACE ( 'NONE', #3991, 65.32408497843788098 ) ;
#3053 = CARTESIAN_POINT ( 'NONE',  ( 94.61847608853699398, 57.92875201022780374, 0.000000000000000000 ) ) ;
#3054 = FACE_OUTER_BOUND ( 'NONE', #402, .T. ) ;
#3055 = CIRCLE ( 'NONE', #3678, 1.550000000000051337 ) ;
#3056 = DIRECTION ( 'NONE',  ( -1.000000000000000000, 0.000000000000000000, 0.000000000000000000 ) ) ;
#3057 = PLANE ( 'NONE',  #3178 ) ;
#3058 = CARTESIAN_POINT ( 'NONE',  ( 44.04422145524898013, 31.99999999999100098, 4.000000000000000000 ) ) ;
#3059 = ORIENTED_EDGE ( 'NONE', *, *, #3412, .T. ) ;
#3060 = CIRCLE ( 'NONE', #3241, 1.074999999981193444 ) ;
#3061 = ORIENTED_EDGE ( 'NONE', *, *, #2964, .T. ) ;
#3062 = CARTESIAN_POINT ( 'NONE',  ( 11.67500000002236860, 12.74999999998042810, 4.000000000000000000 ) ) ;
#3063 = ADVANCED_FACE ( 'NONE', ( #5368 ), #1559, .F. ) ;
#3064 = EDGE_CURVE ( 'NONE', #4509, #2897, #277, .T. ) ;
#3065 = CARTESIAN_POINT ( 'NONE',  ( 86.53862968008381529, 72.52901289595419598, 4.000000000000000000 ) ) ;
#3066 = VERTEX_POINT ( 'NONE', #4148 ) ;
#3067 = ORIENTED_EDGE ( 'NONE', *, *, #4493, .F. ) ;
#3068 = CARTESIAN_POINT ( 'NONE',  ( 101.7184382219827938, 61.76690542735565259, 122.0421419384104524 ) ) ;
#3069 = VERTEX_POINT ( 'NONE', #2060 ) ;
#3070 = CARTESIAN_POINT ( 'NONE',  ( 22.58585882915343390, 13.81180667449477895, 4.000000000000000000 ) ) ;
#3071 = VERTEX_POINT ( 'NONE', #2033 ) ;
#3072 = CIRCLE ( 'NONE', #320, 1.550000000000051337 ) ;
#3073 = ORIENTED_EDGE ( 'NONE', *, *, #2894, .F. ) ;
#3074 = DIRECTION ( 'NONE',  ( 1.000000000000000000, 0.000000000000000000, 0.000000000000000000 ) ) ;
#3075 = LINE ( 'NONE', #98, #3253 ) ;
#3076 = CYLINDRICAL_SURFACE ( 'NONE', #4435, 1.549999999999912559 ) ;
#3077 = AXIS2_PLACEMENT_3D ( 'NONE', #2102, #1605, #438 ) ;
#3078 = DIRECTION ( 'NONE',  ( -0.000000000000000000, -0.000000000000000000, -1.000000000000000000 ) ) ;
#3079 = PLANE ( 'NONE',  #2125 ) ;
#3080 = VECTOR ( 'NONE', #2540, 1000.000000000000000 ) ;
#3081 = CIRCLE ( 'NONE', #688, 3.000000000000002665 ) ;
#3082 = DIRECTION ( 'NONE',  ( -1.000000000000000000, 0.000000000000000000, 0.000000000000000000 ) ) ;
#3083 = EDGE_CURVE ( 'NONE', #1486, #483, #5456, .T. ) ;
#3084 = EDGE_CURVE ( 'NONE', #2935, #1508, #1146, .T. ) ;
#3085 = DIRECTION ( 'NONE',  ( -0.7968431607665326100, 0.6041862106499963359, 0.000000000000000000 ) ) ;
#3086 = AXIS2_PLACEMENT_3D ( 'NONE', #751, #2448, #5043 ) ;
#3087 = VECTOR ( 'NONE', #5322, 1000.000000000000000 ) ;
#3088 = CARTESIAN_POINT ( 'NONE',  ( 99.85364403533787936, 74.99999999999991473, 122.0421419384104524 ) ) ;
#3089 = ORIENTED_EDGE ( 'NONE', *, *, #3987, .T. ) ;
#3090 = ORIENTED_EDGE ( 'NONE', *, *, #1655, .F. ) ;
#3091 = CIRCLE ( 'NONE', #3984, 5.000000000000004441 ) ;
#3092 = DIRECTION ( 'NONE',  ( 1.000000000000000000, 0.000000000000000000, 0.000000000000000000 ) ) ;
#3093 = CIRCLE ( 'NONE', #2737, 1.550000000000051337 ) ;
#3094 = LINE ( 'NONE', #5166, #1860 ) ;
#3095 = VERTEX_POINT ( 'NONE', #3254 ) ;
#3096 = AXIS2_PLACEMENT_3D ( 'NONE', #16, #5480, #5071 ) ;
#3097 = CIRCLE ( 'NONE', #703, 70.43268832314497274 ) ;
#3098 = ORIENTED_EDGE ( 'NONE', *, *, #4741, .F. ) ;
#3099 = ADVANCED_FACE ( 'NONE', ( #749 ), #1172, .T. ) ;
#3100 = DIRECTION ( 'NONE',  ( -1.000000000000000000, 0.000000000000000000, 0.000000000000000000 ) ) ;
#3101 = CIRCLE ( 'NONE', #4972, 5.000000000000000888 ) ;
#3102 = ORIENTED_EDGE ( 'NONE', *, *, #3911, .F. ) ;
#3103 = FACE_BOUND ( 'NONE', #1490, .T. ) ;
#3104 = EDGE_LOOP ( 'NONE', ( #1371, #1111, #2148, #2989 ) ) ;
#3105 = EDGE_CURVE ( 'NONE', #6, #852, #1535, .T. ) ;
#3106 = EDGE_LOOP ( 'NONE', ( #3383, #4830, #963, #2983 ) ) ;
#3107 = DIRECTION ( 'NONE',  ( 0.000000000000000000, 0.000000000000000000, -1.000000000000000000 ) ) ;
#3108 = LINE ( 'NONE', #3479, #4583 ) ;
#3109 = PLANE ( 'NONE',  #2831 ) ;
#3110 = DIRECTION ( 'NONE',  ( -1.000000000000000000, 0.000000000000000000, 0.000000000000000000 ) ) ;
#3111 = DIRECTION ( 'NONE',  ( -0.000000000000000000, -0.000000000000000000, -1.000000000000000000 ) ) ;
#3112 = DIRECTION ( 'NONE',  ( -1.000000000000000000, 0.000000000000000000, 0.000000000000000000 ) ) ;
#3113 = CARTESIAN_POINT ( 'NONE',  ( 1.595184984638639891, -2.103841866565072660, 4.000000000000000000 ) ) ;
#3114 = CYLINDRICAL_SURFACE ( 'NONE', #1941, 1.549999999840907750 ) ;
#3115 = EDGE_CURVE ( 'NONE', #937, #3574, #2923, .T. ) ;
#3116 = ORIENTED_EDGE ( 'NONE', *, *, #5169, .F. ) ;
#3117 = EDGE_CURVE ( 'NONE', #1159, #374, #3820, .T. ) ;
#3118 = ORIENTED_EDGE ( 'NONE', *, *, #3484, .F. ) ;
#3119 = LINE ( 'NONE', #1035, #4690 ) ;
#3120 = VERTEX_POINT ( 'NONE', #4537 ) ;
#3121 = EDGE_LOOP ( 'NONE', ( #1715, #5317, #633, #3411 ) ) ;
#3122 = CARTESIAN_POINT ( 'NONE',  ( 96.68698668629663473, 87.55215941727988138, 4.000000000000003553 ) ) ;
#3123 = EDGE_LOOP ( 'NONE', ( #4154, #957, #3773, #4274 ) ) ;
#3124 = CARTESIAN_POINT ( 'NONE',  ( 105.2197297140799463, -87.57122022000679351, 158.4340709352140379 ) ) ;
#3125 = ORIENTED_EDGE ( 'NONE', *, *, #1554, .F. ) ;
#3126 = EDGE_LOOP ( 'NONE', ( #1104, #130, #194, #3854 ) ) ;
#3127 = DIRECTION ( 'NONE',  ( -0.8090169943749461190, -0.5877852522924750245, 0.000000000000000000 ) ) ;
#3128 = CARTESIAN_POINT ( 'NONE',  ( 107.1476601473644337, -109.6519964066688715, 158.4340709352140379 ) ) ;
#3129 = DIRECTION ( 'NONE',  ( -0.000000000000000000, 0.000000000000000000, 1.000000000000000000 ) ) ;
#3130 = ADVANCED_FACE ( 'NONE', ( #4929 ), #5014, .T. ) ;
#3131 = DIRECTION ( 'NONE',  ( -0.000000000000000000, -0.000000000000000000, -1.000000000000000000 ) ) ;
#3132 = LINE ( 'NONE', #1026, #5410 ) ;
#3133 = DIRECTION ( 'NONE',  ( 0.000000000000000000, 0.000000000000000000, 1.000000000000000000 ) ) ;
#3134 = CYLINDRICAL_SURFACE ( 'NONE', #1745, 1.550000000000051337 ) ;
#3135 = FACE_OUTER_BOUND ( 'NONE', #4434, .T. ) ;
#3136 = AXIS2_PLACEMENT_3D ( 'NONE', #1227, #816, #2002 ) ;
#3137 = CYLINDRICAL_SURFACE ( 'NONE', #882, 3.000000000000002665 ) ;
#3138 = EDGE_LOOP ( 'NONE', ( #4487, #5243 ) ) ;
#3139 = ORIENTED_EDGE ( 'NONE', *, *, #1741, .T. ) ;
#3140 = DIRECTION ( 'NONE',  ( 1.000000000000000000, 0.000000000000000000, 0.000000000000000000 ) ) ;
#3141 = EDGE_CURVE ( 'NONE', #2550, #2257, #4986, .T. ) ;
#3142 = DIRECTION ( 'NONE',  ( -0.000000000000000000, -0.000000000000000000, -1.000000000000000000 ) ) ;
#3143 = ORIENTED_EDGE ( 'NONE', *, *, #3665, .F. ) ;
#3144 = ORIENTED_EDGE ( 'NONE', *, *, #1064, .T. ) ;
#3145 = CARTESIAN_POINT ( 'NONE',  ( 44.04422145524898013, 31.99999999999100098, 4.000000000000000000 ) ) ;
#3146 = ADVANCED_FACE ( 'NONE', ( #4560 ), #1954, .F. ) ;
#3147 = EDGE_CURVE ( 'NONE', #4657, #707, #3055, .T. ) ;
#3148 = AXIS2_PLACEMENT_3D ( 'NONE', #2325, #2351, #4050 ) ;
#3149 = VERTEX_POINT ( 'NONE', #2889 ) ;
#3150 = DIRECTION ( 'NONE',  ( -0.7807234641033810041, 0.6248766859136423157, 0.000000000000000000 ) ) ;
#3151 = ORIENTED_EDGE ( 'NONE', *, *, #2099, .T. ) ;
#3152 = VERTEX_POINT ( 'NONE', #4587 ) ;
#3153 = CARTESIAN_POINT ( 'NONE',  ( 106.6036440353376946, 74.99999999999991473, 4.000000000000003553 ) ) ;
#3154 = DIRECTION ( 'NONE',  ( 0.000000000000000000, 0.000000000000000000, 1.000000000000000000 ) ) ;
#3155 = CARTESIAN_POINT ( 'NONE',  ( 44.04422145524898013, 31.99999999999100098, 0.000000000000000000 ) ) ;
#3156 = CARTESIAN_POINT ( 'NONE',  ( 68.01915003213274247, -137.3956936003766600, 0.000000000000000000 ) ) ;
#3157 = CARTESIAN_POINT ( 'NONE',  ( 12.75000000001434408, -12.75000000001738520, 0.000000000000000000 ) ) ;
#3158 = EDGE_CURVE ( 'NONE', #2960, #5468, #781, .T. ) ;
#3159 = DIRECTION ( 'NONE',  ( -0.8090169943749467851, 0.5877852522924741363, 0.000000000000000000 ) ) ;
#3160 = CYLINDRICAL_SURFACE ( 'NONE', #4765, 0.5000000000000004441 ) ;
#3161 = ORIENTED_EDGE ( 'NONE', *, *, #1785, .F. ) ;
#3162 = PLANE ( 'NONE',  #433 ) ;
#3163 = AXIS2_PLACEMENT_3D ( 'NONE', #5070, #1255, #2969 ) ;
#3164 = CARTESIAN_POINT ( 'NONE',  ( 1.544597783009749037E-11, 126.6225185911533373, 0.000000000000000000 ) ) ;
#3165 = ORIENTED_EDGE ( 'NONE', *, *, #912, .F. ) ;
#3166 = VECTOR ( 'NONE', #4867, 1000.000000000000000 ) ;
#3167 = ADVANCED_FACE ( 'NONE', ( #4646 ), #2668, .F. ) ;
#3168 = VERTEX_POINT ( 'NONE', #5177 ) ;
#3169 = CARTESIAN_POINT ( 'NONE',  ( 44.04422145524898013, 31.99999999999100098, 4.000000000000000000 ) ) ;
#3170 = DIRECTION ( 'NONE',  ( -1.000000000000000000, 0.000000000000000000, 0.000000000000000000 ) ) ;
#3171 = AXIS2_PLACEMENT_3D ( 'NONE', #4401, #2286, #1875 ) ;
#3172 = AXIS2_PLACEMENT_3D ( 'NONE', #4782, #606, #2640 ) ;
#3173 = PLANE ( 'NONE',  #4872 ) ;
#3174 = ORIENTED_EDGE ( 'NONE', *, *, #4136, .F. ) ;
#3175 = CIRCLE ( 'NONE', #3713, 1.074999999981188115 ) ;
#3176 = CIRCLE ( 'NONE', #960, 1.549999999840900866 ) ;
#3177 = DIRECTION ( 'NONE',  ( -0.000000000000000000, -0.000000000000000000, 1.000000000000000000 ) ) ;
#3178 = AXIS2_PLACEMENT_3D ( 'NONE', #2225, #5105, #4734 ) ;
#3179 = CIRCLE ( 'NONE', #5407, 1.074999999991981703 ) ;
#3180 = ORIENTED_EDGE ( 'NONE', *, *, #5411, .F. ) ;
#3181 = CARTESIAN_POINT ( 'NONE',  ( 0.2499999999999987510, -29.93307237953434097, 4.000000000000000000 ) ) ;
#3182 = ORIENTED_EDGE ( 'NONE', *, *, #134, .T. ) ;
#3183 = ADVANCED_FACE ( 'NONE', ( #1803 ), #997, .F. ) ;
#3184 = ADVANCED_FACE ( 'NONE', ( #2713 ), #3556, .T. ) ;
#3185 = CIRCLE ( 'NONE', #5159, 5.000000000000004441 ) ;
#3186 = ORIENTED_EDGE ( 'NONE', *, *, #901, .F. ) ;
#3187 = LINE ( 'NONE', #716, #491 ) ;
#3188 = AXIS2_PLACEMENT_3D ( 'NONE', #2998, #416, #1259 ) ;
#3189 = CARTESIAN_POINT ( 'NONE',  ( 12.75000000001434408, -12.75000000001738520, 4.000000000000000000 ) ) ;
#3190 = DIRECTION ( 'NONE',  ( 0.8090169943749462300, -0.5877852522924749135, 0.000000000000000000 ) ) ;
#3191 = PRODUCT_DEFINITION_SHAPE ( 'NONE', 'NONE',  #185 ) ;
#3192 = CYLINDRICAL_SURFACE ( 'NONE', #4246, 1.549999999999940314 ) ;
#3193 = VECTOR ( 'NONE', #2477, 1000.000000000000114 ) ;
#3194 = AXIS2_PLACEMENT_3D ( 'NONE', #1764, #2204, #541 ) ;
#3195 = VECTOR ( 'NONE', #2213, 1000.000000000000000 ) ;
#3196 = LINE ( 'NONE', #1087, #2666 ) ;
#3197 = DIRECTION ( 'NONE',  ( -0.000000000000000000, -0.000000000000000000, -1.000000000000000000 ) ) ;
#3198 = CARTESIAN_POINT ( 'NONE',  ( 100.1534080011955723, 65.37003867919739264, 4.000000000000003553 ) ) ;
#3199 = LINE ( 'NONE', #2272, #1849 ) ;
#3200 = LINE ( 'NONE', #778, #5149 ) ;
#3201 = ORIENTED_EDGE ( 'NONE', *, *, #4450, .T. ) ;
#3202 = VERTEX_POINT ( 'NONE', #4363 ) ;
#3203 = CARTESIAN_POINT ( 'NONE',  ( 34.50000000000000711, 3.250000000000000000, 4.000000000000000000 ) ) ;
#3204 = DIRECTION ( 'NONE',  ( -0.000000000000000000, -0.000000000000000000, -1.000000000000000000 ) ) ;
#3205 = EDGE_CURVE ( 'NONE', #3777, #2070, #2241, .T. ) ;
#3206 = VECTOR ( 'NONE', #3043, 1000.000000000000000 ) ;
#3207 = LINE ( 'NONE', #4909, #239 ) ;
#3208 = ORIENTED_EDGE ( 'NONE', *, *, #4599, .T. ) ;
#3209 = DIRECTION ( 'NONE',  ( -0.000000000000000000, -0.000000000000000000, -1.000000000000000000 ) ) ;
#3210 = ORIENTED_EDGE ( 'NONE', *, *, #5102, .F. ) ;
#3211 = CARTESIAN_POINT ( 'NONE',  ( 34.00000000000000711, 3.250000000000000000, 0.000000000000000000 ) ) ;
#3212 = ORIENTED_EDGE ( 'NONE', *, *, #193, .T. ) ;
#3213 = ORIENTED_EDGE ( 'NONE', *, *, #2721, .F. ) ;
#3214 = LINE ( 'NONE', #829, #1025 ) ;
#3215 = CARTESIAN_POINT ( 'NONE',  ( 109.2648146859547040, -90.51014648146913544, 4.000000000000003553 ) ) ;
#3216 = DIRECTION ( 'NONE',  ( -1.000000000000000000, 0.000000000000000000, 0.000000000000000000 ) ) ;
#3217 = EDGE_CURVE ( 'NONE', #2984, #698, #576, .T. ) ;
#3218 = AXIS2_PLACEMENT_3D ( 'NONE', #5416, #1276, #4660 ) ;
#3219 = FACE_OUTER_BOUND ( 'NONE', #339, .T. ) ;
#3220 = DIRECTION ( 'NONE',  ( 0.9876883405951374373, -0.1564344650402327008, 0.000000000000000000 ) ) ;
#3221 = CARTESIAN_POINT ( 'NONE',  ( 86.53862968008381529, 72.52901289595419598, 4.000000000000000000 ) ) ;
#3222 = DIRECTION ( 'NONE',  ( 0.000000000000000000, 0.000000000000000000, 1.000000000000000000 ) ) ;
#3223 = FACE_OUTER_BOUND ( 'NONE', #4279, .T. ) ;
#3224 = CARTESIAN_POINT ( 'NONE',  ( 37.24999999986204813, -1.847912566164685949E-11, 4.000000000000000000 ) ) ;
#3225 = ORIENTED_EDGE ( 'NONE', *, *, #3883, .T. ) ;
#3226 = DIRECTION ( 'NONE',  ( -0.5877852522924750245, 0.8090169943749461190, 0.000000000000000000 ) ) ;
#3227 = ORIENTED_EDGE ( 'NONE', *, *, #5332, .T. ) ;
#3228 = CARTESIAN_POINT ( 'NONE',  ( 37.78499999998125247, -139.4323004018817471, 0.000000000000000000 ) ) ;
#3229 = PRESENTATION_STYLE_ASSIGNMENT (( #2397 ) ) ;
#3230 = CARTESIAN_POINT ( 'NONE',  ( 39.33499999998124963, -129.0823004019084408, 0.000000000000000000 ) ) ;
#3231 = ORIENTED_EDGE ( 'NONE', *, *, #3484, .T. ) ;
#3232 = VECTOR ( 'NONE', #1587, 1000.000000000000000 ) ;
#3233 = ADVANCED_FACE ( 'NONE', ( #5256 ), #2266, .F. ) ;
#3234 = EDGE_CURVE ( 'NONE', #1766, #4577, #3684, .T. ) ;
#3235 = DIRECTION ( 'NONE',  ( 0.000000000000000000, 0.000000000000000000, 1.000000000000000000 ) ) ;
#3236 = ORIENTED_EDGE ( 'NONE', *, *, #386, .T. ) ;
#3237 = ORIENTED_EDGE ( 'NONE', *, *, #5382, .T. ) ;
#3238 = CARTESIAN_POINT ( 'NONE',  ( 34.00000000000000711, -3.250000000000000000, 0.000000000000000000 ) ) ;
#3239 = ORIENTED_EDGE ( 'NONE', *, *, #2338, .T. ) ;
#3240 = ADVANCED_FACE ( 'NONE', ( #1020 ), #970, .F. ) ;
#3241 = AXIS2_PLACEMENT_3D ( 'NONE', #1383, #1855, #3786 ) ;
#3242 = LINE ( 'NONE', #4445, #1556 ) ;
#3243 = DIRECTION ( 'NONE',  ( -1.000000000000000000, 0.000000000000000000, 0.000000000000000000 ) ) ;
#3244 = DIRECTION ( 'NONE',  ( -0.000000000000000000, 0.000000000000000000, -1.000000000000000000 ) ) ;
#3245 = DIRECTION ( 'NONE',  ( 0.8090169943749470072, 0.5877852522924736922, 0.000000000000000000 ) ) ;
#3246 = DIRECTION ( 'NONE',  ( 1.000000000000000000, 2.455601003620118906E-16, -0.000000000000000000 ) ) ;
#3247 = CARTESIAN_POINT ( 'NONE',  ( 152.1149918220218069, -16.10450788531447941, 4.000000000000003553 ) ) ;
#3248 = DIRECTION ( 'NONE',  ( -0.000000000000000000, -0.000000000000000000, -1.000000000000000000 ) ) ;
#3249 = CARTESIAN_POINT ( 'NONE',  ( 16.80000000000632454, 15.24999999998041567, 4.000000000000000000 ) ) ;
#3250 = VERTEX_POINT ( 'NONE', #5199 ) ;
#3251 = EDGE_CURVE ( 'NONE', #3149, #2500, #401, .T. ) ;
#3252 = EDGE_CURVE ( 'NONE', #4128, #1720, #1732, .T. ) ;
#3253 = VECTOR ( 'NONE', #71, 1000.000000000000000 ) ;
#3254 = CARTESIAN_POINT ( 'NONE',  ( 100.1724910732730507, -65.61251210000970957, 4.000000000000003553 ) ) ;
#3255 = ORIENTED_EDGE ( 'NONE', *, *, #1167, .T. ) ;
#3256 = CARTESIAN_POINT ( 'NONE',  ( -5.207459619121355132, -93.74391253325636342, 158.4340709352140379 ) ) ;
#3257 = VERTEX_POINT ( 'NONE', #1362 ) ;
#3258 = CIRCLE ( 'NONE', #2557, 0.5000000000000004441 ) ;
#3259 = LINE ( 'NONE', #253, #4511 ) ;
#3260 = VERTEX_POINT ( 'NONE', #3818 ) ;
#3261 = VECTOR ( 'NONE', #2957, 1000.000000000000114 ) ;
#3262 = CARTESIAN_POINT ( 'NONE',  ( 105.9719280673219259, -82.41211121879997847, 158.4340709352140379 ) ) ;
#3263 = VECTOR ( 'NONE', #3640, 1000.000000000000000 ) ;
#3264 = EDGE_CURVE ( 'NONE', #2570, #261, #3060, .T. ) ;
#3265 = ORIENTED_EDGE ( 'NONE', *, *, #1797, .T. ) ;
#3266 = AXIS2_PLACEMENT_3D ( 'NONE', #1373, #2230, #5133 ) ;
#3267 = AXIS2_PLACEMENT_3D ( 'NONE', #4137, #4221, #407 ) ;
#3268 = CARTESIAN_POINT ( 'NONE',  ( -5.207459619121355132, -93.74391253325636342, 0.000000000000000000 ) ) ;
#3269 = VERTEX_POINT ( 'NONE', #3478 ) ;
#3270 = CARTESIAN_POINT ( 'NONE',  ( 110.2094940032092296, -109.1670495650449340, 158.4340709352140379 ) ) ;
#3271 = CARTESIAN_POINT ( 'NONE',  ( 110.6407552541376731, -72.25671596801565499, 0.000000000000000000 ) ) ;
#3272 = CIRCLE ( 'NONE', #610, 1.550000000000051337 ) ;
#3273 = CIRCLE ( 'NONE', #3986, 1.549999999981177545 ) ;
#3274 = EDGE_CURVE ( 'NONE', #1458, #4727, #3050, .T. ) ;
#3275 = LINE ( 'NONE', #4919, #5395 ) ;
#3276 = DIRECTION ( 'NONE',  ( -0.000000000000000000, -0.000000000000000000, -1.000000000000000000 ) ) ;
#3277 = VECTOR ( 'NONE', #4119, 1000.000000000000000 ) ;
#3278 = VECTOR ( 'NONE', #837, 1000.000000000000000 ) ;
#3279 = ORIENTED_EDGE ( 'NONE', *, *, #3606, .F. ) ;
#3280 = DIRECTION ( 'NONE',  ( 0.5877852522924661427, -0.8090169943749525583, 0.000000000000000000 ) ) ;
#3281 = CARTESIAN_POINT ( 'NONE',  ( 93.59868271453520094, 76.52523603414235254, 4.000000000000003553 ) ) ;
#3282 = AXIS2_PLACEMENT_3D ( 'NONE', #510, #1793, #4797 ) ;
#3283 = VECTOR ( 'NONE', #1160, 1000.000000000000114 ) ;
#3284 = DIRECTION ( 'NONE',  ( 0.000000000000000000, 0.000000000000000000, 1.000000000000000000 ) ) ;
#3285 = VERTEX_POINT ( 'NONE', #5078 ) ;
#3286 = DIRECTION ( 'NONE',  ( 1.000000000000000000, 2.455601003620118906E-16, -0.000000000000000000 ) ) ;
#3287 = DIRECTION ( 'NONE',  ( 1.000000000000000000, 0.000000000000000000, 0.000000000000000000 ) ) ;
#3288 = DIRECTION ( 'NONE',  ( 0.000000000000000000, 0.000000000000000000, -1.000000000000000000 ) ) ;
#3289 = ORIENTED_EDGE ( 'NONE', *, *, #3117, .T. ) ;
#3290 = EDGE_CURVE ( 'NONE', #4217, #4657, #1671, .T. ) ;
#3291 = ADVANCED_FACE ( 'NONE', ( #2951 ), #4331, .F. ) ;
#3292 = FACE_OUTER_BOUND ( 'NONE', #400, .T. ) ;
#3293 = VERTEX_POINT ( 'NONE', #3921 ) ;
#3294 = CARTESIAN_POINT ( 'NONE',  ( 95.33158597491312491, 74.68145017613936432, 4.000000000000003553 ) ) ;
#3295 = ORIENTED_EDGE ( 'NONE', *, *, #3499, .F. ) ;
#3296 = ORIENTED_EDGE ( 'NONE', *, *, #4197, .F. ) ;
#3297 = ORIENTED_EDGE ( 'NONE', *, *, #4025, .T. ) ;
#3298 = DIRECTION ( 'NONE',  ( 0.000000000000000000, 0.000000000000000000, -1.000000000000000000 ) ) ;
#3299 = ORIENTED_EDGE ( 'NONE', *, *, #3682, .F. ) ;
#3300 = DIRECTION ( 'NONE',  ( 0.1564344650402327008, 0.9876883405951374373, 0.000000000000000000 ) ) ;
#3301 = CARTESIAN_POINT ( 'NONE',  ( 34.00000000000000711, -2.750000000000000888, 4.000000000000000000 ) ) ;
#3302 = DIRECTION ( 'NONE',  ( -0.000000000000000000, -0.000000000000000000, -1.000000000000000000 ) ) ;
#3303 = CARTESIAN_POINT ( 'NONE',  ( 11.53884940632647726, 19.58812332654094845, 0.000000000000000000 ) ) ;
#3304 = ORIENTED_EDGE ( 'NONE', *, *, #3696, .F. ) ;
#3305 = ADVANCED_FACE ( 'NONE', ( #97 ), #4917, .F. ) ;
#3306 = EDGE_CURVE ( 'NONE', #5168, #2687, #2703, .T. ) ;
#3307 = DIRECTION ( 'NONE',  ( -0.9876883405951374373, 0.1564344650402327008, 0.000000000000000000 ) ) ;
#3308 = EDGE_LOOP ( 'NONE', ( #1851, #2260, #3380, #3650, #2760, #1683, #5247, #2339, #2323, #5108 ) ) ;
#3309 = CARTESIAN_POINT ( 'NONE',  ( 93.74806042483426438, 91.59724438915462486, 4.000000000000003553 ) ) ;
#3310 = AXIS2_PLACEMENT_3D ( 'NONE', #5115, #4165, #3391 ) ;
#3311 = DIRECTION ( 'NONE',  ( -1.000000000000000000, 0.000000000000000000, 0.000000000000000000 ) ) ;
#3312 = ORIENTED_EDGE ( 'NONE', *, *, #1926, .F. ) ;
#3313 = DIRECTION ( 'NONE',  ( -0.000000000000000000, -0.000000000000000000, -1.000000000000000000 ) ) ;
#3314 = CYLINDRICAL_SURFACE ( 'NONE', #2399, 1.549999999840900866 ) ;
#3315 = LINE ( 'NONE', #5016, #2201 ) ;
#3316 = EDGE_LOOP ( 'NONE', ( #3849, #2588, #2426, #3324 ) ) ;
#3317 = LINE ( 'NONE', #4153, #5053 ) ;
#3318 = ORIENTED_EDGE ( 'NONE', *, *, #2031, .F. ) ;
#3319 = ORIENTED_EDGE ( 'NONE', *, *, #3561, .F. ) ;
#3320 = EDGE_CURVE ( 'NONE', #879, #24, #1882, .T. ) ;
#3321 = DIRECTION ( 'NONE',  ( -0.000000000000000000, -0.000000000000000000, -1.000000000000000000 ) ) ;
#3322 = DIRECTION ( 'NONE',  ( 0.4581383445028986978, 0.8888809016376397754, -0.000000000000000000 ) ) ;
#3323 = ORIENTED_EDGE ( 'NONE', *, *, #2136, .T. ) ;
#3324 = ORIENTED_EDGE ( 'NONE', *, *, #1257, .T. ) ;
#3325 = ORIENTED_EDGE ( 'NONE', *, *, #3922, .T. ) ;
#3326 = EDGE_LOOP ( 'NONE', ( #506, #547, #669, #3736 ) ) ;
#3327 = EDGE_CURVE ( 'NONE', #4684, #2550, #3688, .T. ) ;
#3328 = EDGE_CURVE ( 'NONE', #5436, #222, #3581, .T. ) ;
#3329 = DIRECTION ( 'NONE',  ( 0.000000000000000000, 0.000000000000000000, 1.000000000000000000 ) ) ;
#3330 = CARTESIAN_POINT ( 'NONE',  ( 152.1149918220218069, -16.10450788531447941, 0.000000000000000000 ) ) ;
#3331 = DIRECTION ( 'NONE',  ( -1.000000000000000000, 0.000000000000000000, 0.000000000000000000 ) ) ;
#3332 = ORIENTED_EDGE ( 'NONE', *, *, #4512, .T. ) ;
#3333 = CARTESIAN_POINT ( 'NONE',  ( 43.31346386263425075, -143.5816767259325957, 0.000000000000000000 ) ) ;
#3334 = ORIENTED_EDGE ( 'NONE', *, *, #1033, .F. ) ;
#3335 = CARTESIAN_POINT ( 'NONE',  ( 45.59422145508988677, -32.00000000002795986, 0.000000000000000000 ) ) ;
#3336 = FACE_OUTER_BOUND ( 'NONE', #3990, .T. ) ;
#3337 = CARTESIAN_POINT ( 'NONE',  ( 47.82832623904524638, -136.4682709085148815, 5.551115123125782702E-14 ) ) ;
#3338 = ADVANCED_FACE ( 'NONE', ( #4940 ), #4001, .F. ) ;
#3339 = ORIENTED_EDGE ( 'NONE', *, *, #3939, .F. ) ;
#3340 = DIRECTION ( 'NONE',  ( -1.000000000000000000, 0.000000000000000000, 0.000000000000000000 ) ) ;
#3341 = CARTESIAN_POINT ( 'NONE',  ( 1.552276375145867094E-11, 86.59724438915463907, 0.000000000000000000 ) ) ;
#3342 = CARTESIAN_POINT ( 'NONE',  ( 104.7999576923953953, 57.82936333190217937, 0.000000000000000000 ) ) ;
#3343 = VERTEX_POINT ( 'NONE', #3604 ) ;
#3344 = CARTESIAN_POINT ( 'NONE',  ( 56.83282050725286183, 48.39885195560857056, 0.000000000000000000 ) ) ;
#3345 = ADVANCED_FACE ( 'NONE', ( #2797 ), #5278, .F. ) ;
#3346 = ORIENTED_EDGE ( 'NONE', *, *, #4053, .T. ) ;
#3347 = AXIS2_PLACEMENT_3D ( 'NONE', #640, #4869, #4092 ) ;
#3348 = ORIENTED_EDGE ( 'NONE', *, *, #1116, .T. ) ;
#3349 = FACE_OUTER_BOUND ( 'NONE', #3495, .T. ) ;
#3350 = CARTESIAN_POINT ( 'NONE',  ( 74.12024202303582854, -46.74411714516924121, 4.000000000000000000 ) ) ;
#3351 = VECTOR ( 'NONE', #5384, 1000.000000000000000 ) ;
#3352 = ORIENTED_EDGE ( 'NONE', *, *, #1839, .T. ) ;
#3353 = EDGE_LOOP ( 'NONE', ( #2881, #2207, #2205, #3519 ) ) ;
#3354 = VERTEX_POINT ( 'NONE', #683 ) ;
#3355 = AXIS2_PLACEMENT_3D ( 'NONE', #3434, #4270, #4739 ) ;
#3356 = VECTOR ( 'NONE', #1750, 1000.000000000000227 ) ;
#3357 = DIRECTION ( 'NONE',  ( -0.000000000000000000, -0.000000000000000000, -1.000000000000000000 ) ) ;
#3358 = DIRECTION ( 'NONE',  ( -0.000000000000000000, -0.000000000000000000, -1.000000000000000000 ) ) ;
#3359 = VECTOR ( 'NONE', #1154, 1000.000000000000000 ) ;
#3360 = CARTESIAN_POINT ( 'NONE',  ( 101.7034080011955837, -65.37003867919737843, 158.4340709352140379 ) ) ;
#3361 = EDGE_CURVE ( 'NONE', #4523, #2731, #3187, .T. ) ;
#3362 = EDGE_LOOP ( 'NONE', ( #1533, #5504, #84, #447 ) ) ;
#3363 = ADVANCED_FACE ( 'NONE', ( #266 ), #5383, .F. ) ;
#3364 = CARTESIAN_POINT ( 'NONE',  ( 12.75000000001435652, 12.74999999998042810, 4.000000000000000000 ) ) ;
#3365 = VECTOR ( 'NONE', #2925, 1000.000000000000114 ) ;
#3366 = EDGE_LOOP ( 'NONE', ( #3339, #2677, #513, #705 ) ) ;
#3367 = VECTOR ( 'NONE', #902, 1000.000000000000000 ) ;
#3368 = CARTESIAN_POINT ( 'NONE',  ( 11.53884940632647549, -19.58812332654094845, 0.000000000000000000 ) ) ;
#3369 = FACE_OUTER_BOUND ( 'NONE', #2401, .T. ) ;
#3370 = VECTOR ( 'NONE', #3845, 1000.000000000000227 ) ;
#3371 = CARTESIAN_POINT ( 'NONE',  ( 110.2094940032092296, -109.1670495650449340, 4.000000000000003553 ) ) ;
#3372 = ORIENTED_EDGE ( 'NONE', *, *, #945, .T. ) ;
#3373 = DIRECTION ( 'NONE',  ( -0.8463284046179476716, 0.5326614605327096852, 0.000000000000000000 ) ) ;
#3374 = CARTESIAN_POINT ( 'NONE',  ( 102.0790222137140404, -94.92893429417041773, 158.4340709352140379 ) ) ;
#3375 = CIRCLE ( 'NONE', #3904, 1.550000000000023581 ) ;
#3376 = FACE_OUTER_BOUND ( 'NONE', #1352, .T. ) ;
#3377 = CIRCLE ( 'NONE', #3551, 3.374999999999905853 ) ;
#3378 = ORIENTED_EDGE ( 'NONE', *, *, #726, .T. ) ;
#3379 = CARTESIAN_POINT ( 'NONE',  ( 37.94418505388147622, -139.9812849866596878, 4.000000000000003553 ) ) ;
#3380 = ORIENTED_EDGE ( 'NONE', *, *, #2877, .F. ) ;
#3381 = AXIS2_PLACEMENT_3D ( 'NONE', #795, #5023, #3216 ) ;
#3382 = AXIS2_PLACEMENT_3D ( 'NONE', #3887, #3476, #2183 ) ;
#3383 = ORIENTED_EDGE ( 'NONE', *, *, #1709, .T. ) ;
#3384 = CARTESIAN_POINT ( 'NONE',  ( 8.925000000022373925, 9.999999999980474286, 0.000000000000000000 ) ) ;
#3385 = EDGE_CURVE ( 'NONE', #3069, #1458, #3242, .T. ) ;
#3386 = CARTESIAN_POINT ( 'NONE',  ( 106.6036440353377230, -75.00000000000000000, 0.000000000000000000 ) ) ;
#3387 = VECTOR ( 'NONE', #2395, 1000.000000000000000 ) ;
#3388 = VERTEX_POINT ( 'NONE', #3153 ) ;
#3389 = ORIENTED_EDGE ( 'NONE', *, *, #623, .T. ) ;
#3390 = ORIENTED_EDGE ( 'NONE', *, *, #966, .F. ) ;
#3391 = DIRECTION ( 'NONE',  ( -1.000000000000000000, 0.000000000000000000, 0.000000000000000000 ) ) ;
#3392 = CARTESIAN_POINT ( 'NONE',  ( 0.2499999999999861222, 21.56440012393390049, 0.000000000000000000 ) ) ;
#3393 = DIRECTION ( 'NONE',  ( -0.000000000000000000, -0.000000000000000000, -1.000000000000000000 ) ) ;
#3394 = VERTEX_POINT ( 'NONE', #2823 ) ;
#3395 = DIRECTION ( 'NONE',  ( -0.8090169943749466741, 0.5877852522924742473, 0.000000000000000000 ) ) ;
#3396 = ORIENTED_EDGE ( 'NONE', *, *, #2366, .F. ) ;
#3397 = DIRECTION ( 'NONE',  ( 1.000000000000000000, 0.000000000000000000, 0.000000000000000000 ) ) ;
#3398 = EDGE_CURVE ( 'NONE', #665, #4580, #1819, .T. ) ;
#3399 = LINE ( 'NONE', #2970, #4884 ) ;
#3400 = DIRECTION ( 'NONE',  ( 0.000000000000000000, 0.000000000000000000, -1.000000000000000000 ) ) ;
#3401 = ORIENTED_EDGE ( 'NONE', *, *, #2470, .T. ) ;
#3402 = FACE_BOUND ( 'NONE', #4987, .T. ) ;
#3403 = CARTESIAN_POINT ( 'NONE',  ( -16.05704015144976182, -40.51200993603342226, 4.000000000000000000 ) ) ;
#3404 = DIRECTION ( 'NONE',  ( -0.8090169943749461190, 0.5877852522924750245, 0.000000000000000000 ) ) ;
#3405 = ORIENTED_EDGE ( 'NONE', *, *, #2232, .T. ) ;
#3406 = EDGE_LOOP ( 'NONE', ( #199, #4795, #2982, #3521 ) ) ;
#3407 = DIRECTION ( 'NONE',  ( -0.000000000000000000, 0.000000000000000000, 1.000000000000000000 ) ) ;
#3408 = DIRECTION ( 'NONE',  ( 1.000000000000000000, 0.000000000000000000, 0.000000000000000000 ) ) ;
#3409 = ORIENTED_EDGE ( 'NONE', *, *, #2762, .T. ) ;
#3410 = ORIENTED_EDGE ( 'NONE', *, *, #4923, .F. ) ;
#3411 = ORIENTED_EDGE ( 'NONE', *, *, #643, .F. ) ;
#3412 = EDGE_CURVE ( 'NONE', #4654, #4737, #4110, .T. ) ;
#3413 = ORIENTED_EDGE ( 'NONE', *, *, #3158, .F. ) ;
#3414 = EDGE_CURVE ( 'NONE', #2731, #2792, #2772, .T. ) ;
#3415 = DIRECTION ( 'NONE',  ( 0.000000000000000000, 0.000000000000000000, 1.000000000000000000 ) ) ;
#3416 = CARTESIAN_POINT ( 'NONE',  ( 93.74806042483426438, 91.59724438915462486, 0.000000000000000000 ) ) ;
#3417 = AXIS2_PLACEMENT_3D ( 'NONE', #420, #2689, #3501 ) ;
#3418 = DIRECTION ( 'NONE',  ( -1.000000000000000000, 0.000000000000000000, 0.000000000000000000 ) ) ;
#3419 = ORIENTED_EDGE ( 'NONE', *, *, #4096, .F. ) ;
#3420 = DIRECTION ( 'NONE',  ( -1.000000000000000000, 0.000000000000000000, 0.000000000000000000 ) ) ;
#3421 = ADVANCED_FACE ( 'NONE', ( #1571 ), #3662, .T. ) ;
#3422 = ORIENTED_EDGE ( 'NONE', *, *, #1340, .T. ) ;
#3423 = CYLINDRICAL_SURFACE ( 'NONE', #4408, 1.549999999840900866 ) ;
#3424 = DIRECTION ( 'NONE',  ( -1.000000000000000000, 0.000000000000000000, 0.000000000000000000 ) ) ;
#3425 = CARTESIAN_POINT ( 'NONE',  ( 104.4410111393994356, -82.65458463961232383, 158.4340709352140379 ) ) ;
#3426 = DIRECTION ( 'NONE',  ( -1.000000000000000000, 0.000000000000000000, 0.000000000000000000 ) ) ;
#3427 = LINE ( 'NONE', #2118, #1235 ) ;
#3428 = VECTOR ( 'NONE', #1187, 1000.000000000000000 ) ;
#3429 = DIRECTION ( 'NONE',  ( 0.000000000000000000, 0.000000000000000000, -1.000000000000000000 ) ) ;
#3430 = EDGE_CURVE ( 'NONE', #3015, #1977, #4133, .T. ) ;
#3431 = ORIENTED_EDGE ( 'NONE', *, *, #1726, .F. ) ;
#3432 = ADVANCED_FACE ( 'NONE', ( #4468 ), #658, .F. ) ;
#3433 = EDGE_LOOP ( 'NONE', ( #3957, #2428, #5132, #1018 ) ) ;
#3434 = CARTESIAN_POINT ( 'NONE',  ( 105.2197297140799463, -87.57122022000679351, 4.000000000000003553 ) ) ;
#3435 = CARTESIAN_POINT ( 'NONE',  ( 118.9725066435522791, 68.92079663715924198, 4.000000000000003553 ) ) ;
#3436 = ORIENTED_EDGE ( 'NONE', *, *, #2338, .F. ) ;
#3437 = ORIENTED_EDGE ( 'NONE', *, *, #3741, .T. ) ;
#3438 = ORIENTED_EDGE ( 'NONE', *, *, #4924, .F. ) ;
#3439 = CARTESIAN_POINT ( 'NONE',  ( 103.2229631415573721, -84.87243474161496692, 4.000000000000003553 ) ) ;
#3440 = AXIS2_PLACEMENT_3D ( 'NONE', #5178, #3970, #147 ) ;
#3441 = EDGE_CURVE ( 'NONE', #4628, #23, #3214, .T. ) ;
#3442 = DIRECTION ( 'NONE',  ( 0.000000000000000000, 0.000000000000000000, -1.000000000000000000 ) ) ;
#3443 = ORIENTED_EDGE ( 'NONE', *, *, #5170, .F. ) ;
#3444 = FACE_BOUND ( 'NONE', #5083, .T. ) ;
#3445 = ORIENTED_EDGE ( 'NONE', *, *, #4838, .F. ) ;
#3446 = CYLINDRICAL_SURFACE ( 'NONE', #135, 1.074999999991981703 ) ;
#3447 = CIRCLE ( 'NONE', #3355, 5.000000000000004441 ) ;
#3448 = CARTESIAN_POINT ( 'NONE',  ( 36.12726560431075740, -127.6472896882945349, 4.000000000000003553 ) ) ;
#3449 = VECTOR ( 'NONE', #3585, 1000.000000000000114 ) ;
#3450 = EDGE_CURVE ( 'NONE', #1177, #4979, #8, .T. ) ;
#3451 = CYLINDRICAL_SURFACE ( 'NONE', #871, 1.074999999991986810 ) ;
#3452 = DIRECTION ( 'NONE',  ( -0.000000000000000000, -0.000000000000000000, -1.000000000000000000 ) ) ;
#3453 = AXIS2_PLACEMENT_3D ( 'NONE', #2700, #588, #218 ) ;
#3454 = DIRECTION ( 'NONE',  ( -0.000000000000000000, -0.000000000000000000, -1.000000000000000000 ) ) ;
#3455 = CARTESIAN_POINT ( 'NONE',  ( 110.8832286749500327, -73.78763289593814534, 4.000000000000003553 ) ) ;
#3456 = AXIS2_PLACEMENT_3D ( 'NONE', #453, #3486, #843 ) ;
#3457 = VECTOR ( 'NONE', #4062, 1000.000000000000000 ) ;
#3458 = CARTESIAN_POINT ( 'NONE',  ( 104.7538800694801466, 84.62996132080253631, 4.000000000000003553 ) ) ;
#3459 = ORIENTED_EDGE ( 'NONE', *, *, #3274, .T. ) ;
#3460 = AXIS2_PLACEMENT_3D ( 'NONE', #4240, #373, #4656 ) ;
#3461 = AXIS2_PLACEMENT_3D ( 'NONE', #2591, #5101, #838 ) ;
#3462 = ORIENTED_EDGE ( 'NONE', *, *, #1635, .T. ) ;
#3463 = DIRECTION ( 'NONE',  ( -0.000000000000000000, 0.000000000000000000, 1.000000000000000000 ) ) ;
#3464 = EDGE_CURVE ( 'NONE', #1181, #4217, #2443, .T. ) ;
#3465 = DIRECTION ( 'NONE',  ( 0.000000000000000000, 0.000000000000000000, -1.000000000000000000 ) ) ;
#3466 = ADVANCED_FACE ( 'NONE', ( #4219 ), #3835, .F. ) ;
#3467 = VECTOR ( 'NONE', #301, 1000.000000000000114 ) ;
#3468 = AXIS2_PLACEMENT_3D ( 'NONE', #4508, #196, #4431 ) ;
#3469 = VERTEX_POINT ( 'NONE', #853 ) ;
#3470 = AXIS2_PLACEMENT_3D ( 'NONE', #3364, #2105, #3839 ) ;
#3471 = ORIENTED_EDGE ( 'NONE', *, *, #884, .F. ) ;
#3472 = ORIENTED_EDGE ( 'NONE', *, *, #2032, .T. ) ;
#3473 = CARTESIAN_POINT ( 'NONE',  ( 65.96799079163287161, -121.8060792254093911, 0.000000000000000000 ) ) ;
#3474 = CARTESIAN_POINT ( 'NONE',  ( 113.1010787769527326, -75.00568089378015202, 158.4340709352140379 ) ) ;
#3475 = EDGE_LOOP ( 'NONE', ( #951, #4933, #908, #2627 ) ) ;
#3476 = DIRECTION ( 'NONE',  ( -0.000000000000000000, 0.000000000000000000, 1.000000000000000000 ) ) ;
#3477 = EDGE_LOOP ( 'NONE', ( #96, #4317, #2905, #4936 ) ) ;
#3478 = CARTESIAN_POINT ( 'NONE',  ( 31.00000000000000711, 3.250000000000000000, 0.000000000000000000 ) ) ;
#3479 = CARTESIAN_POINT ( 'NONE',  ( 92.85512033164194179, -60.35580299337679122, 0.000000000000000000 ) ) ;
#3480 = CARTESIAN_POINT ( 'NONE',  ( 36.79113011703005043, -145.3627739314572409, 0.000000000000000000 ) ) ;
#3481 = CARTESIAN_POINT ( 'NONE',  ( 37.94418505388147622, -139.9812849866596878, 158.4340709352140379 ) ) ;
#3482 = DIRECTION ( 'NONE',  ( -0.9876883405951354389, -0.1564344650402451631, 0.000000000000000000 ) ) ;
#3483 = EDGE_CURVE ( 'NONE', #5187, #2981, #757, .T. ) ;
#3484 = EDGE_CURVE ( 'NONE', #1205, #413, #3660, .T. ) ;
#3485 = CARTESIAN_POINT ( 'NONE',  ( 34.00000000000000711, 3.250000000000000000, 4.000000000000000000 ) ) ;
#3486 = DIRECTION ( 'NONE',  ( -0.000000000000000000, -0.000000000000000000, -1.000000000000000000 ) ) ;
#3487 = DIRECTION ( 'NONE',  ( 1.000000000000000000, 0.000000000000000000, 0.000000000000000000 ) ) ;
#3488 = ORIENTED_EDGE ( 'NONE', *, *, #753, .F. ) ;
#3489 = ORIENTED_EDGE ( 'NONE', *, *, #2680, .F. ) ;
#3490 = PLANE ( 'NONE',  #2642 ) ;
#3491 = LINE ( 'NONE', #1350, #1777 ) ;
#3492 = ORIENTED_EDGE ( 'NONE', *, *, #831, .F. ) ;
#3493 = EDGE_LOOP ( 'NONE', ( #4040, #5090, #5422, #5119 ) ) ;
#3494 = CARTESIAN_POINT ( 'NONE',  ( 86.09558993027845020, -69.65949842868853636, 4.000000000000000000 ) ) ;
#3495 = EDGE_LOOP ( 'NONE', ( #3471, #1290, #3436, #2912 ) ) ;
#3496 = FACE_BOUND ( 'NONE', #481, .T. ) ;
#3497 = VERTEX_POINT ( 'NONE', #2878 ) ;
#3498 = EDGE_CURVE ( 'NONE', #3149, #5112, #1604, .T. ) ;
#3499 = EDGE_CURVE ( 'NONE', #24, #4122, #4573, .T. ) ;
#3500 = ORIENTED_EDGE ( 'NONE', *, *, #4565, .T. ) ;
#3501 = DIRECTION ( 'NONE',  ( 0.1564344650402327008, 0.9876883405951374373, 0.000000000000000000 ) ) ;
#3502 = DIRECTION ( 'NONE',  ( -0.000000000000000000, -0.000000000000000000, -1.000000000000000000 ) ) ;
#3503 = FACE_OUTER_BOUND ( 'NONE', #4059, .T. ) ;
#3504 = CARTESIAN_POINT ( 'NONE',  ( 11.67500000003314931, -12.75000000001738520, 4.000000000000000000 ) ) ;
#3505 = CARTESIAN_POINT ( 'NONE',  ( 13.77609861498593347, -22.92434429574828769, 4.000000000000000000 ) ) ;
#3506 = DIRECTION ( 'NONE',  ( -1.000000000000000000, 0.000000000000000000, 0.000000000000000000 ) ) ;
#3507 = DIRECTION ( 'NONE',  ( 0.000000000000000000, 0.000000000000000000, 1.000000000000000000 ) ) ;
#3508 = EDGE_CURVE ( 'NONE', #1216, #2597, #1439, .T. ) ;
#3509 = DIRECTION ( 'NONE',  ( -0.000000000000000000, -0.000000000000000000, -1.000000000000000000 ) ) ;
#3510 = ORIENTED_EDGE ( 'NONE', *, *, #520, .F. ) ;
#3511 = AXIS2_PLACEMENT_3D ( 'NONE', #1464, #4491, #1934 ) ;
#3512 = ORIENTED_EDGE ( 'NONE', *, *, #2454, .F. ) ;
#3513 = DIRECTION ( 'NONE',  ( 1.000000000000000000, 0.000000000000000000, 0.000000000000000000 ) ) ;
#3514 = CARTESIAN_POINT ( 'NONE',  ( 53.39500064766649956, 31.68634788275006997, 4.000000000000000000 ) ) ;
#3515 = EDGE_CURVE ( 'NONE', #3071, #3808, #1880, .T. ) ;
#3516 = EDGE_LOOP ( 'NONE', ( #4189, #1171, #4297, #5095 ) ) ;
#3517 = EDGE_LOOP ( 'NONE', ( #4441, #388, #5208, #4992 ) ) ;
#3518 = CARTESIAN_POINT ( 'NONE',  ( 101.7034080011956263, 65.37003867919739264, 4.000000000000003553 ) ) ;
#3519 = ORIENTED_EDGE ( 'NONE', *, *, #4432, .T. ) ;
#3520 = DIRECTION ( 'NONE',  ( 0.000000000000000000, 0.000000000000000000, 1.000000000000000000 ) ) ;
#3521 = ORIENTED_EDGE ( 'NONE', *, *, #3927, .F. ) ;
#3522 = VERTEX_POINT ( 'NONE', #2433 ) ;
#3523 = DIRECTION ( 'NONE',  ( -0.000000000000000000, 0.000000000000000000, 1.000000000000000000 ) ) ;
#3524 = CARTESIAN_POINT ( 'NONE',  ( 99.85364403533773725, -75.00000000000000000, 158.4340709352140379 ) ) ;
#3525 = DIRECTION ( 'NONE',  ( 0.000000000000000000, 0.000000000000000000, 1.000000000000000000 ) ) ;
#3526 = EDGE_CURVE ( 'NONE', #1894, #4659, #4134, .T. ) ;
#3527 = ADVANCED_FACE ( 'NONE', ( #5060 ), #1717, .F. ) ;
#3528 = VECTOR ( 'NONE', #4091, 1000.000000000000000 ) ;
#3529 = DIRECTION ( 'NONE',  ( -1.000000000000000000, 0.000000000000000000, 0.000000000000000000 ) ) ;
#3530 = CYLINDRICAL_SURFACE ( 'NONE', #1504, 1.549999999981177545 ) ;
#3531 = AXIS2_PLACEMENT_3D ( 'NONE', #2933, #1649, #1206 ) ;
#3532 = AXIS2_PLACEMENT_3D ( 'NONE', #1024, #942, #3028 ) ;
#3533 = DIRECTION ( 'NONE',  ( 0.000000000000000000, 1.000000000000000000, 0.000000000000000000 ) ) ;
#3534 = ORIENTED_EDGE ( 'NONE', *, *, #1624, .T. ) ;
#3535 = CARTESIAN_POINT ( 'NONE',  ( 110.6407552541376731, -72.25671596801565499, 4.000000000000003553 ) ) ;
#3536 = CIRCLE ( 'NONE', #5402, 5.000000000000004441 ) ;
#3537 = AXIS2_PLACEMENT_3D ( 'NONE', #3379, #4211, #22 ) ;
#3538 = LINE ( 'NONE', #4371, #3812 ) ;
#3539 = ORIENTED_EDGE ( 'NONE', *, *, #3739, .T. ) ;
#3540 = ORIENTED_EDGE ( 'NONE', *, *, #898, .T. ) ;
#3541 = VECTOR ( 'NONE', #1832, 1000.000000000000000 ) ;
#3542 = DIRECTION ( 'NONE',  ( -0.000000000000000000, -0.000000000000000000, -1.000000000000000000 ) ) ;
#3543 = FACE_OUTER_BOUND ( 'NONE', #1960, .T. ) ;
#3544 = ORIENTED_EDGE ( 'NONE', *, *, #4309, .T. ) ;
#3545 = AXIS2_PLACEMENT_3D ( 'NONE', #2220, #3525, #604 ) ;
#3546 = AXIS2_PLACEMENT_3D ( 'NONE', #3157, #977, #2641 ) ;
#3547 = VERTEX_POINT ( 'NONE', #2853 ) ;
#3548 = EDGE_CURVE ( 'NONE', #4224, #4382, #2049, .T. ) ;
#3549 = DIRECTION ( 'NONE',  ( -0.000000000000000000, -0.000000000000000000, -1.000000000000000000 ) ) ;
#3550 =( GEOMETRIC_REPRESENTATION_CONTEXT ( 3 ) GLOBAL_UNCERTAINTY_ASSIGNED_CONTEXT ( ( #3566 ) ) GLOBAL_UNIT_ASSIGNED_CONTEXT ( ( #1896, #1120, #4957 ) ) REPRESENTATION_CONTEXT ( 'NONE', 'WORKASPACE' ) );
#3551 = AXIS2_PLACEMENT_3D ( 'NONE', #2376, #1963, #2740 ) ;
#3552 = ORIENTED_EDGE ( 'NONE', *, *, #30, .T. ) ;
#3553 = FACE_BOUND ( 'NONE', #4272, .T. ) ;
#3554 = ORIENTED_EDGE ( 'NONE', *, *, #983, .F. ) ;
#3555 = ORIENTED_EDGE ( 'NONE', *, *, #4735, .T. ) ;
#3556 = PLANE ( 'NONE',  #3417 ) ;
#3557 = FACE_OUTER_BOUND ( 'NONE', #7, .T. ) ;
#3558 = CARTESIAN_POINT ( 'NONE',  ( 31.68982040616581841, -149.6465208211107552, 4.000000000000003553 ) ) ;
#3559 = DIRECTION ( 'NONE',  ( -0.000000000000000000, -0.000000000000000000, -1.000000000000000000 ) ) ;
#3560 = DIRECTION ( 'NONE',  ( -0.000000000000000000, -0.000000000000000000, -1.000000000000000000 ) ) ;
#3561 = EDGE_CURVE ( 'NONE', #1873, #3257, #764, .T. ) ;
#3562 = DIRECTION ( 'NONE',  ( 0.000000000000000000, 0.000000000000000000, 1.000000000000000000 ) ) ;
#3563 = CARTESIAN_POINT ( 'NONE',  ( 39.33499999998124963, -139.4323004018817471, 4.000000000000003553 ) ) ;
#3564 = DIRECTION ( 'NONE',  ( -0.000000000000000000, -0.000000000000000000, -1.000000000000000000 ) ) ;
#3565 = ORIENTED_EDGE ( 'NONE', *, *, #2418, .F. ) ;
#3566 = UNCERTAINTY_MEASURE_WITH_UNIT (LENGTH_MEASURE( 1.000000000000000082E-05 ), #1896, 'distance_accuracy_value', 'NONE');
#3567 = EDGE_CURVE ( 'NONE', #131, #1845, #1003, .T. ) ;
#3568 = EDGE_CURVE ( 'NONE', #4019, #5186, #4732, .T. ) ;
#3569 = EDGE_LOOP ( 'NONE', ( #5352, #789, #2178, #1686 ) ) ;
#3570 = CARTESIAN_POINT ( 'NONE',  ( 10.00000000001434408, -10.00000000001742606, 0.000000000000000000 ) ) ;
#3571 = DIRECTION ( 'NONE',  ( 0.000000000000000000, 0.000000000000000000, -1.000000000000000000 ) ) ;
#3572 = DIRECTION ( 'NONE',  ( 0.8090169943749467851, -0.5877852522924741363, 0.000000000000000000 ) ) ;
#3573 = ORIENTED_EDGE ( 'NONE', *, *, #5470, .T. ) ;
#3574 = VERTEX_POINT ( 'NONE', #351 ) ;
#3575 = CARTESIAN_POINT ( 'NONE',  ( 33.43610365449291066, 84.48473150207733795, 0.000000000000000000 ) ) ;
#3576 = EDGE_CURVE ( 'NONE', #937, #1835, #1534, .T. ) ;
#3577 = VERTEX_POINT ( 'NONE', #4606 ) ;
#3578 = CARTESIAN_POINT ( 'NONE',  ( 30.50000000000000711, 2.750000000000003553, 0.000000000000000000 ) ) ;
#3579 = ORIENTED_EDGE ( 'NONE', *, *, #1678, .T. ) ;
#3580 = ORIENTED_EDGE ( 'NONE', *, *, #4838, .T. ) ;
#3581 = LINE ( 'NONE', #206, #5121 ) ;
#3582 = CARTESIAN_POINT ( 'NONE',  ( 60.22456134274527528, -43.75570504588107923, 0.000000000000000000 ) ) ;
#3583 = DIRECTION ( 'NONE',  ( -1.000000000000000000, 0.000000000000000000, 0.000000000000000000 ) ) ;
#3584 = ADVANCED_FACE ( 'NONE', ( #2547 ), #4249, .T. ) ;
#3585 = DIRECTION ( 'NONE',  ( 0.8090169943749461190, 0.5877852522924750245, -0.000000000000000000 ) ) ;
#3586 = CARTESIAN_POINT ( 'NONE',  ( 42.49422145540807350, 31.99999999999100098, 0.000000000000000000 ) ) ;
#3587 = LINE ( 'NONE', #1996, #1396 ) ;
#3588 = LINE ( 'NONE', #1472, #2011 ) ;
#3589 = CARTESIAN_POINT ( 'NONE',  ( 102.8910111393994100, -82.65458463961232383, 158.4340709352140379 ) ) ;
#3590 = DIRECTION ( 'NONE',  ( -1.000000000000000000, 1.069681019934084629E-15, 0.000000000000000000 ) ) ;
#3591 = VERTEX_POINT ( 'NONE', #3439 ) ;
#3592 = VERTEX_POINT ( 'NONE', #5141 ) ;
#3593 = DIRECTION ( 'NONE',  ( -1.000000000000000000, 0.000000000000000000, 0.000000000000000000 ) ) ;
#3594 = CYLINDRICAL_SURFACE ( 'NONE', #4088, 1.550000000000065103 ) ;
#3595 = EDGE_CURVE ( 'NONE', #361, #879, #3039, .T. ) ;
#3596 = EDGE_CURVE ( 'NONE', #883, #1898, #2238, .T. ) ;
#3597 = DIRECTION ( 'NONE',  ( 0.000000000000000000, 0.000000000000000000, -1.000000000000000000 ) ) ;
#3598 = ORIENTED_EDGE ( 'NONE', *, *, #4461, .T. ) ;
#3599 = CARTESIAN_POINT ( 'NONE',  ( 33.50000000000000711, -3.250000000000000000, 0.000000000000000000 ) ) ;
#3600 = ORIENTED_EDGE ( 'NONE', *, *, #4142, .T. ) ;
#3601 = DIRECTION ( 'NONE',  ( -0.000000000000000000, -0.000000000000000000, -1.000000000000000000 ) ) ;
#3602 = ORIENTED_EDGE ( 'NONE', *, *, #4155, .F. ) ;
#3603 = ORIENTED_EDGE ( 'NONE', *, *, #4633, .T. ) ;
#3604 = CARTESIAN_POINT ( 'NONE',  ( 93.84115613534750366, -78.05615296206481446, 0.000000000000000000 ) ) ;
#3605 = VECTOR ( 'NONE', #5182, 1000.000000000000000 ) ;
#3606 = EDGE_CURVE ( 'NONE', #493, #2768, #1275, .T. ) ;
#3607 = DIRECTION ( 'NONE',  ( 0.000000000000000000, 0.000000000000000000, 1.000000000000000000 ) ) ;
#3608 = CARTESIAN_POINT ( 'NONE',  ( 31.68982040616581841, -149.6465208211107552, 158.4340709352140379 ) ) ;
#3609 = LINE ( 'NONE', #2799, #1925 ) ;
#3610 = AXIS2_PLACEMENT_3D ( 'NONE', #3128, #3663, #4029 ) ;
#3611 = DIRECTION ( 'NONE',  ( -1.000000000000000000, 0.000000000000000000, 0.000000000000000000 ) ) ;
#3612 = EDGE_CURVE ( 'NONE', #903, #254, #5100, .T. ) ;
#3613 = CARTESIAN_POINT ( 'NONE',  ( 86.75928515652591955, -73.84990516869075350, 0.000000000000000000 ) ) ;
#3614 = CARTESIAN_POINT ( 'NONE',  ( 34.00000000000000711, -3.250000000000000000, 0.000000000000000000 ) ) ;
#3615 = AXIS2_PLACEMENT_3D ( 'NONE', #1250, #378, #2854 ) ;
#3616 = FACE_OUTER_BOUND ( 'NONE', #4355, .T. ) ;
#3617 = VERTEX_POINT ( 'NONE', #1330 ) ;
#3618 = AXIS2_PLACEMENT_3D ( 'NONE', #920, #4336, #2614 ) ;
#3619 = DIRECTION ( 'NONE',  ( -0.000000000000000000, -0.000000000000000000, -1.000000000000000000 ) ) ;
#3620 = DIRECTION ( 'NONE',  ( -1.000000000000000000, 0.000000000000000000, 0.000000000000000000 ) ) ;
#3621 = SURFACE_SIDE_STYLE ('',( #1036 ) ) ;
#3622 = AXIS2_PLACEMENT_3D ( 'NONE', #2, #3463, #2678 ) ;
#3623 = CARTESIAN_POINT ( 'NONE',  ( 107.1476601473644337, -109.6519964066688715, 0.000000000000000000 ) ) ;
#3624 = EDGE_LOOP ( 'NONE', ( #508, #671, #2688, #5302 ) ) ;
#3625 = CIRCLE ( 'NONE', #5314, 1.549999999840907750 ) ;
#3626 = CIRCLE ( 'NONE', #2734, 2.749999999941660001 ) ;
#3627 = EDGE_CURVE ( 'NONE', #4437, #2362, #2412, .T. ) ;
#3628 = LINE ( 'NONE', #592, #4952 ) ;
#3629 = AXIS2_PLACEMENT_3D ( 'NONE', #1612, #5010, #2886 ) ;
#3630 = VECTOR ( 'NONE', #2000, 1000.000000000000000 ) ;
#3631 = ORIENTED_EDGE ( 'NONE', *, *, #3988, .T. ) ;
#3632 = CARTESIAN_POINT ( 'NONE',  ( 34.00000000000000711, -3.250000000000000000, 4.000000000000000000 ) ) ;
#3633 = EDGE_LOOP ( 'NONE', ( #850, #2553 ) ) ;
#3634 = AXIS2_PLACEMENT_3D ( 'NONE', #4643, #450, #1666 ) ;
#3635 = VERTEX_POINT ( 'NONE', #3494 ) ;
#3636 = DIRECTION ( 'NONE',  ( 0.000000000000000000, 0.000000000000000000, -1.000000000000000000 ) ) ;
#3637 = CIRCLE ( 'NONE', #3461, 1.549999999840900866 ) ;
#3638 = CARTESIAN_POINT ( 'NONE',  ( 15.25000000001435652, 15.24999999998041567, 0.000000000000000000 ) ) ;
#3639 = CARTESIAN_POINT ( 'NONE',  ( 11.07500000000633733, 9.999999999980474286, 0.000000000000000000 ) ) ;
#3640 = DIRECTION ( 'NONE',  ( -0.000000000000000000, -0.000000000000000000, -1.000000000000000000 ) ) ;
#3641 = AXIS2_PLACEMENT_3D ( 'NONE', #3632, #1545, #262 ) ;
#3642 = DIRECTION ( 'NONE',  ( -0.000000000000000000, -0.000000000000000000, -1.000000000000000000 ) ) ;
#3643 = CARTESIAN_POINT ( 'NONE',  ( 84.33223417340103367, -72.08654941181339382, 158.4340709352140379 ) ) ;
#3644 = CARTESIAN_POINT ( 'NONE',  ( 34.00000000000000711, 3.250000000000000000, 0.000000000000000000 ) ) ;
#3645 = AXIS2_PLACEMENT_3D ( 'NONE', #3002, #5079, #4705 ) ;
#3646 = DIRECTION ( 'NONE',  ( -0.000000000000000000, -0.000000000000000000, -1.000000000000000000 ) ) ;
#3647 = ADVANCED_FACE ( 'NONE', ( #1378 ), #465, .T. ) ;
#3648 = CARTESIAN_POINT ( 'NONE',  ( 110.5437131805293234, 53.66704032748526032, 0.000000000000000000 ) ) ;
#3649 = EDGE_CURVE ( 'NONE', #5138, #366, #1407, .T. ) ;
#3650 = ORIENTED_EDGE ( 'NONE', *, *, #3328, .F. ) ;
#3651 = CARTESIAN_POINT ( 'NONE',  ( 0.2499999999999840683, 29.93307237949736788, 4.000000000000000000 ) ) ;
#3652 = ORIENTED_EDGE ( 'NONE', *, *, #1125, .F. ) ;
#3653 = DIRECTION ( 'NONE',  ( 0.1564344650402102466, -0.9876883405951409900, 0.000000000000000000 ) ) ;
#3654 = DIRECTION ( 'NONE',  ( 0.000000000000000000, 0.000000000000000000, 1.000000000000000000 ) ) ;
#3655 = ORIENTED_EDGE ( 'NONE', *, *, #1455, .T. ) ;
#3656 = FACE_OUTER_BOUND ( 'NONE', #575, .T. ) ;
#3657 = ORIENTED_EDGE ( 'NONE', *, *, #4670, .F. ) ;
#3658 = LINE ( 'NONE', #5355, #1249 ) ;
#3659 = EDGE_LOOP ( 'NONE', ( #1403, #1743, #496, #1252 ) ) ;
#3660 = CIRCLE ( 'NONE', #825, 1.074999999981193444 ) ;
#3661 = ORIENTED_EDGE ( 'NONE', *, *, #2246, .F. ) ;
#3662 = PLANE ( 'NONE',  #2439 ) ;
#3663 = DIRECTION ( 'NONE',  ( 0.9876883405951378814, 0.1564344650402305636, -0.000000000000000000 ) ) ;
#3664 = DIRECTION ( 'NONE',  ( -1.000000000000000000, 0.000000000000000000, 0.000000000000000000 ) ) ;
#3665 = EDGE_CURVE ( 'NONE', #5187, #1812, #2604, .T. ) ;
#3666 = EDGE_CURVE ( 'NONE', #2512, #760, #4985, .T. ) ;
#3667 = LINE ( 'NONE', #321, #620 ) ;
#3668 = CARTESIAN_POINT ( 'NONE',  ( 15.25000000001435652, 15.24999999998041567, 4.000000000000000000 ) ) ;
#3669 = CARTESIAN_POINT ( 'NONE',  ( 76.41647994167055913, -1.847912566164685949E-11, 4.000000000000000000 ) ) ;
#3670 = DIRECTION ( 'NONE',  ( 0.7968431607665327210, -0.6041862106499963359, 0.000000000000000000 ) ) ;
#3671 = CARTESIAN_POINT ( 'NONE',  ( 38.10125600164979431, -123.0534501274028685, 4.000000000000003553 ) ) ;
#3672 = ORIENTED_EDGE ( 'NONE', *, *, #1309, .T. ) ;
#3673 = LINE ( 'NONE', #1979, #163 ) ;
#3674 = CARTESIAN_POINT ( 'NONE',  ( 60.22456134274527528, -43.75570504588107923, 4.000000000000000000 ) ) ;
#3675 = DIRECTION ( 'NONE',  ( 1.000000000000000000, -3.601257232813777978E-16, 0.000000000000000000 ) ) ;
#3676 = ADVANCED_FACE ( 'NONE', ( #3881 ), #5216, .F. ) ;
#3677 = ORIENTED_EDGE ( 'NONE', *, *, #3665, .T. ) ;
#3678 = AXIS2_PLACEMENT_3D ( 'NONE', #4622, #3313, #1198 ) ;
#3679 = CARTESIAN_POINT ( 'NONE',  ( 86.75928515652590534, -73.84990516869078192, 0.000000000000000000 ) ) ;
#3680 = ORIENTED_EDGE ( 'NONE', *, *, #3595, .F. ) ;
#3681 = FACE_OUTER_BOUND ( 'NONE', #3659, .T. ) ;
#3682 = EDGE_CURVE ( 'NONE', #2682, #349, #1354, .T. ) ;
#3683 = ORIENTED_EDGE ( 'NONE', *, *, #3666, .F. ) ;
#3684 = CIRCLE ( 'NONE', #4129, 1.549999999840907750 ) ;
#3685 = ORIENTED_EDGE ( 'NONE', *, *, #519, .F. ) ;
#3686 = LINE ( 'NONE', #1489, #2838 ) ;
#3687 = EDGE_LOOP ( 'NONE', ( #4792, #4771, #5056, #1633 ) ) ;
#3688 = CIRCLE ( 'NONE', #4044, 1.550000000000023581 ) ;
#3689 = CARTESIAN_POINT ( 'NONE',  ( -2.103841866565085539, 1.595184984638637449, 0.000000000000000000 ) ) ;
#3690 = DIRECTION ( 'NONE',  ( -1.000000000000000000, 0.000000000000000000, 0.000000000000000000 ) ) ;
#3691 = CARTESIAN_POINT ( 'NONE',  ( 23.50000000026349412, 21.71275603998089565, 4.000000000000003553 ) ) ;
#3692 = LINE ( 'NONE', #1576, #3912 ) ;
#3693 = DIRECTION ( 'NONE',  ( -0.000000000000000000, -0.000000000000000000, -1.000000000000000000 ) ) ;
#3694 = DIRECTION ( 'NONE',  ( -1.000000000000000000, -2.775557561562888984E-15, 0.000000000000000000 ) ) ;
#3695 = EDGE_CURVE ( 'NONE', #1768, #4384, #4379, .T. ) ;
#3696 = EDGE_CURVE ( 'NONE', #1873, #1812, #814, .T. ) ;
#3697 = FACE_OUTER_BOUND ( 'NONE', #990, .T. ) ;
#3698 = CARTESIAN_POINT ( 'NONE',  ( 39.33499999997926722, -120.1823004018628609, 4.000000000000003553 ) ) ;
#3699 = ORIENTED_EDGE ( 'NONE', *, *, #3147, .T. ) ;
#3700 = VECTOR ( 'NONE', #664, 1000.000000000000000 ) ;
#3701 = CARTESIAN_POINT ( 'NONE',  ( 102.9100942114769595, -82.89705806042468339, 158.4340709352140379 ) ) ;
#3702 = DIRECTION ( 'NONE',  ( 0.000000000000000000, 0.000000000000000000, 1.000000000000000000 ) ) ;
#3703 = DIRECTION ( 'NONE',  ( -0.5877852522924750245, -0.8090169943749461190, 0.000000000000000000 ) ) ;
#3704 = ORIENTED_EDGE ( 'NONE', *, *, #3938, .T. ) ;
#3705 = AXIS2_PLACEMENT_3D ( 'NONE', #3416, #5116, #4689 ) ;
#3706 = LINE ( 'NONE', #2038, #2915 ) ;
#3707 = ORIENTED_EDGE ( 'NONE', *, *, #2112, .T. ) ;
#3708 = VECTOR ( 'NONE', #224, 1000.000000000000000 ) ;
#3709 = DIRECTION ( 'NONE',  ( -0.000000000000000000, -0.000000000000000000, -1.000000000000000000 ) ) ;
#3710 = CIRCLE ( 'NONE', #1316, 34.63151962204202761 ) ;
#3711 = VERTEX_POINT ( 'NONE', #992 ) ;
#3712 = VERTEX_POINT ( 'NONE', #516 ) ;
#3713 = AXIS2_PLACEMENT_3D ( 'NONE', #3570, #2761, #564 ) ;
#3714 = VECTOR ( 'NONE', #492, 1000.000000000000000 ) ;
#3715 = DIRECTION ( 'NONE',  ( -0.000000000000000000, -0.000000000000000000, -1.000000000000000000 ) ) ;
#3716 = ADVANCED_FACE ( 'NONE', ( #2208 ), #571, .F. ) ;
#3717 = ORIENTED_EDGE ( 'NONE', *, *, #2849, .F. ) ;
#3718 = EDGE_CURVE ( 'NONE', #698, #5500, #495, .T. ) ;
#3719 = DIRECTION ( 'NONE',  ( -0.6248766859136423157, -0.7807234641033810041, 0.000000000000000000 ) ) ;
#3720 = CYLINDRICAL_SURFACE ( 'NONE', #3615, 0.5000000000000004441 ) ;
#3721 = AXIS2_PLACEMENT_3D ( 'NONE', #5452, #1638, #4617 ) ;
#3722 = VECTOR ( 'NONE', #3590, 1000.000000000000000 ) ;
#3723 = CARTESIAN_POINT ( 'NONE',  ( 44.04422145524898013, 31.99999999999100098, 4.000000000000000000 ) ) ;
#3724 = SURFACE_STYLE_FILL_AREA ( #5309 ) ;
#3725 = VECTOR ( 'NONE', #3926, 1000.000000000000000 ) ;
#3726 = ORIENTED_EDGE ( 'NONE', *, *, #4898, .T. ) ;
#3727 = DIRECTION ( 'NONE',  ( -1.000000000000000000, 0.000000000000000000, 0.000000000000000000 ) ) ;
#3728 = CARTESIAN_POINT ( 'NONE',  ( 0.2500000000000224820, -126.6225185911903139, 0.000000000000000000 ) ) ;
#3729 = VECTOR ( 'NONE', #4579, 1000.000000000000000 ) ;
#3730 = CARTESIAN_POINT ( 'NONE',  ( 103.5471938591985150, -67.10294193957530240, 0.000000000000000000 ) ) ;
#3731 = ORIENTED_EDGE ( 'NONE', *, *, #305, .F. ) ;
#3732 = EDGE_CURVE ( 'NONE', #4256, #4984, #31, .T. ) ;
#3733 = CARTESIAN_POINT ( 'NONE',  ( 106.7559693051623668, 47.48947804973121833, 4.000000000000003553 ) ) ;
#3734 = ORIENTED_EDGE ( 'NONE', *, *, #583, .T. ) ;
#3735 = CARTESIAN_POINT ( 'NONE',  ( 33.92105049611641476, 87.54656535792219074, 0.000000000000000000 ) ) ;
#3736 = ORIENTED_EDGE ( 'NONE', *, *, #3274, .F. ) ;
#3737 = CLOSED_SHELL ( 'NONE', ( #4280, #283, #4651, #3146, #929, #1098, #4421, #2993, #4875, #1966, #3432, #1341, #4513, #209, #1152, #1677, #3233, #4616, #738, #2416, #5350, #5377, #2541, #767, #5449, #192, #958, #2522, #88, #5157, #2317, #117, #4975, #1072, #844, #3063, #3785, #4010, #3995, #5396, #4803, #1999, #2857, #2337, #50, #2752, #2513, #1256, #5210, #3363, #2079, #4407, #1153, #5027, #1274, #3345, #325, #1099, #2151, #4124, #914, #4039, #240, #3466, #3647, #3018, #5266, #3183, #3909, #4376, #4753, #5137, #1740, #4531, #3130, #3338, #2828, #118, #4704, #2739, #2863, #720, #3167, #2168, #5248, #1215, #3240, #670, #4982, #3824, #4310, #3676, #2471, #219, #5128, #1553, #1965, #1993, #1203, #294, #1593, #861, #1910, #5073, #152, #1353, #3757, #3017, #5150, #3184, #3716, #5511, #1848, #3099, #5471, #476, #4278, #5236, #3305, #1527, #1289, #813, #1291, #2403, #2346, #5091, #4852, #3291, #5045, #5464, #3584, #1000, #2511, #1185, #607, #3527, #128, #4543, #4009, #4210, #1613, #1444, #1840, #4462, #1369, #686, #1375, #4248, #2282, #2492, #418, #1360, #5432, #3421, #1454, #1505, #542, #777 ) ) ;
#3738 = DIRECTION ( 'NONE',  ( -0.9876883405951374373, 0.1564344650402327008, 0.000000000000000000 ) ) ;
#3739 = EDGE_CURVE ( 'NONE', #4659, #4122, #291, .T. ) ;
#3740 = ORIENTED_EDGE ( 'NONE', *, *, #1387, .F. ) ;
#3741 = EDGE_CURVE ( 'NONE', #2575, #2935, #1347, .T. ) ;
#3742 = CARTESIAN_POINT ( 'NONE',  ( 86.25795490621224815, -86.15536419062809159, 4.000000000000003553 ) ) ;
#3743 = DIRECTION ( 'NONE',  ( -0.000000000000000000, -0.000000000000000000, -1.000000000000000000 ) ) ;
#3744 = AXIS2_PLACEMENT_3D ( 'NONE', #3858, #933, #4322 ) ;
#3745 = ORIENTED_EDGE ( 'NONE', *, *, #4292, .F. ) ;
#3746 = ORIENTED_EDGE ( 'NONE', *, *, #3464, .F. ) ;
#3747 = ORIENTED_EDGE ( 'NONE', *, *, #3441, .T. ) ;
#3748 = CARTESIAN_POINT ( 'NONE',  ( 112.8586053561403162, -73.47476396585766167, 4.000000000000003553 ) ) ;
#3749 = FACE_OUTER_BOUND ( 'NONE', #1440, .T. ) ;
#3750 = EDGE_CURVE ( 'NONE', #1845, #4361, #3628, .T. ) ;
#3751 = DIRECTION ( 'NONE',  ( -1.000000000000000000, 0.000000000000000000, 0.000000000000000000 ) ) ;
#3752 = ORIENTED_EDGE ( 'NONE', *, *, #1423, .F. ) ;
#3753 = DIRECTION ( 'NONE',  ( 0.000000000000000000, 0.000000000000000000, 1.000000000000000000 ) ) ;
#3754 = ORIENTED_EDGE ( 'NONE', *, *, #5450, .T. ) ;
#3755 = DIRECTION ( 'NONE',  ( -1.000000000000000000, 0.000000000000000000, 0.000000000000000000 ) ) ;
#3756 = CARTESIAN_POINT ( 'NONE',  ( 100.4853600033535201, -67.58788878120000732, 0.000000000000000000 ) ) ;
#3757 = ADVANCED_FACE ( 'NONE', ( #175 ), #5250, .F. ) ;
#3758 = DIRECTION ( 'NONE',  ( -0.000000000000000000, -0.000000000000000000, -1.000000000000000000 ) ) ;
#3759 = ORIENTED_EDGE ( 'NONE', *, *, #4395, .T. ) ;
#3760 = DIRECTION ( 'NONE',  ( -2.455601003620118906E-16, 1.000000000000000000, 0.000000000000000000 ) ) ;
#3761 = DIRECTION ( 'NONE',  ( -1.000000000000000000, 0.000000000000000000, 0.000000000000000000 ) ) ;
#3762 = LINE ( 'NONE', #5458, #2999 ) ;
#3763 = ORIENTED_EDGE ( 'NONE', *, *, #2263, .F. ) ;
#3764 = LINE ( 'NONE', #4564, #4335 ) ;
#3765 = ORIENTED_EDGE ( 'NONE', *, *, #2298, .T. ) ;
#3766 = ORIENTED_EDGE ( 'NONE', *, *, #3361, .F. ) ;
#3767 = CARTESIAN_POINT ( 'NONE',  ( 31.00000000000000711, -3.250000000000000000, 0.000000000000000000 ) ) ;
#3768 = EDGE_CURVE ( 'NONE', #4591, #2663, #4333, .T. ) ;
#3769 = LINE ( 'NONE', #2958, #440 ) ;
#3770 = EDGE_CURVE ( 'NONE', #1481, #1901, #1459, .T. ) ;
#3771 = ORIENTED_EDGE ( 'NONE', *, *, #2938, .F. ) ;
#3772 = ORIENTED_EDGE ( 'NONE', *, *, #2080, .F. ) ;
#3773 = ORIENTED_EDGE ( 'NONE', *, *, #3770, .T. ) ;
#3774 = DIRECTION ( 'NONE',  ( -0.6163038940825072975, 0.7875084190907026827, 0.000000000000000000 ) ) ;
#3775 = LINE ( 'NONE', #5473, #1042 ) ;
#3776 = DIRECTION ( 'NONE',  ( 0.8090169943749466741, -0.5877852522924741363, 0.000000000000000000 ) ) ;
#3777 = VERTEX_POINT ( 'NONE', #2372 ) ;
#3778 = DIRECTION ( 'NONE',  ( -1.000000000000000000, 0.000000000000000000, 0.000000000000000000 ) ) ;
#3779 = AXIS2_PLACEMENT_3D ( 'NONE', #2408, #4860, #1130 ) ;
#3780 = VERTEX_POINT ( 'NONE', #200 ) ;
#3781 = DIRECTION ( 'NONE',  ( -1.000000000000000000, 0.000000000000000000, 0.000000000000000000 ) ) ;
#3782 = LINE ( 'NONE', #2165, #3278 ) ;
#3783 = LINE ( 'NONE', #477, #2481 ) ;
#3784 = EDGE_LOOP ( 'NONE', ( #4916, #4426, #2153, #5246 ) ) ;
#3785 = ADVANCED_FACE ( 'NONE', ( #2404 ), #1542, .F. ) ;
#3786 = DIRECTION ( 'NONE',  ( -1.000000000000000000, 0.000000000000000000, 0.000000000000000000 ) ) ;
#3787 = FACE_BOUND ( 'NONE', #5034, .T. ) ;
#3788 = CARTESIAN_POINT ( 'NONE',  ( 102.0790222137140404, -94.92893429417041773, 4.000000000000003553 ) ) ;
#3789 = EDGE_LOOP ( 'NONE', ( #2490, #2633, #145, #675 ) ) ;
#3790 = DIRECTION ( 'NONE',  ( 0.000000000000000000, 0.000000000000000000, 1.000000000000000000 ) ) ;
#3791 = ORIENTED_EDGE ( 'NONE', *, *, #946, .F. ) ;
#3792 = VECTOR ( 'NONE', #2756, 1000.000000000000000 ) ;
#3793 = ORIENTED_EDGE ( 'NONE', *, *, #2643, .T. ) ;
#3794 = DIRECTION ( 'NONE',  ( -1.000000000000000000, 0.000000000000000000, 0.000000000000000000 ) ) ;
#3795 = CARTESIAN_POINT ( 'NONE',  ( 97.04552707166182302, 59.69210776710524868, 4.000000000000003553 ) ) ;
#3796 = VECTOR ( 'NONE', #765, 1000.000000000000000 ) ;
#3797 = VERTEX_POINT ( 'NONE', #1433 ) ;
#3798 = VERTEX_POINT ( 'NONE', #1014 ) ;
#3799 = ORIENTED_EDGE ( 'NONE', *, *, #5419, .F. ) ;
#3800 = VECTOR ( 'NONE', #1484, 1000.000000000000000 ) ;
#3801 = EDGE_CURVE ( 'NONE', #1766, #425, #4853, .T. ) ;
#3802 = VECTOR ( 'NONE', #2329, 1000.000000000000000 ) ;
#3803 = DIRECTION ( 'NONE',  ( -0.7968431607665326100, 0.6041862106499963359, 0.000000000000000000 ) ) ;
#3804 = DIRECTION ( 'NONE',  ( 0.000000000000000000, 0.000000000000000000, -1.000000000000000000 ) ) ;
#3805 = CIRCLE ( 'NONE', #2652, 1.549999999999995826 ) ;
#3806 = AXIS2_PLACEMENT_3D ( 'NONE', #1251, #2941, #5445 ) ;
#3807 = DIRECTION ( 'NONE',  ( -1.000000000000000000, 0.000000000000000000, 0.000000000000000000 ) ) ;
#3808 = VERTEX_POINT ( 'NONE', #259 ) ;
#3809 = CARTESIAN_POINT ( 'NONE',  ( 16.80000000000632454, 15.24999999998041567, 4.000000000000000000 ) ) ;
#3810 = CIRCLE ( 'NONE', #4878, 1.549999999999995826 ) ;
#3811 = ORIENTED_EDGE ( 'NONE', *, *, #3083, .T. ) ;
#3812 = VECTOR ( 'NONE', #2697, 1000.000000000000000 ) ;
#3813 = DIRECTION ( 'NONE',  ( -1.000000000000000000, 0.000000000000000000, 0.000000000000000000 ) ) ;
#3814 = DIRECTION ( 'NONE',  ( -1.000000000000000000, 0.000000000000000000, 0.000000000000000000 ) ) ;
#3815 = CIRCLE ( 'NONE', #4348, 1.549999999999995826 ) ;
#3816 = CARTESIAN_POINT ( 'NONE',  ( 95.57405939572541342, -76.21236710406184045, 4.000000000000003553 ) ) ;
#3817 = ORIENTED_EDGE ( 'NONE', *, *, #2612, .F. ) ;
#3818 = CARTESIAN_POINT ( 'NONE',  ( 37.78499999998125247, -139.4323004018817471, 4.000000000000003553 ) ) ;
#3819 = FACE_BOUND ( 'NONE', #66, .T. ) ;
#3820 = CIRCLE ( 'NONE', #2344, 3.000000000000002665 ) ;
#3821 = AXIS2_PLACEMENT_3D ( 'NONE', #5189, #5245, #1324 ) ;
#3822 = DIRECTION ( 'NONE',  ( 1.000000000000000000, 5.171196367145139164E-16, 0.000000000000000000 ) ) ;
#3823 = VECTOR ( 'NONE', #1744, 1000.000000000000000 ) ;
#3824 = ADVANCED_FACE ( 'NONE', ( #3656 ), #285, .F. ) ;
#3825 = CARTESIAN_POINT ( 'NONE',  ( 110.8832286749500327, -73.78763289593814534, 158.4340709352140379 ) ) ;
#3826 = EDGE_LOOP ( 'NONE', ( #950, #3746, #2862, #1093, #5214 ) ) ;
#3827 = PRODUCT_DEFINITION_FORMATION_WITH_SPECIFIED_SOURCE ( '任何', '', #4927, .NOT_KNOWN. ) ;
#3828 = EDGE_LOOP ( 'NONE', ( #1296, #2546 ) ) ;
#3829 = DIRECTION ( 'NONE',  ( 1.000000000000000000, 0.000000000000000000, 0.000000000000000000 ) ) ;
#3830 = PLANE ( 'NONE',  #975 ) ;
#3831 = ORIENTED_EDGE ( 'NONE', *, *, #3084, .T. ) ;
#3832 = EDGE_CURVE ( 'NONE', #2162, #4320, #4463, .T. ) ;
#3833 = ORIENTED_EDGE ( 'NONE', *, *, #2184, .F. ) ;
#3834 = EDGE_LOOP ( 'NONE', ( #3165, #4625, #322, #2423 ) ) ;
#3835 = PLANE ( 'NONE',  #37 ) ;
#3836 = DIRECTION ( 'NONE',  ( -1.000000000000000000, 0.000000000000000000, 0.000000000000000000 ) ) ;
#3837 = CARTESIAN_POINT ( 'NONE',  ( 106.2847969974025517, 84.38748789999031885, 122.0421419384104524 ) ) ;
#3838 = ORIENTED_EDGE ( 'NONE', *, *, #3141, .T. ) ;
#3839 = DIRECTION ( 'NONE',  ( 1.000000000000000000, 0.000000000000000000, 0.000000000000000000 ) ) ;
#3840 = ORIENTED_EDGE ( 'NONE', *, *, #4461, .F. ) ;
#3841 = CARTESIAN_POINT ( 'NONE',  ( 33.92105049611463130, 87.54656535792196337, 122.0421419384104524 ) ) ;
#3842 = CARTESIAN_POINT ( 'NONE',  ( 110.6407552541376589, 72.25671596801559815, 4.000000000000003553 ) ) ;
#3843 = EDGE_CURVE ( 'NONE', #2578, #903, #4416, .T. ) ;
#3844 = EDGE_CURVE ( 'NONE', #1246, #656, #1225, .T. ) ;
#3845 = DIRECTION ( 'NONE',  ( 0.1564344650402237913, -0.9876883405951387696, 0.000000000000000000 ) ) ;
#3846 = FACE_BOUND ( 'NONE', #4296, .T. ) ;
#3847 = CARTESIAN_POINT ( 'NONE',  ( 11.53884940632647726, 19.58812332654094845, 4.000000000000000000 ) ) ;
#3848 = DIRECTION ( 'NONE',  ( 1.000000000000000000, 0.000000000000000000, 0.000000000000000000 ) ) ;
#3849 = ORIENTED_EDGE ( 'NONE', *, *, #2009, .T. ) ;
#3850 = EDGE_CURVE ( 'NONE', #2160, #657, #1900, .T. ) ;
#3851 = ORIENTED_EDGE ( 'NONE', *, *, #1281, .T. ) ;
#3852 = CARTESIAN_POINT ( 'NONE',  ( 12.75000000001435652, 12.74999999998042810, 0.000000000000000000 ) ) ;
#3853 = CARTESIAN_POINT ( 'NONE',  ( 95.81653281653778720, -77.74328403198433080, 4.000000000000003553 ) ) ;
#3854 = ORIENTED_EDGE ( 'NONE', *, *, #766, .F. ) ;
#3855 = ORIENTED_EDGE ( 'NONE', *, *, #2366, .T. ) ;
#3856 = ORIENTED_EDGE ( 'NONE', *, *, #2299, .T. ) ;
#3857 = EDGE_CURVE ( 'NONE', #1319, #222, #652, .T. ) ;
#3858 = CARTESIAN_POINT ( 'NONE',  ( 112.8586053561403304, 73.47476396585769010, 4.000000000000003553 ) ) ;
#3859 = CARTESIAN_POINT ( 'NONE',  ( 106.2847969974023670, -84.38748789999027622, 0.000000000000000000 ) ) ;
#3860 = PLANE ( 'NONE',  #2560 ) ;
#3861 = ORIENTED_EDGE ( 'NONE', *, *, #3595, .T. ) ;
#3862 = DIRECTION ( 'NONE',  ( -1.000000000000000000, 0.000000000000000000, 0.000000000000000000 ) ) ;
#3863 = EDGE_LOOP ( 'NONE', ( #3917, #383, #5081, #4883 ) ) ;
#3864 = LINE ( 'NONE', #529, #1749 ) ;
#3865 = CYLINDRICAL_SURFACE ( 'NONE', #1947, 5.000000000000000888 ) ;
#3866 = FACE_OUTER_BOUND ( 'NONE', #13, .T. ) ;
#3867 = CYLINDRICAL_SURFACE ( 'NONE', #251, 1.550000000000023581 ) ;
#3868 = EDGE_CURVE ( 'NONE', #5468, #4742, #1961, .T. ) ;
#3869 = EDGE_CURVE ( 'NONE', #366, #5186, #4886, .T. ) ;
#3870 = CARTESIAN_POINT ( 'NONE',  ( 95.81653281653784404, 77.74328403198438764, 4.000000000000003553 ) ) ;
#3871 = CYLINDRICAL_SURFACE ( 'NONE', #3899, 65.32408497843788098 ) ;
#3872 = DIRECTION ( 'NONE',  ( -1.000000000000000000, 0.000000000000000000, 0.000000000000000000 ) ) ;
#3873 = ORIENTED_EDGE ( 'NONE', *, *, #2931, .F. ) ;
#3874 = EDGE_LOOP ( 'NONE', ( #4939, #4242 ) ) ;
#3875 = DIRECTION ( 'NONE',  ( 1.000000000000000000, 0.000000000000000000, 0.000000000000000000 ) ) ;
#3876 = DIRECTION ( 'NONE',  ( -0.000000000000000000, -0.000000000000000000, -1.000000000000000000 ) ) ;
#3877 = ORIENTED_EDGE ( 'NONE', *, *, #2139, .F. ) ;
#3878 = AXIS2_PLACEMENT_3D ( 'NONE', #4815, #1004, #2695 ) ;
#3879 = ORIENTED_EDGE ( 'NONE', *, *, #151, .T. ) ;
#3880 = ORIENTED_EDGE ( 'NONE', *, *, #1340, .F. ) ;
#3881 = FACE_OUTER_BOUND ( 'NONE', #2095, .T. ) ;
#3882 = AXIS2_PLACEMENT_3D ( 'NONE', #5312, #2778, #4474 ) ;
#3883 = EDGE_CURVE ( 'NONE', #2362, #1458, #1487, .T. ) ;
#3884 = DIRECTION ( 'NONE',  ( 0.9876883405951397688, 0.1564344650402181014, -0.000000000000000000 ) ) ;
#3885 = ORIENTED_EDGE ( 'NONE', *, *, #4832, .T. ) ;
#3886 = CIRCLE ( 'NONE', #4949, 1.550000000000002709 ) ;
#3887 = CARTESIAN_POINT ( 'NONE',  ( 23.50000000026349412, 21.71275603998089565, 4.000000000000003553 ) ) ;
#3888 = ORIENTED_EDGE ( 'NONE', *, *, #5334, .T. ) ;
#3889 = CARTESIAN_POINT ( 'NONE',  ( 45.59737559172942412, -125.3590056230964080, 4.000000000000003553 ) ) ;
#3890 = VECTOR ( 'NONE', #5378, 1000.000000000000000 ) ;
#3891 = CARTESIAN_POINT ( 'NONE',  ( 10.00000000001435474, 9.999999999980474286, 0.000000000000000000 ) ) ;
#3892 = CIRCLE ( 'NONE', #4157, 5.000000000000004441 ) ;
#3893 = CYLINDRICAL_SURFACE ( 'NONE', #955, 5.311761425294665884 ) ;
#3894 = CYLINDRICAL_SURFACE ( 'NONE', #2657, 1.549999999981177545 ) ;
#3895 = AXIS2_PLACEMENT_3D ( 'NONE', #5109, #1762, #3875 ) ;
#3896 = VECTOR ( 'NONE', #2813, 1000.000000000000000 ) ;
#3897 = CARTESIAN_POINT ( 'NONE',  ( 34.00000000000000711, 3.250000000000000000, 4.000000000000000000 ) ) ;
#3898 = LINE ( 'NONE', #869, #962 ) ;
#3899 = AXIS2_PLACEMENT_3D ( 'NONE', #45, #1754, #582 ) ;
#3900 = CIRCLE ( 'NONE', #4168, 1.549999999999995826 ) ;
#3901 = EDGE_CURVE ( 'NONE', #2852, #1481, #4772, .T. ) ;
#3902 = CARTESIAN_POINT ( 'NONE',  ( 92.04868271453510431, -76.52523603414232412, 158.4340709352140379 ) ) ;
#3903 = ORIENTED_EDGE ( 'NONE', *, *, #2425, .F. ) ;
#3904 = AXIS2_PLACEMENT_3D ( 'NONE', #1712, #2128, #1650 ) ;
#3905 = CIRCLE ( 'NONE', #1244, 1.550000000000051337 ) ;
#3906 = VERTEX_POINT ( 'NONE', #1123 ) ;
#3907 = DIRECTION ( 'NONE',  ( 0.8090169943749466741, 0.5877852522924741363, 0.000000000000000000 ) ) ;
#3908 = FACE_OUTER_BOUND ( 'NONE', #763, .T. ) ;
#3909 = ADVANCED_FACE ( 'NONE', ( #709 ), #2093, .F. ) ;
#3910 = VECTOR ( 'NONE', #4740, 1000.000000000000000 ) ;
#3911 = EDGE_CURVE ( 'NONE', #2904, #3574, #5465, .T. ) ;
#3912 = VECTOR ( 'NONE', #3276, 1000.000000000000000 ) ;
#3913 = ORIENTED_EDGE ( 'NONE', *, *, #3306, .F. ) ;
#3914 = EDGE_LOOP ( 'NONE', ( #1460, #3409, #170, #2452 ) ) ;
#3915 = DIRECTION ( 'NONE',  ( -1.000000000000000000, 0.000000000000000000, 0.000000000000000000 ) ) ;
#3916 = CARTESIAN_POINT ( 'NONE',  ( 33.89826499319621433, -122.9830445454352059, 0.000000000000000000 ) ) ;
#3917 = ORIENTED_EDGE ( 'NONE', *, *, #2780, .T. ) ;
#3918 = CARTESIAN_POINT ( 'NONE',  ( 102.2782220027626039, 91.61442965877792233, 122.0421419384104524 ) ) ;
#3919 = EDGE_LOOP ( 'NONE', ( #1974, #1731, #2596, #4023 ) ) ;
#3920 = ORIENTED_EDGE ( 'NONE', *, *, #4142, .F. ) ;
#3921 = CARTESIAN_POINT ( 'NONE',  ( 32.67537009044875163, -139.3071942506634571, 0.000000000000000000 ) ) ;
#3922 = EDGE_CURVE ( 'NONE', #1319, #744, #2728, .T. ) ;
#3923 = LINE ( 'NONE', #4833, #589 ) ;
#3924 = DIRECTION ( 'NONE',  ( 1.000000000000000000, 0.000000000000000000, 0.000000000000000000 ) ) ;
#3925 = CARTESIAN_POINT ( 'NONE',  ( 93.84115613534750366, -78.05615296206481446, 4.000000000000003553 ) ) ;
#3926 = DIRECTION ( 'NONE',  ( -0.8279275993780542686, -0.5608349937264007767, 0.000000000000000000 ) ) ;
#3927 = EDGE_CURVE ( 'NONE', #425, #3285, #2020, .T. ) ;
#3928 = CARTESIAN_POINT ( 'NONE',  ( 101.7034080011956263, 65.37003867919739264, 122.0421419384104524 ) ) ;
#3929 = LINE ( 'NONE', #2194, #1675 ) ;
#3930 = DIRECTION ( 'NONE',  ( -1.000000000000000000, 0.000000000000000000, 0.000000000000000000 ) ) ;
#3931 = ORIENTED_EDGE ( 'NONE', *, *, #1359, .T. ) ;
#3932 = VECTOR ( 'NONE', #3803, 1000.000000000000000 ) ;
#3933 = ORIENTED_EDGE ( 'NONE', *, *, #4633, .F. ) ;
#3934 = CARTESIAN_POINT ( 'NONE',  ( 42.49422145540807350, 31.99999999999100098, 4.000000000000000000 ) ) ;
#3935 = DIRECTION ( 'NONE',  ( -0.000000000000000000, -0.000000000000000000, 1.000000000000000000 ) ) ;
#3936 = ORIENTED_EDGE ( 'NONE', *, *, #5509, .F. ) ;
#3937 = ORIENTED_EDGE ( 'NONE', *, *, #103, .F. ) ;
#3938 = EDGE_CURVE ( 'NONE', #1736, #550, #1132, .T. ) ;
#3939 = EDGE_CURVE ( 'NONE', #4580, #5267, #1238, .T. ) ;
#3940 = DIRECTION ( 'NONE',  ( -0.000000000000000000, -0.000000000000000000, -1.000000000000000000 ) ) ;
#3941 = ORIENTED_EDGE ( 'NONE', *, *, #860, .T. ) ;
#3942 = DIRECTION ( 'NONE',  ( -0.000000000000000000, -0.000000000000000000, -1.000000000000000000 ) ) ;
#3943 = EDGE_LOOP ( 'NONE', ( #2573, #3378, #2217, #1234 ) ) ;
#3944 = VERTEX_POINT ( 'NONE', #2010 ) ;
#3945 = CARTESIAN_POINT ( 'NONE',  ( 44.04422145524898013, -32.00000000002795986, 4.000000000000000000 ) ) ;
#3946 = LINE ( 'NONE', #2163, #5481 ) ;
#3947 = CARTESIAN_POINT ( 'NONE',  ( 93.59868271453514410, -76.52523603414232412, 158.4340709352140379 ) ) ;
#3948 = DIRECTION ( 'NONE',  ( -0.000000000000000000, -0.000000000000000000, -1.000000000000000000 ) ) ;
#3949 = CARTESIAN_POINT ( 'NONE',  ( -5.207459619121570071, -93.74391253325792661, 158.4340709352140379 ) ) ;
#3950 = FACE_OUTER_BOUND ( 'NONE', #2926, .T. ) ;
#3951 = ORIENTED_EDGE ( 'NONE', *, *, #2876, .F. ) ;
#3952 = CARTESIAN_POINT ( 'NONE',  ( 109.3332286749500071, -73.78763289593814534, 4.000000000000003553 ) ) ;
#3953 = EDGE_CURVE ( 'NONE', #2084, #2768, #4567, .T. ) ;
#3954 = DIRECTION ( 'NONE',  ( -0.000000000000000000, -0.000000000000000000, 1.000000000000000000 ) ) ;
#3955 = ORIENTED_EDGE ( 'NONE', *, *, #726, .F. ) ;
#3956 = AXIS2_PLACEMENT_3D ( 'NONE', #527, #3107, #2218 ) ;
#3957 = ORIENTED_EDGE ( 'NONE', *, *, #1874, .T. ) ;
#3958 = DIRECTION ( 'NONE',  ( -1.000000000000000000, 0.000000000000000000, 0.000000000000000000 ) ) ;
#3959 = CARTESIAN_POINT ( 'NONE',  ( 31.00000000000000711, -3.250000000000000000, 4.000000000000003553 ) ) ;
#3960 = VERTEX_POINT ( 'NONE', #3767 ) ;
#3961 = ORIENTED_EDGE ( 'NONE', *, *, #2705, .F. ) ;
#3962 = DIRECTION ( 'NONE',  ( 0.000000000000000000, 0.000000000000000000, 1.000000000000000000 ) ) ;
#3963 = ORIENTED_EDGE ( 'NONE', *, *, #370, .T. ) ;
#3964 = EDGE_CURVE ( 'NONE', #756, #925, #2371, .T. ) ;
#3965 = FACE_BOUND ( 'NONE', #4683, .T. ) ;
#3966 = ORIENTED_EDGE ( 'NONE', *, *, #986, .T. ) ;
#3967 = AXIS2_PLACEMENT_3D ( 'NONE', #5423, #5035, #3727 ) ;
#3968 = ORIENTED_EDGE ( 'NONE', *, *, #2918, .F. ) ;
#3969 = CARTESIAN_POINT ( 'NONE',  ( 103.2286440353377799, 74.99999999999991473, 122.0421419384104524 ) ) ;
#3970 = DIRECTION ( 'NONE',  ( 0.1879032997079429501, -0.9821875329889231399, 0.000000000000000000 ) ) ;
#3971 = DIRECTION ( 'NONE',  ( -0.000000000000000000, 0.000000000000000000, 1.000000000000000000 ) ) ;
#3972 = AXIS2_PLACEMENT_3D ( 'NONE', #2496, #4250, #1164 ) ;
#3973 = DIRECTION ( 'NONE',  ( -1.000000000000000000, 0.000000000000000000, 0.000000000000000000 ) ) ;
#3974 = PLANE ( 'NONE',  #346 ) ;
#3975 = CIRCLE ( 'NONE', #2280, 3.124999999981212362 ) ;
#3976 = AXIS2_PLACEMENT_3D ( 'NONE', #2829, #5385, #3244 ) ;
#3977 = CARTESIAN_POINT ( 'NONE',  ( 28.86482634002302561, 17.19626723762208798, 4.000000000000000000 ) ) ;
#3978 = LINE ( 'NONE', #4840, #2564 ) ;
#3979 = VECTOR ( 'NONE', #1429, 999.9999999999998863 ) ;
#3980 = VECTOR ( 'NONE', #1959, 1000.000000000000000 ) ;
#3981 = DIRECTION ( 'NONE',  ( 0.000000000000000000, -0.000000000000000000, -1.000000000000000000 ) ) ;
#3982 = VERTEX_POINT ( 'NONE', #3294 ) ;
#3983 = ORIENTED_EDGE ( 'NONE', *, *, #4823, .T. ) ;
#3984 = AXIS2_PLACEMENT_3D ( 'NONE', #3309, #1222, #723 ) ;
#3985 = CARTESIAN_POINT ( 'NONE',  ( 112.6161319353279566, -71.94384703793514291, 4.000000000000003553 ) ) ;
#3986 = AXIS2_PLACEMENT_3D ( 'NONE', #1532, #1584, #668 ) ;
#3987 = EDGE_CURVE ( 'NONE', #3635, #4018, #1400, .T. ) ;
#3988 = EDGE_CURVE ( 'NONE', #1516, #3293, #4245, .T. ) ;
#3989 = DIRECTION ( 'NONE',  ( -0.000000000000000000, -0.000000000000000000, -1.000000000000000000 ) ) ;
#3990 = EDGE_LOOP ( 'NONE', ( #2814, #2182, #5478, #1967 ) ) ;
#3991 = AXIS2_PLACEMENT_3D ( 'NONE', #2590, #4752, #2946 ) ;
#3992 = VECTOR ( 'NONE', #4337, 1000.000000000000114 ) ;
#3993 = VERTEX_POINT ( 'NONE', #758 ) ;
#3994 = CARTESIAN_POINT ( 'NONE',  ( -122.1129400795882987, -119.5036204584412900, 4.000000000000003553 ) ) ;
#3995 = ADVANCED_FACE ( 'NONE', ( #3349 ), #4214, .T. ) ;
#3996 = CIRCLE ( 'NONE', #1597, 1.549999999840907750 ) ;
#3997 = ORIENTED_EDGE ( 'NONE', *, *, #399, .F. ) ;
#3998 = LINE ( 'NONE', #3918, #3823 ) ;
#3999 = ORIENTED_EDGE ( 'NONE', *, *, #4226, .F. ) ;
#4000 = VERTEX_POINT ( 'NONE', #2870 ) ;
#4001 = PLANE ( 'NONE',  #2883 ) ;
#4002 = CYLINDRICAL_SURFACE ( 'NONE', #5485, 4.999999999999997335 ) ;
#4003 = CARTESIAN_POINT ( 'NONE',  ( 37.94418505388147622, -139.9812849866596878, 0.000000000000000000 ) ) ;
#4004 = AXIS2_PLACEMENT_3D ( 'NONE', #1367, #4419, #5261 ) ;
#4005 = CARTESIAN_POINT ( 'NONE',  ( 104.7538800694798766, -84.62996132080260736, 4.000000000000003553 ) ) ;
#4006 = FACE_OUTER_BOUND ( 'NONE', #3041, .T. ) ;
#4007 = CARTESIAN_POINT ( 'NONE',  ( 21.95000000026349696, 21.71275603998089565, 4.000000000000003553 ) ) ;
#4008 = LINE ( 'NONE', #1029, #3605 ) ;
#4009 = ADVANCED_FACE ( 'NONE', ( #4964 ), #5052, .F. ) ;
#4010 = ADVANCED_FACE ( 'NONE', ( #2453 ), #1684, .F. ) ;
#4011 = LINE ( 'NONE', #189, #1498 ) ;
#4012 = CARTESIAN_POINT ( 'NONE',  ( 84.33223417340103367, -72.08654941181339382, 158.4340709352140379 ) ) ;
#4013 = EDGE_LOOP ( 'NONE', ( #984, #4205 ) ) ;
#4014 = VERTEX_POINT ( 'NONE', #3384 ) ;
#4015 = CARTESIAN_POINT ( 'NONE',  ( 40.88499999998123968, -139.4323004018817471, 0.000000000000000000 ) ) ;
#4016 = DIRECTION ( 'NONE',  ( -1.000000000000000000, 0.000000000000000000, 0.000000000000000000 ) ) ;
#4017 = CARTESIAN_POINT ( 'NONE',  ( 29.99999999999999645, -126.6225185911903139, 0.000000000000000000 ) ) ;
#4018 = VERTEX_POINT ( 'NONE', #1158 ) ;
#4019 = VERTEX_POINT ( 'NONE', #2042 ) ;
#4020 = EDGE_CURVE ( 'NONE', #3577, #2518, #2108, .T. ) ;
#4021 = DIRECTION ( 'NONE',  ( -1.000000000000000000, 0.000000000000000000, 0.000000000000000000 ) ) ;
#4022 = VECTOR ( 'NONE', #5092, 1000.000000000000000 ) ;
#4023 = ORIENTED_EDGE ( 'NONE', *, *, #4486, .F. ) ;
#4024 = DIRECTION ( 'NONE',  ( 1.000000000000000000, -0.000000000000000000, -0.000000000000000000 ) ) ;
#4025 = EDGE_CURVE ( 'NONE', #2977, #1892, #5086, .T. ) ;
#4026 = ORIENTED_EDGE ( 'NONE', *, *, #2561, .T. ) ;
#4027 = ORIENTED_EDGE ( 'NONE', *, *, #3695, .T. ) ;
#4028 = CARTESIAN_POINT ( 'NONE',  ( 103.2343249291181309, 65.12756525838500465, 122.0421419384104524 ) ) ;
#4029 = DIRECTION ( 'NONE',  ( -0.1564344650402305359, 0.9876883405951377704, 0.000000000000000000 ) ) ;
#4030 = FACE_OUTER_BOUND ( 'NONE', #5494, .T. ) ;
#4031 = FACE_OUTER_BOUND ( 'NONE', #2796, .T. ) ;
#4032 = AXIS2_PLACEMENT_3D ( 'NONE', #3994, #4104, #676 ) ;
#4033 = DIRECTION ( 'NONE',  ( 0.5877852522924736922, -0.8090169943749470072, 0.000000000000000000 ) ) ;
#4034 = CARTESIAN_POINT ( 'NONE',  ( 0.09051548330227406070, -126.4469002755405569, 4.000000000000003553 ) ) ;
#4035 = CYLINDRICAL_SURFACE ( 'NONE', #5477, 39.16647994180851100 ) ;
#4036 = CARTESIAN_POINT ( 'NONE',  ( 102.8910111393994100, -82.65458463961232383, 4.000000000000003553 ) ) ;
#4037 = CARTESIAN_POINT ( 'NONE',  ( 65.96799079163287161, -121.8060792254093911, 4.000000000000003553 ) ) ;
#4038 = ORIENTED_EDGE ( 'NONE', *, *, #928, .F. ) ;
#4039 = ADVANCED_FACE ( 'NONE', ( #3681 ), #2847, .F. ) ;
#4040 = ORIENTED_EDGE ( 'NONE', *, *, #945, .F. ) ;
#4041 = DIRECTION ( 'NONE',  ( 0.000000000000000000, 0.000000000000000000, 1.000000000000000000 ) ) ;
#4042 = CARTESIAN_POINT ( 'NONE',  ( 104.1764846180578985, -58.38369480811851986, 0.000000000000000000 ) ) ;
#4043 = ORIENTED_EDGE ( 'NONE', *, *, #1196, .F. ) ;
#4044 = AXIS2_PLACEMENT_3D ( 'NONE', #5357, #1163, #601 ) ;
#4045 = CARTESIAN_POINT ( 'NONE',  ( 38.66951048944419966, -150.9603026274975548, 4.000000000000003553 ) ) ;
#4046 = VERTEX_POINT ( 'NONE', #4763 ) ;
#4047 = DIRECTION ( 'NONE',  ( 0.000000000000000000, 0.000000000000000000, 1.000000000000000000 ) ) ;
#4048 = ORIENTED_EDGE ( 'NONE', *, *, #1196, .T. ) ;
#4049 = ORIENTED_EDGE ( 'NONE', *, *, #2179, .F. ) ;
#4050 = DIRECTION ( 'NONE',  ( -1.000000000000000000, 0.000000000000000000, 0.000000000000000000 ) ) ;
#4051 = DIRECTION ( 'NONE',  ( 1.000000000000000000, 0.000000000000000000, 0.000000000000000000 ) ) ;
#4052 = DIRECTION ( 'NONE',  ( -0.000000000000000000, -0.000000000000000000, -1.000000000000000000 ) ) ;
#4053 = EDGE_CURVE ( 'NONE', #1928, #1241, #3975, .T. ) ;
#4054 = EDGE_CURVE ( 'NONE', #5295, #769, #3447, .T. ) ;
#4055 = LINE ( 'NONE', #3156, #1401 ) ;
#4056 = CIRCLE ( 'NONE', #2898, 1.550000000000051337 ) ;
#4057 = CARTESIAN_POINT ( 'NONE',  ( 101.2375583565955424, -62.42877977999324202, 4.000000000000003553 ) ) ;
#4058 = DIRECTION ( 'NONE',  ( 0.000000000000000000, 0.000000000000000000, 1.000000000000000000 ) ) ;
#4059 = EDGE_LOOP ( 'NONE', ( #4216, #1541, #808, #3726 ) ) ;
#4060 = CARTESIAN_POINT ( 'NONE',  ( 37.94418505388147622, -139.9812849866596878, 158.4340709352140379 ) ) ;
#4061 = AXIS2_PLACEMENT_3D ( 'NONE', #830, #3358, #2019 ) ;
#4062 = DIRECTION ( 'NONE',  ( -0.000000000000000000, -0.000000000000000000, -1.000000000000000000 ) ) ;
#4063 = ORIENTED_EDGE ( 'NONE', *, *, #4266, .T. ) ;
#4064 = VECTOR ( 'NONE', #1623, 999.9999999999998863 ) ;
#4065 = ORIENTED_EDGE ( 'NONE', *, *, #2530, .T. ) ;
#4066 = DIRECTION ( 'NONE',  ( 0.8313690792065890900, 0.5557206619689321059, 0.000000000000000000 ) ) ;
#4067 = FILL_AREA_STYLE_COLOUR ( '', #5241 ) ;
#4068 = AXIS2_PLACEMENT_3D ( 'NONE', #3455, #900, #1706 ) ;
#4069 = VECTOR ( 'NONE', #2582, 1000.000000000000000 ) ;
#4070 = DIRECTION ( 'NONE',  ( -1.000000000000000000, 0.000000000000000000, 0.000000000000000000 ) ) ;
#4071 = ORIENTED_EDGE ( 'NONE', *, *, #3251, .F. ) ;
#4072 = AXIS2_PLACEMENT_3D ( 'NONE', #5183, #2170, #947 ) ;
#4073 = CIRCLE ( 'NONE', #4697, 2.749999999941660001 ) ;
#4074 = DIRECTION ( 'NONE',  ( -1.000000000000000000, 0.000000000000000000, 0.000000000000000000 ) ) ;
#4075 = EDGE_CURVE ( 'NONE', #5114, #2667, #595, .T. ) ;
#4076 = EDGE_CURVE ( 'NONE', #3066, #4400, #53, .T. ) ;
#4077 = CIRCLE ( 'NONE', #2384, 1.074999999991981703 ) ;
#4078 = AXIS2_PLACEMENT_3D ( 'NONE', #1550, #4865, #2776 ) ;
#4079 = EDGE_LOOP ( 'NONE', ( #4563, #2289, #3279, #3443 ) ) ;
#4080 = CARTESIAN_POINT ( 'NONE',  ( 1.544597783009749037E-11, -126.6225185911903139, 0.000000000000000000 ) ) ;
#4081 = ORIENTED_EDGE ( 'NONE', *, *, #379, .F. ) ;
#4082 = AXIS2_PLACEMENT_3D ( 'NONE', #1625, #3322, #4158 ) ;
#4083 = ORIENTED_EDGE ( 'NONE', *, *, #4873, .T. ) ;
#4084 = DIRECTION ( 'NONE',  ( -0.5877852522924734702, -0.8090169943749472292, 0.000000000000000000 ) ) ;
#4085 = AXIS2_PLACEMENT_3D ( 'NONE', #5033, #3753, #2466 ) ;
#4086 = CARTESIAN_POINT ( 'NONE',  ( 11.67500000002236860, 12.74999999998042810, 4.000000000000000000 ) ) ;
#4087 = CARTESIAN_POINT ( 'NONE',  ( 112.8586053561403304, 73.47476396585769010, 122.0421419384104524 ) ) ;
#4088 = AXIS2_PLACEMENT_3D ( 'NONE', #2312, #3989, #3170 ) ;
#4089 = DIRECTION ( 'NONE',  ( -1.000000000000000000, 0.000000000000000000, 0.000000000000000000 ) ) ;
#4090 = EDGE_CURVE ( 'NONE', #1197, #2407, #988, .T. ) ;
#4091 = DIRECTION ( 'NONE',  ( 0.000000000000000000, 0.000000000000000000, -1.000000000000000000 ) ) ;
#4092 = DIRECTION ( 'NONE',  ( 0.8525092566517701309, -0.5227121266271200772, 0.000000000000000000 ) ) ;
#4093 = CARTESIAN_POINT ( 'NONE',  ( 102.2782220027625755, 91.61442965877790812, 4.000000000000003553 ) ) ;
#4094 = DIRECTION ( 'NONE',  ( -1.000000000000000000, 0.000000000000000000, 0.000000000000000000 ) ) ;
#4095 = ORIENTED_EDGE ( 'NONE', *, *, #4719, .F. ) ;
#4096 = EDGE_CURVE ( 'NONE', #2212, #1246, #952, .T. ) ;
#4097 = CARTESIAN_POINT ( 'NONE',  ( 33.50000000000000711, 3.250000000000000000, 0.000000000000000000 ) ) ;
#4098 = CARTESIAN_POINT ( 'NONE',  ( 102.0162769312760815, 67.34541536038767617, 4.000000000000003553 ) ) ;
#4099 = DIRECTION ( 'NONE',  ( -0.000000000000000000, -0.000000000000000000, -1.000000000000000000 ) ) ;
#4100 = FACE_OUTER_BOUND ( 'NONE', #2398, .T. ) ;
#4101 = ORIENTED_EDGE ( 'NONE', *, *, #258, .F. ) ;
#4102 = CARTESIAN_POINT ( 'NONE',  ( 36.79113011703003622, -145.3627739314572409, 158.4340709352140379 ) ) ;
#4103 = ORIENTED_EDGE ( 'NONE', *, *, #2437, .T. ) ;
#4104 = DIRECTION ( 'NONE',  ( 0.000000000000000000, 0.000000000000000000, 1.000000000000000000 ) ) ;
#4105 = EDGE_LOOP ( 'NONE', ( #3771, #3225, #3459, #3598 ) ) ;
#4106 = DIRECTION ( 'NONE',  ( -0.000000000000000000, 0.000000000000000000, -1.000000000000000000 ) ) ;
#4107 = ORIENTED_EDGE ( 'NONE', *, *, #501, .T. ) ;
#4108 = EDGE_CURVE ( 'NONE', #756, #5114, #4291, .T. ) ;
#4109 = EDGE_CURVE ( 'NONE', #3168, #4984, #4866, .T. ) ;
#4110 = LINE ( 'NONE', #1081, #4666 ) ;
#4111 = CARTESIAN_POINT ( 'NONE',  ( 34.50000000000000711, -3.250000000000000000, 0.000000000000000000 ) ) ;
#4112 = LINE ( 'NONE', #2382, #3263 ) ;
#4113 = CARTESIAN_POINT ( 'NONE',  ( 87.71849755386853076, -81.03617065061698099, 0.000000000000000000 ) ) ;
#4114 = DIRECTION ( 'NONE',  ( 0.000000000000000000, 0.000000000000000000, 1.000000000000000000 ) ) ;
#4115 = DIRECTION ( 'NONE',  ( 1.000000000000000000, 0.000000000000000000, 0.000000000000000000 ) ) ;
#4116 = CARTESIAN_POINT ( 'NONE',  ( 30.50000000000000711, 3.250000000000000000, 4.000000000000003553 ) ) ;
#4117 = CARTESIAN_POINT ( 'NONE',  ( 93.35620929372277033, -74.99431910621983377, 158.4340709352140379 ) ) ;
#4118 = ORIENTED_EDGE ( 'NONE', *, *, #1064, .F. ) ;
#4119 = DIRECTION ( 'NONE',  ( -0.000000000000000000, -0.000000000000000000, -1.000000000000000000 ) ) ;
#4120 = ORIENTED_EDGE ( 'NONE', *, *, #4923, .T. ) ;
#4121 = DIRECTION ( 'NONE',  ( -0.9876883405951375483, -0.1564344650402316184, 0.000000000000000000 ) ) ;
#4122 = VERTEX_POINT ( 'NONE', #484 ) ;
#4123 = VECTOR ( 'NONE', #4385, 1000.000000000000000 ) ;
#4124 = ADVANCED_FACE ( 'NONE', ( #1792 ), #3490, .F. ) ;
#4125 = DIRECTION ( 'NONE',  ( -1.000000000000000000, 0.000000000000000000, 0.000000000000000000 ) ) ;
#4126 = EDGE_LOOP ( 'NONE', ( #3661, #3552, #2968, #3488 ) ) ;
#4127 = DIRECTION ( 'NONE',  ( 1.000000000000000000, 0.000000000000000000, 0.000000000000000000 ) ) ;
#4128 = VERTEX_POINT ( 'NONE', #4351 ) ;
#4129 = AXIS2_PLACEMENT_3D ( 'NONE', #3945, #120, #5522 ) ;
#4130 = ORIENTED_EDGE ( 'NONE', *, *, #1821, .F. ) ;
#4131 = FACE_OUTER_BOUND ( 'NONE', #1914, .T. ) ;
#4132 = ORIENTED_EDGE ( 'NONE', *, *, #2274, .T. ) ;
#4133 = CIRCLE ( 'NONE', #309, 0.5000000000000004441 ) ;
#4134 = LINE ( 'NONE', #802, #5001 ) ;
#4135 = DIRECTION ( 'NONE',  ( 0.8279275993780543796, 0.5608349937264007767, 0.000000000000000000 ) ) ;
#4136 = EDGE_CURVE ( 'NONE', #4523, #4654, #5209, .T. ) ;
#4137 = CARTESIAN_POINT ( 'NONE',  ( 60.22456134274527528, 43.75570504584412390, 4.000000000000000000 ) ) ;
#4138 = VERTEX_POINT ( 'NONE', #540 ) ;
#4139 = DIRECTION ( 'NONE',  ( -0.000000000000000000, -0.000000000000000000, -1.000000000000000000 ) ) ;
#4140 = ORIENTED_EDGE ( 'NONE', *, *, #3464, .T. ) ;
#4141 = DIRECTION ( 'NONE',  ( -0.000000000000000000, -0.000000000000000000, -1.000000000000000000 ) ) ;
#4142 = EDGE_CURVE ( 'NONE', #725, #1720, #1734, .T. ) ;
#4143 = EDGE_CURVE ( 'NONE', #4218, #1414, #2374, .T. ) ;
#4144 = AXIS2_PLACEMENT_3D ( 'NONE', #4733, #2645, #2616 ) ;
#4145 = CARTESIAN_POINT ( 'NONE',  ( 45.59422145508988677, 31.99999999999100098, 4.000000000000000000 ) ) ;
#4146 = ORIENTED_EDGE ( 'NONE', *, *, #4703, .T. ) ;
#4147 = VECTOR ( 'NONE', #2326, 1000.000000000000000 ) ;
#4148 = CARTESIAN_POINT ( 'NONE',  ( 30.50000000000000711, -2.750000000000000888, 0.000000000000000000 ) ) ;
#4149 = DIRECTION ( 'NONE',  ( -1.000000000000000000, 2.775557561562888984E-15, 0.000000000000000000 ) ) ;
#4150 = LINE ( 'NONE', #5370, #2285 ) ;
#4151 = ORIENTED_EDGE ( 'NONE', *, *, #2354, .T. ) ;
#4152 = AXIS2_PLACEMENT_3D ( 'NONE', #3189, #4446, #635 ) ;
#4153 = CARTESIAN_POINT ( 'NONE',  ( 93.74806042483426438, 86.59724438915461064, 0.000000000000000000 ) ) ;
#4154 = ORIENTED_EDGE ( 'NONE', *, *, #1325, .F. ) ;
#4155 = EDGE_CURVE ( 'NONE', #413, #1205, #786, .T. ) ;
#4156 = CARTESIAN_POINT ( 'NONE',  ( 1.544597783009749037E-11, 126.6225185911533373, 4.000000000000000000 ) ) ;
#4157 = AXIS2_PLACEMENT_3D ( 'NONE', #4057, #238, #1943 ) ;
#4158 = DIRECTION ( 'NONE',  ( -0.8888809016376396643, 0.4581383445028986423, 0.000000000000000000 ) ) ;
#4159 = ORIENTED_EDGE ( 'NONE', *, *, #1785, .T. ) ;
#4160 = ORIENTED_EDGE ( 'NONE', *, *, #4653, .F. ) ;
#4161 = CIRCLE ( 'NONE', #1761, 34.25850751875839961 ) ;
#4162 = CIRCLE ( 'NONE', #2115, 0.5000000000000004441 ) ;
#4163 = ORIENTED_EDGE ( 'NONE', *, *, #3696, .T. ) ;
#4164 = EDGE_CURVE ( 'NONE', #725, #1282, #3805, .T. ) ;
#4165 = DIRECTION ( 'NONE',  ( -0.000000000000000000, -0.000000000000000000, -1.000000000000000000 ) ) ;
#4166 = CARTESIAN_POINT ( 'NONE',  ( 85.65742381533090111, -76.99108567874223752, 0.000000000000000000 ) ) ;
#4167 = VECTOR ( 'NONE', #2804, 1000.000000000000114 ) ;
#4168 = AXIS2_PLACEMENT_3D ( 'NONE', #4736, #3790, #1730 ) ;
#4169 = DIRECTION ( 'NONE',  ( -0.000000000000000000, 0.000000000000000000, 1.000000000000000000 ) ) ;
#4170 = ORIENTED_EDGE ( 'NONE', *, *, #275, .F. ) ;
#4171 = DIRECTION ( 'NONE',  ( 0.1564344650402113568, 0.9876883405951408790, 0.000000000000000000 ) ) ;
#4172 = VECTOR ( 'NONE', #2143, 1000.000000000000000 ) ;
#4173 = VECTOR ( 'NONE', #2503, 1000.000000000000000 ) ;
#4174 = ORIENTED_EDGE ( 'NONE', *, *, #901, .T. ) ;
#4175 = CARTESIAN_POINT ( 'NONE',  ( 33.50000000000000711, 3.250000000000000000, 0.000000000000000000 ) ) ;
#4176 = CARTESIAN_POINT ( 'NONE',  ( -5.207459619121570071, -93.74391253325792661, 0.000000000000000000 ) ) ;
#4177 = CIRCLE ( 'NONE', #5161, 1.550000000000065103 ) ;
#4178 = DIRECTION ( 'NONE',  ( 0.000000000000000000, 0.000000000000000000, -1.000000000000000000 ) ) ;
#4179 = ORIENTED_EDGE ( 'NONE', *, *, #3450, .F. ) ;
#4180 = EDGE_CURVE ( 'NONE', #1397, #3798, #2467, .T. ) ;
#4181 = EDGE_CURVE ( 'NONE', #1128, #216, #4161, .T. ) ;
#4182 = VECTOR ( 'NONE', #4047, 1000.000000000000000 ) ;
#4183 = CARTESIAN_POINT ( 'NONE',  ( 0.2500000000000093259, -72.97957712075162817, -0.01000000000000000021 ) ) ;
#4184 = CARTESIAN_POINT ( 'NONE',  ( 41.89191769392566300, -14.48874859431180795, 0.000000000000000000 ) ) ;
#4185 = DIRECTION ( 'NONE',  ( -1.000000000000000000, -5.171196367145139164E-16, 0.000000000000000000 ) ) ;
#4186 = ORIENTED_EDGE ( 'NONE', *, *, #1134, .T. ) ;
#4187 = DIRECTION ( 'NONE',  ( 0.000000000000000000, -1.000000000000000000, 0.000000000000000000 ) ) ;
#4188 = ORIENTED_EDGE ( 'NONE', *, *, #4304, .F. ) ;
#4189 = ORIENTED_EDGE ( 'NONE', *, *, #4076, .F. ) ;
#4190 = DIRECTION ( 'NONE',  ( -0.000000000000000000, -0.000000000000000000, -1.000000000000000000 ) ) ;
#4191 = CYLINDRICAL_SURFACE ( 'NONE', #532, 5.000000000000004441 ) ;
#4192 = ORIENTED_EDGE ( 'NONE', *, *, #596, .F. ) ;
#4193 = ORIENTED_EDGE ( 'NONE', *, *, #20, .T. ) ;
#4194 = ORIENTED_EDGE ( 'NONE', *, *, #2594, .F. ) ;
#4195 = DIRECTION ( 'NONE',  ( -1.000000000000000000, 0.000000000000000000, 0.000000000000000000 ) ) ;
#4196 = FACE_OUTER_BOUND ( 'NONE', #2447, .T. ) ;
#4197 = EDGE_CURVE ( 'NONE', #1720, #4128, #603, .T. ) ;
#4198 = PLANE ( 'NONE',  #511 ) ;
#4199 = VERTEX_POINT ( 'NONE', #1294 ) ;
#4200 = CARTESIAN_POINT ( 'NONE',  ( 37.24999999986204813, -1.847912566164685949E-11, 0.000000000000000000 ) ) ;
#4201 = VERTEX_POINT ( 'NONE', #4678 ) ;
#4202 = LINE ( 'NONE', #3368, #677 ) ;
#4203 = LINE ( 'NONE', #1194, #968 ) ;
#4204 = FACE_OUTER_BOUND ( 'NONE', #1663, .T. ) ;
#4205 = ORIENTED_EDGE ( 'NONE', *, *, #1471, .F. ) ;
#4206 = CARTESIAN_POINT ( 'NONE',  ( 33.43610365449291066, 84.48473150207733795, 122.0421419384104524 ) ) ;
#4207 = CYLINDRICAL_SURFACE ( 'NONE', #715, 3.000000000000002665 ) ;
#4208 = CARTESIAN_POINT ( 'NONE',  ( 74.12024202303582854, -46.74411714516924121, 4.000000000000000000 ) ) ;
#4209 = ORIENTED_EDGE ( 'NONE', *, *, #3682, .T. ) ;
#4210 = ADVANCED_FACE ( 'NONE', ( #1321 ), #5165, .F. ) ;
#4211 = DIRECTION ( 'NONE',  ( 0.000000000000000000, 0.000000000000000000, 1.000000000000000000 ) ) ;
#4212 = ORIENTED_EDGE ( 'NONE', *, *, #3801, .T. ) ;
#4213 = EDGE_LOOP ( 'NONE', ( #2676, #846, #4466, #4536 ) ) ;
#4214 = PLANE ( 'NONE',  #1315 ) ;
#4215 = CARTESIAN_POINT ( 'NONE',  ( 63.16381582300087416, -117.6664412285191332, 0.000000000000000000 ) ) ;
#4216 = ORIENTED_EDGE ( 'NONE', *, *, #1483, .F. ) ;
#4217 = VERTEX_POINT ( 'NONE', #3985 ) ;
#4218 = VERTEX_POINT ( 'NONE', #1094 ) ;
#4219 = FACE_OUTER_BOUND ( 'NONE', #344, .T. ) ;
#4220 = CYLINDRICAL_SURFACE ( 'NONE', #1485, 5.000000000000004441 ) ;
#4221 = DIRECTION ( 'NONE',  ( 0.000000000000000000, 0.000000000000000000, 1.000000000000000000 ) ) ;
#4222 = ORIENTED_EDGE ( 'NONE', *, *, #1727, .T. ) ;
#4223 = DIRECTION ( 'NONE',  ( -0.000000000000000000, -0.000000000000000000, 1.000000000000000000 ) ) ;
#4224 = VERTEX_POINT ( 'NONE', #2365 ) ;
#4225 = EDGE_CURVE ( 'NONE', #1881, #4935, #3175, .T. ) ;
#4226 = EDGE_CURVE ( 'NONE', #1736, #27, #5268, .T. ) ;
#4227 = CARTESIAN_POINT ( 'NONE',  ( 32.63242362858680679, -139.9812849866596878, 158.4340709352140379 ) ) ;
#4228 = DIRECTION ( 'NONE',  ( 0.000000000000000000, 0.000000000000000000, 1.000000000000000000 ) ) ;
#4229 = CARTESIAN_POINT ( 'NONE',  ( 101.7034080011956263, 65.37003867919739264, 4.000000000000003553 ) ) ;
#4230 = EDGE_LOOP ( 'NONE', ( #4269, #1076, #3512, #2626 ) ) ;
#4231 = DIRECTION ( 'NONE',  ( -0.000000000000000000, 0.000000000000000000, 1.000000000000000000 ) ) ;
#4232 = EDGE_CURVE ( 'NONE', #435, #4502, #148, .T. ) ;
#4233 = FACE_BOUND ( 'NONE', #3138, .T. ) ;
#4234 = LINE ( 'NONE', #1809, #2736 ) ;
#4235 = DIRECTION ( 'NONE',  ( 1.000000000000000000, 0.000000000000000000, 0.000000000000000000 ) ) ;
#4236 = ORIENTED_EDGE ( 'NONE', *, *, #1865, .T. ) ;
#4237 = AXIS2_PLACEMENT_3D ( 'NONE', #4668, #2025, #3397 ) ;
#4238 = ORIENTED_EDGE ( 'NONE', *, *, #2767, .T. ) ;
#4239 = DIRECTION ( 'NONE',  ( 0.6041862106499933383, -0.7968431607665349414, 0.000000000000000000 ) ) ;
#4240 = CARTESIAN_POINT ( 'NONE',  ( 10.00000000001435474, 9.999999999980474286, 0.000000000000000000 ) ) ;
#4241 = AXIS2_PLACEMENT_3D ( 'NONE', #406, #1718, #1188 ) ;
#4242 = ORIENTED_EDGE ( 'NONE', *, *, #2681, .F. ) ;
#4243 = ORIENTED_EDGE ( 'NONE', *, *, #5419, .T. ) ;
#4244 = VERTEX_POINT ( 'NONE', #3228 ) ;
#4245 = CIRCLE ( 'NONE', #5490, 156.0500000007676249 ) ;
#4246 = AXIS2_PLACEMENT_3D ( 'NONE', #1994, #1970, #4897 ) ;
#4247 = EDGE_CURVE ( 'NONE', #3993, #1264, #2114, .T. ) ;
#4248 = ADVANCED_FACE ( 'NONE', ( #2786 ), #2811, .T. ) ;
#4249 = PLANE ( 'NONE',  #1716 ) ;
#4250 = DIRECTION ( 'NONE',  ( -0.000000000000000000, -0.000000000000000000, -1.000000000000000000 ) ) ;
#4251 = CIRCLE ( 'NONE', #1322, 3.000000000000002665 ) ;
#4252 = PLANE ( 'NONE',  #3806 ) ;
#4253 = ORIENTED_EDGE ( 'NONE', *, *, #2910, .F. ) ;
#4254 = LINE ( 'NONE', #4281, #1334 ) ;
#4255 = AXIS2_PLACEMENT_3D ( 'NONE', #1787, #4311, #1287 ) ;
#4256 = VERTEX_POINT ( 'NONE', #167 ) ;
#4257 = AXIS2_PLACEMENT_3D ( 'NONE', #3164, #4874, #584 ) ;
#4258 = PLANE ( 'NONE',  #2634 ) ;
#4259 = DIRECTION ( 'NONE',  ( 0.000000000000000000, 0.000000000000000000, -1.000000000000000000 ) ) ;
#4260 = VECTOR ( 'NONE', #99, 1000.000000000000114 ) ;
#4261 = LINE ( 'NONE', #2058, #2295 ) ;
#4262 = EDGE_CURVE ( 'NONE', #1032, #4018, #2279, .T. ) ;
#4263 = FACE_OUTER_BOUND ( 'NONE', #308, .T. ) ;
#4264 = DIRECTION ( 'NONE',  ( 0.8090169943749461190, 0.5877852522924750245, -0.000000000000000000 ) ) ;
#4265 = AXIS2_PLACEMENT_3D ( 'NONE', #857, #892, #3862 ) ;
#4266 = EDGE_CURVE ( 'NONE', #5089, #4201, #1920, .T. ) ;
#4267 = PLANE ( 'NONE',  #4785 ) ;
#4268 = ORIENTED_EDGE ( 'NONE', *, *, #4164, .T. ) ;
#4269 = ORIENTED_EDGE ( 'NONE', *, *, #1727, .F. ) ;
#4270 = DIRECTION ( 'NONE',  ( 0.000000000000000000, 0.000000000000000000, 1.000000000000000000 ) ) ;
#4271 = DIRECTION ( 'NONE',  ( 0.000000000000000000, 0.000000000000000000, 1.000000000000000000 ) ) ;
#4272 = EDGE_LOOP ( 'NONE', ( #2370, #179, #3717, #1101, #3061 ) ) ;
#4273 = ORIENTED_EDGE ( 'NONE', *, *, #1125, .T. ) ;
#4274 = ORIENTED_EDGE ( 'NONE', *, *, #1033, .T. ) ;
#4275 = DIRECTION ( 'NONE',  ( -1.000000000000000000, 0.000000000000000000, 0.000000000000000000 ) ) ;
#4276 = FACE_OUTER_BOUND ( 'NONE', #3121, .T. ) ;
#4277 = DIRECTION ( 'NONE',  ( 0.9876883405951405459, -0.1564344650402134385, 0.000000000000000000 ) ) ;
#4278 = ADVANCED_FACE ( 'NONE', ( #622 ), #1477, .F. ) ;
#4279 = EDGE_LOOP ( 'NONE', ( #4645, #4717, #3174, #4602 ) ) ;
#4280 = ADVANCED_FACE ( 'NONE', ( #132 ), #1070, .F. ) ;
#4281 = CARTESIAN_POINT ( 'NONE',  ( 42.97376278460060206, 86.59724438915462486, 122.0421419384104524 ) ) ;
#4282 = ORIENTED_EDGE ( 'NONE', *, *, #4938, .F. ) ;
#4283 = DIRECTION ( 'NONE',  ( -1.000000000000000000, 0.000000000000000000, 0.000000000000000000 ) ) ;
#4284 = CYLINDRICAL_SURFACE ( 'NONE', #2209, 1.549999999840907750 ) ;
#4285 = DIRECTION ( 'NONE',  ( -1.000000000000000000, -8.953411488912255676E-15, 0.000000000000000000 ) ) ;
#4286 = DIRECTION ( 'NONE',  ( -1.000000000000000000, 3.601257232813777978E-16, 0.000000000000000000 ) ) ;
#4287 = FACE_OUTER_BOUND ( 'NONE', #5164, .T. ) ;
#4288 = DIRECTION ( 'NONE',  ( -1.000000000000000000, 0.000000000000000000, 0.000000000000000000 ) ) ;
#4289 = ORIENTED_EDGE ( 'NONE', *, *, #5318, .T. ) ;
#4290 = ORIENTED_EDGE ( 'NONE', *, *, #1839, .F. ) ;
#4291 = LINE ( 'NONE', #3062, #2647 ) ;
#4292 = EDGE_CURVE ( 'NONE', #4199, #2518, #1838, .T. ) ;
#4293 = EDGE_CURVE ( 'NONE', #1155, #2001, #5142, .T. ) ;
#4294 = CARTESIAN_POINT ( 'NONE',  ( 34.50000000000000711, -3.250000000000000000, 0.000000000000000000 ) ) ;
#4295 = VERTEX_POINT ( 'NONE', #250 ) ;
#4296 = EDGE_LOOP ( 'NONE', ( #4049, #1640 ) ) ;
#4297 = ORIENTED_EDGE ( 'NONE', *, *, #2919, .F. ) ;
#4298 = CARTESIAN_POINT ( 'NONE',  ( 33.92105049611641476, 87.54656535792219074, 4.000000000000003553 ) ) ;
#4299 = CARTESIAN_POINT ( 'NONE',  ( 112.8586053561403162, -73.47476396585766167, 158.4340709352140379 ) ) ;
#4300 = EDGE_LOOP ( 'NONE', ( #3118, #3602 ) ) ;
#4301 = CARTESIAN_POINT ( 'NONE',  ( 85.58371465195853034, 75.46793915741655212, 0.000000000000000000 ) ) ;
#4302 = VERTEX_POINT ( 'NONE', #5244 ) ;
#4303 = LINE ( 'NONE', #3051, #1037 ) ;
#4304 = EDGE_CURVE ( 'NONE', #2738, #5138, #3119, .T. ) ;
#4305 = DIRECTION ( 'NONE',  ( -0.000000000000000000, -0.000000000000000000, -1.000000000000000000 ) ) ;
#4306 = FACE_OUTER_BOUND ( 'NONE', #2726, .T. ) ;
#4307 = DIRECTION ( 'NONE',  ( 0.000000000000000000, 0.000000000000000000, 1.000000000000000000 ) ) ;
#4308 = DIRECTION ( 'NONE',  ( 0.000000000000000000, 0.000000000000000000, 1.000000000000000000 ) ) ;
#4309 = EDGE_CURVE ( 'NONE', #1358, #2984, #3536, .T. ) ;
#4310 = ADVANCED_FACE ( 'NONE', ( #1009 ), #4846, .T. ) ;
#4311 = DIRECTION ( 'NONE',  ( -0.000000000000000000, 0.000000000000000000, 1.000000000000000000 ) ) ;
#4312 = CARTESIAN_POINT ( 'NONE',  ( 74.12024202303582854, -46.74411714516924121, 0.000000000000000000 ) ) ;
#4313 = ORIENTED_EDGE ( 'NONE', *, *, #1927, .F. ) ;
#4314 = VERTEX_POINT ( 'NONE', #4015 ) ;
#4315 = DIRECTION ( 'NONE',  ( -0.000000000000000000, -0.000000000000000000, -1.000000000000000000 ) ) ;
#4316 = DIRECTION ( 'NONE',  ( -1.000000000000000000, 0.000000000000000000, 0.000000000000000000 ) ) ;
#4317 = ORIENTED_EDGE ( 'NONE', *, *, #2386, .T. ) ;
#4318 = VECTOR ( 'NONE', #1168, 1000.000000000000000 ) ;
#4319 = ORIENTED_EDGE ( 'NONE', *, *, #3205, .T. ) ;
#4320 = VERTEX_POINT ( 'NONE', #195 ) ;
#4321 = EDGE_CURVE ( 'NONE', #2583, #1197, #3625, .T. ) ;
#4322 = DIRECTION ( 'NONE',  ( -1.000000000000000000, 0.000000000000000000, 0.000000000000000000 ) ) ;
#4323 = VECTOR ( 'NONE', #1088, 1000.000000000000000 ) ;
#4324 = FACE_OUTER_BOUND ( 'NONE', #205, .T. ) ;
#4325 = VERTEX_POINT ( 'NONE', #3203 ) ;
#4326 = AXIS2_PLACEMENT_3D ( 'NONE', #3053, #579, #1419 ) ;
#4327 = DIRECTION ( 'NONE',  ( 0.000000000000000000, 0.000000000000000000, -1.000000000000000000 ) ) ;
#4328 = VERTEX_POINT ( 'NONE', #1644 ) ;
#4329 = EDGE_CURVE ( 'NONE', #3780, #4380, #2507, .T. ) ;
#4330 = ORIENTED_EDGE ( 'NONE', *, *, #2579, .T. ) ;
#4331 = CYLINDRICAL_SURFACE ( 'NONE', #3956, 34.25850751875840672 ) ;
#4332 = LINE ( 'NONE', #1826, #2185 ) ;
#4333 = CIRCLE ( 'NONE', #5220, 5.000000000000004441 ) ;
#4334 = DIRECTION ( 'NONE',  ( 0.000000000000000000, 0.000000000000000000, 1.000000000000000000 ) ) ;
#4335 = VECTOR ( 'NONE', #755, 1000.000000000000000 ) ;
#4336 = DIRECTION ( 'NONE',  ( -1.000000000000000000, 0.000000000000000000, -0.000000000000000000 ) ) ;
#4337 = DIRECTION ( 'NONE',  ( -0.9821875329889230288, -0.1879032997079429224, 0.000000000000000000 ) ) ;
#4338 = VECTOR ( 'NONE', #4673, 1000.000000000000000 ) ;
#4339 = AXIS2_PLACEMENT_3D ( 'NONE', #731, #2369, #4960 ) ;
#4340 = CARTESIAN_POINT ( 'NONE',  ( 41.74360599679734207, -122.1733408715606970, 4.000000000000003553 ) ) ;
#4341 = DIRECTION ( 'NONE',  ( -1.000000000000000000, 0.000000000000000000, 0.000000000000000000 ) ) ;
#4342 = VECTOR ( 'NONE', #359, 999.9999999999998863 ) ;
#4343 = CIRCLE ( 'NONE', #4257, 96.68976941081567134 ) ;
#4344 = CARTESIAN_POINT ( 'NONE',  ( 174.7882775241196214, 0.1983068000791232688, 4.000000000000003553 ) ) ;
#4345 = EDGE_CURVE ( 'NONE', #198, #3388, #4871, .T. ) ;
#4346 = ORIENTED_EDGE ( 'NONE', *, *, #3718, .T. ) ;
#4347 = EDGE_CURVE ( 'NONE', #4657, #761, #334, .T. ) ;
#4348 = AXIS2_PLACEMENT_3D ( 'NONE', #40, #2188, #1284 ) ;
#4349 = VECTOR ( 'NONE', #3400, 1000.000000000000000 ) ;
#4350 = VERTEX_POINT ( 'NONE', #2396 ) ;
#4351 = CARTESIAN_POINT ( 'NONE',  ( 21.95000000026349696, 21.71275603998089565, 0.000000000000000000 ) ) ;
#4352 = CARTESIAN_POINT ( 'NONE',  ( 99.85364403533773725, -75.00000000000000000, 0.000000000000000000 ) ) ;
#4353 = VECTOR ( 'NONE', #2625, 999.9999999999998863 ) ;
#4354 = AXIS2_PLACEMENT_3D ( 'NONE', #287, #3150, #736 ) ;
#4355 = EDGE_LOOP ( 'NONE', ( #4378, #1617, #3936, #3961 ) ) ;
#4356 = VERTEX_POINT ( 'NONE', #4624 ) ;
#4357 = VECTOR ( 'NONE', #3619, 1000.000000000000000 ) ;
#4358 = CARTESIAN_POINT ( 'NONE',  ( 102.0162769312760815, 67.34541536038767617, 0.000000000000000000 ) ) ;
#4359 = ORIENTED_EDGE ( 'NONE', *, *, #3526, .T. ) ;
#4360 = CARTESIAN_POINT ( 'NONE',  ( 13.70000000003316742, -15.25000000001736389, 4.000000000000000000 ) ) ;
#4361 = VERTEX_POINT ( 'NONE', #1229 ) ;
#4362 = ORIENTED_EDGE ( 'NONE', *, *, #885, .T. ) ;
#4363 = CARTESIAN_POINT ( 'NONE',  ( 95.33158597491306807, -74.68145017613935011, 0.000000000000000000 ) ) ;
#4364 = CARTESIAN_POINT ( 'NONE',  ( 101.7034080011956263, 65.37003867919739264, 0.000000000000000000 ) ) ;
#4365 = DIRECTION ( 'NONE',  ( 0.000000000000000000, 0.000000000000000000, 1.000000000000000000 ) ) ;
#4366 = EDGE_CURVE ( 'NONE', #2476, #3469, #2866, .T. ) ;
#4367 = PLANE ( 'NONE',  #3172 ) ;
#4368 = DIRECTION ( 'NONE',  ( -0.000000000000000000, -0.000000000000000000, 1.000000000000000000 ) ) ;
#4369 = DIRECTION ( 'NONE',  ( -1.000000000000000000, 0.000000000000000000, 0.000000000000000000 ) ) ;
#4370 = DIRECTION ( 'NONE',  ( 0.9876883405951374373, -0.1564344650402327008, 0.000000000000000000 ) ) ;
#4371 = CARTESIAN_POINT ( 'NONE',  ( 13.82499999999553708, -12.75000000001738520, 4.000000000000000000 ) ) ;
#4372 = EDGE_LOOP ( 'NONE', ( #1546, #1512, #5381, #544 ) ) ;
#4373 = EDGE_LOOP ( 'NONE', ( #1636, #4209, #1299, #2867 ) ) ;
#4374 = CARTESIAN_POINT ( 'NONE',  ( 25.05000000026349127, 21.71275603998089565, 4.000000000000003553 ) ) ;
#4375 = CARTESIAN_POINT ( 'NONE',  ( 110.8832286749500611, 73.78763289593814534, 0.000000000000000000 ) ) ;
#4376 = ADVANCED_FACE ( 'NONE', ( #2422 ), #2035, .F. ) ;
#4377 = ORIENTED_EDGE ( 'NONE', *, *, #4768, .F. ) ;
#4378 = ORIENTED_EDGE ( 'NONE', *, *, #3568, .F. ) ;
#4379 = LINE ( 'NONE', #1739, #3027 ) ;
#4380 = VERTEX_POINT ( 'NONE', #4956 ) ;
#4381 = FACE_BOUND ( 'NONE', #4013, .T. ) ;
#4382 = VERTEX_POINT ( 'NONE', #5430 ) ;
#4383 = ORIENTED_EDGE ( 'NONE', *, *, #1359, .F. ) ;
#4384 = VERTEX_POINT ( 'NONE', #3342 ) ;
#4385 = DIRECTION ( 'NONE',  ( -0.000000000000000000, -0.000000000000000000, -1.000000000000000000 ) ) ;
#4386 = DIRECTION ( 'NONE',  ( 0.000000000000000000, 0.000000000000000000, -1.000000000000000000 ) ) ;
#4387 = CARTESIAN_POINT ( 'NONE',  ( 8.925000000022373925, 9.999999999980474286, 4.000000000000000000 ) ) ;
#4388 = CARTESIAN_POINT ( 'NONE',  ( 84.57188721663538900, 76.86060014603205559, 0.000000000000000000 ) ) ;
#4389 = DIRECTION ( 'NONE',  ( -0.9876883405951374373, 0.1564344650402327008, 0.000000000000000000 ) ) ;
#4390 = EDGE_CURVE ( 'NONE', #2047, #469, #3315, .T. ) ;
#4391 = CARTESIAN_POINT ( 'NONE',  ( 86.61233884345612921, -74.05215941727990980, 0.000000000000000000 ) ) ;
#4392 = DIRECTION ( 'NONE',  ( -1.000000000000000000, 0.000000000000000000, 0.000000000000000000 ) ) ;
#4393 = DIRECTION ( 'NONE',  ( -1.000000000000000000, -5.171196367145139164E-16, 0.000000000000000000 ) ) ;
#4394 = ORIENTED_EDGE ( 'NONE', *, *, #2807, .F. ) ;
#4395 = EDGE_CURVE ( 'NONE', #2257, #1835, #5488, .T. ) ;
#4396 = VECTOR ( 'NONE', #5305, 1000.000000000000000 ) ;
#4397 = ORIENTED_EDGE ( 'NONE', *, *, #2949, .F. ) ;
#4398 = CARTESIAN_POINT ( 'NONE',  ( 87.33223417340103367, -72.08654941181339382, 158.4340709352140379 ) ) ;
#4399 = ORIENTED_EDGE ( 'NONE', *, *, #1302, .T. ) ;
#4400 = VERTEX_POINT ( 'NONE', #4988 ) ;
#4401 = CARTESIAN_POINT ( 'NONE',  ( 110.8832286749500327, -73.78763289593814534, 0.000000000000000000 ) ) ;
#4402 = AXIS2_PLACEMENT_3D ( 'NONE', #3897, #2271, #503 ) ;
#4403 = ORIENTED_EDGE ( 'NONE', *, *, #1386, .T. ) ;
#4404 = CARTESIAN_POINT ( 'NONE',  ( 36.05000000000001137, 90.84999999999999432, 4.000000000000003553 ) ) ;
#4405 = ORIENTED_EDGE ( 'NONE', *, *, #2332, .F. ) ;
#4406 = EDGE_CURVE ( 'NONE', #550, #5399, #391, .T. ) ;
#4407 = ADVANCED_FACE ( 'NONE', ( #3376 ), #4562, .F. ) ;
#4408 = AXIS2_PLACEMENT_3D ( 'NONE', #895, #2469, #3813 ) ;
#4409 = VERTEX_POINT ( 'NONE', #1673 ) ;
#4410 = CARTESIAN_POINT ( 'NONE',  ( 10.00000000001435474, 9.999999999980474286, 4.000000000000000000 ) ) ;
#4411 = CYLINDRICAL_SURFACE ( 'NONE', #4770, 1.074999999981188115 ) ;
#4412 = DIRECTION ( 'NONE',  ( -0.000000000000000000, -0.000000000000000000, -1.000000000000000000 ) ) ;
#4413 = VECTOR ( 'NONE', #1493, 1000.000000000000000 ) ;
#4414 = CARTESIAN_POINT ( 'NONE',  ( 42.49422145540807350, 31.99999999999100098, 4.000000000000000000 ) ) ;
#4415 = DIRECTION ( 'NONE',  ( -0.000000000000000000, -0.000000000000000000, 1.000000000000000000 ) ) ;
#4416 = CIRCLE ( 'NONE', #2462, 5.000000000000004441 ) ;
#4417 = PLANE ( 'NONE',  #5491 ) ;
#4418 = CIRCLE ( 'NONE', #2021, 1.549999999840907750 ) ;
#4419 = DIRECTION ( 'NONE',  ( 0.000000000000000000, 0.000000000000000000, 1.000000000000000000 ) ) ;
#4420 = CARTESIAN_POINT ( 'NONE',  ( 0.2499999999999915623, -4.699596770006045254, 0.000000000000000000 ) ) ;
#4421 = ADVANCED_FACE ( 'NONE', ( #5080 ), #1263, .F. ) ;
#4422 = VECTOR ( 'NONE', #2255, 1000.000000000000000 ) ;
#4423 = AXIS2_PLACEMENT_3D ( 'NONE', #4299, #4433, #221 ) ;
#4424 = DIRECTION ( 'NONE',  ( 0.000000000000000000, 0.000000000000000000, 1.000000000000000000 ) ) ;
#4425 = ORIENTED_EDGE ( 'NONE', *, *, #1596, .T. ) ;
#4426 = ORIENTED_EDGE ( 'NONE', *, *, #2836, .T. ) ;
#4427 = VECTOR ( 'NONE', #1989, 1000.000000000000000 ) ;
#4428 = CIRCLE ( 'NONE', #68, 1.550000000000023581 ) ;
#4429 = DIRECTION ( 'NONE',  ( -1.000000000000000000, 0.000000000000000000, 0.000000000000000000 ) ) ;
#4430 = AXIS2_PLACEMENT_3D ( 'NONE', #820, #5106, #4235 ) ;
#4431 = DIRECTION ( 'NONE',  ( -0.1564344650402113568, -0.9876883405951407680, 0.000000000000000000 ) ) ;
#4432 = EDGE_CURVE ( 'NONE', #5112, #2493, #4150, .T. ) ;
#4433 = DIRECTION ( 'NONE',  ( -0.000000000000000000, -0.000000000000000000, -1.000000000000000000 ) ) ;
#4434 = EDGE_LOOP ( 'NONE', ( #3401, #4928, #1648, #281 ) ) ;
#4435 = AXIS2_PLACEMENT_3D ( 'NONE', #2670, #999, #554 ) ;
#4436 = AXIS2_PLACEMENT_3D ( 'NONE', #2191, #3560, #78 ) ;
#4437 = VERTEX_POINT ( 'NONE', #2891 ) ;
#4438 = CARTESIAN_POINT ( 'NONE',  ( 1.544597783009749037E-11, -126.6225185911903139, 4.000000000000000000 ) ) ;
#4439 = CIRCLE ( 'NONE', #1691, 1.550000000000051337 ) ;
#4440 = VECTOR ( 'NONE', #3942, 1000.000000000000000 ) ;
#4441 = ORIENTED_EDGE ( 'NONE', *, *, #1780, .T. ) ;
#4442 = CARTESIAN_POINT ( 'NONE',  ( 0.2499999999999966971, -21.56440012393388983, 0.000000000000000000 ) ) ;
#4443 = ORIENTED_EDGE ( 'NONE', *, *, #4025, .F. ) ;
#4444 = VERTEX_POINT ( 'NONE', #2062 ) ;
#4445 = CARTESIAN_POINT ( 'NONE',  ( 71.08098388797837686, -137.8806404420012655, 4.000000000000003553 ) ) ;
#4446 = DIRECTION ( 'NONE',  ( -0.000000000000000000, -0.000000000000000000, -1.000000000000000000 ) ) ;
#4447 = DIRECTION ( 'NONE',  ( 0.1564344650402327008, 0.9876883405951374373, 0.000000000000000000 ) ) ;
#4448 = EDGE_CURVE ( 'NONE', #408, #5295, #5057, .T. ) ;
#4449 = AXIS2_PLACEMENT_3D ( 'NONE', #817, #1228, #3761 ) ;
#4450 = EDGE_CURVE ( 'NONE', #2682, #1894, #3762, .T. ) ;
#4451 = CARTESIAN_POINT ( 'NONE',  ( 21.95000000026349696, 21.71275603998089565, 4.000000000000003553 ) ) ;
#4452 = DIRECTION ( 'NONE',  ( -0.8888809016376397754, 0.4581383445028986978, 0.000000000000000000 ) ) ;
#4453 = CARTESIAN_POINT ( 'NONE',  ( 86.61233884345611500, -74.05215941727993822, 4.000000000000003553 ) ) ;
#4454 = LINE ( 'NONE', #2757, #3541 ) ;
#4455 = LINE ( 'NONE', #2675, #5233 ) ;
#4456 = ORIENTED_EDGE ( 'NONE', *, *, #4786, .F. ) ;
#4457 = EDGE_LOOP ( 'NONE', ( #3334, #1034 ) ) ;
#4458 = CARTESIAN_POINT ( 'NONE',  ( 81.53862968008381529, 72.52901289595419598, 4.000000000000000000 ) ) ;
#4459 = CARTESIAN_POINT ( 'NONE',  ( 0.2499999999999966971, -21.56440012393388983, 4.000000000000000000 ) ) ;
#4460 = ORIENTED_EDGE ( 'NONE', *, *, #1767, .F. ) ;
#4461 = EDGE_CURVE ( 'NONE', #4727, #3354, #517, .T. ) ;
#4462 = ADVANCED_FACE ( 'NONE', ( #1981 ), #1561, .T. ) ;
#4463 = LINE ( 'NONE', #3122, #5394 ) ;
#4464 = ORIENTED_EDGE ( 'NONE', *, *, #4347, .F. ) ;
#4465 = LINE ( 'NONE', #2348, #4708 ) ;
#4466 = ORIENTED_EDGE ( 'NONE', *, *, #4090, .T. ) ;
#4467 = ORIENTED_EDGE ( 'NONE', *, *, #776, .T. ) ;
#4468 = FACE_OUTER_BOUND ( 'NONE', #3943, .T. ) ;
#4469 = CARTESIAN_POINT ( 'NONE',  ( 93.35620929372277033, -74.99431910621983377, 4.000000000000003553 ) ) ;
#4470 = CARTESIAN_POINT ( 'NONE',  ( 47.50030153647241349, -136.9293470354195676, 0.000000000000000000 ) ) ;
#4471 = FACE_OUTER_BOUND ( 'NONE', #1558, .T. ) ;
#4472 = DIRECTION ( 'NONE',  ( -0.000000000000000000, -0.000000000000000000, -1.000000000000000000 ) ) ;
#4473 = LINE ( 'NONE', #1912, #2551 ) ;
#4474 = DIRECTION ( 'NONE',  ( -1.000000000000000000, 0.000000000000000000, 0.000000000000000000 ) ) ;
#4475 = CARTESIAN_POINT ( 'NONE',  ( 33.43610365448986954, 84.48473150207676952, 0.000000000000000000 ) ) ;
#4476 = LINE ( 'NONE', #2361, #3457 ) ;
#4477 = ORIENTED_EDGE ( 'NONE', *, *, #1482, .F. ) ;
#4478 = EDGE_CURVE ( 'NONE', #2047, #2200, #5524, .T. ) ;
#4479 = EDGE_CURVE ( 'NONE', #4677, #4658, #959, .T. ) ;
#4480 = CARTESIAN_POINT ( 'NONE',  ( 103.2343249291180882, -65.12756525838503308, 158.4340709352140379 ) ) ;
#4481 = CARTESIAN_POINT ( 'NONE',  ( 10.72106687960860150, -142.6614462571512263, 0.000000000000000000 ) ) ;
#4482 =( NAMED_UNIT ( * ) PLANE_ANGLE_UNIT ( ) SI_UNIT ( $, .RADIAN. ) );
#4483 = DIRECTION ( 'NONE',  ( -0.7875084190907025716, -0.6163038940825071865, 0.000000000000000000 ) ) ;
#4484 = ORIENTED_EDGE ( 'NONE', *, *, #5218, .T. ) ;
#4485 = CARTESIAN_POINT ( 'NONE',  ( 90.65742381533090111, -76.99108567874223752, 4.000000000000003553 ) ) ;
#4486 = EDGE_CURVE ( 'NONE', #5194, #2236, #923, .T. ) ;
#4487 = ORIENTED_EDGE ( 'NONE', *, *, #3398, .F. ) ;
#4488 = FACE_OUTER_BOUND ( 'NONE', #126, .T. ) ;
#4489 = EDGE_LOOP ( 'NONE', ( #2517, #456 ) ) ;
#4490 = EDGE_LOOP ( 'NONE', ( #1619, #3833, #4477, #3016 ) ) ;
#4491 = DIRECTION ( 'NONE',  ( 0.000000000000000000, -1.000000000000000000, 0.000000000000000000 ) ) ;
#4492 = CARTESIAN_POINT ( 'NONE',  ( 25.05000000026349127, 21.71275603998089565, 4.000000000000003553 ) ) ;
#4493 = EDGE_CURVE ( 'NONE', #3394, #2476, #4510, .T. ) ;
#4494 = DIRECTION ( 'NONE',  ( -0.1564344650402134662, -0.9876883405951405459, 0.000000000000000000 ) ) ;
#4495 = AXIS2_PLACEMENT_3D ( 'NONE', #4556, #745, #1501 ) ;
#4496 = DIRECTION ( 'NONE',  ( 1.000000000000000000, 0.000000000000000000, 0.000000000000000000 ) ) ;
#4497 = CARTESIAN_POINT ( 'NONE',  ( 1.552276375145867094E-11, 86.59724438915463907, 122.0421419384104524 ) ) ;
#4498 = FACE_OUTER_BOUND ( 'NONE', #585, .T. ) ;
#4499 = DIRECTION ( 'NONE',  ( -1.000000000000000000, 0.000000000000000000, 0.000000000000000000 ) ) ;
#4500 = AXIS2_PLACEMENT_3D ( 'NONE', #1301, #1028, #4946 ) ;
#4501 = CARTESIAN_POINT ( 'NONE',  ( 111.1257020957624491, -75.31854982386063568, 4.000000000000003553 ) ) ;
#4502 = VERTEX_POINT ( 'NONE', #535 ) ;
#4503 = AXIS2_PLACEMENT_3D ( 'NONE', #3145, #5296, #2345 ) ;
#4504 = AXIS2_PLACEMENT_3D ( 'NONE', #1859, #3559, #2693 ) ;
#4505 = DIRECTION ( 'NONE',  ( -1.000000000000000000, 0.000000000000000000, 0.000000000000000000 ) ) ;
#4506 = ORIENTED_EDGE ( 'NONE', *, *, #220, .F. ) ;
#4507 = DIRECTION ( 'NONE',  ( 0.1564344650402134385, 0.9876883405951405459, 0.000000000000000000 ) ) ;
#4508 = CARTESIAN_POINT ( 'NONE',  ( 71.08098388797837686, -137.8806404420012655, 122.0421419384104524 ) ) ;
#4509 = VERTEX_POINT ( 'NONE', #3032 ) ;
#4510 = CIRCLE ( 'NONE', #427, 34.63151962204202761 ) ;
#4511 = VECTOR ( 'NONE', #5404, 1000.000000000000000 ) ;
#4512 = EDGE_CURVE ( 'NONE', #2039, #1660, #3898, .T. ) ;
#4513 = ADVANCED_FACE ( 'NONE', ( #2146 ), #4759, .F. ) ;
#4514 = DIRECTION ( 'NONE',  ( -0.000000000000000000, -0.000000000000000000, 1.000000000000000000 ) ) ;
#4515 = ORIENTED_EDGE ( 'NONE', *, *, #4670, .T. ) ;
#4516 = VECTOR ( 'NONE', #614, 1000.000000000000000 ) ;
#4517 = CIRCLE ( 'NONE', #1143, 34.25850751875839961 ) ;
#4518 = CARTESIAN_POINT ( 'NONE',  ( 104.4410111393996914, 82.65458463961226698, 4.000000000000003553 ) ) ;
#4519 = CIRCLE ( 'NONE', #5154, 1.550000000000051337 ) ;
#4520 = EDGE_LOOP ( 'NONE', ( #2149, #4800, #3707, #3747 ) ) ;
#4521 = VERTEX_POINT ( 'NONE', #2563 ) ;
#4522 = CARTESIAN_POINT ( 'NONE',  ( 33.89826499319621433, -122.9830445454352059, 4.000000000000003553 ) ) ;
#4523 = VERTEX_POINT ( 'NONE', #3847 ) ;
#4524 = AXIS2_PLACEMENT_3D ( 'NONE', #1010, #4881, #1957 ) ;
#4525 = CARTESIAN_POINT ( 'NONE',  ( 152.1149918220219206, -16.10450788531692012, 122.0421419384104524 ) ) ;
#4526 = CIRCLE ( 'NONE', #4085, 0.5000000000000004441 ) ;
#4527 = DIRECTION ( 'NONE',  ( 0.000000000000000000, 0.000000000000000000, 1.000000000000000000 ) ) ;
#4528 = DIRECTION ( 'NONE',  ( -1.000000000000000000, 0.000000000000000000, 0.000000000000000000 ) ) ;
#4529 = DIRECTION ( 'NONE',  ( 0.000000000000000000, 0.000000000000000000, 1.000000000000000000 ) ) ;
#4530 = CARTESIAN_POINT ( 'NONE',  ( 109.2641073475735993, 90.50568972413942959, 4.000000000000003553 ) ) ;
#4531 = ADVANCED_FACE ( 'NONE', ( #4287 ), #3057, .F. ) ;
#4532 = FACE_OUTER_BOUND ( 'NONE', #2602, .T. ) ;
#4533 = CIRCLE ( 'NONE', #985, 1.074999999981188115 ) ;
#4534 = DIRECTION ( 'NONE',  ( 2.455601003620118906E-16, -1.000000000000000000, 0.000000000000000000 ) ) ;
#4535 = DIRECTION ( 'NONE',  ( 0.000000000000000000, 0.000000000000000000, 1.000000000000000000 ) ) ;
#4536 = ORIENTED_EDGE ( 'NONE', *, *, #5084, .F. ) ;
#4537 = CARTESIAN_POINT ( 'NONE',  ( 45.59422145508988677, 31.99999999999100098, 0.000000000000000000 ) ) ;
#4538 = LINE ( 'NONE', #1118, #3022 ) ;
#4539 = CARTESIAN_POINT ( 'NONE',  ( 1.534011322063681169E-11, 78.09724438915458222, 122.0421419384104524 ) ) ;
#4540 = ORIENTED_EDGE ( 'NONE', *, *, #2749, .F. ) ;
#4541 = DIRECTION ( 'NONE',  ( -1.000000000000000000, 0.000000000000000000, 0.000000000000000000 ) ) ;
#4542 = ORIENTED_EDGE ( 'NONE', *, *, #103, .T. ) ;
#4543 = ADVANCED_FACE ( 'NONE', ( #2535 ), #4648, .F. ) ;
#4544 = DIRECTION ( 'NONE',  ( -0.8093918166697310346, -0.5872690074472453059, 0.000000000000000000 ) ) ;
#4545 = VERTEX_POINT ( 'NONE', #479 ) ;
#4546 = DIRECTION ( 'NONE',  ( -1.000000000000000000, 0.000000000000000000, 0.000000000000000000 ) ) ;
#4547 = ORIENTED_EDGE ( 'NONE', *, *, #4938, .T. ) ;
#4548 = VECTOR ( 'NONE', #3300, 1000.000000000000000 ) ;
#4549 = EDGE_CURVE ( 'NONE', #769, #883, #4234, .T. ) ;
#4550 = EDGE_CURVE ( 'NONE', #171, #4256, #2287, .T. ) ;
#4551 = DIRECTION ( 'NONE',  ( -1.000000000000000000, 0.000000000000000000, 0.000000000000000000 ) ) ;
#4552 = LINE ( 'NONE', #2461, #4682 ) ;
#4553 = CARTESIAN_POINT ( 'NONE',  ( 74.12024202303582854, 46.74411714513228588, 0.000000000000000000 ) ) ;
#4554 = LINE ( 'NONE', #743, #2390 ) ;
#4555 = ORIENTED_EDGE ( 'NONE', *, *, #19, .F. ) ;
#4556 = CARTESIAN_POINT ( 'NONE',  ( 110.8832286749500611, 73.78763289593814534, 4.000000000000003553 ) ) ;
#4557 = CYLINDRICAL_SURFACE ( 'NONE', #2381, 3.000000000000002665 ) ;
#4558 = DIRECTION ( 'NONE',  ( -0.000000000000000000, -0.000000000000000000, 1.000000000000000000 ) ) ;
#4559 = ORIENTED_EDGE ( 'NONE', *, *, #3567, .F. ) ;
#4560 = FACE_OUTER_BOUND ( 'NONE', #306, .T. ) ;
#4561 = ORIENTED_EDGE ( 'NONE', *, *, #30, .F. ) ;
#4562 = PLANE ( 'NONE',  #2819 ) ;
#4563 = ORIENTED_EDGE ( 'NONE', *, *, #2122, .F. ) ;
#4564 = CARTESIAN_POINT ( 'NONE',  ( 109.2641073475735993, 90.50568972413942959, 122.0421419384104524 ) ) ;
#4565 = EDGE_CURVE ( 'NONE', #651, #4742, #2825, .T. ) ;
#4566 = VERTEX_POINT ( 'NONE', #2646 ) ;
#4567 = LINE ( 'NONE', #733, #4064 ) ;
#4568 = LINE ( 'NONE', #759, #4798 ) ;
#4569 = ORIENTED_EDGE ( 'NONE', *, *, #5046, .F. ) ;
#4570 = EDGE_LOOP ( 'NONE', ( #1103, #2347, #3791, #3161 ) ) ;
#4571 = CARTESIAN_POINT ( 'NONE',  ( 13.77609861498592991, 22.92434429574829835, 4.000000000000000000 ) ) ;
#4572 = ORIENTED_EDGE ( 'NONE', *, *, #543, .F. ) ;
#4573 = LINE ( 'NONE', #740, #4548 ) ;
#4574 = DIRECTION ( 'NONE',  ( -0.000000000000000000, -0.000000000000000000, -1.000000000000000000 ) ) ;
#4575 = DIRECTION ( 'NONE',  ( -0.000000000000000000, -0.000000000000000000, -1.000000000000000000 ) ) ;
#4576 = EDGE_CURVE ( 'NONE', #2663, #2578, #3929, .T. ) ;
#4577 = VERTEX_POINT ( 'NONE', #105 ) ;
#4578 = EDGE_CURVE ( 'NONE', #5399, #1950, #4784, .T. ) ;
#4579 = DIRECTION ( 'NONE',  ( 0.000000000000000000, 0.000000000000000000, -1.000000000000000000 ) ) ;
#4580 = VERTEX_POINT ( 'NONE', #5205 ) ;
#4581 = FACE_OUTER_BOUND ( 'NONE', #1457, .T. ) ;
#4582 = LINE ( 'NONE', #2835, #1057 ) ;
#4583 = VECTOR ( 'NONE', #4386, 1000.000000000000000 ) ;
#4584 = CARTESIAN_POINT ( 'NONE',  ( 100.3965172325348192, -92.44515149603626014, 158.4340709352140379 ) ) ;
#4585 = ORIENTED_EDGE ( 'NONE', *, *, #655, .F. ) ;
#4586 = CIRCLE ( 'NONE', #1657, 4.999999999999997335 ) ;
#4587 = CARTESIAN_POINT ( 'NONE',  ( 100.3965172325348618, -92.44515149603623172, 0.000000000000000000 ) ) ;
#4588 = FACE_BOUND ( 'NONE', #4825, .T. ) ;
#4589 = DIRECTION ( 'NONE',  ( -0.000000000000000000, -0.000000000000000000, -1.000000000000000000 ) ) ;
#4590 = EDGE_CURVE ( 'NONE', #411, #374, #3427, .T. ) ;
#4591 = VERTEX_POINT ( 'NONE', #2973 ) ;
#4592 = VECTOR ( 'NONE', #4574, 1000.000000000000000 ) ;
#4593 = LINE ( 'NONE', #2483, #2648 ) ;
#4594 = ORIENTED_EDGE ( 'NONE', *, *, #1434, .F. ) ;
#4595 = ORIENTED_EDGE ( 'NONE', *, *, #20, .F. ) ;
#4596 = AXIS2_PLACEMENT_3D ( 'NONE', #2068, #2900, #4597 ) ;
#4597 = DIRECTION ( 'NONE',  ( -1.000000000000000000, 0.000000000000000000, 0.000000000000000000 ) ) ;
#4598 = CIRCLE ( 'NONE', #60, 1.550000000000037570 ) ;
#4599 = EDGE_CURVE ( 'NONE', #1080, #3574, #4428, .T. ) ;
#4600 = FACE_OUTER_BOUND ( 'NONE', #3919, .T. ) ;
#4601 = ORIENTED_EDGE ( 'NONE', *, *, #3576, .F. ) ;
#4602 = ORIENTED_EDGE ( 'NONE', *, *, #3361, .T. ) ;
#4603 = AXIS2_PLACEMENT_3D ( 'NONE', #4208, #3703, #2480 ) ;
#4604 = CIRCLE ( 'NONE', #337, 1.549999999981177545 ) ;
#4605 = ORIENTED_EDGE ( 'NONE', *, *, #4266, .F. ) ;
#4606 = CARTESIAN_POINT ( 'NONE',  ( 91.25795490621224815, -86.15536419062809159, 4.000000000000003553 ) ) ;
#4607 = CARTESIAN_POINT ( 'NONE',  ( 16.79999999999552074, -15.25000000001736389, 4.000000000000000000 ) ) ;
#4608 = AXIS2_PLACEMENT_3D ( 'NONE', #1581, #4141, #4499 ) ;
#4609 = CARTESIAN_POINT ( 'NONE',  ( 84.57188721663543163, 76.86060014603202717, 0.000000000000000000 ) ) ;
#4610 = EDGE_LOOP ( 'NONE', ( #796, #3073, #932, #5198 ) ) ;
#4611 = CARTESIAN_POINT ( 'NONE',  ( 13.82500000000634266, 12.74999999998042810, 0.000000000000000000 ) ) ;
#4612 = VECTOR ( 'NONE', #4052, 1000.000000000000000 ) ;
#4613 = CIRCLE ( 'NONE', #77, 1.550000000000051337 ) ;
#4614 = ORIENTED_EDGE ( 'NONE', *, *, #311, .T. ) ;
#4615 = CARTESIAN_POINT ( 'NONE',  ( 0.2499999999999987510, -29.93307237953434097, 4.000000000000000000 ) ) ;
#4616 = ADVANCED_FACE ( 'NONE', ( #4707 ), #3871, .T. ) ;
#4617 = DIRECTION ( 'NONE',  ( -1.000000000000000000, 0.000000000000000000, 0.000000000000000000 ) ) ;
#4618 = VECTOR ( 'NONE', #2175, 1000.000000000000000 ) ;
#4619 = VECTOR ( 'NONE', #2664, 1000.000000000000114 ) ;
#4620 = DIRECTION ( 'NONE',  ( -0.000000000000000000, -0.000000000000000000, -1.000000000000000000 ) ) ;
#4621 = VERTEX_POINT ( 'NONE', #560 ) ;
#4622 = CARTESIAN_POINT ( 'NONE',  ( 112.8586053561403162, -73.47476396585766167, 0.000000000000000000 ) ) ;
#4623 = LINE ( 'NONE', #3341, #1162 ) ;
#4624 = CARTESIAN_POINT ( 'NONE',  ( 38.10125600164979431, -123.0534501274028685, 4.000000000000003553 ) ) ;
#4625 = ORIENTED_EDGE ( 'NONE', *, *, #2918, .T. ) ;
#4626 = CARTESIAN_POINT ( 'NONE',  ( 29.99999999999999645, 95.09724438915459643, 122.0421419384104524 ) ) ;
#4627 = ORIENTED_EDGE ( 'NONE', *, *, #5211, .F. ) ;
#4628 = VERTEX_POINT ( 'NONE', #5287 ) ;
#4629 = CARTESIAN_POINT ( 'NONE',  ( 39.33499999998124963, -139.4323004018817471, 158.4340709352140379 ) ) ;
#4630 = CARTESIAN_POINT ( 'NONE',  ( 13.70000000003316742, -15.25000000001736389, 0.000000000000000000 ) ) ;
#4631 = ORIENTED_EDGE ( 'NONE', *, *, #4726, .F. ) ;
#4632 = EDGE_LOOP ( 'NONE', ( #1066, #4212, #1917, #1074 ) ) ;
#4633 = EDGE_CURVE ( 'NONE', #4545, #3257, #644, .T. ) ;
#4634 = ORIENTED_EDGE ( 'NONE', *, *, #2122, .T. ) ;
#4635 = EDGE_CURVE ( 'NONE', #1599, #5069, #3199, .T. ) ;
#4636 = DIRECTION ( 'NONE',  ( -1.000000000000000000, 0.000000000000000000, 0.000000000000000000 ) ) ;
#4637 = FACE_OUTER_BOUND ( 'NONE', #2349, .T. ) ;
#4638 = DIRECTION ( 'NONE',  ( -1.000000000000000000, 0.000000000000000000, 0.000000000000000000 ) ) ;
#4639 = ORIENTED_EDGE ( 'NONE', *, *, #3083, .F. ) ;
#4640 = CARTESIAN_POINT ( 'NONE',  ( 100.1724910732731217, 65.61251210000982326, 4.000000000000003553 ) ) ;
#4641 = ORIENTED_EDGE ( 'NONE', *, *, #3515, .F. ) ;
#4642 = CARTESIAN_POINT ( 'NONE',  ( 100.3965172325348192, -92.44515149603626014, 4.000000000000003553 ) ) ;
#4643 = CARTESIAN_POINT ( 'NONE',  ( 101.2375583565955424, -62.42877977999324202, 0.000000000000000000 ) ) ;
#4644 = LINE ( 'NONE', #5125, #4349 ) ;
#4645 = ORIENTED_EDGE ( 'NONE', *, *, #3414, .T. ) ;
#4646 = FACE_OUTER_BOUND ( 'NONE', #873, .T. ) ;
#4647 = FACE_OUTER_BOUND ( 'NONE', #2037, .T. ) ;
#4648 = CYLINDRICAL_SURFACE ( 'NONE', #1940, 2.749999999941660001 ) ;
#4649 = DIRECTION ( 'NONE',  ( 1.000000000000000000, 0.000000000000000000, 0.000000000000000000 ) ) ;
#4650 = LINE ( 'NONE', #4674, #1769 ) ;
#4651 = ADVANCED_FACE ( 'NONE', ( #1889 ), #2250, .T. ) ;
#4652 = EDGE_LOOP ( 'NONE', ( #5501, #5255, #3963, #3672 ) ) ;
#4653 = EDGE_CURVE ( 'NONE', #4684, #1080, #2674, .T. ) ;
#4654 = VERTEX_POINT ( 'NONE', #2334 ) ;
#4655 = DIRECTION ( 'NONE',  ( -0.7968431607665349414, -0.6041862106499933383, 0.000000000000000000 ) ) ;
#4656 = DIRECTION ( 'NONE',  ( 1.000000000000000000, 0.000000000000000000, 0.000000000000000000 ) ) ;
#4657 = VERTEX_POINT ( 'NONE', #2720 ) ;
#4658 = VERTEX_POINT ( 'NONE', #3952 ) ;
#4659 = VERTEX_POINT ( 'NONE', #4870 ) ;
#4660 = DIRECTION ( 'NONE',  ( -1.000000000000000000, 0.000000000000000000, 0.000000000000000000 ) ) ;
#4661 = CARTESIAN_POINT ( 'NONE',  ( 86.09558993027845020, -69.65949842868853636, 0.000000000000000000 ) ) ;
#4662 = EDGE_CURVE ( 'NONE', #3944, #5112, #4788, .T. ) ;
#4663 = CARTESIAN_POINT ( 'NONE',  ( -16.05704015144976182, 40.51200993603342226, 0.000000000000000000 ) ) ;
#4664 = ORIENTED_EDGE ( 'NONE', *, *, #5297, .T. ) ;
#4665 = LINE ( 'NONE', #2140, #893 ) ;
#4666 = VECTOR ( 'NONE', #1991, 1000.000000000000000 ) ;
#4667 = EDGE_LOOP ( 'NONE', ( #594, #5049, #3966, #2324 ) ) ;
#4668 = CARTESIAN_POINT ( 'NONE',  ( 15.25000000001435652, 15.24999999998041567, 4.000000000000000000 ) ) ;
#4669 = FACE_OUTER_BOUND ( 'NONE', #4632, .T. ) ;
#4670 = EDGE_CURVE ( 'NONE', #1872, #3260, #3810, .T. ) ;
#4671 = DIRECTION ( 'NONE',  ( -0.000000000000000000, -0.000000000000000000, 1.000000000000000000 ) ) ;
#4672 = CARTESIAN_POINT ( 'NONE',  ( 103.5471938591985150, -67.10294193957530240, 158.4340709352140379 ) ) ;
#4673 = DIRECTION ( 'NONE',  ( -0.000000000000000000, -0.000000000000000000, -1.000000000000000000 ) ) ;
#4674 = CARTESIAN_POINT ( 'NONE',  ( 119.9379462564884307, 75.79468376984901568, 122.0421419384104524 ) ) ;
#4675 = EDGE_LOOP ( 'NONE', ( #2240, #2091, #2141, #4746 ) ) ;
#4676 = CIRCLE ( 'NONE', #4858, 1.550000000000051337 ) ;
#4677 = VERTEX_POINT ( 'NONE', #3535 ) ;
#4678 = CARTESIAN_POINT ( 'NONE',  ( 42.67120374928276760, -121.3046846752097707, 0.000000000000000000 ) ) ;
#4679 = EDGE_CURVE ( 'NONE', #5012, #4545, #4816, .T. ) ;
#4680 = LINE ( 'NONE', #4294, #3910 ) ;
#4681 = EDGE_CURVE ( 'NONE', #1128, #2493, #2306, .T. ) ;
#4682 = VECTOR ( 'NONE', #5030, 1000.000000000000000 ) ;
#4683 = EDGE_LOOP ( 'NONE', ( #524, #56, #4043, #5469, #1040, #1230 ) ) ;
#4684 = VERTEX_POINT ( 'NONE', #4036 ) ;
#4685 = ORIENTED_EDGE ( 'NONE', *, *, #362, .T. ) ;
#4686 = ORIENTED_EDGE ( 'NONE', *, *, #4075, .T. ) ;
#4687 = VECTOR ( 'NONE', #3209, 1000.000000000000000 ) ;
#4688 = DIRECTION ( 'NONE',  ( -0.000000000000000000, -0.000000000000000000, -1.000000000000000000 ) ) ;
#4689 = DIRECTION ( 'NONE',  ( -1.000000000000000000, 2.775557561562888984E-15, 0.000000000000000000 ) ) ;
#4690 = VECTOR ( 'NONE', #1956, 1000.000000000000114 ) ;
#4691 = VECTOR ( 'NONE', #3442, 1000.000000000000000 ) ;
#4692 = FACE_OUTER_BOUND ( 'NONE', #3493, .T. ) ;
#4693 = ORIENTED_EDGE ( 'NONE', *, *, #193, .F. ) ;
#4694 = CARTESIAN_POINT ( 'NONE',  ( 51.98359217584339120, -55.07324215923416233, 4.000000000000003553 ) ) ;
#4695 = VECTOR ( 'NONE', #5237, 1000.000000000000000 ) ;
#4696 = ORIENTED_EDGE ( 'NONE', *, *, #1406, .F. ) ;
#4697 = AXIS2_PLACEMENT_3D ( 'NONE', #697, #2861, #4950 ) ;
#4698 = CARTESIAN_POINT ( 'NONE',  ( 93.74806042483426438, 86.59724438915461064, 4.000000000000003553 ) ) ;
#4699 = PLANE ( 'NONE',  #3096 ) ;
#4700 = AXIS2_PLACEMENT_3D ( 'NONE', #1054, #5228, #3583 ) ;
#4701 = AXIS2_PLACEMENT_3D ( 'NONE', #1497, #4945, #690 ) ;
#4702 = CARTESIAN_POINT ( 'NONE',  ( -16.05704015144976182, 40.51200993603342226, 4.000000000000000000 ) ) ;
#4703 = EDGE_CURVE ( 'NONE', #1486, #3015, #3978, .T. ) ;
#4704 = ADVANCED_FACE ( 'NONE', ( #3135 ), #3162, .F. ) ;
#4705 = DIRECTION ( 'NONE',  ( 1.000000000000000000, 0.000000000000000000, 0.000000000000000000 ) ) ;
#4706 = AXIS2_PLACEMENT_3D ( 'NONE', #26, #5134, #1514 ) ;
#4707 = FACE_OUTER_BOUND ( 'NONE', #1778, .T. ) ;
#4708 = VECTOR ( 'NONE', #3601, 1000.000000000000000 ) ;
#4709 = LINE ( 'NONE', #3902, #3367 ) ;
#4710 = ORIENTED_EDGE ( 'NONE', *, *, #4953, .T. ) ;
#4711 = VECTOR ( 'NONE', #5330, 1000.000000000000227 ) ;
#4712 = VERTEX_POINT ( 'NONE', #1866 ) ;
#4713 = CARTESIAN_POINT ( 'NONE',  ( 34.00000000000000711, 3.250000000000000000, 0.000000000000000000 ) ) ;
#4714 = DIRECTION ( 'NONE',  ( 1.000000000000000000, 0.000000000000000000, 0.000000000000000000 ) ) ;
#4715 = AXIS2_PLACEMENT_3D ( 'NONE', #1173, #2865, #4149 ) ;
#4716 = ORIENTED_EDGE ( 'NONE', *, *, #2543, .F. ) ;
#4717 = ORIENTED_EDGE ( 'NONE', *, *, #2975, .T. ) ;
#4718 = VERTEX_POINT ( 'NONE', #127 ) ;
#4719 = EDGE_CURVE ( 'NONE', #5367, #2450, #4454, .T. ) ;
#4720 = AXIS2_PLACEMENT_3D ( 'NONE', #1300, #4769, #2684 ) ;
#4721 = DIRECTION ( 'NONE',  ( -1.000000000000000000, 0.000000000000000000, 0.000000000000000000 ) ) ;
#4722 = LINE ( 'NONE', #521, #2024 ) ;
#4723 = ORIENTED_EDGE ( 'NONE', *, *, #2179, .T. ) ;
#4724 = DIRECTION ( 'NONE',  ( -1.000000000000000000, 0.000000000000000000, 0.000000000000000000 ) ) ;
#4725 = EDGE_CURVE ( 'NONE', #2257, #1080, #5406, .T. ) ;
#4726 = EDGE_CURVE ( 'NONE', #744, #735, #1142, .T. ) ;
#4727 = VERTEX_POINT ( 'NONE', #1448 ) ;
#4728 = DIRECTION ( 'NONE',  ( -0.000000000000000000, -0.000000000000000000, -1.000000000000000000 ) ) ;
#4729 = LINE ( 'NONE', #1700, #1681 ) ;
#4730 = LINE ( 'NONE', #2244, #4868 ) ;
#4731 = DIRECTION ( 'NONE',  ( -1.000000000000000000, 0.000000000000000000, 0.000000000000000000 ) ) ;
#4732 = CIRCLE ( 'NONE', #2328, 4.999999999999997335 ) ;
#4733 = CARTESIAN_POINT ( 'NONE',  ( 76.41647994167055913, -1.847912566164685949E-11, 0.000000000000000000 ) ) ;
#4734 = DIRECTION ( 'NONE',  ( 0.8090169943749466741, -0.5877852522924740253, 0.000000000000000000 ) ) ;
#4735 = EDGE_CURVE ( 'NONE', #572, #657, #4962, .T. ) ;
#4736 = CARTESIAN_POINT ( 'NONE',  ( 39.33499999998124963, -139.4323004018817471, 4.000000000000003553 ) ) ;
#4737 = VERTEX_POINT ( 'NONE', #2359 ) ;
#4738 = VERTEX_POINT ( 'NONE', #4420 ) ;
#4739 = DIRECTION ( 'NONE',  ( -1.000000000000000000, 0.000000000000000000, 0.000000000000000000 ) ) ;
#4740 = DIRECTION ( 'NONE',  ( -0.000000000000000000, -0.000000000000000000, 1.000000000000000000 ) ) ;
#4741 = EDGE_CURVE ( 'NONE', #3547, #2162, #4011, .T. ) ;
#4742 = VERTEX_POINT ( 'NONE', #1392 ) ;
#4743 = EDGE_LOOP ( 'NONE', ( #5274, #567 ) ) ;
#4744 = DIRECTION ( 'NONE',  ( 0.000000000000000000, 0.000000000000000000, -1.000000000000000000 ) ) ;
#4745 = CARTESIAN_POINT ( 'NONE',  ( 34.00000000000000711, 3.250000000000000000, 4.000000000000003553 ) ) ;
#4746 = ORIENTED_EDGE ( 'NONE', *, *, #1281, .F. ) ;
#4747 = LINE ( 'NONE', #3070, #2930 ) ;
#4748 = VERTEX_POINT ( 'NONE', #5390 ) ;
#4749 = EDGE_LOOP ( 'NONE', ( #5475, #4159, #4542, #5191 ) ) ;
#4750 = DIRECTION ( 'NONE',  ( 0.000000000000000000, 0.000000000000000000, 1.000000000000000000 ) ) ;
#4751 = DIRECTION ( 'NONE',  ( 0.000000000000000000, 0.000000000000000000, -1.000000000000000000 ) ) ;
#4752 = DIRECTION ( 'NONE',  ( 0.000000000000000000, 0.000000000000000000, -1.000000000000000000 ) ) ;
#4753 = ADVANCED_FACE ( 'NONE', ( #2442 ), #4557, .F. ) ;
#4754 = EDGE_CURVE ( 'NONE', #3049, #4350, #4582, .T. ) ;
#4755 = CARTESIAN_POINT ( 'NONE',  ( 113.1010787769527326, -75.00568089378015202, 4.000000000000003553 ) ) ;
#4756 = AXIS2_PLACEMENT_3D ( 'NONE', #1261, #389, #2085 ) ;
#4757 = CARTESIAN_POINT ( 'NONE',  ( 15.25000000001434408, -15.25000000001736389, 4.000000000000000000 ) ) ;
#4758 = FACE_OUTER_BOUND ( 'NONE', #2123, .T. ) ;
#4759 = CYLINDRICAL_SURFACE ( 'NONE', #3456, 1.550000000000051337 ) ;
#4760 = CARTESIAN_POINT ( 'NONE',  ( 92.85512033164194179, -60.35580299337679122, 4.000000000000000000 ) ) ;
#4761 = VERTEX_POINT ( 'NONE', #5036 ) ;
#4762 = EDGE_LOOP ( 'NONE', ( #3090, #381, #3933, #4910 ) ) ;
#4763 = CARTESIAN_POINT ( 'NONE',  ( 100.4853600033535201, -67.58788878120000732, 4.000000000000003553 ) ) ;
#4764 = CYLINDRICAL_SURFACE ( 'NONE', #3282, 1.074999999991981703 ) ;
#4765 = AXIS2_PLACEMENT_3D ( 'NONE', #3644, #1089, #5363 ) ;
#4766 = ORIENTED_EDGE ( 'NONE', *, *, #2877, .T. ) ;
#4767 = ORIENTED_EDGE ( 'NONE', *, *, #1554, .T. ) ;
#4768 = EDGE_CURVE ( 'NONE', #819, #735, #695, .T. ) ;
#4769 = DIRECTION ( 'NONE',  ( -0.000000000000000000, -0.000000000000000000, -1.000000000000000000 ) ) ;
#4770 = AXIS2_PLACEMENT_3D ( 'NONE', #4861, #231, #1883 ) ;
#4771 = ORIENTED_EDGE ( 'NONE', *, *, #2246, .T. ) ;
#4772 = CIRCLE ( 'NONE', #2995, 1.550000000000002709 ) ;
#4773 = AXIS2_PLACEMENT_3D ( 'NONE', #3360, #2988, #319 ) ;
#4774 = FACE_BOUND ( 'NONE', #2538, .T. ) ;
#4775 = ORIENTED_EDGE ( 'NONE', *, *, #5084, .T. ) ;
#4776 = ORIENTED_EDGE ( 'NONE', *, *, #3987, .F. ) ;
#4777 = CARTESIAN_POINT ( 'NONE',  ( 112.6161319353279566, -71.94384703793514291, 158.4340709352140379 ) ) ;
#4778 = CARTESIAN_POINT ( 'NONE',  ( 36.05000000000001137, 90.84999999999999432, 0.000000000000000000 ) ) ;
#4779 = AXIS2_PLACEMENT_3D ( 'NONE', #4458, #649, #3140 ) ;
#4780 = FACE_OUTER_BOUND ( 'NONE', #3834, .T. ) ;
#4781 = CIRCLE ( 'NONE', #1226, 3.000000000000002665 ) ;
#4782 = CARTESIAN_POINT ( 'NONE',  ( 106.7559693051623668, 47.48947804973121833, 122.0421419384104524 ) ) ;
#4783 = CARTESIAN_POINT ( 'NONE',  ( 15.25000000001434408, -15.25000000001736389, 4.000000000000000000 ) ) ;
#4784 = CIRCLE ( 'NONE', #2119, 5.000000000000004441 ) ;
#4785 = AXIS2_PLACEMENT_3D ( 'NONE', #3006, #3848, #3429 ) ;
#4786 = EDGE_CURVE ( 'NONE', #698, #769, #1112, .T. ) ;
#4787 = CARTESIAN_POINT ( 'NONE',  ( 86.09558993027845020, -69.65949842868853636, 4.000000000000003553 ) ) ;
#4788 = LINE ( 'NONE', #3113, #4516 ) ;
#4789 = AXIS2_PLACEMENT_3D ( 'NONE', #1207, #4, #343 ) ;
#4790 = MECHANICAL_DESIGN_GEOMETRIC_PRESENTATION_REPRESENTATION (  '', ( #160 ), #889 ) ;
#4791 = DIRECTION ( 'NONE',  ( 0.000000000000000000, 0.000000000000000000, 1.000000000000000000 ) ) ;
#4792 = ORIENTED_EDGE ( 'NONE', *, *, #258, .T. ) ;
#4793 = CIRCLE ( 'NONE', #4789, 3.374999999999989342 ) ;
#4794 = CIRCLE ( 'NONE', #2753, 34.63151962204202761 ) ;
#4795 = ORIENTED_EDGE ( 'NONE', *, *, #3234, .T. ) ;
#4796 = DIRECTION ( 'NONE',  ( 0.5872690074472453059, -0.8093918166697310346, 0.000000000000000000 ) ) ;
#4797 = DIRECTION ( 'NONE',  ( -1.000000000000000000, 0.000000000000000000, 0.000000000000000000 ) ) ;
#4798 = VECTOR ( 'NONE', #2455, 1000.000000000000114 ) ;
#4799 = ORIENTED_EDGE ( 'NONE', *, *, #642, .F. ) ;
#4800 = ORIENTED_EDGE ( 'NONE', *, *, #2827, .T. ) ;
#4801 = CIRCLE ( 'NONE', #1958, 34.25850751875839961 ) ;
#4802 = DIRECTION ( 'NONE',  ( -1.000000000000000000, 0.000000000000000000, 0.000000000000000000 ) ) ;
#4803 = ADVANCED_FACE ( 'NONE', ( #3223 ), #2502, .F. ) ;
#4804 = EDGE_CURVE ( 'NONE', #2960, #828, #2860, .T. ) ;
#4805 = ORIENTED_EDGE ( 'NONE', *, *, #3868, .T. ) ;
#4806 = LINE ( 'NONE', #5174, #1421 ) ;
#4807 = ORIENTED_EDGE ( 'NONE', *, *, #1606, .T. ) ;
#4808 = ORIENTED_EDGE ( 'NONE', *, *, #4725, .F. ) ;
#4809 = CARTESIAN_POINT ( 'NONE',  ( 74.12024202303582854, 46.74411714513228588, 4.000000000000000000 ) ) ;
#4810 = LINE ( 'NONE', #1336, #2273 ) ;
#4811 = FACE_OUTER_BOUND ( 'NONE', #2527, .T. ) ;
#4812 = EDGE_CURVE ( 'NONE', #4138, #3906, #3272, .T. ) ;
#4813 = CARTESIAN_POINT ( 'NONE',  ( 11.07500000000633733, 9.999999999980474286, 4.000000000000000000 ) ) ;
#4814 = DIRECTION ( 'NONE',  ( -0.000000000000000000, -0.000000000000000000, -1.000000000000000000 ) ) ;
#4815 = CARTESIAN_POINT ( 'NONE',  ( 115.8909871731398056, 72.85833873261277915, 122.0421419384104524 ) ) ;
#4816 = LINE ( 'NONE', #1005, #4695 ) ;
#4817 = CYLINDRICAL_SURFACE ( 'NONE', #2826, 0.5000000000000004441 ) ;
#4818 = ORIENTED_EDGE ( 'NONE', *, *, #5103, .F. ) ;
#4819 = ORIENTED_EDGE ( 'NONE', *, *, #1049, .F. ) ;
#4820 = DIRECTION ( 'NONE',  ( -0.000000000000000000, -0.000000000000000000, -1.000000000000000000 ) ) ;
#4821 = DIRECTION ( 'NONE',  ( -0.000000000000000000, -0.000000000000000000, -1.000000000000000000 ) ) ;
#4822 = EDGE_CURVE ( 'NONE', #4384, #4295, #881, .T. ) ;
#4823 = EDGE_CURVE ( 'NONE', #4320, #469, #3091, .T. ) ;
#4824 = ORIENTED_EDGE ( 'NONE', *, *, #1015, .T. ) ;
#4825 = EDGE_LOOP ( 'NONE', ( #1628, #748 ) ) ;
#4826 = DIRECTION ( 'NONE',  ( -0.000000000000000000, -0.000000000000000000, 1.000000000000000000 ) ) ;
#4827 = EDGE_LOOP ( 'NONE', ( #3445, #417, #5024, #2321 ) ) ;
#4828 = FACE_BOUND ( 'NONE', #5145, .T. ) ;
#4829 = VERTEX_POINT ( 'NONE', #4093 ) ;
#4830 = ORIENTED_EDGE ( 'NONE', *, *, #3217, .T. ) ;
#4831 = CARTESIAN_POINT ( 'NONE',  ( 58.67456134290436864, 43.75570504584412390, 4.000000000000000000 ) ) ;
#4832 = EDGE_CURVE ( 'NONE', #735, #1397, #746, .T. ) ;
#4833 = CARTESIAN_POINT ( 'NONE',  ( 84.47755594154618564, 68.48392792407945251, 0.000000000000000000 ) ) ;
#4834 = LINE ( 'NONE', #1495, #4260 ) ;
#4835 = DIRECTION ( 'NONE',  ( -0.000000000000000000, -0.000000000000000000, -1.000000000000000000 ) ) ;
#4836 = CARTESIAN_POINT ( 'NONE',  ( 67.36071162167239379, 56.04781258044412340, 4.000000000000000000 ) ) ;
#4837 = DIRECTION ( 'NONE',  ( -1.000000000000000000, 0.000000000000000000, 0.000000000000000000 ) ) ;
#4838 = EDGE_CURVE ( 'NONE', #4046, #4893, #4203, .T. ) ;
#4839 = FACE_OUTER_BOUND ( 'NONE', #4610, .T. ) ;
#4840 = CARTESIAN_POINT ( 'NONE',  ( 34.00000000000000711, 3.250000000000000000, 4.000000000000003553 ) ) ;
#4841 = AXIS2_PLACEMENT_3D ( 'NONE', #1906, #1547, #1968 ) ;
#4842 = CARTESIAN_POINT ( 'NONE',  ( 106.6036440353376946, 74.99999999999991473, 0.000000000000000000 ) ) ;
#4843 = ORIENTED_EDGE ( 'NONE', *, *, #3953, .F. ) ;
#4844 = AXIS2_PLACEMENT_3D ( 'NONE', #3748, #1248, #4195 ) ;
#4845 = ORIENTED_EDGE ( 'NONE', *, *, #4635, .T. ) ;
#4846 = CYLINDRICAL_SURFACE ( 'NONE', #3453, 4.999999999999997335 ) ;
#4847 = CARTESIAN_POINT ( 'NONE',  ( 41.89191769392566300, -14.48874859431180795, 4.000000000000000000 ) ) ;
#4848 = CARTESIAN_POINT ( 'NONE',  ( 68.44157924003266658, -32.42076631673563014, 4.000000000000003553 ) ) ;
#4849 = ORIENTED_EDGE ( 'NONE', *, *, #5281, .T. ) ;
#4850 = EDGE_LOOP ( 'NONE', ( #2609, #1166, #4998, #2308 ) ) ;
#4851 = EDGE_CURVE ( 'NONE', #1977, #4400, #774, .T. ) ;
#4852 = ADVANCED_FACE ( 'NONE', ( #3336 ), #810, .F. ) ;
#4853 = LINE ( 'NONE', #1075, #3708 ) ;
#4854 = CIRCLE ( 'NONE', #223, 0.5000000000000004441 ) ;
#4855 = EDGE_LOOP ( 'NONE', ( #2498, #732 ) ) ;
#4856 = PLANE ( 'NONE',  #5242 ) ;
#4857 = ORIENTED_EDGE ( 'NONE', *, *, #2199, .F. ) ;
#4858 = AXIS2_PLACEMENT_3D ( 'NONE', #1552, #1580, #4922 ) ;
#4859 = VERTEX_POINT ( 'NONE', #5364 ) ;
#4860 = DIRECTION ( 'NONE',  ( 0.000000000000000000, 0.000000000000000000, 1.000000000000000000 ) ) ;
#4861 = CARTESIAN_POINT ( 'NONE',  ( 10.00000000001434408, -10.00000000001742606, 4.000000000000000000 ) ) ;
#4862 = CYLINDRICAL_SURFACE ( 'NONE', #4700, 5.000000000000004441 ) ;
#4863 = AXIS2_PLACEMENT_3D ( 'NONE', #2409, #290, #2296 ) ;
#4864 = FACE_OUTER_BOUND ( 'NONE', #1204, .T. ) ;
#4865 = DIRECTION ( 'NONE',  ( -0.000000000000000000, -0.000000000000000000, -1.000000000000000000 ) ) ;
#4866 = CIRCLE ( 'NONE', #3622, 65.32408497843789519 ) ;
#4867 = DIRECTION ( 'NONE',  ( -0.1564344650402327008, -0.9876883405951374373, 0.000000000000000000 ) ) ;
#4868 = VECTOR ( 'NONE', #3948, 1000.000000000000000 ) ;
#4869 = DIRECTION ( 'NONE',  ( -0.5227121266271200772, -0.8525092566517701309, 0.000000000000000000 ) ) ;
#4870 = CARTESIAN_POINT ( 'NONE',  ( 100.4853600033535344, 67.58788878120009258, 0.000000000000000000 ) ) ;
#4871 = CIRCLE ( 'NONE', #1404, 3.374999999999905853 ) ;
#4872 = AXIS2_PLACEMENT_3D ( 'NONE', #1774, #4277, #1355 ) ;
#4873 = EDGE_CURVE ( 'NONE', #2922, #2519, #4948, .T. ) ;
#4874 = DIRECTION ( 'NONE',  ( -0.000000000000000000, -0.000000000000000000, -1.000000000000000000 ) ) ;
#4875 = ADVANCED_FACE ( 'NONE', ( #3697 ), #5425, .F. ) ;
#4876 = ORIENTED_EDGE ( 'NONE', *, *, #379, .T. ) ;
#4877 = ORIENTED_EDGE ( 'NONE', *, *, #5072, .F. ) ;
#4878 = AXIS2_PLACEMENT_3D ( 'NONE', #3563, #1090, #4392 ) ;
#4879 = DIRECTION ( 'NONE',  ( 0.000000000000000000, 0.000000000000000000, 1.000000000000000000 ) ) ;
#4880 = CIRCLE ( 'NONE', #4430, 1.549999999991967581 ) ;
#4881 = DIRECTION ( 'NONE',  ( 0.000000000000000000, 0.000000000000000000, 1.000000000000000000 ) ) ;
#4882 = DIRECTION ( 'NONE',  ( -1.000000000000000000, 0.000000000000000000, 0.000000000000000000 ) ) ;
#4883 = ORIENTED_EDGE ( 'NONE', *, *, #608, .T. ) ;
#4884 = VECTOR ( 'NONE', #4259, 1000.000000000000000 ) ;
#4885 = AXIS2_PLACEMENT_3D ( 'NONE', #1639, #2558, #865 ) ;
#4886 = LINE ( 'NONE', #4045, #1929 ) ;
#4887 = AXIS2_PLACEMENT_3D ( 'NONE', #5292, #2787, #4016 ) ;
#4888 = AXIS2_PLACEMENT_3D ( 'NONE', #12, #1662, #2967 ) ;
#4889 = EDGE_LOOP ( 'NONE', ( #2844, #2156, #2545, #1813, #5025 ) ) ;
#4890 = EDGE_CURVE ( 'NONE', #3343, #785, #2472, .T. ) ;
#4891 = LINE ( 'NONE', #3238, #1953 ) ;
#4892 = ORIENTED_EDGE ( 'NONE', *, *, #5195, .T. ) ;
#4893 = VERTEX_POINT ( 'NONE', #3756 ) ;
#4894 = DIRECTION ( 'NONE',  ( -0.1564344650402113568, -0.9876883405951407680, 0.000000000000000000 ) ) ;
#4895 = FACE_OUTER_BOUND ( 'NONE', #5369, .T. ) ;
#4896 = DIRECTION ( 'NONE',  ( 0.5877852522924749135, 0.8090169943749462300, 0.000000000000000000 ) ) ;
#4897 = DIRECTION ( 'NONE',  ( -1.000000000000000000, 0.000000000000000000, 0.000000000000000000 ) ) ;
#4898 = EDGE_CURVE ( 'NONE', #2450, #3250, #1582, .T. ) ;
#4899 = EDGE_CURVE ( 'NONE', #171, #3168, #919, .T. ) ;
#4900 = SURFACE_STYLE_USAGE ( .BOTH. , #719 ) ;
#4901 = FACE_OUTER_BOUND ( 'NONE', #28, .T. ) ;
#4902 = CARTESIAN_POINT ( 'NONE',  ( 110.2094940032089312, -109.1670495650465256, 0.000000000000000000 ) ) ;
#4903 = DIRECTION ( 'NONE',  ( -0.000000000000000000, -0.000000000000000000, 1.000000000000000000 ) ) ;
#4904 = LINE ( 'NONE', #4117, #791 ) ;
#4905 = ORIENTED_EDGE ( 'NONE', *, *, #1272, .T. ) ;
#4906 = CARTESIAN_POINT ( 'NONE',  ( 56.83670629099690075, 78.09724438915461064, 4.000000000000003553 ) ) ;
#4907 = DIRECTION ( 'NONE',  ( -1.000000000000000000, 0.000000000000000000, 0.000000000000000000 ) ) ;
#4908 = EDGE_CURVE ( 'NONE', #4014, #5277, #4077, .T. ) ;
#4909 = CARTESIAN_POINT ( 'NONE',  ( -49.71648811740750773, -63.09516895732284070, 4.000000000000003553 ) ) ;
#4910 = ORIENTED_EDGE ( 'NONE', *, *, #4679, .F. ) ;
#4911 = DIRECTION ( 'NONE',  ( 0.000000000000000000, 0.000000000000000000, 1.000000000000000000 ) ) ;
#4912 = EDGE_CURVE ( 'NONE', #4979, #1599, #159, .T. ) ;
#4913 = ORIENTED_EDGE ( 'NONE', *, *, #1538, .T. ) ;
#4914 = DIRECTION ( 'NONE',  ( -0.000000000000000000, -0.000000000000000000, 1.000000000000000000 ) ) ;
#4915 = ORIENTED_EDGE ( 'NONE', *, *, #5184, .F. ) ;
#4916 = ORIENTED_EDGE ( 'NONE', *, *, #273, .T. ) ;
#4917 = CYLINDRICAL_SURFACE ( 'NONE', #4841, 1.550000000000065103 ) ;
#4918 = DIRECTION ( 'NONE',  ( 0.000000000000000000, 0.000000000000000000, 1.000000000000000000 ) ) ;
#4919 = CARTESIAN_POINT ( 'NONE',  ( 95.81653281653784404, 77.74328403198438764, 122.0421419384104524 ) ) ;
#4920 = LINE ( 'NONE', #295, #165 ) ;
#4921 = CARTESIAN_POINT ( 'NONE',  ( 10.00000000001434408, -10.00000000001742606, 4.000000000000000000 ) ) ;
#4922 = DIRECTION ( 'NONE',  ( -1.000000000000000000, 0.000000000000000000, 0.000000000000000000 ) ) ;
#4923 = EDGE_CURVE ( 'NONE', #2034, #2765, #5507, .T. ) ;
#4924 = EDGE_CURVE ( 'NONE', #3202, #5130, #4729, .T. ) ;
#4925 = DIRECTION ( 'NONE',  ( 0.7968431607665349414, -0.6041862106499934493, 0.000000000000000000 ) ) ;
#4926 = DIRECTION ( 'NONE',  ( -0.8525092566517701309, 0.5227121266271200772, 0.000000000000000000 ) ) ;
#4927 = PRODUCT ( '[2片]主结构2_Gen.4', '[2片]主结构2_Gen.4', '', ( #2892 ) ) ;
#4928 = ORIENTED_EDGE ( 'NONE', *, *, #5170, .T. ) ;
#4929 = FACE_OUTER_BOUND ( 'NONE', #3362, .T. ) ;
#4930 = DIRECTION ( 'NONE',  ( -1.000000000000000000, 0.000000000000000000, 0.000000000000000000 ) ) ;
#4931 = CARTESIAN_POINT ( 'NONE',  ( 39.33499999998124963, -129.0823004019084408, 0.000000000000000000 ) ) ;
#4932 = LINE ( 'NONE', #2424, #1670 ) ;
#4933 = ORIENTED_EDGE ( 'NONE', *, *, #4994, .T. ) ;
#4934 = DIRECTION ( 'NONE',  ( -1.000000000000000000, 0.000000000000000000, 0.000000000000000000 ) ) ;
#4935 = VERTEX_POINT ( 'NONE', #72 ) ;
#4936 = ORIENTED_EDGE ( 'NONE', *, *, #4576, .T. ) ;
#4937 = PLANE ( 'NONE',  #4354 ) ;
#4938 = EDGE_CURVE ( 'NONE', #57, #3577, #2529, .T. ) ;
#4939 = ORIENTED_EDGE ( 'NONE', *, *, #3964, .F. ) ;
#4940 = FACE_OUTER_BOUND ( 'NONE', #3106, .T. ) ;
#4941 = AXIS2_PLACEMENT_3D ( 'NONE', #581, #4947, #4115 ) ;
#4942 = CARTESIAN_POINT ( 'NONE',  ( 93.59868271453514410, -76.52523603414232412, 4.000000000000003553 ) ) ;
#4943 = CARTESIAN_POINT ( 'NONE',  ( 111.1257020957624491, -75.31854982386063568, 0.000000000000000000 ) ) ;
#4944 = CIRCLE ( 'NONE', #5386, 5.000000000000004441 ) ;
#4945 = DIRECTION ( 'NONE',  ( -0.000000000000000000, -0.000000000000000000, -1.000000000000000000 ) ) ;
#4946 = DIRECTION ( 'NONE',  ( -1.000000000000000000, 0.000000000000000000, 0.000000000000000000 ) ) ;
#4947 = DIRECTION ( 'NONE',  ( 0.000000000000000000, 0.000000000000000000, 1.000000000000000000 ) ) ;
#4948 = LINE ( 'NONE', #1998, #2656 ) ;
#4949 = AXIS2_PLACEMENT_3D ( 'NONE', #1059, #2833, #5285 ) ;
#4950 = DIRECTION ( 'NONE',  ( -1.000000000000000000, 0.000000000000000000, 0.000000000000000000 ) ) ;
#4951 = EDGE_LOOP ( 'NONE', ( #2007, #1955, #2846, #1903 ) ) ;
#4952 = VECTOR ( 'NONE', #5353, 1000.000000000000000 ) ;
#4953 = EDGE_CURVE ( 'NONE', #2575, #3617, #2568, .T. ) ;
#4954 = DIRECTION ( 'NONE',  ( -0.9876883405951353279, 0.1564344650402462178, 0.000000000000000000 ) ) ;
#4955 = DIRECTION ( 'NONE',  ( -0.5877852522924749135, -0.8090169943749462300, 0.000000000000000000 ) ) ;
#4956 = CARTESIAN_POINT ( 'NONE',  ( 111.1257020957624491, 75.31854982386066411, 0.000000000000000000 ) ) ;
#4957 =( NAMED_UNIT ( * ) SI_UNIT ( $, .STERADIAN. ) SOLID_ANGLE_UNIT ( ) );
#4958 = ORIENTED_EDGE ( 'NONE', *, *, #3606, .T. ) ;
#4959 = VECTOR ( 'NONE', #2087, 1000.000000000000000 ) ;
#4960 = DIRECTION ( 'NONE',  ( 1.000000000000000000, 0.000000000000000000, 0.000000000000000000 ) ) ;
#4961 = ORIENTED_EDGE ( 'NONE', *, *, #4550, .F. ) ;
#4962 = CIRCLE ( 'NONE', #790, 1.550000000000065103 ) ;
#4963 = CIRCLE ( 'NONE', #1409, 1.550000000000002709 ) ;
#4964 = FACE_OUTER_BOUND ( 'NONE', #1879, .T. ) ;
#4965 = AXIS2_PLACEMENT_3D ( 'NONE', #5124, #4334, #1748 ) ;
#4966 = AXIS2_PLACEMENT_3D ( 'NONE', #2615, #4307, #1862 ) ;
#4967 = EDGE_LOOP ( 'NONE', ( #3920, #4268, #4824, #3296 ) ) ;
#4968 = CARTESIAN_POINT ( 'NONE',  ( 0.2499999999999902578, 4.699596770006045254, 4.000000000000000000 ) ) ;
#4969 = ORIENTED_EDGE ( 'NONE', *, *, #1027, .T. ) ;
#4970 = VECTOR ( 'NONE', #110, 999.9999999999998863 ) ;
#4971 = DIRECTION ( 'NONE',  ( -0.8090169943749472292, 0.5877852522924734702, 0.000000000000000000 ) ) ;
#4972 = AXIS2_PLACEMENT_3D ( 'NONE', #382, #2077, #3778 ) ;
#4973 = LINE ( 'NONE', #2434, #2812 ) ;
#4974 = EDGE_CURVE ( 'NONE', #5173, #4328, #701, .T. ) ;
#4975 = ADVANCED_FACE ( 'NONE', ( #4669 ), #4284, .F. ) ;
#4976 = FACE_OUTER_BOUND ( 'NONE', #5372, .T. ) ;
#4977 = ORIENTED_EDGE ( 'NONE', *, *, #1726, .T. ) ;
#4978 = LINE ( 'NONE', #3247, #4318 ) ;
#4979 = VERTEX_POINT ( 'NONE', #2556 ) ;
#4980 = CIRCLE ( 'NONE', #2584, 0.5000000000000004441 ) ;
#4981 = CARTESIAN_POINT ( 'NONE',  ( 34.00000000000000711, -2.750000000000000888, 0.000000000000000000 ) ) ;
#4982 = ADVANCED_FACE ( 'NONE', ( #3369 ), #3865, .T. ) ;
#4983 = CARTESIAN_POINT ( 'NONE',  ( 93.74806042483426438, 91.59724438915462486, 122.0421419384104524 ) ) ;
#4984 = VERTEX_POINT ( 'NONE', #2638 ) ;
#4985 = CIRCLE ( 'NONE', #4720, 3.000000000000002665 ) ;
#4986 = LINE ( 'NONE', #3701, #3232 ) ;
#4987 = EDGE_LOOP ( 'NONE', ( #3765, #3880, #3372, #822, #4038 ) ) ;
#4988 = CARTESIAN_POINT ( 'NONE',  ( 30.50000000000000711, -2.750000000000000888, 4.000000000000000000 ) ) ;
#4989 = ORIENTED_EDGE ( 'NONE', *, *, #558, .F. ) ;
#4990 = DIRECTION ( 'NONE',  ( -1.000000000000000000, 0.000000000000000000, 0.000000000000000000 ) ) ;
#4991 = ORIENTED_EDGE ( 'NONE', *, *, #2779, .T. ) ;
#4992 = ORIENTED_EDGE ( 'NONE', *, *, #1084, .F. ) ;
#4993 = DIRECTION ( 'NONE',  ( 1.000000000000000000, 0.000000000000000000, 0.000000000000000000 ) ) ;
#4994 = EDGE_CURVE ( 'NONE', #1326, #3095, #4519, .T. ) ;
#4995 = CARTESIAN_POINT ( 'NONE',  ( 71.08098388797360201, -137.8806404420020613, 122.0421419384104524 ) ) ;
#4996 = EDGE_CURVE ( 'NONE', #5295, #1898, #3399, .T. ) ;
#4997 = ORIENTED_EDGE ( 'NONE', *, *, #2367, .F. ) ;
#4998 = ORIENTED_EDGE ( 'NONE', *, *, #3251, .T. ) ;
#4999 = FACE_OUTER_BOUND ( 'NONE', #2822, .T. ) ;
#5000 = ORIENTED_EDGE ( 'NONE', *, *, #3306, .T. ) ;
#5001 = VECTOR ( 'NONE', #2018, 1000.000000000000000 ) ;
#5002 = CARTESIAN_POINT ( 'NONE',  ( 97.19247338472078468, -59.48985351853086456, 158.4340709352140379 ) ) ;
#5003 = LINE ( 'NONE', #2879, #4592 ) ;
#5004 = DIRECTION ( 'NONE',  ( -1.000000000000000000, -1.850371707708592551E-14, 0.000000000000000000 ) ) ;
#5005 = ORIENTED_EDGE ( 'NONE', *, *, #1586, .T. ) ;
#5006 = DIRECTION ( 'NONE',  ( -1.000000000000000000, 0.000000000000000000, 0.000000000000000000 ) ) ;
#5007 = EDGE_CURVE ( 'NONE', #4314, #4244, #3815, .T. ) ;
#5008 = ORIENTED_EDGE ( 'NONE', *, *, #293, .F. ) ;
#5009 = LINE ( 'NONE', #4227, #1566 ) ;
#5010 = DIRECTION ( 'NONE',  ( 0.000000000000000000, 0.000000000000000000, -1.000000000000000000 ) ) ;
#5011 = CARTESIAN_POINT ( 'NONE',  ( 42.97376278460060206, 86.59724438915462486, 0.000000000000000000 ) ) ;
#5012 = VERTEX_POINT ( 'NONE', #3842 ) ;
#5013 = EDGE_CURVE ( 'NONE', #1326, #49, #3782, .T. ) ;
#5014 = CYLINDRICAL_SURFACE ( 'NONE', #3136, 5.000000000000004441 ) ;
#5015 = CARTESIAN_POINT ( 'NONE',  ( 60.22456134274527528, -43.75570504588107923, 4.000000000000000000 ) ) ;
#5016 = CARTESIAN_POINT ( 'NONE',  ( 1.552276375145867094E-11, 86.59724438915463907, 4.000000000000003553 ) ) ;
#5017 = APPLICATION_PROTOCOL_DEFINITION ( 'draft international standard', 'automotive_design', 1998, #2605 ) ;
#5018 = ORIENTED_EDGE ( 'NONE', *, *, #3033, .F. ) ;
#5019 = DIRECTION ( 'NONE',  ( -0.000000000000000000, -0.000000000000000000, -1.000000000000000000 ) ) ;
#5020 = ORIENTED_EDGE ( 'NONE', *, *, #3844, .T. ) ;
#5021 = ORIENTED_EDGE ( 'NONE', *, *, #4908, .F. ) ;
#5022 = DIRECTION ( 'NONE',  ( -1.000000000000000000, 0.000000000000000000, 0.000000000000000000 ) ) ;
#5023 = DIRECTION ( 'NONE',  ( 0.000000000000000000, 0.000000000000000000, 1.000000000000000000 ) ) ;
#5024 = ORIENTED_EDGE ( 'NONE', *, *, #62, .T. ) ;
#5025 = ORIENTED_EDGE ( 'NONE', *, *, #3627, .F. ) ;
#5026 = VERTEX_POINT ( 'NONE', #3480 ) ;
#5027 = ADVANCED_FACE ( 'NONE', ( #5179 ), #4699, .F. ) ;
#5028 = EDGE_CURVE ( 'NONE', #5405, #5267, #888, .T. ) ;
#5029 = CARTESIAN_POINT ( 'NONE',  ( 37.94418505388147622, -139.9812849866596878, 0.000000000000000000 ) ) ;
#5030 = DIRECTION ( 'NONE',  ( 0.000000000000000000, 0.000000000000000000, 1.000000000000000000 ) ) ;
#5031 = CARTESIAN_POINT ( 'NONE',  ( 34.00000000000000711, 2.750000000000000888, 0.000000000000000000 ) ) ;
#5032 = ORIENTED_EDGE ( 'NONE', *, *, #1893, .T. ) ;
#5033 = CARTESIAN_POINT ( 'NONE',  ( 30.50000000000000711, -3.250000000000000000, 4.000000000000000000 ) ) ;
#5034 = EDGE_LOOP ( 'NONE', ( #1802, #5197, #2405, #3793, #3685 ) ) ;
#5035 = DIRECTION ( 'NONE',  ( -0.000000000000000000, -0.000000000000000000, -1.000000000000000000 ) ) ;
#5036 = CARTESIAN_POINT ( 'NONE',  ( 89.19688116767460428, -82.11027921875336233, 4.000000000000003553 ) ) ;
#5037 = VECTOR ( 'NONE', #3755, 1000.000000000000000 ) ;
#5038 = CYLINDRICAL_SURFACE ( 'NONE', #2832, 1.550000000000037570 ) ;
#5039 = ORIENTED_EDGE ( 'NONE', *, *, #801, .F. ) ;
#5040 = CIRCLE ( 'NONE', #2277, 1.549999999840900866 ) ;
#5041 = CARTESIAN_POINT ( 'NONE',  ( 58.67456134290436864, -43.75570504588107923, 4.000000000000000000 ) ) ;
#5042 = FACE_BOUND ( 'NONE', #1012, .T. ) ;
#5043 = DIRECTION ( 'NONE',  ( 1.000000000000000000, 0.000000000000000000, 0.000000000000000000 ) ) ;
#5044 = ORIENTED_EDGE ( 'NONE', *, *, #1569, .T. ) ;
#5045 = ADVANCED_FACE ( 'NONE', ( #896 ), #3052, .T. ) ;
#5046 = EDGE_CURVE ( 'NONE', #2476, #276, #1503, .T. ) ;
#5047 = AXIS2_PLACEMENT_3D ( 'NONE', #396, #794, #5497 ) ;
#5048 = LINE ( 'NONE', #4626, #1236 ) ;
#5049 = ORIENTED_EDGE ( 'NONE', *, *, #4247, .T. ) ;
#5050 = ORIENTED_EDGE ( 'NONE', *, *, #3649, .T. ) ;
#5051 = AXIS2_PLACEMENT_3D ( 'NONE', #310, #5408, #4127 ) ;
#5052 = CYLINDRICAL_SURFACE ( 'NONE', #141, 1.549999999999995826 ) ;
#5053 = VECTOR ( 'NONE', #338, 1000.000000000000000 ) ;
#5054 = DIRECTION ( 'NONE',  ( 1.000000000000000000, 0.000000000000000000, 0.000000000000000000 ) ) ;
#5055 = VERTEX_POINT ( 'NONE', #578 ) ;
#5056 = ORIENTED_EDGE ( 'NONE', *, *, #2264, .F. ) ;
#5057 = CIRCLE ( 'NONE', #2559, 3.000000000000002665 ) ;
#5058 = AXIS2_PLACEMENT_3D ( 'NONE', #4983, #5316, #2805 ) ;
#5059 = ORIENTED_EDGE ( 'NONE', *, *, #3843, .F. ) ;
#5060 = FACE_OUTER_BOUND ( 'NONE', #1436, .T. ) ;
#5061 = CARTESIAN_POINT ( 'NONE',  ( 106.7559693051623668, 47.48947804973121833, 0.000000000000000000 ) ) ;
#5062 = VECTOR ( 'NONE', #2611, 1000.000000000000000 ) ;
#5063 = VECTOR ( 'NONE', #4926, 1000.000000000000000 ) ;
#5064 = DIRECTION ( 'NONE',  ( 0.9876883405951366601, 0.1564344650402373083, 0.000000000000000000 ) ) ;
#5065 = EDGE_LOOP ( 'NONE', ( #2955, #2284, #1904, #4506 ) ) ;
#5066 = CYLINDRICAL_SURFACE ( 'NONE', #976, 34.63151962204202761 ) ;
#5067 = AXIS2_PLACEMENT_3D ( 'NONE', #4003, #636, #973 ) ;
#5068 = CIRCLE ( 'NONE', #2036, 1.550000000000023581 ) ;
#5069 = VERTEX_POINT ( 'NONE', #1418 ) ;
#5070 = CARTESIAN_POINT ( 'NONE',  ( 84.33223417340103367, -72.08654941181339382, 0.000000000000000000 ) ) ;
#5071 = DIRECTION ( 'NONE',  ( -1.000000000000000000, 1.069681019934084629E-15, 0.000000000000000000 ) ) ;
#5072 = EDGE_CURVE ( 'NONE', #2597, #3293, #1413, .T. ) ;
#5073 = ADVANCED_FACE ( 'NONE', ( #5201 ), #1467, .F. ) ;
#5074 = CIRCLE ( 'NONE', #1511, 1.550000000000023581 ) ;
#5075 = DIRECTION ( 'NONE',  ( -1.000000000000000000, 0.000000000000000000, 0.000000000000000000 ) ) ;
#5076 = ORIENTED_EDGE ( 'NONE', *, *, #5359, .T. ) ;
#5077 = AXIS2_PLACEMENT_3D ( 'NONE', #4098, #1536, #4930 ) ;
#5078 = CARTESIAN_POINT ( 'NONE',  ( 42.49422145540807350, -32.00000000002795986, 0.000000000000000000 ) ) ;
#5079 = DIRECTION ( 'NONE',  ( -0.000000000000000000, -0.000000000000000000, -1.000000000000000000 ) ) ;
#5080 = FACE_OUTER_BOUND ( 'NONE', #204, .T. ) ;
#5081 = ORIENTED_EDGE ( 'NONE', *, *, #293, .T. ) ;
#5082 = CARTESIAN_POINT ( 'NONE',  ( 104.4410111393996914, 82.65458463961226698, 0.000000000000000000 ) ) ;
#5083 = EDGE_LOOP ( 'NONE', ( #5455, #630, #3799, #1008, #3603 ) ) ;
#5084 = EDGE_CURVE ( 'NONE', #3120, #2407, #1687, .T. ) ;
#5085 = ORIENTED_EDGE ( 'NONE', *, *, #134, .F. ) ;
#5086 = LINE ( 'NONE', #1268, #3261 ) ;
#5087 = CARTESIAN_POINT ( 'NONE',  ( 60.22456134274527528, 43.75570504584412390, 0.000000000000000000 ) ) ;
#5088 = EDGE_LOOP ( 'NONE', ( #1151, #956, #1594, #2249 ) ) ;
#5089 = VERTEX_POINT ( 'NONE', #2715 ) ;
#5090 = ORIENTED_EDGE ( 'NONE', *, *, #2253, .T. ) ;
#5091 = ADVANCED_FACE ( 'NONE', ( #4780 ), #208, .F. ) ;
#5092 = DIRECTION ( 'NONE',  ( -0.000000000000000000, -0.000000000000000000, -1.000000000000000000 ) ) ;
#5093 = DIRECTION ( 'NONE',  ( 0.000000000000000000, 0.000000000000000000, 1.000000000000000000 ) ) ;
#5094 = DIRECTION ( 'NONE',  ( -1.000000000000000000, 0.000000000000000000, 0.000000000000000000 ) ) ;
#5095 = ORIENTED_EDGE ( 'NONE', *, *, #4851, .T. ) ;
#5096 = FACE_OUTER_BOUND ( 'NONE', #4079, .T. ) ;
#5097 = ORIENTED_EDGE ( 'NONE', *, *, #1323, .T. ) ;
#5098 = CYLINDRICAL_SURFACE ( 'NONE', #3967, 1.550000000000023581 ) ;
#5099 = DIRECTION ( 'NONE',  ( -0.9876883405951366601, -0.1564344650402373083, 0.000000000000000000 ) ) ;
#5100 = CIRCLE ( 'NONE', #2320, 5.000000000000004441 ) ;
#5101 = DIRECTION ( 'NONE',  ( 0.000000000000000000, 0.000000000000000000, 1.000000000000000000 ) ) ;
#5102 = EDGE_CURVE ( 'NONE', #4523, #651, #2124, .T. ) ;
#5103 = EDGE_CURVE ( 'NONE', #5055, #3635, #4834, .T. ) ;
#5104 = FACE_BOUND ( 'NONE', #137, .T. ) ;
#5105 = DIRECTION ( 'NONE',  ( -0.5877852522924741363, -0.8090169943749467851, 0.000000000000000000 ) ) ;
#5106 = DIRECTION ( 'NONE',  ( 0.000000000000000000, 0.000000000000000000, 1.000000000000000000 ) ) ;
#5107 = ORIENTED_EDGE ( 'NONE', *, *, #3508, .F. ) ;
#5108 = ORIENTED_EDGE ( 'NONE', *, *, #173, .F. ) ;
#5109 = CARTESIAN_POINT ( 'NONE',  ( 23.50000000026349412, 21.71275603998089565, 0.000000000000000000 ) ) ;
#5110 = CARTESIAN_POINT ( 'NONE',  ( 92.04868271453514694, 76.52523603414235254, 122.0421419384104524 ) ) ;
#5111 = ORIENTED_EDGE ( 'NONE', *, *, #3739, .F. ) ;
#5112 = VERTEX_POINT ( 'NONE', #1083 ) ;
#5113 = ORIENTED_EDGE ( 'NONE', *, *, #2612, .T. ) ;
#5114 = VERTEX_POINT ( 'NONE', #1022 ) ;
#5115 = CARTESIAN_POINT ( 'NONE',  ( 15.25000000001435652, 15.24999999998041567, 4.000000000000000000 ) ) ;
#5116 = DIRECTION ( 'NONE',  ( 0.000000000000000000, 0.000000000000000000, 1.000000000000000000 ) ) ;
#5117 = EDGE_CURVE ( 'NONE', #4361, #1177, #122, .T. ) ;
#5118 = DIRECTION ( 'NONE',  ( -0.000000000000000000, -0.000000000000000000, -1.000000000000000000 ) ) ;
#5119 = ORIENTED_EDGE ( 'NONE', *, *, #3141, .F. ) ;
#5120 = LINE ( 'NONE', #2499, #1157 ) ;
#5121 = VECTOR ( 'NONE', #1492, 1000.000000000000000 ) ;
#5122 = ORIENTED_EDGE ( 'NONE', *, *, #1543, .T. ) ;
#5123 = CARTESIAN_POINT ( 'NONE',  ( 110.5437131805293234, 53.66704032748526032, 4.000000000000003553 ) ) ;
#5124 = CARTESIAN_POINT ( 'NONE',  ( 81.53862968008381529, 72.52901289595419598, 0.000000000000000000 ) ) ;
#5125 = CARTESIAN_POINT ( 'NONE',  ( 28.86482634002301850, -17.19626723762206311, 4.000000000000000000 ) ) ;
#5126 = CARTESIAN_POINT ( 'NONE',  ( 91.25795490621224815, -86.15536419062809159, 0.000000000000000000 ) ) ;
#5127 = CARTESIAN_POINT ( 'NONE',  ( 104.4410111393994356, -82.65458463961232383, 0.000000000000000000 ) ) ;
#5128 = ADVANCED_FACE ( 'NONE', ( #1884 ), #4862, .T. ) ;
#5129 = DIRECTION ( 'NONE',  ( -1.000000000000000000, 0.000000000000000000, 0.000000000000000000 ) ) ;
#5130 = VERTEX_POINT ( 'NONE', #5280 ) ;
#5131 = VECTOR ( 'NONE', #4728, 1000.000000000000000 ) ;
#5132 = ORIENTED_EDGE ( 'NONE', *, *, #5007, .T. ) ;
#5133 = DIRECTION ( 'NONE',  ( 1.000000000000000000, 0.000000000000000000, 0.000000000000000000 ) ) ;
#5134 = DIRECTION ( 'NONE',  ( -0.000000000000000000, -0.000000000000000000, -1.000000000000000000 ) ) ;
#5135 = AXIS2_PLACEMENT_3D ( 'NONE', #1082, #3154, #2798 ) ;
#5136 = EDGE_CURVE ( 'NONE', #4437, #5367, #149, .T. ) ;
#5137 = ADVANCED_FACE ( 'NONE', ( #4030 ), #3109, .F. ) ;
#5138 = VERTEX_POINT ( 'NONE', #4470 ) ;
#5139 = EDGE_LOOP ( 'NONE', ( #3021, #2129, #4170, #4095 ) ) ;
#5140 = AXIS2_PLACEMENT_3D ( 'NONE', #3668, #4114, #5259 ) ;
#5141 = CARTESIAN_POINT ( 'NONE',  ( 93.84115613534757472, 78.05615296206485709, 0.000000000000000000 ) ) ;
#5142 = CIRCLE ( 'NONE', #1846, 3.374999999999905853 ) ;
#5143 = VECTOR ( 'NONE', #197, 1000.000000000000000 ) ;
#5144 = PLANE ( 'NONE',  #2203 ) ;
#5145 = EDGE_LOOP ( 'NONE', ( #4686, #4467 ) ) ;
#5146 = FACE_BOUND ( 'NONE', #1680, .T. ) ;
#5147 = VECTOR ( 'NONE', #3085, 1000.000000000000000 ) ;
#5148 = VERTEX_POINT ( 'NONE', #1805 ) ;
#5149 = VECTOR ( 'NONE', #2782, 1000.000000000000000 ) ;
#5150 = ADVANCED_FACE ( 'NONE', ( #3503 ), #3076, .F. ) ;
#5151 = DIRECTION ( 'NONE',  ( -1.000000000000000000, 0.000000000000000000, 0.000000000000000000 ) ) ;
#5152 = CARTESIAN_POINT ( 'NONE',  ( 91.25795490621224815, -86.15536419062809159, 158.4340709352140379 ) ) ;
#5153 = LINE ( 'NONE', #1806, #3356 ) ;
#5154 = AXIS2_PLACEMENT_3D ( 'NONE', #498, #474, #530 ) ;
#5155 = CIRCLE ( 'NONE', #1682, 1.550000000000051337 ) ;
#5156 = CARTESIAN_POINT ( 'NONE',  ( 102.9100942114769595, -82.89705806042468339, 0.000000000000000000 ) ) ;
#5157 = ADVANCED_FACE ( 'NONE', ( #4811 ), #2243, .F. ) ;
#5158 = CARTESIAN_POINT ( 'NONE',  ( 101.7034080011955837, -65.37003867919737843, 4.000000000000003553 ) ) ;
#5159 = AXIS2_PLACEMENT_3D ( 'NONE', #2446, #5398, #4505 ) ;
#5160 = CARTESIAN_POINT ( 'NONE',  ( 97.04552707166182302, 59.69210776710522737, 0.000000000000000000 ) ) ;
#5161 = AXIS2_PLACEMENT_3D ( 'NONE', #834, #2943, #5006 ) ;
#5162 = DIRECTION ( 'NONE',  ( -0.000000000000000000, -0.000000000000000000, -1.000000000000000000 ) ) ;
#5163 = ORIENTED_EDGE ( 'NONE', *, *, #5411, .T. ) ;
#5164 = EDGE_LOOP ( 'NONE', ( #3144, #4845, #5044, #4807 ) ) ;
#5165 = CYLINDRICAL_SURFACE ( 'NONE', #1669, 3.374999999999989342 ) ;
#5166 = CARTESIAN_POINT ( 'NONE',  ( 13.82500000000634266, 12.74999999998042810, 4.000000000000000000 ) ) ;
#5167 = EDGE_LOOP ( 'NONE', ( #3683, #3763, #2944, #3740 ) ) ;
#5168 = VERTEX_POINT ( 'NONE', #4387 ) ;
#5169 = EDGE_CURVE ( 'NONE', #4256, #2500, #2742, .T. ) ;
#5170 = EDGE_CURVE ( 'NONE', #426, #493, #5258, .T. ) ;
#5171 = DIRECTION ( 'NONE',  ( 0.5557206619689321059, -0.8313690792065890900, 0.000000000000000000 ) ) ;
#5172 = CARTESIAN_POINT ( 'NONE',  ( 107.1476601473641779, -109.6519964066702784, 158.4340709352140379 ) ) ;
#5173 = VERTEX_POINT ( 'NONE', #4630 ) ;
#5174 = CARTESIAN_POINT ( 'NONE',  ( 152.1149918220219206, -16.10450788531692012, 4.000000000000003553 ) ) ;
#5175 = ORIENTED_EDGE ( 'NONE', *, *, #2045, .F. ) ;
#5176 = ORIENTED_EDGE ( 'NONE', *, *, #520, .T. ) ;
#5177 = CARTESIAN_POINT ( 'NONE',  ( 28.86482634002302561, 17.19626723762208798, 0.000000000000000000 ) ) ;
#5178 = CARTESIAN_POINT ( 'NONE',  ( 0.5251802922488398861, -129.3676834520781256, 158.4340709352140379 ) ) ;
#5179 = FACE_OUTER_BOUND ( 'NONE', #1770, .T. ) ;
#5180 = FACE_OUTER_BOUND ( 'NONE', #2176, .T. ) ;
#5181 = CARTESIAN_POINT ( 'NONE',  ( 4.369879231472140191, 6.938893903907228378E-15, 0.000000000000000000 ) ) ;
#5182 = DIRECTION ( 'NONE',  ( -0.000000000000000000, -0.000000000000000000, -1.000000000000000000 ) ) ;
#5183 = CARTESIAN_POINT ( 'NONE',  ( -9.636388909051163409E-13, 91.99664475964945609, 4.000000000000000000 ) ) ;
#5184 = EDGE_CURVE ( 'NONE', #5277, #4014, #76, .T. ) ;
#5185 = LINE ( 'NONE', #3088, #70 ) ;
#5186 = VERTEX_POINT ( 'NONE', #1269 ) ;
#5187 = VERTEX_POINT ( 'NONE', #232 ) ;
#5188 = DIRECTION ( 'NONE',  ( 0.000000000000000000, 0.000000000000000000, -1.000000000000000000 ) ) ;
#5189 = CARTESIAN_POINT ( 'NONE',  ( 86.25795490621224815, -86.15536419062809159, 0.000000000000000000 ) ) ;
#5190 = ORIENTED_EDGE ( 'NONE', *, *, #2274, .F. ) ;
#5191 = ORIENTED_EDGE ( 'NONE', *, *, #4478, .F. ) ;
#5192 = DIRECTION ( 'NONE',  ( 0.000000000000000000, 0.000000000000000000, -1.000000000000000000 ) ) ;
#5193 = AXIS2_PLACEMENT_3D ( 'NONE', #551, #3373, #2636 ) ;
#5194 = VERTEX_POINT ( 'NONE', #3795 ) ;
#5195 = EDGE_CURVE ( 'NONE', #1983, #4218, #1295, .T. ) ;
#5196 = CARTESIAN_POINT ( 'NONE',  ( 110.8832286749500327, -73.78763289593814534, 0.000000000000000000 ) ) ;
#5197 = ORIENTED_EDGE ( 'NONE', *, *, #4994, .F. ) ;
#5198 = ORIENTED_EDGE ( 'NONE', *, *, #3328, .T. ) ;
#5199 = CARTESIAN_POINT ( 'NONE',  ( 106.2847969974025517, 84.38748789999031885, 0.000000000000000000 ) ) ;
#5200 = DIRECTION ( 'NONE',  ( 2.455601003620118906E-16, -1.000000000000000000, 0.000000000000000000 ) ) ;
#5201 = FACE_OUTER_BOUND ( 'NONE', #5065, .T. ) ;
#5202 = DIRECTION ( 'NONE',  ( -0.000000000000000000, -0.000000000000000000, -1.000000000000000000 ) ) ;
#5203 = DIRECTION ( 'NONE',  ( -1.000000000000000000, 0.000000000000000000, 0.000000000000000000 ) ) ;
#5204 = DIRECTION ( 'NONE',  ( -0.000000000000000000, -0.000000000000000000, -1.000000000000000000 ) ) ;
#5205 = CARTESIAN_POINT ( 'NONE',  ( 106.6036440353377230, -75.00000000000000000, 4.000000000000003553 ) ) ;
#5206 = FACE_OUTER_BOUND ( 'NONE', #2229, .T. ) ;
#5207 = ORIENTED_EDGE ( 'NONE', *, *, #4108, .T. ) ;
#5208 = ORIENTED_EDGE ( 'NONE', *, *, #2919, .T. ) ;
#5209 = LINE ( 'NONE', #2127, #1665 ) ;
#5210 = ADVANCED_FACE ( 'NONE', ( #1685 ), #4191, .F. ) ;
#5211 = EDGE_CURVE ( 'NONE', #1872, #4314, #3769, .T. ) ;
#5212 = CYLINDRICAL_SURFACE ( 'NONE', #2301, 70.43268832314497274 ) ;
#5213 = CIRCLE ( 'NONE', #2189, 1.550000000000037570 ) ;
#5214 = ORIENTED_EDGE ( 'NONE', *, *, #4479, .F. ) ;
#5215 = ORIENTED_EDGE ( 'NONE', *, *, #4247, .F. ) ;
#5216 = PLANE ( 'NONE',  #2228 ) ;
#5217 = VECTOR ( 'NONE', #1551, 1000.000000000000000 ) ;
#5218 = EDGE_CURVE ( 'NONE', #4658, #2212, #3375, .T. ) ;
#5219 = ORIENTED_EDGE ( 'NONE', *, *, #2232, .F. ) ;
#5220 = AXIS2_PLACEMENT_3D ( 'NONE', #4485, #2319, #4021 ) ;
#5221 = CIRCLE ( 'NONE', #423, 1.549999999999995826 ) ;
#5222 = CYLINDRICAL_SURFACE ( 'NONE', #2041, 5.000000000000004441 ) ;
#5223 = ORIENTED_EDGE ( 'NONE', *, *, #1526, .T. ) ;
#5224 = ORIENTED_EDGE ( 'NONE', *, *, #1624, .F. ) ;
#5225 = CARTESIAN_POINT ( 'NONE',  ( 119.8449492272192174, -75.94784058272009020, 158.4340709352140379 ) ) ;
#5226 = DIRECTION ( 'NONE',  ( -0.000000000000000000, -0.000000000000000000, -1.000000000000000000 ) ) ;
#5227 = AXIS2_PLACEMENT_3D ( 'NONE', #1895, #4041, #3593 ) ;
#5228 = DIRECTION ( 'NONE',  ( 0.000000000000000000, 0.000000000000000000, -1.000000000000000000 ) ) ;
#5229 = VECTOR ( 'NONE', #5461, 1000.000000000000000 ) ;
#5230 = CARTESIAN_POINT ( 'NONE',  ( 94.61847608853699398, 57.92875201022780374, 4.000000000000003553 ) ) ;
#5231 = CARTESIAN_POINT ( 'NONE',  ( 100.1724910732730507, -65.61251210000970957, 0.000000000000000000 ) ) ;
#5232 = VECTOR ( 'NONE', #4370, 1000.000000000000000 ) ;
#5233 = VECTOR ( 'NONE', #645, 1000.000000000000000 ) ;
#5234 = FACE_OUTER_BOUND ( 'NONE', #2623, .T. ) ;
#5235 = EDGE_CURVE ( 'NONE', #4138, #3712, #824, .T. ) ;
#5236 = ADVANCED_FACE ( 'NONE', ( #5466 ), #3830, .T. ) ;
#5237 = DIRECTION ( 'NONE',  ( -0.000000000000000000, -0.000000000000000000, -1.000000000000000000 ) ) ;
#5238 = AXIS2_PLACEMENT_3D ( 'NONE', #182, #3129, #3924 ) ;
#5239 = CARTESIAN_POINT ( 'NONE',  ( 56.83670629099690785, 86.59724438915466749, 4.000000000000003553 ) ) ;
#5240 = EDGE_LOOP ( 'NONE', ( #1270, #1175, #1789, #3413 ) ) ;
#5241 = COLOUR_RGB ( '',0.7921568627450980005, 0.8196078431372548767, 0.9333333333333333481 ) ;
#5242 = AXIS2_PLACEMENT_3D ( 'NONE', #4080, #4106, #4546 ) ;
#5243 = ORIENTED_EDGE ( 'NONE', *, *, #5253, .F. ) ;
#5244 = CARTESIAN_POINT ( 'NONE',  ( 34.00000000000000711, 2.750000000000000888, 4.000000000000000000 ) ) ;
#5245 = DIRECTION ( 'NONE',  ( 0.000000000000000000, 0.000000000000000000, 1.000000000000000000 ) ) ;
#5246 = ORIENTED_EDGE ( 'NONE', *, *, #3832, .T. ) ;
#5247 = ORIENTED_EDGE ( 'NONE', *, *, #3430, .F. ) ;
#5248 = ADVANCED_FACE ( 'NONE', ( #2934 ), #1936, .F. ) ;
#5249 = AXIS2_PLACEMENT_3D ( 'NONE', #2248, #3454, #3056 ) ;
#5250 = CYLINDRICAL_SURFACE ( 'NONE', #4503, 1.549999999840907750 ) ;
#5251 = ORIENTED_EDGE ( 'NONE', *, *, #2894, .T. ) ;
#5252 = CARTESIAN_POINT ( 'NONE',  ( 0.2499999999999906741, 4.699596770006046142, 0.000000000000000000 ) ) ;
#5253 = EDGE_CURVE ( 'NONE', #4580, #665, #4793, .T. ) ;
#5254 = ORIENTED_EDGE ( 'NONE', *, *, #5493, .T. ) ;
#5255 = ORIENTED_EDGE ( 'NONE', *, *, #4812, .T. ) ;
#5256 = FACE_OUTER_BOUND ( 'NONE', #2869, .T. ) ;
#5257 = CARTESIAN_POINT ( 'NONE',  ( 95.33158597491312491, 74.68145017613936432, 0.000000000000000000 ) ) ;
#5258 = LINE ( 'NONE', #4215, #256 ) ;
#5259 = DIRECTION ( 'NONE',  ( 1.000000000000000000, 0.000000000000000000, 0.000000000000000000 ) ) ;
#5260 = PLANE ( 'NONE',  #1416 ) ;
#5261 = DIRECTION ( 'NONE',  ( 1.000000000000000000, 0.000000000000000000, 0.000000000000000000 ) ) ;
#5262 = DIRECTION ( 'NONE',  ( -1.000000000000000000, 0.000000000000000000, 0.000000000000000000 ) ) ;
#5263 = CARTESIAN_POINT ( 'NONE',  ( 58.67456134290436864, 43.75570504584412390, 0.000000000000000000 ) ) ;
#5264 = EDGE_CURVE ( 'NONE', #2575, #3293, #398, .T. ) ;
#5265 = EDGE_LOOP ( 'NONE', ( #5300, #1844, #4243, #2577 ) ) ;
#5266 = ADVANCED_FACE ( 'NONE', ( #4600 ), #2094, .F. ) ;
#5267 = VERTEX_POINT ( 'NONE', #3386 ) ;
#5268 = LINE ( 'NONE', #672, #1320 ) ;
#5269 = CYLINDRICAL_SURFACE ( 'NONE', #1420, 34.25850751875840672 ) ;
#5270 = DIRECTION ( 'NONE',  ( 0.8090169943749568882, -0.5877852522924602585, 0.000000000000000000 ) ) ;
#5271 = ORIENTED_EDGE ( 'NONE', *, *, #860, .F. ) ;
#5272 = ORIENTED_EDGE ( 'NONE', *, *, #1586, .F. ) ;
#5273 = CARTESIAN_POINT ( 'NONE',  ( 32.95000000000000995, 90.84999999999999432, 122.0421419384104524 ) ) ;
#5274 = ORIENTED_EDGE ( 'NONE', *, *, #2264, .T. ) ;
#5275 = CARTESIAN_POINT ( 'NONE',  ( 0.2499999999999840683, 29.93307237949736788, 0.000000000000000000 ) ) ;
#5276 = VERTEX_POINT ( 'NONE', #2871 ) ;
#5277 = VERTEX_POINT ( 'NONE', #3639 ) ;
#5278 = PLANE ( 'NONE',  #3511 ) ;
#5279 = DIRECTION ( 'NONE',  ( 0.000000000000000000, 0.000000000000000000, 1.000000000000000000 ) ) ;
#5280 = CARTESIAN_POINT ( 'NONE',  ( 93.35620929372277033, -74.99431910621983377, 0.000000000000000000 ) ) ;
#5281 = EDGE_CURVE ( 'NONE', #2377, #1768, #445, .T. ) ;
#5282 = EDGE_CURVE ( 'NONE', #2198, #2070, #1068, .T. ) ;
#5283 = LINE ( 'NONE', #4553, #3449 ) ;
#5284 = FACE_OUTER_BOUND ( 'NONE', #4762, .T. ) ;
#5285 = DIRECTION ( 'NONE',  ( -1.000000000000000000, 0.000000000000000000, 0.000000000000000000 ) ) ;
#5286 = CARTESIAN_POINT ( 'NONE',  ( 11.67500000003314931, -12.75000000001738520, 0.000000000000000000 ) ) ;
#5287 = CARTESIAN_POINT ( 'NONE',  ( 42.97376278460060206, 95.09724438915459643, 0.000000000000000000 ) ) ;
#5288 = FACE_OUTER_BOUND ( 'NONE', #2603, .T. ) ;
#5289 = EDGE_LOOP ( 'NONE', ( #4819, #2619, #3295, #1627 ) ) ;
#5290 = ORIENTED_EDGE ( 'NONE', *, *, #2470, .F. ) ;
#5291 = CARTESIAN_POINT ( 'NONE',  ( 101.7034080011956263, 65.37003867919739264, 122.0421419384104524 ) ) ;
#5292 = CARTESIAN_POINT ( 'NONE',  ( 1.544597783009749037E-11, -126.6225185911903139, 4.000000000000000000 ) ) ;
#5293 = EDGE_CURVE ( 'NONE', #3780, #3257, #4439, .T. ) ;
#5294 = DIRECTION ( 'NONE',  ( -0.000000000000000000, -0.000000000000000000, -1.000000000000000000 ) ) ;
#5295 = VERTEX_POINT ( 'NONE', #1180 ) ;
#5296 = DIRECTION ( 'NONE',  ( -0.000000000000000000, -0.000000000000000000, -1.000000000000000000 ) ) ;
#5297 = EDGE_CURVE ( 'NONE', #2005, #108, #4568, .T. ) ;
#5298 = EDGE_CURVE ( 'NONE', #2741, #2631, #5518, .T. ) ;
#5299 = CIRCLE ( 'NONE', #2456, 0.5000000000000004441 ) ;
#5300 = ORIENTED_EDGE ( 'NONE', *, *, #3483, .T. ) ;
#5301 = DIRECTION ( 'NONE',  ( -1.000000000000000000, 0.000000000000000000, 0.000000000000000000 ) ) ;
#5302 = ORIENTED_EDGE ( 'NONE', *, *, #2080, .T. ) ;
#5303 = CIRCLE ( 'NONE', #1129, 1.550000000000023581 ) ;
#5304 = ORIENTED_EDGE ( 'NONE', *, *, #884, .T. ) ;
#5305 = DIRECTION ( 'NONE',  ( -0.000000000000000000, -0.000000000000000000, -1.000000000000000000 ) ) ;
#5306 = CARTESIAN_POINT ( 'NONE',  ( 106.2847969974023670, -84.38748789999027622, 158.4340709352140379 ) ) ;
#5307 = DIRECTION ( 'NONE',  ( -1.000000000000000000, 0.000000000000000000, 0.000000000000000000 ) ) ;
#5308 = CYLINDRICAL_SURFACE ( 'NONE', #2729, 1.550000000000051337 ) ;
#5309 = FILL_AREA_STYLE ('',( #2438 ) ) ;
#5310 = EDGE_CURVE ( 'NONE', #2034, #991, #1841, .T. ) ;
#5311 = LINE ( 'NONE', #4034, #1312 ) ;
#5312 = CARTESIAN_POINT ( 'NONE',  ( 84.33223417340103367, -72.08654941181339382, 4.000000000000003553 ) ) ;
#5313 = DIRECTION ( 'NONE',  ( 0.000000000000000000, 0.000000000000000000, 1.000000000000000000 ) ) ;
#5314 = AXIS2_PLACEMENT_3D ( 'NONE', #3169, #4879, #3620 ) ;
#5315 = CIRCLE ( 'NONE', #4339, 39.16647994180851100 ) ;
#5316 = DIRECTION ( 'NONE',  ( 0.000000000000000000, 0.000000000000000000, 1.000000000000000000 ) ) ;
#5317 = ORIENTED_EDGE ( 'NONE', *, *, #3939, .T. ) ;
#5318 = EDGE_CURVE ( 'NONE', #4384, #550, #2599, .T. ) ;
#5319 = ORIENTED_EDGE ( 'NONE', *, *, #4262, .F. ) ;
#5320 = VECTOR ( 'NONE', #298, 1000.000000000000000 ) ;
#5321 = DIRECTION ( 'NONE',  ( -1.000000000000000000, 0.000000000000000000, 0.000000000000000000 ) ) ;
#5322 = DIRECTION ( 'NONE',  ( 0.1564344650402305081, -0.9876883405951377704, 0.000000000000000000 ) ) ;
#5323 = ORIENTED_EDGE ( 'NONE', *, *, #1942, .T. ) ;
#5324 = AXIS2_PLACEMENT_3D ( 'NONE', #1724, #1258, #1308 ) ;
#5325 = VECTOR ( 'NONE', #1703, 1000.000000000000000 ) ;
#5326 = CARTESIAN_POINT ( 'NONE',  ( 90.65742381533090111, -76.99108567874223752, 0.000000000000000000 ) ) ;
#5327 = VECTOR ( 'NONE', #624, 1000.000000000000000 ) ;
#5328 = CIRCLE ( 'NONE', #981, 1.549999999840907750 ) ;
#5329 = ORIENTED_EDGE ( 'NONE', *, *, #461, .F. ) ;
#5330 = DIRECTION ( 'NONE',  ( 0.9876883405951375483, 0.1564344650402316184, 0.000000000000000000 ) ) ;
#5331 = ORIENTED_EDGE ( 'NONE', *, *, #558, .T. ) ;
#5332 = EDGE_CURVE ( 'NONE', #1216, #5026, #2679, .T. ) ;
#5333 = AXIS2_PLACEMENT_3D ( 'NONE', #3674, #3702, #3287 ) ;
#5334 = EDGE_CURVE ( 'NONE', #744, #1372, #4680, .T. ) ;
#5335 = EDGE_LOOP ( 'NONE', ( #2942, #2252, #5097, #3555 ) ) ;
#5336 = DIRECTION ( 'NONE',  ( 0.8090169943749525583, 0.5877852522924661427, -0.000000000000000000 ) ) ;
#5337 = LINE ( 'NONE', #5306, #4413 ) ;
#5338 = DIRECTION ( 'NONE',  ( -1.000000000000000000, 0.000000000000000000, 0.000000000000000000 ) ) ;
#5339 = DIRECTION ( 'NONE',  ( -0.000000000000000000, -0.000000000000000000, -1.000000000000000000 ) ) ;
#5340 = CARTESIAN_POINT ( 'NONE',  ( -5.207459619121570071, -93.74391253325792661, 4.000000000000003553 ) ) ;
#5341 = DIRECTION ( 'NONE',  ( 0.000000000000000000, 0.000000000000000000, 1.000000000000000000 ) ) ;
#5342 = DIRECTION ( 'NONE',  ( -1.000000000000000000, 0.000000000000000000, 0.000000000000000000 ) ) ;
#5343 = DIRECTION ( 'NONE',  ( 1.000000000000000000, 0.000000000000000000, 0.000000000000000000 ) ) ;
#5344 = LINE ( 'NONE', #3224, #3630 ) ;
#5345 = ORIENTED_EDGE ( 'NONE', *, *, #2221, .T. ) ;
#5346 = CARTESIAN_POINT ( 'NONE',  ( 82.14483623351057417, 75.09724438915462486, 0.000000000000000000 ) ) ;
#5347 = CARTESIAN_POINT ( 'NONE',  ( 29.99999999999999645, 86.59724438915463907, 4.000000000000003553 ) ) ;
#5348 = CARTESIAN_POINT ( 'NONE',  ( 115.7998642553444881, -73.00891432125771985, 0.000000000000000000 ) ) ;
#5349 = DIRECTION ( 'NONE',  ( -1.000000000000000000, 0.000000000000000000, 0.000000000000000000 ) ) ;
#5350 = ADVANCED_FACE ( 'NONE', ( #3543 ), #459, .F. ) ;
#5351 = DIRECTION ( 'NONE',  ( -0.000000000000000000, -0.000000000000000000, 1.000000000000000000 ) ) ;
#5352 = ORIENTED_EDGE ( 'NONE', *, *, #1217, .T. ) ;
#5353 = DIRECTION ( 'NONE',  ( -0.000000000000000000, -0.000000000000000000, 1.000000000000000000 ) ) ;
#5354 = ORIENTED_EDGE ( 'NONE', *, *, #5310, .F. ) ;
#5355 = CARTESIAN_POINT ( 'NONE',  ( 1.567405496363241054E-11, 86.59724438915466749, 0.000000000000000000 ) ) ;
#5356 = ORIENTED_EDGE ( 'NONE', *, *, #4912, .F. ) ;
#5357 = CARTESIAN_POINT ( 'NONE',  ( 104.4410111393994356, -82.65458463961232383, 4.000000000000003553 ) ) ;
#5358 = CARTESIAN_POINT ( 'NONE',  ( 86.75928515652590534, -73.84990516869076771, 4.000000000000003553 ) ) ;
#5359 = EDGE_CURVE ( 'NONE', #57, #1475, #1510, .T. ) ;
#5360 = FACE_OUTER_BOUND ( 'NONE', #4967, .T. ) ;
#5361 = CARTESIAN_POINT ( 'NONE',  ( 32.63242362858680679, -139.9812849866596878, 0.000000000000000000 ) ) ;
#5362 = CYLINDRICAL_SURFACE ( 'NONE', #2463, 3.000000000000002665 ) ;
#5363 = DIRECTION ( 'NONE',  ( 1.000000000000000000, 0.000000000000000000, 0.000000000000000000 ) ) ;
#5364 = CARTESIAN_POINT ( 'NONE',  ( 61.77456134258617482, -43.75570504588107923, 0.000000000000000000 ) ) ;
#5365 = VECTOR ( 'NONE', #4750, 1000.000000000000000 ) ;
#5366 = DIRECTION ( 'NONE',  ( -0.000000000000000000, -0.000000000000000000, -1.000000000000000000 ) ) ;
#5367 = VERTEX_POINT ( 'NONE', #1399 ) ;
#5368 = FACE_OUTER_BOUND ( 'NONE', #5240, .T. ) ;
#5369 = EDGE_LOOP ( 'NONE', ( #3231, #1714, #2459, #3554 ) ) ;
#5370 = CARTESIAN_POINT ( 'NONE',  ( 4.369879231472136638, -2.168404344971008868E-15, 4.000000000000000000 ) ) ;
#5371 =( LENGTH_UNIT ( ) NAMED_UNIT ( * ) SI_UNIT ( .MILLI., .METRE. ) );
#5372 = EDGE_LOOP ( 'NONE', ( #2514, #3024, #5489, #938 ) ) ;
#5373 = LINE ( 'NONE', #4102, #787 ) ;
#5374 = ORIENTED_EDGE ( 'NONE', *, *, #2622, .T. ) ;
#5375 = VECTOR ( 'NONE', #1105, 1000.000000000000114 ) ;
#5376 = EDGE_CURVE ( 'NONE', #2768, #4224, #485, .T. ) ;
#5377 = ADVANCED_FACE ( 'NONE', ( #87 ), #4764, .F. ) ;
#5378 = DIRECTION ( 'NONE',  ( -0.000000000000000000, -0.000000000000000000, -1.000000000000000000 ) ) ;
#5379 = ORIENTED_EDGE ( 'NONE', *, *, #5310, .T. ) ;
#5380 = CARTESIAN_POINT ( 'NONE',  ( 105.9719280673219259, -82.41211121879997847, 4.000000000000003553 ) ) ;
#5381 = ORIENTED_EDGE ( 'NONE', *, *, #4822, .F. ) ;
#5382 = EDGE_CURVE ( 'NONE', #2039, #2631, #1735, .T. ) ;
#5383 = PLANE ( 'NONE',  #667 ) ;
#5384 = DIRECTION ( 'NONE',  ( -0.000000000000000000, -0.000000000000000000, -1.000000000000000000 ) ) ;
#5385 = DIRECTION ( 'NONE',  ( 1.000000000000000000, 0.000000000000000000, -0.000000000000000000 ) ) ;
#5386 = AXIS2_PLACEMENT_3D ( 'NONE', #2107, #1664, #3781 ) ;
#5387 = LINE ( 'NONE', #5340, #1688 ) ;
#5388 = LINE ( 'NONE', #612, #3528 ) ;
#5389 = CARTESIAN_POINT ( 'NONE',  ( 81.53862968008381529, 72.52901289595419598, 0.000000000000000000 ) ) ;
#5390 = CARTESIAN_POINT ( 'NONE',  ( 103.5471938591985150, -67.10294193957530240, 4.000000000000003553 ) ) ;
#5391 = VECTOR ( 'NONE', #741, 1000.000000000000114 ) ;
#5392 = FACE_OUTER_BOUND ( 'NONE', #4570, .T. ) ;
#5393 = ORIENTED_EDGE ( 'NONE', *, *, #436, .T. ) ;
#5394 = VECTOR ( 'NONE', #4826, 1000.000000000000000 ) ;
#5395 = VECTOR ( 'NONE', #5339, 1000.000000000000000 ) ;
#5396 = ADVANCED_FACE ( 'NONE', ( #3908 ), #5212, .T. ) ;
#5397 = EDGE_CURVE ( 'NONE', #925, #2667, #3094, .T. ) ;
#5398 = DIRECTION ( 'NONE',  ( -0.000000000000000000, -0.000000000000000000, -1.000000000000000000 ) ) ;
#5399 = VERTEX_POINT ( 'NONE', #3435 ) ;
#5400 = CARTESIAN_POINT ( 'NONE',  ( 13.77609861498593347, -22.92434429574828769, 4.000000000000000000 ) ) ;
#5401 = ORIENTED_EDGE ( 'NONE', *, *, #2662, .T. ) ;
#5402 = AXIS2_PLACEMENT_3D ( 'NONE', #5348, #4820, #5321 ) ;
#5403 = AXIS2_PLACEMENT_3D ( 'NONE', #3825, #1317, #2537 ) ;
#5404 = DIRECTION ( 'NONE',  ( 0.000000000000000000, 1.000000000000000000, 0.000000000000000000 ) ) ;
#5405 = VERTEX_POINT ( 'NONE', #4352 ) ;
#5406 = CIRCLE ( 'NONE', #1408, 1.550000000000023581 ) ;
#5407 = AXIS2_PLACEMENT_3D ( 'NONE', #1916, #3284, #2444 ) ;
#5408 = DIRECTION ( 'NONE',  ( 0.000000000000000000, 0.000000000000000000, 1.000000000000000000 ) ) ;
#5409 = ORIENTED_EDGE ( 'NONE', *, *, #3084, .F. ) ;
#5410 = VECTOR ( 'NONE', #4368, 1000.000000000000000 ) ;
#5411 = EDGE_CURVE ( 'NONE', #4718, #1237, #5513, .T. ) ;
#5412 = ORIENTED_EDGE ( 'NONE', *, *, #3252, .T. ) ;
#5413 = DIRECTION ( 'NONE',  ( -1.000000000000000000, 0.000000000000000000, 0.000000000000000000 ) ) ;
#5414 = ORIENTED_EDGE ( 'NONE', *, *, #201, .F. ) ;
#5415 = AXIS2_PLACEMENT_3D ( 'NONE', #1524, #2901, #3408 ) ;
#5416 = CARTESIAN_POINT ( 'NONE',  ( 94.61847608851937252, -57.92875201025195508, 0.000000000000000000 ) ) ;
#5417 = AXIS2_PLACEMENT_3D ( 'NONE', #713, #2769, #5301 ) ;
#5418 = LINE ( 'NONE', #3330, #3796 ) ;
#5419 = EDGE_CURVE ( 'NONE', #682, #4380, #2393, .T. ) ;
#5420 = DIRECTION ( 'NONE',  ( 0.000000000000000000, 0.000000000000000000, 1.000000000000000000 ) ) ;
#5421 = PRESENTATION_STYLE_ASSIGNMENT (( #4900 ) ) ;
#5422 = ORIENTED_EDGE ( 'NONE', *, *, #4395, .F. ) ;
#5423 = CARTESIAN_POINT ( 'NONE',  ( 95.57405939572541342, -76.21236710406184045, 158.4340709352140379 ) ) ;
#5424 = AXIS2_PLACEMENT_3D ( 'NONE', #5158, #3562, #3031 ) ;
#5425 = CYLINDRICAL_SURFACE ( 'NONE', #3629, 1.549999999999995826 ) ;
#5426 = CARTESIAN_POINT ( 'NONE',  ( 97.04552707166182302, 59.69210776710524868, 0.000000000000000000 ) ) ;
#5427 = EDGE_LOOP ( 'NONE', ( #772, #5224 ) ) ;
#5428 = DIRECTION ( 'NONE',  ( -0.000000000000000000, -0.000000000000000000, -1.000000000000000000 ) ) ;
#5429 = ORIENTED_EDGE ( 'NONE', *, *, #3567, .T. ) ;
#5430 = CARTESIAN_POINT ( 'NONE',  ( 47.82832623904525349, -136.4682709085148815, 4.000000000000003553 ) ) ;
#5431 = VERTEX_POINT ( 'NONE', #3853 ) ;
#5432 = ADVANCED_FACE ( 'NONE', ( #3012 ), #565, .F. ) ;
#5433 = EDGE_CURVE ( 'NONE', #4295, #2377, #3491, .T. ) ;
#5434 = CYLINDRICAL_SURFACE ( 'NONE', #64, 1.550000000000002709 ) ;
#5435 = EDGE_LOOP ( 'NONE', ( #965, #2106, #1853, #600 ) ) ;
#5436 = VERTEX_POINT ( 'NONE', #3959 ) ;
#5437 = DIRECTION ( 'NONE',  ( -0.000000000000000000, -0.000000000000000000, -1.000000000000000000 ) ) ;
#5438 = DIRECTION ( 'NONE',  ( -0.8090169943749461190, 0.5877852522924750245, 0.000000000000000000 ) ) ;
#5439 = ORIENTED_EDGE ( 'NONE', *, *, #5046, .T. ) ;
#5440 = ORIENTED_EDGE ( 'NONE', *, *, #5072, .T. ) ;
#5441 = ORIENTED_EDGE ( 'NONE', *, *, #543, .T. ) ;
#5442 = AXIS2_PLACEMENT_3D ( 'NONE', #1211, #3357, #2907 ) ;
#5443 = DIRECTION ( 'NONE',  ( -1.000000000000000000, 0.000000000000000000, 0.000000000000000000 ) ) ;
#5444 = CARTESIAN_POINT ( 'NONE',  ( 90.65742381533090111, -76.99108567874223752, 158.4340709352140379 ) ) ;
#5445 = DIRECTION ( 'NONE',  ( 0.9876883405951343287, 0.1564344650402519077, 0.000000000000000000 ) ) ;
#5446 = ORIENTED_EDGE ( 'NONE', *, *, #4578, .F. ) ;
#5447 = CARTESIAN_POINT ( 'NONE',  ( 53.39500064766649956, 31.68634788275006997, 0.000000000000000000 ) ) ;
#5448 = ORIENTED_EDGE ( 'NONE', *, *, #489, .F. ) ;
#5449 = ADVANCED_FACE ( 'NONE', ( #1430 ), #878, .F. ) ;
#5450 = EDGE_CURVE ( 'NONE', #366, #4382, #2215, .T. ) ;
#5451 = LINE ( 'NONE', #5479, #2808 ) ;
#5452 = CARTESIAN_POINT ( 'NONE',  ( 104.7538800694801466, 84.62996132080253631, 0.000000000000000000 ) ) ;
#5453 = VECTOR ( 'NONE', #546, 1000.000000000000000 ) ;
#5454 = DIRECTION ( 'NONE',  ( 0.000000000000000000, 0.000000000000000000, -1.000000000000000000 ) ) ;
#5455 = ORIENTED_EDGE ( 'NONE', *, *, #5293, .F. ) ;
#5456 = LINE ( 'NONE', #4097, #2750 ) ;
#5457 = DIRECTION ( 'NONE',  ( -0.000000000000000000, -0.000000000000000000, -1.000000000000000000 ) ) ;
#5458 = CARTESIAN_POINT ( 'NONE',  ( 68.01915003213274247, -137.3956936003766600, 4.000000000000003553 ) ) ;
#5459 = ORIENTED_EDGE ( 'NONE', *, *, #4075, .F. ) ;
#5460 = AXIS2_PLACEMENT_3D ( 'NONE', #1117, #699, #1616 ) ;
#5461 = DIRECTION ( 'NONE',  ( -0.000000000000000000, -0.000000000000000000, 1.000000000000000000 ) ) ;
#5462 = ORIENTED_EDGE ( 'NONE', *, *, #986, .F. ) ;
#5463 = EDGE_LOOP ( 'NONE', ( #3410, #5379, #1050, #1986 ) ) ;
#5464 = ADVANCED_FACE ( 'NONE', ( #4100 ), #5269, .F. ) ;
#5465 = LINE ( 'NONE', #3262, #3890 ) ;
#5466 = FACE_OUTER_BOUND ( 'NONE', #5289, .T. ) ;
#5467 = ORIENTED_EDGE ( 'NONE', *, *, #4662, .F. ) ;
#5468 = VERTEX_POINT ( 'NONE', #1539 ) ;
#5469 = ORIENTED_EDGE ( 'NONE', *, *, #4109, .F. ) ;
#5470 = EDGE_CURVE ( 'NONE', #2875, #5055, #2929, .T. ) ;
#5471 = ADVANCED_FACE ( 'NONE', ( #1478 ), #3594, .F. ) ;
#5472 = CARTESIAN_POINT ( 'NONE',  ( 112.6161319353279566, 71.94384703793517133, 122.0421419384104524 ) ) ;
#5473 = CARTESIAN_POINT ( 'NONE',  ( 15.70870473955837987, -149.8123522318014693, 0.000000000000000000 ) ) ;
#5474 = CARTESIAN_POINT ( 'NONE',  ( 51.98359217584339120, -55.07324215923416233, 0.000000000000000000 ) ) ;
#5475 = ORIENTED_EDGE ( 'NONE', *, *, #4390, .T. ) ;
#5476 = LINE ( 'NONE', #1721, #1861 ) ;
#5477 = AXIS2_PLACEMENT_3D ( 'NONE', #3669, #694, #5342 ) ;
#5478 = ORIENTED_EDGE ( 'NONE', *, *, #3498, .F. ) ;
#5479 = CARTESIAN_POINT ( 'NONE',  ( 16.79999999999552074, -15.25000000001736389, 4.000000000000000000 ) ) ;
#5480 = DIRECTION ( 'NONE',  ( 1.069681019934084629E-15, 1.000000000000000000, -0.000000000000000000 ) ) ;
#5481 = VECTOR ( 'NONE', #5226, 1000.000000000000000 ) ;
#5482 = CYLINDRICAL_SURFACE ( 'NONE', #3188, 1.550000000000002709 ) ;
#5483 = EDGE_CURVE ( 'NONE', #819, #4302, #1071, .T. ) ;
#5484 = ORIENTED_EDGE ( 'NONE', *, *, #4390, .F. ) ;
#5485 = AXIS2_PLACEMENT_3D ( 'NONE', #659, #3607, #1106 ) ;
#5486 = DIRECTION ( 'NONE',  ( -0.000000000000000000, -0.000000000000000000, -1.000000000000000000 ) ) ;
#5487 = DIRECTION ( 'NONE',  ( -0.000000000000000000, 0.000000000000000000, -1.000000000000000000 ) ) ;
#5488 = LINE ( 'NONE', #1200, #237 ) ;
#5489 = ORIENTED_EDGE ( 'NONE', *, *, #1878, .T. ) ;
#5490 = AXIS2_PLACEMENT_3D ( 'NONE', #1565, #3321, #1179 ) ;
#5491 = AXIS2_PLACEMENT_3D ( 'NONE', #4497, #692, #1972 ) ;
#5492 = LINE ( 'NONE', #1233, #245 ) ;
#5493 = EDGE_CURVE ( 'NONE', #375, #1032, #350, .T. ) ;
#5494 = EDGE_LOOP ( 'NONE', ( #2724, #1335, #286, #5495 ) ) ;
#5495 = ORIENTED_EDGE ( 'NONE', *, *, #3450, .T. ) ;
#5496 = VECTOR ( 'NONE', #1174, 1000.000000000000114 ) ;
#5497 = DIRECTION ( 'NONE',  ( -1.000000000000000000, 0.000000000000000000, 0.000000000000000000 ) ) ;
#5498 = AXIS2_PLACEMENT_3D ( 'NONE', #3458, #2927, #4288 ) ;
#5499 = DIRECTION ( 'NONE',  ( 0.000000000000000000, 0.000000000000000000, 1.000000000000000000 ) ) ;
#5500 = VERTEX_POINT ( 'NONE', #2763 ) ;
#5501 = ORIENTED_EDGE ( 'NONE', *, *, #5235, .F. ) ;
#5502 = VECTOR ( 'NONE', #2082, 1000.000000000000000 ) ;
#5503 = VECTOR ( 'NONE', #190, 1000.000000000000000 ) ;
#5504 = ORIENTED_EDGE ( 'NONE', *, *, #3217, .F. ) ;
#5505 = DIRECTION ( 'NONE',  ( -1.000000000000000000, 0.000000000000000000, 0.000000000000000000 ) ) ;
#5506 = DIRECTION ( 'NONE',  ( -0.000000000000000000, -0.000000000000000000, -1.000000000000000000 ) ) ;
#5507 = CIRCLE ( 'NONE', #4965, 5.000000000000004441 ) ;
#5508 = LINE ( 'NONE', #3837, #1405 ) ;
#5509 = EDGE_CURVE ( 'NONE', #2738, #5026, #979, .T. ) ;
#5510 = ORIENTED_EDGE ( 'NONE', *, *, #5483, .T. ) ;
#5511 = ADVANCED_FACE ( 'NONE', ( #704 ), #1095, .T. ) ;
#5512 = CARTESIAN_POINT ( 'NONE',  ( 30.50000000000000711, 2.750000000000003553, 0.000000000000000000 ) ) ;
#5513 = CIRCLE ( 'NONE', #2389, 1.550000000000037570 ) ;
#5514 = VECTOR ( 'NONE', #3395, 1000.000000000000114 ) ;
#5515 = ORIENTED_EDGE ( 'NONE', *, *, #5264, .T. ) ;
#5516 = LINE ( 'NONE', #1699, #770 ) ;
#5517 = CARTESIAN_POINT ( 'NONE',  ( 37.94418505388147622, -139.9812849866596878, 4.000000000000003553 ) ) ;
#5518 = CIRCLE ( 'NONE', #1247, 39.16647994180851100 ) ;
#5519 = LINE ( 'NONE', #3337, #1948 ) ;
#5520 = ORIENTED_EDGE ( 'NONE', *, *, #5298, .F. ) ;
#5521 = CIRCLE ( 'NONE', #3645, 96.68976941081567134 ) ;
#5522 = DIRECTION ( 'NONE',  ( 1.000000000000000000, 0.000000000000000000, 0.000000000000000000 ) ) ;
#5523 = FACE_BOUND ( 'NONE', #996, .T. ) ;
#5524 = LINE ( 'NONE', #81, #4338 ) ;
#5525 = CARTESIAN_POINT ( 'NONE',  ( 40.88499999998123968, -139.4323004018817471, 4.000000000000003553 ) ) ;
#5526 = ORIENTED_EDGE ( 'NONE', *, *, #482, .F. ) ;
ENDSEC;
END-ISO-10303-21;
