ISO-10303-21;
HEADER;
FILE_DESCRIPTION (( 'STEP AP214' ),
    '1' );
FILE_NAME ('[4Æ¬]·À×²È¦-2Æ¬Ê½_Gen.4.STEP',
    '2025-08-20T14:04:27',
    ( '' ),
    ( '' ),
    'SwSTEP 2.0',
    'SolidWorks 2020',
    '' );
FILE_SCHEMA (( 'AUTOMOTIVE_DESIGN' ));
ENDSEC;

DATA;
#1 = DIRECTION ( 'NONE',  ( 0.4581383445029053592, -0.8888809016376363337, 0.000000000000000000 ) ) ;
#2 = EDGE_LOOP ( 'NONE', ( #1059, #2841, #332, #1127 ) ) ;
#3 = DIRECTION ( 'NONE',  ( 0.000000000000000000, 0.000000000000000000, 1.000000000000000000 ) ) ;
#4 = EDGE_CURVE ( 'NONE', #50, #171, #1239, .T. ) ;
#5 = VERTEX_POINT ( 'NONE', #313 ) ;
#6 = CARTESIAN_POINT ( 'NONE',  ( 60.71849684162407357, -151.8089869080239964, 0.000000000000000000 ) ) ;
#7 = CARTESIAN_POINT ( 'NONE',  ( 60.21849684162407357, -152.3089869080239964, 2.000000000000000000 ) ) ;
#8 = EDGE_CURVE ( 'NONE', #2822, #2398, #3393, .T. ) ;
#9 = ADVANCED_FACE ( 'NONE', ( #1575 ), #1540, .F. ) ;
#10 = ORIENTED_EDGE ( 'NONE', *, *, #2170, .F. ) ;
#11 = ORIENTED_EDGE ( 'NONE', *, *, #100, .T. ) ;
#12 = CARTESIAN_POINT ( 'NONE',  ( 93.71849684162408778, -152.3089869080239964, 0.000000000000000000 ) ) ;
#13 = EDGE_CURVE ( 'NONE', #1814, #1485, #2508, .T. ) ;
#14 = CARTESIAN_POINT ( 'NONE',  ( 121.9816158513925615, -151.0589869080239964, 0.000000000000000000 ) ) ;
#15 = DIRECTION ( 'NONE',  ( 0.000000000000000000, -0.000000000000000000, 1.000000000000000000 ) ) ;
#16 = DIRECTION ( 'NONE',  ( 0.000000000000000000, 0.000000000000000000, -1.000000000000000000 ) ) ;
#17 = EDGE_CURVE ( 'NONE', #628, #183, #3682, .T. ) ;
#18 = DIRECTION ( 'NONE',  ( 0.000000000000000000, 0.000000000000000000, 1.000000000000000000 ) ) ;
#19 = DIRECTION ( 'NONE',  ( -1.000000000000000000, -4.782686299469182098E-15, 0.000000000000000000 ) ) ;
#20 = ORIENTED_EDGE ( 'NONE', *, *, #1432, .T. ) ;
#21 = PLANE ( 'NONE',  #1569 ) ;
#22 = EDGE_LOOP ( 'NONE', ( #883, #246, #1531, #3551 ) ) ;
#23 = FACE_BOUND ( 'NONE', #2105, .T. ) ;
#24 = ORIENTED_EDGE ( 'NONE', *, *, #2088, .F. ) ;
#25 = DIRECTION ( 'NONE',  ( 1.000000000000000000, 0.000000000000000000, 0.000000000000000000 ) ) ;
#26 = CARTESIAN_POINT ( 'NONE',  ( 0.000000000000000000, -156.6000000000001933, 0.000000000000000000 ) ) ;
#27 = ORIENTED_EDGE ( 'NONE', *, *, #2592, .F. ) ;
#28 = AXIS2_PLACEMENT_3D ( 'NONE', #3917, #2652, #1159 ) ;
#29 = DIRECTION ( 'NONE',  ( -0.000000000000000000, -0.000000000000000000, -1.000000000000000000 ) ) ;
#30 = VECTOR ( 'NONE', #1652, 1000.000000000000000 ) ;
#31 = DIRECTION ( 'NONE',  ( 0.000000000000000000, 0.000000000000000000, 1.000000000000000000 ) ) ;
#32 = EDGE_CURVE ( 'NONE', #234, #3257, #895, .T. ) ;
#33 = ADVANCED_FACE ( 'NONE', ( #1862 ), #2789, .F. ) ;
#34 = CARTESIAN_POINT ( 'NONE',  ( 0.2500000000525970378, -150.5000000000000000, 0.000000000000000000 ) ) ;
#35 = AXIS2_PLACEMENT_3D ( 'NONE', #683, #64, #2820 ) ;
#36 = CARTESIAN_POINT ( 'NONE',  ( 7.500000000000526690, -163.0000000000001421, 0.000000000000000000 ) ) ;
#37 = CARTESIAN_POINT ( 'NONE',  ( 14.60000000000046860, -133.5000000000000000, 2.000000000000000000 ) ) ;
#38 = DIRECTION ( 'NONE',  ( 0.000000000000000000, 0.000000000000000000, 1.000000000000000000 ) ) ;
#39 = CARTESIAN_POINT ( 'NONE',  ( 108.7184968416240878, -149.8089869080239964, 2.000000000000000000 ) ) ;
#40 = ORIENTED_EDGE ( 'NONE', *, *, #2345, .T. ) ;
#41 = VECTOR ( 'NONE', #2845, 1000.000000000000000 ) ;
#42 = FACE_OUTER_BOUND ( 'NONE', #3159, .T. ) ;
#43 = FACE_BOUND ( 'NONE', #2784, .T. ) ;
#44 = CIRCLE ( 'NONE', #1062, 5.000000000000004441 ) ;
#45 = EDGE_LOOP ( 'NONE', ( #341, #1021, #932, #482, #370, #3861, #3249, #1418, #3802, #867 ) ) ;
#46 = CIRCLE ( 'NONE', #1268, 0.5000000000000004441 ) ;
#47 = CYLINDRICAL_SURFACE ( 'NONE', #1909, 0.5000000000000004441 ) ;
#48 = ORIENTED_EDGE ( 'NONE', *, *, #3094, .T. ) ;
#49 = CARTESIAN_POINT ( 'NONE',  ( 26.00112609146677656, -130.1000000000000227, 2.000000000000000000 ) ) ;
#50 = VERTEX_POINT ( 'NONE', #334 ) ;
#51 = DIRECTION ( 'NONE',  ( -0.000000000000000000, -0.000000000000000000, -1.000000000000000000 ) ) ;
#52 = AXIS2_PLACEMENT_3D ( 'NONE', #2005, #820, #3860 ) ;
#53 = CARTESIAN_POINT ( 'NONE',  ( 172.6517884765525821, -46.86755831467730360, 2.000000000000000000 ) ) ;
#54 = CARTESIAN_POINT ( 'NONE',  ( 21.35344314933253074, -156.6000000000001933, 2.000000000000000000 ) ) ;
#55 = VECTOR ( 'NONE', #295, 1000.000000000000000 ) ;
#56 = EDGE_CURVE ( 'NONE', #1934, #1488, #1557, .T. ) ;
#57 = DIRECTION ( 'NONE',  ( -6.186352467534258635E-15, 1.000000000000000000, 0.000000000000000000 ) ) ;
#58 = DIRECTION ( 'NONE',  ( 0.000000000000000000, 0.000000000000000000, -1.000000000000000000 ) ) ;
#59 = VECTOR ( 'NONE', #310, 1000.000000000000000 ) ;
#60 = CARTESIAN_POINT ( 'NONE',  ( 60.71849684162407357, -152.3089869080239964, 0.000000000000000000 ) ) ;
#61 = EDGE_CURVE ( 'NONE', #411, #2664, #1572, .T. ) ;
#62 = CIRCLE ( 'NONE', #2693, 1.549999999999982059 ) ;
#63 = EDGE_LOOP ( 'NONE', ( #1004, #2435, #2767, #1362 ) ) ;
#64 = DIRECTION ( 'NONE',  ( -0.000000000000000000, 0.000000000000000000, 1.000000000000000000 ) ) ;
#65 = CARTESIAN_POINT ( 'NONE',  ( 0.2500000000525970378, -150.5000000000000000, 2.000000000000000000 ) ) ;
#66 = VERTEX_POINT ( 'NONE', #1217 ) ;
#67 = ORIENTED_EDGE ( 'NONE', *, *, #1140, .T. ) ;
#68 = VECTOR ( 'NONE', #2699, 1000.000000000000000 ) ;
#69 = CARTESIAN_POINT ( 'NONE',  ( 109.2184968416240878, -149.8089869080239964, 2.000000000000000000 ) ) ;
#70 = DIRECTION ( 'NONE',  ( -0.000000000000000000, 0.000000000000000000, 1.000000000000000000 ) ) ;
#71 = ORIENTED_EDGE ( 'NONE', *, *, #945, .T. ) ;
#72 = DIRECTION ( 'NONE',  ( -1.000000000000000000, 0.000000000000000000, 0.000000000000000000 ) ) ;
#73 = CARTESIAN_POINT ( 'NONE',  ( 183.6576083050041177, 107.0010139390492867, 0.000000000000000000 ) ) ;
#74 = ORIENTED_EDGE ( 'NONE', *, *, #2768, .T. ) ;
#75 = CARTESIAN_POINT ( 'NONE',  ( 12.59175071685408831, -128.1539330310690445, 2.000000000000000000 ) ) ;
#76 = CARTESIAN_POINT ( 'NONE',  ( 39.33499999999923347, 129.0823004000273500, 2.000000000000000000 ) ) ;
#77 = ORIENTED_EDGE ( 'NONE', *, *, #2546, .T. ) ;
#78 = ORIENTED_EDGE ( 'NONE', *, *, #2446, .T. ) ;
#79 = CARTESIAN_POINT ( 'NONE',  ( 150.3430718738659380, -136.6335698548717517, 2.000000000000000000 ) ) ;
#80 = EDGE_CURVE ( 'NONE', #2897, #444, #3446, .T. ) ;
#81 = ADVANCED_FACE ( 'NONE', ( #3947 ), #286, .F. ) ;
#82 = DIRECTION ( 'NONE',  ( -2.220446049250195067E-14, 1.000000000000000000, 0.000000000000000000 ) ) ;
#83 = VERTEX_POINT ( 'NONE', #2298 ) ;
#84 = DIRECTION ( 'NONE',  ( -0.8526401643541033915, 0.5224985647159307023, 0.000000000000000000 ) ) ;
#85 = CARTESIAN_POINT ( 'NONE',  ( 26.00112609146597364, 1.608521305546099079E-13, 2.000000000000000000 ) ) ;
#86 = EDGE_LOOP ( 'NONE', ( #3321, #3474, #1622, #3760 ) ) ;
#87 = EDGE_CURVE ( 'NONE', #1941, #5, #1897, .T. ) ;
#88 = DIRECTION ( 'NONE',  ( 0.000000000000000000, 0.000000000000000000, -1.000000000000000000 ) ) ;
#89 = VECTOR ( 'NONE', #1438, 1000.000000000000000 ) ;
#90 = CARTESIAN_POINT ( 'NONE',  ( 93.71849684162408778, -151.8089869080239964, 2.000000000000000000 ) ) ;
#91 = VECTOR ( 'NONE', #3001, 1000.000000000000227 ) ;
#92 = ORIENTED_EDGE ( 'NONE', *, *, #2414, .T. ) ;
#93 = CARTESIAN_POINT ( 'NONE',  ( 163.1266155812824934, -38.29447582869627098, 0.000000000000000000 ) ) ;
#94 = LINE ( 'NONE', #3165, #1503 ) ;
#95 = ORIENTED_EDGE ( 'NONE', *, *, #3775, .T. ) ;
#96 = ORIENTED_EDGE ( 'NONE', *, *, #150, .F. ) ;
#97 = CYLINDRICAL_SURFACE ( 'NONE', #1726, 5.000000000000004441 ) ;
#98 = CYLINDRICAL_SURFACE ( 'NONE', #927, 1.549999999999995826 ) ;
#99 = DIRECTION ( 'NONE',  ( 1.000000000000000000, 2.220446049250195067E-14, -0.000000000000000000 ) ) ;
#100 = EDGE_CURVE ( 'NONE', #2586, #83, #3464, .T. ) ;
#101 = VERTEX_POINT ( 'NONE', #770 ) ;
#102 = ADVANCED_FACE ( 'NONE', ( #1675 ), #3794, .T. ) ;
#103 = CYLINDRICAL_SURFACE ( 'NONE', #3188, 1.549999999999995826 ) ;
#104 = AXIS2_PLACEMENT_3D ( 'NONE', #2043, #206, #528 ) ;
#105 = VERTEX_POINT ( 'NONE', #1635 ) ;
#106 = VECTOR ( 'NONE', #3465, 1000.000000000000000 ) ;
#107 = DIRECTION ( 'NONE',  ( 0.000000000000000000, 0.000000000000000000, 1.000000000000000000 ) ) ;
#108 = CARTESIAN_POINT ( 'NONE',  ( 0.000000000000000000, -133.4999999999684235, 0.000000000000000000 ) ) ;
#109 = CIRCLE ( 'NONE', #948, 1.549999999999995826 ) ;
#110 = ORIENTED_EDGE ( 'NONE', *, *, #3893, .F. ) ;
#111 = VECTOR ( 'NONE', #560, 1000.000000000000000 ) ;
#112 = PLANE ( 'NONE',  #2463 ) ;
#113 = DIRECTION ( 'NONE',  ( -0.000000000000000000, 0.000000000000000000, 1.000000000000000000 ) ) ;
#114 = VERTEX_POINT ( 'NONE', #3484 ) ;
#115 = DIRECTION ( 'NONE',  ( 0.000000000000000000, 0.000000000000000000, 1.000000000000000000 ) ) ;
#116 = VECTOR ( 'NONE', #1315, 1000.000000000000000 ) ;
#117 = DIRECTION ( 'NONE',  ( 1.000000000000000000, 0.000000000000000000, 0.000000000000000000 ) ) ;
#118 = CARTESIAN_POINT ( 'NONE',  ( 156.3266155812825104, -3.797419780792699468E-14, 0.000000000000000000 ) ) ;
#119 = ORIENTED_EDGE ( 'NONE', *, *, #1534, .T. ) ;
#120 = ORIENTED_EDGE ( 'NONE', *, *, #302, .T. ) ;
#121 = CARTESIAN_POINT ( 'NONE',  ( 160.3890134198844066, -124.2592011841071269, 2.000000000000000000 ) ) ;
#122 = CARTESIAN_POINT ( 'NONE',  ( 78.18830779062781744, 78.18830779064134617, 2.000000000000000000 ) ) ;
#123 = ORIENTED_EDGE ( 'NONE', *, *, #2312, .F. ) ;
#124 = DIRECTION ( 'NONE',  ( 0.000000000000000000, 0.000000000000000000, -1.000000000000000000 ) ) ;
#125 = CARTESIAN_POINT ( 'NONE',  ( 87.37593380820123912, -143.4379578775915718, 2.000000000000000000 ) ) ;
#126 = EDGE_CURVE ( 'NONE', #3946, #1037, #1641, .T. ) ;
#128 = ADVANCED_FACE ( 'NONE', ( #391 ), #1920, .F. ) ;
#127 = DIRECTION ( 'NONE',  ( 1.000000000000000000, 0.000000000000000000, 0.000000000000000000 ) ) ;
#129 = ORIENTED_EDGE ( 'NONE', *, *, #1410, .T. ) ;
#130 = DIRECTION ( 'NONE',  ( -0.000000000000000000, 1.000000000000000000, 0.000000000000000000 ) ) ;
#131 = ORIENTED_EDGE ( 'NONE', *, *, #1904, .T. ) ;
#132 = ADVANCED_FACE ( 'NONE', ( #1046 ), #1371, .F. ) ;
#133 = DIRECTION ( 'NONE',  ( 0.9990036558656111287, -0.04462841658790407673, 0.000000000000000000 ) ) ;
#134 = FACE_OUTER_BOUND ( 'NONE', #1216, .T. ) ;
#135 = CARTESIAN_POINT ( 'NONE',  ( 109.2184968416240878, -152.3089869080239964, 0.000000000000000000 ) ) ;
#136 = ORIENTED_EDGE ( 'NONE', *, *, #3395, .T. ) ;
#137 = DIRECTION ( 'NONE',  ( 0.000000000000000000, 0.000000000000000000, -1.000000000000000000 ) ) ;
#138 = LINE ( 'NONE', #3756, #2359 ) ;
#139 = ORIENTED_EDGE ( 'NONE', *, *, #1530, .F. ) ;
#140 = DIRECTION ( 'NONE',  ( -1.000000000000000000, -4.183449209309596146E-16, 0.000000000000000000 ) ) ;
#141 = DIRECTION ( 'NONE',  ( 0.000000000000000000, 0.000000000000000000, -1.000000000000000000 ) ) ;
#142 = CARTESIAN_POINT ( 'NONE',  ( 0.000000000000000000, -130.1000000000000227, 2.000000000000000000 ) ) ;
#143 = ORIENTED_EDGE ( 'NONE', *, *, #3103, .T. ) ;
#144 = ADVANCED_FACE ( 'NONE', ( #1996 ), #3160, .F. ) ;
#145 = EDGE_CURVE ( 'NONE', #2897, #2418, #3517, .T. ) ;
#146 = PLANE ( 'NONE',  #2981 ) ;
#147 = VECTOR ( 'NONE', #2579, 1000.000000000000000 ) ;
#148 = VERTEX_POINT ( 'NONE', #2254 ) ;
#149 = PRESENTATION_LAYER_ASSIGNMENT (  '', '', ( #2930 ) ) ;
#150 = EDGE_CURVE ( 'NONE', #2132, #633, #2585, .T. ) ;
#151 = DIRECTION ( 'NONE',  ( -0.000000000000000000, -0.000000000000000000, -1.000000000000000000 ) ) ;
#152 = CARTESIAN_POINT ( 'NONE',  ( 40.88499999999952195, 139.4323004000001447, 0.000000000000000000 ) ) ;
#153 = DIRECTION ( 'NONE',  ( -0.000000000000000000, 0.000000000000000000, 1.000000000000000000 ) ) ;
#154 = ORIENTED_EDGE ( 'NONE', *, *, #2528, .T. ) ;
#155 = CARTESIAN_POINT ( 'NONE',  ( 26.00112609146683340, -139.0731633499026145, 2.000000000000000000 ) ) ;
#156 = DIRECTION ( 'NONE',  ( 0.000000000000000000, 1.000000000000000000, -0.000000000000000000 ) ) ;
#157 = ORIENTED_EDGE ( 'NONE', *, *, #1783, .T. ) ;
#158 = DIRECTION ( 'NONE',  ( 1.000000000000000000, -3.700743415417347923E-14, 0.000000000000000000 ) ) ;
#159 = CIRCLE ( 'NONE', #2873, 1.549999999999995826 ) ;
#160 = PLANE ( 'NONE',  #2876 ) ;
#161 = ORIENTED_EDGE ( 'NONE', *, *, #1904, .F. ) ;
#162 = FACE_OUTER_BOUND ( 'NONE', #2171, .T. ) ;
#163 = VECTOR ( 'NONE', #3613, 1000.000000000000000 ) ;
#164 = ORIENTED_EDGE ( 'NONE', *, *, #32, .F. ) ;
#165 = CARTESIAN_POINT ( 'NONE',  ( 12.50000000000053646, -146.0000000000000000, 2.000000000000000000 ) ) ;
#166 = PRESENTATION_LAYER_ASSIGNMENT (  '', '', ( #2948 ) ) ;
#167 = FILL_AREA_STYLE_COLOUR ( '', #3250 ) ;
#168 = ORIENTED_EDGE ( 'NONE', *, *, #1933, .T. ) ;
#169 = ADVANCED_FACE ( 'NONE', ( #3499 ), #2238, .T. ) ;
#170 = AXIS2_PLACEMENT_3D ( 'NONE', #1025, #2580, #1293 ) ;
#171 = VERTEX_POINT ( 'NONE', #2216 ) ;
#172 = CARTESIAN_POINT ( 'NONE',  ( 93.71849684162408778, -152.3089869080239964, 0.000000000000000000 ) ) ;
#173 = CARTESIAN_POINT ( 'NONE',  ( 47.20443786290453403, 154.5736572563684490, 2.000000000000000000 ) ) ;
#174 = VECTOR ( 'NONE', #869, 1000.000000000000000 ) ;
#175 = CARTESIAN_POINT ( 'NONE',  ( 163.1266155812824366, 38.29447582869628519, 0.000000000000000000 ) ) ;
#176 = EDGE_CURVE ( 'NONE', #778, #2936, #3071, .T. ) ;
#177 = EDGE_CURVE ( 'NONE', #3076, #2084, #3810, .T. ) ;
#178 = EDGE_LOOP ( 'NONE', ( #1819, #2008, #793, #1301 ) ) ;
#179 = VECTOR ( 'NONE', #3361, 1000.000000000000000 ) ;
#180 = CARTESIAN_POINT ( 'NONE',  ( 150.8430718738659380, -136.6335698548717517, 0.000000000000000000 ) ) ;
#181 = FACE_OUTER_BOUND ( 'NONE', #1781, .T. ) ;
#182 = AXIS2_PLACEMENT_3D ( 'NONE', #3839, #1078, #2945 ) ;
#183 = VERTEX_POINT ( 'NONE', #408 ) ;
#184 = ADVANCED_FACE ( 'NONE', ( #3199 ), #2869, .F. ) ;
#185 = CARTESIAN_POINT ( 'NONE',  ( 7.500000000000526690, -163.0000000000001421, 2.000000000000000000 ) ) ;
#186 = DIRECTION ( 'NONE',  ( -0.000000000000000000, -0.000000000000000000, -1.000000000000000000 ) ) ;
#187 = ORIENTED_EDGE ( 'NONE', *, *, #2577, .T. ) ;
#188 = CARTESIAN_POINT ( 'NONE',  ( 163.1266155812824366, 38.29447582869628519, 2.000000000000000000 ) ) ;
#189 = CARTESIAN_POINT ( 'NONE',  ( 174.7874960238982567, 45.01407035374738541, 0.000000000000000000 ) ) ;
#190 = PRODUCT_DEFINITION_SHAPE ( 'NONE', 'NONE',  #3737 ) ;
#191 = DIRECTION ( 'NONE',  ( 1.000000000000000000, 0.000000000000000000, 0.000000000000000000 ) ) ;
#192 = LINE ( 'NONE', #3876, #3384 ) ;
#193 = DIRECTION ( 'NONE',  ( 0.000000000000000000, 0.000000000000000000, 1.000000000000000000 ) ) ;
#194 = ORIENTED_EDGE ( 'NONE', *, *, #1973, .F. ) ;
#195 = ADVANCED_FACE ( 'NONE', ( #1299 ), #750, .F. ) ;
#196 = ORIENTED_EDGE ( 'NONE', *, *, #1008, .T. ) ;
#197 = DIRECTION ( 'NONE',  ( 0.8526401643541031694, 0.5224985647159311464, -0.000000000000000000 ) ) ;
#198 = EDGE_CURVE ( 'NONE', #3198, #2515, #1576, .T. ) ;
#199 = DIRECTION ( 'NONE',  ( -6.376915065959340445E-15, -1.000000000000000000, 0.000000000000000000 ) ) ;
#200 = VERTEX_POINT ( 'NONE', #1396 ) ;
#201 = FACE_OUTER_BOUND ( 'NONE', #3453, .T. ) ;
#202 = ORIENTED_EDGE ( 'NONE', *, *, #797, .T. ) ;
#203 = CARTESIAN_POINT ( 'NONE',  ( 0.000000000000000000, -128.1539330310690445, 2.000000000000000000 ) ) ;
#204 = ORIENTED_EDGE ( 'NONE', *, *, #2867, .T. ) ;
#205 = DIRECTION ( 'NONE',  ( 0.000000000000000000, 0.000000000000000000, 1.000000000000000000 ) ) ;
#206 = DIRECTION ( 'NONE',  ( 1.000000000000000000, 0.000000000000000000, 0.000000000000000000 ) ) ;
#207 = ORIENTED_EDGE ( 'NONE', *, *, #1014, .F. ) ;
#208 = AXIS2_PLACEMENT_3D ( 'NONE', #3913, #3267, #3596 ) ;
#209 = CARTESIAN_POINT ( 'NONE',  ( 11.50000000000054001, -146.0000000000000000, 2.000000000000000000 ) ) ;
#210 = CARTESIAN_POINT ( 'NONE',  ( 17.45000000000052154, -156.6000000000001933, 2.000000000000000000 ) ) ;
#211 = VECTOR ( 'NONE', #572, 1000.000000000000000 ) ;
#212 = DIRECTION ( 'NONE',  ( 1.000000000000000000, 0.000000000000000000, 0.000000000000000000 ) ) ;
#213 = AXIS2_PLACEMENT_3D ( 'NONE', #643, #3747, #961 ) ;
#214 = EDGE_LOOP ( 'NONE', ( #3048, #2154, #481, #3670 ) ) ;
#215 = CIRCLE ( 'NONE', #2272, 1.549999999999995826 ) ;
#216 = CARTESIAN_POINT ( 'NONE',  ( 163.1266155812824934, 0.000000000000000000, 0.000000000000000000 ) ) ;
#217 = EDGE_CURVE ( 'NONE', #645, #1574, #1088, .T. ) ;
#218 = CARTESIAN_POINT ( 'NONE',  ( 17.45000000000051799, -154.5000000000001705, 0.000000000000000000 ) ) ;
#219 = ADVANCED_FACE ( 'NONE', ( #2933 ), #3852, .F. ) ;
#220 = ORIENTED_EDGE ( 'NONE', *, *, #2195, .T. ) ;
#221 = DIRECTION ( 'NONE',  ( 0.000000000000000000, 0.000000000000000000, 1.000000000000000000 ) ) ;
#222 = CARTESIAN_POINT ( 'NONE',  ( 93.71849684162408778, -149.8089869080239964, 2.000000000000000000 ) ) ;
#223 = ORIENTED_EDGE ( 'NONE', *, *, #177, .T. ) ;
#224 = LINE ( 'NONE', #2097, #2723 ) ;
#225 = CARTESIAN_POINT ( 'NONE',  ( 13.05000000000047145, -133.5000000000000000, 0.000000000000000000 ) ) ;
#226 = ORIENTED_EDGE ( 'NONE', *, *, #916, .F. ) ;
#227 = CIRCLE ( 'NONE', #1514, 1.549999999999995826 ) ;
#228 = VECTOR ( 'NONE', #890, 999.9999999999998863 ) ;
#229 = DIRECTION ( 'NONE',  ( -1.000000000000000000, 0.000000000000000000, 0.000000000000000000 ) ) ;
#230 = DIRECTION ( 'NONE',  ( 1.000000000000000000, 0.000000000000000000, 0.000000000000000000 ) ) ;
#231 = LINE ( 'NONE', #1466, #816 ) ;
#232 = VECTOR ( 'NONE', #1471, 1000.000000000000000 ) ;
#233 = EDGE_LOOP ( 'NONE', ( #3595, #3069, #3607, #161 ) ) ;
#234 = VERTEX_POINT ( 'NONE', #54 ) ;
#235 = AXIS2_PLACEMENT_3D ( 'NONE', #2289, #480, #153 ) ;
#236 = CARTESIAN_POINT ( 'NONE',  ( 78.18830779064352043, -78.18830779064151670, 2.000000000000000000 ) ) ;
#237 = ORIENTED_EDGE ( 'NONE', *, *, #3068, .T. ) ;
#238 = DIRECTION ( 'NONE',  ( 0.000000000000000000, 0.000000000000000000, -1.000000000000000000 ) ) ;
#239 = VECTOR ( 'NONE', #1790, 1000.000000000000000 ) ;
#240 = ORIENTED_EDGE ( 'NONE', *, *, #3801, .T. ) ;
#241 = CIRCLE ( 'NONE', #1664, 0.5000000000000004441 ) ;
#242 = CARTESIAN_POINT ( 'NONE',  ( 174.7874960238982567, 45.01407035374738541, 2.000000000000000000 ) ) ;
#243 = CARTESIAN_POINT ( 'NONE',  ( -1.005368627855002374E-12, -163.0000000000000853, 2.000000000000000000 ) ) ;
#244 = VECTOR ( 'NONE', #3063, 1000.000000000000000 ) ;
#245 = VERTEX_POINT ( 'NONE', #1261 ) ;
#246 = ORIENTED_EDGE ( 'NONE', *, *, #3332, .F. ) ;
#247 = CARTESIAN_POINT ( 'NONE',  ( 76.21849684162407357, -150.3089869080239964, 2.000000000000000000 ) ) ;
#248 = EDGE_CURVE ( 'NONE', #2590, #1426, #3687, .T. ) ;
#249 = EDGE_CURVE ( 'NONE', #3569, #272, #2510, .T. ) ;
#250 = FACE_OUTER_BOUND ( 'NONE', #233, .T. ) ;
#251 = FACE_OUTER_BOUND ( 'NONE', #3978, .T. ) ;
#252 = CARTESIAN_POINT ( 'NONE',  ( 13.05000000000047145, -133.5000000000000000, 2.000000000000000000 ) ) ;
#253 = DIRECTION ( 'NONE',  ( 0.7071067811865474617, -0.7071067811865474617, -0.000000000000000000 ) ) ;
#254 = ADVANCED_FACE ( 'NONE', ( #1197 ), #3062, .T. ) ;
#255 = VERTEX_POINT ( 'NONE', #1881 ) ;
#256 = VERTEX_POINT ( 'NONE', #1543 ) ;
#257 = CARTESIAN_POINT ( 'NONE',  ( 159.4266155812825048, -3.778437755405916277E-14, 2.000000000000000000 ) ) ;
#258 = FACE_BOUND ( 'NONE', #1451, .T. ) ;
#259 = ORIENTED_EDGE ( 'NONE', *, *, #1973, .T. ) ;
#260 = FACE_OUTER_BOUND ( 'NONE', #3014, .T. ) ;
#261 = ORIENTED_EDGE ( 'NONE', *, *, #1456, .T. ) ;
#262 = FACE_OUTER_BOUND ( 'NONE', #2117, .T. ) ;
#263 = EDGE_LOOP ( 'NONE', ( #3082, #3356, #2986, #623, #1412, #2717, #362, #304, #1611, #859 ) ) ;
#264 = VERTEX_POINT ( 'NONE', #2451 ) ;
#265 = DIRECTION ( 'NONE',  ( 0.000000000000000000, 0.000000000000000000, -1.000000000000000000 ) ) ;
#266 = PLANE ( 'NONE',  #2158 ) ;
#267 = ADVANCED_FACE ( 'NONE', ( #977 ), #898, .F. ) ;
#268 = FACE_OUTER_BOUND ( 'NONE', #273, .T. ) ;
#269 = CARTESIAN_POINT ( 'NONE',  ( 60.71849684162407357, -150.3089869080239964, 0.000000000000000000 ) ) ;
#270 = VECTOR ( 'NONE', #2185, 1000.000000000000000 ) ;
#271 = DIRECTION ( 'NONE',  ( 0.000000000000000000, 0.000000000000000000, 1.000000000000000000 ) ) ;
#272 = VERTEX_POINT ( 'NONE', #1865 ) ;
#273 = EDGE_LOOP ( 'NONE', ( #3694, #2970, #3521, #2176 ) ) ;
#274 = DIRECTION ( 'NONE',  ( -1.000000000000000000, 0.000000000000000000, 0.000000000000000000 ) ) ;
#275 = VERTEX_POINT ( 'NONE', #592 ) ;
#276 = LINE ( 'NONE', #1853, #3902 ) ;
#277 = VECTOR ( 'NONE', #1567, 1000.000000000000000 ) ;
#278 = AXIS2_PLACEMENT_3D ( 'NONE', #1863, #31, #934 ) ;
#279 = EDGE_LOOP ( 'NONE', ( #237, #1394, #3637, #913 ) ) ;
#280 = VECTOR ( 'NONE', #1223, 1000.000000000000000 ) ;
#281 = VECTOR ( 'NONE', #3135, 1000.000000000000000 ) ;
#282 = CYLINDRICAL_SURFACE ( 'NONE', #1968, 1.549999999999995826 ) ;
#283 = ORIENTED_EDGE ( 'NONE', *, *, #1361, .F. ) ;
#284 = FACE_OUTER_BOUND ( 'NONE', #3554, .T. ) ;
#285 = EDGE_LOOP ( 'NONE', ( #2955, #3770 ) ) ;
#286 = CYLINDRICAL_SURFACE ( 'NONE', #2211, 0.4999999999999987232 ) ;
#287 = LINE ( 'NONE', #1259, #1499 ) ;
#288 = DIRECTION ( 'NONE',  ( -0.9990036558656111287, 0.04462841658790407673, 0.000000000000000000 ) ) ;
#289 = ORIENTED_EDGE ( 'NONE', *, *, #887, .F. ) ;
#290 = AXIS2_PLACEMENT_3D ( 'NONE', #2569, #1976, #450 ) ;
#291 = DIRECTION ( 'NONE',  ( 1.000000000000000000, 9.566489757207272714E-17, -0.000000000000000000 ) ) ;
#292 = PLANE ( 'NONE',  #3414 ) ;
#293 = DIRECTION ( 'NONE',  ( 1.000000000000000000, 0.000000000000000000, 0.000000000000000000 ) ) ;
#294 = EDGE_CURVE ( 'NONE', #730, #1565, #318, .T. ) ;
#295 = DIRECTION ( 'NONE',  ( -0.000000000000000000, -0.000000000000000000, 1.000000000000000000 ) ) ;
#296 = AXIS2_PLACEMENT_3D ( 'NONE', #541, #507, #1717 ) ;
#297 = ORIENTED_EDGE ( 'NONE', *, *, #1435, .F. ) ;
#298 = ORIENTED_EDGE ( 'NONE', *, *, #2014, .T. ) ;
#299 = DIRECTION ( 'NONE',  ( 0.000000000000000000, -1.000000000000000000, 0.000000000000000000 ) ) ;
#300 = ADVANCED_FACE ( 'NONE', ( #2199 ), #616, .F. ) ;
#301 = AXIS2_PLACEMENT_3D ( 'NONE', #1773, #2984, #520 ) ;
#302 = EDGE_CURVE ( 'NONE', #1800, #1848, #2777, .T. ) ;
#303 = DIRECTION ( 'NONE',  ( 1.000000000000000000, 0.000000000000000000, 0.000000000000000000 ) ) ;
#304 = ORIENTED_EDGE ( 'NONE', *, *, #2140, .T. ) ;
#305 = AXIS2_PLACEMENT_3D ( 'NONE', #603, #3, #1230 ) ;
#306 = ADVANCED_FACE ( 'NONE', ( #1221 ), #2792, .F. ) ;
#307 = CARTESIAN_POINT ( 'NONE',  ( 161.8032269822574847, -125.6734147464802192, 2.000000000000000000 ) ) ;
#308 = ORIENTED_EDGE ( 'NONE', *, *, #3841, .F. ) ;
#309 = CIRCLE ( 'NONE', #378, 0.5000000000000004441 ) ;
#310 = DIRECTION ( 'NONE',  ( -0.000000000000000000, -0.000000000000000000, -1.000000000000000000 ) ) ;
#311 = VERTEX_POINT ( 'NONE', #36 ) ;
#312 = EDGE_CURVE ( 'NONE', #1928, #255, #2163, .T. ) ;
#313 = CARTESIAN_POINT ( 'NONE',  ( 15.60000000000053255, -146.0000000000000000, 0.000000000000000000 ) ) ;
#314 = AXIS2_PLACEMENT_3D ( 'NONE', #3233, #722, #2596 ) ;
#315 = CARTESIAN_POINT ( 'NONE',  ( 161.8032269822574847, -125.6734147464802192, 2.000000000000000000 ) ) ;
#316 = DIRECTION ( 'NONE',  ( -1.000000000000000000, 0.000000000000000000, 0.000000000000000000 ) ) ;
#317 = ORIENTED_EDGE ( 'NONE', *, *, #1361, .T. ) ;
#318 = LINE ( 'NONE', #3430, #1450 ) ;
#319 = CARTESIAN_POINT ( 'NONE',  ( 33.42537009046714047, 143.7534036769028774, 2.000000000000000000 ) ) ;
#320 = DIRECTION ( 'NONE',  ( 0.000000000000000000, -0.000000000000000000, 1.000000000000000000 ) ) ;
#321 = CARTESIAN_POINT ( 'NONE',  ( 60.71849684162407357, -150.3089869080239964, 2.000000000000000000 ) ) ;
#322 = EDGE_LOOP ( 'NONE', ( #2257, #442 ) ) ;
#323 = DIRECTION ( 'NONE',  ( 0.000000000000000000, 1.000000000000000000, 0.000000000000000000 ) ) ;
#324 = DIRECTION ( 'NONE',  ( -0.000000000000000000, 0.000000000000000000, 1.000000000000000000 ) ) ;
#325 = ORIENTED_EDGE ( 'NONE', *, *, #1132, .T. ) ;
#326 = EDGE_CURVE ( 'NONE', #1640, #744, #1842, .T. ) ;
#327 = EDGE_CURVE ( 'NONE', #3821, #2669, #337, .T. ) ;
#328 = AXIS2_PLACEMENT_3D ( 'NONE', #1506, #1207, #1813 ) ;
#329 = CARTESIAN_POINT ( 'NONE',  ( 160.0354600292911016, -123.9056477935138645, 2.000000000000000000 ) ) ;
#330 = ORIENTED_EDGE ( 'NONE', *, *, #3217, .F. ) ;
#331 = CARTESIAN_POINT ( 'NONE',  ( -41.90616694887365412, -13.88471386190429691, 2.000000000000000000 ) ) ;
#332 = ORIENTED_EDGE ( 'NONE', *, *, #1647, .F. ) ;
#333 = VECTOR ( 'NONE', #2009, 1000.000000000000000 ) ;
#334 = CARTESIAN_POINT ( 'NONE',  ( 136.0849649876850833, 154.5736572563684490, 2.000000000000000000 ) ) ;
#335 = DIRECTION ( 'NONE',  ( -1.000000000000000000, 0.000000000000000000, 0.000000000000000000 ) ) ;
#336 = DIRECTION ( 'NONE',  ( 0.000000000000000000, 0.000000000000000000, -1.000000000000000000 ) ) ;
#337 = LINE ( 'NONE', #919, #549 ) ;
#338 = DIRECTION ( 'NONE',  ( -0.000000000000000000, 0.000000000000000000, -1.000000000000000000 ) ) ;
#339 = CARTESIAN_POINT ( 'NONE',  ( 174.2017884765525650, -46.86755831467730360, 0.000000000000000000 ) ) ;
#340 = CARTESIAN_POINT ( 'NONE',  ( 16.10000000000053078, -146.5000000000000000, 2.000000000000000000 ) ) ;
#341 = ORIENTED_EDGE ( 'NONE', *, *, #1320, .F. ) ;
#342 = ORIENTED_EDGE ( 'NONE', *, *, #249, .F. ) ;
#343 = LINE ( 'NONE', #2227, #281 ) ;
#344 = CARTESIAN_POINT ( 'NONE',  ( 152.6266155812825787, 3.749999999999462208, 2.000000000000000000 ) ) ;
#345 = ORIENTED_EDGE ( 'NONE', *, *, #1053, .T. ) ;
#346 = AXIS2_PLACEMENT_3D ( 'NONE', #1117, #1788, #2063 ) ;
#347 = LINE ( 'NONE', #1835, #3206 ) ;
#348 = VERTEX_POINT ( 'NONE', #1905 ) ;
#349 = CIRCLE ( 'NONE', #606, 0.5000000000000004441 ) ;
#351 = ADVANCED_FACE ( 'NONE', ( #1284 ), #3148, .T. ) ;
#350 = CARTESIAN_POINT ( 'NONE',  ( 101.5319607530560830, 62.21886557086350678, 2.000000000000000000 ) ) ;
#352 = EDGE_LOOP ( 'NONE', ( #261, #1400, #3173, #2134, #2386, #2422, #1492, #2819, #2011, #2377, #196, #2620, #3748 ) ) ;
#353 = DIRECTION ( 'NONE',  ( 0.000000000000000000, 0.000000000000000000, 1.000000000000000000 ) ) ;
#354 = CIRCLE ( 'NONE', #35, 1.549999999999982059 ) ;
#355 = DIRECTION ( 'NONE',  ( -1.000000000000000000, 0.000000000000000000, 0.000000000000000000 ) ) ;
#356 = DIRECTION ( 'NONE',  ( -0.000000000000000000, -0.000000000000000000, -1.000000000000000000 ) ) ;
#357 = EDGE_CURVE ( 'NONE', #2525, #625, #486, .T. ) ;
#358 = DIRECTION ( 'NONE',  ( 1.000000000000000000, -6.167905692361974645E-15, 0.000000000000000000 ) ) ;
#359 = DIRECTION ( 'NONE',  ( 0.000000000000000000, -1.000000000000000000, 0.000000000000000000 ) ) ;
#360 = AXIS2_PLACEMENT_3D ( 'NONE', #3830, #3241, #467 ) ;
#361 = LINE ( 'NONE', #2898, #499 ) ;
#362 = ORIENTED_EDGE ( 'NONE', *, *, #2367, .T. ) ;
#363 = VECTOR ( 'NONE', #1725, 1000.000000000000000 ) ;
#364 = CYLINDRICAL_SURFACE ( 'NONE', #575, 0.5000000000000004441 ) ;
#365 = CARTESIAN_POINT ( 'NONE',  ( 48.41652163948018028, -157.8089869080239964, 0.000000000000000000 ) ) ;
#366 = ORIENTED_EDGE ( 'NONE', *, *, #3343, .F. ) ;
#367 = ORIENTED_EDGE ( 'NONE', *, *, #2572, .F. ) ;
#368 = CIRCLE ( 'NONE', #624, 1.549999999999995826 ) ;
#369 = LINE ( 'NONE', #3808, #372 ) ;
#370 = ORIENTED_EDGE ( 'NONE', *, *, #1188, .F. ) ;
#371 = DIRECTION ( 'NONE',  ( 1.000000000000000000, -1.045061078363066554E-14, 0.000000000000000000 ) ) ;
#372 = VECTOR ( 'NONE', #446, 1000.000000000000000 ) ;
#373 = ORIENTED_EDGE ( 'NONE', *, *, #1555, .F. ) ;
#374 = DIRECTION ( 'NONE',  ( -0.6596900080672595257, 0.7515378189128071318, 0.000000000000000000 ) ) ;
#375 = AXIS2_PLACEMENT_3D ( 'NONE', #2653, #763, #1411 ) ;
#376 = CARTESIAN_POINT ( 'NONE',  ( 37.78499999999960579, 120.1823004000001163, 2.000000000000000000 ) ) ;
#377 = ORIENTED_EDGE ( 'NONE', *, *, #2317, .F. ) ;
#378 = AXIS2_PLACEMENT_3D ( 'NONE', #1091, #2797, #2495 ) ;
#379 = ADVANCED_FACE ( 'NONE', ( #2122 ), #3368, .T. ) ;
#380 = EDGE_CURVE ( 'NONE', #2497, #1485, #3389, .T. ) ;
#381 = DIRECTION ( 'NONE',  ( 9.566489757207271482E-17, -1.000000000000000000, 0.000000000000000000 ) ) ;
#382 = DIRECTION ( 'NONE',  ( 0.000000000000000000, 0.000000000000000000, 1.000000000000000000 ) ) ;
#383 = CIRCLE ( 'NONE', #2235, 0.5000000000000004441 ) ;
#384 = VERTEX_POINT ( 'NONE', #225 ) ;
#385 = DIRECTION ( 'NONE',  ( 0.000000000000000000, 1.000000000000000000, 0.000000000000000000 ) ) ;
#386 = DIRECTION ( 'NONE',  ( 0.000000000000000000, 0.000000000000000000, 1.000000000000000000 ) ) ;
#387 = EDGE_CURVE ( 'NONE', #1484, #3798, #3642, .T. ) ;
#388 = ORIENTED_EDGE ( 'NONE', *, *, #380, .T. ) ;
#389 = DIRECTION ( 'NONE',  ( -0.7071067811866086350, 0.7071067811864862884, 0.000000000000000000 ) ) ;
#390 = ORIENTED_EDGE ( 'NONE', *, *, #566, .T. ) ;
#391 = FACE_OUTER_BOUND ( 'NONE', #3969, .T. ) ;
#392 = CARTESIAN_POINT ( 'NONE',  ( 40.88499999999952195, 139.4323004000001447, 2.000000000000000000 ) ) ;
#393 = ORIENTED_EDGE ( 'NONE', *, *, #2445, .T. ) ;
#394 = CARTESIAN_POINT ( 'NONE',  ( 93.21849684162408778, -152.3089869080239964, 2.000000000000000000 ) ) ;
#395 = EDGE_CURVE ( 'NONE', #1254, #1683, #1459, .T. ) ;
#396 = EDGE_LOOP ( 'NONE', ( #3911, #3535, #839, #2297 ) ) ;
#397 = EDGE_CURVE ( 'NONE', #1051, #3050, #3003, .T. ) ;
#398 = EDGE_LOOP ( 'NONE', ( #1869, #3066 ) ) ;
#399 = DIRECTION ( 'NONE',  ( 0.000000000000000000, 0.000000000000000000, -1.000000000000000000 ) ) ;
#400 = FACE_OUTER_BOUND ( 'NONE', #178, .T. ) ;
#401 = DIRECTION ( 'NONE',  ( 1.000000000000000000, 0.000000000000000000, 0.000000000000000000 ) ) ;
#402 = EDGE_CURVE ( 'NONE', #3400, #272, #159, .T. ) ;
#403 = VERTEX_POINT ( 'NONE', #1439 ) ;
#404 = VECTOR ( 'NONE', #1360, 1000.000000000000000 ) ;
#405 = CARTESIAN_POINT ( 'NONE',  ( 109.2184968416240878, -151.8089869080239964, 2.000000000000000000 ) ) ;
#406 = DIRECTION ( 'NONE',  ( 0.7071067811865486830, 0.7071067811865464625, 0.000000000000000000 ) ) ;
#407 = ORIENTED_EDGE ( 'NONE', *, *, #2769, .F. ) ;
#408 = CARTESIAN_POINT ( 'NONE',  ( 160.5354600292911300, -123.9056477935138645, 0.000000000000000000 ) ) ;
#409 = LINE ( 'NONE', #3796, #3577 ) ;
#410 = CIRCLE ( 'NONE', #3763, 1.550000000000002709 ) ;
#411 = VERTEX_POINT ( 'NONE', #2428 ) ;
#412 = FACE_BOUND ( 'NONE', #3166, .T. ) ;
#413 = AXIS2_PLACEMENT_3D ( 'NONE', #2815, #58, #2877 ) ;
#414 = ORIENTED_EDGE ( 'NONE', *, *, #2913, .T. ) ;
#415 = VERTEX_POINT ( 'NONE', #511 ) ;
#416 = CARTESIAN_POINT ( 'NONE',  ( 150.8430718738659380, -136.6335698548717517, 2.000000000000000000 ) ) ;
#417 = FACE_OUTER_BOUND ( 'NONE', #3322, .T. ) ;
#418 = DIRECTION ( 'NONE',  ( 0.7071067811865487940, 0.7071067811865463515, 0.000000000000000000 ) ) ;
#419 = ORIENTED_EDGE ( 'NONE', *, *, #3599, .F. ) ;
#420 = ADVANCED_FACE ( 'NONE', ( #250 ), #2385, .T. ) ;
#421 = CARTESIAN_POINT ( 'NONE',  ( 153.8766155812825502, 3.416747231394498289E-12, 2.000000000000000000 ) ) ;
#422 = ADVANCED_FACE ( 'NONE', ( #3872 ), #2348, .F. ) ;
#423 = AXIS2_PLACEMENT_3D ( 'NONE', #3973, #2755, #3086 ) ;
#424 = CARTESIAN_POINT ( 'NONE',  ( 11.50000000000054001, -146.0000000000000000, 0.000000000000000000 ) ) ;
#425 = VERTEX_POINT ( 'NONE', #1420 ) ;
#426 = CIRCLE ( 'NONE', #2677, 1.549999999999995826 ) ;
#427 = DIRECTION ( 'NONE',  ( -0.000000000000000000, -0.000000000000000000, 1.000000000000000000 ) ) ;
#428 = DIRECTION ( 'NONE',  ( 1.000000000000000000, 0.000000000000000000, 0.000000000000000000 ) ) ;
#429 = EDGE_LOOP ( 'NONE', ( #204, #1275, #3743, #3046 ) ) ;
#430 = CARTESIAN_POINT ( 'NONE',  ( 93.71849684162408778, -149.8089869080239964, 2.000000000000000000 ) ) ;
#431 = ADVANCED_FACE ( 'NONE', ( #2668 ), #3576, .T. ) ;
#432 = VERTEX_POINT ( 'NONE', #1494 ) ;
#433 = CIRCLE ( 'NONE', #690, 1.549999999999997602 ) ;
#434 = FACE_BOUND ( 'NONE', #3638, .T. ) ;
#435 = DIRECTION ( 'NONE',  ( 1.000000000000000000, 0.000000000000000000, 0.000000000000000000 ) ) ;
#436 = VECTOR ( 'NONE', #3977, 1000.000000000000000 ) ;
#437 = EDGE_LOOP ( 'NONE', ( #3784, #2832 ) ) ;
#438 = CARTESIAN_POINT ( 'NONE',  ( 174.8807527461468965, 103.3655213315809078, 2.000000000000000000 ) ) ;
#439 = AXIS2_PLACEMENT_3D ( 'NONE', #2748, #3968, #1215 ) ;
#440 = DIRECTION ( 'NONE',  ( 1.000000000000000000, 0.000000000000000000, 0.000000000000000000 ) ) ;
#441 = FACE_OUTER_BOUND ( 'NONE', #466, .T. ) ;
#442 = ORIENTED_EDGE ( 'NONE', *, *, #741, .T. ) ;
#443 = AXIS2_PLACEMENT_3D ( 'NONE', #2431, #3431, #596 ) ;
#444 = VERTEX_POINT ( 'NONE', #1763 ) ;
#445 = CARTESIAN_POINT ( 'NONE',  ( 151.3430718738659380, -136.6335698548717517, 0.000000000000000000 ) ) ;
#446 = DIRECTION ( 'NONE',  ( -0.000000000000000000, -0.000000000000000000, -1.000000000000000000 ) ) ;
#447 = EDGE_CURVE ( 'NONE', #1740, #1054, #3914, .T. ) ;
#448 = ADVANCED_FACE ( 'NONE', ( #1745 ), #2730, .F. ) ;
#449 = ORIENTED_EDGE ( 'NONE', *, *, #3910, .F. ) ;
#450 = DIRECTION ( 'NONE',  ( 1.000000000000000000, 0.000000000000000000, 0.000000000000000000 ) ) ;
#451 = DIRECTION ( 'NONE',  ( -0.000000000000000000, -0.000000000000000000, 1.000000000000000000 ) ) ;
#452 = ORIENTED_EDGE ( 'NONE', *, *, #3342, .F. ) ;
#453 = DIRECTION ( 'NONE',  ( 0.000000000000000000, 0.000000000000000000, 1.000000000000000000 ) ) ;
#454 = EDGE_CURVE ( 'NONE', #1227, #636, #3896, .T. ) ;
#455 = EDGE_LOOP ( 'NONE', ( #3691, #929 ) ) ;
#456 = DIRECTION ( 'NONE',  ( 1.000000000000000000, 0.000000000000000000, 0.000000000000000000 ) ) ;
#457 = ORIENTED_EDGE ( 'NONE', *, *, #728, .T. ) ;
#458 = ORIENTED_EDGE ( 'NONE', *, *, #1184, .F. ) ;
#459 = AXIS2_PLACEMENT_3D ( 'NONE', #558, #519, #2108 ) ;
#460 = CARTESIAN_POINT ( 'NONE',  ( 163.1266155812824366, 38.29447582869628519, 2.000000000000000000 ) ) ;
#461 = DIRECTION ( 'NONE',  ( -4.782686299469181309E-15, 1.000000000000000000, 0.000000000000000000 ) ) ;
#462 = DIRECTION ( 'NONE',  ( 1.000000000000000000, 0.000000000000000000, 0.000000000000000000 ) ) ;
#463 = ORIENTED_EDGE ( 'NONE', *, *, #2221, .F. ) ;
#464 = CARTESIAN_POINT ( 'NONE',  ( 174.7874960238982567, 45.01407035374738541, 0.000000000000000000 ) ) ;
#465 = CARTESIAN_POINT ( 'NONE',  ( 93.71849684162408778, -152.3089869080239964, 2.000000000000000000 ) ) ;
#466 = EDGE_LOOP ( 'NONE', ( #2002, #2826, #1663, #2878 ) ) ;
#467 = DIRECTION ( 'NONE',  ( 1.000000000000000000, 0.000000000000000000, 0.000000000000000000 ) ) ;
#468 = EDGE_CURVE ( 'NONE', #348, #1814, #3597, .T. ) ;
#469 = FACE_OUTER_BOUND ( 'NONE', #726, .T. ) ;
#470 = CARTESIAN_POINT ( 'NONE',  ( 61.21849684162407357, -149.8089869080239964, 2.000000000000000000 ) ) ;
#471 = EDGE_LOOP ( 'NONE', ( #3480, #882, #2405, #2035 ) ) ;
#472 = DIRECTION ( 'NONE',  ( -0.7071067811865475727, -0.7071067811865475727, 0.000000000000000000 ) ) ;
#473 = ADVANCED_FACE ( 'NONE', ( #2996 ), #2690, .T. ) ;
#474 = EDGE_CURVE ( 'NONE', #2669, #1570, #3348, .T. ) ;
#475 = ORIENTED_EDGE ( 'NONE', *, *, #56, .T. ) ;
#476 = AXIS2_PLACEMENT_3D ( 'NONE', #813, #2042, #2937 ) ;
#477 = ORIENTED_EDGE ( 'NONE', *, *, #3955, .T. ) ;
#478 = FACE_OUTER_BOUND ( 'NONE', #429, .T. ) ;
#479 = LINE ( 'NONE', #3211, #2205 ) ;
#480 = DIRECTION ( 'NONE',  ( -1.000000000000000000, 0.000000000000000000, -0.000000000000000000 ) ) ;
#481 = ORIENTED_EDGE ( 'NONE', *, *, #80, .F. ) ;
#482 = ORIENTED_EDGE ( 'NONE', *, *, #1824, .F. ) ;
#483 = CARTESIAN_POINT ( 'NONE',  ( 47.20443786290453403, 154.5736572563684490, 0.000000000000000000 ) ) ;
#484 = CARTESIAN_POINT ( 'NONE',  ( 24.50112609146677656, -128.1539330310690445, 2.000000000000000000 ) ) ;
#485 = ORIENTED_EDGE ( 'NONE', *, *, #1022, .T. ) ;
#486 = CIRCLE ( 'NONE', #2485, 0.5000000000000004441 ) ;
#487 = LINE ( 'NONE', #2320, #2356 ) ;
#488 = CARTESIAN_POINT ( 'NONE',  ( 12.00000000000053824, -146.0000000000000000, 2.000000000000000000 ) ) ;
#489 = CIRCLE ( 'NONE', #3008, 0.5000000000000004441 ) ;
#490 = VERTEX_POINT ( 'NONE', #3640 ) ;
#491 = CARTESIAN_POINT ( 'NONE',  ( 48.41652163948018028, 122.3419185567936296, 0.000000000000000000 ) ) ;
#492 = VECTOR ( 'NONE', #1449, 1000.000000000000000 ) ;
#493 = DIRECTION ( 'NONE',  ( 1.000000000000000000, 0.000000000000000000, 0.000000000000000000 ) ) ;
#494 = EDGE_CURVE ( 'NONE', #1349, #768, #1388, .T. ) ;
#495 = AXIS2_PLACEMENT_3D ( 'NONE', #743, #1913, #3479 ) ;
#496 = ADVANCED_FACE ( 'NONE', ( #3040 ), #266, .F. ) ;
#497 = CARTESIAN_POINT ( 'NONE',  ( 159.4266155812825048, -3.778437755405916277E-14, 2.000000000000000000 ) ) ;
#498 = CARTESIAN_POINT ( 'NONE',  ( 39.33499999999923347, 129.0823004000273500, 2.000000000000000000 ) ) ;
#499 = VECTOR ( 'NONE', #1661, 1000.000000000000000 ) ;
#500 = DIRECTION ( 'NONE',  ( 1.000000000000000000, 0.000000000000000000, 0.000000000000000000 ) ) ;
#501 = AXIS2_PLACEMENT_3D ( 'NONE', #1116, #1199, #57 ) ;
#502 = ORIENTED_EDGE ( 'NONE', *, *, #593, .T. ) ;
#503 = VECTOR ( 'NONE', #2003, 1000.000000000000000 ) ;
#504 = DIRECTION ( 'NONE',  ( 0.000000000000000000, 0.000000000000000000, 1.000000000000000000 ) ) ;
#505 = LINE ( 'NONE', #2953, #232 ) ;
#506 = ORIENTED_EDGE ( 'NONE', *, *, #3129, .T. ) ;
#507 = DIRECTION ( 'NONE',  ( 0.000000000000000000, 0.000000000000000000, -1.000000000000000000 ) ) ;
#508 = FACE_OUTER_BOUND ( 'NONE', #2716, .T. ) ;
#509 = ORIENTED_EDGE ( 'NONE', *, *, #566, .F. ) ;
#510 = PLANE ( 'NONE',  #2658 ) ;
#511 = CARTESIAN_POINT ( 'NONE',  ( 33.36132668616287589, 144.5757570142349948, 2.000000000000000000 ) ) ;
#512 = CARTESIAN_POINT ( 'NONE',  ( 181.9786440354097579, 42.88395526846810668, 2.000000000000000000 ) ) ;
#513 = DIRECTION ( 'NONE',  ( 0.000000000000000000, 0.000000000000000000, 1.000000000000000000 ) ) ;
#514 = EDGE_CURVE ( 'NONE', #2179, #838, #1542, .T. ) ;
#515 = FACE_OUTER_BOUND ( 'NONE', #1801, .T. ) ;
#516 = ORIENTED_EDGE ( 'NONE', *, *, #2014, .F. ) ;
#517 = ORIENTED_EDGE ( 'NONE', *, *, #3706, .T. ) ;
#518 = VERTEX_POINT ( 'NONE', #14 ) ;
#519 = DIRECTION ( 'NONE',  ( 0.000000000000000000, 0.000000000000000000, -1.000000000000000000 ) ) ;
#520 = DIRECTION ( 'NONE',  ( 1.000000000000000000, 0.000000000000000000, 0.000000000000000000 ) ) ;
#521 = ORIENTED_EDGE ( 'NONE', *, *, #715, .F. ) ;
#522 = EDGE_CURVE ( 'NONE', #2436, #3616, #3269, .T. ) ;
#523 = DIRECTION ( 'NONE',  ( 1.000000000000000000, 0.000000000000000000, 0.000000000000000000 ) ) ;
#524 = ORIENTED_EDGE ( 'NONE', *, *, #2867, .F. ) ;
#525 = LINE ( 'NONE', #243, #1917 ) ;
#526 = ORIENTED_EDGE ( 'NONE', *, *, #790, .F. ) ;
#527 = FACE_OUTER_BOUND ( 'NONE', #2685, .T. ) ;
#528 = DIRECTION ( 'NONE',  ( 0.000000000000000000, 0.000000000000000000, -1.000000000000000000 ) ) ;
#529 = CARTESIAN_POINT ( 'NONE',  ( 123.5316158513925302, -151.0589869080239964, 2.000000000000000000 ) ) ;
#530 = CARTESIAN_POINT ( 'NONE',  ( 0.000000000000000000, 154.5736572563684490, 2.000000000000000000 ) ) ;
#531 = CYLINDRICAL_SURFACE ( 'NONE', #1524, 5.311761425294665884 ) ;
#532 = AXIS2_PLACEMENT_3D ( 'NONE', #1686, #1024, #3804 ) ;
#533 = EDGE_LOOP ( 'NONE', ( #1749, #1446, #3153, #1357 ) ) ;
#534 = CIRCLE ( 'NONE', #2796, 0.5000000000000004441 ) ;
#535 = VERTEX_POINT ( 'NONE', #1241 ) ;
#536 = DIRECTION ( 'NONE',  ( -0.8888809016376363337, -0.4581383445029053036, 0.000000000000000000 ) ) ;
#537 = DIRECTION ( 'NONE',  ( -1.000000000000000000, 0.000000000000000000, 0.000000000000000000 ) ) ;
#538 = VERTEX_POINT ( 'NONE', #591 ) ;
#539 = ADVANCED_FACE ( 'NONE', ( #614 ), #897, .F. ) ;
#540 = EDGE_CURVE ( 'NONE', #3793, #710, #2138, .T. ) ;
#541 = CARTESIAN_POINT ( 'NONE',  ( 174.8807527461468965, 103.3655213315809078, 2.000000000000000000 ) ) ;
#542 = ORIENTED_EDGE ( 'NONE', *, *, #1333, .F. ) ;
#543 = CYLINDRICAL_SURFACE ( 'NONE', #3216, 1.549999999999982059 ) ;
#544 = ORIENTED_EDGE ( 'NONE', *, *, #2942, .F. ) ;
#545 = VERTEX_POINT ( 'NONE', #1517 ) ;
#546 = CARTESIAN_POINT ( 'NONE',  ( 15.60000000000053255, -146.0000000000000000, 2.000000000000000000 ) ) ;
#547 = CARTESIAN_POINT ( 'NONE',  ( 0.000000000000000000, -143.3089869080239964, 2.000000000000000000 ) ) ;
#548 = EDGE_CURVE ( 'NONE', #1340, #518, #3429, .T. ) ;
#549 = VECTOR ( 'NONE', #1560, 1000.000000000000000 ) ;
#550 = AXIS2_PLACEMENT_3D ( 'NONE', #2275, #772, #428 ) ;
#551 = DIRECTION ( 'NONE',  ( -0.000000000000000000, -0.000000000000000000, -1.000000000000000000 ) ) ;
#552 = CYLINDRICAL_SURFACE ( 'NONE', #855, 2.749999999941639572 ) ;
#553 = LINE ( 'NONE', #1201, #239 ) ;
#554 = AXIS2_PLACEMENT_3D ( 'NONE', #1571, #2803, #608 ) ;
#555 = ORIENTED_EDGE ( 'NONE', *, *, #17, .F. ) ;
#556 = ORIENTED_EDGE ( 'NONE', *, *, #1534, .F. ) ;
#557 = AXIS2_PLACEMENT_3D ( 'NONE', #2766, #3675, #907 ) ;
#558 = CARTESIAN_POINT ( 'NONE',  ( 157.8766155812825218, -3.797419780792699468E-14, 2.000000000000000000 ) ) ;
#559 = ORIENTED_EDGE ( 'NONE', *, *, #1478, .T. ) ;
#560 = DIRECTION ( 'NONE',  ( -0.000000000000000000, -0.000000000000000000, -1.000000000000000000 ) ) ;
#561 = VECTOR ( 'NONE', #3132, 1000.000000000000000 ) ;
#562 = ORIENTED_EDGE ( 'NONE', *, *, #3097, .T. ) ;
#563 = AXIS2_PLACEMENT_3D ( 'NONE', #3056, #2772, #371 ) ;
#564 = CARTESIAN_POINT ( 'NONE',  ( 87.37593380820123912, -143.4379578775915718, 2.000000000000000000 ) ) ;
#565 = ORIENTED_EDGE ( 'NONE', *, *, #2099, .T. ) ;
#566 = EDGE_CURVE ( 'NONE', #1304, #3121, #227, .T. ) ;
#568 = EDGE_CURVE ( 'NONE', #2798, #2586, #3772, .T. ) ;
#567 = FACE_OUTER_BOUND ( 'NONE', #2044, .T. ) ;
#569 = VECTOR ( 'NONE', #1222, 1000.000000000000000 ) ;
#570 = ORIENTED_EDGE ( 'NONE', *, *, #1933, .F. ) ;
#571 = ORIENTED_EDGE ( 'NONE', *, *, #1085, .T. ) ;
#572 = DIRECTION ( 'NONE',  ( -4.782686299469181309E-15, 1.000000000000000000, 0.000000000000000000 ) ) ;
#573 = DIRECTION ( 'NONE',  ( 1.000000000000000000, 0.000000000000000000, 0.000000000000000000 ) ) ;
#574 = DIRECTION ( 'NONE',  ( -0.7071067811865483499, -0.7071067811865465735, -0.000000000000000000 ) ) ;
#575 = AXIS2_PLACEMENT_3D ( 'NONE', #3735, #2516, #627 ) ;
#576 = DIRECTION ( 'NONE',  ( -0.000000000000000000, -0.000000000000000000, -1.000000000000000000 ) ) ;
#577 = CARTESIAN_POINT ( 'NONE',  ( 149.4288583114928599, -135.2193562924986452, 2.000000000000000000 ) ) ;
#578 = VERTEX_POINT ( 'NONE', #2120 ) ;
#579 = ORIENTED_EDGE ( 'NONE', *, *, #198, .T. ) ;
#580 = CARTESIAN_POINT ( 'NONE',  ( 14.60000000000046860, -133.5000000000000000, 2.000000000000000000 ) ) ;
#581 = PLANE ( 'NONE',  #3404 ) ;
#582 = VECTOR ( 'NONE', #3938, 1000.000000000000000 ) ;
#583 = EDGE_LOOP ( 'NONE', ( #2301, #2249, #3162, #516 ) ) ;
#584 = DIRECTION ( 'NONE',  ( 0.8526401643540989506, -0.5224985647159379187, 0.000000000000000000 ) ) ;
#585 = VERTEX_POINT ( 'NONE', #3725 ) ;
#586 = DIRECTION ( 'NONE',  ( 1.000000000000000000, 0.000000000000000000, 0.000000000000000000 ) ) ;
#587 = ORIENTED_EDGE ( 'NONE', *, *, #1104, .T. ) ;
#588 = VERTEX_POINT ( 'NONE', #34 ) ;
#589 = ADVANCED_FACE ( 'NONE', ( #3447 ), #1822, .T. ) ;
#590 = DIRECTION ( 'NONE',  ( -1.000000000000000000, 0.000000000000000000, 0.000000000000000000 ) ) ;
#591 = CARTESIAN_POINT ( 'NONE',  ( 160.3890134198844066, -124.2592011841071127, 0.000000000000000000 ) ) ;
#592 = CARTESIAN_POINT ( 'NONE',  ( 134.3821558125818285, 146.7206812300225067, 2.000000000000000000 ) ) ;
#593 = EDGE_CURVE ( 'NONE', #1985, #2664, #3367, .T. ) ;
#594 = AXIS2_PLACEMENT_3D ( 'NONE', #1292, #1911, #2838 ) ;
#595 = EDGE_CURVE ( 'NONE', #1848, #847, #1265, .T. ) ;
#596 = DIRECTION ( 'NONE',  ( 1.000000000000000000, 0.000000000000000000, 0.000000000000000000 ) ) ;
#597 = CYLINDRICAL_SURFACE ( 'NONE', #1497, 1.549999999999982059 ) ;
#598 = CARTESIAN_POINT ( 'NONE',  ( 38.67308811145753822, 144.5757570142349948, 0.000000000000000000 ) ) ;
#599 = EDGE_CURVE ( 'NONE', #2081, #2411, #2218, .T. ) ;
#600 = ORIENTED_EDGE ( 'NONE', *, *, #2168, .F. ) ;
#601 = EDGE_LOOP ( 'NONE', ( #1069, #3851, #168, #3095 ) ) ;
#602 = CARTESIAN_POINT ( 'NONE',  ( 90.88249442191175831, 144.1565983093720433, 2.000000000000000000 ) ) ;
#603 = CARTESIAN_POINT ( 'NONE',  ( 93.71849684162408778, -149.8089869080239964, 2.000000000000000000 ) ) ;
#604 = ADVANCED_FACE ( 'NONE', ( #2831 ), #656, .F. ) ;
#605 = CIRCLE ( 'NONE', #3700, 1.550000000000002709 ) ;
#606 = AXIS2_PLACEMENT_3D ( 'NONE', #1240, #1802, #2466 ) ;
#607 = ORIENTED_EDGE ( 'NONE', *, *, #1612, .T. ) ;
#608 = DIRECTION ( 'NONE',  ( 1.000000000000000000, 0.000000000000000000, 0.000000000000000000 ) ) ;
#609 = ORIENTED_EDGE ( 'NONE', *, *, #3513, .F. ) ;
#610 = FACE_OUTER_BOUND ( 'NONE', #1914, .T. ) ;
#611 = ORIENTED_EDGE ( 'NONE', *, *, #1014, .T. ) ;
#612 = CARTESIAN_POINT ( 'NONE',  ( 103.2286440353928043, -74.99999999999964473, 0.000000000000000000 ) ) ;
#613 = DIRECTION ( 'NONE',  ( 0.000000000000000000, 0.000000000000000000, -1.000000000000000000 ) ) ;
#614 = FACE_OUTER_BOUND ( 'NONE', #3079, .T. ) ;
#615 = AXIS2_PLACEMENT_3D ( 'NONE', #787, #2012, #3261 ) ;
#616 = PLANE ( 'NONE',  #3713 ) ;
#617 = FACE_OUTER_BOUND ( 'NONE', #1467, .T. ) ;
#618 = VECTOR ( 'NONE', #3268, 1000.000000000000000 ) ;
#619 = DIRECTION ( 'NONE',  ( 1.000000000000000000, 0.000000000000000000, 0.000000000000000000 ) ) ;
#620 = DIRECTION ( 'NONE',  ( -0.000000000000000000, -0.000000000000000000, -1.000000000000000000 ) ) ;
#621 = EDGE_CURVE ( 'NONE', #1037, #3121, #2808, .T. ) ;
#622 = EDGE_CURVE ( 'NONE', #3317, #2829, #2550, .T. ) ;
#623 = ORIENTED_EDGE ( 'NONE', *, *, #3866, .T. ) ;
#624 = AXIS2_PLACEMENT_3D ( 'NONE', #952, #3944, #2785 ) ;
#625 = VERTEX_POINT ( 'NONE', #674 ) ;
#626 = ORIENTED_EDGE ( 'NONE', *, *, #887, .T. ) ;
#627 = DIRECTION ( 'NONE',  ( -1.000000000000000000, 0.000000000000000000, 0.000000000000000000 ) ) ;
#628 = VERTEX_POINT ( 'NONE', #1902 ) ;
#629 = FACE_BOUND ( 'NONE', #1796, .T. ) ;
#630 = ORIENTED_EDGE ( 'NONE', *, *, #32, .T. ) ;
#631 = VECTOR ( 'NONE', #500, 1000.000000000000000 ) ;
#632 = DIRECTION ( 'NONE',  ( 0.5224985647159379187, 0.8526401643540989506, 0.000000000000000000 ) ) ;
#633 = VERTEX_POINT ( 'NONE', #3146 ) ;
#634 = AXIS2_PLACEMENT_3D ( 'NONE', #430, #2017, #127 ) ;
#635 = DIRECTION ( 'NONE',  ( -0.000000000000000000, -0.000000000000000000, -1.000000000000000000 ) ) ;
#636 = VERTEX_POINT ( 'NONE', #376 ) ;
#637 = CARTESIAN_POINT ( 'NONE',  ( 136.0849649876850833, 154.5736572563684490, 2.000000000000000000 ) ) ;
#638 = VECTOR ( 'NONE', #1948, 1000.000000000000114 ) ;
#639 = CARTESIAN_POINT ( 'NONE',  ( 61.21849684162407357, -152.3089869080239964, 0.000000000000000000 ) ) ;
#640 = DIRECTION ( 'NONE',  ( 0.04462841658790408367, 0.9990036558656112398, -0.000000000000000000 ) ) ;
#641 = DIRECTION ( 'NONE',  ( 0.7068211600042044740, 0.7073922870446855971, 0.000000000000000000 ) ) ;
#642 = CYLINDRICAL_SURFACE ( 'NONE', #889, 1.549999999999995826 ) ;
#643 = CARTESIAN_POINT ( 'NONE',  ( 78.18830779064352043, -78.18830779064151670, 2.000000000000000000 ) ) ;
#644 = DIRECTION ( 'NONE',  ( 1.000000000000000000, 0.000000000000000000, 0.000000000000000000 ) ) ;
#645 = VERTEX_POINT ( 'NONE', #73 ) ;
#646 = DIRECTION ( 'NONE',  ( 0.000000000000000000, -0.000000000000000000, 1.000000000000000000 ) ) ;
#647 = EDGE_CURVE ( 'NONE', #3631, #1323, #1300, .T. ) ;
#648 = FACE_BOUND ( 'NONE', #1615, .T. ) ;
#649 = ORIENTED_EDGE ( 'NONE', *, *, #2741, .F. ) ;
#650 = FACE_OUTER_BOUND ( 'NONE', #3030, .T. ) ;
#651 = DIRECTION ( 'NONE',  ( -0.9826096726084445621, 0.1856831475829868183, 0.000000000000000000 ) ) ;
#652 = EDGE_CURVE ( 'NONE', #3712, #987, #409, .T. ) ;
#653 = ORIENTED_EDGE ( 'NONE', *, *, #1140, .F. ) ;
#654 = VECTOR ( 'NONE', #3376, 1000.000000000000000 ) ;
#655 = ORIENTED_EDGE ( 'NONE', *, *, #1700, .T. ) ;
#656 = CYLINDRICAL_SURFACE ( 'NONE', #2284, 126.2385461467846994 ) ;
#657 = CARTESIAN_POINT ( 'NONE',  ( 101.5319607530559125, -62.21886557086352099, 0.000000000000000000 ) ) ;
#658 = DIRECTION ( 'NONE',  ( 1.000000000000000000, 0.000000000000000000, 0.000000000000000000 ) ) ;
#659 = CYLINDRICAL_SURFACE ( 'NONE', #413, 0.5000000000000004441 ) ;
#660 = DIRECTION ( 'NONE',  ( 0.000000000000000000, 1.000000000000000000, 0.000000000000000000 ) ) ;
#661 = EDGE_LOOP ( 'NONE', ( #2674, #2325, #3635, #2018 ) ) ;
#662 = VERTEX_POINT ( 'NONE', #1636 ) ;
#663 = FACE_OUTER_BOUND ( 'NONE', #533, .T. ) ;
#664 = CARTESIAN_POINT ( 'NONE',  ( 157.8766155812825218, -3.797419780792699468E-14, 2.000000000000000000 ) ) ;
#665 = ORIENTED_EDGE ( 'NONE', *, *, #357, .F. ) ;
#666 = CIRCLE ( 'NONE', #2926, 1.549999999999997602 ) ;
#667 = DIRECTION ( 'NONE',  ( 0.000000000000000000, 0.000000000000000000, 1.000000000000000000 ) ) ;
#668 = ORIENTED_EDGE ( 'NONE', *, *, #3620, .F. ) ;
#669 = PLANE ( 'NONE',  #2567 ) ;
#670 = EDGE_CURVE ( 'NONE', #1075, #3941, #1676, .T. ) ;
#671 = EDGE_CURVE ( 'NONE', #1485, #411, #44, .T. ) ;
#672 = ORIENTED_EDGE ( 'NONE', *, *, #1381, .F. ) ;
#673 = ORIENTED_EDGE ( 'NONE', *, *, #1562, .T. ) ;
#674 = CARTESIAN_POINT ( 'NONE',  ( 24.00112609146677656, -130.1000000000000227, 0.000000000000000000 ) ) ;
#675 = DIRECTION ( 'NONE',  ( 0.000000000000000000, 0.000000000000000000, -1.000000000000000000 ) ) ;
#676 = LINE ( 'NONE', #1906, #2335 ) ;
#677 = ADVANCED_FACE ( 'NONE', ( #1659 ), #2896, .F. ) ;
#678 = CARTESIAN_POINT ( 'NONE',  ( 182.9786440354098147, -110.8619587240068967, 2.000000000000000000 ) ) ;
#679 = AXIS2_PLACEMENT_3D ( 'NONE', #1011, #2527, #3778 ) ;
#680 = ORIENTED_EDGE ( 'NONE', *, *, #3299, .F. ) ;
#681 = ORIENTED_EDGE ( 'NONE', *, *, #797, .F. ) ;
#682 = VECTOR ( 'NONE', #2529, 1000.000000000000227 ) ;
#683 = CARTESIAN_POINT ( 'NONE',  ( 39.33499999999958874, 120.1823004000001163, 0.000000000000000000 ) ) ;
#684 = LINE ( 'NONE', #2884, #3470 ) ;
#685 = VERTEX_POINT ( 'NONE', #392 ) ;
#686 = VECTOR ( 'NONE', #729, 1000.000000000000000 ) ;
#687 = LINE ( 'NONE', #1936, #686 ) ;
#688 = ORIENTED_EDGE ( 'NONE', *, *, #2688, .F. ) ;
#689 = FACE_OUTER_BOUND ( 'NONE', #3626, .T. ) ;
#690 = AXIS2_PLACEMENT_3D ( 'NONE', #3510, #1347, #1041 ) ;
#691 = VERTEX_POINT ( 'NONE', #125 ) ;
#692 = EDGE_CURVE ( 'NONE', #662, #847, #1013, .T. ) ;
#693 = CARTESIAN_POINT ( 'NONE',  ( 43.41652163948018028, 122.3419185567936296, 2.000000000000000000 ) ) ;
#694 = CIRCLE ( 'NONE', #1528, 0.5000000000000004441 ) ;
#695 = EDGE_CURVE ( 'NONE', #636, #425, #3485, .T. ) ;
#696 = DIRECTION ( 'NONE',  ( 0.000000000000000000, 0.000000000000000000, -1.000000000000000000 ) ) ;
#697 = ORIENTED_EDGE ( 'NONE', *, *, #1109, .T. ) ;
#698 = VECTOR ( 'NONE', #2670, 1000.000000000000000 ) ;
#699 = FACE_BOUND ( 'NONE', #2574, .T. ) ;
#700 = DIRECTION ( 'NONE',  ( 1.000000000000000000, 0.000000000000000000, 0.000000000000000000 ) ) ;
#701 = ORIENTED_EDGE ( 'NONE', *, *, #2592, .T. ) ;
#702 = CIRCLE ( 'NONE', #2433, 0.4999999999999987232 ) ;
#703 = ORIENTED_EDGE ( 'NONE', *, *, #2619, .F. ) ;
#704 = FACE_OUTER_BOUND ( 'NONE', #3865, .T. ) ;
#705 = DIRECTION ( 'NONE',  ( -0.000000000000000000, 0.000000000000000000, 1.000000000000000000 ) ) ;
#706 = DIRECTION ( 'NONE',  ( 1.000000000000000000, 0.000000000000000000, 0.000000000000000000 ) ) ;
#707 = ORIENTED_EDGE ( 'NONE', *, *, #3191, .T. ) ;
#708 = CARTESIAN_POINT ( 'NONE',  ( 40.88499999999956458, 120.1823004000001163, 2.000000000000000000 ) ) ;
#709 =( NAMED_UNIT ( * ) SI_UNIT ( $, .STERADIAN. ) SOLID_ANGLE_UNIT ( ) );
#710 = VERTEX_POINT ( 'NONE', #1618 ) ;
#711 = ORIENTED_EDGE ( 'NONE', *, *, #1628, .F. ) ;
#712 = CARTESIAN_POINT ( 'NONE',  ( 75.71849684162407357, -149.8089869080239964, 2.000000000000000000 ) ) ;
#713 = DIRECTION ( 'NONE',  ( -1.000000000000000000, 0.000000000000000000, 0.000000000000000000 ) ) ;
#714 = ORIENTED_EDGE ( 'NONE', *, *, #1731, .F. ) ;
#715 = EDGE_CURVE ( 'NONE', #2054, #911, #1958, .T. ) ;
#716 = DIRECTION ( 'NONE',  ( -0.000000000000000000, -0.000000000000000000, -1.000000000000000000 ) ) ;
#717 = AXIS2_PLACEMENT_3D ( 'NONE', #2968, #197, #1428 ) ;
#718 = VERTEX_POINT ( 'NONE', #1374 ) ;
#719 = EDGE_CURVE ( 'NONE', #1054, #1171, #2604, .T. ) ;
#720 = EDGE_CURVE ( 'NONE', #3257, #2051, #3811, .T. ) ;
#721 = ORIENTED_EDGE ( 'NONE', *, *, #1510, .F. ) ;
#722 = DIRECTION ( 'NONE',  ( 0.000000000000000000, 0.000000000000000000, 1.000000000000000000 ) ) ;
#723 = CARTESIAN_POINT ( 'NONE',  ( 39.33499999999958874, 120.1823004000001163, 2.000000000000000000 ) ) ;
#724 = EDGE_CURVE ( 'NONE', #1947, #2059, #3224, .T. ) ;
#725 = CARTESIAN_POINT ( 'NONE',  ( 103.2286440353928043, 74.99999999999957367, 2.000000000000000000 ) ) ;
#726 = EDGE_LOOP ( 'NONE', ( #2540, #11, #3673, #3829 ) ) ;
#727 = LINE ( 'NONE', #3196, #2475 ) ;
#728 = EDGE_CURVE ( 'NONE', #1715, #2303, #2846, .T. ) ;
#729 = DIRECTION ( 'NONE',  ( 6.186352467534258635E-15, -1.000000000000000000, 0.000000000000000000 ) ) ;
#730 = VERTEX_POINT ( 'NONE', #1047 ) ;
#731 = DIRECTION ( 'NONE',  ( 0.000000000000000000, -0.000000000000000000, -1.000000000000000000 ) ) ;
#732 = CARTESIAN_POINT ( 'NONE',  ( 176.4307527461468794, 103.3655213315809078, 0.000000000000000000 ) ) ;
#733 = CARTESIAN_POINT ( 'NONE',  ( 16.10000000000053078, -146.5000000000000000, 0.000000000000000000 ) ) ;
#734 = VECTOR ( 'NONE', #901, 1000.000000000000000 ) ;
#735 = ORIENTED_EDGE ( 'NONE', *, *, #1980, .T. ) ;
#736 = AXIS2_PLACEMENT_3D ( 'NONE', #3662, #3364, #590 ) ;
#737 = FACE_BOUND ( 'NONE', #1738, .T. ) ;
#738 = ORIENTED_EDGE ( 'NONE', *, *, #2539, .T. ) ;
#739 = DIRECTION ( 'NONE',  ( 1.000000000000000000, 0.000000000000000000, 0.000000000000000000 ) ) ;
#740 = DIRECTION ( 'NONE',  ( 0.000000000000000000, -1.000000000000000000, 0.000000000000000000 ) ) ;
#741 = EDGE_CURVE ( 'NONE', #1891, #805, #3401, .T. ) ;
#742 = EDGE_CURVE ( 'NONE', #685, #3556, #3779, .T. ) ;
#743 = CARTESIAN_POINT ( 'NONE',  ( 60.71849684162407357, -149.8089869080239964, 0.000000000000000000 ) ) ;
#744 = VERTEX_POINT ( 'NONE', #3537 ) ;
#745 = LINE ( 'NONE', #2314, #1422 ) ;
#746 = VECTOR ( 'NONE', #3409, 1000.000000000000000 ) ;
#747 = CARTESIAN_POINT ( 'NONE',  ( 48.41652163948018028, 0.000000000000000000, 0.000000000000000000 ) ) ;
#748 = VERTEX_POINT ( 'NONE', #1997 ) ;
#749 = CIRCLE ( 'NONE', #2222, 1.549999999999982059 ) ;
#750 = CYLINDRICAL_SURFACE ( 'NONE', #3891, 0.5000000000000004441 ) ;
#751 = DIRECTION ( 'NONE',  ( -0.000000000000000000, -0.000000000000000000, -1.000000000000000000 ) ) ;
#752 = AXIS2_PLACEMENT_3D ( 'NONE', #3074, #2783, #3399 ) ;
#753 = DIRECTION ( 'NONE',  ( 0.000000000000000000, 0.000000000000000000, -1.000000000000000000 ) ) ;
#754 = EDGE_LOOP ( 'NONE', ( #2283, #980 ) ) ;
#755 = CIRCLE ( 'NONE', #3016, 0.5000000000000004441 ) ;
#756 = FACE_BOUND ( 'NONE', #45, .T. ) ;
#757 = CARTESIAN_POINT ( 'NONE',  ( 175.7517884765525764, -46.86755831467730360, 2.000000000000000000 ) ) ;
#758 = AXIS2_PLACEMENT_3D ( 'NONE', #2935, #1032, #2302 ) ;
#759 = EDGE_LOOP ( 'NONE', ( #1203, #1017, #3182, #521, #1377, #1105, #1038, #3512, #1101, #906, #863, #3937, #3627, #1623, #259, #1792, #3498, #2196, #3647, #298, #1321, #630, #2722, #571, #1607, #2313, #1811, #485, #703, #283, #2346, #3495, #1829, #649, #3886, #2209, #688, #517, #3143, #187, #1366, #1952, #2149, #1855, #1298, #1674, #1468, #966, #3723, #2581, #419, #10, #3373, #1809, #1901, #2932 ) ) ;
#760 = CARTESIAN_POINT ( 'NONE',  ( 40.88499999999956458, 120.1823004000001163, 0.000000000000000000 ) ) ;
#761 = CIRCLE ( 'NONE', #3730, 70.25000000001671197 ) ;
#762 = LINE ( 'NONE', #1346, #147 ) ;
#763 = DIRECTION ( 'NONE',  ( 0.000000000000000000, 0.000000000000000000, 1.000000000000000000 ) ) ;
#764 = EDGE_LOOP ( 'NONE', ( #888, #2187, #2477, #3738 ) ) ;
#765 = EDGE_CURVE ( 'NONE', #490, #2398, #1978, .T. ) ;
#766 = DIRECTION ( 'NONE',  ( 1.000000000000000000, 0.000000000000000000, 0.000000000000000000 ) ) ;
#767 = CARTESIAN_POINT ( 'NONE',  ( 113.1926678278855292, -69.36455605658646562, 2.000000000000000000 ) ) ;
#768 = VERTEX_POINT ( 'NONE', #732 ) ;
#769 = ADVANCED_FACE ( 'NONE', ( #469 ), #160, .F. ) ;
#770 = CARTESIAN_POINT ( 'NONE',  ( 150.3430718738659380, -136.6335698548717517, 0.000000000000000000 ) ) ;
#771 = VECTOR ( 'NONE', #1529, 1000.000000000000000 ) ;
#772 = DIRECTION ( 'NONE',  ( 0.000000000000000000, 0.000000000000000000, 1.000000000000000000 ) ) ;
#773 = EDGE_CURVE ( 'NONE', #3883, #2633, #2217, .T. ) ;
#774 = CARTESIAN_POINT ( 'NONE',  ( 48.41652163948018028, -143.3089869080239964, 2.000000000000000000 ) ) ;
#775 = ORIENTED_EDGE ( 'NONE', *, *, #3038, .T. ) ;
#776 = FACE_BOUND ( 'NONE', #3020, .T. ) ;
#777 =( LENGTH_UNIT ( ) NAMED_UNIT ( * ) SI_UNIT ( .MILLI., .METRE. ) );
#778 = VERTEX_POINT ( 'NONE', #1940 ) ;
#779 = CARTESIAN_POINT ( 'NONE',  ( 16.10000000000053078, -154.5000000000001705, 0.000000000000000000 ) ) ;
#780 = CARTESIAN_POINT ( 'NONE',  ( 45.83002282939586536, 154.2402999612813517, 2.000000000000000000 ) ) ;
#781 = DIRECTION ( 'NONE',  ( 1.000000000000000000, 0.000000000000000000, 0.000000000000000000 ) ) ;
#782 = EDGE_LOOP ( 'NONE', ( #3439, #1533, #3225, #1721 ) ) ;
#783 = EDGE_LOOP ( 'NONE', ( #2771, #1336, #579, #3379 ) ) ;
#784 = CARTESIAN_POINT ( 'NONE',  ( 60.71849684162407357, -151.8089869080239964, 2.000000000000000000 ) ) ;
#785 = DIRECTION ( 'NONE',  ( 0.000000000000000000, -0.000000000000000000, 1.000000000000000000 ) ) ;
#786 = ORIENTED_EDGE ( 'NONE', *, *, #3706, .F. ) ;
#787 = CARTESIAN_POINT ( 'NONE',  ( 150.8430718738659380, -136.6335698548717517, 2.000000000000000000 ) ) ;
#788 = EDGE_LOOP ( 'NONE', ( #2514, #2172, #120, #297 ) ) ;
#789 = DIRECTION ( 'NONE',  ( -0.000000000000000000, -0.000000000000000000, -1.000000000000000000 ) ) ;
#790 = EDGE_CURVE ( 'NONE', #3821, #2747, #487, .T. ) ;
#792 = EDGE_CURVE ( 'NONE', #3070, #1130, #1518, .T. ) ;
#791 = DIRECTION ( 'NONE',  ( 0.000000000000000000, 0.000000000000000000, -1.000000000000000000 ) ) ;
#793 = ORIENTED_EDGE ( 'NONE', *, *, #3252, .F. ) ;
#794 = CARTESIAN_POINT ( 'NONE',  ( 0.000000000000000000, -133.4999999999684235, 2.000000000000000000 ) ) ;
#795 = EDGE_LOOP ( 'NONE', ( #1190, #3312, #3405, #2582 ) ) ;
#796 = VECTOR ( 'NONE', #117, 1000.000000000000000 ) ;
#797 = EDGE_CURVE ( 'NONE', #171, #645, #868, .T. ) ;
#798 = CARTESIAN_POINT ( 'NONE',  ( 150.8430718738659380, -136.6335698548717517, 0.000000000000000000 ) ) ;
#799 = FACE_OUTER_BOUND ( 'NONE', #1100, .T. ) ;
#800 = CARTESIAN_POINT ( 'NONE',  ( 38.67308811145753822, 144.5757570142349948, 2.000000000000000000 ) ) ;
#801 = PRODUCT ( '[4Æ¬]·À×²È¦-2Æ¬Ê½_Gen.4', '[4Æ¬]·À×²È¦-2Æ¬Ê½_Gen.4', '', ( #3248 ) ) ;
#802 = VERTEX_POINT ( 'NONE', #2341 ) ;
#803 = CARTESIAN_POINT ( 'NONE',  ( 172.6517884765525821, -46.86755831467730360, 0.000000000000000000 ) ) ;
#804 = CARTESIAN_POINT ( 'NONE',  ( 152.6266155812824650, 21.16003311384352514, 2.000000000000000000 ) ) ;
#805 = VERTEX_POINT ( 'NONE', #807 ) ;
#806 = AXIS2_PLACEMENT_3D ( 'NONE', #2509, #3744, #2198 ) ;
#807 = CARTESIAN_POINT ( 'NONE',  ( 131.2821558125818342, 146.7206812300225067, 0.000000000000000000 ) ) ;
#808 = CARTESIAN_POINT ( 'NONE',  ( 23.90000000000284786, -133.5000000000000568, 0.000000000000000000 ) ) ;
#809 = EDGE_CURVE ( 'NONE', #1586, #3396, #1907, .T. ) ;
#810 = VECTOR ( 'NONE', #713, 1000.000000000000000 ) ;
#811 = ORIENTED_EDGE ( 'NONE', *, *, #1530, .T. ) ;
#812 = EDGE_CURVE ( 'NONE', #1894, #1910, #2704, .T. ) ;
#813 = CARTESIAN_POINT ( 'NONE',  ( 93.71849684162408778, -149.8089869080239964, 2.000000000000000000 ) ) ;
#814 = CIRCLE ( 'NONE', #3081, 0.5000000000000004441 ) ;
#815 = DIRECTION ( 'NONE',  ( 0.000000000000000000, 1.000000000000000000, 0.000000000000000000 ) ) ;
#816 = VECTOR ( 'NONE', #3824, 1000.000000000000000 ) ;
#817 = DIRECTION ( 'NONE',  ( 0.000000000000000000, 0.000000000000000000, 1.000000000000000000 ) ) ;
#818 = CARTESIAN_POINT ( 'NONE',  ( 181.9786440354097579, 42.88395526846810668, 2.000000000000000000 ) ) ;
#819 = AXIS2_PLACEMENT_3D ( 'NONE', #60, #453, #3797 ) ;
#820 = DIRECTION ( 'NONE',  ( -0.000000000000000000, 0.000000000000000000, 1.000000000000000000 ) ) ;
#821 = ORIENTED_EDGE ( 'NONE', *, *, #2412, .F. ) ;
#822 = VECTOR ( 'NONE', #3326, 1000.000000000000000 ) ;
#823 = ORIENTED_EDGE ( 'NONE', *, *, #2391, .T. ) ;
#824 = DIRECTION ( 'NONE',  ( -0.000000000000000000, 1.000000000000000000, -0.000000000000000000 ) ) ;
#825 = CARTESIAN_POINT ( 'NONE',  ( 60.21849684162407357, -152.3089869080239964, 2.000000000000000000 ) ) ;
#826 = EDGE_LOOP ( 'NONE', ( #542, #3232, #3906, #2282 ) ) ;
#827 = CARTESIAN_POINT ( 'NONE',  ( 159.6819066386978250, -124.2592011841071269, 2.000000000000000000 ) ) ;
#828 = VERTEX_POINT ( 'NONE', #3924 ) ;
#829 = LINE ( 'NONE', #3615, #953 ) ;
#830 = EDGE_LOOP ( 'NONE', ( #1048, #1437, #3345, #1317 ) ) ;
#831 = CYLINDRICAL_SURFACE ( 'NONE', #208, 0.5000000000000004441 ) ;
#832 = CARTESIAN_POINT ( 'NONE',  ( -42.95285051316697178, 42.95285051316712099, 2.000000000000000000 ) ) ;
#833 = DIRECTION ( 'NONE',  ( 0.000000000000000000, 0.000000000000000000, 1.000000000000000000 ) ) ;
#834 = DIRECTION ( 'NONE',  ( 1.000000000000000000, 0.000000000000000000, 0.000000000000000000 ) ) ;
#835 = DIRECTION ( 'NONE',  ( 0.000000000000000000, 0.000000000000000000, -1.000000000000000000 ) ) ;
#836 = EDGE_CURVE ( 'NONE', #3812, #3104, #3282, .T. ) ;
#837 = ADVANCED_FACE ( 'NONE', ( #260 ), #1473, .F. ) ;
#838 = VERTEX_POINT ( 'NONE', #185 ) ;
#839 = ORIENTED_EDGE ( 'NONE', *, *, #3343, .T. ) ;
#840 = ORIENTED_EDGE ( 'NONE', *, *, #3018, .F. ) ;
#841 = CARTESIAN_POINT ( 'NONE',  ( 101.5319607530560830, 62.21886557086350678, 0.000000000000000000 ) ) ;
#842 = EDGE_CURVE ( 'NONE', #2321, #2278, #2489, .T. ) ;
#843 = DIRECTION ( 'NONE',  ( 0.000000000000000000, 0.000000000000000000, 1.000000000000000000 ) ) ;
#844 = ORIENTED_EDGE ( 'NONE', *, *, #622, .T. ) ;
#845 = EDGE_CURVE ( 'NONE', #275, #1891, #2091, .T. ) ;
#846 = DIRECTION ( 'NONE',  ( 0.000000000000000000, 0.000000000000000000, -1.000000000000000000 ) ) ;
#847 = VERTEX_POINT ( 'NONE', #1777 ) ;
#848 = DIRECTION ( 'NONE',  ( 0.000000000000000000, 0.000000000000000000, -1.000000000000000000 ) ) ;
#849 = ORIENTED_EDGE ( 'NONE', *, *, #2195, .F. ) ;
#850 = EDGE_LOOP ( 'NONE', ( #2521, #2148 ) ) ;
#851 = DIRECTION ( 'NONE',  ( 0.000000000000000000, 0.000000000000000000, -1.000000000000000000 ) ) ;
#852 = DIRECTION ( 'NONE',  ( 0.000000000000000000, 0.000000000000000000, -1.000000000000000000 ) ) ;
#853 = AXIS2_PLACEMENT_3D ( 'NONE', #3892, #2019, #3618 ) ;
#854 = CARTESIAN_POINT ( 'NONE',  ( 132.8321558125818456, 146.7206812300225067, 2.000000000000000000 ) ) ;
#855 = AXIS2_PLACEMENT_3D ( 'NONE', #2409, #1747, #856 ) ;
#856 = DIRECTION ( 'NONE',  ( -1.000000000000000000, 0.000000000000000000, 0.000000000000000000 ) ) ;
#857 = FACE_OUTER_BOUND ( 'NONE', #2096, .T. ) ;
#858 = CIRCLE ( 'NONE', #3130, 5.000000000000004441 ) ;
#859 = ORIENTED_EDGE ( 'NONE', *, *, #3795, .T. ) ;
#860 = EDGE_CURVE ( 'NONE', #411, #691, #2037, .T. ) ;
#861 = CARTESIAN_POINT ( 'NONE',  ( 48.41652163948018028, -157.8089869080239964, 2.000000000000000000 ) ) ;
#862 = EDGE_CURVE ( 'NONE', #718, #2557, #2071, .T. ) ;
#863 = ORIENTED_EDGE ( 'NONE', *, *, #2072, .T. ) ;
#864 = FACE_BOUND ( 'NONE', #352, .T. ) ;
#865 = AXIS2_PLACEMENT_3D ( 'NONE', #3970, #1879, #1281 ) ;
#866 = ORIENTED_EDGE ( 'NONE', *, *, #3175, .T. ) ;
#867 = ORIENTED_EDGE ( 'NONE', *, *, #1951, .F. ) ;
#868 = LINE ( 'NONE', #1416, #3836 ) ;
#869 = DIRECTION ( 'NONE',  ( 0.000000000000000000, 0.000000000000000000, -1.000000000000000000 ) ) ;
#870 = EDGE_LOOP ( 'NONE', ( #565, #2533, #3362, #1165 ) ) ;
#871 = EDGE_CURVE ( 'NONE', #3825, #538, #3013, .T. ) ;
#872 = VECTOR ( 'NONE', #641, 1000.000000000000114 ) ;
#873 = ORIENTED_EDGE ( 'NONE', *, *, #1662, .F. ) ;
#874 = CARTESIAN_POINT ( 'NONE',  ( 157.8766155812825218, -3.797419780792699468E-14, 2.000000000000000000 ) ) ;
#875 = CARTESIAN_POINT ( 'NONE',  ( 182.9786440354097863, -44.51580695559693623, 2.000000000000000000 ) ) ;
#876 = VECTOR ( 'NONE', #3696, 1000.000000000000000 ) ;
#877 = AXIS2_PLACEMENT_3D ( 'NONE', #3739, #2442, #3139 ) ;
#878 = FACE_OUTER_BOUND ( 'NONE', #3330, .T. ) ;
#879 = DIRECTION ( 'NONE',  ( 0.000000000000000000, 0.000000000000000000, -1.000000000000000000 ) ) ;
#880 = CARTESIAN_POINT ( 'NONE',  ( 76.21849684162407357, -149.8089869080239964, 2.000000000000000000 ) ) ;
#881 = MECHANICAL_DESIGN_GEOMETRIC_PRESENTATION_REPRESENTATION (  '', ( #2948 ), #3721 ) ;
#882 = ORIENTED_EDGE ( 'NONE', *, *, #474, .F. ) ;
#883 = ORIENTED_EDGE ( 'NONE', *, *, #522, .F. ) ;
#884 = AXIS2_PLACEMENT_3D ( 'NONE', #725, #1950, #2265 ) ;
#885 = DIRECTION ( 'NONE',  ( 0.7068211600042044740, 0.7073922870446855971, 0.000000000000000000 ) ) ;
#886 = CARTESIAN_POINT ( 'NONE',  ( 21.35344314933253074, -156.6000000000001933, 2.000000000000000000 ) ) ;
#887 = EDGE_CURVE ( 'NONE', #1894, #1736, #2618, .T. ) ;
#888 = ORIENTED_EDGE ( 'NONE', *, *, #2998, .T. ) ;
#889 = AXIS2_PLACEMENT_3D ( 'NONE', #2778, #16, #3128 ) ;
#890 = DIRECTION ( 'NONE',  ( -0.5224985647159380298, -0.8526401643540989506, 0.000000000000000000 ) ) ;
#891 = DIRECTION ( 'NONE',  ( 0.000000000000000000, 0.000000000000000000, -1.000000000000000000 ) ) ;
#892 = ADVANCED_FACE ( 'NONE', ( #201 ), #1126, .F. ) ;
#893 = EDGE_CURVE ( 'NONE', #403, #3569, #426, .T. ) ;
#894 = ORIENTED_EDGE ( 'NONE', *, *, #862, .T. ) ;
#895 = LINE ( 'NONE', #975, #3323 ) ;
#896 = FACE_OUTER_BOUND ( 'NONE', #1462, .T. ) ;
#897 = PLANE ( 'NONE',  #2940 ) ;
#898 = PLANE ( 'NONE',  #996 ) ;
#899 = CARTESIAN_POINT ( 'NONE',  ( -1.005368627855002374E-12, -163.0000000000000853, 0.000000000000000000 ) ) ;
#900 = ADVANCED_FACE ( 'NONE', ( #2400 ), #3634, .F. ) ;
#901 = DIRECTION ( 'NONE',  ( -0.7071067811865385799, -0.7071067811865565655, 0.000000000000000000 ) ) ;
#902 = CARTESIAN_POINT ( 'NONE',  ( 23.90000000000284786, -133.5000000000000568, 2.000000000000000000 ) ) ;
#903 = EDGE_LOOP ( 'NONE', ( #2075, #3834, #3209, #475 ) ) ;
#904 = ORIENTED_EDGE ( 'NONE', *, *, #2998, .F. ) ;
#905 = LINE ( 'NONE', #3648, #654 ) ;
#906 = ORIENTED_EDGE ( 'NONE', *, *, #514, .T. ) ;
#907 = DIRECTION ( 'NONE',  ( 1.000000000000000000, 0.000000000000000000, 0.000000000000000000 ) ) ;
#908 = ORIENTED_EDGE ( 'NONE', *, *, #1650, .T. ) ;
#909 = AXIS2_PLACEMENT_3D ( 'NONE', #3826, #3514, #1390 ) ;
#910 = CARTESIAN_POINT ( 'NONE',  ( 161.4496735916642081, -125.3198613558869425, 2.000000000000000000 ) ) ;
#911 = VERTEX_POINT ( 'NONE', #1797 ) ;
#912 = FACE_OUTER_BOUND ( 'NONE', #3585, .T. ) ;
#913 = ORIENTED_EDGE ( 'NONE', *, *, #80, .T. ) ;
#914 = DIRECTION ( 'NONE',  ( 0.000000000000000000, 0.000000000000000000, -1.000000000000000000 ) ) ;
#915 = CARTESIAN_POINT ( 'NONE',  ( 3.358391833222812650, -150.5000000000000000, 2.000000000000000000 ) ) ;
#916 = EDGE_CURVE ( 'NONE', #3006, #2586, #3033, .T. ) ;
#917 = EDGE_CURVE ( 'NONE', #101, #3104, #2553, .T. ) ;
#918 = CARTESIAN_POINT ( 'NONE',  ( 90.00376491205568641, 149.0787761249845857, 0.000000000000000000 ) ) ;
#919 = CARTESIAN_POINT ( 'NONE',  ( 182.9786440354097579, 7.654818637104770450E-14, 2.000000000000000000 ) ) ;
#920 = CARTESIAN_POINT ( 'NONE',  ( 152.6266155812824650, -21.16003311384340080, 0.000000000000000000 ) ) ;
#921 = FACE_OUTER_BOUND ( 'NONE', #3009, .T. ) ;
#922 = LINE ( 'NONE', #340, #1012 ) ;
#923 = EDGE_LOOP ( 'NONE', ( #2974, #1775 ) ) ;
#924 = ORIENTED_EDGE ( 'NONE', *, *, #3038, .F. ) ;
#925 = PLANE ( 'NONE',  #2917 ) ;
#926 = FACE_BOUND ( 'NONE', #923, .T. ) ;
#927 = AXIS2_PLACEMENT_3D ( 'NONE', #2882, #2264, #2246 ) ;
#928 = ORIENTED_EDGE ( 'NONE', *, *, #3461, .T. ) ;
#929 = ORIENTED_EDGE ( 'NONE', *, *, #454, .F. ) ;
#930 = FACE_OUTER_BOUND ( 'NONE', #3236, .T. ) ;
#931 = DIRECTION ( 'NONE',  ( 1.000000000000000000, 0.000000000000000000, 0.000000000000000000 ) ) ;
#932 = ORIENTED_EDGE ( 'NONE', *, *, #3365, .F. ) ;
#933 = EDGE_LOOP ( 'NONE', ( #2708, #1812, #3251, #1415 ) ) ;
#934 = DIRECTION ( 'NONE',  ( 1.000000000000000000, 0.000000000000000000, 0.000000000000000000 ) ) ;
#935 = CARTESIAN_POINT ( 'NONE',  ( 174.2017884765525650, -46.86755831467730360, 0.000000000000000000 ) ) ;
#936 = EDGE_CURVE ( 'NONE', #2057, #2666, #368, .T. ) ;
#937 = VECTOR ( 'NONE', #2429, 1000.000000000000000 ) ;
#938 = DIRECTION ( 'NONE',  ( -1.000000000000000000, 0.000000000000000000, 0.000000000000000000 ) ) ;
#939 = EDGE_CURVE ( 'NONE', #2530, #1042, #2944, .T. ) ;
#940 = DIRECTION ( 'NONE',  ( -0.000000000000000000, -0.000000000000000000, -1.000000000000000000 ) ) ;
#941 = AXIS2_PLACEMENT_3D ( 'NONE', #3663, #815, #2369 ) ;
#942 = CARTESIAN_POINT ( 'NONE',  ( 93.71849684162408778, -149.8089869080239964, 0.000000000000000000 ) ) ;
#943 = LINE ( 'NONE', #3394, #1849 ) ;
#944 = AXIS2_PLACEMENT_3D ( 'NONE', #307, #1189, #2113 ) ;
#945 = EDGE_CURVE ( 'NONE', #2822, #625, #347, .T. ) ;
#946 = ORIENTED_EDGE ( 'NONE', *, *, #765, .T. ) ;
#947 = CARTESIAN_POINT ( 'NONE',  ( 131.2821558125818342, 146.7206812300225067, 2.000000000000000000 ) ) ;
#948 = AXIS2_PLACEMENT_3D ( 'NONE', #2910, #3828, #3176 ) ;
#949 = FACE_BOUND ( 'NONE', #850, .T. ) ;
#950 = ORIENTED_EDGE ( 'NONE', *, *, #695, .T. ) ;
#951 = VECTOR ( 'NONE', #3899, 1000.000000000000000 ) ;
#952 = CARTESIAN_POINT ( 'NONE',  ( 22.35000000000285425, -133.5000000000000568, 0.000000000000000000 ) ) ;
#953 = VECTOR ( 'NONE', #1778, 1000.000000000000000 ) ;
#954 = DIRECTION ( 'NONE',  ( 0.000000000000000000, 0.000000000000000000, 1.000000000000000000 ) ) ;
#955 = ORIENTED_EDGE ( 'NONE', *, *, #397, .T. ) ;
#956 = VERTEX_POINT ( 'NONE', #3100 ) ;
#957 = DIRECTION ( 'NONE',  ( -0.000000000000000000, -0.000000000000000000, -1.000000000000000000 ) ) ;
#958 = AXIS2_PLACEMENT_3D ( 'NONE', #1582, #3746, #658 ) ;
#959 = CARTESIAN_POINT ( 'NONE',  ( 17.45000000000026219, 2.882945205313854102E-14, 2.000000000000000000 ) ) ;
#960 = LINE ( 'NONE', #3975, #569 ) ;
#961 = DIRECTION ( 'NONE',  ( 0.7071067811865385799, 0.7071067811865565655, 0.000000000000000000 ) ) ;
#962 = CARTESIAN_POINT ( 'NONE',  ( 153.8766155812824934, 2.499999999999766409, 2.000000000000000000 ) ) ;
#963 = ORIENTED_EDGE ( 'NONE', *, *, #1092, .F. ) ;
#964 = AXIS2_PLACEMENT_3D ( 'NONE', #3478, #705, #2150 ) ;
#965 = CARTESIAN_POINT ( 'NONE',  ( 78.18830779062781744, 78.18830779064134617, 0.000000000000000000 ) ) ;
#966 = ORIENTED_EDGE ( 'NONE', *, *, #3120, .T. ) ;
#967 = EDGE_CURVE ( 'NONE', #3838, #1033, #3677, .T. ) ;
#968 = ADVANCED_FACE ( 'NONE', ( #650 ), #282, .F. ) ;
#969 = DIRECTION ( 'NONE',  ( 1.000000000000000000, 0.000000000000000000, 0.000000000000000000 ) ) ;
#970 = ORIENTED_EDGE ( 'NONE', *, *, #3680, .T. ) ;
#971 = CARTESIAN_POINT ( 'NONE',  ( 16.95000000000051799, -154.5000000000001705, 2.000000000000000000 ) ) ;
#972 = CARTESIAN_POINT ( 'NONE',  ( 103.2286440353928043, -74.99999999999964473, 2.000000000000000000 ) ) ;
#973 = EDGE_LOOP ( 'NONE', ( #157, #526, #1405, #707 ) ) ;
#974 = EDGE_CURVE ( 'NONE', #518, #1033, #749, .T. ) ;
#975 = CARTESIAN_POINT ( 'NONE',  ( -6.939317219714626006, -155.3360796041559126, 2.000000000000000000 ) ) ;
#976 = DIRECTION ( 'NONE',  ( 1.000000000000000000, 0.000000000000000000, 0.000000000000000000 ) ) ;
#977 = FACE_OUTER_BOUND ( 'NONE', #583, .T. ) ;
#978 = CARTESIAN_POINT ( 'NONE',  ( 174.2017884765525650, -107.2264661165385604, 0.000000000000000000 ) ) ;
#979 = CARTESIAN_POINT ( 'NONE',  ( 39.33499999999951768, 139.4323004000001447, 2.000000000000000000 ) ) ;
#980 = ORIENTED_EDGE ( 'NONE', *, *, #176, .F. ) ;
#981 = CARTESIAN_POINT ( 'NONE',  ( 183.6576083050041177, 107.0010139390492867, 2.000000000000000000 ) ) ;
#982 = CARTESIAN_POINT ( 'NONE',  ( 93.71849684162408778, -150.3089869080239964, 0.000000000000000000 ) ) ;
#983 = ORIENTED_EDGE ( 'NONE', *, *, #3118, .T. ) ;
#984 = EDGE_CURVE ( 'NONE', #2278, #1258, #1551, .T. ) ;
#985 = VECTOR ( 'NONE', #230, 1000.000000000000000 ) ;
#986 = SURFACE_SIDE_STYLE ('',( #1351 ) ) ;
#987 = VERTEX_POINT ( 'NONE', #6 ) ;
#988 = DIRECTION ( 'NONE',  ( 1.000000000000000000, 0.000000000000000000, 0.000000000000000000 ) ) ;
#989 = ORIENTED_EDGE ( 'NONE', *, *, #862, .F. ) ;
#990 = DIRECTION ( 'NONE',  ( 1.000000000000000000, 0.000000000000000000, 0.000000000000000000 ) ) ;
#991 = DIRECTION ( 'NONE',  ( -0.9999356502602302355, 0.01134439679536272325, 0.000000000000000000 ) ) ;
#992 = EDGE_LOOP ( 'NONE', ( #2244, #2055, #2215, #1830 ) ) ;
#993 = DIRECTION ( 'NONE',  ( -0.7073922870446855971, 0.7068211600042044740, 0.000000000000000000 ) ) ;
#994 = LINE ( 'NONE', #3452, #2006 ) ;
#995 = ORIENTED_EDGE ( 'NONE', *, *, #1232, .F. ) ;
#996 = AXIS2_PLACEMENT_3D ( 'NONE', #959, #3449, #2471 ) ;
#997 = ORIENTED_EDGE ( 'NONE', *, *, #2862, .T. ) ;
#998 = VECTOR ( 'NONE', #1495, 999.9999999999998863 ) ;
#999 = DIRECTION ( 'NONE',  ( 1.000000000000000000, 0.000000000000000000, 0.000000000000000000 ) ) ;
#1000 = FACE_OUTER_BOUND ( 'NONE', #3806, .T. ) ;
#1001 = DIRECTION ( 'NONE',  ( 1.000000000000000000, 0.000000000000000000, 0.000000000000000000 ) ) ;
#1002 = ORIENTED_EDGE ( 'NONE', *, *, #2454, .F. ) ;
#1003 = AXIS2_PLACEMENT_3D ( 'NONE', #1452, #1168, #3868 ) ;
#1004 = ORIENTED_EDGE ( 'NONE', *, *, #1679, .T. ) ;
#1005 = VECTOR ( 'NONE', #3630, 1000.000000000000000 ) ;
#1006 = PLANE ( 'NONE',  #2856 ) ;
#1007 = CARTESIAN_POINT ( 'NONE',  ( 152.6266155812825787, 3.749999999999462208, 0.000000000000000000 ) ) ;
#1008 = EDGE_CURVE ( 'NONE', #183, #1323, #489, .T. ) ;
#1009 = CIRCLE ( 'NONE', #2883, 0.5000000000000004441 ) ;
#1010 = ORIENTED_EDGE ( 'NONE', *, *, #719, .F. ) ;
#1011 = CARTESIAN_POINT ( 'NONE',  ( 174.2017884765525650, -107.2264661165385604, 2.000000000000000000 ) ) ;
#1012 = VECTOR ( 'NONE', #3669, 1000.000000000000000 ) ;
#1013 = LINE ( 'NONE', #1356, #2090 ) ;
#1014 = EDGE_CURVE ( 'NONE', #3631, #2557, #46, .T. ) ;
#1015 = ADVANCED_FACE ( 'NONE', ( #2770 ), #1213, .F. ) ;
#1016 = CIRCLE ( 'NONE', #443, 1.549999999999982059 ) ;
#1017 = ORIENTED_EDGE ( 'NONE', *, *, #8, .F. ) ;
#1018 = AXIS2_PLACEMENT_3D ( 'NONE', #172, #2308, #999 ) ;
#1019 = FACE_OUTER_BOUND ( 'NONE', #759, .T. ) ;
#1020 =( LENGTH_UNIT ( ) NAMED_UNIT ( * ) SI_UNIT ( .MILLI., .METRE. ) );
#1021 = ORIENTED_EDGE ( 'NONE', *, *, #1104, .F. ) ;
#1022 = EDGE_CURVE ( 'NONE', #2023, #3734, #3442, .T. ) ;
#1023 = LINE ( 'NONE', #3476, #3971 ) ;
#1024 = DIRECTION ( 'NONE',  ( 0.000000000000000000, 0.000000000000000000, -1.000000000000000000 ) ) ;
#1025 = CARTESIAN_POINT ( 'NONE',  ( 38.67308811145753822, 144.5757570142349948, 0.000000000000000000 ) ) ;
#1026 = VERTEX_POINT ( 'NONE', #1895 ) ;
#1027 = DIRECTION ( 'NONE',  ( 0.000000000000000000, 0.000000000000000000, -1.000000000000000000 ) ) ;
#1028 = CARTESIAN_POINT ( 'NONE',  ( 3.358391833222812650, -150.5000000000000000, 0.000000000000000000 ) ) ;
#1029 = ORIENTED_EDGE ( 'NONE', *, *, #652, .F. ) ;
#1030 = DIRECTION ( 'NONE',  ( 1.000000000000000000, 0.000000000000000000, 0.000000000000000000 ) ) ;
#1031 = DIRECTION ( 'NONE',  ( -0.000000000000000000, -0.000000000000000000, -1.000000000000000000 ) ) ;
#1032 = DIRECTION ( 'NONE',  ( 0.000000000000000000, 0.000000000000000000, 1.000000000000000000 ) ) ;
#1033 = VERTEX_POINT ( 'NONE', #1817 ) ;
#1034 = EDGE_CURVE ( 'NONE', #1873, #3556, #3270, .T. ) ;
#1035 = ADVANCED_FACE ( 'NONE', ( #930 ), #3380, .F. ) ;
#1036 = DIRECTION ( 'NONE',  ( 0.000000000000000000, -0.000000000000000000, 1.000000000000000000 ) ) ;
#1037 = VERTEX_POINT ( 'NONE', #3054 ) ;
#1038 = ORIENTED_EDGE ( 'NONE', *, *, #2823, .F. ) ;
#1039 = CARTESIAN_POINT ( 'NONE',  ( 152.6266155812824650, -21.16003311384340080, 2.000000000000000000 ) ) ;
#1040 = CYLINDRICAL_SURFACE ( 'NONE', #3186, 0.5000000000000004441 ) ;
#1041 = DIRECTION ( 'NONE',  ( 1.000000000000000000, 0.000000000000000000, 0.000000000000000000 ) ) ;
#1042 = VERTEX_POINT ( 'NONE', #910 ) ;
#1043 = DIRECTION ( 'NONE',  ( 0.000000000000000000, 0.000000000000000000, -1.000000000000000000 ) ) ;
#1044 = LINE ( 'NONE', #2295, #2879 ) ;
#1045 = ORIENTED_EDGE ( 'NONE', *, *, #2399, .T. ) ;
#1046 = FACE_OUTER_BOUND ( 'NONE', #471, .T. ) ;
#1047 = CARTESIAN_POINT ( 'NONE',  ( 76.21849684162407357, -151.8089869080239964, 0.000000000000000000 ) ) ;
#1048 = ORIENTED_EDGE ( 'NONE', *, *, #2500, .T. ) ;
#1049 = DIRECTION ( 'NONE',  ( 0.9996573249755574819, -0.02617694830786582161, 0.000000000000000000 ) ) ;
#1050 = CIRCLE ( 'NONE', #2339, 1.549999999999995826 ) ;
#1051 = VERTEX_POINT ( 'NONE', #1489 ) ;
#1052 = FACE_BOUND ( 'NONE', #437, .T. ) ;
#1053 = EDGE_CURVE ( 'NONE', #2827, #1192, #2556, .T. ) ;
#1054 = VERTEX_POINT ( 'NONE', #3078 ) ;
#1055 = CARTESIAN_POINT ( 'NONE',  ( 86.24762703046545198, -148.3089869080239964, 2.000000000000000000 ) ) ;
#1056 = CARTESIAN_POINT ( 'NONE',  ( 0.000000000000000000, -154.5000000000001705, 0.000000000000000000 ) ) ;
#1057 = PLANE ( 'NONE',  #235 ) ;
#1058 = ORIENTED_EDGE ( 'NONE', *, *, #1774, .F. ) ;
#1059 = ORIENTED_EDGE ( 'NONE', *, *, #1182, .T. ) ;
#1060 = ADVANCED_FACE ( 'NONE', ( #1536 ), #47, .F. ) ;
#1061 = LINE ( 'NONE', #3218, #333 ) ;
#1062 = AXIS2_PLACEMENT_3D ( 'NONE', #3242, #2571, #2914 ) ;
#1063 = DIRECTION ( 'NONE',  ( 0.7071067811866086350, -0.7071067811864862884, 0.000000000000000000 ) ) ;
#1064 = MANIFOLD_SOLID_BREP ( 'µ¶¿Ú', #2279 ) ;
#1065 = VERTEX_POINT ( 'NONE', #1007 ) ;
#1066 = AXIS2_PLACEMENT_3D ( 'NONE', #2991, #2360, #1149 ) ;
#1067 = DIRECTION ( 'NONE',  ( 0.000000000000000000, -1.000000000000000000, 0.000000000000000000 ) ) ;
#1068 = CARTESIAN_POINT ( 'NONE',  ( 0.000000000000000000, -157.8089869080239964, 2.000000000000000000 ) ) ;
#1069 = ORIENTED_EDGE ( 'NONE', *, *, #3097, .F. ) ;
#1070 = LINE ( 'NONE', #2513, #2231 ) ;
#1071 = EDGE_LOOP ( 'NONE', ( #1231, #2906, #3920, #2655 ) ) ;
#1072 = CIRCLE ( 'NONE', #3782, 0.5000000000000004441 ) ;
#1073 = FACE_OUTER_BOUND ( 'NONE', #279, .T. ) ;
#1074 =( NAMED_UNIT ( * ) PLANE_ANGLE_UNIT ( ) SI_UNIT ( $, .RADIAN. ) );
#1075 = VERTEX_POINT ( 'NONE', #2865 ) ;
#1076 = AXIS2_PLACEMENT_3D ( 'NONE', #3658, #891, #3570 ) ;
#1077 = ORIENTED_EDGE ( 'NONE', *, *, #2734, .F. ) ;
#1078 = DIRECTION ( 'NONE',  ( 0.000000000000000000, 0.000000000000000000, -1.000000000000000000 ) ) ;
#1079 = AXIS2_PLACEMENT_3D ( 'NONE', #416, #1930, #739 ) ;
#1080 = DIRECTION ( 'NONE',  ( -0.7071067811865465735, 0.7071067811865485719, 0.000000000000000000 ) ) ;
#1081 = CARTESIAN_POINT ( 'NONE',  ( 60.71849684162407357, -152.3089869080239964, 2.000000000000000000 ) ) ;
#1082 = VERTEX_POINT ( 'NONE', #971 ) ;
#1083 = EDGE_CURVE ( 'NONE', #2159, #2252, #687, .T. ) ;
#1084 = CARTESIAN_POINT ( 'NONE',  ( 33.36132668616287589, 144.5757570142349948, 0.000000000000000000 ) ) ;
#1085 = EDGE_CURVE ( 'NONE', #2051, #3821, #1916, .T. ) ;
#1086 = CARTESIAN_POINT ( 'NONE',  ( 0.000000000000000000, -156.6000000000001933, 2.000000000000000000 ) ) ;
#1087 = ORIENTED_EDGE ( 'NONE', *, *, #773, .T. ) ;
#1088 = LINE ( 'NONE', #3552, #3572 ) ;
#1089 = DIRECTION ( 'NONE',  ( -1.000000000000000000, 0.000000000000000000, 0.000000000000000000 ) ) ;
#1090 = VERTEX_POINT ( 'NONE', #1028 ) ;
#1091 = CARTESIAN_POINT ( 'NONE',  ( 161.8032269822574847, -125.6734147464802192, 0.000000000000000000 ) ) ;
#1092 = EDGE_CURVE ( 'NONE', #1476, #588, #369, .T. ) ;
#1093 = EDGE_LOOP ( 'NONE', ( #1002, #289, #524, #2342, #207, #1507, #904, #2805, #1170, #2562, #2219, #3336, #2380 ) ) ;
#1094 = LINE ( 'NONE', #247, #89 ) ;
#1095 = ORIENTED_EDGE ( 'NONE', *, *, #150, .T. ) ;
#1096 = VECTOR ( 'NONE', #137, 1000.000000000000000 ) ;
#1097 = CARTESIAN_POINT ( 'NONE',  ( 24.50112609146677656, -128.1539330310690445, 0.000000000000000000 ) ) ;
#1098 = LINE ( 'NONE', #3840, #1764 ) ;
#1099 = DIRECTION ( 'NONE',  ( -0.000000000000000000, -0.000000000000000000, -1.000000000000000000 ) ) ;
#1100 = EDGE_LOOP ( 'NONE', ( #2853, #2551, #373, #1600 ) ) ;
#1101 = ORIENTED_EDGE ( 'NONE', *, *, #1647, .T. ) ;
#1102 = CARTESIAN_POINT ( 'NONE',  ( 108.7184968416240878, -152.3089869080239964, 0.000000000000000000 ) ) ;
#1103 = DIRECTION ( 'NONE',  ( 0.000000000000000000, 1.000000000000000000, 0.000000000000000000 ) ) ;
#1104 = EDGE_CURVE ( 'NONE', #3511, #2447, #1843, .T. ) ;
#1105 = ORIENTED_EDGE ( 'NONE', *, *, #312, .F. ) ;
#1106 = AXIS2_PLACEMENT_3D ( 'NONE', #3230, #3207, #435 ) ;
#1107 = DIRECTION ( 'NONE',  ( -0.000000000000000000, -0.000000000000000000, -1.000000000000000000 ) ) ;
#1108 = DIRECTION ( 'NONE',  ( 0.000000000000000000, 0.000000000000000000, 1.000000000000000000 ) ) ;
#1109 = EDGE_CURVE ( 'NONE', #1258, #744, #1044, .T. ) ;
#1110 = ORIENTED_EDGE ( 'NONE', *, *, #2121, .T. ) ;
#1111 = UNCERTAINTY_MEASURE_WITH_UNIT (LENGTH_MEASURE( 1.000000000000000082E-05 ), #3459, 'distance_accuracy_value', 'NONE');
#1112 = DIRECTION ( 'NONE',  ( 1.000000000000000000, 0.000000000000000000, 0.000000000000000000 ) ) ;
#1113 = DIRECTION ( 'NONE',  ( 0.000000000000000000, -0.000000000000000000, -1.000000000000000000 ) ) ;
#1114 = VECTOR ( 'NONE', #576, 1000.000000000000000 ) ;
#1115 = CIRCLE ( 'NONE', #2340, 5.000000000000004441 ) ;
#1116 = CARTESIAN_POINT ( 'NONE',  ( 26.00112609146597364, 1.608521305546099079E-13, 2.000000000000000000 ) ) ;
#1117 = CARTESIAN_POINT ( 'NONE',  ( 93.71849684162408778, -152.3089869080239964, 2.000000000000000000 ) ) ;
#1118 = DIRECTION ( 'NONE',  ( -1.000000000000000000, 0.000000000000000000, 0.000000000000000000 ) ) ;
#1119 = ORIENTED_EDGE ( 'NONE', *, *, #1083, .T. ) ;
#1120 = VERTEX_POINT ( 'NONE', #3497 ) ;
#1121 = DIRECTION ( 'NONE',  ( -0.000000000000000000, -0.000000000000000000, -1.000000000000000000 ) ) ;
#1122 = CARTESIAN_POINT ( 'NONE',  ( 12.00000000000053824, 0.000000000000000000, 2.000000000000000000 ) ) ;
#1123 = AXIS2_PLACEMENT_3D ( 'NONE', #2319, #1694, #158 ) ;
#1124 = EDGE_LOOP ( 'NONE', ( #1010, #1505, #2232, #3472 ) ) ;
#1125 = AXIS2_PLACEMENT_3D ( 'NONE', #2490, #675, #938 ) ;
#1126 = PLANE ( 'NONE',  #2162 ) ;
#1127 = ORIENTED_EDGE ( 'NONE', *, *, #1092, .T. ) ;
#1128 = CARTESIAN_POINT ( 'NONE',  ( 24.50112609146677656, -128.1539330310690445, 2.000000000000000000 ) ) ;
#1129 = VECTOR ( 'NONE', #846, 1000.000000000000000 ) ;
#1130 = VERTEX_POINT ( 'NONE', #424 ) ;
#1131 = DIRECTION ( 'NONE',  ( 0.7071067811865474617, -0.7071067811865474617, 0.000000000000000000 ) ) ;
#1132 = EDGE_CURVE ( 'NONE', #245, #2087, #3147, .T. ) ;
#1133 = EDGE_CURVE ( 'NONE', #535, #1934, #2889, .T. ) ;
#1134 = DIRECTION ( 'NONE',  ( 1.000000000000000000, 0.000000000000000000, 0.000000000000000000 ) ) ;
#1135 = CIRCLE ( 'NONE', #1334, 2.749999999941639572 ) ;
#1136 = PLANE ( 'NONE',  #1982 ) ;
#1137 = DIRECTION ( 'NONE',  ( 0.7515378189128070208, 0.6596900080672595257, 0.000000000000000000 ) ) ;
#1138 = AXIS2_PLACEMENT_3D ( 'NONE', #488, #848, #2724 ) ;
#1139 = CARTESIAN_POINT ( 'NONE',  ( 60.71849684162407357, -149.8089869080239964, 2.000000000000000000 ) ) ;
#1140 = EDGE_CURVE ( 'NONE', #2827, #802, #3515, .T. ) ;
#1141 = ORIENTED_EDGE ( 'NONE', *, *, #1034, .T. ) ;
#1142 = CIRCLE ( 'NONE', #2760, 1.549999999999995826 ) ;
#1143 = VERTEX_POINT ( 'NONE', #2234 ) ;
#1144 = CIRCLE ( 'NONE', #3415, 1.549999999999995826 ) ;
#1145 = ORIENTED_EDGE ( 'NONE', *, *, #1903, .F. ) ;
#1146 = DIRECTION ( 'NONE',  ( -0.000000000000000000, -0.000000000000000000, 1.000000000000000000 ) ) ;
#1147 = CARTESIAN_POINT ( 'NONE',  ( 47.20443786290442034, 151.5736572563685627, 2.000000000000000000 ) ) ;
#1148 = ORIENTED_EDGE ( 'NONE', *, *, #1109, .F. ) ;
#1149 = DIRECTION ( 'NONE',  ( 1.000000000000000000, 0.000000000000000000, 0.000000000000000000 ) ) ;
#1150 = ORIENTED_EDGE ( 'NONE', *, *, #326, .T. ) ;
#1151 = LINE ( 'NONE', #2706, #179 ) ;
#1152 = VECTOR ( 'NONE', #1121, 1000.000000000000000 ) ;
#1153 = ORIENTED_EDGE ( 'NONE', *, *, #1999, .T. ) ;
#1154 = PLANE ( 'NONE',  #3818 ) ;
#1155 = DIRECTION ( 'NONE',  ( -0.7071067811865474617, 0.7071067811865474617, 0.000000000000000000 ) ) ;
#1156 = EDGE_CURVE ( 'NONE', #2411, #2081, #109, .T. ) ;
#1157 = EDGE_CURVE ( 'NONE', #1051, #2303, #138, .T. ) ;
#1158 = CARTESIAN_POINT ( 'NONE',  ( 25.00112609146677656, -130.1000000000000227, 2.000000000000000000 ) ) ;
#1159 = DIRECTION ( 'NONE',  ( -1.000000000000000000, 0.000000000000000000, 0.000000000000000000 ) ) ;
#1160 = CARTESIAN_POINT ( 'NONE',  ( 0.2500000000525954280, -133.4999999999684235, 2.000000000000000000 ) ) ;
#1161 = ADVANCED_FACE ( 'NONE', ( #2601 ), #3533, .F. ) ;
#1162 = EDGE_LOOP ( 'NONE', ( #701, #983, #1029, #3979 ) ) ;
#1163 = ORIENTED_EDGE ( 'NONE', *, *, #3827, .T. ) ;
#1164 = CARTESIAN_POINT ( 'NONE',  ( 12.50000000000053646, -146.0000000000000000, 2.000000000000000000 ) ) ;
#1165 = ORIENTED_EDGE ( 'NONE', *, *, #3750, .T. ) ;
#1166 = DIRECTION ( 'NONE',  ( 1.000000000000000000, 0.000000000000000000, 0.000000000000000000 ) ) ;
#1167 = ORIENTED_EDGE ( 'NONE', *, *, #87, .T. ) ;
#1168 = DIRECTION ( 'NONE',  ( 0.000000000000000000, 0.000000000000000000, 1.000000000000000000 ) ) ;
#1169 = CYLINDRICAL_SURFACE ( 'NONE', #1076, 1.549999999999995826 ) ;
#1170 = ORIENTED_EDGE ( 'NONE', *, *, #939, .F. ) ;
#1171 = VERTEX_POINT ( 'NONE', #3482 ) ;
#1172 = CARTESIAN_POINT ( 'NONE',  ( 151.1966252644592430, -136.2800164642784466, 2.000000000000000000 ) ) ;
#1173 = DIRECTION ( 'NONE',  ( -0.000000000000000000, -0.000000000000000000, -1.000000000000000000 ) ) ;
#1174 = DIRECTION ( 'NONE',  ( -1.000000000000000000, 0.000000000000000000, 0.000000000000000000 ) ) ;
#1175 = CIRCLE ( 'NONE', #3448, 0.5000000000000004441 ) ;
#1176 = DIRECTION ( 'NONE',  ( -1.000000000000000000, 0.000000000000000000, 0.000000000000000000 ) ) ;
#1177 = EDGE_CURVE ( 'NONE', #1800, #662, #1716, .T. ) ;
#1178 = DIRECTION ( 'NONE',  ( 1.000000000000000000, 0.000000000000000000, 0.000000000000000000 ) ) ;
#1179 = VERTEX_POINT ( 'NONE', #3773 ) ;
#1180 = ORIENTED_EDGE ( 'NONE', *, *, #3163, .F. ) ;
#1181 = LINE ( 'NONE', #841, #2837 ) ;
#1182 = EDGE_CURVE ( 'NONE', #588, #1090, #3864, .T. ) ;
#1183 = ORIENTED_EDGE ( 'NONE', *, *, #217, .F. ) ;
#1184 = EDGE_CURVE ( 'NONE', #3660, #2418, #3239, .T. ) ;
#1185 = FACE_BOUND ( 'NONE', #3927, .T. ) ;
#1186 = VERTEX_POINT ( 'NONE', #2678 ) ;
#1187 = ADVANCED_FACE ( 'NONE', ( #1714 ), #2034, .T. ) ;
#1188 = EDGE_CURVE ( 'NONE', #2084, #432, #1393, .T. ) ;
#1189 = DIRECTION ( 'NONE',  ( 0.000000000000000000, 0.000000000000000000, 1.000000000000000000 ) ) ;
#1190 = ORIENTED_EDGE ( 'NONE', *, *, #2952, .F. ) ;
#1191 = CARTESIAN_POINT ( 'NONE',  ( 39.33499999999958874, 120.1823004000001163, 2.000000000000000000 ) ) ;
#1192 = VERTEX_POINT ( 'NONE', #3849 ) ;
#1193 = AXIS2_PLACEMENT_3D ( 'NONE', #918, #1579, #976 ) ;
#1194 = DIRECTION ( 'NONE',  ( -0.000000000000000000, 0.000000000000000000, 1.000000000000000000 ) ) ;
#1195 = CARTESIAN_POINT ( 'NONE',  ( 60.21849684162407357, -152.3089869080239964, 0.000000000000000000 ) ) ;
#1196 = DIRECTION ( 'NONE',  ( 1.000000000000000000, 0.000000000000000000, 0.000000000000000000 ) ) ;
#1197 = FACE_OUTER_BOUND ( 'NONE', #2624, .T. ) ;
#1198 = VECTOR ( 'NONE', #406, 1000.000000000000000 ) ;
#1199 = DIRECTION ( 'NONE',  ( 1.000000000000000000, 6.186352467534258635E-15, -0.000000000000000000 ) ) ;
#1200 = CARTESIAN_POINT ( 'NONE',  ( -41.90616694887365412, -13.88471386190429691, 0.000000000000000000 ) ) ;
#1201 = CARTESIAN_POINT ( 'NONE',  ( 146.9203013797080359, -146.9203013797085191, 0.000000000000000000 ) ) ;
#1202 = CIRCLE ( 'NONE', #52, 1.550000000000002709 ) ;
#1203 = ORIENTED_EDGE ( 'NONE', *, *, #2611, .F. ) ;
#1204 = VERTEX_POINT ( 'NONE', #825 ) ;
#1205 = ORIENTED_EDGE ( 'NONE', *, *, #2619, .T. ) ;
#1206 = AXIS2_PLACEMENT_3D ( 'NONE', #3027, #2410, #2104 ) ;
#1207 = DIRECTION ( 'NONE',  ( 0.000000000000000000, 0.000000000000000000, -1.000000000000000000 ) ) ;
#1208 = FACE_BOUND ( 'NONE', #398, .T. ) ;
#1209 = VECTOR ( 'NONE', #586, 1000.000000000000000 ) ;
#1210 = ORIENTED_EDGE ( 'NONE', *, *, #622, .F. ) ;
#1211 = EDGE_CURVE ( 'NONE', #1760, #2087, #2931, .T. ) ;
#1212 = EDGE_CURVE ( 'NONE', #3566, #1179, #2397, .T. ) ;
#1213 = PLANE ( 'NONE',  #2290 ) ;
#1214 = ORIENTED_EDGE ( 'NONE', *, *, #1604, .T. ) ;
#1215 = DIRECTION ( 'NONE',  ( 0.000000000000000000, -0.000000000000000000, -1.000000000000000000 ) ) ;
#1216 = EDGE_LOOP ( 'NONE', ( #2982, #738, #3625, #3280 ) ) ;
#1217 = CARTESIAN_POINT ( 'NONE',  ( 42.91652163941014919, 115.2500000000001563, 2.000000000000000000 ) ) ;
#1218 = DIRECTION ( 'NONE',  ( 1.000000000000000000, 0.000000000000000000, 0.000000000000000000 ) ) ;
#1219 = DIRECTION ( 'NONE',  ( 0.000000000000000000, 0.000000000000000000, 1.000000000000000000 ) ) ;
#1220 = EDGE_CURVE ( 'NONE', #956, #1082, #2749, .T. ) ;
#1221 = FACE_OUTER_BOUND ( 'NONE', #2568, .T. ) ;
#1222 = DIRECTION ( 'NONE',  ( 0.000000000000000000, -1.000000000000000000, 0.000000000000000000 ) ) ;
#1223 = DIRECTION ( 'NONE',  ( 1.000000000000000000, 0.000000000000000000, 0.000000000000000000 ) ) ;
#1224 = CARTESIAN_POINT ( 'NONE',  ( 12.00000000000053824, -163.0000000000001705, 2.000000000000000000 ) ) ;
#1225 = ORIENTED_EDGE ( 'NONE', *, *, #2214, .T. ) ;
#1226 = VERTEX_POINT ( 'NONE', #3297 ) ;
#1227 = VERTEX_POINT ( 'NONE', #3259 ) ;
#1228 = LINE ( 'NONE', #947, #277 ) ;
#1229 = ORIENTED_EDGE ( 'NONE', *, *, #2712, .F. ) ;
#1230 = DIRECTION ( 'NONE',  ( 1.000000000000000000, 0.000000000000000000, 0.000000000000000000 ) ) ;
#1231 = ORIENTED_EDGE ( 'NONE', *, *, #1945, .T. ) ;
#1232 = EDGE_CURVE ( 'NONE', #2054, #2401, #2623, .T. ) ;
#1233 = AXIS2_PLACEMENT_3D ( 'NONE', #2268, #3807, #2032 ) ;
#1234 = DIRECTION ( 'NONE',  ( 0.000000000000000000, 0.000000000000000000, 1.000000000000000000 ) ) ;
#1235 = VERTEX_POINT ( 'NONE', #1429 ) ;
#1237 = ADVANCED_FACE ( 'NONE', ( #2657 ), #1692, .F. ) ;
#1236 = DIRECTION ( 'NONE',  ( 0.000000000000000000, 0.000000000000000000, -1.000000000000000000 ) ) ;
#1238 = ORIENTED_EDGE ( 'NONE', *, *, #809, .T. ) ;
#1239 = LINE ( 'NONE', #637, #1638 ) ;
#1240 = CARTESIAN_POINT ( 'NONE',  ( 160.0354600292911016, -123.9056477935138645, 2.000000000000000000 ) ) ;
#1241 = CARTESIAN_POINT ( 'NONE',  ( 152.6266155812825787, 3.749999999999462208, 2.000000000000000000 ) ) ;
#1242 = CARTESIAN_POINT ( 'NONE',  ( 36.58500000005759034, 129.0823004000273500, 2.000000000000000000 ) ) ;
#1243 = EDGE_CURVE ( 'NONE', #1323, #718, #3780, .T. ) ;
#1244 = VECTOR ( 'NONE', #1620, 1000.000000000000000 ) ;
#1245 = DIRECTION ( 'NONE',  ( 0.000000000000000000, 0.000000000000000000, 1.000000000000000000 ) ) ;
#1246 = LINE ( 'NONE', #2223, #3943 ) ;
#1247 = LINE ( 'NONE', #321, #55 ) ;
#1248 = VERTEX_POINT ( 'NONE', #1755 ) ;
#1249 = AXIS2_PLACEMENT_3D ( 'NONE', #3792, #1027, #3039 ) ;
#1250 = LINE ( 'NONE', #965, #2702 ) ;
#1251 = CARTESIAN_POINT ( 'NONE',  ( 159.5354600292911016, -123.9056477935138645, 0.000000000000000000 ) ) ;
#1252 = VECTOR ( 'NONE', #3189, 1000.000000000000114 ) ;
#1253 = AXIS2_PLACEMENT_3D ( 'NONE', #2207, #2782, #2173 ) ;
#1254 = VERTEX_POINT ( 'NONE', #2357 ) ;
#1255 = CARTESIAN_POINT ( 'NONE',  ( 113.1926678278855292, -69.36455605658646562, 2.000000000000000000 ) ) ;
#1256 = LINE ( 'NONE', #2483, #1209 ) ;
#1257 = ORIENTED_EDGE ( 'NONE', *, *, #1274, .T. ) ;
#1258 = VERTEX_POINT ( 'NONE', #804 ) ;
#1259 = CARTESIAN_POINT ( 'NONE',  ( 175.7517884765525764, -46.86755831467730360, 2.000000000000000000 ) ) ;
#1260 = CARTESIAN_POINT ( 'NONE',  ( 121.9816158513925615, -151.0589869080239964, 2.000000000000000000 ) ) ;
#1261 = CARTESIAN_POINT ( 'NONE',  ( 11.50000000000054001, -146.0000000000000000, 2.000000000000000000 ) ) ;
#1262 = ADVANCED_FACE ( 'NONE', ( #2642 ), #3904, .F. ) ;
#1263 = EDGE_CURVE ( 'NONE', #538, #183, #2292, .T. ) ;
#1264 = DIRECTION ( 'NONE',  ( 1.000000000000000000, 0.000000000000000000, 0.000000000000000000 ) ) ;
#1265 = CIRCLE ( 'NONE', #3075, 2.749999999941639572 ) ;
#1266 = CARTESIAN_POINT ( 'NONE',  ( 0.000000000000000000, -157.8089869080239964, 0.000000000000000000 ) ) ;
#1267 = CARTESIAN_POINT ( 'NONE',  ( 16.10000000000053078, -146.5000000000000000, 2.000000000000000000 ) ) ;
#1268 = AXIS2_PLACEMENT_3D ( 'NONE', #329, #2746, #1511 ) ;
#1269 = ORIENTED_EDGE ( 'NONE', *, *, #1432, .F. ) ;
#1270 = ORIENTED_EDGE ( 'NONE', *, *, #2572, .T. ) ;
#1271 = CYLINDRICAL_SURFACE ( 'NONE', #594, 0.5000000000000004441 ) ;
#1272 = VECTOR ( 'NONE', #2719, 1000.000000000000000 ) ;
#1273 = FACE_BOUND ( 'NONE', #2311, .T. ) ;
#1274 = EDGE_CURVE ( 'NONE', #1947, #2225, #814, .T. ) ;
#1275 = ORIENTED_EDGE ( 'NONE', *, *, #812, .T. ) ;
#1276 = VECTOR ( 'NONE', #3291, 1000.000000000000114 ) ;
#1277 = CARTESIAN_POINT ( 'NONE',  ( 24.50112609146677656, -130.1000000000000227, 2.000000000000000000 ) ) ;
#1278 = AXIS2_PLACEMENT_3D ( 'NONE', #1564, #2816, #3202 ) ;
#1279 = CYLINDRICAL_SURFACE ( 'NONE', #1341, 0.5000000000000004441 ) ;
#1280 = ORIENTED_EDGE ( 'NONE', *, *, #3574, .T. ) ;
#1281 = DIRECTION ( 'NONE',  ( 0.000000000000000000, -0.000000000000000000, 1.000000000000000000 ) ) ;
#1282 = AXIS2_PLACEMENT_3D ( 'NONE', #798, #817, #3915 ) ;
#1283 = DIRECTION ( 'NONE',  ( 0.000000000000000000, 0.000000000000000000, -1.000000000000000000 ) ) ;
#1284 = FACE_OUTER_BOUND ( 'NONE', #795, .T. ) ;
#1285 = CARTESIAN_POINT ( 'NONE',  ( 48.41652163948018028, -143.3089869080239964, 0.000000000000000000 ) ) ;
#1286 = FACE_OUTER_BOUND ( 'NONE', #1756, .T. ) ;
#1287 = LINE ( 'NONE', #774, #561 ) ;
#1288 = EDGE_CURVE ( 'NONE', #66, #3883, #505, .T. ) ;
#1289 = ADVANCED_FACE ( 'NONE', ( #181 ), #1735, .F. ) ;
#1290 = VECTOR ( 'NONE', #824, 1000.000000000000000 ) ;
#1291 = ORIENTED_EDGE ( 'NONE', *, *, #671, .F. ) ;
#1292 = CARTESIAN_POINT ( 'NONE',  ( 24.50112609146677656, -130.1000000000000227, 2.000000000000000000 ) ) ;
#1293 = DIRECTION ( 'NONE',  ( 1.000000000000000000, 5.225305391815332772E-15, 0.000000000000000000 ) ) ;
#1294 = ORIENTED_EDGE ( 'NONE', *, *, #540, .F. ) ;
#1295 = ORIENTED_EDGE ( 'NONE', *, *, #695, .F. ) ;
#1296 = DIRECTION ( 'NONE',  ( -0.000000000000000000, -0.000000000000000000, -1.000000000000000000 ) ) ;
#1297 = DIRECTION ( 'NONE',  ( 0.000000000000000000, 0.000000000000000000, 1.000000000000000000 ) ) ;
#1298 = ORIENTED_EDGE ( 'NONE', *, *, #984, .T. ) ;
#1299 = FACE_OUTER_BOUND ( 'NONE', #2705, .T. ) ;
#1300 = LINE ( 'NONE', #2240, #1325 ) ;
#1301 = ORIENTED_EDGE ( 'NONE', *, *, #3583, .T. ) ;
#1302 = LINE ( 'NONE', #1378, #2848 ) ;
#1303 = PLANE ( 'NONE',  #213 ) ;
#1304 = VERTEX_POINT ( 'NONE', #3922 ) ;
#1305 = ORIENTED_EDGE ( 'NONE', *, *, #3776, .F. ) ;
#1306 = DIRECTION ( 'NONE',  ( 0.000000000000000000, -0.000000000000000000, 1.000000000000000000 ) ) ;
#1307 = ADVANCED_FACE ( 'NONE', ( #864, #2174, #3114, #1487, #258, #1208, #926, #1549, #1185, #648, #1273, #629, #949, #1872, #23, #43 ), #581, .F. ) ;
#1308 = DIRECTION ( 'NONE',  ( -0.000000000000000000, -0.000000000000000000, 1.000000000000000000 ) ) ;
#1309 = ORIENTED_EDGE ( 'NONE', *, *, #145, .T. ) ;
#1310 = EDGE_CURVE ( 'NONE', #3812, #1649, #3900, .T. ) ;
#1311 = EDGE_CURVE ( 'NONE', #3825, #1042, #1795, .T. ) ;
#1312 = AXIS2_PLACEMENT_3D ( 'NONE', #1767, #1424, #1176 ) ;
#1313 = CARTESIAN_POINT ( 'NONE',  ( 39.33499999999923347, 129.0823004000273500, 2.000000000000000000 ) ) ;
#1314 = AXIS2_PLACEMENT_3D ( 'NONE', #315, #613, #335 ) ;
#1315 = DIRECTION ( 'NONE',  ( 6.186352467534258635E-15, -1.000000000000000000, 0.000000000000000000 ) ) ;
#1316 = EDGE_CURVE ( 'NONE', #234, #2740, #3052, .T. ) ;
#1317 = ORIENTED_EDGE ( 'NONE', *, *, #2862, .F. ) ;
#1318 = DIRECTION ( 'NONE',  ( -1.000000000000000000, 0.000000000000000000, 0.000000000000000000 ) ) ;
#1319 = CARTESIAN_POINT ( 'NONE',  ( 36.23956652567866143, 149.2972802992348704, 2.000000000000000000 ) ) ;
#1320 = EDGE_CURVE ( 'NONE', #2447, #3275, #3939, .T. ) ;
#1321 = ORIENTED_EDGE ( 'NONE', *, *, #1772, .T. ) ;
#1322 = CARTESIAN_POINT ( 'NONE',  ( 21.35344314933253074, -156.6000000000001933, 0.000000000000000000 ) ) ;
#1323 = VERTEX_POINT ( 'NONE', #1251 ) ;
#1324 = VERTEX_POINT ( 'NONE', #2459 ) ;
#1325 = VECTOR ( 'NONE', #2549, 1000.000000000000000 ) ;
#1326 = CARTESIAN_POINT ( 'NONE',  ( 36.23956652567866143, 149.2972802992348704, 0.000000000000000000 ) ) ;
#1327 = LINE ( 'NONE', #1056, #796 ) ;
#1328 = CARTESIAN_POINT ( 'NONE',  ( 86.24762703046545198, -143.3089869080239964, 0.000000000000000000 ) ) ;
#1329 = AXIS2_PLACEMENT_3D ( 'NONE', #3301, #2381, #1758 ) ;
#1330 = ORIENTED_EDGE ( 'NONE', *, *, #1182, .F. ) ;
#1331 = VECTOR ( 'NONE', #199, 1000.000000000000000 ) ;
#1332 = DIRECTION ( 'NONE',  ( -0.000000000000000000, -0.000000000000000000, -1.000000000000000000 ) ) ;
#1333 = EDGE_CURVE ( 'NONE', #3050, #171, #1833, .T. ) ;
#1334 = AXIS2_PLACEMENT_3D ( 'NONE', #1646, #2247, #706 ) ;
#1335 = EDGE_CURVE ( 'NONE', #200, #2633, #1588, .T. ) ;
#1336 = ORIENTED_EDGE ( 'NONE', *, *, #3583, .F. ) ;
#1337 = DIRECTION ( 'NONE',  ( -1.000000000000000000, 0.000000000000000000, 0.000000000000000000 ) ) ;
#1338 = CIRCLE ( 'NONE', #758, 0.5000000000000004441 ) ;
#1339 = CARTESIAN_POINT ( 'NONE',  ( 40.88499999999952195, 139.4323004000001447, 2.000000000000000000 ) ) ;
#1340 = VERTEX_POINT ( 'NONE', #3715 ) ;
#1341 = AXIS2_PLACEMENT_3D ( 'NONE', #3102, #1898, #2156 ) ;
#1342 = DIRECTION ( 'NONE',  ( -1.000000000000000000, 0.000000000000000000, 0.000000000000000000 ) ) ;
#1343 = EDGE_LOOP ( 'NONE', ( #1630, #3036, #1960, #1624 ) ) ;
#1344 = ORIENTED_EDGE ( 'NONE', *, *, #2294, .T. ) ;
#1345 = DIRECTION ( 'NONE',  ( 1.000000000000000000, 0.000000000000000000, 0.000000000000000000 ) ) ;
#1346 = CARTESIAN_POINT ( 'NONE',  ( 12.00000000000053824, -163.0000000000001705, 2.000000000000000000 ) ) ;
#1347 = DIRECTION ( 'NONE',  ( -0.000000000000000000, 0.000000000000000000, 1.000000000000000000 ) ) ;
#1348 = ORIENTED_EDGE ( 'NONE', *, *, #2647, .T. ) ;
#1349 = VERTEX_POINT ( 'NONE', #3649 ) ;
#1350 = CARTESIAN_POINT ( 'NONE',  ( 0.2500000000525826049, 2.391622439804848893E-17, 2.000000000000000000 ) ) ;
#1351 = SURFACE_STYLE_FILL_AREA ( #2566 ) ;
#1352 = VERTEX_POINT ( 'NONE', #3031 ) ;
#1353 = DIRECTION ( 'NONE',  ( 4.183449209309596146E-16, -1.000000000000000000, 0.000000000000000000 ) ) ;
#1354 = VECTOR ( 'NONE', #1753, 1000.000000000000000 ) ;
#1355 = EDGE_CURVE ( 'NONE', #535, #1065, #3334, .T. ) ;
#1356 = CARTESIAN_POINT ( 'NONE',  ( 42.08499999994086949, 129.0823004000273500, 2.000000000000000000 ) ) ;
#1357 = ORIENTED_EDGE ( 'NONE', *, *, #1232, .T. ) ;
#1358 = FACE_OUTER_BOUND ( 'NONE', #2703, .T. ) ;
#1359 = ORIENTED_EDGE ( 'NONE', *, *, #3191, .F. ) ;
#1360 = DIRECTION ( 'NONE',  ( -6.376915065959340445E-15, -1.000000000000000000, 0.000000000000000000 ) ) ;
#1361 = EDGE_CURVE ( 'NONE', #50, #2204, #2439, .T. ) ;
#1362 = ORIENTED_EDGE ( 'NONE', *, *, #1754, .T. ) ;
#1363 = CYLINDRICAL_SURFACE ( 'NONE', #1597, 0.5000000000000004441 ) ;
#1364 = LINE ( 'NONE', #2597, #3878 ) ;
#1365 = DIRECTION ( 'NONE',  ( 0.000000000000000000, 0.000000000000000000, 1.000000000000000000 ) ) ;
#1366 = ORIENTED_EDGE ( 'NONE', *, *, #395, .T. ) ;
#1367 = DIRECTION ( 'NONE',  ( 2.220446049250195067E-14, -1.000000000000000000, 0.000000000000000000 ) ) ;
#1368 = DIRECTION ( 'NONE',  ( -0.8888809016376363337, -0.4581383445029053036, 0.000000000000000000 ) ) ;
#1369 = VECTOR ( 'NONE', #1744, 1000.000000000000000 ) ;
#1370 = ORIENTED_EDGE ( 'NONE', *, *, #2573, .T. ) ;
#1371 = PLANE ( 'NONE',  #1385 ) ;
#1372 = VECTOR ( 'NONE', #1807, 1000.000000000000000 ) ;
#1373 = AXIS2_PLACEMENT_3D ( 'NONE', #2060, #3871, #1701 ) ;
#1374 = CARTESIAN_POINT ( 'NONE',  ( 159.6819066386978250, -124.2592011841071269, 0.000000000000000000 ) ) ;
#1375 = CARTESIAN_POINT ( 'NONE',  ( 161.4496735916642081, -126.0269681370735100, 2.000000000000000000 ) ) ;
#1376 = VECTOR ( 'NONE', #2455, 1000.000000000000000 ) ;
#1377 = ORIENTED_EDGE ( 'NONE', *, *, #2047, .F. ) ;
#1378 = CARTESIAN_POINT ( 'NONE',  ( 180.7317599286525365, -4.732627690551489685, 2.000000000000000000 ) ) ;
#1379 = ORIENTED_EDGE ( 'NONE', *, *, #3599, .T. ) ;
#1380 = VECTOR ( 'NONE', #3059, 1000.000000000000000 ) ;
#1381 = EDGE_CURVE ( 'NONE', #1928, #1171, #3357, .T. ) ;
#1382 = EDGE_CURVE ( 'NONE', #1488, #1226, #276, .T. ) ;
#1383 = ORIENTED_EDGE ( 'NONE', *, *, #13, .F. ) ;
#1384 = LINE ( 'NONE', #2558, #3220 ) ;
#1385 = AXIS2_PLACEMENT_3D ( 'NONE', #2912, #140, #1353 ) ;
#1386 = CARTESIAN_POINT ( 'NONE',  ( 173.2374960238982737, 45.01407035374738541, 2.000000000000000000 ) ) ;
#1387 = LINE ( 'NONE', #2637, #1401 ) ;
#1388 = CIRCLE ( 'NONE', #2417, 1.549999999999995826 ) ;
#1389 = ORIENTED_EDGE ( 'NONE', *, *, #1333, .T. ) ;
#1390 = DIRECTION ( 'NONE',  ( -1.000000000000000000, 0.000000000000000000, 0.000000000000000000 ) ) ;
#1391 = EDGE_CURVE ( 'NONE', #1649, #2530, #1508, .T. ) ;
#1392 = VECTOR ( 'NONE', #3201, 1000.000000000000000 ) ;
#1393 = LINE ( 'NONE', #465, #2492 ) ;
#1394 = ORIENTED_EDGE ( 'NONE', *, *, #1184, .T. ) ;
#1395 = VECTOR ( 'NONE', #1063, 1000.000000000000114 ) ;
#1396 = CARTESIAN_POINT ( 'NONE',  ( 33.42537009046714047, 143.7534036769028774, 0.000000000000000000 ) ) ;
#1397 = CARTESIAN_POINT ( 'NONE',  ( 1.645961042311706590, 145.0808848487865532, 2.000000000000000000 ) ) ;
#1398 = VECTOR ( 'NONE', #418, 1000.000000000000000 ) ;
#1399 = FACE_OUTER_BOUND ( 'NONE', #2361, .T. ) ;
#1400 = ORIENTED_EDGE ( 'NONE', *, *, #2942, .T. ) ;
#1401 = VECTOR ( 'NONE', #3877, 999.9999999999998863 ) ;
#1402 = DIRECTION ( 'NONE',  ( 1.000000000000000000, 0.000000000000000000, 0.000000000000000000 ) ) ;
#1403 = ORIENTED_EDGE ( 'NONE', *, *, #1924, .T. ) ;
#1404 = CIRCLE ( 'NONE', #1278, 1.549999999999982059 ) ;
#1405 = ORIENTED_EDGE ( 'NONE', *, *, #1085, .F. ) ;
#1406 = EDGE_CURVE ( 'NONE', #1130, #710, #2683, .T. ) ;
#1407 = DIRECTION ( 'NONE',  ( -1.000000000000000000, 0.000000000000000000, 0.000000000000000000 ) ) ;
#1408 = AXIS2_PLACEMENT_3D ( 'NONE', #2462, #3698, #931 ) ;
#1409 = LINE ( 'NONE', #1949, #1252 ) ;
#1410 = EDGE_CURVE ( 'NONE', #1248, #2403, #3527, .T. ) ;
#1411 = DIRECTION ( 'NONE',  ( 1.000000000000000000, 0.000000000000000000, 0.000000000000000000 ) ) ;
#1412 = ORIENTED_EDGE ( 'NONE', *, *, #3912, .T. ) ;
#1413 = DIRECTION ( 'NONE',  ( 0.000000000000000000, 0.000000000000000000, 1.000000000000000000 ) ) ;
#1414 = DIRECTION ( 'NONE',  ( 1.000000000000000000, 0.000000000000000000, 0.000000000000000000 ) ) ;
#1415 = ORIENTED_EDGE ( 'NONE', *, *, #1810, .F. ) ;
#1416 = CARTESIAN_POINT ( 'NONE',  ( 145.3293111220269509, 145.3293111220265530, 0.000000000000000000 ) ) ;
#1417 = LINE ( 'NONE', #1799, #174 ) ;
#1418 = ORIENTED_EDGE ( 'NONE', *, *, #3505, .F. ) ;
#1419 = DIRECTION ( 'NONE',  ( -0.000000000000000000, -0.000000000000000000, -1.000000000000000000 ) ) ;
#1420 = CARTESIAN_POINT ( 'NONE',  ( 37.78499999999960579, 120.1823004000001163, 0.000000000000000000 ) ) ;
#1421 = ORIENTED_EDGE ( 'NONE', *, *, #2189, .T. ) ;
#1422 = VECTOR ( 'NONE', #3277, 1000.000000000000114 ) ;
#1423 = DIRECTION ( 'NONE',  ( 0.000000000000000000, 0.000000000000000000, 1.000000000000000000 ) ) ;
#1424 = DIRECTION ( 'NONE',  ( -0.000000000000000000, -0.000000000000000000, -1.000000000000000000 ) ) ;
#1425 = LINE ( 'NONE', #3528, #3340 ) ;
#1426 = VERTEX_POINT ( 'NONE', #2152 ) ;
#1427 = ADVANCED_FACE ( 'NONE', ( #3456 ), #3136, .F. ) ;
#1428 = DIRECTION ( 'NONE',  ( -0.5224985647159310354, 0.8526401643541030584, 0.000000000000000000 ) ) ;
#1429 = CARTESIAN_POINT ( 'NONE',  ( 17.45000000000052154, -156.6000000000001933, 2.000000000000000000 ) ) ;
#1430 = ADVANCED_BREP_SHAPE_REPRESENTATION ( '[4Æ¬]·À×²È¦-2Æ¬Ê½_Gen.4', ( #1064, #1106 ), #2860 ) ;
#1431 = VERTEX_POINT ( 'NONE', #365 ) ;
#1432 = EDGE_CURVE ( 'NONE', #1552, #1120, #433, .T. ) ;
#1433 = EDGE_CURVE ( 'NONE', #1947, #956, #2598, .T. ) ;
#1434 = DIRECTION ( 'NONE',  ( -0.7071067811865463515, 0.7071067811865487940, 0.000000000000000000 ) ) ;
#1435 = EDGE_CURVE ( 'NONE', #847, #1848, #1135, .T. ) ;
#1436 = DIRECTION ( 'NONE',  ( 1.000000000000000000, 0.000000000000000000, 0.000000000000000000 ) ) ;
#1437 = ORIENTED_EDGE ( 'NONE', *, *, #2639, .T. ) ;
#1438 = DIRECTION ( 'NONE',  ( 0.000000000000000000, 0.000000000000000000, -1.000000000000000000 ) ) ;
#1439 = CARTESIAN_POINT ( 'NONE',  ( 176.3374960238982680, 45.01407035374738541, 2.000000000000000000 ) ) ;
#1440 = EDGE_LOOP ( 'NONE', ( #1860, #3879, #1655, #509 ) ) ;
#1441 = ADVANCED_FACE ( 'NONE', ( #441 ), #2561, .F. ) ;
#1442 = CIRCLE ( 'NONE', #2535, 1.549999999999995826 ) ;
#1443 = CARTESIAN_POINT ( 'NONE',  ( 12.00000000000053824, -146.0000000000000000, 2.000000000000000000 ) ) ;
#1444 = CARTESIAN_POINT ( 'NONE',  ( 12.00000000000053824, -163.0000000000001705, 0.000000000000000000 ) ) ;
#1445 = DIRECTION ( 'NONE',  ( -0.000000000000000000, -0.000000000000000000, -1.000000000000000000 ) ) ;
#1446 = ORIENTED_EDGE ( 'NONE', *, *, #2696, .F. ) ;
#1447 = ORIENTED_EDGE ( 'NONE', *, *, #3332, .T. ) ;
#1448 = LINE ( 'NONE', #3296, #771 ) ;
#1449 = DIRECTION ( 'NONE',  ( 0.000000000000000000, 0.000000000000000000, -1.000000000000000000 ) ) ;
#1450 = VECTOR ( 'NONE', #3126, 1000.000000000000000 ) ;
#1451 = EDGE_LOOP ( 'NONE', ( #1370, #48 ) ) ;
#1452 = CARTESIAN_POINT ( 'NONE',  ( 149.0753049208995833, -134.8658029019053686, 2.000000000000000000 ) ) ;
#1453 = VERTEX_POINT ( 'NONE', #1932 ) ;
#1454 = EDGE_CURVE ( 'NONE', #3660, #3617, #1847, .T. ) ;
#1456 = EDGE_CURVE ( 'NONE', #1426, #1910, #3842, .T. ) ;
#1455 = CARTESIAN_POINT ( 'NONE',  ( 20.80000000000285709, -133.5000000000000568, 2.000000000000000000 ) ) ;
#1457 = ORIENTED_EDGE ( 'NONE', *, *, #860, .T. ) ;
#1458 = FACE_OUTER_BOUND ( 'NONE', #2358, .T. ) ;
#1459 = LINE ( 'NONE', #832, #363 ) ;
#1460 = ORIENTED_EDGE ( 'NONE', *, *, #61, .T. ) ;
#1461 = AXIS2_PLACEMENT_3D ( 'NONE', #2859, #99, #82 ) ;
#1462 = EDGE_LOOP ( 'NONE', ( #2267, #3646, #2338, #2907 ) ) ;
#1463 = DIRECTION ( 'NONE',  ( -0.000000000000000000, 0.000000000000000000, -1.000000000000000000 ) ) ;
#1464 = LINE ( 'NONE', #210, #1114 ) ;
#1465 = VECTOR ( 'NONE', #2167, 1000.000000000000000 ) ;
#1466 = CARTESIAN_POINT ( 'NONE',  ( 60.71849684162407357, -149.8089869080239964, 0.000000000000000000 ) ) ;
#1467 = EDGE_LOOP ( 'NONE', ( #92, #2599, #1058, #3435 ) ) ;
#1468 = ORIENTED_EDGE ( 'NONE', *, *, #1133, .T. ) ;
#1469 = AXIS2_PLACEMENT_3D ( 'NONE', #3187, #115, #3253 ) ;
#1470 = LINE ( 'NONE', #2052, #68 ) ;
#1471 = DIRECTION ( 'NONE',  ( -0.000000000000000000, -0.000000000000000000, -1.000000000000000000 ) ) ;
#1472 = VERTEX_POINT ( 'NONE', #1610 ) ;
#1473 = CYLINDRICAL_SURFACE ( 'NONE', #296, 1.549999999999995826 ) ;
#1474 = ORIENTED_EDGE ( 'NONE', *, *, #2318, .T. ) ;
#1475 = CARTESIAN_POINT ( 'NONE',  ( 12.00000000000053824, -146.5000000000000000, 2.000000000000000000 ) ) ;
#1476 = VERTEX_POINT ( 'NONE', #65 ) ;
#1477 = ORIENTED_EDGE ( 'NONE', *, *, #3795, .F. ) ;
#1478 = EDGE_CURVE ( 'NONE', #3070, #5, #684, .T. ) ;
#1479 = LINE ( 'NONE', #1172, #2985 ) ;
#1480 = DIRECTION ( 'NONE',  ( 0.000000000000000000, 0.000000000000000000, 1.000000000000000000 ) ) ;
#1481 = DIRECTION ( 'NONE',  ( 0.000000000000000000, 0.000000000000000000, -1.000000000000000000 ) ) ;
#1482 = DIRECTION ( 'NONE',  ( -0.000000000000000000, 1.000000000000000000, -0.000000000000000000 ) ) ;
#1483 = CARTESIAN_POINT ( 'NONE',  ( 132.8321558125818456, 146.7206812300225067, 0.000000000000000000 ) ) ;
#1484 = VERTEX_POINT ( 'NONE', #118 ) ;
#1485 = VERTEX_POINT ( 'NONE', #1328 ) ;
#1486 = LINE ( 'NONE', #3628, #1680 ) ;
#1487 = FACE_OUTER_BOUND ( 'NONE', #3740, .T. ) ;
#1488 = VERTEX_POINT ( 'NONE', #3156 ) ;
#1489 = CARTESIAN_POINT ( 'NONE',  ( 45.83002282939586536, 154.2402999612813517, 0.000000000000000000 ) ) ;
#1490 = LINE ( 'NONE', #3593, #1658 ) ;
#1491 = ORIENTED_EDGE ( 'NONE', *, *, #1810, .T. ) ;
#1492 = ORIENTED_EDGE ( 'NONE', *, *, #3620, .T. ) ;
#1493 = DIRECTION ( 'NONE',  ( 1.000000000000000000, 0.000000000000000000, 0.000000000000000000 ) ) ;
#1494 = CARTESIAN_POINT ( 'NONE',  ( 108.7184968416240878, -152.3089869080239964, 2.000000000000000000 ) ) ;
#1495 = DIRECTION ( 'NONE',  ( -0.5224985647159380298, -0.8526401643540989506, 0.000000000000000000 ) ) ;
#1496 = DIRECTION ( 'NONE',  ( 1.000000000000000000, 0.000000000000000000, 0.000000000000000000 ) ) ;
#1497 = AXIS2_PLACEMENT_3D ( 'NONE', #3150, #2494, #2512 ) ;
#1498 = LINE ( 'NONE', #3622, #1632 ) ;
#1499 = VECTOR ( 'NONE', #3084, 1000.000000000000000 ) ;
#1500 = CARTESIAN_POINT ( 'NONE',  ( 36.23956652567866143, 149.2972802992348704, 2.000000000000000000 ) ) ;
#1501 = EDGE_CURVE ( 'NONE', #1885, #2885, #755, .T. ) ;
#1502 = EDGE_CURVE ( 'NONE', #802, #3006, #3494, .T. ) ;
#1503 = VECTOR ( 'NONE', #2919, 1000.000000000000000 ) ;
#1504 = EDGE_LOOP ( 'NONE', ( #3462, #2329, #3240, #3169 ) ) ;
#1505 = ORIENTED_EDGE ( 'NONE', *, *, #447, .F. ) ;
#1506 = CARTESIAN_POINT ( 'NONE',  ( 76.21849684162407357, -152.3089869080239964, 2.000000000000000000 ) ) ;
#1507 = ORIENTED_EDGE ( 'NONE', *, *, #2541, .F. ) ;
#1508 = LINE ( 'NONE', #2742, #2362 ) ;
#1509 = VERTEX_POINT ( 'NONE', #982 ) ;
#1510 = EDGE_CURVE ( 'NONE', #3180, #2303, #2950, .T. ) ;
#1511 = DIRECTION ( 'NONE',  ( 1.000000000000000000, 0.000000000000000000, 0.000000000000000000 ) ) ;
#1512 = PLANE ( 'NONE',  #439 ) ;
#1513 = ORIENTED_EDGE ( 'NONE', *, *, #61, .F. ) ;
#1514 = AXIS2_PLACEMENT_3D ( 'NONE', #935, #1219, #3684 ) ;
#1515 = CARTESIAN_POINT ( 'NONE',  ( 12.00000000000053824, -146.0000000000000000, 2.000000000000000000 ) ) ;
#1516 = CARTESIAN_POINT ( 'NONE',  ( 172.6517884765525821, -107.2264661165385604, 2.000000000000000000 ) ) ;
#1517 = CARTESIAN_POINT ( 'NONE',  ( 37.78499999999951342, 139.4323004000001447, 2.000000000000000000 ) ) ;
#1518 = CIRCLE ( 'NONE', #1329, 0.4999999999999987232 ) ;
#1519 = CARTESIAN_POINT ( 'NONE',  ( 24.50112609146677656, -130.1000000000000227, 0.000000000000000000 ) ) ;
#1520 = AXIS2_PLACEMENT_3D ( 'NONE', #1086, #1103, #785 ) ;
#1521 = CARTESIAN_POINT ( 'NONE',  ( 174.8807527461468965, 103.3655213315809078, 2.000000000000000000 ) ) ;
#1522 = CARTESIAN_POINT ( 'NONE',  ( 14.60000000000046860, -133.5000000000000000, 0.000000000000000000 ) ) ;
#1523 = CARTESIAN_POINT ( 'NONE',  ( 60.71849684162407357, -149.8089869080239964, 0.000000000000000000 ) ) ;
#1524 = AXIS2_PLACEMENT_3D ( 'NONE', #800, #1445, #1118 ) ;
#1525 = ADVANCED_FACE ( 'NONE', ( #2519 ), #3805, .F. ) ;
#1526 = ORIENTED_EDGE ( 'NONE', *, *, #893, .F. ) ;
#1527 = ORIENTED_EDGE ( 'NONE', *, *, #2920, .F. ) ;
#1528 = AXIS2_PLACEMENT_3D ( 'NONE', #1523, #3111, #1178 ) ;
#1529 = DIRECTION ( 'NONE',  ( 0.000000000000000000, -1.000000000000000000, 0.000000000000000000 ) ) ;
#1530 = EDGE_CURVE ( 'NONE', #1586, #3491, #3769, .T. ) ;
#1531 = ORIENTED_EDGE ( 'NONE', *, *, #1053, .F. ) ;
#1532 = CARTESIAN_POINT ( 'NONE',  ( 7.250000000000530243, -133.4999999999684235, 2.000000000000000000 ) ) ;
#1533 = ORIENTED_EDGE ( 'NONE', *, *, #2739, .T. ) ;
#1534 = EDGE_CURVE ( 'NONE', #2861, #828, #2228, .T. ) ;
#1535 = VECTOR ( 'NONE', #3307, 1000.000000000000000 ) ;
#1536 = FACE_OUTER_BOUND ( 'NONE', #3483, .T. ) ;
#1537 = ORIENTED_EDGE ( 'NONE', *, *, #1034, .F. ) ;
#1538 = CARTESIAN_POINT ( 'NONE',  ( 163.1266155812824934, -12.12024082979907824, 2.000000000000000000 ) ) ;
#1539 = EDGE_LOOP ( 'NONE', ( #2016, #714, #164, #3057 ) ) ;
#1540 = PLANE ( 'NONE',  #865 ) ;
#1541 = CARTESIAN_POINT ( 'NONE',  ( 174.2017884765525650, -46.86755831467730360, 2.000000000000000000 ) ) ;
#1542 = LINE ( 'NONE', #2776, #682 ) ;
#1543 = CARTESIAN_POINT ( 'NONE',  ( 136.0316158513925302, -157.8089869080239964, 0.000000000000000000 ) ) ;
#1544 = CARTESIAN_POINT ( 'NONE',  ( 123.5316158513925302, -151.0589869080239964, 2.000000000000000000 ) ) ;
#1545 = DIRECTION ( 'NONE',  ( 1.000000000000000000, 0.000000000000000000, 0.000000000000000000 ) ) ;
#1546 = LINE ( 'NONE', #880, #3965 ) ;
#1547 = ORIENTED_EDGE ( 'NONE', *, *, #402, .T. ) ;
#1548 = FACE_OUTER_BOUND ( 'NONE', #973, .T. ) ;
#1549 = FACE_BOUND ( 'NONE', #322, .T. ) ;
#1550 = ORIENTED_EDGE ( 'NONE', *, *, #724, .F. ) ;
#1551 = LINE ( 'NONE', #2193, #228 ) ;
#1552 = VERTEX_POINT ( 'NONE', #1670 ) ;
#1553 = DIRECTION ( 'NONE',  ( 0.9492526364575640807, 0.3145145977190307862, -0.000000000000000000 ) ) ;
#1554 = EDGE_CURVE ( 'NONE', #2418, #730, #1009, .T. ) ;
#1555 = EDGE_CURVE ( 'NONE', #3142, #3777, #1912, .T. ) ;
#1556 = ORIENTED_EDGE ( 'NONE', *, *, #1601, .F. ) ;
#1557 = LINE ( 'NONE', #2425, #3884 ) ;
#1558 = CARTESIAN_POINT ( 'NONE',  ( 58.52982912328025833, 144.4355301496140100, 0.000000000000000000 ) ) ;
#1559 = CARTESIAN_POINT ( 'NONE',  ( 152.6266155812826355, -9.732869643666657821E-13, 2.000000000000000000 ) ) ;
#1560 = DIRECTION ( 'NONE',  ( -4.183449209309596146E-16, 1.000000000000000000, 0.000000000000000000 ) ) ;
#1561 = CARTESIAN_POINT ( 'NONE',  ( 161.4496735916642081, -126.0269681370735100, 2.000000000000000000 ) ) ;
#1562 = EDGE_CURVE ( 'NONE', #114, #2401, #3438, .T. ) ;
#1563 = CARTESIAN_POINT ( 'NONE',  ( 125.0816158513925132, -151.0589869080239964, 2.000000000000000000 ) ) ;
#1564 = CARTESIAN_POINT ( 'NONE',  ( 123.5316158513925302, -151.0589869080239964, 2.000000000000000000 ) ) ;
#1565 = VERTEX_POINT ( 'NONE', #3560 ) ;
#1566 = VECTOR ( 'NONE', #3254, 1000.000000000000000 ) ;
#1567 = DIRECTION ( 'NONE',  ( 0.000000000000000000, 0.000000000000000000, -1.000000000000000000 ) ) ;
#1568 = CARTESIAN_POINT ( 'NONE',  ( 145.3293111220269509, 145.3293111220265530, 2.000000000000000000 ) ) ;
#1569 = AXIS2_PLACEMENT_3D ( 'NONE', #1871, #1, #2478 ) ;
#1570 = VERTEX_POINT ( 'NONE', #2616 ) ;
#1571 = CARTESIAN_POINT ( 'NONE',  ( 43.41652163948018028, 122.3419185567936296, 0.000000000000000000 ) ) ;
#1572 = CIRCLE ( 'NONE', #3134, 70.25000000001671197 ) ;
#1573 = DIRECTION ( 'NONE',  ( 0.5224985647159373636, -0.8526401643540993947, 0.000000000000000000 ) ) ;
#1574 = VERTEX_POINT ( 'NONE', #3546 ) ;
#1575 = FACE_OUTER_BOUND ( 'NONE', #396, .T. ) ;
#1576 = CIRCLE ( 'NONE', #1123, 2.999999999999870770 ) ;
#1577 = EDGE_CURVE ( 'NONE', #1042, #1990, #2050, .T. ) ;
#1578 = EDGE_CURVE ( 'NONE', #384, #2457, #2817, .T. ) ;
#1579 = DIRECTION ( 'NONE',  ( 0.000000000000000000, -0.000000000000000000, -1.000000000000000000 ) ) ;
#1580 = VECTOR ( 'NONE', #3179, 1000.000000000000000 ) ;
#1581 = CARTESIAN_POINT ( 'NONE',  ( 90.00376491205568641, 149.0787761249845857, 2.000000000000000000 ) ) ;
#1582 = CARTESIAN_POINT ( 'NONE',  ( 160.0354600292911016, -123.9056477935138645, 2.000000000000000000 ) ) ;
#1583 = VECTOR ( 'NONE', #3704, 1000.000000000000000 ) ;
#1584 = LINE ( 'NONE', #1266, #280 ) ;
#1585 = DIRECTION ( 'NONE',  ( -1.000000000000000000, 0.000000000000000000, 0.000000000000000000 ) ) ;
#1586 = VERTEX_POINT ( 'NONE', #2065 ) ;
#1587 = PLANE ( 'NONE',  #1253 ) ;
#1588 = CIRCLE ( 'NONE', #1654, 126.2385461467846994 ) ;
#1589 = DIRECTION ( 'NONE',  ( 0.000000000000000000, 0.000000000000000000, 1.000000000000000000 ) ) ;
#1590 = ORIENTED_EDGE ( 'NONE', *, *, #3893, .T. ) ;
#1591 = CIRCLE ( 'NONE', #375, 0.5000000000000004441 ) ;
#1592 = DIRECTION ( 'NONE',  ( -0.000000000000000000, 0.000000000000000000, 1.000000000000000000 ) ) ;
#1593 = AXIS2_PLACEMENT_3D ( 'NONE', #222, #2058, #3017 ) ;
#1594 = CARTESIAN_POINT ( 'NONE',  ( 60.71849684162407357, -152.3089869080239964, 2.000000000000000000 ) ) ;
#1595 = ORIENTED_EDGE ( 'NONE', *, *, #1177, .T. ) ;
#1596 = CARTESIAN_POINT ( 'NONE',  ( 61.21849684162407357, -152.3089869080239964, 2.000000000000000000 ) ) ;
#1597 = AXIS2_PLACEMENT_3D ( 'NONE', #3210, #3544, #3803 ) ;
#1598 = DIRECTION ( 'NONE',  ( 6.376915065959340445E-15, 1.000000000000000000, 0.000000000000000000 ) ) ;
#1599 = ADVANCED_FACE ( 'NONE', ( #515 ), #531, .T. ) ;
#1600 = ORIENTED_EDGE ( 'NONE', *, *, #3651, .F. ) ;
#1601 = EDGE_CURVE ( 'NONE', #1324, #585, #2560, .T. ) ;
#1602 = LINE ( 'NONE', #2849, #1757 ) ;
#1603 = LINE ( 'NONE', #3766, #2404 ) ;
#1604 = EDGE_CURVE ( 'NONE', #3566, #3417, #2925, .T. ) ;
#1605 = EDGE_CURVE ( 'NONE', #987, #2921, #1072, .T. ) ;
#1606 = AXIS2_PLACEMENT_3D ( 'NONE', #1608, #2188, #2537 ) ;
#1607 = ORIENTED_EDGE ( 'NONE', *, *, #327, .T. ) ;
#1608 = CARTESIAN_POINT ( 'NONE',  ( -1.005368627855002374E-12, -163.0000000000000853, 2.000000000000000000 ) ) ;
#1609 = EDGE_CURVE ( 'NONE', #1938, #748, #3151, .T. ) ;
#1610 = CARTESIAN_POINT ( 'NONE',  ( 109.2184968416240878, -150.3089869080239964, 0.000000000000000000 ) ) ;
#1611 = ORIENTED_EDGE ( 'NONE', *, *, #1555, .T. ) ;
#1612 = EDGE_CURVE ( 'NONE', #685, #545, #1202, .T. ) ;
#1613 = ORIENTED_EDGE ( 'NONE', *, *, #2294, .F. ) ;
#1614 = CARTESIAN_POINT ( 'NONE',  ( 16.95000000000051799, -154.5000000000001705, 0.000000000000000000 ) ) ;
#1615 = EDGE_LOOP ( 'NONE', ( #2074, #1547 ) ) ;
#1616 = CIRCLE ( 'NONE', #1233, 1.549999999999982059 ) ;
#1617 = CARTESIAN_POINT ( 'NONE',  ( 160.0354600292911016, -123.9056477935138645, 2.000000000000000000 ) ) ;
#1618 = CARTESIAN_POINT ( 'NONE',  ( 12.00000000000053824, -146.5000000000000000, 0.000000000000000000 ) ) ;
#1619 = ORIENTED_EDGE ( 'NONE', *, *, #1751, .F. ) ;
#1620 = DIRECTION ( 'NONE',  ( 0.000000000000000000, 0.000000000000000000, -1.000000000000000000 ) ) ;
#1621 = SURFACE_SIDE_STYLE ('',( #3816 ) ) ;
#1622 = ORIENTED_EDGE ( 'NONE', *, *, #514, .F. ) ;
#1623 = ORIENTED_EDGE ( 'NONE', *, *, #2446, .F. ) ;
#1624 = ORIENTED_EDGE ( 'NONE', *, *, #1311, .T. ) ;
#1625 = DIRECTION ( 'NONE',  ( 0.000000000000000000, 0.000000000000000000, -1.000000000000000000 ) ) ;
#1626 = LINE ( 'NONE', #981, #3602 ) ;
#1627 = EDGE_CURVE ( 'NONE', #403, #3400, #3255, .T. ) ;
#1628 = EDGE_CURVE ( 'NONE', #1509, #2403, #3309, .T. ) ;
#1629 = DIRECTION ( 'NONE',  ( 0.000000000000000000, 0.000000000000000000, 1.000000000000000000 ) ) ;
#1630 = ORIENTED_EDGE ( 'NONE', *, *, #1577, .T. ) ;
#1631 = DIRECTION ( 'NONE',  ( -0.000000000000000000, 0.000000000000000000, 1.000000000000000000 ) ) ;
#1632 = VECTOR ( 'NONE', #1482, 1000.000000000000000 ) ;
#1633 = CARTESIAN_POINT ( 'NONE',  ( 146.9203013797080359, -146.9203013797085191, 2.000000000000000000 ) ) ;
#1634 = ORIENTED_EDGE ( 'NONE', *, *, #3144, .F. ) ;
#1635 = CARTESIAN_POINT ( 'NONE',  ( 172.6517884765525821, -107.2264661165385604, 0.000000000000000000 ) ) ;
#1636 = CARTESIAN_POINT ( 'NONE',  ( 42.08499999994086949, 129.0823004000273500, 2.000000000000000000 ) ) ;
#1637 = ORIENTED_EDGE ( 'NONE', *, *, #2813, .F. ) ;
#1638 = VECTOR ( 'NONE', #51, 1000.000000000000000 ) ;
#1639 = FACE_BOUND ( 'NONE', #3055, .T. ) ;
#1640 = VERTEX_POINT ( 'NONE', #175 ) ;
#1641 = CIRCLE ( 'NONE', #290, 1.549999999999995826 ) ;
#1642 = ORIENTED_EDGE ( 'NONE', *, *, #3314, .T. ) ;
#1643 = AXIS2_PLACEMENT_3D ( 'NONE', #3619, #2710, #2977 ) ;
#1644 = DIRECTION ( 'NONE',  ( 0.000000000000000000, 0.000000000000000000, -1.000000000000000000 ) ) ;
#1645 = DIRECTION ( 'NONE',  ( 0.7071067811865485719, 0.7071067811865465735, -0.000000000000000000 ) ) ;
#1646 = CARTESIAN_POINT ( 'NONE',  ( 39.33499999999923347, 129.0823004000273500, 0.000000000000000000 ) ) ;
#1647 = EDGE_CURVE ( 'NONE', #1476, #2179, #3002, .T. ) ;
#1648 = VECTOR ( 'NONE', #451, 1000.000000000000000 ) ;
#1649 = VERTEX_POINT ( 'NONE', #1730 ) ;
#1650 = EDGE_CURVE ( 'NONE', #2132, #2861, #231, .T. ) ;
#1651 = AXIS2_PLACEMENT_3D ( 'NONE', #69, #2842, #3197 ) ;
#1652 = DIRECTION ( 'NONE',  ( -0.000000000000000000, -0.000000000000000000, -1.000000000000000000 ) ) ;
#1653 =( NAMED_UNIT ( * ) PLANE_ANGLE_UNIT ( ) SI_UNIT ( $, .RADIAN. ) );
#1654 = AXIS2_PLACEMENT_3D ( 'NONE', #2479, #2085, #3693 ) ;
#1655 = ORIENTED_EDGE ( 'NONE', *, *, #621, .T. ) ;
#1656 = ADVANCED_FACE ( 'NONE', ( #2966 ), #1057, .T. ) ;
#1657 = DIRECTION ( 'NONE',  ( 0.000000000000000000, 0.000000000000000000, 1.000000000000000000 ) ) ;
#1658 = VECTOR ( 'NONE', #3320, 999.9999999999998863 ) ;
#1659 = FACE_OUTER_BOUND ( 'NONE', #2844, .T. ) ;
#1660 = ORIENTED_EDGE ( 'NONE', *, *, #1188, .T. ) ;
#1661 = DIRECTION ( 'NONE',  ( 0.000000000000000000, 0.000000000000000000, -1.000000000000000000 ) ) ;
#1662 = EDGE_CURVE ( 'NONE', #1683, #3006, #1425, .T. ) ;
#1663 = ORIENTED_EDGE ( 'NONE', *, *, #387, .F. ) ;
#1664 = AXIS2_PLACEMENT_3D ( 'NONE', #2408, #1423, #3025 ) ;
#1665 = FACE_BOUND ( 'NONE', #285, .T. ) ;
#1666 = CARTESIAN_POINT ( 'NONE',  ( 86.24762703046545198, -148.3089869080239964, 2.000000000000000000 ) ) ;
#1667 = ORIENTED_EDGE ( 'NONE', *, *, #3118, .F. ) ;
#1668 = CARTESIAN_POINT ( 'NONE',  ( 174.7874960238982567, 45.01407035374738541, 2.000000000000000000 ) ) ;
#1669 = DIRECTION ( 'NONE',  ( 0.9826096726084445621, -0.1856831475829868183, 0.000000000000000000 ) ) ;
#1670 = CARTESIAN_POINT ( 'NONE',  ( 16.15000000000046754, -133.5000000000000000, 2.000000000000000000 ) ) ;
#1671 = ORIENTED_EDGE ( 'NONE', *, *, #387, .T. ) ;
#1672 = CARTESIAN_POINT ( 'NONE',  ( 12.50000000000053646, -146.0000000000000000, 0.000000000000000000 ) ) ;
#1673 = FILL_AREA_STYLE_COLOUR ( '', #2621 ) ;
#1674 = ORIENTED_EDGE ( 'NONE', *, *, #3532, .F. ) ;
#1675 = FACE_OUTER_BOUND ( 'NONE', #22, .T. ) ;
#1676 = LINE ( 'NONE', #90, #1838 ) ;
#1677 = EDGE_CURVE ( 'NONE', #748, #3315, #1591, .T. ) ;
#1679 = EDGE_CURVE ( 'NONE', #3112, #1574, #1387, .T. ) ;
#1678 = DIRECTION ( 'NONE',  ( 0.000000000000000000, -0.000000000000000000, 1.000000000000000000 ) ) ;
#1680 = VECTOR ( 'NONE', #885, 1000.000000000000114 ) ;
#1681 = EDGE_LOOP ( 'NONE', ( #1421, #3781, #1619, #367 ) ) ;
#1682 = LINE ( 'NONE', #75, #3759 ) ;
#1683 = VERTEX_POINT ( 'NONE', #3844 ) ;
#1684 = EDGE_CURVE ( 'NONE', #1204, #444, #3657, .T. ) ;
#1685 = FACE_OUTER_BOUND ( 'NONE', #830, .T. ) ;
#1686 = CARTESIAN_POINT ( 'NONE',  ( 123.5316158513925302, -151.0589869080239964, 2.000000000000000000 ) ) ;
#1687 = CARTESIAN_POINT ( 'NONE',  ( 0.000000000000000000, -128.1539330310690445, 0.000000000000000000 ) ) ;
#1688 = EDGE_LOOP ( 'NONE', ( #1989, #3256, #2660, #2563 ) ) ;
#1689 = ORIENTED_EDGE ( 'NONE', *, *, #1454, .T. ) ;
#1690 = AXIS2_PLACEMENT_3D ( 'NONE', #2184, #2201, #3451 ) ;
#1691 = CYLINDRICAL_SURFACE ( 'NONE', #909, 0.5000000000000004441 ) ;
#1692 = PLANE ( 'NONE',  #1520 ) ;
#1693 = ORIENTED_EDGE ( 'NONE', *, *, #2072, .F. ) ;
#1694 = DIRECTION ( 'NONE',  ( 0.000000000000000000, -0.000000000000000000, -1.000000000000000000 ) ) ;
#1695 = CARTESIAN_POINT ( 'NONE',  ( 17.45000000000026219, 2.882945205313854102E-14, 0.000000000000000000 ) ) ;
#1696 = EDGE_LOOP ( 'NONE', ( #1689, #3611, #2092, #458 ) ) ;
#1697 = PLANE ( 'NONE',  #2041 ) ;
#1698 = ORIENTED_EDGE ( 'NONE', *, *, #595, .F. ) ;
#1699 = EDGE_CURVE ( 'NONE', #3617, #1143, #1546, .T. ) ;
#1700 = EDGE_CURVE ( 'NONE', #1941, #1885, #922, .T. ) ;
#1701 = DIRECTION ( 'NONE',  ( -1.000000000000000000, 0.000000000000000000, 0.000000000000000000 ) ) ;
#1702 =( NAMED_UNIT ( * ) SI_UNIT ( $, .STERADIAN. ) SOLID_ANGLE_UNIT ( ) );
#1703 = ORIENTED_EDGE ( 'NONE', *, *, #2323, .T. ) ;
#1704 = ORIENTED_EDGE ( 'NONE', *, *, #3461, .F. ) ;
#1705 = CARTESIAN_POINT ( 'NONE',  ( -6.939317219714626006, -155.3360796041559126, 0.000000000000000000 ) ) ;
#1706 = AXIS2_PLACEMENT_3D ( 'NONE', #3726, #3974, #15 ) ;
#1707 = DIRECTION ( 'NONE',  ( -1.000000000000000000, 0.000000000000000000, 0.000000000000000000 ) ) ;
#1708 = DIRECTION ( 'NONE',  ( -0.000000000000000000, -0.000000000000000000, 1.000000000000000000 ) ) ;
#1709 = VECTOR ( 'NONE', #2061, 1000.000000000000000 ) ;
#1710 = VERTEX_POINT ( 'NONE', #3711 ) ;
#1711 = ORIENTED_EDGE ( 'NONE', *, *, #2769, .T. ) ;
#1712 = CARTESIAN_POINT ( 'NONE',  ( 45.83002282939586536, 154.2402999612813517, 2.000000000000000000 ) ) ;
#1713 = VECTOR ( 'NONE', #2056, 1000.000000000000114 ) ;
#1714 = FACE_OUTER_BOUND ( 'NONE', #783, .T. ) ;
#1715 = VERTEX_POINT ( 'NONE', #1500 ) ;
#1716 = CIRCLE ( 'NONE', #3962, 2.749999999941639572 ) ;
#1717 = DIRECTION ( 'NONE',  ( -1.000000000000000000, 0.000000000000000000, 0.000000000000000000 ) ) ;
#1718 = ORIENTED_EDGE ( 'NONE', *, *, #1406, .T. ) ;
#1719 = AXIS2_PLACEMENT_3D ( 'NONE', #1081, #2310, #781 ) ;
#1720 = PLANE ( 'NONE',  #3727 ) ;
#1721 = ORIENTED_EDGE ( 'NONE', *, *, #670, .F. ) ;
#1722 = CIRCLE ( 'NONE', #819, 0.5000000000000004441 ) ;
#1723 = CARTESIAN_POINT ( 'NONE',  ( 173.3307527461468851, 103.3655213315809078, 2.000000000000000000 ) ) ;
#1724 = EDGE_CURVE ( 'NONE', #1026, #3491, #2125, .T. ) ;
#1725 = DIRECTION ( 'NONE',  ( 0.7071067811865487940, 0.7071067811865463515, 0.000000000000000000 ) ) ;
#1726 = AXIS2_PLACEMENT_3D ( 'NONE', #1055, #151, #3822 ) ;
#1727 = EDGE_CURVE ( 'NONE', #2411, #2057, #2780, .T. ) ;
#1728 = CARTESIAN_POINT ( 'NONE',  ( 46.71497167981652154, 118.5842294622296151, 2.000000000000000000 ) ) ;
#1729 = DIRECTION ( 'NONE',  ( -0.000000000000000000, -0.000000000000000000, -1.000000000000000000 ) ) ;
#1730 = CARTESIAN_POINT ( 'NONE',  ( 151.1966252644592430, -136.2800164642784466, 2.000000000000000000 ) ) ;
#1731 = EDGE_CURVE ( 'NONE', #3257, #1431, #943, .T. ) ;
#1732 = ADVANCED_FACE ( 'NONE', ( #3371 ), #2695, .T. ) ;
#1733 = ORIENTED_EDGE ( 'NONE', *, *, #3820, .F. ) ;
#1734 = PLANE ( 'NONE',  #717 ) ;
#1735 = CYLINDRICAL_SURFACE ( 'NONE', #3837, 1.549999999999995826 ) ;
#1736 = VERTEX_POINT ( 'NONE', #577 ) ;
#1737 = EDGE_CURVE ( 'NONE', #3396, #101, #1808, .T. ) ;
#1738 = EDGE_LOOP ( 'NONE', ( #3436, #1269 ) ) ;
#1739 = DIRECTION ( 'NONE',  ( 0.000000000000000000, 0.000000000000000000, 1.000000000000000000 ) ) ;
#1740 = VERTEX_POINT ( 'NONE', #1160 ) ;
#1741 = DIRECTION ( 'NONE',  ( -1.000000000000000000, 0.000000000000000000, 0.000000000000000000 ) ) ;
#1742 = ORIENTED_EDGE ( 'NONE', *, *, #2739, .F. ) ;
#1743 = VECTOR ( 'NONE', #2083, 1000.000000000000000 ) ;
#1744 = DIRECTION ( 'NONE',  ( -0.000000000000000000, -0.000000000000000000, 1.000000000000000000 ) ) ;
#1745 = FACE_OUTER_BOUND ( 'NONE', #2307, .T. ) ;
#1746 = CARTESIAN_POINT ( 'NONE',  ( 23.90000000000284786, -133.5000000000000568, 2.000000000000000000 ) ) ;
#1747 = DIRECTION ( 'NONE',  ( -0.000000000000000000, -0.000000000000000000, -1.000000000000000000 ) ) ;
#1748 = DIRECTION ( 'NONE',  ( -0.000000000000000000, 0.000000000000000000, 1.000000000000000000 ) ) ;
#1749 = ORIENTED_EDGE ( 'NONE', *, *, #1562, .F. ) ;
#1750 = ORIENTED_EDGE ( 'NONE', *, *, #2546, .F. ) ;
#1751 = EDGE_CURVE ( 'NONE', #200, #3180, #2757, .T. ) ;
#1752 = EDGE_LOOP ( 'NONE', ( #2441, #2638, #3288, #1900 ) ) ;
#1753 = DIRECTION ( 'NONE',  ( 0.000000000000000000, 0.000000000000000000, -1.000000000000000000 ) ) ;
#1754 = EDGE_CURVE ( 'NONE', #2023, #3112, #3045, .T. ) ;
#1755 = CARTESIAN_POINT ( 'NONE',  ( 93.21849684162408778, -149.8089869080239964, 2.000000000000000000 ) ) ;
#1756 = EDGE_LOOP ( 'NONE', ( #240, #2066, #2109, #393 ) ) ;
#1757 = VECTOR ( 'NONE', #1926, 1000.000000000000000 ) ;
#1758 = DIRECTION ( 'NONE',  ( 1.000000000000000000, 0.000000000000000000, 0.000000000000000000 ) ) ;
#1759 = FACE_OUTER_BOUND ( 'NONE', #1688, .T. ) ;
#1760 = VERTEX_POINT ( 'NONE', #1224 ) ;
#1761 = VECTOR ( 'NONE', #3387, 1000.000000000000000 ) ;
#1762 = FACE_OUTER_BOUND ( 'NONE', #1504, .T. ) ;
#1763 = CARTESIAN_POINT ( 'NONE',  ( 61.21849684162407357, -152.3089869080239964, 2.000000000000000000 ) ) ;
#1764 = VECTOR ( 'NONE', #2331, 999.9999999999998863 ) ;
#1765 = VECTOR ( 'NONE', #2656, 1000.000000000000114 ) ;
#1766 = DIRECTION ( 'NONE',  ( 0.7071067811865474617, -0.7071067811865474617, -0.000000000000000000 ) ) ;
#1767 = CARTESIAN_POINT ( 'NONE',  ( 22.35000000000285425, -133.5000000000000568, 2.000000000000000000 ) ) ;
#1768 = CARTESIAN_POINT ( 'NONE',  ( 93.71849684162408778, -150.3089869080239964, 2.000000000000000000 ) ) ;
#1769 = EDGE_LOOP ( 'NONE', ( #1944, #672, #3185, #3650 ) ) ;
#1770 = ORIENTED_EDGE ( 'NONE', *, *, #1335, .T. ) ;
#1771 = CARTESIAN_POINT ( 'NONE',  ( 60.71849684162407357, -150.3089869080239964, 2.000000000000000000 ) ) ;
#1772 = EDGE_CURVE ( 'NONE', #1235, #234, #3933, .T. ) ;
#1773 = CARTESIAN_POINT ( 'NONE',  ( 160.0354600292911016, -123.9056477935138645, 0.000000000000000000 ) ) ;
#1774 = EDGE_CURVE ( 'NONE', #805, #1891, #2103, .T. ) ;
#1775 = ORIENTED_EDGE ( 'NONE', *, *, #3732, .T. ) ;
#1776 = AXIS2_PLACEMENT_3D ( 'NONE', #1581, #2810, #2183 ) ;
#1777 = CARTESIAN_POINT ( 'NONE',  ( 42.08499999994086949, 129.0823004000273500, 0.000000000000000000 ) ) ;
#1778 = DIRECTION ( 'NONE',  ( 0.000000000000000000, -1.000000000000000000, 0.000000000000000000 ) ) ;
#1779 = AXIS2_PLACEMENT_3D ( 'NONE', #2957, #2421, #3402 ) ;
#1780 = EDGE_LOOP ( 'NONE', ( #2584, #2697, #463, #3676 ) ) ;
#1781 = EDGE_LOOP ( 'NONE', ( #3584, #2628, #2679, #3490 ) ) ;
#1782 = PLANE ( 'NONE',  #476 ) ;
#1783 = EDGE_CURVE ( 'NONE', #256, #2747, #553, .T. ) ;
#1784 = VECTOR ( 'NONE', #156, 1000.000000000000000 ) ;
#1785 = DIRECTION ( 'NONE',  ( -1.000000000000000000, 0.000000000000000000, 0.000000000000000000 ) ) ;
#1786 = AXIS2_PLACEMENT_3D ( 'NONE', #2332, #2353, #2673 ) ;
#1787 = CARTESIAN_POINT ( 'NONE',  ( 109.2184968416240878, -150.3089869080239964, 2.000000000000000000 ) ) ;
#1788 = DIRECTION ( 'NONE',  ( 0.000000000000000000, 0.000000000000000000, -1.000000000000000000 ) ) ;
#1789 = AXIS2_PLACEMENT_3D ( 'NONE', #3813, #1049, #3519 ) ;
#1790 = DIRECTION ( 'NONE',  ( 0.7071067811865486830, 0.7071067811865464625, 0.000000000000000000 ) ) ;
#1791 = ORIENTED_EDGE ( 'NONE', *, *, #2420, .T. ) ;
#1792 = ORIENTED_EDGE ( 'NONE', *, *, #1501, .F. ) ;
#1793 = VECTOR ( 'NONE', #3897, 1000.000000000000000 ) ;
#1794 = DIRECTION ( 'NONE',  ( 0.000000000000000000, -0.000000000000000000, -1.000000000000000000 ) ) ;
#1795 = LINE ( 'NONE', #3421, #3012 ) ;
#1796 = EDGE_LOOP ( 'NONE', ( #1141, #95 ) ) ;
#1797 = CARTESIAN_POINT ( 'NONE',  ( 24.50112609146677656, -129.6000000000000227, 2.000000000000000000 ) ) ;
#1798 = ORIENTED_EDGE ( 'NONE', *, *, #2371, .T. ) ;
#1799 = CARTESIAN_POINT ( 'NONE',  ( 60.21849684162407357, -149.8089869080239964, 2.000000000000000000 ) ) ;
#1800 = VERTEX_POINT ( 'NONE', #2715 ) ;
#1801 = EDGE_LOOP ( 'NONE', ( #3767, #3598, #457, #721 ) ) ;
#1802 = DIRECTION ( 'NONE',  ( 0.000000000000000000, 0.000000000000000000, 1.000000000000000000 ) ) ;
#1803 = EDGE_CURVE ( 'NONE', #1075, #264, #2686, .T. ) ;
#1804 = EDGE_CURVE ( 'NONE', #3712, #3315, #1247, .T. ) ;
#1805 = CARTESIAN_POINT ( 'NONE',  ( 157.8766155812825218, -3.797419780792699468E-14, 0.000000000000000000 ) ) ;
#1806 = CARTESIAN_POINT ( 'NONE',  ( 153.8766155812826071, -2.500000000000496492, 2.000000000000000000 ) ) ;
#1807 = DIRECTION ( 'NONE',  ( -0.000000000000000000, -0.000000000000000000, -1.000000000000000000 ) ) ;
#1808 = LINE ( 'NONE', #3918, #1465 ) ;
#1809 = ORIENTED_EDGE ( 'NONE', *, *, #468, .F. ) ;
#1810 = EDGE_CURVE ( 'NONE', #828, #3712, #694, .T. ) ;
#1811 = ORIENTED_EDGE ( 'NONE', *, *, #2020, .F. ) ;
#1812 = ORIENTED_EDGE ( 'NONE', *, *, #1677, .T. ) ;
#1813 = DIRECTION ( 'NONE',  ( -1.000000000000000000, 0.000000000000000000, 0.000000000000000000 ) ) ;
#1814 = VERTEX_POINT ( 'NONE', #2762 ) ;
#1815 = DIRECTION ( 'NONE',  ( 2.220446049250195067E-14, -1.000000000000000000, 0.000000000000000000 ) ) ;
#1816 = VERTEX_POINT ( 'NONE', #2476 ) ;
#1817 = CARTESIAN_POINT ( 'NONE',  ( 125.0816158513925132, -151.0589869080239964, 0.000000000000000000 ) ) ;
#1818 = CARTESIAN_POINT ( 'NONE',  ( 26.00112609146677656, -130.1000000000000227, 0.000000000000000000 ) ) ;
#1819 = ORIENTED_EDGE ( 'NONE', *, *, #1157, .T. ) ;
#1820 = ORIENTED_EDGE ( 'NONE', *, *, #2962, .T. ) ;
#1821 = CYLINDRICAL_SURFACE ( 'NONE', #1314, 0.5000000000000004441 ) ;
#1822 = CYLINDRICAL_SURFACE ( 'NONE', #2030, 5.311761425294665884 ) ;
#1823 = DIRECTION ( 'NONE',  ( 0.7071067811865465735, -0.7071067811865484609, 0.000000000000000000 ) ) ;
#1824 = EDGE_CURVE ( 'NONE', #432, #3310, #2564, .T. ) ;
#1825 = LINE ( 'NONE', #899, #3594 ) ;
#1826 = DIRECTION ( 'NONE',  ( -0.000000000000000000, -0.000000000000000000, -1.000000000000000000 ) ) ;
#1827 = CARTESIAN_POINT ( 'NONE',  ( 163.1266155812824934, 12.12024082979907824, 2.000000000000000000 ) ) ;
#1828 = PRODUCT_DEFINITION_FORMATION_WITH_SPECIFIED_SOURCE ( 'ÈÎºÎ', '', #801, .NOT_KNOWN. ) ;
#1829 = ORIENTED_EDGE ( 'NONE', *, *, #3252, .T. ) ;
#1830 = ORIENTED_EDGE ( 'NONE', *, *, #2835, .F. ) ;
#1831 = FACE_OUTER_BOUND ( 'NONE', #1696, .T. ) ;
#1832 = ORIENTED_EDGE ( 'NONE', *, *, #3820, .T. ) ;
#1833 = LINE ( 'NONE', #2110, #3337 ) ;
#1834 = ORIENTED_EDGE ( 'NONE', *, *, #1731, .T. ) ;
#1835 = CARTESIAN_POINT ( 'NONE',  ( 24.00112609146677656, -130.1000000000000227, 2.000000000000000000 ) ) ;
#1836 = PLANE ( 'NONE',  #2304 ) ;
#1837 = ORIENTED_EDGE ( 'NONE', *, *, #893, .T. ) ;
#1838 = VECTOR ( 'NONE', #696, 1000.000000000000000 ) ;
#1839 = EDGE_LOOP ( 'NONE', ( #821, #325, #3157, #1923 ) ) ;
#1840 = DIRECTION ( 'NONE',  ( -0.000000000000000000, -0.000000000000000000, 1.000000000000000000 ) ) ;
#1841 = DIRECTION ( 'NONE',  ( 1.000000000000000000, 0.000000000000000000, 0.000000000000000000 ) ) ;
#1842 = LINE ( 'NONE', #657, #998 ) ;
#1843 = CIRCLE ( 'NONE', #1651, 0.5000000000000004441 ) ;
#1844 = DIRECTION ( 'NONE',  ( 0.000000000000000000, 0.000000000000000000, 1.000000000000000000 ) ) ;
#1845 = LINE ( 'NONE', #3729, #1376 ) ;
#1846 = CARTESIAN_POINT ( 'NONE',  ( 150.8430718738659380, -136.6335698548717517, 0.000000000000000000 ) ) ;
#1847 = CIRCLE ( 'NONE', #3408, 0.5000000000000004441 ) ;
#1848 = VERTEX_POINT ( 'NONE', #3624 ) ;
#1849 = VECTOR ( 'NONE', #1868, 1000.000000000000000 ) ;
#1850 = DIRECTION ( 'NONE',  ( 0.7071067811866086350, -0.7071067811864862884, 0.000000000000000000 ) ) ;
#1851 = ADVANCED_FACE ( 'NONE', ( #857 ), #2080, .F. ) ;
#1852 = EDGE_CURVE ( 'NONE', #2921, #2897, #1722, .T. ) ;
#1853 = CARTESIAN_POINT ( 'NONE',  ( 153.8766155812825502, 3.416747231394498289E-12, 0.000000000000000000 ) ) ;
#1854 = VECTOR ( 'NONE', #3741, 1000.000000000000000 ) ;
#1855 = ORIENTED_EDGE ( 'NONE', *, *, #842, .T. ) ;
#1856 = EDGE_CURVE ( 'NONE', #1037, #3946, #3967, .T. ) ;
#1857 = CARTESIAN_POINT ( 'NONE',  ( 123.5316158513925302, -151.0589869080239964, 0.000000000000000000 ) ) ;
#1858 = EDGE_LOOP ( 'NONE', ( #928, #2916 ) ) ;
#1859 = CARTESIAN_POINT ( 'NONE',  ( 75.71849684162407357, -149.8089869080239964, 0.000000000000000000 ) ) ;
#1860 = ORIENTED_EDGE ( 'NONE', *, *, #2941, .F. ) ;
#1861 = ADVANCED_FACE ( 'NONE', ( #1399 ), #1697, .T. ) ;
#1862 = FACE_OUTER_BOUND ( 'NONE', #2349, .T. ) ;
#1863 = CARTESIAN_POINT ( 'NONE',  ( 76.21849684162407357, -149.8089869080239964, 0.000000000000000000 ) ) ;
#1864 = CARTESIAN_POINT ( 'NONE',  ( -6.939317219714626006, -155.3360796041559126, 2.000000000000000000 ) ) ;
#1865 = CARTESIAN_POINT ( 'NONE',  ( 173.2374960238982737, 45.01407035374738541, 0.000000000000000000 ) ) ;
#1866 = CARTESIAN_POINT ( 'NONE',  ( 149.4288583114928599, -134.5122495113120635, 2.000000000000000000 ) ) ;
#1867 = DIRECTION ( 'NONE',  ( -0.000000000000000000, 0.000000000000000000, 1.000000000000000000 ) ) ;
#1868 = DIRECTION ( 'NONE',  ( -0.000000000000000000, -0.000000000000000000, -1.000000000000000000 ) ) ;
#1869 = ORIENTED_EDGE ( 'NONE', *, *, #974, .T. ) ;
#1870 = ORIENTED_EDGE ( 'NONE', *, *, #2711, .F. ) ;
#1871 = CARTESIAN_POINT ( 'NONE',  ( -53.19204533492343501, 103.2033091850423148, 2.000000000000000000 ) ) ;
#1872 = FACE_BOUND ( 'NONE', #1858, .T. ) ;
#1873 = VERTEX_POINT ( 'NONE', #2629 ) ;
#1874 = EDGE_CURVE ( 'NONE', #2291, #1484, #1070, .T. ) ;
#1875 = EDGE_CURVE ( 'NONE', #2530, #2484, #3555, .T. ) ;
#1876 = DIRECTION ( 'NONE',  ( 0.5224985647159307023, 0.8526401643541033915, 0.000000000000000000 ) ) ;
#1877 = LINE ( 'NONE', #1538, #3281 ) ;
#1878 = ORIENTED_EDGE ( 'NONE', *, *, #2835, .T. ) ;
#1879 = DIRECTION ( 'NONE',  ( 0.000000000000000000, 1.000000000000000000, 0.000000000000000000 ) ) ;
#1880 = CARTESIAN_POINT ( 'NONE',  ( -91.29112986441512589, 124.2094743826759071, 2.000000000000000000 ) ) ;
#1881 = CARTESIAN_POINT ( 'NONE',  ( 12.59175071685408831, -128.1539330310690445, 2.000000000000000000 ) ) ;
#1882 = VECTOR ( 'NONE', #3205, 1000.000000000000000 ) ;
#1883 = CARTESIAN_POINT ( 'NONE',  ( 24.50112609146677656, 0.000000000000000000, 2.000000000000000000 ) ) ;
#1884 = LINE ( 'NONE', #1908, #1954 ) ;
#1885 = VERTEX_POINT ( 'NONE', #1267 ) ;
#1886 = CARTESIAN_POINT ( 'NONE',  ( 160.0354600292911016, -123.9056477935138645, 2.000000000000000000 ) ) ;
#1887 = ORIENTED_EDGE ( 'NONE', *, *, #217, .T. ) ;
#1888 = AXIS2_PLACEMENT_3D ( 'NONE', #76, #1826, #3064 ) ;
#1889 = CIRCLE ( 'NONE', #2662, 0.5000000000000004441 ) ;
#1890 = FACE_OUTER_BOUND ( 'NONE', #826, .T. ) ;
#1891 = VERTEX_POINT ( 'NONE', #3833 ) ;
#1892 = DIRECTION ( 'NONE',  ( -1.000000000000000000, 0.000000000000000000, 0.000000000000000000 ) ) ;
#1893 = ORIENTED_EDGE ( 'NONE', *, *, #1951, .T. ) ;
#1894 = VERTEX_POINT ( 'NONE', #1959 ) ;
#1895 = CARTESIAN_POINT ( 'NONE',  ( 149.4288583114928599, -135.2193562924986452, 0.000000000000000000 ) ) ;
#1896 = ORIENTED_EDGE ( 'NONE', *, *, #2892, .T. ) ;
#1897 = CIRCLE ( 'NONE', #3000, 0.5000000000000004441 ) ;
#1899 = EDGE_CURVE ( 'NONE', #1472, #2230, #1338, .T. ) ;
#1898 = DIRECTION ( 'NONE',  ( 0.000000000000000000, 0.000000000000000000, -1.000000000000000000 ) ) ;
#1900 = ORIENTED_EDGE ( 'NONE', *, *, #3841, .T. ) ;
#1901 = ORIENTED_EDGE ( 'NONE', *, *, #3175, .F. ) ;
#1902 = CARTESIAN_POINT ( 'NONE',  ( 160.5354600292911300, -123.9056477935138645, 2.000000000000000000 ) ) ;
#1903 = EDGE_CURVE ( 'NONE', #2230, #2447, #2256, .T. ) ;
#1904 = EDGE_CURVE ( 'NONE', #348, #2497, #1287, .T. ) ;
#1905 = CARTESIAN_POINT ( 'NONE',  ( 48.41652163948018028, -143.3089869080239964, 2.000000000000000000 ) ) ;
#1906 = CARTESIAN_POINT ( 'NONE',  ( 0.000000000000000000, -130.1000000000000227, 2.000000000000000000 ) ) ;
#1907 = CIRCLE ( 'NONE', #3578, 0.5000000000000004441 ) ;
#1908 = CARTESIAN_POINT ( 'NONE',  ( 34.62907642528273300, 115.2500000000001563, 2.000000000000000000 ) ) ;
#1909 = AXIS2_PLACEMENT_3D ( 'NONE', #1277, #2721, #2504 ) ;
#1910 = VERTEX_POINT ( 'NONE', #1998 ) ;
#1911 = DIRECTION ( 'NONE',  ( 0.000000000000000000, 0.000000000000000000, -1.000000000000000000 ) ) ;
#1912 = CIRCLE ( 'NONE', #2754, 0.5000000000000004441 ) ;
#1913 = DIRECTION ( 'NONE',  ( 0.000000000000000000, 0.000000000000000000, 1.000000000000000000 ) ) ;
#1914 = EDGE_LOOP ( 'NONE', ( #3047, #2866, #866, #131 ) ) ;
#1915 = VECTOR ( 'NONE', #253, 1000.000000000000114 ) ;
#1916 = LINE ( 'NONE', #1633, #1198 ) ;
#1917 = VECTOR ( 'NONE', #3925, 1000.000000000000000 ) ;
#1918 = CARTESIAN_POINT ( 'NONE',  ( 108.7184968416240878, -149.8089869080239964, 0.000000000000000000 ) ) ;
#1919 = ORIENTED_EDGE ( 'NONE', *, *, #1605, .F. ) ;
#1920 = CYLINDRICAL_SURFACE ( 'NONE', #679, 1.549999999999995826 ) ;
#1921 = VECTOR ( 'NONE', #133, 1000.000000000000114 ) ;
#1922 = DIRECTION ( 'NONE',  ( -0.000000000000000000, -0.000000000000000000, -1.000000000000000000 ) ) ;
#1923 = ORIENTED_EDGE ( 'NONE', *, *, #1406, .F. ) ;
#1924 = EDGE_CURVE ( 'NONE', #275, #1186, #3021, .T. ) ;
#1925 = EDGE_CURVE ( 'NONE', #2484, #3825, #309, .T. ) ;
#1926 = DIRECTION ( 'NONE',  ( -4.183449209309596146E-16, 1.000000000000000000, 0.000000000000000000 ) ) ;
#1927 = APPLICATION_PROTOCOL_DEFINITION ( 'draft international standard', 'automotive_design', 1998, #3605 ) ;
#1928 = VERTEX_POINT ( 'NONE', #3434 ) ;
#1929 = ORIENTED_EDGE ( 'NONE', *, *, #2414, .F. ) ;
#1930 = DIRECTION ( 'NONE',  ( 0.000000000000000000, 0.000000000000000000, 1.000000000000000000 ) ) ;
#1931 = LINE ( 'NONE', #3398, #3561 ) ;
#1932 = CARTESIAN_POINT ( 'NONE',  ( 60.71849684162407357, -151.8089869080239964, 2.000000000000000000 ) ) ;
#1933 = EDGE_CURVE ( 'NONE', #2936, #105, #361, .T. ) ;
#1934 = VERTEX_POINT ( 'NONE', #962 ) ;
#1935 = DIRECTION ( 'NONE',  ( -0.000000000000000000, -0.000000000000000000, 1.000000000000000000 ) ) ;
#1936 = CARTESIAN_POINT ( 'NONE',  ( 26.00112609146597364, 1.608521305546099079E-13, 0.000000000000000000 ) ) ;
#1937 = ORIENTED_EDGE ( 'NONE', *, *, #1157, .F. ) ;
#1938 = VERTEX_POINT ( 'NONE', #470 ) ;
#1939 = CARTESIAN_POINT ( 'NONE',  ( 0.000000000000000000, 115.2500000000001563, 2.000000000000000000 ) ) ;
#1940 = CARTESIAN_POINT ( 'NONE',  ( 175.7517884765525764, -107.2264661165385604, 2.000000000000000000 ) ) ;
#1941 = VERTEX_POINT ( 'NONE', #733 ) ;
#1942 = CARTESIAN_POINT ( 'NONE',  ( 174.7874960238982567, 45.01407035374738541, 2.000000000000000000 ) ) ;
#1943 = ADVANCED_FACE ( 'NONE', ( #162 ), #2186, .F. ) ;
#1944 = ORIENTED_EDGE ( 'NONE', *, *, #3243, .F. ) ;
#1945 = EDGE_CURVE ( 'NONE', #1340, #3838, #1404, .T. ) ;
#1946 = VECTOR ( 'NONE', #3247, 1000.000000000000000 ) ;
#1947 = VERTEX_POINT ( 'NONE', #3854 ) ;
#1948 = DIRECTION ( 'NONE',  ( 0.9999356502602302355, -0.01134439679536272498, 0.000000000000000000 ) ) ;
#1949 = CARTESIAN_POINT ( 'NONE',  ( 161.8032269822574847, -125.6734147464802192, 0.000000000000000000 ) ) ;
#1950 = DIRECTION ( 'NONE',  ( -0.000000000000000000, -0.000000000000000000, -1.000000000000000000 ) ) ;
#1951 = EDGE_CURVE ( 'NONE', #3275, #1248, #2366, .T. ) ;
#1952 = ORIENTED_EDGE ( 'NONE', *, *, #2328, .T. ) ;
#1953 = CARTESIAN_POINT ( 'NONE',  ( 163.1266155812824934, 12.12024082979907824, 0.000000000000000000 ) ) ;
#1954 = VECTOR ( 'NONE', #2795, 1000.000000000000000 ) ;
#1955 = VECTOR ( 'NONE', #2600, 1000.000000000000000 ) ;
#1956 = ORIENTED_EDGE ( 'NONE', *, *, #1177, .F. ) ;
#1957 = CARTESIAN_POINT ( 'NONE',  ( 94.21849684162408778, -152.3089869080239964, 2.000000000000000000 ) ) ;
#1958 = LINE ( 'NONE', #2255, #1392 ) ;
#1959 = CARTESIAN_POINT ( 'NONE',  ( 148.5753049208995833, -134.8658029019053686, 2.000000000000000000 ) ) ;
#1960 = ORIENTED_EDGE ( 'NONE', *, *, #871, .F. ) ;
#1961 = AXIS2_PLACEMENT_3D ( 'NONE', #2135, #374, #3105 ) ;
#1962 = CARTESIAN_POINT ( 'NONE',  ( 15.60000000000053255, -146.0000000000000000, 2.000000000000000000 ) ) ;
#1963 = ORIENTED_EDGE ( 'NONE', *, *, #3629, .F. ) ;
#1964 = VECTOR ( 'NONE', #1173, 1000.000000000000000 ) ;
#1965 = CARTESIAN_POINT ( 'NONE',  ( 156.3266155812825104, -3.797419780792699468E-14, 2.000000000000000000 ) ) ;
#1966 = LINE ( 'NONE', #3580, #3940 ) ;
#1967 = DIRECTION ( 'NONE',  ( 1.000000000000000000, 0.000000000000000000, 0.000000000000000000 ) ) ;
#1968 = AXIS2_PLACEMENT_3D ( 'NONE', #3655, #3424, #3359 ) ;
#1969 = ORIENTED_EDGE ( 'NONE', *, *, #3217, .T. ) ;
#1970 = ADVANCED_FACE ( 'NONE', ( #1358 ), #2589, .T. ) ;
#1971 = AXIS2_PLACEMENT_3D ( 'NONE', #2068, #3010, #2053 ) ;
#1972 = CARTESIAN_POINT ( 'NONE',  ( 157.8766155812825218, -3.797419780792699468E-14, 0.000000000000000000 ) ) ;
#1973 = EDGE_CURVE ( 'NONE', #3304, #2885, #2277, .T. ) ;
#1974 = DIRECTION ( 'NONE',  ( 0.000000000000000000, 1.000000000000000000, -0.000000000000000000 ) ) ;
#1975 = ORIENTED_EDGE ( 'NONE', *, *, #1510, .T. ) ;
#1976 = DIRECTION ( 'NONE',  ( 0.000000000000000000, 0.000000000000000000, 1.000000000000000000 ) ) ;
#1977 = VECTOR ( 'NONE', #3227, 1000.000000000000000 ) ;
#1978 = LINE ( 'NONE', #3500, #1648 ) ;
#1979 = CARTESIAN_POINT ( 'NONE',  ( 0.000000000000000000, -146.0000000000000000, 2.000000000000000000 ) ) ;
#1980 = EDGE_CURVE ( 'NONE', #748, #828, #1417, .T. ) ;
#1981 = EDGE_LOOP ( 'NONE', ( #2602, #2959, #2698, #2523, #3263, #3562, #849, #27, #2197, #3005 ) ) ;
#1982 = AXIS2_PLACEMENT_3D ( 'NONE', #3558, #2350, #1463 ) ;
#1983 = CARTESIAN_POINT ( 'NONE',  ( 0.000000000000000000, 0.000000000000000000, 2.000000000000000000 ) ) ;
#1984 = AXIS2_PLACEMENT_3D ( 'NONE', #978, #1245, #1264 ) ;
#1985 = VERTEX_POINT ( 'NONE', #2093 ) ;
#1986 = CARTESIAN_POINT ( 'NONE',  ( 0.000000000000000000, -130.1000000000000227, 0.000000000000000000 ) ) ;
#1987 = CARTESIAN_POINT ( 'NONE',  ( 145.3293111220269509, 145.3293111220265530, 2.000000000000000000 ) ) ;
#1988 = CARTESIAN_POINT ( 'NONE',  ( 160.0354600292911016, -123.9056477935138503, 2.000000000000000000 ) ) ;
#1989 = ORIENTED_EDGE ( 'NONE', *, *, #3505, .T. ) ;
#1990 = VERTEX_POINT ( 'NONE', #3636 ) ;
#1991 = DIRECTION ( 'NONE',  ( 1.000000000000000000, 0.000000000000000000, 0.000000000000000000 ) ) ;
#1992 = DIRECTION ( 'NONE',  ( -0.5224985647159307023, -0.8526401643541033915, 0.000000000000000000 ) ) ;
#1993 = ADVANCED_FACE ( 'NONE', ( #567 ), #3035, .F. ) ;
#1994 = ADVANCED_FACE ( 'NONE', ( #262 ), #3341, .F. ) ;
#1995 = EDGE_LOOP ( 'NONE', ( #840, #2744, #950, #3547 ) ) ;
#1996 = FACE_OUTER_BOUND ( 'NONE', #3204, .T. ) ;
#1997 = CARTESIAN_POINT ( 'NONE',  ( 60.21849684162407357, -149.8089869080239964, 2.000000000000000000 ) ) ;
#1998 = CARTESIAN_POINT ( 'NONE',  ( 148.5753049208995833, -134.8658029019053686, 0.000000000000000000 ) ) ;
#1999 = EDGE_CURVE ( 'NONE', #3883, #1192, #1490, .T. ) ;
#2000 = ORIENTED_EDGE ( 'NONE', *, *, #1211, .F. ) ;
#2001 = CARTESIAN_POINT ( 'NONE',  ( 48.41652163948018028, 134.3222226658139391, 2.000000000000000000 ) ) ;
#2002 = ORIENTED_EDGE ( 'NONE', *, *, #2025, .T. ) ;
#2003 = DIRECTION ( 'NONE',  ( -0.000000000000000000, -0.000000000000000000, -1.000000000000000000 ) ) ;
#2004 = CARTESIAN_POINT ( 'NONE',  ( 109.2184968416240878, -152.3089869080239964, 2.000000000000000000 ) ) ;
#2005 = CARTESIAN_POINT ( 'NONE',  ( 39.33499999999951768, 139.4323004000001447, 2.000000000000000000 ) ) ;
#2006 = VECTOR ( 'NONE', #2474, 1000.000000000000114 ) ;
#2007 = VERTEX_POINT ( 'NONE', #2958 ) ;
#2008 = ORIENTED_EDGE ( 'NONE', *, *, #728, .F. ) ;
#2009 = DIRECTION ( 'NONE',  ( -0.000000000000000000, -0.000000000000000000, -1.000000000000000000 ) ) ;
#2010 = CARTESIAN_POINT ( 'NONE',  ( 103.2286440353928043, -74.99999999999964473, 2.000000000000000000 ) ) ;
#2011 = ORIENTED_EDGE ( 'NONE', *, *, #871, .T. ) ;
#2012 = DIRECTION ( 'NONE',  ( 0.000000000000000000, 0.000000000000000000, -1.000000000000000000 ) ) ;
#2013 = VECTOR ( 'NONE', #461, 1000.000000000000000 ) ;
#2014 = EDGE_CURVE ( 'NONE', #956, #1235, #2665, .T. ) ;
#2015 = CARTESIAN_POINT ( 'NONE',  ( 1.645961042311706590, 145.0808848487865532, 0.000000000000000000 ) ) ;
#2016 = ORIENTED_EDGE ( 'NONE', *, *, #2317, .T. ) ;
#2017 = DIRECTION ( 'NONE',  ( 0.000000000000000000, 0.000000000000000000, 1.000000000000000000 ) ) ;
#2018 = ORIENTED_EDGE ( 'NONE', *, *, #1737, .F. ) ;
#2019 = DIRECTION ( 'NONE',  ( 0.000000000000000000, -0.000000000000000000, -1.000000000000000000 ) ) ;
#2020 = EDGE_CURVE ( 'NONE', #2023, #1816, #829, .T. ) ;
#2021 = ADVANCED_FACE ( 'NONE', ( #508 ), #543, .F. ) ;
#2022 = CARTESIAN_POINT ( 'NONE',  ( 93.71849684162408778, -152.3089869080239964, 2.000000000000000000 ) ) ;
#2023 = VERTEX_POINT ( 'NONE', #3909 ) ;
#2024 = VECTOR ( 'NONE', #2774, 1000.000000000000000 ) ;
#2025 = EDGE_CURVE ( 'NONE', #2291, #2393, #3346, .T. ) ;
#2026 = LINE ( 'NONE', #3271, #698 ) ;
#2027 = DIRECTION ( 'NONE',  ( 0.000000000000000000, 0.000000000000000000, -1.000000000000000000 ) ) ;
#2028 = DIRECTION ( 'NONE',  ( 1.000000000000000000, 0.000000000000000000, 0.000000000000000000 ) ) ;
#2029 = ADVANCED_FACE ( 'NONE', ( #2344 ), #1169, .F. ) ;
#2030 = AXIS2_PLACEMENT_3D ( 'NONE', #3388, #957, #316 ) ;
#2031 = EDGE_LOOP ( 'NONE', ( #449, #20, #2992, #3540 ) ) ;
#2032 = DIRECTION ( 'NONE',  ( 1.000000000000000000, 0.000000000000000000, 0.000000000000000000 ) ) ;
#2033 = VECTOR ( 'NONE', #2871, 1000.000000000000000 ) ;
#2034 = CYLINDRICAL_SURFACE ( 'NONE', #3274, 2.999999999999870770 ) ;
#2035 = ORIENTED_EDGE ( 'NONE', *, *, #790, .T. ) ;
#2036 = AXIS2_PLACEMENT_3D ( 'NONE', #2010, #3610, #537 ) ;
#2037 = LINE ( 'NONE', #564, #3523 ) ;
#2038 = VECTOR ( 'NONE', #2980, 1000.000000000000000 ) ;
#2039 = CARTESIAN_POINT ( 'NONE',  ( 17.45000000000052154, -156.6000000000001933, 0.000000000000000000 ) ) ;
#2040 = ORIENTED_EDGE ( 'NONE', *, *, #1650, .F. ) ;
#2041 = AXIS2_PLACEMENT_3D ( 'NONE', #142, #660, #1678 ) ;
#2042 = DIRECTION ( 'NONE',  ( 0.000000000000000000, -1.000000000000000000, 0.000000000000000000 ) ) ;
#2043 = CARTESIAN_POINT ( 'NONE',  ( 60.71849684162407357, -149.8089869080239964, 2.000000000000000000 ) ) ;
#2044 = EDGE_LOOP ( 'NONE', ( #3753, #3671, #67, #1229 ) ) ;
#2045 = CIRCLE ( 'NONE', #314, 0.5000000000000004441 ) ;
#2046 = ADVANCED_FACE ( 'NONE', ( #2115 ), #1720, .T. ) ;
#2047 = EDGE_CURVE ( 'NONE', #255, #2054, #3869, .T. ) ;
#2048 = CARTESIAN_POINT ( 'NONE',  ( 16.15000000000046754, -133.5000000000000000, 0.000000000000000000 ) ) ;
#2049 = DIRECTION ( 'NONE',  ( 0.000000000000000000, 0.000000000000000000, 1.000000000000000000 ) ) ;
#2050 = LINE ( 'NONE', #1988, #1276 ) ;
#2051 = VERTEX_POINT ( 'NONE', #3888 ) ;
#2052 = CARTESIAN_POINT ( 'NONE',  ( 33.36132668616287589, 144.5757570142349948, 2.000000000000000000 ) ) ;
#2053 = DIRECTION ( 'NONE',  ( 1.000000000000000000, 0.000000000000000000, 0.000000000000000000 ) ) ;
#2054 = VERTEX_POINT ( 'NONE', #1128 ) ;
#2055 = ORIENTED_EDGE ( 'NONE', *, *, #3266, .T. ) ;
#2056 = DIRECTION ( 'NONE',  ( -0.7071067811865474617, 0.7071067811865474617, -0.000000000000000000 ) ) ;
#2057 = VERTEX_POINT ( 'NONE', #808 ) ;
#2058 = DIRECTION ( 'NONE',  ( 1.000000000000000000, 0.000000000000000000, 0.000000000000000000 ) ) ;
#2059 = VERTEX_POINT ( 'NONE', #2039 ) ;
#2060 = CARTESIAN_POINT ( 'NONE',  ( 17.45000000000051799, -154.5000000000001705, 2.000000000000000000 ) ) ;
#2061 = DIRECTION ( 'NONE',  ( -0.000000000000000000, -0.000000000000000000, -1.000000000000000000 ) ) ;
#2062 = DIRECTION ( 'NONE',  ( -0.000000000000000000, -0.000000000000000000, -1.000000000000000000 ) ) ;
#2063 = DIRECTION ( 'NONE',  ( -1.000000000000000000, 0.000000000000000000, 0.000000000000000000 ) ) ;
#2064 = ADVANCED_FACE ( 'NONE', ( #1759 ), #2363, .T. ) ;
#2065 = CARTESIAN_POINT ( 'NONE',  ( 150.4895184832726613, -136.2800164642784466, 2.000000000000000000 ) ) ;
#2066 = ORIENTED_EDGE ( 'NONE', *, *, #1604, .F. ) ;
#2067 = CYLINDRICAL_SURFACE ( 'NONE', #328, 0.5000000000000004441 ) ;
#2068 = CARTESIAN_POINT ( 'NONE',  ( 17.45000000000051799, -154.5000000000001705, 2.000000000000000000 ) ) ;
#2069 = EDGE_LOOP ( 'NONE', ( #3722, #607, #1798, #3246 ) ) ;
#2070 = ORIENTED_EDGE ( 'NONE', *, *, #3732, .F. ) ;
#2071 = LINE ( 'NONE', #827, #2094 ) ;
#2072 = EDGE_CURVE ( 'NONE', #838, #1760, #525, .T. ) ;
#2073 = CARTESIAN_POINT ( 'NONE',  ( 48.41652163948018028, 0.000000000000000000, 2.000000000000000000 ) ) ;
#2074 = ORIENTED_EDGE ( 'NONE', *, *, #3144, .T. ) ;
#2075 = ORIENTED_EDGE ( 'NONE', *, *, #1382, .T. ) ;
#2076 = DIRECTION ( 'NONE',  ( 0.000000000000000000, 1.000000000000000000, 0.000000000000000000 ) ) ;
#2077 = DIRECTION ( 'NONE',  ( 1.000000000000000000, -3.700743415417347923E-14, 0.000000000000000000 ) ) ;
#2078 = CARTESIAN_POINT ( 'NONE',  ( 108.7184968416240878, -149.8089869080239964, 2.000000000000000000 ) ) ;
#2079 = FACE_OUTER_BOUND ( 'NONE', #2069, .T. ) ;
#2080 = CYLINDRICAL_SURFACE ( 'NONE', #1206, 0.5000000000000004441 ) ;
#2081 = VERTEX_POINT ( 'NONE', #1455 ) ;
#2082 = ORIENTED_EDGE ( 'NONE', *, *, #2099, .F. ) ;
#2083 = DIRECTION ( 'NONE',  ( -0.000000000000000000, -0.000000000000000000, -1.000000000000000000 ) ) ;
#2084 = VERTEX_POINT ( 'NONE', #2684 ) ;
#2085 = DIRECTION ( 'NONE',  ( 0.000000000000000000, -0.000000000000000000, -1.000000000000000000 ) ) ;
#2086 = AXIS2_PLACEMENT_3D ( 'NONE', #2407, #3894, #1134 ) ;
#2087 = VERTEX_POINT ( 'NONE', #1475 ) ;
#2088 = EDGE_CURVE ( 'NONE', #2401, #2525, #1151, .T. ) ;
#2089 = EDGE_CURVE ( 'NONE', #1816, #1710, #1877, .T. ) ;
#2090 = VECTOR ( 'NONE', #2587, 1000.000000000000000 ) ;
#2091 = LINE ( 'NONE', #2627, #1129 ) ;
#2092 = ORIENTED_EDGE ( 'NONE', *, *, #1554, .F. ) ;
#2093 = CARTESIAN_POINT ( 'NONE',  ( 163.1266155812824934, -38.29447582869627098, 2.000000000000000000 ) ) ;
#2094 = VECTOR ( 'NONE', #3319, 1000.000000000000000 ) ;
#2095 = VERTEX_POINT ( 'NONE', #3444 ) ;
#2096 = EDGE_LOOP ( 'NONE', ( #1238, #2807, #2180, #139 ) ) ;
#2097 = CARTESIAN_POINT ( 'NONE',  ( 93.21849684162408778, -149.8089869080239964, 2.000000000000000000 ) ) ;
#2098 = CARTESIAN_POINT ( 'NONE',  ( 174.8807527461468965, 103.3655213315809078, 0.000000000000000000 ) ) ;
#2099 = EDGE_CURVE ( 'NONE', #2059, #2740, #3117, .T. ) ;
#2100 = AXIS2_PLACEMENT_3D ( 'NONE', #3172, #2821, #401 ) ;
#2101 = LINE ( 'NONE', #209, #822 ) ;
#2102 = CARTESIAN_POINT ( 'NONE',  ( 75.71849684162407357, -152.3089869080239964, 2.000000000000000000 ) ) ;
#2103 = CIRCLE ( 'NONE', #2430, 1.549999999999995826 ) ;
#2104 = DIRECTION ( 'NONE',  ( -1.000000000000000000, 0.000000000000000000, 0.000000000000000000 ) ) ;
#2105 = EDGE_LOOP ( 'NONE', ( #2725, #2460 ) ) ;
#2106 = ORIENTED_EDGE ( 'NONE', *, *, #2367, .F. ) ;
#2107 = VECTOR ( 'NONE', #1236, 1000.000000000000000 ) ;
#2108 = DIRECTION ( 'NONE',  ( -1.000000000000000000, 0.000000000000000000, 0.000000000000000000 ) ) ;
#2109 = ORIENTED_EDGE ( 'NONE', *, *, #3311, .F. ) ;
#2110 = CARTESIAN_POINT ( 'NONE',  ( -0.000000000000000000, 154.5736572563684490, 0.000000000000000000 ) ) ;
#2111 = ORIENTED_EDGE ( 'NONE', *, *, #2647, .F. ) ;
#2112 = ORIENTED_EDGE ( 'NONE', *, *, #3018, .T. ) ;
#2113 = DIRECTION ( 'NONE',  ( 1.000000000000000000, 0.000000000000000000, 0.000000000000000000 ) ) ;
#2114 = ORIENTED_EDGE ( 'NONE', *, *, #2467, .F. ) ;
#2116 = ADVANCED_FACE ( 'NONE', ( #3720 ), #1279, .F. ) ;
#2115 = FACE_OUTER_BOUND ( 'NONE', #2902, .T. ) ;
#2117 = EDGE_LOOP ( 'NONE', ( #78, #2248, #2911, #1711 ) ) ;
#2118 = ORIENTED_EDGE ( 'NONE', *, *, #2639, .F. ) ;
#2119 = LINE ( 'NONE', #3407, #2928 ) ;
#2120 = CARTESIAN_POINT ( 'NONE',  ( 93.21849684162408778, -152.3089869080239964, 0.000000000000000000 ) ) ;
#2121 = EDGE_CURVE ( 'NONE', #264, #2084, #2175, .T. ) ;
#2122 = FACE_OUTER_BOUND ( 'NONE', #3590, .T. ) ;
#2123 = DIRECTION ( 'NONE',  ( 0.000000000000000000, 0.000000000000000000, 1.000000000000000000 ) ) ;
#2124 = CARTESIAN_POINT ( 'NONE',  ( 151.1966252644592430, -136.2800164642784466, 0.000000000000000000 ) ) ;
#2125 = LINE ( 'NONE', #1846, #1915 ) ;
#2126 = ORIENTED_EDGE ( 'NONE', *, *, #1382, .F. ) ;
#2127 = ORIENTED_EDGE ( 'NONE', *, *, #593, .F. ) ;
#2128 = DIRECTION ( 'NONE',  ( -0.000000000000000000, -0.000000000000000000, -1.000000000000000000 ) ) ;
#2129 = DIRECTION ( 'NONE',  ( -1.000000000000000000, -0.000000000000000000, -0.000000000000000000 ) ) ;
#2130 = ORIENTED_EDGE ( 'NONE', *, *, #1501, .T. ) ;
#2131 = DIRECTION ( 'NONE',  ( 0.000000000000000000, 0.000000000000000000, -1.000000000000000000 ) ) ;
#2132 = VERTEX_POINT ( 'NONE', #1859 ) ;
#2133 = CARTESIAN_POINT ( 'NONE',  ( 93.71849684162408778, -152.3089869080239964, 2.000000000000000000 ) ) ;
#2134 = ORIENTED_EDGE ( 'NONE', *, *, #2440, .T. ) ;
#2135 = CARTESIAN_POINT ( 'NONE',  ( -38.46199436037706931, 43.81700950317768672, 2.000000000000000000 ) ) ;
#2136 = ADVANCED_FACE ( 'NONE', ( #3403 ), #3382, .F. ) ;
#2137 = CYLINDRICAL_SURFACE ( 'NONE', #736, 0.5000000000000004441 ) ;
#2138 = LINE ( 'NONE', #3107, #1583 ) ;
#2139 = CARTESIAN_POINT ( 'NONE',  ( 149.0753049208995833, -134.8658029019053686, 2.000000000000000000 ) ) ;
#2140 = EDGE_CURVE ( 'NONE', #3076, #3142, #1256, .T. ) ;
#2141 = ADVANCED_FACE ( 'NONE', ( #610 ), #1836, .T. ) ;
#2142 = DIRECTION ( 'NONE',  ( 1.000000000000000000, 0.000000000000000000, 0.000000000000000000 ) ) ;
#2143 = CIRCLE ( 'NONE', #2661, 2.749999999941639572 ) ;
#2144 = PLANE ( 'NONE',  #2333 ) ;
#2145 = CIRCLE ( 'NONE', #278, 0.5000000000000004441 ) ;
#2146 = DIRECTION ( 'NONE',  ( 1.000000000000000000, 0.000000000000000000, 0.000000000000000000 ) ) ;
#2147 = ADVANCED_FACE ( 'NONE', ( #912 ), #669, .T. ) ;
#2148 = ORIENTED_EDGE ( 'NONE', *, *, #1435, .T. ) ;
#2149 = ORIENTED_EDGE ( 'NONE', *, *, #2952, .T. ) ;
#2150 = DIRECTION ( 'NONE',  ( 1.000000000000000000, 0.000000000000000000, 0.000000000000000000 ) ) ;
#2151 = ORIENTED_EDGE ( 'NONE', *, *, #3468, .T. ) ;
#2152 = CARTESIAN_POINT ( 'NONE',  ( 149.4288583114928599, -134.5122495113120635, 0.000000000000000000 ) ) ;
#2153 = EDGE_CURVE ( 'NONE', #2874, #2159, #2804, .T. ) ;
#2154 = ORIENTED_EDGE ( 'NONE', *, *, #1684, .T. ) ;
#2155 = CARTESIAN_POINT ( 'NONE',  ( 16.10000000000053078, 0.000000000000000000, 2.000000000000000000 ) ) ;
#2156 = DIRECTION ( 'NONE',  ( -1.000000000000000000, 0.000000000000000000, 0.000000000000000000 ) ) ;
#2157 = ORIENTED_EDGE ( 'NONE', *, *, #2811, .T. ) ;
#2158 = AXIS2_PLACEMENT_3D ( 'NONE', #1864, #640, #288 ) ;
#2159 = VERTEX_POINT ( 'NONE', #1818 ) ;
#2160 = DIRECTION ( 'NONE',  ( 0.000000000000000000, 0.000000000000000000, 1.000000000000000000 ) ) ;
#2161 = DIRECTION ( 'NONE',  ( -0.000000000000000000, 0.000000000000000000, 1.000000000000000000 ) ) ;
#2162 = AXIS2_PLACEMENT_3D ( 'NONE', #3553, #1434, #2681 ) ;
#2163 = LINE ( 'NONE', #3410, #872 ) ;
#2164 = AXIS2_PLACEMENT_3D ( 'NONE', #3565, #3316, #2379 ) ;
#2165 = FACE_OUTER_BOUND ( 'NONE', #1124, .T. ) ;
#2166 = FACE_OUTER_BOUND ( 'NONE', #764, .T. ) ;
#2167 = DIRECTION ( 'NONE',  ( 0.000000000000000000, 0.000000000000000000, -1.000000000000000000 ) ) ;
#2168 = EDGE_CURVE ( 'NONE', #2087, #710, #2506, .T. ) ;
#2169 = AXIS2_PLACEMENT_3D ( 'NONE', #3604, #1748, #212 ) ;
#2170 = EDGE_CURVE ( 'NONE', #691, #1985, #761, .T. ) ;
#2171 = EDGE_LOOP ( 'NONE', ( #3073, #611, #989, #3215 ) ) ;
#2172 = ORIENTED_EDGE ( 'NONE', *, *, #3513, .T. ) ;
#2173 = DIRECTION ( 'NONE',  ( -0.7071067811865486830, -0.7071067811865464625, 0.000000000000000000 ) ) ;
#2174 = FACE_BOUND ( 'NONE', #263, .T. ) ;
#2175 = CIRCLE ( 'NONE', #2956, 0.5000000000000004441 ) ;
#2176 = ORIENTED_EDGE ( 'NONE', *, *, #2089, .T. ) ;
#2177 = CARTESIAN_POINT ( 'NONE',  ( 125.0816158513925132, -151.0589869080239964, 2.000000000000000000 ) ) ;
#2178 = CARTESIAN_POINT ( 'NONE',  ( -24.47799001356032278, -129.5341557186155228, 2.000000000000000000 ) ) ;
#2179 = VERTEX_POINT ( 'NONE', #3141 ) ;
#2180 = ORIENTED_EDGE ( 'NONE', *, *, #2440, .F. ) ;
#2181 = DIRECTION ( 'NONE',  ( 1.000000000000000000, 0.000000000000000000, 0.000000000000000000 ) ) ;
#2182 = VECTOR ( 'NONE', #299, 1000.000000000000000 ) ;
#2183 = DIRECTION ( 'NONE',  ( -1.000000000000000000, 0.000000000000000000, 0.000000000000000000 ) ) ;
#2184 = CARTESIAN_POINT ( 'NONE',  ( 0.000000000000000000, -133.4999999999684235, 2.000000000000000000 ) ) ;
#2185 = DIRECTION ( 'NONE',  ( -0.000000000000000000, -0.000000000000000000, -1.000000000000000000 ) ) ;
#2186 = CYLINDRICAL_SURFACE ( 'NONE', #2626, 0.5000000000000004441 ) ;
#2187 = ORIENTED_EDGE ( 'NONE', *, *, #17, .T. ) ;
#2188 = DIRECTION ( 'NONE',  ( 6.167905692361974645E-15, 1.000000000000000000, -0.000000000000000000 ) ) ;
#2189 = EDGE_CURVE ( 'NONE', #1324, #415, #3092, .T. ) ;
#2190 = DIRECTION ( 'NONE',  ( 0.000000000000000000, 0.000000000000000000, -1.000000000000000000 ) ) ;
#2191 = VECTOR ( 'NONE', #536, 1000.000000000000114 ) ;
#2192 = ORIENTED_EDGE ( 'NONE', *, *, #1856, .F. ) ;
#2193 = CARTESIAN_POINT ( 'NONE',  ( 101.5319607530559125, -62.21886557086352099, 2.000000000000000000 ) ) ;
#2194 = DIRECTION ( 'NONE',  ( 1.000000000000000000, 0.000000000000000000, 0.000000000000000000 ) ) ;
#2195 = EDGE_CURVE ( 'NONE', #1453, #1204, #383, .T. ) ;
#2196 = ORIENTED_EDGE ( 'NONE', *, *, #3487, .T. ) ;
#2197 = ORIENTED_EDGE ( 'NONE', *, *, #1677, .F. ) ;
#2198 = DIRECTION ( 'NONE',  ( 1.000000000000000000, 0.000000000000000000, 0.000000000000000000 ) ) ;
#2199 = FACE_OUTER_BOUND ( 'NONE', #3674, .T. ) ;
#2200 = AXIS2_PLACEMENT_3D ( 'NONE', #1983, #3229, #456 ) ;
#2201 = DIRECTION ( 'NONE',  ( 0.000000000000000000, 1.000000000000000000, 0.000000000000000000 ) ) ;
#2202 = DIRECTION ( 'NONE',  ( -0.000000000000000000, -0.000000000000000000, 1.000000000000000000 ) ) ;
#2203 = ORIENTED_EDGE ( 'NONE', *, *, #540, .T. ) ;
#2204 = VERTEX_POINT ( 'NONE', #3758 ) ;
#2205 = VECTOR ( 'NONE', #1669, 1000.000000000000114 ) ;
#2206 = AXIS2_PLACEMENT_3D ( 'NONE', #3174, #2863, #1493 ) ;
#2207 = CARTESIAN_POINT ( 'NONE',  ( 146.9203013797080359, -146.9203013797085191, 2.000000000000000000 ) ) ;
#2208 = CARTESIAN_POINT ( 'NONE',  ( 76.21849684162407357, -152.3089869080239964, 0.000000000000000000 ) ) ;
#2209 = ORIENTED_EDGE ( 'NONE', *, *, #1601, .T. ) ;
#2210 = SURFACE_STYLE_USAGE ( .BOTH. , #986 ) ;
#2211 = AXIS2_PLACEMENT_3D ( 'NONE', #1515, #914, #1337 ) ;
#2212 = DIRECTION ( 'NONE',  ( 0.7071067811864863994, 0.7071067811866087460, -0.000000000000000000 ) ) ;
#2213 = ADVANCED_FACE ( 'NONE', ( #284 ), #1512, .T. ) ;
#2214 = EDGE_CURVE ( 'NONE', #1204, #2921, #3679, .T. ) ;
#2215 = ORIENTED_EDGE ( 'NONE', *, *, #3226, .T. ) ;
#2216 = CARTESIAN_POINT ( 'NONE',  ( 136.0849649876850833, 154.5736572563684490, 0.000000000000000000 ) ) ;
#2217 = LINE ( 'NONE', #3161, #810 ) ;
#2218 = CIRCLE ( 'NONE', #3520, 1.549999999999995826 ) ;
#2219 = ORIENTED_EDGE ( 'NONE', *, *, #1310, .F. ) ;
#2220 = CARTESIAN_POINT ( 'NONE',  ( 176.4307527461468794, 103.3655213315809078, 2.000000000000000000 ) ) ;
#2221 = EDGE_CURVE ( 'NONE', #2666, #2057, #2631, .T. ) ;
#2222 = AXIS2_PLACEMENT_3D ( 'NONE', #1857, #1234, #25 ) ;
#2223 = CARTESIAN_POINT ( 'NONE',  ( 16.10000000000053078, 0.000000000000000000, 0.000000000000000000 ) ) ;
#2224 = VECTOR ( 'NONE', #1414, 1000.000000000000000 ) ;
#2225 = VERTEX_POINT ( 'NONE', #1614 ) ;
#2226 = DIRECTION ( 'NONE',  ( -1.000000000000000000, 0.000000000000000000, 0.000000000000000000 ) ) ;
#2227 = CARTESIAN_POINT ( 'NONE',  ( 93.71849684162408778, -149.8089869080239964, 0.000000000000000000 ) ) ;
#2228 = CIRCLE ( 'NONE', #495, 0.5000000000000004441 ) ;
#2229 = DIRECTION ( 'NONE',  ( 1.000000000000000000, 0.000000000000000000, 0.000000000000000000 ) ) ;
#2230 = VERTEX_POINT ( 'NONE', #1918 ) ;
#2231 = VECTOR ( 'NONE', #753, 1000.000000000000000 ) ;
#2232 = ORIENTED_EDGE ( 'NONE', *, *, #2823, .T. ) ;
#2233 = LINE ( 'NONE', #708, #3386 ) ;
#2234 = CARTESIAN_POINT ( 'NONE',  ( 76.21849684162407357, -150.3089869080239964, 2.000000000000000000 ) ) ;
#2235 = AXIS2_PLACEMENT_3D ( 'NONE', #1594, #1297, #2524 ) ;
#2236 = ORIENTED_EDGE ( 'NONE', *, *, #294, .F. ) ;
#2237 = ADVANCED_FACE ( 'NONE', ( #689 ), #2544, .F. ) ;
#2238 = PLANE ( 'NONE',  #2548 ) ;
#2239 = EDGE_CURVE ( 'NONE', #2874, #3957, #3158, .T. ) ;
#2240 = CARTESIAN_POINT ( 'NONE',  ( 159.5354600292911016, -123.9056477935138645, 2.000000000000000000 ) ) ;
#2241 = EDGE_LOOP ( 'NONE', ( #110, #3377, #143, #3524 ) ) ;
#2242 = DIRECTION ( 'NONE',  ( 0.000000000000000000, 0.000000000000000000, -1.000000000000000000 ) ) ;
#2243 = ADVANCED_FACE ( 'NONE', ( #3774 ), #3460, .F. ) ;
#2244 = ORIENTED_EDGE ( 'NONE', *, *, #842, .F. ) ;
#2245 = DIRECTION ( 'NONE',  ( 0.000000000000000000, 0.000000000000000000, -1.000000000000000000 ) ) ;
#2246 = DIRECTION ( 'NONE',  ( -1.000000000000000000, 0.000000000000000000, 0.000000000000000000 ) ) ;
#2247 = DIRECTION ( 'NONE',  ( -0.000000000000000000, 0.000000000000000000, 1.000000000000000000 ) ) ;
#2248 = ORIENTED_EDGE ( 'NONE', *, *, #2412, .T. ) ;
#2249 = ORIENTED_EDGE ( 'NONE', *, *, #724, .T. ) ;
#2250 = DIRECTION ( 'NONE',  ( 0.000000000000000000, 0.000000000000000000, -1.000000000000000000 ) ) ;
#2251 = PRESENTATION_STYLE_ASSIGNMENT (( #2210 ) ) ;
#2252 = VERTEX_POINT ( 'NONE', #3507 ) ;
#2253 = ORIENTED_EDGE ( 'NONE', *, *, #3419, .F. ) ;
#2254 = CARTESIAN_POINT ( 'NONE',  ( 16.10000000000053078, -154.5000000000001705, 2.000000000000000000 ) ) ;
#2255 = CARTESIAN_POINT ( 'NONE',  ( 24.50112609146677656, 0.000000000000000000, 2.000000000000000000 ) ) ;
#2256 = LINE ( 'NONE', #39, #3785 ) ;
#2257 = ORIENTED_EDGE ( 'NONE', *, *, #1774, .T. ) ;
#2258 = CARTESIAN_POINT ( 'NONE',  ( 70.37790612339729535, -70.32108514022340273, 2.000000000000000000 ) ) ;
#2259 = ADVANCED_FACE ( 'NONE', ( #2263 ), #97, .T. ) ;
#2260 = CIRCLE ( 'NONE', #853, 5.311761425294665884 ) ;
#2261 = ADVANCED_FACE ( 'NONE', ( #704 ), #1363, .F. ) ;
#2262 = ORIENTED_EDGE ( 'NONE', *, *, #3867, .T. ) ;
#2263 = FACE_OUTER_BOUND ( 'NONE', #2464, .T. ) ;
#2264 = DIRECTION ( 'NONE',  ( -0.000000000000000000, -0.000000000000000000, -1.000000000000000000 ) ) ;
#2265 = DIRECTION ( 'NONE',  ( -1.000000000000000000, 0.000000000000000000, 0.000000000000000000 ) ) ;
#2266 = ORIENTED_EDGE ( 'NONE', *, *, #2088, .T. ) ;
#2267 = ORIENTED_EDGE ( 'NONE', *, *, #939, .T. ) ;
#2268 = CARTESIAN_POINT ( 'NONE',  ( 123.5316158513925302, -151.0589869080239964, 0.000000000000000000 ) ) ;
#2269 = EDGE_CURVE ( 'NONE', #3396, #3812, #3788, .T. ) ;
#2270 = VECTOR ( 'NONE', #2857, 1000.000000000000000 ) ;
#2271 = DIRECTION ( 'NONE',  ( 1.000000000000000000, 0.000000000000000000, 0.000000000000000000 ) ) ;
#2272 = AXIS2_PLACEMENT_3D ( 'NONE', #2622, #504, #1991 ) ;
#2273 = ORIENTED_EDGE ( 'NONE', *, *, #326, .F. ) ;
#2274 = DIRECTION ( 'NONE',  ( -1.000000000000000000, 0.000000000000000000, 0.000000000000000000 ) ) ;
#2275 = CARTESIAN_POINT ( 'NONE',  ( 132.8321558125818456, 146.7206812300225067, 0.000000000000000000 ) ) ;
#2276 = ORIENTED_EDGE ( 'NONE', *, *, #3192, .T. ) ;
#2277 = LINE ( 'NONE', #1979, #1977 ) ;
#2278 = VERTEX_POINT ( 'NONE', #460 ) ;
#2279 = CLOSED_SHELL ( 'NONE', ( #1060, #1994, #219, #1851, #2364, #3942, #144, #422, #3041, #2787, #448, #128, #2488, #2287, #2526, #1289, #968, #1441, #900, #3653, #3292, #2021, #3843, #589, #1861, #2517, #184, #3936, #1035, #9, #267, #473, #2046, #2751, #379, #2064, #254, #1656, #2864, #431, #2641, #3015, #2213, #2689, #1307, #1262, #420, #2141, #2491, #3420, #2659, #2595, #300, #3475, #2136, #3390, #1237, #496, #2872, #3441, #132, #3214, #2392, #1161, #1970, #3530, #3427, #1187, #3488, #1599, #604, #169, #33, #1993, #892, #769, #1525, #1015, #1732, #2237, #1427, #3862, #539, #3754, #3819, #2591, #2147, #3575, #3664, #2259, #102, #351, #3245, #2243, #2965, #2029, #837, #3539, #3024, #2116, #195, #3293, #3168, #3372, #306, #3623, #3733, #1943, #2261, #2987, #677, #2858, #2469, #81, #3466 ) ) ;
#2280 = PLANE ( 'NONE',  #2200 ) ;
#2281 = FILL_AREA_STYLE ('',( #167 ) ) ;
#2282 = ORIENTED_EDGE ( 'NONE', *, *, #4, .T. ) ;
#2283 = ORIENTED_EDGE ( 'NONE', *, *, #3755, .F. ) ;
#2284 = AXIS2_PLACEMENT_3D ( 'NONE', #1880, #3124, #355 ) ;
#2285 = LINE ( 'NONE', #3525, #638 ) ;
#2286 = CARTESIAN_POINT ( 'NONE',  ( 159.5354600292911016, -123.9056477935138645, 2.000000000000000000 ) ) ;
#2287 = ADVANCED_FACE ( 'NONE', ( #1685 ), #3170, .F. ) ;
#2288 = EDGE_CURVE ( 'NONE', #3616, #2827, #1023, .T. ) ;
#2289 = CARTESIAN_POINT ( 'NONE',  ( 109.2184968416240878, -149.8089869080239964, 2.000000000000000000 ) ) ;
#2290 = AXIS2_PLACEMENT_3D ( 'NONE', #2461, #584, #632 ) ;
#2291 = VERTEX_POINT ( 'NONE', #1965 ) ;
#2292 = CIRCLE ( 'NONE', #301, 0.5000000000000004441 ) ;
#2293 = LINE ( 'NONE', #3863, #1955 ) ;
#2294 = EDGE_CURVE ( 'NONE', #911, #2525, #1384, .T. ) ;
#2295 = CARTESIAN_POINT ( 'NONE',  ( 152.6266155812824650, 21.16003311384352514, 2.000000000000000000 ) ) ;
#2296 = VECTOR ( 'NONE', #1708, 1000.000000000000000 ) ;
#2297 = ORIENTED_EDGE ( 'NONE', *, *, #3629, .T. ) ;
#2298 = CARTESIAN_POINT ( 'NONE',  ( 89.94704292807888635, 144.0790978736834518, 2.000000000000000000 ) ) ;
#2299 = AXIS2_PLACEMENT_3D ( 'NONE', #2456, #3416, #644 ) ;
#2300 = CARTESIAN_POINT ( 'NONE',  ( 150.8430718738659380, -136.6335698548717517, 2.000000000000000000 ) ) ;
#2301 = ORIENTED_EDGE ( 'NONE', *, *, #1433, .F. ) ;
#2302 = DIRECTION ( 'NONE',  ( 1.000000000000000000, 0.000000000000000000, 0.000000000000000000 ) ) ;
#2303 = VERTEX_POINT ( 'NONE', #1326 ) ;
#2304 = AXIS2_PLACEMENT_3D ( 'NONE', #2178, #3425, #651 ) ;
#2305 = FACE_OUTER_BOUND ( 'NONE', #1769, .T. ) ;
#2306 = ORIENTED_EDGE ( 'NONE', *, *, #652, .T. ) ;
#2307 = EDGE_LOOP ( 'NONE', ( #2376, #735, #556, #330 ) ) ;
#2308 = DIRECTION ( 'NONE',  ( 0.000000000000000000, 0.000000000000000000, 1.000000000000000000 ) ) ;
#2309 = DIRECTION ( 'NONE',  ( -0.000000000000000000, 0.000000000000000000, 1.000000000000000000 ) ) ;
#2310 = DIRECTION ( 'NONE',  ( 0.000000000000000000, 0.000000000000000000, 1.000000000000000000 ) ) ;
#2311 = EDGE_LOOP ( 'NONE', ( #1671, #2276 ) ) ;
#2312 = EDGE_CURVE ( 'NONE', #1179, #2507, #2903, .T. ) ;
#2313 = ORIENTED_EDGE ( 'NONE', *, *, #3103, .F. ) ;
#2314 = CARTESIAN_POINT ( 'NONE',  ( -24.47799001356032278, -129.5341557186155228, 2.000000000000000000 ) ) ;
#2315 = CARTESIAN_POINT ( 'NONE',  ( 0.000000000000000000, -150.5000000000000000, 0.000000000000000000 ) ) ;
#2316 = VERTEX_POINT ( 'NONE', #779 ) ;
#2317 = EDGE_CURVE ( 'NONE', #2740, #1431, #2922, .T. ) ;
#2318 = EDGE_CURVE ( 'NONE', #633, #1938, #2855, .T. ) ;
#2319 = CARTESIAN_POINT ( 'NONE',  ( 47.20443786290442034, 151.5736572563685627, 2.000000000000000000 ) ) ;
#2320 = CARTESIAN_POINT ( 'NONE',  ( 182.9786440354098147, -110.8619587240068967, 2.000000000000000000 ) ) ;
#2321 = VERTEX_POINT ( 'NONE', #3492 ) ;
#2322 = DIRECTION ( 'NONE',  ( 1.000000000000000000, 0.000000000000000000, 0.000000000000000000 ) ) ;
#2323 = EDGE_CURVE ( 'NONE', #911, #2822, #2045, .T. ) ;
#2324 = CIRCLE ( 'NONE', #2840, 1.549999999999995826 ) ;
#2325 = ORIENTED_EDGE ( 'NONE', *, *, #836, .T. ) ;
#2326 = UNCERTAINTY_MEASURE_WITH_UNIT (LENGTH_MEASURE( 1.000000000000000082E-05 ), #1020, 'distance_accuracy_value', 'NONE');
#2327 = CARTESIAN_POINT ( 'NONE',  ( 24.00112609146677656, -130.1000000000000227, 2.000000000000000000 ) ) ;
#2328 = EDGE_CURVE ( 'NONE', #1683, #83, #2285, .T. ) ;
#2329 = ORIENTED_EDGE ( 'NONE', *, *, #1903, .T. ) ;
#2330 = CARTESIAN_POINT ( 'NONE',  ( 75.71849684162407357, -152.3089869080239964, 0.000000000000000000 ) ) ;
#2331 = DIRECTION ( 'NONE',  ( -0.5224985647159373636, 0.8526401643540993947, 0.000000000000000000 ) ) ;
#2332 = CARTESIAN_POINT ( 'NONE',  ( -91.29112986441512589, 124.2094743826759071, 2.000000000000000000 ) ) ;
#2333 = AXIS2_PLACEMENT_3D ( 'NONE', #3432, #3090, #320 ) ;
#2334 = VERTEX_POINT ( 'NONE', #760 ) ;
#2335 = VECTOR ( 'NONE', #3149, 1000.000000000000000 ) ;
#2336 = CARTESIAN_POINT ( 'NONE',  ( 94.21849684162408778, -152.3089869080239964, 0.000000000000000000 ) ) ;
#2337 = CARTESIAN_POINT ( 'NONE',  ( 152.6266155812826355, -9.732869643666657821E-13, 2.000000000000000000 ) ) ;
#2338 = ORIENTED_EDGE ( 'NONE', *, *, #1925, .F. ) ;
#2339 = AXIS2_PLACEMENT_3D ( 'NONE', #2964, #2049, #834 ) ;
#2340 = AXIS2_PLACEMENT_3D ( 'NONE', #3106, #1631, #2542 ) ;
#2341 = CARTESIAN_POINT ( 'NONE',  ( 48.41652163948018028, 134.3222226658139391, 0.000000000000000000 ) ) ;
#2342 = ORIENTED_EDGE ( 'NONE', *, *, #2420, .F. ) ;
#2343 = EDGE_CURVE ( 'NONE', #625, #490, #2761, .T. ) ;
#2345 = EDGE_CURVE ( 'NONE', #490, #2159, #2635, .T. ) ;
#2344 = FACE_OUTER_BOUND ( 'NONE', #3190, .T. ) ;
#2346 = ORIENTED_EDGE ( 'NONE', *, *, #3716, .F. ) ;
#2347 = CARTESIAN_POINT ( 'NONE',  ( 61.21849684162407357, -149.8089869080239964, 0.000000000000000000 ) ) ;
#2348 = CYLINDRICAL_SURFACE ( 'NONE', #3138, 0.5000000000000004441 ) ;
#2349 = EDGE_LOOP ( 'NONE', ( #1153, #1447, #786, #2365 ) ) ;
#2350 = DIRECTION ( 'NONE',  ( 1.000000000000000000, 0.000000000000000000, -0.000000000000000000 ) ) ;
#2351 = AXIS2_PLACEMENT_3D ( 'NONE', #1617, #88, #1318 ) ;
#2352 = DIRECTION ( 'NONE',  ( 1.000000000000000000, 0.000000000000000000, 0.000000000000000000 ) ) ;
#2353 = DIRECTION ( 'NONE',  ( 0.000000000000000000, -0.000000000000000000, -1.000000000000000000 ) ) ;
#2354 = ORIENTED_EDGE ( 'NONE', *, *, #3889, .F. ) ;
#2355 = LINE ( 'NONE', #3587, #1290 ) ;
#2356 = VECTOR ( 'NONE', #1107, 1000.000000000000000 ) ;
#2357 = CARTESIAN_POINT ( 'NONE',  ( 48.41652163948018028, 134.3222226658139391, 2.000000000000000000 ) ) ;
#2358 = EDGE_LOOP ( 'NONE', ( #3571, #1359, #2736, #1834 ) ) ;
#2359 = VECTOR ( 'NONE', #1368, 1000.000000000000114 ) ;
#2360 = DIRECTION ( 'NONE',  ( 0.000000000000000000, -0.000000000000000000, -1.000000000000000000 ) ) ;
#2361 = EDGE_LOOP ( 'NONE', ( #3004, #946, #3543, #2605 ) ) ;
#2362 = VECTOR ( 'NONE', #3963, 1000.000000000000114 ) ;
#2363 = PLANE ( 'NONE',  #1593 ) ;
#2364 = ADVANCED_FACE ( 'NONE', ( #478 ), #2614, .F. ) ;
#2365 = ORIENTED_EDGE ( 'NONE', *, *, #1288, .T. ) ;
#2366 = CIRCLE ( 'NONE', #634, 0.5000000000000004441 ) ;
#2367 = EDGE_CURVE ( 'NONE', #578, #3076, #3907, .T. ) ;
#2368 = LINE ( 'NONE', #165, #1369 ) ;
#2369 = DIRECTION ( 'NONE',  ( 0.000000000000000000, -0.000000000000000000, 1.000000000000000000 ) ) ;
#2370 = VECTOR ( 'NONE', #2881, 1000.000000000000000 ) ;
#2371 = EDGE_CURVE ( 'NONE', #545, #1873, #2578, .T. ) ;
#2372 = CARTESIAN_POINT ( 'NONE',  ( 150.8430718738659380, -136.6335698548717517, 2.000000000000000000 ) ) ;
#2373 = LINE ( 'NONE', #1200, #91 ) ;
#2374 = CARTESIAN_POINT ( 'NONE',  ( 176.3374960238982680, 45.01407035374738541, 2.000000000000000000 ) ) ;
#2375 = ORIENTED_EDGE ( 'NONE', *, *, #447, .T. ) ;
#2376 = ORIENTED_EDGE ( 'NONE', *, *, #1609, .T. ) ;
#2377 = ORIENTED_EDGE ( 'NONE', *, *, #1263, .T. ) ;
#2378 = DIRECTION ( 'NONE',  ( 1.000000000000000000, 0.000000000000000000, 0.000000000000000000 ) ) ;
#2379 = DIRECTION ( 'NONE',  ( 1.000000000000000000, 0.000000000000000000, 0.000000000000000000 ) ) ;
#2380 = ORIENTED_EDGE ( 'NONE', *, *, #809, .F. ) ;
#2381 = DIRECTION ( 'NONE',  ( 0.000000000000000000, 0.000000000000000000, 1.000000000000000000 ) ) ;
#2382 = DIRECTION ( 'NONE',  ( 1.652117596168373162E-15, -1.000000000000000000, 0.000000000000000000 ) ) ;
#2383 = ORIENTED_EDGE ( 'NONE', *, *, #3567, .T. ) ;
#2384 = CARTESIAN_POINT ( 'NONE',  ( 90.88249442191175831, 144.1565983093720433, 0.000000000000000000 ) ) ;
#2385 = PLANE ( 'NONE',  #941 ) ;
#2386 = ORIENTED_EDGE ( 'NONE', *, *, #917, .T. ) ;
#2387 = AXIS2_PLACEMENT_3D ( 'NONE', #1972, #3531, #3258 ) ;
#2388 = LINE ( 'NONE', #512, #3534 ) ;
#2389 = FACE_OUTER_BOUND ( 'NONE', #2727, .T. ) ;
#2390 = DIRECTION ( 'NONE',  ( 1.000000000000000000, 0.000000000000000000, 0.000000000000000000 ) ) ;
#2391 = EDGE_CURVE ( 'NONE', #1143, #633, #241, .T. ) ;
#2392 = ADVANCED_FACE ( 'NONE', ( #268 ), #1136, .T. ) ;
#2393 = VERTEX_POINT ( 'NONE', #497 ) ;
#2394 = ORIENTED_EDGE ( 'NONE', *, *, #249, .T. ) ;
#2395 = FACE_OUTER_BOUND ( 'NONE', #3469, .T. ) ;
#2396 = EDGE_LOOP ( 'NONE', ( #2496, #2868, #2236, #2262 ) ) ;
#2397 = LINE ( 'NONE', #2337, #1331 ) ;
#2398 = VERTEX_POINT ( 'NONE', #1158 ) ;
#2399 = EDGE_CURVE ( 'NONE', #3734, #1574, #2388, .T. ) ;
#2400 = FACE_OUTER_BOUND ( 'NONE', #2880, .T. ) ;
#2401 = VERTEX_POINT ( 'NONE', #1097 ) ;
#2402 = CARTESIAN_POINT ( 'NONE',  ( 157.8766155812825218, -3.797419780792699468E-14, 2.000000000000000000 ) ) ;
#2403 = VERTEX_POINT ( 'NONE', #3579 ) ;
#2404 = VECTOR ( 'NONE', #2202, 1000.000000000000000 ) ;
#2405 = ORIENTED_EDGE ( 'NONE', *, *, #327, .F. ) ;
#2406 = DIRECTION ( 'NONE',  ( -0.000000000000000000, -0.000000000000000000, 1.000000000000000000 ) ) ;
#2407 = CARTESIAN_POINT ( 'NONE',  ( 39.33499999999958874, 120.1823004000001163, 2.000000000000000000 ) ) ;
#2408 = CARTESIAN_POINT ( 'NONE',  ( 76.21849684162407357, -149.8089869080239964, 2.000000000000000000 ) ) ;
#2409 = CARTESIAN_POINT ( 'NONE',  ( 39.33499999999923347, 129.0823004000273500, 2.000000000000000000 ) ) ;
#2410 = DIRECTION ( 'NONE',  ( 0.000000000000000000, 0.000000000000000000, -1.000000000000000000 ) ) ;
#2411 = VERTEX_POINT ( 'NONE', #1746 ) ;
#2412 = EDGE_CURVE ( 'NONE', #245, #1130, #2101, .T. ) ;
#2413 = CARTESIAN_POINT ( 'NONE',  ( 94.21849684162408778, -149.8089869080239964, 2.000000000000000000 ) ) ;
#2414 = EDGE_CURVE ( 'NONE', #1186, #275, #1144, .T. ) ;
#2415 = ORIENTED_EDGE ( 'NONE', *, *, #3632, .F. ) ;
#2416 = DIRECTION ( 'NONE',  ( -0.000000000000000000, -0.000000000000000000, -1.000000000000000000 ) ) ;
#2417 = AXIS2_PLACEMENT_3D ( 'NONE', #2098, #3949, #573 ) ;
#2418 = VERTEX_POINT ( 'NONE', #2330 ) ;
#2419 = VECTOR ( 'NONE', #1922, 1000.000000000000000 ) ;
#2420 = EDGE_CURVE ( 'NONE', #2557, #2590, #2692, .T. ) ;
#2421 = DIRECTION ( 'NONE',  ( 0.000000000000000000, 0.000000000000000000, 1.000000000000000000 ) ) ;
#2422 = ORIENTED_EDGE ( 'NONE', *, *, #3067, .T. ) ;
#2423 = DIRECTION ( 'NONE',  ( 1.000000000000000000, 0.000000000000000000, 0.000000000000000000 ) ) ;
#2424 = EDGE_LOOP ( 'NONE', ( #3426, #1344, #24, #995 ) ) ;
#2425 = CARTESIAN_POINT ( 'NONE',  ( 153.8766155812824934, 2.499999999999766409, 2.000000000000000000 ) ) ;
#2426 = FACE_OUTER_BOUND ( 'NONE', #3855, .T. ) ;
#2427 = AXIS2_PLACEMENT_3D ( 'NONE', #664, #2190, #1892 ) ;
#2428 = CARTESIAN_POINT ( 'NONE',  ( 87.37593380820123912, -143.4379578775915718, 0.000000000000000000 ) ) ;
#2429 = DIRECTION ( 'NONE',  ( 0.000000000000000000, 0.000000000000000000, -1.000000000000000000 ) ) ;
#2430 = AXIS2_PLACEMENT_3D ( 'NONE', #1483, #3093, #2390 ) ;
#2431 = CARTESIAN_POINT ( 'NONE',  ( 39.33499999999958874, 120.1823004000001163, 0.000000000000000000 ) ) ;
#2432 = LINE ( 'NONE', #252, #1372 ) ;
#2433 = AXIS2_PLACEMENT_3D ( 'NONE', #1443, #833, #191 ) ;
#2434 = CARTESIAN_POINT ( 'NONE',  ( 0.000000000000000000, -156.6000000000001933, 2.000000000000000000 ) ) ;
#2435 = ORIENTED_EDGE ( 'NONE', *, *, #2399, .F. ) ;
#2436 = VERTEX_POINT ( 'NONE', #1728 ) ;
#2437 = VECTOR ( 'NONE', #574, 1000.000000000000114 ) ;
#2438 = CYLINDRICAL_SURFACE ( 'NONE', #3300, 1.549999999999997602 ) ;
#2439 = LINE ( 'NONE', #1568, #3724 ) ;
#2440 = EDGE_CURVE ( 'NONE', #3491, #101, #2502, .T. ) ;
#2441 = ORIENTED_EDGE ( 'NONE', *, *, #773, .F. ) ;
#2442 = DIRECTION ( 'NONE',  ( -0.000000000000000000, 0.000000000000000000, 1.000000000000000000 ) ) ;
#2443 = ORIENTED_EDGE ( 'NONE', *, *, #3226, .F. ) ;
#2444 = DIRECTION ( 'NONE',  ( -0.8526401643540993947, -0.5224985647159373636, 0.000000000000000000 ) ) ;
#2445 = EDGE_CURVE ( 'NONE', #2007, #1226, #2978, .T. ) ;
#2446 = EDGE_CURVE ( 'NONE', #3304, #245, #702, .T. ) ;
#2447 = VERTEX_POINT ( 'NONE', #2078 ) ;
#2448 = ORIENTED_EDGE ( 'NONE', *, *, #2892, .F. ) ;
#2449 = DIRECTION ( 'NONE',  ( -0.000000000000000000, 0.000000000000000000, 1.000000000000000000 ) ) ;
#2450 = CARTESIAN_POINT ( 'NONE',  ( 39.33499999999923347, 129.0823004000273500, 0.000000000000000000 ) ) ;
#2451 = CARTESIAN_POINT ( 'NONE',  ( 93.21849684162408778, -152.3089869080239964, 2.000000000000000000 ) ) ;
#2452 = EDGE_CURVE ( 'NONE', #3275, #2465, #2026, .T. ) ;
#2453 = LINE ( 'NONE', #3541, #404 ) ;
#2454 = EDGE_CURVE ( 'NONE', #1736, #1586, #3858, .T. ) ;
#2455 = DIRECTION ( 'NONE',  ( 0.000000000000000000, -1.000000000000000000, 0.000000000000000000 ) ) ;
#2456 = CARTESIAN_POINT ( 'NONE',  ( 109.2184968416240878, -152.3089869080239964, 2.000000000000000000 ) ) ;
#2457 = VERTEX_POINT ( 'NONE', #2048 ) ;
#2458 = DIRECTION ( 'NONE',  ( 0.000000000000000000, -0.000000000000000000, 1.000000000000000000 ) ) ;
#2459 = CARTESIAN_POINT ( 'NONE',  ( 33.42537009046714047, 143.7534036769028774, 2.000000000000000000 ) ) ;
#2460 = ORIENTED_EDGE ( 'NONE', *, *, #3873, .T. ) ;
#2461 = CARTESIAN_POINT ( 'NONE',  ( 101.5319607530559125, -62.21886557086352099, 2.000000000000000000 ) ) ;
#2462 = CARTESIAN_POINT ( 'NONE',  ( 22.35000000000285425, -133.5000000000000568, 0.000000000000000000 ) ) ;
#2463 = AXIS2_PLACEMENT_3D ( 'NONE', #2875, #130, #1036 ) ;
#2464 = EDGE_LOOP ( 'NONE', ( #3265, #3919, #1291, #1383 ) ) ;
#2465 = VERTEX_POINT ( 'NONE', #2651 ) ;
#2466 = DIRECTION ( 'NONE',  ( 1.000000000000000000, 0.000000000000000000, 0.000000000000000000 ) ) ;
#2467 = EDGE_CURVE ( 'NONE', #3511, #1472, #3601, .T. ) ;
#2468 = VECTOR ( 'NONE', #3573, 1000.000000000000000 ) ;
#2469 = ADVANCED_FACE ( 'NONE', ( #251 ), #2963, .F. ) ;
#2470 = DIRECTION ( 'NONE',  ( 1.000000000000000000, -6.376915065959340445E-15, 0.000000000000000000 ) ) ;
#2471 = DIRECTION ( 'NONE',  ( -1.652117596168373162E-15, 1.000000000000000000, 0.000000000000000000 ) ) ;
#2472 = CARTESIAN_POINT ( 'NONE',  ( 89.94704292807888635, 144.0790978736834518, 0.000000000000000000 ) ) ;
#2473 = CIRCLE ( 'NONE', #3318, 0.5000000000000004441 ) ;
#2474 = DIRECTION ( 'NONE',  ( 0.5224985647159310354, -0.8526401643541030584, 0.000000000000000000 ) ) ;
#2475 = VECTOR ( 'NONE', #2250, 1000.000000000000000 ) ;
#2476 = CARTESIAN_POINT ( 'NONE',  ( 163.1266155812824934, -12.12024082979907824, 2.000000000000000000 ) ) ;
#2477 = ORIENTED_EDGE ( 'NONE', *, *, #1263, .F. ) ;
#2478 = DIRECTION ( 'NONE',  ( 0.8888809016376363337, 0.4581383445029053592, 0.000000000000000000 ) ) ;
#2479 = CARTESIAN_POINT ( 'NONE',  ( -91.29112986441512589, 124.2094743826759071, 0.000000000000000000 ) ) ;
#2480 = ORIENTED_EDGE ( 'NONE', *, *, #3314, .F. ) ;
#2481 = VECTOR ( 'NONE', #427, 1000.000000000000000 ) ;
#2482 = DIRECTION ( 'NONE',  ( 1.000000000000000000, 0.000000000000000000, -0.000000000000000000 ) ) ;
#2483 = CARTESIAN_POINT ( 'NONE',  ( 93.71849684162408778, -152.3089869080239964, 0.000000000000000000 ) ) ;
#2484 = VERTEX_POINT ( 'NONE', #2999 ) ;
#2485 = AXIS2_PLACEMENT_3D ( 'NONE', #1519, #2731, #3950 ) ;
#2486 = DIRECTION ( 'NONE',  ( 1.000000000000000000, 0.000000000000000000, 0.000000000000000000 ) ) ;
#2487 = DIRECTION ( 'NONE',  ( -0.000000000000000000, 0.000000000000000000, 1.000000000000000000 ) ) ;
#2488 = ADVANCED_FACE ( 'NONE', ( #2713 ), #3931, .F. ) ;
#2489 = CIRCLE ( 'NONE', #1066, 70.25000000001679723 ) ;
#2490 = CARTESIAN_POINT ( 'NONE',  ( 109.2184968416240878, -149.8089869080239964, 2.000000000000000000 ) ) ;
#2491 = ADVANCED_FACE ( 'NONE', ( #878 ), #3043, .T. ) ;
#2492 = VECTOR ( 'NONE', #1166, 1000.000000000000000 ) ;
#2493 = DIRECTION ( 'NONE',  ( -1.000000000000000000, 0.000000000000000000, 0.000000000000000000 ) ) ;
#2494 = DIRECTION ( 'NONE',  ( -0.000000000000000000, -0.000000000000000000, -1.000000000000000000 ) ) ;
#2495 = DIRECTION ( 'NONE',  ( 1.000000000000000000, 0.000000000000000000, 0.000000000000000000 ) ) ;
#2496 = ORIENTED_EDGE ( 'NONE', *, *, #1699, .T. ) ;
#2497 = VERTEX_POINT ( 'NONE', #1285 ) ;
#2498 = AXIS2_PLACEMENT_3D ( 'NONE', #3065, #271, #2146 ) ;
#2499 = FACE_OUTER_BOUND ( 'NONE', #2, .T. ) ;
#2500 = EDGE_CURVE ( 'NONE', #2829, #3317, #1142, .T. ) ;
#2501 = CARTESIAN_POINT ( 'NONE',  ( 0.000000000000000000, 0.000000000000000000, 0.000000000000000000 ) ) ;
#2502 = CIRCLE ( 'NONE', #1282, 0.5000000000000004441 ) ;
#2503 = ORIENTED_EDGE ( 'NONE', *, *, #1727, .F. ) ;
#2504 = DIRECTION ( 'NONE',  ( -1.000000000000000000, 0.000000000000000000, 0.000000000000000000 ) ) ;
#2505 = ORIENTED_EDGE ( 'NONE', *, *, #2528, .F. ) ;
#2506 = LINE ( 'NONE', #3080, #1854 ) ;
#2507 = VERTEX_POINT ( 'NONE', #920 ) ;
#2508 = LINE ( 'NONE', #3428, #2024 ) ;
#2509 = CARTESIAN_POINT ( 'NONE',  ( 174.8807527461468965, 103.3655213315809078, 2.000000000000000000 ) ) ;
#2510 = LINE ( 'NONE', #3745, #937 ) ;
#2511 = DIRECTION ( 'NONE',  ( 1.000000000000000000, 0.000000000000000000, 0.000000000000000000 ) ) ;
#2512 = DIRECTION ( 'NONE',  ( -1.000000000000000000, 0.000000000000000000, 0.000000000000000000 ) ) ;
#2513 = CARTESIAN_POINT ( 'NONE',  ( 156.3266155812825104, -3.797419780792699468E-14, 2.000000000000000000 ) ) ;
#2514 = ORIENTED_EDGE ( 'NONE', *, *, #692, .F. ) ;
#2515 = VERTEX_POINT ( 'NONE', #2814 ) ;
#2516 = DIRECTION ( 'NONE',  ( 0.000000000000000000, 0.000000000000000000, -1.000000000000000000 ) ) ;
#2517 = ADVANCED_FACE ( 'NONE', ( #3688 ), #292, .T. ) ;
#2518 = EDGE_CURVE ( 'NONE', #2334, #425, #1016, .T. ) ;
#2519 = FACE_OUTER_BOUND ( 'NONE', #992, .T. ) ;
#2520 = ORIENTED_EDGE ( 'NONE', *, *, #3887, .F. ) ;
#2521 = ORIENTED_EDGE ( 'NONE', *, *, #595, .T. ) ;
#2522 = DIRECTION ( 'NONE',  ( 0.000000000000000000, 0.000000000000000000, 1.000000000000000000 ) ) ;
#2523 = ORIENTED_EDGE ( 'NONE', *, *, #1454, .F. ) ;
#2524 = DIRECTION ( 'NONE',  ( 1.000000000000000000, 0.000000000000000000, 0.000000000000000000 ) ) ;
#2525 = VERTEX_POINT ( 'NONE', #3109 ) ;
#2526 = ADVANCED_FACE ( 'NONE', ( #617 ), #642, .F. ) ;
#2527 = DIRECTION ( 'NONE',  ( 0.000000000000000000, 0.000000000000000000, -1.000000000000000000 ) ) ;
#2528 = EDGE_CURVE ( 'NONE', #311, #3793, #1825, .T. ) ;
#2529 = DIRECTION ( 'NONE',  ( 0.3145145977190307307, -0.9492526364575639697, 0.000000000000000000 ) ) ;
#2530 = VERTEX_POINT ( 'NONE', #1561 ) ;
#2531 = DIRECTION ( 'NONE',  ( 0.000000000000000000, 0.000000000000000000, 1.000000000000000000 ) ) ;
#2532 = CARTESIAN_POINT ( 'NONE',  ( 93.71849684162408778, -149.8089869080239964, 0.000000000000000000 ) ) ;
#2533 = ORIENTED_EDGE ( 'NONE', *, *, #1316, .F. ) ;
#2534 = ORIENTED_EDGE ( 'NONE', *, *, #395, .F. ) ;
#2535 = AXIS2_PLACEMENT_3D ( 'NONE', #339, #382, #3413 ) ;
#2536 = AXIS2_PLACEMENT_3D ( 'NONE', #12, #2160, #1218 ) ;
#2537 = DIRECTION ( 'NONE',  ( -1.000000000000000000, 6.167905692361974645E-15, 0.000000000000000000 ) ) ;
#2538 = DIRECTION ( 'NONE',  ( 1.000000000000000000, 0.000000000000000000, 0.000000000000000000 ) ) ;
#2539 = EDGE_CURVE ( 'NONE', #3838, #1340, #62, .T. ) ;
#2540 = ORIENTED_EDGE ( 'NONE', *, *, #916, .T. ) ;
#2541 = EDGE_CURVE ( 'NONE', #628, #3631, #3284, .T. ) ;
#2542 = DIRECTION ( 'NONE',  ( 1.000000000000000000, 0.000000000000000000, 0.000000000000000000 ) ) ;
#2543 = DIRECTION ( 'NONE',  ( 1.000000000000000000, 0.000000000000000000, 0.000000000000000000 ) ) ;
#2544 = PLANE ( 'NONE',  #2825 ) ;
#2545 = ORIENTED_EDGE ( 'NONE', *, *, #945, .F. ) ;
#2546 = EDGE_CURVE ( 'NONE', #1054, #588, #3728, .T. ) ;
#2547 = CARTESIAN_POINT ( 'NONE',  ( 16.10000000000053078, -146.0000000000000000, 0.000000000000000000 ) ) ;
#2548 = AXIS2_PLACEMENT_3D ( 'NONE', #1939, #1067, #731 ) ;
#2549 = DIRECTION ( 'NONE',  ( 0.000000000000000000, 0.000000000000000000, -1.000000000000000000 ) ) ;
#2550 = CIRCLE ( 'NONE', #806, 1.549999999999995826 ) ;
#2551 = ORIENTED_EDGE ( 'NONE', *, *, #2913, .F. ) ;
#2552 = LINE ( 'NONE', #3522, #3935 ) ;
#2553 = CIRCLE ( 'NONE', #1779, 0.5000000000000004441 ) ;
#2554 =( NAMED_UNIT ( * ) SI_UNIT ( $, .STERADIAN. ) SOLID_ANGLE_UNIT ( ) );
#2555 = ORIENTED_EDGE ( 'NONE', *, *, #177, .F. ) ;
#2556 = CIRCLE ( 'NONE', #554, 4.999999999999997335 ) ;
#2557 = VERTEX_POINT ( 'NONE', #3089 ) ;
#2558 = CARTESIAN_POINT ( 'NONE',  ( 24.50112609146677656, -129.6000000000000227, 2.000000000000000000 ) ) ;
#2559 = LINE ( 'NONE', #2904, #2013 ) ;
#2560 = CIRCLE ( 'NONE', #1786, 126.2385461467846994 ) ;
#2561 = CYLINDRICAL_SURFACE ( 'NONE', #2427, 1.549999999999995826 ) ;
#2562 = ORIENTED_EDGE ( 'NONE', *, *, #1391, .F. ) ;
#2563 = ORIENTED_EDGE ( 'NONE', *, *, #1628, .T. ) ;
#2564 = CIRCLE ( 'NONE', #2299, 0.5000000000000004441 ) ;
#2565 = FACE_OUTER_BOUND ( 'NONE', #601, .T. ) ;
#2566 = FILL_AREA_STYLE ('',( #1673 ) ) ;
#2567 = AXIS2_PLACEMENT_3D ( 'NONE', #350, #2444, #1573 ) ;
#2568 = EDGE_LOOP ( 'NONE', ( #587, #1145, #3923, #2114 ) ) ;
#2569 = CARTESIAN_POINT ( 'NONE',  ( 174.2017884765525650, -46.86755831467730360, 2.000000000000000000 ) ) ;
#2570 = CIRCLE ( 'NONE', #1984, 1.549999999999995826 ) ;
#2571 = DIRECTION ( 'NONE',  ( 0.000000000000000000, -0.000000000000000000, -1.000000000000000000 ) ) ;
#2572 = EDGE_CURVE ( 'NONE', #1324, #200, #3951, .T. ) ;
#2573 = EDGE_CURVE ( 'NONE', #105, #1352, #2570, .T. ) ;
#2574 = EDGE_LOOP ( 'NONE', ( #1956, #609 ) ) ;
#2575 = DIRECTION ( 'NONE',  ( -0.02617694830786582161, -0.9996573249755574819, 0.000000000000000000 ) ) ;
#2576 = ORIENTED_EDGE ( 'NONE', *, *, #836, .F. ) ;
#2577 = EDGE_CURVE ( 'NONE', #3616, #1254, #3667, .T. ) ;
#2578 = LINE ( 'NONE', #3289, #2891 ) ;
#2579 = DIRECTION ( 'NONE',  ( -0.000000000000000000, -0.000000000000000000, -1.000000000000000000 ) ) ;
#2580 = DIRECTION ( 'NONE',  ( 0.000000000000000000, -0.000000000000000000, -1.000000000000000000 ) ) ;
#2581 = ORIENTED_EDGE ( 'NONE', *, *, #1212, .T. ) ;
#2582 = ORIENTED_EDGE ( 'NONE', *, *, #3266, .F. ) ;
#2583 = DIRECTION ( 'NONE',  ( 9.566489757207271482E-17, -1.000000000000000000, 0.000000000000000000 ) ) ;
#2584 = ORIENTED_EDGE ( 'NONE', *, *, #599, .T. ) ;
#2585 = LINE ( 'NONE', #712, #2481 ) ;
#2586 = VERTEX_POINT ( 'NONE', #2472 ) ;
#2587 = DIRECTION ( 'NONE',  ( -0.000000000000000000, -0.000000000000000000, -1.000000000000000000 ) ) ;
#2588 = ORIENTED_EDGE ( 'NONE', *, *, #2170, .T. ) ;
#2589 = PLANE ( 'NONE',  #1789 ) ;
#2590 = VERTEX_POINT ( 'NONE', #1866 ) ;
#2591 = ADVANCED_FACE ( 'NONE', ( #3708 ), #2793, .F. ) ;
#2592 = EDGE_CURVE ( 'NONE', #3315, #1453, #960, .T. ) ;
#2593 = DIRECTION ( 'NONE',  ( -0.7068211600042044740, -0.7073922870446855971, 0.000000000000000000 ) ) ;
#2594 = ORIENTED_EDGE ( 'NONE', *, *, #812, .F. ) ;
#2595 = ADVANCED_FACE ( 'NONE', ( #2165 ), #3412, .T. ) ;
#2596 = DIRECTION ( 'NONE',  ( 1.000000000000000000, 0.000000000000000000, 0.000000000000000000 ) ) ;
#2597 = CARTESIAN_POINT ( 'NONE',  ( 93.71849684162408778, -149.8089869080239964, 2.000000000000000000 ) ) ;
#2598 = LINE ( 'NONE', #3213, #3276 ) ;
#2599 = ORIENTED_EDGE ( 'NONE', *, *, #845, .T. ) ;
#2600 = DIRECTION ( 'NONE',  ( 1.000000000000000000, 0.000000000000000000, 0.000000000000000000 ) ) ;
#2601 = FACE_OUTER_BOUND ( 'NONE', #63, .T. ) ;
#2602 = ORIENTED_EDGE ( 'NONE', *, *, #2318, .F. ) ;
#2603 = DIRECTION ( 'NONE',  ( 0.000000000000000000, 0.000000000000000000, -1.000000000000000000 ) ) ;
#2604 = LINE ( 'NONE', #108, #2033 ) ;
#2605 = ORIENTED_EDGE ( 'NONE', *, *, #2153, .T. ) ;
#2606 = DIRECTION ( 'NONE',  ( 0.000000000000000000, 0.000000000000000000, 1.000000000000000000 ) ) ;
#2607 = ORIENTED_EDGE ( 'NONE', *, *, #1578, .F. ) ;
#2608 = LINE ( 'NONE', #2001, #1946 ) ;
#2609 = SURFACE_STYLE_USAGE ( .BOTH. , #1621 ) ;
#2610 = AXIS2_PLACEMENT_3D ( 'NONE', #1805, #1480, #493 ) ;
#2611 = EDGE_CURVE ( 'NONE', #2398, #2874, #676, .T. ) ;
#2612 = ORIENTED_EDGE ( 'NONE', *, *, #765, .F. ) ;
#2613 = VECTOR ( 'NONE', #3262, 1000.000000000000114 ) ;
#2614 = CYLINDRICAL_SURFACE ( 'NONE', #182, 0.5000000000000004441 ) ;
#2615 = FACE_OUTER_BOUND ( 'NONE', #3231, .T. ) ;
#2616 = CARTESIAN_POINT ( 'NONE',  ( 182.9786440354097863, -44.51580695559693623, 0.000000000000000000 ) ) ;
#2617 = EDGE_CURVE ( 'NONE', #3417, #2507, #2453, .T. ) ;
#2618 = CIRCLE ( 'NONE', #1003, 0.5000000000000004441 ) ;
#2619 = EDGE_CURVE ( 'NONE', #2204, #3734, #1302, .T. ) ;
#2620 = ORIENTED_EDGE ( 'NONE', *, *, #1243, .T. ) ;
#2621 = COLOUR_RGB ( '',1.000000000000000000, 0.9803921568627450567, 0.5294117647058823595 ) ;
#2622 = CARTESIAN_POINT ( 'NONE',  ( 174.2017884765525650, -107.2264661165385604, 0.000000000000000000 ) ) ;
#2623 = LINE ( 'NONE', #484, #1005 ) ;
#2624 = EDGE_LOOP ( 'NONE', ( #1660, #2972, #3681, #223 ) ) ;
#2625 = DIRECTION ( 'NONE',  ( -0.02617694830786582161, -0.9996573249755574819, 0.000000000000000000 ) ) ;
#2626 = AXIS2_PLACEMENT_3D ( 'NONE', #1886, #791, #1585 ) ;
#2627 = CARTESIAN_POINT ( 'NONE',  ( 134.3821558125818285, 146.7206812300225067, 2.000000000000000000 ) ) ;
#2628 = ORIENTED_EDGE ( 'NONE', *, *, #2941, .T. ) ;
#2629 = CARTESIAN_POINT ( 'NONE',  ( 37.78499999999951342, 139.4323004000001447, 0.000000000000000000 ) ) ;
#2630 = ORIENTED_EDGE ( 'NONE', *, *, #936, .F. ) ;
#2631 = CIRCLE ( 'NONE', #1408, 1.549999999999995826 ) ;
#2632 = DIRECTION ( 'NONE',  ( 0.000000000000000000, 0.000000000000000000, 1.000000000000000000 ) ) ;
#2633 = VERTEX_POINT ( 'NONE', #2900 ) ;
#2634 = ORIENTED_EDGE ( 'NONE', *, *, #2221, .T. ) ;
#2635 = LINE ( 'NONE', #1986, #3349 ) ;
#2636 = CARTESIAN_POINT ( 'NONE',  ( 16.95000000000051799, -154.5000000000001705, 2.000000000000000000 ) ) ;
#2637 = CARTESIAN_POINT ( 'NONE',  ( 113.1926678278855292, -69.36455605658646562, 0.000000000000000000 ) ) ;
#2638 = ORIENTED_EDGE ( 'NONE', *, *, #1288, .F. ) ;
#2639 = EDGE_CURVE ( 'NONE', #3317, #768, #2833, .T. ) ;
#2640 = CARTESIAN_POINT ( 'NONE',  ( 113.1926678278854723, 69.36455605658650825, 2.000000000000000000 ) ) ;
#2641 = ADVANCED_FACE ( 'NONE', ( #1073 ), #112, .T. ) ;
#2642 = FACE_OUTER_BOUND ( 'NONE', #2967, .T. ) ;
#2643 = ORIENTED_EDGE ( 'NONE', *, *, #568, .T. ) ;
#2644 = VECTOR ( 'NONE', #1146, 1000.000000000000000 ) ;
#2645 = DIRECTION ( 'NONE',  ( 0.7071067811865465735, -0.7071067811865485719, 0.000000000000000000 ) ) ;
#2646 = DIRECTION ( 'NONE',  ( -0.7071067811865465735, 0.7071067811865484609, 0.000000000000000000 ) ) ;
#2647 = EDGE_CURVE ( 'NONE', #2885, #5, #3835, .T. ) ;
#2648 = ORIENTED_EDGE ( 'NONE', *, *, #294, .T. ) ;
#2649 = FACE_OUTER_BOUND ( 'NONE', #1343, .T. ) ;
#2650 = DIRECTION ( 'NONE',  ( 0.000000000000000000, 0.000000000000000000, 1.000000000000000000 ) ) ;
#2651 = CARTESIAN_POINT ( 'NONE',  ( 94.21849684162408778, -149.8089869080239964, 0.000000000000000000 ) ) ;
#2652 = DIRECTION ( 'NONE',  ( -0.000000000000000000, -0.000000000000000000, -1.000000000000000000 ) ) ;
#2653 = CARTESIAN_POINT ( 'NONE',  ( 60.71849684162407357, -149.8089869080239964, 2.000000000000000000 ) ) ;
#2654 = AXIS2_PLACEMENT_3D ( 'NONE', #1942, #2531, #3184 ) ;
#2655 = ORIENTED_EDGE ( 'NONE', *, *, #548, .F. ) ;
#2656 = DIRECTION ( 'NONE',  ( 0.5224985647159310354, -0.8526401643541030584, 0.000000000000000000 ) ) ;
#2657 = FACE_OUTER_BOUND ( 'NONE', #870, .T. ) ;
#2658 = AXIS2_PLACEMENT_3D ( 'NONE', #3856, #472, #1131 ) ;
#2659 = ADVANCED_FACE ( 'NONE', ( #2305 ), #146, .T. ) ;
#2660 = ORIENTED_EDGE ( 'NONE', *, *, #3912, .F. ) ;
#2661 = AXIS2_PLACEMENT_3D ( 'NONE', #498, #3509, #2946 ) ;
#2662 = AXIS2_PLACEMENT_3D ( 'NONE', #3286, #205, #3928 ) ;
#2663 = DIRECTION ( 'NONE',  ( 0.000000000000000000, 0.000000000000000000, -1.000000000000000000 ) ) ;
#2664 = VERTEX_POINT ( 'NONE', #93 ) ;
#2665 = LINE ( 'NONE', #3945, #3905 ) ;
#2666 = VERTEX_POINT ( 'NONE', #3783 ) ;
#2667 = FACE_OUTER_BOUND ( 'NONE', #3678, .T. ) ;
#2668 = FACE_OUTER_BOUND ( 'NONE', #1162, .T. ) ;
#2669 = VERTEX_POINT ( 'NONE', #3164 ) ;
#2670 = DIRECTION ( 'NONE',  ( 0.000000000000000000, 0.000000000000000000, -1.000000000000000000 ) ) ;
#2671 = VECTOR ( 'NONE', #3087, 1000.000000000000000 ) ;
#2672 = CARTESIAN_POINT ( 'NONE',  ( 151.3430718738659380, -136.6335698548717517, 2.000000000000000000 ) ) ;
#2673 = DIRECTION ( 'NONE',  ( 1.000000000000000000, 0.000000000000000000, 0.000000000000000000 ) ) ;
#2674 = ORIENTED_EDGE ( 'NONE', *, *, #2269, .T. ) ;
#2675 = ORIENTED_EDGE ( 'NONE', *, *, #845, .F. ) ;
#2676 = CARTESIAN_POINT ( 'NONE',  ( 16.10000000000053078, -154.5000000000001705, 2.000000000000000000 ) ) ;
#2677 = AXIS2_PLACEMENT_3D ( 'NONE', #242, #3908, #523 ) ;
#2678 = CARTESIAN_POINT ( 'NONE',  ( 131.2821558125818342, 146.7206812300225067, 2.000000000000000000 ) ) ;
#2679 = ORIENTED_EDGE ( 'NONE', *, *, #3827, .F. ) ;
#2680 = AXIS2_PLACEMENT_3D ( 'NONE', #3219, #2522, #2271 ) ;
#2681 = DIRECTION ( 'NONE',  ( -0.7071067811865487940, -0.7071067811865463515, 0.000000000000000000 ) ) ;
#2682 = ORIENTED_EDGE ( 'NONE', *, *, #1627, .F. ) ;
#2683 = CIRCLE ( 'NONE', #557, 0.4999999999999987232 ) ;
#2684 = CARTESIAN_POINT ( 'NONE',  ( 94.21849684162408778, -152.3089869080239964, 2.000000000000000000 ) ) ;
#2685 = EDGE_LOOP ( 'NONE', ( #220, #1225, #1919, #1667 ) ) ;
#2686 = CIRCLE ( 'NONE', #2498, 0.5000000000000004441 ) ;
#2687 = CARTESIAN_POINT ( 'NONE',  ( 0.000000000000000000, -157.8089869080239964, 2.000000000000000000 ) ) ;
#2688 = EDGE_CURVE ( 'NONE', #66, #585, #2552, .T. ) ;
#2689 = ADVANCED_FACE ( 'NONE', ( #3815, #1052, #412, #1639, #776, #3503, #1665, #434, #1019, #737, #3471, #699, #2918, #3799, #756, #3489 ), #2280, .T. ) ;
#2690 = PLANE ( 'NONE',  #2743 ) ;
#2691 = AXIS2_PLACEMENT_3D ( 'NONE', #1668, #2245, #1407 ) ;
#2692 = LINE ( 'NONE', #3350, #2437 ) ;
#2693 = AXIS2_PLACEMENT_3D ( 'NONE', #1544, #1844, #2142 ) ;
#2694 = CARTESIAN_POINT ( 'NONE',  ( 109.2184968416240878, -151.8089869080239964, 0.000000000000000000 ) ) ;
#2695 = PLANE ( 'NONE',  #2954 ) ;
#2696 = EDGE_CURVE ( 'NONE', #255, #114, #1682, .T. ) ;
#2697 = ORIENTED_EDGE ( 'NONE', *, *, #1727, .T. ) ;
#2698 = ORIENTED_EDGE ( 'NONE', *, *, #1699, .F. ) ;
#2699 = DIRECTION ( 'NONE',  ( -0.000000000000000000, -0.000000000000000000, -1.000000000000000000 ) ) ;
#2700 = ORIENTED_EDGE ( 'NONE', *, *, #1875, .T. ) ;
#2701 = DIRECTION ( 'NONE',  ( -1.000000000000000000, 0.000000000000000000, 0.000000000000000000 ) ) ;
#2702 = VECTOR ( 'NONE', #1850, 1000.000000000000114 ) ;
#2703 = EDGE_LOOP ( 'NONE', ( #1183, #3260, #1205, #1045 ) ) ;
#2704 = LINE ( 'NONE', #3592, #2809 ) ;
#2705 = EDGE_LOOP ( 'NONE', ( #823, #96, #3786, #1637 ) ) ;
#2706 = CARTESIAN_POINT ( 'NONE',  ( 24.50112609146677656, 0.000000000000000000, 0.000000000000000000 ) ) ;
#2707 = ORIENTED_EDGE ( 'NONE', *, *, #2711, .T. ) ;
#2708 = ORIENTED_EDGE ( 'NONE', *, *, #1980, .F. ) ;
#2709 = LINE ( 'NONE', #3305, #2468 ) ;
#2710 = DIRECTION ( 'NONE',  ( 0.000000000000000000, 0.000000000000000000, -1.000000000000000000 ) ) ;
#2711 = EDGE_CURVE ( 'NONE', #3569, #403, #3874, .T. ) ;
#2712 = EDGE_CURVE ( 'NONE', #1254, #802, #2608, .T. ) ;
#2713 = FACE_OUTER_BOUND ( 'NONE', #1071, .T. ) ;
#2714 = CYLINDRICAL_SURFACE ( 'NONE', #1312, 1.549999999999995826 ) ;
#2715 = CARTESIAN_POINT ( 'NONE',  ( 36.58500000005759034, 129.0823004000273500, 2.000000000000000000 ) ) ;
#2716 = EDGE_LOOP ( 'NONE', ( #3422, #2112, #1704, #1295 ) ) ;
#2717 = ORIENTED_EDGE ( 'NONE', *, *, #2988, .T. ) ;
#2718 = CARTESIAN_POINT ( 'NONE',  ( 109.2184968416240878, -151.8089869080239964, 2.000000000000000000 ) ) ;
#2719 = DIRECTION ( 'NONE',  ( -0.000000000000000000, -0.000000000000000000, -1.000000000000000000 ) ) ;
#2720 = ORIENTED_EDGE ( 'NONE', *, *, #2500, .F. ) ;
#2721 = DIRECTION ( 'NONE',  ( 0.000000000000000000, 0.000000000000000000, -1.000000000000000000 ) ) ;
#2722 = ORIENTED_EDGE ( 'NONE', *, *, #720, .T. ) ;
#2723 = VECTOR ( 'NONE', #851, 1000.000000000000000 ) ;
#2724 = DIRECTION ( 'NONE',  ( -1.000000000000000000, 0.000000000000000000, 0.000000000000000000 ) ) ;
#2725 = ORIENTED_EDGE ( 'NONE', *, *, #1578, .T. ) ;
#2726 = CIRCLE ( 'NONE', #3817, 1.549999999999982059 ) ;
#2727 = EDGE_LOOP ( 'NONE', ( #1742, #1110, #2555, #2106 ) ) ;
#2728 = VECTOR ( 'NONE', #3481, 1000.000000000000114 ) ;
#2729 = CYLINDRICAL_SURFACE ( 'NONE', #1249, 1.549999999999995826 ) ;
#2730 = CYLINDRICAL_SURFACE ( 'NONE', #1643, 0.5000000000000004441 ) ;
#2731 = DIRECTION ( 'NONE',  ( 0.000000000000000000, 0.000000000000000000, 1.000000000000000000 ) ) ;
#2732 = DIRECTION ( 'NONE',  ( 1.000000000000000000, 0.000000000000000000, -0.000000000000000000 ) ) ;
#2733 = CYLINDRICAL_SURFACE ( 'NONE', #28, 1.550000000000002709 ) ;
#2734 = EDGE_CURVE ( 'NONE', #2747, #1570, #1602, .T. ) ;
#2735 = DIRECTION ( 'NONE',  ( 0.000000000000000000, -0.000000000000000000, -1.000000000000000000 ) ) ;
#2736 = ORIENTED_EDGE ( 'NONE', *, *, #720, .F. ) ;
#2737 = ORIENTED_EDGE ( 'NONE', *, *, #692, .T. ) ;
#2738 = LINE ( 'NONE', #236, #582 ) ;
#2739 = EDGE_CURVE ( 'NONE', #264, #578, #3765, .T. ) ;
#2740 = VERTEX_POINT ( 'NONE', #1322 ) ;
#2741 = EDGE_CURVE ( 'NONE', #415, #1715, #2260, .T. ) ;
#2742 = CARTESIAN_POINT ( 'NONE',  ( 161.8032269822574847, -125.6734147464802192, 2.000000000000000000 ) ) ;
#2743 = AXIS2_PLACEMENT_3D ( 'NONE', #3023, #3929, #1155 ) ;
#2744 = ORIENTED_EDGE ( 'NONE', *, *, #454, .T. ) ;
#2745 = VECTOR ( 'NONE', #1876, 999.9999999999998863 ) ;
#2746 = DIRECTION ( 'NONE',  ( 0.000000000000000000, 0.000000000000000000, 1.000000000000000000 ) ) ;
#2747 = VERTEX_POINT ( 'NONE', #2995 ) ;
#2748 = CARTESIAN_POINT ( 'NONE',  ( 60.71849684162407357, -149.8089869080239964, 2.000000000000000000 ) ) ;
#2749 = CIRCLE ( 'NONE', #1971, 0.5000000000000004441 ) ;
#2750 = ORIENTED_EDGE ( 'NONE', *, *, #3707, .F. ) ;
#2751 = ADVANCED_FACE ( 'NONE', ( #2649 ), #510, .T. ) ;
#2752 = ORIENTED_EDGE ( 'NONE', *, *, #2312, .T. ) ;
#2753 = FACE_OUTER_BOUND ( 'NONE', #1440, .T. ) ;
#2754 = AXIS2_PLACEMENT_3D ( 'NONE', #135, #1365, #969 ) ;
#2755 = DIRECTION ( 'NONE',  ( -0.000000000000000000, 0.000000000000000000, 1.000000000000000000 ) ) ;
#2756 = DIRECTION ( 'NONE',  ( 0.7071067811865484609, 0.7071067811865465735, 0.000000000000000000 ) ) ;
#2757 = CIRCLE ( 'NONE', #2887, 5.311761425294665884 ) ;
#2758 = DIRECTION ( 'NONE',  ( -0.000000000000000000, -0.000000000000000000, -1.000000000000000000 ) ) ;
#2759 = CARTESIAN_POINT ( 'NONE',  ( 161.4496735916642081, -125.3198613558869425, 0.000000000000000000 ) ) ;
#2760 = AXIS2_PLACEMENT_3D ( 'NONE', #1521, #2123, #2511 ) ;
#2761 = CIRCLE ( 'NONE', #1469, 0.5000000000000004441 ) ;
#2762 = CARTESIAN_POINT ( 'NONE',  ( 86.24762703046545198, -143.3089869080239964, 2.000000000000000000 ) ) ;
#2763 = ORIENTED_EDGE ( 'NONE', *, *, #1751, .T. ) ;
#2764 = VECTOR ( 'NONE', #1766, 1000.000000000000114 ) ;
#2765 = LINE ( 'NONE', #3355, #2191 ) ;
#2766 = CARTESIAN_POINT ( 'NONE',  ( 12.00000000000053824, -146.0000000000000000, 0.000000000000000000 ) ) ;
#2767 = ORIENTED_EDGE ( 'NONE', *, *, #1022, .F. ) ;
#2768 = EDGE_CURVE ( 'NONE', #2393, #2291, #3123, .T. ) ;
#2769 = EDGE_CURVE ( 'NONE', #3070, #3304, #2368, .T. ) ;
#2770 = FACE_OUTER_BOUND ( 'NONE', #3809, .T. ) ;
#2771 = ORIENTED_EDGE ( 'NONE', *, *, #397, .F. ) ;
#2772 = DIRECTION ( 'NONE',  ( 0.000000000000000000, -0.000000000000000000, -1.000000000000000000 ) ) ;
#2773 = ORIENTED_EDGE ( 'NONE', *, *, #1783, .F. ) ;
#2774 = DIRECTION ( 'NONE',  ( 0.000000000000000000, 0.000000000000000000, -1.000000000000000000 ) ) ;
#2775 = DIRECTION ( 'NONE',  ( -1.000000000000000000, 0.000000000000000000, 0.000000000000000000 ) ) ;
#2776 = CARTESIAN_POINT ( 'NONE',  ( -41.90616694887365412, -13.88471386190429691, 2.000000000000000000 ) ) ;
#2777 = LINE ( 'NONE', #1242, #3329 ) ;
#2778 = CARTESIAN_POINT ( 'NONE',  ( 132.8321558125818456, 146.7206812300225067, 2.000000000000000000 ) ) ;
#2779 = CARTESIAN_POINT ( 'NONE',  ( 16.15000000000046754, -133.5000000000000000, 2.000000000000000000 ) ) ;
#2780 = LINE ( 'NONE', #902, #3846 ) ;
#2781 = ORIENTED_EDGE ( 'NONE', *, *, #719, .T. ) ;
#2782 = DIRECTION ( 'NONE',  ( -0.7071067811865464625, 0.7071067811865486830, 0.000000000000000000 ) ) ;
#2783 = DIRECTION ( 'NONE',  ( 0.000000000000000000, 0.000000000000000000, 1.000000000000000000 ) ) ;
#2784 = EDGE_LOOP ( 'NONE', ( #2634, #3011 ) ) ;
#2785 = DIRECTION ( 'NONE',  ( 1.000000000000000000, 0.000000000000000000, 0.000000000000000000 ) ) ;
#2787 = ADVANCED_FACE ( 'NONE', ( #527 ), #831, .F. ) ;
#2786 = DIRECTION ( 'NONE',  ( -0.3145145977190307307, 0.9492526364575639697, 0.000000000000000000 ) ) ;
#2788 = ORIENTED_EDGE ( 'NONE', *, *, #1612, .F. ) ;
#2789 = PLANE ( 'NONE',  #1961 ) ;
#2790 = CARTESIAN_POINT ( 'NONE',  ( 149.0753049208995833, -134.8658029019053686, 0.000000000000000000 ) ) ;
#2791 = CARTESIAN_POINT ( 'NONE',  ( 22.35000000000285425, -133.5000000000000568, 2.000000000000000000 ) ) ;
#2792 = CYLINDRICAL_SURFACE ( 'NONE', #1125, 0.5000000000000004441 ) ;
#2793 = CYLINDRICAL_SURFACE ( 'NONE', #2824, 1.549999999999997602 ) ;
#2794 = VECTOR ( 'NONE', #1137, 999.9999999999998863 ) ;
#2795 = DIRECTION ( 'NONE',  ( -0.000000000000000000, -0.000000000000000000, -1.000000000000000000 ) ) ;
#2796 = AXIS2_PLACEMENT_3D ( 'NONE', #180, #1413, #766 ) ;
#2797 = DIRECTION ( 'NONE',  ( 0.000000000000000000, 0.000000000000000000, 1.000000000000000000 ) ) ;
#2798 = VERTEX_POINT ( 'NONE', #2384 ) ;
#2799 = PLANE ( 'NONE',  #3423 ) ;
#2800 = DIRECTION ( 'NONE',  ( 0.7071067811865465735, -0.7071067811865485719, 0.000000000000000000 ) ) ;
#2801 = ORIENTED_EDGE ( 'NONE', *, *, #3910, .T. ) ;
#2802 = VECTOR ( 'NONE', #1030, 1000.000000000000000 ) ;
#2803 = DIRECTION ( 'NONE',  ( 0.000000000000000000, -0.000000000000000000, -1.000000000000000000 ) ) ;
#2804 = LINE ( 'NONE', #49, #59 ) ;
#2805 = ORIENTED_EDGE ( 'NONE', *, *, #1577, .F. ) ;
#2806 = VECTOR ( 'NONE', #336, 1000.000000000000000 ) ;
#2807 = ORIENTED_EDGE ( 'NONE', *, *, #1737, .T. ) ;
#2808 = LINE ( 'NONE', #53, #3458 ) ;
#2809 = VECTOR ( 'NONE', #2663, 1000.000000000000000 ) ;
#2810 = DIRECTION ( 'NONE',  ( -0.000000000000000000, -0.000000000000000000, -1.000000000000000000 ) ) ;
#2811 = EDGE_CURVE ( 'NONE', #1248, #2095, #224, .T. ) ;
#2812 = VECTOR ( 'NONE', #2129, 1000.000000000000000 ) ;
#2813 = EDGE_CURVE ( 'NONE', #1143, #1565, #1094, .T. ) ;
#2814 = CARTESIAN_POINT ( 'NONE',  ( 47.20443786290453403, 154.5736572563684490, 2.000000000000000000 ) ) ;
#2815 = CARTESIAN_POINT ( 'NONE',  ( 160.0354600292911016, -123.9056477935138645, 2.000000000000000000 ) ) ;
#2816 = DIRECTION ( 'NONE',  ( 0.000000000000000000, 0.000000000000000000, 1.000000000000000000 ) ) ;
#2817 = CIRCLE ( 'NONE', #2169, 1.549999999999997602 ) ;
#2818 = ORIENTED_EDGE ( 'NONE', *, *, #2239, .T. ) ;
#2819 = ORIENTED_EDGE ( 'NONE', *, *, #1925, .T. ) ;
#2820 = DIRECTION ( 'NONE',  ( 1.000000000000000000, 0.000000000000000000, 0.000000000000000000 ) ) ;
#2821 = DIRECTION ( 'NONE',  ( 0.000000000000000000, 0.000000000000000000, 1.000000000000000000 ) ) ;
#2822 = VERTEX_POINT ( 'NONE', #2327 ) ;
#2823 = EDGE_CURVE ( 'NONE', #1740, #1928, #3557, .T. ) ;
#2824 = AXIS2_PLACEMENT_3D ( 'NONE', #37, #940, #2493 ) ;
#2825 = AXIS2_PLACEMENT_3D ( 'NONE', #2843, #2212, #389 ) ;
#2826 = ORIENTED_EDGE ( 'NONE', *, *, #3299, .T. ) ;
#2827 = VERTEX_POINT ( 'NONE', #491 ) ;
#2828 = DIRECTION ( 'NONE',  ( 1.000000000000000000, 0.000000000000000000, 0.000000000000000000 ) ) ;
#2829 = VERTEX_POINT ( 'NONE', #1723 ) ;
#2830 = CARTESIAN_POINT ( 'NONE',  ( 12.00000000000053824, 0.000000000000000000, 2.000000000000000000 ) ) ;
#2831 = FACE_OUTER_BOUND ( 'NONE', #3152, .T. ) ;
#2832 = ORIENTED_EDGE ( 'NONE', *, *, #2539, .F. ) ;
#2833 = LINE ( 'NONE', #2220, #3119 ) ;
#2834 = FACE_OUTER_BOUND ( 'NONE', #2927, .T. ) ;
#2835 = EDGE_CURVE ( 'NONE', #2278, #1640, #2960, .T. ) ;
#2836 = ORIENTED_EDGE ( 'NONE', *, *, #1605, .T. ) ;
#2837 = VECTOR ( 'NONE', #2983, 999.9999999999998863 ) ;
#2838 = DIRECTION ( 'NONE',  ( -1.000000000000000000, 0.000000000000000000, 0.000000000000000000 ) ) ;
#2839 = CARTESIAN_POINT ( 'NONE',  ( 150.4895184832726613, -136.2800164642784466, 2.000000000000000000 ) ) ;
#2840 = AXIS2_PLACEMENT_3D ( 'NONE', #464, #2908, #3881 ) ;
#2841 = ORIENTED_EDGE ( 'NONE', *, *, #3042, .F. ) ;
#2842 = DIRECTION ( 'NONE',  ( 0.000000000000000000, 0.000000000000000000, 1.000000000000000000 ) ) ;
#2843 = CARTESIAN_POINT ( 'NONE',  ( 78.18830779062781744, 78.18830779064134617, 2.000000000000000000 ) ) ;
#2844 = EDGE_LOOP ( 'NONE', ( #2576, #3958, #2448, #3178 ) ) ;
#2845 = DIRECTION ( 'NONE',  ( -0.000000000000000000, -0.000000000000000000, 1.000000000000000000 ) ) ;
#2846 = LINE ( 'NONE', #1319, #2419 ) ;
#2847 = ORIENTED_EDGE ( 'NONE', *, *, #3243, .T. ) ;
#2848 = VECTOR ( 'NONE', #2575, 1000.000000000000000 ) ;
#2849 = CARTESIAN_POINT ( 'NONE',  ( 182.9786440354097579, 7.654818637104770450E-14, 0.000000000000000000 ) ) ;
#2850 = CARTESIAN_POINT ( 'NONE',  ( 26.00112609146683340, -139.0731633499026145, 2.000000000000000000 ) ) ;
#2851 = ORIENTED_EDGE ( 'NONE', *, *, #2617, .T. ) ;
#2852 = VECTOR ( 'NONE', #1112, 1000.000000000000000 ) ;
#2853 = ORIENTED_EDGE ( 'NONE', *, *, #1824, .T. ) ;
#2854 = CIRCLE ( 'NONE', #3058, 1.549999999999995826 ) ;
#2855 = LINE ( 'NONE', #3787, #2370 ) ;
#2856 = AXIS2_PLACEMENT_3D ( 'NONE', #3683, #3972, #2449 ) ;
#2857 = DIRECTION ( 'NONE',  ( 0.000000000000000000, 0.000000000000000000, -1.000000000000000000 ) ) ;
#2858 = ADVANCED_FACE ( 'NONE', ( #2667 ), #2976, .F. ) ;
#2859 = CARTESIAN_POINT ( 'NONE',  ( 153.8766155812825502, 3.416747231394498289E-12, 2.000000000000000000 ) ) ;
#2860 =( GEOMETRIC_REPRESENTATION_CONTEXT ( 3 ) GLOBAL_UNCERTAINTY_ASSIGNED_CONTEXT ( ( #2326 ) ) GLOBAL_UNIT_ASSIGNED_CONTEXT ( ( #1020, #1074, #1702 ) ) REPRESENTATION_CONTEXT ( 'NONE', 'WORKASPACE' ) );
#2861 = VERTEX_POINT ( 'NONE', #2347 ) ;
#2862 = EDGE_CURVE ( 'NONE', #2829, #1349, #2709, .T. ) ;
#2863 = DIRECTION ( 'NONE',  ( 0.000000000000000000, 0.000000000000000000, 1.000000000000000000 ) ) ;
#2864 = ADVANCED_FACE ( 'NONE', ( #1762 ), #1782, .T. ) ;
#2865 = CARTESIAN_POINT ( 'NONE',  ( 93.71849684162408778, -151.8089869080239964, 2.000000000000000000 ) ) ;
#2866 = ORIENTED_EDGE ( 'NONE', *, *, #3129, .F. ) ;
#2867 = EDGE_CURVE ( 'NONE', #2590, #1894, #1889, .T. ) ;
#2868 = ORIENTED_EDGE ( 'NONE', *, *, #2813, .T. ) ;
#2869 = PLANE ( 'NONE',  #3200 ) ;
#2870 = AXIS2_PLACEMENT_3D ( 'NONE', #693, #2603, #2274 ) ;
#2871 = DIRECTION ( 'NONE',  ( 1.000000000000000000, 0.000000000000000000, 0.000000000000000000 ) ) ;
#2872 = ADVANCED_FACE ( 'NONE', ( #1458 ), #1154, .F. ) ;
#2873 = AXIS2_PLACEMENT_3D ( 'NONE', #189, #2650, #1196 ) ;
#2874 = VERTEX_POINT ( 'NONE', #3324 ) ;
#2875 = CARTESIAN_POINT ( 'NONE',  ( 60.71849684162407357, -152.3089869080239964, 2.000000000000000000 ) ) ;
#2876 = AXIS2_PLACEMENT_3D ( 'NONE', #1397, #3762, #991 ) ;
#2877 = DIRECTION ( 'NONE',  ( -1.000000000000000000, 0.000000000000000000, 0.000000000000000000 ) ) ;
#2878 = ORIENTED_EDGE ( 'NONE', *, *, #1874, .F. ) ;
#2879 = VECTOR ( 'NONE', #1296, 1000.000000000000000 ) ;
#2880 = EDGE_LOOP ( 'NONE', ( #1832, #3354, #1537, #3019 ) ) ;
#2881 = DIRECTION ( 'NONE',  ( -1.000000000000000000, -0.000000000000000000, -0.000000000000000000 ) ) ;
#2882 = CARTESIAN_POINT ( 'NONE',  ( 22.35000000000285425, -133.5000000000000568, 2.000000000000000000 ) ) ;
#2883 = AXIS2_PLACEMENT_3D ( 'NONE', #2208, #386, #1001 ) ;
#2884 = CARTESIAN_POINT ( 'NONE',  ( 0.000000000000000000, -146.0000000000000000, 0.000000000000000000 ) ) ;
#2885 = VERTEX_POINT ( 'NONE', #546 ) ;
#2886 = EDGE_LOOP ( 'NONE', ( #3099, #3606, #1477, #414 ) ) ;
#2887 = AXIS2_PLACEMENT_3D ( 'NONE', #598, #2735, #3954 ) ;
#2888 = LINE ( 'NONE', #121, #1096 ) ;
#2889 = LINE ( 'NONE', #122, #1395 ) ;
#2890 = AXIS2_PLACEMENT_3D ( 'NONE', #529, #3875, #229 ) ;
#2891 = VECTOR ( 'NONE', #551, 1000.000000000000000 ) ;
#2892 = EDGE_CURVE ( 'NONE', #3814, #1649, #1479, .T. ) ;
#2893 = EDGE_CURVE ( 'NONE', #718, #1426, #3639, .T. ) ;
#2894 = ORIENTED_EDGE ( 'NONE', *, *, #1083, .F. ) ;
#2895 = CARTESIAN_POINT ( 'NONE',  ( 76.21849684162407357, -149.8089869080239964, 2.000000000000000000 ) ) ;
#2896 = CYLINDRICAL_SURFACE ( 'NONE', #3831, 0.5000000000000004441 ) ;
#2897 = VERTEX_POINT ( 'NONE', #639 ) ;
#2898 = CARTESIAN_POINT ( 'NONE',  ( 172.6517884765525821, -107.2264661165385604, 2.000000000000000000 ) ) ;
#2899 = ORIENTED_EDGE ( 'NONE', *, *, #2541, .T. ) ;
#2900 = CARTESIAN_POINT ( 'NONE',  ( 34.62907642528273300, 115.2500000000001563, 0.000000000000000000 ) ) ;
#2901 = APPLICATION_PROTOCOL_DEFINITION ( 'draft international standard', 'automotive_design', 1998, #3127 ) ;
#2902 = EDGE_LOOP ( 'NONE', ( #668, #1896, #3926, #2700 ) ) ;
#2903 = LINE ( 'NONE', #1039, #503 ) ;
#2904 = CARTESIAN_POINT ( 'NONE',  ( 152.6266155812826071, 7.299652232749497077E-13, 2.000000000000000000 ) ) ;
#2905 = CARTESIAN_POINT ( 'NONE',  ( 16.10000000000053078, -146.0000000000000000, 2.000000000000000000 ) ) ;
#2906 = ORIENTED_EDGE ( 'NONE', *, *, #967, .T. ) ;
#2907 = ORIENTED_EDGE ( 'NONE', *, *, #1875, .F. ) ;
#2908 = DIRECTION ( 'NONE',  ( 0.000000000000000000, 0.000000000000000000, 1.000000000000000000 ) ) ;
#2909 = CIRCLE ( 'NONE', #3433, 70.25000000001679723 ) ;
#2910 = CARTESIAN_POINT ( 'NONE',  ( 22.35000000000285425, -133.5000000000000568, 2.000000000000000000 ) ) ;
#2911 = ORIENTED_EDGE ( 'NONE', *, *, #792, .F. ) ;
#2912 = CARTESIAN_POINT ( 'NONE',  ( 182.9786440354097579, 7.654818637104770450E-14, 2.000000000000000000 ) ) ;
#2913 = EDGE_CURVE ( 'NONE', #3777, #3310, #3703, .T. ) ;
#2914 = DIRECTION ( 'NONE',  ( 1.000000000000000000, -1.110223024625155594E-14, 0.000000000000000000 ) ) ;
#2915 = CARTESIAN_POINT ( 'NONE',  ( 174.2017884765525650, -46.86755831467730360, 2.000000000000000000 ) ) ;
#2916 = ORIENTED_EDGE ( 'NONE', *, *, #2518, .T. ) ;
#2917 = AXIS2_PLACEMENT_3D ( 'NONE', #3155, #385, #1306 ) ;
#2918 = FACE_BOUND ( 'NONE', #3486, .T. ) ;
#2919 = DIRECTION ( 'NONE',  ( -0.000000000000000000, -0.000000000000000000, -1.000000000000000000 ) ) ;
#2920 = EDGE_CURVE ( 'NONE', #1026, #1736, #2119, .T. ) ;
#2921 = VERTEX_POINT ( 'NONE', #1195 ) ;
#2922 = LINE ( 'NONE', #1705, #1921 ) ;
#2923 = CYLINDRICAL_SURFACE ( 'NONE', #532, 1.549999999999982059 ) ;
#2924 = AXIS2_PLACEMENT_3D ( 'NONE', #874, #2632, #1402 ) ;
#2925 = LINE ( 'NONE', #3235, #951 ) ;
#2926 = AXIS2_PLACEMENT_3D ( 'NONE', #1522, #3976, #619 ) ;
#2927 = EDGE_LOOP ( 'NONE', ( #1595, #2737, #1698, #3228 ) ) ;
#2928 = VECTOR ( 'NONE', #1935, 1000.000000000000000 ) ;
#2929 = LINE ( 'NONE', #2640, #1765 ) ;
#2930 = STYLED_ITEM ( 'NONE', ( #3800 ), #1430 ) ;
#2931 = LINE ( 'NONE', #1122, #1784 ) ;
#2932 = ORIENTED_EDGE ( 'NONE', *, *, #2239, .F. ) ;
#2933 = FACE_OUTER_BOUND ( 'NONE', #661, .T. ) ;
#2934 = CARTESIAN_POINT ( 'NONE',  ( 37.78499999999960579, 120.1823004000001163, 2.000000000000000000 ) ) ;
#2935 = CARTESIAN_POINT ( 'NONE',  ( 109.2184968416240878, -149.8089869080239964, 0.000000000000000000 ) ) ;
#2936 = VERTEX_POINT ( 'NONE', #1516 ) ;
#2937 = DIRECTION ( 'NONE',  ( 0.000000000000000000, -0.000000000000000000, -1.000000000000000000 ) ) ;
#2938 = SHAPE_DEFINITION_REPRESENTATION ( #190, #1430 ) ;
#2939 = ORIENTED_EDGE ( 'NONE', *, *, #1433, .T. ) ;
#2940 = AXIS2_PLACEMENT_3D ( 'NONE', #1559, #2470, #1598 ) ;
#2941 = EDGE_CURVE ( 'NONE', #3946, #1304, #287, .T. ) ;
#2942 = EDGE_CURVE ( 'NONE', #1910, #1026, #3880, .T. ) ;
#2943 = ORIENTED_EDGE ( 'NONE', *, *, #1554, .T. ) ;
#2944 = CIRCLE ( 'NONE', #944, 0.5000000000000004441 ) ;
#2945 = DIRECTION ( 'NONE',  ( -1.000000000000000000, 0.000000000000000000, 0.000000000000000000 ) ) ;
#2946 = DIRECTION ( 'NONE',  ( 1.000000000000000000, 0.000000000000000000, 0.000000000000000000 ) ) ;
#2947 = CARTESIAN_POINT ( 'NONE',  ( 0.000000000000000000, -150.5000000000000000, 2.000000000000000000 ) ) ;
#2948 = STYLED_ITEM ( 'NONE', ( #2251 ), #1064 ) ;
#2949 = EDGE_LOOP ( 'NONE', ( #924, #3845, #3659, #697 ) ) ;
#2950 = CIRCLE ( 'NONE', #170, 5.311761425294665884 ) ;
#2951 = FACE_OUTER_BOUND ( 'NONE', #2241, .T. ) ;
#2952 = EDGE_CURVE ( 'NONE', #83, #2321, #1115, .T. ) ;
#2953 = CARTESIAN_POINT ( 'NONE',  ( 42.91652163941014919, 115.2500000000001563, 2.000000000000000000 ) ) ;
#2954 = AXIS2_PLACEMENT_3D ( 'NONE', #3352, #19, #3644 ) ;
#2955 = ORIENTED_EDGE ( 'NONE', *, *, #2025, .F. ) ;
#2956 = AXIS2_PLACEMENT_3D ( 'NONE', #2133, #954, #988 ) ;
#2957 = CARTESIAN_POINT ( 'NONE',  ( 150.8430718738659380, -136.6335698548717517, 0.000000000000000000 ) ) ;
#2958 = CARTESIAN_POINT ( 'NONE',  ( 153.8766155812826071, -2.500000000000496492, 2.000000000000000000 ) ) ;
#2959 = ORIENTED_EDGE ( 'NONE', *, *, #2391, .F. ) ;
#2960 = LINE ( 'NONE', #188, #3695 ) ;
#2961 = CARTESIAN_POINT ( 'NONE',  ( 0.000000000000000000, -143.3089869080239964, 0.000000000000000000 ) ) ;
#2962 = EDGE_CURVE ( 'NONE', #1565, #2132, #2145, .T. ) ;
#2963 = CYLINDRICAL_SURFACE ( 'NONE', #3091, 0.4999999999999987232 ) ;
#2964 = CARTESIAN_POINT ( 'NONE',  ( 174.2017884765525650, -107.2264661165385604, 2.000000000000000000 ) ) ;
#2965 = ADVANCED_FACE ( 'NONE', ( #2753 ), #103, .F. ) ;
#2966 = FACE_OUTER_BOUND ( 'NONE', #2886, .T. ) ;
#2967 = EDGE_LOOP ( 'NONE', ( #1513, #1457, #2588, #502 ) ) ;
#2968 = CARTESIAN_POINT ( 'NONE',  ( 113.1926678278854723, 69.36455605658650825, 2.000000000000000000 ) ) ;
#2969 = DIRECTION ( 'NONE',  ( -1.000000000000000000, 0.000000000000000000, 0.000000000000000000 ) ) ;
#2970 = ORIENTED_EDGE ( 'NONE', *, *, #1754, .F. ) ;
#2971 = DIRECTION ( 'NONE',  ( 1.000000000000000000, 0.000000000000000000, 0.000000000000000000 ) ) ;
#2972 = ORIENTED_EDGE ( 'NONE', *, *, #3651, .T. ) ;
#2973 = DIRECTION ( 'NONE',  ( -1.000000000000000000, 0.000000000000000000, 0.000000000000000000 ) ) ;
#2974 = ORIENTED_EDGE ( 'NONE', *, *, #494, .T. ) ;
#2975 = UNCERTAINTY_MEASURE_WITH_UNIT (LENGTH_MEASURE( 1.000000000000000082E-05 ), #777, 'distance_accuracy_value', 'NONE');
#2976 = CYLINDRICAL_SURFACE ( 'NONE', #1373, 0.5000000000000004441 ) ;
#2977 = DIRECTION ( 'NONE',  ( -1.000000000000000000, 0.000000000000000000, 0.000000000000000000 ) ) ;
#2978 = LINE ( 'NONE', #1806, #1793 ) ;
#2979 = CARTESIAN_POINT ( 'NONE',  ( 174.8807527461468965, 103.3655213315809078, 0.000000000000000000 ) ) ;
#2980 = DIRECTION ( 'NONE',  ( 1.000000000000000000, 0.000000000000000000, 0.000000000000000000 ) ) ;
#2981 = AXIS2_PLACEMENT_3D ( 'NONE', #2258, #993, #2593 ) ;
#2982 = ORIENTED_EDGE ( 'NONE', *, *, #967, .F. ) ;
#2983 = DIRECTION ( 'NONE',  ( -0.5224985647159373636, 0.8526401643540993947, 0.000000000000000000 ) ) ;
#2984 = DIRECTION ( 'NONE',  ( 0.000000000000000000, 0.000000000000000000, 1.000000000000000000 ) ) ;
#2985 = VECTOR ( 'NONE', #2406, 1000.000000000000000 ) ;
#2986 = ORIENTED_EDGE ( 'NONE', *, *, #3887, .T. ) ;
#2987 = ADVANCED_FACE ( 'NONE', ( #896 ), #1821, .F. ) ;
#2988 = EDGE_CURVE ( 'NONE', #3941, #578, #3702, .T. ) ;
#2989 = AXIS2_PLACEMENT_3D ( 'NONE', #1987, #1645, #1080 ) ;
#2990 = VECTOR ( 'NONE', #1367, 1000.000000000000000 ) ;
#2991 = CARTESIAN_POINT ( 'NONE',  ( 103.2286440353928043, 74.99999999999957367, 2.000000000000000000 ) ) ;
#2992 = ORIENTED_EDGE ( 'NONE', *, *, #3776, .T. ) ;
#2993 = CARTESIAN_POINT ( 'NONE',  ( 161.8032269822574847, -125.6734147464802192, 2.000000000000000000 ) ) ;
#2994 = EDGE_LOOP ( 'NONE', ( #3028, #3358, #3502, #811 ) ) ;
#2995 = CARTESIAN_POINT ( 'NONE',  ( 182.9786440354098147, -110.8619587240068967, 0.000000000000000000 ) ) ;
#2996 = FACE_OUTER_BOUND ( 'NONE', #2994, .T. ) ;
#2997 = ORIENTED_EDGE ( 'NONE', *, *, #126, .F. ) ;
#2998 = EDGE_CURVE ( 'NONE', #1990, #628, #349, .T. ) ;
#2999 = CARTESIAN_POINT ( 'NONE',  ( 161.4496735916642081, -126.0269681370735100, 0.000000000000000000 ) ) ;
#3000 = AXIS2_PLACEMENT_3D ( 'NONE', #2547, #107, #990 ) ;
#3001 = DIRECTION ( 'NONE',  ( 0.3145145977190307307, -0.9492526364575639697, 0.000000000000000000 ) ) ;
#3002 = LINE ( 'NONE', #2947, #631 ) ;
#3003 = CIRCLE ( 'NONE', #3952, 2.999999999999870770 ) ;
#3004 = ORIENTED_EDGE ( 'NONE', *, *, #2345, .F. ) ;
#3005 = ORIENTED_EDGE ( 'NONE', *, *, #1609, .F. ) ;
#3006 = VERTEX_POINT ( 'NONE', #1558 ) ;
#3007 = CARTESIAN_POINT ( 'NONE',  ( 176.4307527461468794, 103.3655213315809078, 2.000000000000000000 ) ) ;
#3008 = AXIS2_PLACEMENT_3D ( 'NONE', #3966, #667, #3719 ) ;
#3009 = EDGE_LOOP ( 'NONE', ( #2111, #194, #407, #559 ) ) ;
#3010 = DIRECTION ( 'NONE',  ( 0.000000000000000000, 0.000000000000000000, 1.000000000000000000 ) ) ;
#3011 = ORIENTED_EDGE ( 'NONE', *, *, #936, .T. ) ;
#3012 = VECTOR ( 'NONE', #3378, 1000.000000000000000 ) ;
#3013 = LINE ( 'NONE', #3853, #1713 ) ;
#3014 = EDGE_LOOP ( 'NONE', ( #2118, #844, #997, #2070 ) ) ;
#3015 = ADVANCED_FACE ( 'NONE', ( #3771 ), #1006, .T. ) ;
#3016 = AXIS2_PLACEMENT_3D ( 'NONE', #2905, #1629, #1967 ) ;
#3018 = EDGE_CURVE ( 'NONE', #1227, #2334, #2233, .T. ) ;
#3017 = DIRECTION ( 'NONE',  ( 0.000000000000000000, 0.000000000000000000, -1.000000000000000000 ) ) ;
#3019 = ORIENTED_EDGE ( 'NONE', *, *, #2371, .F. ) ;
#3020 = EDGE_LOOP ( 'NONE', ( #2192, #2997 ) ) ;
#3021 = CIRCLE ( 'NONE', #3589, 1.549999999999995826 ) ;
#3022 = DIRECTION ( 'NONE',  ( 0.000000000000000000, -0.000000000000000000, 1.000000000000000000 ) ) ;
#3023 = CARTESIAN_POINT ( 'NONE',  ( 150.8430718738659380, -136.6335698548717517, 2.000000000000000000 ) ) ;
#3024 = ADVANCED_FACE ( 'NONE', ( #2565 ), #2729, .F. ) ;
#3025 = DIRECTION ( 'NONE',  ( 1.000000000000000000, 0.000000000000000000, 0.000000000000000000 ) ) ;
#3026 = FACE_OUTER_BOUND ( 'NONE', #788, .T. ) ;
#3027 = CARTESIAN_POINT ( 'NONE',  ( 150.8430718738659380, -136.6335698548717517, 2.000000000000000000 ) ) ;
#3028 = ORIENTED_EDGE ( 'NONE', *, *, #1724, .F. ) ;
#3029 = FACE_OUTER_BOUND ( 'NONE', #3285, .T. ) ;
#3030 = EDGE_LOOP ( 'NONE', ( #2707, #3360, #1634, #342 ) ) ;
#3031 = CARTESIAN_POINT ( 'NONE',  ( 175.7517884765525764, -107.2264661165385604, 0.000000000000000000 ) ) ;
#3032 = EDGE_LOOP ( 'NONE', ( #2151, #2801, #2607, #1305 ) ) ;
#3033 = LINE ( 'NONE', #2015, #2613 ) ;
#3034 = ORIENTED_EDGE ( 'NONE', *, *, #1156, .T. ) ;
#3035 = PLANE ( 'NONE',  #3411 ) ;
#3036 = ORIENTED_EDGE ( 'NONE', *, *, #3145, .T. ) ;
#3037 = ORIENTED_EDGE ( 'NONE', *, *, #3419, .T. ) ;
#3038 = EDGE_CURVE ( 'NONE', #1065, #744, #3347, .T. ) ;
#3039 = DIRECTION ( 'NONE',  ( -1.000000000000000000, 0.000000000000000000, 0.000000000000000000 ) ) ;
#3040 = FACE_OUTER_BOUND ( 'NONE', #1539, .T. ) ;
#3041 = ADVANCED_FACE ( 'NONE', ( #2426 ), #2137, .F. ) ;
#3042 = EDGE_CURVE ( 'NONE', #2179, #1090, #3060, .T. ) ;
#3043 = PLANE ( 'NONE',  #501 ) ;
#3044 = LINE ( 'NONE', #3668, #734 ) ;
#3045 = LINE ( 'NONE', #1827, #436 ) ;
#3046 = ORIENTED_EDGE ( 'NONE', *, *, #248, .F. ) ;
#3047 = ORIENTED_EDGE ( 'NONE', *, *, #3567, .F. ) ;
#3048 = ORIENTED_EDGE ( 'NONE', *, *, #2214, .F. ) ;
#3049 = LINE ( 'NONE', #602, #1743 ) ;
#3050 = VERTEX_POINT ( 'NONE', #483 ) ;
#3051 = ORIENTED_EDGE ( 'NONE', *, *, #3866, .F. ) ;
#3052 = LINE ( 'NONE', #886, #1272 ) ;
#3053 = ORIENTED_EDGE ( 'NONE', *, *, #1274, .F. ) ;
#3054 = CARTESIAN_POINT ( 'NONE',  ( 172.6517884765525821, -46.86755831467730360, 2.000000000000000000 ) ) ;
#3055 = EDGE_LOOP ( 'NONE', ( #1929, #3614 ) ) ;
#3056 = CARTESIAN_POINT ( 'NONE',  ( 38.67308811145753822, 144.5757570142349948, 2.000000000000000000 ) ) ;
#3057 = ORIENTED_EDGE ( 'NONE', *, *, #1316, .T. ) ;
#3058 = AXIS2_PLACEMENT_3D ( 'NONE', #2979, #513, #2352 ) ;
#3059 = DIRECTION ( 'NONE',  ( -0.000000000000000000, -0.000000000000000000, 1.000000000000000000 ) ) ;
#3060 = LINE ( 'NONE', #915, #1761 ) ;
#3061 = CARTESIAN_POINT ( 'NONE',  ( 163.1266155812824934, -38.29447582869627098, 2.000000000000000000 ) ) ;
#3062 = PLANE ( 'NONE',  #1706 ) ;
#3063 = DIRECTION ( 'NONE',  ( 0.000000000000000000, 1.000000000000000000, -0.000000000000000000 ) ) ;
#3064 = DIRECTION ( 'NONE',  ( -1.000000000000000000, 0.000000000000000000, 0.000000000000000000 ) ) ;
#3065 = CARTESIAN_POINT ( 'NONE',  ( 93.71849684162408778, -152.3089869080239964, 2.000000000000000000 ) ) ;
#3066 = ORIENTED_EDGE ( 'NONE', *, *, #3167, .T. ) ;
#3067 = EDGE_CURVE ( 'NONE', #3104, #3814, #534, .T. ) ;
#3068 = EDGE_CURVE ( 'NONE', #444, #3660, #2293, .T. ) ;
#3069 = ORIENTED_EDGE ( 'NONE', *, *, #13, .T. ) ;
#3070 = VERTEX_POINT ( 'NONE', #1672 ) ;
#3071 = CIRCLE ( 'NONE', #360, 1.549999999999995826 ) ;
#3072 = LINE ( 'NONE', #3903, #2644 ) ;
#3073 = ORIENTED_EDGE ( 'NONE', *, *, #647, .F. ) ;
#3074 = CARTESIAN_POINT ( 'NONE',  ( 150.8430718738659380, -136.6335698548717517, 2.000000000000000000 ) ) ;
#3075 = AXIS2_PLACEMENT_3D ( 'NONE', #2450, #2161, #1841 ) ;
#3076 = VERTEX_POINT ( 'NONE', #2336 ) ;
#3077 = ORIENTED_EDGE ( 'NONE', *, *, #792, .T. ) ;
#3078 = CARTESIAN_POINT ( 'NONE',  ( 0.2500000000525954280, -133.4999999999684235, 0.000000000000000000 ) ) ;
#3079 = EDGE_LOOP ( 'NONE', ( #2851, #123, #3870, #1214 ) ) ;
#3080 = CARTESIAN_POINT ( 'NONE',  ( 12.00000000000053824, -146.5000000000000000, 2.000000000000000000 ) ) ;
#3081 = AXIS2_PLACEMENT_3D ( 'NONE', #218, #843, #3278 ) ;
#3082 = ORIENTED_EDGE ( 'NONE', *, *, #1899, .T. ) ;
#3083 = DIRECTION ( 'NONE',  ( 1.000000000000000000, 0.000000000000000000, 0.000000000000000000 ) ) ;
#3084 = DIRECTION ( 'NONE',  ( 0.000000000000000000, 0.000000000000000000, -1.000000000000000000 ) ) ;
#3085 = VECTOR ( 'NONE', #2416, 1000.000000000000000 ) ;
#3086 = DIRECTION ( 'NONE',  ( 1.000000000000000000, 0.000000000000000000, 0.000000000000000000 ) ) ;
#3087 = DIRECTION ( 'NONE',  ( 0.000000000000000000, 0.000000000000000000, -1.000000000000000000 ) ) ;
#3088 = VECTOR ( 'NONE', #3731, 1000.000000000000000 ) ;
#3089 = CARTESIAN_POINT ( 'NONE',  ( 159.6819066386978250, -124.2592011841071269, 2.000000000000000000 ) ) ;
#3090 = DIRECTION ( 'NONE',  ( 0.000000000000000000, 1.000000000000000000, 0.000000000000000000 ) ) ;
#3091 = AXIS2_PLACEMENT_3D ( 'NONE', #3641, #1481, #1174 ) ;
#3092 = CIRCLE ( 'NONE', #563, 5.311761425294665884 ) ;
#3093 = DIRECTION ( 'NONE',  ( 0.000000000000000000, 0.000000000000000000, 1.000000000000000000 ) ) ;
#3094 = EDGE_CURVE ( 'NONE', #1352, #105, #215, .T. ) ;
#3095 = ORIENTED_EDGE ( 'NONE', *, *, #3094, .F. ) ;
#3096 = PLANE ( 'NONE',  #3916 ) ;
#3097 = EDGE_CURVE ( 'NONE', #778, #1352, #727, .T. ) ;
#3098 = DIRECTION ( 'NONE',  ( 1.000000000000000000, 0.000000000000000000, 0.000000000000000000 ) ) ;
#3099 = ORIENTED_EDGE ( 'NONE', *, *, #3365, .T. ) ;
#3100 = CARTESIAN_POINT ( 'NONE',  ( 17.45000000000051799, -155.0000000000001705, 2.000000000000000000 ) ) ;
#3101 = ORIENTED_EDGE ( 'NONE', *, *, #2452, .F. ) ;
#3102 = CARTESIAN_POINT ( 'NONE',  ( 60.71849684162407357, -149.8089869080239964, 2.000000000000000000 ) ) ;
#3103 = EDGE_CURVE ( 'NONE', #1816, #2669, #2929, .T. ) ;
#3104 = VERTEX_POINT ( 'NONE', #445 ) ;
#3105 = DIRECTION ( 'NONE',  ( -0.7515378189128070208, -0.6596900080672594147, 0.000000000000000000 ) ) ;
#3106 = CARTESIAN_POINT ( 'NONE',  ( 90.00376491205568641, 149.0787761249845857, 2.000000000000000000 ) ) ;
#3107 = CARTESIAN_POINT ( 'NONE',  ( 12.00000000000053824, 0.000000000000000000, 0.000000000000000000 ) ) ;
#3108 = DIRECTION ( 'NONE',  ( -9.566489757207272714E-17, 1.000000000000000000, 0.000000000000000000 ) ) ;
#3109 = CARTESIAN_POINT ( 'NONE',  ( 24.50112609146677656, -129.6000000000000227, 0.000000000000000000 ) ) ;
#3110 = DIRECTION ( 'NONE',  ( 1.000000000000000000, 0.000000000000000000, 0.000000000000000000 ) ) ;
#3111 = DIRECTION ( 'NONE',  ( 0.000000000000000000, 0.000000000000000000, 1.000000000000000000 ) ) ;
#3112 = VERTEX_POINT ( 'NONE', #1953 ) ;
#3113 = CARTESIAN_POINT ( 'NONE',  ( 176.3374960238982680, 45.01407035374738541, 0.000000000000000000 ) ) ;
#3114 = FACE_BOUND ( 'NONE', #3137, .T. ) ;
#3115 = ORIENTED_EDGE ( 'NONE', *, *, #3192, .F. ) ;
#3116 = DIRECTION ( 'NONE',  ( -0.000000000000000000, 0.000000000000000000, -1.000000000000000000 ) ) ;
#3117 = LINE ( 'NONE', #26, #3591 ) ;
#3118 = EDGE_CURVE ( 'NONE', #1453, #987, #3848, .T. ) ;
#3119 = VECTOR ( 'NONE', #2242, 1000.000000000000000 ) ;
#3120 = EDGE_CURVE ( 'NONE', #1934, #2007, #3496, .T. ) ;
#3121 = VERTEX_POINT ( 'NONE', #803 ) ;
#3122 = CARTESIAN_POINT ( 'NONE',  ( 24.50112609146677656, -130.1000000000000227, 2.000000000000000000 ) ) ;
#3123 = CIRCLE ( 'NONE', #2924, 1.549999999999995826 ) ;
#3124 = DIRECTION ( 'NONE',  ( -0.000000000000000000, -0.000000000000000000, -1.000000000000000000 ) ) ;
#3125 = VECTOR ( 'NONE', #3493, 1000.000000000000000 ) ;
#3126 = DIRECTION ( 'NONE',  ( -0.000000000000000000, 1.000000000000000000, -0.000000000000000000 ) ) ;
#3127 = APPLICATION_CONTEXT ( 'automotive_design' ) ;
#3128 = DIRECTION ( 'NONE',  ( -1.000000000000000000, 0.000000000000000000, 0.000000000000000000 ) ) ;
#3129 = EDGE_CURVE ( 'NONE', #3957, #2252, #3563, .T. ) ;
#3130 = AXIS2_PLACEMENT_3D ( 'NONE', #1666, #113, #700 ) ;
#3131 = LINE ( 'NONE', #2779, #270 ) ;
#3132 = DIRECTION ( 'NONE',  ( -0.000000000000000000, -0.000000000000000000, -1.000000000000000000 ) ) ;
#3133 = ORIENTED_EDGE ( 'NONE', *, *, #3755, .T. ) ;
#3134 = AXIS2_PLACEMENT_3D ( 'NONE', #612, #1194, #2486 ) ;
#3135 = DIRECTION ( 'NONE',  ( -1.000000000000000000, -0.000000000000000000, -0.000000000000000000 ) ) ;
#3136 = PLANE ( 'NONE',  #1461 ) ;
#3137 = EDGE_LOOP ( 'NONE', ( #1820, #908, #119, #1491, #2306, #2836, #3516, #1309, #2943, #2648 ) ) ;
#3138 = AXIS2_PLACEMENT_3D ( 'NONE', #2022, #852, #1785 ) ;
#3139 = DIRECTION ( 'NONE',  ( 1.000000000000000000, 0.000000000000000000, 0.000000000000000000 ) ) ;
#3140 = ORIENTED_EDGE ( 'NONE', *, *, #984, .F. ) ;
#3141 = CARTESIAN_POINT ( 'NONE',  ( 3.358391833222812650, -150.5000000000000000, 2.000000000000000000 ) ) ;
#3142 = VERTEX_POINT ( 'NONE', #1102 ) ;
#3143 = ORIENTED_EDGE ( 'NONE', *, *, #522, .T. ) ;
#3144 = EDGE_CURVE ( 'NONE', #272, #3400, #2324, .T. ) ;
#3145 = EDGE_CURVE ( 'NONE', #1990, #538, #2888, .T. ) ;
#3146 = CARTESIAN_POINT ( 'NONE',  ( 75.71849684162407357, -149.8089869080239964, 2.000000000000000000 ) ) ;
#3147 = CIRCLE ( 'NONE', #2680, 0.4999999999999987232 ) ;
#3148 = CYLINDRICAL_SURFACE ( 'NONE', #1776, 5.000000000000004441 ) ;
#3149 = DIRECTION ( 'NONE',  ( 1.000000000000000000, 0.000000000000000000, 0.000000000000000000 ) ) ;
#3150 = CARTESIAN_POINT ( 'NONE',  ( 39.33499999999958874, 120.1823004000001163, 2.000000000000000000 ) ) ;
#3151 = CIRCLE ( 'NONE', #3212, 0.5000000000000004441 ) ;
#3152 = EDGE_LOOP ( 'NONE', ( #1770, #308, #1556, #1270 ) ) ;
#3153 = ORIENTED_EDGE ( 'NONE', *, *, #2047, .T. ) ;
#3154 = AXIS2_PLACEMENT_3D ( 'NONE', #2402, #1108, #2423 ) ;
#3155 = CARTESIAN_POINT ( 'NONE',  ( 0.000000000000000000, -150.5000000000000000, 2.000000000000000000 ) ) ;
#3156 = CARTESIAN_POINT ( 'NONE',  ( 153.8766155812824934, 2.499999999999766409, 0.000000000000000000 ) ) ;
#3157 = ORIENTED_EDGE ( 'NONE', *, *, #2168, .T. ) ;
#3158 = LINE ( 'NONE', #85, #116 ) ;
#3159 = EDGE_LOOP ( 'NONE', ( #2545, #3697, #2612, #3374 ) ) ;
#3160 = CYLINDRICAL_SURFACE ( 'NONE', #2351, 0.5000000000000004441 ) ;
#3161 = CARTESIAN_POINT ( 'NONE',  ( 0.000000000000000000, 115.2500000000001563, 0.000000000000000000 ) ) ;
#3162 = ORIENTED_EDGE ( 'NONE', *, *, #3750, .F. ) ;
#3163 = EDGE_CURVE ( 'NONE', #1740, #1476, #3238, .T. ) ;
#3164 = CARTESIAN_POINT ( 'NONE',  ( 182.9786440354097863, -44.51580695559693623, 2.000000000000000000 ) ) ;
#3165 = CARTESIAN_POINT ( 'NONE',  ( 20.80000000000285709, -133.5000000000000568, 2.000000000000000000 ) ) ;
#3166 = EDGE_LOOP ( 'NONE', ( #2720, #1210 ) ) ;
#3167 = EDGE_CURVE ( 'NONE', #1033, #518, #1616, .T. ) ;
#3168 = ADVANCED_FACE ( 'NONE', ( #3548 ), #1691, .F. ) ;
#3169 = ORIENTED_EDGE ( 'NONE', *, *, #2452, .T. ) ;
#3170 = CYLINDRICAL_SURFACE ( 'NONE', #3477, 1.549999999999995826 ) ;
#3171 = DIRECTION ( 'NONE',  ( 1.000000000000000000, 0.000000000000000000, 0.000000000000000000 ) ) ;
#3172 = CARTESIAN_POINT ( 'NONE',  ( 149.0753049208995833, -134.8658029019053686, 0.000000000000000000 ) ) ;
#3173 = ORIENTED_EDGE ( 'NONE', *, *, #1724, .T. ) ;
#3174 = CARTESIAN_POINT ( 'NONE',  ( 149.0753049208995833, -134.8658029019053686, 0.000000000000000000 ) ) ;
#3175 = EDGE_CURVE ( 'NONE', #3957, #348, #745, .T. ) ;
#3176 = DIRECTION ( 'NONE',  ( 1.000000000000000000, 0.000000000000000000, 0.000000000000000000 ) ) ;
#3177 = ORIENTED_EDGE ( 'NONE', *, *, #647, .T. ) ;
#3178 = ORIENTED_EDGE ( 'NONE', *, *, #3067, .F. ) ;
#3179 = DIRECTION ( 'NONE',  ( -0.000000000000000000, -0.000000000000000000, 1.000000000000000000 ) ) ;
#3180 = VERTEX_POINT ( 'NONE', #1084 ) ;
#3181 = DIRECTION ( 'NONE',  ( 1.000000000000000000, 0.000000000000000000, 0.000000000000000000 ) ) ;
#3182 = ORIENTED_EDGE ( 'NONE', *, *, #2323, .F. ) ;
#3183 = PRODUCT_DEFINITION_CONTEXT ( 'detailed design', #3127, 'design' ) ;
#3184 = DIRECTION ( 'NONE',  ( 1.000000000000000000, 0.000000000000000000, 0.000000000000000000 ) ) ;
#3185 = ORIENTED_EDGE ( 'NONE', *, *, #312, .T. ) ;
#3186 = AXIS2_PLACEMENT_3D ( 'NONE', #2004, #2027, #1707 ) ;
#3187 = CARTESIAN_POINT ( 'NONE',  ( 24.50112609146677656, -130.1000000000000227, 0.000000000000000000 ) ) ;
#3188 = AXIS2_PLACEMENT_3D ( 'NONE', #1541, #265, #2775 ) ;
#3189 = DIRECTION ( 'NONE',  ( 0.7071067811865483499, 0.7071067811865465735, -0.000000000000000000 ) ) ;
#3190 = EDGE_LOOP ( 'NONE', ( #2675, #1403, #3221, #3195 ) ) ;
#3191 = EDGE_CURVE ( 'NONE', #2051, #256, #1061, .T. ) ;
#3192 = EDGE_CURVE ( 'NONE', #3798, #1484, #3686, .T. ) ;
#3193 = CARTESIAN_POINT ( 'NONE',  ( -42.95285051316697178, 42.95285051316712099, 0.000000000000000000 ) ) ;
#3194 = ORIENTED_EDGE ( 'NONE', *, *, #1335, .F. ) ;
#3195 = ORIENTED_EDGE ( 'NONE', *, *, #741, .F. ) ;
#3196 = CARTESIAN_POINT ( 'NONE',  ( 175.7517884765525764, -107.2264661165385604, 2.000000000000000000 ) ) ;
#3197 = DIRECTION ( 'NONE',  ( 1.000000000000000000, 0.000000000000000000, 0.000000000000000000 ) ) ;
#3198 = VERTEX_POINT ( 'NONE', #1712 ) ;
#3199 = FACE_OUTER_BOUND ( 'NONE', #3964, .T. ) ;
#3200 = AXIS2_PLACEMENT_3D ( 'NONE', #2830, #72, #1657 ) ;
#3201 = DIRECTION ( 'NONE',  ( 0.000000000000000000, -1.000000000000000000, 0.000000000000000000 ) ) ;
#3202 = DIRECTION ( 'NONE',  ( 1.000000000000000000, 0.000000000000000000, 0.000000000000000000 ) ) ;
#3203 = VECTOR ( 'NONE', #3306, 1000.000000000000000 ) ;
#3204 = EDGE_LOOP ( 'NONE', ( #555, #2899, #3177, #3742 ) ) ;
#3205 = DIRECTION ( 'NONE',  ( 0.000000000000000000, 0.000000000000000000, -1.000000000000000000 ) ) ;
#3206 = VECTOR ( 'NONE', #2131, 1000.000000000000000 ) ;
#3207 = DIRECTION ( 'NONE',  ( 0.000000000000000000, 0.000000000000000000, 1.000000000000000000 ) ) ;
#3208 = AXIS2_PLACEMENT_3D ( 'NONE', #767, #84, #1992 ) ;
#3209 = ORIENTED_EDGE ( 'NONE', *, *, #3120, .F. ) ;
#3210 = CARTESIAN_POINT ( 'NONE',  ( 149.0753049208995833, -134.8658029019053686, 2.000000000000000000 ) ) ;
#3211 = CARTESIAN_POINT ( 'NONE',  ( -24.47799001356032278, -129.5341557186155228, 0.000000000000000000 ) ) ;
#3212 = AXIS2_PLACEMENT_3D ( 'NONE', #1139, #3273, #462 ) ;
#3213 = CARTESIAN_POINT ( 'NONE',  ( 17.45000000000051799, -155.0000000000001705, 2.000000000000000000 ) ) ;
#3214 = ADVANCED_FACE ( 'NONE', ( #2951 ), #1734, .T. ) ;
#3215 = ORIENTED_EDGE ( 'NONE', *, *, #1243, .F. ) ;
#3216 = AXIS2_PLACEMENT_3D ( 'NONE', #1191, #186, #2973 ) ;
#3217 = EDGE_CURVE ( 'NONE', #1938, #2861, #905, .T. ) ;
#3218 = CARTESIAN_POINT ( 'NONE',  ( 136.0316158513925302, -157.8089869080239964, 2.000000000000000000 ) ) ;
#3219 = CARTESIAN_POINT ( 'NONE',  ( 12.00000000000053824, -146.0000000000000000, 2.000000000000000000 ) ) ;
#3220 = VECTOR ( 'NONE', #1625, 1000.000000000000000 ) ;
#3221 = ORIENTED_EDGE ( 'NONE', *, *, #3504, .T. ) ;
#3222 = CARTESIAN_POINT ( 'NONE',  ( 89.94704292807887214, 144.0790978736834518, 2.000000000000000000 ) ) ;
#3223 = VECTOR ( 'NONE', #381, 1000.000000000000000 ) ;
#3224 = LINE ( 'NONE', #1695, #106 ) ;
#3225 = ORIENTED_EDGE ( 'NONE', *, *, #2988, .F. ) ;
#3226 = EDGE_CURVE ( 'NONE', #2798, #1640, #2909, .T. ) ;
#3227 = DIRECTION ( 'NONE',  ( 1.000000000000000000, 0.000000000000000000, 0.000000000000000000 ) ) ;
#3228 = ORIENTED_EDGE ( 'NONE', *, *, #302, .F. ) ;
#3229 = DIRECTION ( 'NONE',  ( -0.000000000000000000, 0.000000000000000000, 1.000000000000000000 ) ) ;
#3230 = CARTESIAN_POINT ( 'NONE',  ( 0.000000000000000000, 0.000000000000000000, 0.000000000000000000 ) ) ;
#3231 = EDGE_LOOP ( 'NONE', ( #2503, #3034, #477, #2630 ) ) ;
#3232 = ORIENTED_EDGE ( 'NONE', *, *, #3550, .F. ) ;
#3233 = CARTESIAN_POINT ( 'NONE',  ( 24.50112609146677656, -130.1000000000000227, 2.000000000000000000 ) ) ;
#3234 = CARTESIAN_POINT ( 'NONE',  ( 109.2184968416240878, -150.3089869080239964, 2.000000000000000000 ) ) ;
#3235 = CARTESIAN_POINT ( 'NONE',  ( 152.6266155812826071, -3.750000000000530687, 2.000000000000000000 ) ) ;
#3236 = EDGE_LOOP ( 'NONE', ( #3901, #3718, #366, #452 ) ) ;
#3237 = ORIENTED_EDGE ( 'NONE', *, *, #357, .T. ) ;
#3238 = LINE ( 'NONE', #1350, #3612 ) ;
#3239 = LINE ( 'NONE', #3549, #492 ) ;
#3240 = ORIENTED_EDGE ( 'NONE', *, *, #1320, .T. ) ;
#3241 = DIRECTION ( 'NONE',  ( 0.000000000000000000, 0.000000000000000000, 1.000000000000000000 ) ) ;
#3242 = CARTESIAN_POINT ( 'NONE',  ( 86.24762703046545198, -148.3089869080239964, 0.000000000000000000 ) ) ;
#3243 = EDGE_CURVE ( 'NONE', #1171, #114, #1486, .T. ) ;
#3245 = ADVANCED_FACE ( 'NONE', ( #3029 ), #3672, .F. ) ;
#3244 = CARTESIAN_POINT ( 'NONE',  ( 132.8321558125818456, 146.7206812300225067, 2.000000000000000000 ) ) ;
#3246 = ORIENTED_EDGE ( 'NONE', *, *, #3775, .F. ) ;
#3247 = DIRECTION ( 'NONE',  ( -0.000000000000000000, -0.000000000000000000, -1.000000000000000000 ) ) ;
#3248 = PRODUCT_CONTEXT ( 'NONE', #3605, 'mechanical' ) ;
#3249 = ORIENTED_EDGE ( 'NONE', *, *, #1803, .F. ) ;
#3250 = COLOUR_RGB ( '',1.000000000000000000, 0.9803921568627450567, 0.5294117647058823595 ) ;
#3251 = ORIENTED_EDGE ( 'NONE', *, *, #1804, .F. ) ;
#3252 = EDGE_CURVE ( 'NONE', #3198, #1715, #2765, .T. ) ;
#3253 = DIRECTION ( 'NONE',  ( 1.000000000000000000, 0.000000000000000000, 0.000000000000000000 ) ) ;
#3254 = DIRECTION ( 'NONE',  ( -0.000000000000000000, -0.000000000000000000, -1.000000000000000000 ) ) ;
#3255 = LINE ( 'NONE', #2374, #3586 ) ;
#3256 = ORIENTED_EDGE ( 'NONE', *, *, #670, .T. ) ;
#3257 = VERTEX_POINT ( 'NONE', #861 ) ;
#3258 = DIRECTION ( 'NONE',  ( 1.000000000000000000, 0.000000000000000000, 0.000000000000000000 ) ) ;
#3259 = CARTESIAN_POINT ( 'NONE',  ( 40.88499999999956458, 120.1823004000001163, 2.000000000000000000 ) ) ;
#3260 = ORIENTED_EDGE ( 'NONE', *, *, #3395, .F. ) ;
#3261 = DIRECTION ( 'NONE',  ( -1.000000000000000000, 0.000000000000000000, 0.000000000000000000 ) ) ;
#3262 = DIRECTION ( 'NONE',  ( 0.9999356502602302355, -0.01134439679536272498, 0.000000000000000000 ) ) ;
#3263 = ORIENTED_EDGE ( 'NONE', *, *, #3068, .F. ) ;
#3264 = DIRECTION ( 'NONE',  ( 0.000000000000000000, 0.000000000000000000, 1.000000000000000000 ) ) ;
#3265 = ORIENTED_EDGE ( 'NONE', *, *, #3961, .F. ) ;
#3266 = EDGE_CURVE ( 'NONE', #2321, #2798, #3049, .T. ) ;
#3267 = DIRECTION ( 'NONE',  ( 0.000000000000000000, 0.000000000000000000, -1.000000000000000000 ) ) ;
#3268 = DIRECTION ( 'NONE',  ( 1.000000000000000000, 0.000000000000000000, 0.000000000000000000 ) ) ;
#3269 = CIRCLE ( 'NONE', #423, 4.999999999999997335 ) ;
#3270 = CIRCLE ( 'NONE', #877, 1.550000000000002709 ) ;
#3271 = CARTESIAN_POINT ( 'NONE',  ( 94.21849684162408778, -149.8089869080239964, 2.000000000000000000 ) ) ;
#3272 = PLANE ( 'NONE',  #2989 ) ;
#3273 = DIRECTION ( 'NONE',  ( 0.000000000000000000, 0.000000000000000000, 1.000000000000000000 ) ) ;
#3274 = AXIS2_PLACEMENT_3D ( 'NONE', #1147, #3588, #2969 ) ;
#3275 = VERTEX_POINT ( 'NONE', #2413 ) ;
#3276 = VECTOR ( 'NONE', #1308, 1000.000000000000000 ) ;
#3277 = DIRECTION ( 'NONE',  ( 0.9826096726084445621, -0.1856831475829868183, 0.000000000000000000 ) ) ;
#3278 = DIRECTION ( 'NONE',  ( 1.000000000000000000, 0.000000000000000000, 0.000000000000000000 ) ) ;
#3279 = AXIS2_PLACEMENT_3D ( 'NONE', #2915, #2606, #2322 ) ;
#3280 = ORIENTED_EDGE ( 'NONE', *, *, #3167, .F. ) ;
#3281 = VECTOR ( 'NONE', #635, 1000.000000000000000 ) ;
#3282 = LINE ( 'NONE', #3885, #163 ) ;
#3283 = DIRECTION ( 'NONE',  ( 0.000000000000000000, 0.000000000000000000, 1.000000000000000000 ) ) ;
#3284 = CIRCLE ( 'NONE', #958, 0.5000000000000004441 ) ;
#3285 = EDGE_LOOP ( 'NONE', ( #680, #74, #3298, #3115 ) ) ;
#3286 = CARTESIAN_POINT ( 'NONE',  ( 149.0753049208995833, -134.8658029019053686, 2.000000000000000000 ) ) ;
#3287 = CARTESIAN_POINT ( 'NONE',  ( 0.2500000000525954280, -133.4999999999684235, 2.000000000000000000 ) ) ;
#3288 = ORIENTED_EDGE ( 'NONE', *, *, #2688, .T. ) ;
#3289 = CARTESIAN_POINT ( 'NONE',  ( 37.78499999999951342, 139.4323004000001447, 2.000000000000000000 ) ) ;
#3290 = DIRECTION ( 'NONE',  ( -0.000000000000000000, 0.000000000000000000, 1.000000000000000000 ) ) ;
#3291 = DIRECTION ( 'NONE',  ( -0.7071067811865474617, 0.7071067811865474617, -0.000000000000000000 ) ) ;
#3292 = ADVANCED_FACE ( 'NONE', ( #3921 ), #2438, .F. ) ;
#3293 = ADVANCED_FACE ( 'NONE', ( #1831 ), #2067, .F. ) ;
#3294 = ORIENTED_EDGE ( 'NONE', *, *, #2573, .F. ) ;
#3295 = ORIENTED_EDGE ( 'NONE', *, *, #4, .F. ) ;
#3296 = CARTESIAN_POINT ( 'NONE',  ( 16.10000000000053078, 0.000000000000000000, 2.000000000000000000 ) ) ;
#3297 = CARTESIAN_POINT ( 'NONE',  ( 153.8766155812826071, -2.500000000000496492, 0.000000000000000000 ) ) ;
#3298 = ORIENTED_EDGE ( 'NONE', *, *, #1874, .T. ) ;
#3299 = EDGE_CURVE ( 'NONE', #2393, #3798, #3609, .T. ) ;
#3300 = AXIS2_PLACEMENT_3D ( 'NONE', #580, #2128, #274 ) ;
#3301 = CARTESIAN_POINT ( 'NONE',  ( 12.00000000000053824, -146.0000000000000000, 0.000000000000000000 ) ) ;
#3302 = EDGE_LOOP ( 'NONE', ( #1870, #1526 ) ) ;
#3303 = DIRECTION ( 'NONE',  ( -0.7071067811865484609, -0.7071067811865465735, 0.000000000000000000 ) ) ;
#3304 = VERTEX_POINT ( 'NONE', #1164 ) ;
#3305 = CARTESIAN_POINT ( 'NONE',  ( 173.3307527461468851, 103.3655213315809078, 2.000000000000000000 ) ) ;
#3306 = DIRECTION ( 'NONE',  ( 1.000000000000000000, 0.000000000000000000, 0.000000000000000000 ) ) ;
#3307 = DIRECTION ( 'NONE',  ( 0.000000000000000000, 0.000000000000000000, -1.000000000000000000 ) ) ;
#3308 = DIRECTION ( 'NONE',  ( 1.000000000000000000, 0.000000000000000000, 0.000000000000000000 ) ) ;
#3309 = LINE ( 'NONE', #1768, #2296 ) ;
#3310 = VERTEX_POINT ( 'NONE', #2718 ) ;
#3311 = EDGE_CURVE ( 'NONE', #2007, #3566, #2738, .T. ) ;
#3312 = ORIENTED_EDGE ( 'NONE', *, *, #100, .F. ) ;
#3313 = LINE ( 'NONE', #2676, #1152 ) ;
#3314 = EDGE_CURVE ( 'NONE', #2664, #2507, #1181, .T. ) ;
#3315 = VERTEX_POINT ( 'NONE', #1771 ) ;
#3316 = DIRECTION ( 'NONE',  ( 0.000000000000000000, 0.000000000000000000, 1.000000000000000000 ) ) ;
#3317 = VERTEX_POINT ( 'NONE', #3007 ) ;
#3318 = AXIS2_PLACEMENT_3D ( 'NONE', #2532, #38, #3110 ) ;
#3319 = DIRECTION ( 'NONE',  ( -0.000000000000000000, -0.000000000000000000, 1.000000000000000000 ) ) ;
#3320 = DIRECTION ( 'NONE',  ( 0.7515378189128070208, 0.6596900080672595257, 0.000000000000000000 ) ) ;
#3321 = ORIENTED_EDGE ( 'NONE', *, *, #3707, .T. ) ;
#3322 = EDGE_LOOP ( 'NONE', ( #681, #3295, #317, #136 ) ) ;
#3323 = VECTOR ( 'NONE', #3363, 1000.000000000000114 ) ;
#3324 = CARTESIAN_POINT ( 'NONE',  ( 26.00112609146677656, -130.1000000000000227, 2.000000000000000000 ) ) ;
#3325 = CARTESIAN_POINT ( 'NONE',  ( 47.20443786290442034, 151.5736572563685627, 0.000000000000000000 ) ) ;
#3326 = DIRECTION ( 'NONE',  ( 0.000000000000000000, 0.000000000000000000, -1.000000000000000000 ) ) ;
#3327 = LINE ( 'NONE', #3351, #2794 ) ;
#3328 = DIRECTION ( 'NONE',  ( 1.000000000000000000, 0.000000000000000000, 0.000000000000000000 ) ) ;
#3329 = VECTOR ( 'NONE', #356, 1000.000000000000000 ) ;
#3330 = EDGE_LOOP ( 'NONE', ( #2894, #3656, #2818, #506 ) ) ;
#3331 = CARTESIAN_POINT ( 'NONE',  ( 103.2286440353928043, 74.99999999999957367, 0.000000000000000000 ) ) ;
#3332 = EDGE_CURVE ( 'NONE', #1192, #2436, #3072, .T. ) ;
#3333 = VECTOR ( 'NONE', #3181, 1000.000000000000000 ) ;
#3334 = LINE ( 'NONE', #344, #111 ) ;
#3335 = EDGE_CURVE ( 'NONE', #3112, #1710, #3960, .T. ) ;
#3336 = ORIENTED_EDGE ( 'NONE', *, *, #2269, .F. ) ;
#3337 = VECTOR ( 'NONE', #3098, 1000.000000000000000 ) ;
#3338 = CARTESIAN_POINT ( 'NONE',  ( 39.33499999999951768, 139.4323004000001447, 2.000000000000000000 ) ) ;
#3339 = ORIENTED_EDGE ( 'NONE', *, *, #1502, .F. ) ;
#3340 = VECTOR ( 'NONE', #1099, 1000.000000000000000 ) ;
#3341 = CYLINDRICAL_SURFACE ( 'NONE', #1138, 0.4999999999999987232 ) ;
#3342 = EDGE_CURVE ( 'NONE', #1885, #148, #1448, .T. ) ;
#3343 = EDGE_CURVE ( 'NONE', #148, #2316, #3313, .T. ) ;
#3344 = EDGE_LOOP ( 'NONE', ( #2682, #1837, #2394, #3757 ) ) ;
#3345 = ORIENTED_EDGE ( 'NONE', *, *, #494, .F. ) ;
#3346 = CIRCLE ( 'NONE', #3154, 1.549999999999995826 ) ;
#3347 = LINE ( 'NONE', #3948, #211 ) ;
#3348 = LINE ( 'NONE', #875, #1964 ) ;
#3349 = VECTOR ( 'NONE', #1345, 1000.000000000000000 ) ;
#3350 = CARTESIAN_POINT ( 'NONE',  ( 149.0753049208995833, -134.8658029019053686, 2.000000000000000000 ) ) ;
#3351 = CARTESIAN_POINT ( 'NONE',  ( -38.46199436037706931, 43.81700950317768672, 2.000000000000000000 ) ) ;
#3352 = CARTESIAN_POINT ( 'NONE',  ( 152.6266155812826071, 7.299652232749497077E-13, 2.000000000000000000 ) ) ;
#3353 = ORIENTED_EDGE ( 'NONE', *, *, #1355, .T. ) ;
#3354 = ORIENTED_EDGE ( 'NONE', *, *, #742, .T. ) ;
#3355 = CARTESIAN_POINT ( 'NONE',  ( -53.19204533492343501, 103.2033091850423148, 2.000000000000000000 ) ) ;
#3356 = ORIENTED_EDGE ( 'NONE', *, *, #3440, .T. ) ;
#3357 = LINE ( 'NONE', #1532, #3085 ) ;
#3358 = ORIENTED_EDGE ( 'NONE', *, *, #2920, .T. ) ;
#3359 = DIRECTION ( 'NONE',  ( -1.000000000000000000, 0.000000000000000000, 0.000000000000000000 ) ) ;
#3360 = ORIENTED_EDGE ( 'NONE', *, *, #1627, .T. ) ;
#3361 = DIRECTION ( 'NONE',  ( 0.000000000000000000, -1.000000000000000000, 0.000000000000000000 ) ) ;
#3362 = ORIENTED_EDGE ( 'NONE', *, *, #1772, .F. ) ;
#3363 = DIRECTION ( 'NONE',  ( 0.9990036558656111287, -0.04462841658790407673, 0.000000000000000000 ) ) ;
#3364 = DIRECTION ( 'NONE',  ( 0.000000000000000000, 0.000000000000000000, -1.000000000000000000 ) ) ;
#3365 = EDGE_CURVE ( 'NONE', #3310, #3511, #2355, .T. ) ;
#3366 = EDGE_CURVE ( 'NONE', #415, #3180, #1470, .T. ) ;
#3367 = LINE ( 'NONE', #3061, #746 ) ;
#3368 = PLANE ( 'NONE',  #3717 ) ;
#3369 = CARTESIAN_POINT ( 'NONE',  ( 48.41652163948018028, 0.000000000000000000, 2.000000000000000000 ) ) ;
#3370 = FACE_OUTER_BOUND ( 'NONE', #1995, .T. ) ;
#3371 = FACE_OUTER_BOUND ( 'NONE', #2949, .T. ) ;
#3372 = ADVANCED_FACE ( 'NONE', ( #2395 ), #364, .F. ) ;
#3373 = ORIENTED_EDGE ( 'NONE', *, *, #3961, .T. ) ;
#3374 = ORIENTED_EDGE ( 'NONE', *, *, #2343, .F. ) ;
#3375 = ORIENTED_EDGE ( 'NONE', *, *, #3801, .F. ) ;
#3376 = DIRECTION ( 'NONE',  ( 0.000000000000000000, 0.000000000000000000, -1.000000000000000000 ) ) ;
#3377 = ORIENTED_EDGE ( 'NONE', *, *, #2089, .F. ) ;
#3378 = DIRECTION ( 'NONE',  ( -0.000000000000000000, -0.000000000000000000, 1.000000000000000000 ) ) ;
#3379 = ORIENTED_EDGE ( 'NONE', *, *, #3550, .T. ) ;
#3380 = PLANE ( 'NONE',  #3582 ) ;
#3381 = ORIENTED_EDGE ( 'NONE', *, *, #2811, .F. ) ;
#3382 = PLANE ( 'NONE',  #3850 ) ;
#3383 = ORIENTED_EDGE ( 'NONE', *, *, #599, .F. ) ;
#3384 = VECTOR ( 'NONE', #1729, 1000.000000000000000 ) ;
#3385 = ORIENTED_EDGE ( 'NONE', *, *, #671, .T. ) ;
#3386 = VECTOR ( 'NONE', #1332, 1000.000000000000000 ) ;
#3387 = DIRECTION ( 'NONE',  ( -0.000000000000000000, -0.000000000000000000, -1.000000000000000000 ) ) ;
#3388 = CARTESIAN_POINT ( 'NONE',  ( 38.67308811145753822, 144.5757570142349948, 2.000000000000000000 ) ) ;
#3389 = LINE ( 'NONE', #2961, #618 ) ;
#3390 = ADVANCED_FACE ( 'NONE', ( #1000 ), #3749, .F. ) ;
#3391 = CARTESIAN_POINT ( 'NONE',  ( 0.2500000000525826049, 2.391622439804848893E-17, 0.000000000000000000 ) ) ;
#3392 = CYLINDRICAL_SURFACE ( 'NONE', #1888, 2.749999999941639572 ) ;
#3393 = CIRCLE ( 'NONE', #3454, 0.5000000000000004441 ) ;
#3394 = CARTESIAN_POINT ( 'NONE',  ( 48.41652163948018028, -157.8089869080239964, 2.000000000000000000 ) ) ;
#3395 = EDGE_CURVE ( 'NONE', #2204, #645, #1626, .T. ) ;
#3396 = VERTEX_POINT ( 'NONE', #79 ) ;
#3397 = ORIENTED_EDGE ( 'NONE', *, *, #56, .F. ) ;
#3398 = CARTESIAN_POINT ( 'NONE',  ( 0.000000000000000000, -154.5000000000001705, 2.000000000000000000 ) ) ;
#3399 = DIRECTION ( 'NONE',  ( 1.000000000000000000, 0.000000000000000000, 0.000000000000000000 ) ) ;
#3400 = VERTEX_POINT ( 'NONE', #3113 ) ;
#3401 = CIRCLE ( 'NONE', #550, 1.549999999999995826 ) ;
#3402 = DIRECTION ( 'NONE',  ( 1.000000000000000000, 0.000000000000000000, 0.000000000000000000 ) ) ;
#3403 = FACE_OUTER_BOUND ( 'NONE', #86, .T. ) ;
#3404 = AXIS2_PLACEMENT_3D ( 'NONE', #2501, #324, #303 ) ;
#3405 = ORIENTED_EDGE ( 'NONE', *, *, #568, .F. ) ;
#3406 = DIRECTION ( 'NONE',  ( 0.000000000000000000, 0.000000000000000000, -1.000000000000000000 ) ) ;
#3407 = CARTESIAN_POINT ( 'NONE',  ( 149.4288583114928599, -135.2193562924986452, 2.000000000000000000 ) ) ;
#3408 = AXIS2_PLACEMENT_3D ( 'NONE', #3790, #1589, #2538 ) ;
#3409 = DIRECTION ( 'NONE',  ( -0.000000000000000000, -0.000000000000000000, -1.000000000000000000 ) ) ;
#3410 = CARTESIAN_POINT ( 'NONE',  ( 70.37790612339729535, -70.32108514022340273, 2.000000000000000000 ) ) ;
#3411 = AXIS2_PLACEMENT_3D ( 'NONE', #2073, #1741, #3283 ) ;
#3412 = PLANE ( 'NONE',  #1690 ) ;
#3413 = DIRECTION ( 'NONE',  ( 1.000000000000000000, 0.000000000000000000, 0.000000000000000000 ) ) ;
#3414 = AXIS2_PLACEMENT_3D ( 'NONE', #1883, #2732, #338 ) ;
#3415 = AXIS2_PLACEMENT_3D ( 'NONE', #854, #3621, #1496 ) ;
#3416 = DIRECTION ( 'NONE',  ( 0.000000000000000000, 0.000000000000000000, 1.000000000000000000 ) ) ;
#3417 = VERTEX_POINT ( 'NONE', #3437 ) ;
#3418 = DIRECTION ( 'NONE',  ( -0.000000000000000000, -0.000000000000000000, -1.000000000000000000 ) ) ;
#3419 = EDGE_CURVE ( 'NONE', #1065, #1488, #1250, .T. ) ;
#3420 = ADVANCED_FACE ( 'NONE', ( #663 ), #3096, .T. ) ;
#3421 = CARTESIAN_POINT ( 'NONE',  ( 161.4496735916642081, -125.3198613558869425, 2.000000000000000000 ) ) ;
#3422 = ORIENTED_EDGE ( 'NONE', *, *, #3600, .T. ) ;
#3423 = AXIS2_PLACEMENT_3D ( 'NONE', #3692, #323, #646 ) ;
#3424 = DIRECTION ( 'NONE',  ( 0.000000000000000000, 0.000000000000000000, -1.000000000000000000 ) ) ;
#3425 = DIRECTION ( 'NONE',  ( 0.1856831475829868461, 0.9826096726084446731, -0.000000000000000000 ) ) ;
#3426 = ORIENTED_EDGE ( 'NONE', *, *, #715, .T. ) ;
#3427 = ADVANCED_FACE ( 'NONE', ( #1890 ), #2799, .T. ) ;
#3428 = CARTESIAN_POINT ( 'NONE',  ( 86.24762703046545198, -143.3089869080239964, 2.000000000000000000 ) ) ;
#3429 = LINE ( 'NONE', #1260, #2806 ) ;
#3430 = CARTESIAN_POINT ( 'NONE',  ( 76.21849684162407357, -149.8089869080239964, 0.000000000000000000 ) ) ;
#3431 = DIRECTION ( 'NONE',  ( -0.000000000000000000, 0.000000000000000000, 1.000000000000000000 ) ) ;
#3432 = CARTESIAN_POINT ( 'NONE',  ( 0.000000000000000000, -146.0000000000000000, 2.000000000000000000 ) ) ;
#3433 = AXIS2_PLACEMENT_3D ( 'NONE', #3331, #1794, #2378 ) ;
#3434 = CARTESIAN_POINT ( 'NONE',  ( 7.250000000000530243, -133.4999999999684235, 2.000000000000000000 ) ) ;
#3435 = ORIENTED_EDGE ( 'NONE', *, *, #3504, .F. ) ;
#3436 = ORIENTED_EDGE ( 'NONE', *, *, #3468, .F. ) ;
#3437 = CARTESIAN_POINT ( 'NONE',  ( 152.6266155812826071, -3.750000000000530687, 0.000000000000000000 ) ) ;
#3438 = LINE ( 'NONE', #1687, #2038 ) ;
#3439 = ORIENTED_EDGE ( 'NONE', *, *, #1803, .T. ) ;
#3440 = EDGE_CURVE ( 'NONE', #2230, #2465, #343, .T. ) ;
#3441 = ADVANCED_FACE ( 'NONE', ( #1548 ), #1587, .F. ) ;
#3442 = LINE ( 'NONE', #1255, #2745 ) ;
#3443 = ORIENTED_EDGE ( 'NONE', *, *, #1679, .F. ) ;
#3444 = CARTESIAN_POINT ( 'NONE',  ( 93.21849684162408778, -149.8089869080239964, 0.000000000000000000 ) ) ;
#3445 = ORIENTED_EDGE ( 'NONE', *, *, #87, .F. ) ;
#3446 = LINE ( 'NONE', #1596, #1380 ) ;
#3447 = FACE_OUTER_BOUND ( 'NONE', #1681, .T. ) ;
#3448 = AXIS2_PLACEMENT_3D ( 'NONE', #942, #18, #1545 ) ;
#3449 = DIRECTION ( 'NONE',  ( 1.000000000000000000, 1.652117596168373162E-15, -0.000000000000000000 ) ) ;
#3450 = VECTOR ( 'NONE', #1840, 1000.000000000000000 ) ;
#3451 = DIRECTION ( 'NONE',  ( 0.000000000000000000, -0.000000000000000000, 1.000000000000000000 ) ) ;
#3452 = CARTESIAN_POINT ( 'NONE',  ( 113.1926678278854723, 69.36455605658650825, 0.000000000000000000 ) ) ;
#3453 = EDGE_LOOP ( 'NONE', ( #3699, #873, #2534, #3529 ) ) ;
#3454 = AXIS2_PLACEMENT_3D ( 'NONE', #3122, #353, #3083 ) ;
#3455 = DIRECTION ( 'NONE',  ( 0.000000000000000000, 1.000000000000000000, 0.000000000000000000 ) ) ;
#3456 = FACE_OUTER_BOUND ( 'NONE', #903, .T. ) ;
#3457 = ORIENTED_EDGE ( 'NONE', *, *, #3934, .F. ) ;
#3458 = VECTOR ( 'NONE', #1283, 1000.000000000000000 ) ;
#3459 =( LENGTH_UNIT ( ) NAMED_UNIT ( * ) SI_UNIT ( .MILLI., .METRE. ) );
#3461 = EDGE_CURVE ( 'NONE', #425, #2334, #354, .T. ) ;
#3460 = CYLINDRICAL_SURFACE ( 'NONE', #2691, 1.549999999999995826 ) ;
#3462 = ORIENTED_EDGE ( 'NONE', *, *, #3440, .F. ) ;
#3463 = VECTOR ( 'NONE', #1031, 1000.000000000000000 ) ;
#3464 = LINE ( 'NONE', #3222, #41 ) ;
#3465 = DIRECTION ( 'NONE',  ( 1.652117596168373162E-15, -1.000000000000000000, 0.000000000000000000 ) ) ;
#3466 = ADVANCED_FACE ( 'NONE', ( #42 ), #1271, .F. ) ;
#3467 = VECTOR ( 'NONE', #1974, 1000.000000000000000 ) ;
#3468 = EDGE_CURVE ( 'NONE', #1120, #1552, #3930, .T. ) ;
#3469 = EDGE_LOOP ( 'NONE', ( #3381, #129, #711, #3051 ) ) ;
#3470 = VECTOR ( 'NONE', #2229, 1000.000000000000000 ) ;
#3471 = FACE_BOUND ( 'NONE', #455, .T. ) ;
#3472 = ORIENTED_EDGE ( 'NONE', *, *, #1381, .T. ) ;
#3473 = VECTOR ( 'NONE', #3328, 1000.000000000000000 ) ;
#3474 = ORIENTED_EDGE ( 'NONE', *, *, #3680, .F. ) ;
#3475 = ADVANCED_FACE ( 'NONE', ( #2499 ), #925, .F. ) ;
#3476 = CARTESIAN_POINT ( 'NONE',  ( 48.41652163948018028, 122.3419185567936296, 2.000000000000000000 ) ) ;
#3477 = AXIS2_PLACEMENT_3D ( 'NONE', #438, #1644, #2226 ) ;
#3478 = CARTESIAN_POINT ( 'NONE',  ( 14.60000000000046860, -133.5000000000000000, 2.000000000000000000 ) ) ;
#3479 = DIRECTION ( 'NONE',  ( 1.000000000000000000, 0.000000000000000000, 0.000000000000000000 ) ) ;
#3480 = ORIENTED_EDGE ( 'NONE', *, *, #2734, .T. ) ;
#3481 = DIRECTION ( 'NONE',  ( -0.7071067811865483499, -0.7071067811865465735, -0.000000000000000000 ) ) ;
#3482 = CARTESIAN_POINT ( 'NONE',  ( 7.250000000000530243, -133.4999999999684235, 0.000000000000000000 ) ) ;
#3483 = EDGE_LOOP ( 'NONE', ( #1703, #71, #665, #1613 ) ) ;
#3484 = CARTESIAN_POINT ( 'NONE',  ( 12.59175071685408831, -128.1539330310690445, 0.000000000000000000 ) ) ;
#3485 = LINE ( 'NONE', #2934, #3463 ) ;
#3486 = EDGE_LOOP ( 'NONE', ( #1733, #2788 ) ) ;
#3487 = EDGE_CURVE ( 'NONE', #148, #1082, #1931, .T. ) ;
#3488 = ADVANCED_FACE ( 'NONE', ( #400 ), #21, .F. ) ;
#3489 = FACE_BOUND ( 'NONE', #1981, .T. ) ;
#3490 = ORIENTED_EDGE ( 'NONE', *, *, #621, .F. ) ;
#3491 = VERTEX_POINT ( 'NONE', #3714 ) ;
#3492 = CARTESIAN_POINT ( 'NONE',  ( 90.88249442191175831, 144.1565983093720433, 2.000000000000000000 ) ) ;
#3493 = DIRECTION ( 'NONE',  ( -0.000000000000000000, -0.000000000000000000, -1.000000000000000000 ) ) ;
#3494 = LINE ( 'NONE', #3193, #1398 ) ;
#3495 = ORIENTED_EDGE ( 'NONE', *, *, #198, .F. ) ;
#3496 = LINE ( 'NONE', #421, #2990 ) ;
#3497 = CARTESIAN_POINT ( 'NONE',  ( 13.05000000000047145, -133.5000000000000000, 2.000000000000000000 ) ) ;
#3498 = ORIENTED_EDGE ( 'NONE', *, *, #3342, .T. ) ;
#3499 = FACE_OUTER_BOUND ( 'NONE', #1752, .T. ) ;
#3500 = CARTESIAN_POINT ( 'NONE',  ( 25.00112609146677656, -130.1000000000000227, 2.000000000000000000 ) ) ;
#3501 = DIRECTION ( 'NONE',  ( 1.000000000000000000, 0.000000000000000000, 0.000000000000000000 ) ) ;
#3502 = ORIENTED_EDGE ( 'NONE', *, *, #2454, .T. ) ;
#3503 = FACE_BOUND ( 'NONE', #3302, .T. ) ;
#3504 = EDGE_CURVE ( 'NONE', #1186, #805, #1228, .T. ) ;
#3505 = EDGE_CURVE ( 'NONE', #2403, #1075, #1364, .T. ) ;
#3506 = ORIENTED_EDGE ( 'NONE', *, *, #3632, .T. ) ;
#3507 = CARTESIAN_POINT ( 'NONE',  ( 26.00112609146683340, -139.0731633499026145, 0.000000000000000000 ) ) ;
#3508 = VECTOR ( 'NONE', #1043, 1000.000000000000000 ) ;
#3509 = DIRECTION ( 'NONE',  ( -0.000000000000000000, 0.000000000000000000, 1.000000000000000000 ) ) ;
#3510 = CARTESIAN_POINT ( 'NONE',  ( 14.60000000000046860, -133.5000000000000000, 2.000000000000000000 ) ) ;
#3511 = VERTEX_POINT ( 'NONE', #3234 ) ;
#3512 = ORIENTED_EDGE ( 'NONE', *, *, #3163, .T. ) ;
#3513 = EDGE_CURVE ( 'NONE', #662, #1800, #2143, .T. ) ;
#3514 = DIRECTION ( 'NONE',  ( 0.000000000000000000, 0.000000000000000000, -1.000000000000000000 ) ) ;
#3515 = LINE ( 'NONE', #747, #3467 ) ;
#3516 = ORIENTED_EDGE ( 'NONE', *, *, #1852, .T. ) ;
#3517 = LINE ( 'NONE', #3536, #2802 ) ;
#3518 = DIRECTION ( 'NONE',  ( 0.000000000000000000, -1.000000000000000000, 0.000000000000000000 ) ) ;
#3519 = DIRECTION ( 'NONE',  ( 0.02617694830786582161, 0.9996573249755574819, 0.000000000000000000 ) ) ;
#3520 = AXIS2_PLACEMENT_3D ( 'NONE', #2791, #2487, #2181 ) ;
#3521 = ORIENTED_EDGE ( 'NONE', *, *, #2020, .T. ) ;
#3522 = CARTESIAN_POINT ( 'NONE',  ( 0.000000000000000000, 115.2500000000001563, 2.000000000000000000 ) ) ;
#3523 = VECTOR ( 'NONE', #1739, 1000.000000000000000 ) ;
#3524 = ORIENTED_EDGE ( 'NONE', *, *, #474, .T. ) ;
#3525 = CARTESIAN_POINT ( 'NONE',  ( 1.645961042311706590, 145.0808848487865532, 2.000000000000000000 ) ) ;
#3526 = CARTESIAN_POINT ( 'NONE',  ( 76.21849684162407357, -151.8089869080239964, 2.000000000000000000 ) ) ;
#3527 = CIRCLE ( 'NONE', #305, 0.5000000000000004441 ) ;
#3528 = CARTESIAN_POINT ( 'NONE',  ( 58.52982912328025833, 144.4355301496140100, 2.000000000000000000 ) ) ;
#3529 = ORIENTED_EDGE ( 'NONE', *, *, #2712, .T. ) ;
#3530 = ADVANCED_FACE ( 'NONE', ( #417 ), #3272, .T. ) ;
#3531 = DIRECTION ( 'NONE',  ( 0.000000000000000000, 0.000000000000000000, 1.000000000000000000 ) ) ;
#3532 = EDGE_CURVE ( 'NONE', #535, #1258, #2559, .T. ) ;
#3533 = PLANE ( 'NONE',  #3208 ) ;
#3534 = VECTOR ( 'NONE', #2062, 1000.000000000000000 ) ;
#3535 = ORIENTED_EDGE ( 'NONE', *, *, #3487, .F. ) ;
#3536 = CARTESIAN_POINT ( 'NONE',  ( 60.71849684162407357, -152.3089869080239964, 0.000000000000000000 ) ) ;
#3537 = CARTESIAN_POINT ( 'NONE',  ( 152.6266155812824650, 21.16003311384352514, 0.000000000000000000 ) ) ;
#3538 = DIRECTION ( 'NONE',  ( -0.000000000000000000, -0.000000000000000000, 1.000000000000000000 ) ) ;
#3539 = ADVANCED_FACE ( 'NONE', ( #134 ), #2923, .F. ) ;
#3540 = ORIENTED_EDGE ( 'NONE', *, *, #3873, .F. ) ;
#3541 = CARTESIAN_POINT ( 'NONE',  ( 152.6266155812826355, -9.732869643666657821E-13, 0.000000000000000000 ) ) ;
#3542 =( NAMED_UNIT ( * ) PLANE_ANGLE_UNIT ( ) SI_UNIT ( $, .RADIAN. ) );
#3543 = ORIENTED_EDGE ( 'NONE', *, *, #2611, .T. ) ;
#3544 = DIRECTION ( 'NONE',  ( 0.000000000000000000, 0.000000000000000000, -1.000000000000000000 ) ) ;
#3545 = CARTESIAN_POINT ( 'NONE',  ( 152.6266155812826071, -3.750000000000530687, 2.000000000000000000 ) ) ;
#3546 = CARTESIAN_POINT ( 'NONE',  ( 181.9786440354097579, 42.88395526846810668, 0.000000000000000000 ) ) ;
#3547 = ORIENTED_EDGE ( 'NONE', *, *, #2518, .F. ) ;
#3548 = FACE_OUTER_BOUND ( 'NONE', #214, .T. ) ;
#3549 = CARTESIAN_POINT ( 'NONE',  ( 75.71849684162407357, -152.3089869080239964, 2.000000000000000000 ) ) ;
#3550 = EDGE_CURVE ( 'NONE', #2515, #3050, #3789, .T. ) ;
#3551 = ORIENTED_EDGE ( 'NONE', *, *, #2288, .F. ) ;
#3552 = CARTESIAN_POINT ( 'NONE',  ( 180.7317599286525365, -4.732627690551489685, 0.000000000000000000 ) ) ;
#3553 = CARTESIAN_POINT ( 'NONE',  ( -42.95285051316697178, 42.95285051316712099, 2.000000000000000000 ) ) ;
#3554 = EDGE_LOOP ( 'NONE', ( #2040, #1095, #1474, #1969 ) ) ;
#3555 = LINE ( 'NONE', #1375, #3088 ) ;
#3556 = VERTEX_POINT ( 'NONE', #152 ) ;
#3557 = LINE ( 'NONE', #794, #2852 ) ;
#3558 = CARTESIAN_POINT ( 'NONE',  ( 163.1266155812824934, 0.000000000000000000, 2.000000000000000000 ) ) ;
#3559 = CARTESIAN_POINT ( 'NONE',  ( 48.41652163948018028, 122.3419185567936296, 2.000000000000000000 ) ) ;
#3560 = CARTESIAN_POINT ( 'NONE',  ( 76.21849684162407357, -150.3089869080239964, 0.000000000000000000 ) ) ;
#3561 = VECTOR ( 'NONE', #3171, 1000.000000000000000 ) ;
#3562 = ORIENTED_EDGE ( 'NONE', *, *, #1684, .F. ) ;
#3563 = LINE ( 'NONE', #155, #30 ) ;
#3564 =( GEOMETRIC_REPRESENTATION_CONTEXT ( 3 ) GLOBAL_UNCERTAINTY_ASSIGNED_CONTEXT ( ( #2975 ) ) GLOBAL_UNIT_ASSIGNED_CONTEXT ( ( #777, #3542, #2554 ) ) REPRESENTATION_CONTEXT ( 'NONE', 'WORKASPACE' ) );
#3565 = CARTESIAN_POINT ( 'NONE',  ( 160.0354600292911016, -123.9056477935138645, 0.000000000000000000 ) ) ;
#3566 = VERTEX_POINT ( 'NONE', #3545 ) ;
#3567 = EDGE_CURVE ( 'NONE', #2252, #2497, #479, .T. ) ;
#3568 = CARTESIAN_POINT ( 'NONE',  ( 150.8430718738659380, -136.6335698548717517, 2.000000000000000000 ) ) ;
#3569 = VERTEX_POINT ( 'NONE', #1386 ) ;
#3570 = DIRECTION ( 'NONE',  ( -1.000000000000000000, 0.000000000000000000, 0.000000000000000000 ) ) ;
#3571 = ORIENTED_EDGE ( 'NONE', *, *, #3889, .T. ) ;
#3572 = VECTOR ( 'NONE', #2625, 1000.000000000000000 ) ;
#3573 = DIRECTION ( 'NONE',  ( 0.000000000000000000, 0.000000000000000000, -1.000000000000000000 ) ) ;
#3574 = EDGE_CURVE ( 'NONE', #1082, #2225, #3823, .T. ) ;
#3575 = ADVANCED_FACE ( 'NONE', ( #2615 ), #98, .F. ) ;
#3576 = PLANE ( 'NONE',  #104 ) ;
#3577 = VECTOR ( 'NONE', #3518, 1000.000000000000000 ) ;
#3578 = AXIS2_PLACEMENT_3D ( 'NONE', #3568, #221, #2971 ) ;
#3579 = CARTESIAN_POINT ( 'NONE',  ( 93.71849684162408778, -150.3089869080239964, 2.000000000000000000 ) ) ;
#3580 = CARTESIAN_POINT ( 'NONE',  ( 108.7184968416240878, -152.3089869080239964, 2.000000000000000000 ) ) ;
#3581 = CARTESIAN_POINT ( 'NONE',  ( 60.71849684162407357, -152.3089869080239964, 0.000000000000000000 ) ) ;
#3582 = AXIS2_PLACEMENT_3D ( 'NONE', #2155, #2482, #3116 ) ;
#3583 = EDGE_CURVE ( 'NONE', #3198, #1051, #3859, .T. ) ;
#3584 = ORIENTED_EDGE ( 'NONE', *, *, #1856, .T. ) ;
#3585 = EDGE_LOOP ( 'NONE', ( #2480, #2127, #1379, #2752 ) ) ;
#3586 = VECTOR ( 'NONE', #835, 1000.000000000000000 ) ;
#3587 = CARTESIAN_POINT ( 'NONE',  ( 109.2184968416240878, -149.8089869080239964, 2.000000000000000000 ) ) ;
#3588 = DIRECTION ( 'NONE',  ( -0.000000000000000000, -0.000000000000000000, -1.000000000000000000 ) ) ;
#3589 = AXIS2_PLACEMENT_3D ( 'NONE', #3244, #3264, #3501 ) ;
#3590 = EDGE_LOOP ( 'NONE', ( #1791, #3857, #3752, #894 ) ) ;
#3591 = VECTOR ( 'NONE', #2828, 1000.000000000000000 ) ;
#3592 = CARTESIAN_POINT ( 'NONE',  ( 148.5753049208995833, -134.8658029019053686, 2.000000000000000000 ) ) ;
#3593 = CARTESIAN_POINT ( 'NONE',  ( -38.46199436037706931, 43.81700950317768672, 0.000000000000000000 ) ) ;
#3594 = VECTOR ( 'NONE', #358, 1000.000000000000000 ) ;
#3595 = ORIENTED_EDGE ( 'NONE', *, *, #468, .T. ) ;
#3596 = DIRECTION ( 'NONE',  ( -1.000000000000000000, 0.000000000000000000, 0.000000000000000000 ) ) ;
#3597 = LINE ( 'NONE', #547, #3203 ) ;
#3598 = ORIENTED_EDGE ( 'NONE', *, *, #2741, .T. ) ;
#3599 = EDGE_CURVE ( 'NONE', #1985, #1179, #1098, .T. ) ;
#3600 = EDGE_CURVE ( 'NONE', #636, #1227, #2726, .T. ) ;
#3601 = LINE ( 'NONE', #1787, #1535 ) ;
#3602 = VECTOR ( 'NONE', #3418, 1000.000000000000000 ) ;
#3603 = CYLINDRICAL_SURFACE ( 'NONE', #346, 0.5000000000000004441 ) ;
#3604 = CARTESIAN_POINT ( 'NONE',  ( 14.60000000000046860, -133.5000000000000000, 0.000000000000000000 ) ) ;
#3605 = APPLICATION_CONTEXT ( 'automotive_design' ) ;
#3606 = ORIENTED_EDGE ( 'NONE', *, *, #2467, .T. ) ;
#3607 = ORIENTED_EDGE ( 'NONE', *, *, #380, .F. ) ;
#3608 = ORIENTED_EDGE ( 'NONE', *, *, #1220, .T. ) ;
#3609 = LINE ( 'NONE', #257, #1354 ) ;
#3610 = DIRECTION ( 'NONE',  ( -0.000000000000000000, -0.000000000000000000, -1.000000000000000000 ) ) ;
#3611 = ORIENTED_EDGE ( 'NONE', *, *, #3867, .F. ) ;
#3612 = VECTOR ( 'NONE', #2583, 1000.000000000000000 ) ;
#3613 = DIRECTION ( 'NONE',  ( 0.000000000000000000, 0.000000000000000000, -1.000000000000000000 ) ) ;
#3614 = ORIENTED_EDGE ( 'NONE', *, *, #1924, .F. ) ;
#3615 = CARTESIAN_POINT ( 'NONE',  ( 163.1266155812824934, 0.000000000000000000, 2.000000000000000000 ) ) ;
#3616 = VERTEX_POINT ( 'NONE', #3559 ) ;
#3617 = VERTEX_POINT ( 'NONE', #3526 ) ;
#3618 = DIRECTION ( 'NONE',  ( 1.000000000000000000, 5.225305391815332772E-15, 0.000000000000000000 ) ) ;
#3619 = CARTESIAN_POINT ( 'NONE',  ( 60.71849684162407357, -149.8089869080239964, 2.000000000000000000 ) ) ;
#3620 = EDGE_CURVE ( 'NONE', #3814, #2484, #1409, .T. ) ;
#3621 = DIRECTION ( 'NONE',  ( 0.000000000000000000, 0.000000000000000000, 1.000000000000000000 ) ) ;
#3622 = CARTESIAN_POINT ( 'NONE',  ( 109.2184968416240878, -149.8089869080239964, 0.000000000000000000 ) ) ;
#3623 = ADVANCED_FACE ( 'NONE', ( #799 ), #1040, .F. ) ;
#3624 = CARTESIAN_POINT ( 'NONE',  ( 36.58500000005759034, 129.0823004000273500, 0.000000000000000000 ) ) ;
#3625 = ORIENTED_EDGE ( 'NONE', *, *, #548, .T. ) ;
#3626 = EDGE_LOOP ( 'NONE', ( #3037, #3397, #3847, #3353 ) ) ;
#3627 = ORIENTED_EDGE ( 'NONE', *, *, #1132, .F. ) ;
#3628 = CARTESIAN_POINT ( 'NONE',  ( 70.37790612339729535, -70.32108514022340273, 0.000000000000000000 ) ) ;
#3629 = EDGE_CURVE ( 'NONE', #2316, #2225, #1327, .T. ) ;
#3630 = DIRECTION ( 'NONE',  ( -0.000000000000000000, -0.000000000000000000, -1.000000000000000000 ) ) ;
#3631 = VERTEX_POINT ( 'NONE', #2286 ) ;
#3632 = EDGE_CURVE ( 'NONE', #1760, #3793, #762, .T. ) ;
#3633 = MECHANICAL_DESIGN_GEOMETRIC_PRESENTATION_REPRESENTATION (  '', ( #2930 ), #3564 ) ;
#3634 = CYLINDRICAL_SURFACE ( 'NONE', #3956, 1.550000000000002709 ) ;
#3635 = ORIENTED_EDGE ( 'NONE', *, *, #917, .F. ) ;
#3636 = CARTESIAN_POINT ( 'NONE',  ( 160.3890134198844066, -124.2592011841071127, 2.000000000000000000 ) ) ;
#3637 = ORIENTED_EDGE ( 'NONE', *, *, #145, .F. ) ;
#3638 = EDGE_LOOP ( 'NONE', ( #3383, #3654 ) ) ;
#3639 = LINE ( 'NONE', #2790, #2728 ) ;
#3640 = CARTESIAN_POINT ( 'NONE',  ( 25.00112609146677656, -130.1000000000000227, 0.000000000000000000 ) ) ;
#3641 = CARTESIAN_POINT ( 'NONE',  ( 16.10000000000053078, -146.0000000000000000, 2.000000000000000000 ) ) ;
#3642 = CIRCLE ( 'NONE', #2610, 1.549999999999995826 ) ;
#3643 = LINE ( 'NONE', #530, #985 ) ;
#3644 = DIRECTION ( 'NONE',  ( 4.782686299469182098E-15, -1.000000000000000000, 0.000000000000000000 ) ) ;
#3645 = VECTOR ( 'NONE', #751, 1000.000000000000000 ) ;
#3646 = ORIENTED_EDGE ( 'NONE', *, *, #1311, .F. ) ;
#3647 = ORIENTED_EDGE ( 'NONE', *, *, #1220, .F. ) ;
#3648 = CARTESIAN_POINT ( 'NONE',  ( 61.21849684162407357, -149.8089869080239964, 2.000000000000000000 ) ) ;
#3649 = CARTESIAN_POINT ( 'NONE',  ( 173.3307527461468851, 103.3655213315809078, 0.000000000000000000 ) ) ;
#3650 = ORIENTED_EDGE ( 'NONE', *, *, #2696, .T. ) ;
#3651 = EDGE_CURVE ( 'NONE', #432, #3142, #1966, .T. ) ;
#3652 = VECTOR ( 'NONE', #3751, 1000.000000000000000 ) ;
#3653 = ADVANCED_FACE ( 'NONE', ( #3953 ), #2714, .F. ) ;
#3654 = ORIENTED_EDGE ( 'NONE', *, *, #1156, .F. ) ;
#3655 = CARTESIAN_POINT ( 'NONE',  ( 174.7874960238982567, 45.01407035374738541, 2.000000000000000000 ) ) ;
#3656 = ORIENTED_EDGE ( 'NONE', *, *, #2153, .F. ) ;
#3657 = CIRCLE ( 'NONE', #1719, 0.5000000000000004441 ) ;
#3658 = CARTESIAN_POINT ( 'NONE',  ( 132.8321558125818456, 146.7206812300225067, 2.000000000000000000 ) ) ;
#3659 = ORIENTED_EDGE ( 'NONE', *, *, #3532, .T. ) ;
#3660 = VERTEX_POINT ( 'NONE', #2102 ) ;
#3661 = VECTOR ( 'NONE', #1436, 1000.000000000000000 ) ;
#3662 = CARTESIAN_POINT ( 'NONE',  ( 93.71849684162408778, -149.8089869080239964, 2.000000000000000000 ) ) ;
#3663 = CARTESIAN_POINT ( 'NONE',  ( 0.000000000000000000, -143.3089869080239964, 2.000000000000000000 ) ) ;
#3664 = ADVANCED_FACE ( 'NONE', ( #2079 ), #2733, .F. ) ;
#3665 = VECTOR ( 'NONE', #2758, 1000.000000000000000 ) ;
#3666 = CARTESIAN_POINT ( 'NONE',  ( 149.4288583114928599, -134.5122495113120635, 2.000000000000000000 ) ) ;
#3667 = LINE ( 'NONE', #3369, #244 ) ;
#3668 = CARTESIAN_POINT ( 'NONE',  ( 78.18830779064352043, -78.18830779064151670, 0.000000000000000000 ) ) ;
#3669 = DIRECTION ( 'NONE',  ( -0.000000000000000000, -0.000000000000000000, 1.000000000000000000 ) ) ;
#3670 = ORIENTED_EDGE ( 'NONE', *, *, #1852, .F. ) ;
#3671 = ORIENTED_EDGE ( 'NONE', *, *, #2288, .T. ) ;
#3672 = CYLINDRICAL_SURFACE ( 'NONE', #459, 1.549999999999995826 ) ;
#3673 = ORIENTED_EDGE ( 'NONE', *, *, #2328, .F. ) ;
#3674 = EDGE_LOOP ( 'NONE', ( #77, #963, #1180, #2375 ) ) ;
#3675 = DIRECTION ( 'NONE',  ( 0.000000000000000000, 0.000000000000000000, 1.000000000000000000 ) ) ;
#3676 = ORIENTED_EDGE ( 'NONE', *, *, #3955, .F. ) ;
#3677 = LINE ( 'NONE', #2177, #876 ) ;
#3678 = EDGE_LOOP ( 'NONE', ( #1280, #3053, #2939, #3608 ) ) ;
#3680 = EDGE_CURVE ( 'NONE', #838, #311, #192, .T. ) ;
#3679 = LINE ( 'NONE', #7, #2107 ) ;
#3681 = ORIENTED_EDGE ( 'NONE', *, *, #2140, .F. ) ;
#3682 = LINE ( 'NONE', #3701, #3710 ) ;
#3683 = CARTESIAN_POINT ( 'NONE',  ( 76.21849684162407357, -149.8089869080239964, 2.000000000000000000 ) ) ;
#3684 = DIRECTION ( 'NONE',  ( 1.000000000000000000, 0.000000000000000000, 0.000000000000000000 ) ) ;
#3685 = PRODUCT_RELATED_PRODUCT_CATEGORY ( 'part', '', ( #801 ) ) ;
#3686 = CIRCLE ( 'NONE', #2387, 1.549999999999995826 ) ;
#3687 = LINE ( 'NONE', #3666, #2671 ) ;
#3688 = FACE_OUTER_BOUND ( 'NONE', #2424, .T. ) ;
#3689 = CARTESIAN_POINT ( 'NONE',  ( 42.91652163941014919, 115.2500000000001563, 0.000000000000000000 ) ) ;
#3690 = DIRECTION ( 'NONE',  ( -0.000000000000000000, 1.000000000000000000, -0.000000000000000000 ) ) ;
#3691 = ORIENTED_EDGE ( 'NONE', *, *, #3600, .F. ) ;
#3692 = CARTESIAN_POINT ( 'NONE',  ( 0.000000000000000000, 154.5736572563684490, 2.000000000000000000 ) ) ;
#3693 = DIRECTION ( 'NONE',  ( 1.000000000000000000, 0.000000000000000000, 0.000000000000000000 ) ) ;
#3694 = ORIENTED_EDGE ( 'NONE', *, *, #3335, .F. ) ;
#3695 = VECTOR ( 'NONE', #1419, 1000.000000000000000 ) ;
#3696 = DIRECTION ( 'NONE',  ( 0.000000000000000000, 0.000000000000000000, -1.000000000000000000 ) ) ;
#3697 = ORIENTED_EDGE ( 'NONE', *, *, #8, .T. ) ;
#3698 = DIRECTION ( 'NONE',  ( -0.000000000000000000, 0.000000000000000000, 1.000000000000000000 ) ) ;
#3699 = ORIENTED_EDGE ( 'NONE', *, *, #1502, .T. ) ;
#3700 = AXIS2_PLACEMENT_3D ( 'NONE', #3898, #3290, #3308 ) ;
#3701 = CARTESIAN_POINT ( 'NONE',  ( 160.5354600292911300, -123.9056477935138645, 2.000000000000000000 ) ) ;
#3702 = CIRCLE ( 'NONE', #2536, 0.5000000000000004441 ) ;
#3703 = LINE ( 'NONE', #405, #3450 ) ;
#3704 = DIRECTION ( 'NONE',  ( 0.000000000000000000, 1.000000000000000000, -0.000000000000000000 ) ) ;
#3705 = CARTESIAN_POINT ( 'NONE',  ( 0.2500000000525826049, 2.391622439804848893E-17, 2.000000000000000000 ) ) ;
#3706 = EDGE_CURVE ( 'NONE', #66, #2436, #3327, .T. ) ;
#3707 = EDGE_CURVE ( 'NONE', #1090, #311, #2373, .T. ) ;
#3708 = FACE_OUTER_BOUND ( 'NONE', #2031, .T. ) ;
#3709 = CARTESIAN_POINT ( 'NONE',  ( 93.71849684162408778, -151.8089869080239964, 0.000000000000000000 ) ) ;
#3710 = VECTOR ( 'NONE', #3406, 1000.000000000000000 ) ;
#3711 = CARTESIAN_POINT ( 'NONE',  ( 163.1266155812824934, -12.12024082979907824, 0.000000000000000000 ) ) ;
#3712 = VERTEX_POINT ( 'NONE', #269 ) ;
#3713 = AXIS2_PLACEMENT_3D ( 'NONE', #3705, #291, #3108 ) ;
#3714 = CARTESIAN_POINT ( 'NONE',  ( 150.4895184832726613, -136.2800164642784466, 0.000000000000000000 ) ) ;
#3715 = CARTESIAN_POINT ( 'NONE',  ( 121.9816158513925615, -151.0589869080239964, 2.000000000000000000 ) ) ;
#3716 = EDGE_CURVE ( 'NONE', #2515, #50, #3643, .T. ) ;
#3717 = AXIS2_PLACEMENT_3D ( 'NONE', #2139, #1823, #2756 ) ;
#3718 = ORIENTED_EDGE ( 'NONE', *, *, #3934, .T. ) ;
#3719 = DIRECTION ( 'NONE',  ( 1.000000000000000000, 0.000000000000000000, 0.000000000000000000 ) ) ;
#3720 = FACE_OUTER_BOUND ( 'NONE', #933, .T. ) ;
#3721 =( GEOMETRIC_REPRESENTATION_CONTEXT ( 3 ) GLOBAL_UNCERTAINTY_ASSIGNED_CONTEXT ( ( #1111 ) ) GLOBAL_UNIT_ASSIGNED_CONTEXT ( ( #3459, #1653, #709 ) ) REPRESENTATION_CONTEXT ( 'NONE', 'WORKASPACE' ) );
#3722 = ORIENTED_EDGE ( 'NONE', *, *, #742, .F. ) ;
#3723 = ORIENTED_EDGE ( 'NONE', *, *, #3311, .T. ) ;
#3724 = VECTOR ( 'NONE', #2800, 1000.000000000000000 ) ;
#3725 = CARTESIAN_POINT ( 'NONE',  ( 34.62907642528273300, 115.2500000000001563, 2.000000000000000000 ) ) ;
#3726 = CARTESIAN_POINT ( 'NONE',  ( 93.71849684162408778, -152.3089869080239964, 2.000000000000000000 ) ) ;
#3727 = AXIS2_PLACEMENT_3D ( 'NONE', #2993, #2646, #3303 ) ;
#3728 = LINE ( 'NONE', #3391, #3223 ) ;
#3729 = CARTESIAN_POINT ( 'NONE',  ( 93.71849684162408778, -149.8089869080239964, 0.000000000000000000 ) ) ;
#3730 = AXIS2_PLACEMENT_3D ( 'NONE', #972, #70, #2194 ) ;
#3731 = DIRECTION ( 'NONE',  ( 0.000000000000000000, 0.000000000000000000, -1.000000000000000000 ) ) ;
#3732 = EDGE_CURVE ( 'NONE', #768, #1349, #2854, .T. ) ;
#3733 = ADVANCED_FACE ( 'NONE', ( #2389 ), #3603, .F. ) ;
#3734 = VERTEX_POINT ( 'NONE', #818 ) ;
#3735 = CARTESIAN_POINT ( 'NONE',  ( 93.71849684162408778, -149.8089869080239964, 2.000000000000000000 ) ) ;
#3736 = CARTESIAN_POINT ( 'NONE',  ( 93.71849684162408778, -149.8089869080239964, 2.000000000000000000 ) ) ;
#3737 = PRODUCT_DEFINITION ( 'Î´Öª', '', #1828, #3183 ) ;
#3738 = ORIENTED_EDGE ( 'NONE', *, *, #3145, .F. ) ;
#3739 = CARTESIAN_POINT ( 'NONE',  ( 39.33499999999951768, 139.4323004000001447, 0.000000000000000000 ) ) ;
#3740 = EDGE_LOOP ( 'NONE', ( #3237, #3764, #40, #1119, #2383, #388, #3385, #1460, #1642, #3959, #3375, #2126, #2253, #775, #2273, #2443, #2643, #226, #3339, #653, #345, #3895, #1087, #3194, #2763, #1975, #1937, #955, #1389, #202, #1887, #3443, #3791, #1590, #1077, #2773, #2354, #377, #2082, #1550, #1257, #1963, #3457, #1167, #3890, #3077, #1718, #1294, #2505, #2750, #1330, #1750, #2781, #2847, #673, #2266 ) ) ;
#3741 = DIRECTION ( 'NONE',  ( 0.000000000000000000, 0.000000000000000000, -1.000000000000000000 ) ) ;
#3742 = ORIENTED_EDGE ( 'NONE', *, *, #1008, .F. ) ;
#3743 = ORIENTED_EDGE ( 'NONE', *, *, #1456, .F. ) ;
#3744 = DIRECTION ( 'NONE',  ( 0.000000000000000000, 0.000000000000000000, 1.000000000000000000 ) ) ;
#3745 = CARTESIAN_POINT ( 'NONE',  ( 173.2374960238982737, 45.01407035374738541, 2.000000000000000000 ) ) ;
#3746 = DIRECTION ( 'NONE',  ( 0.000000000000000000, 0.000000000000000000, 1.000000000000000000 ) ) ;
#3747 = DIRECTION ( 'NONE',  ( 0.7071067811865565655, -0.7071067811865385799, 0.000000000000000000 ) ) ;
#3748 = ORIENTED_EDGE ( 'NONE', *, *, #2893, .T. ) ;
#3749 = PLANE ( 'NONE',  #1606 ) ;
#3750 = EDGE_CURVE ( 'NONE', #1235, #2059, #1464, .T. ) ;
#3751 = DIRECTION ( 'NONE',  ( 0.000000000000000000, 0.000000000000000000, -1.000000000000000000 ) ) ;
#3752 = ORIENTED_EDGE ( 'NONE', *, *, #2893, .F. ) ;
#3753 = ORIENTED_EDGE ( 'NONE', *, *, #2577, .F. ) ;
#3754 = ADVANCED_FACE ( 'NONE', ( #3026 ), #552, .F. ) ;
#3755 = EDGE_CURVE ( 'NONE', #2936, #778, #1050, .T. ) ;
#3756 = CARTESIAN_POINT ( 'NONE',  ( -53.19204533492343501, 103.2033091850423148, 0.000000000000000000 ) ) ;
#3757 = ORIENTED_EDGE ( 'NONE', *, *, #402, .F. ) ;
#3758 = CARTESIAN_POINT ( 'NONE',  ( 183.6576083050041177, 107.0010139390492867, 2.000000000000000000 ) ) ;
#3759 = VECTOR ( 'NONE', #716, 1000.000000000000000 ) ;
#3760 = ORIENTED_EDGE ( 'NONE', *, *, #3042, .T. ) ;
#3761 = DIRECTION ( 'NONE',  ( -1.000000000000000000, 0.000000000000000000, 0.000000000000000000 ) ) ;
#3762 = DIRECTION ( 'NONE',  ( 0.01134439679536272325, 0.9999356502602302355, -0.000000000000000000 ) ) ;
#3763 = AXIS2_PLACEMENT_3D ( 'NONE', #979, #1867, #293 ) ;
#3764 = ORIENTED_EDGE ( 'NONE', *, *, #2343, .T. ) ;
#3765 = LINE ( 'NONE', #394, #1244 ) ;
#3766 = CARTESIAN_POINT ( 'NONE',  ( 76.21849684162407357, -151.8089869080239964, 2.000000000000000000 ) ) ;
#3767 = ORIENTED_EDGE ( 'NONE', *, *, #3366, .F. ) ;
#3768 = CARTESIAN_POINT ( 'NONE',  ( 0.000000000000000000, -128.1539330310690445, 2.000000000000000000 ) ) ;
#3769 = LINE ( 'NONE', #2839, #3652 ) ;
#3770 = ORIENTED_EDGE ( 'NONE', *, *, #2768, .F. ) ;
#3771 = FACE_OUTER_BOUND ( 'NONE', #2396, .T. ) ;
#3772 = CIRCLE ( 'NONE', #1193, 5.000000000000004441 ) ;
#3773 = CARTESIAN_POINT ( 'NONE',  ( 152.6266155812824650, -21.16003311384340080, 2.000000000000000000 ) ) ;
#3774 = FACE_OUTER_BOUND ( 'NONE', #3344, .T. ) ;
#3775 = EDGE_CURVE ( 'NONE', #3556, #1873, #605, .T. ) ;
#3776 = EDGE_CURVE ( 'NONE', #1120, #384, #2432, .T. ) ;
#3777 = VERTEX_POINT ( 'NONE', #2694 ) ;
#3778 = DIRECTION ( 'NONE',  ( -1.000000000000000000, 0.000000000000000000, 0.000000000000000000 ) ) ;
#3779 = LINE ( 'NONE', #1339, #3645 ) ;
#3780 = CIRCLE ( 'NONE', #2164, 0.5000000000000004441 ) ;
#3781 = ORIENTED_EDGE ( 'NONE', *, *, #3366, .T. ) ;
#3782 = AXIS2_PLACEMENT_3D ( 'NONE', #3581, #193, #2028 ) ;
#3783 = CARTESIAN_POINT ( 'NONE',  ( 20.80000000000285709, -133.5000000000000568, 0.000000000000000000 ) ) ;
#3784 = ORIENTED_EDGE ( 'NONE', *, *, #1945, .F. ) ;
#3785 = VECTOR ( 'NONE', #3538, 1000.000000000000000 ) ;
#3786 = ORIENTED_EDGE ( 'NONE', *, *, #2962, .F. ) ;
#3787 = CARTESIAN_POINT ( 'NONE',  ( 60.71849684162407357, -149.8089869080239964, 2.000000000000000000 ) ) ;
#3788 = CIRCLE ( 'NONE', #1079, 0.5000000000000004441 ) ;
#3789 = LINE ( 'NONE', #173, #1566 ) ;
#3790 = CARTESIAN_POINT ( 'NONE',  ( 76.21849684162407357, -152.3089869080239964, 2.000000000000000000 ) ) ;
#3791 = ORIENTED_EDGE ( 'NONE', *, *, #3335, .T. ) ;
#3792 = CARTESIAN_POINT ( 'NONE',  ( 174.2017884765525650, -107.2264661165385604, 2.000000000000000000 ) ) ;
#3793 = VERTEX_POINT ( 'NONE', #1444 ) ;
#3794 = CYLINDRICAL_SURFACE ( 'NONE', #2870, 4.999999999999997335 ) ;
#3795 = EDGE_CURVE ( 'NONE', #3777, #1472, #1498, .T. ) ;
#3796 = CARTESIAN_POINT ( 'NONE',  ( 60.71849684162407357, -149.8089869080239964, 0.000000000000000000 ) ) ;
#3797 = DIRECTION ( 'NONE',  ( 1.000000000000000000, 0.000000000000000000, 0.000000000000000000 ) ) ;
#3798 = VERTEX_POINT ( 'NONE', #3932 ) ;
#3799 = FACE_BOUND ( 'NONE', #1093, .T. ) ;
#3800 = PRESENTATION_STYLE_ASSIGNMENT (( #2609 ) ) ;
#3801 = EDGE_CURVE ( 'NONE', #1226, #3417, #3044, .T. ) ;
#3802 = ORIENTED_EDGE ( 'NONE', *, *, #1410, .F. ) ;
#3803 = DIRECTION ( 'NONE',  ( -1.000000000000000000, 0.000000000000000000, 0.000000000000000000 ) ) ;
#3804 = DIRECTION ( 'NONE',  ( -1.000000000000000000, 0.000000000000000000, 0.000000000000000000 ) ) ;
#3805 = CYLINDRICAL_SURFACE ( 'NONE', #884, 70.25000000001679723 ) ;
#3806 = EDGE_LOOP ( 'NONE', ( #154, #2415, #1693, #970 ) ) ;
#3807 = DIRECTION ( 'NONE',  ( 0.000000000000000000, 0.000000000000000000, 1.000000000000000000 ) ) ;
#3808 = CARTESIAN_POINT ( 'NONE',  ( 0.2500000000525970378, -150.5000000000000000, 2.000000000000000000 ) ) ;
#3809 = EDGE_LOOP ( 'NONE', ( #1150, #1148, #3140, #1878 ) ) ;
#3810 = LINE ( 'NONE', #1957, #1580 ) ;
#3811 = LINE ( 'NONE', #1068, #3333 ) ;
#3812 = VERTEX_POINT ( 'NONE', #2672 ) ;
#3813 = CARTESIAN_POINT ( 'NONE',  ( 180.7317599286525365, -4.732627690551489685, 2.000000000000000000 ) ) ;
#3814 = VERTEX_POINT ( 'NONE', #2124 ) ;
#3815 = FACE_BOUND ( 'NONE', #754, .T. ) ;
#3816 = SURFACE_STYLE_FILL_AREA ( #2281 ) ;
#3817 = AXIS2_PLACEMENT_3D ( 'NONE', #723, #2309, #440 ) ;
#3818 = AXIS2_PLACEMENT_3D ( 'NONE', #2687, #2076, #3022 ) ;
#3819 = ADVANCED_FACE ( 'NONE', ( #3370 ), #597, .F. ) ;
#3820 = EDGE_CURVE ( 'NONE', #545, #685, #410, .T. ) ;
#3821 = VERTEX_POINT ( 'NONE', #678 ) ;
#3822 = DIRECTION ( 'NONE',  ( -1.000000000000000000, 0.000000000000000000, 0.000000000000000000 ) ) ;
#3823 = LINE ( 'NONE', #2636, #2270 ) ;
#3824 = DIRECTION ( 'NONE',  ( -1.000000000000000000, -0.000000000000000000, -0.000000000000000000 ) ) ;
#3825 = VERTEX_POINT ( 'NONE', #2759 ) ;
#3826 = CARTESIAN_POINT ( 'NONE',  ( 60.71849684162407357, -152.3089869080239964, 2.000000000000000000 ) ) ;
#3827 = EDGE_CURVE ( 'NONE', #3121, #1304, #1442, .T. ) ;
#3828 = DIRECTION ( 'NONE',  ( -0.000000000000000000, 0.000000000000000000, 1.000000000000000000 ) ) ;
#3829 = ORIENTED_EDGE ( 'NONE', *, *, #1662, .T. ) ;
#3830 = CARTESIAN_POINT ( 'NONE',  ( 174.2017884765525650, -107.2264661165385604, 2.000000000000000000 ) ) ;
#3831 = AXIS2_PLACEMENT_3D ( 'NONE', #2300, #141, #3832 ) ;
#3832 = DIRECTION ( 'NONE',  ( -1.000000000000000000, 0.000000000000000000, 0.000000000000000000 ) ) ;
#3833 = CARTESIAN_POINT ( 'NONE',  ( 134.3821558125818285, 146.7206812300225067, 0.000000000000000000 ) ) ;
#3834 = ORIENTED_EDGE ( 'NONE', *, *, #2445, .F. ) ;
#3835 = LINE ( 'NONE', #1962, #1882 ) ;
#3836 = VECTOR ( 'NONE', #2645, 1000.000000000000000 ) ;
#3837 = AXIS2_PLACEMENT_3D ( 'NONE', #3882, #238, #2701 ) ;
#3838 = VERTEX_POINT ( 'NONE', #1563 ) ;
#3839 = CARTESIAN_POINT ( 'NONE',  ( 149.0753049208995833, -134.8658029019053686, 2.000000000000000000 ) ) ;
#3840 = CARTESIAN_POINT ( 'NONE',  ( 101.5319607530560830, 62.21886557086350678, 2.000000000000000000 ) ) ;
#3841 = EDGE_CURVE ( 'NONE', #585, #2633, #1884, .T. ) ;
#3842 = CIRCLE ( 'NONE', #2100, 0.5000000000000004441 ) ;
#3843 = ADVANCED_FACE ( 'NONE', ( #2834 ), #3392, .F. ) ;
#3844 = CARTESIAN_POINT ( 'NONE',  ( 58.52982912328025833, 144.4355301496140100, 2.000000000000000000 ) ) ;
#3845 = ORIENTED_EDGE ( 'NONE', *, *, #1355, .F. ) ;
#3846 = VECTOR ( 'NONE', #620, 1000.000000000000000 ) ;
#3847 = ORIENTED_EDGE ( 'NONE', *, *, #1133, .F. ) ;
#3848 = LINE ( 'NONE', #784, #3508 ) ;
#3849 = CARTESIAN_POINT ( 'NONE',  ( 46.71497167981652154, 118.5842294622296151, 0.000000000000000000 ) ) ;
#3850 = AXIS2_PLACEMENT_3D ( 'NONE', #331, #1553, #2786 ) ;
#3851 = ORIENTED_EDGE ( 'NONE', *, *, #176, .T. ) ;
#3852 = CYLINDRICAL_SURFACE ( 'NONE', #615, 0.5000000000000004441 ) ;
#3853 = CARTESIAN_POINT ( 'NONE',  ( 160.0354600292911016, -123.9056477935138503, 0.000000000000000000 ) ) ;
#3854 = CARTESIAN_POINT ( 'NONE',  ( 17.45000000000051799, -155.0000000000001705, 0.000000000000000000 ) ) ;
#3855 = EDGE_LOOP ( 'NONE', ( #1893, #2157, #2520, #3101 ) ) ;
#3856 = CARTESIAN_POINT ( 'NONE',  ( 160.0354600292911016, -123.9056477935138503, 2.000000000000000000 ) ) ;
#3857 = ORIENTED_EDGE ( 'NONE', *, *, #248, .T. ) ;
#3858 = LINE ( 'NONE', #2372, #2764 ) ;
#3859 = LINE ( 'NONE', #780, #3125 ) ;
#3860 = DIRECTION ( 'NONE',  ( 1.000000000000000000, 0.000000000000000000, 0.000000000000000000 ) ) ;
#3861 = ORIENTED_EDGE ( 'NONE', *, *, #2121, .F. ) ;
#3862 = ADVANCED_FACE ( 'NONE', ( #1286 ), #1303, .F. ) ;
#3863 = CARTESIAN_POINT ( 'NONE',  ( 60.71849684162407357, -152.3089869080239964, 2.000000000000000000 ) ) ;
#3864 = LINE ( 'NONE', #2315, #2224 ) ;
#3865 = EDGE_LOOP ( 'NONE', ( #2594, #626, #1527, #544 ) ) ;
#3866 = EDGE_CURVE ( 'NONE', #2095, #1509, #2473, .T. ) ;
#3867 = EDGE_CURVE ( 'NONE', #730, #3617, #1603, .T. ) ;
#3868 = DIRECTION ( 'NONE',  ( 1.000000000000000000, 0.000000000000000000, 0.000000000000000000 ) ) ;
#3869 = LINE ( 'NONE', #203, #3661 ) ;
#3870 = ORIENTED_EDGE ( 'NONE', *, *, #1212, .F. ) ;
#3871 = DIRECTION ( 'NONE',  ( 0.000000000000000000, 0.000000000000000000, -1.000000000000000000 ) ) ;
#3872 = FACE_OUTER_BOUND ( 'NONE', #782, .T. ) ;
#3873 = EDGE_CURVE ( 'NONE', #2457, #384, #666, .T. ) ;
#3874 = CIRCLE ( 'NONE', #2654, 1.549999999999995826 ) ;
#3875 = DIRECTION ( 'NONE',  ( 0.000000000000000000, 0.000000000000000000, -1.000000000000000000 ) ) ;
#3876 = CARTESIAN_POINT ( 'NONE',  ( 7.500000000000526690, -163.0000000000001421, 2.000000000000000000 ) ) ;
#3877 = DIRECTION ( 'NONE',  ( 0.5224985647159307023, 0.8526401643541033915, 0.000000000000000000 ) ) ;
#3878 = VECTOR ( 'NONE', #740, 1000.000000000000000 ) ;
#3879 = ORIENTED_EDGE ( 'NONE', *, *, #126, .T. ) ;
#3880 = CIRCLE ( 'NONE', #2206, 0.5000000000000004441 ) ;
#3881 = DIRECTION ( 'NONE',  ( 1.000000000000000000, 0.000000000000000000, 0.000000000000000000 ) ) ;
#3882 = CARTESIAN_POINT ( 'NONE',  ( 174.2017884765525650, -46.86755831467730360, 2.000000000000000000 ) ) ;
#3883 = VERTEX_POINT ( 'NONE', #3689 ) ;
#3884 = VECTOR ( 'NONE', #29, 1000.000000000000000 ) ;
#3885 = CARTESIAN_POINT ( 'NONE',  ( 151.3430718738659380, -136.6335698548717517, 2.000000000000000000 ) ) ;
#3886 = ORIENTED_EDGE ( 'NONE', *, *, #2189, .F. ) ;
#3887 = EDGE_CURVE ( 'NONE', #2465, #2095, #1175, .T. ) ;
#3889 = EDGE_CURVE ( 'NONE', #1431, #256, #1584, .T. ) ;
#3888 = CARTESIAN_POINT ( 'NONE',  ( 136.0316158513925302, -157.8089869080239964, 2.000000000000000000 ) ) ;
#3890 = ORIENTED_EDGE ( 'NONE', *, *, #1478, .F. ) ;
#3891 = AXIS2_PLACEMENT_3D ( 'NONE', #2895, #124, #3761 ) ;
#3892 = CARTESIAN_POINT ( 'NONE',  ( 38.67308811145753822, 144.5757570142349948, 2.000000000000000000 ) ) ;
#3893 = EDGE_CURVE ( 'NONE', #1710, #1570, #994, .T. ) ;
#3894 = DIRECTION ( 'NONE',  ( -0.000000000000000000, 0.000000000000000000, 1.000000000000000000 ) ) ;
#3895 = ORIENTED_EDGE ( 'NONE', *, *, #1999, .F. ) ;
#3896 = CIRCLE ( 'NONE', #2086, 1.549999999999982059 ) ;
#3897 = DIRECTION ( 'NONE',  ( -0.000000000000000000, -0.000000000000000000, -1.000000000000000000 ) ) ;
#3898 = CARTESIAN_POINT ( 'NONE',  ( 39.33499999999951768, 139.4323004000001447, 0.000000000000000000 ) ) ;
#3899 = DIRECTION ( 'NONE',  ( -0.000000000000000000, -0.000000000000000000, -1.000000000000000000 ) ) ;
#3900 = CIRCLE ( 'NONE', #752, 0.5000000000000004441 ) ;
#3901 = ORIENTED_EDGE ( 'NONE', *, *, #1700, .F. ) ;
#3902 = VECTOR ( 'NONE', #1815, 1000.000000000000000 ) ;
#3903 = CARTESIAN_POINT ( 'NONE',  ( 46.71497167981650733, 118.5842294622296009, 2.000000000000000000 ) ) ;
#3904 = CYLINDRICAL_SURFACE ( 'NONE', #2036, 70.25000000001671197 ) ;
#3905 = VECTOR ( 'NONE', #2382, 1000.000000000000000 ) ;
#3906 = ORIENTED_EDGE ( 'NONE', *, *, #3716, .T. ) ;
#3907 = CIRCLE ( 'NONE', #1018, 0.5000000000000004441 ) ;
#3908 = DIRECTION ( 'NONE',  ( 0.000000000000000000, 0.000000000000000000, 1.000000000000000000 ) ) ;
#3909 = CARTESIAN_POINT ( 'NONE',  ( 163.1266155812824934, 12.12024082979907824, 2.000000000000000000 ) ) ;
#3910 = EDGE_CURVE ( 'NONE', #1552, #2457, #3131, .T. ) ;
#3911 = ORIENTED_EDGE ( 'NONE', *, *, #3574, .F. ) ;
#3912 = EDGE_CURVE ( 'NONE', #1509, #3941, #1845, .T. ) ;
#3913 = CARTESIAN_POINT ( 'NONE',  ( 60.71849684162407357, -152.3089869080239964, 2.000000000000000000 ) ) ;
#3914 = LINE ( 'NONE', #3287, #1709 ) ;
#3915 = DIRECTION ( 'NONE',  ( 1.000000000000000000, 0.000000000000000000, 0.000000000000000000 ) ) ;
#3916 = AXIS2_PLACEMENT_3D ( 'NONE', #3768, #3455, #2458 ) ;
#3917 = CARTESIAN_POINT ( 'NONE',  ( 39.33499999999951768, 139.4323004000001447, 2.000000000000000000 ) ) ;
#3918 = CARTESIAN_POINT ( 'NONE',  ( 150.3430718738659380, -136.6335698548717517, 2.000000000000000000 ) ) ;
#3919 = ORIENTED_EDGE ( 'NONE', *, *, #860, .F. ) ;
#3920 = ORIENTED_EDGE ( 'NONE', *, *, #974, .F. ) ;
#3921 = FACE_OUTER_BOUND ( 'NONE', #3032, .T. ) ;
#3922 = CARTESIAN_POINT ( 'NONE',  ( 175.7517884765525764, -46.86755831467730360, 0.000000000000000000 ) ) ;
#3923 = ORIENTED_EDGE ( 'NONE', *, *, #1899, .F. ) ;
#3924 = CARTESIAN_POINT ( 'NONE',  ( 60.21849684162407357, -149.8089869080239964, 0.000000000000000000 ) ) ;
#3925 = DIRECTION ( 'NONE',  ( 1.000000000000000000, -6.167905692361974645E-15, 0.000000000000000000 ) ) ;
#3926 = ORIENTED_EDGE ( 'NONE', *, *, #1391, .T. ) ;
#3927 = EDGE_LOOP ( 'NONE', ( #1163, #390 ) ) ;
#3928 = DIRECTION ( 'NONE',  ( 1.000000000000000000, 0.000000000000000000, 0.000000000000000000 ) ) ;
#3929 = DIRECTION ( 'NONE',  ( 0.7071067811865475727, 0.7071067811865475727, 0.000000000000000000 ) ) ;
#3930 = CIRCLE ( 'NONE', #964, 1.549999999999997602 ) ;
#3931 = CYLINDRICAL_SURFACE ( 'NONE', #2890, 1.549999999999982059 ) ;
#3932 = CARTESIAN_POINT ( 'NONE',  ( 159.4266155812825048, -3.778437755405916277E-14, 0.000000000000000000 ) ) ;
#3933 = LINE ( 'NONE', #2434, #3473 ) ;
#3934 = EDGE_CURVE ( 'NONE', #1941, #2316, #1246, .T. ) ;
#3935 = VECTOR ( 'NONE', #1342, 1000.000000000000000 ) ;
#3936 = ADVANCED_FACE ( 'NONE', ( #921 ), #2144, .F. ) ;
#3937 = ORIENTED_EDGE ( 'NONE', *, *, #1211, .T. ) ;
#3938 = DIRECTION ( 'NONE',  ( -0.7071067811865385799, -0.7071067811865565655, 0.000000000000000000 ) ) ;
#3939 = LINE ( 'NONE', #3736, #2812 ) ;
#3940 = VECTOR ( 'NONE', #879, 1000.000000000000000 ) ;
#3941 = VERTEX_POINT ( 'NONE', #3709 ) ;
#3942 = ADVANCED_FACE ( 'NONE', ( #2166 ), #659, .F. ) ;
#3943 = VECTOR ( 'NONE', #359, 1000.000000000000000 ) ;
#3944 = DIRECTION ( 'NONE',  ( -0.000000000000000000, 0.000000000000000000, 1.000000000000000000 ) ) ;
#3945 = CARTESIAN_POINT ( 'NONE',  ( 17.45000000000026219, 2.882945205313854102E-14, 2.000000000000000000 ) ) ;
#3946 = VERTEX_POINT ( 'NONE', #757 ) ;
#3947 = FACE_OUTER_BOUND ( 'NONE', #1839, .T. ) ;
#3948 = CARTESIAN_POINT ( 'NONE',  ( 152.6266155812826071, 7.299652232749497077E-13, 0.000000000000000000 ) ) ;
#3949 = DIRECTION ( 'NONE',  ( 0.000000000000000000, 0.000000000000000000, 1.000000000000000000 ) ) ;
#3950 = DIRECTION ( 'NONE',  ( 1.000000000000000000, 0.000000000000000000, 0.000000000000000000 ) ) ;
#3951 = LINE ( 'NONE', #319, #3665 ) ;
#3952 = AXIS2_PLACEMENT_3D ( 'NONE', #3325, #1113, #2077 ) ;
#3953 = FACE_OUTER_BOUND ( 'NONE', #1780, .T. ) ;
#3954 = DIRECTION ( 'NONE',  ( 1.000000000000000000, -1.045061078363066554E-14, 0.000000000000000000 ) ) ;
#3955 = EDGE_CURVE ( 'NONE', #2081, #2666, #94, .T. ) ;
#3956 = AXIS2_PLACEMENT_3D ( 'NONE', #3338, #789, #1089 ) ;
#3957 = VERTEX_POINT ( 'NONE', #2850 ) ;
#3958 = ORIENTED_EDGE ( 'NONE', *, *, #1310, .T. ) ;
#3959 = ORIENTED_EDGE ( 'NONE', *, *, #2617, .F. ) ;
#3960 = LINE ( 'NONE', #216, #2182 ) ;
#3961 = EDGE_CURVE ( 'NONE', #691, #1814, #858, .T. ) ;
#3962 = AXIS2_PLACEMENT_3D ( 'NONE', #1313, #1592, #2543 ) ;
#3963 = DIRECTION ( 'NONE',  ( 0.7071067811865483499, 0.7071067811865465735, -0.000000000000000000 ) ) ;
#3964 = EDGE_LOOP ( 'NONE', ( #600, #2000, #3506, #2203 ) ) ;
#3965 = VECTOR ( 'NONE', #3690, 1000.000000000000000 ) ;
#3966 = CARTESIAN_POINT ( 'NONE',  ( 160.0354600292911016, -123.9056477935138645, 0.000000000000000000 ) ) ;
#3967 = CIRCLE ( 'NONE', #3279, 1.549999999999995826 ) ;
#3968 = DIRECTION ( 'NONE',  ( 0.000000000000000000, -1.000000000000000000, 0.000000000000000000 ) ) ;
#3969 = EDGE_LOOP ( 'NONE', ( #3133, #562, #3294, #570 ) ) ;
#3970 = CARTESIAN_POINT ( 'NONE',  ( 0.000000000000000000, -154.5000000000001705, 2.000000000000000000 ) ) ;
#3971 = VECTOR ( 'NONE', #399, 1000.000000000000000 ) ;
#3972 = DIRECTION ( 'NONE',  ( -1.000000000000000000, 0.000000000000000000, -0.000000000000000000 ) ) ;
#3973 = CARTESIAN_POINT ( 'NONE',  ( 43.41652163948018028, 122.3419185567936296, 2.000000000000000000 ) ) ;
#3974 = DIRECTION ( 'NONE',  ( -0.000000000000000000, 1.000000000000000000, 0.000000000000000000 ) ) ;
#3975 = CARTESIAN_POINT ( 'NONE',  ( 60.71849684162407357, -149.8089869080239964, 2.000000000000000000 ) ) ;
#3976 = DIRECTION ( 'NONE',  ( -0.000000000000000000, 0.000000000000000000, 1.000000000000000000 ) ) ;
#3977 = DIRECTION ( 'NONE',  ( -0.000000000000000000, -0.000000000000000000, -1.000000000000000000 ) ) ;
#3978 = EDGE_LOOP ( 'NONE', ( #1348, #3445, #655, #2130 ) ) ;
#3979 = ORIENTED_EDGE ( 'NONE', *, *, #1804, .T. ) ;
ENDSEC;
END-ISO-10303-21;
