ISO-10303-21;
HEADER;
FILE_DESCRIPTION (( 'STEP AP214' ),
    '1' );
FILE_NAME ('[云台板]G-port云台结构.STEP',
    '2025-08-20T14:05:16',
    ( '' ),
    ( '' ),
    'SwSTEP 2.0',
    'SolidWorks 2020',
    '' );
FILE_SCHEMA (( 'AUTOMOTIVE_DESIGN' ));
ENDSEC;

DATA;
#1 =( LENGTH_UNIT ( ) NAMED_UNIT ( * ) SI_UNIT ( .MILLI., .METRE. ) );
#2 = ORIENTED_EDGE ( 'NONE', *, *, #1120, .F. ) ;
#3 = ORIENTED_EDGE ( 'NONE', *, *, #1979, .T. ) ;
#4 = ORIENTED_EDGE ( 'NONE', *, *, #1280, .F. ) ;
#5 = ORIENTED_EDGE ( 'NONE', *, *, #2126, .T. ) ;
#6 = ADVANCED_FACE ( 'NONE', ( #3006 ), #230, .F. ) ;
#7 = FACE_BOUND ( 'NONE', #2453, .T. ) ;
#8 = CARTESIAN_POINT ( 'NONE',  ( -24.44780011388686347, 142.8677883841247933, 2.000000000000000000 ) ) ;
#9 = VERTEX_POINT ( 'NONE', #1986 ) ;
#10 = VECTOR ( 'NONE', #1863, 1000.000000000000000 ) ;
#11 = CARTESIAN_POINT ( 'NONE',  ( -11.50605608741131469, 107.6186371947500362, 2.000000000000000000 ) ) ;
#12 = AXIS2_PLACEMENT_3D ( 'NONE', #475, #235, #2241 ) ;
#13 = CARTESIAN_POINT ( 'NONE',  ( 9.532154356703573583, 83.76333675382034016, 2.000000000000000000 ) ) ;
#14 = CARTESIAN_POINT ( 'NONE',  ( 19.68824215689894075, 78.76333675382034016, 0.000000000000000000 ) ) ;
#15 = EDGE_CURVE ( 'NONE', #2102, #1715, #533, .T. ) ;
#16 = PLANE ( 'NONE',  #468 ) ;
#17 = CIRCLE ( 'NONE', #1329, 2.750000000000016431 ) ;
#18 = LINE ( 'NONE', #1022, #251 ) ;
#19 = CIRCLE ( 'NONE', #1847, 2.750000000000016431 ) ;
#20 = VERTEX_POINT ( 'NONE', #2995 ) ;
#21 = EDGE_CURVE ( 'NONE', #2865, #1274, #1217, .T. ) ;
#22 = ORIENTED_EDGE ( 'NONE', *, *, #699, .T. ) ;
#23 = FACE_OUTER_BOUND ( 'NONE', #3058, .T. ) ;
#24 = DIRECTION ( 'NONE',  ( 0.7496023329919390132, 0.6618884667170460423, 0.000000000000000000 ) ) ;
#25 = EDGE_LOOP ( 'NONE', ( #2967, #2862, #2350, #661 ) ) ;
#26 = ADVANCED_FACE ( 'NONE', ( #2535 ), #1500, .F. ) ;
#27 = LINE ( 'NONE', #754, #2103 ) ;
#28 = VECTOR ( 'NONE', #2527, 1000.000000000000000 ) ;
#29 = FACE_BOUND ( 'NONE', #1077, .T. ) ;
#30 = CARTESIAN_POINT ( 'NONE',  ( -29.01582161256486003, 138.8342887368884817, 0.000000000000000000 ) ) ;
#31 = CARTESIAN_POINT ( 'NONE',  ( 44.48025445087451857, 134.4430577878101474, 2.000000000000000000 ) ) ;
#32 = DIRECTION ( 'NONE',  ( -0.000000000000000000, -0.000000000000000000, -1.000000000000000000 ) ) ;
#33 = CARTESIAN_POINT ( 'NONE',  ( -17.24999999999657163, 99.81781816120273731, 2.000000000000000000 ) ) ;
#34 = SHAPE_DEFINITION_REPRESENTATION ( #413, #36 ) ;
#35 = ORIENTED_EDGE ( 'NONE', *, *, #207, .T. ) ;
#36 = ADVANCED_BREP_SHAPE_REPRESENTATION ( '[云台板]G-port云台结构', ( #2070, #2029 ), #2402 ) ;
#37 = DIRECTION ( 'NONE',  ( -0.000000000000000000, -0.000000000000000000, -1.000000000000000000 ) ) ;
#38 = CARTESIAN_POINT ( 'NONE',  ( 9.761471208207264993, 135.5914907953926729, 2.000000000000000000 ) ) ;
#39 = ORIENTED_EDGE ( 'NONE', *, *, #2738, .F. ) ;
#40 = EDGE_CURVE ( 'NONE', #1589, #3089, #2815, .T. ) ;
#41 = DIRECTION ( 'NONE',  ( -0.000000000000000000, -0.000000000000000000, -1.000000000000000000 ) ) ;
#42 = VECTOR ( 'NONE', #1237, 1000.000000000000000 ) ;
#43 = AXIS2_PLACEMENT_3D ( 'NONE', #1341, #1596, #1580 ) ;
#44 = DIRECTION ( 'NONE',  ( 1.000000000000000000, 0.000000000000000000, 0.000000000000000000 ) ) ;
#45 = ADVANCED_FACE ( 'NONE', ( #1531 ), #2767, .F. ) ;
#46 = VECTOR ( 'NONE', #1202, 1000.000000000000000 ) ;
#47 = DIRECTION ( 'NONE',  ( -1.000000000000000000, 0.000000000000000000, 0.000000000000000000 ) ) ;
#48 = ADVANCED_FACE ( 'NONE', ( #1992 ), #766, .F. ) ;
#49 = LINE ( 'NONE', #1697, #2442 ) ;
#50 = LINE ( 'NONE', #94, #3014 ) ;
#51 = DIRECTION ( 'NONE',  ( -0.000000000000000000, -0.000000000000000000, -1.000000000000000000 ) ) ;
#52 = ADVANCED_FACE ( 'NONE', ( #2801 ), #2754, .F. ) ;
#53 = VERTEX_POINT ( 'NONE', #1044 ) ;
#54 = FACE_BOUND ( 'NONE', #2783, .T. ) ;
#55 = EDGE_LOOP ( 'NONE', ( #564, #417, #1973, #734 ) ) ;
#56 = DIRECTION ( 'NONE',  ( -0.000000000000000000, -0.000000000000000000, -1.000000000000000000 ) ) ;
#57 = ORIENTED_EDGE ( 'NONE', *, *, #1527, .T. ) ;
#58 = CIRCLE ( 'NONE', #2310, 2.750000000000016431 ) ;
#59 = ORIENTED_EDGE ( 'NONE', *, *, #2797, .F. ) ;
#60 = DIRECTION ( 'NONE',  ( 5.809241669051914661E-14, 1.000000000000000000, 0.000000000000000000 ) ) ;
#61 = DIRECTION ( 'NONE',  ( 1.000000000000000000, 0.000000000000000000, 0.000000000000000000 ) ) ;
#62 = CARTESIAN_POINT ( 'NONE',  ( -9.532154356696715070, 83.76333675382034016, 2.000000000000000000 ) ) ;
#63 = CARTESIAN_POINT ( 'NONE',  ( -32.32526394615118193, 142.5823004018494657, 2.000000000000000000 ) ) ;
#64 = EDGE_CURVE ( 'NONE', #2239, #2667, #1559, .T. ) ;
#65 = AXIS2_PLACEMENT_3D ( 'NONE', #1860, #1812, #1841 ) ;
#66 = CIRCLE ( 'NONE', #1481, 2.750000000000016431 ) ;
#67 = LINE ( 'NONE', #2574, #2510 ) ;
#68 = ORIENTED_EDGE ( 'NONE', *, *, #3176, .F. ) ;
#69 = VECTOR ( 'NONE', #345, 1000.000000000000114 ) ;
#70 = ADVANCED_FACE ( 'NONE', ( #236 ), #295, .F. ) ;
#71 = DIRECTION ( 'NONE',  ( -1.000000000000000000, 0.000000000000000000, 0.000000000000000000 ) ) ;
#72 = EDGE_LOOP ( 'NONE', ( #664, #932, #918, #1760 ) ) ;
#73 = EDGE_LOOP ( 'NONE', ( #153, #1895, #1810, #1103 ) ) ;
#74 = ORIENTED_EDGE ( 'NONE', *, *, #2634, .F. ) ;
#75 = ORIENTED_EDGE ( 'NONE', *, *, #1785, .T. ) ;
#76 = FACE_OUTER_BOUND ( 'NONE', #247, .T. ) ;
#77 = CARTESIAN_POINT ( 'NONE',  ( -42.49643136550602662, 96.13230040183420044, 2.000000000000000000 ) ) ;
#78 = DIRECTION ( 'NONE',  ( 1.000000000000000000, -2.349918461017167421E-16, 0.000000000000000000 ) ) ;
#79 = DIRECTION ( 'NONE',  ( 0.000000000000000000, 0.000000000000000000, 1.000000000000000000 ) ) ;
#80 = CARTESIAN_POINT ( 'NONE',  ( 21.74938862962032715, 144.0823004018477889, 2.000000000000000000 ) ) ;
#81 = EDGE_LOOP ( 'NONE', ( #913, #1545, #682, #2779 ) ) ;
#82 = FACE_OUTER_BOUND ( 'NONE', #729, .T. ) ;
#83 = VERTEX_POINT ( 'NONE', #548 ) ;
#84 = VERTEX_POINT ( 'NONE', #38 ) ;
#85 = ORIENTED_EDGE ( 'NONE', *, *, #870, .T. ) ;
#86 = DIRECTION ( 'NONE',  ( -0.5735764363510437169, -0.8191520442889933529, 0.000000000000000000 ) ) ;
#87 = VERTEX_POINT ( 'NONE', #2053 ) ;
#88 = LINE ( 'NONE', #2056, #2793 ) ;
#89 = DIRECTION ( 'NONE',  ( -1.000000000000000000, -0.000000000000000000, -0.000000000000000000 ) ) ;
#90 = EDGE_CURVE ( 'NONE', #1192, #87, #2007, .T. ) ;
#91 = VECTOR ( 'NONE', #1957, 1000.000000000000000 ) ;
#92 = DIRECTION ( 'NONE',  ( -0.000000000000000000, -0.000000000000000000, -1.000000000000000000 ) ) ;
#93 = AXIS2_PLACEMENT_3D ( 'NONE', #2891, #1619, #2148 ) ;
#94 = CARTESIAN_POINT ( 'NONE',  ( 14.48796389038621868, 84.76333675382035437, 2.000000000000000000 ) ) ;
#95 = VECTOR ( 'NONE', #1201, 1000.000000000000000 ) ;
#96 = DIRECTION ( 'NONE',  ( -0.000000000000000000, -0.000000000000000000, -1.000000000000000000 ) ) ;
#97 = CARTESIAN_POINT ( 'NONE',  ( -19.68824215689207691, 78.76333675382034016, 2.000000000000000000 ) ) ;
#98 = VERTEX_POINT ( 'NONE', #2038 ) ;
#99 = CARTESIAN_POINT ( 'NONE',  ( 17.23796389038623644, 84.76333675382035437, 0.000000000000000000 ) ) ;
#100 = ORIENTED_EDGE ( 'NONE', *, *, #1071, .T. ) ;
#101 = VERTEX_POINT ( 'NONE', #1764 ) ;
#102 = EDGE_CURVE ( 'NONE', #2764, #995, #2505, .T. ) ;
#103 = ORIENTED_EDGE ( 'NONE', *, *, #2398, .T. ) ;
#104 = DIRECTION ( 'NONE',  ( 1.000000000000000000, 0.000000000000000000, 0.000000000000000000 ) ) ;
#105 = ORIENTED_EDGE ( 'NONE', *, *, #3012, .T. ) ;
#106 = CARTESIAN_POINT ( 'NONE',  ( 15.03215435670921707, 144.0823004018477889, 2.000000000000000000 ) ) ;
#107 = AXIS2_PLACEMENT_3D ( 'NONE', #1903, #2606, #1936 ) ;
#108 = CARTESIAN_POINT ( 'NONE',  ( -14.49999999999655742, 134.3178181612026378, 2.000000000000000000 ) ) ;
#109 = AXIS2_PLACEMENT_3D ( 'NONE', #1199, #2689, #1686 ) ;
#110 = FACE_OUTER_BOUND ( 'NONE', #398, .T. ) ;
#111 = DIRECTION ( 'NONE',  ( -0.8772078659390107891, -0.4801107788153963218, 0.000000000000000000 ) ) ;
#112 = CARTESIAN_POINT ( 'NONE',  ( -9.532154356696715070, 83.76333675382034016, 2.000000000000000000 ) ) ;
#113 = EDGE_CURVE ( 'NONE', #1315, #1162, #794, .T. ) ;
#114 = AXIS2_PLACEMENT_3D ( 'NONE', #882, #2866, #598 ) ;
#115 = CARTESIAN_POINT ( 'NONE',  ( 9.761471208207279204, 133.5914907953926729, 2.000000000000000000 ) ) ;
#116 = VERTEX_POINT ( 'NONE', #809 ) ;
#117 = DIRECTION ( 'NONE',  ( 1.000000000000000000, 0.000000000000000000, 0.000000000000000000 ) ) ;
#118 = LINE ( 'NONE', #1414, #1524 ) ;
#119 = EDGE_CURVE ( 'NONE', #615, #2702, #1795, .T. ) ;
#120 = ORIENTED_EDGE ( 'NONE', *, *, #2093, .F. ) ;
#121 = ORIENTED_EDGE ( 'NONE', *, *, #15, .F. ) ;
#122 = ORIENTED_EDGE ( 'NONE', *, *, #3223, .T. ) ;
#123 = CARTESIAN_POINT ( 'NONE',  ( -35.60000000000000853, 112.0823004018341891, 2.000000000000000000 ) ) ;
#124 = ORIENTED_EDGE ( 'NONE', *, *, #1280, .T. ) ;
#125 = CARTESIAN_POINT ( 'NONE',  ( -9.532154356696707964, 138.5823004018388076, 2.000000000000000000 ) ) ;
#126 = EDGE_CURVE ( 'NONE', #2286, #1837, #2626, .T. ) ;
#127 = DIRECTION ( 'NONE',  ( -0.000000000000000000, -0.000000000000000000, -1.000000000000000000 ) ) ;
#128 = CYLINDRICAL_SURFACE ( 'NONE', #2407, 2.750000000000016431 ) ;
#129 = DIRECTION ( 'NONE',  ( 0.000000000000000000, 0.000000000000000000, 1.000000000000000000 ) ) ;
#130 = LINE ( 'NONE', #1136, #1045 ) ;
#131 = DIRECTION ( 'NONE',  ( 0.000000000000000000, 1.000000000000000000, 0.000000000000000000 ) ) ;
#132 = CARTESIAN_POINT ( 'NONE',  ( 20.00000000000344968, 99.81781816120273731, 0.000000000000000000 ) ) ;
#133 = FACE_OUTER_BOUND ( 'NONE', #1664, .T. ) ;
#134 = EDGE_CURVE ( 'NONE', #1751, #962, #1784, .T. ) ;
#135 = ORIENTED_EDGE ( 'NONE', *, *, #1238, .F. ) ;
#136 = VERTEX_POINT ( 'NONE', #779 ) ;
#137 = EDGE_LOOP ( 'NONE', ( #39, #2991, #696, #2004 ) ) ;
#138 = LINE ( 'NONE', #1145, #2748 ) ;
#139 = ORIENTED_EDGE ( 'NONE', *, *, #2883, .F. ) ;
#140 = DIRECTION ( 'NONE',  ( -0.000000000000000000, 1.000000000000000000, -0.000000000000000000 ) ) ;
#141 = EDGE_CURVE ( 'NONE', #1645, #1588, #2091, .T. ) ;
#142 = COLOUR_RGB ( '',1.000000000000000000, 1.000000000000000000, 1.000000000000000000 ) ;
#143 = DIRECTION ( 'NONE',  ( 0.000000000000000000, 0.000000000000000000, 1.000000000000000000 ) ) ;
#144 = DIRECTION ( 'NONE',  ( -2.265321396420549459E-13, 1.000000000000000000, -0.000000000000000000 ) ) ;
#145 = LINE ( 'NONE', #1152, #354 ) ;
#146 = EDGE_CURVE ( 'NONE', #3198, #1433, #2112, .T. ) ;
#147 = DIRECTION ( 'NONE',  ( 1.000000000000000000, 0.000000000000000000, 0.000000000000000000 ) ) ;
#148 = AXIS2_PLACEMENT_3D ( 'NONE', #831, #78, #2394 ) ;
#149 = CARTESIAN_POINT ( 'NONE',  ( 35.60000000000000853, 116.5823004018341891, 2.000000000000000000 ) ) ;
#150 = CARTESIAN_POINT ( 'NONE',  ( 42.49643136551288336, 96.13230040183420044, 2.000000000000000000 ) ) ;
#151 = CARTESIAN_POINT ( 'NONE',  ( -9.761471208208236661, 135.5914907953925024, 0.000000000000000000 ) ) ;
#152 = ORIENTED_EDGE ( 'NONE', *, *, #1979, .F. ) ;
#153 = ORIENTED_EDGE ( 'NONE', *, *, #2587, .T. ) ;
#154 = ORIENTED_EDGE ( 'NONE', *, *, #2229, .F. ) ;
#155 = ORIENTED_EDGE ( 'NONE', *, *, #605, .T. ) ;
#156 = CYLINDRICAL_SURFACE ( 'NONE', #2799, 2.750000000000016431 ) ;
#157 = ORIENTED_EDGE ( 'NONE', *, *, #1540, .F. ) ;
#158 = CARTESIAN_POINT ( 'NONE',  ( 17.25000000000343547, 134.3178181612026378, 2.000000000000000000 ) ) ;
#159 = CARTESIAN_POINT ( 'NONE',  ( -9.761471208204316241, 90.33902131693520232, 0.000000000000000000 ) ) ;
#160 = ADVANCED_FACE ( 'NONE', ( #3191 ), #3174, .F. ) ;
#161 = CARTESIAN_POINT ( 'NONE',  ( 42.49643136551288336, 96.13230040183420044, 2.000000000000000000 ) ) ;
#162 = CARTESIAN_POINT ( 'NONE',  ( -36.58540605864457973, 129.0823004018477889, 0.000000000000000000 ) ) ;
#163 = AXIS2_PLACEMENT_3D ( 'NONE', #1967, #1408, #3190 ) ;
#164 = CARTESIAN_POINT ( 'NONE',  ( -9.761471208208222450, 133.5914907953925024, 2.000000000000000000 ) ) ;
#165 = EDGE_CURVE ( 'NONE', #2436, #1177, #1363, .T. ) ;
#166 = DIRECTION ( 'NONE',  ( -0.000000000000000000, -0.000000000000000000, -1.000000000000000000 ) ) ;
#167 = CARTESIAN_POINT ( 'NONE',  ( -19.99999999999658584, 99.81781816120273731, 0.000000000000000000 ) ) ;
#168 = ORIENTED_EDGE ( 'NONE', *, *, #3247, .T. ) ;
#169 = ORIENTED_EDGE ( 'NONE', *, *, #2727, .F. ) ;
#170 = AXIS2_PLACEMENT_3D ( 'NONE', #3059, #1026, #71 ) ;
#171 = ORIENTED_EDGE ( 'NONE', *, *, #1983, .F. ) ;
#172 = ORIENTED_EDGE ( 'NONE', *, *, #2538, .F. ) ;
#173 = ADVANCED_FACE ( 'NONE', ( #1921 ), #2127, .F. ) ;
#174 = CARTESIAN_POINT ( 'NONE',  ( 11.50605608741817321, 107.6186371947500362, 2.000000000000000000 ) ) ;
#175 = VERTEX_POINT ( 'NONE', #3136 ) ;
#176 = DIRECTION ( 'NONE',  ( 1.000000000000000000, 0.000000000000000000, 0.000000000000000000 ) ) ;
#177 = CIRCLE ( 'NONE', #854, 2.750000000000016431 ) ;
#178 = AXIS2_PLACEMENT_3D ( 'NONE', #1454, #997, #1439 ) ;
#179 = DIRECTION ( 'NONE',  ( -0.000000000000000000, -0.000000000000000000, -1.000000000000000000 ) ) ;
#180 = DIRECTION ( 'NONE',  ( 3.485124485164042114E-13, -1.000000000000000000, 0.000000000000000000 ) ) ;
#181 = LINE ( 'NONE', #922, #559 ) ;
#182 = DIRECTION ( 'NONE',  ( 0.000000000000000000, -1.000000000000000000, 0.000000000000000000 ) ) ;
#183 = DIRECTION ( 'NONE',  ( -0.5735764363510437169, -0.8191520442889933529, 0.000000000000000000 ) ) ;
#184 = DIRECTION ( 'NONE',  ( 0.000000000000000000, 1.000000000000000000, 0.000000000000000000 ) ) ;
#185 = AXIS2_PLACEMENT_3D ( 'NONE', #2792, #1296, #3067 ) ;
#186 = ORIENTED_EDGE ( 'NONE', *, *, #1425, .F. ) ;
#187 = ORIENTED_EDGE ( 'NONE', *, *, #1309, .F. ) ;
#188 = ORIENTED_EDGE ( 'NONE', *, *, #2938, .T. ) ;
#189 = ORIENTED_EDGE ( 'NONE', *, *, #983, .T. ) ;
#190 = DIRECTION ( 'NONE',  ( -0.7071067811863318564, -0.7071067811867631780, 0.000000000000000000 ) ) ;
#191 = CARTESIAN_POINT ( 'NONE',  ( -19.68824215689207691, 78.76333675382034016, 0.000000000000000000 ) ) ;
#192 = DIRECTION ( 'NONE',  ( -1.000000000000000000, 0.000000000000000000, 0.000000000000000000 ) ) ;
#193 = AXIS2_PLACEMENT_3D ( 'NONE', #1032, #287, #1550 ) ;
#194 = DIRECTION ( 'NONE',  ( -0.5735764363510383879, -0.8191520442889971276, 0.000000000000000000 ) ) ;
#195 = EDGE_CURVE ( 'NONE', #2932, #1228, #1775, .T. ) ;
#196 = DIRECTION ( 'NONE',  ( -0.7071067811863323005, 0.7071067811867627340, -0.000000000000000000 ) ) ;
#197 = CARTESIAN_POINT ( 'NONE',  ( -42.49643136550602662, 96.13230040183420044, 0.000000000000000000 ) ) ;
#198 = DIRECTION ( 'NONE',  ( -0.000000000000000000, -0.000000000000000000, -1.000000000000000000 ) ) ;
#199 = VECTOR ( 'NONE', #3227, 1000.000000000000114 ) ;
#200 = ORIENTED_EDGE ( 'NONE', *, *, #2938, .F. ) ;
#201 = ORIENTED_EDGE ( 'NONE', *, *, #1885, .F. ) ;
#202 = ORIENTED_EDGE ( 'NONE', *, *, #307, .T. ) ;
#203 = VECTOR ( 'NONE', #2607, 1000.000000000000000 ) ;
#204 = VERTEX_POINT ( 'NONE', #392 ) ;
#205 = DIRECTION ( 'NONE',  ( 1.000000000000000000, 0.000000000000000000, 0.000000000000000000 ) ) ;
#206 = CARTESIAN_POINT ( 'NONE',  ( -30.05244944963087761, 87.84217512019861829, 0.000000000000000000 ) ) ;
#207 = EDGE_CURVE ( 'NONE', #1823, #1366, #145, .T. ) ;
#208 = DIRECTION ( 'NONE',  ( -6.938893903907222067E-15, 1.000000000000000000, 0.000000000000000000 ) ) ;
#209 = CARTESIAN_POINT ( 'NONE',  ( 14.53215435670362510, 78.76333675382034016, 2.000000000000000000 ) ) ;
#210 = DIRECTION ( 'NONE',  ( 1.000000000000000000, 0.000000000000000000, 0.000000000000000000 ) ) ;
#211 = EDGE_CURVE ( 'NONE', #1607, #3187, #940, .T. ) ;
#212 = VECTOR ( 'NONE', #56, 1000.000000000000000 ) ;
#213 = DIRECTION ( 'NONE',  ( 0.5735764363510383879, 0.8191520442889971276, 0.000000000000000000 ) ) ;
#214 = VECTOR ( 'NONE', #1455, 1000.000000000000000 ) ;
#215 = LINE ( 'NONE', #1224, #1932 ) ;
#216 = DIRECTION ( 'NONE',  ( 0.000000000000000000, -1.000000000000000000, 0.000000000000000000 ) ) ;
#217 = ORIENTED_EDGE ( 'NONE', *, *, #605, .F. ) ;
#218 = ORIENTED_EDGE ( 'NONE', *, *, #3121, .F. ) ;
#219 = EDGE_LOOP ( 'NONE', ( #316, #1469, #103, #473 ) ) ;
#220 = ORIENTED_EDGE ( 'NONE', *, *, #2863, .T. ) ;
#221 = CARTESIAN_POINT ( 'NONE',  ( -39.03345774170655602, 132.5823004018477889, 2.000000000000000000 ) ) ;
#222 = VECTOR ( 'NONE', #1440, 1000.000000000000000 ) ;
#223 = CIRCLE ( 'NONE', #1793, 5.000000000001676881 ) ;
#224 = LINE ( 'NONE', #1994, #1742 ) ;
#225 = CARTESIAN_POINT ( 'NONE',  ( -19.68824215689207691, 78.76333675382034016, 2.000000000000000000 ) ) ;
#226 = FACE_OUTER_BOUND ( 'NONE', #1796, .T. ) ;
#227 = AXIS2_PLACEMENT_3D ( 'NONE', #2161, #3169, #2847 ) ;
#228 = LINE ( 'NONE', #2185, #2214 ) ;
#229 = CARTESIAN_POINT ( 'NONE',  ( 7.105388598431692238, 96.13230040183420044, 2.000000000000000000 ) ) ;
#230 = PLANE ( 'NONE',  #3041 ) ;
#231 = VERTEX_POINT ( 'NONE', #161 ) ;
#232 = VERTEX_POINT ( 'NONE', #2908 ) ;
#233 = ORIENTED_EDGE ( 'NONE', *, *, #1328, .F. ) ;
#234 = EDGE_CURVE ( 'NONE', #1366, #1495, #1353, .T. ) ;
#235 = DIRECTION ( 'NONE',  ( 0.000000000000000000, 0.000000000000000000, 1.000000000000000000 ) ) ;
#236 = FACE_OUTER_BOUND ( 'NONE', #979, .T. ) ;
#237 = ORIENTED_EDGE ( 'NONE', *, *, #2710, .F. ) ;
#238 = EDGE_CURVE ( 'NONE', #808, #3038, #3119, .T. ) ;
#239 = CYLINDRICAL_SURFACE ( 'NONE', #1116, 2.750000000000016431 ) ;
#240 = DIRECTION ( 'NONE',  ( 0.000000000000000000, -0.000000000000000000, -1.000000000000000000 ) ) ;
#241 = FACE_OUTER_BOUND ( 'NONE', #3201, .T. ) ;
#242 = ADVANCED_FACE ( 'NONE', ( #1167 ), #656, .F. ) ;
#243 = AXIS2_PLACEMENT_3D ( 'NONE', #2058, #1050, #2512 ) ;
#244 = DIRECTION ( 'NONE',  ( 0.000000000000000000, 0.000000000000000000, 1.000000000000000000 ) ) ;
#245 = ORIENTED_EDGE ( 'NONE', *, *, #1331, .T. ) ;
#246 = ORIENTED_EDGE ( 'NONE', *, *, #1642, .F. ) ;
#247 = EDGE_LOOP ( 'NONE', ( #2915, #811, #2499, #1602 ) ) ;
#248 = ORIENTED_EDGE ( 'NONE', *, *, #708, .F. ) ;
#249 = DIRECTION ( 'NONE',  ( -0.000000000000000000, 0.000000000000000000, -1.000000000000000000 ) ) ;
#250 = DIRECTION ( 'NONE',  ( 0.6696623166039908925, -0.7426657267711875843, 0.000000000000000000 ) ) ;
#251 = VECTOR ( 'NONE', #2016, 1000.000000000000114 ) ;
#252 = AXIS2_PLACEMENT_3D ( 'NONE', #888, #2871, #2360 ) ;
#253 = ORIENTED_EDGE ( 'NONE', *, *, #2720, .F. ) ;
#254 = CYLINDRICAL_SURFACE ( 'NONE', #3219, 2.750000000000016431 ) ;
#255 = DIRECTION ( 'NONE',  ( 0.000000000000000000, 0.000000000000000000, 1.000000000000000000 ) ) ;
#256 = FACE_OUTER_BOUND ( 'NONE', #2136, .T. ) ;
#257 = EDGE_CURVE ( 'NONE', #2749, #471, #1205, .T. ) ;
#258 = DIRECTION ( 'NONE',  ( 0.000000000000000000, 0.000000000000000000, 1.000000000000000000 ) ) ;
#259 = CARTESIAN_POINT ( 'NONE',  ( -7.105388598424831059, 96.13230040183420044, 2.000000000000000000 ) ) ;
#260 = AXIS2_PLACEMENT_3D ( 'NONE', #2275, #1027, #2022 ) ;
#261 = ORIENTED_EDGE ( 'NONE', *, *, #949, .F. ) ;
#262 = ORIENTED_EDGE ( 'NONE', *, *, #1990, .F. ) ;
#263 = ADVANCED_FACE ( 'NONE', ( #869 ), #637, .F. ) ;
#264 = ORIENTED_EDGE ( 'NONE', *, *, #488, .T. ) ;
#265 = AXIS2_PLACEMENT_3D ( 'NONE', #1125, #2914, #1890 ) ;
#266 = LINE ( 'NONE', #1272, #1693 ) ;
#267 = CARTESIAN_POINT ( 'NONE',  ( 39.33540605864460105, 104.0823004018205893, 0.000000000000000000 ) ) ;
#268 = ORIENTED_EDGE ( 'NONE', *, *, #3019, .T. ) ;
#269 = EDGE_CURVE ( 'NONE', #1837, #2286, #672, .T. ) ;
#270 = VECTOR ( 'NONE', #1134, 1000.000000000000000 ) ;
#271 = VECTOR ( 'NONE', #2025, 1000.000000000000000 ) ;
#272 = CARTESIAN_POINT ( 'NONE',  ( 11.50605608741817321, 107.6186371947500362, 2.000000000000000000 ) ) ;
#273 = CARTESIAN_POINT ( 'NONE',  ( 35.60000000000000142, 112.0823004018341891, 0.000000000000000000 ) ) ;
#274 = CARTESIAN_POINT ( 'NONE',  ( -19.99999999999658939, 134.3178181612026378, 2.000000000000000000 ) ) ;
#275 = DIRECTION ( 'NONE',  ( 0.000000000000000000, 0.000000000000000000, 1.000000000000000000 ) ) ;
#276 = CARTESIAN_POINT ( 'NONE',  ( 39.33540605864460105, 104.0823004018205893, 2.000000000000000000 ) ) ;
#277 = CIRCLE ( 'NONE', #2642, 2.750000000000016431 ) ;
#278 = DIRECTION ( 'NONE',  ( -1.000000000000000000, 0.000000000000000000, 0.000000000000000000 ) ) ;
#279 = EDGE_CURVE ( 'NONE', #1307, #2865, #2675, .T. ) ;
#280 = ORIENTED_EDGE ( 'NONE', *, *, #989, .F. ) ;
#281 = DIRECTION ( 'NONE',  ( 8.673617379884027583E-16, 1.000000000000000000, -0.000000000000000000 ) ) ;
#282 = CARTESIAN_POINT ( 'NONE',  ( -9.761471208208222450, 133.5914907953925024, 0.000000000000000000 ) ) ;
#283 = ORIENTED_EDGE ( 'NONE', *, *, #1851, .F. ) ;
#284 = EDGE_CURVE ( 'NONE', #2244, #2780, #1118, .T. ) ;
#285 = CARTESIAN_POINT ( 'NONE',  ( 17.12762315017737791, 113.8530408407982861, 2.000000000000000000 ) ) ;
#286 = FACE_BOUND ( 'NONE', #2633, .T. ) ;
#287 = DIRECTION ( 'NONE',  ( -0.000000000000000000, -0.000000000000000000, -1.000000000000000000 ) ) ;
#288 = CARTESIAN_POINT ( 'NONE',  ( 9.761471208211178308, 90.33902131693520232, 2.000000000000000000 ) ) ;
#289 = EDGE_CURVE ( 'NONE', #1650, #2135, #2658, .T. ) ;
#290 = CARTESIAN_POINT ( 'NONE',  ( 44.48025445087451857, 134.4430577878101474, 2.000000000000000000 ) ) ;
#291 = LINE ( 'NONE', #1297, #2935 ) ;
#292 = VECTOR ( 'NONE', #3207, 1000.000000000000000 ) ;
#293 = ORIENTED_EDGE ( 'NONE', *, *, #2592, .F. ) ;
#294 = FACE_OUTER_BOUND ( 'NONE', #1910, .T. ) ;
#295 = PLANE ( 'NONE',  #2784 ) ;
#296 = ORIENTED_EDGE ( 'NONE', *, *, #2676, .T. ) ;
#297 = EDGE_CURVE ( 'NONE', #1110, #1588, #409, .T. ) ;
#298 = ORIENTED_EDGE ( 'NONE', *, *, #732, .T. ) ;
#299 = CARTESIAN_POINT ( 'NONE',  ( 36.58540605864457973, 104.0823004018205893, 2.000000000000000000 ) ) ;
#300 = AXIS2_PLACEMENT_3D ( 'NONE', #2171, #3178, #1939 ) ;
#301 = VECTOR ( 'NONE', #391, 1000.000000000000000 ) ;
#302 = DIRECTION ( 'NONE',  ( -1.000000000000000000, 0.000000000000000000, 0.000000000000000000 ) ) ;
#303 = CIRCLE ( 'NONE', #1669, 2.750000000000016431 ) ;
#304 = DIRECTION ( 'NONE',  ( 0.000000000000000000, 0.000000000000000000, 1.000000000000000000 ) ) ;
#305 = PLANE ( 'NONE',  #1187 ) ;
#306 = DIRECTION ( 'NONE',  ( -1.000000000000000000, -0.000000000000000000, -0.000000000000000000 ) ) ;
#307 = EDGE_CURVE ( 'NONE', #3042, #1791, #686, .T. ) ;
#308 = LINE ( 'NONE', #1070, #2724 ) ;
#309 = DIRECTION ( 'NONE',  ( -0.000000000000000000, -0.000000000000000000, -1.000000000000000000 ) ) ;
#310 = ORIENTED_EDGE ( 'NONE', *, *, #2383, .T. ) ;
#311 = FACE_BOUND ( 'NONE', #2332, .T. ) ;
#312 = EDGE_LOOP ( 'NONE', ( #261, #74 ) ) ;
#313 = VERTEX_POINT ( 'NONE', #970 ) ;
#314 = EDGE_LOOP ( 'NONE', ( #1627, #2762, #3007, #22 ) ) ;
#315 = VECTOR ( 'NONE', #176, 1000.000000000000000 ) ;
#316 = ORIENTED_EDGE ( 'NONE', *, *, #941, .F. ) ;
#317 = CARTESIAN_POINT ( 'NONE',  ( -39.33540605864460105, 104.0823004018205893, 2.000000000000000000 ) ) ;
#318 = DIRECTION ( 'NONE',  ( -0.000000000000000000, -0.000000000000000000, -1.000000000000000000 ) ) ;
#319 = LINE ( 'NONE', #477, #580 ) ;
#320 = VECTOR ( 'NONE', #2736, 1000.000000000000000 ) ;
#321 = FACE_OUTER_BOUND ( 'NONE', #896, .T. ) ;
#322 = AXIS2_PLACEMENT_3D ( 'NONE', #125, #1096, #2307 ) ;
#323 = CARTESIAN_POINT ( 'NONE',  ( 14.50000000000341949, 134.3178181612026378, 0.000000000000000000 ) ) ;
#324 = EDGE_LOOP ( 'NONE', ( #298, #310, #217, #881 ) ) ;
#325 = CIRCLE ( 'NONE', #2009, 2.750000000000016431 ) ;
#326 = LINE ( 'NONE', #592, #1741 ) ;
#327 = EDGE_LOOP ( 'NONE', ( #1403, #513, #124, #1745 ) ) ;
#328 = EDGE_LOOP ( 'NONE', ( #1336, #2898, #3214, #915 ) ) ;
#329 = EDGE_CURVE ( 'NONE', #1046, #615, #1934, .T. ) ;
#330 = EDGE_LOOP ( 'NONE', ( #2154, #2487, #3199, #1631 ) ) ;
#331 = CARTESIAN_POINT ( 'NONE',  ( -24.44780011388686347, 142.8677883841247933, 2.000000000000000000 ) ) ;
#332 = LINE ( 'NONE', #1340, #587 ) ;
#333 = VECTOR ( 'NONE', #2031, 1000.000000000000000 ) ;
#334 = CARTESIAN_POINT ( 'NONE',  ( 32.50000000000000000, 112.0823004018341891, 2.000000000000000000 ) ) ;
#335 = LINE ( 'NONE', #2556, #333 ) ;
#336 = CARTESIAN_POINT ( 'NONE',  ( -19.68824215689207691, 78.76333675382034016, 2.000000000000000000 ) ) ;
#337 = EDGE_CURVE ( 'NONE', #2667, #1855, #1755, .T. ) ;
#338 = DIRECTION ( 'NONE',  ( -0.000000000000000000, -0.000000000000000000, -1.000000000000000000 ) ) ;
#339 = ORIENTED_EDGE ( 'NONE', *, *, #625, .T. ) ;
#340 = CARTESIAN_POINT ( 'NONE',  ( -42.34290007529290278, 136.3303120668070960, 0.000000000000000000 ) ) ;
#341 = ORIENTED_EDGE ( 'NONE', *, *, #1766, .T. ) ;
#342 = ORIENTED_EDGE ( 'NONE', *, *, #2498, .T. ) ;
#343 = ORIENTED_EDGE ( 'NONE', *, *, #21, .T. ) ;
#344 = VERTEX_POINT ( 'NONE', #3235 ) ;
#345 = DIRECTION ( 'NONE',  ( -0.6696623166039911146, 0.7426657267711873622, 0.000000000000000000 ) ) ;
#346 = EDGE_LOOP ( 'NONE', ( #218, #1926, #774, #1193 ) ) ;
#347 = DIRECTION ( 'NONE',  ( -0.000000000000000000, -0.000000000000000000, -1.000000000000000000 ) ) ;
#348 = EDGE_CURVE ( 'NONE', #1588, #1645, #640, .T. ) ;
#349 = CARTESIAN_POINT ( 'NONE',  ( -7.105388598428713287, 129.7982117104935753, 0.000000000000000000 ) ) ;
#350 = AXIS2_PLACEMENT_3D ( 'NONE', #229, #2449, #724 ) ;
#351 = LINE ( 'NONE', #1636, #301 ) ;
#352 = VECTOR ( 'NONE', #1525, 1000.000000000000000 ) ;
#353 = DIRECTION ( 'NONE',  ( -0.000000000000000000, -0.000000000000000000, -1.000000000000000000 ) ) ;
#354 = VECTOR ( 'NONE', #353, 1000.000000000000000 ) ;
#355 = DIRECTION ( 'NONE',  ( 1.000000000000000000, 0.000000000000000000, 0.000000000000000000 ) ) ;
#356 = ADVANCED_FACE ( 'NONE', ( #2708 ), #2743, .T. ) ;
#357 = CARTESIAN_POINT ( 'NONE',  ( 32.47241721684582672, 137.5823004018477889, 0.000000000000000000 ) ) ;
#358 = ORIENTED_EDGE ( 'NONE', *, *, #2002, .F. ) ;
#359 = CARTESIAN_POINT ( 'NONE',  ( -11.50605608741131469, 126.5169991276554384, 2.000000000000000000 ) ) ;
#360 = DIRECTION ( 'NONE',  ( -0.8772078659390111222, 0.4801107788153958222, 0.000000000000000000 ) ) ;
#361 = ORIENTED_EDGE ( 'NONE', *, *, #1452, .F. ) ;
#362 = ADVANCED_FACE ( 'NONE', ( #2247 ), #1017, .T. ) ;
#363 = ORIENTED_EDGE ( 'NONE', *, *, #389, .F. ) ;
#364 = VERTEX_POINT ( 'NONE', #508 ) ;
#365 = DIRECTION ( 'NONE',  ( 0.5735764363510383879, 0.8191520442889971276, 0.000000000000000000 ) ) ;
#366 = ORIENTED_EDGE ( 'NONE', *, *, #2807, .T. ) ;
#367 = DIRECTION ( 'NONE',  ( 0.000000000000000000, 0.000000000000000000, 1.000000000000000000 ) ) ;
#368 = AXIS2_PLACEMENT_3D ( 'NONE', #2547, #1244, #24 ) ;
#369 = CARTESIAN_POINT ( 'NONE',  ( 9.761471208211180084, 92.33902131693520232, 0.000000000000000000 ) ) ;
#370 = AXIS2_PLACEMENT_3D ( 'NONE', #3144, #2680, #432 ) ;
#371 = CARTESIAN_POINT ( 'NONE',  ( 44.48025445087451857, 134.4430577878101474, 0.000000000000000000 ) ) ;
#372 = CARTESIAN_POINT ( 'NONE',  ( 46.17081211729598778, 101.1668134670513410, 2.000000000000000000 ) ) ;
#373 = UNCERTAINTY_MEASURE_WITH_UNIT (LENGTH_MEASURE( 1.000000000000000082E-05 ), #1, 'distance_accuracy_value', 'NONE');
#374 = FACE_OUTER_BOUND ( 'NONE', #1777, .T. ) ;
#375 = AXIS2_PLACEMENT_3D ( 'NONE', #1275, #3234, #2986 ) ;
#376 = VECTOR ( 'NONE', #1031, 1000.000000000000000 ) ;
#377 = DIRECTION ( 'NONE',  ( -1.000000000000000000, 0.000000000000000000, 0.000000000000000000 ) ) ;
#378 = EDGE_CURVE ( 'NONE', #2178, #2260, #66, .T. ) ;
#379 = DIRECTION ( 'NONE',  ( 0.8772078659390107891, 0.4801107788153962663, -0.000000000000000000 ) ) ;
#380 = LINE ( 'NONE', #926, #2572 ) ;
#381 = ORIENTED_EDGE ( 'NONE', *, *, #238, .F. ) ;
#382 = ORIENTED_EDGE ( 'NONE', *, *, #1071, .F. ) ;
#383 = EDGE_LOOP ( 'NONE', ( #2857, #678, #1648, #1354 ) ) ;
#384 = AXIS2_PLACEMENT_3D ( 'NONE', #617, #318, #1325 ) ;
#385 = ADVANCED_FACE ( 'NONE', ( #1442 ), #985, .F. ) ;
#386 = DIRECTION ( 'NONE',  ( -0.000000000000000000, -0.000000000000000000, -1.000000000000000000 ) ) ;
#387 = ORIENTED_EDGE ( 'NONE', *, *, #329, .F. ) ;
#388 = LINE ( 'NONE', #3188, #2363 ) ;
#389 = EDGE_CURVE ( 'NONE', #2239, #313, #1995, .T. ) ;
#390 = DIRECTION ( 'NONE',  ( 1.000000000000000000, 0.000000000000000000, 0.000000000000000000 ) ) ;
#391 = DIRECTION ( 'NONE',  ( -3.190045295344660920E-16, -1.000000000000000000, 0.000000000000000000 ) ) ;
#392 = CARTESIAN_POINT ( 'NONE',  ( -35.60000000000000853, 112.0823004018341891, 0.000000000000000000 ) ) ;
#393 = DIRECTION ( 'NONE',  ( -8.673617379884027583E-16, -1.000000000000000000, 0.000000000000000000 ) ) ;
#394 = CARTESIAN_POINT ( 'NONE',  ( -34.05000000000000426, 116.5823004018341891, 2.000000000000000000 ) ) ;
#395 = LINE ( 'NONE', #359, #938 ) ;
#396 = PLANE ( 'NONE',  #2892 ) ;
#397 = ORIENTED_EDGE ( 'NONE', *, *, #1813, .F. ) ;
#398 = EDGE_LOOP ( 'NONE', ( #743, #1606, #1289, #455 ) ) ;
#399 = ORIENTED_EDGE ( 'NONE', *, *, #2943, .T. ) ;
#400 = ORIENTED_EDGE ( 'NONE', *, *, #3075, .F. ) ;
#401 = ADVANCED_FACE ( 'NONE', ( #1736 ), #1248, .T. ) ;
#402 = CARTESIAN_POINT ( 'NONE',  ( -9.532154356696715070, 83.76333675382034016, 2.000000000000000000 ) ) ;
#403 = ORIENTED_EDGE ( 'NONE', *, *, #1561, .T. ) ;
#404 = CARTESIAN_POINT ( 'NONE',  ( 17.12762315017737791, 120.2825954816071885, 2.000000000000000000 ) ) ;
#405 = AXIS2_PLACEMENT_3D ( 'NONE', #2554, #1263, #1769 ) ;
#406 = ADVANCED_FACE ( 'NONE', ( #955 ), #3000, .T. ) ;
#407 = DIRECTION ( 'NONE',  ( 1.000000000000000000, 0.000000000000000000, 0.000000000000000000 ) ) ;
#408 = EDGE_CURVE ( 'NONE', #1496, #982, #961, .T. ) ;
#409 = LINE ( 'NONE', #2199, #1509 ) ;
#410 = FACE_OUTER_BOUND ( 'NONE', #3022, .T. ) ;
#411 = AXIS2_PLACEMENT_3D ( 'NONE', #1464, #709, #1712 ) ;
#412 = EDGE_CURVE ( 'NONE', #1450, #1974, #1376, .T. ) ;
#413 = PRODUCT_DEFINITION_SHAPE ( 'NONE', 'NONE',  #1417 ) ;
#414 = FACE_OUTER_BOUND ( 'NONE', #574, .T. ) ;
#415 = CARTESIAN_POINT ( 'NONE',  ( -30.05244944963069997, 90.88804245762189282, 2.000000000000000000 ) ) ;
#416 = LINE ( 'NONE', #911, #2786 ) ;
#417 = ORIENTED_EDGE ( 'NONE', *, *, #2826, .F. ) ;
#418 = VERTEX_POINT ( 'NONE', #1723 ) ;
#419 = ORIENTED_EDGE ( 'NONE', *, *, #732, .F. ) ;
#420 = EDGE_LOOP ( 'NONE', ( #200, #1055, #3127, #560 ) ) ;
#421 = CARTESIAN_POINT ( 'NONE',  ( 30.05244944963773790, 87.84217512019861829, 2.000000000000000000 ) ) ;
#422 = VERTEX_POINT ( 'NONE', #2726 ) ;
#423 = CARTESIAN_POINT ( 'NONE',  ( -17.24999999999657518, 134.3178181612026378, 2.000000000000000000 ) ) ;
#424 = DIRECTION ( 'NONE',  ( 1.000000000000000000, 0.000000000000000000, 0.000000000000000000 ) ) ;
#425 = CARTESIAN_POINT ( 'NONE',  ( -34.05000000000000426, 112.0823004018341891, 2.000000000000000000 ) ) ;
#426 = AXIS2_PLACEMENT_3D ( 'NONE', #1422, #3151, #2424 ) ;
#427 = CARTESIAN_POINT ( 'NONE',  ( -39.03345774170624338, 137.5823004018477889, 2.000000000000000000 ) ) ;
#428 = VECTOR ( 'NONE', #2145, 1000.000000000000000 ) ;
#429 = LINE ( 'NONE', #1676, #903 ) ;
#430 = AXIS2_PLACEMENT_3D ( 'NONE', #1767, #2769, #2741 ) ;
#431 = LINE ( 'NONE', #449, #2138 ) ;
#432 = DIRECTION ( 'NONE',  ( 1.000000000000000000, 8.530141109966445801E-15, 0.000000000000000000 ) ) ;
#433 = ORIENTED_EDGE ( 'NONE', *, *, #1770, .T. ) ;
#434 = ORIENTED_EDGE ( 'NONE', *, *, #195, .T. ) ;
#435 = VECTOR ( 'NONE', #681, 1000.000000000000000 ) ;
#436 = VERTEX_POINT ( 'NONE', #225 ) ;
#437 = ORIENTED_EDGE ( 'NONE', *, *, #1609, .F. ) ;
#438 = LINE ( 'NONE', #950, #320 ) ;
#439 = VERTEX_POINT ( 'NONE', #2492 ) ;
#440 = DIRECTION ( 'NONE',  ( -0.7071067811863323005, 0.7071067811867627340, -0.000000000000000000 ) ) ;
#441 = VECTOR ( 'NONE', #2114, 1000.000000000000114 ) ;
#442 = EDGE_CURVE ( 'NONE', #231, #1650, #2637, .T. ) ;
#443 = AXIS2_PLACEMENT_3D ( 'NONE', #1733, #1243, #2488 ) ;
#444 = FACE_OUTER_BOUND ( 'NONE', #2008, .T. ) ;
#445 = DIRECTION ( 'NONE',  ( 0.000000000000000000, -1.000000000000000000, 0.000000000000000000 ) ) ;
#446 = DIRECTION ( 'NONE',  ( 0.000000000000000000, 0.000000000000000000, 1.000000000000000000 ) ) ;
#447 = PLANE ( 'NONE',  #2737 ) ;
#448 = ADVANCED_FACE ( 'NONE', ( #2987, #736, #1490, #1768, #1519, #2805, #3029, #3047, #769, #2042, #2771, #2539, #2553, #783, #2524, #553, #29, #286 ), #1549, .F. ) ;
#449 = CARTESIAN_POINT ( 'NONE',  ( -35.60000000000000853, 112.0823004018341891, 2.000000000000000000 ) ) ;
#450 = DIRECTION ( 'NONE',  ( 0.8191520442889870246, 0.5735764363510529318, -0.000000000000000000 ) ) ;
#451 = AXIS2_PLACEMENT_3D ( 'NONE', #2340, #2853, #79 ) ;
#452 = ORIENTED_EDGE ( 'NONE', *, *, #307, .F. ) ;
#453 = ORIENTED_EDGE ( 'NONE', *, *, #2108, .F. ) ;
#454 = ORIENTED_EDGE ( 'NONE', *, *, #1311, .F. ) ;
#455 = ORIENTED_EDGE ( 'NONE', *, *, #1540, .T. ) ;
#456 = DIRECTION ( 'NONE',  ( -0.000000000000000000, -0.000000000000000000, -1.000000000000000000 ) ) ;
#457 = DIRECTION ( 'NONE',  ( -1.000000000000000000, 0.000000000000000000, 0.000000000000000000 ) ) ;
#458 = EDGE_CURVE ( 'NONE', #1872, #2682, #223, .T. ) ;
#459 = DIRECTION ( 'NONE',  ( 0.000000000000000000, 0.000000000000000000, 1.000000000000000000 ) ) ;
#460 = AXIS2_PLACEMENT_3D ( 'NONE', #2429, #1691, #446 ) ;
#461 = DIRECTION ( 'NONE',  ( -0.8191520442889972387, 0.5735764363510384989, 0.000000000000000000 ) ) ;
#462 = DIRECTION ( 'NONE',  ( -0.000000000000000000, -0.000000000000000000, -1.000000000000000000 ) ) ;
#463 = EDGE_CURVE ( 'NONE', #3187, #501, #1277, .T. ) ;
#464 = CARTESIAN_POINT ( 'NONE',  ( -9.761471208208222450, 133.5914907953925024, 2.000000000000000000 ) ) ;
#465 = CARTESIAN_POINT ( 'NONE',  ( 32.50000000000000000, 116.5823004018341891, 2.000000000000000000 ) ) ;
#466 = LINE ( 'NONE', #1802, #1982 ) ;
#467 = AXIS2_PLACEMENT_3D ( 'NONE', #2235, #1413, #3238 ) ;
#468 = AXIS2_PLACEMENT_3D ( 'NONE', #3212, #450, #2450 ) ;
#469 = ORIENTED_EDGE ( 'NONE', *, *, #954, .T. ) ;
#470 = VERTEX_POINT ( 'NONE', #800 ) ;
#471 = VERTEX_POINT ( 'NONE', #273 ) ;
#472 = VECTOR ( 'NONE', #1984, 1000.000000000000000 ) ;
#473 = ORIENTED_EDGE ( 'NONE', *, *, #3189, .T. ) ;
#474 = EDGE_CURVE ( 'NONE', #439, #2055, #2788, .T. ) ;
#475 = CARTESIAN_POINT ( 'NONE',  ( 17.25000000000343547, 134.3178181612026378, 0.000000000000000000 ) ) ;
#476 = PLANE ( 'NONE',  #1737 ) ;
#477 = CARTESIAN_POINT ( 'NONE',  ( -35.60000000000000853, 116.5823004018341891, 0.000000000000000000 ) ) ;
#478 = DIRECTION ( 'NONE',  ( 1.000000000000000000, 0.000000000000000000, 0.000000000000000000 ) ) ;
#479 = LINE ( 'NONE', #2446, #718 ) ;
#480 = EDGE_CURVE ( 'NONE', #2223, #1761, #2026, .T. ) ;
#481 = CARTESIAN_POINT ( 'NONE',  ( 17.23796389038623644, 84.76333675382035437, 2.000000000000000000 ) ) ;
#482 = AXIS2_PLACEMENT_3D ( 'NONE', #1604, #643, #2435 ) ;
#483 = LINE ( 'NONE', #2662, #42 ) ;
#484 = ORIENTED_EDGE ( 'NONE', *, *, #688, .T. ) ;
#485 = ORIENTED_EDGE ( 'NONE', *, *, #2765, .T. ) ;
#486 = EDGE_LOOP ( 'NONE', ( #2156, #283, #1699, #2567 ) ) ;
#487 = ORIENTED_EDGE ( 'NONE', *, *, #1261, .F. ) ;
#488 = EDGE_CURVE ( 'NONE', #863, #2903, #1292, .T. ) ;
#489 = CARTESIAN_POINT ( 'NONE',  ( -32.50000000000000711, 112.0823004018341891, 2.000000000000000000 ) ) ;
#490 = VECTOR ( 'NONE', #1260, 1000.000000000000000 ) ;
#491 = VERTEX_POINT ( 'NONE', #3099 ) ;
#492 = AXIS2_PLACEMENT_3D ( 'NONE', #1951, #755, #705 ) ;
#493 = EDGE_CURVE ( 'NONE', #2081, #822, #2090, .T. ) ;
#494 = LINE ( 'NONE', #984, #2371 ) ;
#495 = DIRECTION ( 'NONE',  ( -6.975034038271101892E-13, -1.000000000000000000, 0.000000000000000000 ) ) ;
#496 = LINE ( 'NONE', #274, #2024 ) ;
#497 = VECTOR ( 'NONE', #2594, 1000.000000000000000 ) ;
#498 = LINE ( 'NONE', #1492, #1304 ) ;
#499 = CARTESIAN_POINT ( 'NONE',  ( 30.05244944963756026, 90.88804245762189282, 2.000000000000000000 ) ) ;
#500 = VERTEX_POINT ( 'NONE', #1053 ) ;
#501 = VERTEX_POINT ( 'NONE', #2060 ) ;
#502 = ORIENTED_EDGE ( 'NONE', *, *, #1097, .F. ) ;
#503 = LINE ( 'NONE', #2800, #1012 ) ;
#504 = DIRECTION ( 'NONE',  ( 0.000000000000000000, -0.000000000000000000, 1.000000000000000000 ) ) ;
#505 = ORIENTED_EDGE ( 'NONE', *, *, #2693, .F. ) ;
#506 = EDGE_CURVE ( 'NONE', #3182, #1589, #542, .T. ) ;
#507 = FACE_OUTER_BOUND ( 'NONE', #2860, .T. ) ;
#508 = CARTESIAN_POINT ( 'NONE',  ( -24.44780011388687058, 142.8677883841247933, 2.000000000000000000 ) ) ;
#509 = CARTESIAN_POINT ( 'NONE',  ( 9.532154356703573583, 83.76333675382034016, 2.000000000000000000 ) ) ;
#510 = EDGE_CURVE ( 'NONE', #2471, #863, #585, .T. ) ;
#511 = CARTESIAN_POINT ( 'NONE',  ( 35.60000000000685816, 93.92431119012407237, 0.000000000000000000 ) ) ;
#512 = EDGE_CURVE ( 'NONE', #3090, #930, #1286, .T. ) ;
#513 = ORIENTED_EDGE ( 'NONE', *, *, #1753, .F. ) ;
#514 = ORIENTED_EDGE ( 'NONE', *, *, #1886, .T. ) ;
#515 = ORIENTED_EDGE ( 'NONE', *, *, #378, .T. ) ;
#516 = VECTOR ( 'NONE', #2098, 1000.000000000000114 ) ;
#517 = CARTESIAN_POINT ( 'NONE',  ( -9.532154356696707964, 138.5823004018388076, 0.000000000000000000 ) ) ;
#518 = CARTESIAN_POINT ( 'NONE',  ( -21.74938862961784736, 144.0823004018477889, 2.000000000000000000 ) ) ;
#519 = AXIS2_PLACEMENT_3D ( 'NONE', #604, #1360, #2627 ) ;
#520 = AXIS2_PLACEMENT_3D ( 'NONE', #2463, #1503, #478 ) ;
#521 = ORIENTED_EDGE ( 'NONE', *, *, #1306, .F. ) ;
#522 = CARTESIAN_POINT ( 'NONE',  ( 39.33540605864460105, 104.0823004018205893, 2.000000000000000000 ) ) ;
#523 = DIRECTION ( 'NONE',  ( -1.000000000000000000, 0.000000000000000000, 0.000000000000000000 ) ) ;
#524 = DIRECTION ( 'NONE',  ( -0.000000000000000000, -0.000000000000000000, -1.000000000000000000 ) ) ;
#525 = CARTESIAN_POINT ( 'NONE',  ( -22.20520244040333679, 106.1919633355151689, 2.000000000000000000 ) ) ;
#526 = DIRECTION ( 'NONE',  ( -0.000000000000000000, -0.000000000000000000, -1.000000000000000000 ) ) ;
#527 = VECTOR ( 'NONE', #3244, 1000.000000000000114 ) ;
#528 = EDGE_CURVE ( 'NONE', #2223, #965, #1327, .T. ) ;
#529 = VERTEX_POINT ( 'NONE', #290 ) ;
#530 = ORIENTED_EDGE ( 'NONE', *, *, #2498, .F. ) ;
#531 = VECTOR ( 'NONE', #2482, 1000.000000000000000 ) ;
#532 = DIRECTION ( 'NONE',  ( 0.000000000000000000, 0.000000000000000000, 1.000000000000000000 ) ) ;
#533 = LINE ( 'NONE', #3040, #212 ) ;
#534 = VERTEX_POINT ( 'NONE', #1846 ) ;
#535 = VECTOR ( 'NONE', #1001, 1000.000000000000114 ) ;
#536 = CARTESIAN_POINT ( 'NONE',  ( -36.58540605864457973, 104.0823004018205893, 2.000000000000000000 ) ) ;
#537 = VECTOR ( 'NONE', #2012, 1000.000000000000000 ) ;
#538 = DIRECTION ( 'NONE',  ( -0.000000000000000000, 0.000000000000000000, -1.000000000000000000 ) ) ;
#539 = PRODUCT_DEFINITION_CONTEXT ( 'detailed design', #1870, 'design' ) ;
#540 = CARTESIAN_POINT ( 'NONE',  ( -19.99999999999658939, 134.3178181612026378, 2.000000000000000000 ) ) ;
#541 = CARTESIAN_POINT ( 'NONE',  ( 42.34290007529176592, 136.3303120668074939, 2.000000000000000000 ) ) ;
#542 = LINE ( 'NONE', #2834, #867 ) ;
#543 = CIRCLE ( 'NONE', #916, 2.750000000000016431 ) ;
#544 = LINE ( 'NONE', #2312, #1774 ) ;
#545 = ORIENTED_EDGE ( 'NONE', *, *, #2927, .F. ) ;
#546 = ADVANCED_FACE ( 'NONE', ( #2295 ), #1342, .T. ) ;
#547 = LINE ( 'NONE', #1542, #1019 ) ;
#548 = CARTESIAN_POINT ( 'NONE',  ( -26.98012445080043165, 127.9436729868903058, 2.000000000000000000 ) ) ;
#549 = ORIENTED_EDGE ( 'NONE', *, *, #1021, .T. ) ;
#550 = ORIENTED_EDGE ( 'NONE', *, *, #2922, .F. ) ;
#551 = CARTESIAN_POINT ( 'NONE',  ( -24.59266344560188955, 106.1919633355151689, 2.000000000000000000 ) ) ;
#552 = ADVANCED_FACE ( 'NONE', ( #1100 ), #2809, .F. ) ;
#553 = FACE_BOUND ( 'NONE', #312, .T. ) ;
#554 = CYLINDRICAL_SURFACE ( 'NONE', #1599, 2.387461005198550534 ) ;
#555 = DIRECTION ( 'NONE',  ( -0.000000000000000000, -1.000000000000000000, -0.000000000000000000 ) ) ;
#556 = DIRECTION ( 'NONE',  ( -1.000000000000000000, 0.000000000000000000, 0.000000000000000000 ) ) ;
#557 = DIRECTION ( 'NONE',  ( -6.938893903907222067E-15, 1.000000000000000000, 0.000000000000000000 ) ) ;
#558 = SURFACE_SIDE_STYLE ('',( #2018 ) ) ;
#559 = VECTOR ( 'NONE', #2479, 1000.000000000000000 ) ;
#560 = ORIENTED_EDGE ( 'NONE', *, *, #1753, .T. ) ;
#561 = PLANE ( 'NONE',  #590 ) ;
#562 = CARTESIAN_POINT ( 'NONE',  ( -17.24999999999657518, 134.3178181612026378, 2.000000000000000000 ) ) ;
#563 = EDGE_LOOP ( 'NONE', ( #2451, #1372, #1746, #2062 ) ) ;
#564 = ORIENTED_EDGE ( 'NONE', *, *, #211, .F. ) ;
#565 = PLANE ( 'NONE',  #322 ) ;
#566 = AXIS2_PLACEMENT_3D ( 'NONE', #1295, #2950, #2791 ) ;
#567 = DIRECTION ( 'NONE',  ( 2.265321396420549711E-13, -1.000000000000000000, 0.000000000000000000 ) ) ;
#568 = DIRECTION ( 'NONE',  ( -0.000000000000000000, -0.000000000000000000, -1.000000000000000000 ) ) ;
#569 = CARTESIAN_POINT ( 'NONE',  ( -32.32526394615118193, 137.5823004018477889, 0.000000000000000000 ) ) ;
#570 = CARTESIAN_POINT ( 'NONE',  ( 30.05244944963773790, 87.84217512019861829, 2.000000000000000000 ) ) ;
#571 = EDGE_CURVE ( 'NONE', #2684, #1110, #2757, .T. ) ;
#572 = VERTEX_POINT ( 'NONE', #569 ) ;
#573 = LINE ( 'NONE', #1869, #1608 ) ;
#574 = EDGE_LOOP ( 'NONE', ( #1350, #742, #1762, #1714 ) ) ;
#575 = ORIENTED_EDGE ( 'NONE', *, *, #973, .F. ) ;
#576 = ORIENTED_EDGE ( 'NONE', *, *, #3057, .T. ) ;
#577 = EDGE_CURVE ( 'NONE', #1090, #1405, #50, .T. ) ;
#578 = ORIENTED_EDGE ( 'NONE', *, *, #2883, .T. ) ;
#579 = DIRECTION ( 'NONE',  ( 1.000000000000000000, 0.000000000000000000, 0.000000000000000000 ) ) ;
#580 = VECTOR ( 'NONE', #1722, 1000.000000000000000 ) ;
#581 = FACE_OUTER_BOUND ( 'NONE', #219, .T. ) ;
#582 = EDGE_CURVE ( 'NONE', #2236, #2190, #2074, .T. ) ;
#583 = CARTESIAN_POINT ( 'NONE',  ( -17.23796389038623644, 84.76333675382035437, 2.000000000000000000 ) ) ;
#584 = CIRCLE ( 'NONE', #1437, 5.000000000000135891 ) ;
#585 = LINE ( 'NONE', #2282, #28 ) ;
#586 = LINE ( 'NONE', #336, #1093 ) ;
#587 = VECTOR ( 'NONE', #2358, 1000.000000000000000 ) ;
#588 = CARTESIAN_POINT ( 'NONE',  ( 42.34290007529176592, 136.3303120668074939, 0.000000000000000000 ) ) ;
#589 = ORIENTED_EDGE ( 'NONE', *, *, #719, .T. ) ;
#590 = AXIS2_PLACEMENT_3D ( 'NONE', #1302, #1257, #1778 ) ;
#591 = ADVANCED_FACE ( 'NONE', ( #803 ), #1553, .T. ) ;
#592 = CARTESIAN_POINT ( 'NONE',  ( -30.05244944963069997, 90.88804245762189282, 2.000000000000000000 ) ) ;
#593 = ORIENTED_EDGE ( 'NONE', *, *, #3075, .T. ) ;
#594 = ORIENTED_EDGE ( 'NONE', *, *, #1438, .T. ) ;
#595 = ORIENTED_EDGE ( 'NONE', *, *, #3133, .F. ) ;
#596 = LINE ( 'NONE', #1592, #1959 ) ;
#597 = ORIENTED_EDGE ( 'NONE', *, *, #814, .T. ) ;
#598 = DIRECTION ( 'NONE',  ( 1.000000000000000000, 0.000000000000000000, 0.000000000000000000 ) ) ;
#599 = EDGE_CURVE ( 'NONE', #470, #1433, #335, .T. ) ;
#600 = CARTESIAN_POINT ( 'NONE',  ( 17.23796389038623644, 84.76333675382035437, 2.000000000000000000 ) ) ;
#601 = VECTOR ( 'NONE', #2775, 1000.000000000000000 ) ;
#602 = DIRECTION ( 'NONE',  ( -0.7426657267711873622, -0.6696623166039911146, 0.000000000000000000 ) ) ;
#603 = DIRECTION ( 'NONE',  ( -0.000000000000000000, -0.000000000000000000, -1.000000000000000000 ) ) ;
#604 = CARTESIAN_POINT ( 'NONE',  ( 30.05244944963773790, 87.84217512019861829, 2.000000000000000000 ) ) ;
#605 = EDGE_CURVE ( 'NONE', #1228, #2932, #1591, .T. ) ;
#606 = DIRECTION ( 'NONE',  ( 1.000000000000000000, 0.000000000000000000, 0.000000000000000000 ) ) ;
#607 = EDGE_LOOP ( 'NONE', ( #1370, #1108, #1320, #2406 ) ) ;
#608 = DIRECTION ( 'NONE',  ( 1.000000000000000000, 0.000000000000000000, 0.000000000000000000 ) ) ;
#609 = DIRECTION ( 'NONE',  ( 0.4801107788153958222, 0.8772078659390111222, -0.000000000000000000 ) ) ;
#610 = VECTOR ( 'NONE', #2759, 1000.000000000000000 ) ;
#611 = EDGE_LOOP ( 'NONE', ( #530, #2437, #2918, #1663 ) ) ;
#612 = ORIENTED_EDGE ( 'NONE', *, *, #2697, .T. ) ;
#613 = ORIENTED_EDGE ( 'NONE', *, *, #2790, .T. ) ;
#614 = LINE ( 'NONE', #2671, #1381 ) ;
#615 = VERTEX_POINT ( 'NONE', #1803 ) ;
#616 = LINE ( 'NONE', #1613, #849 ) ;
#617 = CARTESIAN_POINT ( 'NONE',  ( 39.33540605864460105, 104.0823004018205893, 2.000000000000000000 ) ) ;
#618 = VECTOR ( 'NONE', #183, 1000.000000000000227 ) ;
#619 = CARTESIAN_POINT ( 'NONE',  ( -11.50605608741131469, 107.6186371947500362, 0.000000000000000000 ) ) ;
#620 = VECTOR ( 'NONE', #1119, 1000.000000000000000 ) ;
#621 = CARTESIAN_POINT ( 'NONE',  ( -42.49643136550602662, 96.13230040183420044, 0.000000000000000000 ) ) ;
#622 = CARTESIAN_POINT ( 'NONE',  ( -7.105388598428713287, 129.7982117104935753, 2.000000000000000000 ) ) ;
#623 = ADVANCED_FACE ( 'NONE', ( #786 ), #1313, .T. ) ;
#624 = FACE_OUTER_BOUND ( 'NONE', #607, .T. ) ;
#625 = EDGE_CURVE ( 'NONE', #806, #863, #816, .T. ) ;
#626 = CARTESIAN_POINT ( 'NONE',  ( -17.24999999999657518, 134.3178181612026378, 2.000000000000000000 ) ) ;
#627 = CARTESIAN_POINT ( 'NONE',  ( -30.05244944963087761, 87.84217512019861829, 2.000000000000000000 ) ) ;
#628 = EDGE_LOOP ( 'NONE', ( #713, #897, #4, #545, #1562, #2700 ) ) ;
#629 = VERTEX_POINT ( 'NONE', #2573 ) ;
#630 = ORIENTED_EDGE ( 'NONE', *, *, #2093, .T. ) ;
#631 = FACE_OUTER_BOUND ( 'NONE', #2328, .T. ) ;
#632 = ORIENTED_EDGE ( 'NONE', *, *, #1137, .F. ) ;
#633 = CARTESIAN_POINT ( 'NONE',  ( -30.05244944963069997, 90.88804245762189282, 0.000000000000000000 ) ) ;
#634 = DIRECTION ( 'NONE',  ( 0.9523787920374706673, -0.3049174256700461494, 0.000000000000000000 ) ) ;
#635 = ADVANCED_FACE ( 'NONE', ( #321 ), #305, .T. ) ;
#636 = CARTESIAN_POINT ( 'NONE',  ( 41.17081211728928736, 130.6950461228504423, 0.000000000000000000 ) ) ;
#637 = PLANE ( 'NONE',  #1252 ) ;
#638 = LINE ( 'NONE', #1598, #2772 ) ;
#639 = VECTOR ( 'NONE', #140, 1000.000000000000000 ) ;
#640 = CIRCLE ( 'NONE', #1955, 2.750000000000016431 ) ;
#641 = DIRECTION ( 'NONE',  ( -0.000000000000000000, -0.000000000000000000, -1.000000000000000000 ) ) ;
#642 = FACE_OUTER_BOUND ( 'NONE', #2054, .T. ) ;
#643 = DIRECTION ( 'NONE',  ( -0.7071067811865442421, 0.7071067811865509034, 0.000000000000000000 ) ) ;
#644 = ORIENTED_EDGE ( 'NONE', *, *, #582, .T. ) ;
#645 = VERTEX_POINT ( 'NONE', #541 ) ;
#646 = ORIENTED_EDGE ( 'NONE', *, *, #934, .F. ) ;
#647 = EDGE_CURVE ( 'NONE', #1448, #3198, #764, .T. ) ;
#648 = ORIENTED_EDGE ( 'NONE', *, *, #3002, .F. ) ;
#649 = VECTOR ( 'NONE', #1102, 1000.000000000000000 ) ;
#650 = DIRECTION ( 'NONE',  ( 0.000000000000000000, 0.000000000000000000, 1.000000000000000000 ) ) ;
#651 = ORIENTED_EDGE ( 'NONE', *, *, #2587, .F. ) ;
#652 = LINE ( 'NONE', #2921, #1687 ) ;
#653 = DIRECTION ( 'NONE',  ( -1.000000000000000000, 0.000000000000000000, 0.000000000000000000 ) ) ;
#654 = EDGE_CURVE ( 'NONE', #529, #836, #2015, .T. ) ;
#655 = DIRECTION ( 'NONE',  ( 1.000000000000000000, 6.938893903907222067E-15, -0.000000000000000000 ) ) ;
#656 = CYLINDRICAL_SURFACE ( 'NONE', #2197, 2.750000000000016431 ) ;
#657 = LINE ( 'NONE', #1330, #2877 ) ;
#658 = CARTESIAN_POINT ( 'NONE',  ( 9.532154356703573583, 138.5823004018388076, 2.000000000000000000 ) ) ;
#659 = CARTESIAN_POINT ( 'NONE',  ( -39.03345774170655602, 132.5823004018477889, 2.000000000000000000 ) ) ;
#660 = CARTESIAN_POINT ( 'NONE',  ( 32.47241721684582672, 137.5823004018477889, 2.000000000000000000 ) ) ;
#661 = ORIENTED_EDGE ( 'NONE', *, *, #654, .T. ) ;
#662 = ORIENTED_EDGE ( 'NONE', *, *, #3176, .T. ) ;
#663 = ORIENTED_EDGE ( 'NONE', *, *, #1399, .F. ) ;
#664 = ORIENTED_EDGE ( 'NONE', *, *, #1626, .F. ) ;
#665 = DIRECTION ( 'NONE',  ( -0.000000000000000000, -0.000000000000000000, -1.000000000000000000 ) ) ;
#666 = ORIENTED_EDGE ( 'NONE', *, *, #2544, .F. ) ;
#667 = CARTESIAN_POINT ( 'NONE',  ( -35.60000000000000142, 93.92431119012407237, 0.000000000000000000 ) ) ;
#668 = AXIS2_PLACEMENT_3D ( 'NONE', #1595, #2869, #2820 ) ;
#669 = CARTESIAN_POINT ( 'NONE',  ( 11.50605608741817321, 107.6186371947500362, 0.000000000000000000 ) ) ;
#670 = DIRECTION ( 'NONE',  ( -0.000000000000000000, -0.000000000000000000, -1.000000000000000000 ) ) ;
#671 = DIRECTION ( 'NONE',  ( 1.000000000000000000, 0.000000000000000000, 0.000000000000000000 ) ) ;
#672 = CIRCLE ( 'NONE', #3031, 2.750000000000016431 ) ;
#673 = CARTESIAN_POINT ( 'NONE',  ( -39.33540605864460105, 129.0823004018477889, 0.000000000000000000 ) ) ;
#674 = CARTESIAN_POINT ( 'NONE',  ( 9.761471208207264993, 135.5914907953926729, 0.000000000000000000 ) ) ;
#675 = LINE ( 'NONE', #2187, #2948 ) ;
#676 = EDGE_CURVE ( 'NONE', #2048, #1450, #1447, .T. ) ;
#677 = EDGE_LOOP ( 'NONE', ( #2802, #2561, #824, #399 ) ) ;
#678 = ORIENTED_EDGE ( 'NONE', *, *, #493, .T. ) ;
#679 = ORIENTED_EDGE ( 'NONE', *, *, #102, .T. ) ;
#680 = EDGE_LOOP ( 'NONE', ( #2158, #3078, #828, #731 ) ) ;
#681 = DIRECTION ( 'NONE',  ( -0.000000000000000000, -0.000000000000000000, -1.000000000000000000 ) ) ;
#682 = ORIENTED_EDGE ( 'NONE', *, *, #2233, .T. ) ;
#683 = DIRECTION ( 'NONE',  ( 0.7522112549463451092, -0.6589220196138876329, 0.000000000000000000 ) ) ;
#684 = AXIS2_PLACEMENT_3D ( 'NONE', #267, #2304, #1273 ) ;
#685 = CARTESIAN_POINT ( 'NONE',  ( -9.761471208208222450, 133.5914907953925024, 2.000000000000000000 ) ) ;
#686 = LINE ( 'NONE', #1457, #95 ) ;
#687 = AXIS2_PLACEMENT_3D ( 'NONE', #158, #2410, #1163 ) ;
#688 = EDGE_CURVE ( 'NONE', #3074, #2238, #49, .T. ) ;
#689 = LINE ( 'NONE', #1969, #1878 ) ;
#690 = CIRCLE ( 'NONE', #2160, 2.750000000000016431 ) ;
#691 = CARTESIAN_POINT ( 'NONE',  ( -15.03215435670235678, 144.0823004018477889, 0.000000000000000000 ) ) ;
#692 = CIRCLE ( 'NONE', #3102, 5.000000000001655565 ) ;
#693 = CARTESIAN_POINT ( 'NONE',  ( -22.20520244040333679, 106.1919633355151689, 0.000000000000000000 ) ) ;
#694 = DIRECTION ( 'NONE',  ( 1.000000000000000000, -3.190045295344660920E-16, 0.000000000000000000 ) ) ;
#695 = ORIENTED_EDGE ( 'NONE', *, *, #2028, .T. ) ;
#696 = ORIENTED_EDGE ( 'NONE', *, *, #2229, .T. ) ;
#697 = ORIENTED_EDGE ( 'NONE', *, *, #1675, .F. ) ;
#698 = ORIENTED_EDGE ( 'NONE', *, *, #284, .T. ) ;
#699 = EDGE_CURVE ( 'NONE', #1761, #1680, #1208, .T. ) ;
#700 = LINE ( 'NONE', #1684, #2164 ) ;
#701 = CARTESIAN_POINT ( 'NONE',  ( 20.00000000000345324, 134.3178181612026378, 0.000000000000000000 ) ) ;
#702 = VECTOR ( 'NONE', #386, 1000.000000000000000 ) ;
#703 = PLANE ( 'NONE',  #2837 ) ;
#704 = ADVANCED_FACE ( 'NONE', ( #3017 ), #16, .T. ) ;
#705 = DIRECTION ( 'NONE',  ( -1.000000000000000000, 0.000000000000000000, 0.000000000000000000 ) ) ;
#706 = CARTESIAN_POINT ( 'NONE',  ( 20.00000000000345324, 134.3178181612026378, 2.000000000000000000 ) ) ;
#707 = CYLINDRICAL_SURFACE ( 'NONE', #3083, 2.750000000000016431 ) ;
#708 = EDGE_CURVE ( 'NONE', #1483, #3213, #1052, .T. ) ;
#709 = DIRECTION ( 'NONE',  ( -0.000000000000000000, -0.000000000000000000, -1.000000000000000000 ) ) ;
#710 = LINE ( 'NONE', #62, #725 ) ;
#711 = ORIENTED_EDGE ( 'NONE', *, *, #2010, .T. ) ;
#712 = ORIENTED_EDGE ( 'NONE', *, *, #3185, .T. ) ;
#713 = ORIENTED_EDGE ( 'NONE', *, *, #2623, .F. ) ;
#714 = ORIENTED_EDGE ( 'NONE', *, *, #890, .T. ) ;
#715 = CARTESIAN_POINT ( 'NONE',  ( 42.08540605864461526, 129.0823004018477889, 0.000000000000000000 ) ) ;
#716 = DIRECTION ( 'NONE',  ( 0.7426657267711875843, 0.6696623166039908925, -0.000000000000000000 ) ) ;
#717 = CARTESIAN_POINT ( 'NONE',  ( 17.12762315017737791, 113.8530408407982861, 2.000000000000000000 ) ) ;
#718 = VECTOR ( 'NONE', #210, 1000.000000000000000 ) ;
#719 = EDGE_CURVE ( 'NONE', #861, #1315, #1034, .T. ) ;
#720 = DIRECTION ( 'NONE',  ( 1.000000000000000000, 0.000000000000000000, 0.000000000000000000 ) ) ;
#721 =( NAMED_UNIT ( * ) PLANE_ANGLE_UNIT ( ) SI_UNIT ( $, .RADIAN. ) );
#722 = ADVANCED_FACE ( 'NONE', ( #772 ), #1771, .F. ) ;
#723 = CARTESIAN_POINT ( 'NONE',  ( -14.53215435669676658, 78.76333675382034016, 2.000000000000000000 ) ) ;
#724 = DIRECTION ( 'NONE',  ( 0.5735764363510442720, -0.8191520442889930198, 0.000000000000000000 ) ) ;
#725 = VECTOR ( 'NONE', #2044, 1000.000000000000000 ) ;
#726 = ORIENTED_EDGE ( 'NONE', *, *, #3062, .T. ) ;
#727 = ORIENTED_EDGE ( 'NONE', *, *, #141, .F. ) ;
#728 = EDGE_CURVE ( 'NONE', #1319, #3187, #2467, .T. ) ;
#729 = EDGE_LOOP ( 'NONE', ( #1532, #3114, #589, #1075 ) ) ;
#730 = VECTOR ( 'NONE', #2061, 1000.000000000000000 ) ;
#731 = ORIENTED_EDGE ( 'NONE', *, *, #257, .T. ) ;
#732 = EDGE_CURVE ( 'NONE', #422, #2272, #2460, .T. ) ;
#733 = DIRECTION ( 'NONE',  ( 1.000000000000000000, 0.000000000000000000, 0.000000000000000000 ) ) ;
#734 = ORIENTED_EDGE ( 'NONE', *, *, #728, .T. ) ;
#735 = CYLINDRICAL_SURFACE ( 'NONE', #1792, 2.387461005198550534 ) ;
#736 = FACE_BOUND ( 'NONE', #1850, .T. ) ;
#737 = CARTESIAN_POINT ( 'NONE',  ( 46.17081211729598778, 101.1668134670513410, 0.000000000000000000 ) ) ;
#738 = DIRECTION ( 'NONE',  ( -0.7496023329919390132, -0.6618884667170460423, 0.000000000000000000 ) ) ;
#739 = AXIS2_PLACEMENT_3D ( 'NONE', #2368, #2895, #3162 ) ;
#740 = PLANE ( 'NONE',  #1251 ) ;
#741 = AXIS2_PLACEMENT_3D ( 'NONE', #2907, #179, #192 ) ;
#742 = ORIENTED_EDGE ( 'NONE', *, *, #923, .F. ) ;
#743 = ORIENTED_EDGE ( 'NONE', *, *, #1060, .F. ) ;
#744 = EDGE_CURVE ( 'NONE', #2581, #2319, #710, .T. ) ;
#745 = ORIENTED_EDGE ( 'NONE', *, *, #389, .T. ) ;
#746 = ORIENTED_EDGE ( 'NONE', *, *, #1083, .F. ) ;
#747 = DIRECTION ( 'NONE',  ( -1.000000000000000000, 0.000000000000000000, 0.000000000000000000 ) ) ;
#748 = VECTOR ( 'NONE', #2274, 1000.000000000000000 ) ;
#749 = DIRECTION ( 'NONE',  ( 0.6618884667170463754, -0.7496023329919387912, 0.000000000000000000 ) ) ;
#750 = EDGE_CURVE ( 'NONE', #1729, #1570, #3050, .T. ) ;
#751 = VECTOR ( 'NONE', #768, 1000.000000000000000 ) ;
#752 = ORIENTED_EDGE ( 'NONE', *, *, #1357, .T. ) ;
#753 = EDGE_CURVE ( 'NONE', #1823, #2937, #2558, .T. ) ;
#754 = CARTESIAN_POINT ( 'NONE',  ( -19.99999999999658584, 99.81781816120273731, 2.000000000000000000 ) ) ;
#755 = DIRECTION ( 'NONE',  ( -0.000000000000000000, -0.000000000000000000, -1.000000000000000000 ) ) ;
#756 = DIRECTION ( 'NONE',  ( 1.000000000000000000, 0.000000000000000000, 0.000000000000000000 ) ) ;
#757 = AXIS2_PLACEMENT_3D ( 'NONE', #97, #131, #1641 ) ;
#758 = EDGE_CURVE ( 'NONE', #344, #2244, #2875, .T. ) ;
#759 = CYLINDRICAL_SURFACE ( 'NONE', #2559, 5.286250709601127085 ) ;
#760 = APPLICATION_PROTOCOL_DEFINITION ( 'draft international standard', 'automotive_design', 1998, #2887 ) ;
#761 = ORIENTED_EDGE ( 'NONE', *, *, #1665, .T. ) ;
#762 = ORIENTED_EDGE ( 'NONE', *, *, #1407, .F. ) ;
#763 = ORIENTED_EDGE ( 'NONE', *, *, #1561, .F. ) ;
#764 = CIRCLE ( 'NONE', #2017, 5.286250709601127085 ) ;
#765 = LINE ( 'NONE', #3072, #3104 ) ;
#766 = CYLINDRICAL_SURFACE ( 'NONE', #3208, 2.750000000000016431 ) ;
#767 = ORIENTED_EDGE ( 'NONE', *, *, #2693, .T. ) ;
#768 = DIRECTION ( 'NONE',  ( -1.000000000000000000, -0.000000000000000000, -0.000000000000000000 ) ) ;
#769 = FACE_OUTER_BOUND ( 'NONE', #1528, .T. ) ;
#770 = PLANE ( 'NONE',  #243 ) ;
#771 = VECTOR ( 'NONE', #2988, 1000.000000000000000 ) ;
#772 = FACE_OUTER_BOUND ( 'NONE', #1585, .T. ) ;
#773 = DIRECTION ( 'NONE',  ( -0.000000000000000000, -0.000000000000000000, -1.000000000000000000 ) ) ;
#774 = ORIENTED_EDGE ( 'NONE', *, *, #2623, .T. ) ;
#775 = ORIENTED_EDGE ( 'NONE', *, *, #647, .T. ) ;
#776 = EDGE_CURVE ( 'NONE', #116, #2749, #466, .T. ) ;
#777 = CIRCLE ( 'NONE', #1460, 2.750000000000016431 ) ;
#778 = LINE ( 'NONE', #3023, #748 ) ;
#779 = CARTESIAN_POINT ( 'NONE',  ( -11.50605608741129693, 126.5169991276554384, 2.000000000000000000 ) ) ;
#780 = VECTOR ( 'NONE', #1054, 1000.000000000000000 ) ;
#781 = EDGE_LOOP ( 'NONE', ( #381, #1879, #2423, #1497 ) ) ;
#782 = DIRECTION ( 'NONE',  ( -0.6696623166039911146, 0.7426657267711873622, 0.000000000000000000 ) ) ;
#783 = FACE_BOUND ( 'NONE', #3168, .T. ) ;
#784 = DIRECTION ( 'NONE',  ( 0.000000000000000000, 0.000000000000000000, 1.000000000000000000 ) ) ;
#785 = FACE_OUTER_BOUND ( 'NONE', #1144, .T. ) ;
#786 = FACE_OUTER_BOUND ( 'NONE', #2209, .T. ) ;
#787 = ADVANCED_FACE ( 'NONE', ( #3034 ), #1264, .T. ) ;
#788 = LINE ( 'NONE', #2047, #2668 ) ;
#789 = AXIS2_PLACEMENT_3D ( 'NONE', #1303, #1288, #504 ) ;
#790 = ORIENTED_EDGE ( 'NONE', *, *, #64, .F. ) ;
#791 = VECTOR ( 'NONE', #2163, 1000.000000000000114 ) ;
#792 = ADVANCED_FACE ( 'NONE', ( #785 ), #1786, .F. ) ;
#793 = FACE_BOUND ( 'NONE', #948, .T. ) ;
#794 = LINE ( 'NONE', #1515, #1104 ) ;
#795 = ORIENTED_EDGE ( 'NONE', *, *, #1983, .T. ) ;
#796 = VERTEX_POINT ( 'NONE', #2339 ) ;
#797 = VECTOR ( 'NONE', #440, 1000.000000000000000 ) ;
#798 = CARTESIAN_POINT ( 'NONE',  ( -21.13835778030055579, 139.1197767191638377, 2.000000000000000000 ) ) ;
#799 = VECTOR ( 'NONE', #306, 1000.000000000000000 ) ;
#800 = CARTESIAN_POINT ( 'NONE',  ( -35.60000000000000142, 93.92431119012407237, 2.000000000000000000 ) ) ;
#801 = DIRECTION ( 'NONE',  ( 0.000000000000000000, 0.000000000000000000, 1.000000000000000000 ) ) ;
#802 = DIRECTION ( 'NONE',  ( -0.000000000000000000, -0.000000000000000000, -1.000000000000000000 ) ) ;
#803 = FACE_OUTER_BOUND ( 'NONE', #1211, .T. ) ;
#804 = AXIS2_PLACEMENT_3D ( 'NONE', #1630, #1388, #2389 ) ;
#805 = CYLINDRICAL_SURFACE ( 'NONE', #2248, 2.750000000000016431 ) ;
#806 = VERTEX_POINT ( 'NONE', #2379 ) ;
#807 = CARTESIAN_POINT ( 'NONE',  ( 32.50000000000000000, 112.0823004018341891, 2.000000000000000000 ) ) ;
#808 = VERTEX_POINT ( 'NONE', #2889 ) ;
#809 = CARTESIAN_POINT ( 'NONE',  ( 32.50000000000000000, 116.5823004018341891, 0.000000000000000000 ) ) ;
#810 = ORIENTED_EDGE ( 'NONE', *, *, #1039, .T. ) ;
#811 = ORIENTED_EDGE ( 'NONE', *, *, #1675, .T. ) ;
#812 = DIRECTION ( 'NONE',  ( -0.6696623166039911146, -0.7426657267711873622, 0.000000000000000000 ) ) ;
#813 = CARTESIAN_POINT ( 'NONE',  ( 36.58540605864457973, 129.0823004018477889, 2.000000000000000000 ) ) ;
#814 = EDGE_CURVE ( 'NONE', #1575, #836, #3141, .T. ) ;
#815 = CARTESIAN_POINT ( 'NONE',  ( -32.50000000000000000, 116.5823004018341891, 2.000000000000000000 ) ) ;
#816 = LINE ( 'NONE', #1817, #2180 ) ;
#817 = FACE_OUTER_BOUND ( 'NONE', #2934, .T. ) ;
#818 = EDGE_CURVE ( 'NONE', #2617, #2106, #2073, .T. ) ;
#819 = AXIS2_PLACEMENT_3D ( 'NONE', #1065, #2525, #1003 ) ;
#820 = ORIENTED_EDGE ( 'NONE', *, *, #412, .F. ) ;
#821 = FACE_BOUND ( 'NONE', #680, .T. ) ;
#822 = VERTEX_POINT ( 'NONE', #2644 ) ;
#823 = EDGE_LOOP ( 'NONE', ( #1681, #2920, #1107, #2965 ) ) ;
#824 = ORIENTED_EDGE ( 'NONE', *, *, #2812, .F. ) ;
#825 = EDGE_CURVE ( 'NONE', #3242, #1607, #351, .T. ) ;
#826 = VECTOR ( 'NONE', #309, 1000.000000000000000 ) ;
#827 = VECTOR ( 'NONE', #2284, 1000.000000000000000 ) ;
#828 = ORIENTED_EDGE ( 'NONE', *, *, #776, .T. ) ;
#829 = CARTESIAN_POINT ( 'NONE',  ( -42.49643136550602662, 96.13230040183420044, 2.000000000000000000 ) ) ;
#830 = CARTESIAN_POINT ( 'NONE',  ( 17.25000000000343547, 134.3178181612026378, 2.000000000000000000 ) ) ;
#831 = CARTESIAN_POINT ( 'NONE',  ( -46.17081211728913104, 130.6950461228504423, 2.000000000000000000 ) ) ;
#832 = ADVANCED_FACE ( 'NONE', ( #850 ), #128, .F. ) ;
#833 = CARTESIAN_POINT ( 'NONE',  ( 19.68824215689894075, 78.76333675382034016, 2.000000000000000000 ) ) ;
#834 = CARTESIAN_POINT ( 'NONE',  ( 14.53215435670362510, 78.76333675382034016, 2.000000000000000000 ) ) ;
#835 = LINE ( 'NONE', #149, #497 ) ;
#836 = VERTEX_POINT ( 'NONE', #371 ) ;
#837 = DIRECTION ( 'NONE',  ( 0.000000000000000000, 0.000000000000000000, 1.000000000000000000 ) ) ;
#838 = ADVANCED_FACE ( 'NONE', ( #1326 ), #1099, .F. ) ;
#839 = ORIENTED_EDGE ( 'NONE', *, *, #2577, .F. ) ;
#840 = ORIENTED_EDGE ( 'NONE', *, *, #2550, .F. ) ;
#841 = VECTOR ( 'NONE', #2133, 1000.000000000000114 ) ;
#842 = ORIENTED_EDGE ( 'NONE', *, *, #1807, .F. ) ;
#843 = CARTESIAN_POINT ( 'NONE',  ( 7.105388598427811786, 129.7982117104936606, 2.000000000000000000 ) ) ;
#844 = EDGE_LOOP ( 'NONE', ( #1482, #1993, #1961, #361 ) ) ;
#845 = CARTESIAN_POINT ( 'NONE',  ( -22.20520244038816315, 127.9436729868903058, 2.000000000000000000 ) ) ;
#846 = VECTOR ( 'NONE', #1950, 1000.000000000000000 ) ;
#847 = EDGE_CURVE ( 'NONE', #914, #1574, #1378, .T. ) ;
#848 = CARTESIAN_POINT ( 'NONE',  ( 26.98012445080729549, 127.9436729868903058, 2.000000000000000000 ) ) ;
#849 = VECTOR ( 'NONE', #1063, 1000.000000000000114 ) ;
#850 = FACE_OUTER_BOUND ( 'NONE', #330, .T. ) ;
#851 = DIRECTION ( 'NONE',  ( -1.000000000000000000, -8.530141109966444224E-15, 0.000000000000000000 ) ) ;
#852 = EDGE_CURVE ( 'NONE', #2731, #1091, #1827, .T. ) ;
#853 = DIRECTION ( 'NONE',  ( 0.000000000000000000, 0.000000000000000000, 1.000000000000000000 ) ) ;
#854 = AXIS2_PLACEMENT_3D ( 'NONE', #1579, #2569, #390 ) ;
#855 = DIRECTION ( 'NONE',  ( -1.000000000000000000, 1.541976423090493661E-15, 0.000000000000000000 ) ) ;
#856 = ORIENTED_EDGE ( 'NONE', *, *, #2738, .T. ) ;
#857 = CARTESIAN_POINT ( 'NONE',  ( 35.60000000000685816, 93.92431119012407237, 2.000000000000000000 ) ) ;
#858 = EDGE_LOOP ( 'NONE', ( #264, #280, #550, #1485 ) ) ;
#859 = VERTEX_POINT ( 'NONE', #2589 ) ;
#860 = VERTEX_POINT ( 'NONE', #334 ) ;
#861 = VERTEX_POINT ( 'NONE', #2089 ) ;
#862 = CARTESIAN_POINT ( 'NONE',  ( 17.23796389038623644, 84.76333675382035437, 2.000000000000000000 ) ) ;
#863 = VERTEX_POINT ( 'NONE', #2359 ) ;
#864 = DIRECTION ( 'NONE',  ( -0.7496023329919425660, 0.6618884667170421565, -0.000000000000000000 ) ) ;
#865 = ADVANCED_FACE ( 'NONE', ( #110 ), #3098, .T. ) ;
#866 = DIRECTION ( 'NONE',  ( 1.000000000000000000, 0.000000000000000000, 0.000000000000000000 ) ) ;
#867 = VECTOR ( 'NONE', #851, 1000.000000000000000 ) ;
#868 = LINE ( 'NONE', #815, #1833 ) ;
#869 = FACE_OUTER_BOUND ( 'NONE', #2632, .T. ) ;
#870 = EDGE_CURVE ( 'NONE', #491, #3042, #1845, .T. ) ;
#871 = CARTESIAN_POINT ( 'NONE',  ( -46.17081211728913104, 130.6950461228504423, 0.000000000000000000 ) ) ;
#872 = DIRECTION ( 'NONE',  ( -1.000000000000000000, -6.938893903907222067E-15, 0.000000000000000000 ) ) ;
#873 = CARTESIAN_POINT ( 'NONE',  ( -9.532154356696715070, 83.76333675382034016, 2.000000000000000000 ) ) ;
#874 = PLANE ( 'NONE',  #482 ) ;
#875 = MECHANICAL_DESIGN_GEOMETRIC_PRESENTATION_REPRESENTATION (  '', ( #1660 ), #2926 ) ;
#876 = ORIENTED_EDGE ( 'NONE', *, *, #3002, .T. ) ;
#877 = EDGE_CURVE ( 'NONE', #859, #999, #2125, .T. ) ;
#878 = ORIENTED_EDGE ( 'NONE', *, *, #2184, .F. ) ;
#879 = ORIENTED_EDGE ( 'NONE', *, *, #753, .F. ) ;
#880 = CARTESIAN_POINT ( 'NONE',  ( -42.08540605864461526, 104.0823004018205893, 2.000000000000000000 ) ) ;
#881 = ORIENTED_EDGE ( 'NONE', *, *, #2560, .F. ) ;
#882 = CARTESIAN_POINT ( 'NONE',  ( -41.17081211728929446, 130.6950461228504707, 0.000000000000000000 ) ) ;
#883 = PLANE ( 'NONE',  #3172 ) ;
#884 = VECTOR ( 'NONE', #166, 1000.000000000000000 ) ;
#885 = AXIS2_PLACEMENT_3D ( 'NONE', #1958, #2309, #2964 ) ;
#886 = LINE ( 'NONE', #2605, #10 ) ;
#887 = VECTOR ( 'NONE', #1250, 1000.000000000000000 ) ;
#888 = CARTESIAN_POINT ( 'NONE',  ( -17.24999999999657163, 99.81781816120273731, 0.000000000000000000 ) ) ;
#889 = LINE ( 'NONE', #80, #203 ) ;
#890 = EDGE_CURVE ( 'NONE', #84, #3182, #886, .T. ) ;
#891 = CARTESIAN_POINT ( 'NONE',  ( 21.74938862962032715, 139.0823004018461404, 2.000000000000000000 ) ) ;
#892 = DIRECTION ( 'NONE',  ( 0.000000000000000000, 0.000000000000000000, 1.000000000000000000 ) ) ;
#893 = CARTESIAN_POINT ( 'NONE',  ( 22.20520244039502700, 127.9436729868903058, 0.000000000000000000 ) ) ;
#894 = ORIENTED_EDGE ( 'NONE', *, *, #2443, .T. ) ;
#895 = ORIENTED_EDGE ( 'NONE', *, *, #2393, .T. ) ;
#896 = EDGE_LOOP ( 'NONE', ( #2353, #945, #3145, #2968 ) ) ;
#897 = ORIENTED_EDGE ( 'NONE', *, *, #983, .F. ) ;
#898 = EDGE_CURVE ( 'NONE', #2036, #3182, #3135, .T. ) ;
#899 = DIRECTION ( 'NONE',  ( -0.000000000000000000, -0.000000000000000000, -1.000000000000000000 ) ) ;
#900 = ORIENTED_EDGE ( 'NONE', *, *, #3223, .F. ) ;
#901 = CARTESIAN_POINT ( 'NONE',  ( -14.49999999999655387, 99.81781816120273731, 0.000000000000000000 ) ) ;
#902 = FACE_OUTER_BOUND ( 'NONE', #2595, .T. ) ;
#903 = VECTOR ( 'NONE', #1445, 1000.000000000000000 ) ;
#904 = CARTESIAN_POINT ( 'NONE',  ( 39.33540605864460105, 129.0823004018477889, 0.000000000000000000 ) ) ;
#905 = CARTESIAN_POINT ( 'NONE',  ( 35.60000000000685816, 93.92431119012407237, 2.000000000000000000 ) ) ;
#906 = LINE ( 'NONE', #622, #1933 ) ;
#907 = VECTOR ( 'NONE', #3009, 1000.000000000000000 ) ;
#908 = CIRCLE ( 'NONE', #1692, 2.387461005198550534 ) ;
#909 = CARTESIAN_POINT ( 'NONE',  ( 39.33540605864460105, 104.0823004018205893, 2.000000000000000000 ) ) ;
#910 = CARTESIAN_POINT ( 'NONE',  ( -32.50000000000000000, 116.5823004018341891, 2.000000000000000000 ) ) ;
#911 = CARTESIAN_POINT ( 'NONE',  ( 17.12762315017737791, 113.8530408407982861, 0.000000000000000000 ) ) ;
#912 = VERTEX_POINT ( 'NONE', #1882 ) ;
#913 = ORIENTED_EDGE ( 'NONE', *, *, #1324, .F. ) ;
#914 = VERTEX_POINT ( 'NONE', #3066 ) ;
#915 = ORIENTED_EDGE ( 'NONE', *, *, #1941, .T. ) ;
#916 = AXIS2_PLACEMENT_3D ( 'NONE', #917, #2355, #2919 ) ;
#917 = CARTESIAN_POINT ( 'NONE',  ( -39.33540605864460105, 129.0823004018477889, 2.000000000000000000 ) ) ;
#918 = ORIENTED_EDGE ( 'NONE', *, *, #2596, .T. ) ;
#919 = DIRECTION ( 'NONE',  ( -0.000000000000000000, -0.000000000000000000, -1.000000000000000000 ) ) ;
#920 = CARTESIAN_POINT ( 'NONE',  ( -9.532154356696707964, 138.5823004018388076, 2.000000000000000000 ) ) ;
#921 = CARTESIAN_POINT ( 'NONE',  ( 39.33540605864460105, 104.0823004018205893, 0.000000000000000000 ) ) ;
#922 = CARTESIAN_POINT ( 'NONE',  ( -7.105388598428713287, 129.7982117104935753, 2.000000000000000000 ) ) ;
#923 = EDGE_CURVE ( 'NONE', #3070, #1751, #868, .T. ) ;
#924 = LINE ( 'NONE', #691, #1368 ) ;
#925 = CARTESIAN_POINT ( 'NONE',  ( 22.20520244040260849, 106.1919633355151689, 2.000000000000000000 ) ) ;
#926 = CARTESIAN_POINT ( 'NONE',  ( -35.60000000000000853, 116.5823004018341891, 2.000000000000000000 ) ) ;
#927 = ORIENTED_EDGE ( 'NONE', *, *, #1913, .T. ) ;
#928 = ORIENTED_EDGE ( 'NONE', *, *, #1183, .F. ) ;
#929 = ORIENTED_EDGE ( 'NONE', *, *, #1407, .T. ) ;
#930 = VERTEX_POINT ( 'NONE', #2870 ) ;
#931 = CARTESIAN_POINT ( 'NONE',  ( -7.105388598424831059, 96.13230040183420044, 2.000000000000000000 ) ) ;
#932 = ORIENTED_EDGE ( 'NONE', *, *, #2570, .F. ) ;
#933 = DIRECTION ( 'NONE',  ( -5.809241669051914661E-14, -1.000000000000000000, 0.000000000000000000 ) ) ;
#934 = EDGE_CURVE ( 'NONE', #313, #1855, #1566, .T. ) ;
#935 = CARTESIAN_POINT ( 'NONE',  ( 9.761471208207279204, 133.5914907953926729, 2.000000000000000000 ) ) ;
#936 = PRESENTATION_LAYER_ASSIGNMENT (  '', '', ( #3138 ) ) ;
#937 = DIRECTION ( 'NONE',  ( -1.000000000000000000, 0.000000000000000000, 0.000000000000000000 ) ) ;
#938 = VECTOR ( 'NONE', #2648, 1000.000000000000000 ) ;
#939 = CIRCLE ( 'NONE', #2611, 1.550000000000002709 ) ;
#940 = CIRCLE ( 'NONE', #2612, 2.387461005198550534 ) ;
#941 = EDGE_CURVE ( 'NONE', #962, #204, #319, .T. ) ;
#942 = DIRECTION ( 'NONE',  ( -0.000000000000000000, -0.000000000000000000, -1.000000000000000000 ) ) ;
#943 = LINE ( 'NONE', #1971, #1041 ) ;
#944 = DIRECTION ( 'NONE',  ( -0.000000000000000000, -0.000000000000000000, -1.000000000000000000 ) ) ;
#945 = ORIENTED_EDGE ( 'NONE', *, *, #3157, .F. ) ;
#946 = EDGE_LOOP ( 'NONE', ( #2387, #595, #2996, #168 ) ) ;
#947 = ORIENTED_EDGE ( 'NONE', *, *, #898, .F. ) ;
#948 = EDGE_LOOP ( 'NONE', ( #2750, #2917, #1253, #1076, #2813, #2119 ) ) ;
#949 = EDGE_CURVE ( 'NONE', #1158, #439, #1006, .T. ) ;
#950 = CARTESIAN_POINT ( 'NONE',  ( -32.32526394615118193, 137.5823004018477889, 2.000000000000000000 ) ) ;
#951 = CYLINDRICAL_SURFACE ( 'NONE', #687, 2.750000000000016431 ) ;
#952 = VECTOR ( 'NONE', #1135, 1000.000000000000227 ) ;
#953 = DIRECTION ( 'NONE',  ( -1.000000000000000000, 0.000000000000000000, 0.000000000000000000 ) ) ;
#954 = EDGE_CURVE ( 'NONE', #2048, #2564, #690, .T. ) ;
#955 = FACE_OUTER_BOUND ( 'NONE', #677, .T. ) ;
#956 = DIRECTION ( 'NONE',  ( -1.000000000000000000, 0.000000000000000000, 0.000000000000000000 ) ) ;
#957 = DIRECTION ( 'NONE',  ( 0.000000000000000000, 0.000000000000000000, 1.000000000000000000 ) ) ;
#958 = AXIS2_PLACEMENT_3D ( 'NONE', #2621, #367, #2375 ) ;
#959 = CARTESIAN_POINT ( 'NONE',  ( -7.105388598424831059, 96.13230040183420044, 0.000000000000000000 ) ) ;
#960 = DIRECTION ( 'NONE',  ( 1.000000000000000000, 0.000000000000000000, 0.000000000000000000 ) ) ;
#961 = CIRCLE ( 'NONE', #2794, 5.000000000001818989 ) ;
#962 = VERTEX_POINT ( 'NONE', #3154 ) ;
#963 = ORIENTED_EDGE ( 'NONE', *, *, #2046, .T. ) ;
#964 = ORIENTED_EDGE ( 'NONE', *, *, #847, .F. ) ;
#965 = VERTEX_POINT ( 'NONE', #159 ) ;
#966 = CARTESIAN_POINT ( 'NONE',  ( 17.12762315017737791, 113.8530408407982861, 2.000000000000000000 ) ) ;
#967 = CARTESIAN_POINT ( 'NONE',  ( -7.105388598428713287, 129.7982117104935753, 0.000000000000000000 ) ) ;
#968 = EDGE_CURVE ( 'NONE', #2260, #2003, #3205, .T. ) ;
#969 = CARTESIAN_POINT ( 'NONE',  ( 28.97626859470664584, 139.0078151505259427, 2.000000000000000000 ) ) ;
#970 = CARTESIAN_POINT ( 'NONE',  ( 9.532154356703573583, 83.76333675382034016, 0.000000000000000000 ) ) ;
#971 = CARTESIAN_POINT ( 'NONE',  ( 9.761471208207264993, 135.5914907953926729, 2.000000000000000000 ) ) ;
#972 = ADVANCED_FACE ( 'NONE', ( #2215 ), #1150, .F. ) ;
#973 = EDGE_CURVE ( 'NONE', #1972, #2036, #1166, .T. ) ;
#974 = LINE ( 'NONE', #723, #1151 ) ;
#975 = CARTESIAN_POINT ( 'NONE',  ( 30.05244944963756026, 90.88804245762189282, 2.000000000000000000 ) ) ;
#976 = VERTEX_POINT ( 'NONE', #3221 ) ;
#977 = ORIENTED_EDGE ( 'NONE', *, *, #1060, .T. ) ;
#978 = EDGE_LOOP ( 'NONE', ( #2536, #763, #1893, #712 ) ) ;
#979 = EDGE_LOOP ( 'NONE', ( #1914, #2672, #2583, #3 ) ) ;
#980 = LINE ( 'NONE', #2704, #2269 ) ;
#981 = ADVANCED_FACE ( 'NONE', ( #444 ), #703, .F. ) ;
#982 = VERTEX_POINT ( 'NONE', #969 ) ;
#983 = EDGE_CURVE ( 'NONE', #1095, #3230, #1456, .T. ) ;
#984 = CARTESIAN_POINT ( 'NONE',  ( -32.32526394615118193, 137.5823004018477889, 0.000000000000000000 ) ) ;
#985 = PLANE ( 'NONE',  #1901 ) ;
#986 = CARTESIAN_POINT ( 'NONE',  ( 14.50000000000341593, 99.81781816120273731, 2.000000000000000000 ) ) ;
#987 = EDGE_CURVE ( 'NONE', #1729, #344, #2462, .T. ) ;
#988 = CARTESIAN_POINT ( 'NONE',  ( -30.05244944963087761, 87.84217512019861829, 2.000000000000000000 ) ) ;
#989 = EDGE_CURVE ( 'NONE', #2206, #2903, #3173, .T. ) ;
#990 = FACE_OUTER_BOUND ( 'NONE', #346, .T. ) ;
#991 = AXIS2_PLACEMENT_3D ( 'NONE', #2808, #2266, #2030 ) ;
#992 = VERTEX_POINT ( 'NONE', #1935 ) ;
#993 = ORIENTED_EDGE ( 'NONE', *, *, #2544, .T. ) ;
#994 = EDGE_CURVE ( 'NONE', #2735, #1466, #1424, .T. ) ;
#995 = VERTEX_POINT ( 'NONE', #2942 ) ;
#996 = EDGE_LOOP ( 'NONE', ( #795, #2039, #2620, #1988 ) ) ;
#997 = DIRECTION ( 'NONE',  ( 0.000000000000000000, 0.000000000000000000, 1.000000000000000000 ) ) ;
#998 = CARTESIAN_POINT ( 'NONE',  ( 25.24553725175961105, 142.6567856531697771, 2.000000000000000000 ) ) ;
#999 = VERTEX_POINT ( 'NONE', #669 ) ;
#1000 = ADVANCED_FACE ( 'NONE', ( #1920 ), #2427, .F. ) ;
#1001 = DIRECTION ( 'NONE',  ( -0.7148970502644877989, 0.6992297244276264312, -0.000000000000000000 ) ) ;
#1002 = DIRECTION ( 'NONE',  ( 0.000000000000000000, 0.000000000000000000, 1.000000000000000000 ) ) ;
#1003 = DIRECTION ( 'NONE',  ( -3.485124485164042114E-13, 1.000000000000000000, 0.000000000000000000 ) ) ;
#1004 = CARTESIAN_POINT ( 'NONE',  ( 9.761471208211180084, 92.33902131693520232, 2.000000000000000000 ) ) ;
#1005 = FILL_AREA_STYLE_COLOUR ( '', #2343 ) ;
#1006 = CIRCLE ( 'NONE', #163, 2.750000000000016431 ) ;
#1007 = ORIENTED_EDGE ( 'NONE', *, *, #2664, .T. ) ;
#1008 = EDGE_LOOP ( 'NONE', ( #1685, #1927, #2666, #644 ) ) ;
#1009 = ORIENTED_EDGE ( 'NONE', *, *, #528, .T. ) ;
#1010 = VERTEX_POINT ( 'NONE', #1185 ) ;
#1011 = FACE_BOUND ( 'NONE', #2404, .T. ) ;
#1012 = VECTOR ( 'NONE', #37, 1000.000000000000000 ) ;
#1013 = DIRECTION ( 'NONE',  ( -1.000000000000000000, 0.000000000000000000, 0.000000000000000000 ) ) ;
#1014 = EDGE_LOOP ( 'NONE', ( #155, #434 ) ) ;
#1015 = CARTESIAN_POINT ( 'NONE',  ( -39.33540605864460105, 104.0823004018205893, 2.000000000000000000 ) ) ;
#1016 = VECTOR ( 'NONE', #2609, 1000.000000000000000 ) ;
#1017 = PLANE ( 'NONE',  #1225 ) ;
#1018 = FACE_OUTER_BOUND ( 'NONE', #486, .T. ) ;
#1019 = VECTOR ( 'NONE', #2766, 1000.000000000000000 ) ;
#1020 = CARTESIAN_POINT ( 'NONE',  ( -26.98012445080043165, 127.9436729868903058, 2.000000000000000000 ) ) ;
#1021 = EDGE_CURVE ( 'NONE', #2865, #1448, #1200, .T. ) ;
#1022 = CARTESIAN_POINT ( 'NONE',  ( -9.532154356696715070, 83.76333675382034016, 2.000000000000000000 ) ) ;
#1023 = VERTEX_POINT ( 'NONE', #1473 ) ;
#1024 = ORIENTED_EDGE ( 'NONE', *, *, #3055, .T. ) ;
#1025 = VECTOR ( 'NONE', #198, 1000.000000000000000 ) ;
#1026 = DIRECTION ( 'NONE',  ( -0.000000000000000000, -0.000000000000000000, -1.000000000000000000 ) ) ;
#1027 = DIRECTION ( 'NONE',  ( 0.000000000000000000, 0.000000000000000000, 1.000000000000000000 ) ) ;
#1028 = ORIENTED_EDGE ( 'NONE', *, *, #676, .F. ) ;
#1029 = ADVANCED_FACE ( 'NONE', ( #1707 ), #2198, .T. ) ;
#1030 = CARTESIAN_POINT ( 'NONE',  ( 14.48796389038621868, 84.76333675382035437, 2.000000000000000000 ) ) ;
#1031 = DIRECTION ( 'NONE',  ( -0.000000000000000000, -0.000000000000000000, -1.000000000000000000 ) ) ;
#1032 = CARTESIAN_POINT ( 'NONE',  ( 40.88456140769485359, 101.1668134670513410, 2.000000000000000000 ) ) ;
#1033 = CIRCLE ( 'NONE', #3132, 1.550000000000002709 ) ;
#1034 = LINE ( 'NONE', #1465, #2299 ) ;
#1035 = DIRECTION ( 'NONE',  ( -0.000000000000000000, -0.000000000000000000, -1.000000000000000000 ) ) ;
#1036 = CARTESIAN_POINT ( 'NONE',  ( -14.49999999999655387, 99.81781816120273731, 2.000000000000000000 ) ) ;
#1037 = EDGE_CURVE ( 'NONE', #1650, #2600, #1219, .T. ) ;
#1038 =( NAMED_UNIT ( * ) PLANE_ANGLE_UNIT ( ) SI_UNIT ( $, .RADIAN. ) );
#1039 = EDGE_CURVE ( 'NONE', #2702, #2175, #1062, .T. ) ;
#1040 = ORIENTED_EDGE ( 'NONE', *, *, #1759, .T. ) ;
#1041 = VECTOR ( 'NONE', #2913, 1000.000000000000227 ) ;
#1042 = VECTOR ( 'NONE', #2294, 1000.000000000000000 ) ;
#1043 = CYLINDRICAL_SURFACE ( 'NONE', #170, 2.750000000000016431 ) ;
#1044 = CARTESIAN_POINT ( 'NONE',  ( -11.50605608741131469, 126.5169991276554384, 0.000000000000000000 ) ) ;
#1045 = VECTOR ( 'NONE', #2129, 1000.000000000000000 ) ;
#1046 = VERTEX_POINT ( 'NONE', #1502 ) ;
#1047 = EDGE_CURVE ( 'NONE', #83, #796, #1735, .T. ) ;
#1048 = DIRECTION ( 'NONE',  ( -0.000000000000000000, -0.000000000000000000, -1.000000000000000000 ) ) ;
#1049 = CARTESIAN_POINT ( 'NONE',  ( 40.88456140769485359, 101.1668134670513410, 2.000000000000000000 ) ) ;
#1050 = DIRECTION ( 'NONE',  ( 0.000000000000000000, -1.000000000000000000, 0.000000000000000000 ) ) ;
#1051 = EDGE_CURVE ( 'NONE', #982, #1192, #2291, .T. ) ;
#1052 = LINE ( 'NONE', #1281, #2139 ) ;
#1053 = CARTESIAN_POINT ( 'NONE',  ( -15.03215435670235678, 144.0823004018477889, 0.000000000000000000 ) ) ;
#1054 = DIRECTION ( 'NONE',  ( -0.000000000000000000, -0.000000000000000000, -1.000000000000000000 ) ) ;
#1055 = ORIENTED_EDGE ( 'NONE', *, *, #699, .F. ) ;
#1056 = VECTOR ( 'NONE', #738, 1000.000000000000000 ) ;
#1057 = FACE_BOUND ( 'NONE', #2763, .T. ) ;
#1058 = CARTESIAN_POINT ( 'NONE',  ( -40.88456140768800395, 101.1668134670513410, 2.000000000000000000 ) ) ;
#1059 = EDGE_LOOP ( 'NONE', ( #1912, #1835, #2861, #1744 ) ) ;
#1060 = EDGE_CURVE ( 'NONE', #2452, #1146, #1291, .T. ) ;
#1061 = ORIENTED_EDGE ( 'NONE', *, *, #1913, .F. ) ;
#1062 = CIRCLE ( 'NONE', #2745, 2.750000000000016431 ) ;
#1063 = DIRECTION ( 'NONE',  ( -0.5735764363510442720, 0.8191520442889930198, -0.000000000000000000 ) ) ;
#1064 = VECTOR ( 'NONE', #3015, 1000.000000000000000 ) ;
#1065 = CARTESIAN_POINT ( 'NONE',  ( 22.20520244039502700, 127.9436729868903058, 2.000000000000000000 ) ) ;
#1066 = ADVANCED_FACE ( 'NONE', ( #1978 ), #735, .F. ) ;
#1067 = CARTESIAN_POINT ( 'NONE',  ( 17.12762315017737791, 120.2825954816071885, 2.000000000000000000 ) ) ;
#1068 = DIRECTION ( 'NONE',  ( -0.000000000000000000, -0.000000000000000000, -1.000000000000000000 ) ) ;
#1069 = CIRCLE ( 'NONE', #2005, 2.750000000000016431 ) ;
#1070 = CARTESIAN_POINT ( 'NONE',  ( 35.60000000000000853, 116.5823004018341891, 0.000000000000000000 ) ) ;
#1071 = EDGE_CURVE ( 'NONE', #2735, #999, #2262, .T. ) ;
#1072 = EDGE_LOOP ( 'NONE', ( #651, #2650, #452, #1419, #2500, #2162, #646, #2840, #2519, #293, #454, #1510, #487, #3025, #2844, #1501, #135, #2356, #59, #2303, #233, #2142, #2173, #201, #2979, #2224, #2065, #1157, #1178, #400, #3240, #1332, #2301, #1853, #2176, #171 ) ) ;
#1073 = FACE_BOUND ( 'NONE', #3045, .T. ) ;
#1074 = EDGE_LOOP ( 'NONE', ( #85, #3166, #964, #2486 ) ) ;
#1075 = ORIENTED_EDGE ( 'NONE', *, *, #3133, .T. ) ;
#1076 = ORIENTED_EDGE ( 'NONE', *, *, #506, .T. ) ;
#1077 = EDGE_LOOP ( 'NONE', ( #2885, #2084, #648, #666, #1824, #2174 ) ) ;
#1078 = DIRECTION ( 'NONE',  ( -1.000000000000000000, 0.000000000000000000, 0.000000000000000000 ) ) ;
#1079 = CARTESIAN_POINT ( 'NONE',  ( -9.532154356696715070, 83.76333675382034016, 0.000000000000000000 ) ) ;
#1080 = DIRECTION ( 'NONE',  ( 0.000000000000000000, 0.000000000000000000, 1.000000000000000000 ) ) ;
#1081 = CARTESIAN_POINT ( 'NONE',  ( -9.761471208204316241, 90.33902131693520232, 2.000000000000000000 ) ) ;
#1082 = LINE ( 'NONE', #834, #2034 ) ;
#1083 = EDGE_CURVE ( 'NONE', #2102, #808, #3052, .T. ) ;
#1084 = AXIS2_PLACEMENT_3D ( 'NONE', #3081, #1148, #567 ) ;
#1085 = ORIENTED_EDGE ( 'NONE', *, *, #2812, .T. ) ;
#1086 = DIRECTION ( 'NONE',  ( 0.000000000000000000, 0.000000000000000000, -1.000000000000000000 ) ) ;
#1087 = ORIENTED_EDGE ( 'NONE', *, *, #1137, .T. ) ;
#1088 = ORIENTED_EDGE ( 'NONE', *, *, #1600, .F. ) ;
#1089 = EDGE_CURVE ( 'NONE', #3092, #2319, #224, .T. ) ;
#1090 = VERTEX_POINT ( 'NONE', #1030 ) ;
#1091 = VERTEX_POINT ( 'NONE', #2787 ) ;
#1092 = CARTESIAN_POINT ( 'NONE',  ( -14.53215435669676658, 78.76333675382034016, 2.000000000000000000 ) ) ;
#1093 = VECTOR ( 'NONE', #3156, 1000.000000000000000 ) ;
#1094 = AXIS2_PLACEMENT_3D ( 'NONE', #1426, #1186, #2182 ) ;
#1095 = VERTEX_POINT ( 'NONE', #2998 ) ;
#1096 = DIRECTION ( 'NONE',  ( 0.000000000000000000, -1.000000000000000000, 0.000000000000000000 ) ) ;
#1097 = EDGE_CURVE ( 'NONE', #2937, #1495, #27, .T. ) ;
#1098 = CARTESIAN_POINT ( 'NONE',  ( 36.58540605864457973, 104.0823004018205893, 0.000000000000000000 ) ) ;
#1099 = PLANE ( 'NONE',  #148 ) ;
#1100 = FACE_OUTER_BOUND ( 'NONE', #2276, .T. ) ;
#1101 = PLANE ( 'NONE',  #1352 ) ;
#1102 = DIRECTION ( 'NONE',  ( 0.000000000000000000, -1.000000000000000000, 0.000000000000000000 ) ) ;
#1103 = ORIENTED_EDGE ( 'NONE', *, *, #1694, .T. ) ;
#1104 = VECTOR ( 'NONE', #250, 1000.000000000000114 ) ;
#1105 = DIRECTION ( 'NONE',  ( -0.000000000000000000, -0.000000000000000000, -1.000000000000000000 ) ) ;
#1106 = ORIENTED_EDGE ( 'NONE', *, *, #2123, .T. ) ;
#1107 = ORIENTED_EDGE ( 'NONE', *, *, #577, .T. ) ;
#1108 = ORIENTED_EDGE ( 'NONE', *, *, #1886, .F. ) ;
#1109 = VECTOR ( 'NONE', #2663, 1000.000000000000000 ) ;
#1110 = VERTEX_POINT ( 'NONE', #536 ) ;
#1111 = CARTESIAN_POINT ( 'NONE',  ( 34.05000000000000426, 112.0823004018341891, 2.000000000000000000 ) ) ;
#1112 = ORIENTED_EDGE ( 'NONE', *, *, #408, .F. ) ;
#1113 = LINE ( 'NONE', #331, #1271 ) ;
#1114 = EDGE_CURVE ( 'NONE', #1484, #2436, #1533, .T. ) ;
#1115 = LINE ( 'NONE', #2641, #1276 ) ;
#1116 = AXIS2_PLACEMENT_3D ( 'NONE', #1015, #2011, #1246 ) ;
#1117 = DIRECTION ( 'NONE',  ( -6.938893903907222067E-15, 1.000000000000000000, 0.000000000000000000 ) ) ;
#1118 = LINE ( 'NONE', #2147, #2511 ) ;
#1119 = DIRECTION ( 'NONE',  ( 1.000000000000000000, 0.000000000000000000, 0.000000000000000000 ) ) ;
#1120 = EDGE_CURVE ( 'NONE', #2780, #1729, #2480, .T. ) ;
#1121 = ADVANCED_FACE ( 'NONE', ( #507 ), #254, .F. ) ;
#1122 = LINE ( 'NONE', #2661, #2960 ) ;
#1123 = VERTEX_POINT ( 'NONE', #1798 ) ;
#1124 = DIRECTION ( 'NONE',  ( 1.000000000000000000, 0.000000000000000000, 0.000000000000000000 ) ) ;
#1125 = CARTESIAN_POINT ( 'NONE',  ( -17.24999999999657163, 99.81781816120273731, 2.000000000000000000 ) ) ;
#1126 = ORIENTED_EDGE ( 'NONE', *, *, #2785, .T. ) ;
#1127 = ORIENTED_EDGE ( 'NONE', *, *, #1213, .T. ) ;
#1128 = ORIENTED_EDGE ( 'NONE', *, *, #2333, .F. ) ;
#1129 = DIRECTION ( 'NONE',  ( 0.7522112549463451092, 0.6589220196138876329, -0.000000000000000000 ) ) ;
#1130 = ORIENTED_EDGE ( 'NONE', *, *, #2456, .T. ) ;
#1131 = CYLINDRICAL_SURFACE ( 'NONE', #1529, 2.750000000000016431 ) ;
#1132 = FACE_OUTER_BOUND ( 'NONE', #3063, .T. ) ;
#1133 = EDGE_CURVE ( 'NONE', #572, #976, #494, .T. ) ;
#1134 = DIRECTION ( 'NONE',  ( -5.809241669051914661E-14, 1.000000000000000000, -0.000000000000000000 ) ) ;
#1135 = DIRECTION ( 'NONE',  ( 0.9523787920374706673, -0.3049174256700461494, 0.000000000000000000 ) ) ;
#1136 = CARTESIAN_POINT ( 'NONE',  ( -46.17081211728943657, 130.6950461228504423, 2.000000000000000000 ) ) ;
#1137 = EDGE_CURVE ( 'NONE', #930, #1837, #2230, .T. ) ;
#1138 = DIRECTION ( 'NONE',  ( 6.938893903907222067E-15, -1.000000000000000000, 0.000000000000000000 ) ) ;
#1139 = LINE ( 'NONE', #2858, #2033 ) ;
#1140 = DIRECTION ( 'NONE',  ( 0.6696623166039911146, 0.7426657267711873622, -0.000000000000000000 ) ) ;
#1141 = VECTOR ( 'NONE', #2851, 1000.000000000000000 ) ;
#1142 = VERTEX_POINT ( 'NONE', #3027 ) ;
#1143 = ORIENTED_EDGE ( 'NONE', *, *, #1721, .F. ) ;
#1144 = EDGE_LOOP ( 'NONE', ( #593, #2000, #2390, #761 ) ) ;
#1145 = CARTESIAN_POINT ( 'NONE',  ( 17.12762315017737791, 113.8530408407982861, 2.000000000000000000 ) ) ;
#1146 = VERTEX_POINT ( 'NONE', #2278 ) ;
#1147 = DIRECTION ( 'NONE',  ( 0.000000000000000000, 0.000000000000000000, 1.000000000000000000 ) ) ;
#1148 = DIRECTION ( 'NONE',  ( -1.000000000000000000, -2.265321396420549711E-13, 0.000000000000000000 ) ) ;
#1149 = AXIS2_PLACEMENT_3D ( 'NONE', #1713, #2281, #2714 ) ;
#1150 = PLANE ( 'NONE',  #1997 ) ;
#1151 = VECTOR ( 'NONE', #1740, 1000.000000000000000 ) ;
#1152 = CARTESIAN_POINT ( 'NONE',  ( -14.49999999999655387, 99.81781816120273731, 2.000000000000000000 ) ) ;
#1153 = CYLINDRICAL_SURFACE ( 'NONE', #93, 5.000000000001818989 ) ;
#1154 = DIRECTION ( 'NONE',  ( -1.000000000000000000, 0.000000000000000000, 0.000000000000000000 ) ) ;
#1155 = DIRECTION ( 'NONE',  ( 0.9523787920374706673, 0.3049174256700461494, -0.000000000000000000 ) ) ;
#1156 = FACE_OUTER_BOUND ( 'NONE', #978, .T. ) ;
#1157 = ORIENTED_EDGE ( 'NONE', *, *, #2255, .F. ) ;
#1158 = VERTEX_POINT ( 'NONE', #3046 ) ;
#1159 = ORIENTED_EDGE ( 'NONE', *, *, #234, .T. ) ;
#1160 = ORIENTED_EDGE ( 'NONE', *, *, #1990, .T. ) ;
#1161 = CARTESIAN_POINT ( 'NONE',  ( 17.12762315017737791, 120.2825954816071885, 2.000000000000000000 ) ) ;
#1162 = VERTEX_POINT ( 'NONE', #11 ) ;
#1163 = DIRECTION ( 'NONE',  ( -1.000000000000000000, 0.000000000000000000, 0.000000000000000000 ) ) ;
#1164 = EDGE_CURVE ( 'NONE', #995, #364, #692, .T. ) ;
#1165 = AXIS2_PLACEMENT_3D ( 'NONE', #685, #655, #208 ) ;
#1166 = LINE ( 'NONE', #935, #846 ) ;
#1167 = FACE_OUTER_BOUND ( 'NONE', #844, .T. ) ;
#1168 = PRESENTATION_STYLE_ASSIGNMENT (( #2695 ) ) ;
#1169 = ADVANCED_FACE ( 'NONE', ( #2491 ), #239, .F. ) ;
#1170 = VECTOR ( 'NONE', #3233, 1000.000000000000000 ) ;
#1171 = DIRECTION ( 'NONE',  ( 6.938893903907222067E-15, -1.000000000000000000, -0.000000000000000000 ) ) ;
#1172 = ADVANCED_FACE ( 'NONE', ( #3013 ), #2537, .T. ) ;
#1173 = CYLINDRICAL_SURFACE ( 'NONE', #300, 5.000000000000011546 ) ;
#1174 = LINE ( 'NONE', #1644, #2628 ) ;
#1175 = ORIENTED_EDGE ( 'NONE', *, *, #2807, .F. ) ;
#1176 = EDGE_LOOP ( 'NONE', ( #419, #1209 ) ) ;
#1177 = VERTEX_POINT ( 'NONE', #3079 ) ;
#1178 = ORIENTED_EDGE ( 'NONE', *, *, #2697, .F. ) ;
#1179 = AXIS2_PLACEMENT_3D ( 'NONE', #2902, #650, #733 ) ;
#1180 = DIRECTION ( 'NONE',  ( -0.000000000000000000, 0.000000000000000000, -1.000000000000000000 ) ) ;
#1181 = ORIENTED_EDGE ( 'NONE', *, *, #776, .F. ) ;
#1182 = LINE ( 'NONE', #1705, #214 ) ;
#1183 = EDGE_CURVE ( 'NONE', #364, #1872, #1113, .T. ) ;
#1184 = ADVANCED_FACE ( 'NONE', ( #2819 ), #1131, .F. ) ;
#1185 = CARTESIAN_POINT ( 'NONE',  ( -17.12762315017050341, 120.2825954816071885, 0.000000000000000000 ) ) ;
#1186 = DIRECTION ( 'NONE',  ( 0.000000000000000000, 0.000000000000000000, 1.000000000000000000 ) ) ;
#1187 = AXIS2_PLACEMENT_3D ( 'NONE', #1020, #694, #1537 ) ;
#1188 = EDGE_CURVE ( 'NONE', #529, #645, #1594, .T. ) ;
#1189 = DIRECTION ( 'NONE',  ( 0.000000000000000000, -0.000000000000000000, -1.000000000000000000 ) ) ;
#1190 = CARTESIAN_POINT ( 'NONE',  ( -26.98012445080043165, 127.9436729868903058, 2.000000000000000000 ) ) ;
#1191 = LINE ( 'NONE', #2879, #1109 ) ;
#1192 = VERTEX_POINT ( 'NONE', #2552 ) ;
#1193 = ORIENTED_EDGE ( 'NONE', *, *, #2961, .T. ) ;
#1194 = ORIENTED_EDGE ( 'NONE', *, *, #463, .T. ) ;
#1195 = ORIENTED_EDGE ( 'NONE', *, *, #458, .T. ) ;
#1196 = AXIS2_PLACEMENT_3D ( 'NONE', #2183, #2728, #671 ) ;
#1197 = EDGE_CURVE ( 'NONE', #796, #1319, #908, .T. ) ;
#1198 = DIRECTION ( 'NONE',  ( 1.000000000000000000, 0.000000000000000000, 0.000000000000000000 ) ) ;
#1199 = CARTESIAN_POINT ( 'NONE',  ( 24.59266344560116124, 127.9436729868903058, 0.000000000000000000 ) ) ;
#1200 = LINE ( 'NONE', #2725, #3101 ) ;
#1201 = DIRECTION ( 'NONE',  ( 0.8772078659390107891, 0.4801107788153962663, -0.000000000000000000 ) ) ;
#1202 = DIRECTION ( 'NONE',  ( -0.000000000000000000, -0.000000000000000000, -1.000000000000000000 ) ) ;
#1203 = VECTOR ( 'NONE', #2400, 1000.000000000000000 ) ;
#1204 = AXIS2_PLACEMENT_3D ( 'NONE', #2075, #1638, #2591 ) ;
#1205 = CIRCLE ( 'NONE', #2078, 1.550000000000002709 ) ;
#1206 = CARTESIAN_POINT ( 'NONE',  ( -42.08540605864461526, 104.0823004018205893, 0.000000000000000000 ) ) ;
#1207 = CARTESIAN_POINT ( 'NONE',  ( -14.53215435669676658, 78.76333675382034016, 0.000000000000000000 ) ) ;
#1208 = LINE ( 'NONE', #288, #1876 ) ;
#1209 = ORIENTED_EDGE ( 'NONE', *, *, #1652, .F. ) ;
#1210 = VERTEX_POINT ( 'NONE', #2122 ) ;
#1211 = EDGE_LOOP ( 'NONE', ( #2386, #2933, #120, #1806 ) ) ;
#1212 = EDGE_LOOP ( 'NONE', ( #1977, #2118, #578, #594, #188, #2100 ) ) ;
#1213 = EDGE_CURVE ( 'NONE', #1715, #3038, #2528, .T. ) ;
#1214 = DIRECTION ( 'NONE',  ( 1.000000000000000000, 0.000000000000000000, 0.000000000000000000 ) ) ;
#1215 = CARTESIAN_POINT ( 'NONE',  ( -32.50000000000000000, 116.5823004018341891, 0.000000000000000000 ) ) ;
#1216 = CLOSED_SHELL ( 'NONE', ( #2643, #2366, #1169, #1861, #1121, #2984, #2835, #1739, #242, #1184, #448, #2873, #2151, #2323, #3160, #972, #591, #1590, #1906, #792, #2523, #2202, #722, #1218, #3152, #70, #2194, #45, #552, #981, #2817, #26, #406, #838, #1790, #160, #1522, #1278, #1672, #2493, #1517, #3033, #2910, #52, #1915, #6, #263, #385, #2490, #2376, #173, #546, #3204, #2296, #635, #1066, #401, #1430, #1639, #1498, #48, #2337, #3228, #623, #1952, #1960, #3103, #356, #832, #1410, #2740, #1000, #2447, #3026, #1458, #2146, #1172, #2072, #865, #1706, #787, #1298, #2685, #2425, #2159, #2149, #2261, #362, #2472, #1472, #1029, #704, #2476, #1704 ) ) ;
#1217 = CIRCLE ( 'NONE', #2210, 5.286250709601127085 ) ;
#1218 = ADVANCED_FACE ( 'NONE', ( #3095 ), #565, .F. ) ;
#1219 = LINE ( 'NONE', #1689, #1900 ) ;
#1220 = DIRECTION ( 'NONE',  ( -0.3049174256700462049, 0.9523787920374707783, 0.000000000000000000 ) ) ;
#1221 = AXIS2_PLACEMENT_3D ( 'NONE', #2143, #2705, #457 ) ;
#1222 = LINE ( 'NONE', #971, #1866 ) ;
#1223 = DIRECTION ( 'NONE',  ( -0.000000000000000000, -0.000000000000000000, -1.000000000000000000 ) ) ;
#1224 = CARTESIAN_POINT ( 'NONE',  ( 32.50000000000000000, 116.5823004018341891, 2.000000000000000000 ) ) ;
#1225 = AXIS2_PLACEMENT_3D ( 'NONE', #3222, #461, #194 ) ;
#1226 = ORIENTED_EDGE ( 'NONE', *, *, #134, .T. ) ;
#1227 = EDGE_LOOP ( 'NONE', ( #597, #1255, #2020, #1682 ) ) ;
#1228 = VERTEX_POINT ( 'NONE', #3131 ) ;
#1229 = EDGE_LOOP ( 'NONE', ( #1897, #363, #3197, #2551 ) ) ;
#1230 = DIRECTION ( 'NONE',  ( -0.000000000000000000, -0.000000000000000000, -1.000000000000000000 ) ) ;
#1231 = VECTOR ( 'NONE', #1171, 1000.000000000000000 ) ;
#1232 = DIRECTION ( 'NONE',  ( -1.000000000000000000, 0.000000000000000000, 0.000000000000000000 ) ) ;
#1233 = DIRECTION ( 'NONE',  ( 0.000000000000000000, 0.000000000000000000, 1.000000000000000000 ) ) ;
#1234 = EDGE_CURVE ( 'NONE', #2718, #501, #1548, .T. ) ;
#1235 = CARTESIAN_POINT ( 'NONE',  ( -42.34290007529275357, 136.3303120668069255, 0.000000000000000000 ) ) ;
#1236 = CARTESIAN_POINT ( 'NONE',  ( -39.33540605864460105, 104.0823004018205893, 2.000000000000000000 ) ) ;
#1237 = DIRECTION ( 'NONE',  ( -0.000000000000000000, -0.000000000000000000, -1.000000000000000000 ) ) ;
#1238 = EDGE_CURVE ( 'NONE', #3111, #1267, #2267, .T. ) ;
#1239 = DIRECTION ( 'NONE',  ( 5.809241669051914661E-14, -1.000000000000000000, 0.000000000000000000 ) ) ;
#1240 = EDGE_LOOP ( 'NONE', ( #842, #2019, #1130, #1040 ) ) ;
#1241 = ORIENTED_EDGE ( 'NONE', *, *, #2250, .F. ) ;
#1242 = ORIENTED_EDGE ( 'NONE', *, *, #719, .F. ) ;
#1243 = DIRECTION ( 'NONE',  ( 0.000000000000000000, 0.000000000000000000, 1.000000000000000000 ) ) ;
#1244 = DIRECTION ( 'NONE',  ( 0.6618884667170460423, -0.7496023329919390132, 0.000000000000000000 ) ) ;
#1245 = ORIENTED_EDGE ( 'NONE', *, *, #1620, .F. ) ;
#1246 = DIRECTION ( 'NONE',  ( -1.000000000000000000, 0.000000000000000000, 0.000000000000000000 ) ) ;
#1247 = CIRCLE ( 'NONE', #1551, 5.000000000000039080 ) ;
#1248 = PLANE ( 'NONE',  #2901 ) ;
#1249 = CARTESIAN_POINT ( 'NONE',  ( -7.105388598428713287, 129.7982117104935753, 0.000000000000000000 ) ) ;
#1250 = DIRECTION ( 'NONE',  ( -0.000000000000000000, -0.000000000000000000, -1.000000000000000000 ) ) ;
#1251 = AXIS2_PLACEMENT_3D ( 'NONE', #2761, #1493, #2796 ) ;
#1252 = AXIS2_PLACEMENT_3D ( 'NONE', #905, #2645, #111 ) ;
#1253 = ORIENTED_EDGE ( 'NONE', *, *, #898, .T. ) ;
#1254 = ORIENTED_EDGE ( 'NONE', *, *, #1888, .T. ) ;
#1255 = ORIENTED_EDGE ( 'NONE', *, *, #654, .F. ) ;
#1256 = VERTEX_POINT ( 'NONE', #1563 ) ;
#1257 = DIRECTION ( 'NONE',  ( 0.7071067811865442421, 0.7071067811865509034, -0.000000000000000000 ) ) ;
#1258 = CARTESIAN_POINT ( 'NONE',  ( 42.08540605864461526, 129.0823004018477889, 2.000000000000000000 ) ) ;
#1259 = VERTEX_POINT ( 'NONE', #106 ) ;
#1260 = DIRECTION ( 'NONE',  ( -0.000000000000000000, -0.000000000000000000, -1.000000000000000000 ) ) ;
#1261 = EDGE_CURVE ( 'NONE', #1433, #1930, #2568, .T. ) ;
#1262 = DIRECTION ( 'NONE',  ( -1.000000000000000000, 0.000000000000000000, 0.000000000000000000 ) ) ;
#1263 = DIRECTION ( 'NONE',  ( 0.000000000000000000, 0.000000000000000000, 1.000000000000000000 ) ) ;
#1264 = PLANE ( 'NONE',  #991 ) ;
#1265 = CIRCLE ( 'NONE', #3210, 2.750000000000016431 ) ;
#1266 = CARTESIAN_POINT ( 'NONE',  ( -32.32526394615118193, 137.5823004018477889, 2.000000000000000000 ) ) ;
#1267 = VERTEX_POINT ( 'NONE', #2107 ) ;
#1268 = ORIENTED_EDGE ( 'NONE', *, *, #2327, .T. ) ;
#1269 = ORIENTED_EDGE ( 'NONE', *, *, #1843, .F. ) ;
#1270 = EDGE_CURVE ( 'NONE', #3090, #2286, #2357, .T. ) ;
#1271 = VECTOR ( 'NONE', #1373, 1000.000000000000000 ) ;
#1272 = CARTESIAN_POINT ( 'NONE',  ( 9.761471208211180084, 92.33902131693520232, 0.000000000000000000 ) ) ;
#1273 = DIRECTION ( 'NONE',  ( 1.000000000000000000, 0.000000000000000000, 0.000000000000000000 ) ) ;
#1274 = VERTEX_POINT ( 'NONE', #829 ) ;
#1275 = CARTESIAN_POINT ( 'NONE',  ( 24.59266344560116124, 106.1919633355151689, 2.000000000000000000 ) ) ;
#1276 = VECTOR ( 'NONE', #2832, 1000.000000000000000 ) ;
#1277 = LINE ( 'NONE', #1535, #1064 ) ;
#1278 = ADVANCED_FACE ( 'NONE', ( #2830 ), #2886, .F. ) ;
#1279 = LINE ( 'NONE', #3048, #2974 ) ;
#1280 = EDGE_CURVE ( 'NONE', #992, #1095, #616, .T. ) ;
#1281 = CARTESIAN_POINT ( 'NONE',  ( 22.20520244039502700, 127.9436729868903058, 0.000000000000000000 ) ) ;
#1282 = CARTESIAN_POINT ( 'NONE',  ( -39.33540605864460105, 104.0823004018205893, 2.000000000000000000 ) ) ;
#1283 = CARTESIAN_POINT ( 'NONE',  ( 9.761471208211178308, 90.33902131693520232, 2.000000000000000000 ) ) ;
#1284 = EDGE_CURVE ( 'NONE', #1732, #116, #1375, .T. ) ;
#1285 = ORIENTED_EDGE ( 'NONE', *, *, #2710, .T. ) ;
#1286 = CIRCLE ( 'NONE', #1444, 2.750000000000016431 ) ;
#1287 = LINE ( 'NONE', #1643, #2742 ) ;
#1288 = DIRECTION ( 'NONE',  ( 0.000000000000000000, 1.000000000000000000, 0.000000000000000000 ) ) ;
#1289 = ORIENTED_EDGE ( 'NONE', *, *, #2566, .T. ) ;
#1290 = EDGE_CURVE ( 'NONE', #1855, #2190, #88, .T. ) ;
#1291 = LINE ( 'NONE', #2804, #2899 ) ;
#1292 = LINE ( 'NONE', #2325, #799 ) ;
#1293 = CARTESIAN_POINT ( 'NONE',  ( 24.59266344560116124, 106.1919633355151689, 2.000000000000000000 ) ) ;
#1294 = CIRCLE ( 'NONE', #2660, 2.387461005206134690 ) ;
#1295 = CARTESIAN_POINT ( 'NONE',  ( 15.03215435670921707, 144.0823004018477889, 2.000000000000000000 ) ) ;
#1296 = DIRECTION ( 'NONE',  ( 1.000000000000000000, 0.000000000000000000, -0.000000000000000000 ) ) ;
#1297 = CARTESIAN_POINT ( 'NONE',  ( -21.74938862961784736, 144.0823004018477889, 0.000000000000000000 ) ) ;
#1298 = ADVANCED_FACE ( 'NONE', ( #76 ), #1578, .F. ) ;
#1299 = ORIENTED_EDGE ( 'NONE', *, *, #1331, .F. ) ;
#1300 = VECTOR ( 'NONE', #1923, 1000.000000000000000 ) ;
#1301 = AXIS2_PLACEMENT_3D ( 'NONE', #1523, #275, #960 ) ;
#1302 = CARTESIAN_POINT ( 'NONE',  ( 9.532154356703573583, 83.76333675382034016, 2.000000000000000000 ) ) ;
#1303 = CARTESIAN_POINT ( 'NONE',  ( 14.53215435670362510, 78.76333675382034016, 2.000000000000000000 ) ) ;
#1304 = VECTOR ( 'NONE', #2496, 1000.000000000000000 ) ;
#1305 = ORIENTED_EDGE ( 'NONE', *, *, #512, .T. ) ;
#1306 = EDGE_CURVE ( 'NONE', #2206, #2764, #2585, .T. ) ;
#1307 = VERTEX_POINT ( 'NONE', #3218 ) ;
#1308 = DIRECTION ( 'NONE',  ( -1.000000000000000000, 0.000000000000000000, 0.000000000000000000 ) ) ;
#1309 = EDGE_CURVE ( 'NONE', #1319, #2718, #2941, .T. ) ;
#1310 = CYLINDRICAL_SURFACE ( 'NONE', #2711, 5.000000000001655565 ) ;
#1311 = EDGE_CURVE ( 'NONE', #1023, #1335, #2458, .T. ) ;
#1312 = DIRECTION ( 'NONE',  ( 3.485124485164042114E-13, -1.000000000000000000, 0.000000000000000000 ) ) ;
#1313 = PLANE ( 'NONE',  #185 ) ;
#1314 = CARTESIAN_POINT ( 'NONE',  ( -24.44780011388687058, 142.8677883841247933, 2.000000000000000000 ) ) ;
#1315 = VERTEX_POINT ( 'NONE', #2441 ) ;
#1316 = CIRCLE ( 'NONE', #1787, 2.750000000000016431 ) ;
#1317 = FACE_BOUND ( 'NONE', #1014, .T. ) ;
#1318 = EDGE_LOOP ( 'NONE', ( #387, #1717 ) ) ;
#1319 = VERTEX_POINT ( 'NONE', #1918 ) ;
#1320 = ORIENTED_EDGE ( 'NONE', *, *, #2099, .T. ) ;
#1321 = CIRCLE ( 'NONE', #12, 2.750000000000016431 ) ;
#1322 = VERTEX_POINT ( 'NONE', #1632 ) ;
#1323 = DIRECTION ( 'NONE',  ( -0.000000000000000000, -0.000000000000000000, -1.000000000000000000 ) ) ;
#1324 = EDGE_CURVE ( 'NONE', #1091, #1751, #1651, .T. ) ;
#1325 = DIRECTION ( 'NONE',  ( -1.000000000000000000, 0.000000000000000000, 0.000000000000000000 ) ) ;
#1326 = FACE_OUTER_BOUND ( 'NONE', #3108, .T. ) ;
#1327 = LINE ( 'NONE', #1081, #1857 ) ;
#1328 = EDGE_CURVE ( 'NONE', #2238, #572, #2678, .T. ) ;
#1329 = AXIS2_PLACEMENT_3D ( 'NONE', #1868, #2911, #606 ) ;
#1330 = CARTESIAN_POINT ( 'NONE',  ( -15.03215435670235678, 144.0823004018477889, 2.000000000000000000 ) ) ;
#1331 = EDGE_CURVE ( 'NONE', #2829, #1483, #3097, .T. ) ;
#1332 = ORIENTED_EDGE ( 'NONE', *, *, #1114, .F. ) ;
#1333 = EDGE_CURVE ( 'NONE', #3089, #2370, #2213, .T. ) ;
#1334 = CARTESIAN_POINT ( 'NONE',  ( -17.12762315017051762, 113.8530408407982861, 2.000000000000000000 ) ) ;
#1335 = VERTEX_POINT ( 'NONE', #191 ) ;
#1336 = ORIENTED_EDGE ( 'NONE', *, *, #1369, .T. ) ;
#1337 = EDGE_LOOP ( 'NONE', ( #1028, #469, #2354, #820 ) ) ;
#1338 = ORIENTED_EDGE ( 'NONE', *, *, #1188, .T. ) ;
#1339 = DIRECTION ( 'NONE',  ( -0.7426657267711873622, 0.6696623166039911146, 0.000000000000000000 ) ) ;
#1340 = CARTESIAN_POINT ( 'NONE',  ( -14.48796389038621868, 84.76333675382035437, 2.000000000000000000 ) ) ;
#1341 = CARTESIAN_POINT ( 'NONE',  ( 25.24553725175961105, 142.6567856531697771, 2.000000000000000000 ) ) ;
#1342 = PLANE ( 'NONE',  #451 ) ;
#1343 = DIRECTION ( 'NONE',  ( -0.000000000000000000, -0.000000000000000000, -1.000000000000000000 ) ) ;
#1344 = DIRECTION ( 'NONE',  ( -1.541976423090493661E-15, -1.000000000000000000, 0.000000000000000000 ) ) ;
#1345 = ORIENTED_EDGE ( 'NONE', *, *, #2831, .T. ) ;
#1346 = PLANE ( 'NONE',  #2608 ) ;
#1347 = ORIENTED_EDGE ( 'NONE', *, *, #968, .F. ) ;
#1348 = ORIENTED_EDGE ( 'NONE', *, *, #1558, .T. ) ;
#1349 = ORIENTED_EDGE ( 'NONE', *, *, #1568, .T. ) ;
#1350 = ORIENTED_EDGE ( 'NONE', *, *, #134, .F. ) ;
#1351 = CARTESIAN_POINT ( 'NONE',  ( 46.17081211728930157, 130.6950461228504423, 2.000000000000000000 ) ) ;
#1352 = AXIS2_PLACEMENT_3D ( 'NONE', #1656, #2646, #393 ) ;
#1353 = CIRCLE ( 'NONE', #252, 2.750000000000016431 ) ;
#1354 = ORIENTED_EDGE ( 'NONE', *, *, #577, .F. ) ;
#1355 = DIRECTION ( 'NONE',  ( 0.8772078659390111222, -0.4801107788153958222, 0.000000000000000000 ) ) ;
#1356 = CARTESIAN_POINT ( 'NONE',  ( -35.60000000000000853, 116.5823004018341891, 2.000000000000000000 ) ) ;
#1357 = EDGE_CURVE ( 'NONE', #2701, #1259, #388, .T. ) ;
#1358 = CARTESIAN_POINT ( 'NONE',  ( 30.05244944963756026, 90.88804245762189282, 2.000000000000000000 ) ) ;
#1359 = DIRECTION ( 'NONE',  ( -1.000000000000000000, 0.000000000000000000, 0.000000000000000000 ) ) ;
#1360 = DIRECTION ( 'NONE',  ( -0.6589220196138877439, 0.7522112549463452202, 0.000000000000000000 ) ) ;
#1361 = FACE_OUTER_BOUND ( 'NONE', #2101, .T. ) ;
#1362 = ORIENTED_EDGE ( 'NONE', *, *, #890, .F. ) ;
#1363 = CIRCLE ( 'NONE', #1946, 5.000000000001818989 ) ;
#1364 = DIRECTION ( 'NONE',  ( 0.7522112549463451092, -0.6589220196138876329, 0.000000000000000000 ) ) ;
#1365 = CARTESIAN_POINT ( 'NONE',  ( 32.47241721684582672, 137.5823004018477889, 2.000000000000000000 ) ) ;
#1366 = VERTEX_POINT ( 'NONE', #901 ) ;
#1367 = ORIENTED_EDGE ( 'NONE', *, *, #1083, .T. ) ;
#1368 = VECTOR ( 'NONE', #196, 1000.000000000000000 ) ;
#1369 = EDGE_CURVE ( 'NONE', #1930, #1023, #1931, .T. ) ;
#1370 = ORIENTED_EDGE ( 'NONE', *, *, #2227, .F. ) ;
#1371 = LINE ( 'NONE', #2654, #702 ) ;
#1372 = ORIENTED_EDGE ( 'NONE', *, *, #753, .T. ) ;
#1373 = DIRECTION ( 'NONE',  ( -0.7496023329919385692, -0.6618884667170463754, 0.000000000000000000 ) ) ;
#1374 = PLANE ( 'NONE',  #1084 ) ;
#1375 = CIRCLE ( 'NONE', #958, 1.550000000000002709 ) ;
#1376 = CIRCLE ( 'NONE', #1635, 2.750000000000016431 ) ;
#1377 = EDGE_CURVE ( 'NONE', #101, #2452, #1390, .T. ) ;
#1378 = LINE ( 'NONE', #1358, #1461 ) ;
#1379 = DIRECTION ( 'NONE',  ( -0.000000000000000000, -0.000000000000000000, -1.000000000000000000 ) ) ;
#1380 = FACE_OUTER_BOUND ( 'NONE', #420, .T. ) ;
#1381 = VECTOR ( 'NONE', #2085, 1000.000000000000114 ) ;
#1382 = LINE ( 'NONE', #164, #1231 ) ;
#1383 = DIRECTION ( 'NONE',  ( -0.000000000000000000, -0.000000000000000000, -1.000000000000000000 ) ) ;
#1384 = CARTESIAN_POINT ( 'NONE',  ( -7.105388598424827507, 96.13230040183420044, 0.000000000000000000 ) ) ;
#1385 = ORIENTED_EDGE ( 'NONE', *, *, #2352, .F. ) ;
#1386 = ORIENTED_EDGE ( 'NONE', *, *, #2475, .F. ) ;
#1387 = ORIENTED_EDGE ( 'NONE', *, *, #1543, .F. ) ;
#1388 = DIRECTION ( 'NONE',  ( -0.000000000000000000, -0.000000000000000000, -1.000000000000000000 ) ) ;
#1389 = ORIENTED_EDGE ( 'NONE', *, *, #2216, .T. ) ;
#1390 = LINE ( 'NONE', #404, #3158 ) ;
#1391 = DIRECTION ( 'NONE',  ( -1.000000000000000000, 3.486719507811715005E-13, 0.000000000000000000 ) ) ;
#1392 = DIRECTION ( 'NONE',  ( -0.000000000000000000, -0.000000000000000000, -1.000000000000000000 ) ) ;
#1393 = CARTESIAN_POINT ( 'NONE',  ( -46.17081211728913104, 130.6950461228504423, 2.000000000000000000 ) ) ;
#1394 = LINE ( 'NONE', #2326, #1611 ) ;
#1395 = DIRECTION ( 'NONE',  ( -1.000000000000000000, 0.000000000000000000, 0.000000000000000000 ) ) ;
#1396 = DIRECTION ( 'NONE',  ( 1.000000000000000000, 0.000000000000000000, 0.000000000000000000 ) ) ;
#1397 = DIRECTION ( 'NONE',  ( 0.9523787920374706673, 0.3049174256700461494, -0.000000000000000000 ) ) ;
#1398 = CIRCLE ( 'NONE', #1196, 5.000000000000039080 ) ;
#1399 = EDGE_CURVE ( 'NONE', #2260, #2178, #1265, .T. ) ;
#1400 = EDGE_LOOP ( 'NONE', ( #2953, #2993, #727, #1128 ) ) ;
#1401 = ORIENTED_EDGE ( 'NONE', *, *, #2550, .T. ) ;
#1402 = EDGE_LOOP ( 'NONE', ( #2768, #3110, #1964, #2639 ) ) ;
#1403 = ORIENTED_EDGE ( 'NONE', *, *, #2051, .F. ) ;
#1404 = LINE ( 'NONE', #2334, #1844 ) ;
#1405 = VERTEX_POINT ( 'NONE', #1948 ) ;
#1406 = FACE_OUTER_BOUND ( 'NONE', #1337, .T. ) ;
#1407 = EDGE_CURVE ( 'NONE', #2003, #1123, #2094, .T. ) ;
#1408 = DIRECTION ( 'NONE',  ( 0.000000000000000000, 0.000000000000000000, 1.000000000000000000 ) ) ;
#1409 = DIRECTION ( 'NONE',  ( -1.000000000000000000, 0.000000000000000000, 0.000000000000000000 ) ) ;
#1410 = ADVANCED_FACE ( 'NONE', ( #2193 ), #1898, .F. ) ;
#1411 = FILL_AREA_STYLE_COLOUR ( '', #142 ) ;
#1412 = CARTESIAN_POINT ( 'NONE',  ( 17.25000000000343192, 99.81781816120273731, 2.000000000000000000 ) ) ;
#1413 = DIRECTION ( 'NONE',  ( -0.7071067811867627340, -0.7071067811863323005, 0.000000000000000000 ) ) ;
#1414 = CARTESIAN_POINT ( 'NONE',  ( 42.49643136551288336, 96.13230040183420044, 0.000000000000000000 ) ) ;
#1415 = ORIENTED_EDGE ( 'NONE', *, *, #1843, .T. ) ;
#1416 = ORIENTED_EDGE ( 'NONE', *, *, #847, .T. ) ;
#1417 = PRODUCT_DEFINITION ( '未知', '', #2246, #539 ) ;
#1418 = ORIENTED_EDGE ( 'NONE', *, *, #474, .T. ) ;
#1419 = ORIENTED_EDGE ( 'NONE', *, *, #870, .F. ) ;
#1420 = CARTESIAN_POINT ( 'NONE',  ( -42.08540605864461526, 129.0823004018477889, 0.000000000000000000 ) ) ;
#1421 = ORIENTED_EDGE ( 'NONE', *, *, #1558, .F. ) ;
#1422 = CARTESIAN_POINT ( 'NONE',  ( 34.05000000000000426, 116.5823004018341891, 2.000000000000000000 ) ) ;
#1423 = VECTOR ( 'NONE', #953, 1000.000000000000000 ) ;
#1424 = LINE ( 'NONE', #717, #2686 ) ;
#1425 = EDGE_CURVE ( 'NONE', #344, #2829, #652, .T. ) ;
#1426 = CARTESIAN_POINT ( 'NONE',  ( -17.23796389038623644, 84.76333675382035437, 0.000000000000000000 ) ) ;
#1427 = PLANE ( 'NONE',  #460 ) ;
#1428 = CIRCLE ( 'NONE', #2691, 5.000000000000226485 ) ;
#1429 = CARTESIAN_POINT ( 'NONE',  ( 42.49643136551288336, 96.13230040183420044, 2.000000000000000000 ) ) ;
#1430 = ADVANCED_FACE ( 'NONE', ( #1406 ), #951, .F. ) ;
#1431 = CARTESIAN_POINT ( 'NONE',  ( 25.24553725175961105, 142.6567856531697771, 0.000000000000000000 ) ) ;
#1432 = FACE_OUTER_BOUND ( 'NONE', #2798, .T. ) ;
#1433 = VERTEX_POINT ( 'NONE', #667 ) ;
#1434 = ORIENTED_EDGE ( 'NONE', *, *, #2720, .T. ) ;
#1435 = EDGE_LOOP ( 'NONE', ( #3241, #2636, #2489, #2317 ) ) ;
#1436 = ORIENTED_EDGE ( 'NONE', *, *, #211, .T. ) ;
#1437 = AXIS2_PLACEMENT_3D ( 'NONE', #2994, #2457, #1214 ) ;
#1438 = EDGE_CURVE ( 'NONE', #965, #1680, #1668, .T. ) ;
#1439 = DIRECTION ( 'NONE',  ( -1.000000000000000000, 0.000000000000000000, 0.000000000000000000 ) ) ;
#1440 = DIRECTION ( 'NONE',  ( 6.975034038271100882E-13, 1.000000000000000000, -0.000000000000000000 ) ) ;
#1441 = DIRECTION ( 'NONE',  ( 0.000000000000000000, -0.000000000000000000, -1.000000000000000000 ) ) ;
#1442 = FACE_OUTER_BOUND ( 'NONE', #1819, .T. ) ;
#1443 = SURFACE_SIDE_STYLE ('',( #2218 ) ) ;
#1444 = AXIS2_PLACEMENT_3D ( 'NONE', #276, #1581, #2590 ) ;
#1445 = DIRECTION ( 'NONE',  ( -0.000000000000000000, -0.000000000000000000, -1.000000000000000000 ) ) ;
#1446 = DIRECTION ( 'NONE',  ( -0.000000000000000000, -0.000000000000000000, -1.000000000000000000 ) ) ;
#1447 = LINE ( 'NONE', #2526, #601 ) ;
#1448 = VERTEX_POINT ( 'NONE', #2956 ) ;
#1449 = ORIENTED_EDGE ( 'NONE', *, *, #474, .F. ) ;
#1450 = VERTEX_POINT ( 'NONE', #701 ) ;
#1451 = ORIENTED_EDGE ( 'NONE', *, *, #2242, .T. ) ;
#1452 = EDGE_CURVE ( 'NONE', #2564, #1974, #1182, .T. ) ;
#1453 = VECTOR ( 'NONE', #462, 1000.000000000000000 ) ;
#1454 = CARTESIAN_POINT ( 'NONE',  ( -39.33540605864460105, 129.0823004018477889, 0.000000000000000000 ) ) ;
#1455 = DIRECTION ( 'NONE',  ( -0.000000000000000000, -0.000000000000000000, -1.000000000000000000 ) ) ;
#1456 = LINE ( 'NONE', #2166, #1423 ) ;
#1457 = CARTESIAN_POINT ( 'NONE',  ( 35.60000000000685816, 93.92431119012407237, 0.000000000000000000 ) ) ;
#1458 = ADVANCED_FACE ( 'NONE', ( #1471 ), #476, .T. ) ;
#1459 = CARTESIAN_POINT ( 'NONE',  ( 22.20520244039502700, 127.9436729868903058, 2.000000000000000000 ) ) ;
#1460 = AXIS2_PLACEMENT_3D ( 'NONE', #2894, #2614, #1124 ) ;
#1461 = VECTOR ( 'NONE', #3082, 1000.000000000000000 ) ;
#1462 = AXIS2_PLACEMENT_3D ( 'NONE', #1829, #2396, #147 ) ;
#1463 = CARTESIAN_POINT ( 'NONE',  ( -11.50605608741131469, 126.5169991276554384, 2.000000000000000000 ) ) ;
#1464 = CARTESIAN_POINT ( 'NONE',  ( 39.33540605864460105, 129.0823004018477889, 2.000000000000000000 ) ) ;
#1465 = CARTESIAN_POINT ( 'NONE',  ( -17.12762315017051762, 113.8530408407982861, 2.000000000000000000 ) ) ;
#1466 = VERTEX_POINT ( 'NONE', #2722 ) ;
#1467 = EDGE_LOOP ( 'NONE', ( #3008, #697 ) ) ;
#1468 = EDGE_LOOP ( 'NONE', ( #1797, #1942, #2618, #75 ) ) ;
#1469 = ORIENTED_EDGE ( 'NONE', *, *, #1564, .F. ) ;
#1470 = CARTESIAN_POINT ( 'NONE',  ( -39.03345774170655602, 132.5823004018477889, 0.000000000000000000 ) ) ;
#1471 = FACE_OUTER_BOUND ( 'NONE', #946, .T. ) ;
#1472 = ADVANCED_FACE ( 'NONE', ( #133 ), #2416, .T. ) ;
#1473 = CARTESIAN_POINT ( 'NONE',  ( -30.05244944963087761, 87.84217512019861829, 0.000000000000000000 ) ) ;
#1474 = DIRECTION ( 'NONE',  ( 0.000000000000000000, 0.000000000000000000, 1.000000000000000000 ) ) ;
#1475 = AXIS2_PLACEMENT_3D ( 'NONE', #2448, #942, #2220 ) ;
#1476 = DIRECTION ( 'NONE',  ( -0.5735764363510442720, 0.8191520442889930198, -0.000000000000000000 ) ) ;
#1477 = EDGE_CURVE ( 'NONE', #470, #3148, #2172, .T. ) ;
#1478 = DIRECTION ( 'NONE',  ( 0.000000000000000000, 0.000000000000000000, 1.000000000000000000 ) ) ;
#1479 = AXIS2_PLACEMENT_3D ( 'NONE', #285, #1339, #812 ) ;
#1480 = DIRECTION ( 'NONE',  ( 1.000000000000000000, 0.000000000000000000, 0.000000000000000000 ) ) ;
#1481 = AXIS2_PLACEMENT_3D ( 'NONE', #2973, #1002, #2694 ) ;
#1482 = ORIENTED_EDGE ( 'NONE', *, *, #2342, .T. ) ;
#1483 = VERTEX_POINT ( 'NONE', #893 ) ;
#1484 = VERTEX_POINT ( 'NONE', #2153 ) ;
#1485 = ORIENTED_EDGE ( 'NONE', *, *, #510, .T. ) ;
#1486 = CARTESIAN_POINT ( 'NONE',  ( 42.49643136551288336, 96.13230040183420044, 0.000000000000000000 ) ) ;
#1487 = VERTEX_POINT ( 'NONE', #2385 ) ;
#1488 = AXIS2_PLACEMENT_3D ( 'NONE', #1831, #2839, #2150 ) ;
#1489 = DIRECTION ( 'NONE',  ( 1.000000000000000000, 0.000000000000000000, 0.000000000000000000 ) ) ;
#1490 = FACE_BOUND ( 'NONE', #2563, .T. ) ;
#1491 = CYLINDRICAL_SURFACE ( 'NONE', #193, 5.286250709601127085 ) ;
#1492 = CARTESIAN_POINT ( 'NONE',  ( 7.105388598431692238, 96.13230040183420044, 0.000000000000000000 ) ) ;
#1493 = DIRECTION ( 'NONE',  ( 0.8191520442889934639, -0.5735764363510438280, 0.000000000000000000 ) ) ;
#1494 = ORIENTED_EDGE ( 'NONE', *, *, #1047, .F. ) ;
#1495 = VERTEX_POINT ( 'NONE', #167 ) ;
#1496 = VERTEX_POINT ( 'NONE', #1365 ) ;
#1497 = ORIENTED_EDGE ( 'NONE', *, *, #2242, .F. ) ;
#1498 = ADVANCED_FACE ( 'NONE', ( #1678 ), #2649, .F. ) ;
#1499 = FACE_BOUND ( 'NONE', #2188, .T. ) ;
#1500 = PLANE ( 'NONE',  #368 ) ;
#1501 = ORIENTED_EDGE ( 'NONE', *, *, #2028, .F. ) ;
#1502 = CARTESIAN_POINT ( 'NONE',  ( 36.58540605864457973, 129.0823004018477889, 2.000000000000000000 ) ) ;
#1503 = DIRECTION ( 'NONE',  ( 0.000000000000000000, 0.000000000000000000, 1.000000000000000000 ) ) ;
#1504 = FACE_OUTER_BOUND ( 'NONE', #73, .T. ) ;
#1505 = EDGE_CURVE ( 'NONE', #2175, #2702, #1628, .T. ) ;
#1506 = CARTESIAN_POINT ( 'NONE',  ( 35.60000000000000853, 116.5823004018341891, 0.000000000000000000 ) ) ;
#1507 = VECTOR ( 'NONE', #2349, 1000.000000000000114 ) ;
#1508 = CIRCLE ( 'NONE', #1462, 5.000000000001669775 ) ;
#1509 = VECTOR ( 'NONE', #3248, 1000.000000000000000 ) ;
#1510 = ORIENTED_EDGE ( 'NONE', *, *, #1369, .F. ) ;
#1511 = EDGE_LOOP ( 'NONE', ( #1421, #382, #2076, #767 ) ) ;
#1512 = ORIENTED_EDGE ( 'NONE', *, *, #2495, .T. ) ;
#1513 = DIRECTION ( 'NONE',  ( 8.673617379884027583E-16, 1.000000000000000000, -0.000000000000000000 ) ) ;
#1514 = PRODUCT_RELATED_PRODUCT_CATEGORY ( 'part', '', ( #2670 ) ) ;
#1515 = CARTESIAN_POINT ( 'NONE',  ( -17.12762315017051762, 113.8530408407982861, 2.000000000000000000 ) ) ;
#1516 = EDGE_LOOP ( 'NONE', ( #2734, #2952 ) ) ;
#1517 = ADVANCED_FACE ( 'NONE', ( #2615 ), #874, .F. ) ;
#1518 = DIRECTION ( 'NONE',  ( -0.000000000000000000, -0.000000000000000000, -1.000000000000000000 ) ) ;
#1519 = FACE_BOUND ( 'NONE', #3245, .T. ) ;
#1520 = PLANE ( 'NONE',  #819 ) ;
#1521 = VECTOR ( 'NONE', #3010, 1000.000000000000000 ) ;
#1522 = ADVANCED_FACE ( 'NONE', ( #1432 ), #396, .F. ) ;
#1523 = CARTESIAN_POINT ( 'NONE',  ( -17.24999999999657163, 99.81781816120273731, 2.000000000000000000 ) ) ;
#1524 = VECTOR ( 'NONE', #1397, 1000.000000000000227 ) ;
#1525 = DIRECTION ( 'NONE',  ( -0.000000000000000000, -0.000000000000000000, -1.000000000000000000 ) ) ;
#1526 = CARTESIAN_POINT ( 'NONE',  ( -11.50605608741131469, 107.6186371947500362, 2.000000000000000000 ) ) ;
#1527 = EDGE_CURVE ( 'NONE', #1210, #1023, #3125, .T. ) ;
#1528 = EDGE_LOOP ( 'NONE', ( #2897, #2066, #1345, #1338, #630, #1389, #2584, #2484, #1254, #752, #2306, #2253, #3076, #679, #2752, #2516, #1195, #2616, #2655, #2207, #1085, #1963, #343, #2548, #2882, #1911, #2578, #927, #1415, #2351, #1700, #711, #296, #1416, #1024, #2565 ) ) ;
#1529 = AXIS2_PLACEMENT_3D ( 'NONE', #2603, #1323, #1308 ) ;
#1530 = CARTESIAN_POINT ( 'NONE',  ( -19.99999999999658584, 99.81781816120273731, 2.000000000000000000 ) ) ;
#1531 = FACE_OUTER_BOUND ( 'NONE', #1647, .T. ) ;
#1532 = ORIENTED_EDGE ( 'NONE', *, *, #1770, .F. ) ;
#1533 = LINE ( 'NONE', #2041, #751 ) ;
#1534 = AXIS2_PLACEMENT_3D ( 'NONE', #1111, #2105, #2619 ) ;
#1535 = CARTESIAN_POINT ( 'NONE',  ( -22.20520244038816315, 127.9436729868903058, 0.000000000000000000 ) ) ;
#1536 = LINE ( 'NONE', #1756, #610 ) ;
#1537 = DIRECTION ( 'NONE',  ( 3.190045295344660920E-16, 1.000000000000000000, 0.000000000000000000 ) ) ;
#1538 = DIRECTION ( 'NONE',  ( -0.000000000000000000, -0.000000000000000000, -1.000000000000000000 ) ) ;
#1539 = CARTESIAN_POINT ( 'NONE',  ( -29.01582161256486003, 138.8342887368884817, 2.000000000000000000 ) ) ;
#1540 = EDGE_CURVE ( 'NONE', #1487, #1146, #2859, .T. ) ;
#1541 = ORIENTED_EDGE ( 'NONE', *, *, #2035, .T. ) ;
#1542 = CARTESIAN_POINT ( 'NONE',  ( -9.761471208204316241, 92.33902131693520232, 0.000000000000000000 ) ) ;
#1543 = EDGE_CURVE ( 'NONE', #629, #2452, #1174, .T. ) ;
#1544 = DIRECTION ( 'NONE',  ( 0.7496023329919387912, 0.6618884667170463754, 0.000000000000000000 ) ) ;
#1545 = ORIENTED_EDGE ( 'NONE', *, *, #852, .F. ) ;
#1546 = EDGE_CURVE ( 'NONE', #1259, #806, #1191, .T. ) ;
#1547 = EDGE_LOOP ( 'NONE', ( #1747, #3231 ) ) ;
#1548 = LINE ( 'NONE', #845, #1634 ) ;
#1549 = PLANE ( 'NONE',  #3220 ) ;
#1550 = DIRECTION ( 'NONE',  ( -1.000000000000000000, 0.000000000000000000, 0.000000000000000000 ) ) ;
#1551 = AXIS2_PLACEMENT_3D ( 'NONE', #3016, #304, #61 ) ;
#1552 = CARTESIAN_POINT ( 'NONE',  ( -40.88456140768800395, 101.1668134670513410, 0.000000000000000000 ) ) ;
#1553 = CYLINDRICAL_SURFACE ( 'NONE', #3180, 5.000000000000039080 ) ;
#1554 = DIRECTION ( 'NONE',  ( -0.000000000000000000, -1.000000000000000000, -0.000000000000000000 ) ) ;
#1555 = LINE ( 'NONE', #1526, #826 ) ;
#1556 = ORIENTED_EDGE ( 'NONE', *, *, #877, .T. ) ;
#1557 = FACE_BOUND ( 'NONE', #2189, .T. ) ;
#1558 = EDGE_CURVE ( 'NONE', #999, #629, #416, .T. ) ;
#1559 = LINE ( 'NONE', #2518, #527 ) ;
#1560 = ORIENTED_EDGE ( 'NONE', *, *, #852, .T. ) ;
#1561 = EDGE_CURVE ( 'NONE', #1496, #2436, #675, .T. ) ;
#1562 = ORIENTED_EDGE ( 'NONE', *, *, #480, .F. ) ;
#1563 = CARTESIAN_POINT ( 'NONE',  ( 39.03345774170641391, 137.5823004018478173, 2.000000000000000000 ) ) ;
#1564 = EDGE_CURVE ( 'NONE', #98, #962, #380, .T. ) ;
#1565 = FACE_OUTER_BOUND ( 'NONE', #137, .T. ) ;
#1566 = LINE ( 'NONE', #2624, #2421 ) ;
#1567 = DIRECTION ( 'NONE',  ( -0.7071067811863318564, -0.7071067811867631780, 0.000000000000000000 ) ) ;
#1568 = EDGE_CURVE ( 'NONE', #1791, #2739, #118, .T. ) ;
#1569 = LINE ( 'NONE', #2795, #827 ) ;
#1570 = VERTEX_POINT ( 'NONE', #2631 ) ;
#1571 = AXIS2_PLACEMENT_3D ( 'NONE', #1067, #602, #2059 ) ;
#1572 = LINE ( 'NONE', #3124, #516 ) ;
#1573 = ORIENTED_EDGE ( 'NONE', *, *, #582, .F. ) ;
#1574 = VERTEX_POINT ( 'NONE', #1924 ) ;
#1575 = VERTEX_POINT ( 'NONE', #2930 ) ;
#1576 = AXIS2_PLACEMENT_3D ( 'NONE', #2955, #2192, #1180 ) ;
#1577 = EDGE_LOOP ( 'NONE', ( #2254, #1593, #993, #220 ) ) ;
#1578 = CYLINDRICAL_SURFACE ( 'NONE', #2635, 2.750000000000016431 ) ;
#1579 = CARTESIAN_POINT ( 'NONE',  ( 39.33540605864460105, 129.0823004018477889, 2.000000000000000000 ) ) ;
#1580 = DIRECTION ( 'NONE',  ( 0.7148970502644877989, -0.6992297244276264312, 0.000000000000000000 ) ) ;
#1581 = DIRECTION ( 'NONE',  ( 0.000000000000000000, 0.000000000000000000, 1.000000000000000000 ) ) ;
#1582 = CIRCLE ( 'NONE', #178, 2.750000000000016431 ) ;
#1583 = FACE_OUTER_BOUND ( 'NONE', #314, .T. ) ;
#1584 = PLANE ( 'NONE',  #2110 ) ;
#1585 = EDGE_LOOP ( 'NONE', ( #339, #2191, #2468, #3091 ) ) ;
#1586 = DIRECTION ( 'NONE',  ( -5.809241669051914661E-14, -1.000000000000000000, 0.000000000000000000 ) ) ;
#1587 = VERTEX_POINT ( 'NONE', #1384 ) ;
#1588 = VERTEX_POINT ( 'NONE', #2401 ) ;
#1589 = VERTEX_POINT ( 'NONE', #151 ) ;
#1590 = ADVANCED_FACE ( 'NONE', ( #1156 ), #1909, .F. ) ;
#1591 = CIRCLE ( 'NONE', #2706, 2.750000000000016431 ) ;
#1592 = CARTESIAN_POINT ( 'NONE',  ( -7.105388598424831059, 96.13230040183420044, 2.000000000000000000 ) ) ;
#1593 = ORIENTED_EDGE ( 'NONE', *, *, #2785, .F. ) ;
#1594 = LINE ( 'NONE', #3064, #3167 ) ;
#1595 = CARTESIAN_POINT ( 'NONE',  ( -24.59266344559429740, 127.9436729868903058, 2.000000000000000000 ) ) ;
#1596 = DIRECTION ( 'NONE',  ( -0.6992297244276264312, -0.7148970502644877989, 0.000000000000000000 ) ) ;
#1597 = DIRECTION ( 'NONE',  ( -2.349918461017167421E-16, -1.000000000000000000, 0.000000000000000000 ) ) ;
#1598 = CARTESIAN_POINT ( 'NONE',  ( -30.05244944963069997, 90.88804245762189282, 2.000000000000000000 ) ) ;
#1599 = AXIS2_PLACEMENT_3D ( 'NONE', #1293, #2043, #3249 ) ;
#1600 = EDGE_CURVE ( 'NONE', #2716, #2055, #1316, .T. ) ;
#1601 = CARTESIAN_POINT ( 'NONE',  ( 26.98012445080729549, 127.9436729868903058, 0.000000000000000000 ) ) ;
#1602 = ORIENTED_EDGE ( 'NONE', *, *, #348, .F. ) ;
#1603 = CARTESIAN_POINT ( 'NONE',  ( -21.13835778030055579, 139.1197767191638377, 0.000000000000000000 ) ) ;
#1604 = CARTESIAN_POINT ( 'NONE',  ( -9.532154356696715070, 83.76333675382034016, 2.000000000000000000 ) ) ;
#1605 = ORIENTED_EDGE ( 'NONE', *, *, #2592, .T. ) ;
#1606 = ORIENTED_EDGE ( 'NONE', *, *, #1377, .F. ) ;
#1607 = VERTEX_POINT ( 'NONE', #1970 ) ;
#1608 = VECTOR ( 'NONE', #2367, 1000.000000000000000 ) ;
#1609 = EDGE_CURVE ( 'NONE', #1274, #3198, #3177, .T. ) ;
#1610 = LINE ( 'NONE', #2140, #2533 ) ;
#1611 = VECTOR ( 'NONE', #2854, 1000.000000000000114 ) ;
#1612 = EDGE_LOOP ( 'NONE', ( #1194, #856, #1917, #1436 ) ) ;
#1613 = CARTESIAN_POINT ( 'NONE',  ( 7.105388598431692238, 96.13230040183420044, 2.000000000000000000 ) ) ;
#1614 = EDGE_CURVE ( 'NONE', #2903, #500, #924, .T. ) ;
#1615 = PLANE ( 'NONE',  #1718 ) ;
#1616 = DIRECTION ( 'NONE',  ( 1.000000000000000000, 0.000000000000000000, 0.000000000000000000 ) ) ;
#1617 = CARTESIAN_POINT ( 'NONE',  ( -39.33540605864460105, 104.0823004018205893, 0.000000000000000000 ) ) ;
#1618 = UNCERTAINTY_MEASURE_WITH_UNIT (LENGTH_MEASURE( 1.000000000000000082E-05 ), #2200, 'distance_accuracy_value', 'NONE');
#1619 = DIRECTION ( 'NONE',  ( -0.000000000000000000, -0.000000000000000000, -1.000000000000000000 ) ) ;
#1620 = EDGE_CURVE ( 'NONE', #136, #53, #228, .T. ) ;
#1621 = CARTESIAN_POINT ( 'NONE',  ( 24.59266344560116124, 127.9436729868903058, 2.000000000000000000 ) ) ;
#1622 = AXIS2_PLACEMENT_3D ( 'NONE', #8, #749, #1544 ) ;
#1623 = DIRECTION ( 'NONE',  ( 0.000000000000000000, 1.000000000000000000, 0.000000000000000000 ) ) ;
#1624 = CARTESIAN_POINT ( 'NONE',  ( 11.50605608741817321, 126.5169991276554384, 2.000000000000000000 ) ) ;
#1625 = EDGE_LOOP ( 'NONE', ( #2940, #663 ) ) ;
#1626 = EDGE_CURVE ( 'NONE', #1142, #2036, #2203, .T. ) ;
#1627 = ORIENTED_EDGE ( 'NONE', *, *, #1438, .F. ) ;
#1628 = CIRCLE ( 'NONE', #739, 2.750000000000016431 ) ;
#1629 = ORIENTED_EDGE ( 'NONE', *, *, #2613, .F. ) ;
#1630 = CARTESIAN_POINT ( 'NONE',  ( -39.33540605864460105, 129.0823004018477889, 2.000000000000000000 ) ) ;
#1631 = ORIENTED_EDGE ( 'NONE', *, *, #195, .F. ) ;
#1632 = CARTESIAN_POINT ( 'NONE',  ( 35.60000000000000853, 116.5823004018341891, 2.000000000000000000 ) ) ;
#1633 = DIRECTION ( 'NONE',  ( 1.000000000000000000, 0.000000000000000000, 0.000000000000000000 ) ) ;
#1634 = VECTOR ( 'NONE', #347, 1000.000000000000000 ) ;
#1635 = AXIS2_PLACEMENT_3D ( 'NONE', #1980, #1474, #720 ) ;
#1636 = CARTESIAN_POINT ( 'NONE',  ( -26.98012445080043165, 127.9436729868903058, 0.000000000000000000 ) ) ;
#1637 = DIRECTION ( 'NONE',  ( -1.000000000000000000, 0.000000000000000000, 0.000000000000000000 ) ) ;
#1638 = DIRECTION ( 'NONE',  ( 0.000000000000000000, 1.000000000000000000, 0.000000000000000000 ) ) ;
#1639 = ADVANCED_FACE ( 'NONE', ( #1695 ), #2170, .F. ) ;
#1640 = CIRCLE ( 'NONE', #2169, 2.750000000000016431 ) ;
#1641 = DIRECTION ( 'NONE',  ( 0.000000000000000000, -0.000000000000000000, 1.000000000000000000 ) ) ;
#1642 = EDGE_CURVE ( 'NONE', #2617, #2900, #1922, .T. ) ;
#1643 = CARTESIAN_POINT ( 'NONE',  ( -44.48025445087380092, 134.4430577878113695, 2.000000000000000000 ) ) ;
#1644 = CARTESIAN_POINT ( 'NONE',  ( 17.12762315017737791, 113.8530408407982861, 0.000000000000000000 ) ) ;
#1645 = VERTEX_POINT ( 'NONE', #1206 ) ;
#1646 = ORIENTED_EDGE ( 'NONE', *, *, #2141, .T. ) ;
#1647 = EDGE_LOOP ( 'NONE', ( #484, #2845, #928, #2653 ) ) ;
#1648 = ORIENTED_EDGE ( 'NONE', *, *, #3019, .F. ) ;
#1649 = LINE ( 'NONE', #843, #2321 ) ;
#1650 = VERTEX_POINT ( 'NONE', #1727 ) ;
#1651 = LINE ( 'NONE', #1215, #639 ) ;
#1652 = EDGE_CURVE ( 'NONE', #2272, #422, #58, .T. ) ;
#1653 = LINE ( 'NONE', #2905, #3112 ) ;
#1654 = DIRECTION ( 'NONE',  ( 0.6696623166039911146, 0.7426657267711873622, -0.000000000000000000 ) ) ;
#1655 = DIRECTION ( 'NONE',  ( 1.000000000000000000, 0.000000000000000000, 0.000000000000000000 ) ) ;
#1656 = CARTESIAN_POINT ( 'NONE',  ( 9.761471208211180084, 92.33902131693520232, 2.000000000000000000 ) ) ;
#1657 = LINE ( 'NONE', #1601, #1016 ) ;
#1658 = FACE_OUTER_BOUND ( 'NONE', #327, .T. ) ;
#1659 = CARTESIAN_POINT ( 'NONE',  ( -35.60000000000000142, 93.92431119012407237, 2.000000000000000000 ) ) ;
#1660 = STYLED_ITEM ( 'NONE', ( #1168 ), #2070 ) ;
#1661 = ORIENTED_EDGE ( 'NONE', *, *, #279, .F. ) ;
#1662 = ORIENTED_EDGE ( 'NONE', *, *, #1711, .T. ) ;
#1663 = ORIENTED_EDGE ( 'NONE', *, *, #1425, .T. ) ;
#1664 = EDGE_LOOP ( 'NONE', ( #2881, #1362, #1646, #1126 ) ) ;
#1665 = EDGE_CURVE ( 'NONE', #982, #1177, #429, .T. ) ;
#1666 = CARTESIAN_POINT ( 'NONE',  ( 14.50000000000341949, 134.3178181612026378, 2.000000000000000000 ) ) ;
#1667 = EDGE_LOOP ( 'NONE', ( #746, #172 ) ) ;
#1668 = LINE ( 'NONE', #2673, #315 ) ;
#1669 = AXIS2_PLACEMENT_3D ( 'NONE', #33, #258, #2543 ) ;
#1670 = VECTOR ( 'NONE', #1597, 1000.000000000000000 ) ;
#1671 = DIRECTION ( 'NONE',  ( 0.000000000000000000, -1.000000000000000000, 0.000000000000000000 ) ) ;
#1672 = ADVANCED_FACE ( 'NONE', ( #2696 ), #447, .F. ) ;
#1673 = CARTESIAN_POINT ( 'NONE',  ( 17.25000000000343547, 134.3178181612026378, 2.000000000000000000 ) ) ;
#1674 = CARTESIAN_POINT ( 'NONE',  ( 19.98796389038625065, 84.76333675382035437, 2.000000000000000000 ) ) ;
#1675 = EDGE_CURVE ( 'NONE', #1110, #2684, #1726, .T. ) ;
#1676 = CARTESIAN_POINT ( 'NONE',  ( 28.97626859470664584, 139.0078151505259427, 2.000000000000000000 ) ) ;
#1677 = CARTESIAN_POINT ( 'NONE',  ( -9.761471208208222450, 133.5914907953925024, 0.000000000000000000 ) ) ;
#1678 = FACE_OUTER_BOUND ( 'NONE', #563, .T. ) ;
#1679 = EDGE_LOOP ( 'NONE', ( #2506, #1730, #2, #2502 ) ) ;
#1680 = VERTEX_POINT ( 'NONE', #1956 ) ;
#1681 = ORIENTED_EDGE ( 'NONE', *, *, #493, .F. ) ;
#1682 = ORIENTED_EDGE ( 'NONE', *, *, #2283, .T. ) ;
#1683 = VECTOR ( 'NONE', #2782, 1000.000000000000000 ) ;
#1684 = CARTESIAN_POINT ( 'NONE',  ( -9.532154356696715070, 83.76333675382034016, 0.000000000000000000 ) ) ;
#1685 = ORIENTED_EDGE ( 'NONE', *, *, #3123, .T. ) ;
#1686 = DIRECTION ( 'NONE',  ( -1.000000000000000000, 0.000000000000000000, 0.000000000000000000 ) ) ;
#1687 = VECTOR ( 'NONE', #919, 1000.000000000000000 ) ;
#1688 = VECTOR ( 'NONE', #2821, 1000.000000000000000 ) ;
#1689 = CARTESIAN_POINT ( 'NONE',  ( 46.17081211728930157, 130.6950461228504423, 2.000000000000000000 ) ) ;
#1690 = CARTESIAN_POINT ( 'NONE',  ( 7.105388598431692238, 96.13230040183420044, 2.000000000000000000 ) ) ;
#1691 = DIRECTION ( 'NONE',  ( -1.000000000000000000, 0.000000000000000000, 0.000000000000000000 ) ) ;
#1692 = AXIS2_PLACEMENT_3D ( 'NONE', #1825, #2087, #2068 ) ;
#1693 = VECTOR ( 'NONE', #281, 1000.000000000000000 ) ;
#1694 = EDGE_CURVE ( 'NONE', #231, #2739, #2962, .T. ) ;
#1695 = FACE_OUTER_BOUND ( 'NONE', #781, .T. ) ;
#1696 = LINE ( 'NONE', #2679, #91 ) ;
#1697 = CARTESIAN_POINT ( 'NONE',  ( -24.44780011388686347, 142.8677883841247933, 0.000000000000000000 ) ) ;
#1698 = AXIS2_PLACEMENT_3D ( 'NONE', #1826, #1862, #3134 ) ;
#1699 = ORIENTED_EDGE ( 'NONE', *, *, #1164, .F. ) ;
#1700 = ORIENTED_EDGE ( 'NONE', *, *, #64, .T. ) ;
#1701 = EDGE_LOOP ( 'NONE', ( #154, #187, #1832, #1494 ) ) ;
#1702 = VERTEX_POINT ( 'NONE', #464 ) ;
#1703 = DIRECTION ( 'NONE',  ( 0.000000000000000000, 0.000000000000000000, 1.000000000000000000 ) ) ;
#1704 = ADVANCED_FACE ( 'NONE', ( #2465 ), #707, .F. ) ;
#1705 = CARTESIAN_POINT ( 'NONE',  ( 14.50000000000341949, 134.3178181612026378, 2.000000000000000000 ) ) ;
#1706 = ADVANCED_FACE ( 'NONE', ( #2989 ), #2234, .T. ) ;
#1707 = FACE_OUTER_BOUND ( 'NONE', #1577, .T. ) ;
#1708 = DIRECTION ( 'NONE',  ( -0.000000000000000000, -0.000000000000000000, -1.000000000000000000 ) ) ;
#1709 = CARTESIAN_POINT ( 'NONE',  ( -29.01582161256486003, 138.8342887368884817, 2.000000000000000000 ) ) ;
#1710 = DIRECTION ( 'NONE',  ( -0.000000000000000000, -0.000000000000000000, -1.000000000000000000 ) ) ;
#1711 = EDGE_CURVE ( 'NONE', #2652, #3092, #974, .T. ) ;
#1712 = DIRECTION ( 'NONE',  ( -1.000000000000000000, 0.000000000000000000, 0.000000000000000000 ) ) ;
#1713 = CARTESIAN_POINT ( 'NONE',  ( 24.59266344560116124, 127.9436729868903058, 2.000000000000000000 ) ) ;
#1714 = ORIENTED_EDGE ( 'NONE', *, *, #1564, .T. ) ;
#1715 = VERTEX_POINT ( 'NONE', #2747 ) ;
#1716 = ORIENTED_EDGE ( 'NONE', *, *, #269, .F. ) ;
#1717 = ORIENTED_EDGE ( 'NONE', *, *, #2327, .F. ) ;
#1718 = AXIS2_PLACEMENT_3D ( 'NONE', #848, #1391, #2109 ) ;
#1719 = LINE ( 'NONE', #3243, #435 ) ;
#1720 = DIRECTION ( 'NONE',  ( -0.6696623166039908925, 0.7426657267711875843, 0.000000000000000000 ) ) ;
#1721 = EDGE_CURVE ( 'NONE', #2896, #1587, #498, .T. ) ;
#1722 = DIRECTION ( 'NONE',  ( 1.541976423090493661E-15, -1.000000000000000000, 0.000000000000000000 ) ) ;
#1723 = CARTESIAN_POINT ( 'NONE',  ( 7.105388598427811786, 129.7982117104936606, 2.000000000000000000 ) ) ;
#1724 = AXIS2_PLACEMENT_3D ( 'NONE', #1603, #892, #117 ) ;
#1725 = VECTOR ( 'NONE', #92, 1000.000000000000000 ) ;
#1726 = CIRCLE ( 'NONE', #2347, 2.750000000000016431 ) ;
#1727 = CARTESIAN_POINT ( 'NONE',  ( 46.17081211729598778, 101.1668134670513410, 2.000000000000000000 ) ) ;
#1728 = DIRECTION ( 'NONE',  ( -0.000000000000000000, -0.000000000000000000, -1.000000000000000000 ) ) ;
#1729 = VERTEX_POINT ( 'NONE', #3054 ) ;
#1730 = ORIENTED_EDGE ( 'NONE', *, *, #987, .F. ) ;
#1731 = ORIENTED_EDGE ( 'NONE', *, *, #1021, .F. ) ;
#1732 = VERTEX_POINT ( 'NONE', #1506 ) ;
#1733 = CARTESIAN_POINT ( 'NONE',  ( -34.05000000000000426, 112.0823004018341891, 0.000000000000000000 ) ) ;
#1734 = ORIENTED_EDGE ( 'NONE', *, *, #949, .T. ) ;
#1735 = LINE ( 'NONE', #2508, #271 ) ;
#1736 = FACE_OUTER_BOUND ( 'NONE', #1435, .T. ) ;
#1737 = AXIS2_PLACEMENT_3D ( 'NONE', #2970, #716, #1720 ) ;
#1738 = CARTESIAN_POINT ( 'NONE',  ( 36.58540605864457973, 129.0823004018477889, 0.000000000000000000 ) ) ;
#1739 = ADVANCED_FACE ( 'NONE', ( #817 ), #805, .F. ) ;
#1740 = DIRECTION ( 'NONE',  ( -0.000000000000000000, -0.000000000000000000, -1.000000000000000000 ) ) ;
#1741 = VECTOR ( 'NONE', #1586, 1000.000000000000000 ) ;
#1742 = VECTOR ( 'NONE', #1781, 1000.000000000000114 ) ;
#1743 = PRODUCT_CONTEXT ( 'NONE', #2887, 'mechanical' ) ;
#1744 = ORIENTED_EDGE ( 'NONE', *, *, #3139, .T. ) ;
#1745 = ORIENTED_EDGE ( 'NONE', *, *, #2577, .T. ) ;
#1746 = ORIENTED_EDGE ( 'NONE', *, *, #1097, .T. ) ;
#1747 = ORIENTED_EDGE ( 'NONE', *, *, #126, .T. ) ;
#1748 = EDGE_CURVE ( 'NONE', #914, #491, #3250, .T. ) ;
#1749 = CARTESIAN_POINT ( 'NONE',  ( -9.761471208204316241, 92.33902131693520232, 0.000000000000000000 ) ) ;
#1750 = DIRECTION ( 'NONE',  ( -0.000000000000000000, -0.000000000000000000, -1.000000000000000000 ) ) ;
#1751 = VERTEX_POINT ( 'NONE', #2823 ) ;
#1752 = VECTOR ( 'NONE', #104, 1000.000000000000000 ) ;
#1753 = EDGE_CURVE ( 'NONE', #992, #2271, #2557, .T. ) ;
#1754 = CARTESIAN_POINT ( 'NONE',  ( 42.08540605864461526, 104.0823004018205893, 2.000000000000000000 ) ) ;
#1755 = LINE ( 'NONE', #209, #2348 ) ;
#1756 = CARTESIAN_POINT ( 'NONE',  ( -32.50000000000000000, 116.5823004018341891, 2.000000000000000000 ) ) ;
#1757 = DIRECTION ( 'NONE',  ( -0.000000000000000000, -0.000000000000000000, -1.000000000000000000 ) ) ;
#1758 = FILL_AREA_STYLE ('',( #1005 ) ) ;
#1759 = EDGE_CURVE ( 'NONE', #1322, #1732, #2810, .T. ) ;
#1760 = ORIENTED_EDGE ( 'NONE', *, *, #973, .T. ) ;
#1761 = VERTEX_POINT ( 'NONE', #1283 ) ;
#1762 = ORIENTED_EDGE ( 'NONE', *, *, #2250, .T. ) ;
#1763 = FACE_BOUND ( 'NONE', #1212, .T. ) ;
#1764 = CARTESIAN_POINT ( 'NONE',  ( 17.12762315017737791, 120.2825954816071885, 2.000000000000000000 ) ) ;
#1765 = VERTEX_POINT ( 'NONE', #3003 ) ;
#1766 = EDGE_CURVE ( 'NONE', #1972, #84, #788, .T. ) ;
#1767 = CARTESIAN_POINT ( 'NONE',  ( 17.25000000000343192, 99.81781816120273731, 2.000000000000000000 ) ) ;
#1768 = FACE_BOUND ( 'NONE', #1625, .T. ) ;
#1769 = DIRECTION ( 'NONE',  ( 1.000000000000000000, 0.000000000000000000, 0.000000000000000000 ) ) ;
#1770 = EDGE_CURVE ( 'NONE', #1010, #232, #67, .T. ) ;
#1771 = PLANE ( 'NONE',  #566 ) ;
#1772 = CARTESIAN_POINT ( 'NONE',  ( 14.53215435670362510, 78.76333675382034016, 0.000000000000000000 ) ) ;
#1773 = AXIS2_PLACEMENT_3D ( 'NONE', #873, #1623, #2580 ) ;
#1774 = VECTOR ( 'NONE', #3068, 1000.000000000000000 ) ;
#1775 = CIRCLE ( 'NONE', #1094, 2.750000000000016431 ) ;
#1776 = ORIENTED_EDGE ( 'NONE', *, *, #412, .T. ) ;
#1777 = EDGE_LOOP ( 'NONE', ( #2843, #2438, #1112, #403 ) ) ;
#1778 = DIRECTION ( 'NONE',  ( -0.7071067811865507924, 0.7071067811865441310, 0.000000000000000000 ) ) ;
#1779 = CARTESIAN_POINT ( 'NONE',  ( -21.74938862961784736, 144.0823004018477889, 2.000000000000000000 ) ) ;
#1780 = ORIENTED_EDGE ( 'NONE', *, *, #2010, .F. ) ;
#1781 = DIRECTION ( 'NONE',  ( 0.7071067811865507924, 0.7071067811865441310, -0.000000000000000000 ) ) ;
#1782 = CARTESIAN_POINT ( 'NONE',  ( -32.32526394615118193, 142.5823004018494657, 2.000000000000000000 ) ) ;
#1783 = CARTESIAN_POINT ( 'NONE',  ( 15.03215435670921707, 144.0823004018477889, 0.000000000000000000 ) ) ;
#1784 = CIRCLE ( 'NONE', #260, 1.550000000000002709 ) ;
#1785 = EDGE_CURVE ( 'NONE', #534, #471, #1569, .T. ) ;
#1786 = PLANE ( 'NONE',  #43 ) ;
#1787 = AXIS2_PLACEMENT_3D ( 'NONE', #673, #1478, #2432 ) ;
#1788 = DIRECTION ( 'NONE',  ( -1.000000000000000000, 0.000000000000000000, 0.000000000000000000 ) ) ;
#1789 = DIRECTION ( 'NONE',  ( -1.000000000000000000, 0.000000000000000000, 0.000000000000000000 ) ) ;
#1790 = ADVANCED_FACE ( 'NONE', ( #1998 ), #759, .T. ) ;
#1791 = VERTEX_POINT ( 'NONE', #511 ) ;
#1792 = AXIS2_PLACEMENT_3D ( 'NONE', #551, #1048, #2245 ) ;
#1793 = AXIS2_PLACEMENT_3D ( 'NONE', #1782, #2292, #523 ) ;
#1794 = FACE_BOUND ( 'NONE', #1516, .T. ) ;
#1795 = LINE ( 'NONE', #1258, #3043 ) ;
#1796 = EDGE_LOOP ( 'NONE', ( #1387, #505, #1285, #1928 ) ) ;
#1797 = ORIENTED_EDGE ( 'NONE', *, *, #257, .F. ) ;
#1798 = CARTESIAN_POINT ( 'NONE',  ( -19.99999999999658939, 134.3178181612026378, 0.000000000000000000 ) ) ;
#1799 = VECTOR ( 'NONE', #1129, 1000.000000000000227 ) ;
#1800 = CARTESIAN_POINT ( 'NONE',  ( -9.761471208204316241, 90.33902131693520232, 2.000000000000000000 ) ) ;
#1801 = CARTESIAN_POINT ( 'NONE',  ( 22.20520244039502700, 127.9436729868903058, 2.000000000000000000 ) ) ;
#1802 = CARTESIAN_POINT ( 'NONE',  ( 32.50000000000000000, 116.5823004018341891, 0.000000000000000000 ) ) ;
#1803 = CARTESIAN_POINT ( 'NONE',  ( 42.08540605864461526, 129.0823004018477889, 2.000000000000000000 ) ) ;
#1804 = CARTESIAN_POINT ( 'NONE',  ( 17.25000000000343192, 99.81781816120273731, 2.000000000000000000 ) ) ;
#1805 =( LENGTH_UNIT ( ) NAMED_UNIT ( * ) SI_UNIT ( .MILLI., .METRE. ) );
#1806 = ORIENTED_EDGE ( 'NONE', *, *, #2976, .T. ) ;
#1807 = EDGE_CURVE ( 'NONE', #471, #1732, #308, .T. ) ;
#1808 = CARTESIAN_POINT ( 'NONE',  ( 41.17081211728928736, 130.6950461228504423, 2.000000000000000000 ) ) ;
#1809 = DIRECTION ( 'NONE',  ( 0.000000000000000000, 0.000000000000000000, 1.000000000000000000 ) ) ;
#1810 = ORIENTED_EDGE ( 'NONE', *, *, #442, .F. ) ;
#1811 = ORIENTED_EDGE ( 'NONE', *, *, #1867, .T. ) ;
#1812 = DIRECTION ( 'NONE',  ( 0.000000000000000000, 0.000000000000000000, 1.000000000000000000 ) ) ;
#1813 = EDGE_CURVE ( 'NONE', #2937, #1823, #303, .T. ) ;
#1814 = CARTESIAN_POINT ( 'NONE',  ( 46.17081211728930157, 130.6950461228504423, 2.000000000000000000 ) ) ;
#1815 = CIRCLE ( 'NONE', #405, 2.750000000000016431 ) ;
#1816 = CARTESIAN_POINT ( 'NONE',  ( 9.761471208207279204, 133.5914907953926729, 0.000000000000000000 ) ) ;
#1817 = CARTESIAN_POINT ( 'NONE',  ( 15.03215435670921707, 144.0823004018477889, 0.000000000000000000 ) ) ;
#1818 = CARTESIAN_POINT ( 'NONE',  ( -40.88456140768800395, 101.1668134670513410, 2.000000000000000000 ) ) ;
#1819 = EDGE_LOOP ( 'NONE', ( #1349, #3232, #2665, #1811 ) ) ;
#1820 = DIRECTION ( 'NONE',  ( -1.000000000000000000, 0.000000000000000000, 0.000000000000000000 ) ) ;
#1821 = ORIENTED_EDGE ( 'NONE', *, *, #1324, .T. ) ;
#1822 = EDGE_LOOP ( 'NONE', ( #2501, #2978, #2080, #2827 ) ) ;
#1823 = VERTEX_POINT ( 'NONE', #1036 ) ;
#1824 = ORIENTED_EDGE ( 'NONE', *, *, #2141, .F. ) ;
#1825 = CARTESIAN_POINT ( 'NONE',  ( -24.59266344560188955, 106.1919633355151689, 2.000000000000000000 ) ) ;
#1826 = CARTESIAN_POINT ( 'NONE',  ( -39.33540605864460105, 129.0823004018477889, 2.000000000000000000 ) ) ;
#1827 = LINE ( 'NONE', #2324, #1688 ) ;
#1828 = CARTESIAN_POINT ( 'NONE',  ( 39.03345774170643523, 132.5823004018477889, 2.000000000000000000 ) ) ;
#1829 = CARTESIAN_POINT ( 'NONE',  ( 21.74938862962032715, 139.0823004018461404, 2.000000000000000000 ) ) ;
#1830 = EDGE_CURVE ( 'NONE', #2682, #175, #2529, .T. ) ;
#1831 = CARTESIAN_POINT ( 'NONE',  ( -7.105388598428713287, 129.7982117104935753, 2.000000000000000000 ) ) ;
#1832 = ORIENTED_EDGE ( 'NONE', *, *, #1197, .F. ) ;
#1833 = VECTOR ( 'NONE', #568, 1000.000000000000000 ) ;
#1834 = DIRECTION ( 'NONE',  ( -1.000000000000000000, 0.000000000000000000, 0.000000000000000000 ) ) ;
#1835 = ORIENTED_EDGE ( 'NONE', *, *, #1759, .F. ) ;
#1836 = EDGE_LOOP ( 'NONE', ( #1962, #2388, #1891, #1854 ) ) ;
#1837 = VERTEX_POINT ( 'NONE', #2268 ) ;
#1838 = AXIS2_PLACEMENT_3D ( 'NONE', #2052, #249, #1820 ) ;
#1839 = CARTESIAN_POINT ( 'NONE',  ( 32.50000000000000000, 116.5823004018341891, 2.000000000000000000 ) ) ;
#1840 = ORIENTED_EDGE ( 'NONE', *, *, #2634, .T. ) ;
#1841 = DIRECTION ( 'NONE',  ( -1.000000000000000000, 0.000000000000000000, 0.000000000000000000 ) ) ;
#1842 = LINE ( 'NONE', #813, #1141 ) ;
#1843 = EDGE_CURVE ( 'NONE', #2652, #2581, #18, .T. ) ;
#1844 = VECTOR ( 'NONE', #2408, 1000.000000000000000 ) ;
#1845 = LINE ( 'NONE', #2852, #270 ) ;
#1846 = CARTESIAN_POINT ( 'NONE',  ( 35.60000000000000142, 112.0823004018341891, 2.000000000000000000 ) ) ;
#1847 = AXIS2_PLACEMENT_3D ( 'NONE', #99, #837, #608 ) ;
#1848 = DIRECTION ( 'NONE',  ( -2.265321396420549459E-13, 1.000000000000000000, -0.000000000000000000 ) ) ;
#1849 = DIRECTION ( 'NONE',  ( 1.000000000000000000, 0.000000000000000000, 0.000000000000000000 ) ) ;
#1850 = EDGE_LOOP ( 'NONE', ( #2335, #3011, #1629, #900 ) ) ;
#1851 = EDGE_CURVE ( 'NONE', #364, #3074, #3018, .T. ) ;
#1852 = CARTESIAN_POINT ( 'NONE',  ( -34.05000000000000426, 112.0823004018341891, 2.000000000000000000 ) ) ;
#1853 = ORIENTED_EDGE ( 'NONE', *, *, #3069, .F. ) ;
#1854 = ORIENTED_EDGE ( 'NONE', *, *, #2290, .F. ) ;
#1855 = VERTEX_POINT ( 'NONE', #1772 ) ;
#1856 = ORIENTED_EDGE ( 'NONE', *, *, #1333, .F. ) ;
#1857 = VECTOR ( 'NONE', #1538, 1000.000000000000000 ) ;
#1858 = DIRECTION ( 'NONE',  ( -1.000000000000000000, 0.000000000000000000, 0.000000000000000000 ) ) ;
#1859 = ORIENTED_EDGE ( 'NONE', *, *, #1089, .T. ) ;
#1860 = CARTESIAN_POINT ( 'NONE',  ( 17.25000000000343192, 99.81781816120273731, 0.000000000000000000 ) ) ;
#1861 = ADVANCED_FACE ( 'NONE', ( #2032 ), #2777, .F. ) ;
#1862 = DIRECTION ( 'NONE',  ( -0.000000000000000000, -0.000000000000000000, -1.000000000000000000 ) ) ;
#1863 = DIRECTION ( 'NONE',  ( -0.000000000000000000, -0.000000000000000000, -1.000000000000000000 ) ) ;
#1864 = DIRECTION ( 'NONE',  ( 0.000000000000000000, 0.000000000000000000, 1.000000000000000000 ) ) ;
#1865 = DIRECTION ( 'NONE',  ( -2.349918461017167421E-16, -1.000000000000000000, 0.000000000000000000 ) ) ;
#1866 = VECTOR ( 'NONE', #2659, 1000.000000000000000 ) ;
#1867 = EDGE_CURVE ( 'NONE', #9, #1791, #544, .T. ) ;
#1868 = CARTESIAN_POINT ( 'NONE',  ( -17.24999999999657163, 99.81781816120273731, 0.000000000000000000 ) ) ;
#1869 = CARTESIAN_POINT ( 'NONE',  ( 42.34290007529176592, 136.3303120668074939, 2.000000000000000000 ) ) ;
#1870 = APPLICATION_CONTEXT ( 'automotive_design' ) ;
#1871 = DIRECTION ( 'NONE',  ( -0.000000000000000000, -0.000000000000000000, -1.000000000000000000 ) ) ;
#1872 = VERTEX_POINT ( 'NONE', #1539 ) ;
#1873 = ORIENTED_EDGE ( 'NONE', *, *, #3080, .F. ) ;
#1874 = ORIENTED_EDGE ( 'NONE', *, *, #458, .F. ) ;
#1875 = VECTOR ( 'NONE', #1728, 1000.000000000000000 ) ;
#1876 = VECTOR ( 'NONE', #2555, 1000.000000000000000 ) ;
#1877 = CYLINDRICAL_SURFACE ( 'NONE', #804, 2.750000000000016431 ) ;
#1878 = VECTOR ( 'NONE', #1476, 1000.000000000000114 ) ;
#1879 = ORIENTED_EDGE ( 'NONE', *, *, #2538, .T. ) ;
#1880 = DIRECTION ( 'NONE',  ( -0.000000000000000000, -0.000000000000000000, -1.000000000000000000 ) ) ;
#1881 = DIRECTION ( 'NONE',  ( 0.000000000000000000, 0.000000000000000000, 1.000000000000000000 ) ) ;
#1882 = CARTESIAN_POINT ( 'NONE',  ( -9.761471208208236661, 135.5914907953925024, 2.000000000000000000 ) ) ;
#1883 = DIRECTION ( 'NONE',  ( 0.000000000000000000, 0.000000000000000000, 1.000000000000000000 ) ) ;
#1884 = CARTESIAN_POINT ( 'NONE',  ( 9.761471208207279204, 133.5914907953926729, 0.000000000000000000 ) ) ;
#1885 = EDGE_CURVE ( 'NONE', #500, #1765, #291, .T. ) ;
#1886 = EDGE_CURVE ( 'NONE', #2040, #2370, #906, .T. ) ;
#1887 = PLANE ( 'NONE',  #1488 ) ;
#1888 = EDGE_CURVE ( 'NONE', #1192, #2701, #1508, .T. ) ;
#1889 = LINE ( 'NONE', #3161, #1507 ) ;
#1890 = DIRECTION ( 'NONE',  ( -1.000000000000000000, 0.000000000000000000, 0.000000000000000000 ) ) ;
#1891 = ORIENTED_EDGE ( 'NONE', *, *, #1505, .F. ) ;
#1892 = ORIENTED_EDGE ( 'NONE', *, *, #1600, .T. ) ;
#1893 = ORIENTED_EDGE ( 'NONE', *, *, #2216, .F. ) ;
#1894 = VECTOR ( 'NONE', #1871, 1000.000000000000000 ) ;
#1895 = ORIENTED_EDGE ( 'NONE', *, *, #289, .F. ) ;
#1896 = LINE ( 'NONE', #1161, #69 ) ;
#1897 = ORIENTED_EDGE ( 'NONE', *, *, #2776, .T. ) ;
#1898 = CYLINDRICAL_SURFACE ( 'NONE', #426, 1.550000000000002709 ) ;
#1899 = CYLINDRICAL_SURFACE ( 'NONE', #2430, 2.387461005206134690 ) ;
#1900 = VECTOR ( 'NONE', #144, 1000.000000000000000 ) ;
#1901 = AXIS2_PLACEMENT_3D ( 'NONE', #2263, #1220, #2217 ) ;
#1902 = CARTESIAN_POINT ( 'NONE',  ( 26.98012445080729549, 127.9436729868903058, 2.000000000000000000 ) ) ;
#1903 = CARTESIAN_POINT ( 'NONE',  ( -42.49643136550602662, 96.13230040183420044, 2.000000000000000000 ) ) ;
#1904 = DIRECTION ( 'NONE',  ( 1.000000000000000000, 0.000000000000000000, 0.000000000000000000 ) ) ;
#1905 = CIRCLE ( 'NONE', #227, 5.286250709601127085 ) ;
#1906 = ADVANCED_FACE ( 'NONE', ( #374 ), #1153, .F. ) ;
#1907 = CYLINDRICAL_SURFACE ( 'NONE', #2273, 1.550000000000002709 ) ;
#1908 = PLANE ( 'NONE',  #350 ) ;
#1909 = PLANE ( 'NONE',  #1949 ) ;
#1910 = EDGE_LOOP ( 'NONE', ( #2372, #2082, #790, #745 ) ) ;
#1911 = ORIENTED_EDGE ( 'NONE', *, *, #2946, .T. ) ;
#1912 = ORIENTED_EDGE ( 'NONE', *, *, #1284, .F. ) ;
#1913 = EDGE_CURVE ( 'NONE', #436, #2652, #586, .T. ) ;
#1914 = ORIENTED_EDGE ( 'NONE', *, *, #1885, .T. ) ;
#1915 = ADVANCED_FACE ( 'NONE', ( #2092 ), #2341, .F. ) ;
#1916 = DIRECTION ( 'NONE',  ( -0.000000000000000000, -0.000000000000000000, -1.000000000000000000 ) ) ;
#1917 = ORIENTED_EDGE ( 'NONE', *, *, #825, .T. ) ;
#1918 = CARTESIAN_POINT ( 'NONE',  ( -22.20520244040333324, 106.1919633355151689, 2.000000000000000000 ) ) ;
#1919 = EDGE_CURVE ( 'NONE', #1322, #2602, #939, .T. ) ;
#1920 = FACE_OUTER_BOUND ( 'NONE', #1468, .T. ) ;
#1921 = FACE_OUTER_BOUND ( 'NONE', #2842, .T. ) ;
#1922 = LINE ( 'NONE', #2947, #1056 ) ;
#1923 = DIRECTION ( 'NONE',  ( -0.000000000000000000, -0.000000000000000000, -1.000000000000000000 ) ) ;
#1924 = CARTESIAN_POINT ( 'NONE',  ( 30.05244944963756026, 90.88804245762189282, 2.000000000000000000 ) ) ;
#1925 = ORIENTED_EDGE ( 'NONE', *, *, #2046, .F. ) ;
#1926 = ORIENTED_EDGE ( 'NONE', *, *, #2746, .F. ) ;
#1927 = ORIENTED_EDGE ( 'NONE', *, *, #1748, .F. ) ;
#1928 = ORIENTED_EDGE ( 'NONE', *, *, #1377, .T. ) ;
#1929 = CARTESIAN_POINT ( 'NONE',  ( 15.03215435670921707, 144.0823004018477889, 2.000000000000000000 ) ) ;
#1930 = VERTEX_POINT ( 'NONE', #2909 ) ;
#1931 = LINE ( 'NONE', #633, #2474 ) ;
#1932 = VECTOR ( 'NONE', #2221, 1000.000000000000000 ) ;
#1933 = VECTOR ( 'NONE', #1343, 1000.000000000000000 ) ;
#1934 = CIRCLE ( 'NONE', #520, 2.750000000000016431 ) ;
#1935 = CARTESIAN_POINT ( 'NONE',  ( 9.761471208211180084, 92.33902131693520232, 2.000000000000000000 ) ) ;
#1936 = DIRECTION ( 'NONE',  ( -0.9523787920374706673, 0.3049174256700461494, 0.000000000000000000 ) ) ;
#1937 = CARTESIAN_POINT ( 'NONE',  ( -7.105388598428713287, 129.7982117104935753, 2.000000000000000000 ) ) ;
#1938 = CARTESIAN_POINT ( 'NONE',  ( -42.49643136550602662, 96.13230040183420044, 2.000000000000000000 ) ) ;
#1939 = DIRECTION ( 'NONE',  ( -1.000000000000000000, 0.000000000000000000, 0.000000000000000000 ) ) ;
#1940 = DIRECTION ( 'NONE',  ( -0.7496023329919385692, -0.6618884667170463754, 0.000000000000000000 ) ) ;
#1941 = EDGE_CURVE ( 'NONE', #3148, #1930, #638, .T. ) ;
#1942 = ORIENTED_EDGE ( 'NONE', *, *, #2912, .F. ) ;
#1943 = ORIENTED_EDGE ( 'NONE', *, *, #2211, .T. ) ;
#1944 = ORIENTED_EDGE ( 'NONE', *, *, #2083, .T. ) ;
#1945 = ORIENTED_EDGE ( 'NONE', *, *, #818, .T. ) ;
#1946 = AXIS2_PLACEMENT_3D ( 'NONE', #2924, #2395, #2412 ) ;
#1947 = CARTESIAN_POINT ( 'NONE',  ( 22.20520244040260849, 106.1919633355151689, 2.000000000000000000 ) ) ;
#1948 = CARTESIAN_POINT ( 'NONE',  ( 14.48796389038621868, 84.76333675382035437, 0.000000000000000000 ) ) ;
#1949 = AXIS2_PLACEMENT_3D ( 'NONE', #660, #182, #1189 ) ;
#1950 = DIRECTION ( 'NONE',  ( -0.000000000000000000, -0.000000000000000000, -1.000000000000000000 ) ) ;
#1951 = CARTESIAN_POINT ( 'NONE',  ( -41.17081211728929446, 130.6950461228504707, 2.000000000000000000 ) ) ;
#1952 = ADVANCED_FACE ( 'NONE', ( #1583 ), #2872, .T. ) ;
#1953 = LINE ( 'NONE', #1709, #1453 ) ;
#1954 = VECTOR ( 'NONE', #1880, 1000.000000000000000 ) ;
#1955 = AXIS2_PLACEMENT_3D ( 'NONE', #2758, #255, #1262 ) ;
#1956 = CARTESIAN_POINT ( 'NONE',  ( 9.761471208211178308, 90.33902131693520232, 0.000000000000000000 ) ) ;
#1957 = DIRECTION ( 'NONE',  ( -0.000000000000000000, -0.000000000000000000, -1.000000000000000000 ) ) ;
#1958 = CARTESIAN_POINT ( 'NONE',  ( -17.23796389038623644, 84.76333675382035437, 2.000000000000000000 ) ) ;
#1959 = VECTOR ( 'NONE', #86, 1000.000000000000227 ) ;
#1960 = ADVANCED_FACE ( 'NONE', ( #1380 ), #1101, .T. ) ;
#1961 = ORIENTED_EDGE ( 'NONE', *, *, #2765, .F. ) ;
#1962 = ORIENTED_EDGE ( 'NONE', *, *, #329, .T. ) ;
#1963 = ORIENTED_EDGE ( 'NONE', *, *, #279, .T. ) ;
#1964 = ORIENTED_EDGE ( 'NONE', *, *, #1357, .F. ) ;
#1965 = CARTESIAN_POINT ( 'NONE',  ( 32.50000000000000000, 112.0823004018341891, 0.000000000000000000 ) ) ;
#1966 = DIRECTION ( 'NONE',  ( 0.000000000000000000, 0.000000000000000000, 1.000000000000000000 ) ) ;
#1967 = CARTESIAN_POINT ( 'NONE',  ( -39.33540605864460105, 129.0823004018477889, 2.000000000000000000 ) ) ;
#1968 = DIRECTION ( 'NONE',  ( -1.000000000000000000, 0.000000000000000000, 0.000000000000000000 ) ) ;
#1969 = CARTESIAN_POINT ( 'NONE',  ( 7.105388598431692238, 96.13230040183420044, 0.000000000000000000 ) ) ;
#1970 = CARTESIAN_POINT ( 'NONE',  ( -26.98012445080043875, 106.1919633355151689, 0.000000000000000000 ) ) ;
#1971 = CARTESIAN_POINT ( 'NONE',  ( 30.05244944963773790, 87.84217512019861829, 0.000000000000000000 ) ) ;
#1972 = VERTEX_POINT ( 'NONE', #3120 ) ;
#1973 = ORIENTED_EDGE ( 'NONE', *, *, #1197, .T. ) ;
#1974 = VERTEX_POINT ( 'NONE', #323 ) ;
#1975 = EDGE_LOOP ( 'NONE', ( #1241, #2374, #2134, #2515 ) ) ;
#1976 = LINE ( 'NONE', #966, #3005 ) ;
#1977 = ORIENTED_EDGE ( 'NONE', *, *, #1721, .T. ) ;
#1978 = FACE_OUTER_BOUND ( 'NONE', #55, .T. ) ;
#1979 = EDGE_CURVE ( 'NONE', #2764, #500, #657, .T. ) ;
#1980 = CARTESIAN_POINT ( 'NONE',  ( 17.25000000000343547, 134.3178181612026378, 0.000000000000000000 ) ) ;
#1981 = FILL_AREA_STYLE ('',( #1411 ) ) ;
#1982 = VECTOR ( 'NONE', #216, 1000.000000000000000 ) ;
#1983 = EDGE_CURVE ( 'NONE', #2135, #1575, #2381, .T. ) ;
#1984 = DIRECTION ( 'NONE',  ( -0.000000000000000000, -0.000000000000000000, -1.000000000000000000 ) ) ;
#1985 = CARTESIAN_POINT ( 'NONE',  ( 0.000000000000000000, 0.000000000000000000, 0.000000000000000000 ) ) ;
#1986 = CARTESIAN_POINT ( 'NONE',  ( 35.60000000000685816, 93.92431119012407237, 2.000000000000000000 ) ) ;
#1987 = ORIENTED_EDGE ( 'NONE', *, *, #1477, .F. ) ;
#1988 = ORIENTED_EDGE ( 'NONE', *, *, #289, .T. ) ;
#1989 = EDGE_LOOP ( 'NONE', ( #2470, #2064, #2981, #57 ) ) ;
#1990 = EDGE_CURVE ( 'NONE', #136, #861, #1394, .T. ) ;
#1991 = CARTESIAN_POINT ( 'NONE',  ( -19.68824215689207691, 78.76333675382034016, 2.000000000000000000 ) ) ;
#1992 = FACE_OUTER_BOUND ( 'NONE', #2454, .T. ) ;
#1993 = ORIENTED_EDGE ( 'NONE', *, *, #676, .T. ) ;
#1994 = CARTESIAN_POINT ( 'NONE',  ( -9.532154356696715070, 83.76333675382034016, 0.000000000000000000 ) ) ;
#1995 = LINE ( 'NONE', #13, #537 ) ;
#1996 = CARTESIAN_POINT ( 'NONE',  ( -24.59266344559429740, 127.9436729868903058, 2.000000000000000000 ) ) ;
#1997 = AXIS2_PLACEMENT_3D ( 'NONE', #2972, #2707, #2444 ) ;
#1998 = FACE_OUTER_BOUND ( 'NONE', #2992, .T. ) ;
#1999 = CIRCLE ( 'NONE', #443, 1.550000000000002709 ) ;
#2000 = ORIENTED_EDGE ( 'NONE', *, *, #90, .F. ) ;
#2001 = ORIENTED_EDGE ( 'NONE', *, *, #989, .T. ) ;
#2002 = EDGE_CURVE ( 'NONE', #2701, #2257, #889, .T. ) ;
#2003 = VERTEX_POINT ( 'NONE', #3085 ) ;
#2004 = ORIENTED_EDGE ( 'NONE', *, *, #3157, .T. ) ;
#2005 = AXIS2_PLACEMENT_3D ( 'NONE', #600, #143, #866 ) ;
#2006 = CARTESIAN_POINT ( 'NONE',  ( 26.98012445080729549, 127.9436729868903058, 0.000000000000000000 ) ) ;
#2007 = LINE ( 'NONE', #998, #1521 ) ;
#2008 = EDGE_LOOP ( 'NONE', ( #2331, #3094, #3239, #1434 ) ) ;
#2009 = AXIS2_PLACEMENT_3D ( 'NONE', #830, #2392, #1633 ) ;
#2010 = EDGE_CURVE ( 'NONE', #2667, #2236, #1082, .T. ) ;
#2011 = DIRECTION ( 'NONE',  ( -0.000000000000000000, -0.000000000000000000, -1.000000000000000000 ) ) ;
#2012 = DIRECTION ( 'NONE',  ( -0.000000000000000000, -0.000000000000000000, -1.000000000000000000 ) ) ;
#2013 = DIRECTION ( 'NONE',  ( -0.000000000000000000, -0.000000000000000000, -1.000000000000000000 ) ) ;
#2014 = EDGE_CURVE ( 'NONE', #2581, #2239, #2362, .T. ) ;
#2015 = LINE ( 'NONE', #31, #1025 ) ;
#2016 = DIRECTION ( 'NONE',  ( 0.7071067811865507924, 0.7071067811865441310, -0.000000000000000000 ) ) ;
#2017 = AXIS2_PLACEMENT_3D ( 'NONE', #1552, #2541, #2699 ) ;
#2018 = SURFACE_STYLE_FILL_AREA ( #1758 ) ;
#2019 = ORIENTED_EDGE ( 'NONE', *, *, #1785, .F. ) ;
#2020 = ORIENTED_EDGE ( 'NONE', *, *, #2831, .F. ) ;
#2021 = CARTESIAN_POINT ( 'NONE',  ( 7.105388598431692238, 96.13230040183420044, 0.000000000000000000 ) ) ;
#2022 = DIRECTION ( 'NONE',  ( -1.000000000000000000, 0.000000000000000000, 0.000000000000000000 ) ) ;
#2023 = ORIENTED_EDGE ( 'NONE', *, *, #337, .T. ) ;
#2024 = VECTOR ( 'NONE', #524, 1000.000000000000000 ) ;
#2025 = DIRECTION ( 'NONE',  ( -3.190045295344660920E-16, -1.000000000000000000, 0.000000000000000000 ) ) ;
#2026 = LINE ( 'NONE', #1800, #2219 ) ;
#2027 = CARTESIAN_POINT ( 'NONE',  ( 17.25000000000343192, 99.81781816120273731, 0.000000000000000000 ) ) ;
#2028 = EDGE_CURVE ( 'NONE', #1267, #1448, #2113, .T. ) ;
#2029 = AXIS2_PLACEMENT_3D ( 'NONE', #1985, #2811, #2530 ) ;
#2030 = DIRECTION ( 'NONE',  ( 0.6696623166039908925, 0.7426657267711875843, 0.000000000000000000 ) ) ;
#2031 = DIRECTION ( 'NONE',  ( -0.000000000000000000, -0.000000000000000000, -1.000000000000000000 ) ) ;
#2032 = FACE_OUTER_BOUND ( 'NONE', #324, .T. ) ;
#2033 = VECTOR ( 'NONE', #1364, 1000.000000000000227 ) ;
#2034 = VECTOR ( 'NONE', #355, 1000.000000000000000 ) ;
#2035 = EDGE_CURVE ( 'NONE', #1307, #1267, #130, .T. ) ;
#2036 = VERTEX_POINT ( 'NONE', #1884 ) ;
#2037 = CARTESIAN_POINT ( 'NONE',  ( -46.17081211728913814, 101.1668134670513410, 2.000000000000000000 ) ) ;
#2038 = CARTESIAN_POINT ( 'NONE',  ( -35.60000000000000853, 116.5823004018341891, 2.000000000000000000 ) ) ;
#2039 = ORIENTED_EDGE ( 'NONE', *, *, #2283, .F. ) ;
#2040 = VERTEX_POINT ( 'NONE', #1937 ) ;
#2041 = CARTESIAN_POINT ( 'NONE',  ( 32.47241721684582672, 137.5823004018477889, 0.000000000000000000 ) ) ;
#2042 = FACE_BOUND ( 'NONE', #1975, .T. ) ;
#2043 = DIRECTION ( 'NONE',  ( -0.000000000000000000, -0.000000000000000000, -1.000000000000000000 ) ) ;
#2044 = DIRECTION ( 'NONE',  ( -0.000000000000000000, -0.000000000000000000, -1.000000000000000000 ) ) ;
#2045 = DIRECTION ( 'NONE',  ( -1.000000000000000000, 0.000000000000000000, 0.000000000000000000 ) ) ;
#2046 = EDGE_CURVE ( 'NONE', #2244, #1483, #2945, .T. ) ;
#2047 = CARTESIAN_POINT ( 'NONE',  ( 9.761471208207279204, 133.5914907953926729, 2.000000000000000000 ) ) ;
#2048 = VERTEX_POINT ( 'NONE', #706 ) ;
#2049 = VECTOR ( 'NONE', #683, 1000.000000000000227 ) ;
#2050 = VECTOR ( 'NONE', #1068, 1000.000000000000000 ) ;
#2051 = EDGE_CURVE ( 'NONE', #2271, #2896, #689, .T. ) ;
#2052 = CARTESIAN_POINT ( 'NONE',  ( 40.88456140769485359, 101.1668134670513410, 0.000000000000000000 ) ) ;
#2053 = CARTESIAN_POINT ( 'NONE',  ( 25.24553725175961105, 142.6567856531697771, 0.000000000000000000 ) ) ;
#2054 = EDGE_LOOP ( 'NONE', ( #515, #3164, #2067, #3147 ) ) ;
#2055 = VERTEX_POINT ( 'NONE', #162 ) ;
#2056 = CARTESIAN_POINT ( 'NONE',  ( 14.53215435670362510, 78.76333675382034016, 0.000000000000000000 ) ) ;
#2057 = CIRCLE ( 'NONE', #1179, 5.000000000001669775 ) ;
#2058 = CARTESIAN_POINT ( 'NONE',  ( 15.03215435670921707, 144.0823004018477889, 2.000000000000000000 ) ) ;
#2059 = DIRECTION ( 'NONE',  ( 0.6696623166039911146, -0.7426657267711873622, 0.000000000000000000 ) ) ;
#2060 = CARTESIAN_POINT ( 'NONE',  ( -22.20520244038815960, 127.9436729868903058, 0.000000000000000000 ) ) ;
#2061 = DIRECTION ( 'NONE',  ( -1.000000000000000000, 0.000000000000000000, 0.000000000000000000 ) ) ;
#2062 = ORIENTED_EDGE ( 'NONE', *, *, #234, .F. ) ;
#2063 = CARTESIAN_POINT ( 'NONE',  ( -9.532154356696707964, 138.5823004018388076, 2.000000000000000000 ) ) ;
#2064 = ORIENTED_EDGE ( 'NONE', *, *, #2790, .F. ) ;
#2065 = ORIENTED_EDGE ( 'NONE', *, *, #625, .F. ) ;
#2066 = ORIENTED_EDGE ( 'NONE', *, *, #1037, .T. ) ;
#2067 = ORIENTED_EDGE ( 'NONE', *, *, #2393, .F. ) ;
#2068 = DIRECTION ( 'NONE',  ( 1.000000000000000000, 0.000000000000000000, 0.000000000000000000 ) ) ;
#2069 = LINE ( 'NONE', #77, #2071 ) ;
#2070 = MANIFOLD_SOLID_BREP ( '凸台-拉伸1', #1216 ) ;
#2071 = VECTOR ( 'NONE', #634, 1000.000000000000227 ) ;
#2072 = ADVANCED_FACE ( 'NONE', ( #226 ), #1427, .T. ) ;
#2073 = LINE ( 'NONE', #2111, #1725 ) ;
#2074 = LINE ( 'NONE', #833, #2855 ) ;
#2075 = CARTESIAN_POINT ( 'NONE',  ( -9.761471208204316241, 90.33902131693520232, 2.000000000000000000 ) ) ;
#2076 = ORIENTED_EDGE ( 'NONE', *, *, #994, .T. ) ;
#2077 = VECTOR ( 'NONE', #773, 1000.000000000000000 ) ;
#2078 = AXIS2_PLACEMENT_3D ( 'NONE', #2944, #2167, #1637 ) ;
#2079 = DIRECTION ( 'NONE',  ( 0.000000000000000000, 0.000000000000000000, 1.000000000000000000 ) ) ;
#2080 = ORIENTED_EDGE ( 'NONE', *, *, #2318, .F. ) ;
#2081 = VERTEX_POINT ( 'NONE', #1674 ) ;
#2082 = ORIENTED_EDGE ( 'NONE', *, *, #337, .F. ) ;
#2083 = EDGE_CURVE ( 'NONE', #175, #976, #3192, .T. ) ;
#2084 = ORIENTED_EDGE ( 'NONE', *, *, #2099, .F. ) ;
#2085 = DIRECTION ( 'NONE',  ( 0.6696623166039908925, -0.7426657267711875843, 0.000000000000000000 ) ) ;
#2086 = ORIENTED_EDGE ( 'NONE', *, *, #1941, .F. ) ;
#2087 = DIRECTION ( 'NONE',  ( 0.000000000000000000, 0.000000000000000000, 1.000000000000000000 ) ) ;
#2088 = CYLINDRICAL_SURFACE ( 'NONE', #1698, 2.750000000000016431 ) ;
#2089 = CARTESIAN_POINT ( 'NONE',  ( -17.12762315017051762, 120.2825954816071885, 2.000000000000000000 ) ) ;
#2090 = LINE ( 'NONE', #3051, #2050 ) ;
#2091 = CIRCLE ( 'NONE', #2520, 2.750000000000016431 ) ;
#2092 = FACE_OUTER_BOUND ( 'NONE', #1008, .T. ) ;
#2093 = EDGE_CURVE ( 'NONE', #645, #1256, #1398, .T. ) ;
#2094 = CIRCLE ( 'NONE', #2157, 2.750000000000016431 ) ;
#2095 = FACE_OUTER_BOUND ( 'NONE', #1240, .T. ) ;
#2096 = EDGE_LOOP ( 'NONE', ( #2880, #2828 ) ) ;
#2097 = VECTOR ( 'NONE', #1616, 1000.000000000000000 ) ;
#2098 = DIRECTION ( 'NONE',  ( 0.5735764363510529318, -0.8191520442889870246, -0.000000000000000000 ) ) ;
#2099 = EDGE_CURVE ( 'NONE', #2040, #418, #181, .T. ) ;
#2100 = ORIENTED_EDGE ( 'NONE', *, *, #2051, .T. ) ;
#2101 = EDGE_LOOP ( 'NONE', ( #612, #358, #3184, #3163 ) ) ;
#2102 = VERTEX_POINT ( 'NONE', #986 ) ;
#2103 = VECTOR ( 'NONE', #41, 1000.000000000000000 ) ;
#2104 = ORIENTED_EDGE ( 'NONE', *, *, #2495, .F. ) ;
#2105 = DIRECTION ( 'NONE',  ( 0.000000000000000000, 0.000000000000000000, 1.000000000000000000 ) ) ;
#2106 = VERTEX_POINT ( 'NONE', #1235 ) ;
#2107 = CARTESIAN_POINT ( 'NONE',  ( -46.17081211728943657, 130.6950461228504423, 0.000000000000000000 ) ) ;
#2108 = EDGE_CURVE ( 'NONE', #1162, #2735, #479, .T. ) ;
#2109 = DIRECTION ( 'NONE',  ( -3.486719507811715005E-13, -1.000000000000000000, 0.000000000000000000 ) ) ;
#2110 = AXIS2_PLACEMENT_3D ( 'NONE', #3159, #855, #1344 ) ;
#2111 = CARTESIAN_POINT ( 'NONE',  ( -42.34290007529275357, 136.3303120668069255, 2.000000000000000000 ) ) ;
#2112 = LINE ( 'NONE', #621, #952 ) ;
#2113 = LINE ( 'NONE', #871, #2461 ) ;
#2114 = DIRECTION ( 'NONE',  ( -0.6696623166039908925, -0.7426657267711875843, -0.000000000000000000 ) ) ;
#2115 = FACE_OUTER_BOUND ( 'NONE', #1229, .T. ) ;
#2116 = CARTESIAN_POINT ( 'NONE',  ( -35.60000000000000142, 93.92431119012407237, 2.000000000000000000 ) ) ;
#2117 = ORIENTED_EDGE ( 'NONE', *, *, #2727, .T. ) ;
#2118 = ORIENTED_EDGE ( 'NONE', *, *, #3121, .T. ) ;
#2119 = ORIENTED_EDGE ( 'NONE', *, *, #1333, .T. ) ;
#2120 = CARTESIAN_POINT ( 'NONE',  ( -11.50605608741131469, 126.5169991276554384, 0.000000000000000000 ) ) ;
#2121 = ORIENTED_EDGE ( 'NONE', *, *, #3117, .T. ) ;
#2122 = CARTESIAN_POINT ( 'NONE',  ( -30.05244944963087761, 87.84217512019861829, 2.000000000000000000 ) ) ;
#2123 = EDGE_CURVE ( 'NONE', #861, #1010, #2232, .T. ) ;
#2124 = FACE_OUTER_BOUND ( 'NONE', #2531, .T. ) ;
#2125 = LINE ( 'NONE', #619, #2097 ) ;
#2126 = EDGE_CURVE ( 'NONE', #3213, #1570, #3021, .T. ) ;
#2127 = CYLINDRICAL_SURFACE ( 'NONE', #3200, 1.550000000000002709 ) ;
#2128 = EDGE_CURVE ( 'NONE', #1872, #2238, #1953, .T. ) ;
#2129 = DIRECTION ( 'NONE',  ( -0.000000000000000000, -0.000000000000000000, -1.000000000000000000 ) ) ;
#2130 = VECTOR ( 'NONE', #2249, 1000.000000000000000 ) ;
#2131 = PLANE ( 'NONE',  #757 ) ;
#2132 = CARTESIAN_POINT ( 'NONE',  ( -24.44780011388687058, 142.8677883841247933, 0.000000000000000000 ) ) ;
#2133 = DIRECTION ( 'NONE',  ( 0.8772078659390111222, -0.4801107788153958222, 0.000000000000000000 ) ) ;
#2134 = ORIENTED_EDGE ( 'NONE', *, *, #3057, .F. ) ;
#2135 = VERTEX_POINT ( 'NONE', #737 ) ;
#2136 = EDGE_LOOP ( 'NONE', ( #2208, #68, #2954, #2966 ) ) ;
#2137 = ORIENTED_EDGE ( 'NONE', *, *, #1039, .F. ) ;
#2138 = VECTOR ( 'NONE', #1446, 1000.000000000000000 ) ;
#2139 = VECTOR ( 'NONE', #1312, 1000.000000000000000 ) ;
#2140 = CARTESIAN_POINT ( 'NONE',  ( 7.105388598431692238, 96.13230040183420044, 2.000000000000000000 ) ) ;
#2141 = EDGE_CURVE ( 'NONE', #84, #912, #1222, .T. ) ;
#2142 = ORIENTED_EDGE ( 'NONE', *, *, #688, .F. ) ;
#2143 = CARTESIAN_POINT ( 'NONE',  ( -32.32526394615118193, 142.5823004018494657, 0.000000000000000000 ) ) ;
#2144 = LINE ( 'NONE', #1814, #2549 ) ;
#2145 = DIRECTION ( 'NONE',  ( 3.486719507811714500E-13, 1.000000000000000000, -0.000000000000000000 ) ) ;
#2146 = ADVANCED_FACE ( 'NONE', ( #410 ), #3175, .T. ) ;
#2147 = CARTESIAN_POINT ( 'NONE',  ( 22.20520244039502700, 127.9436729868903058, 2.000000000000000000 ) ) ;
#2148 = DIRECTION ( 'NONE',  ( -1.000000000000000000, 0.000000000000000000, 0.000000000000000000 ) ) ;
#2149 = ADVANCED_FACE ( 'NONE', ( #256 ), #554, .F. ) ;
#2150 = DIRECTION ( 'NONE',  ( -1.000000000000000000, -5.859406962295182171E-15, 0.000000000000000000 ) ) ;
#2151 = ADVANCED_FACE ( 'NONE', ( #1504 ), #1491, .T. ) ;
#2152 = DIRECTION ( 'NONE',  ( -0.7496023329919390132, -0.6618884667170460423, 0.000000000000000000 ) ) ;
#2153 = CARTESIAN_POINT ( 'NONE',  ( 39.03345774170641391, 137.5823004018478173, 0.000000000000000000 ) ) ;
#2154 = ORIENTED_EDGE ( 'NONE', *, *, #2383, .F. ) ;
#2155 = EDGE_LOOP ( 'NONE', ( #726, #2732, #246, #1945 ) ) ;
#2156 = ORIENTED_EDGE ( 'NONE', *, *, #2971, .T. ) ;
#2157 = AXIS2_PLACEMENT_3D ( 'NONE', #2179, #1147, #2904 ) ;
#2158 = ORIENTED_EDGE ( 'NONE', *, *, #1807, .T. ) ;
#2159 = ADVANCED_FACE ( 'NONE', ( #241 ), #1520, .T. ) ;
#2160 = AXIS2_PLACEMENT_3D ( 'NONE', #2411, #459, #424 ) ;
#2161 = CARTESIAN_POINT ( 'NONE',  ( 40.88456140769485359, 101.1668134670513410, 0.000000000000000000 ) ) ;
#2162 = ORIENTED_EDGE ( 'NONE', *, *, #1290, .F. ) ;
#2163 = DIRECTION ( 'NONE',  ( 0.5735764363510529318, -0.8191520442889870246, -0.000000000000000000 ) ) ;
#2164 = VECTOR ( 'NONE', #2939, 1000.000000000000000 ) ;
#2165 = VECTOR ( 'NONE', #1355, 1000.000000000000114 ) ;
#2166 = CARTESIAN_POINT ( 'NONE',  ( 7.105388598431692238, 96.13230040183420044, 2.000000000000000000 ) ) ;
#2167 = DIRECTION ( 'NONE',  ( 0.000000000000000000, 0.000000000000000000, 1.000000000000000000 ) ) ;
#2168 = CARTESIAN_POINT ( 'NONE',  ( -17.12762315017051762, 120.2825954816071885, 2.000000000000000000 ) ) ;
#2169 = AXIS2_PLACEMENT_3D ( 'NONE', #2338, #1881, #653 ) ;
#2170 = CYLINDRICAL_SURFACE ( 'NONE', #1475, 2.750000000000016431 ) ;
#2171 = CARTESIAN_POINT ( 'NONE',  ( 41.17081211728928736, 130.6950461228504423, 2.000000000000000000 ) ) ;
#2172 = LINE ( 'NONE', #2116, #841 ) ;
#2173 = ORIENTED_EDGE ( 'NONE', *, *, #2971, .F. ) ;
#2174 = ORIENTED_EDGE ( 'NONE', *, *, #1766, .F. ) ;
#2175 = VERTEX_POINT ( 'NONE', #1738 ) ;
#2176 = ORIENTED_EDGE ( 'NONE', *, *, #814, .F. ) ;
#2177 = FACE_OUTER_BOUND ( 'NONE', #2545, .T. ) ;
#2178 = VERTEX_POINT ( 'NONE', #540 ) ;
#2179 = CARTESIAN_POINT ( 'NONE',  ( -17.24999999999657518, 134.3178181612026378, 0.000000000000000000 ) ) ;
#2180 = VECTOR ( 'NONE', #1567, 1000.000000000000000 ) ;
#2181 = DIRECTION ( 'NONE',  ( -0.000000000000000000, -0.000000000000000000, -1.000000000000000000 ) ) ;
#2182 = DIRECTION ( 'NONE',  ( -1.000000000000000000, 0.000000000000000000, 0.000000000000000000 ) ) ;
#2183 = CARTESIAN_POINT ( 'NONE',  ( 39.03345774170643523, 132.5823004018477889, 2.000000000000000000 ) ) ;
#2184 = EDGE_CURVE ( 'NONE', #2081, #1090, #1815, .T. ) ;
#2185 = CARTESIAN_POINT ( 'NONE',  ( -11.50605608741131469, 126.5169991276554384, 2.000000000000000000 ) ) ;
#2186 = FACE_OUTER_BOUND ( 'NONE', #1227, .T. ) ;
#2187 = CARTESIAN_POINT ( 'NONE',  ( 32.47241721684582672, 137.5823004018477889, 2.000000000000000000 ) ) ;
#2188 = EDGE_LOOP ( 'NONE', ( #1512, #1159 ) ) ;
#2189 = EDGE_LOOP ( 'NONE', ( #1821, #1226, #2599, #2117 ) ) ;
#2190 = VERTEX_POINT ( 'NONE', #14 ) ;
#2191 = ORIENTED_EDGE ( 'NONE', *, *, #510, .F. ) ;
#2192 = DIRECTION ( 'NONE',  ( 1.000000000000000000, 0.000000000000000000, -0.000000000000000000 ) ) ;
#2193 = FACE_OUTER_BOUND ( 'NONE', #1059, .T. ) ;
#2194 = ADVANCED_FACE ( 'NONE', ( #1018 ), #1310, .T. ) ;
#2195 = AXIS2_PLACEMENT_3D ( 'NONE', #1852, #2079, #2329 ) ;
#2196 = VECTOR ( 'NONE', #1848, 1000.000000000000000 ) ;
#2197 = AXIS2_PLACEMENT_3D ( 'NONE', #1673, #3155, #937 ) ;
#2198 = PLANE ( 'NONE',  #1165 ) ;
#2199 = CARTESIAN_POINT ( 'NONE',  ( -36.58540605864457973, 104.0823004018205893, 2.000000000000000000 ) ) ;
#2200 =( LENGTH_UNIT ( ) NAMED_UNIT ( * ) SI_UNIT ( .MILLI., .METRE. ) );
#2201 = EDGE_CURVE ( 'NONE', #2439, #1484, #1247, .T. ) ;
#2202 = ADVANCED_FACE ( 'NONE', ( #2744 ), #770, .F. ) ;
#2203 = LINE ( 'NONE', #3193, #3044 ) ;
#2204 = LINE ( 'NONE', #1190, #884 ) ;
#2205 = CARTESIAN_POINT ( 'NONE',  ( 26.98012445079971044, 106.1919633355151689, 2.000000000000000000 ) ) ;
#2206 = VERTEX_POINT ( 'NONE', #2774 ) ;
#2207 = ORIENTED_EDGE ( 'NONE', *, *, #1642, .T. ) ;
#2208 = ORIENTED_EDGE ( 'NONE', *, *, #2126, .F. ) ;
#2209 = EDGE_LOOP ( 'NONE', ( #139, #3216, #2755, #1009 ) ) ;
#2210 = AXIS2_PLACEMENT_3D ( 'NONE', #1058, #1809, #2243 ) ;
#2211 = EDGE_CURVE ( 'NONE', #2178, #1123, #496, .T. ) ;
#2212 = DIRECTION ( 'NONE',  ( -0.000000000000000000, -0.000000000000000000, -1.000000000000000000 ) ) ;
#2213 = LINE ( 'NONE', #967, #791 ) ;
#2214 = VECTOR ( 'NONE', #1223, 1000.000000000000000 ) ;
#2215 = FACE_OUTER_BOUND ( 'NONE', #25, .T. ) ;
#2216 = EDGE_CURVE ( 'NONE', #1256, #1496, #1279, .T. ) ;
#2217 = DIRECTION ( 'NONE',  ( -0.9523787920374706673, -0.3049174256700461494, 0.000000000000000000 ) ) ;
#2218 = SURFACE_STYLE_FILL_AREA ( #1981 ) ;
#2219 = VECTOR ( 'NONE', #44, 1000.000000000000000 ) ;
#2220 = DIRECTION ( 'NONE',  ( -1.000000000000000000, 0.000000000000000000, 0.000000000000000000 ) ) ;
#2221 = DIRECTION ( 'NONE',  ( 0.000000000000000000, -1.000000000000000000, 0.000000000000000000 ) ) ;
#2222 = AXIS2_PLACEMENT_3D ( 'NONE', #1412, #2414, #377 ) ;
#2223 = VERTEX_POINT ( 'NONE', #3065 ) ;
#2224 = ORIENTED_EDGE ( 'NONE', *, *, #488, .F. ) ;
#2225 = ORIENTED_EDGE ( 'NONE', *, *, #3055, .F. ) ;
#2226 = ORIENTED_EDGE ( 'NONE', *, *, #2566, .F. ) ;
#2227 = EDGE_CURVE ( 'NONE', #2370, #1142, #2494, .T. ) ;
#2228 = CARTESIAN_POINT ( 'NONE',  ( -24.59266344559429740, 127.9436729868903058, 0.000000000000000000 ) ) ;
#2229 = EDGE_CURVE ( 'NONE', #2718, #83, #1294, .T. ) ;
#2230 = LINE ( 'NONE', #1754, #490 ) ;
#2231 = DIRECTION ( 'NONE',  ( -1.000000000000000000, 0.000000000000000000, 0.000000000000000000 ) ) ;
#2232 = LINE ( 'NONE', #2168, #771 ) ;
#2233 = EDGE_CURVE ( 'NONE', #2731, #3070, #1536, .T. ) ;
#2234 = PLANE ( 'NONE',  #2300 ) ;
#2235 = CARTESIAN_POINT ( 'NONE',  ( -15.03215435670235678, 144.0823004018477889, 2.000000000000000000 ) ) ;
#2236 = VERTEX_POINT ( 'NONE', #2280 ) ;
#2237 = EDGE_LOOP ( 'NONE', ( #2598, #2313, #1873, #1944 ) ) ;
#2238 = VERTEX_POINT ( 'NONE', #30 ) ;
#2239 = VERTEX_POINT ( 'NONE', #509 ) ;
#2240 = PRESENTATION_LAYER_ASSIGNMENT (  '', '', ( #1660 ) ) ;
#2241 = DIRECTION ( 'NONE',  ( 1.000000000000000000, 0.000000000000000000, 0.000000000000000000 ) ) ;
#2242 = EDGE_CURVE ( 'NONE', #3038, #1715, #2397, .T. ) ;
#2243 = DIRECTION ( 'NONE',  ( 1.000000000000000000, 0.000000000000000000, 0.000000000000000000 ) ) ;
#2244 = VERTEX_POINT ( 'NONE', #1801 ) ;
#2245 = DIRECTION ( 'NONE',  ( -1.000000000000000000, 0.000000000000000000, 0.000000000000000000 ) ) ;
#2246 = PRODUCT_DEFINITION_FORMATION_WITH_SPECIFIED_SOURCE ( '任何', '', #2670, .NOT_KNOWN. ) ;
#2247 = FACE_OUTER_BOUND ( 'NONE', #72, .T. ) ;
#2248 = AXIS2_PLACEMENT_3D ( 'NONE', #1804, #51, #278 ) ;
#2249 = DIRECTION ( 'NONE',  ( 1.000000000000000000, 5.859406962295182171E-15, 0.000000000000000000 ) ) ;
#2250 = EDGE_CURVE ( 'NONE', #3070, #98, #1033, .T. ) ;
#2251 = CARTESIAN_POINT ( 'NONE',  ( 35.60000000000000853, 116.5823004018341891, 2.000000000000000000 ) ) ;
#2252 = CARTESIAN_POINT ( 'NONE',  ( -26.98012445080043165, 127.9436729868903058, 0.000000000000000000 ) ) ;
#2253 = ORIENTED_EDGE ( 'NONE', *, *, #2922, .T. ) ;
#2254 = ORIENTED_EDGE ( 'NONE', *, *, #40, .F. ) ;
#2255 = EDGE_CURVE ( 'NONE', #2257, #806, #2806, .T. ) ;
#2256 = ORIENTED_EDGE ( 'NONE', *, *, #3189, .F. ) ;
#2257 = VERTEX_POINT ( 'NONE', #2377 ) ;
#2258 = LINE ( 'NONE', #2063, #907 ) ;
#2259 = DIRECTION ( 'NONE',  ( -0.000000000000000000, -0.000000000000000000, -1.000000000000000000 ) ) ;
#2260 = VERTEX_POINT ( 'NONE', #108 ) ;
#2261 = ADVANCED_FACE ( 'NONE', ( #2622 ), #1615, .T. ) ;
#2262 = LINE ( 'NONE', #272, #2690 ) ;
#2263 = CARTESIAN_POINT ( 'NONE',  ( 42.49643136551288336, 96.13230040183420044, 2.000000000000000000 ) ) ;
#2264 = DIRECTION ( 'NONE',  ( 0.000000000000000000, -0.000000000000000000, 1.000000000000000000 ) ) ;
#2265 = VECTOR ( 'NONE', #2958, 1000.000000000000000 ) ;
#2266 = DIRECTION ( 'NONE',  ( 0.7426657267711875843, -0.6696623166039908925, 0.000000000000000000 ) ) ;
#2267 = CIRCLE ( 'NONE', #114, 5.000000000000135891 ) ;
#2268 = CARTESIAN_POINT ( 'NONE',  ( 42.08540605864461526, 104.0823004018205893, 0.000000000000000000 ) ) ;
#2269 = VECTOR ( 'NONE', #456, 1000.000000000000000 ) ;
#2270 = SURFACE_STYLE_USAGE ( .BOTH. , #558 ) ;
#2271 = VERTEX_POINT ( 'NONE', #369 ) ;
#2272 = VERTEX_POINT ( 'NONE', #2322 ) ;
#2273 = AXIS2_PLACEMENT_3D ( 'NONE', #394, #338, #2345 ) ;
#2274 = DIRECTION ( 'NONE',  ( -0.000000000000000000, -0.000000000000000000, -1.000000000000000000 ) ) ;
#2275 = CARTESIAN_POINT ( 'NONE',  ( -34.05000000000000426, 116.5823004018341891, 0.000000000000000000 ) ) ;
#2276 = EDGE_LOOP ( 'NONE', ( #3020, #253, #1874, #3183 ) ) ;
#2277 = VECTOR ( 'NONE', #2212, 1000.000000000000000 ) ;
#2278 = CARTESIAN_POINT ( 'NONE',  ( 11.50605608741817321, 126.5169991276554384, 0.000000000000000000 ) ) ;
#2279 = CARTESIAN_POINT ( 'NONE',  ( -36.58540605864457973, 129.0823004018477889, 2.000000000000000000 ) ) ;
#2280 = CARTESIAN_POINT ( 'NONE',  ( 19.68824215689894075, 78.76333675382034016, 2.000000000000000000 ) ) ;
#2281 = DIRECTION ( 'NONE',  ( 0.000000000000000000, 0.000000000000000000, 1.000000000000000000 ) ) ;
#2282 = CARTESIAN_POINT ( 'NONE',  ( 9.532154356703573583, 138.5823004018388076, 2.000000000000000000 ) ) ;
#2283 = EDGE_CURVE ( 'NONE', #2600, #1575, #2144, .T. ) ;
#2284 = DIRECTION ( 'NONE',  ( -0.000000000000000000, -0.000000000000000000, -1.000000000000000000 ) ) ;
#2285 = AXIS2_PLACEMENT_3D ( 'NONE', #1282, #2311, #1788 ) ;
#2286 = VERTEX_POINT ( 'NONE', #1098 ) ;
#2287 = DIRECTION ( 'NONE',  ( 1.000000000000000000, 0.000000000000000000, 0.000000000000000000 ) ) ;
#2288 = DIRECTION ( 'NONE',  ( 0.000000000000000000, -0.000000000000000000, -1.000000000000000000 ) ) ;
#2289 = ORIENTED_EDGE ( 'NONE', *, *, #1543, .T. ) ;
#2290 = EDGE_CURVE ( 'NONE', #1046, #2175, #1842, .T. ) ;
#2291 = LINE ( 'NONE', #3246, #535 ) ;
#2292 = DIRECTION ( 'NONE',  ( -0.000000000000000000, -0.000000000000000000, -1.000000000000000000 ) ) ;
#2293 = CARTESIAN_POINT ( 'NONE',  ( -21.13835778030055579, 139.1197767191638377, 2.000000000000000000 ) ) ;
#2294 = DIRECTION ( 'NONE',  ( -0.000000000000000000, -0.000000000000000000, -1.000000000000000000 ) ) ;
#2295 = FACE_OUTER_BOUND ( 'NONE', #81, .T. ) ;
#2296 = ADVANCED_FACE ( 'NONE', ( #1565 ), #3116, .F. ) ;
#2297 = DIRECTION ( 'NONE',  ( -1.000000000000000000, -0.000000000000000000, -0.000000000000000000 ) ) ;
#2298 = VECTOR ( 'NONE', #1155, 1000.000000000000227 ) ;
#2299 = VECTOR ( 'NONE', #555, 1000.000000000000000 ) ;
#2300 = AXIS2_PLACEMENT_3D ( 'NONE', #1463, #3237, #3226 ) ;
#2301 = ORIENTED_EDGE ( 'NONE', *, *, #2201, .F. ) ;
#2302 = FACE_BOUND ( 'NONE', #1612, .T. ) ;
#2303 = ORIENTED_EDGE ( 'NONE', *, *, #1133, .F. ) ;
#2304 = DIRECTION ( 'NONE',  ( 0.000000000000000000, 0.000000000000000000, 1.000000000000000000 ) ) ;
#2305 = ORIENTED_EDGE ( 'NONE', *, *, #2443, .F. ) ;
#2306 = ORIENTED_EDGE ( 'NONE', *, *, #2733, .T. ) ;
#2307 = DIRECTION ( 'NONE',  ( 0.000000000000000000, -0.000000000000000000, -1.000000000000000000 ) ) ;
#2308 = DIRECTION ( 'NONE',  ( -1.000000000000000000, 0.000000000000000000, 0.000000000000000000 ) ) ;
#2309 = DIRECTION ( 'NONE',  ( 0.000000000000000000, 0.000000000000000000, 1.000000000000000000 ) ) ;
#2310 = AXIS2_PLACEMENT_3D ( 'NONE', #2928, #244, #2729 ) ;
#2311 = DIRECTION ( 'NONE',  ( 0.000000000000000000, 0.000000000000000000, 1.000000000000000000 ) ) ;
#2312 = CARTESIAN_POINT ( 'NONE',  ( 35.60000000000685816, 93.92431119012407237, 2.000000000000000000 ) ) ;
#2313 = ORIENTED_EDGE ( 'NONE', *, *, #818, .F. ) ;
#2314 = DIRECTION ( 'NONE',  ( -0.000000000000000000, -0.000000000000000000, -1.000000000000000000 ) ) ;
#2315 = ORIENTED_EDGE ( 'NONE', *, *, #3247, .F. ) ;
#2316 = ORIENTED_EDGE ( 'NONE', *, *, #758, .T. ) ;
#2317 = ORIENTED_EDGE ( 'NONE', *, *, #1234, .T. ) ;
#2318 = EDGE_CURVE ( 'NONE', #1274, #470, #2069, .T. ) ;
#2319 = VERTEX_POINT ( 'NONE', #1079 ) ;
#2320 = DIRECTION ( 'NONE',  ( -0.000000000000000000, -0.000000000000000000, -1.000000000000000000 ) ) ;
#2321 = VECTOR ( 'NONE', #365, 1000.000000000000227 ) ;
#2322 = CARTESIAN_POINT ( 'NONE',  ( -14.48796389038621868, 84.76333675382035437, 2.000000000000000000 ) ) ;
#2323 = ADVANCED_FACE ( 'NONE', ( #2888 ), #1374, .F. ) ;
#2324 = CARTESIAN_POINT ( 'NONE',  ( -32.50000000000000000, 112.0823004018341891, 2.000000000000000000 ) ) ;
#2325 = CARTESIAN_POINT ( 'NONE',  ( -9.532154356696707964, 138.5823004018388076, 0.000000000000000000 ) ) ;
#2326 = CARTESIAN_POINT ( 'NONE',  ( -17.12762315017051762, 120.2825954816071885, 2.000000000000000000 ) ) ;
#2327 = EDGE_CURVE ( 'NONE', #615, #1046, #177, .T. ) ;
#2328 = EDGE_LOOP ( 'NONE', ( #1449, #1840, #366, #2803 ) ) ;
#2329 = DIRECTION ( 'NONE',  ( 1.000000000000000000, 0.000000000000000000, 0.000000000000000000 ) ) ;
#2330 = ORIENTED_EDGE ( 'NONE', *, *, #2863, .F. ) ;
#2331 = ORIENTED_EDGE ( 'NONE', *, *, #1133, .T. ) ;
#2332 = EDGE_LOOP ( 'NONE', ( #2610, #810 ) ) ;
#2333 = EDGE_CURVE ( 'NONE', #2684, #1645, #1115, .T. ) ;
#2334 = CARTESIAN_POINT ( 'NONE',  ( 7.105388598427811786, 129.7982117104936606, 2.000000000000000000 ) ) ;
#2335 = ORIENTED_EDGE ( 'NONE', *, *, #1919, .F. ) ;
#2336 = DIRECTION ( 'NONE',  ( 1.000000000000000000, -5.809241669051914661E-14, 0.000000000000000000 ) ) ;
#2337 = ADVANCED_FACE ( 'NONE', ( #1132 ), #2604, .F. ) ;
#2338 = CARTESIAN_POINT ( 'NONE',  ( -17.24999999999657518, 134.3178181612026378, 0.000000000000000000 ) ) ;
#2339 = CARTESIAN_POINT ( 'NONE',  ( -26.98012445080043875, 106.1919633355151689, 2.000000000000000000 ) ) ;
#2340 = CARTESIAN_POINT ( 'NONE',  ( -32.50000000000000000, 116.5823004018341891, 2.000000000000000000 ) ) ;
#2341 = PLANE ( 'NONE',  #519 ) ;
#2342 = EDGE_CURVE ( 'NONE', #2564, #2048, #325, .T. ) ;
#2343 = COLOUR_RGB ( '',1.000000000000000000, 1.000000000000000000, 1.000000000000000000 ) ;
#2344 = AXIS2_PLACEMENT_3D ( 'NONE', #659, #2977, #1480 ) ;
#2345 = DIRECTION ( 'NONE',  ( -1.000000000000000000, 0.000000000000000000, 0.000000000000000000 ) ) ;
#2346 = ORIENTED_EDGE ( 'NONE', *, *, #1620, .T. ) ;
#2347 = AXIS2_PLACEMENT_3D ( 'NONE', #1236, #957, #2975 ) ;
#2348 = VECTOR ( 'NONE', #2509, 1000.000000000000000 ) ;
#2349 = DIRECTION ( 'NONE',  ( -0.7496023329919425660, 0.6618884667170421565, -0.000000000000000000 ) ) ;
#2350 = ORIENTED_EDGE ( 'NONE', *, *, #1188, .F. ) ;
#2351 = ORIENTED_EDGE ( 'NONE', *, *, #2014, .T. ) ;
#2352 = EDGE_CURVE ( 'NONE', #1090, #2081, #1069, .T. ) ;
#2353 = ORIENTED_EDGE ( 'NONE', *, *, #825, .F. ) ;
#2354 = ORIENTED_EDGE ( 'NONE', *, *, #1452, .T. ) ;
#2355 = DIRECTION ( 'NONE',  ( 0.000000000000000000, 0.000000000000000000, 1.000000000000000000 ) ) ;
#2356 = ORIENTED_EDGE ( 'NONE', *, *, #3062, .F. ) ;
#2357 = LINE ( 'NONE', #299, #1954 ) ;
#2358 = DIRECTION ( 'NONE',  ( -0.000000000000000000, -0.000000000000000000, -1.000000000000000000 ) ) ;
#2359 = CARTESIAN_POINT ( 'NONE',  ( 9.532154356703573583, 138.5823004018388076, 0.000000000000000000 ) ) ;
#2360 = DIRECTION ( 'NONE',  ( 1.000000000000000000, 0.000000000000000000, 0.000000000000000000 ) ) ;
#2361 = VECTOR ( 'NONE', #3024, 1000.000000000000000 ) ;
#2362 = LINE ( 'NONE', #112, #620 ) ;
#2363 = VECTOR ( 'NONE', #3171, 1000.000000000000000 ) ;
#2364 = FACE_OUTER_BOUND ( 'NONE', #2951, .T. ) ;
#2365 = ORIENTED_EDGE ( 'NONE', *, *, #2746, .T. ) ;
#2366 = ADVANCED_FACE ( 'NONE', ( #2124 ), #2088, .F. ) ;
#2367 = DIRECTION ( 'NONE',  ( -0.000000000000000000, -0.000000000000000000, -1.000000000000000000 ) ) ;
#2368 = CARTESIAN_POINT ( 'NONE',  ( 39.33540605864460105, 129.0823004018477889, 0.000000000000000000 ) ) ;
#2369 = EDGE_LOOP ( 'NONE', ( #840, #157, #105, #2346 ) ) ;
#2370 = VERTEX_POINT ( 'NONE', #349 ) ;
#2371 = VECTOR ( 'NONE', #1232, 1000.000000000000000 ) ;
#2372 = ORIENTED_EDGE ( 'NONE', *, *, #934, .T. ) ;
#2373 = CARTESIAN_POINT ( 'NONE',  ( 14.53215435670362510, 78.76333675382034016, 2.000000000000000000 ) ) ;
#2374 = ORIENTED_EDGE ( 'NONE', *, *, #2233, .F. ) ;
#2375 = DIRECTION ( 'NONE',  ( 1.000000000000000000, 0.000000000000000000, 0.000000000000000000 ) ) ;
#2376 = ADVANCED_FACE ( 'NONE', ( #581 ), #883, .T. ) ;
#2377 = CARTESIAN_POINT ( 'NONE',  ( 21.74938862962032715, 144.0823004018477889, 0.000000000000000000 ) ) ;
#2378 = VECTOR ( 'NONE', #2864, 1000.000000000000000 ) ;
#2379 = CARTESIAN_POINT ( 'NONE',  ( 15.03215435670921707, 144.0823004018477889, 0.000000000000000000 ) ) ;
#2380 = DIRECTION ( 'NONE',  ( -0.000000000000000000, -0.000000000000000000, -1.000000000000000000 ) ) ;
#2381 = LINE ( 'NONE', #2836, #2196 ) ;
#2382 = LINE ( 'NONE', #2893, #649 ) ;
#2383 = EDGE_CURVE ( 'NONE', #2272, #2932, #332, .T. ) ;
#2384 = PLANE ( 'NONE',  #1773 ) ;
#2385 = CARTESIAN_POINT ( 'NONE',  ( 11.50605608741817321, 126.5169991276554384, 2.000000000000000000 ) ) ;
#2386 = ORIENTED_EDGE ( 'NONE', *, *, #2201, .T. ) ;
#2387 = ORIENTED_EDGE ( 'NONE', *, *, #2664, .F. ) ;
#2388 = ORIENTED_EDGE ( 'NONE', *, *, #119, .T. ) ;
#2389 = DIRECTION ( 'NONE',  ( -1.000000000000000000, 0.000000000000000000, 0.000000000000000000 ) ) ;
#2390 = ORIENTED_EDGE ( 'NONE', *, *, #1051, .F. ) ;
#2391 = DIRECTION ( 'NONE',  ( -1.000000000000000000, 0.000000000000000000, 0.000000000000000000 ) ) ;
#2392 = DIRECTION ( 'NONE',  ( 0.000000000000000000, 0.000000000000000000, 1.000000000000000000 ) ) ;
#2393 = EDGE_CURVE ( 'NONE', #1123, #2003, #1640, .T. ) ;
#2394 = DIRECTION ( 'NONE',  ( 2.349918461017167421E-16, 1.000000000000000000, 0.000000000000000000 ) ) ;
#2395 = DIRECTION ( 'NONE',  ( -0.000000000000000000, -0.000000000000000000, -1.000000000000000000 ) ) ;
#2396 = DIRECTION ( 'NONE',  ( 0.000000000000000000, 0.000000000000000000, 1.000000000000000000 ) ) ;
#2397 = CIRCLE ( 'NONE', #3077, 2.750000000000016431 ) ;
#2398 = EDGE_CURVE ( 'NONE', #98, #2669, #1653, .T. ) ;
#2399 = DIRECTION ( 'NONE',  ( 0.000000000000000000, 0.000000000000000000, 1.000000000000000000 ) ) ;
#2400 = DIRECTION ( 'NONE',  ( -0.000000000000000000, -0.000000000000000000, -1.000000000000000000 ) ) ;
#2401 = CARTESIAN_POINT ( 'NONE',  ( -36.58540605864457973, 104.0823004018205893, 0.000000000000000000 ) ) ;
#2402 =( GEOMETRIC_REPRESENTATION_CONTEXT ( 3 ) GLOBAL_UNCERTAINTY_ASSIGNED_CONTEXT ( ( #373 ) ) GLOBAL_UNIT_ASSIGNED_CONTEXT ( ( #1, #1038, #3004 ) ) REPRESENTATION_CONTEXT ( 'NONE', 'WORKASPACE' ) );
#2403 = EDGE_LOOP ( 'NONE', ( #1856, #2330, #876, #514 ) ) ;
#2404 = EDGE_LOOP ( 'NONE', ( #895, #929 ) ) ;
#2405 = ORIENTED_EDGE ( 'NONE', *, *, #1867, .F. ) ;
#2406 = ORIENTED_EDGE ( 'NONE', *, *, #2570, .T. ) ;
#2407 = AXIS2_PLACEMENT_3D ( 'NONE', #583, #1392, #3118 ) ;
#2408 = DIRECTION ( 'NONE',  ( -0.000000000000000000, -0.000000000000000000, -1.000000000000000000 ) ) ;
#2409 = ORIENTED_EDGE ( 'NONE', *, *, #21, .F. ) ;
#2410 = DIRECTION ( 'NONE',  ( -0.000000000000000000, -0.000000000000000000, -1.000000000000000000 ) ) ;
#2411 = CARTESIAN_POINT ( 'NONE',  ( 17.25000000000343547, 134.3178181612026378, 2.000000000000000000 ) ) ;
#2412 = DIRECTION ( 'NONE',  ( -1.000000000000000000, 0.000000000000000000, 0.000000000000000000 ) ) ;
#2413 = CARTESIAN_POINT ( 'NONE',  ( -11.50605608741131469, 107.6186371947500362, 2.000000000000000000 ) ) ;
#2414 = DIRECTION ( 'NONE',  ( 0.000000000000000000, 0.000000000000000000, 1.000000000000000000 ) ) ;
#2415 = FACE_OUTER_BOUND ( 'NONE', #3061, .T. ) ;
#2416 = PLANE ( 'NONE',  #370 ) ;
#2417 = ORIENTED_EDGE ( 'NONE', *, *, #877, .F. ) ;
#2418 = EDGE_LOOP ( 'NONE', ( #3146, #1268, #2719, #2137 ) ) ;
#2419 = ORIENTED_EDGE ( 'NONE', *, *, #238, .T. ) ;
#2420 = ORIENTED_EDGE ( 'NONE', *, *, #1290, .T. ) ;
#2421 = VECTOR ( 'NONE', #2571, 1000.000000000000114 ) ;
#2422 = DIRECTION ( 'NONE',  ( 0.000000000000000000, 0.000000000000000000, 1.000000000000000000 ) ) ;
#2423 = ORIENTED_EDGE ( 'NONE', *, *, #15, .T. ) ;
#2424 = DIRECTION ( 'NONE',  ( -1.000000000000000000, 0.000000000000000000, 0.000000000000000000 ) ) ;
#2425 = ADVANCED_FACE ( 'NONE', ( #902 ), #1899, .F. ) ;
#2426 = AXIS2_PLACEMENT_3D ( 'NONE', #221, #1230, #747 ) ;
#2427 = CYLINDRICAL_SURFACE ( 'NONE', #741, 1.550000000000002709 ) ;
#2428 = CARTESIAN_POINT ( 'NONE',  ( 20.00000000000344968, 99.81781816120273731, 2.000000000000000000 ) ) ;
#2429 = CARTESIAN_POINT ( 'NONE',  ( 17.12762315017737791, 113.8530408407982861, 2.000000000000000000 ) ) ;
#2430 = AXIS2_PLACEMENT_3D ( 'NONE', #1621, #3122, #1154 ) ;
#2431 = AXIS2_PLACEMENT_3D ( 'NONE', #2228, #2422, #1198 ) ;
#2432 = DIRECTION ( 'NONE',  ( -1.000000000000000000, 0.000000000000000000, 0.000000000000000000 ) ) ;
#2433 = EDGE_CURVE ( 'NONE', #20, #2223, #2382, .T. ) ;
#2434 = LINE ( 'NONE', #975, #1875 ) ;
#2435 = DIRECTION ( 'NONE',  ( -0.7071067811865507924, -0.7071067811865441310, 0.000000000000000000 ) ) ;
#2436 = VERTEX_POINT ( 'NONE', #357 ) ;
#2437 = ORIENTED_EDGE ( 'NONE', *, *, #750, .F. ) ;
#2438 = ORIENTED_EDGE ( 'NONE', *, *, #1665, .F. ) ;
#2439 = VERTEX_POINT ( 'NONE', #588 ) ;
#2440 = DIRECTION ( 'NONE',  ( 0.000000000000000000, 1.000000000000000000, 0.000000000000000000 ) ) ;
#2441 = CARTESIAN_POINT ( 'NONE',  ( -17.12762315017051762, 113.8530408407982861, 2.000000000000000000 ) ) ;
#2442 = VECTOR ( 'NONE', #1940, 1000.000000000000000 ) ;
#2443 = EDGE_CURVE ( 'NONE', #930, #3090, #277, .T. ) ;
#2444 = DIRECTION ( 'NONE',  ( 0.7496023329919425660, -0.6618884667170421565, 0.000000000000000000 ) ) ;
#2445 = CARTESIAN_POINT ( 'NONE',  ( -22.20520244038816315, 127.9436729868903058, 2.000000000000000000 ) ) ;
#2446 = CARTESIAN_POINT ( 'NONE',  ( -11.50605608741131469, 107.6186371947500362, 2.000000000000000000 ) ) ;
#2447 = ADVANCED_FACE ( 'NONE', ( #2095 ), #1584, .T. ) ;
#2448 = CARTESIAN_POINT ( 'NONE',  ( 17.25000000000343192, 99.81781816120273731, 2.000000000000000000 ) ) ;
#2449 = DIRECTION ( 'NONE',  ( -0.8191520442889931308, -0.5735764363510443831, 0.000000000000000000 ) ) ;
#2450 = DIRECTION ( 'NONE',  ( -0.5735764363510529318, 0.8191520442889870246, 0.000000000000000000 ) ) ;
#2451 = ORIENTED_EDGE ( 'NONE', *, *, #207, .F. ) ;
#2452 = VERTEX_POINT ( 'NONE', #3086 ) ;
#2453 = EDGE_LOOP ( 'NONE', ( #1892, #2715 ) ) ;
#2454 = EDGE_LOOP ( 'NONE', ( #1347, #3215, #1943, #762 ) ) ;
#2455 = MECHANICAL_DESIGN_GEOMETRIC_PRESENTATION_REPRESENTATION (  '', ( #3138 ), #2507 ) ;
#2456 = EDGE_CURVE ( 'NONE', #534, #1322, #835, .T. ) ;
#2457 = DIRECTION ( 'NONE',  ( 0.000000000000000000, 0.000000000000000000, 1.000000000000000000 ) ) ;
#2458 = LINE ( 'NONE', #206, #2049 ) ;
#2459 = VECTOR ( 'NONE', #379, 1000.000000000000000 ) ;
#2460 = CIRCLE ( 'NONE', #885, 2.750000000000016431 ) ;
#2461 = VECTOR ( 'NONE', #1865, 1000.000000000000000 ) ;
#2462 = LINE ( 'NONE', #1902, #428 ) ;
#2463 = CARTESIAN_POINT ( 'NONE',  ( 39.33540605864460105, 129.0823004018477889, 2.000000000000000000 ) ) ;
#2464 = DIRECTION ( 'NONE',  ( 0.000000000000000000, 0.000000000000000000, 1.000000000000000000 ) ) ;
#2465 = FACE_OUTER_BOUND ( 'NONE', #823, .T. ) ;
#2466 = CARTESIAN_POINT ( 'NONE',  ( 22.20520244040260849, 106.1919633355151689, 0.000000000000000000 ) ) ;
#2467 = LINE ( 'NONE', #525, #1042 ) ;
#2468 = ORIENTED_EDGE ( 'NONE', *, *, #2733, .F. ) ;
#2469 = EDGE_LOOP ( 'NONE', ( #1859, #2651, #1269, #1662 ) ) ;
#2470 = ORIENTED_EDGE ( 'NONE', *, *, #1311, .T. ) ;
#2471 = VERTEX_POINT ( 'NONE', #658 ) ;
#2472 = ADVANCED_FACE ( 'NONE', ( #3105 ), #2856, .T. ) ;
#2473 = LINE ( 'NONE', #1929, #2838 ) ;
#2474 = VECTOR ( 'NONE', #933, 1000.000000000000000 ) ;
#2475 = EDGE_CURVE ( 'NONE', #53, #1010, #2647, .T. ) ;
#2476 = ADVANCED_FACE ( 'NONE', ( #624 ), #1887, .T. ) ;
#2477 = DIRECTION ( 'NONE',  ( 0.000000000000000000, 0.000000000000000000, 1.000000000000000000 ) ) ;
#2478 = CARTESIAN_POINT ( 'NONE',  ( 40.88456140769485359, 101.1668134670513410, 2.000000000000000000 ) ) ;
#2479 = DIRECTION ( 'NONE',  ( 1.000000000000000000, 5.859406962295182171E-15, 0.000000000000000000 ) ) ;
#2480 = CIRCLE ( 'NONE', #375, 2.387461005198550534 ) ;
#2481 = AXIS2_PLACEMENT_3D ( 'NONE', #1690, #445, #240 ) ;
#2482 = DIRECTION ( 'NONE',  ( -0.000000000000000000, -0.000000000000000000, -1.000000000000000000 ) ) ;
#2483 = CARTESIAN_POINT ( 'NONE',  ( 36.58540605864457973, 104.0823004018205893, 2.000000000000000000 ) ) ;
#2484 = ORIENTED_EDGE ( 'NONE', *, *, #1051, .T. ) ;
#2485 = ORIENTED_EDGE ( 'NONE', *, *, #1711, .F. ) ;
#2486 = ORIENTED_EDGE ( 'NONE', *, *, #1748, .T. ) ;
#2487 = ORIENTED_EDGE ( 'NONE', *, *, #1652, .T. ) ;
#2488 = DIRECTION ( 'NONE',  ( 1.000000000000000000, 0.000000000000000000, 0.000000000000000000 ) ) ;
#2489 = ORIENTED_EDGE ( 'NONE', *, *, #1309, .T. ) ;
#2490 = ADVANCED_FACE ( 'NONE', ( #414 ), #1907, .F. ) ;
#2491 = FACE_OUTER_BOUND ( 'NONE', #1400, .T. ) ;
#2492 = CARTESIAN_POINT ( 'NONE',  ( -36.58540605864457973, 129.0823004018477889, 2.000000000000000000 ) ) ;
#2493 = ADVANCED_FACE ( 'NONE', ( #2364 ), #2131, .F. ) ;
#2494 = LINE ( 'NONE', #1249, #2130 ) ;
#2495 = EDGE_CURVE ( 'NONE', #1495, #1366, #17, .T. ) ;
#2496 = DIRECTION ( 'NONE',  ( -1.000000000000000000, 0.000000000000000000, 0.000000000000000000 ) ) ;
#2497 =( NAMED_UNIT ( * ) PLANE_ANGLE_UNIT ( ) SI_UNIT ( $, .RADIAN. ) );
#2498 = EDGE_CURVE ( 'NONE', #1570, #2829, #1657, .T. ) ;
#2499 = ORIENTED_EDGE ( 'NONE', *, *, #2333, .T. ) ;
#2500 = ORIENTED_EDGE ( 'NONE', *, *, #3123, .F. ) ;
#2501 = ORIENTED_EDGE ( 'NONE', *, *, #146, .T. ) ;
#2502 = ORIENTED_EDGE ( 'NONE', *, *, #284, .F. ) ;
#2503 = AXIS2_PLACEMENT_3D ( 'NONE', #2413, #2925, #2264 ) ;
#2504 = PLANE ( 'NONE',  #1838 ) ;
#2505 = LINE ( 'NONE', #518, #1683 ) ;
#2506 = ORIENTED_EDGE ( 'NONE', *, *, #758, .F. ) ;
#2507 =( GEOMETRIC_REPRESENTATION_CONTEXT ( 3 ) GLOBAL_UNCERTAINTY_ASSIGNED_CONTEXT ( ( #2868 ) ) GLOBAL_UNIT_ASSIGNED_CONTEXT ( ( #1805, #2497, #3056 ) ) REPRESENTATION_CONTEXT ( 'NONE', 'WORKASPACE' ) );
#2508 = CARTESIAN_POINT ( 'NONE',  ( -26.98012445080043165, 127.9436729868903058, 2.000000000000000000 ) ) ;
#2509 = DIRECTION ( 'NONE',  ( -0.000000000000000000, -0.000000000000000000, -1.000000000000000000 ) ) ;
#2510 = VECTOR ( 'NONE', #1554, 1000.000000000000000 ) ;
#2511 = VECTOR ( 'NONE', #180, 1000.000000000000000 ) ;
#2512 = DIRECTION ( 'NONE',  ( 0.000000000000000000, -0.000000000000000000, -1.000000000000000000 ) ) ;
#2513 = DIRECTION ( 'NONE',  ( 1.541976423090493661E-15, 1.000000000000000000, -0.000000000000000000 ) ) ;
#2514 = DIRECTION ( 'NONE',  ( -1.000000000000000000, -5.809241669051914661E-14, 0.000000000000000000 ) ) ;
#2515 = ORIENTED_EDGE ( 'NONE', *, *, #2398, .F. ) ;
#2516 = ORIENTED_EDGE ( 'NONE', *, *, #1183, .T. ) ;
#2517 = CARTESIAN_POINT ( 'NONE',  ( -14.48796389038621868, 84.76333675382035437, 0.000000000000000000 ) ) ;
#2518 = CARTESIAN_POINT ( 'NONE',  ( 9.532154356703573583, 83.76333675382034016, 2.000000000000000000 ) ) ;
#2519 = ORIENTED_EDGE ( 'NONE', *, *, #1089, .F. ) ;
#2520 = AXIS2_PLACEMENT_3D ( 'NONE', #1617, #129, #1409 ) ;
#2521 = VECTOR ( 'NONE', #944, 1000.000000000000000 ) ;
#2522 = DIRECTION ( 'NONE',  ( -1.000000000000000000, 0.000000000000000000, 0.000000000000000000 ) ) ;
#2523 = ADVANCED_FACE ( 'NONE', ( #1361 ), #3142, .T. ) ;
#2524 = FACE_BOUND ( 'NONE', #1467, .T. ) ;
#2525 = DIRECTION ( 'NONE',  ( 1.000000000000000000, 3.485124485164042114E-13, -0.000000000000000000 ) ) ;
#2526 = CARTESIAN_POINT ( 'NONE',  ( 20.00000000000345324, 134.3178181612026378, 2.000000000000000000 ) ) ;
#2527 = DIRECTION ( 'NONE',  ( -0.000000000000000000, -0.000000000000000000, -1.000000000000000000 ) ) ;
#2528 = CIRCLE ( 'NONE', #65, 2.750000000000016431 ) ;
#2529 = LINE ( 'NONE', #1266, #730 ) ;
#2530 = DIRECTION ( 'NONE',  ( 1.000000000000000000, 0.000000000000000000, 0.000000000000000000 ) ) ;
#2531 = EDGE_LOOP ( 'NONE', ( #1734, #1418, #1088, #1175 ) ) ;
#2532 = EDGE_CURVE ( 'NONE', #995, #1765, #1122, .T. ) ;
#2533 = VECTOR ( 'NONE', #1916, 1000.000000000000000 ) ;
#2534 = FACE_BOUND ( 'NONE', #2848, .T. ) ;
#2535 = FACE_OUTER_BOUND ( 'NONE', #2155, .T. ) ;
#2536 = ORIENTED_EDGE ( 'NONE', *, *, #1114, .T. ) ;
#2537 = PLANE ( 'NONE',  #1479 ) ;
#2538 = EDGE_CURVE ( 'NONE', #808, #2102, #3225, .T. ) ;
#2539 = FACE_BOUND ( 'NONE', #628, .T. ) ;
#2540 = DIRECTION ( 'NONE',  ( 0.000000000000000000, 0.000000000000000000, 1.000000000000000000 ) ) ;
#2541 = DIRECTION ( 'NONE',  ( 0.000000000000000000, 0.000000000000000000, 1.000000000000000000 ) ) ;
#2542 = DIRECTION ( 'NONE',  ( 0.000000000000000000, 0.000000000000000000, 1.000000000000000000 ) ) ;
#2543 = DIRECTION ( 'NONE',  ( 1.000000000000000000, 0.000000000000000000, 0.000000000000000000 ) ) ;
#2544 = EDGE_CURVE ( 'NONE', #912, #1702, #1382, .T. ) ;
#2545 = EDGE_LOOP ( 'NONE', ( #1181, #3181, #122, #2983 ) ) ;
#2546 = CARTESIAN_POINT ( 'NONE',  ( -44.48025445087380092, 134.4430577878113695, 2.000000000000000000 ) ) ;
#2547 = CARTESIAN_POINT ( 'NONE',  ( -42.34290007529290278, 136.3303120668070960, 2.000000000000000000 ) ) ;
#2548 = ORIENTED_EDGE ( 'NONE', *, *, #2318, .T. ) ;
#2549 = VECTOR ( 'NONE', #127, 1000.000000000000000 ) ;
#2550 = EDGE_CURVE ( 'NONE', #1146, #53, #2884, .T. ) ;
#2551 = ORIENTED_EDGE ( 'NONE', *, *, #744, .T. ) ;
#2552 = CARTESIAN_POINT ( 'NONE',  ( 25.24553725175961105, 142.6567856531697771, 2.000000000000000000 ) ) ;
#2553 = FACE_BOUND ( 'NONE', #1176, .T. ) ;
#2554 = CARTESIAN_POINT ( 'NONE',  ( 17.23796389038623644, 84.76333675382035437, 2.000000000000000000 ) ) ;
#2555 = DIRECTION ( 'NONE',  ( -0.000000000000000000, -0.000000000000000000, -1.000000000000000000 ) ) ;
#2556 = CARTESIAN_POINT ( 'NONE',  ( -35.60000000000000142, 93.92431119012407237, 2.000000000000000000 ) ) ;
#2557 = LINE ( 'NONE', #1004, #887 ) ;
#2558 = CIRCLE ( 'NONE', #1301, 2.750000000000016431 ) ;
#2559 = AXIS2_PLACEMENT_3D ( 'NONE', #1818, #1757, #2760 ) ;
#2560 = EDGE_CURVE ( 'NONE', #422, #1228, #1371, .T. ) ;
#2561 = ORIENTED_EDGE ( 'NONE', *, *, #2035, .F. ) ;
#2562 = FACE_BOUND ( 'NONE', #3073, .T. ) ;
#2563 = EDGE_LOOP ( 'NONE', ( #2681, #2305 ) ) ;
#2564 = VERTEX_POINT ( 'NONE', #1666 ) ;
#2565 = ORIENTED_EDGE ( 'NONE', *, *, #3049, .T. ) ;
#2566 = EDGE_CURVE ( 'NONE', #101, #1487, #1896, .T. ) ;
#2567 = ORIENTED_EDGE ( 'NONE', *, *, #2532, .T. ) ;
#2568 = LINE ( 'NONE', #2849, #2165 ) ;
#2569 = DIRECTION ( 'NONE',  ( 0.000000000000000000, 0.000000000000000000, 1.000000000000000000 ) ) ;
#2570 = EDGE_CURVE ( 'NONE', #418, #1142, #1404, .T. ) ;
#2571 = DIRECTION ( 'NONE',  ( 0.7071067811865507924, -0.7071067811865441310, 0.000000000000000000 ) ) ;
#2572 = VECTOR ( 'NONE', #3179, 1000.000000000000000 ) ;
#2573 = CARTESIAN_POINT ( 'NONE',  ( 17.12762315017737791, 113.8530408407982861, 0.000000000000000000 ) ) ;
#2574 = CARTESIAN_POINT ( 'NONE',  ( -17.12762315017051762, 113.8530408407982861, 0.000000000000000000 ) ) ;
#2575 = VECTOR ( 'NONE', #1117, 1000.000000000000000 ) ;
#2576 = CIRCLE ( 'NONE', #2431, 2.387461005206134690 ) ;
#2577 = EDGE_CURVE ( 'NONE', #1095, #2896, #1610, .T. ) ;
#2578 = ORIENTED_EDGE ( 'NONE', *, *, #3071, .T. ) ;
#2579 = AXIS2_PLACEMENT_3D ( 'NONE', #3115, #2336, #60 ) ;
#2580 = DIRECTION ( 'NONE',  ( 0.000000000000000000, -0.000000000000000000, 1.000000000000000000 ) ) ;
#2581 = VERTEX_POINT ( 'NONE', #402 ) ;
#2582 = ORIENTED_EDGE ( 'NONE', *, *, #2108, .T. ) ;
#2583 = ORIENTED_EDGE ( 'NONE', *, *, #102, .F. ) ;
#2584 = ORIENTED_EDGE ( 'NONE', *, *, #408, .T. ) ;
#2585 = LINE ( 'NONE', #2656, #797 ) ;
#2586 = CIRCLE ( 'NONE', #1534, 1.550000000000002709 ) ;
#2587 = EDGE_CURVE ( 'NONE', #2739, #2135, #1905, .T. ) ;
#2588 = DIRECTION ( 'NONE',  ( 1.000000000000000000, 1.541976423090493661E-15, -0.000000000000000000 ) ) ;
#2589 = CARTESIAN_POINT ( 'NONE',  ( -11.50605608741131469, 107.6186371947500362, 0.000000000000000000 ) ) ;
#2590 = DIRECTION ( 'NONE',  ( 1.000000000000000000, 0.000000000000000000, 0.000000000000000000 ) ) ;
#2591 = DIRECTION ( 'NONE',  ( 0.000000000000000000, -0.000000000000000000, 1.000000000000000000 ) ) ;
#2592 = EDGE_CURVE ( 'NONE', #1335, #3092, #2601, .T. ) ;
#2593 = AXIS2_PLACEMENT_3D ( 'NONE', #63, #1035, #556 ) ;
#2594 = DIRECTION ( 'NONE',  ( 1.541976423090493661E-15, 1.000000000000000000, -0.000000000000000000 ) ) ;
#2595 = EDGE_LOOP ( 'NONE', ( #1299, #186, #2316, #963 ) ) ;
#2596 = EDGE_CURVE ( 'NONE', #418, #1972, #1649, .T. ) ;
#2597 = LINE ( 'NONE', #340, #3028 ) ;
#2598 = ORIENTED_EDGE ( 'NONE', *, *, #2797, .T. ) ;
#2599 = ORIENTED_EDGE ( 'NONE', *, *, #941, .T. ) ;
#2600 = VERTEX_POINT ( 'NONE', #1351 ) ;
#2601 = LINE ( 'NONE', #3093, #1752 ) ;
#2602 = VERTEX_POINT ( 'NONE', #1839 ) ;
#2603 = CARTESIAN_POINT ( 'NONE',  ( 39.33540605864460105, 129.0823004018477889, 2.000000000000000000 ) ) ;
#2604 = CYLINDRICAL_SURFACE ( 'NONE', #384, 2.750000000000016431 ) ;
#2605 = CARTESIAN_POINT ( 'NONE',  ( 9.761471208207264993, 135.5914907953926729, 2.000000000000000000 ) ) ;
#2606 = DIRECTION ( 'NONE',  ( 0.3049174256700462049, 0.9523787920374707783, -0.000000000000000000 ) ) ;
#2607 = DIRECTION ( 'NONE',  ( -0.000000000000000000, -0.000000000000000000, -1.000000000000000000 ) ) ;
#2608 = AXIS2_PLACEMENT_3D ( 'NONE', #1334, #1396, #1086 ) ;
#2609 = DIRECTION ( 'NONE',  ( 3.486719507811714500E-13, 1.000000000000000000, -0.000000000000000000 ) ) ;
#2610 = ORIENTED_EDGE ( 'NONE', *, *, #1505, .T. ) ;
#2611 = AXIS2_PLACEMENT_3D ( 'NONE', #3137, #853, #1904 ) ;
#2612 = AXIS2_PLACEMENT_3D ( 'NONE', #2625, #1883, #2890 ) ;
#2613 = EDGE_CURVE ( 'NONE', #860, #534, #2586, .T. ) ;
#2614 = DIRECTION ( 'NONE',  ( 0.000000000000000000, 0.000000000000000000, 1.000000000000000000 ) ) ;
#2615 = FACE_OUTER_BOUND ( 'NONE', #2469, .T. ) ;
#2616 = ORIENTED_EDGE ( 'NONE', *, *, #1830, .T. ) ;
#2617 = VERTEX_POINT ( 'NONE', #3149 ) ;
#2618 = ORIENTED_EDGE ( 'NONE', *, *, #2613, .T. ) ;
#2619 = DIRECTION ( 'NONE',  ( -1.000000000000000000, 0.000000000000000000, 0.000000000000000000 ) ) ;
#2620 = ORIENTED_EDGE ( 'NONE', *, *, #1037, .F. ) ;
#2621 = CARTESIAN_POINT ( 'NONE',  ( 34.05000000000000426, 116.5823004018341891, 0.000000000000000000 ) ) ;
#2622 = FACE_OUTER_BOUND ( 'NONE', #611, .T. ) ;
#2623 = EDGE_CURVE ( 'NONE', #3230, #20, #596, .T. ) ;
#2624 = CARTESIAN_POINT ( 'NONE',  ( 9.532154356703573583, 83.76333675382034016, 0.000000000000000000 ) ) ;
#2625 = CARTESIAN_POINT ( 'NONE',  ( -24.59266344560188955, 106.1919633355151689, 0.000000000000000000 ) ) ;
#2626 = CIRCLE ( 'NONE', #684, 2.750000000000016431 ) ;
#2627 = DIRECTION ( 'NONE',  ( -0.7522112549463451092, -0.6589220196138876329, 0.000000000000000000 ) ) ;
#2628 = VECTOR ( 'NONE', #184, 1000.000000000000000 ) ;
#2629 = DIRECTION ( 'NONE',  ( -0.000000000000000000, -0.000000000000000000, -1.000000000000000000 ) ) ;
#2630 = LINE ( 'NONE', #150, #2298 ) ;
#2631 = CARTESIAN_POINT ( 'NONE',  ( 26.98012445079971044, 106.1919633355151689, 0.000000000000000000 ) ) ;
#2632 = EDGE_LOOP ( 'NONE', ( #202, #2405, #2225, #2121 ) ) ;
#2633 = EDGE_LOOP ( 'NONE', ( #1385, #878 ) ) ;
#2634 = EDGE_CURVE ( 'NONE', #439, #1158, #543, .T. ) ;
#2635 = AXIS2_PLACEMENT_3D ( 'NONE', #317, #2320, #1078 ) ;
#2636 = ORIENTED_EDGE ( 'NONE', *, *, #728, .F. ) ;
#2637 = CIRCLE ( 'NONE', #3053, 5.286250709601127085 ) ;
#2638 = LINE ( 'NONE', #421, #1799 ) ;
#2639 = ORIENTED_EDGE ( 'NONE', *, *, #2002, .T. ) ;
#2640 = CARTESIAN_POINT ( 'NONE',  ( -22.20520244038816315, 127.9436729868903058, 2.000000000000000000 ) ) ;
#2641 = CARTESIAN_POINT ( 'NONE',  ( -42.08540605864461526, 104.0823004018205893, 2.000000000000000000 ) ) ;
#2642 = AXIS2_PLACEMENT_3D ( 'NONE', #909, #2399, #1849 ) ;
#2643 = ADVANCED_FACE ( 'NONE', ( #3113 ), #156, .F. ) ;
#2644 = CARTESIAN_POINT ( 'NONE',  ( 19.98796389038625065, 84.76333675382035437, 0.000000000000000000 ) ) ;
#2645 = DIRECTION ( 'NONE',  ( -0.4801107788153963218, 0.8772078659390107891, 0.000000000000000000 ) ) ;
#2646 = DIRECTION ( 'NONE',  ( -1.000000000000000000, 8.673617379884027583E-16, 0.000000000000000000 ) ) ;
#2647 = LINE ( 'NONE', #2876, #441 ) ;
#2648 = DIRECTION ( 'NONE',  ( -1.000000000000000000, -0.000000000000000000, -0.000000000000000000 ) ) ;
#2649 = CYLINDRICAL_SURFACE ( 'NONE', #265, 2.750000000000016431 ) ;
#2650 = ORIENTED_EDGE ( 'NONE', *, *, #1568, .F. ) ;
#2651 = ORIENTED_EDGE ( 'NONE', *, *, #744, .F. ) ;
#2652 = VERTEX_POINT ( 'NONE', #1092 ) ;
#2653 = ORIENTED_EDGE ( 'NONE', *, *, #1851, .T. ) ;
#2654 = CARTESIAN_POINT ( 'NONE',  ( -19.98796389038625065, 84.76333675382035437, 2.000000000000000000 ) ) ;
#2655 = ORIENTED_EDGE ( 'NONE', *, *, #3080, .T. ) ;
#2656 = CARTESIAN_POINT ( 'NONE',  ( -15.03215435670235678, 144.0823004018477889, 2.000000000000000000 ) ) ;
#2657 = DIRECTION ( 'NONE',  ( 0.000000000000000000, 0.000000000000000000, 1.000000000000000000 ) ) ;
#2658 = LINE ( 'NONE', #372, #2936 ) ;
#2659 = DIRECTION ( 'NONE',  ( -1.000000000000000000, -8.530141109966444224E-15, 0.000000000000000000 ) ) ;
#2660 = AXIS2_PLACEMENT_3D ( 'NONE', #1996, #801, #756 ) ;
#2661 = CARTESIAN_POINT ( 'NONE',  ( -21.74938862961784736, 144.0823004018477889, 2.000000000000000000 ) ) ;
#2662 = CARTESIAN_POINT ( 'NONE',  ( -17.12762315017051762, 113.8530408407982861, 2.000000000000000000 ) ) ;
#2663 = DIRECTION ( 'NONE',  ( -0.000000000000000000, -0.000000000000000000, -1.000000000000000000 ) ) ;
#2664 = EDGE_CURVE ( 'NONE', #232, #859, #614, .T. ) ;
#2665 = ORIENTED_EDGE ( 'NONE', *, *, #3049, .F. ) ;
#2666 = ORIENTED_EDGE ( 'NONE', *, *, #2676, .F. ) ;
#2667 = VERTEX_POINT ( 'NONE', #2373 ) ;
#2668 = VECTOR ( 'NONE', #557, 1000.000000000000000 ) ;
#2669 = VERTEX_POINT ( 'NONE', #123 ) ;
#2670 = PRODUCT ( '[云台板]G-port云台结构', '[云台板]G-port云台结构', '', ( #1743 ) ) ;
#2671 = CARTESIAN_POINT ( 'NONE',  ( -17.12762315017051762, 113.8530408407982861, 0.000000000000000000 ) ) ;
#2672 = ORIENTED_EDGE ( 'NONE', *, *, #2532, .F. ) ;
#2673 = CARTESIAN_POINT ( 'NONE',  ( -9.761471208204316241, 90.33902131693520232, 0.000000000000000000 ) ) ;
#2674 = CARTESIAN_POINT ( 'NONE',  ( -32.32526394615118193, 137.5823004018477889, 2.000000000000000000 ) ) ;
#2675 = LINE ( 'NONE', #1393, #1670 ) ;
#2676 = EDGE_CURVE ( 'NONE', #2236, #914, #2638, .T. ) ;
#2677 = DIRECTION ( 'NONE',  ( -0.7522112549463451092, 0.6589220196138876329, 0.000000000000000000 ) ) ;
#2678 = CIRCLE ( 'NONE', #1221, 5.000000000001676881 ) ;
#2679 = CARTESIAN_POINT ( 'NONE',  ( 39.03345774170641391, 137.5823004018478173, 2.000000000000000000 ) ) ;
#2680 = DIRECTION ( 'NONE',  ( 8.530141109966445801E-15, -1.000000000000000000, 0.000000000000000000 ) ) ;
#2681 = ORIENTED_EDGE ( 'NONE', *, *, #512, .F. ) ;
#2682 = VERTEX_POINT ( 'NONE', #3129 ) ;
#2683 = ORIENTED_EDGE ( 'NONE', *, *, #599, .T. ) ;
#2684 = VERTEX_POINT ( 'NONE', #880 ) ;
#2685 = ADVANCED_FACE ( 'NONE', ( #631 ), #1877, .F. ) ;
#2686 = VECTOR ( 'NONE', #1654, 1000.000000000000114 ) ;
#2687 = CARTESIAN_POINT ( 'NONE',  ( -15.03215435670235678, 144.0823004018477889, 2.000000000000000000 ) ) ;
#2688 = ORIENTED_EDGE ( 'NONE', *, *, #113, .F. ) ;
#2689 = DIRECTION ( 'NONE',  ( 0.000000000000000000, 0.000000000000000000, 1.000000000000000000 ) ) ;
#2690 = VECTOR ( 'NONE', #2756, 1000.000000000000000 ) ;
#2691 = AXIS2_PLACEMENT_3D ( 'NONE', #1470, #1703, #205 ) ;
#2692 = CARTESIAN_POINT ( 'NONE',  ( -14.49999999999655742, 134.3178181612026378, 2.000000000000000000 ) ) ;
#2693 = EDGE_CURVE ( 'NONE', #1466, #629, #138, .T. ) ;
#2694 = DIRECTION ( 'NONE',  ( -1.000000000000000000, 0.000000000000000000, 0.000000000000000000 ) ) ;
#2695 = SURFACE_STYLE_USAGE ( .BOTH. , #1443 ) ;
#2696 = FACE_OUTER_BOUND ( 'NONE', #1989, .T. ) ;
#2697 = EDGE_CURVE ( 'NONE', #87, #2257, #2057, .T. ) ;
#2698 = LINE ( 'NONE', #465, #2874 ) ;
#2699 = DIRECTION ( 'NONE',  ( 1.000000000000000000, 0.000000000000000000, 0.000000000000000000 ) ) ;
#2700 = ORIENTED_EDGE ( 'NONE', *, *, #2433, .F. ) ;
#2701 = VERTEX_POINT ( 'NONE', #2982 ) ;
#2702 = VERTEX_POINT ( 'NONE', #715 ) ;
#2703 = ORIENTED_EDGE ( 'NONE', *, *, #1813, .T. ) ;
#2704 = CARTESIAN_POINT ( 'NONE',  ( -42.08540605864461526, 129.0823004018477889, 2.000000000000000000 ) ) ;
#2705 = DIRECTION ( 'NONE',  ( -0.000000000000000000, -0.000000000000000000, -1.000000000000000000 ) ) ;
#2706 = AXIS2_PLACEMENT_3D ( 'NONE', #3035, #2542, #2045 ) ;
#2707 = DIRECTION ( 'NONE',  ( -0.6618884667170421565, -0.7496023329919425660, 0.000000000000000000 ) ) ;
#2708 = FACE_OUTER_BOUND ( 'NONE', #3229, .T. ) ;
#2709 =( NAMED_UNIT ( * ) SI_UNIT ( $, .STERADIAN. ) SOLID_ANGLE_UNIT ( ) );
#2710 = EDGE_CURVE ( 'NONE', #1466, #101, #1976, .T. ) ;
#2711 = AXIS2_PLACEMENT_3D ( 'NONE', #2293, #2013, #2308 ) ;
#2712 = DIRECTION ( 'NONE',  ( -1.000000000000000000, 0.000000000000000000, 0.000000000000000000 ) ) ;
#2713 = CYLINDRICAL_SURFACE ( 'NONE', #411, 2.750000000000016431 ) ;
#2714 = DIRECTION ( 'NONE',  ( -1.000000000000000000, 0.000000000000000000, 0.000000000000000000 ) ) ;
#2715 = ORIENTED_EDGE ( 'NONE', *, *, #2717, .T. ) ;
#2716 = VERTEX_POINT ( 'NONE', #1420 ) ;
#2717 = EDGE_CURVE ( 'NONE', #2055, #2716, #1582, .T. ) ;
#2718 = VERTEX_POINT ( 'NONE', #2969 ) ;
#2719 = ORIENTED_EDGE ( 'NONE', *, *, #2290, .T. ) ;
#2720 = EDGE_CURVE ( 'NONE', #2682, #572, #438, .T. ) ;
#2721 = LINE ( 'NONE', #931, #2277 ) ;
#2722 = CARTESIAN_POINT ( 'NONE',  ( 17.12762315017737791, 113.8530408407982861, 2.000000000000000000 ) ) ;
#2723 = VECTOR ( 'NONE', #802, 1000.000000000000000 ) ;
#2724 = VECTOR ( 'NONE', #2513, 1000.000000000000000 ) ;
#2725 = CARTESIAN_POINT ( 'NONE',  ( -46.17081211728913814, 101.1668134670513410, 2.000000000000000000 ) ) ;
#2726 = CARTESIAN_POINT ( 'NONE',  ( -19.98796389038625065, 84.76333675382035437, 2.000000000000000000 ) ) ;
#2727 = EDGE_CURVE ( 'NONE', #204, #1091, #1999, .T. ) ;
#2728 = DIRECTION ( 'NONE',  ( 0.000000000000000000, 0.000000000000000000, 1.000000000000000000 ) ) ;
#2729 = DIRECTION ( 'NONE',  ( -1.000000000000000000, 0.000000000000000000, 0.000000000000000000 ) ) ;
#2730 = CARTESIAN_POINT ( 'NONE',  ( -44.48025445087380092, 134.4430577878113695, 0.000000000000000000 ) ) ;
#2731 = VERTEX_POINT ( 'NONE', #489 ) ;
#2732 = ORIENTED_EDGE ( 'NONE', *, *, #2943, .F. ) ;
#2733 = EDGE_CURVE ( 'NONE', #1259, #2471, #2473, .T. ) ;
#2734 = ORIENTED_EDGE ( 'NONE', *, *, #141, .T. ) ;
#2735 = VERTEX_POINT ( 'NONE', #174 ) ;
#2736 = DIRECTION ( 'NONE',  ( -0.000000000000000000, -0.000000000000000000, -1.000000000000000000 ) ) ;
#2737 = AXIS2_PLACEMENT_3D ( 'NONE', #988, #3209, #2677 ) ;
#2738 = EDGE_CURVE ( 'NONE', #501, #3242, #2576, .T. ) ;
#2739 = VERTEX_POINT ( 'NONE', #1486 ) ;
#2740 = ADVANCED_FACE ( 'NONE', ( #2177 ), #3186, .T. ) ;
#2741 = DIRECTION ( 'NONE',  ( -1.000000000000000000, 0.000000000000000000, 0.000000000000000000 ) ) ;
#2742 = VECTOR ( 'NONE', #1383, 1000.000000000000000 ) ;
#2743 = PLANE ( 'NONE',  #2481 ) ;
#2744 = FACE_OUTER_BOUND ( 'NONE', #1402, .T. ) ;
#2745 = AXIS2_PLACEMENT_3D ( 'NONE', #904, #2657, #407 ) ;
#2746 = EDGE_CURVE ( 'NONE', #3230, #1587, #2721, .T. ) ;
#2747 = CARTESIAN_POINT ( 'NONE',  ( 14.50000000000341593, 99.81781816120273731, 0.000000000000000000 ) ) ;
#2748 = VECTOR ( 'NONE', #899, 1000.000000000000000 ) ;
#2749 = VERTEX_POINT ( 'NONE', #1965 ) ;
#2750 = ORIENTED_EDGE ( 'NONE', *, *, #2227, .T. ) ;
#2751 = ORIENTED_EDGE ( 'NONE', *, *, #3012, .F. ) ;
#2752 = ORIENTED_EDGE ( 'NONE', *, *, #1164, .T. ) ;
#2753 = FACE_OUTER_BOUND ( 'NONE', #2237, .T. ) ;
#2754 = PLANE ( 'NONE',  #789 ) ;
#2755 = ORIENTED_EDGE ( 'NONE', *, *, #2433, .T. ) ;
#2756 = DIRECTION ( 'NONE',  ( -0.000000000000000000, -0.000000000000000000, -1.000000000000000000 ) ) ;
#2757 = CIRCLE ( 'NONE', #2285, 2.750000000000016431 ) ;
#2758 = CARTESIAN_POINT ( 'NONE',  ( -39.33540605864460105, 104.0823004018205893, 0.000000000000000000 ) ) ;
#2759 = DIRECTION ( 'NONE',  ( -0.000000000000000000, 1.000000000000000000, -0.000000000000000000 ) ) ;
#2760 = DIRECTION ( 'NONE',  ( -1.000000000000000000, 0.000000000000000000, 0.000000000000000000 ) ) ;
#2761 = CARTESIAN_POINT ( 'NONE',  ( -7.105388598424831059, 96.13230040183420044, 2.000000000000000000 ) ) ;
#2762 = ORIENTED_EDGE ( 'NONE', *, *, #528, .F. ) ;
#2763 = EDGE_LOOP ( 'NONE', ( #485, #1776 ) ) ;
#2764 = VERTEX_POINT ( 'NONE', #2687 ) ;
#2765 = EDGE_CURVE ( 'NONE', #1974, #1450, #1321, .T. ) ;
#2766 = DIRECTION ( 'NONE',  ( 0.000000000000000000, -1.000000000000000000, 0.000000000000000000 ) ) ;
#2767 = PLANE ( 'NONE',  #1622 ) ;
#2768 = ORIENTED_EDGE ( 'NONE', *, *, #2255, .T. ) ;
#2769 = DIRECTION ( 'NONE',  ( 0.000000000000000000, 0.000000000000000000, 1.000000000000000000 ) ) ;
#2770 = CIRCLE ( 'NONE', #1724, 5.000000000001655565 ) ;
#2771 = FACE_BOUND ( 'NONE', #1318, .T. ) ;
#2772 = VECTOR ( 'NONE', #96, 1000.000000000000000 ) ;
#2773 = VECTOR ( 'NONE', #670, 1000.000000000000000 ) ;
#2774 = CARTESIAN_POINT ( 'NONE',  ( -9.532154356696707964, 138.5823004018388076, 2.000000000000000000 ) ) ;
#2775 = DIRECTION ( 'NONE',  ( -0.000000000000000000, -0.000000000000000000, -1.000000000000000000 ) ) ;
#2776 = EDGE_CURVE ( 'NONE', #2319, #313, #700, .T. ) ;
#2777 = CYLINDRICAL_SURFACE ( 'NONE', #3030, 2.750000000000016431 ) ;
#2778 = PRESENTATION_STYLE_ASSIGNMENT (( #2270 ) ) ;
#2779 = ORIENTED_EDGE ( 'NONE', *, *, #923, .T. ) ;
#2780 = VERTEX_POINT ( 'NONE', #1947 ) ;
#2781 = LINE ( 'NONE', #807, #3165 ) ;
#2782 = DIRECTION ( 'NONE',  ( -1.000000000000000000, -0.000000000000000000, -0.000000000000000000 ) ) ;
#2783 = EDGE_LOOP ( 'NONE', ( #3126, #433, #1007, #1556, #1348, #2289, #977, #1401 ) ) ;
#2784 = AXIS2_PLACEMENT_3D ( 'NONE', #1779, #3060, #2288 ) ;
#2785 = EDGE_CURVE ( 'NONE', #912, #1589, #1719, .T. ) ;
#2786 = VECTOR ( 'NONE', #1140, 1000.000000000000114 ) ;
#2787 = CARTESIAN_POINT ( 'NONE',  ( -32.50000000000000000, 112.0823004018341891, 0.000000000000000000 ) ) ;
#2788 = LINE ( 'NONE', #2279, #376 ) ;
#2789 = DIRECTION ( 'NONE',  ( -1.000000000000000000, 0.000000000000000000, 0.000000000000000000 ) ) ;
#2790 = EDGE_CURVE ( 'NONE', #436, #1335, #3202, .T. ) ;
#2791 = DIRECTION ( 'NONE',  ( 0.7071067811863318564, 0.7071067811867631780, 0.000000000000000000 ) ) ;
#2792 = CARTESIAN_POINT ( 'NONE',  ( -9.761471208204316241, 92.33902131693520232, 2.000000000000000000 ) ) ;
#2793 = VECTOR ( 'NONE', #579, 1000.000000000000000 ) ;
#2794 = AXIS2_PLACEMENT_3D ( 'NONE', #2959, #1708, #1968 ) ;
#2795 = CARTESIAN_POINT ( 'NONE',  ( 35.60000000000000142, 112.0823004018341891, 2.000000000000000000 ) ) ;
#2796 = DIRECTION ( 'NONE',  ( 0.5735764363510438280, 0.8191520442889934639, 0.000000000000000000 ) ) ;
#2797 = EDGE_CURVE ( 'NONE', #976, #2106, #1428, .T. ) ;
#2798 = EDGE_LOOP ( 'NONE', ( #2980, #2086, #1987, #2683 ) ) ;
#2799 = AXIS2_PLACEMENT_3D ( 'NONE', #862, #665, #1858 ) ;
#2800 = CARTESIAN_POINT ( 'NONE',  ( -9.761471208208222450, 133.5914907953925024, 2.000000000000000000 ) ) ;
#2801 = FACE_OUTER_BOUND ( 'NONE', #3128, .T. ) ;
#2802 = ORIENTED_EDGE ( 'NONE', *, *, #1238, .T. ) ;
#2803 = ORIENTED_EDGE ( 'NONE', *, *, #2717, .F. ) ;
#2804 = CARTESIAN_POINT ( 'NONE',  ( 17.12762315017737791, 120.2825954816071885, 0.000000000000000000 ) ) ;
#2805 = FACE_BOUND ( 'NONE', #1667, .T. ) ;
#2806 = LINE ( 'NONE', #1783, #2867 ) ;
#2807 = EDGE_CURVE ( 'NONE', #1158, #2716, #980, .T. ) ;
#2808 = CARTESIAN_POINT ( 'NONE',  ( -17.12762315017051762, 120.2825954816071885, 2.000000000000000000 ) ) ;
#2809 = CYLINDRICAL_SURFACE ( 'NONE', #2593, 5.000000000001676881 ) ;
#2810 = LINE ( 'NONE', #2251, #780 ) ;
#2811 = DIRECTION ( 'NONE',  ( 0.000000000000000000, 0.000000000000000000, 1.000000000000000000 ) ) ;
#2812 = EDGE_CURVE ( 'NONE', #2900, #1307, #584, .T. ) ;
#2813 = ORIENTED_EDGE ( 'NONE', *, *, #40, .T. ) ;
#2814 = FACE_OUTER_BOUND ( 'NONE', #1072, .T. ) ;
#2815 = LINE ( 'NONE', #282, #2361 ) ;
#2816 = EDGE_LOOP ( 'NONE', ( #947, #575, #341, #714 ) ) ;
#2817 = ADVANCED_FACE ( 'NONE', ( #2753 ), #3217, .T. ) ;
#2818 = VERTEX_POINT ( 'NONE', #1749 ) ;
#2819 = FACE_OUTER_BOUND ( 'NONE', #1836, .T. ) ;
#2820 = DIRECTION ( 'NONE',  ( -1.000000000000000000, 0.000000000000000000, 0.000000000000000000 ) ) ;
#2821 = DIRECTION ( 'NONE',  ( -0.000000000000000000, -0.000000000000000000, -1.000000000000000000 ) ) ;
#2822 = DIRECTION ( 'NONE',  ( -0.000000000000000000, -0.000000000000000000, -1.000000000000000000 ) ) ;
#2823 = CARTESIAN_POINT ( 'NONE',  ( -32.50000000000000711, 116.5823004018341891, 0.000000000000000000 ) ) ;
#2824 = EDGE_LOOP ( 'NONE', ( #1386, #1245, #1160, #1106 ) ) ;
#2825 = LINE ( 'NONE', #3088, #1203 ) ;
#2826 = EDGE_CURVE ( 'NONE', #796, #1607, #778, .T. ) ;
#2827 = ORIENTED_EDGE ( 'NONE', *, *, #1609, .T. ) ;
#2828 = ORIENTED_EDGE ( 'NONE', *, *, #954, .F. ) ;
#2829 = VERTEX_POINT ( 'NONE', #2006 ) ;
#2830 = FACE_OUTER_BOUND ( 'NONE', #328, .T. ) ;
#2831 = EDGE_CURVE ( 'NONE', #2600, #529, #2850, .T. ) ;
#2832 = DIRECTION ( 'NONE',  ( -0.000000000000000000, -0.000000000000000000, -1.000000000000000000 ) ) ;
#2833 = DIRECTION ( 'NONE',  ( 1.000000000000000000, 0.000000000000000000, 0.000000000000000000 ) ) ;
#2834 = CARTESIAN_POINT ( 'NONE',  ( 9.761471208207264993, 135.5914907953926729, 0.000000000000000000 ) ) ;
#2835 = ADVANCED_FACE ( 'NONE', ( #23 ), #1043, .F. ) ;
#2836 = CARTESIAN_POINT ( 'NONE',  ( 46.17081211728930157, 130.6950461228504423, 0.000000000000000000 ) ) ;
#2837 = AXIS2_PLACEMENT_3D ( 'NONE', #2674, #1671, #1441 ) ;
#2838 = VECTOR ( 'NONE', #190, 1000.000000000000000 ) ;
#2839 = DIRECTION ( 'NONE',  ( -5.859406962295182171E-15, 1.000000000000000000, 0.000000000000000000 ) ) ;
#2840 = ORIENTED_EDGE ( 'NONE', *, *, #2776, .F. ) ;
#2841 = LINE ( 'NONE', #857, #2459 ) ;
#2842 = EDGE_LOOP ( 'NONE', ( #169, #2256, #576, #1560 ) ) ;
#2843 = ORIENTED_EDGE ( 'NONE', *, *, #165, .T. ) ;
#2844 = ORIENTED_EDGE ( 'NONE', *, *, #647, .F. ) ;
#2845 = ORIENTED_EDGE ( 'NONE', *, *, #2128, .F. ) ;
#2846 = AXIS2_PLACEMENT_3D ( 'NONE', #891, #641, #1395 ) ;
#2847 = DIRECTION ( 'NONE',  ( -1.000000000000000000, 0.000000000000000000, 0.000000000000000000 ) ) ;
#2848 = EDGE_LOOP ( 'NONE', ( #268, #3150 ) ) ;
#2849 = CARTESIAN_POINT ( 'NONE',  ( -35.60000000000000142, 93.92431119012407237, 0.000000000000000000 ) ) ;
#2850 = CIRCLE ( 'NONE', #2999, 5.000000000000011546 ) ;
#2851 = DIRECTION ( 'NONE',  ( -0.000000000000000000, -0.000000000000000000, -1.000000000000000000 ) ) ;
#2852 = CARTESIAN_POINT ( 'NONE',  ( 30.05244944963756026, 90.88804245762189282, 0.000000000000000000 ) ) ;
#2853 = DIRECTION ( 'NONE',  ( -1.000000000000000000, 0.000000000000000000, 0.000000000000000000 ) ) ;
#2854 = DIRECTION ( 'NONE',  ( -0.6696623166039908925, -0.7426657267711875843, -0.000000000000000000 ) ) ;
#2855 = VECTOR ( 'NONE', #2822, 1000.000000000000000 ) ;
#2856 = PLANE ( 'NONE',  #2906 ) ;
#2857 = ORIENTED_EDGE ( 'NONE', *, *, #2352, .T. ) ;
#2858 = CARTESIAN_POINT ( 'NONE',  ( -30.05244944963087761, 87.84217512019861829, 2.000000000000000000 ) ) ;
#2859 = LINE ( 'NONE', #1624, #1894 ) ;
#2860 = EDGE_LOOP ( 'NONE', ( #1305, #1087, #3106, #3130 ) ) ;
#2861 = ORIENTED_EDGE ( 'NONE', *, *, #1919, .T. ) ;
#2862 = ORIENTED_EDGE ( 'NONE', *, *, #2976, .F. ) ;
#2863 = EDGE_CURVE ( 'NONE', #1702, #3089, #503, .T. ) ;
#2864 = DIRECTION ( 'NONE',  ( -1.000000000000000000, -0.000000000000000000, -0.000000000000000000 ) ) ;
#2865 = VERTEX_POINT ( 'NONE', #2037 ) ;
#2866 = DIRECTION ( 'NONE',  ( 0.000000000000000000, 0.000000000000000000, 1.000000000000000000 ) ) ;
#2867 = VECTOR ( 'NONE', #89, 1000.000000000000000 ) ;
#2868 = UNCERTAINTY_MEASURE_WITH_UNIT (LENGTH_MEASURE( 1.000000000000000082E-05 ), #1805, 'distance_accuracy_value', 'NONE');
#2869 = DIRECTION ( 'NONE',  ( -0.000000000000000000, -0.000000000000000000, -1.000000000000000000 ) ) ;
#2870 = CARTESIAN_POINT ( 'NONE',  ( 42.08540605864461526, 104.0823004018205893, 2.000000000000000000 ) ) ;
#2871 = DIRECTION ( 'NONE',  ( 0.000000000000000000, 0.000000000000000000, 1.000000000000000000 ) ) ;
#2872 = PLANE ( 'NONE',  #1204 ) ;
#2873 = ADVANCED_FACE ( 'NONE', ( #793, #1073, #7, #54, #821, #1317, #1011, #2562, #2302, #311, #2814, #1557, #1057, #1499, #3039, #1763, #1794, #2534 ), #2504, .T. ) ;
#2874 = VECTOR ( 'NONE', #2963, 1000.000000000000000 ) ;
#2875 = CIRCLE ( 'NONE', #1149, 2.387461005206134690 ) ;
#2876 = CARTESIAN_POINT ( 'NONE',  ( -17.12762315017051762, 120.2825954816071885, 0.000000000000000000 ) ) ;
#2877 = VECTOR ( 'NONE', #3100, 1000.000000000000000 ) ;
#2878 = CYLINDRICAL_SURFACE ( 'NONE', #3196, 2.750000000000016431 ) ;
#2879 = CARTESIAN_POINT ( 'NONE',  ( 15.03215435670921707, 144.0823004018477889, 2.000000000000000000 ) ) ;
#2880 = ORIENTED_EDGE ( 'NONE', *, *, #2342, .F. ) ;
#2881 = ORIENTED_EDGE ( 'NONE', *, *, #506, .F. ) ;
#2882 = ORIENTED_EDGE ( 'NONE', *, *, #1477, .T. ) ;
#2883 = EDGE_CURVE ( 'NONE', #2818, #965, #547, .T. ) ;
#2884 = LINE ( 'NONE', #2120, #2378 ) ;
#2885 = ORIENTED_EDGE ( 'NONE', *, *, #2596, .F. ) ;
#2886 = PLANE ( 'NONE',  #2579 ) ;
#2887 = APPLICATION_CONTEXT ( 'automotive_design' ) ;
#2888 = FACE_OUTER_BOUND ( 'NONE', #996, .T. ) ;
#2889 = CARTESIAN_POINT ( 'NONE',  ( 20.00000000000344968, 99.81781816120273731, 2.000000000000000000 ) ) ;
#2890 = DIRECTION ( 'NONE',  ( 1.000000000000000000, 0.000000000000000000, 0.000000000000000000 ) ) ;
#2891 = CARTESIAN_POINT ( 'NONE',  ( 32.47241721684625304, 142.5823004018494657, 2.000000000000000000 ) ) ;
#2892 = AXIS2_PLACEMENT_3D ( 'NONE', #1659, #609, #360 ) ;
#2893 = CARTESIAN_POINT ( 'NONE',  ( -9.761471208204316241, 92.33902131693520232, 2.000000000000000000 ) ) ;
#2894 = CARTESIAN_POINT ( 'NONE',  ( 17.23796389038623644, 84.76333675382035437, 0.000000000000000000 ) ) ;
#2895 = DIRECTION ( 'NONE',  ( 0.000000000000000000, 0.000000000000000000, 1.000000000000000000 ) ) ;
#2896 = VERTEX_POINT ( 'NONE', #2021 ) ;
#2897 = ORIENTED_EDGE ( 'NONE', *, *, #442, .T. ) ;
#2898 = ORIENTED_EDGE ( 'NONE', *, *, #1527, .F. ) ;
#2899 = VECTOR ( 'NONE', #782, 1000.000000000000114 ) ;
#2900 = VERTEX_POINT ( 'NONE', #2546 ) ;
#2901 = AXIS2_PLACEMENT_3D ( 'NONE', #2445, #3206, #495 ) ;
#2902 = CARTESIAN_POINT ( 'NONE',  ( 21.74938862962032715, 139.0823004018461404, 0.000000000000000000 ) ) ;
#2903 = VERTEX_POINT ( 'NONE', #517 ) ;
#2904 = DIRECTION ( 'NONE',  ( -1.000000000000000000, 0.000000000000000000, 0.000000000000000000 ) ) ;
#2905 = CARTESIAN_POINT ( 'NONE',  ( -35.60000000000000853, 116.5823004018341891, 2.000000000000000000 ) ) ;
#2906 = AXIS2_PLACEMENT_3D ( 'NONE', #115, #872, #1138 ) ;
#2907 = CARTESIAN_POINT ( 'NONE',  ( 34.05000000000000426, 112.0823004018341891, 2.000000000000000000 ) ) ;
#2908 = CARTESIAN_POINT ( 'NONE',  ( -17.12762315017051762, 113.8530408407982861, 0.000000000000000000 ) ) ;
#2909 = CARTESIAN_POINT ( 'NONE',  ( -30.05244944963069997, 90.88804245762189282, 0.000000000000000000 ) ) ;
#2910 = ADVANCED_FACE ( 'NONE', ( #294 ), #561, .F. ) ;
#2911 = DIRECTION ( 'NONE',  ( 0.000000000000000000, 0.000000000000000000, 1.000000000000000000 ) ) ;
#2912 = EDGE_CURVE ( 'NONE', #860, #2749, #2781, .T. ) ;
#2913 = DIRECTION ( 'NONE',  ( 0.7522112549463451092, 0.6589220196138876329, -0.000000000000000000 ) ) ;
#2914 = DIRECTION ( 'NONE',  ( -0.000000000000000000, -0.000000000000000000, -1.000000000000000000 ) ) ;
#2915 = ORIENTED_EDGE ( 'NONE', *, *, #297, .F. ) ;
#2916 = ORIENTED_EDGE ( 'NONE', *, *, #1614, .T. ) ;
#2917 = ORIENTED_EDGE ( 'NONE', *, *, #1626, .T. ) ;
#2918 = ORIENTED_EDGE ( 'NONE', *, *, #987, .T. ) ;
#2919 = DIRECTION ( 'NONE',  ( -1.000000000000000000, 0.000000000000000000, 0.000000000000000000 ) ) ;
#2920 = ORIENTED_EDGE ( 'NONE', *, *, #2184, .T. ) ;
#2921 = CARTESIAN_POINT ( 'NONE',  ( 26.98012445080729549, 127.9436729868903058, 2.000000000000000000 ) ) ;
#2922 = EDGE_CURVE ( 'NONE', #2471, #2206, #2258, .T. ) ;
#2923 = DIRECTION ( 'NONE',  ( -0.000000000000000000, -0.000000000000000000, -1.000000000000000000 ) ) ;
#2924 = CARTESIAN_POINT ( 'NONE',  ( 32.47241721684625304, 142.5823004018494657, 0.000000000000000000 ) ) ;
#2925 = DIRECTION ( 'NONE',  ( 0.000000000000000000, 1.000000000000000000, 0.000000000000000000 ) ) ;
#2926 =( GEOMETRIC_REPRESENTATION_CONTEXT ( 3 ) GLOBAL_UNCERTAINTY_ASSIGNED_CONTEXT ( ( #1618 ) ) GLOBAL_UNIT_ASSIGNED_CONTEXT ( ( #2200, #721, #2709 ) ) REPRESENTATION_CONTEXT ( 'NONE', 'WORKASPACE' ) );
#2927 = EDGE_CURVE ( 'NONE', #1761, #992, #765, .T. ) ;
#2928 = CARTESIAN_POINT ( 'NONE',  ( -17.23796389038623644, 84.76333675382035437, 2.000000000000000000 ) ) ;
#2929 = LINE ( 'NONE', #959, #618 ) ;
#2930 = CARTESIAN_POINT ( 'NONE',  ( 46.17081211728930157, 130.6950461228504423, 0.000000000000000000 ) ) ;
#2931 = CIRCLE ( 'NONE', #2195, 1.550000000000002709 ) ;
#2932 = VERTEX_POINT ( 'NONE', #2517 ) ;
#2933 = ORIENTED_EDGE ( 'NONE', *, *, #3185, .F. ) ;
#2934 = EDGE_LOOP ( 'NONE', ( #1367, #2419, #3087, #121 ) ) ;
#2935 = VECTOR ( 'NONE', #2297, 1000.000000000000000 ) ;
#2936 = VECTOR ( 'NONE', #1379, 1000.000000000000000 ) ;
#2937 = VERTEX_POINT ( 'NONE', #1530 ) ;
#2938 = EDGE_CURVE ( 'NONE', #1680, #2271, #266, .T. ) ;
#2939 = DIRECTION ( 'NONE',  ( 1.000000000000000000, 0.000000000000000000, 0.000000000000000000 ) ) ;
#2940 = ORIENTED_EDGE ( 'NONE', *, *, #378, .F. ) ;
#2941 = LINE ( 'NONE', #2640, #222 ) ;
#2942 = CARTESIAN_POINT ( 'NONE',  ( -21.74938862961784736, 144.0823004018477889, 2.000000000000000000 ) ) ;
#2943 = EDGE_CURVE ( 'NONE', #2900, #3111, #1287, .T. ) ;
#2944 = CARTESIAN_POINT ( 'NONE',  ( 34.05000000000000426, 112.0823004018341891, 0.000000000000000000 ) ) ;
#2945 = LINE ( 'NONE', #1459, #46 ) ;
#2946 = EDGE_CURVE ( 'NONE', #3148, #1210, #326, .T. ) ;
#2947 = CARTESIAN_POINT ( 'NONE',  ( -42.34290007529290278, 136.3303120668070960, 2.000000000000000000 ) ) ;
#2948 = VECTOR ( 'NONE', #3195, 1000.000000000000000 ) ;
#2949 = LINE ( 'NONE', #925, #1300 ) ;
#2950 = DIRECTION ( 'NONE',  ( 0.7071067811867631780, -0.7071067811863318564, 0.000000000000000000 ) ) ;
#2951 = EDGE_LOOP ( 'NONE', ( #1605, #2485, #1061, #613 ) ) ;
#2952 = ORIENTED_EDGE ( 'NONE', *, *, #348, .T. ) ;
#2953 = ORIENTED_EDGE ( 'NONE', *, *, #571, .T. ) ;
#2954 = ORIENTED_EDGE ( 'NONE', *, *, #1120, .T. ) ;
#2955 = CARTESIAN_POINT ( 'NONE',  ( 32.50000000000000000, 116.5823004018341891, 2.000000000000000000 ) ) ;
#2956 = CARTESIAN_POINT ( 'NONE',  ( -46.17081211728913814, 101.1668134670513410, 0.000000000000000000 ) ) ;
#2957 = EDGE_CURVE ( 'NONE', #822, #1405, #19, .T. ) ;
#2958 = DIRECTION ( 'NONE',  ( -0.000000000000000000, -0.000000000000000000, -1.000000000000000000 ) ) ;
#2959 = CARTESIAN_POINT ( 'NONE',  ( 32.47241721684625304, 142.5823004018494657, 2.000000000000000000 ) ) ;
#2960 = VECTOR ( 'NONE', #2629, 1000.000000000000000 ) ;
#2961 = EDGE_CURVE ( 'NONE', #20, #2818, #2825, .T. ) ;
#2962 = LINE ( 'NONE', #1429, #472 ) ;
#2963 = DIRECTION ( 'NONE',  ( -0.000000000000000000, -0.000000000000000000, -1.000000000000000000 ) ) ;
#2964 = DIRECTION ( 'NONE',  ( -1.000000000000000000, 0.000000000000000000, 0.000000000000000000 ) ) ;
#2965 = ORIENTED_EDGE ( 'NONE', *, *, #2957, .F. ) ;
#2966 = ORIENTED_EDGE ( 'NONE', *, *, #750, .T. ) ;
#2967 = ORIENTED_EDGE ( 'NONE', *, *, #3069, .T. ) ;
#2968 = ORIENTED_EDGE ( 'NONE', *, *, #2826, .T. ) ;
#2969 = CARTESIAN_POINT ( 'NONE',  ( -22.20520244038816315, 127.9436729868903058, 2.000000000000000000 ) ) ;
#2970 = CARTESIAN_POINT ( 'NONE',  ( -17.12762315017051762, 113.8530408407982861, 2.000000000000000000 ) ) ;
#2971 = EDGE_CURVE ( 'NONE', #1765, #3074, #2770, .T. ) ;
#2972 = CARTESIAN_POINT ( 'NONE',  ( 42.34290007529176592, 136.3303120668074939, 2.000000000000000000 ) ) ;
#2973 = CARTESIAN_POINT ( 'NONE',  ( -17.24999999999657518, 134.3178181612026378, 2.000000000000000000 ) ) ;
#2974 = VECTOR ( 'NONE', #3001, 1000.000000000000000 ) ;
#2975 = DIRECTION ( 'NONE',  ( -1.000000000000000000, 0.000000000000000000, 0.000000000000000000 ) ) ;
#2976 = EDGE_CURVE ( 'NONE', #645, #2439, #573, .T. ) ;
#2977 = DIRECTION ( 'NONE',  ( 0.000000000000000000, 0.000000000000000000, 1.000000000000000000 ) ) ;
#2978 = ORIENTED_EDGE ( 'NONE', *, *, #599, .F. ) ;
#2979 = ORIENTED_EDGE ( 'NONE', *, *, #1614, .F. ) ;
#2980 = ORIENTED_EDGE ( 'NONE', *, *, #1261, .T. ) ;
#2981 = ORIENTED_EDGE ( 'NONE', *, *, #3071, .F. ) ;
#2982 = CARTESIAN_POINT ( 'NONE',  ( 21.74938862962032715, 144.0823004018477889, 2.000000000000000000 ) ) ;
#2983 = ORIENTED_EDGE ( 'NONE', *, *, #2912, .T. ) ;
#2984 = ADVANCED_FACE ( 'NONE', ( #642 ), #2878, .F. ) ;
#2985 = AXIS2_PLACEMENT_3D ( 'NONE', #636, #1080, #2833 ) ;
#2986 = DIRECTION ( 'NONE',  ( -1.000000000000000000, 0.000000000000000000, 0.000000000000000000 ) ) ;
#2987 = FACE_BOUND ( 'NONE', #1679, .T. ) ;
#2988 = DIRECTION ( 'NONE',  ( -0.000000000000000000, -0.000000000000000000, -1.000000000000000000 ) ) ;
#2989 = FACE_OUTER_BOUND ( 'NONE', #2369, .T. ) ;
#2990 = ORIENTED_EDGE ( 'NONE', *, *, #994, .F. ) ;
#2991 = ORIENTED_EDGE ( 'NONE', *, *, #1234, .F. ) ;
#2992 = EDGE_LOOP ( 'NONE', ( #775, #437, #2409, #549 ) ) ;
#2993 = ORIENTED_EDGE ( 'NONE', *, *, #297, .T. ) ;
#2994 = CARTESIAN_POINT ( 'NONE',  ( -41.17081211728929446, 130.6950461228504707, 2.000000000000000000 ) ) ;
#2995 = CARTESIAN_POINT ( 'NONE',  ( -9.761471208204316241, 92.33902131693520232, 2.000000000000000000 ) ) ;
#2996 = ORIENTED_EDGE ( 'NONE', *, *, #113, .T. ) ;
#2997 = VECTOR ( 'NONE', #2923, 1000.000000000000000 ) ;
#2998 = CARTESIAN_POINT ( 'NONE',  ( 7.105388598431690461, 96.13230040183420044, 2.000000000000000000 ) ) ;
#2999 = AXIS2_PLACEMENT_3D ( 'NONE', #1808, #532, #2287 ) ;
#3000 = CYLINDRICAL_SURFACE ( 'NONE', #492, 5.000000000000135891 ) ;
#3001 = DIRECTION ( 'NONE',  ( -1.000000000000000000, -0.000000000000000000, -0.000000000000000000 ) ) ;
#3002 = EDGE_CURVE ( 'NONE', #1702, #2040, #1572, .T. ) ;
#3003 = CARTESIAN_POINT ( 'NONE',  ( -21.74938862961784736, 144.0823004018477889, 0.000000000000000000 ) ) ;
#3004 =( NAMED_UNIT ( * ) SI_UNIT ( $, .STERADIAN. ) SOLID_ANGLE_UNIT ( ) );
#3005 = VECTOR ( 'NONE', #2440, 1000.000000000000000 ) ;
#3006 = FACE_OUTER_BOUND ( 'NONE', #1074, .T. ) ;
#3007 = ORIENTED_EDGE ( 'NONE', *, *, #480, .T. ) ;
#3008 = ORIENTED_EDGE ( 'NONE', *, *, #571, .F. ) ;
#3009 = DIRECTION ( 'NONE',  ( -1.000000000000000000, -0.000000000000000000, -0.000000000000000000 ) ) ;
#3010 = DIRECTION ( 'NONE',  ( -0.000000000000000000, -0.000000000000000000, -1.000000000000000000 ) ) ;
#3011 = ORIENTED_EDGE ( 'NONE', *, *, #2456, .F. ) ;
#3012 = EDGE_CURVE ( 'NONE', #1487, #136, #395, .T. ) ;
#3013 = FACE_OUTER_BOUND ( 'NONE', #1511, .T. ) ;
#3014 = VECTOR ( 'NONE', #603, 1000.000000000000000 ) ;
#3015 = DIRECTION ( 'NONE',  ( 6.975034038271100882E-13, 1.000000000000000000, -0.000000000000000000 ) ) ;
#3016 = CARTESIAN_POINT ( 'NONE',  ( 39.03345774170643523, 132.5823004018477889, 0.000000000000000000 ) ) ;
#3017 = FACE_OUTER_BOUND ( 'NONE', #2403, .T. ) ;
#3018 = LINE ( 'NONE', #1314, #2077 ) ;
#3019 = EDGE_CURVE ( 'NONE', #1405, #822, #777, .T. ) ;
#3020 = ORIENTED_EDGE ( 'NONE', *, *, #1328, .T. ) ;
#3021 = CIRCLE ( 'NONE', #3236, 2.387461005198550534 ) ;
#3022 = EDGE_LOOP ( 'NONE', ( #2417, #2315, #2582, #100 ) ) ;
#3023 = CARTESIAN_POINT ( 'NONE',  ( -26.98012445080043875, 106.1919633355151689, 2.000000000000000000 ) ) ;
#3024 = DIRECTION ( 'NONE',  ( 6.938893903907222067E-15, -1.000000000000000000, -0.000000000000000000 ) ) ;
#3025 = ORIENTED_EDGE ( 'NONE', *, *, #146, .F. ) ;
#3026 = ADVANCED_FACE ( 'NONE', ( #82 ), #1346, .T. ) ;
#3027 = CARTESIAN_POINT ( 'NONE',  ( 7.105388598427811786, 129.7982117104936606, 0.000000000000000000 ) ) ;
#3028 = VECTOR ( 'NONE', #2152, 1000.000000000000000 ) ;
#3029 = FACE_BOUND ( 'NONE', #2096, .T. ) ;
#3030 = AXIS2_PLACEMENT_3D ( 'NONE', #3036, #526, #1789 ) ;
#3031 = AXIS2_PLACEMENT_3D ( 'NONE', #921, #1864, #1655 ) ;
#3032 = CARTESIAN_POINT ( 'NONE',  ( -34.05000000000000426, 116.5823004018341891, 2.000000000000000000 ) ) ;
#3033 = ADVANCED_FACE ( 'NONE', ( #2115 ), #2384, .F. ) ;
#3034 = FACE_OUTER_BOUND ( 'NONE', #2824, .T. ) ;
#3035 = CARTESIAN_POINT ( 'NONE',  ( -17.23796389038623644, 84.76333675382035437, 0.000000000000000000 ) ) ;
#3036 = CARTESIAN_POINT ( 'NONE',  ( -17.23796389038623644, 84.76333675382035437, 2.000000000000000000 ) ) ;
#3037 = APPLICATION_PROTOCOL_DEFINITION ( 'draft international standard', 'automotive_design', 1998, #1870 ) ;
#3038 = VERTEX_POINT ( 'NONE', #132 ) ;
#3039 = FACE_BOUND ( 'NONE', #1547, .T. ) ;
#3040 = CARTESIAN_POINT ( 'NONE',  ( 14.50000000000341593, 99.81781816120273731, 2.000000000000000000 ) ) ;
#3041 = AXIS2_PLACEMENT_3D ( 'NONE', #499, #2514, #1239 ) ;
#3042 = VERTEX_POINT ( 'NONE', #3107 ) ;
#3043 = VECTOR ( 'NONE', #2259, 1000.000000000000000 ) ;
#3044 = VECTOR ( 'NONE', #213, 1000.000000000000227 ) ;
#3045 = EDGE_LOOP ( 'NONE', ( #342, #245, #3170, #5 ) ) ;
#3046 = CARTESIAN_POINT ( 'NONE',  ( -42.08540605864461526, 129.0823004018477889, 2.000000000000000000 ) ) ;
#3047 = FACE_BOUND ( 'NONE', #1701, .T. ) ;
#3048 = CARTESIAN_POINT ( 'NONE',  ( 32.47241721684582672, 137.5823004018477889, 2.000000000000000000 ) ) ;
#3049 = EDGE_CURVE ( 'NONE', #9, #231, #2630, .T. ) ;
#3050 = LINE ( 'NONE', #2205, #2723 ) ;
#3051 = CARTESIAN_POINT ( 'NONE',  ( 19.98796389038625065, 84.76333675382035437, 2.000000000000000000 ) ) ;
#3052 = CIRCLE ( 'NONE', #430, 2.750000000000016431 ) ;
#3053 = AXIS2_PLACEMENT_3D ( 'NONE', #2478, #1233, #2231 ) ;
#3054 = CARTESIAN_POINT ( 'NONE',  ( 26.98012445079971044, 106.1919633355151689, 2.000000000000000000 ) ) ;
#3055 = EDGE_CURVE ( 'NONE', #1574, #9, #2841, .T. ) ;
#3056 =( NAMED_UNIT ( * ) SI_UNIT ( $, .STERADIAN. ) SOLID_ANGLE_UNIT ( ) );
#3057 = EDGE_CURVE ( 'NONE', #2669, #2731, #2931, .T. ) ;
#3058 = EDGE_LOOP ( 'NONE', ( #2703, #35, #2104, #502 ) ) ;
#3059 = CARTESIAN_POINT ( 'NONE',  ( -17.24999999999657163, 99.81781816120273731, 2.000000000000000000 ) ) ;
#3060 = DIRECTION ( 'NONE',  ( 0.000000000000000000, -1.000000000000000000, 0.000000000000000000 ) ) ;
#3061 = EDGE_LOOP ( 'NONE', ( #2916, #152, #521, #2001 ) ) ;
#3062 = EDGE_CURVE ( 'NONE', #2106, #3111, #2597, .T. ) ;
#3063 = EDGE_LOOP ( 'NONE', ( #632, #894, #3109, #1716 ) ) ;
#3064 = CARTESIAN_POINT ( 'NONE',  ( 42.34290007529176592, 136.3303120668074939, 2.000000000000000000 ) ) ;
#3065 = CARTESIAN_POINT ( 'NONE',  ( -9.761471208204316241, 90.33902131693520232, 2.000000000000000000 ) ) ;
#3066 = CARTESIAN_POINT ( 'NONE',  ( 30.05244944963773790, 87.84217512019861829, 2.000000000000000000 ) ) ;
#3067 = DIRECTION ( 'NONE',  ( -0.000000000000000000, 0.000000000000000000, -1.000000000000000000 ) ) ;
#3068 = DIRECTION ( 'NONE',  ( -0.000000000000000000, -0.000000000000000000, -1.000000000000000000 ) ) ;
#3069 = EDGE_CURVE ( 'NONE', #836, #2439, #1889, .T. ) ;
#3070 = VERTEX_POINT ( 'NONE', #910 ) ;
#3071 = EDGE_CURVE ( 'NONE', #1210, #436, #1139, .T. ) ;
#3072 = CARTESIAN_POINT ( 'NONE',  ( 9.761471208211180084, 92.33902131693520232, 2.000000000000000000 ) ) ;
#3073 = EDGE_LOOP ( 'NONE', ( #1127, #1451 ) ) ;
#3074 = VERTEX_POINT ( 'NONE', #2132 ) ;
#3075 = EDGE_CURVE ( 'NONE', #1177, #87, #3143, .T. ) ;
#3076 = ORIENTED_EDGE ( 'NONE', *, *, #1306, .T. ) ;
#3077 = AXIS2_PLACEMENT_3D ( 'NONE', #2027, #2540, #47 ) ;
#3078 = ORIENTED_EDGE ( 'NONE', *, *, #1284, .T. ) ;
#3079 = CARTESIAN_POINT ( 'NONE',  ( 28.97626859470664584, 139.0078151505259427, 0.000000000000000000 ) ) ;
#3080 = EDGE_CURVE ( 'NONE', #175, #2617, #3140, .T. ) ;
#3081 = CARTESIAN_POINT ( 'NONE',  ( 46.17081211728930157, 130.6950461228504423, 2.000000000000000000 ) ) ;
#3082 = DIRECTION ( 'NONE',  ( -5.809241669051914661E-14, 1.000000000000000000, -0.000000000000000000 ) ) ;
#3083 = AXIS2_PLACEMENT_3D ( 'NONE', #481, #1710, #2712 ) ;
#3084 = DIRECTION ( 'NONE',  ( -1.000000000000000000, 0.000000000000000000, 0.000000000000000000 ) ) ;
#3085 = CARTESIAN_POINT ( 'NONE',  ( -14.49999999999655742, 134.3178181612026378, 0.000000000000000000 ) ) ;
#3086 = CARTESIAN_POINT ( 'NONE',  ( 17.12762315017737791, 120.2825954816071885, 0.000000000000000000 ) ) ;
#3087 = ORIENTED_EDGE ( 'NONE', *, *, #1213, .F. ) ;
#3088 = CARTESIAN_POINT ( 'NONE',  ( -9.761471208204316241, 92.33902131693520232, 2.000000000000000000 ) ) ;
#3089 = VERTEX_POINT ( 'NONE', #1677 ) ;
#3090 = VERTEX_POINT ( 'NONE', #2483 ) ;
#3091 = ORIENTED_EDGE ( 'NONE', *, *, #1546, .T. ) ;
#3092 = VERTEX_POINT ( 'NONE', #1207 ) ;
#3093 = CARTESIAN_POINT ( 'NONE',  ( -19.68824215689207691, 78.76333675382034016, 0.000000000000000000 ) ) ;
#3094 = ORIENTED_EDGE ( 'NONE', *, *, #2083, .F. ) ;
#3095 = FACE_OUTER_BOUND ( 'NONE', #858, .T. ) ;
#3096 = DIRECTION ( 'NONE',  ( -1.541976423090493661E-15, 1.000000000000000000, 0.000000000000000000 ) ) ;
#3097 = CIRCLE ( 'NONE', #109, 2.387461005206134690 ) ;
#3098 = PLANE ( 'NONE',  #1571 ) ;
#3099 = CARTESIAN_POINT ( 'NONE',  ( 30.05244944963773790, 87.84217512019861829, 0.000000000000000000 ) ) ;
#3100 = DIRECTION ( 'NONE',  ( -0.000000000000000000, -0.000000000000000000, -1.000000000000000000 ) ) ;
#3101 = VECTOR ( 'NONE', #2181, 1000.000000000000000 ) ;
#3102 = AXIS2_PLACEMENT_3D ( 'NONE', #798, #2477, #1489 ) ;
#3103 = ADVANCED_FACE ( 'NONE', ( #1658 ), #1908, .T. ) ;
#3104 = VECTOR ( 'NONE', #1513, 1000.000000000000000 ) ;
#3105 = FACE_OUTER_BOUND ( 'NONE', #2816, .T. ) ;
#3106 = ORIENTED_EDGE ( 'NONE', *, *, #126, .F. ) ;
#3107 = CARTESIAN_POINT ( 'NONE',  ( 30.05244944963756026, 90.88804245762189282, 0.000000000000000000 ) ) ;
#3108 = EDGE_LOOP ( 'NONE', ( #695, #1731, #1661, #1541 ) ) ;
#3109 = ORIENTED_EDGE ( 'NONE', *, *, #1270, .T. ) ;
#3110 = ORIENTED_EDGE ( 'NONE', *, *, #1546, .F. ) ;
#3111 = VERTEX_POINT ( 'NONE', #2730 ) ;
#3112 = VECTOR ( 'NONE', #3153, 1000.000000000000000 ) ;
#3113 = FACE_OUTER_BOUND ( 'NONE', #383, .T. ) ;
#3114 = ORIENTED_EDGE ( 'NONE', *, *, #2123, .F. ) ;
#3115 = CARTESIAN_POINT ( 'NONE',  ( -30.05244944963069997, 90.88804245762189282, 2.000000000000000000 ) ) ;
#3116 = CYLINDRICAL_SURFACE ( 'NONE', #668, 2.387461005206134690 ) ;
#3117 = EDGE_CURVE ( 'NONE', #1574, #3042, #2434, .T. ) ;
#3118 = DIRECTION ( 'NONE',  ( -1.000000000000000000, 0.000000000000000000, 0.000000000000000000 ) ) ;
#3119 = LINE ( 'NONE', #2428, #2773 ) ;
#3120 = CARTESIAN_POINT ( 'NONE',  ( 9.761471208207279204, 133.5914907953926729, 2.000000000000000000 ) ) ;
#3121 = EDGE_CURVE ( 'NONE', #1587, #2818, #2929, .T. ) ;
#3122 = DIRECTION ( 'NONE',  ( -0.000000000000000000, -0.000000000000000000, -1.000000000000000000 ) ) ;
#3123 = EDGE_CURVE ( 'NONE', #2190, #491, #943, .T. ) ;
#3124 = CARTESIAN_POINT ( 'NONE',  ( -7.105388598428713287, 129.7982117104935753, 2.000000000000000000 ) ) ;
#3125 = LINE ( 'NONE', #627, #2521 ) ;
#3126 = ORIENTED_EDGE ( 'NONE', *, *, #2475, .T. ) ;
#3127 = ORIENTED_EDGE ( 'NONE', *, *, #2927, .T. ) ;
#3128 = EDGE_LOOP ( 'NONE', ( #2420, #1573, #1780, #2023 ) ) ;
#3129 = CARTESIAN_POINT ( 'NONE',  ( -32.32526394615118193, 137.5823004018477889, 2.000000000000000000 ) ) ;
#3130 = ORIENTED_EDGE ( 'NONE', *, *, #1270, .F. ) ;
#3131 = CARTESIAN_POINT ( 'NONE',  ( -19.98796389038625065, 84.76333675382035437, 0.000000000000000000 ) ) ;
#3132 = AXIS2_PLACEMENT_3D ( 'NONE', #3032, #784, #2789 ) ;
#3133 = EDGE_CURVE ( 'NONE', #1315, #232, #483, .T. ) ;
#3134 = DIRECTION ( 'NONE',  ( -1.000000000000000000, 0.000000000000000000, 0.000000000000000000 ) ) ;
#3135 = LINE ( 'NONE', #1816, #2575 ) ;
#3136 = CARTESIAN_POINT ( 'NONE',  ( -39.03345774170624338, 137.5823004018477889, 2.000000000000000000 ) ) ;
#3137 = CARTESIAN_POINT ( 'NONE',  ( 34.05000000000000426, 116.5823004018341891, 2.000000000000000000 ) ) ;
#3138 = STYLED_ITEM ( 'NONE', ( #2778 ), #36 ) ;
#3139 = EDGE_CURVE ( 'NONE', #2602, #116, #2698, .T. ) ;
#3140 = CIRCLE ( 'NONE', #2344, 5.000000000000226485 ) ;
#3141 = CIRCLE ( 'NONE', #2985, 5.000000000000011546 ) ;
#3142 = CYLINDRICAL_SURFACE ( 'NONE', #2846, 5.000000000001669775 ) ;
#3143 = LINE ( 'NONE', #1431, #199 ) ;
#3144 = CARTESIAN_POINT ( 'NONE',  ( 9.761471208207264993, 135.5914907953926729, 2.000000000000000000 ) ) ;
#3145 = ORIENTED_EDGE ( 'NONE', *, *, #1047, .T. ) ;
#3146 = ORIENTED_EDGE ( 'NONE', *, *, #119, .F. ) ;
#3147 = ORIENTED_EDGE ( 'NONE', *, *, #2211, .F. ) ;
#3148 = VERTEX_POINT ( 'NONE', #415 ) ;
#3149 = CARTESIAN_POINT ( 'NONE',  ( -42.34290007529275357, 136.3303120668069255, 2.000000000000000000 ) ) ;
#3150 = ORIENTED_EDGE ( 'NONE', *, *, #2957, .T. ) ;
#3151 = DIRECTION ( 'NONE',  ( -0.000000000000000000, -0.000000000000000000, -1.000000000000000000 ) ) ;
#3152 = ADVANCED_FACE ( 'NONE', ( #2415 ), #3194, .F. ) ;
#3153 = DIRECTION ( 'NONE',  ( 1.541976423090493661E-15, -1.000000000000000000, 0.000000000000000000 ) ) ;
#3154 = CARTESIAN_POINT ( 'NONE',  ( -35.60000000000000853, 116.5823004018341891, 0.000000000000000000 ) ) ;
#3155 = DIRECTION ( 'NONE',  ( -0.000000000000000000, -0.000000000000000000, -1.000000000000000000 ) ) ;
#3156 = DIRECTION ( 'NONE',  ( 1.000000000000000000, 0.000000000000000000, 0.000000000000000000 ) ) ;
#3157 = EDGE_CURVE ( 'NONE', #83, #3242, #2204, .T. ) ;
#3158 = VECTOR ( 'NONE', #3203, 1000.000000000000000 ) ;
#3159 = CARTESIAN_POINT ( 'NONE',  ( 35.60000000000000853, 116.5823004018341891, 2.000000000000000000 ) ) ;
#3160 = ADVANCED_FACE ( 'NONE', ( #2186 ), #1173, .T. ) ;
#3161 = CARTESIAN_POINT ( 'NONE',  ( 42.34290007529176592, 136.3303120668074939, 0.000000000000000000 ) ) ;
#3162 = DIRECTION ( 'NONE',  ( 1.000000000000000000, 0.000000000000000000, 0.000000000000000000 ) ) ;
#3163 = ORIENTED_EDGE ( 'NONE', *, *, #90, .T. ) ;
#3164 = ORIENTED_EDGE ( 'NONE', *, *, #968, .T. ) ;
#3165 = VECTOR ( 'NONE', #2314, 1000.000000000000000 ) ;
#3166 = ORIENTED_EDGE ( 'NONE', *, *, #3117, .F. ) ;
#3167 = VECTOR ( 'NONE', #864, 1000.000000000000114 ) ;
#3168 = EDGE_LOOP ( 'NONE', ( #1242, #262, #2751, #2226, #237, #2990, #453, #2688 ) ) ;
#3169 = DIRECTION ( 'NONE',  ( 0.000000000000000000, 0.000000000000000000, 1.000000000000000000 ) ) ;
#3170 = ORIENTED_EDGE ( 'NONE', *, *, #708, .T. ) ;
#3171 = DIRECTION ( 'NONE',  ( -1.000000000000000000, -0.000000000000000000, -0.000000000000000000 ) ) ;
#3172 = AXIS2_PLACEMENT_3D ( 'NONE', #1356, #2588, #3096 ) ;
#3173 = LINE ( 'NONE', #920, #2265 ) ;
#3174 = PLANE ( 'NONE',  #107 ) ;
#3175 = PLANE ( 'NONE',  #2503 ) ;
#3176 = EDGE_CURVE ( 'NONE', #2780, #3213, #2949, .T. ) ;
#3177 = LINE ( 'NONE', #1938, #531 ) ;
#3178 = DIRECTION ( 'NONE',  ( -0.000000000000000000, -0.000000000000000000, -1.000000000000000000 ) ) ;
#3179 = DIRECTION ( 'NONE',  ( -0.000000000000000000, -0.000000000000000000, -1.000000000000000000 ) ) ;
#3180 = AXIS2_PLACEMENT_3D ( 'NONE', #1828, #32, #3084 ) ;
#3181 = ORIENTED_EDGE ( 'NONE', *, *, #3139, .F. ) ;
#3182 = VERTEX_POINT ( 'NONE', #674 ) ;
#3183 = ORIENTED_EDGE ( 'NONE', *, *, #2128, .T. ) ;
#3184 = ORIENTED_EDGE ( 'NONE', *, *, #1888, .F. ) ;
#3185 = EDGE_CURVE ( 'NONE', #1256, #1484, #1696, .T. ) ;
#3186 = PLANE ( 'NONE',  #1576 ) ;
#3187 = VERTEX_POINT ( 'NONE', #693 ) ;
#3188 = CARTESIAN_POINT ( 'NONE',  ( 15.03215435670921707, 144.0823004018477889, 2.000000000000000000 ) ) ;
#3189 = EDGE_CURVE ( 'NONE', #2669, #204, #431, .T. ) ;
#3190 = DIRECTION ( 'NONE',  ( -1.000000000000000000, 0.000000000000000000, 0.000000000000000000 ) ) ;
#3191 = FACE_OUTER_BOUND ( 'NONE', #1822, .T. ) ;
#3192 = LINE ( 'NONE', #427, #292 ) ;
#3193 = CARTESIAN_POINT ( 'NONE',  ( 7.105388598427811786, 129.7982117104936606, 0.000000000000000000 ) ) ;
#3194 = PLANE ( 'NONE',  #467 ) ;
#3195 = DIRECTION ( 'NONE',  ( -0.000000000000000000, -0.000000000000000000, -1.000000000000000000 ) ) ;
#3196 = AXIS2_PLACEMENT_3D ( 'NONE', #626, #1105, #1834 ) ;
#3197 = ORIENTED_EDGE ( 'NONE', *, *, #2014, .F. ) ;
#3198 = VERTEX_POINT ( 'NONE', #197 ) ;
#3199 = ORIENTED_EDGE ( 'NONE', *, *, #2560, .T. ) ;
#3200 = AXIS2_PLACEMENT_3D ( 'NONE', #425, #2380, #1359 ) ;
#3201 = EDGE_LOOP ( 'NONE', ( #248, #1925, #698, #662 ) ) ;
#3202 = LINE ( 'NONE', #1991, #1170 ) ;
#3203 = DIRECTION ( 'NONE',  ( -0.000000000000000000, -0.000000000000000000, -1.000000000000000000 ) ) ;
#3204 = ADVANCED_FACE ( 'NONE', ( #3211 ), #2713, .F. ) ;
#3205 = LINE ( 'NONE', #2692, #2997 ) ;
#3206 = DIRECTION ( 'NONE',  ( -1.000000000000000000, 6.975034038271101892E-13, 0.000000000000000000 ) ) ;
#3207 = DIRECTION ( 'NONE',  ( -0.000000000000000000, -0.000000000000000000, -1.000000000000000000 ) ) ;
#3208 = AXIS2_PLACEMENT_3D ( 'NONE', #562, #1750, #1013 ) ;
#3209 = DIRECTION ( 'NONE',  ( 0.6589220196138877439, 0.7522112549463452202, -0.000000000000000000 ) ) ;
#3210 = AXIS2_PLACEMENT_3D ( 'NONE', #423, #1966, #2391 ) ;
#3211 = FACE_OUTER_BOUND ( 'NONE', #2418, .T. ) ;
#3212 = CARTESIAN_POINT ( 'NONE',  ( -7.105388598428713287, 129.7982117104935753, 2.000000000000000000 ) ) ;
#3213 = VERTEX_POINT ( 'NONE', #2466 ) ;
#3214 = ORIENTED_EDGE ( 'NONE', *, *, #2946, .F. ) ;
#3215 = ORIENTED_EDGE ( 'NONE', *, *, #1399, .T. ) ;
#3216 = ORIENTED_EDGE ( 'NONE', *, *, #2961, .F. ) ;
#3217 = CYLINDRICAL_SURFACE ( 'NONE', #2426, 5.000000000000226485 ) ;
#3218 = CARTESIAN_POINT ( 'NONE',  ( -46.17081211728943657, 130.6950461228504423, 2.000000000000000000 ) ) ;
#3219 = AXIS2_PLACEMENT_3D ( 'NONE', #522, #1518, #2522 ) ;
#3220 = AXIS2_PLACEMENT_3D ( 'NONE', #1049, #538, #302 ) ;
#3221 = CARTESIAN_POINT ( 'NONE',  ( -39.03345774170624338, 137.5823004018477889, 0.000000000000000000 ) ) ;
#3222 = CARTESIAN_POINT ( 'NONE',  ( 7.105388598427811786, 129.7982117104936606, 2.000000000000000000 ) ) ;
#3223 = EDGE_CURVE ( 'NONE', #2602, #860, #215, .T. ) ;
#3224 = CARTESIAN_POINT ( 'NONE',  ( 24.59266344560116124, 106.1919633355151689, 0.000000000000000000 ) ) ;
#3225 = CIRCLE ( 'NONE', #2222, 2.750000000000016431 ) ;
#3226 = DIRECTION ( 'NONE',  ( 0.000000000000000000, -0.000000000000000000, -1.000000000000000000 ) ) ;
#3227 = DIRECTION ( 'NONE',  ( -0.7148970502644877989, 0.6992297244276264312, -0.000000000000000000 ) ) ;
#3228 = ADVANCED_FACE ( 'NONE', ( #990 ), #740, .T. ) ;
#3229 = EDGE_LOOP ( 'NONE', ( #1143, #839, #189, #2365 ) ) ;
#3230 = VERTEX_POINT ( 'NONE', #259 ) ;
#3231 = ORIENTED_EDGE ( 'NONE', *, *, #269, .T. ) ;
#3232 = ORIENTED_EDGE ( 'NONE', *, *, #1694, .F. ) ;
#3233 = DIRECTION ( 'NONE',  ( -0.000000000000000000, -0.000000000000000000, -1.000000000000000000 ) ) ;
#3234 = DIRECTION ( 'NONE',  ( 0.000000000000000000, 0.000000000000000000, 1.000000000000000000 ) ) ;
#3235 = CARTESIAN_POINT ( 'NONE',  ( 26.98012445080729549, 127.9436729868903058, 2.000000000000000000 ) ) ;
#3236 = AXIS2_PLACEMENT_3D ( 'NONE', #3224, #2464, #956 ) ;
#3237 = DIRECTION ( 'NONE',  ( 0.000000000000000000, -1.000000000000000000, 0.000000000000000000 ) ) ;
#3238 = DIRECTION ( 'NONE',  ( 0.7071067811863323005, -0.7071067811867627340, 0.000000000000000000 ) ) ;
#3239 = ORIENTED_EDGE ( 'NONE', *, *, #1830, .F. ) ;
#3240 = ORIENTED_EDGE ( 'NONE', *, *, #165, .F. ) ;
#3241 = ORIENTED_EDGE ( 'NONE', *, *, #463, .F. ) ;
#3242 = VERTEX_POINT ( 'NONE', #2252 ) ;
#3243 = CARTESIAN_POINT ( 'NONE',  ( -9.761471208208236661, 135.5914907953925024, 2.000000000000000000 ) ) ;
#3244 = DIRECTION ( 'NONE',  ( 0.7071067811865507924, -0.7071067811865441310, 0.000000000000000000 ) ) ;
#3245 = EDGE_LOOP ( 'NONE', ( #397, #879 ) ) ;
#3246 = CARTESIAN_POINT ( 'NONE',  ( 25.24553725175961105, 142.6567856531697771, 2.000000000000000000 ) ) ;
#3247 = EDGE_CURVE ( 'NONE', #1162, #859, #1555, .T. ) ;
#3248 = DIRECTION ( 'NONE',  ( -0.000000000000000000, -0.000000000000000000, -1.000000000000000000 ) ) ;
#3249 = DIRECTION ( 'NONE',  ( -1.000000000000000000, 0.000000000000000000, 0.000000000000000000 ) ) ;
#3250 = LINE ( 'NONE', #570, #352 ) ;
ENDSEC;
END-ISO-10303-21;
