ISO-10303-21;
HEADER;
FILE_DESCRIPTION (( 'STEP AP214' ),
    '1' );
FILE_NAME ('电池板_缩小版_Gen.4.STEP',
    '2025-08-20T14:04:40',
    ( '' ),
    ( '' ),
    'SwSTEP 2.0',
    'SolidWorks 2020',
    '' );
FILE_SCHEMA (( 'AUTOMOTIVE_DESIGN' ));
ENDSEC;

DATA;
#1 = ORIENTED_EDGE ( 'NONE', *, *, #715, .T. ) ;
#2 = CYLINDRICAL_SURFACE ( 'NONE', #190, 6.461004360892371068 ) ;
#3 = CARTESIAN_POINT ( 'NONE',  ( 42.00000000000000000, 0.000000000000000000, 50.00000000000000000 ) ) ;
#4 = EDGE_LOOP ( 'NONE', ( #2701, #3155, #1933, #2850 ) ) ;
#5 = DIRECTION ( 'NONE',  ( 0.000000000000000000, 0.000000000000000000, -1.000000000000000000 ) ) ;
#6 = EDGE_CURVE ( 'NONE', #2705, #2881, #2914, .T. ) ;
#7 = PLANE ( 'NONE',  #2068 ) ;
#8 = EDGE_CURVE ( 'NONE', #2567, #2238, #1844, .T. ) ;
#9 = ORIENTED_EDGE ( 'NONE', *, *, #3087, .T. ) ;
#10 = DIRECTION ( 'NONE',  ( 0.000000000000000000, 0.000000000000000000, 1.000000000000000000 ) ) ;
#11 = LINE ( 'NONE', #1239, #2677 ) ;
#12 = DIRECTION ( 'NONE',  ( 0.000000000000000000, 0.000000000000000000, -1.000000000000000000 ) ) ;
#13 = ORIENTED_EDGE ( 'NONE', *, *, #967, .T. ) ;
#14 = CARTESIAN_POINT ( 'NONE',  ( 49.93801964604172383, 2.000000000000000000, -32.97686193392257792 ) ) ;
#15 = ORIENTED_EDGE ( 'NONE', *, *, #925, .F. ) ;
#16 = DIRECTION ( 'NONE',  ( 0.000000000000000000, 1.000000000000000000, -0.000000000000000000 ) ) ;
#17 = FACE_OUTER_BOUND ( 'NONE', #737, .T. ) ;
#18 = ORIENTED_EDGE ( 'NONE', *, *, #1758, .F. ) ;
#19 = ORIENTED_EDGE ( 'NONE', *, *, #600, .F. ) ;
#20 = DIRECTION ( 'NONE',  ( 0.000000000000000000, 1.000000000000000000, -0.000000000000000000 ) ) ;
#21 = CARTESIAN_POINT ( 'NONE',  ( -27.99999999999970157, 2.000000000000000000, -26.45000000000029772 ) ) ;
#22 = AXIS2_PLACEMENT_3D ( 'NONE', #2592, #1027, #1548 ) ;
#23 = EDGE_CURVE ( 'NONE', #2621, #1122, #1591, .T. ) ;
#24 = ORIENTED_EDGE ( 'NONE', *, *, #925, .T. ) ;
#25 = AXIS2_PLACEMENT_3D ( 'NONE', #1842, #2899, #234 ) ;
#26 = DIRECTION ( 'NONE',  ( 0.000000000000000000, 0.000000000000000000, 1.000000000000000000 ) ) ;
#27 = CARTESIAN_POINT ( 'NONE',  ( -18.64474049546983281, 2.000000000000000000, -29.63023121364311052 ) ) ;
#28 = DIRECTION ( 'NONE',  ( 0.000000000000000000, 1.000000000000000000, -0.000000000000000000 ) ) ;
#29 = EDGE_CURVE ( 'NONE', #2511, #3021, #845, .T. ) ;
#30 = CIRCLE ( 'NONE', #193, 1.550000000000002709 ) ;
#31 = VERTEX_POINT ( 'NONE', #1352 ) ;
#32 = CARTESIAN_POINT ( 'NONE',  ( 47.89998255393118853, 0.000000000000000000, 52.63339765602871267 ) ) ;
#33 = EDGE_CURVE ( 'NONE', #1273, #2076, #2463, .T. ) ;
#34 = CIRCLE ( 'NONE', #2005, 2.549999999999968736 ) ;
#35 = EDGE_CURVE ( 'NONE', #896, #1148, #1083, .T. ) ;
#36 = AXIS2_PLACEMENT_3D ( 'NONE', #3278, #1620, #128 ) ;
#37 = CARTESIAN_POINT ( 'NONE',  ( 27.99999999999990408, 2.000000000000000000, 28.00000000000009592 ) ) ;
#38 = CYLINDRICAL_SURFACE ( 'NONE', #1893, 8.500000000000000000 ) ;
#39 = EDGE_LOOP ( 'NONE', ( #1016, #957, #3108, #3385 ) ) ;
#40 = ORIENTED_EDGE ( 'NONE', *, *, #2020, .T. ) ;
#41 = CARTESIAN_POINT ( 'NONE',  ( -31.99999999999997868, 2.000000000000000000, 43.55000000000001847 ) ) ;
#42 = VECTOR ( 'NONE', #1053, 1000.000000000000000 ) ;
#43 = DIRECTION ( 'NONE',  ( 0.000000000000000000, 0.000000000000000000, -1.000000000000000000 ) ) ;
#44 = VECTOR ( 'NONE', #1870, 1000.000000000000000 ) ;
#45 = PRODUCT_DEFINITION_CONTEXT ( 'detailed design', #1211, 'design' ) ;
#46 = VERTEX_POINT ( 'NONE', #333 ) ;
#47 = CARTESIAN_POINT ( 'NONE',  ( -28.00000000000019185, 2.000000000000000000, 26.44999999999980744 ) ) ;
#48 = MECHANICAL_DESIGN_GEOMETRIC_PRESENTATION_REPRESENTATION (  '', ( #1731 ), #2184 ) ;
#49 = FACE_OUTER_BOUND ( 'NONE', #2103, .T. ) ;
#50 = CARTESIAN_POINT ( 'NONE',  ( 42.00000000000000000, 2.000000000000000000, 48.45000000000000284 ) ) ;
#51 = AXIS2_PLACEMENT_3D ( 'NONE', #2928, #571, #555 ) ;
#52 = ORIENTED_EDGE ( 'NONE', *, *, #1615, .F. ) ;
#53 = CARTESIAN_POINT ( 'NONE',  ( -13.83997312679162484, 2.000000000000000000, 33.11069557317927092 ) ) ;
#54 = EDGE_CURVE ( 'NONE', #3008, #464, #373, .T. ) ;
#55 = EDGE_LOOP ( 'NONE', ( #2340, #2480, #854, #504 ) ) ;
#56 = EDGE_CURVE ( 'NONE', #1481, #275, #2684, .T. ) ;
#57 = DIRECTION ( 'NONE',  ( -0.000000000000000000, -1.000000000000000000, -0.000000000000000000 ) ) ;
#58 = CARTESIAN_POINT ( 'NONE',  ( 33.11069557317927092, 0.000000000000000000, 13.83997312679162839 ) ) ;
#59 = AXIS2_PLACEMENT_3D ( 'NONE', #2072, #1789, #2035 ) ;
#60 = VERTEX_POINT ( 'NONE', #2393 ) ;
#61 = LINE ( 'NONE', #2222, #2453 ) ;
#62 = DIRECTION ( 'NONE',  ( 0.8098500281752961660, -0.000000000000000000, 0.5866369676933700372 ) ) ;
#63 =( LENGTH_UNIT ( ) NAMED_UNIT ( * ) SI_UNIT ( .MILLI., .METRE. ) );
#64 = ORIENTED_EDGE ( 'NONE', *, *, #1757, .F. ) ;
#65 = ORIENTED_EDGE ( 'NONE', *, *, #462, .T. ) ;
#66 = CARTESIAN_POINT ( 'NONE',  ( -42.00000000000000000, 2.000000000000000000, -49.99999999999999289 ) ) ;
#67 = CARTESIAN_POINT ( 'NONE',  ( -42.00000000000000000, 2.000000000000000000, -49.99999999999999289 ) ) ;
#68 = VERTEX_POINT ( 'NONE', #1889 ) ;
#69 = ORIENTED_EDGE ( 'NONE', *, *, #6, .T. ) ;
#70 = LINE ( 'NONE', #1111, #739 ) ;
#71 = EDGE_CURVE ( 'NONE', #1384, #614, #2098, .T. ) ;
#72 = CARTESIAN_POINT ( 'NONE',  ( -27.99999999999970157, 2.000000000000000000, -28.00000000000029132 ) ) ;
#73 = CARTESIAN_POINT ( 'NONE',  ( 1.515768127461402927E-15, 2.000000000000000000, 34.47654704141600490 ) ) ;
#74 = ORIENTED_EDGE ( 'NONE', *, *, #1912, .T. ) ;
#75 = ORIENTED_EDGE ( 'NONE', *, *, #508, .F. ) ;
#76 = CARTESIAN_POINT ( 'NONE',  ( 41.46870134679144826, 0.000000000000000000, -23.61245673476621576 ) ) ;
#77 = CARTESIAN_POINT ( 'NONE',  ( 42.00000000000000000, 2.000000000000000000, -50.00000000000000000 ) ) ;
#78 = CARTESIAN_POINT ( 'NONE',  ( 18.30049045133074515, 0.000000000000000000, -31.00418501571296659 ) ) ;
#79 = AXIS2_PLACEMENT_3D ( 'NONE', #856, #1898, #2161 ) ;
#80 = ORIENTED_EDGE ( 'NONE', *, *, #1243, .T. ) ;
#81 = DIRECTION ( 'NONE',  ( 0.000000000000000000, 1.000000000000000000, 0.000000000000000000 ) ) ;
#82 = DIRECTION ( 'NONE',  ( 0.000000000000000000, 0.000000000000000000, -1.000000000000000000 ) ) ;
#83 = FACE_BOUND ( 'NONE', #1101, .T. ) ;
#84 = ORIENTED_EDGE ( 'NONE', *, *, #2587, .F. ) ;
#85 = ORIENTED_EDGE ( 'NONE', *, *, #29, .F. ) ;
#86 = LINE ( 'NONE', #1129, #1667 ) ;
#87 = FACE_OUTER_BOUND ( 'NONE', #2358, .T. ) ;
#88 = AXIS2_PLACEMENT_3D ( 'NONE', #125, #698, #1462 ) ;
#89 = CARTESIAN_POINT ( 'NONE',  ( -41.46870134679142694, 0.000000000000000000, -23.61245673476618734 ) ) ;
#90 = AXIS2_PLACEMENT_3D ( 'NONE', #489, #1558, #1817 ) ;
#91 = ORIENTED_EDGE ( 'NONE', *, *, #2220, .T. ) ;
#92 = DIRECTION ( 'NONE',  ( -0.5866369676933702593, 0.000000000000000000, 0.8098500281752958330 ) ) ;
#93 = CARTESIAN_POINT ( 'NONE',  ( -31.99999999999997868, 0.000000000000000000, 42.00000000000001421 ) ) ;
#94 = CIRCLE ( 'NONE', #855, 1.550000000000002709 ) ;
#95 = PRESENTATION_STYLE_ASSIGNMENT (( #2447 ) ) ;
#96 = ADVANCED_FACE ( 'NONE', ( #593 ), #1629, .F. ) ;
#97 = CIRCLE ( 'NONE', #2009, 1.000000000000000000 ) ;
#98 = ORIENTED_EDGE ( 'NONE', *, *, #2106, .F. ) ;
#99 = EDGE_CURVE ( 'NONE', #2705, #1290, #968, .T. ) ;
#100 = CARTESIAN_POINT ( 'NONE',  ( 27.99999999999990408, 0.000000000000000000, 28.00000000000009592 ) ) ;
#101 = DIRECTION ( 'NONE',  ( -0.000000000000000000, -1.000000000000000000, -0.000000000000000000 ) ) ;
#102 = LINE ( 'NONE', #3258, #1287 ) ;
#103 = CONICAL_SURFACE ( 'NONE', #653, 2.550000000000024691, 0.7853981633974566057 ) ;
#104 = VECTOR ( 'NONE', #680, 1000.000000000000000 ) ;
#105 = ORIENTED_EDGE ( 'NONE', *, *, #1339, .T. ) ;
#106 = CARTESIAN_POINT ( 'NONE',  ( 18.64474049546983636, 2.000000000000000000, 29.63023121364310697 ) ) ;
#107 = AXIS2_PLACEMENT_3D ( 'NONE', #1381, #1661, #3032 ) ;
#108 = VECTOR ( 'NONE', #2428, 1000.000000000000000 ) ;
#109 = ORIENTED_EDGE ( 'NONE', *, *, #2096, .F. ) ;
#110 = AXIS2_PLACEMENT_3D ( 'NONE', #877, #1186, #2976 ) ;
#111 = DIRECTION ( 'NONE',  ( -0.000000000000000000, 1.000000000000000000, -0.000000000000000000 ) ) ;
#112 = DIRECTION ( 'NONE',  ( -0.000000000000000000, -1.000000000000000000, -0.000000000000000000 ) ) ;
#113 = ORIENTED_EDGE ( 'NONE', *, *, #2726, .T. ) ;
#114 = FACE_OUTER_BOUND ( 'NONE', #1978, .T. ) ;
#115 = LINE ( 'NONE', #1941, #760 ) ;
#116 = DIRECTION ( 'NONE',  ( 0.000000000000000000, 0.000000000000000000, -1.000000000000000000 ) ) ;
#117 = VERTEX_POINT ( 'NONE', #1123 ) ;
#118 = EDGE_CURVE ( 'NONE', #3230, #920, #209, .T. ) ;
#119 = CARTESIAN_POINT ( 'NONE',  ( -47.89998255393140170, 2.000000000000000000, 52.63339765602871978 ) ) ;
#120 = CARTESIAN_POINT ( 'NONE',  ( 42.00000000000000000, 0.9999999999999783507, -51.55000000000000426 ) ) ;
#121 = DIRECTION ( 'NONE',  ( -0.000000000000000000, -1.000000000000000000, -0.000000000000000000 ) ) ;
#122 = EDGE_CURVE ( 'NONE', #2942, #697, #479, .T. ) ;
#123 = ADVANCED_FACE ( 'NONE', ( #419 ), #133, .F. ) ;
#124 = VERTEX_POINT ( 'NONE', #1698 ) ;
#125 = CARTESIAN_POINT ( 'NONE',  ( -27.99999999999970157, 0.000000000000000000, -28.00000000000029132 ) ) ;
#126 = DIRECTION ( 'NONE',  ( 0.000000000000000000, 0.000000000000000000, -1.000000000000000000 ) ) ;
#127 = ORIENTED_EDGE ( 'NONE', *, *, #715, .F. ) ;
#128 = DIRECTION ( 'NONE',  ( 0.000000000000000000, 0.000000000000000000, 1.000000000000000000 ) ) ;
#129 = ORIENTED_EDGE ( 'NONE', *, *, #2471, .F. ) ;
#130 = DIRECTION ( 'NONE',  ( 0.000000000000000000, 0.000000000000000000, 1.000000000000000000 ) ) ;
#131 = DIRECTION ( 'NONE',  ( 0.000000000000000000, 0.000000000000000000, 1.000000000000000000 ) ) ;
#132 = ORIENTED_EDGE ( 'NONE', *, *, #842, .F. ) ;
#133 = CYLINDRICAL_SURFACE ( 'NONE', #427, 1.550000000000002709 ) ;
#134 = CARTESIAN_POINT ( 'NONE',  ( 15.94915935882295877, 2.000000000000000000, -43.92113534891822013 ) ) ;
#135 = LINE ( 'NONE', #630, #2967 ) ;
#136 = EDGE_CURVE ( 'NONE', #1151, #2941, #3398, .T. ) ;
#137 = ORIENTED_EDGE ( 'NONE', *, *, #2312, .T. ) ;
#138 = CARTESIAN_POINT ( 'NONE',  ( 27.99999999999999645, 2.000000000000000000, -28.00000000000000000 ) ) ;
#139 = ADVANCED_FACE ( 'NONE', ( #1645 ), #1909, .T. ) ;
#140 = EDGE_CURVE ( 'NONE', #1039, #1189, #2473, .T. ) ;
#141 = CARTESIAN_POINT ( 'NONE',  ( -29.63023121364311052, 2.000000000000000000, 18.64474049546982926 ) ) ;
#142 = CARTESIAN_POINT ( 'NONE',  ( -27.99999999999970157, 0.000000000000000000, -29.55000000000028848 ) ) ;
#144 = ORIENTED_EDGE ( 'NONE', *, *, #1737, .F. ) ;
#143 = VECTOR ( 'NONE', #2920, 999.9999999999998863 ) ;
#145 = CARTESIAN_POINT ( 'NONE',  ( 29.63023121364310697, 2.000000000000000000, 18.64474049546983281 ) ) ;
#146 = LINE ( 'NONE', #643, #108 ) ;
#147 = CIRCLE ( 'NONE', #200, 6.461004360892336429 ) ;
#148 = ORIENTED_EDGE ( 'NONE', *, *, #2940, .T. ) ;
#149 = CARTESIAN_POINT ( 'NONE',  ( 1.515768127461402927E-15, 0.000000000000000000, 79.58539014615182339 ) ) ;
#150 = CIRCLE ( 'NONE', #2569, 37.42950504792256794 ) ;
#151 = LINE ( 'NONE', #3017, #2057 ) ;
#152 = CARTESIAN_POINT ( 'NONE',  ( -41.99999999999997158, 0.000000000000000000, 50.00000000000000711 ) ) ;
#153 = ORIENTED_EDGE ( 'NONE', *, *, #493, .F. ) ;
#154 = VECTOR ( 'NONE', #2792, 1000.000000000000114 ) ;
#155 = ORIENTED_EDGE ( 'NONE', *, *, #2084, .T. ) ;
#156 = FACE_OUTER_BOUND ( 'NONE', #1921, .T. ) ;
#157 = AXIS2_PLACEMENT_3D ( 'NONE', #2193, #651, #1666 ) ;
#158 = CIRCLE ( 'NONE', #428, 1.000000000000000888 ) ;
#159 = EDGE_CURVE ( 'NONE', #332, #442, #627, .T. ) ;
#160 = CARTESIAN_POINT ( 'NONE',  ( -18.64474049546983281, 0.000000000000000000, -29.63023121364311052 ) ) ;
#161 = CARTESIAN_POINT ( 'NONE',  ( 18.08055958075299685, 2.000000000000000000, 30.91778705203399724 ) ) ;
#162 = CIRCLE ( 'NONE', #2638, 6.461004360892371068 ) ;
#163 = AXIS2_PLACEMENT_3D ( 'NONE', #2488, #2445, #1153 ) ;
#164 = EDGE_LOOP ( 'NONE', ( #3148, #496, #1800, #2489 ) ) ;
#165 = DIRECTION ( 'NONE',  ( 0.000000000000000000, 0.000000000000000000, -1.000000000000000000 ) ) ;
#166 = LINE ( 'NONE', #3315, #2188 ) ;
#167 = VERTEX_POINT ( 'NONE', #665 ) ;
#168 = CARTESIAN_POINT ( 'NONE',  ( -77.26598944702276128, 2.000000000000000000, 2.182977076798671060E-15 ) ) ;
#169 = LINE ( 'NONE', #1207, #1137 ) ;
#170 = EDGE_LOOP ( 'NONE', ( #3153, #1296, #1397, #1601 ) ) ;
#171 = DIRECTION ( 'NONE',  ( 1.632680918566406596E-15, 0.000000000000000000, -1.000000000000000000 ) ) ;
#172 = CARTESIAN_POINT ( 'NONE',  ( -18.08055958075299685, 2.000000000000000000, -30.91778705203399369 ) ) ;
#173 = DIRECTION ( 'NONE',  ( 0.000000000000000000, 0.000000000000000000, -1.000000000000000000 ) ) ;
#174 = CARTESIAN_POINT ( 'NONE',  ( -17.93264139703263282, 2.000000000000000000, 31.93407053192019873 ) ) ;
#175 = VERTEX_POINT ( 'NONE', #1664 ) ;
#176 = EDGE_CURVE ( 'NONE', #697, #3198, #2719, .T. ) ;
#177 = DIRECTION ( 'NONE',  ( 0.000000000000000000, 1.000000000000000000, -0.000000000000000000 ) ) ;
#178 = ORIENTED_EDGE ( 'NONE', *, *, #842, .T. ) ;
#179 = ORIENTED_EDGE ( 'NONE', *, *, #1564, .T. ) ;
#180 = CIRCLE ( 'NONE', #3370, 1.550000000000002709 ) ;
#181 = CARTESIAN_POINT ( 'NONE',  ( 29.63023121364310697, 2.000000000000000000, -18.64474049546982926 ) ) ;
#182 = FACE_BOUND ( 'NONE', #3062, .T. ) ;
#183 = EDGE_CURVE ( 'NONE', #1148, #896, #3027, .T. ) ;
#184 = VERTEX_POINT ( 'NONE', #2979 ) ;
#185 = AXIS2_PLACEMENT_3D ( 'NONE', #2461, #583, #2182 ) ;
#186 = DIRECTION ( 'NONE',  ( 0.000000000000000000, 0.000000000000000000, 1.000000000000000000 ) ) ;
#187 = DIRECTION ( 'NONE',  ( -0.000000000000000000, -1.000000000000000000, -0.000000000000000000 ) ) ;
#188 = CIRCLE ( 'NONE', #1269, 37.42950504792256794 ) ;
#189 = DIRECTION ( 'NONE',  ( 0.000000000000000000, 0.000000000000000000, 1.000000000000000000 ) ) ;
#190 = AXIS2_PLACEMENT_3D ( 'NONE', #1567, #2371, #1519 ) ;
#191 = FACE_OUTER_BOUND ( 'NONE', #1323, .T. ) ;
#192 = CARTESIAN_POINT ( 'NONE',  ( 46.37644612199552085, 2.000000000000000000, 31.31607292457774960 ) ) ;
#193 = AXIS2_PLACEMENT_3D ( 'NONE', #1973, #1476, #2495 ) ;
#194 = EDGE_LOOP ( 'NONE', ( #235, #1649, #292, #1824 ) ) ;
#195 = DIRECTION ( 'NONE',  ( 0.000000000000000000, 1.000000000000000000, 0.000000000000000000 ) ) ;
#196 = EDGE_CURVE ( 'NONE', #369, #3021, #1402, .T. ) ;
#197 = AXIS2_PLACEMENT_3D ( 'NONE', #2000, #3310, #171 ) ;
#198 = FACE_BOUND ( 'NONE', #2254, .T. ) ;
#199 = ADVANCED_FACE ( 'NONE', ( #351 ), #402, .T. ) ;
#200 = AXIS2_PLACEMENT_3D ( 'NONE', #2032, #1494, #3409 ) ;
#201 = ORIENTED_EDGE ( 'NONE', *, *, #3335, .T. ) ;
#202 = CYLINDRICAL_SURFACE ( 'NONE', #1499, 1.549999999999995826 ) ;
#203 = CARTESIAN_POINT ( 'NONE',  ( -27.99999999999970157, 0.000000000000000000, -28.00000000000029132 ) ) ;
#204 = CIRCLE ( 'NONE', #2742, 8.500000000000000000 ) ;
#205 = CIRCLE ( 'NONE', #1508, 45.10884310473581138 ) ;
#206 = DIRECTION ( 'NONE',  ( 0.000000000000000000, 0.000000000000000000, -1.000000000000000000 ) ) ;
#207 = DIRECTION ( 'NONE',  ( 0.000000000000000000, 1.000000000000000000, 0.000000000000000000 ) ) ;
#208 = ORIENTED_EDGE ( 'NONE', *, *, #2837, .T. ) ;
#209 = CIRCLE ( 'NONE', #2402, 6.461004360892371068 ) ;
#210 = CARTESIAN_POINT ( 'NONE',  ( -56.96870134679146958, -0.01000000000000000021, -36.25532265303234425 ) ) ;
#211 = DIRECTION ( 'NONE',  ( 0.000000000000000000, 1.000000000000000000, 0.000000000000000000 ) ) ;
#212 = ORIENTED_EDGE ( 'NONE', *, *, #1484, .F. ) ;
#213 = CARTESIAN_POINT ( 'NONE',  ( -33.11069557317927092, 2.000000000000000000, -13.83997312679163194 ) ) ;
#214 = AXIS2_PLACEMENT_3D ( 'NONE', #1415, #1641, #2186 ) ;
#215 = FACE_OUTER_BOUND ( 'NONE', #673, .T. ) ;
#216 = EDGE_CURVE ( 'NONE', #412, #979, #1289, .T. ) ;
#217 = ORIENTED_EDGE ( 'NONE', *, *, #1656, .T. ) ;
#218 = CARTESIAN_POINT ( 'NONE',  ( 32.00000000000002132, 2.000000000000000000, 43.55000000000001137 ) ) ;
#219 = CARTESIAN_POINT ( 'NONE',  ( -29.63023121364310342, 0.000000000000000000, -18.64474049546984702 ) ) ;
#220 = VERTEX_POINT ( 'NONE', #1926 ) ;
#221 = DIRECTION ( 'NONE',  ( 0.000000000000000000, 0.000000000000000000, -1.000000000000000000 ) ) ;
#222 = LINE ( 'NONE', #471, #2910 ) ;
#223 = ORIENTED_EDGE ( 'NONE', *, *, #2862, .F. ) ;
#224 = DIRECTION ( 'NONE',  ( -0.000000000000000000, -1.000000000000000000, -0.000000000000000000 ) ) ;
#225 = CARTESIAN_POINT ( 'NONE',  ( -1.431935647123593981E-14, 2.000000000000000000, 28.51598944702274352 ) ) ;
#226 = EDGE_LOOP ( 'NONE', ( #598, #2668, #1728, #1839 ) ) ;
#227 = CARTESIAN_POINT ( 'NONE',  ( 42.00000000000000000, 0.000000000000000000, -47.45000000000003126 ) ) ;
#228 = MANIFOLD_SOLID_BREP ( '光流视野扩口', #3184 ) ;
#229 = DIRECTION ( 'NONE',  ( 0.000000000000000000, -1.000000000000000000, 0.000000000000000000 ) ) ;
#230 = ORIENTED_EDGE ( 'NONE', *, *, #1314, .F. ) ;
#231 = CARTESIAN_POINT ( 'NONE',  ( 44.34352327037784391, 0.000000000000000000, 39.74681774161130932 ) ) ;
#232 = CARTESIAN_POINT ( 'NONE',  ( -35.99999999999999289, 2.000000000000000000, -44.54999999999999005 ) ) ;
#233 = VERTEX_POINT ( 'NONE', #3318 ) ;
#234 = DIRECTION ( 'NONE',  ( 0.000000000000000000, 0.000000000000000000, -1.000000000000000000 ) ) ;
#235 = ORIENTED_EDGE ( 'NONE', *, *, #3065, .F. ) ;
#236 = EDGE_CURVE ( 'NONE', #3138, #327, #702, .T. ) ;
#237 = ORIENTED_EDGE ( 'NONE', *, *, #1757, .T. ) ;
#238 = ADVANCED_FACE ( 'NONE', ( #2341 ), #1472, .T. ) ;
#239 = VECTOR ( 'NONE', #2008, 1000.000000000000000 ) ;
#240 = DIRECTION ( 'NONE',  ( 0.000000000000000000, 0.000000000000000000, -1.000000000000000000 ) ) ;
#241 = CYLINDRICAL_SURFACE ( 'NONE', #1502, 8.499999999999996447 ) ;
#242 = EDGE_CURVE ( 'NONE', #233, #2249, #162, .T. ) ;
#243 = CIRCLE ( 'NONE', #1059, 1.550000000000002709 ) ;
#244 = ORIENTED_EDGE ( 'NONE', *, *, #2496, .F. ) ;
#245 = EDGE_LOOP ( 'NONE', ( #2969, #3139, #2538, #328 ) ) ;
#246 = CARTESIAN_POINT ( 'NONE',  ( 5.009235022023390549, 0.000000000000000000, -0.8098500281752928354 ) ) ;
#247 = DIRECTION ( 'NONE',  ( -0.000000000000000000, -1.000000000000000000, 0.000000000000000000 ) ) ;
#248 = ORIENTED_EDGE ( 'NONE', *, *, #2194, .T. ) ;
#249 = AXIS2_PLACEMENT_3D ( 'NONE', #1579, #2656, #1823 ) ;
#250 = CARTESIAN_POINT ( 'NONE',  ( 42.00000000000000000, 0.000000000000000000, 50.00000000000000000 ) ) ;
#251 = DIRECTION ( 'NONE',  ( 0.000000000000000000, 1.000000000000000000, 0.000000000000000000 ) ) ;
#252 = CIRCLE ( 'NONE', #1831, 6.461004360892398601 ) ;
#253 = EDGE_LOOP ( 'NONE', ( #3408, #3098, #1734, #859 ) ) ;
#254 = DIRECTION ( 'NONE',  ( 0.000000000000000000, 0.000000000000000000, -1.000000000000000000 ) ) ;
#255 = VECTOR ( 'NONE', #857, 1000.000000000000000 ) ;
#256 = AXIS2_PLACEMENT_3D ( 'NONE', #161, #3312, #2798 ) ;
#257 = ADVANCED_FACE ( 'NONE', ( #2272 ), #3353, .F. ) ;
#258 = DIRECTION ( 'NONE',  ( 0.000000000000000000, 1.000000000000000000, -0.000000000000000000 ) ) ;
#259 = DIRECTION ( 'NONE',  ( 0.000000000000000000, 0.000000000000000000, -1.000000000000000000 ) ) ;
#260 = CIRCLE ( 'NONE', #1454, 1.550000000000002709 ) ;
#261 = ADVANCED_FACE ( 'NONE', ( #465 ), #2012, .F. ) ;
#262 = EDGE_LOOP ( 'NONE', ( #201, #2636, #75, #664 ) ) ;
#263 = DIRECTION ( 'NONE',  ( 0.000000000000000000, 0.000000000000000000, -1.000000000000000000 ) ) ;
#264 = LINE ( 'NONE', #2681, #44 ) ;
#265 = ORIENTED_EDGE ( 'NONE', *, *, #54, .T. ) ;
#266 = DIRECTION ( 'NONE',  ( -0.000000000000000000, -1.000000000000000000, -0.000000000000000000 ) ) ;
#267 = CARTESIAN_POINT ( 'NONE',  ( -31.99999999999997868, 0.000000000000000000, 43.55000000000001847 ) ) ;
#268 = DIRECTION ( 'NONE',  ( -0.000000000000000000, -1.000000000000000000, 0.000000000000000000 ) ) ;
#269 = ORIENTED_EDGE ( 'NONE', *, *, #2666, .F. ) ;
#270 = CARTESIAN_POINT ( 'NONE',  ( 31.84940921072723796, 2.000000000000000000, -17.71713124747153856 ) ) ;
#271 = CYLINDRICAL_SURFACE ( 'NONE', #22, 8.500000000000000000 ) ;
#272 = DIRECTION ( 'NONE',  ( -0.000000000000000000, -1.000000000000000000, 0.000000000000000000 ) ) ;
#273 = EDGE_CURVE ( 'NONE', #2218, #184, #1504, .T. ) ;
#274 = VECTOR ( 'NONE', #3040, 1000.000000000000000 ) ;
#275 = VERTEX_POINT ( 'NONE', #246 ) ;
#276 = VERTEX_POINT ( 'NONE', #1278 ) ;
#277 = EDGE_CURVE ( 'NONE', #2249, #3196, #1760, .T. ) ;
#278 = DIRECTION ( 'NONE',  ( 0.000000000000000000, 1.000000000000000000, -0.000000000000000000 ) ) ;
#279 = CONICAL_SURFACE ( 'NONE', #3091, 2.549999999999968736, 0.7853981633974426169 ) ;
#280 = DIRECTION ( 'NONE',  ( -0.9131680191462252516, 0.000000000000000000, -0.4075833274418365071 ) ) ;
#281 = ORIENTED_EDGE ( 'NONE', *, *, #1120, .T. ) ;
#282 = EDGE_CURVE ( 'NONE', #2756, #124, #1522, .T. ) ;
#283 = DIRECTION ( 'NONE',  ( -0.000000000000000000, -1.000000000000000000, -0.000000000000000000 ) ) ;
#284 = FACE_OUTER_BOUND ( 'NONE', #1427, .T. ) ;
#285 = DIRECTION ( 'NONE',  ( -0.000000000000000000, 1.000000000000000000, -0.000000000000000000 ) ) ;
#286 = ADVANCED_FACE ( 'NONE', ( #1746 ), #502, .F. ) ;
#287 = VERTEX_POINT ( 'NONE', #2541 ) ;
#288 = CARTESIAN_POINT ( 'NONE',  ( 42.00000000000000000, 2.000000000000000000, 50.00000000000000000 ) ) ;
#289 = ORIENTED_EDGE ( 'NONE', *, *, #1312, .F. ) ;
#290 = CARTESIAN_POINT ( 'NONE',  ( -31.00418501571298435, 2.000000000000000000, -18.30049045133075580 ) ) ;
#291 = DIRECTION ( 'NONE',  ( -0.000000000000000000, -1.000000000000000000, -0.000000000000000000 ) ) ;
#292 = ORIENTED_EDGE ( 'NONE', *, *, #1845, .F. ) ;
#293 = ORIENTED_EDGE ( 'NONE', *, *, #1845, .T. ) ;
#294 = DIRECTION ( 'NONE',  ( -0.000000000000000000, -1.000000000000000000, -0.000000000000000000 ) ) ;
#295 = CARTESIAN_POINT ( 'NONE',  ( -5.009235022023390549, 0.000000000000000000, -0.8098500281752928354 ) ) ;
#296 = CIRCLE ( 'NONE', #25, 8.499999999999996447 ) ;
#297 = PRODUCT_DEFINITION ( '未知', '', #734, #45 ) ;
#298 = ORIENTED_EDGE ( 'NONE', *, *, #1383, .T. ) ;
#299 = EDGE_CURVE ( 'NONE', #929, #819, #1537, .T. ) ;
#300 = DIRECTION ( 'NONE',  ( -0.000000000000000000, -1.000000000000000000, -0.000000000000000000 ) ) ;
#301 = DIRECTION ( 'NONE',  ( 0.000000000000000000, 0.000000000000000000, -1.000000000000000000 ) ) ;
#302 = FACE_OUTER_BOUND ( 'NONE', #1238, .T. ) ;
#303 = EDGE_CURVE ( 'NONE', #2833, #1596, #450, .T. ) ;
#304 = ORIENTED_EDGE ( 'NONE', *, *, #23, .F. ) ;
#305 = CARTESIAN_POINT ( 'NONE',  ( -18.30049045133073449, 2.000000000000000000, 31.00418501571296659 ) ) ;
#306 = CIRCLE ( 'NONE', #2563, 37.42950504792256794 ) ;
#307 = EDGE_LOOP ( 'NONE', ( #1411, #1309 ) ) ;
#308 = CONICAL_SURFACE ( 'NONE', #3341, 2.549999999999968736, 0.7853981633974426169 ) ;
#309 = CARTESIAN_POINT ( 'NONE',  ( 42.00000000000000000, 0.000000000000000000, 50.00000000000000000 ) ) ;
#310 = CARTESIAN_POINT ( 'NONE',  ( -18.08055958075299685, 2.000000000000000000, -30.91778705203399369 ) ) ;
#311 = ORIENTED_EDGE ( 'NONE', *, *, #1050, .F. ) ;
#312 = ORIENTED_EDGE ( 'NONE', *, *, #904, .T. ) ;
#313 = CARTESIAN_POINT ( 'NONE',  ( -42.00000000000000000, 0.9999999999999783507, -49.99999999999999289 ) ) ;
#314 = AXIS2_PLACEMENT_3D ( 'NONE', #3222, #2966, #1631 ) ;
#315 = CARTESIAN_POINT ( 'NONE',  ( -43.92113534891821303, 2.000000000000000000, -15.94915935882295877 ) ) ;
#316 = ORIENTED_EDGE ( 'NONE', *, *, #885, .F. ) ;
#317 = ORIENTED_EDGE ( 'NONE', *, *, #3359, .T. ) ;
#318 = VECTOR ( 'NONE', #266, 1000.000000000000000 ) ;
#319 = CYLINDRICAL_SURFACE ( 'NONE', #3117, 1.550000000000002709 ) ;
#320 = DIRECTION ( 'NONE',  ( -0.4075833274418372287, -0.000000000000000000, -0.9131680191462248075 ) ) ;
#321 = EDGE_CURVE ( 'NONE', #1469, #233, #2581, .T. ) ;
#322 = ORIENTED_EDGE ( 'NONE', *, *, #3126, .F. ) ;
#323 = CARTESIAN_POINT ( 'NONE',  ( 18.64474049546984347, 2.000000000000000000, -29.63023121364310342 ) ) ;
#324 = ADVANCED_FACE ( 'NONE', ( #1233 ), #2290, .F. ) ;
#325 = CARTESIAN_POINT ( 'NONE',  ( -18.08055958075299685, 0.000000000000000000, -30.91778705203399369 ) ) ;
#326 = LINE ( 'NONE', #3264, #255 ) ;
#327 = VERTEX_POINT ( 'NONE', #995 ) ;
#328 = ORIENTED_EDGE ( 'NONE', *, *, #2020, .F. ) ;
#329 = LINE ( 'NONE', #415, #239 ) ;
#330 = DIRECTION ( 'NONE',  ( 0.000000000000000000, 0.000000000000000000, 1.000000000000000000 ) ) ;
#331 = DIRECTION ( 'NONE',  ( 0.000000000000000000, 1.000000000000000000, -0.000000000000000000 ) ) ;
#332 = VERTEX_POINT ( 'NONE', #2043 ) ;
#333 = CARTESIAN_POINT ( 'NONE',  ( 52.10545143312076277, 0.000000000000000000, -43.21127602486693320 ) ) ;
#334 = DIRECTION ( 'NONE',  ( -0.000000000000000000, -1.000000000000000000, 0.000000000000000000 ) ) ;
#335 = DIRECTION ( 'NONE',  ( 0.9063077870366512689, 0.000000000000000000, 0.4226182617406969433 ) ) ;
#336 = ORIENTED_EDGE ( 'NONE', *, *, #2316, .T. ) ;
#337 = ORIENTED_EDGE ( 'NONE', *, *, #1005, .F. ) ;
#338 = DIRECTION ( 'NONE',  ( 0.000000000000000000, 0.000000000000000000, -1.000000000000000000 ) ) ;
#339 = ADVANCED_FACE ( 'NONE', ( #485 ), #3109, .F. ) ;
#340 = CARTESIAN_POINT ( 'NONE',  ( 27.99999999999999645, 2.000000000000000000, -28.00000000000000000 ) ) ;
#341 = CARTESIAN_POINT ( 'NONE',  ( -15.94915935882295521, 0.000000000000000000, 43.92113534891822013 ) ) ;
#342 = AXIS2_PLACEMENT_3D ( 'NONE', #290, #1261, #790 ) ;
#343 = EDGE_CURVE ( 'NONE', #1063, #2011, #2596, .T. ) ;
#344 = ORIENTED_EDGE ( 'NONE', *, *, #71, .T. ) ;
#345 = ADVANCED_FACE ( 'NONE', ( #3383 ), #1012, .F. ) ;
#346 = DIRECTION ( 'NONE',  ( 0.000000000000000000, 0.000000000000000000, -1.000000000000000000 ) ) ;
#347 = FACE_OUTER_BOUND ( 'NONE', #554, .T. ) ;
#348 = FILL_AREA_STYLE ('',( #1139 ) ) ;
#349 = UNCERTAINTY_MEASURE_WITH_UNIT (LENGTH_MEASURE( 1.000000000000000082E-05 ), #3255, 'distance_accuracy_value', 'NONE');
#350 = ORIENTED_EDGE ( 'NONE', *, *, #1378, .T. ) ;
#351 = FACE_OUTER_BOUND ( 'NONE', #2926, .T. ) ;
#352 = DIRECTION ( 'NONE',  ( 0.000000000000000000, 0.000000000000000000, -1.000000000000000000 ) ) ;
#353 = DIRECTION ( 'NONE',  ( 0.000000000000000000, 1.000000000000000000, 0.000000000000000000 ) ) ;
#354 = ORIENTED_EDGE ( 'NONE', *, *, #343, .T. ) ;
#355 = ORIENTED_EDGE ( 'NONE', *, *, #71, .F. ) ;
#356 = CARTESIAN_POINT ( 'NONE',  ( -31.00418501571298435, 0.000000000000000000, -18.30049045133075580 ) ) ;
#357 =( GEOMETRIC_REPRESENTATION_CONTEXT ( 3 ) GLOBAL_UNCERTAINTY_ASSIGNED_CONTEXT ( ( #2805 ) ) GLOBAL_UNIT_ASSIGNED_CONTEXT ( ( #63, #1662, #1643 ) ) REPRESENTATION_CONTEXT ( 'NONE', 'WORKASPACE' ) );
#358 = DIRECTION ( 'NONE',  ( 0.000000000000000000, 0.000000000000000000, -1.000000000000000000 ) ) ;
#359 = VECTOR ( 'NONE', #1950, 1000.000000000000000 ) ;
#360 = DIRECTION ( 'NONE',  ( -0.000000000000000000, -1.000000000000000000, -0.000000000000000000 ) ) ;
#361 = ADVANCED_FACE ( 'NONE', ( #3178 ), #1032, .F. ) ;
#362 = ORIENTED_EDGE ( 'NONE', *, *, #1312, .T. ) ;
#363 = DIRECTION ( 'NONE',  ( 0.000000000000000000, 1.000000000000000000, 0.000000000000000000 ) ) ;
#364 = LINE ( 'NONE', #1432, #1850 ) ;
#365 = EDGE_CURVE ( 'NONE', #3162, #1330, #2863, .T. ) ;
#366 = AXIS2_PLACEMENT_3D ( 'NONE', #58, #874, #380 ) ;
#367 = FACE_OUTER_BOUND ( 'NONE', #1117, .T. ) ;
#368 = VECTOR ( 'NONE', #700, 1000.000000000000000 ) ;
#369 = VERTEX_POINT ( 'NONE', #827 ) ;
#370 = CARTESIAN_POINT ( 'NONE',  ( 0.000000000000000000, 0.000000000000000000, -5.595871989716768802 ) ) ;
#371 = LINE ( 'NONE', #917, #1782 ) ;
#372 = CIRCLE ( 'NONE', #1188, 1.550000000000002709 ) ;
#373 = CIRCLE ( 'NONE', #1345, 1.000000000000000000 ) ;
#374 = ORIENTED_EDGE ( 'NONE', *, *, #1404, .T. ) ;
#375 = CARTESIAN_POINT ( 'NONE',  ( 44.34352327037785813, 0.000000000000000000, -39.74681774161131642 ) ) ;
#376 = AXIS2_PLACEMENT_3D ( 'NONE', #1960, #1119, #400 ) ;
#377 = ORIENTED_EDGE ( 'NONE', *, *, #3305, .T. ) ;
#378 = CIRCLE ( 'NONE', #814, 5.932910046942938997 ) ;
#379 = CYLINDRICAL_SURFACE ( 'NONE', #2268, 1.000000000000000888 ) ;
#380 = DIRECTION ( 'NONE',  ( 0.000000000000000000, 0.000000000000000000, 1.000000000000000000 ) ) ;
#381 = ORIENTED_EDGE ( 'NONE', *, *, #1849, .T. ) ;
#382 = CARTESIAN_POINT ( 'NONE',  ( 32.00000000000002132, 2.000000000000000000, 42.00000000000000711 ) ) ;
#383 = CYLINDRICAL_SURFACE ( 'NONE', #2470, 1.000000000000000000 ) ;
#384 = EDGE_CURVE ( 'NONE', #2454, #1020, #2073, .T. ) ;
#385 = DIRECTION ( 'NONE',  ( 0.000000000000000000, 0.000000000000000000, -1.000000000000000000 ) ) ;
#386 = ORIENTED_EDGE ( 'NONE', *, *, #3028, .T. ) ;
#387 = DIRECTION ( 'NONE',  ( 0.000000000000000000, 1.000000000000000000, -0.000000000000000000 ) ) ;
#388 = EDGE_CURVE ( 'NONE', #614, #775, #2526, .T. ) ;
#389 = CARTESIAN_POINT ( 'NONE',  ( -42.00000000000000000, 2.000000000000000000, -51.54999999999999716 ) ) ;
#390 = EDGE_CURVE ( 'NONE', #412, #1939, #1064, .T. ) ;
#391 = DIRECTION ( 'NONE',  ( -0.000000000000000000, -1.000000000000000000, -0.000000000000000000 ) ) ;
#392 = ORIENTED_EDGE ( 'NONE', *, *, #508, .T. ) ;
#393 = ADVANCED_FACE ( 'NONE', ( #2662 ), #1311, .F. ) ;
#394 = CARTESIAN_POINT ( 'NONE',  ( 77.26598944702274707, 2.000000000000000000, -2.274402893699801340E-29 ) ) ;
#395 = AXIS2_PLACEMENT_3D ( 'NONE', #1988, #2299, #2764 ) ;
#396 = LINE ( 'NONE', #1224, #613 ) ;
#397 = LINE ( 'NONE', #1426, #647 ) ;
#398 = EDGE_LOOP ( 'NONE', ( #1644, #1270, #2540, #941 ) ) ;
#399 = DIRECTION ( 'NONE',  ( 0.5866369676933700372, 0.000000000000000000, 0.8098500281752961660 ) ) ;
#400 = DIRECTION ( 'NONE',  ( 8.163404592832032979E-16, 0.000000000000000000, -1.000000000000000000 ) ) ;
#401 = ORIENTED_EDGE ( 'NONE', *, *, #963, .F. ) ;
#402 = PLANE ( 'NONE',  #2801 ) ;
#403 = CARTESIAN_POINT ( 'NONE',  ( 42.00000000000000000, 0.9999999999999783507, -50.00000000000000000 ) ) ;
#404 = CARTESIAN_POINT ( 'NONE',  ( 47.89998255393119564, 0.000000000000000000, -52.63339765602871978 ) ) ;
#405 = ORIENTED_EDGE ( 'NONE', *, *, #1055, .F. ) ;
#406 = EDGE_CURVE ( 'NONE', #2595, #2271, #3029, .T. ) ;
#407 = ORIENTED_EDGE ( 'NONE', *, *, #1524, .T. ) ;
#408 = DIRECTION ( 'NONE',  ( 0.000000000000000000, 1.000000000000000000, 0.000000000000000000 ) ) ;
#409 = ADVANCED_FACE ( 'NONE', ( #1606 ), #3216, .F. ) ;
#410 = CARTESIAN_POINT ( 'NONE',  ( 42.00000000000000000, 2.000000000000000000, 50.00000000000000000 ) ) ;
#411 = CYLINDRICAL_SURFACE ( 'NONE', #256, 1.000000000000000888 ) ;
#412 = VERTEX_POINT ( 'NONE', #41 ) ;
#414 = ORIENTED_EDGE ( 'NONE', *, *, #1869, .T. ) ;
#413 = CIRCLE ( 'NONE', #689, 1.550000000000002709 ) ;
#415 = CARTESIAN_POINT ( 'NONE',  ( 0.000000000000000000, 2.000000000000000000, -4.595871989716768802 ) ) ;
#416 = DIRECTION ( 'NONE',  ( -0.000000000000000000, -1.000000000000000000, -0.000000000000000000 ) ) ;
#417 = AXIS2_PLACEMENT_3D ( 'NONE', #231, #2561, #782 ) ;
#418 = ORIENTED_EDGE ( 'NONE', *, *, #2924, .F. ) ;
#419 = FACE_OUTER_BOUND ( 'NONE', #2441, .T. ) ;
#420 = PLANE ( 'NONE',  #2635 ) ;
#421 = CIRCLE ( 'NONE', #3179, 8.500000000000000000 ) ;
#422 = ORIENTED_EDGE ( 'NONE', *, *, #2576, .T. ) ;
#423 = DIRECTION ( 'NONE',  ( 0.000000000000000000, -1.000000000000000000, 0.000000000000000000 ) ) ;
#424 = CIRCLE ( 'NONE', #2344, 1.000000000000000000 ) ;
#425 = CARTESIAN_POINT ( 'NONE',  ( -42.00000000000000000, 2.000000000000000000, -49.99999999999999289 ) ) ;
#426 = ADVANCED_FACE ( 'NONE', ( #1884 ), #2679, .T. ) ;
#427 = AXIS2_PLACEMENT_3D ( 'NONE', #2225, #3035, #1419 ) ;
#428 = AXIS2_PLACEMENT_3D ( 'NONE', #778, #1300, #2362 ) ;
#429 = CARTESIAN_POINT ( 'NONE',  ( -41.99999999999997158, 0.000000000000000000, 52.55000000000003268 ) ) ;
#430 = CIRCLE ( 'NONE', #2350, 1.550000000000002709 ) ;
#431 = LINE ( 'NONE', #3041, #1187 ) ;
#432 = CIRCLE ( 'NONE', #2351, 1.000000000000000000 ) ;
#433 = DIRECTION ( 'NONE',  ( -0.8098500281752961660, 0.000000000000000000, -0.5866369676933700372 ) ) ;
#434 = CARTESIAN_POINT ( 'NONE',  ( 0.000000000000000000, 0.000000000000000000, 0.000000000000000000 ) ) ;
#435 = EDGE_LOOP ( 'NONE', ( #2195, #707, #2333, #2984 ) ) ;
#436 = DIRECTION ( 'NONE',  ( -0.9131680191462249185, 0.000000000000000000, 0.4075833274418372287 ) ) ;
#437 = CARTESIAN_POINT ( 'NONE',  ( -41.99999999999997158, 0.000000000000000000, 52.55000000000003268 ) ) ;
#438 = EDGE_LOOP ( 'NONE', ( #631, #1394, #3270, #574 ) ) ;
#439 = LINE ( 'NONE', #1716, #2110 ) ;
#440 = CARTESIAN_POINT ( 'NONE',  ( -41.46870134679152642, 0.000000000000000000, 23.61245673476621576 ) ) ;
#441 = CARTESIAN_POINT ( 'NONE',  ( 41.46870134679144826, 0.000000000000000000, 26.82934345515313623 ) ) ;
#442 = VERTEX_POINT ( 'NONE', #2093 ) ;
#443 = CARTESIAN_POINT ( 'NONE',  ( -41.46870134679156905, 0.000000000000000000, -23.61245673476619089 ) ) ;
#444 = ORIENTED_EDGE ( 'NONE', *, *, #3003, .F. ) ;
#445 = EDGE_CURVE ( 'NONE', #1450, #1301, #1086, .T. ) ;
#446 = PLANE ( 'NONE',  #1936 ) ;
#447 = EDGE_CURVE ( 'NONE', #2978, #1176, #1348, .T. ) ;
#448 = ADVANCED_FACE ( 'NONE', ( #2113 ), #2078, .F. ) ;
#449 = ORIENTED_EDGE ( 'NONE', *, *, #1102, .F. ) ;
#450 = LINE ( 'NONE', #1487, #3351 ) ;
#451 = DIRECTION ( 'NONE',  ( 0.000000000000000000, 0.000000000000000000, -1.000000000000000000 ) ) ;
#452 = ORIENTED_EDGE ( 'NONE', *, *, #118, .T. ) ;
#453 = CARTESIAN_POINT ( 'NONE',  ( -42.00000000000000000, 0.000000000000000000, -52.54999999999996163 ) ) ;
#454 = CARTESIAN_POINT ( 'NONE',  ( 15.94915935882295877, 2.000000000000000000, -43.92113534891822013 ) ) ;
#455 = FACE_OUTER_BOUND ( 'NONE', #1106, .T. ) ;
#456 = EDGE_LOOP ( 'NONE', ( #501, #2031, #74, #1503 ) ) ;
#457 = AXIS2_PLACEMENT_3D ( 'NONE', #1307, #3380, #2055 ) ;
#458 = CARTESIAN_POINT ( 'NONE',  ( -46.37644612199551375, 2.000000000000000000, -31.31607292457772829 ) ) ;
#459 = ORIENTED_EDGE ( 'NONE', *, *, #1005, .T. ) ;
#460 = DIRECTION ( 'NONE',  ( -0.000000000000000000, -1.000000000000000000, -0.000000000000000000 ) ) ;
#461 = DIRECTION ( 'NONE',  ( 0.000000000000000000, 0.000000000000000000, 1.000000000000000000 ) ) ;
#462 = EDGE_CURVE ( 'NONE', #1866, #2206, #2464, .T. ) ;
#463 = AXIS2_PLACEMENT_3D ( 'NONE', #138, #2231, #186 ) ;
#464 = VERTEX_POINT ( 'NONE', #3401 ) ;
#465 = FACE_OUTER_BOUND ( 'NONE', #1790, .T. ) ;
#466 = VECTOR ( 'NONE', #2118, 1000.000000000000000 ) ;
#467 = DIRECTION ( 'NONE',  ( 0.4075833274418365071, 0.000000000000000000, -0.9131680191462251406 ) ) ;
#468 = AXIS2_PLACEMENT_3D ( 'NONE', #2246, #1191, #3349 ) ;
#469 = ORIENTED_EDGE ( 'NONE', *, *, #3065, .T. ) ;
#470 = CARTESIAN_POINT ( 'NONE',  ( 32.00000000000002132, 2.000000000000000000, 40.45000000000000995 ) ) ;
#471 = CARTESIAN_POINT ( 'NONE',  ( -31.99999999999997868, 2.000000000000000000, 40.45000000000001705 ) ) ;
#472 = AXIS2_PLACEMENT_3D ( 'NONE', #1717, #728, #2001 ) ;
#473 = ORIENTED_EDGE ( 'NONE', *, *, #2963, .T. ) ;
#474 = AXIS2_PLACEMENT_3D ( 'NONE', #800, #2100, #1354 ) ;
#475 = CARTESIAN_POINT ( 'NONE',  ( -37.70979698305702499, 2.000000000000000000, -54.83101805263483897 ) ) ;
#476 = CARTESIAN_POINT ( 'NONE',  ( -1.431935647123593981E-14, 0.000000000000000000, 77.26598944702274707 ) ) ;
#477 = CIRCLE ( 'NONE', #2459, 2.550000000000024691 ) ;
#478 = ORIENTED_EDGE ( 'NONE', *, *, #3294, .T. ) ;
#479 = CIRCLE ( 'NONE', #919, 6.461004360892336429 ) ;
#480 = CARTESIAN_POINT ( 'NONE',  ( 41.46870134679144826, 2.000000000000000000, 26.82934345515313623 ) ) ;
#481 = CARTESIAN_POINT ( 'NONE',  ( -31.84940921072723086, 2.000000000000000000, 17.71713124747152790 ) ) ;
#482 = VECTOR ( 'NONE', #62, 1000.000000000000227 ) ;
#483 = ORIENTED_EDGE ( 'NONE', *, *, #56, .F. ) ;
#484 = EDGE_CURVE ( 'NONE', #2376, #2621, #922, .T. ) ;
#485 = FACE_OUTER_BOUND ( 'NONE', #2083, .T. ) ;
#486 = FACE_BOUND ( 'NONE', #1692, .T. ) ;
#487 = EDGE_CURVE ( 'NONE', #2621, #2376, #2694, .T. ) ;
#488 = EDGE_LOOP ( 'NONE', ( #2974, #529, #2646, #1609 ) ) ;
#489 = CARTESIAN_POINT ( 'NONE',  ( 42.00000000000000000, 2.000000000000000000, 50.00000000000000000 ) ) ;
#490 = DIRECTION ( 'NONE',  ( -0.4075833274418372287, -0.000000000000000000, -0.9131680191462248075 ) ) ;
#491 = CIRCLE ( 'NONE', #1357, 45.10884310473578296 ) ;
#492 = ADVANCED_FACE ( 'NONE', ( #1298 ), #3073, .F. ) ;
#493 = EDGE_CURVE ( 'NONE', #31, #3212, #1566, .T. ) ;
#494 = ORIENTED_EDGE ( 'NONE', *, *, #3090, .F. ) ;
#495 = CARTESIAN_POINT ( 'NONE',  ( 32.00000000000002132, 0.000000000000000000, 42.00000000000000711 ) ) ;
#496 = ORIENTED_EDGE ( 'NONE', *, *, #3240, .T. ) ;
#497 = AXIS2_PLACEMENT_3D ( 'NONE', #3344, #969, #2498 ) ;
#498 = DIRECTION ( 'NONE',  ( 0.000000000000000000, 1.000000000000000000, -0.000000000000000000 ) ) ;
#499 = FACE_OUTER_BOUND ( 'NONE', #937, .T. ) ;
#500 = ORIENTED_EDGE ( 'NONE', *, *, #1488, .T. ) ;
#501 = ORIENTED_EDGE ( 'NONE', *, *, #2215, .F. ) ;
#502 = PLANE ( 'NONE',  #2014 ) ;
#503 = CARTESIAN_POINT ( 'NONE',  ( -28.00000000000019185, 0.000000000000000000, 29.54999999999980531 ) ) ;
#504 = ORIENTED_EDGE ( 'NONE', *, *, #1401, .F. ) ;
#505 = DIRECTION ( 'NONE',  ( 0.000000000000000000, 0.000000000000000000, -1.000000000000000000 ) ) ;
#506 = CARTESIAN_POINT ( 'NONE',  ( -27.99999999999970157, 2.000000000000000000, -29.55000000000028848 ) ) ;
#507 = VECTOR ( 'NONE', #527, 1000.000000000000000 ) ;
#508 = EDGE_CURVE ( 'NONE', #1437, #1939, #3404, .T. ) ;
#509 = EDGE_LOOP ( 'NONE', ( #1088, #1825 ) ) ;
#510 = DIRECTION ( 'NONE',  ( 0.000000000000000000, 1.000000000000000000, 0.000000000000000000 ) ) ;
#511 = CIRCLE ( 'NONE', #2437, 6.461004360892336429 ) ;
#512 = DIRECTION ( 'NONE',  ( 0.000000000000000000, 1.000000000000000000, -0.000000000000000000 ) ) ;
#513 = CARTESIAN_POINT ( 'NONE',  ( 32.00000000000002132, 2.000000000000000000, 42.00000000000000711 ) ) ;
#514 = ORIENTED_EDGE ( 'NONE', *, *, #822, .F. ) ;
#515 = ORIENTED_EDGE ( 'NONE', *, *, #1072, .F. ) ;
#516 = DIRECTION ( 'NONE',  ( 0.000000000000000000, 0.000000000000000000, -1.000000000000000000 ) ) ;
#517 = CARTESIAN_POINT ( 'NONE',  ( -31.00418501571298435, 0.000000000000000000, -18.30049045133075580 ) ) ;
#518 = EDGE_LOOP ( 'NONE', ( #1860, #1999, #153, #3371 ) ) ;
#519 = ORIENTED_EDGE ( 'NONE', *, *, #742, .T. ) ;
#520 = CIRCLE ( 'NONE', #3333, 45.10884310473578296 ) ;
#521 = DIRECTION ( 'NONE',  ( 0.000000000000000000, -0.7071067811865515695, -0.7071067811865434649 ) ) ;
#522 = CARTESIAN_POINT ( 'NONE',  ( 18.30049045133074515, 0.000000000000000000, -32.00418501571296304 ) ) ;
#523 = AXIS2_PLACEMENT_3D ( 'NONE', #1873, #576, #3204 ) ;
#524 = ORIENTED_EDGE ( 'NONE', *, *, #3006, .T. ) ;
#525 = ORIENTED_EDGE ( 'NONE', *, *, #140, .T. ) ;
#526 = EDGE_CURVE ( 'NONE', #1686, #938, #146, .T. ) ;
#527 = DIRECTION ( 'NONE',  ( -0.000000000000000000, -1.000000000000000000, -0.000000000000000000 ) ) ;
#528 = CIRCLE ( 'NONE', #694, 1.000000000000000000 ) ;
#529 = ORIENTED_EDGE ( 'NONE', *, *, #679, .T. ) ;
#530 = ORIENTED_EDGE ( 'NONE', *, *, #2947, .T. ) ;
#531 = AXIS2_PLACEMENT_3D ( 'NONE', #476, #1976, #1989 ) ;
#532 = DIRECTION ( 'NONE',  ( -0.000000000000000000, -1.000000000000000000, -0.000000000000000000 ) ) ;
#533 = CYLINDRICAL_SURFACE ( 'NONE', #2627, 6.461004360892336429 ) ;
#534 = CIRCLE ( 'NONE', #3244, 48.75000000000001421 ) ;
#535 = EDGE_CURVE ( 'NONE', #883, #60, #1903, .T. ) ;
#536 = ORIENTED_EDGE ( 'NONE', *, *, #2840, .T. ) ;
#537 = AXIS2_PLACEMENT_3D ( 'NONE', #2964, #816, #1331 ) ;
#538 = ORIENTED_EDGE ( 'NONE', *, *, #3259, .T. ) ;
#539 = EDGE_CURVE ( 'NONE', #275, #1575, #432, .T. ) ;
#540 = DIRECTION ( 'NONE',  ( 0.8098500281752958330, 0.000000000000000000, 0.5866369676933703703 ) ) ;
#541 = AXIS2_PLACEMENT_3D ( 'NONE', #2467, #661, #3303 ) ;
#542 = DIRECTION ( 'NONE',  ( 0.000000000000000000, 0.000000000000000000, -1.000000000000000000 ) ) ;
#543 = ORIENTED_EDGE ( 'NONE', *, *, #1097, .T. ) ;
#544 = CIRCLE ( 'NONE', #2354, 6.461004360892336429 ) ;
#545 = ORIENTED_EDGE ( 'NONE', *, *, #1441, .F. ) ;
#546 = DIRECTION ( 'NONE',  ( 0.000000000000000000, 1.000000000000000000, -0.000000000000000000 ) ) ;
#547 = CARTESIAN_POINT ( 'NONE',  ( -41.99999999999997158, 2.000000000000000000, 50.00000000000000711 ) ) ;
#548 = ORIENTED_EDGE ( 'NONE', *, *, #983, .F. ) ;
#549 = CARTESIAN_POINT ( 'NONE',  ( 1.515768127461402927E-15, 0.000000000000000000, -79.58539014615182339 ) ) ;
#550 = CARTESIAN_POINT ( 'NONE',  ( 1.515768127461402927E-15, 2.000000000000000000, 79.58539014615182339 ) ) ;
#551 = EDGE_CURVE ( 'NONE', #1546, #2942, #544, .T. ) ;
#552 = DIRECTION ( 'NONE',  ( 0.000000000000000000, 1.000000000000000000, 0.000000000000000000 ) ) ;
#553 = EDGE_CURVE ( 'NONE', #2306, #2706, #1294, .T. ) ;
#554 = EDGE_LOOP ( 'NONE', ( #772, #1571, #1759, #2197 ) ) ;
#555 = DIRECTION ( 'NONE',  ( 0.000000000000000000, 0.000000000000000000, -1.000000000000000000 ) ) ;
#556 = ADVANCED_FACE ( 'NONE', ( #1677 ), #383, .F. ) ;
#557 = AXIS2_PLACEMENT_3D ( 'NONE', #2004, #2235, #1751 ) ;
#558 = CARTESIAN_POINT ( 'NONE',  ( -31.99999999999997868, 2.000000000000000000, 42.00000000000001421 ) ) ;
#559 = VERTEX_POINT ( 'NONE', #2240 ) ;
#560 = DIRECTION ( 'NONE',  ( 0.000000000000000000, 0.000000000000000000, 1.000000000000000000 ) ) ;
#561 = CARTESIAN_POINT ( 'NONE',  ( -13.83997312679162484, 2.000000000000000000, 33.11069557317927092 ) ) ;
#562 = DIRECTION ( 'NONE',  ( 0.000000000000000000, 0.000000000000000000, 1.000000000000000000 ) ) ;
#563 = ORIENTED_EDGE ( 'NONE', *, *, #2840, .F. ) ;
#564 = ORIENTED_EDGE ( 'NONE', *, *, #1957, .F. ) ;
#565 = ORIENTED_EDGE ( 'NONE', *, *, #1963, .T. ) ;
#566 = CARTESIAN_POINT ( 'NONE',  ( -41.99999999999997158, 2.000000000000000000, 48.45000000000000995 ) ) ;
#567 = DIRECTION ( 'NONE',  ( 0.000000000000000000, 1.000000000000000000, -0.000000000000000000 ) ) ;
#568 = DIRECTION ( 'NONE',  ( 0.000000000000000000, 0.000000000000000000, -1.000000000000000000 ) ) ;
#569 = ORIENTED_EDGE ( 'NONE', *, *, #1050, .T. ) ;
#570 = VERTEX_POINT ( 'NONE', #1906 ) ;
#571 = DIRECTION ( 'NONE',  ( -0.000000000000000000, -1.000000000000000000, 0.000000000000000000 ) ) ;
#572 = EDGE_CURVE ( 'NONE', #2238, #975, #364, .T. ) ;
#573 = DIRECTION ( 'NONE',  ( -0.000000000000000000, 1.000000000000000000, -0.000000000000000000 ) ) ;
#574 = ORIENTED_EDGE ( 'NONE', *, *, #2440, .T. ) ;
#575 = DIRECTION ( 'NONE',  ( 0.000000000000000000, 0.000000000000000000, -1.000000000000000000 ) ) ;
#576 = DIRECTION ( 'NONE',  ( -0.000000000000000000, -1.000000000000000000, -0.000000000000000000 ) ) ;
#577 = CARTESIAN_POINT ( 'NONE',  ( 47.89998255393119564, 0.000000000000000000, -52.63339765602871978 ) ) ;
#578 = AXIS2_PLACEMENT_3D ( 'NONE', #53, #852, #2141 ) ;
#579 = EDGE_LOOP ( 'NONE', ( #1493, #3107, #2717, #2607 ) ) ;
#580 = CARTESIAN_POINT ( 'NONE',  ( -41.99999999999997158, 1.000000000000005995, 50.00000000000000711 ) ) ;
#581 = VECTOR ( 'NONE', #998, 1000.000000000000000 ) ;
#582 = VECTOR ( 'NONE', #1899, 1000.000000000000000 ) ;
#583 = DIRECTION ( 'NONE',  ( 0.000000000000000000, 1.000000000000000000, 0.000000000000000000 ) ) ;
#584 = DIRECTION ( 'NONE',  ( -0.000000000000000000, -1.000000000000000000, -0.000000000000000000 ) ) ;
#585 = AXIS2_PLACEMENT_3D ( 'NONE', #3357, #2600, #1255 ) ;
#586 = VERTEX_POINT ( 'NONE', #3282 ) ;
#587 = VERTEX_POINT ( 'NONE', #2752 ) ;
#588 = FACE_OUTER_BOUND ( 'NONE', #164, .T. ) ;
#589 = DIRECTION ( 'NONE',  ( 0.000000000000000000, -1.000000000000000000, 0.000000000000000000 ) ) ;
#590 = CIRCLE ( 'NONE', #157, 8.500000000000000000 ) ;
#591 = VECTOR ( 'NONE', #2929, 1000.000000000000000 ) ;
#592 = ORIENTED_EDGE ( 'NONE', *, *, #2514, .F. ) ;
#593 = FACE_OUTER_BOUND ( 'NONE', #1302, .T. ) ;
#594 = CYLINDRICAL_SURFACE ( 'NONE', #1181, 1.000000000000000888 ) ;
#595 = CARTESIAN_POINT ( 'NONE',  ( -29.63023121364310342, 2.000000000000000000, -18.64474049546984702 ) ) ;
#596 = EDGE_LOOP ( 'NONE', ( #1363, #2790, #3245, #2126 ) ) ;
#597 = EDGE_CURVE ( 'NONE', #2206, #1866, #1738, .T. ) ;
#598 = ORIENTED_EDGE ( 'NONE', *, *, #2316, .F. ) ;
#599 = DIRECTION ( 'NONE',  ( -0.000000000000000000, -1.000000000000000000, -0.000000000000000000 ) ) ;
#600 = EDGE_CURVE ( 'NONE', #797, #1871, #1416, .T. ) ;
#601 = EDGE_CURVE ( 'NONE', #1020, #2454, #430, .T. ) ;
#602 = CARTESIAN_POINT ( 'NONE',  ( -77.26598944702276128, 2.000000000000000000, 2.182977076798671060E-15 ) ) ;
#603 = FACE_OUTER_BOUND ( 'NONE', #1708, .T. ) ;
#604 = ORIENTED_EDGE ( 'NONE', *, *, #1164, .F. ) ;
#605 = ORIENTED_EDGE ( 'NONE', *, *, #2368, .T. ) ;
#606 = CARTESIAN_POINT ( 'NONE',  ( 42.00000000000000000, 0.000000000000000000, -50.00000000000000000 ) ) ;
#607 = CARTESIAN_POINT ( 'NONE',  ( 41.46870134679144115, 0.000000000000000000, 23.61245673476620510 ) ) ;
#608 = DIRECTION ( 'NONE',  ( 8.659560562354883554E-17, -0.7071067811865515695, 0.7071067811865434649 ) ) ;
#609 = ORIENTED_EDGE ( 'NONE', *, *, #183, .F. ) ;
#610 = PRESENTATION_STYLE_ASSIGNMENT (( #915 ) ) ;
#611 = DIRECTION ( 'NONE',  ( 0.000000000000000000, 0.000000000000000000, -1.000000000000000000 ) ) ;
#612 = FACE_BOUND ( 'NONE', #641, .T. ) ;
#613 = VECTOR ( 'NONE', #3024, 1000.000000000000000 ) ;
#614 = VERTEX_POINT ( 'NONE', #1399 ) ;
#615 = ORIENTED_EDGE ( 'NONE', *, *, #2170, .F. ) ;
#616 = DIRECTION ( 'NONE',  ( 0.000000000000000000, -1.000000000000000000, 0.000000000000000000 ) ) ;
#617 = EDGE_CURVE ( 'NONE', #1807, #275, #1170, .T. ) ;
#618 = ADVANCED_FACE ( 'NONE', ( #347 ), #2769, .F. ) ;
#619 = CARTESIAN_POINT ( 'NONE',  ( -46.37644612199555638, 0.000000000000000000, 31.31607292457774250 ) ) ;
#620 = CARTESIAN_POINT ( 'NONE',  ( 0.000000000000000000, 2.000000000000000000, -5.595871989716768802 ) ) ;
#621 = ORIENTED_EDGE ( 'NONE', *, *, #3330, .T. ) ;
#622 = ORIENTED_EDGE ( 'NONE', *, *, #3169, .F. ) ;
#623 = DIRECTION ( 'NONE',  ( -0.000000000000000000, -1.000000000000000000, -0.000000000000000000 ) ) ;
#624 = CARTESIAN_POINT ( 'NONE',  ( -42.00000000000000000, 0.9999999999999783507, -49.99999999999999289 ) ) ;
#625 = DIRECTION ( 'NONE',  ( 0.000000000000000000, 0.000000000000000000, -1.000000000000000000 ) ) ;
#626 = ORIENTED_EDGE ( 'NONE', *, *, #1550, .F. ) ;
#627 = LINE ( 'NONE', #119, #2347 ) ;
#628 = AXIS2_PLACEMENT_3D ( 'NONE', #2074, #16, #3140 ) ;
#629 = CARTESIAN_POINT ( 'NONE',  ( 30.91778705203398658, 0.000000000000000000, -19.08055958075300396 ) ) ;
#630 = CARTESIAN_POINT ( 'NONE',  ( 29.63023121364310697, 0.000000000000000000, 18.64474049546983281 ) ) ;
#631 = ORIENTED_EDGE ( 'NONE', *, *, #1952, .F. ) ;
#632 = FACE_OUTER_BOUND ( 'NONE', #826, .T. ) ;
#633 = AXIS2_PLACEMENT_3D ( 'NONE', #3063, #2777, #669 ) ;
#634 = EDGE_CURVE ( 'NONE', #929, #2565, #1565, .T. ) ;
#635 = DIRECTION ( 'NONE',  ( 0.000000000000000000, 1.000000000000000000, 0.000000000000000000 ) ) ;
#636 = CIRCLE ( 'NONE', #2739, 48.75000000000000000 ) ;
#637 = CARTESIAN_POINT ( 'NONE',  ( 42.00000000000000000, 0.000000000000000000, -56.46100436089233909 ) ) ;
#638 = EDGE_CURVE ( 'NONE', #2806, #1528, #115, .T. ) ;
#639 = CIRCLE ( 'NONE', #2283, 8.500000000000000000 ) ;
#640 = EDGE_CURVE ( 'NONE', #3095, #3162, #3010, .T. ) ;
#641 = EDGE_LOOP ( 'NONE', ( #1908, #2112, #2177, #1521, #377, #1732, #2042, #350, #2712 ) ) ;
#642 = DIRECTION ( 'NONE',  ( -0.9063077870366510469, 0.000000000000000000, 0.4226182617406969988 ) ) ;
#643 = CARTESIAN_POINT ( 'NONE',  ( -0.8098500281752983865, 0.000000000000000000, -5.009235022023397654 ) ) ;
#644 = AXIS2_PLACEMENT_3D ( 'NONE', #1937, #584, #1638 ) ;
#645 = ADVANCED_FACE ( 'NONE', ( #1980 ), #3076, .F. ) ;
#646 = EDGE_CURVE ( 'NONE', #1539, #175, #166, .T. ) ;
#647 = VECTOR ( 'NONE', #3227, 1000.000000000000000 ) ;
#648 = ORIENTED_EDGE ( 'NONE', *, *, #1912, .F. ) ;
#649 = DIRECTION ( 'NONE',  ( 0.000000000000000000, 0.000000000000000000, 1.000000000000000000 ) ) ;
#650 = DIRECTION ( 'NONE',  ( -0.000000000000000000, -1.000000000000000000, -0.000000000000000000 ) ) ;
#651 = DIRECTION ( 'NONE',  ( 0.000000000000000000, 1.000000000000000000, -0.000000000000000000 ) ) ;
#652 = AXIS2_PLACEMENT_3D ( 'NONE', #2202, #3231, #642 ) ;
#653 = AXIS2_PLACEMENT_3D ( 'NONE', #152, #1192, #1474 ) ;
#654 = ORIENTED_EDGE ( 'NONE', *, *, #1102, .T. ) ;
#655 = CYLINDRICAL_SURFACE ( 'NONE', #2280, 48.75000000000000000 ) ;
#656 = VECTOR ( 'NONE', #693, 1000.000000000000114 ) ;
#657 = CYLINDRICAL_SURFACE ( 'NONE', #1366, 48.75000000000000000 ) ;
#658 = CARTESIAN_POINT ( 'NONE',  ( 30.57715299254202534, 2.000000000000000000, 19.20472695313020139 ) ) ;
#659 = ORIENTED_EDGE ( 'NONE', *, *, #1161, .T. ) ;
#660 = DIRECTION ( 'NONE',  ( -0.000000000000000000, -1.000000000000000000, -0.000000000000000000 ) ) ;
#661 = DIRECTION ( 'NONE',  ( -0.000000000000000000, -1.000000000000000000, 0.000000000000000000 ) ) ;
#662 = AXIS2_PLACEMENT_3D ( 'NONE', #1245, #1444, #2642 ) ;
#663 = ADVANCED_FACE ( 'NONE', ( #940 ), #1452, .T. ) ;
#664 = ORIENTED_EDGE ( 'NONE', *, *, #2708, .F. ) ;
#665 = CARTESIAN_POINT ( 'NONE',  ( 27.99999999999990408, 2.000000000000000000, 29.55000000000009308 ) ) ;
#666 = CARTESIAN_POINT ( 'NONE',  ( 77.26598944702274707, 2.000000000000000000, -2.274402893699801340E-29 ) ) ;
#667 = CARTESIAN_POINT ( 'NONE',  ( -41.99999999999997158, 1.000000000000005995, 48.45000000000000995 ) ) ;
#668 = ORIENTED_EDGE ( 'NONE', *, *, #2253, .F. ) ;
#669 = DIRECTION ( 'NONE',  ( 0.000000000000000000, 0.000000000000000000, -1.000000000000000000 ) ) ;
#670 = DIRECTION ( 'NONE',  ( -0.000000000000000000, -1.000000000000000000, -0.000000000000000000 ) ) ;
#671 = DIRECTION ( 'NONE',  ( -0.000000000000000000, 1.000000000000000000, 0.000000000000000000 ) ) ;
#672 = ORIENTED_EDGE ( 'NONE', *, *, #365, .T. ) ;
#673 = EDGE_LOOP ( 'NONE', ( #2408, #903, #677, #1628 ) ) ;
#674 = CARTESIAN_POINT ( 'NONE',  ( 29.63023121364310697, 2.000000000000000000, -18.64474049546982926 ) ) ;
#675 = DIRECTION ( 'NONE',  ( 0.000000000000000000, 1.000000000000000000, -0.000000000000000000 ) ) ;
#676 = DIRECTION ( 'NONE',  ( 0.000000000000000000, 0.000000000000000000, 1.000000000000000000 ) ) ;
#677 = ORIENTED_EDGE ( 'NONE', *, *, #1034, .T. ) ;
#678 = EDGE_LOOP ( 'NONE', ( #2346, #2797, #3057, #895 ) ) ;
#679 = EDGE_CURVE ( 'NONE', #2238, #1623, #2808, .T. ) ;
#680 = DIRECTION ( 'NONE',  ( -0.000000000000000000, -1.000000000000000000, -0.000000000000000000 ) ) ;
#681 = CARTESIAN_POINT ( 'NONE',  ( 32.00000000000002132, 2.000000000000000000, 43.55000000000001137 ) ) ;
#682 = EDGE_LOOP ( 'NONE', ( #672, #801 ) ) ;
#683 = EDGE_CURVE ( 'NONE', #276, #2381, #378, .T. ) ;
#684 = ORIENTED_EDGE ( 'NONE', *, *, #242, .F. ) ;
#685 = CARTESIAN_POINT ( 'NONE',  ( -29.63023121364311052, 0.000000000000000000, 18.64474049546982926 ) ) ;
#686 = CARTESIAN_POINT ( 'NONE',  ( 29.63023121364310697, 0.000000000000000000, 18.64474049546983281 ) ) ;
#687 = ORIENTED_EDGE ( 'NONE', *, *, #634, .T. ) ;
#688 = LINE ( 'NONE', #2548, #2391 ) ;
#689 = AXIS2_PLACEMENT_3D ( 'NONE', #580, #599, #338 ) ;
#690 = DIRECTION ( 'NONE',  ( 0.000000000000000000, 1.000000000000000000, -0.000000000000000000 ) ) ;
#691 = DIRECTION ( 'NONE',  ( 0.000000000000000000, 0.000000000000000000, 1.000000000000000000 ) ) ;
#692 = ORIENTED_EDGE ( 'NONE', *, *, #447, .T. ) ;
#693 = DIRECTION ( 'NONE',  ( -0.5866369676933700372, -0.000000000000000000, 0.8098500281752960550 ) ) ;
#694 = AXIS2_PLACEMENT_3D ( 'NONE', #370, #3105, #1406 ) ;
#695 = DIRECTION ( 'NONE',  ( -0.000000000000000000, -1.000000000000000000, -0.000000000000000000 ) ) ;
#696 = VECTOR ( 'NONE', #3101, 1000.000000000000000 ) ;
#697 = VERTEX_POINT ( 'NONE', #2731 ) ;
#698 = DIRECTION ( 'NONE',  ( 0.000000000000000000, 1.000000000000000000, 0.000000000000000000 ) ) ;
#699 = AXIS2_PLACEMENT_3D ( 'NONE', #1489, #1252, #2308 ) ;
#700 = DIRECTION ( 'NONE',  ( -0.000000000000000000, -1.000000000000000000, -0.000000000000000000 ) ) ;
#701 = EDGE_CURVE ( 'NONE', #1438, #2810, #2753, .T. ) ;
#702 = CIRCLE ( 'NONE', #1622, 0.9999999999999974465 ) ;
#703 = ADVANCED_FACE ( 'NONE', ( #1118 ), #1739, .F. ) ;
#704 = LINE ( 'NONE', #2532, #2420 ) ;
#705 = LINE ( 'NONE', #458, #1338 ) ;
#706 = AXIS2_PLACEMENT_3D ( 'NONE', #2700, #3144, #330 ) ;
#707 = ORIENTED_EDGE ( 'NONE', *, *, #2493, .F. ) ;
#708 = CARTESIAN_POINT ( 'NONE',  ( 18.64474049546983991, 0.000000000000000000, -29.63023121364310342 ) ) ;
#709 = EDGE_LOOP ( 'NONE', ( #178, #2952, #2026, #2169, #1, #1707, #605, #1949, #2817, #1000, #2321 ) ) ;
#710 = DIRECTION ( 'NONE',  ( -0.000000000000000000, -1.000000000000000000, -0.000000000000000000 ) ) ;
#711 = FACE_BOUND ( 'NONE', #3238, .T. ) ;
#712 = ORIENTED_EDGE ( 'NONE', *, *, #321, .T. ) ;
#713 = CARTESIAN_POINT ( 'NONE',  ( -31.99999999999997868, 2.000000000000000000, 42.00000000000001421 ) ) ;
#714 = DIRECTION ( 'NONE',  ( -0.000000000000000000, -1.000000000000000000, 0.000000000000000000 ) ) ;
#715 = EDGE_CURVE ( 'NONE', #910, #2718, #1971, .T. ) ;
#716 = LINE ( 'NONE', #951, #2934 ) ;
#717 = CARTESIAN_POINT ( 'NONE',  ( -31.00418501571298435, 2.000000000000000000, -19.30049045133075580 ) ) ;
#718 = VERTEX_POINT ( 'NONE', #76 ) ;
#719 = ADVANCED_FACE ( 'NONE', ( #2715 ), #1152, .T. ) ;
#720 = CARTESIAN_POINT ( 'NONE',  ( 27.99999999999990408, 0.000000000000000000, 29.55000000000009308 ) ) ;
#721 = CARTESIAN_POINT ( 'NONE',  ( 11.63579749009298325, 0.000000000000000000, 15.11624241824972792 ) ) ;
#722 = EDGE_LOOP ( 'NONE', ( #208, #2558, #729, #2999 ) ) ;
#723 = CARTESIAN_POINT ( 'NONE',  ( -42.00000000000000000, 2.000000000000000000, -49.99999999999999289 ) ) ;
#724 = CARTESIAN_POINT ( 'NONE',  ( 30.91778705203398658, 2.000000000000000000, -19.08055958075300396 ) ) ;
#725 = ORIENTED_EDGE ( 'NONE', *, *, #2312, .F. ) ;
#726 = AXIS2_PLACEMENT_3D ( 'NONE', #325, #567, #1637 ) ;
#727 = PLANE ( 'NONE',  #1554 ) ;
#728 = DIRECTION ( 'NONE',  ( -0.000000000000000000, -1.000000000000000000, -0.000000000000000000 ) ) ;
#729 = ORIENTED_EDGE ( 'NONE', *, *, #2276, .F. ) ;
#730 = DIRECTION ( 'NONE',  ( 0.000000000000000000, 0.000000000000000000, -1.000000000000000000 ) ) ;
#731 = CARTESIAN_POINT ( 'NONE',  ( -28.00000000000019185, 0.000000000000000000, 27.99999999999980460 ) ) ;
#732 = ORIENTED_EDGE ( 'NONE', *, *, #140, .F. ) ;
#733 = FACE_OUTER_BOUND ( 'NONE', #579, .T. ) ;
#734 = PRODUCT_DEFINITION_FORMATION_WITH_SPECIFIED_SOURCE ( '任何', '', #2486, .NOT_KNOWN. ) ;
#735 = ADVANCED_FACE ( 'NONE', ( #2768 ), #1398, .F. ) ;
#736 = DIRECTION ( 'NONE',  ( -0.9063077870366510469, 0.000000000000000000, -0.4226182617406972208 ) ) ;
#737 = EDGE_LOOP ( 'NONE', ( #3014, #3127, #1042, #2821 ) ) ;
#738 = EDGE_CURVE ( 'NONE', #1189, #117, #61, .T. ) ;
#739 = VECTOR ( 'NONE', #2159, 1000.000000000000000 ) ;
#740 = EDGE_LOOP ( 'NONE', ( #1336, #732, #1126, #2908 ) ) ;
#741 = CARTESIAN_POINT ( 'NONE',  ( -15.94915935882295521, 2.000000000000000000, 43.92113534891822013 ) ) ;
#742 = EDGE_CURVE ( 'NONE', #1675, #2898, #2466, .T. ) ;
#743 = CIRCLE ( 'NONE', #417, 8.500000000000000000 ) ;
#744 = DIRECTION ( 'NONE',  ( 0.000000000000000000, 1.000000000000000000, -0.000000000000000000 ) ) ;
#745 = ADVANCED_FACE ( 'NONE', ( #114 ), #1940, .F. ) ;
#746 = VECTOR ( 'NONE', #1945, 1000.000000000000114 ) ;
#747 = ORIENTED_EDGE ( 'NONE', *, *, #2903, .F. ) ;
#748 = DIRECTION ( 'NONE',  ( -0.000000000000000000, -1.000000000000000000, -0.000000000000000000 ) ) ;
#749 = CARTESIAN_POINT ( 'NONE',  ( 42.00000000000000000, 2.000000000000000000, 51.55000000000000426 ) ) ;
#750 = AXIS2_PLACEMENT_3D ( 'NONE', #454, #2585, #3116 ) ;
#751 = ORIENTED_EDGE ( 'NONE', *, *, #1799, .T. ) ;
#752 = AXIS2_PLACEMENT_3D ( 'NONE', #870, #1928, #899 ) ;
#753 = DIRECTION ( 'NONE',  ( 0.000000000000000000, 0.000000000000000000, 1.000000000000000000 ) ) ;
#754 = DIRECTION ( 'NONE',  ( 0.000000000000000000, 0.000000000000000000, -1.000000000000000000 ) ) ;
#755 = AXIS2_PLACEMENT_3D ( 'NONE', #1660, #861, #892 ) ;
#756 = CIRCLE ( 'NONE', #3128, 1.550000000000002709 ) ;
#757 = PRESENTATION_LAYER_ASSIGNMENT (  '', '', ( #1731 ) ) ;
#758 = FACE_OUTER_BOUND ( 'NONE', #518, .T. ) ;
#759 = CARTESIAN_POINT ( 'NONE',  ( -30.57715299254204666, 2.000000000000000000, -19.20472695313022271 ) ) ;
#760 = VECTOR ( 'NONE', #1694, 1000.000000000000000 ) ;
#761 = VECTOR ( 'NONE', #3200, 1000.000000000000000 ) ;
#762 = ORIENTED_EDGE ( 'NONE', *, *, #273, .F. ) ;
#763 = CARTESIAN_POINT ( 'NONE',  ( 1.515768127461402927E-15, 2.000000000000000000, 79.58539014615182339 ) ) ;
#764 = CARTESIAN_POINT ( 'NONE',  ( -42.00000000000000000, 2.000000000000000000, -48.44999999999999574 ) ) ;
#765 = EDGE_CURVE ( 'NONE', #3092, #2833, #1726, .T. ) ;
#766 = ORIENTED_EDGE ( 'NONE', *, *, #35, .T. ) ;
#767 = DIRECTION ( 'NONE',  ( -0.000000000000000000, -1.000000000000000000, -0.000000000000000000 ) ) ;
#768 = LINE ( 'NONE', #577, #2687 ) ;
#769 = VERTEX_POINT ( 'NONE', #2150 ) ;
#770 = DIRECTION ( 'NONE',  ( 0.000000000000000000, 1.000000000000000000, -0.000000000000000000 ) ) ;
#771 = ORIENTED_EDGE ( 'NONE', *, *, #2167, .T. ) ;
#772 = ORIENTED_EDGE ( 'NONE', *, *, #2320, .T. ) ;
#773 = CARTESIAN_POINT ( 'NONE',  ( 27.99999999999990408, 2.000000000000000000, 26.45000000000009521 ) ) ;
#774 = CARTESIAN_POINT ( 'NONE',  ( 30.91778705203398658, 2.000000000000000000, -19.08055958075300396 ) ) ;
#775 = VERTEX_POINT ( 'NONE', #839 ) ;
#776 = ORIENTED_EDGE ( 'NONE', *, *, #3047, .F. ) ;
#777 = CARTESIAN_POINT ( 'NONE',  ( -35.99999999999999289, 2.000000000000000000, -42.99999999999999289 ) ) ;
#778 = CARTESIAN_POINT ( 'NONE',  ( 31.00418501571296659, 0.000000000000000000, 18.30049045133073804 ) ) ;
#779 = ADVANCED_FACE ( 'NONE', ( #588 ), #1922, .F. ) ;
#780 = ORIENTED_EDGE ( 'NONE', *, *, #1072, .T. ) ;
#781 = EDGE_LOOP ( 'NONE', ( #787, #1515, #3030, #3382 ) ) ;
#782 = DIRECTION ( 'NONE',  ( 0.000000000000000000, 0.000000000000000000, -1.000000000000000000 ) ) ;
#783 = DIRECTION ( 'NONE',  ( 0.000000000000000000, 0.000000000000000000, -1.000000000000000000 ) ) ;
#784 = EDGE_CURVE ( 'NONE', #1290, #2705, #2573, .T. ) ;
#785 = ORIENTED_EDGE ( 'NONE', *, *, #1636, .T. ) ;
#786 = DIRECTION ( 'NONE',  ( 0.000000000000000000, 1.000000000000000000, 0.000000000000000000 ) ) ;
#787 = ORIENTED_EDGE ( 'NONE', *, *, #2334, .F. ) ;
#788 = CIRCLE ( 'NONE', #2322, 2.549999999999968736 ) ;
#789 = ADVANCED_FACE ( 'NONE', ( #1380 ), #2444, .F. ) ;
#790 = DIRECTION ( 'NONE',  ( 0.000000000000000000, 0.000000000000000000, -1.000000000000000000 ) ) ;
#791 = CARTESIAN_POINT ( 'NONE',  ( -47.93577849517394185, 2.000000000000000000, 32.04320155179982521 ) ) ;
#792 = ORIENTED_EDGE ( 'NONE', *, *, #2818, .T. ) ;
#793 = ORIENTED_EDGE ( 'NONE', *, *, #2982, .T. ) ;
#794 = CARTESIAN_POINT ( 'NONE',  ( 37.70979698305706762, 2.000000000000000000, 54.83101805263476081 ) ) ;
#795 = CARTESIAN_POINT ( 'NONE',  ( -28.00000000000019185, 2.000000000000000000, 27.99999999999980460 ) ) ;
#796 = EDGE_LOOP ( 'NONE', ( #1253, #2678, #2936, #1140 ) ) ;
#797 = VERTEX_POINT ( 'NONE', #1676 ) ;
#798 = VECTOR ( 'NONE', #616, 1000.000000000000000 ) ;
#799 = LINE ( 'NONE', #470, #906 ) ;
#800 = CARTESIAN_POINT ( 'NONE',  ( -41.46870134679146958, -0.01000000000000000021, 29.02755395162991903 ) ) ;
#801 = ORIENTED_EDGE ( 'NONE', *, *, #2945, .T. ) ;
#802 = DIRECTION ( 'NONE',  ( 0.000000000000000000, 0.000000000000000000, 1.000000000000000000 ) ) ;
#803 = AXIS2_PLACEMENT_3D ( 'NONE', #808, #3194, #2675 ) ;
#804 = ADVANCED_FACE ( 'NONE', ( #2699 ), #2751, .F. ) ;
#805 = EDGE_CURVE ( 'NONE', #327, #2618, #1959, .T. ) ;
#806 = CYLINDRICAL_SURFACE ( 'NONE', #3001, 1.550000000000002709 ) ;
#807 = AXIS2_PLACEMENT_3D ( 'NONE', #3232, #862, #2732 ) ;
#808 = CARTESIAN_POINT ( 'NONE',  ( 0.000000000000000000, 2.000000000000000000, -5.595871989716768802 ) ) ;
#809 = AXIS2_PLACEMENT_3D ( 'NONE', #1265, #3131, #1279 ) ;
#810 = AXIS2_PLACEMENT_3D ( 'NONE', #976, #2061, #2324 ) ;
#811 = ORIENTED_EDGE ( 'NONE', *, *, #54, .F. ) ;
#812 = DIRECTION ( 'NONE',  ( 0.000000000000000000, 0.000000000000000000, 1.000000000000000000 ) ) ;
#813 = FACE_OUTER_BOUND ( 'NONE', #837, .T. ) ;
#814 = AXIS2_PLACEMENT_3D ( 'NONE', #2803, #911, #1347 ) ;
#815 = EDGE_LOOP ( 'NONE', ( #1561, #2147, #2409, #452 ) ) ;
#816 = DIRECTION ( 'NONE',  ( 0.000000000000000000, 1.000000000000000000, 0.000000000000000000 ) ) ;
#817 = CYLINDRICAL_SURFACE ( 'NONE', #1612, 5.932910046942935445 ) ;
#818 = DIRECTION ( 'NONE',  ( 0.000000000000000000, 0.000000000000000000, -1.000000000000000000 ) ) ;
#819 = VERTEX_POINT ( 'NONE', #1693 ) ;
#820 = DIRECTION ( 'NONE',  ( 0.000000000000000000, 1.000000000000000000, 0.000000000000000000 ) ) ;
#821 = EDGE_LOOP ( 'NONE', ( #494, #3129, #692, #2123 ) ) ;
#822 = EDGE_CURVE ( 'NONE', #2077, #3367, #329, .T. ) ;
#823 = DIRECTION ( 'NONE',  ( 0.000000000000000000, 1.000000000000000000, 0.000000000000000000 ) ) ;
#824 = CARTESIAN_POINT ( 'NONE',  ( 18.30049045133074515, 0.000000000000000000, -31.00418501571296659 ) ) ;
#825 = ORIENTED_EDGE ( 'NONE', *, *, #1144, .T. ) ;
#826 = EDGE_LOOP ( 'NONE', ( #2097, #994, #469, #2888 ) ) ;
#827 = CARTESIAN_POINT ( 'NONE',  ( 1.515768127461402927E-15, 0.000000000000000000, 34.47654704141600490 ) ) ;
#828 = CYLINDRICAL_SURFACE ( 'NONE', #809, 48.75000000000000000 ) ;
#829 = EDGE_LOOP ( 'NONE', ( #113, #2050 ) ) ;
#830 = CARTESIAN_POINT ( 'NONE',  ( 36.00000000000000711, 2.000000000000000000, -43.00000000000000000 ) ) ;
#831 = FACE_OUTER_BOUND ( 'NONE', #1023, .T. ) ;
#832 = DIRECTION ( 'NONE',  ( 0.000000000000000000, 1.000000000000000000, -0.000000000000000000 ) ) ;
#833 = ORIENTED_EDGE ( 'NONE', *, *, #282, .F. ) ;
#834 = CYLINDRICAL_SURFACE ( 'NONE', #1886, 1.550000000000002709 ) ;
#835 = FACE_OUTER_BOUND ( 'NONE', #398, .T. ) ;
#836 = DIRECTION ( 'NONE',  ( 0.000000000000000000, 0.000000000000000000, -1.000000000000000000 ) ) ;
#837 = EDGE_LOOP ( 'NONE', ( #2262, #1250, #1455, #1092 ) ) ;
#838 = ORIENTED_EDGE ( 'NONE', *, *, #1865, .F. ) ;
#839 = CARTESIAN_POINT ( 'NONE',  ( -17.93264139703263282, 0.000000000000000000, 31.93407053192019873 ) ) ;
#840 = DIRECTION ( 'NONE',  ( -0.000000000000000000, -1.000000000000000000, -0.000000000000000000 ) ) ;
#841 = DIRECTION ( 'NONE',  ( 0.000000000000000000, 1.000000000000000000, -0.000000000000000000 ) ) ;
#842 = EDGE_CURVE ( 'NONE', #1282, #938, #1483, .T. ) ;
#843 = ORIENTED_EDGE ( 'NONE', *, *, #967, .F. ) ;
#844 = EDGE_CURVE ( 'NONE', #124, #1162, #2802, .T. ) ;
#845 = LINE ( 'NONE', #1835, #2579 ) ;
#846 = DIRECTION ( 'NONE',  ( -0.000000000000000000, -1.000000000000000000, -0.000000000000000000 ) ) ;
#847 = CARTESIAN_POINT ( 'NONE',  ( 0.8098500281752997187, 0.000000000000000000, 5.009235022023397654 ) ) ;
#848 = ADVANCED_FACE ( 'NONE', ( #1248 ), #1202, .F. ) ;
#849 = ORIENTED_EDGE ( 'NONE', *, *, #601, .T. ) ;
#850 = CIRCLE ( 'NONE', #249, 48.75000000000000000 ) ;
#851 = ORIENTED_EDGE ( 'NONE', *, *, #99, .T. ) ;
#852 = DIRECTION ( 'NONE',  ( 0.000000000000000000, 1.000000000000000000, 0.000000000000000000 ) ) ;
#853 = AXIS2_PLACEMENT_3D ( 'NONE', #2506, #1174, #2491 ) ;
#854 = ORIENTED_EDGE ( 'NONE', *, *, #3294, .F. ) ;
#855 = AXIS2_PLACEMENT_3D ( 'NONE', #403, #1262, #1158 ) ;
#856 = CARTESIAN_POINT ( 'NONE',  ( 30.91778705203398658, 2.000000000000000000, -18.08055958075300396 ) ) ;
#857 = DIRECTION ( 'NONE',  ( -0.000000000000000000, -1.000000000000000000, -0.000000000000000000 ) ) ;
#858 = AXIS2_PLACEMENT_3D ( 'NONE', #3379, #3120, #754 ) ;
#859 = ORIENTED_EDGE ( 'NONE', *, *, #640, .F. ) ;
#860 = EDGE_LOOP ( 'NONE', ( #1805, #1379, #3317, #1447 ) ) ;
#861 = DIRECTION ( 'NONE',  ( -0.000000000000000000, -1.000000000000000000, -0.000000000000000000 ) ) ;
#862 = DIRECTION ( 'NONE',  ( 0.000000000000000000, 1.000000000000000000, 0.000000000000000000 ) ) ;
#863 = APPLICATION_PROTOCOL_DEFINITION ( 'draft international standard', 'automotive_design', 1998, #3331 ) ;
#864 = AXIS2_PLACEMENT_3D ( 'NONE', #100, #1456, #2738 ) ;
#865 = EDGE_LOOP ( 'NONE', ( #1221, #1011 ) ) ;
#866 = ADVANCED_FACE ( 'NONE', ( #1500 ), #3314, .T. ) ;
#867 = CARTESIAN_POINT ( 'NONE',  ( -42.00000000000000000, 0.000000000000000000, -49.99999999999999289 ) ) ;
#868 = VECTOR ( 'NONE', #912, 1000.000000000000000 ) ;
#869 = FACE_OUTER_BOUND ( 'NONE', #1046, .T. ) ;
#870 = CARTESIAN_POINT ( 'NONE',  ( 42.00000000000000000, 0.000000000000000000, -50.00000000000000000 ) ) ;
#871 = VERTEX_POINT ( 'NONE', #192 ) ;
#872 = DIRECTION ( 'NONE',  ( 0.000000000000000000, 1.000000000000000000, -0.000000000000000000 ) ) ;
#873 = DIRECTION ( 'NONE',  ( -0.000000000000000000, -1.000000000000000000, -0.000000000000000000 ) ) ;
#874 = DIRECTION ( 'NONE',  ( 0.000000000000000000, 1.000000000000000000, 0.000000000000000000 ) ) ;
#875 = ORIENTED_EDGE ( 'NONE', *, *, #1656, .F. ) ;
#876 = CARTESIAN_POINT ( 'NONE',  ( -42.00000000000000000, 2.000000000000000000, -49.99999999999999289 ) ) ;
#877 = CARTESIAN_POINT ( 'NONE',  ( -27.99999999999970157, 2.000000000000000000, -28.00000000000029132 ) ) ;
#878 = EDGE_LOOP ( 'NONE', ( #24, #2583, #2725, #1958 ) ) ;
#879 = DIRECTION ( 'NONE',  ( -0.000000000000000000, -1.000000000000000000, 0.000000000000000000 ) ) ;
#880 = FACE_OUTER_BOUND ( 'NONE', #55, .T. ) ;
#881 = FACE_BOUND ( 'NONE', #1544, .T. ) ;
#882 = ADVANCED_FACE ( 'NONE', ( #2502 ), #446, .T. ) ;
#883 = VERTEX_POINT ( 'NONE', #2536 ) ;
#884 = ORIENTED_EDGE ( 'NONE', *, *, #2576, .F. ) ;
#885 = EDGE_CURVE ( 'NONE', #2755, #1763, #188, .T. ) ;
#886 = CARTESIAN_POINT ( 'NONE',  ( 19.01468478763709058, 2.000000000000000000, 30.56084154097699823 ) ) ;
#887 = EDGE_CURVE ( 'NONE', #1176, #1315, #3088, .T. ) ;
#888 = CARTESIAN_POINT ( 'NONE',  ( 47.93577849517378553, 0.000000000000000000, -32.04320155179978258 ) ) ;
#889 = DIRECTION ( 'NONE',  ( 0.000000000000000000, 0.000000000000000000, -1.000000000000000000 ) ) ;
#890 = EDGE_CURVE ( 'NONE', #1829, #2529, #3326, .T. ) ;
#891 = ORIENTED_EDGE ( 'NONE', *, *, #2292, .F. ) ;
#892 = DIRECTION ( 'NONE',  ( 0.000000000000000000, 0.000000000000000000, -1.000000000000000000 ) ) ;
#893 = CARTESIAN_POINT ( 'NONE',  ( 5.009235022023398543, 0.000000000000000000, -0.8098500281752968322 ) ) ;
#894 = CARTESIAN_POINT ( 'NONE',  ( -35.99999999999999289, 0.000000000000000000, -42.99999999999999289 ) ) ;
#895 = ORIENTED_EDGE ( 'NONE', *, *, #2468, .T. ) ;
#896 = VERTEX_POINT ( 'NONE', #720 ) ;
#897 =( NAMED_UNIT ( * ) PLANE_ANGLE_UNIT ( ) SI_UNIT ( $, .RADIAN. ) );
#898 = CARTESIAN_POINT ( 'NONE',  ( 18.64474049546983636, 0.000000000000000000, 29.63023121364310697 ) ) ;
#899 = DIRECTION ( 'NONE',  ( 0.000000000000000000, -0.000000000000000000, -1.000000000000000000 ) ) ;
#900 = ORIENTED_EDGE ( 'NONE', *, *, #2688, .F. ) ;
#901 = CARTESIAN_POINT ( 'NONE',  ( 5.595871989716768802, 2.000000000000000000, 0.000000000000000000 ) ) ;
#902 = AXIS2_PLACEMENT_3D ( 'NONE', #356, #2436, #2970 ) ;
#903 = ORIENTED_EDGE ( 'NONE', *, *, #1093, .T. ) ;
#904 = EDGE_CURVE ( 'NONE', #3219, #3021, #1762, .T. ) ;
#905 = FACE_OUTER_BOUND ( 'NONE', #1894, .T. ) ;
#906 = VECTOR ( 'NONE', #1836, 1000.000000000000000 ) ;
#907 = CARTESIAN_POINT ( 'NONE',  ( -15.94915935882295521, 2.000000000000000000, 43.92113534891822013 ) ) ;
#908 = AXIS2_PLACEMENT_3D ( 'NONE', #2427, #2975, #92 ) ;
#909 = AXIS2_PLACEMENT_3D ( 'NONE', #907, #1955, #3026 ) ;
#910 = VERTEX_POINT ( 'NONE', #708 ) ;
#911 = DIRECTION ( 'NONE',  ( 0.000000000000000000, 1.000000000000000000, 0.000000000000000000 ) ) ;
#912 = DIRECTION ( 'NONE',  ( 0.000000000000000000, -1.000000000000000000, 0.000000000000000000 ) ) ;
#913 = CIRCLE ( 'NONE', #1341, 0.9999999999999974465 ) ;
#914 = EDGE_LOOP ( 'NONE', ( #1479, #2629, #69, #1634 ) ) ;
#915 = SURFACE_STYLE_USAGE ( .BOTH. , #3046 ) ;
#916 = DIRECTION ( 'NONE',  ( 0.000000000000000000, 0.000000000000000000, -1.000000000000000000 ) ) ;
#917 = CARTESIAN_POINT ( 'NONE',  ( 52.10545143312075567, 2.000000000000000000, 43.21127602486691899 ) ) ;
#918 = AXIS2_PLACEMENT_3D ( 'NONE', #315, #1962, #116 ) ;
#919 = AXIS2_PLACEMENT_3D ( 'NONE', #3163, #387, #3015 ) ;
#920 = VERTEX_POINT ( 'NONE', #1228 ) ;
#921 = DIRECTION ( 'NONE',  ( 0.000000000000000000, 0.000000000000000000, -1.000000000000000000 ) ) ;
#922 = CIRCLE ( 'NONE', #1350, 1.550000000000002709 ) ;
#923 = LINE ( 'NONE', #2021, #274 ) ;
#924 = CARTESIAN_POINT ( 'NONE',  ( 0.8098500281752997187, 2.000000000000000000, 5.009235022023397654 ) ) ;
#925 = EDGE_CURVE ( 'NONE', #769, #1281, #1599, .T. ) ;
#926 = ORIENTED_EDGE ( 'NONE', *, *, #2170, .T. ) ;
#927 = DIRECTION ( 'NONE',  ( 0.000000000000000000, 1.000000000000000000, 0.000000000000000000 ) ) ;
#928 = DIRECTION ( 'NONE',  ( 0.000000000000000000, -0.7071067811865416886, -0.7071067811865532349 ) ) ;
#929 = VERTEX_POINT ( 'NONE', #2287 ) ;
#930 = CARTESIAN_POINT ( 'NONE',  ( -18.08055958075299685, 2.000000000000000000, -30.91778705203399369 ) ) ;
#931 = LINE ( 'NONE', #2247, #1562 ) ;
#932 = ORIENTED_EDGE ( 'NONE', *, *, #1849, .F. ) ;
#933 = DIRECTION ( 'NONE',  ( -0.000000000000000000, -1.000000000000000000, 0.000000000000000000 ) ) ;
#934 = AXIS2_PLACEMENT_3D ( 'NONE', #1975, #1705, #189 ) ;
#935 = FACE_OUTER_BOUND ( 'NONE', #3363, .T. ) ;
#936 = LINE ( 'NONE', #3054, #2852 ) ;
#937 = EDGE_LOOP ( 'NONE', ( #317, #543, #3390, #1965 ) ) ;
#938 = VERTEX_POINT ( 'NONE', #939 ) ;
#939 = CARTESIAN_POINT ( 'NONE',  ( -0.8098500281752962771, 0.000000000000000000, -5.009235022023397654 ) ) ;
#940 = FACE_OUTER_BOUND ( 'NONE', #1408, .T. ) ;
#941 = ORIENTED_EDGE ( 'NONE', *, *, #1161, .F. ) ;
#942 = CARTESIAN_POINT ( 'NONE',  ( -47.89998255393123827, 2.000000000000000000, -52.63339765602865583 ) ) ;
#943 = ADVANCED_FACE ( 'NONE', ( #3104 ), #1754, .F. ) ;
#944 = FACE_BOUND ( 'NONE', #1986, .T. ) ;
#945 = ADVANCED_FACE ( 'NONE', ( #3055 ), #955, .T. ) ;
#946 = VECTOR ( 'NONE', #2269, 999.9999999999998863 ) ;
#947 = ORIENTED_EDGE ( 'NONE', *, *, #1569, .F. ) ;
#948 = ADVANCED_FACE ( 'NONE', ( #733 ), #2239, .T. ) ;
#949 = DIRECTION ( 'NONE',  ( -0.000000000000000000, -1.000000000000000000, -0.000000000000000000 ) ) ;
#950 = DIRECTION ( 'NONE',  ( 0.000000000000000000, 0.000000000000000000, -1.000000000000000000 ) ) ;
#951 = CARTESIAN_POINT ( 'NONE',  ( 27.99999999999999645, 2.000000000000000000, -29.54999999999999716 ) ) ;
#952 = DIRECTION ( 'NONE',  ( 0.000000000000000000, 0.000000000000000000, -1.000000000000000000 ) ) ;
#953 = ORIENTED_EDGE ( 'NONE', *, *, #3240, .F. ) ;
#954 = VECTOR ( 'NONE', #3224, 1000.000000000000114 ) ;
#955 = CYLINDRICAL_SURFACE ( 'NONE', #1878, 48.75000000000000000 ) ;
#956 = AXIS2_PLACEMENT_3D ( 'NONE', #3221, #334, #611 ) ;
#957 = ORIENTED_EDGE ( 'NONE', *, *, #2377, .T. ) ;
#958 = AXIS2_PLACEMENT_3D ( 'NONE', #2410, #2164, #346 ) ;
#959 = DIRECTION ( 'NONE',  ( 0.8098500281752961660, 0.000000000000000000, -0.5866369676933699262 ) ) ;
#960 = AXIS2_PLACEMENT_3D ( 'NONE', #3, #1044, #2906 ) ;
#961 = CYLINDRICAL_SURFACE ( 'NONE', #2288, 1.549999999999999378 ) ;
#962 = AXIS2_PLACEMENT_3D ( 'NONE', #3085, #2851, #2236 ) ;
#963 = EDGE_CURVE ( 'NONE', #586, #1807, #3043, .T. ) ;
#964 = ORIENTED_EDGE ( 'NONE', *, *, #2601, .T. ) ;
#965 = FACE_OUTER_BOUND ( 'NONE', #2683, .T. ) ;
#966 = CARTESIAN_POINT ( 'NONE',  ( 47.89998255393118853, 2.000000000000000000, 52.63339765602871267 ) ) ;
#967 = EDGE_CURVE ( 'NONE', #2401, #3198, #511, .T. ) ;
#968 = CIRCLE ( 'NONE', #2861, 1.549999999999999378 ) ;
#969 = DIRECTION ( 'NONE',  ( 0.000000000000000000, 1.000000000000000000, 0.000000000000000000 ) ) ;
#970 = DIRECTION ( 'NONE',  ( 0.000000000000000000, 0.000000000000000000, 1.000000000000000000 ) ) ;
#971 = EDGE_LOOP ( 'NONE', ( #1242, #2913, #483, #564 ) ) ;
#972 = CARTESIAN_POINT ( 'NONE',  ( -41.99999999999997158, 0.000000000000000000, 50.00000000000000711 ) ) ;
#973 = DIRECTION ( 'NONE',  ( 0.000000000000000000, 1.000000000000000000, -0.000000000000000000 ) ) ;
#974 = ORIENTED_EDGE ( 'NONE', *, *, #2624, .T. ) ;
#975 = VERTEX_POINT ( 'NONE', #1292 ) ;
#976 = CARTESIAN_POINT ( 'NONE',  ( 49.96870134679144115, -0.01000000000000000021, 23.61245673476620865 ) ) ;
#977 = CIRCLE ( 'NONE', #2925, 1.000000000000000888 ) ;
#978 = DIRECTION ( 'NONE',  ( 0.000000000000000000, 0.000000000000000000, 1.000000000000000000 ) ) ;
#979 = VERTEX_POINT ( 'NONE', #1321 ) ;
#980 = DIRECTION ( 'NONE',  ( -0.4075833274418365071, 0.000000000000000000, 0.9131680191462251406 ) ) ;
#981 = DIRECTION ( 'NONE',  ( -0.000000000000000000, -1.000000000000000000, -0.000000000000000000 ) ) ;
#982 = EDGE_CURVE ( 'NONE', #1305, #1668, #2336, .T. ) ;
#983 = EDGE_CURVE ( 'NONE', #2559, #1282, #1820, .T. ) ;
#984 = LINE ( 'NONE', #3361, #3083 ) ;
#985 = CARTESIAN_POINT ( 'NONE',  ( -18.64474049546983636, 2.000000000000000000, 29.63023121364311052 ) ) ;
#986 = ADVANCED_FACE ( 'NONE', ( #758 ), #806, .F. ) ;
#987 = ADVANCED_FACE ( 'NONE', ( #1809 ), #271, .T. ) ;
#988 = VERTEX_POINT ( 'NONE', #2643 ) ;
#989 = EDGE_CURVE ( 'NONE', #2780, #2011, #2552, .T. ) ;
#990 = DIRECTION ( 'NONE',  ( 0.000000000000000000, 0.000000000000000000, 1.000000000000000000 ) ) ;
#991 = FACE_OUTER_BOUND ( 'NONE', #2588, .T. ) ;
#992 = EDGE_CURVE ( 'NONE', #332, #1843, #2905, .T. ) ;
#993 = APPLICATION_PROTOCOL_DEFINITION ( 'draft international standard', 'automotive_design', 1998, #1211 ) ;
#994 = ORIENTED_EDGE ( 'NONE', *, *, #2814, .T. ) ;
#995 = CARTESIAN_POINT ( 'NONE',  ( -18.08055958075299685, 2.000000000000000000, -31.91778705203399014 ) ) ;
#996 = FACE_BOUND ( 'NONE', #2878, .T. ) ;
#997 = ORIENTED_EDGE ( 'NONE', *, *, #1587, .F. ) ;
#998 = DIRECTION ( 'NONE',  ( 0.8098500281752961660, 0.000000000000000000, -0.5866369676933699262 ) ) ;
#999 = DIRECTION ( 'NONE',  ( 0.000000000000000000, 1.000000000000000000, 0.000000000000000000 ) ) ;
#1000 = ORIENTED_EDGE ( 'NONE', *, *, #1359, .T. ) ;
#1001 = DIRECTION ( 'NONE',  ( 0.000000000000000000, 1.000000000000000000, 0.000000000000000000 ) ) ;
#1002 = ORIENTED_EDGE ( 'NONE', *, *, #196, .T. ) ;
#1003 = DIRECTION ( 'NONE',  ( -0.000000000000000000, -1.000000000000000000, 0.000000000000000000 ) ) ;
#1004 = VERTEX_POINT ( 'NONE', #2625 ) ;
#1005 = EDGE_CURVE ( 'NONE', #2449, #2755, #1492, .T. ) ;
#1006 = DIRECTION ( 'NONE',  ( -0.000000000000000000, -0.000000000000000000, 1.000000000000000000 ) ) ;
#1007 = DIRECTION ( 'NONE',  ( 0.000000000000000000, 0.000000000000000000, -1.000000000000000000 ) ) ;
#1008 = ADVANCED_FACE ( 'NONE', ( #1826 ), #2, .T. ) ;
#1009 = ORIENTED_EDGE ( 'NONE', *, *, #3147, .F. ) ;
#1010 = CIRCLE ( 'NONE', #2002, 1.000000000000000888 ) ;
#1011 = ORIENTED_EDGE ( 'NONE', *, *, #1093, .F. ) ;
#1012 = CYLINDRICAL_SURFACE ( 'NONE', #1968, 45.10884310473581138 ) ;
#1013 = CIRCLE ( 'NONE', #90, 1.550000000000002709 ) ;
#1014 = DIRECTION ( 'NONE',  ( 0.5866369676933700372, 0.000000000000000000, -0.8098500281752960550 ) ) ;
#1015 = VECTOR ( 'NONE', #1774, 1000.000000000000114 ) ;
#1016 = ORIENTED_EDGE ( 'NONE', *, *, #3300, .F. ) ;
#1017 = DIRECTION ( 'NONE',  ( 0.000000000000000000, 0.000000000000000000, -1.000000000000000000 ) ) ;
#1018 = LINE ( 'NONE', #749, #368 ) ;
#1019 = AXIS2_PLACEMENT_3D ( 'NONE', #1225, #3297, #970 ) ;
#1020 = VERTEX_POINT ( 'NONE', #1274 ) ;
#1021 = AXIS2_PLACEMENT_3D ( 'NONE', #1818, #832, #12 ) ;
#1022 = CARTESIAN_POINT ( 'NONE',  ( -13.83997312679162484, 0.000000000000000000, 33.11069557317927092 ) ) ;
#1023 = EDGE_LOOP ( 'NONE', ( #2871, #2641, #2628, #849 ) ) ;
#1024 = VECTOR ( 'NONE', #2365, 1000.000000000000000 ) ;
#1025 = AXIS2_PLACEMENT_3D ( 'NONE', #2135, #2094, #1014 ) ;
#1026 = AXIS2_PLACEMENT_3D ( 'NONE', #741, #1779, #2858 ) ;
#1027 = DIRECTION ( 'NONE',  ( 0.000000000000000000, -1.000000000000000000, 0.000000000000000000 ) ) ;
#1028 = CARTESIAN_POINT ( 'NONE',  ( 44.34352327037785813, 2.000000000000000000, -39.74681774161131642 ) ) ;
#1029 = EDGE_CURVE ( 'NONE', #1658, #2185, #1657, .T. ) ;
#1030 = ORIENTED_EDGE ( 'NONE', *, *, #122, .F. ) ;
#1031 = ORIENTED_EDGE ( 'NONE', *, *, #8, .F. ) ;
#1032 = CYLINDRICAL_SURFACE ( 'NONE', #1518, 1.000000000000000000 ) ;
#1033 = DIRECTION ( 'NONE',  ( 0.000000000000000000, 0.000000000000000000, -1.000000000000000000 ) ) ;
#1034 = EDGE_CURVE ( 'NONE', #3086, #1148, #1043, .T. ) ;
#1035 = ORIENTED_EDGE ( 'NONE', *, *, #2018, .F. ) ;
#1036 = ORIENTED_EDGE ( 'NONE', *, *, #2514, .T. ) ;
#1037 = CARTESIAN_POINT ( 'NONE',  ( 41.46870134679144826, 0.000000000000000000, 23.61245673476620510 ) ) ;
#1038 = CARTESIAN_POINT ( 'NONE',  ( -41.46870134679152642, 2.000000000000000000, 26.82934345515319308 ) ) ;
#1039 = VERTEX_POINT ( 'NONE', #3173 ) ;
#1040 = LINE ( 'NONE', #2088, #507 ) ;
#1041 = ORIENTED_EDGE ( 'NONE', *, *, #2121, .F. ) ;
#1042 = ORIENTED_EDGE ( 'NONE', *, *, #1160, .F. ) ;
#1043 = LINE ( 'NONE', #773, #2092 ) ;
#1044 = DIRECTION ( 'NONE',  ( 0.000000000000000000, 1.000000000000000000, 0.000000000000000000 ) ) ;
#1045 = ORIENTED_EDGE ( 'NONE', *, *, #136, .T. ) ;
#1046 = EDGE_LOOP ( 'NONE', ( #875, #2651, #2313, #237 ) ) ;
#1047 = CARTESIAN_POINT ( 'NONE',  ( -31.99999999999997868, 2.000000000000000000, 43.55000000000001847 ) ) ;
#1048 = DIRECTION ( 'NONE',  ( -0.4075833274418365071, 0.000000000000000000, 0.9131680191462252516 ) ) ;
#1049 = EDGE_LOOP ( 'NONE', ( #2743, #1943, #884, #1756 ) ) ;
#1050 = EDGE_CURVE ( 'NONE', #2163, #3274, #2546, .T. ) ;
#1051 = EDGE_LOOP ( 'NONE', ( #3070, #3202, #565, #2737 ) ) ;
#1052 = LINE ( 'NONE', #2845, #2172 ) ;
#1053 = DIRECTION ( 'NONE',  ( -0.000000000000000000, -1.000000000000000000, -0.000000000000000000 ) ) ;
#1054 = CIRCLE ( 'NONE', #342, 1.000000000000000888 ) ;
#1055 = EDGE_CURVE ( 'NONE', #2403, #2511, #1485, .T. ) ;
#1056 = ORIENTED_EDGE ( 'NONE', *, *, #1329, .F. ) ;
#1057 = CARTESIAN_POINT ( 'NONE',  ( -19.20472695313019784, 2.000000000000000000, 30.57715299254202534 ) ) ;
#1058 = VECTOR ( 'NONE', #660, 1000.000000000000000 ) ;
#1059 = AXIS2_PLACEMENT_3D ( 'NONE', #2849, #1001, #753 ) ;
#1060 = DIRECTION ( 'NONE',  ( 0.000000000000000000, 0.000000000000000000, -1.000000000000000000 ) ) ;
#1061 = DIRECTION ( 'NONE',  ( 0.000000000000000000, 1.000000000000000000, 0.000000000000000000 ) ) ;
#1062 = ORIENTED_EDGE ( 'NONE', *, *, #2814, .F. ) ;
#1063 = VERTEX_POINT ( 'NONE', #1581 ) ;
#1064 = LINE ( 'NONE', #1047, #3187 ) ;
#1065 = CARTESIAN_POINT ( 'NONE',  ( 42.00000000000000000, 0.000000000000000000, -52.54999999999996874 ) ) ;
#1066 = VECTOR ( 'NONE', #2544, 1000.000000000000227 ) ;
#1067 = ORIENTED_EDGE ( 'NONE', *, *, #384, .T. ) ;
#1068 = DIRECTION ( 'NONE',  ( 0.000000000000000000, 1.000000000000000000, -0.000000000000000000 ) ) ;
#1069 = VECTOR ( 'NONE', #2916, 1000.000000000000000 ) ;
#1070 = CARTESIAN_POINT ( 'NONE',  ( 42.00000000000000000, 0.000000000000000000, -47.45000000000003126 ) ) ;
#1071 = CARTESIAN_POINT ( 'NONE',  ( -44.34352327037802155, 0.000000000000000000, 39.74681774161137326 ) ) ;
#1072 = EDGE_CURVE ( 'NONE', #184, #2595, #1054, .T. ) ;
#1073 = CIRCLE ( 'NONE', #36, 1.550000000000002709 ) ;
#1074 = VERTEX_POINT ( 'NONE', #2383 ) ;
#1075 = CARTESIAN_POINT ( 'NONE',  ( 36.00000000000000711, 2.000000000000000000, -43.00000000000000000 ) ) ;
#1076 = VECTOR ( 'NONE', #112, 1000.000000000000000 ) ;
#1077 = EDGE_LOOP ( 'NONE', ( #3313, #1815, #80, #776 ) ) ;
#1078 = AXIS2_PLACEMENT_3D ( 'NONE', #1361, #2423, #1690 ) ;
#1079 = DIRECTION ( 'NONE',  ( 0.000000000000000000, 1.000000000000000000, 0.000000000000000000 ) ) ;
#1080 = DIRECTION ( 'NONE',  ( 0.000000000000000000, -1.000000000000000000, 0.000000000000000000 ) ) ;
#1081 = AXIS2_PLACEMENT_3D ( 'NONE', #3267, #1624, #130 ) ;
#1082 = CIRCLE ( 'NONE', #3023, 8.500000000000000000 ) ;
#1083 = CIRCLE ( 'NONE', #537, 1.549999999999999378 ) ;
#1084 = ORIENTED_EDGE ( 'NONE', *, *, #303, .F. ) ;
#1085 = ORIENTED_EDGE ( 'NONE', *, *, #2215, .T. ) ;
#1086 = LINE ( 'NONE', #794, #761 ) ;
#1087 = CARTESIAN_POINT ( 'NONE',  ( -47.89998255393140170, 0.000000000000000000, 52.63339765602871978 ) ) ;
#1088 = ORIENTED_EDGE ( 'NONE', *, *, #1448, .T. ) ;
#1089 = ORIENTED_EDGE ( 'NONE', *, *, #1335, .T. ) ;
#1090 = CARTESIAN_POINT ( 'NONE',  ( 18.30049045133074515, 2.000000000000000000, -31.00418501571296659 ) ) ;
#1091 = DIRECTION ( 'NONE',  ( -0.000000000000000000, -1.000000000000000000, -0.000000000000000000 ) ) ;
#1092 = ORIENTED_EDGE ( 'NONE', *, *, #2666, .T. ) ;
#1093 = EDGE_CURVE ( 'NONE', #167, #3086, #3374, .T. ) ;
#1094 = DIRECTION ( 'NONE',  ( 0.000000000000000000, 0.000000000000000000, -1.000000000000000000 ) ) ;
#1095 = AXIS2_PLACEMENT_3D ( 'NONE', #1022, #510, #802 ) ;
#1096 = ORIENTED_EDGE ( 'NONE', *, *, #904, .F. ) ;
#1097 = EDGE_CURVE ( 'NONE', #2941, #883, #3192, .T. ) ;
#1098 = CARTESIAN_POINT ( 'NONE',  ( 46.37644612199552085, 0.000000000000000000, 31.31607292457774960 ) ) ;
#1099 = DIRECTION ( 'NONE',  ( 0.000000000000000000, 1.000000000000000000, -0.000000000000000000 ) ) ;
#1100 = EDGE_CURVE ( 'NONE', #1286, #797, #2853, .T. ) ;
#1101 = EDGE_LOOP ( 'NONE', ( #392, #1324 ) ) ;
#1102 = EDGE_CURVE ( 'NONE', #184, #587, #2265, .T. ) ;
#1103 = CARTESIAN_POINT ( 'NONE',  ( 18.08055958075299685, 0.000000000000000000, 30.91778705203399724 ) ) ;
#1104 = DIRECTION ( 'NONE',  ( 0.000000000000000000, 1.000000000000000000, 0.000000000000000000 ) ) ;
#1105 = CARTESIAN_POINT ( 'NONE',  ( -41.99999999999997158, 2.000000000000000000, 50.00000000000000711 ) ) ;
#1106 = EDGE_LOOP ( 'NONE', ( #1062, #414, #793, #2930 ) ) ;
#1107 = ORIENTED_EDGE ( 'NONE', *, *, #1679, .F. ) ;
#1108 = CARTESIAN_POINT ( 'NONE',  ( 2.483318036724785371E-14, 0.000000000000000000, -77.26598944702274707 ) ) ;
#1109 = CARTESIAN_POINT ( 'NONE',  ( 18.30049045133074515, 2.000000000000000000, -31.00418501571296659 ) ) ;
#1110 = ORIENTED_EDGE ( 'NONE', *, *, #183, .T. ) ;
#1111 = CARTESIAN_POINT ( 'NONE',  ( -41.99999999999997158, 2.000000000000000000, 51.55000000000001137 ) ) ;
#1112 = FACE_OUTER_BOUND ( 'NONE', #2460, .T. ) ;
#1113 = CARTESIAN_POINT ( 'NONE',  ( -27.99999999999970157, 0.000000000000000000, -26.45000000000029772 ) ) ;
#1114 = ADVANCED_FACE ( 'NONE', ( #87 ), #3263, .F. ) ;
#1115 = AXIS2_PLACEMENT_3D ( 'NONE', #3302, #927, #1979 ) ;
#1116 = ORIENTED_EDGE ( 'NONE', *, *, #2951, .T. ) ;
#1117 = EDGE_LOOP ( 'NONE', ( #1867, #217, #785, #2359 ) ) ;
#1118 = FACE_OUTER_BOUND ( 'NONE', #1429, .T. ) ;
#1119 = DIRECTION ( 'NONE',  ( 0.000000000000000000, 1.000000000000000000, -0.000000000000000000 ) ) ;
#1120 = EDGE_CURVE ( 'NONE', #1763, #1277, #1879, .T. ) ;
#1121 = DIRECTION ( 'NONE',  ( 0.000000000000000000, 0.000000000000000000, -1.000000000000000000 ) ) ;
#1122 = VERTEX_POINT ( 'NONE', #1131 ) ;
#1123 = CARTESIAN_POINT ( 'NONE',  ( -47.93577849517394185, 0.000000000000000000, 32.04320155179982521 ) ) ;
#1124 = DIRECTION ( 'NONE',  ( -0.9063077870366510469, 0.000000000000000000, -0.4226182617406972208 ) ) ;
#1125 = FACE_BOUND ( 'NONE', #509, .T. ) ;
#1126 = ORIENTED_EDGE ( 'NONE', *, *, #3343, .F. ) ;
#1127 = CIRCLE ( 'NONE', #197, 8.500000000000000000 ) ;
#1128 = ORIENTED_EDGE ( 'NONE', *, *, #3126, .T. ) ;
#1129 = CARTESIAN_POINT ( 'NONE',  ( 36.00000000000000711, 2.000000000000000000, -44.54999999999999716 ) ) ;
#1130 = AXIS2_PLACEMENT_3D ( 'NONE', #2854, #211, #461 ) ;
#1131 = CARTESIAN_POINT ( 'NONE',  ( -35.99999999999999289, 0.000000000000000000, -41.44999999999998863 ) ) ;
#1132 = CYLINDRICAL_SURFACE ( 'NONE', #1078, 45.10884310473578296 ) ;
#1133 = CIRCLE ( 'NONE', #1019, 5.932910046942940774 ) ;
#1134 = EDGE_LOOP ( 'NONE', ( #91, #2060, #2676, #1466 ) ) ;
#1135 = DIRECTION ( 'NONE',  ( 0.000000000000000000, 1.000000000000000000, -0.000000000000000000 ) ) ;
#1136 = CARTESIAN_POINT ( 'NONE',  ( 5.595871989716768802, 0.000000000000000000, 0.000000000000000000 ) ) ;
#1137 = VECTOR ( 'NONE', #2556, 1000.000000000000000 ) ;
#1138 = EDGE_CURVE ( 'NONE', #1532, #3142, #3214, .T. ) ;
#1139 = FILL_AREA_STYLE_COLOUR ( '', #2897 ) ;
#1140 = ORIENTED_EDGE ( 'NONE', *, *, #2604, .T. ) ;
#1141 = LINE ( 'NONE', #1858, #1670 ) ;
#1142 = FACE_BOUND ( 'NONE', #1373, .T. ) ;
#1143 = ORIENTED_EDGE ( 'NONE', *, *, #2446, .F. ) ;
#1144 = EDGE_CURVE ( 'NONE', #3352, #2962, #2954, .T. ) ;
#1145 = ORIENTED_EDGE ( 'NONE', *, *, #1418, .T. ) ;
#1146 = ADVANCED_FACE ( 'NONE', ( #1653 ), #379, .F. ) ;
#1147 = DIRECTION ( 'NONE',  ( 0.000000000000000000, 0.000000000000000000, -1.000000000000000000 ) ) ;
#1148 = VERTEX_POINT ( 'NONE', #1671 ) ;
#1149 = DIRECTION ( 'NONE',  ( 0.000000000000000000, 0.000000000000000000, -1.000000000000000000 ) ) ;
#1150 = CARTESIAN_POINT ( 'NONE',  ( -30.56084154097699113, 2.000000000000000000, 19.01468478763708703 ) ) ;
#1151 = VERTEX_POINT ( 'NONE', #2145 ) ;
#1152 = PLANE ( 'NONE',  #908 ) ;
#1153 = DIRECTION ( 'NONE',  ( 0.000000000000000000, 0.000000000000000000, 1.000000000000000000 ) ) ;
#1154 = CARTESIAN_POINT ( 'NONE',  ( 42.00000000000000000, 0.000000000000000000, 52.54999999999996874 ) ) ;
#1155 = AXIS2_PLACEMENT_3D ( 'NONE', #410, #2564, #206 ) ;
#1156 = ORIENTED_EDGE ( 'NONE', *, *, #122, .T. ) ;
#1157 = DIRECTION ( 'NONE',  ( 0.000000000000000000, 0.000000000000000000, -1.000000000000000000 ) ) ;
#1158 = DIRECTION ( 'NONE',  ( 0.000000000000000000, 0.000000000000000000, -1.000000000000000000 ) ) ;
#1159 = DIRECTION ( 'NONE',  ( -0.8098500281752958330, -0.000000000000000000, -0.5866369676933703703 ) ) ;
#1160 = EDGE_CURVE ( 'NONE', #1004, #2618, #1430, .T. ) ;
#1161 = EDGE_CURVE ( 'NONE', #1208, #2059, #788, .T. ) ;
#1162 = VERTEX_POINT ( 'NONE', #888 ) ;
#1163 = DIRECTION ( 'NONE',  ( 0.000000000000000000, 1.000000000000000000, -0.000000000000000000 ) ) ;
#1164 = EDGE_CURVE ( 'NONE', #2881, #3296, #3157, .T. ) ;
#1165 = DIRECTION ( 'NONE',  ( -0.000000000000000000, -1.000000000000000000, -0.000000000000000000 ) ) ;
#1166 = FACE_OUTER_BOUND ( 'NONE', #39, .T. ) ;
#1167 = ORIENTED_EDGE ( 'NONE', *, *, #1422, .F. ) ;
#1168 = VECTOR ( 'NONE', #2406, 1000.000000000000000 ) ;
#1169 = DIRECTION ( 'NONE',  ( -0.000000000000000000, -1.000000000000000000, -0.000000000000000000 ) ) ;
#1170 = LINE ( 'NONE', #893, #868 ) ;
#1171 = AXIS2_PLACEMENT_3D ( 'NONE', #1451, #2522, #2550 ) ;
#1172 = ORIENTED_EDGE ( 'NONE', *, *, #277, .F. ) ;
#1173 = DIRECTION ( 'NONE',  ( 0.000000000000000000, 1.000000000000000000, 0.000000000000000000 ) ) ;
#1174 = DIRECTION ( 'NONE',  ( -0.4226182617406972208, 0.000000000000000000, 0.9063077870366510469 ) ) ;
#1175 = FACE_BOUND ( 'NONE', #829, .T. ) ;
#1176 = VERTEX_POINT ( 'NONE', #1342 ) ;
#1177 = AXIS2_PLACEMENT_3D ( 'NONE', #3011, #2166, #2977 ) ;
#1178 = LINE ( 'NONE', #2213, #1551 ) ;
#1179 = EDGE_CURVE ( 'NONE', #2713, #2140, #1410, .T. ) ;
#1180 = DIRECTION ( 'NONE',  ( -0.000000000000000000, -1.000000000000000000, -0.000000000000000000 ) ) ;
#1181 = AXIS2_PLACEMENT_3D ( 'NONE', #2653, #2394, #2685 ) ;
#1182 = DIRECTION ( 'NONE',  ( 0.000000000000000000, 1.000000000000000000, 0.000000000000000000 ) ) ;
#1183 = CIRCLE ( 'NONE', #1833, 45.10884310473581138 ) ;
#1184 = ORIENTED_EDGE ( 'NONE', *, *, #2601, .F. ) ;
#1185 = DIRECTION ( 'NONE',  ( -0.000000000000000000, -1.000000000000000000, -0.000000000000000000 ) ) ;
#1186 = DIRECTION ( 'NONE',  ( 0.000000000000000000, 1.000000000000000000, 0.000000000000000000 ) ) ;
#1187 = VECTOR ( 'NONE', #3327, 1000.000000000000000 ) ;
#1188 = AXIS2_PLACEMENT_3D ( 'NONE', #1647, #121, #2775 ) ;
#1189 = VERTEX_POINT ( 'NONE', #619 ) ;
#1190 = DIRECTION ( 'NONE',  ( 0.4075833274418365071, -0.000000000000000000, 0.9131680191462251406 ) ) ;
#1191 = DIRECTION ( 'NONE',  ( 0.000000000000000000, 1.000000000000000000, 0.000000000000000000 ) ) ;
#1192 = DIRECTION ( 'NONE',  ( -0.000000000000000000, -1.000000000000000000, -0.000000000000000000 ) ) ;
#1193 = AXIS2_PLACEMENT_3D ( 'NONE', #2944, #247, #1033 ) ;
#1194 = ORIENTED_EDGE ( 'NONE', *, *, #553, .T. ) ;
#1195 = AXIS2_PLACEMENT_3D ( 'NONE', #181, #1219, #959 ) ;
#1196 = ORIENTED_EDGE ( 'NONE', *, *, #3003, .T. ) ;
#1197 = CYLINDRICAL_SURFACE ( 'NONE', #2560, 6.461004360892336429 ) ;
#1198 = CARTESIAN_POINT ( 'NONE',  ( 36.00000000000000711, 2.000000000000000000, -41.44999999999999574 ) ) ;
#1199 = LINE ( 'NONE', #1467, #2458 ) ;
#1200 = EDGE_CURVE ( 'NONE', #1290, #3296, #2972, .T. ) ;
#1201 = VERTEX_POINT ( 'NONE', #1098 ) ;
#1202 = PLANE ( 'NONE',  #1654 ) ;
#1203 = DIRECTION ( 'NONE',  ( -0.8098500281752960550, 0.000000000000000000, 0.5866369676933701482 ) ) ;
#1204 = EDGE_CURVE ( 'NONE', #3407, #2275, #3209, .T. ) ;
#1205 = EDGE_LOOP ( 'NONE', ( #1423, #1533 ) ) ;
#1206 = DIRECTION ( 'NONE',  ( 0.000000000000000000, 1.000000000000000000, -0.000000000000000000 ) ) ;
#1207 = CARTESIAN_POINT ( 'NONE',  ( -0.8098500281752962771, 2.000000000000000000, 5.009235022023395878 ) ) ;
#1208 = VERTEX_POINT ( 'NONE', #3249 ) ;
#1209 = LINE ( 'NONE', #2763, #359 ) ;
#1210 = LINE ( 'NONE', #219, #154 ) ;
#1211 = APPLICATION_CONTEXT ( 'automotive_design' ) ;
#1212 = VECTOR ( 'NONE', #635, 1000.000000000000000 ) ;
#1213 = CARTESIAN_POINT ( 'NONE',  ( 27.99999999999990408, 2.000000000000000000, 29.55000000000009308 ) ) ;
#1214 = CARTESIAN_POINT ( 'NONE',  ( -19.01468478763708703, 0.000000000000000000, -30.56084154097700178 ) ) ;
#1215 = CARTESIAN_POINT ( 'NONE',  ( 2.483318036724785371E-14, 2.000000000000000000, -77.26598944702274707 ) ) ;
#1216 = ADVANCED_FACE ( 'NONE', ( #835 ), #279, .F. ) ;
#1217 = ORIENTED_EDGE ( 'NONE', *, *, #384, .F. ) ;
#1218 = ADVANCED_FACE ( 'NONE', ( #2695 ), #2198, .F. ) ;
#1219 = DIRECTION ( 'NONE',  ( 0.5866369676933699262, -0.000000000000000000, 0.8098500281752961660 ) ) ;
#1220 = FACE_BOUND ( 'NONE', #2345, .T. ) ;
#1221 = ORIENTED_EDGE ( 'NONE', *, *, #2216, .F. ) ;
#1222 = LINE ( 'NONE', #3339, #1772 ) ;
#1223 = CARTESIAN_POINT ( 'NONE',  ( 42.00000000000000000, 0.000000000000000000, -52.54999999999996874 ) ) ;
#1224 = CARTESIAN_POINT ( 'NONE',  ( 0.8098500281752974983, 8.673617379884035472E-16, 5.009235022023400319 ) ) ;
#1225 = CARTESIAN_POINT ( 'NONE',  ( -33.11069557317927092, 2.000000000000000000, -13.83997312679163194 ) ) ;
#1226 = ORIENTED_EDGE ( 'NONE', *, *, #3169, .T. ) ;
#1227 = CIRCLE ( 'NONE', #1608, 6.461004360892336429 ) ;
#1228 = CARTESIAN_POINT ( 'NONE',  ( -42.00000000000000000, 0.000000000000000000, -56.46100436089236752 ) ) ;
#1229 = VECTOR ( 'NONE', #521, 1000.000000000000114 ) ;
#1230 = ORIENTED_EDGE ( 'NONE', *, *, #2734, .T. ) ;
#1231 = ORIENTED_EDGE ( 'NONE', *, *, #2368, .F. ) ;
#1232 = EDGE_CURVE ( 'NONE', #775, #2567, #2422, .T. ) ;
#1233 = FACE_OUTER_BOUND ( 'NONE', #2767, .T. ) ;
#1234 = CIRCLE ( 'NONE', #366, 5.932910046942935445 ) ;
#1235 = FACE_BOUND ( 'NONE', #2477, .T. ) ;
#1236 = ADVANCED_FACE ( 'NONE', ( #1112 ), #2217, .F. ) ;
#1237 = AXIS2_PLACEMENT_3D ( 'NONE', #3388, #187, #2069 ) ;
#1238 = EDGE_LOOP ( 'NONE', ( #932, #444, #1745, #3038 ) ) ;
#1239 = CARTESIAN_POINT ( 'NONE',  ( 18.64474049546984347, 0.000000000000000000, -29.63023121364310342 ) ) ;
#1240 = CIRCLE ( 'NONE', #1512, 0.9999999999999974465 ) ;
#1241 = DIRECTION ( 'NONE',  ( 0.000000000000000000, 0.000000000000000000, -1.000000000000000000 ) ) ;
#1242 = ORIENTED_EDGE ( 'NONE', *, *, #963, .T. ) ;
#1243 = EDGE_CURVE ( 'NONE', #2327, #3329, #716, .T. ) ;
#1244 = EDGE_CURVE ( 'NONE', #1904, #2848, #704, .T. ) ;
#1245 = CARTESIAN_POINT ( 'NONE',  ( -18.08055958075299685, 0.000000000000000000, -30.91778705203399369 ) ) ;
#1246 = DIRECTION ( 'NONE',  ( -0.000000000000000000, -1.000000000000000000, -0.000000000000000000 ) ) ;
#1247 = AXIS2_PLACEMENT_3D ( 'NONE', #2960, #589, #1625 ) ;
#1248 = FACE_OUTER_BOUND ( 'NONE', #796, .T. ) ;
#1249 = CYLINDRICAL_SURFACE ( 'NONE', #1723, 1.550000000000002709 ) ;
#1250 = ORIENTED_EDGE ( 'NONE', *, *, #3195, .T. ) ;
#1251 = DIRECTION ( 'NONE',  ( -0.000000000000000000, -1.000000000000000000, -0.000000000000000000 ) ) ;
#1252 = DIRECTION ( 'NONE',  ( -0.000000000000000000, -1.000000000000000000, -0.000000000000000000 ) ) ;
#1253 = ORIENTED_EDGE ( 'NONE', *, *, #2631, .F. ) ;
#1254 = DIRECTION ( 'NONE',  ( -1.000000000000000000, 0.000000000000000000, -2.390450781857078341E-16 ) ) ;
#1255 = DIRECTION ( 'NONE',  ( 0.000000000000000000, 0.000000000000000000, 1.000000000000000000 ) ) ;
#1256 = ADVANCED_FACE ( 'NONE', ( #905 ), #2547, .T. ) ;
#1257 = EDGE_LOOP ( 'NONE', ( #2722, #519, #771, #1145 ) ) ;
#1258 = ADVANCED_FACE ( 'NONE', ( #1740 ), #657, .T. ) ;
#1259 = CARTESIAN_POINT ( 'NONE',  ( -35.99999999999999289, 0.000000000000000000, -42.99999999999999289 ) ) ;
#1260 = CARTESIAN_POINT ( 'NONE',  ( -30.91778705203399014, 2.000000000000000000, 18.08055958075298975 ) ) ;
#1261 = DIRECTION ( 'NONE',  ( -0.000000000000000000, -1.000000000000000000, 0.000000000000000000 ) ) ;
#1262 = DIRECTION ( 'NONE',  ( -0.000000000000000000, -1.000000000000000000, -0.000000000000000000 ) ) ;
#1263 = EDGE_LOOP ( 'NONE', ( #1552, #2761, #132, #891 ) ) ;
#1264 = DIRECTION ( 'NONE',  ( 8.659560562354883554E-17, -0.7071067811865515695, 0.7071067811865434649 ) ) ;
#1265 = CARTESIAN_POINT ( 'NONE',  ( 2.483318036724785371E-14, 2.000000000000000000, -77.26598944702274707 ) ) ;
#1266 = ORIENTED_EDGE ( 'NONE', *, *, #2799, .F. ) ;
#1267 = CARTESIAN_POINT ( 'NONE',  ( -5.009235022023397654, 2.000000000000000000, 0.8098500281752962771 ) ) ;
#1268 = FACE_OUTER_BOUND ( 'NONE', #1703, .T. ) ;
#1269 = AXIS2_PLACEMENT_3D ( 'NONE', #1992, #177, #3072 ) ;
#1270 = ORIENTED_EDGE ( 'NONE', *, *, #1934, .F. ) ;
#1271 = EDGE_CURVE ( 'NONE', #975, #3092, #3366, .T. ) ;
#1272 = CARTESIAN_POINT ( 'NONE',  ( -56.96870134679146958, -0.01000000000000000021, 36.25532265303234425 ) ) ;
#1273 = VERTEX_POINT ( 'NONE', #1198 ) ;
#1274 = CARTESIAN_POINT ( 'NONE',  ( -42.00000000000000000, 0.9999999999999783507, -51.54999999999999716 ) ) ;
#1275 = DIRECTION ( 'NONE',  ( -0.000000000000000000, -1.000000000000000000, -0.000000000000000000 ) ) ;
#1276 = AXIS2_PLACEMENT_3D ( 'NONE', #2278, #949, #1704 ) ;
#1277 = VERTEX_POINT ( 'NONE', #2796 ) ;
#1278 = CARTESIAN_POINT ( 'NONE',  ( 18.64474049546984347, 2.000000000000000000, -29.63023121364310342 ) ) ;
#1279 = DIRECTION ( 'NONE',  ( 0.000000000000000000, 0.000000000000000000, -1.000000000000000000 ) ) ;
#1280 = VECTOR ( 'NONE', #291, 1000.000000000000000 ) ;
#1281 = VERTEX_POINT ( 'NONE', #2828 ) ;
#1282 = VERTEX_POINT ( 'NONE', #160 ) ;
#1283 = CARTESIAN_POINT ( 'NONE',  ( 47.89998255393119564, 2.000000000000000000, 52.63339765602871978 ) ) ;
#1284 = CARTESIAN_POINT ( 'NONE',  ( -5.009235022023390549, 2.000000000000000000, -0.8098500281752928354 ) ) ;
#1285 = CIRCLE ( 'NONE', #1453, 1.549999999999999378 ) ;
#1286 = VERTEX_POINT ( 'NONE', #2251 ) ;
#1287 = VECTOR ( 'NONE', #1892, 1000.000000000000000 ) ;
#1288 = DIRECTION ( 'NONE',  ( 0.4226182617406969433, -0.000000000000000000, 0.9063077870366512689 ) ) ;
#1289 = CIRCLE ( 'NONE', #1787, 1.550000000000002709 ) ;
#1290 = VERTEX_POINT ( 'NONE', #1954 ) ;
#1291 = VECTOR ( 'NONE', #1997, 1000.000000000000000 ) ;
#1292 = CARTESIAN_POINT ( 'NONE',  ( -1.431935647123593981E-14, 0.000000000000000000, 28.51598944702274352 ) ) ;
#1293 = CARTESIAN_POINT ( 'NONE',  ( 1.515768127461402927E-15, 0.000000000000000000, 79.58539014615182339 ) ) ;
#1294 = CIRCLE ( 'NONE', #807, 1.550000000000002709 ) ;
#1295 = EDGE_CURVE ( 'NONE', #718, #1871, #2815, .T. ) ;
#1296 = ORIENTED_EDGE ( 'NONE', *, *, #1055, .T. ) ;
#1297 = ORIENTED_EDGE ( 'NONE', *, *, #600, .T. ) ;
#1298 = FACE_OUTER_BOUND ( 'NONE', #194, .T. ) ;
#1299 = ADVANCED_FACE ( 'NONE', ( #935 ), #1688, .F. ) ;
#1300 = DIRECTION ( 'NONE',  ( 0.000000000000000000, 1.000000000000000000, -0.000000000000000000 ) ) ;
#1301 = VERTEX_POINT ( 'NONE', #3068 ) ;
#1302 = EDGE_LOOP ( 'NONE', ( #514, #3355, #2831, #2494 ) ) ;
#1303 = CARTESIAN_POINT ( 'NONE',  ( 31.84940921072723796, 2.000000000000000000, -17.71713124747153856 ) ) ;
#1304 = CARTESIAN_POINT ( 'NONE',  ( -41.99999999999997158, 0.000000000000000000, 50.00000000000000711 ) ) ;
#1305 = VERTEX_POINT ( 'NONE', #1478 ) ;
#1306 = DIRECTION ( 'NONE',  ( 0.000000000000000000, 1.000000000000000000, -0.000000000000000000 ) ) ;
#1307 = CARTESIAN_POINT ( 'NONE',  ( -30.91778705203399014, 0.000000000000000000, 18.08055958075298975 ) ) ;
#1308 = DIRECTION ( 'NONE',  ( 0.000000000000000000, -1.000000000000000000, 0.000000000000000000 ) ) ;
#1309 = ORIENTED_EDGE ( 'NONE', *, *, #1869, .F. ) ;
#1310 = VERTEX_POINT ( 'NONE', #141 ) ;
#1311 = CYLINDRICAL_SURFACE ( 'NONE', #1460, 1.549999999999999378 ) ;
#1312 = EDGE_CURVE ( 'NONE', #2565, #3008, #396, .T. ) ;
#1313 = FACE_OUTER_BOUND ( 'NONE', #1584, .T. ) ;
#1314 = EDGE_CURVE ( 'NONE', #2595, #1640, #3295, .T. ) ;
#1315 = VERTEX_POINT ( 'NONE', #686 ) ;
#1316 = ORIENTED_EDGE ( 'NONE', *, *, #236, .T. ) ;
#1317 = CARTESIAN_POINT ( 'NONE',  ( -46.37644612199551375, 2.000000000000000000, -31.31607292457772118 ) ) ;
#1318 = FACE_OUTER_BOUND ( 'NONE', #781, .T. ) ;
#1319 = ORIENTED_EDGE ( 'NONE', *, *, #890, .F. ) ;
#1320 = DIRECTION ( 'NONE',  ( 0.000000000000000000, 1.000000000000000000, 0.000000000000000000 ) ) ;
#1321 = CARTESIAN_POINT ( 'NONE',  ( -31.99999999999997868, 2.000000000000000000, 40.45000000000001705 ) ) ;
#1322 = CARTESIAN_POINT ( 'NONE',  ( -47.89998255393140170, 2.000000000000000000, 52.63339765602871978 ) ) ;
#1323 = EDGE_LOOP ( 'NONE', ( #2869, #1084, #1982, #997 ) ) ;
#1324 = ORIENTED_EDGE ( 'NONE', *, *, #1506, .T. ) ;
#1325 = DIRECTION ( 'NONE',  ( -0.5866369676933703703, 0.000000000000000000, 0.8098500281752958330 ) ) ;
#1326 = FACE_OUTER_BOUND ( 'NONE', #2111, .T. ) ;
#1327 = AXIS2_PLACEMENT_3D ( 'NONE', #2487, #1883, #2959 ) ;
#1328 = AXIS2_PLACEMENT_3D ( 'NONE', #2723, #2418, #1669 ) ;
#1329 = EDGE_CURVE ( 'NONE', #3329, #1668, #1413, .T. ) ;
#1330 = VERTEX_POINT ( 'NONE', #429 ) ;
#1331 = DIRECTION ( 'NONE',  ( 0.000000000000000000, 0.000000000000000000, 1.000000000000000000 ) ) ;
#1332 = AXIS2_PLACEMENT_3D ( 'NONE', #1353, #1630, #352 ) ;
#1333 = LINE ( 'NONE', #3257, #1069 ) ;
#1334 = DIRECTION ( 'NONE',  ( -7.758923264938633790E-16, 0.000000000000000000, -1.000000000000000000 ) ) ;
#1335 = EDGE_CURVE ( 'NONE', #988, #1532, #923, .T. ) ;
#1336 = ORIENTED_EDGE ( 'NONE', *, *, #1695, .F. ) ;
#1337 = DIRECTION ( 'NONE',  ( 0.000000000000000000, 0.000000000000000000, -1.000000000000000000 ) ) ;
#1338 = VECTOR ( 'NONE', #671, 1000.000000000000000 ) ;
#1339 = EDGE_CURVE ( 'NONE', #167, #896, #1465, .T. ) ;
#1340 = EDGE_CURVE ( 'NONE', #68, #2059, #2266, .T. ) ;
#1341 = AXIS2_PLACEMENT_3D ( 'NONE', #1109, #268, #1874 ) ;
#1342 = CARTESIAN_POINT ( 'NONE',  ( 29.63023121364310697, 2.000000000000000000, 18.64474049546983281 ) ) ;
#1343 = DIRECTION ( 'NONE',  ( 0.000000000000000000, 0.000000000000000000, -1.000000000000000000 ) ) ;
#1344 = VECTOR ( 'NONE', #1924, 1000.000000000000227 ) ;
#1345 = AXIS2_PLACEMENT_3D ( 'NONE', #2117, #1068, #575 ) ;
#1346 = ORIENTED_EDGE ( 'NONE', *, *, #989, .F. ) ;
#1347 = DIRECTION ( 'NONE',  ( 0.000000000000000000, 0.000000000000000000, 1.000000000000000000 ) ) ;
#1348 = LINE ( 'NONE', #2411, #482 ) ;
#1349 = CARTESIAN_POINT ( 'NONE',  ( -29.63023121364310342, 2.000000000000000000, -18.64474049546984702 ) ) ;
#1350 = AXIS2_PLACEMENT_3D ( 'NONE', #777, #2890, #516 ) ;
#1351 = ORIENTED_EDGE ( 'NONE', *, *, #3211, .F. ) ;
#1352 = CARTESIAN_POINT ( 'NONE',  ( 36.00000000000000711, 0.000000000000000000, -44.54999999999999716 ) ) ;
#1353 = CARTESIAN_POINT ( 'NONE',  ( -18.30049045133073449, 2.000000000000000000, 31.00418501571296659 ) ) ;
#1354 = DIRECTION ( 'NONE',  ( 7.171352345571237489E-16, 0.000000000000000000, -1.000000000000000000 ) ) ;
#1355 = EDGE_LOOP ( 'NONE', ( #2603, #354, #1346, #1351 ) ) ;
#1356 = DIRECTION ( 'NONE',  ( 0.000000000000000000, 1.000000000000000000, -0.000000000000000000 ) ) ;
#1357 = AXIS2_PLACEMENT_3D ( 'NONE', #549, #3137, #2868 ) ;
#1358 = ADVANCED_FACE ( 'NONE', ( #455 ), #1496, .F. ) ;
#1359 = EDGE_CURVE ( 'NONE', #2618, #2559, #2257, .T. ) ;
#1360 = CARTESIAN_POINT ( 'NONE',  ( 43.92113534891822013, 2.000000000000000000, 15.94915935882295166 ) ) ;
#1361 = CARTESIAN_POINT ( 'NONE',  ( 1.515768127461402927E-15, 2.000000000000000000, -79.58539014615182339 ) ) ;
#1362 = ORIENTED_EDGE ( 'NONE', *, *, #2276, .T. ) ;
#1363 = ORIENTED_EDGE ( 'NONE', *, *, #2258, .T. ) ;
#1364 = DIRECTION ( 'NONE',  ( -0.9063077870366512689, 0.000000000000000000, 0.4226182617406969433 ) ) ;
#1365 = DIRECTION ( 'NONE',  ( -0.000000000000000000, -1.000000000000000000, -0.000000000000000000 ) ) ;
#1366 = AXIS2_PLACEMENT_3D ( 'NONE', #2516, #3053, #173 ) ;
#1367 = DIRECTION ( 'NONE',  ( -0.000000000000000000, -1.000000000000000000, -0.000000000000000000 ) ) ;
#1368 = ORIENTED_EDGE ( 'NONE', *, *, #617, .F. ) ;
#1369 = DIRECTION ( 'NONE',  ( 0.000000000000000000, 0.000000000000000000, 1.000000000000000000 ) ) ;
#1370 = CARTESIAN_POINT ( 'NONE',  ( 42.00000000000000000, 0.000000000000000000, 47.45000000000003126 ) ) ;
#1371 = FACE_BOUND ( 'NONE', #3378, .T. ) ;
#1372 = ORIENTED_EDGE ( 'NONE', *, *, #551, .F. ) ;
#1373 = EDGE_LOOP ( 'NONE', ( #281, #538, #2425, #2294, #478, #2610, #2248, #459, #2289 ) ) ;
#1374 = DIRECTION ( 'NONE',  ( 0.5866369676933702593, -0.000000000000000000, -0.8098500281752958330 ) ) ;
#1375 = EDGE_CURVE ( 'NONE', #1201, #871, #984, .T. ) ;
#1376 = CARTESIAN_POINT ( 'NONE',  ( 0.8098500281752981644, 2.000000000000000000, -5.009235022023396766 ) ) ;
#1377 = LINE ( 'NONE', #658, #1076 ) ;
#1378 = EDGE_CURVE ( 'NONE', #2185, #988, #977, .T. ) ;
#1379 = ORIENTED_EDGE ( 'NONE', *, *, #1244, .T. ) ;
#1380 = FACE_OUTER_BOUND ( 'NONE', #3265, .T. ) ;
#1381 = CARTESIAN_POINT ( 'NONE',  ( 32.00000000000002132, 2.000000000000000000, 42.00000000000000711 ) ) ;
#1382 = SURFACE_SIDE_STYLE ('',( #3033 ) ) ;
#1383 = EDGE_CURVE ( 'NONE', #2898, #2456, #3358, .T. ) ;
#1384 = VERTEX_POINT ( 'NONE', #1057 ) ;
#1385 = DIRECTION ( 'NONE',  ( 0.000000000000000000, 0.000000000000000000, -1.000000000000000000 ) ) ;
#1386 = LINE ( 'NONE', #2192, #466 ) ;
#1387 = LINE ( 'NONE', #2760, #3396 ) ;
#1388 = ORIENTED_EDGE ( 'NONE', *, *, #2799, .T. ) ;
#1389 = ORIENTED_EDGE ( 'NONE', *, *, #1775, .F. ) ;
#1390 = CARTESIAN_POINT ( 'NONE',  ( 17.71713124747152790, 2.000000000000000000, 31.84940921072723796 ) ) ;
#1391 = AXIS2_PLACEMENT_3D ( 'NONE', #1090, #2173, #3241 ) ;
#1392 = VECTOR ( 'NONE', #2593, 1000.000000000000000 ) ;
#1393 = CARTESIAN_POINT ( 'NONE',  ( -41.46870134679146958, 1.999999999999999112, 23.61245673476621576 ) ) ;
#1394 = ORIENTED_EDGE ( 'NONE', *, *, #1204, .T. ) ;
#1395 = LINE ( 'NONE', #89, #3020 ) ;
#1396 = VECTOR ( 'NONE', #1750, 1000.000000000000000 ) ;
#1397 = ORIENTED_EDGE ( 'NONE', *, *, #29, .T. ) ;
#1398 = CYLINDRICAL_SURFACE ( 'NONE', #958, 1.549999999999995826 ) ;
#1399 = CARTESIAN_POINT ( 'NONE',  ( -19.20472695313019784, 0.000000000000000000, 30.57715299254202534 ) ) ;
#1400 = FACE_OUTER_BOUND ( 'NONE', #740, .T. ) ;
#1401 = EDGE_CURVE ( 'NONE', #2271, #2309, #3154, .T. ) ;
#1402 = CIRCLE ( 'NONE', #3132, 45.10884310473581138 ) ;
#1403 = ORIENTED_EDGE ( 'NONE', *, *, #765, .T. ) ;
#1404 = EDGE_CURVE ( 'NONE', #3213, #614, #2302, .T. ) ;
#1405 = AXIS2_PLACEMENT_3D ( 'NONE', #2839, #710, #2807 ) ;
#1406 = DIRECTION ( 'NONE',  ( 0.000000000000000000, 0.000000000000000000, -1.000000000000000000 ) ) ;
#1407 = FACE_BOUND ( 'NONE', #2472, .T. ) ;
#1408 = EDGE_LOOP ( 'NONE', ( #1929, #362, #668, #3325 ) ) ;
#1409 = CARTESIAN_POINT ( 'NONE',  ( 42.00000000000000000, 2.000000000000000000, -50.00000000000000000 ) ) ;
#1410 = LINE ( 'NONE', #1393, #1168 ) ;
#1411 = ORIENTED_EDGE ( 'NONE', *, *, #1718, .F. ) ;
#1412 = CARTESIAN_POINT ( 'NONE',  ( 30.57715299254202534, 2.000000000000000000, 19.20472695313020139 ) ) ;
#1413 = CIRCLE ( 'NONE', #497, 1.549999999999995826 ) ;
#1414 = ORIENTED_EDGE ( 'NONE', *, *, #2364, .F. ) ;
#1415 = CARTESIAN_POINT ( 'NONE',  ( 44.34352327037784391, 2.000000000000000000, 39.74681774161130932 ) ) ;
#1416 = LINE ( 'NONE', #607, #2525 ) ;
#1417 = ORIENTED_EDGE ( 'NONE', *, *, #33, .T. ) ;
#1418 = EDGE_CURVE ( 'NONE', #1872, #1658, #2882, .T. ) ;
#1419 = DIRECTION ( 'NONE',  ( 0.000000000000000000, 0.000000000000000000, -1.000000000000000000 ) ) ;
#1420 = DIRECTION ( 'NONE',  ( -0.000000000000000000, -1.000000000000000000, -0.000000000000000000 ) ) ;
#1421 = FACE_BOUND ( 'NONE', #2889, .T. ) ;
#1422 = EDGE_CURVE ( 'NONE', #3230, #3198, #491, .T. ) ;
#1423 = ORIENTED_EDGE ( 'NONE', *, *, #99, .F. ) ;
#1424 = CYLINDRICAL_SURFACE ( 'NONE', #633, 1.000000000000000888 ) ;
#1425 = CARTESIAN_POINT ( 'NONE',  ( -31.00418501571298435, 2.000000000000000000, -19.30049045133075580 ) ) ;
#1426 = CARTESIAN_POINT ( 'NONE',  ( -17.71713124747152790, 2.000000000000000000, -31.84940921072723796 ) ) ;
#1427 = EDGE_LOOP ( 'NONE', ( #1030, #2864, #13, #3177 ) ) ;
#1428 = AXIS2_PLACEMENT_3D ( 'NONE', #2886, #512, #2922 ) ;
#1429 = EDGE_LOOP ( 'NONE', ( #2520, #1531, #1766, #2766 ) ) ;
#1430 = CIRCLE ( 'NONE', #726, 0.9999999999999974465 ) ;
#1431 = CARTESIAN_POINT ( 'NONE',  ( 49.93801964604172383, 0.000000000000000000, -32.97686193392257792 ) ) ;
#1432 = CARTESIAN_POINT ( 'NONE',  ( -1.431935647123593981E-14, 2.000000000000000000, 28.51598944702274352 ) ) ;
#1433 = ORIENTED_EDGE ( 'NONE', *, *, #1822, .T. ) ;
#1434 = CARTESIAN_POINT ( 'NONE',  ( -44.34352327037802155, 0.000000000000000000, -39.74681774161137326 ) ) ;
#1435 = LINE ( 'NONE', #1520, #2680 ) ;
#1436 = FACE_OUTER_BOUND ( 'NONE', #2517, .T. ) ;
#1437 = VERTEX_POINT ( 'NONE', #3100 ) ;
#1438 = VERTEX_POINT ( 'NONE', #1543 ) ;
#1439 = CIRCLE ( 'NONE', #3112, 0.9999999999999974465 ) ;
#1440 = DIRECTION ( 'NONE',  ( -0.000000000000000000, -1.000000000000000000, -0.000000000000000000 ) ) ;
#1441 = EDGE_CURVE ( 'NONE', #1617, #2591, #243, .T. ) ;
#1442 = CIRCLE ( 'NONE', #2844, 37.42950504792256794 ) ;
#1443 = EDGE_CURVE ( 'NONE', #2659, #220, #296, .T. ) ;
#1444 = DIRECTION ( 'NONE',  ( 0.000000000000000000, 1.000000000000000000, -0.000000000000000000 ) ) ;
#1445 = VECTOR ( 'NONE', #3089, 999.9999999999998863 ) ;
#1446 = DIRECTION ( 'NONE',  ( 0.9063077870366512689, 0.000000000000000000, 0.4226182617406969433 ) ) ;
#1447 = ORIENTED_EDGE ( 'NONE', *, *, #1464, .F. ) ;
#1448 = EDGE_CURVE ( 'NONE', #559, #2301, #180, .T. ) ;
#1449 = CIRCLE ( 'NONE', #2389, 0.9999999999999974465 ) ;
#1450 = VERTEX_POINT ( 'NONE', #1530 ) ;
#1451 = CARTESIAN_POINT ( 'NONE',  ( -18.64474049546983281, 2.000000000000000000, -29.63023121364311052 ) ) ;
#1452 = PLANE ( 'NONE',  #2404 ) ;
#1453 = AXIS2_PLACEMENT_3D ( 'NONE', #731, #1182, #1706 ) ;
#1454 = AXIS2_PLACEMENT_3D ( 'NONE', #67, #3150, #783 ) ;
#1455 = ORIENTED_EDGE ( 'NONE', *, *, #299, .T. ) ;
#1456 = DIRECTION ( 'NONE',  ( 0.000000000000000000, 1.000000000000000000, 0.000000000000000000 ) ) ;
#1457 = DIRECTION ( 'NONE',  ( 0.000000000000000000, 0.000000000000000000, -1.000000000000000000 ) ) ;
#1458 = VECTOR ( 'NONE', #2931, 1000.000000000000114 ) ;
#1459 = AXIS2_PLACEMENT_3D ( 'NONE', #517, #1814, #542 ) ;
#1460 = AXIS2_PLACEMENT_3D ( 'NONE', #1830, #1868, #2388 ) ;
#1461 = ORIENTED_EDGE ( 'NONE', *, *, #844, .F. ) ;
#1462 = DIRECTION ( 'NONE',  ( 0.000000000000000000, 0.000000000000000000, 1.000000000000000000 ) ) ;
#1463 = FACE_OUTER_BOUND ( 'NONE', #1925, .T. ) ;
#1464 = EDGE_CURVE ( 'NONE', #2381, #2718, #1040, .T. ) ;
#1465 = LINE ( 'NONE', #1213, #2419 ) ;
#1466 = ORIENTED_EDGE ( 'NONE', *, *, #887, .F. ) ;
#1467 = CARTESIAN_POINT ( 'NONE',  ( -41.99999999999997158, 2.000000000000000000, 48.45000000000000995 ) ) ;
#1468 = CARTESIAN_POINT ( 'NONE',  ( 29.63023121364310697, 2.000000000000000000, 18.64474049546983281 ) ) ;
#1469 = VERTEX_POINT ( 'NONE', #475 ) ;
#1470 = ORIENTED_EDGE ( 'NONE', *, *, #553, .F. ) ;
#1471 = ORIENTED_EDGE ( 'NONE', *, *, #982, .T. ) ;
#1472 = PLANE ( 'NONE',  #1195 ) ;
#1473 = VECTOR ( 'NONE', #2281, 1000.000000000000000 ) ;
#1474 = DIRECTION ( 'NONE',  ( 0.000000000000000000, 0.000000000000000000, -1.000000000000000000 ) ) ;
#1475 = ORIENTED_EDGE ( 'NONE', *, *, #742, .F. ) ;
#1476 = DIRECTION ( 'NONE',  ( -0.000000000000000000, -1.000000000000000000, -0.000000000000000000 ) ) ;
#1477 = FACE_OUTER_BOUND ( 'NONE', #4, .T. ) ;
#1478 = CARTESIAN_POINT ( 'NONE',  ( 27.99999999999999645, 2.000000000000000000, -26.45000000000000639 ) ) ;
#1479 = ORIENTED_EDGE ( 'NONE', *, *, #1200, .F. ) ;
#1480 = DIRECTION ( 'NONE',  ( 0.000000000000000000, 0.000000000000000000, -1.000000000000000000 ) ) ;
#1481 = VERTEX_POINT ( 'NONE', #3170 ) ;
#1482 = ADVANCED_FACE ( 'NONE', ( #2370 ), #2620, .F. ) ;
#1483 = LINE ( 'NONE', #1773, #2998 ) ;
#1484 = EDGE_CURVE ( 'NONE', #1122, #2568, #3114, .T. ) ;
#1485 = CIRCLE ( 'NONE', #2661, 45.10884310473581138 ) ;
#1486 = ORIENTED_EDGE ( 'NONE', *, *, #992, .F. ) ;
#1487 = CARTESIAN_POINT ( 'NONE',  ( 19.01468478763709058, 2.000000000000000000, 30.56084154097699823 ) ) ;
#1488 = EDGE_CURVE ( 'NONE', #2756, #2874, #2314, .T. ) ;
#1489 = CARTESIAN_POINT ( 'NONE',  ( 42.00000000000000000, 0.000000000000000000, -50.00000000000000000 ) ) ;
#1490 = AXIS2_PLACEMENT_3D ( 'NONE', #3348, #690, #1724 ) ;
#1491 = EDGE_CURVE ( 'NONE', #1675, #1658, #850, .T. ) ;
#1492 = CIRCLE ( 'NONE', #457, 1.000000000000000888 ) ;
#1493 = ORIENTED_EDGE ( 'NONE', *, *, #136, .F. ) ;
#1494 = DIRECTION ( 'NONE',  ( 0.000000000000000000, 1.000000000000000000, -0.000000000000000000 ) ) ;
#1495 = DIRECTION ( 'NONE',  ( 0.000000000000000000, 0.000000000000000000, -1.000000000000000000 ) ) ;
#1496 = CYLINDRICAL_SURFACE ( 'NONE', #1155, 1.550000000000002709 ) ;
#1497 = CARTESIAN_POINT ( 'NONE',  ( 42.00000000000000000, 2.000000000000000000, -50.00000000000000000 ) ) ;
#1498 = CIRCLE ( 'NONE', #578, 5.932910046942935445 ) ;
#1499 = AXIS2_PLACEMENT_3D ( 'NONE', #2295, #748, #505 ) ;
#1500 = FACE_OUTER_BOUND ( 'NONE', #1263, .T. ) ;
#1501 = PLANE ( 'NONE',  #853 ) ;
#1502 = AXIS2_PLACEMENT_3D ( 'NONE', #2923, #1080, #2644 ) ;
#1503 = ORIENTED_EDGE ( 'NONE', *, *, #2645, .F. ) ;
#1504 = LINE ( 'NONE', #2875, #2749 ) ;
#1505 = CIRCLE ( 'NONE', #962, 1.000000000000000888 ) ;
#1506 = EDGE_CURVE ( 'NONE', #1939, #1437, #2052, .T. ) ;
#1507 = FACE_BOUND ( 'NONE', #2843, .T. ) ;
#1508 = AXIS2_PLACEMENT_3D ( 'NONE', #1593, #3186, #2616 ) ;
#1509 = ADVANCED_FACE ( 'NONE', ( #3377 ), #3412, .F. ) ;
#1510 = ORIENTED_EDGE ( 'NONE', *, *, #2167, .F. ) ;
#1511 = LINE ( 'NONE', #2584, #581 ) ;
#1512 = AXIS2_PLACEMENT_3D ( 'NONE', #2064, #3201, #43 ) ;
#1513 = CARTESIAN_POINT ( 'NONE',  ( 19.20472695313020850, 0.000000000000000000, -30.57715299254202534 ) ) ;
#1514 = COLOUR_RGB ( '',1.000000000000000000, 1.000000000000000000, 1.000000000000000000 ) ;
#1515 = ORIENTED_EDGE ( 'NONE', *, *, #1179, .T. ) ;
#1516 = CARTESIAN_POINT ( 'NONE',  ( 30.91778705203398658, 0.000000000000000000, -18.08055958075300396 ) ) ;
#1517 = CARTESIAN_POINT ( 'NONE',  ( 42.00000000000000000, 2.000000000000000000, -48.45000000000000284 ) ) ;
#1518 = AXIS2_PLACEMENT_3D ( 'NONE', #2943, #1104, #812 ) ;
#1519 = DIRECTION ( 'NONE',  ( 0.000000000000000000, 0.000000000000000000, -1.000000000000000000 ) ) ;
#1520 = CARTESIAN_POINT ( 'NONE',  ( -42.00000000000000000, 2.000000000000000000, -51.54999999999999716 ) ) ;
#1521 = ORIENTED_EDGE ( 'NONE', *, *, #2426, .T. ) ;
#1522 = LINE ( 'NONE', #3075, #1291 ) ;
#1523 = LINE ( 'NONE', #437, #2519 ) ;
#1524 = EDGE_CURVE ( 'NONE', #1450, #2806, #1227, .T. ) ;
#1525 = ORIENTED_EDGE ( 'NONE', *, *, #1506, .F. ) ;
#1526 = DIRECTION ( 'NONE',  ( 0.000000000000000000, 1.000000000000000000, -0.000000000000000000 ) ) ;
#1527 = FACE_OUTER_BOUND ( 'NONE', #1134, .T. ) ;
#1528 = VERTEX_POINT ( 'NONE', #32 ) ;
#1529 = ORIENTED_EDGE ( 'NONE', *, *, #3300, .T. ) ;
#1530 = CARTESIAN_POINT ( 'NONE',  ( 37.70979698305706762, 2.000000000000000000, 54.83101805263485318 ) ) ;
#1531 = ORIENTED_EDGE ( 'NONE', *, *, #2468, .F. ) ;
#1532 = VERTEX_POINT ( 'NONE', #2196 ) ;
#1533 = ORIENTED_EDGE ( 'NONE', *, *, #784, .F. ) ;
#1534 = DIRECTION ( 'NONE',  ( 0.000000000000000000, 0.000000000000000000, -1.000000000000000000 ) ) ;
#1535 = LINE ( 'NONE', #1322, #3066 ) ;
#1536 = ORIENTED_EDGE ( 'NONE', *, *, #2364, .T. ) ;
#1537 = LINE ( 'NONE', #2027, #656 ) ;
#1538 = DIRECTION ( 'NONE',  ( 0.000000000000000000, 1.000000000000000000, -0.000000000000000000 ) ) ;
#1539 = VERTEX_POINT ( 'NONE', #2178 ) ;
#1540 = CARTESIAN_POINT ( 'NONE',  ( -5.009235022023396766, 2.000000000000000000, -0.8098500281752981644 ) ) ;
#1541 = DIRECTION ( 'NONE',  ( 0.000000000000000000, 1.000000000000000000, 0.000000000000000000 ) ) ;
#1542 = ORIENTED_EDGE ( 'NONE', *, *, #2320, .F. ) ;
#1543 = CARTESIAN_POINT ( 'NONE',  ( 52.10545143312075567, 2.000000000000000000, 43.21127602486691899 ) ) ;
#1544 = EDGE_LOOP ( 'NONE', ( #3136, #265, #248, #374, #2730, #422, #2946, #1403, #1795 ) ) ;
#1545 = EDGE_CURVE ( 'NONE', #1539, #2565, #2457, .T. ) ;
#1546 = VERTEX_POINT ( 'NONE', #3190 ) ;
#1547 = EDGE_CURVE ( 'NONE', #819, #1384, #1498, .T. ) ;
#1548 = DIRECTION ( 'NONE',  ( 0.000000000000000000, 0.000000000000000000, -1.000000000000000000 ) ) ;
#1549 = DIRECTION ( 'NONE',  ( -0.000000000000000000, -1.000000000000000000, -0.000000000000000000 ) ) ;
#1550 = EDGE_CURVE ( 'NONE', #46, #1162, #2108, .T. ) ;
#1551 = VECTOR ( 'NONE', #2791, 1000.000000000000000 ) ;
#1552 = ORIENTED_EDGE ( 'NONE', *, *, #1775, .T. ) ;
#1553 = CARTESIAN_POINT ( 'NONE',  ( -35.99999999999999289, 2.000000000000000000, -42.99999999999999289 ) ) ;
#1554 = AXIS2_PLACEMENT_3D ( 'NONE', #3134, #1254, #2865 ) ;
#1555 = CARTESIAN_POINT ( 'NONE',  ( -18.64474049546983991, 0.000000000000000000, 29.63023121364312473 ) ) ;
#1556 = ORIENTED_EDGE ( 'NONE', *, *, #2148, .F. ) ;
#1557 = CARTESIAN_POINT ( 'NONE',  ( 0.000000000000000000, 2.000000000000000000, -5.595871989716768802 ) ) ;
#1558 = DIRECTION ( 'NONE',  ( 0.000000000000000000, 1.000000000000000000, -0.000000000000000000 ) ) ;
#1559 = FACE_OUTER_BOUND ( 'NONE', #2224, .T. ) ;
#1560 = CIRCLE ( 'NONE', #2120, 6.461004360892371068 ) ;
#1561 = ORIENTED_EDGE ( 'NONE', *, *, #3233, .F. ) ;
#1562 = VECTOR ( 'NONE', #3319, 1000.000000000000000 ) ;
#1563 = DIRECTION ( 'NONE',  ( -0.000000000000000000, -1.000000000000000000, -0.000000000000000000 ) ) ;
#1564 = EDGE_CURVE ( 'NONE', #2076, #31, #86, .T. ) ;
#1565 = CIRCLE ( 'NONE', #541, 1.000000000000000000 ) ;
#1566 = CIRCLE ( 'NONE', #163, 1.550000000000002709 ) ;
#1567 = CARTESIAN_POINT ( 'NONE',  ( -42.00000000000000000, 2.000000000000000000, -49.99999999999999289 ) ) ;
#1568 = FACE_OUTER_BOUND ( 'NONE', #435, .T. ) ;
#1569 = EDGE_CURVE ( 'NONE', #2567, #1384, #1010, .T. ) ;
#1570 = ORIENTED_EDGE ( 'NONE', *, *, #640, .T. ) ;
#1571 = ORIENTED_EDGE ( 'NONE', *, *, #1915, .T. ) ;
#1572 = CARTESIAN_POINT ( 'NONE',  ( -41.99999999999997158, 0.000000000000000000, 50.00000000000000711 ) ) ;
#1573 = CARTESIAN_POINT ( 'NONE',  ( 27.99999999999999645, 0.000000000000000000, -29.54999999999999716 ) ) ;
#1574 = ORIENTED_EDGE ( 'NONE', *, *, #1422, .T. ) ;
#1575 = VERTEX_POINT ( 'NONE', #2953 ) ;
#1576 = FACE_OUTER_BOUND ( 'NONE', #2935, .T. ) ;
#1577 = LINE ( 'NONE', #2950, #3292 ) ;
#1578 = ORIENTED_EDGE ( 'NONE', *, *, #118, .F. ) ;
#1579 = CARTESIAN_POINT ( 'NONE',  ( 77.26598944702274707, 0.000000000000000000, -2.274402893699801340E-29 ) ) ;
#1580 = ORIENTED_EDGE ( 'NONE', *, *, #2554, .F. ) ;
#1581 = CARTESIAN_POINT ( 'NONE',  ( 42.00000000000000000, 0.9999999999999783507, -48.45000000000000284 ) ) ;
#1582 = DIRECTION ( 'NONE',  ( 0.000000000000000000, 0.000000000000000000, 1.000000000000000000 ) ) ;
#1583 = EDGE_CURVE ( 'NONE', #2076, #1273, #2955, .T. ) ;
#1584 = EDGE_LOOP ( 'NONE', ( #1128, #524, #838, #2614 ) ) ;
#1585 = DIRECTION ( 'NONE',  ( 0.000000000000000000, 0.000000000000000000, -1.000000000000000000 ) ) ;
#1586 = DIRECTION ( 'NONE',  ( 0.000000000000000000, 1.000000000000000000, -0.000000000000000000 ) ) ;
#1587 = EDGE_CURVE ( 'NONE', #1623, #3092, #1895, .T. ) ;
#1588 = EDGE_CURVE ( 'NONE', #1469, #697, #520, .T. ) ;
#1589 = VERTEX_POINT ( 'NONE', #2125 ) ;
#1590 = EDGE_CURVE ( 'NONE', #1640, #2218, #1770, .T. ) ;
#1591 = LINE ( 'NONE', #2652, #2128 ) ;
#1592 = DIRECTION ( 'NONE',  ( -0.000000000000000000, -1.000000000000000000, -0.000000000000000000 ) ) ;
#1593 = CARTESIAN_POINT ( 'NONE',  ( 1.515768127461402927E-15, 2.000000000000000000, 79.58539014615182339 ) ) ;
#1594 = VECTOR ( 'NONE', #823, 1000.000000000000000 ) ;
#1595 = EDGE_CURVE ( 'NONE', #2403, #369, #3207, .T. ) ;
#1596 = VERTEX_POINT ( 'NONE', #886 ) ;
#1597 = EDGE_LOOP ( 'NONE', ( #2429, #3099 ) ) ;
#1598 = CARTESIAN_POINT ( 'NONE',  ( 1.515768127461402927E-15, 2.000000000000000000, -79.58539014615182339 ) ) ;
#1599 = CIRCLE ( 'NONE', #3273, 48.75000000000000000 ) ;
#1600 = ORIENTED_EDGE ( 'NONE', *, *, #1335, .F. ) ;
#1601 = ORIENTED_EDGE ( 'NONE', *, *, #196, .F. ) ;
#1602 = DIRECTION ( 'NONE',  ( 0.000000000000000000, 0.000000000000000000, -1.000000000000000000 ) ) ;
#1603 = CARTESIAN_POINT ( 'NONE',  ( -35.99999999999999289, 2.000000000000000000, -44.54999999999999005 ) ) ;
#1604 = EDGE_LOOP ( 'NONE', ( #654, #1967, #2504, #2199 ) ) ;
#1605 = VERTEX_POINT ( 'NONE', #3000 ) ;
#1606 = FACE_OUTER_BOUND ( 'NONE', #2435, .T. ) ;
#1607 = FACE_OUTER_BOUND ( 'NONE', #2181, .T. ) ;
#1608 = AXIS2_PLACEMENT_3D ( 'NONE', #288, #1320, #2382 ) ;
#1609 = ORIENTED_EDGE ( 'NONE', *, *, #1271, .F. ) ;
#1610 = EDGE_CURVE ( 'NONE', #3208, #1310, #1442, .T. ) ;
#1611 = ORIENTED_EDGE ( 'NONE', *, *, #992, .T. ) ;
#1612 = AXIS2_PLACEMENT_3D ( 'NONE', #561, #1592, #2379 ) ;
#1613 = DIRECTION ( 'NONE',  ( 0.000000000000000000, 1.000000000000000000, 0.000000000000000000 ) ) ;
#1614 = DIRECTION ( 'NONE',  ( 0.000000000000000000, 1.000000000000000000, 0.000000000000000000 ) ) ;
#1615 = EDGE_CURVE ( 'NONE', #2706, #2306, #3386, .T. ) ;
#1616 = AXIS2_PLACEMENT_3D ( 'NONE', #2056, #272, #1343 ) ;
#1617 = VERTEX_POINT ( 'NONE', #566 ) ;
#1618 = CARTESIAN_POINT ( 'NONE',  ( -31.00418501571298435, 0.000000000000000000, -19.30049045133075580 ) ) ;
#1619 = CARTESIAN_POINT ( 'NONE',  ( -28.00000000000019185, 2.000000000000000000, 29.54999999999980531 ) ) ;
#1620 = DIRECTION ( 'NONE',  ( 0.000000000000000000, 1.000000000000000000, 0.000000000000000000 ) ) ;
#1621 = CIRCLE ( 'NONE', #1459, 1.000000000000000888 ) ;
#1622 = AXIS2_PLACEMENT_3D ( 'NONE', #930, #879, #2612 ) ;
#1623 = VERTEX_POINT ( 'NONE', #1390 ) ;
#1624 = DIRECTION ( 'NONE',  ( 0.000000000000000000, 1.000000000000000000, 0.000000000000000000 ) ) ;
#1625 = DIRECTION ( 'NONE',  ( 0.000000000000000000, 0.000000000000000000, -1.000000000000000000 ) ) ;
#1626 = CARTESIAN_POINT ( 'NONE',  ( 0.8098500281752928354, 0.000000000000000000, -5.009235022023394102 ) ) ;
#1627 = AXIS2_PLACEMENT_3D ( 'NONE', #2361, #2909, #2648 ) ;
#1628 = ORIENTED_EDGE ( 'NONE', *, *, #35, .F. ) ;
#1629 = CYLINDRICAL_SURFACE ( 'NONE', #1900, 1.000000000000000000 ) ;
#1630 = DIRECTION ( 'NONE',  ( -0.000000000000000000, -1.000000000000000000, -0.000000000000000000 ) ) ;
#1631 = DIRECTION ( 'NONE',  ( 0.000000000000000000, 0.000000000000000000, 1.000000000000000000 ) ) ;
#1632 = ADVANCED_FACE ( 'NONE', ( #632 ), #834, .F. ) ;
#1633 = ORIENTED_EDGE ( 'NONE', *, *, #390, .F. ) ;
#1634 = ORIENTED_EDGE ( 'NONE', *, *, #2624, .F. ) ;
#1635 = CARTESIAN_POINT ( 'NONE',  ( 31.84940921072723796, 0.000000000000000000, -17.71713124747153856 ) ) ;
#1636 = EDGE_CURVE ( 'NONE', #2893, #3095, #413, .T. ) ;
#1637 = DIRECTION ( 'NONE',  ( -3.469446951953622866E-15, 0.000000000000000000, -1.000000000000000000 ) ) ;
#1638 = DIRECTION ( 'NONE',  ( 0.000000000000000000, 0.000000000000000000, -1.000000000000000000 ) ) ;
#1639 = ORIENTED_EDGE ( 'NONE', *, *, #2940, .F. ) ;
#1640 = VERTEX_POINT ( 'NONE', #1618 ) ;
#1641 = DIRECTION ( 'NONE',  ( 0.000000000000000000, 1.000000000000000000, -0.000000000000000000 ) ) ;
#1642 = DIRECTION ( 'NONE',  ( -0.000000000000000000, -1.000000000000000000, -0.000000000000000000 ) ) ;
#1643 =( NAMED_UNIT ( * ) SI_UNIT ( $, .STERADIAN. ) SOLID_ANGLE_UNIT ( ) );
#1644 = ORIENTED_EDGE ( 'NONE', *, *, #3405, .F. ) ;
#1645 = FACE_OUTER_BOUND ( 'NONE', #1604, .T. ) ;
#1646 = DIRECTION ( 'NONE',  ( -0.000000000000000000, -1.000000000000000000, -0.000000000000000000 ) ) ;
#1647 = CARTESIAN_POINT ( 'NONE',  ( 42.00000000000000000, 0.9999999999999783507, 50.00000000000000000 ) ) ;
#1648 = ORIENTED_EDGE ( 'NONE', *, *, #242, .T. ) ;
#1649 = ORIENTED_EDGE ( 'NONE', *, *, #3405, .T. ) ;
#1650 = VECTOR ( 'NONE', #2673, 1000.000000000000000 ) ;
#1651 = CARTESIAN_POINT ( 'NONE',  ( -43.92113534891821303, 2.000000000000000000, -15.94915935882295877 ) ) ;
#1652 = EDGE_CURVE ( 'NONE', #2275, #276, #2691, .T. ) ;
#1653 = FACE_OUTER_BOUND ( 'NONE', #3252, .T. ) ;
#1654 = AXIS2_PLACEMENT_3D ( 'NONE', #210, #2304, #1743 ) ;
#1655 = CARTESIAN_POINT ( 'NONE',  ( -42.00000000000000000, 0.000000000000000000, -47.45000000000002416 ) ) ;
#1656 = EDGE_CURVE ( 'NONE', #2591, #2893, #70, .T. ) ;
#1657 = CIRCLE ( 'NONE', #628, 1.000000000000000888 ) ;
#1658 = VERTEX_POINT ( 'NONE', #1635 ) ;
#1659 = ORIENTED_EDGE ( 'NONE', *, *, #23, .T. ) ;
#1660 = CARTESIAN_POINT ( 'NONE',  ( 31.00418501571296659, 2.000000000000000000, 18.30049045133073804 ) ) ;
#1661 = DIRECTION ( 'NONE',  ( -0.000000000000000000, -1.000000000000000000, -0.000000000000000000 ) ) ;
#1662 =( NAMED_UNIT ( * ) PLANE_ANGLE_UNIT ( ) SI_UNIT ( $, .RADIAN. ) );
#1663 = ORIENTED_EDGE ( 'NONE', *, *, #2772, .F. ) ;
#1664 = CARTESIAN_POINT ( 'NONE',  ( 18.64474049546983636, 0.000000000000000000, 29.63023121364310697 ) ) ;
#1665 = DIRECTION ( 'NONE',  ( 0.000000000000000000, 0.000000000000000000, -1.000000000000000000 ) ) ;
#1666 = DIRECTION ( 'NONE',  ( 0.000000000000000000, 0.000000000000000000, -1.000000000000000000 ) ) ;
#1667 = VECTOR ( 'NONE', #1914, 1000.000000000000000 ) ;
#1668 = VERTEX_POINT ( 'NONE', #2707 ) ;
#1669 = DIRECTION ( 'NONE',  ( 0.000000000000000000, 0.000000000000000000, 1.000000000000000000 ) ) ;
#1670 = VECTOR ( 'NONE', #1124, 1000.000000000000000 ) ;
#1671 = CARTESIAN_POINT ( 'NONE',  ( 27.99999999999990408, 0.000000000000000000, 26.45000000000009521 ) ) ;
#1672 = FACE_OUTER_BOUND ( 'NONE', #456, .T. ) ;
#1673 = VECTOR ( 'NONE', #490, 1000.000000000000114 ) ;
#1674 = ADVANCED_FACE ( 'NONE', ( #2250 ), #2332, .F. ) ;
#1675 = VERTEX_POINT ( 'NONE', #1987 ) ;
#1676 = CARTESIAN_POINT ( 'NONE',  ( 41.46870134679144826, 2.000000000000000000, 23.61245673476620510 ) ) ;
#1677 = FACE_OUTER_BOUND ( 'NONE', #226, .T. ) ;
#1678 = CIRCLE ( 'NONE', #314, 1.549999999999995826 ) ;
#1679 = EDGE_CURVE ( 'NONE', #2417, #2611, #2787, .T. ) ;
#1680 = ORIENTED_EDGE ( 'NONE', *, *, #1610, .T. ) ;
#1681 = DIRECTION ( 'NONE',  ( -0.5866369676933699262, 0.000000000000000000, -0.8098500281752961660 ) ) ;
#1682 = AXIS2_PLACEMENT_3D ( 'NONE', #1553, #2632, #263 ) ;
#1683 = DIRECTION ( 'NONE',  ( 8.659560562354883554E-17, -0.7071067811865515695, 0.7071067811865434649 ) ) ;
#1684 = CARTESIAN_POINT ( 'NONE',  ( 30.57715299254202534, 0.000000000000000000, 19.20472695313020139 ) ) ;
#1685 = AXIS2_PLACEMENT_3D ( 'NONE', #2523, #1725, #691 ) ;
#1686 = VERTEX_POINT ( 'NONE', #1687 ) ;
#1687 = CARTESIAN_POINT ( 'NONE',  ( -0.8098500281752962771, 2.000000000000000000, -5.009235022023397654 ) ) ;
#1688 = CYLINDRICAL_SURFACE ( 'NONE', #395, 8.500000000000000000 ) ;
#1689 = ORIENTED_EDGE ( 'NONE', *, *, #2989, .F. ) ;
#1690 = DIRECTION ( 'NONE',  ( 0.000000000000000000, 0.000000000000000000, -1.000000000000000000 ) ) ;
#1691 = ORIENTED_EDGE ( 'NONE', *, *, #2212, .T. ) ;
#1692 = EDGE_LOOP ( 'NONE', ( #545, #223 ) ) ;
#1693 = CARTESIAN_POINT ( 'NONE',  ( -18.64474049546983636, 2.000000000000000000, 29.63023121364311052 ) ) ;
#1694 = DIRECTION ( 'NONE',  ( -0.000000000000000000, -1.000000000000000000, -0.000000000000000000 ) ) ;
#1695 = EDGE_CURVE ( 'NONE', #1189, #2713, #1127, .T. ) ;
#1696 =( NAMED_UNIT ( * ) SI_UNIT ( $, .STERADIAN. ) SOLID_ANGLE_UNIT ( ) );
#1697 = ORIENTED_EDGE ( 'NONE', *, *, #1588, .T. ) ;
#1698 = CARTESIAN_POINT ( 'NONE',  ( 46.37644612199552796, 0.000000000000000000, -31.31607292457775671 ) ) ;
#1699 = ADVANCED_FACE ( 'NONE', ( #156 ), #1424, .F. ) ;
#1700 = FACE_OUTER_BOUND ( 'NONE', #262, .T. ) ;
#1701 = FACE_BOUND ( 'NONE', #1597, .T. ) ;
#1702 = EDGE_CURVE ( 'NONE', #1273, #3212, #1178, .T. ) ;
#1703 = EDGE_LOOP ( 'NONE', ( #304, #1972, #1792, #212 ) ) ;
#1704 = DIRECTION ( 'NONE',  ( 0.000000000000000000, 0.000000000000000000, -1.000000000000000000 ) ) ;
#1705 = DIRECTION ( 'NONE',  ( -0.000000000000000000, -1.000000000000000000, -0.000000000000000000 ) ) ;
#1706 = DIRECTION ( 'NONE',  ( 0.000000000000000000, 0.000000000000000000, 1.000000000000000000 ) ) ;
#1707 = ORIENTED_EDGE ( 'NONE', *, *, #3397, .T. ) ;
#1708 = EDGE_LOOP ( 'NONE', ( #1167, #2750, #1697, #3400 ) ) ;
#1709 = DIRECTION ( 'NONE',  ( -0.8098500281752961660, 0.000000000000000000, 0.5866369676933699262 ) ) ;
#1710 = DIRECTION ( 'NONE',  ( -0.000000000000000000, -1.000000000000000000, -0.000000000000000000 ) ) ;
#1711 = ORIENTED_EDGE ( 'NONE', *, *, #1957, .T. ) ;
#1712 = CARTESIAN_POINT ( 'NONE',  ( 44.34352327037785813, 2.000000000000000000, -39.74681774161131642 ) ) ;
#1713 = ORIENTED_EDGE ( 'NONE', *, *, #822, .T. ) ;
#1714 = EDGE_CURVE ( 'NONE', #2306, #2205, #1209, .T. ) ;
#1715 = VERTEX_POINT ( 'NONE', #2016 ) ;
#1716 = CARTESIAN_POINT ( 'NONE',  ( -18.64474049546983281, 2.000000000000000000, -29.63023121364311052 ) ) ;
#1717 = CARTESIAN_POINT ( 'NONE',  ( 33.11069557317927092, 2.000000000000000000, 13.83997312679162839 ) ) ;
#1718 = EDGE_CURVE ( 'NONE', #287, #2369, #2674, .T. ) ;
#1719 = VECTOR ( 'NONE', #2400, 1000.000000000000000 ) ;
#1720 = DIRECTION ( 'NONE',  ( -0.000000000000000000, -1.000000000000000000, -0.000000000000000000 ) ) ;
#1721 = CIRCLE ( 'NONE', #2510, 48.75000000000000000 ) ;
#1722 = DIRECTION ( 'NONE',  ( -0.000000000000000000, -1.000000000000000000, -0.000000000000000000 ) ) ;
#1723 = AXIS2_PLACEMENT_3D ( 'NONE', #2025, #2774, #1755 ) ;
#1724 = DIRECTION ( 'NONE',  ( 0.000000000000000000, 0.000000000000000000, -1.000000000000000000 ) ) ;
#1725 = DIRECTION ( 'NONE',  ( -0.000000000000000000, -1.000000000000000000, -0.000000000000000000 ) ) ;
#1726 = CIRCLE ( 'NONE', #2122, 1.000000000000000888 ) ;
#1727 = AXIS2_PLACEMENT_3D ( 'NONE', #2640, #1614, #2686 ) ;
#1728 = ORIENTED_EDGE ( 'NONE', *, *, #3259, .F. ) ;
#1729 = CARTESIAN_POINT ( 'NONE',  ( -42.00000000000000000, 2.000000000000000000, -49.99999999999999289 ) ) ;
#1730 = DIRECTION ( 'NONE',  ( 0.9131680191462252516, 0.000000000000000000, -0.4075833274418365071 ) ) ;
#1731 = STYLED_ITEM ( 'NONE', ( #610 ), #228 ) ;
#1732 = ORIENTED_EDGE ( 'NONE', *, *, #1491, .T. ) ;
#1733 = AXIS2_PLACEMENT_3D ( 'NONE', #2134, #1325, #540 ) ;
#1734 = ORIENTED_EDGE ( 'NONE', *, *, #365, .F. ) ;
#1735 = CARTESIAN_POINT ( 'NONE',  ( -47.89998255393140170, 0.000000000000000000, 52.63339765602871978 ) ) ;
#1736 = LINE ( 'NONE', #1786, #1673 ) ;
#1737 = EDGE_CURVE ( 'NONE', #1305, #2327, #1828, .T. ) ;
#1738 = CIRCLE ( 'NONE', #110, 1.549999999999995826 ) ;
#1739 = CONICAL_SURFACE ( 'NONE', #3111, 2.549999999999968736, 0.7853981633974426169 ) ;
#1740 = FACE_OUTER_BOUND ( 'NONE', #1049, .T. ) ;
#1741 = LINE ( 'NONE', #2534, #1953 ) ;
#1742 = ADVANCED_FACE ( 'NONE', ( #3275 ), #655, .T. ) ;
#1743 = DIRECTION ( 'NONE',  ( -0.9063077870366512689, 0.000000000000000000, -0.4226182617406969433 ) ) ;
#1744 = ORIENTED_EDGE ( 'NONE', *, *, #1695, .T. ) ;
#1745 = ORIENTED_EDGE ( 'NONE', *, *, #701, .F. ) ;
#1746 = FACE_OUTER_BOUND ( 'NONE', #245, .T. ) ;
#1747 = CARTESIAN_POINT ( 'NONE',  ( 42.00000000000000000, 0.9999999999999783507, 51.55000000000000426 ) ) ;
#1748 = ORIENTED_EDGE ( 'NONE', *, *, #484, .F. ) ;
#1749 = DIRECTION ( 'NONE',  ( -0.000000000000000000, -1.000000000000000000, -0.000000000000000000 ) ) ;
#1750 = DIRECTION ( 'NONE',  ( -0.000000000000000000, -1.000000000000000000, -0.000000000000000000 ) ) ;
#1751 = DIRECTION ( 'NONE',  ( 0.000000000000000000, 0.000000000000000000, -1.000000000000000000 ) ) ;
#1752 = FACE_OUTER_BOUND ( 'NONE', #678, .T. ) ;
#1753 = ADVANCED_FACE ( 'NONE', ( #2512 ), #1197, .T. ) ;
#1754 = CYLINDRICAL_SURFACE ( 'NONE', #2160, 5.932910046942942550 ) ;
#1755 = DIRECTION ( 'NONE',  ( 0.000000000000000000, 0.000000000000000000, -1.000000000000000000 ) ) ;
#1756 = ORIENTED_EDGE ( 'NONE', *, *, #1232, .T. ) ;
#1757 = EDGE_CURVE ( 'NONE', #3095, #2893, #30, .T. ) ;
#1758 = EDGE_CURVE ( 'NONE', #2978, #1807, #2735, .T. ) ;
#1759 = ORIENTED_EDGE ( 'NONE', *, *, #1448, .F. ) ;
#1760 = LINE ( 'NONE', #942, #2804 ) ;
#1761 = CARTESIAN_POINT ( 'NONE',  ( 0.000000000000000000, 0.000000000000000000, -5.595871989716768802 ) ) ;
#1762 = CIRCLE ( 'NONE', #2326, 6.461004360892398601 ) ;
#1763 = VERTEX_POINT ( 'NONE', #685 ) ;
#1764 = CARTESIAN_POINT ( 'NONE',  ( 18.30049045133074515, 2.000000000000000000, -32.00418501571296304 ) ) ;
#1765 = CARTESIAN_POINT ( 'NONE',  ( -30.56084154097699113, 0.000000000000000000, 19.01468478763708703 ) ) ;
#1766 = ORIENTED_EDGE ( 'NONE', *, *, #3211, .T. ) ;
#1767 = EDGE_LOOP ( 'NONE', ( #311, #418 ) ) ;
#1768 = DIRECTION ( 'NONE',  ( -0.000000000000000000, -1.000000000000000000, -0.000000000000000000 ) ) ;
#1769 = LINE ( 'NONE', #2500, #1896 ) ;
#1770 = CIRCLE ( 'NONE', #902, 1.000000000000000888 ) ;
#1771 = EDGE_LOOP ( 'NONE', ( #18, #2153, #2900, #1368 ) ) ;
#1772 = VECTOR ( 'NONE', #423, 1000.000000000000000 ) ;
#1773 = CARTESIAN_POINT ( 'NONE',  ( -18.64474049546983281, 0.000000000000000000, -29.63023121364311052 ) ) ;
#1774 = DIRECTION ( 'NONE',  ( -0.5866369676933700372, -0.000000000000000000, 0.8098500281752960550 ) ) ;
#1775 = EDGE_CURVE ( 'NONE', #2082, #1686, #439, .T. ) ;
#1776 = VECTOR ( 'NONE', #736, 1000.000000000000000 ) ;
#1777 = ORIENTED_EDGE ( 'NONE', *, *, #1383, .F. ) ;
#1778 = EDGE_CURVE ( 'NONE', #1843, #3219, #2479, .T. ) ;
#1779 = DIRECTION ( 'NONE',  ( -0.000000000000000000, -1.000000000000000000, -0.000000000000000000 ) ) ;
#1780 = CIRCLE ( 'NONE', #2682, 1.000000000000000888 ) ;
#1781 = CARTESIAN_POINT ( 'NONE',  ( -19.01468478763708703, 2.000000000000000000, -30.56084154097700178 ) ) ;
#1782 = VECTOR ( 'NONE', #353, 1000.000000000000000 ) ;
#1783 = ORIENTED_EDGE ( 'NONE', *, *, #3359, .F. ) ;
#1784 = DIRECTION ( 'NONE',  ( 0.000000000000000000, 1.000000000000000000, -0.000000000000000000 ) ) ;
#1785 = VECTOR ( 'NONE', #2613, 1000.000000000000000 ) ;
#1786 = CARTESIAN_POINT ( 'NONE',  ( 47.89998255393119564, 2.000000000000000000, -52.63339765602871978 ) ) ;
#1787 = AXIS2_PLACEMENT_3D ( 'NONE', #3285, #1206, #1385 ) ;
#1788 = ORIENTED_EDGE ( 'NONE', *, *, #2258, .F. ) ;
#1789 = DIRECTION ( 'NONE',  ( -0.000000000000000000, -1.000000000000000000, 0.000000000000000000 ) ) ;
#1790 = EDGE_LOOP ( 'NONE', ( #2282, #105, #609, #3118 ) ) ;
#1791 = CARTESIAN_POINT ( 'NONE',  ( -28.00000000000019185, 2.000000000000000000, 26.44999999999980744 ) ) ;
#1792 = ORIENTED_EDGE ( 'NONE', *, *, #2736, .T. ) ;
#1793 = DIRECTION ( 'NONE',  ( 0.000000000000000000, 0.000000000000000000, -1.000000000000000000 ) ) ;
#1794 = DIRECTION ( 'NONE',  ( 0.000000000000000000, 0.000000000000000000, -1.000000000000000000 ) ) ;
#1795 = ORIENTED_EDGE ( 'NONE', *, *, #2471, .T. ) ;
#1796 = ORIENTED_EDGE ( 'NONE', *, *, #1588, .F. ) ;
#1797 = DIRECTION ( 'NONE',  ( 0.000000000000000000, -1.000000000000000000, 0.000000000000000000 ) ) ;
#1798 = LINE ( 'NONE', #2876, #1785 ) ;
#1799 = EDGE_CURVE ( 'NONE', #2327, #1305, #1946, .T. ) ;
#1800 = ORIENTED_EDGE ( 'NONE', *, *, #1488, .F. ) ;
#1801 = CARTESIAN_POINT ( 'NONE',  ( -52.10545143312094041, 0.000000000000000000, 43.21127602486698294 ) ) ;
#1802 = CARTESIAN_POINT ( 'NONE',  ( -41.99999999999997158, 1.000000000000005995, 51.55000000000001137 ) ) ;
#1803 = EDGE_CURVE ( 'NONE', #1589, #46, #1222, .T. ) ;
#1804 = ADVANCED_FACE ( 'NONE', ( #965 ), #3291, .F. ) ;
#1805 = ORIENTED_EDGE ( 'NONE', *, *, #2101, .F. ) ;
#1806 = CARTESIAN_POINT ( 'NONE',  ( -30.57715299254204666, 2.000000000000000000, -19.20472695313022271 ) ) ;
#1807 = VERTEX_POINT ( 'NONE', #2046 ) ;
#1808 = ORIENTED_EDGE ( 'NONE', *, *, #1401, .T. ) ;
#1809 = FACE_OUTER_BOUND ( 'NONE', #3168, .T. ) ;
#1810 = LINE ( 'NONE', #2407, #3016 ) ;
#1811 = ORIENTED_EDGE ( 'NONE', *, *, #2334, .T. ) ;
#1812 = ORIENTED_EDGE ( 'NONE', *, *, #1803, .F. ) ;
#1813 = DIRECTION ( 'NONE',  ( 0.000000000000000000, 0.000000000000000000, -1.000000000000000000 ) ) ;
#1814 = DIRECTION ( 'NONE',  ( 0.000000000000000000, 1.000000000000000000, -0.000000000000000000 ) ) ;
#1815 = ORIENTED_EDGE ( 'NONE', *, *, #1737, .T. ) ;
#1816 = ORIENTED_EDGE ( 'NONE', *, *, #33, .F. ) ;
#1817 = DIRECTION ( 'NONE',  ( 0.000000000000000000, 0.000000000000000000, -1.000000000000000000 ) ) ;
#1818 = CARTESIAN_POINT ( 'NONE',  ( 42.00000000000000000, 0.000000000000000000, -50.00000000000000000 ) ) ;
#1819 = ADVANCED_FACE ( 'NONE', ( #2599 ), #202, .F. ) ;
#1820 = CIRCLE ( 'NONE', #2270, 37.42950504792256083 ) ;
#1821 = ORIENTED_EDGE ( 'NONE', *, *, #2440, .F. ) ;
#1822 = EDGE_CURVE ( 'NONE', #1532, #586, #306, .T. ) ;
#1823 = DIRECTION ( 'NONE',  ( 0.000000000000000000, 0.000000000000000000, 1.000000000000000000 ) ) ;
#1824 = ORIENTED_EDGE ( 'NONE', *, *, #1340, .F. ) ;
#1825 = ORIENTED_EDGE ( 'NONE', *, *, #1983, .T. ) ;
#1826 = FACE_OUTER_BOUND ( 'NONE', #815, .T. ) ;
#1827 = DIRECTION ( 'NONE',  ( 0.4075833274418365071, 0.000000000000000000, -0.9131680191462252516 ) ) ;
#1828 = CIRCLE ( 'NONE', #2902, 1.549999999999995826 ) ;
#1829 = VERTEX_POINT ( 'NONE', #3149 ) ;
#1830 = CARTESIAN_POINT ( 'NONE',  ( -28.00000000000019185, 2.000000000000000000, 27.99999999999980460 ) ) ;
#1831 = AXIS2_PLACEMENT_3D ( 'NONE', #2835, #973, #2474 ) ;
#1832 = CARTESIAN_POINT ( 'NONE',  ( 36.00000000000000711, 0.000000000000000000, -41.44999999999999574 ) ) ;
#1833 = AXIS2_PLACEMENT_3D ( 'NONE', #1293, #552, #1582 ) ;
#1834 = ORIENTED_EDGE ( 'NONE', *, *, #3087, .F. ) ;
#1835 = CARTESIAN_POINT ( 'NONE',  ( -37.70979698305702499, 2.000000000000000000, 54.83101805263490292 ) ) ;
#1836 = DIRECTION ( 'NONE',  ( -0.000000000000000000, -1.000000000000000000, -0.000000000000000000 ) ) ;
#1837 = DIRECTION ( 'NONE',  ( 0.000000000000000000, 0.000000000000000000, 1.000000000000000000 ) ) ;
#1838 = AXIS2_PLACEMENT_3D ( 'NONE', #2279, #2033, #2311 ) ;
#1839 = ORIENTED_EDGE ( 'NONE', *, *, #3082, .F. ) ;
#1840 = VECTOR ( 'NONE', #1159, 1000.000000000000114 ) ;
#1841 = EDGE_CURVE ( 'NONE', #3336, #2867, #3096, .T. ) ;
#1842 = CARTESIAN_POINT ( 'NONE',  ( -49.96870134679143405, 0.000000000000000000, -23.61245673476619444 ) ) ;
#1843 = VERTEX_POINT ( 'NONE', #1801 ) ;
#1844 = CIRCLE ( 'NONE', #1964, 48.75000000000000000 ) ;
#1845 = EDGE_CURVE ( 'NONE', #2059, #1208, #34, .T. ) ;
#1846 = AXIS2_PLACEMENT_3D ( 'NONE', #1572, #278, #1585 ) ;
#1847 = CARTESIAN_POINT ( 'NONE',  ( -52.10545143312094041, 2.000000000000000000, 43.21127602486698294 ) ) ;
#1848 = CARTESIAN_POINT ( 'NONE',  ( 42.00000000000000000, 2.000000000000000000, 50.00000000000000000 ) ) ;
#1849 = EDGE_CURVE ( 'NONE', #1605, #1074, #743, .T. ) ;
#1850 = VECTOR ( 'NONE', #1642, 1000.000000000000000 ) ;
#1851 = ORIENTED_EDGE ( 'NONE', *, *, #1610, .F. ) ;
#1852 = ORIENTED_EDGE ( 'NONE', *, *, #890, .T. ) ;
#1853 = DIRECTION ( 'NONE',  ( 0.000000000000000000, 0.000000000000000000, -1.000000000000000000 ) ) ;
#1854 = PLANE ( 'NONE',  #1025 ) ;
#1855 = VECTOR ( 'NONE', #1768, 1000.000000000000000 ) ;
#1856 = ORIENTED_EDGE ( 'NONE', *, *, #2986, .F. ) ;
#1857 = VERTEX_POINT ( 'NONE', #1267 ) ;
#1858 = CARTESIAN_POINT ( 'NONE',  ( 11.63579749009298325, 2.000000000000000000, 15.11624241824972792 ) ) ;
#1859 = CARTESIAN_POINT ( 'NONE',  ( 5.009235022023401207, 2.000000000000000000, 0.8098500281752997187 ) ) ;
#1860 = ORIENTED_EDGE ( 'NONE', *, *, #1583, .T. ) ;
#1861 = CARTESIAN_POINT ( 'NONE',  ( 17.71713124747152790, 2.000000000000000000, 31.84940921072723796 ) ) ;
#1862 = VECTOR ( 'NONE', #3311, 1000.000000000000000 ) ;
#1863 = DIRECTION ( 'NONE',  ( 0.000000000000000000, 0.000000000000000000, -1.000000000000000000 ) ) ;
#1864 = DIRECTION ( 'NONE',  ( 0.000000000000000000, 1.000000000000000000, -0.000000000000000000 ) ) ;
#1865 = EDGE_CURVE ( 'NONE', #2806, #1438, #3387, .T. ) ;
#1866 = VERTEX_POINT ( 'NONE', #3164 ) ;
#1867 = ORIENTED_EDGE ( 'NONE', *, *, #1441, .T. ) ;
#1868 = DIRECTION ( 'NONE',  ( -0.000000000000000000, -1.000000000000000000, -0.000000000000000000 ) ) ;
#1869 = EDGE_CURVE ( 'NONE', #2369, #287, #1013, .T. ) ;
#1870 = DIRECTION ( 'NONE',  ( -0.000000000000000000, -1.000000000000000000, -0.000000000000000000 ) ) ;
#1871 = VERTEX_POINT ( 'NONE', #1037 ) ;
#1872 = VERTEX_POINT ( 'NONE', #1303 ) ;
#1873 = CARTESIAN_POINT ( 'NONE',  ( -30.91778705203399014, 2.000000000000000000, 18.08055958075298975 ) ) ;
#1874 = DIRECTION ( 'NONE',  ( 0.000000000000000000, 0.000000000000000000, -1.000000000000000000 ) ) ;
#1875 = ORIENTED_EDGE ( 'NONE', *, *, #2587, .T. ) ;
#1876 = ORIENTED_EDGE ( 'NONE', *, *, #1464, .T. ) ;
#1877 = DIRECTION ( 'NONE',  ( 0.000000000000000000, 0.000000000000000000, 1.000000000000000000 ) ) ;
#1878 = AXIS2_PLACEMENT_3D ( 'NONE', #2039, #1185, #2819 ) ;
#1879 = LINE ( 'NONE', #2438, #1650 ) ;
#1880 = DIRECTION ( 'NONE',  ( 0.000000000000000000, 1.000000000000000000, 0.000000000000000000 ) ) ;
#1882 = ORIENTED_EDGE ( 'NONE', *, *, #1966, .F. ) ;
#1881 = MECHANICAL_DESIGN_GEOMETRIC_PRESENTATION_REPRESENTATION (  '', ( #2557 ), #2842 ) ;
#1883 = DIRECTION ( 'NONE',  ( 0.000000000000000000, 1.000000000000000000, 0.000000000000000000 ) ) ;
#1884 = FACE_OUTER_BOUND ( 'NONE', #2598, .T. ) ;
#1885 = EDGE_CURVE ( 'NONE', #2249, #883, #2310, .T. ) ;
#1886 = AXIS2_PLACEMENT_3D ( 'NONE', #2672, #2744, #1337 ) ;
#1887 = ADVANCED_FACE ( 'NONE', ( #2366 ), #727, .F. ) ;
#1888 = ORIENTED_EDGE ( 'NONE', *, *, #2708, .T. ) ;
#1889 = CARTESIAN_POINT ( 'NONE',  ( 42.00000000000000000, 0.9999999999999783507, 48.45000000000000284 ) ) ;
#1890 = CIRCLE ( 'NONE', #2623, 1.550000000000002709 ) ;
#1891 = DIRECTION ( 'NONE',  ( 0.000000000000000000, 0.000000000000000000, 1.000000000000000000 ) ) ;
#1892 = DIRECTION ( 'NONE',  ( -0.000000000000000000, -1.000000000000000000, -0.000000000000000000 ) ) ;
#1893 = AXIS2_PLACEMENT_3D ( 'NONE', #1028, #1308, #1794 ) ;
#1894 = EDGE_LOOP ( 'NONE', ( #312, #85, #3176, #137 ) ) ;
#1895 = LINE ( 'NONE', #1861, #1719 ) ;
#1896 = VECTOR ( 'NONE', #2870, 1000.000000000000000 ) ;
#1897 = VECTOR ( 'NONE', #1091, 1000.000000000000000 ) ;
#1898 = DIRECTION ( 'NONE',  ( -0.000000000000000000, -1.000000000000000000, 0.000000000000000000 ) ) ;
#1899 = DIRECTION ( 'NONE',  ( -0.000000000000000000, -1.000000000000000000, -0.000000000000000000 ) ) ;
#1900 = AXIS2_PLACEMENT_3D ( 'NONE', #1557, #2702, #1369 ) ;
#1901 = AXIS2_PLACEMENT_3D ( 'NONE', #795, #2080, #3145 ) ;
#1902 = ORIENTED_EDGE ( 'NONE', *, *, #2478, .T. ) ;
#1903 = CIRCLE ( 'NONE', #376, 8.500000000000000000 ) ;
#1904 = VERTEX_POINT ( 'NONE', #1764 ) ;
#1905 = DIRECTION ( 'NONE',  ( -0.000000000000000000, -1.000000000000000000, -0.000000000000000000 ) ) ;
#1906 = CARTESIAN_POINT ( 'NONE',  ( 32.00000000000002132, 2.000000000000000000, 40.45000000000000995 ) ) ;
#1907 = CYLINDRICAL_SURFACE ( 'NONE', #918, 37.42950504792256794 ) ;
#1908 = ORIENTED_EDGE ( 'NONE', *, *, #56, .T. ) ;
#1909 = CYLINDRICAL_SURFACE ( 'NONE', #2915, 48.75000000000001421 ) ;
#1910 = CYLINDRICAL_SURFACE ( 'NONE', #3337, 1.550000000000002709 ) ;
#1911 = CARTESIAN_POINT ( 'NONE',  ( -37.70979698305702499, 0.000000000000000000, 54.83101805263490292 ) ) ;
#1912 = EDGE_CURVE ( 'NONE', #1020, #1829, #3356, .T. ) ;
#1913 = ORIENTED_EDGE ( 'NONE', *, *, #2144, .T. ) ;
#1914 = DIRECTION ( 'NONE',  ( -0.000000000000000000, -1.000000000000000000, -0.000000000000000000 ) ) ;
#1915 = EDGE_CURVE ( 'NONE', #3113, #2301, #2615, .T. ) ;
#1916 = ORIENTED_EDGE ( 'NONE', *, *, #1295, .T. ) ;
#1917 = DIRECTION ( 'NONE',  ( 0.000000000000000000, 1.000000000000000000, -0.000000000000000000 ) ) ;
#1918 = CARTESIAN_POINT ( 'NONE',  ( -42.00000000000000000, 0.000000000000000000, -49.99999999999999289 ) ) ;
#1919 = ORIENTED_EDGE ( 'NONE', *, *, #159, .F. ) ;
#1920 = EDGE_LOOP ( 'NONE', ( #1110, #766 ) ) ;
#1921 = EDGE_LOOP ( 'NONE', ( #230, #515, #762, #3290 ) ) ;
#1922 = PLANE ( 'NONE',  #652 ) ;
#1923 = DIRECTION ( 'NONE',  ( -0.000000000000000000, -1.000000000000000000, -0.000000000000000000 ) ) ;
#1924 = DIRECTION ( 'NONE',  ( -0.4075833274418365071, 0.000000000000000000, 0.9131680191462251406 ) ) ;
#1925 = EDGE_LOOP ( 'NONE', ( #2919, #1639, #900, #1231 ) ) ;
#1926 = CARTESIAN_POINT ( 'NONE',  ( -46.37644612199551375, 0.000000000000000000, -31.31607292457772118 ) ) ;
#1927 = DIRECTION ( 'NONE',  ( 0.000000000000000000, 0.000000000000000000, 1.000000000000000000 ) ) ;
#1928 = DIRECTION ( 'NONE',  ( 0.000000000000000000, -1.000000000000000000, 0.000000000000000000 ) ) ;
#1929 = ORIENTED_EDGE ( 'NONE', *, *, #1545, .T. ) ;
#1930 = AXIS2_PLACEMENT_3D ( 'NONE', #37, #1079, #2129 ) ;
#1931 = DIRECTION ( 'NONE',  ( -0.000000000000000000, -1.000000000000000000, 0.000000000000000000 ) ) ;
#1932 = EDGE_CURVE ( 'NONE', #3102, #2401, #147, .T. ) ;
#1933 = ORIENTED_EDGE ( 'NONE', *, *, #2582, .F. ) ;
#1934 = EDGE_CURVE ( 'NONE', #68, #3182, #1948, .T. ) ;
#1935 = CARTESIAN_POINT ( 'NONE',  ( -17.93264139703263282, 2.000000000000000000, 31.93407053192019873 ) ) ;
#1936 = AXIS2_PLACEMENT_3D ( 'NONE', #145, #2255, #433 ) ;
#1937 = CARTESIAN_POINT ( 'NONE',  ( 42.00000000000000000, 0.9999999999999783507, -50.00000000000000000 ) ) ;
#1938 = VECTOR ( 'NONE', #2608, 1000.000000000000000 ) ;
#1939 = VERTEX_POINT ( 'NONE', #267 ) ;
#1940 = CYLINDRICAL_SURFACE ( 'NONE', #3243, 1.550000000000002709 ) ;
#1941 = CARTESIAN_POINT ( 'NONE',  ( 47.89998255393118853, 2.000000000000000000, 52.63339765602871267 ) ) ;
#1942 = LINE ( 'NONE', #3218, #1344 ) ;
#1943 = ORIENTED_EDGE ( 'NONE', *, *, #572, .T. ) ;
#1944 = SURFACE_STYLE_FILL_AREA ( #1984 ) ;
#1945 = DIRECTION ( 'NONE',  ( -0.5866369676933700372, 0.000000000000000000, -0.8098500281752959440 ) ) ;
#1946 = CIRCLE ( 'NONE', #463, 1.549999999999995826 ) ;
#1947 = LINE ( 'NONE', #2721, #2010 ) ;
#1948 = CIRCLE ( 'NONE', #3172, 1.550000000000002709 ) ;
#1949 = ORIENTED_EDGE ( 'NONE', *, *, #2081, .T. ) ;
#1950 = DIRECTION ( 'NONE',  ( -0.000000000000000000, -1.000000000000000000, -0.000000000000000000 ) ) ;
#1951 = CIRCLE ( 'NONE', #909, 37.42950504792256794 ) ;
#1952 = EDGE_CURVE ( 'NONE', #3407, #910, #11, .T. ) ;
#1953 = VECTOR ( 'NONE', #1446, 999.9999999999998863 ) ;
#1954 = CARTESIAN_POINT ( 'NONE',  ( -28.00000000000019185, 2.000000000000000000, 29.54999999999980531 ) ) ;
#1955 = DIRECTION ( 'NONE',  ( 0.000000000000000000, 1.000000000000000000, -0.000000000000000000 ) ) ;
#1956 = AXIS2_PLACEMENT_3D ( 'NONE', #547, #251, #1837 ) ;
#1957 = EDGE_CURVE ( 'NONE', #586, #1481, #1052, .T. ) ;
#1958 = ORIENTED_EDGE ( 'NONE', *, *, #2688, .T. ) ;
#1959 = LINE ( 'NONE', #3031, #1058 ) ;
#1960 = CARTESIAN_POINT ( 'NONE',  ( -44.34352327037802155, 2.000000000000000000, -39.74681774161137326 ) ) ;
#1961 = CIRCLE ( 'NONE', #2241, 1.000000000000000000 ) ;
#1962 = DIRECTION ( 'NONE',  ( -0.000000000000000000, -1.000000000000000000, -0.000000000000000000 ) ) ;
#1963 = EDGE_CURVE ( 'NONE', #570, #559, #799, .T. ) ;
#1964 = AXIS2_PLACEMENT_3D ( 'NONE', #2137, #3220, #3203 ) ;
#1965 = ORIENTED_EDGE ( 'NONE', *, *, #277, .T. ) ;
#1966 = EDGE_CURVE ( 'NONE', #1310, #1857, #1511, .T. ) ;
#1967 = ORIENTED_EDGE ( 'NONE', *, *, #2234, .T. ) ;
#1968 = AXIS2_PLACEMENT_3D ( 'NONE', #763, #1797, #5 ) ;
#1969 = LINE ( 'NONE', #2040, #1015 ) ;
#1970 = CARTESIAN_POINT ( 'NONE',  ( 17.71713124747152790, 0.000000000000000000, 31.84940921072723796 ) ) ;
#1971 = CIRCLE ( 'NONE', #1327, 5.932910046942938997 ) ;
#1972 = ORIENTED_EDGE ( 'NONE', *, *, #487, .T. ) ;
#1973 = CARTESIAN_POINT ( 'NONE',  ( -41.99999999999997158, 1.000000000000005995, 50.00000000000000711 ) ) ;
#1974 = VECTOR ( 'NONE', #1563, 1000.000000000000000 ) ;
#1975 = CARTESIAN_POINT ( 'NONE',  ( -1.431935647123593981E-14, 0.000000000000000000, 77.26598944702274707 ) ) ;
#1976 = DIRECTION ( 'NONE',  ( -0.000000000000000000, -1.000000000000000000, -0.000000000000000000 ) ) ;
#1977 = ORIENTED_EDGE ( 'NONE', *, *, #1547, .F. ) ;
#1978 = EDGE_LOOP ( 'NONE', ( #569, #1902, #1067, #3188 ) ) ;
#1979 = DIRECTION ( 'NONE',  ( 0.000000000000000000, 0.000000000000000000, 1.000000000000000000 ) ) ;
#1980 = FACE_OUTER_BOUND ( 'NONE', #2143, .T. ) ;
#1981 = EDGE_CURVE ( 'NONE', #1469, #3230, #1386, .T. ) ;
#1982 = ORIENTED_EDGE ( 'NONE', *, *, #765, .F. ) ;
#1983 = EDGE_CURVE ( 'NONE', #2301, #559, #1890, .T. ) ;
#1984 = FILL_AREA_STYLE ('',( #2758 ) ) ;
#1985 = DIRECTION ( 'NONE',  ( 0.000000000000000000, -0.000000000000000000, -1.000000000000000000 ) ) ;
#1986 = EDGE_LOOP ( 'NONE', ( #2154, #2386 ) ) ;
#1987 = CARTESIAN_POINT ( 'NONE',  ( 31.93407053192020584, 0.000000000000000000, 17.93264139703263282 ) ) ;
#1988 = CARTESIAN_POINT ( 'NONE',  ( 49.96870134679145536, -0.01000000000000000021, -23.61245673476621576 ) ) ;
#1989 = DIRECTION ( 'NONE',  ( 0.000000000000000000, 0.000000000000000000, 1.000000000000000000 ) ) ;
#1990 = VECTOR ( 'NONE', #1006, 1000.000000000000000 ) ;
#1991 = ORIENTED_EDGE ( 'NONE', *, *, #447, .F. ) ;
#1992 = CARTESIAN_POINT ( 'NONE',  ( -43.92113534891821303, 0.000000000000000000, -15.94915935882295877 ) ) ;
#1993 = CARTESIAN_POINT ( 'NONE',  ( 18.64474049546983636, 2.000000000000000000, 29.63023121364310697 ) ) ;
#1994 = VECTOR ( 'NONE', #1709, 1000.000000000000114 ) ;
#1995 = ORIENTED_EDGE ( 'NONE', *, *, #1932, .F. ) ;
#1996 = ADVANCED_FACE ( 'NONE', ( #1576 ), #2703, .F. ) ;
#1997 = DIRECTION ( 'NONE',  ( -0.000000000000000000, -1.000000000000000000, -0.000000000000000000 ) ) ;
#1998 = FACE_OUTER_BOUND ( 'NONE', #1355, .T. ) ;
#1999 = ORIENTED_EDGE ( 'NONE', *, *, #1702, .T. ) ;
#2000 = CARTESIAN_POINT ( 'NONE',  ( -49.96870134679146247, 0.000000000000000000, 23.61245673476620865 ) ) ;
#2001 = DIRECTION ( 'NONE',  ( 0.000000000000000000, 0.000000000000000000, -1.000000000000000000 ) ) ;
#2002 = AXIS2_PLACEMENT_3D ( 'NONE', #305, #3247, #1147 ) ;
#2003 = ADVANCED_FACE ( 'NONE', ( #2932 ), #2431, .F. ) ;
#2004 = CARTESIAN_POINT ( 'NONE',  ( -41.99999999999997158, 2.000000000000000000, 50.00000000000000711 ) ) ;
#2005 = AXIS2_PLACEMENT_3D ( 'NONE', #250, #1526, #1017 ) ;
#2006 = CARTESIAN_POINT ( 'NONE',  ( -41.99999999999997158, 2.000000000000000000, 51.55000000000001137 ) ) ;
#2007 = CIRCLE ( 'NONE', #1130, 1.549999999999999378 ) ;
#2008 = DIRECTION ( 'NONE',  ( 0.000000000000000000, 1.000000000000000000, 0.000000000000000000 ) ) ;
#2009 = AXIS2_PLACEMENT_3D ( 'NONE', #2267, #2022, #952 ) ;
#2010 = VECTOR ( 'NONE', #3018, 1000.000000000000000 ) ;
#2011 = VERTEX_POINT ( 'NONE', #1070 ) ;
#2012 = CYLINDRICAL_SURFACE ( 'NONE', #1405, 1.549999999999999378 ) ;
#2013 = DIRECTION ( 'NONE',  ( 8.659560562355005581E-17, -0.7071067811865416886, 0.7071067811865532349 ) ) ;
#2014 = AXIS2_PLACEMENT_3D ( 'NONE', #3130, #436, #2823 ) ;
#2015 = VERTEX_POINT ( 'NONE', #1317 ) ;
#2016 = CARTESIAN_POINT ( 'NONE',  ( -41.46870134679156905, 2.000000000000000000, -23.61245673476619089 ) ) ;
#2017 = CARTESIAN_POINT ( 'NONE',  ( 49.96870134679145536, 2.000000000000000000, -23.61245673476621576 ) ) ;
#2018 = EDGE_CURVE ( 'NONE', #988, #1481, #2450, .T. ) ;
#2019 = PRODUCT_RELATED_PRODUCT_CATEGORY ( 'part', '', ( #2486 ) ) ;
#2020 = EDGE_CURVE ( 'NONE', #1546, #3102, #1333, .T. ) ;
#2021 = CARTESIAN_POINT ( 'NONE',  ( 30.56084154097699113, 2.000000000000000000, -19.01468478763709413 ) ) ;
#2022 = DIRECTION ( 'NONE',  ( -0.000000000000000000, -1.000000000000000000, 0.000000000000000000 ) ) ;
#2023 = ORIENTED_EDGE ( 'NONE', *, *, #1702, .F. ) ;
#2024 = DIRECTION ( 'NONE',  ( 0.000000000000000000, 1.000000000000000000, -0.000000000000000000 ) ) ;
#2025 = CARTESIAN_POINT ( 'NONE',  ( -31.99999999999997868, 2.000000000000000000, 42.00000000000001421 ) ) ;
#2026 = ORIENTED_EDGE ( 'NONE', *, *, #3147, .T. ) ;
#2027 = CARTESIAN_POINT ( 'NONE',  ( -18.64474049546983636, 2.000000000000000000, 29.63023121364311052 ) ) ;
#2028 = CARTESIAN_POINT ( 'NONE',  ( 37.70979698305709604, 0.000000000000000000, -54.83101805263473949 ) ) ;
#2029 = AXIS2_PLACEMENT_3D ( 'NONE', #340, #3277, #3084 ) ;
#2030 = ORIENTED_EDGE ( 'NONE', *, *, #1232, .F. ) ;
#2031 = ORIENTED_EDGE ( 'NONE', *, *, #601, .F. ) ;
#2032 = CARTESIAN_POINT ( 'NONE',  ( 42.00000000000000000, 0.000000000000000000, -50.00000000000000000 ) ) ;
#2033 = DIRECTION ( 'NONE',  ( -0.000000000000000000, -1.000000000000000000, -0.000000000000000000 ) ) ;
#2034 = ADVANCED_FACE ( 'NONE', ( #880 ), #594, .F. ) ;
#2035 = DIRECTION ( 'NONE',  ( 0.000000000000000000, 0.000000000000000000, -1.000000000000000000 ) ) ;
#2036 = ORIENTED_EDGE ( 'NONE', *, *, #3106, .F. ) ;
#2037 = CARTESIAN_POINT ( 'NONE',  ( 32.00000000000002132, 2.000000000000000000, 42.00000000000000711 ) ) ;
#2038 = ORIENTED_EDGE ( 'NONE', *, *, #159, .T. ) ;
#2039 = CARTESIAN_POINT ( 'NONE',  ( -1.431935647123593981E-14, 2.000000000000000000, 77.26598944702274707 ) ) ;
#2040 = CARTESIAN_POINT ( 'NONE',  ( -18.64474049546983636, 0.000000000000000000, 29.63023121364311052 ) ) ;
#2041 = SHAPE_DEFINITION_REPRESENTATION ( #3019, #2303 ) ;
#2042 = ORIENTED_EDGE ( 'NONE', *, *, #1029, .T. ) ;
#2043 = CARTESIAN_POINT ( 'NONE',  ( -52.10545143312094041, 2.000000000000000000, 43.21127602486698294 ) ) ;
#2044 = DIRECTION ( 'NONE',  ( 8.163404592832032979E-16, 0.000000000000000000, -1.000000000000000000 ) ) ;
#2045 = EDGE_LOOP ( 'NONE', ( #2527, #530 ) ) ;
#2046 = CARTESIAN_POINT ( 'NONE',  ( 5.009235022023390549, 2.000000000000000000, -0.8098500281752928354 ) ) ;
#2047 = DIRECTION ( 'NONE',  ( 0.000000000000000000, 0.000000000000000000, 1.000000000000000000 ) ) ;
#2048 = ORIENTED_EDGE ( 'NONE', *, *, #597, .F. ) ;
#2049 = DIRECTION ( 'NONE',  ( 0.000000000000000000, 1.000000000000000000, -0.000000000000000000 ) ) ;
#2050 = ORIENTED_EDGE ( 'NONE', *, *, #1679, .T. ) ;
#2051 = FACE_OUTER_BOUND ( 'NONE', #2811, .T. ) ;
#2052 = CIRCLE ( 'NONE', #3279, 1.550000000000002709 ) ;
#2053 = ORIENTED_EDGE ( 'NONE', *, *, #299, .F. ) ;
#2054 = VECTOR ( 'NONE', #980, 1000.000000000000227 ) ;
#2055 = DIRECTION ( 'NONE',  ( 0.000000000000000000, 0.000000000000000000, -1.000000000000000000 ) ) ;
#2056 = CARTESIAN_POINT ( 'NONE',  ( -5.595871989716768802, 2.000000000000000000, 0.000000000000000000 ) ) ;
#2057 = VECTOR ( 'NONE', #1683, 1000.000000000000114 ) ;
#2058 = ADVANCED_FACE ( 'NONE', ( #284 ), #2720, .T. ) ;
#2059 = VERTEX_POINT ( 'NONE', #1370 ) ;
#2060 = ORIENTED_EDGE ( 'NONE', *, *, #2476, .T. ) ;
#2061 = DIRECTION ( 'NONE',  ( 0.000000000000000000, -1.000000000000000000, 0.000000000000000000 ) ) ;
#2062 = AXIS2_PLACEMENT_3D ( 'NONE', #620, #3250, #2728 ) ;
#2063 = ADVANCED_FACE ( 'NONE', ( #831 ), #319, .F. ) ;
#2064 = CARTESIAN_POINT ( 'NONE',  ( -18.08055958075299685, 2.000000000000000000, -30.91778705203399369 ) ) ;
#2065 = AXIS2_PLACEMENT_3D ( 'NONE', #2228, #2997, #2492 ) ;
#2066 = ORIENTED_EDGE ( 'NONE', *, *, #1120, .F. ) ;
#2067 = CARTESIAN_POINT ( 'NONE',  ( -47.89998255393140170, 2.000000000000000000, -52.63339765602871978 ) ) ;
#2068 = AXIS2_PLACEMENT_3D ( 'NONE', #3180, #280, #1048 ) ;
#2069 = DIRECTION ( 'NONE',  ( 0.000000000000000000, 0.000000000000000000, -1.000000000000000000 ) ) ;
#2070 = VECTOR ( 'NONE', #1264, 1000.000000000000114 ) ;
#2071 = ORIENTED_EDGE ( 'NONE', *, *, #1932, .T. ) ;
#2072 = CARTESIAN_POINT ( 'NONE',  ( 31.00418501571296659, 2.000000000000000000, 18.30049045133073804 ) ) ;
#2073 = CIRCLE ( 'NONE', #2293, 1.550000000000002709 ) ;
#2074 = CARTESIAN_POINT ( 'NONE',  ( 30.91778705203398658, 0.000000000000000000, -18.08055958075300396 ) ) ;
#2075 = DIRECTION ( 'NONE',  ( 0.000000000000000000, 0.000000000000000000, 1.000000000000000000 ) ) ;
#2076 = VERTEX_POINT ( 'NONE', #2138 ) ;
#2077 = VERTEX_POINT ( 'NONE', #2415 ) ;
#2078 = CYLINDRICAL_SURFACE ( 'NONE', #1247, 45.10884310473581138 ) ;
#2079 = ADVANCED_FACE ( 'NONE', ( #49 ), #817, .F. ) ;
#2080 = DIRECTION ( 'NONE',  ( -0.000000000000000000, -1.000000000000000000, -0.000000000000000000 ) ) ;
#2081 = EDGE_CURVE ( 'NONE', #3206, #1004, #1721, .T. ) ;
#2082 = VERTEX_POINT ( 'NONE', #27 ) ;
#2083 = EDGE_LOOP ( 'NONE', ( #129, #2575, #1036, #3159 ) ) ;
#2084 = EDGE_CURVE ( 'NONE', #2015, #1715, #2957, .T. ) ;
#2085 = CARTESIAN_POINT ( 'NONE',  ( 43.92113534891822013, 2.000000000000000000, 15.94915935882295166 ) ) ;
#2086 = DIRECTION ( 'NONE',  ( -0.000000000000000000, -1.000000000000000000, -0.000000000000000000 ) ) ;
#2087 = ORIENTED_EDGE ( 'NONE', *, *, #1200, .T. ) ;
#2088 = CARTESIAN_POINT ( 'NONE',  ( 19.20472695313020850, 2.000000000000000000, -30.57715299254202534 ) ) ;
#2089 = DIRECTION ( 'NONE',  ( 0.000000000000000000, 0.000000000000000000, 1.000000000000000000 ) ) ;
#2090 = CARTESIAN_POINT ( 'NONE',  ( -30.57715299254204666, 0.000000000000000000, -19.20472695313022271 ) ) ;
#2091 = ORIENTED_EDGE ( 'NONE', *, *, #2121, .T. ) ;
#2092 = VECTOR ( 'NONE', #224, 1000.000000000000000 ) ;
#2093 = CARTESIAN_POINT ( 'NONE',  ( -47.89998255393140170, 2.000000000000000000, 52.63339765602871978 ) ) ;
#2094 = DIRECTION ( 'NONE',  ( 0.8098500281752961660, -0.000000000000000000, 0.5866369676933701482 ) ) ;
#2095 = VECTOR ( 'NONE', #2481, 1000.000000000000000 ) ;
#2096 = EDGE_CURVE ( 'NONE', #2810, #871, #1141, .T. ) ;
#2097 = ORIENTED_EDGE ( 'NONE', *, *, #1718, .T. ) ;
#2098 = LINE ( 'NONE', #2894, #1024 ) ;
#2099 = DIRECTION ( 'NONE',  ( -0.000000000000000000, -1.000000000000000000, -0.000000000000000000 ) ) ;
#2100 = DIRECTION ( 'NONE',  ( 1.000000000000000000, -0.000000000000000000, 7.171352345571237489E-16 ) ) ;
#2101 = EDGE_CURVE ( 'NONE', #1904, #2381, #2904, .T. ) ;
#2102 = AXIS2_PLACEMENT_3D ( 'NONE', #3394, #498, #1534 ) ;
#2103 = EDGE_LOOP ( 'NONE', ( #2157, #344, #3239, #269 ) ) ;
#2104 = DIRECTION ( 'NONE',  ( -0.000000000000000000, -1.000000000000000000, -0.000000000000000000 ) ) ;
#2105 = ADVANCED_FACE ( 'NONE', ( #869 ), #1910, .F. ) ;
#2106 = EDGE_CURVE ( 'NONE', #1039, #2339, #3365, .T. ) ;
#2107 = CARTESIAN_POINT ( 'NONE',  ( 36.00000000000000711, 2.000000000000000000, -43.00000000000000000 ) ) ;
#2108 = CIRCLE ( 'NONE', #2507, 8.500000000000000000 ) ;
#2109 = PLANE ( 'NONE',  #3286 ) ;
#2110 = VECTOR ( 'NONE', #2530, 1000.000000000000000 ) ;
#2111 = EDGE_LOOP ( 'NONE', ( #316, #3320, #1680, #964 ) ) ;
#2112 = ORIENTED_EDGE ( 'NONE', *, *, #539, .T. ) ;
#2113 = FACE_OUTER_BOUND ( 'NONE', #722, .T. ) ;
#2114 = DIRECTION ( 'NONE',  ( 0.000000000000000000, -0.7071067811865515695, -0.7071067811865434649 ) ) ;
#2115 = AXIS2_PLACEMENT_3D ( 'NONE', #513, #1061, #2075 ) ;
#2116 = ORIENTED_EDGE ( 'NONE', *, *, #1822, .F. ) ;
#2117 = CARTESIAN_POINT ( 'NONE',  ( 3.469446951953614189E-15, 0.000000000000000000, 5.595871989716768802 ) ) ;
#2118 = DIRECTION ( 'NONE',  ( -0.000000000000000000, -1.000000000000000000, -0.000000000000000000 ) ) ;
#2119 = DIRECTION ( 'NONE',  ( -0.000000000000000000, -1.000000000000000000, 0.000000000000000000 ) ) ;
#2120 = AXIS2_PLACEMENT_3D ( 'NONE', #3373, #999, #2047 ) ;
#2121 = EDGE_CURVE ( 'NONE', #3138, #2082, #3389, .T. ) ;
#2122 = AXIS2_PLACEMENT_3D ( 'NONE', #1103, #1135, #3215 ) ;
#2123 = ORIENTED_EDGE ( 'NONE', *, *, #887, .T. ) ;
#2124 = VECTOR ( 'NONE', #2086, 1000.000000000000000 ) ;
#2125 = CARTESIAN_POINT ( 'NONE',  ( 52.10545143312076277, 2.000000000000000000, -43.21127602486693320 ) ) ;
#2126 = ORIENTED_EDGE ( 'NONE', *, *, #445, .T. ) ;
#2127 = ADVANCED_FACE ( 'NONE', ( #991 ), #1501, .F. ) ;
#2128 = VECTOR ( 'NONE', #300, 1000.000000000000000 ) ;
#2129 = DIRECTION ( 'NONE',  ( 0.000000000000000000, 0.000000000000000000, 1.000000000000000000 ) ) ;
#2130 = FACE_OUTER_BOUND ( 'NONE', #2330, .T. ) ;
#2131 = EDGE_LOOP ( 'NONE', ( #1009, #1713, #1414, #2136 ) ) ;
#2132 = ORIENTED_EDGE ( 'NONE', *, *, #2377, .F. ) ;
#2133 = EDGE_LOOP ( 'NONE', ( #747, #1372, #40, #2071 ) ) ;
#2134 = CARTESIAN_POINT ( 'NONE',  ( -29.63023121364310342, 2.000000000000000000, -18.64474049546984702 ) ) ;
#2135 = CARTESIAN_POINT ( 'NONE',  ( -18.64474049546983636, 2.000000000000000000, 29.63023121364311052 ) ) ;
#2136 = ORIENTED_EDGE ( 'NONE', *, *, #1204, .F. ) ;
#2137 = CARTESIAN_POINT ( 'NONE',  ( -1.431935647123593981E-14, 2.000000000000000000, 77.26598944702274707 ) ) ;
#2138 = CARTESIAN_POINT ( 'NONE',  ( 36.00000000000000711, 2.000000000000000000, -44.54999999999999716 ) ) ;
#2139 = CARTESIAN_POINT ( 'NONE',  ( 3.469446951953614189E-15, 2.000000000000000000, 5.595871989716768802 ) ) ;
#2140 = VERTEX_POINT ( 'NONE', #2759 ) ;
#2141 = DIRECTION ( 'NONE',  ( 0.000000000000000000, 0.000000000000000000, 1.000000000000000000 ) ) ;
#2142 = EDGE_LOOP ( 'NONE', ( #2655, #1116, #98, #525 ) ) ;
#2143 = EDGE_LOOP ( 'NONE', ( #1217, #1085, #1319, #648 ) ) ;
#2144 = EDGE_CURVE ( 'NONE', #442, #2511, #252, .T. ) ;
#2145 = CARTESIAN_POINT ( 'NONE',  ( -47.93577849517395606, 0.000000000000000000, -32.04320155179983232 ) ) ;
#2146 = CARTESIAN_POINT ( 'NONE',  ( -42.00000000000000000, 2.000000000000000000, -48.44999999999999574 ) ) ;
#2147 = ORIENTED_EDGE ( 'NONE', *, *, #321, .F. ) ;
#2148 = EDGE_CURVE ( 'NONE', #124, #718, #639, .T. ) ;
#2149 = ORIENTED_EDGE ( 'NONE', *, *, #2692, .T. ) ;
#2150 = CARTESIAN_POINT ( 'NONE',  ( 17.93264139703264348, 2.000000000000000000, -31.93407053192019873 ) ) ;
#2151 = DIRECTION ( 'NONE',  ( 0.000000000000000000, 0.000000000000000000, -1.000000000000000000 ) ) ;
#2152 = CARTESIAN_POINT ( 'NONE',  ( -49.96870134679146247, 2.000000000000000000, 23.61245673476620865 ) ) ;
#2153 = ORIENTED_EDGE ( 'NONE', *, *, #3276, .F. ) ;
#2154 = ORIENTED_EDGE ( 'NONE', *, *, #3335, .F. ) ;
#2155 = DIRECTION ( 'NONE',  ( -0.000000000000000000, -1.000000000000000000, -0.000000000000000000 ) ) ;
#2156 = CARTESIAN_POINT ( 'NONE',  ( 42.00000000000000000, 2.000000000000000000, -56.46100436089233909 ) ) ;
#2157 = ORIENTED_EDGE ( 'NONE', *, *, #1547, .T. ) ;
#2158 = ORIENTED_EDGE ( 'NONE', *, *, #2837, .F. ) ;
#2159 = DIRECTION ( 'NONE',  ( -0.000000000000000000, -1.000000000000000000, -0.000000000000000000 ) ) ;
#2160 = AXIS2_PLACEMENT_3D ( 'NONE', #2834, #2570, #3364 ) ;
#2161 = DIRECTION ( 'NONE',  ( 0.000000000000000000, 0.000000000000000000, -1.000000000000000000 ) ) ;
#2162 = CARTESIAN_POINT ( 'NONE',  ( 30.91778705203398658, 2.000000000000000000, -18.08055958075300396 ) ) ;
#2163 = VERTEX_POINT ( 'NONE', #389 ) ;
#2164 = DIRECTION ( 'NONE',  ( -0.000000000000000000, -1.000000000000000000, -0.000000000000000000 ) ) ;
#2165 = DIRECTION ( 'NONE',  ( 0.000000000000000000, 0.000000000000000000, -1.000000000000000000 ) ) ;
#2166 = DIRECTION ( 'NONE',  ( 0.000000000000000000, -1.000000000000000000, 0.000000000000000000 ) ) ;
#2167 = EDGE_CURVE ( 'NONE', #2898, #1872, #636, .T. ) ;
#2168 = AXIS2_PLACEMENT_3D ( 'NONE', #1075, #820, #1877 ) ;
#2169 = ORIENTED_EDGE ( 'NONE', *, *, #1952, .T. ) ;
#2170 = EDGE_CURVE ( 'NONE', #1605, #1201, #3271, .T. ) ;
#2171 = ORIENTED_EDGE ( 'NONE', *, *, #1799, .F. ) ;
#2172 = VECTOR ( 'NONE', #2099, 1000.000000000000000 ) ;
#2173 = DIRECTION ( 'NONE',  ( -0.000000000000000000, -1.000000000000000000, 0.000000000000000000 ) ) ;
#2174 = PLANE ( 'NONE',  #752 ) ;
#2175 = ORIENTED_EDGE ( 'NONE', *, *, #2692, .F. ) ;
#2176 = VECTOR ( 'NONE', #1549, 1000.000000000000000 ) ;
#2177 = ORIENTED_EDGE ( 'NONE', *, *, #3090, .T. ) ;
#2178 = CARTESIAN_POINT ( 'NONE',  ( 18.64474049546983636, 2.000000000000000000, 29.63023121364310697 ) ) ;
#2179 = CIRCLE ( 'NONE', #2233, 1.550000000000002709 ) ;
#2181 = EDGE_LOOP ( 'NONE', ( #851, #2087, #604, #2465 ) ) ;
#2180 = CONICAL_SURFACE ( 'NONE', #699, 2.549999999999968736, 0.7853981633974426169 ) ;
#2182 = DIRECTION ( 'NONE',  ( 0.000000000000000000, 0.000000000000000000, 1.000000000000000000 ) ) ;
#2183 = FACE_OUTER_BOUND ( 'NONE', #2131, .T. ) ;
#2184 =( GEOMETRIC_REPRESENTATION_CONTEXT ( 3 ) GLOBAL_UNCERTAINTY_ASSIGNED_CONTEXT ( ( #3013 ) ) GLOBAL_UNIT_ASSIGNED_CONTEXT ( ( #2786, #897, #2191 ) ) REPRESENTATION_CONTEXT ( 'NONE', 'WORKASPACE' ) );
#2185 = VERTEX_POINT ( 'NONE', #629 ) ;
#2186 = DIRECTION ( 'NONE',  ( 8.163404592832032979E-16, 0.000000000000000000, -1.000000000000000000 ) ) ;
#2187 = CARTESIAN_POINT ( 'NONE',  ( -5.595871989716768802, 2.000000000000000000, 0.000000000000000000 ) ) ;
#2188 = VECTOR ( 'NONE', #2256, 1000.000000000000000 ) ;
#2189 = ORIENTED_EDGE ( 'NONE', *, *, #683, .F. ) ;
#2190 = EDGE_CURVE ( 'NONE', #938, #2077, #528, .T. ) ;
#2191 =( NAMED_UNIT ( * ) SI_UNIT ( $, .STERADIAN. ) SOLID_ANGLE_UNIT ( ) );
#2192 = CARTESIAN_POINT ( 'NONE',  ( -37.70979698305714578, 2.000000000000000000, -54.83101805263479633 ) ) ;
#2193 = CARTESIAN_POINT ( 'NONE',  ( -44.34352327037802155, 2.000000000000000000, 39.74681774161137326 ) ) ;
#2194 = EDGE_CURVE ( 'NONE', #464, #3213, #1969, .T. ) ;
#2195 = ORIENTED_EDGE ( 'NONE', *, *, #1443, .F. ) ;
#2196 = CARTESIAN_POINT ( 'NONE',  ( 30.56084154097699113, 2.000000000000000000, -19.01468478763709413 ) ) ;
#2197 = ORIENTED_EDGE ( 'NONE', *, *, #1963, .F. ) ;
#2198 = CYLINDRICAL_SURFACE ( 'NONE', #2484, 37.42950504792256794 ) ;
#2199 = ORIENTED_EDGE ( 'NONE', *, *, #273, .T. ) ;
#2200 = DIRECTION ( 'NONE',  ( -0.000000000000000000, -1.000000000000000000, -0.000000000000000000 ) ) ;
#2201 = ORIENTED_EDGE ( 'NONE', *, *, #1138, .T. ) ;
#2202 = CARTESIAN_POINT ( 'NONE',  ( 56.96870134679145536, -0.01000000000000000021, -36.25532265303235846 ) ) ;
#2203 = DIRECTION ( 'NONE',  ( 0.000000000000000000, 0.000000000000000000, -1.000000000000000000 ) ) ;
#2204 = ORIENTED_EDGE ( 'NONE', *, *, #2619, .T. ) ;
#2205 = VERTEX_POINT ( 'NONE', #120 ) ;
#2206 = VERTEX_POINT ( 'NONE', #3287 ) ;
#2207 = DIRECTION ( 'NONE',  ( -0.8098500281752961660, 0.000000000000000000, 0.5866369676933699262 ) ) ;
#2208 = LINE ( 'NONE', #898, #746 ) ;
#2209 = FACE_BOUND ( 'NONE', #709, .T. ) ;
#2210 = ADVANCED_FACE ( 'NONE', ( #1700 ), #1249, .F. ) ;
#2211 = ORIENTED_EDGE ( 'NONE', *, *, #1375, .F. ) ;
#2212 = EDGE_CURVE ( 'NONE', #1063, #2205, #94, .T. ) ;
#2213 = CARTESIAN_POINT ( 'NONE',  ( 36.00000000000000711, 2.000000000000000000, -41.44999999999999574 ) ) ;
#2214 = EDGE_CURVE ( 'NONE', #2163, #1020, #1435, .T. ) ;
#2215 = EDGE_CURVE ( 'NONE', #2454, #2529, #151, .T. ) ;
#2216 = EDGE_CURVE ( 'NONE', #3086, #167, #2007, .T. ) ;
#2217 = CYLINDRICAL_SURFACE ( 'NONE', #2029, 1.549999999999995826 ) ;
#2218 = VERTEX_POINT ( 'NONE', #2305 ) ;
#2219 = CARTESIAN_POINT ( 'NONE',  ( 49.96870134679144115, 0.000000000000000000, 23.61245673476620865 ) ) ;
#2220 = EDGE_CURVE ( 'NONE', #1176, #2456, #3175, .T. ) ;
#2221 = ORIENTED_EDGE ( 'NONE', *, *, #2736, .F. ) ;
#2222 = CARTESIAN_POINT ( 'NONE',  ( 57.36128211674182609, 0.000000000000000000, -17.05762419274719477 ) ) ;
#2223 = DIRECTION ( 'NONE',  ( 0.000000000000000000, 0.000000000000000000, -1.000000000000000000 ) ) ;
#2224 = EDGE_LOOP ( 'NONE', ( #3002, #2948, #811, #289 ) ) ;
#2225 = CARTESIAN_POINT ( 'NONE',  ( 36.00000000000000711, 2.000000000000000000, -43.00000000000000000 ) ) ;
#2226 = DIRECTION ( 'NONE',  ( 0.000000000000000000, 1.000000000000000000, -0.000000000000000000 ) ) ;
#2227 = AXIS2_PLACEMENT_3D ( 'NONE', #1259, #770, #254 ) ;
#2228 = CARTESIAN_POINT ( 'NONE',  ( 49.96870134679144115, 2.000000000000000000, 23.61245673476620865 ) ) ;
#2229 = AXIS2_PLACEMENT_3D ( 'NONE', #713, #1749, #2826 ) ;
#2230 = ORIENTED_EDGE ( 'NONE', *, *, #2989, .T. ) ;
#2231 = DIRECTION ( 'NONE',  ( 0.000000000000000000, 1.000000000000000000, 0.000000000000000000 ) ) ;
#2232 = CIRCLE ( 'NONE', #644, 1.550000000000002709 ) ;
#2233 = AXIS2_PLACEMENT_3D ( 'NONE', #2037, #207, #2779 ) ;
#2234 = EDGE_CURVE ( 'NONE', #587, #2449, #2571, .T. ) ;
#2235 = DIRECTION ( 'NONE',  ( -0.000000000000000000, -1.000000000000000000, -0.000000000000000000 ) ) ;
#2236 = DIRECTION ( 'NONE',  ( 0.000000000000000000, 0.000000000000000000, -1.000000000000000000 ) ) ;
#2237 = VECTOR ( 'NONE', #335, 999.9999999999998863 ) ;
#2238 = VERTEX_POINT ( 'NONE', #225 ) ;
#2239 = CYLINDRICAL_SURFACE ( 'NONE', #1115, 8.500000000000000000 ) ;
#2240 = CARTESIAN_POINT ( 'NONE',  ( 32.00000000000002132, 0.000000000000000000, 40.45000000000000995 ) ) ;
#2241 = AXIS2_PLACEMENT_3D ( 'NONE', #2390, #1538, #3403 ) ;
#2242 = AXIS2_PLACEMENT_3D ( 'NONE', #1434, #2490, #1157 ) ;
#2243 = ORIENTED_EDGE ( 'NONE', *, *, #597, .T. ) ;
#2244 = DIRECTION ( 'NONE',  ( -0.000000000000000000, -1.000000000000000000, -0.000000000000000000 ) ) ;
#2245 = AXIS2_PLACEMENT_3D ( 'NONE', #213, #1251, #2307 ) ;
#2246 = CARTESIAN_POINT ( 'NONE',  ( 33.11069557317927092, 2.000000000000000000, 13.83997312679162839 ) ) ;
#2247 = CARTESIAN_POINT ( 'NONE',  ( -47.93577849517394895, -0.01000000000000000021, -32.04320155179983232 ) ) ;
#2248 = ORIENTED_EDGE ( 'NONE', *, *, #3193, .T. ) ;
#2249 = VERTEX_POINT ( 'NONE', #2319 ) ;
#2250 = FACE_OUTER_BOUND ( 'NONE', #2883, .T. ) ;
#2251 = CARTESIAN_POINT ( 'NONE',  ( 41.46870134679144826, 2.000000000000000000, -23.61245673476621576 ) ) ;
#2252 = CARTESIAN_POINT ( 'NONE',  ( -35.99999999999999289, 0.000000000000000000, -44.54999999999999005 ) ) ;
#2253 = EDGE_CURVE ( 'NONE', #175, #3008, #2208, .T. ) ;
#2254 = EDGE_LOOP ( 'NONE', ( #2189, #3074, #1536, #2968, #1389, #1041, #1316, #2671, #15, #148, #2277 ) ) ;
#2255 = DIRECTION ( 'NONE',  ( 0.5866369676933700372, 0.000000000000000000, -0.8098500281752961660 ) ) ;
#2256 = DIRECTION ( 'NONE',  ( -0.000000000000000000, -1.000000000000000000, -0.000000000000000000 ) ) ;
#2257 = CIRCLE ( 'NONE', #662, 0.9999999999999974465 ) ;
#2258 = EDGE_CURVE ( 'NONE', #1301, #1528, #2455, .T. ) ;
#2259 = ORIENTED_EDGE ( 'NONE', *, *, #1243, .F. ) ;
#2260 = CARTESIAN_POINT ( 'NONE',  ( -46.37644612199554217, -3.388131789017201356E-18, 31.31607292457774250 ) ) ;
#2261 = FACE_OUTER_BOUND ( 'NONE', #2606, .T. ) ;
#2262 = ORIENTED_EDGE ( 'NONE', *, *, #2194, .F. ) ;
#2263 = CARTESIAN_POINT ( 'NONE',  ( 42.00000000000000000, 2.000000000000000000, 50.00000000000000000 ) ) ;
#2264 = DIRECTION ( 'NONE',  ( -0.000000000000000000, -1.000000000000000000, -0.000000000000000000 ) ) ;
#2265 = CIRCLE ( 'NONE', #2433, 48.75000000000001421 ) ;
#2266 = LINE ( 'NONE', #2778, #2820 ) ;
#2267 = CARTESIAN_POINT ( 'NONE',  ( 0.000000000000000000, 2.000000000000000000, -5.595871989716768802 ) ) ;
#2268 = AXIS2_PLACEMENT_3D ( 'NONE', #3004, #2938, #1602 ) ;
#2269 = DIRECTION ( 'NONE',  ( 0.9063077870366511579, 0.000000000000000000, -0.4226182617406970543 ) ) ;
#2270 = AXIS2_PLACEMENT_3D ( 'NONE', #3122, #258, #240 ) ;
#2271 = VERTEX_POINT ( 'NONE', #759 ) ;
#2272 = FACE_OUTER_BOUND ( 'NONE', #3413, .T. ) ;
#2273 = ADVANCED_FACE ( 'NONE', ( #2626 ), #533, .T. ) ;
#2274 = PLANE ( 'NONE',  #2745 ) ;
#2275 = VERTEX_POINT ( 'NONE', #3123 ) ;
#2276 = EDGE_CURVE ( 'NONE', #1301, #369, #1183, .T. ) ;
#2277 = ORIENTED_EDGE ( 'NONE', *, *, #2101, .T. ) ;
#2278 = CARTESIAN_POINT ( 'NONE',  ( -41.99999999999997158, 0.000000000000000000, 50.00000000000000711 ) ) ;
#2279 = CARTESIAN_POINT ( 'NONE',  ( 18.30049045133074515, 2.000000000000000000, -31.00418501571296659 ) ) ;
#2280 = AXIS2_PLACEMENT_3D ( 'NONE', #394, #1440, #921 ) ;
#2281 = DIRECTION ( 'NONE',  ( -0.000000000000000000, -1.000000000000000000, -0.000000000000000000 ) ) ;
#2282 = ORIENTED_EDGE ( 'NONE', *, *, #2216, .T. ) ;
#2283 = AXIS2_PLACEMENT_3D ( 'NONE', #2740, #2226, #3381 ) ;
#2284 = CARTESIAN_POINT ( 'NONE',  ( -35.99999999999999289, 2.000000000000000000, -41.44999999999998863 ) ) ;
#2285 = ORIENTED_EDGE ( 'NONE', *, *, #1484, .T. ) ;
#2286 = CIRCLE ( 'NONE', #803, 1.000000000000000000 ) ;
#2287 = CARTESIAN_POINT ( 'NONE',  ( -0.8098500281752997187, 2.000000000000000000, 5.009235022023404760 ) ) ;
#2288 = AXIS2_PLACEMENT_3D ( 'NONE', #2824, #2788, #1457 ) ;
#2289 = ORIENTED_EDGE ( 'NONE', *, *, #885, .T. ) ;
#2290 = CYLINDRICAL_SURFACE ( 'NONE', #2245, 5.932910046942942550 ) ;
#2291 = CARTESIAN_POINT ( 'NONE',  ( 47.89998255393119564, 0.000000000000000000, 52.63339765602871978 ) ) ;
#2292 = EDGE_CURVE ( 'NONE', #2082, #1282, #3158, .T. ) ;
#2293 = AXIS2_PLACEMENT_3D ( 'NONE', #313, #294, #1853 ) ;
#2294 = ORIENTED_EDGE ( 'NONE', *, *, #2772, .T. ) ;
#2295 = CARTESIAN_POINT ( 'NONE',  ( 27.99999999999999645, 2.000000000000000000, -28.00000000000000000 ) ) ;
#2296 = CARTESIAN_POINT ( 'NONE',  ( 46.37644612199552796, 2.000000000000000000, -31.31607292457775671 ) ) ;
#2297 = ADVANCED_FACE ( 'NONE', ( #17 ), #3174, .F. ) ;
#2298 = AXIS2_PLACEMENT_3D ( 'NONE', #3044, #1710, #2783 ) ;
#2299 = DIRECTION ( 'NONE',  ( 0.000000000000000000, -1.000000000000000000, 0.000000000000000000 ) ) ;
#2300 = CARTESIAN_POINT ( 'NONE',  ( -18.08055958075299685, 0.000000000000000000, -31.91778705203399014 ) ) ;
#2301 = VERTEX_POINT ( 'NONE', #2939 ) ;
#2302 = CIRCLE ( 'NONE', #1095, 5.932910046942935445 ) ;
#2303 = ADVANCED_BREP_SHAPE_REPRESENTATION ( '电池板_缩小版_Gen.4', ( #228, #2442 ), #357 ) ;
#2304 = DIRECTION ( 'NONE',  ( 0.4226182617406969433, 0.000000000000000000, -0.9063077870366512689 ) ) ;
#2305 = CARTESIAN_POINT ( 'NONE',  ( -31.93407053192021294, 0.000000000000000000, -17.93264139703265414 ) ) ;
#2306 = VERTEX_POINT ( 'NONE', #2385 ) ;
#2307 = DIRECTION ( 'NONE',  ( 0.000000000000000000, 0.000000000000000000, -1.000000000000000000 ) ) ;
#2308 = DIRECTION ( 'NONE',  ( 0.000000000000000000, 0.000000000000000000, -1.000000000000000000 ) ) ;
#2309 = VERTEX_POINT ( 'NONE', #2090 ) ;
#2310 = LINE ( 'NONE', #2067, #2054 ) ;
#2311 = DIRECTION ( 'NONE',  ( 0.000000000000000000, 0.000000000000000000, -1.000000000000000000 ) ) ;
#2312 = EDGE_CURVE ( 'NONE', #442, #3219, #1535, .T. ) ;
#2313 = ORIENTED_EDGE ( 'NONE', *, *, #2580, .T. ) ;
#2314 = LINE ( 'NONE', #14, #143 ) ;
#2315 = DIRECTION ( 'NONE',  ( 0.000000000000000000, 0.000000000000000000, -1.000000000000000000 ) ) ;
#2316 = EDGE_CURVE ( 'NONE', #2867, #1857, #2793, .T. ) ;
#2317 = ADVANCED_FACE ( 'NONE', ( #2130 ), #38, .T. ) ;
#2318 = CARTESIAN_POINT ( 'NONE',  ( -52.10545143312094041, 2.000000000000000000, -43.21127602486698294 ) ) ;
#2319 = CARTESIAN_POINT ( 'NONE',  ( -47.89998255393123827, 2.000000000000000000, -52.63339765602865583 ) ) ;
#2320 = EDGE_CURVE ( 'NONE', #570, #3113, #2513, .T. ) ;
#2321 = ORIENTED_EDGE ( 'NONE', *, *, #983, .T. ) ;
#2322 = AXIS2_PLACEMENT_3D ( 'NONE', #309, #1917, #358 ) ;
#2323 = ORIENTED_EDGE ( 'NONE', *, *, #1375, .T. ) ;
#2324 = DIRECTION ( 'NONE',  ( 0.000000000000000000, 0.000000000000000000, -1.000000000000000000 ) ) ;
#2325 = CARTESIAN_POINT ( 'NONE',  ( 17.93264139703264348, 0.000000000000000000, -31.93407053192019873 ) ) ;
#2326 = AXIS2_PLACEMENT_3D ( 'NONE', #972, #2024, #165 ) ;
#2327 = VERTEX_POINT ( 'NONE', #2372 ) ;
#2328 = DIRECTION ( 'NONE',  ( -0.000000000000000000, 1.000000000000000000, -0.000000000000000000 ) ) ;
#2329 = CYLINDRICAL_SURFACE ( 'NONE', #1237, 1.550000000000002709 ) ;
#2330 = EDGE_LOOP ( 'NONE', ( #622, #953, #626, #1812 ) ) ;
#2331 = DIRECTION ( 'NONE',  ( 0.000000000000000000, 1.000000000000000000, 0.000000000000000000 ) ) ;
#2332 = CONICAL_SURFACE ( 'NONE', #1276, 2.550000000000024691, 0.7853981633974566057 ) ;
#2333 = ORIENTED_EDGE ( 'NONE', *, *, #2084, .F. ) ;
#2334 = EDGE_CURVE ( 'NONE', #2713, #2659, #1810, .T. ) ;
#2335 = AXIS2_PLACEMENT_3D ( 'NONE', #134, #2996, #916 ) ;
#2336 = LINE ( 'NONE', #2657, #2892 ) ;
#2337 = DIRECTION ( 'NONE',  ( -0.000000000000000000, -1.000000000000000000, -0.000000000000000000 ) ) ;
#2338 = AXIS2_PLACEMENT_3D ( 'NONE', #310, #2337, #1007 ) ;
#2339 = VERTEX_POINT ( 'NONE', #791 ) ;
#2340 = ORIENTED_EDGE ( 'NONE', *, *, #406, .F. ) ;
#2341 = FACE_OUTER_BOUND ( 'NONE', #971, .T. ) ;
#2342 = CIRCLE ( 'NONE', #585, 5.932910046942940774 ) ;
#2343 = LINE ( 'NONE', #2375, #3181 ) ;
#2344 = AXIS2_PLACEMENT_3D ( 'NONE', #1761, #2841, #451 ) ;
#2345 = EDGE_LOOP ( 'NONE', ( #1542, #1580 ) ) ;
#2346 = ORIENTED_EDGE ( 'NONE', *, *, #3028, .F. ) ;
#2347 = VECTOR ( 'NONE', #1190, 1000.000000000000227 ) ;
#2348 = DIRECTION ( 'NONE',  ( -0.000000000000000000, -1.000000000000000000, -0.000000000000000000 ) ) ;
#2349 = CARTESIAN_POINT ( 'NONE',  ( 47.93577849517378553, 2.000000000000000000, -32.04320155179978258 ) ) ;
#2350 = AXIS2_PLACEMENT_3D ( 'NONE', #624, #416, #2716 ) ;
#2351 = AXIS2_PLACEMENT_3D ( 'NONE', #1136, #3268, #2165 ) ;
#2352 = ORIENTED_EDGE ( 'NONE', *, *, #3343, .T. ) ;
#2353 = DIRECTION ( 'NONE',  ( 0.9063077870366512689, 0.000000000000000000, -0.4226182617406969433 ) ) ;
#2354 = AXIS2_PLACEMENT_3D ( 'NONE', #77, #675, #2223 ) ;
#2355 = DIRECTION ( 'NONE',  ( 0.000000000000000000, 1.000000000000000000, -0.000000000000000000 ) ) ;
#2356 = DIRECTION ( 'NONE',  ( -0.000000000000000000, -1.000000000000000000, -0.000000000000000000 ) ) ;
#2357 = ADVANCED_FACE ( 'NONE', ( #499 ), #2109, .F. ) ;
#2358 = EDGE_LOOP ( 'NONE', ( #65, #621, #2373, #563 ) ) ;
#2359 = ORIENTED_EDGE ( 'NONE', *, *, #2580, .F. ) ;
#2360 = ADVANCED_FACE ( 'NONE', ( #1568 ), #241, .F. ) ;
#2361 = CARTESIAN_POINT ( 'NONE',  ( 42.00000000000000000, 0.000000000000000000, 50.00000000000000000 ) ) ;
#2362 = DIRECTION ( 'NONE',  ( 0.000000000000000000, 0.000000000000000000, -1.000000000000000000 ) ) ;
#2363 = ORIENTED_EDGE ( 'NONE', *, *, #1714, .F. ) ;
#2364 = EDGE_CURVE ( 'NONE', #2275, #3367, #2286, .T. ) ;
#2365 = DIRECTION ( 'NONE',  ( -0.000000000000000000, -1.000000000000000000, -0.000000000000000000 ) ) ;
#2366 = FACE_OUTER_BOUND ( 'NONE', #2533, .T. ) ;
#2367 = CARTESIAN_POINT ( 'NONE',  ( 42.00000000000000000, 2.000000000000000000, -56.46100436089233909 ) ) ;
#2368 = EDGE_CURVE ( 'NONE', #2848, #3206, #1449, .T. ) ;
#2369 = VERTEX_POINT ( 'NONE', #3395 ) ;
#2370 = FACE_OUTER_BOUND ( 'NONE', #860, .T. ) ;
#2371 = DIRECTION ( 'NONE',  ( -0.000000000000000000, -1.000000000000000000, -0.000000000000000000 ) ) ;
#2372 = CARTESIAN_POINT ( 'NONE',  ( 27.99999999999999645, 2.000000000000000000, -29.54999999999999716 ) ) ;
#2373 = ORIENTED_EDGE ( 'NONE', *, *, #2726, .F. ) ;
#2374 = CARTESIAN_POINT ( 'NONE',  ( -18.30049045133073449, 0.000000000000000000, 31.00418501571296659 ) ) ;
#2375 = CARTESIAN_POINT ( 'NONE',  ( 47.93577849517378553, -0.01000000000000000021, -32.04320155179978258 ) ) ;
#2376 = VERTEX_POINT ( 'NONE', #1603 ) ;
#2377 = EDGE_CURVE ( 'NONE', #3142, #2185, #3141, .T. ) ;
#2378 = DIRECTION ( 'NONE',  ( 0.000000000000000000, 1.000000000000000000, 0.000000000000000000 ) ) ;
#2379 = DIRECTION ( 'NONE',  ( 0.000000000000000000, 0.000000000000000000, -1.000000000000000000 ) ) ;
#2380 = CYLINDRICAL_SURFACE ( 'NONE', #1727, 8.500000000000000000 ) ;
#2381 = VERTEX_POINT ( 'NONE', #2973 ) ;
#2382 = DIRECTION ( 'NONE',  ( 0.000000000000000000, 0.000000000000000000, 1.000000000000000000 ) ) ;
#2383 = CARTESIAN_POINT ( 'NONE',  ( 52.10545143312075567, 0.000000000000000000, 43.21127602486691899 ) ) ;
#2384 = AXIS2_PLACEMENT_3D ( 'NONE', #1272, #1288, #2353 ) ;
#2385 = CARTESIAN_POINT ( 'NONE',  ( 42.00000000000000000, 2.000000000000000000, -51.55000000000000426 ) ) ;
#2386 = ORIENTED_EDGE ( 'NONE', *, *, #216, .F. ) ;
#2387 = ORIENTED_EDGE ( 'NONE', *, *, #3049, .F. ) ;
#2388 = DIRECTION ( 'NONE',  ( 0.000000000000000000, 0.000000000000000000, -1.000000000000000000 ) ) ;
#2389 = AXIS2_PLACEMENT_3D ( 'NONE', #824, #1864, #568 ) ;
#2390 = CARTESIAN_POINT ( 'NONE',  ( -5.595871989716768802, 0.000000000000000000, 0.000000000000000000 ) ) ;
#2391 = VECTOR ( 'NONE', #3069, 1000.000000000000000 ) ;
#2392 = ORIENTED_EDGE ( 'NONE', *, *, #2148, .T. ) ;
#2393 = CARTESIAN_POINT ( 'NONE',  ( -47.93577849517395606, 2.000000000000000000, -32.04320155179983232 ) ) ;
#2394 = DIRECTION ( 'NONE',  ( -0.000000000000000000, -1.000000000000000000, -0.000000000000000000 ) ) ;
#2395 = DIRECTION ( 'NONE',  ( 0.000000000000000000, 0.000000000000000000, -1.000000000000000000 ) ) ;
#2396 = CIRCLE ( 'NONE', #1956, 1.550000000000002709 ) ;
#2397 = EDGE_CURVE ( 'NONE', #2755, #3208, #2711, .T. ) ;
#2398 = ORIENTED_EDGE ( 'NONE', *, *, #679, .F. ) ;
#2399 = CIRCLE ( 'NONE', #2856, 8.500000000000000000 ) ;
#2400 = DIRECTION ( 'NONE',  ( -0.000000000000000000, -1.000000000000000000, -0.000000000000000000 ) ) ;
#2401 = VERTEX_POINT ( 'NONE', #637 ) ;
#2402 = AXIS2_PLACEMENT_3D ( 'NONE', #867, #2637, #10 ) ;
#2403 = VERTEX_POINT ( 'NONE', #73 ) ;
#2404 = AXIS2_PLACEMENT_3D ( 'NONE', #1993, #1203, #3056 ) ;
#2405 = AXIS2_PLACEMENT_3D ( 'NONE', #2374, #20, #2151 ) ;
#2406 = DIRECTION ( 'NONE',  ( 0.000000000000000000, 1.000000000000000000, 0.000000000000000000 ) ) ;
#2407 = CARTESIAN_POINT ( 'NONE',  ( -41.46870134679152642, 0.000000000000000000, 26.82934345515319308 ) ) ;
#2408 = ORIENTED_EDGE ( 'NONE', *, *, #1339, .F. ) ;
#2409 = ORIENTED_EDGE ( 'NONE', *, *, #1981, .T. ) ;
#2410 = CARTESIAN_POINT ( 'NONE',  ( -27.99999999999970157, 2.000000000000000000, -28.00000000000029132 ) ) ;
#2411 = CARTESIAN_POINT ( 'NONE',  ( 29.63023121364310697, 2.000000000000000000, 18.64474049546983281 ) ) ;
#2412 = CARTESIAN_POINT ( 'NONE',  ( 0.000000000000000000, 2.000000000000000000, -4.595871989716768802 ) ) ;
#2413 = ORIENTED_EDGE ( 'NONE', *, *, #484, .T. ) ;
#2414 = CARTESIAN_POINT ( 'NONE',  ( 29.63023121364310697, 0.000000000000000000, -18.64474049546982926 ) ) ;
#2415 = CARTESIAN_POINT ( 'NONE',  ( 0.000000000000000000, 0.000000000000000000, -4.595871989716768802 ) ) ;
#2416 = LINE ( 'NONE', #2367, #2124 ) ;
#2417 = VERTEX_POINT ( 'NONE', #1113 ) ;
#2418 = DIRECTION ( 'NONE',  ( 0.000000000000000000, 1.000000000000000000, 0.000000000000000000 ) ) ;
#2419 = VECTOR ( 'NONE', #670, 1000.000000000000000 ) ;
#2420 = VECTOR ( 'NONE', #1180, 1000.000000000000000 ) ;
#2421 = ADVANCED_FACE ( 'NONE', ( #1672 ), #308, .F. ) ;
#2422 = LINE ( 'NONE', #1935, #1212 ) ;
#2423 = DIRECTION ( 'NONE',  ( 0.000000000000000000, -1.000000000000000000, 0.000000000000000000 ) ) ;
#2424 = ADVANCED_FACE ( 'NONE', ( #1166 ), #2748, .F. ) ;
#2425 = ORIENTED_EDGE ( 'NONE', *, *, #2754, .T. ) ;
#2426 = EDGE_CURVE ( 'NONE', #1315, #3079, #1234, .T. ) ;
#2427 = CARTESIAN_POINT ( 'NONE',  ( 18.64474049546984347, 2.000000000000000000, -29.63023121364310342 ) ) ;
#2428 = DIRECTION ( 'NONE',  ( 0.000000000000000000, -1.000000000000000000, 0.000000000000000000 ) ) ;
#2429 = ORIENTED_EDGE ( 'NONE', *, *, #493, .T. ) ;
#2430 = CARTESIAN_POINT ( 'NONE',  ( -28.00000000000019185, 2.000000000000000000, 27.99999999999980460 ) ) ;
#2431 = CYLINDRICAL_SURFACE ( 'NONE', #1332, 1.000000000000000888 ) ;
#2432 = FACE_BOUND ( 'NONE', #2045, .T. ) ;
#2433 = AXIS2_PLACEMENT_3D ( 'NONE', #602, #2727, #2746 ) ;
#2434 = ORIENTED_EDGE ( 'NONE', *, *, #216, .T. ) ;
#2435 = EDGE_LOOP ( 'NONE', ( #1194, #386, #1691, #2363 ) ) ;
#2436 = DIRECTION ( 'NONE',  ( 0.000000000000000000, 1.000000000000000000, -0.000000000000000000 ) ) ;
#2437 = AXIS2_PLACEMENT_3D ( 'NONE', #2782, #2355, #1060 ) ;
#2438 = CARTESIAN_POINT ( 'NONE',  ( -29.63023121364311052, 0.000000000000000000, 18.64474049546982926 ) ) ;
#2439 = CARTESIAN_POINT ( 'NONE',  ( -31.84940921072723086, 0.000000000000000000, 17.71713124747152435 ) ) ;
#2440 = EDGE_CURVE ( 'NONE', #276, #910, #326, .T. ) ;
#2441 = EDGE_LOOP ( 'NONE', ( #2023, #1417, #179, #244 ) ) ;
#2443 = ORIENTED_EDGE ( 'NONE', *, *, #738, .F. ) ;
#2442 = AXIS2_PLACEMENT_3D ( 'NONE', #434, #676, #2770 ) ;
#2444 = CYLINDRICAL_SURFACE ( 'NONE', #755, 1.000000000000000888 ) ;
#2445 = DIRECTION ( 'NONE',  ( 0.000000000000000000, 1.000000000000000000, 0.000000000000000000 ) ) ;
#2446 = EDGE_CURVE ( 'NONE', #1871, #1201, #204, .T. ) ;
#2447 = SURFACE_STYLE_USAGE ( .BOTH. , #1382 ) ;
#2448 = AXIS2_PLACEMENT_3D ( 'NONE', #2263, #1163, #3039 ) ;
#2449 = VERTEX_POINT ( 'NONE', #2439 ) ;
#2450 = CIRCLE ( 'NONE', #2847, 37.42950504792256794 ) ;
#2451 = CARTESIAN_POINT ( 'NONE',  ( 42.00000000000000000, 2.000000000000000000, -50.00000000000000000 ) ) ;
#2452 = CARTESIAN_POINT ( 'NONE',  ( 27.99999999999990408, 2.000000000000000000, 26.45000000000009521 ) ) ;
#2453 = VECTOR ( 'NONE', #1364, 999.9999999999998863 ) ;
#2454 = VERTEX_POINT ( 'NONE', #2956 ) ;
#2455 = CIRCLE ( 'NONE', #960, 6.461004360892336429 ) ;
#2456 = VERTEX_POINT ( 'NONE', #1412 ) ;
#2457 = LINE ( 'NONE', #106, #954 ) ;
#2458 = VECTOR ( 'NONE', #1246, 1000.000000000000000 ) ;
#2460 = EDGE_LOOP ( 'NONE', ( #751, #1471, #1056, #2259 ) ) ;
#2459 = AXIS2_PLACEMENT_3D ( 'NONE', #1304, #28, #2395 ) ;
#2461 = CARTESIAN_POINT ( 'NONE',  ( -28.00000000000019185, 0.000000000000000000, 27.99999999999980460 ) ) ;
#2462 = LINE ( 'NONE', #2146, #582 ) ;
#2463 = CIRCLE ( 'NONE', #2521, 1.550000000000002709 ) ;
#2464 = CIRCLE ( 'NONE', #706, 1.549999999999995826 ) ;
#2465 = ORIENTED_EDGE ( 'NONE', *, *, #6, .F. ) ;
#2466 = LINE ( 'NONE', #3253, #3236 ) ;
#2467 = CARTESIAN_POINT ( 'NONE',  ( 3.469446951953614189E-15, 2.000000000000000000, 5.595871989716768802 ) ) ;
#2468 = EDGE_CURVE ( 'NONE', #2205, #1063, #2232, .T. ) ;
#2469 = LINE ( 'NONE', #1154, #3167 ) ;
#2470 = AXIS2_PLACEMENT_3D ( 'NONE', #2187, #3254, #131 ) ;
#2471 = EDGE_CURVE ( 'NONE', #2833, #175, #150, .T. ) ;
#2472 = EDGE_LOOP ( 'NONE', ( #293, #659 ) ) ;
#2473 = LINE ( 'NONE', #2260, #3298 ) ;
#2474 = DIRECTION ( 'NONE',  ( 0.000000000000000000, 0.000000000000000000, -1.000000000000000000 ) ) ;
#2475 = FACE_BOUND ( 'NONE', #2884, .T. ) ;
#2476 = EDGE_CURVE ( 'NONE', #2456, #3079, #1377, .T. ) ;
#2477 = EDGE_LOOP ( 'NONE', ( #2171, #144 ) ) ;
#2478 = EDGE_CURVE ( 'NONE', #3274, #2454, #2462, .T. ) ;
#2479 = LINE ( 'NONE', #1735, #1066 ) ;
#2480 = ORIENTED_EDGE ( 'NONE', *, *, #1314, .T. ) ;
#2481 = DIRECTION ( 'NONE',  ( -0.000000000000000000, -1.000000000000000000, -0.000000000000000000 ) ) ;
#2482 = ORIENTED_EDGE ( 'NONE', *, *, #1144, .F. ) ;
#2483 = DIRECTION ( 'NONE',  ( 0.000000000000000000, 0.000000000000000000, -1.000000000000000000 ) ) ;
#2484 = AXIS2_PLACEMENT_3D ( 'NONE', #1360, #2710, #126 ) ;
#2485 = ORIENTED_EDGE ( 'NONE', *, *, #1865, .T. ) ;
#2486 = PRODUCT ( '电池板_缩小版_Gen.4', '电池板_缩小版_Gen.4', '', ( #3350 ) ) ;
#2487 = CARTESIAN_POINT ( 'NONE',  ( 13.83997312679163016, 0.000000000000000000, -33.11069557317927092 ) ) ;
#2488 = CARTESIAN_POINT ( 'NONE',  ( 36.00000000000000711, 0.000000000000000000, -43.00000000000000000 ) ) ;
#2489 = ORIENTED_EDGE ( 'NONE', *, *, #282, .T. ) ;
#2490 = DIRECTION ( 'NONE',  ( -0.000000000000000000, -1.000000000000000000, 0.000000000000000000 ) ) ;
#2491 = DIRECTION ( 'NONE',  ( 0.9063077870366510469, 0.000000000000000000, 0.4226182617406972208 ) ) ;
#2492 = DIRECTION ( 'NONE',  ( 0.000000000000000000, 0.000000000000000000, -1.000000000000000000 ) ) ;
#2493 = EDGE_CURVE ( 'NONE', #1715, #2659, #1395, .T. ) ;
#2494 = ORIENTED_EDGE ( 'NONE', *, *, #2551, .F. ) ;
#2495 = DIRECTION ( 'NONE',  ( 0.000000000000000000, 0.000000000000000000, -1.000000000000000000 ) ) ;
#2496 = EDGE_CURVE ( 'NONE', #3212, #31, #1073, .T. ) ;
#2497 = VECTOR ( 'NONE', #1165, 1000.000000000000000 ) ;
#2498 = DIRECTION ( 'NONE',  ( 0.000000000000000000, 0.000000000000000000, 1.000000000000000000 ) ) ;
#2499 = VECTOR ( 'NONE', #460, 1000.000000000000000 ) ;
#2500 = CARTESIAN_POINT ( 'NONE',  ( 17.93264139703264348, 2.000000000000000000, -31.93407053192019873 ) ) ;
#2501 = ORIENTED_EDGE ( 'NONE', *, *, #3305, .F. ) ;
#2502 = FACE_OUTER_BOUND ( 'NONE', #821, .T. ) ;
#2503 = CARTESIAN_POINT ( 'NONE',  ( -41.99999999999997158, 0.000000000000000000, 47.44999999999998863 ) ) ;
#2504 = ORIENTED_EDGE ( 'NONE', *, *, #3193, .F. ) ;
#2505 = CARTESIAN_POINT ( 'NONE',  ( 37.70979698305709604, 2.000000000000000000, -54.83101805263473949 ) ) ;
#2506 = CARTESIAN_POINT ( 'NONE',  ( 56.96870134679145536, -0.01000000000000000021, 36.25532265303235846 ) ) ;
#2507 = AXIS2_PLACEMENT_3D ( 'NONE', #375, #1931, #1094 ) ;
#2508 = FACE_OUTER_BOUND ( 'NONE', #253, .T. ) ;
#2509 = ORIENTED_EDGE ( 'NONE', *, *, #2901, .F. ) ;
#2510 = AXIS2_PLACEMENT_3D ( 'NONE', #1108, #2155, #1891 ) ;
#2511 = VERTEX_POINT ( 'NONE', #2696 ) ;
#2512 = FACE_OUTER_BOUND ( 'NONE', #2133, .T. ) ;
#2513 = CIRCLE ( 'NONE', #2115, 1.550000000000002709 ) ;
#2514 = EDGE_CURVE ( 'NONE', #1596, #1539, #1951, .T. ) ;
#2515 = AXIS2_PLACEMENT_3D ( 'NONE', #425, #2562, #1241 ) ;
#2516 = CARTESIAN_POINT ( 'NONE',  ( -1.431935647123593981E-14, 2.000000000000000000, 77.26598944702274707 ) ) ;
#2517 = EDGE_LOOP ( 'NONE', ( #1788, #1362, #1002, #1096, #2697, #473, #2443, #1744, #1811, #3301, #2387, #1045, #1783, #1266, #1578, #1574, #843, #1995, #2660, #2958, #1461, #2392, #1916, #2785, #615, #381, #322 ) ) ;
#2518 = DIRECTION ( 'NONE',  ( 0.000000000000000000, 0.000000000000000000, -1.000000000000000000 ) ) ;
#2519 = VECTOR ( 'NONE', #2013, 1000.000000000000114 ) ;
#2520 = ORIENTED_EDGE ( 'NONE', *, *, #343, .F. ) ;
#2521 = AXIS2_PLACEMENT_3D ( 'NONE', #830, #2378, #26 ) ;
#2522 = DIRECTION ( 'NONE',  ( 0.8098500281752961660, 0.000000000000000000, -0.5866369676933700372 ) ) ;
#2523 = CARTESIAN_POINT ( 'NONE',  ( -1.431935647123593981E-14, 2.000000000000000000, 77.26598944702274707 ) ) ;
#2524 = CIRCLE ( 'NONE', #1193, 1.000000000000000888 ) ;
#2525 = VECTOR ( 'NONE', #1923, 1000.000000000000000 ) ;
#2526 = CIRCLE ( 'NONE', #2405, 1.000000000000000888 ) ;
#2527 = ORIENTED_EDGE ( 'NONE', *, *, #989, .T. ) ;
#2528 = CARTESIAN_POINT ( 'NONE',  ( -77.26598944702276128, 0.000000000000000000, 2.182977076798671060E-15 ) ) ;
#2529 = VERTEX_POINT ( 'NONE', #1655 ) ;
#2530 = DIRECTION ( 'NONE',  ( 0.5866369676933700372, 0.000000000000000000, 0.8098500281752961660 ) ) ;
#2531 = CYLINDRICAL_SURFACE ( 'NONE', #750, 37.42950504792256083 ) ;
#2532 = CARTESIAN_POINT ( 'NONE',  ( 18.30049045133074515, 2.000000000000000000, -32.00418501571296304 ) ) ;
#2533 = EDGE_LOOP ( 'NONE', ( #2630, #1875, #3034, #1297 ) ) ;
#2534 = CARTESIAN_POINT ( 'NONE',  ( 19.05905996079310327, 2.000000000000000000, -0.8029953229256245884 ) ) ;
#2535 = ADVANCED_FACE ( 'NONE', ( #603 ), #1132, .F. ) ;
#2536 = CARTESIAN_POINT ( 'NONE',  ( -52.10545143312094041, 2.000000000000000000, -43.21127602486698294 ) ) ;
#2537 = ADVANCED_FACE ( 'NONE', ( #2183 ), #2765, .F. ) ;
#2538 = ORIENTED_EDGE ( 'NONE', *, *, #2877, .T. ) ;
#2539 = EDGE_CURVE ( 'NONE', #1281, #1004, #397, .T. ) ;
#2540 = ORIENTED_EDGE ( 'NONE', *, *, #1340, .T. ) ;
#2541 = CARTESIAN_POINT ( 'NONE',  ( 42.00000000000000000, 2.000000000000000000, 48.45000000000000284 ) ) ;
#2542 = CARTESIAN_POINT ( 'NONE',  ( -47.89998255393140170, 2.000000000000000000, 52.63339765602871978 ) ) ;
#2543 = ORIENTED_EDGE ( 'NONE', *, *, #683, .T. ) ;
#2544 = DIRECTION ( 'NONE',  ( 0.4075833274418365071, -0.000000000000000000, 0.9131680191462251406 ) ) ;
#2545 = LINE ( 'NONE', #232, #1396 ) ;
#2546 = CIRCLE ( 'NONE', #1428, 1.550000000000002709 ) ;
#2547 = CYLINDRICAL_SURFACE ( 'NONE', #557, 6.461004360892398601 ) ;
#2548 = CARTESIAN_POINT ( 'NONE',  ( -19.01468478763709413, 2.000000000000000000, -30.56084154097699823 ) ) ;
#2549 = AXIS2_PLACEMENT_3D ( 'NONE', #382, #1169, #3281 ) ;
#2550 = DIRECTION ( 'NONE',  ( -0.5866369676933700372, 0.000000000000000000, -0.8098500281752961660 ) ) ;
#2551 = EDGE_CURVE ( 'NONE', #3367, #1686, #97, .T. ) ;
#2552 = CIRCLE ( 'NONE', #2102, 2.549999999999968736 ) ;
#2553 = ORIENTED_EDGE ( 'NONE', *, *, #2631, .T. ) ;
#2554 = EDGE_CURVE ( 'NONE', #3113, #570, #2179, .T. ) ;
#2555 = DIRECTION ( 'NONE',  ( 0.000000000000000000, 1.000000000000000000, 0.000000000000000000 ) ) ;
#2556 = DIRECTION ( 'NONE',  ( -0.000000000000000000, 1.000000000000000000, -0.000000000000000000 ) ) ;
#2557 = STYLED_ITEM ( 'NONE', ( #95 ), #2303 ) ;
#2558 = ORIENTED_EDGE ( 'NONE', *, *, #1595, .T. ) ;
#2559 = VERTEX_POINT ( 'NONE', #1214 ) ;
#2560 = AXIS2_PLACEMENT_3D ( 'NONE', #1409, #3080, #3322 ) ;
#2561 = DIRECTION ( 'NONE',  ( -0.000000000000000000, -1.000000000000000000, 0.000000000000000000 ) ) ;
#2562 = DIRECTION ( 'NONE',  ( -0.000000000000000000, -1.000000000000000000, -0.000000000000000000 ) ) ;
#2563 = AXIS2_PLACEMENT_3D ( 'NONE', #2085, #1784, #3115 ) ;
#2564 = DIRECTION ( 'NONE',  ( -0.000000000000000000, -1.000000000000000000, -0.000000000000000000 ) ) ;
#2565 = VERTEX_POINT ( 'NONE', #924 ) ;
#2566 = DIRECTION ( 'NONE',  ( -0.000000000000000000, -1.000000000000000000, -0.000000000000000000 ) ) ;
#2567 = VERTEX_POINT ( 'NONE', #174 ) ;
#2568 = VERTEX_POINT ( 'NONE', #2252 ) ;
#2569 = AXIS2_PLACEMENT_3D ( 'NONE', #341, #3005, #2483 ) ;
#2570 = DIRECTION ( 'NONE',  ( -0.000000000000000000, -1.000000000000000000, -0.000000000000000000 ) ) ;
#2571 = LINE ( 'NONE', #481, #1392 ) ;
#2572 = AXIS2_PLACEMENT_3D ( 'NONE', #2139, #1541, #562 ) ;
#2573 = CIRCLE ( 'NONE', #1081, 1.549999999999999378 ) ;
#2574 = AXIS2_PLACEMENT_3D ( 'NONE', #1712, #744, #2044 ) ;
#2575 = ORIENTED_EDGE ( 'NONE', *, *, #303, .T. ) ;
#2576 = EDGE_CURVE ( 'NONE', #775, #975, #2961, .T. ) ;
#2577 = DIRECTION ( 'NONE',  ( -0.000000000000000000, -1.000000000000000000, -0.000000000000000000 ) ) ;
#2578 = FACE_BOUND ( 'NONE', #1205, .T. ) ;
#2579 = VECTOR ( 'NONE', #283, 1000.000000000000000 ) ;
#2580 = EDGE_CURVE ( 'NONE', #1617, #3095, #1199, .T. ) ;
#2581 = CIRCLE ( 'NONE', #3248, 6.461004360892371068 ) ;
#2582 = EDGE_CURVE ( 'NONE', #2559, #3138, #688, .T. ) ;
#2583 = ORIENTED_EDGE ( 'NONE', *, *, #2539, .T. ) ;
#2584 = CARTESIAN_POINT ( 'NONE',  ( -29.63023121364311052, 2.000000000000000000, 18.64474049546982926 ) ) ;
#2585 = DIRECTION ( 'NONE',  ( -0.000000000000000000, -1.000000000000000000, -0.000000000000000000 ) ) ;
#2586 = ADVANCED_FACE ( 'NONE', ( #191 ), #411, .F. ) ;
#2587 = EDGE_CURVE ( 'NONE', #718, #1286, #431, .T. ) ;
#2588 = EDGE_LOOP ( 'NONE', ( #109, #1196, #926, #2323 ) ) ;
#2589 = CARTESIAN_POINT ( 'NONE',  ( 18.30049045133074515, 2.000000000000000000, -31.00418501571296659 ) ) ;
#2590 = CYLINDRICAL_SURFACE ( 'NONE', #858, 1.550000000000002709 ) ;
#2591 = VERTEX_POINT ( 'NONE', #2006 ) ;
#2592 = CARTESIAN_POINT ( 'NONE',  ( -44.34352327037802155, 2.000000000000000000, 39.74681774161137326 ) ) ;
#2593 = DIRECTION ( 'NONE',  ( -0.000000000000000000, -1.000000000000000000, -0.000000000000000000 ) ) ;
#2594 = ORIENTED_EDGE ( 'NONE', *, *, #3082, .T. ) ;
#2595 = VERTEX_POINT ( 'NONE', #717 ) ;
#2596 = LINE ( 'NONE', #227, #2070 ) ;
#2597 = FACE_BOUND ( 'NONE', #2994, .T. ) ;
#2598 = EDGE_LOOP ( 'NONE', ( #3299, #2885, #2230, #825 ) ) ;
#2599 = FACE_OUTER_BOUND ( 'NONE', #1077, .T. ) ;
#2600 = DIRECTION ( 'NONE',  ( 0.000000000000000000, 1.000000000000000000, 0.000000000000000000 ) ) ;
#2601 = EDGE_CURVE ( 'NONE', #1310, #1763, #936, .T. ) ;
#2602 = ORIENTED_EDGE ( 'NONE', *, *, #1569, .T. ) ;
#2603 = ORIENTED_EDGE ( 'NONE', *, *, #2212, .F. ) ;
#2604 = EDGE_CURVE ( 'NONE', #220, #2015, #705, .T. ) ;
#2605 = CARTESIAN_POINT ( 'NONE',  ( -31.99999999999997868, 0.000000000000000000, 42.00000000000001421 ) ) ;
#2606 = EDGE_LOOP ( 'NONE', ( #1919, #1611, #2747, #725 ) ) ;
#2607 = ORIENTED_EDGE ( 'NONE', *, *, #1097, .F. ) ;
#2608 = DIRECTION ( 'NONE',  ( 0.000000000000000000, -1.000000000000000000, 0.000000000000000000 ) ) ;
#2609 = CARTESIAN_POINT ( 'NONE',  ( -47.89998255393140170, 2.000000000000000000, -52.63339765602871978 ) ) ;
#2610 = ORIENTED_EDGE ( 'NONE', *, *, #1590, .T. ) ;
#2611 = VERTEX_POINT ( 'NONE', #142 ) ;
#2612 = DIRECTION ( 'NONE',  ( 0.000000000000000000, 0.000000000000000000, -1.000000000000000000 ) ) ;
#2613 = DIRECTION ( 'NONE',  ( -0.000000000000000000, 1.000000000000000000, -0.000000000000000000 ) ) ;
#2614 = ORIENTED_EDGE ( 'NONE', *, *, #638, .T. ) ;
#2615 = LINE ( 'NONE', #218, #2789 ) ;
#2616 = DIRECTION ( 'NONE',  ( 0.000000000000000000, 0.000000000000000000, 1.000000000000000000 ) ) ;
#2617 = ORIENTED_EDGE ( 'NONE', *, *, #2292, .T. ) ;
#2618 = VERTEX_POINT ( 'NONE', #2300 ) ;
#2619 = EDGE_CURVE ( 'NONE', #3352, #2271, #1133, .T. ) ;
#2620 = CYLINDRICAL_SURFACE ( 'NONE', #3226, 0.9999999999999974465 ) ;
#2621 = VERTEX_POINT ( 'NONE', #2284 ) ;
#2622 = ORIENTED_EDGE ( 'NONE', *, *, #2734, .F. ) ;
#2623 = AXIS2_PLACEMENT_3D ( 'NONE', #2949, #1613, #2669 ) ;
#2624 = EDGE_CURVE ( 'NONE', #3296, #2881, #1285, .T. ) ;
#2625 = CARTESIAN_POINT ( 'NONE',  ( -17.71713124747153145, 0.000000000000000000, -31.84940921072723796 ) ) ;
#2626 = FACE_OUTER_BOUND ( 'NONE', #596, .T. ) ;
#2627 = AXIS2_PLACEMENT_3D ( 'NONE', #1848, #2356, #259 ) ;
#2628 = ORIENTED_EDGE ( 'NONE', *, *, #2214, .T. ) ;
#2629 = ORIENTED_EDGE ( 'NONE', *, *, #784, .T. ) ;
#2630 = ORIENTED_EDGE ( 'NONE', *, *, #1295, .F. ) ;
#2631 = EDGE_CURVE ( 'NONE', #60, #2015, #1741, .T. ) ;
#2632 = DIRECTION ( 'NONE',  ( 0.000000000000000000, 1.000000000000000000, -0.000000000000000000 ) ) ;
#2633 = CIRCLE ( 'NONE', #3121, 1.549999999999995826 ) ;
#2634 = CYLINDRICAL_SURFACE ( 'NONE', #1901, 1.549999999999999378 ) ;
#2635 = AXIS2_PLACEMENT_3D ( 'NONE', #2542, #1730, #3354 ) ;
#2636 = ORIENTED_EDGE ( 'NONE', *, *, #390, .T. ) ;
#2637 = DIRECTION ( 'NONE',  ( 0.000000000000000000, 1.000000000000000000, 0.000000000000000000 ) ) ;
#2638 = AXIS2_PLACEMENT_3D ( 'NONE', #723, #3332, #3059 ) ;
#2639 = DIRECTION ( 'NONE',  ( 0.000000000000000000, 0.000000000000000000, -1.000000000000000000 ) ) ;
#2640 = CARTESIAN_POINT ( 'NONE',  ( 44.34352327037784391, 2.000000000000000000, 39.74681774161130932 ) ) ;
#2641 = ORIENTED_EDGE ( 'NONE', *, *, #2924, .T. ) ;
#2642 = DIRECTION ( 'NONE',  ( 0.000000000000000000, 0.000000000000000000, -1.000000000000000000 ) ) ;
#2643 = CARTESIAN_POINT ( 'NONE',  ( 30.56084154097699113, 0.000000000000000000, -19.01468478763709413 ) ) ;
#2644 = DIRECTION ( 'NONE',  ( 0.000000000000000000, 0.000000000000000000, -1.000000000000000000 ) ) ;
#2645 = EDGE_CURVE ( 'NONE', #2529, #1829, #3393, .T. ) ;
#2646 = ORIENTED_EDGE ( 'NONE', *, *, #1587, .T. ) ;
#2647 = EDGE_LOOP ( 'NONE', ( #1748, #3266 ) ) ;
#2648 = DIRECTION ( 'NONE',  ( 0.000000000000000000, 0.000000000000000000, -1.000000000000000000 ) ) ;
#2649 = EDGE_CURVE ( 'NONE', #1596, #1623, #1505, .T. ) ;
#2650 = LINE ( 'NONE', #21, #591 ) ;
#2651 = ORIENTED_EDGE ( 'NONE', *, *, #2862, .T. ) ;
#2652 = CARTESIAN_POINT ( 'NONE',  ( -35.99999999999999289, 2.000000000000000000, -41.44999999999998863 ) ) ;
#2653 = CARTESIAN_POINT ( 'NONE',  ( -31.00418501571298435, 2.000000000000000000, -18.30049045133075580 ) ) ;
#2654 = CARTESIAN_POINT ( 'NONE',  ( 31.93407053192020584, 2.000000000000000000, 17.93264139703263282 ) ) ;
#2655 = ORIENTED_EDGE ( 'NONE', *, *, #738, .T. ) ;
#2656 = DIRECTION ( 'NONE',  ( -0.000000000000000000, -1.000000000000000000, -0.000000000000000000 ) ) ;
#2657 = CARTESIAN_POINT ( 'NONE',  ( 27.99999999999999645, 2.000000000000000000, -26.45000000000000639 ) ) ;
#2658 = CARTESIAN_POINT ( 'NONE',  ( -18.64474049546983281, 2.000000000000000000, -29.63023121364311052 ) ) ;
#2659 = VERTEX_POINT ( 'NONE', #443 ) ;
#2660 = ORIENTED_EDGE ( 'NONE', *, *, #2877, .F. ) ;
#2661 = AXIS2_PLACEMENT_3D ( 'NONE', #550, #3156, #2089 ) ;
#2662 = FACE_OUTER_BOUND ( 'NONE', #914, .T. ) ;
#2663 = ADVANCED_FACE ( 'NONE', ( #1752 ), #2830, .F. ) ;
#2664 = DIRECTION ( 'NONE',  ( 0.000000000000000000, 0.000000000000000000, -1.000000000000000000 ) ) ;
#2665 = VECTOR ( 'NONE', #111, 1000.000000000000000 ) ;
#2666 = EDGE_CURVE ( 'NONE', #819, #3213, #3362, .T. ) ;
#2667 = ORIENTED_EDGE ( 'NONE', *, *, #2986, .T. ) ;
#2668 = ORIENTED_EDGE ( 'NONE', *, *, #1841, .F. ) ;
#2669 = DIRECTION ( 'NONE',  ( 0.000000000000000000, 0.000000000000000000, 1.000000000000000000 ) ) ;
#2670 = CARTESIAN_POINT ( 'NONE',  ( -52.10545143312094041, 0.000000000000000000, -43.21127602486698294 ) ) ;
#2671 = ORIENTED_EDGE ( 'NONE', *, *, #3217, .T. ) ;
#2672 = CARTESIAN_POINT ( 'NONE',  ( 42.00000000000000000, 2.000000000000000000, 50.00000000000000000 ) ) ;
#2673 = DIRECTION ( 'NONE',  ( 0.8098500281752961660, 0.000000000000000000, -0.5866369676933699262 ) ) ;
#2674 = CIRCLE ( 'NONE', #2448, 1.550000000000002709 ) ;
#2675 = DIRECTION ( 'NONE',  ( 0.000000000000000000, 0.000000000000000000, -1.000000000000000000 ) ) ;
#2676 = ORIENTED_EDGE ( 'NONE', *, *, #2426, .F. ) ;
#2677 = VECTOR ( 'NONE', #3372, 1000.000000000000114 ) ;
#2678 = ORIENTED_EDGE ( 'NONE', *, *, #3151, .T. ) ;
#2679 = PLANE ( 'NONE',  #1733 ) ;
#2680 = VECTOR ( 'NONE', #650, 1000.000000000000000 ) ;
#2681 = CARTESIAN_POINT ( 'NONE',  ( -42.00000000000000000, 2.000000000000000000, -56.46100436089236752 ) ) ;
#2682 = AXIS2_PLACEMENT_3D ( 'NONE', #1260, #1003, #2315 ) ;
#2683 = EDGE_LOOP ( 'NONE', ( #1633, #2434, #1888, #1525 ) ) ;
#2684 = LINE ( 'NONE', #2414, #1458 ) ;
#2685 = DIRECTION ( 'NONE',  ( 0.000000000000000000, 0.000000000000000000, -1.000000000000000000 ) ) ;
#2686 = DIRECTION ( 'NONE',  ( 0.000000000000000000, 0.000000000000000000, 1.000000000000000000 ) ) ;
#2687 = VECTOR ( 'NONE', #320, 1000.000000000000114 ) ;
#2688 = EDGE_CURVE ( 'NONE', #3206, #769, #1769, .T. ) ;
#2689 = ORIENTED_EDGE ( 'NONE', *, *, #2649, .T. ) ;
#2690 = AXIS2_PLACEMENT_3D ( 'NONE', #1105, #1367, #1121 ) ;
#2691 = LINE ( 'NONE', #323, #3007 ) ;
#2692 = EDGE_CURVE ( 'NONE', #3208, #587, #1780, .T. ) ;
#2693 = ADVANCED_FACE ( 'NONE', ( #2051 ), #2590, .F. ) ;
#2694 = CIRCLE ( 'NONE', #1682, 1.550000000000002709 ) ;
#2695 = FACE_OUTER_BOUND ( 'NONE', #2714, .T. ) ;
#2696 = CARTESIAN_POINT ( 'NONE',  ( -37.70979698305708183, 2.000000000000000000, 54.83101805263487449 ) ) ;
#2697 = ORIENTED_EDGE ( 'NONE', *, *, #1778, .F. ) ;
#2698 = ORIENTED_EDGE ( 'NONE', *, *, #2397, .F. ) ;
#2699 = FACE_OUTER_BOUND ( 'NONE', #1051, .T. ) ;
#2700 = CARTESIAN_POINT ( 'NONE',  ( -27.99999999999970157, 2.000000000000000000, -28.00000000000029132 ) ) ;
#2701 = ORIENTED_EDGE ( 'NONE', *, *, #805, .F. ) ;
#2702 = DIRECTION ( 'NONE',  ( 0.000000000000000000, 1.000000000000000000, 0.000000000000000000 ) ) ;
#2703 = CYLINDRICAL_SURFACE ( 'NONE', #523, 1.000000000000000888 ) ;
#2704 = CARTESIAN_POINT ( 'NONE',  ( 19.05905996079310327, 0.000000000000000000, -0.8029953229256245884 ) ) ;
#2705 = VERTEX_POINT ( 'NONE', #1791 ) ;
#2706 = VERTEX_POINT ( 'NONE', #1517 ) ;
#2707 = CARTESIAN_POINT ( 'NONE',  ( 27.99999999999999645, 0.000000000000000000, -26.45000000000000639 ) ) ;
#2708 = EDGE_CURVE ( 'NONE', #979, #1437, #222, .T. ) ;
#2709 = ADVANCED_FACE ( 'NONE', ( #2813 ), #2531, .F. ) ;
#2710 = DIRECTION ( 'NONE',  ( -0.000000000000000000, -1.000000000000000000, -0.000000000000000000 ) ) ;
#2711 = LINE ( 'NONE', #1150, #2907 ) ;
#2712 = ORIENTED_EDGE ( 'NONE', *, *, #2018, .T. ) ;
#2713 = VERTEX_POINT ( 'NONE', #440 ) ;
#2714 = EDGE_LOOP ( 'NONE', ( #1035, #1089, #1433, #1711 ) ) ;
#2715 = FACE_OUTER_BOUND ( 'NONE', #438, .T. ) ;
#2716 = DIRECTION ( 'NONE',  ( 0.000000000000000000, 0.000000000000000000, -1.000000000000000000 ) ) ;
#2717 = ORIENTED_EDGE ( 'NONE', *, *, #535, .F. ) ;
#2718 = VERTEX_POINT ( 'NONE', #1513 ) ;
#2719 = LINE ( 'NONE', #2505, #104 ) ;
#2720 = CYLINDRICAL_SURFACE ( 'NONE', #3228, 6.461004360892336429 ) ;
#2721 = CARTESIAN_POINT ( 'NONE',  ( -5.009235022023398543, 8.673617379884035472E-16, 0.8098500281752969432 ) ) ;
#2722 = ORIENTED_EDGE ( 'NONE', *, *, #1491, .F. ) ;
#2723 = CARTESIAN_POINT ( 'NONE',  ( 42.00000000000000000, 2.000000000000000000, -50.00000000000000000 ) ) ;
#2724 = ORIENTED_EDGE ( 'NONE', *, *, #1966, .T. ) ;
#2725 = ORIENTED_EDGE ( 'NONE', *, *, #2081, .F. ) ;
#2726 = EDGE_CURVE ( 'NONE', #2611, #2417, #2633, .T. ) ;
#2727 = DIRECTION ( 'NONE',  ( -0.000000000000000000, -1.000000000000000000, -0.000000000000000000 ) ) ;
#2728 = DIRECTION ( 'NONE',  ( 0.000000000000000000, 0.000000000000000000, 1.000000000000000000 ) ) ;
#2729 = ADVANCED_FACE ( 'NONE', ( #1527 ), #3323, .F. ) ;
#2730 = ORIENTED_EDGE ( 'NONE', *, *, #388, .T. ) ;
#2731 = CARTESIAN_POINT ( 'NONE',  ( 37.70979698305704630, 2.000000000000000000, -54.83101805263486739 ) ) ;
#2732 = DIRECTION ( 'NONE',  ( 0.000000000000000000, 0.000000000000000000, 1.000000000000000000 ) ) ;
#2733 = CYLINDRICAL_SURFACE ( 'NONE', #2690, 1.550000000000002709 ) ;
#2734 = EDGE_CURVE ( 'NONE', #1286, #2756, #421, .T. ) ;
#2735 = CIRCLE ( 'NONE', #3171, 1.000000000000000000 ) ;
#2736 = EDGE_CURVE ( 'NONE', #2376, #2568, #2545, .T. ) ;
#2737 = ORIENTED_EDGE ( 'NONE', *, *, #1983, .F. ) ;
#2738 = DIRECTION ( 'NONE',  ( 0.000000000000000000, 0.000000000000000000, 1.000000000000000000 ) ) ;
#2739 = AXIS2_PLACEMENT_3D ( 'NONE', #666, #1420, #1927 ) ;
#2740 = CARTESIAN_POINT ( 'NONE',  ( 49.96870134679145536, 0.000000000000000000, -23.61245673476621576 ) ) ;
#2741 = FACE_BOUND ( 'NONE', #3309, .T. ) ;
#2742 = AXIS2_PLACEMENT_3D ( 'NONE', #2219, #1099, #3210 ) ;
#2743 = ORIENTED_EDGE ( 'NONE', *, *, #8, .T. ) ;
#2744 = DIRECTION ( 'NONE',  ( -0.000000000000000000, -1.000000000000000000, -0.000000000000000000 ) ) ;
#2745 = AXIS2_PLACEMENT_3D ( 'NONE', #3077, #229, #1985 ) ;
#2746 = DIRECTION ( 'NONE',  ( 0.000000000000000000, 0.000000000000000000, 1.000000000000000000 ) ) ;
#2747 = ORIENTED_EDGE ( 'NONE', *, *, #1778, .T. ) ;
#2748 = CYLINDRICAL_SURFACE ( 'NONE', #3234, 1.000000000000000888 ) ;
#2749 = VECTOR ( 'NONE', #3368, 1000.000000000000000 ) ;
#2750 = ORIENTED_EDGE ( 'NONE', *, *, #1981, .F. ) ;
#2751 = CYLINDRICAL_SURFACE ( 'NONE', #2549, 1.550000000000002709 ) ;
#2752 = CARTESIAN_POINT ( 'NONE',  ( -31.84940921072723086, 2.000000000000000000, 17.71713124747152435 ) ) ;
#2753 = CIRCLE ( 'NONE', #214, 8.500000000000000000 ) ;
#2754 = EDGE_CURVE ( 'NONE', #3336, #2962, #1210, .T. ) ;
#2755 = VERTEX_POINT ( 'NONE', #1765 ) ;
#2756 = VERTEX_POINT ( 'NONE', #2296 ) ;
#2757 = ADVANCED_FACE ( 'NONE', ( #2846 ), #3340, .T. ) ;
#2758 = FILL_AREA_STYLE_COLOUR ( '', #1514 ) ;
#2759 = CARTESIAN_POINT ( 'NONE',  ( -41.46870134679152642, 2.000000000000000000, 23.61245673476621576 ) ) ;
#2760 = CARTESIAN_POINT ( 'NONE',  ( 42.00000000000000000, 2.000000000000000000, -48.45000000000000284 ) ) ;
#2761 = ORIENTED_EDGE ( 'NONE', *, *, #526, .T. ) ;
#2762 = ORIENTED_EDGE ( 'NONE', *, *, #701, .T. ) ;
#2763 = CARTESIAN_POINT ( 'NONE',  ( 42.00000000000000000, 2.000000000000000000, -51.55000000000000426 ) ) ;
#2764 = DIRECTION ( 'NONE',  ( 0.000000000000000000, 0.000000000000000000, -1.000000000000000000 ) ) ;
#2765 = CYLINDRICAL_SURFACE ( 'NONE', #2062, 1.000000000000000000 ) ;
#2766 = ORIENTED_EDGE ( 'NONE', *, *, #2947, .F. ) ;
#2767 = EDGE_LOOP ( 'NONE', ( #2204, #1808, #1663, #2482 ) ) ;
#2768 = FACE_OUTER_BOUND ( 'NONE', #3197, .T. ) ;
#2769 = CYLINDRICAL_SURFACE ( 'NONE', #107, 1.550000000000002709 ) ;
#2770 = DIRECTION ( 'NONE',  ( 1.000000000000000000, 0.000000000000000000, 0.000000000000000000 ) ) ;
#2771 = ORIENTED_EDGE ( 'NONE', *, *, #462, .F. ) ;
#2772 = EDGE_CURVE ( 'NONE', #2962, #2309, #2342, .T. ) ;
#2773 = DIRECTION ( 'NONE',  ( -0.000000000000000000, -1.000000000000000000, -0.000000000000000000 ) ) ;
#2774 = DIRECTION ( 'NONE',  ( -0.000000000000000000, -1.000000000000000000, -0.000000000000000000 ) ) ;
#2775 = DIRECTION ( 'NONE',  ( 0.000000000000000000, 0.000000000000000000, -1.000000000000000000 ) ) ;
#2776 = ORIENTED_EDGE ( 'NONE', *, *, #1545, .F. ) ;
#2777 = DIRECTION ( 'NONE',  ( -0.000000000000000000, -1.000000000000000000, -0.000000000000000000 ) ) ;
#2778 = CARTESIAN_POINT ( 'NONE',  ( 42.00000000000000000, 0.000000000000000000, 47.45000000000003126 ) ) ;
#2779 = DIRECTION ( 'NONE',  ( 0.000000000000000000, 0.000000000000000000, 1.000000000000000000 ) ) ;
#2780 = VERTEX_POINT ( 'NONE', #1223 ) ;
#2781 = ORIENTED_EDGE ( 'NONE', *, *, #535, .T. ) ;
#2782 = CARTESIAN_POINT ( 'NONE',  ( 42.00000000000000000, 0.000000000000000000, -50.00000000000000000 ) ) ;
#2783 = DIRECTION ( 'NONE',  ( 0.000000000000000000, 0.000000000000000000, -1.000000000000000000 ) ) ;
#2784 = PRESENTATION_LAYER_ASSIGNMENT (  '', '', ( #2557 ) ) ;
#2785 = ORIENTED_EDGE ( 'NONE', *, *, #2446, .T. ) ;
#2786 =( LENGTH_UNIT ( ) NAMED_UNIT ( * ) SI_UNIT ( .MILLI., .METRE. ) );
#2787 = CIRCLE ( 'NONE', #88, 1.549999999999995826 ) ;
#2788 = DIRECTION ( 'NONE',  ( -0.000000000000000000, -1.000000000000000000, -0.000000000000000000 ) ) ;
#2789 = VECTOR ( 'NONE', #2348, 1000.000000000000000 ) ;
#2790 = ORIENTED_EDGE ( 'NONE', *, *, #638, .F. ) ;
#2791 = DIRECTION ( 'NONE',  ( -0.000000000000000000, -1.000000000000000000, -0.000000000000000000 ) ) ;
#2792 = DIRECTION ( 'NONE',  ( -0.8098500281752958330, -0.000000000000000000, -0.5866369676933703703 ) ) ;
#2793 = CIRCLE ( 'NONE', #1616, 1.000000000000000000 ) ;
#2794 = ADVANCED_FACE ( 'NONE', ( #1463 ), #3135, .F. ) ;
#2795 = ADVANCED_FACE ( 'NONE', ( #1477 ), #2866, .F. ) ;
#2796 = CARTESIAN_POINT ( 'NONE',  ( -5.009235022023397654, 0.000000000000000000, 0.8098500281752962771 ) ) ;
#2797 = ORIENTED_EDGE ( 'NONE', *, *, #1615, .T. ) ;
#2798 = DIRECTION ( 'NONE',  ( 0.000000000000000000, 0.000000000000000000, -1.000000000000000000 ) ) ;
#2799 = EDGE_CURVE ( 'NONE', #920, #3196, #1560, .T. ) ;
#2800 = VECTOR ( 'NONE', #467, 1000.000000000000227 ) ;
#2801 = AXIS2_PLACEMENT_3D ( 'NONE', #3307, #1681, #2207 ) ;
#2802 = LINE ( 'NONE', #1431, #946 ) ;
#2803 = CARTESIAN_POINT ( 'NONE',  ( 13.83997312679163016, 2.000000000000000000, -33.11069557317927092 ) ) ;
#2804 = VECTOR ( 'NONE', #2577, 1000.000000000000000 ) ;
#2805 = UNCERTAINTY_MEASURE_WITH_UNIT (LENGTH_MEASURE( 1.000000000000000082E-05 ), #63, 'distance_accuracy_value', 'NONE');
#2806 = VERTEX_POINT ( 'NONE', #966 ) ;
#2807 = DIRECTION ( 'NONE',  ( 0.000000000000000000, 0.000000000000000000, -1.000000000000000000 ) ) ;
#2808 = CIRCLE ( 'NONE', #1685, 48.75000000000000000 ) ;
#2809 = CARTESIAN_POINT ( 'NONE',  ( -47.89998255393123827, 0.000000000000000000, -52.63339765602865583 ) ) ;
#2810 = VERTEX_POINT ( 'NONE', #3064 ) ;
#2811 = EDGE_LOOP ( 'NONE', ( #2413, #1659, #2829, #2221 ) ) ;
#2812 = CARTESIAN_POINT ( 'NONE',  ( 27.99999999999999645, 2.000000000000000000, -28.00000000000000000 ) ) ;
#2813 = FACE_OUTER_BOUND ( 'NONE', #3183, .T. ) ;
#2814 = EDGE_CURVE ( 'NONE', #2369, #3182, #1018, .T. ) ;
#2815 = LINE ( 'NONE', #441, #1862 ) ;
#2816 = CARTESIAN_POINT ( 'NONE',  ( -42.00000000000000000, 0.000000000000000000, -49.99999999999999289 ) ) ;
#2817 = ORIENTED_EDGE ( 'NONE', *, *, #1160, .T. ) ;
#2818 = EDGE_CURVE ( 'NONE', #1589, #1546, #1736, .T. ) ;
#2819 = DIRECTION ( 'NONE',  ( 0.000000000000000000, 0.000000000000000000, -1.000000000000000000 ) ) ;
#2820 = VECTOR ( 'NONE', #3324, 1000.000000000000114 ) ;
#2821 = ORIENTED_EDGE ( 'NONE', *, *, #2539, .F. ) ;
#2822 = EDGE_LOOP ( 'NONE', ( #947, #2030, #3042, #355 ) ) ;
#2823 = DIRECTION ( 'NONE',  ( 0.4075833274418372287, 0.000000000000000000, 0.9131680191462249185 ) ) ;
#2824 = CARTESIAN_POINT ( 'NONE',  ( 27.99999999999990408, 2.000000000000000000, 28.00000000000009592 ) ) ;
#2825 = ORIENTED_EDGE ( 'NONE', *, *, #1885, .T. ) ;
#2826 = DIRECTION ( 'NONE',  ( 0.000000000000000000, 0.000000000000000000, -1.000000000000000000 ) ) ;
#2827 = DIRECTION ( 'NONE',  ( 0.000000000000000000, 1.000000000000000000, 0.000000000000000000 ) ) ;
#2828 = CARTESIAN_POINT ( 'NONE',  ( -17.71713124747153145, 2.000000000000000000, -31.84940921072723796 ) ) ;
#2829 = ORIENTED_EDGE ( 'NONE', *, *, #3376, .F. ) ;
#2830 = CYLINDRICAL_SURFACE ( 'NONE', #3237, 1.550000000000002709 ) ;
#2831 = ORIENTED_EDGE ( 'NONE', *, *, #526, .F. ) ;
#2832 = ADVANCED_FACE ( 'NONE', ( #1268 ), #2329, .F. ) ;
#2833 = VERTEX_POINT ( 'NONE', #3081 ) ;
#2834 = CARTESIAN_POINT ( 'NONE',  ( 13.83997312679163016, 2.000000000000000000, -33.11069557317927092 ) ) ;
#2835 = CARTESIAN_POINT ( 'NONE',  ( -41.99999999999997158, 2.000000000000000000, 50.00000000000000711 ) ) ;
#2836 = ADVANCED_FACE ( 'NONE', ( #1559 ), #2880, .F. ) ;
#2837 = EDGE_CURVE ( 'NONE', #1450, #2403, #205, .T. ) ;
#2838 = ORIENTED_EDGE ( 'NONE', *, *, #2951, .F. ) ;
#2839 = CARTESIAN_POINT ( 'NONE',  ( 27.99999999999990408, 2.000000000000000000, 28.00000000000009592 ) ) ;
#2840 = EDGE_CURVE ( 'NONE', #1866, #2611, #2917, .T. ) ;
#2841 = DIRECTION ( 'NONE',  ( 0.000000000000000000, 1.000000000000000000, -0.000000000000000000 ) ) ;
#2842 =( GEOMETRIC_REPRESENTATION_CONTEXT ( 3 ) GLOBAL_UNCERTAINTY_ASSIGNED_CONTEXT ( ( #349 ) ) GLOBAL_UNIT_ASSIGNED_CONTEXT ( ( #3255, #3283, #1696 ) ) REPRESENTATION_CONTEXT ( 'NONE', 'WORKASPACE' ) );
#2843 = EDGE_LOOP ( 'NONE', ( #3260, #1816 ) ) ;
#2844 = AXIS2_PLACEMENT_3D ( 'NONE', #1651, #1356, #3261 ) ;
#2845 = CARTESIAN_POINT ( 'NONE',  ( 29.63023121364310697, 2.000000000000000000, -18.64474049546982926 ) ) ;
#2846 = FACE_OUTER_BOUND ( 'NONE', #3229, .T. ) ;
#2847 = AXIS2_PLACEMENT_3D ( 'NONE', #2965, #546, #301 ) ;
#2848 = VERTEX_POINT ( 'NONE', #522 ) ;
#2849 = CARTESIAN_POINT ( 'NONE',  ( -41.99999999999997158, 2.000000000000000000, 50.00000000000000711 ) ) ;
#2850 = ORIENTED_EDGE ( 'NONE', *, *, #1359, .F. ) ;
#2851 = DIRECTION ( 'NONE',  ( -0.000000000000000000, -1.000000000000000000, 0.000000000000000000 ) ) ;
#2852 = VECTOR ( 'NONE', #1722, 1000.000000000000000 ) ;
#2853 = LINE ( 'NONE', #480, #1990 ) ;
#2854 = CARTESIAN_POINT ( 'NONE',  ( 27.99999999999990408, 2.000000000000000000, 28.00000000000009592 ) ) ;
#2855 = CIRCLE ( 'NONE', #1021, 2.549999999999968736 ) ;
#2856 = AXIS2_PLACEMENT_3D ( 'NONE', #2152, #3235, #385 ) ;
#2857 = ORIENTED_EDGE ( 'NONE', *, *, #3376, .T. ) ;
#2858 = DIRECTION ( 'NONE',  ( 0.000000000000000000, 0.000000000000000000, -1.000000000000000000 ) ) ;
#2859 = ADVANCED_FACE ( 'NONE', ( #1318 ), #3165, .F. ) ;
#2860 = CARTESIAN_POINT ( 'NONE',  ( -41.99999999999997158, 0.000000000000000000, 47.44999999999998863 ) ) ;
#2861 = AXIS2_PLACEMENT_3D ( 'NONE', #2430, #81, #560 ) ;
#2862 = EDGE_CURVE ( 'NONE', #2591, #1617, #2396, .T. ) ;
#2863 = CIRCLE ( 'NONE', #1846, 2.550000000000024691 ) ;
#2864 = ORIENTED_EDGE ( 'NONE', *, *, #2903, .T. ) ;
#2865 = DIRECTION ( 'NONE',  ( -2.390450781857078341E-16, 0.000000000000000000, 1.000000000000000000 ) ) ;
#2866 = CYLINDRICAL_SURFACE ( 'NONE', #3067, 0.9999999999999974465 ) ;
#2867 = VERTEX_POINT ( 'NONE', #1284 ) ;
#2868 = DIRECTION ( 'NONE',  ( 0.000000000000000000, 0.000000000000000000, -1.000000000000000000 ) ) ;
#2869 = ORIENTED_EDGE ( 'NONE', *, *, #2649, .F. ) ;
#2870 = DIRECTION ( 'NONE',  ( 0.000000000000000000, 1.000000000000000000, 0.000000000000000000 ) ) ;
#2871 = ORIENTED_EDGE ( 'NONE', *, *, #2478, .F. ) ;
#2872 = DIRECTION ( 'NONE',  ( -0.000000000000000000, -1.000000000000000000, -0.000000000000000000 ) ) ;
#2873 = DIRECTION ( 'NONE',  ( -7.758923264938633790E-16, 0.000000000000000000, -1.000000000000000000 ) ) ;
#2874 = VERTEX_POINT ( 'NONE', #2349 ) ;
#2875 = CARTESIAN_POINT ( 'NONE',  ( -31.93407053192021294, 2.000000000000000000, -17.93264139703265414 ) ) ;
#2876 = CARTESIAN_POINT ( 'NONE',  ( 5.009235022023398543, 2.000000000000000000, 0.8098500281752968322 ) ) ;
#2877 = EDGE_CURVE ( 'NONE', #46, #3102, #768, .T. ) ;
#2878 = EDGE_LOOP ( 'NONE', ( #2771, #2048 ) ) ;
#2879 = DIRECTION ( 'NONE',  ( 0.4075833274418365071, 0.000000000000000000, -0.9131680191462251406 ) ) ;
#2880 = CYLINDRICAL_SURFACE ( 'NONE', #2572, 1.000000000000000000 ) ;
#2881 = VERTEX_POINT ( 'NONE', #3205 ) ;
#2882 = LINE ( 'NONE', #270, #1974 ) ;
#2883 = EDGE_LOOP ( 'NONE', ( #2036, #64, #1570, #3280 ) ) ;
#2884 = EDGE_LOOP ( 'NONE', ( #3133, #2983 ) ) ;
#2885 = ORIENTED_EDGE ( 'NONE', *, *, #1841, .T. ) ;
#2886 = CARTESIAN_POINT ( 'NONE',  ( -42.00000000000000000, 2.000000000000000000, -49.99999999999999289 ) ) ;
#2887 = DIRECTION ( 'NONE',  ( 0.9131680191462252516, -0.000000000000000000, 0.4075833274418365071 ) ) ;
#2888 = ORIENTED_EDGE ( 'NONE', *, *, #2982, .F. ) ;
#2889 = EDGE_LOOP ( 'NONE', ( #3284, #974 ) ) ;
#2890 = DIRECTION ( 'NONE',  ( 0.000000000000000000, 1.000000000000000000, -0.000000000000000000 ) ) ;
#2891 = FACE_OUTER_BOUND ( 'NONE', #878, .T. ) ;
#2892 = VECTOR ( 'NONE', #2872, 1000.000000000000000 ) ;
#2893 = VERTEX_POINT ( 'NONE', #1802 ) ;
#2894 = CARTESIAN_POINT ( 'NONE',  ( -19.20472695313019784, 2.000000000000000000, 30.57715299254202534 ) ) ;
#2895 = CARTESIAN_POINT ( 'NONE',  ( 42.00000000000000000, 0.9999999999999783507, 50.00000000000000000 ) ) ;
#2896 = CARTESIAN_POINT ( 'NONE',  ( -29.63023121364310342, 0.000000000000000000, -18.64474049546985412 ) ) ;
#2897 = COLOUR_RGB ( '',1.000000000000000000, 1.000000000000000000, 1.000000000000000000 ) ;
#2898 = VERTEX_POINT ( 'NONE', #2654 ) ;
#2899 = DIRECTION ( 'NONE',  ( 0.000000000000000000, 1.000000000000000000, -0.000000000000000000 ) ) ;
#2900 = ORIENTED_EDGE ( 'NONE', *, *, #539, .F. ) ;
#2901 = EDGE_CURVE ( 'NONE', #2140, #1715, #3410, .T. ) ;
#2902 = AXIS2_PLACEMENT_3D ( 'NONE', #2812, #408, #3022 ) ;
#2903 = EDGE_CURVE ( 'NONE', #2942, #2401, #2416, .T. ) ;
#2904 = CIRCLE ( 'NONE', #1391, 0.9999999999999974465 ) ;
#2905 = LINE ( 'NONE', #1847, #1938 ) ;
#2906 = DIRECTION ( 'NONE',  ( 0.000000000000000000, 0.000000000000000000, 1.000000000000000000 ) ) ;
#2907 = VECTOR ( 'NONE', #1880, 1000.000000000000000 ) ;
#2908 = ORIENTED_EDGE ( 'NONE', *, *, #1179, .F. ) ;
#2909 = DIRECTION ( 'NONE',  ( -0.000000000000000000, -1.000000000000000000, -0.000000000000000000 ) ) ;
#2910 = VECTOR ( 'NONE', #981, 1000.000000000000000 ) ;
#2911 = CARTESIAN_POINT ( 'NONE',  ( -30.56084154097699113, 2.000000000000000000, 19.01468478763708703 ) ) ;
#2912 = VECTOR ( 'NONE', #2114, 1000.000000000000114 ) ;
#2913 = ORIENTED_EDGE ( 'NONE', *, *, #617, .T. ) ;
#2914 = LINE ( 'NONE', #47, #318 ) ;
#2915 = AXIS2_PLACEMENT_3D ( 'NONE', #168, #2773, #2995 ) ;
#2916 = DIRECTION ( 'NONE',  ( -0.000000000000000000, -1.000000000000000000, -0.000000000000000000 ) ) ;
#2917 = LINE ( 'NONE', #506, #42 ) ;
#2918 = AXIS2_PLACEMENT_3D ( 'NONE', #93, #2992, #2203 ) ;
#2919 = ORIENTED_EDGE ( 'NONE', *, *, #1244, .F. ) ;
#2920 = DIRECTION ( 'NONE',  ( 0.9063077870366511579, 0.000000000000000000, -0.4226182617406970543 ) ) ;
#2921 = ADVANCED_FACE ( 'NONE', ( #302 ), #2380, .T. ) ;
#2922 = DIRECTION ( 'NONE',  ( 0.000000000000000000, 0.000000000000000000, -1.000000000000000000 ) ) ;
#2923 = CARTESIAN_POINT ( 'NONE',  ( -49.96870134679143405, -0.01000000000000000021, -23.61245673476619444 ) ) ;
#2924 = EDGE_CURVE ( 'NONE', #3274, #2163, #260, .T. ) ;
#2925 = AXIS2_PLACEMENT_3D ( 'NONE', #1516, #1306, #730 ) ;
#2926 = EDGE_LOOP ( 'NONE', ( #2724, #2594, #2066, #1184 ) ) ;
#2927 = ORIENTED_EDGE ( 'NONE', *, *, #2582, .T. ) ;
#2928 = CARTESIAN_POINT ( 'NONE',  ( -31.00418501571298435, 2.000000000000000000, -18.30049045133075580 ) ) ;
#2929 = DIRECTION ( 'NONE',  ( -0.000000000000000000, -1.000000000000000000, -0.000000000000000000 ) ) ;
#2930 = ORIENTED_EDGE ( 'NONE', *, *, #1934, .T. ) ;
#2931 = DIRECTION ( 'NONE',  ( -0.8098500281752961660, 0.000000000000000000, 0.5866369676933699262 ) ) ;
#2932 = FACE_OUTER_BOUND ( 'NONE', #2822, .T. ) ;
#2933 = LINE ( 'NONE', #50, #1897 ) ;
#2934 = VECTOR ( 'NONE', #1720, 1000.000000000000000 ) ;
#2935 = EDGE_LOOP ( 'NONE', ( #2175, #2698, #337, #3143 ) ) ;
#2936 = ORIENTED_EDGE ( 'NONE', *, *, #3049, .T. ) ;
#2937 = CARTESIAN_POINT ( 'NONE',  ( 1.515768127461402927E-15, 2.000000000000000000, 34.47654704141600490 ) ) ;
#2938 = DIRECTION ( 'NONE',  ( -0.000000000000000000, -1.000000000000000000, -0.000000000000000000 ) ) ;
#2939 = CARTESIAN_POINT ( 'NONE',  ( 32.00000000000002132, 0.000000000000000000, 43.55000000000001137 ) ) ;
#2940 = EDGE_CURVE ( 'NONE', #769, #1904, #913, .T. ) ;
#2941 = VERTEX_POINT ( 'NONE', #2670 ) ;
#2942 = VERTEX_POINT ( 'NONE', #2156 ) ;
#2943 = CARTESIAN_POINT ( 'NONE',  ( 5.595871989716768802, 2.000000000000000000, 0.000000000000000000 ) ) ;
#2944 = CARTESIAN_POINT ( 'NONE',  ( 30.91778705203398658, 2.000000000000000000, -18.08055958075300396 ) ) ;
#2945 = EDGE_CURVE ( 'NONE', #1330, #3162, #477, .T. ) ;
#2946 = ORIENTED_EDGE ( 'NONE', *, *, #1271, .T. ) ;
#2947 = EDGE_CURVE ( 'NONE', #2011, #2780, #2855, .T. ) ;
#2948 = ORIENTED_EDGE ( 'NONE', *, *, #3195, .F. ) ;
#2949 = CARTESIAN_POINT ( 'NONE',  ( 32.00000000000002132, 0.000000000000000000, 42.00000000000000711 ) ) ;
#2950 = CARTESIAN_POINT ( 'NONE',  ( -47.93577849517394895, -0.01000000000000000021, 32.04320155179983232 ) ) ;
#2951 = EDGE_CURVE ( 'NONE', #117, #2339, #1577, .T. ) ;
#2952 = ORIENTED_EDGE ( 'NONE', *, *, #2190, .T. ) ;
#2953 = CARTESIAN_POINT ( 'NONE',  ( 5.009235022023401207, 0.000000000000000000, 0.8098500281752997187 ) ) ;
#2954 = LINE ( 'NONE', #2987, #2497 ) ;
#2955 = CIRCLE ( 'NONE', #2168, 1.550000000000002709 ) ;
#2956 = CARTESIAN_POINT ( 'NONE',  ( -42.00000000000000000, 0.9999999999999783507, -48.44999999999999574 ) ) ;
#2957 = CIRCLE ( 'NONE', #956, 8.499999999999996447 ) ;
#2958 = ORIENTED_EDGE ( 'NONE', *, *, #1550, .T. ) ;
#2959 = DIRECTION ( 'NONE',  ( 0.000000000000000000, 0.000000000000000000, 1.000000000000000000 ) ) ;
#2960 = CARTESIAN_POINT ( 'NONE',  ( 1.515768127461402927E-15, 2.000000000000000000, 79.58539014615182339 ) ) ;
#2961 = CIRCLE ( 'NONE', #531, 48.75000000000000000 ) ;
#2962 = VERTEX_POINT ( 'NONE', #2896 ) ;
#2963 = EDGE_CURVE ( 'NONE', #1843, #117, #1082, .T. ) ;
#2964 = CARTESIAN_POINT ( 'NONE',  ( 27.99999999999990408, 0.000000000000000000, 28.00000000000009592 ) ) ;
#2965 = CARTESIAN_POINT ( 'NONE',  ( 43.92113534891822013, 0.000000000000000000, 15.94915935882295166 ) ) ;
#2966 = DIRECTION ( 'NONE',  ( 0.000000000000000000, 1.000000000000000000, 0.000000000000000000 ) ) ;
#2967 = VECTOR ( 'NONE', #3037, 1000.000000000000227 ) ;
#2968 = ORIENTED_EDGE ( 'NONE', *, *, #2551, .T. ) ;
#2969 = ORIENTED_EDGE ( 'NONE', *, *, #2818, .F. ) ;
#2970 = DIRECTION ( 'NONE',  ( 0.000000000000000000, 0.000000000000000000, -1.000000000000000000 ) ) ;
#2971 = AXIS2_PLACEMENT_3D ( 'NONE', #3160, #1365, #1813 ) ;
#2972 = LINE ( 'NONE', #1619, #2095 ) ;
#2973 = CARTESIAN_POINT ( 'NONE',  ( 19.20472695313020850, 2.000000000000000000, -30.57715299254202534 ) ) ;
#2974 = ORIENTED_EDGE ( 'NONE', *, *, #572, .F. ) ;
#2975 = DIRECTION ( 'NONE',  ( -0.8098500281752959440, 0.000000000000000000, -0.5866369676933703703 ) ) ;
#2976 = DIRECTION ( 'NONE',  ( 0.000000000000000000, 0.000000000000000000, 1.000000000000000000 ) ) ;
#2977 = DIRECTION ( 'NONE',  ( 0.000000000000000000, 0.000000000000000000, -1.000000000000000000 ) ) ;
#2978 = VERTEX_POINT ( 'NONE', #1859 ) ;
#2979 = CARTESIAN_POINT ( 'NONE',  ( -31.93407053192021294, 2.000000000000000000, -17.93264139703265414 ) ) ;
#2980 = CARTESIAN_POINT ( 'NONE',  ( -41.99999999999997158, 2.000000000000000000, 50.00000000000000711 ) ) ;
#2981 = LINE ( 'NONE', #595, #1840 ) ;
#2982 = EDGE_CURVE ( 'NONE', #287, #68, #2933, .T. ) ;
#2983 = ORIENTED_EDGE ( 'NONE', *, *, #3047, .T. ) ;
#2984 = ORIENTED_EDGE ( 'NONE', *, *, #2604, .F. ) ;
#2985 = DIRECTION ( 'NONE',  ( 0.000000000000000000, 0.000000000000000000, -1.000000000000000000 ) ) ;
#2986 = EDGE_CURVE ( 'NONE', #2339, #332, #590, .T. ) ;
#2987 = CARTESIAN_POINT ( 'NONE',  ( -29.63023121364310342, 2.000000000000000000, -18.64474049546984702 ) ) ;
#2988 = DIRECTION ( 'NONE',  ( -0.000000000000000000, -1.000000000000000000, -0.000000000000000000 ) ) ;
#2989 = EDGE_CURVE ( 'NONE', #2867, #3352, #2981, .T. ) ;
#2990 = ORIENTED_EDGE ( 'NONE', *, *, #2106, .T. ) ;
#2991 = DIRECTION ( 'NONE',  ( 0.000000000000000000, 0.000000000000000000, -1.000000000000000000 ) ) ;
#2992 = DIRECTION ( 'NONE',  ( 0.000000000000000000, 1.000000000000000000, -0.000000000000000000 ) ) ;
#2993 = CYLINDRICAL_SURFACE ( 'NONE', #1177, 8.500000000000000000 ) ;
#2994 = EDGE_LOOP ( 'NONE', ( #1470, #52 ) ) ;
#2995 = DIRECTION ( 'NONE',  ( 0.000000000000000000, 0.000000000000000000, -1.000000000000000000 ) ) ;
#2996 = DIRECTION ( 'NONE',  ( 0.000000000000000000, 1.000000000000000000, -0.000000000000000000 ) ) ;
#2997 = DIRECTION ( 'NONE',  ( -0.000000000000000000, -1.000000000000000000, 0.000000000000000000 ) ) ;
#2998 = VECTOR ( 'NONE', #399, 1000.000000000000000 ) ;
#2999 = ORIENTED_EDGE ( 'NONE', *, *, #445, .F. ) ;
#3000 = CARTESIAN_POINT ( 'NONE',  ( 47.93577849517377842, 0.000000000000000000, 32.04320155179978258 ) ) ;
#3001 = AXIS2_PLACEMENT_3D ( 'NONE', #2107, #532, #1793 ) ;
#3002 = ORIENTED_EDGE ( 'NONE', *, *, #634, .F. ) ;
#3003 = EDGE_CURVE ( 'NONE', #2810, #1605, #102, .T. ) ;
#3004 = CARTESIAN_POINT ( 'NONE',  ( 30.91778705203398658, 2.000000000000000000, -18.08055958075300396 ) ) ;
#3005 = DIRECTION ( 'NONE',  ( 0.000000000000000000, 1.000000000000000000, -0.000000000000000000 ) ) ;
#3006 = EDGE_CURVE ( 'NONE', #1074, #1438, #371, .T. ) ;
#3008 = VERTEX_POINT ( 'NONE', #847 ) ;
#3007 = VECTOR ( 'NONE', #1374, 1000.000000000000114 ) ;
#3009 = DIRECTION ( 'NONE',  ( 0.000000000000000000, 0.000000000000000000, -1.000000000000000000 ) ) ;
#3010 = LINE ( 'NONE', #2503, #3406 ) ;
#3011 = CARTESIAN_POINT ( 'NONE',  ( -49.96870134679146247, -0.01000000000000000021, 23.61245673476620865 ) ) ;
#3012 = VECTOR ( 'NONE', #2879, 1000.000000000000227 ) ;
#3013 = UNCERTAINTY_MEASURE_WITH_UNIT (LENGTH_MEASURE( 1.000000000000000082E-05 ), #2786, 'distance_accuracy_value', 'NONE');
#3014 = ORIENTED_EDGE ( 'NONE', *, *, #3217, .F. ) ;
#3015 = DIRECTION ( 'NONE',  ( 0.000000000000000000, 0.000000000000000000, -1.000000000000000000 ) ) ;
#3016 = VECTOR ( 'NONE', #2873, 1000.000000000000000 ) ;
#3017 = CARTESIAN_POINT ( 'NONE',  ( -42.00000000000000000, 0.000000000000000000, -47.45000000000002416 ) ) ;
#3018 = DIRECTION ( 'NONE',  ( 0.000000000000000000, -1.000000000000000000, 0.000000000000000000 ) ) ;
#3019 = PRODUCT_DEFINITION_SHAPE ( 'NONE', 'NONE',  #297 ) ;
#3020 = VECTOR ( 'NONE', #2200, 1000.000000000000000 ) ;
#3021 = VERTEX_POINT ( 'NONE', #1911 ) ;
#3022 = DIRECTION ( 'NONE',  ( 0.000000000000000000, 0.000000000000000000, 1.000000000000000000 ) ) ;
#3023 = AXIS2_PLACEMENT_3D ( 'NONE', #1071, #2119, #818 ) ;
#3024 = DIRECTION ( 'NONE',  ( 0.000000000000000000, -1.000000000000000000, 0.000000000000000000 ) ) ;
#3025 = ORIENTED_EDGE ( 'NONE', *, *, #406, .T. ) ;
#3026 = DIRECTION ( 'NONE',  ( 0.000000000000000000, 0.000000000000000000, -1.000000000000000000 ) ) ;
#3027 = CIRCLE ( 'NONE', #864, 1.549999999999999378 ) ;
#3028 = EDGE_CURVE ( 'NONE', #2706, #1063, #1387, .T. ) ;
#3029 = CIRCLE ( 'NONE', #51, 1.000000000000000888 ) ;
#3030 = ORIENTED_EDGE ( 'NONE', *, *, #2901, .T. ) ;
#3031 = CARTESIAN_POINT ( 'NONE',  ( -18.08055958075299685, 2.000000000000000000, -31.91778705203399014 ) ) ;
#3032 = DIRECTION ( 'NONE',  ( 0.000000000000000000, 0.000000000000000000, -1.000000000000000000 ) ) ;
#3033 = SURFACE_STYLE_FILL_AREA ( #348 ) ;
#3034 = ORIENTED_EDGE ( 'NONE', *, *, #1100, .T. ) ;
#3035 = DIRECTION ( 'NONE',  ( -0.000000000000000000, -1.000000000000000000, -0.000000000000000000 ) ) ;
#3036 = CARTESIAN_POINT ( 'NONE',  ( 57.36128211674182609, 2.000000000000000000, -17.05762419274719477 ) ) ;
#3037 = DIRECTION ( 'NONE',  ( 0.8098500281752961660, -0.000000000000000000, 0.5866369676933700372 ) ) ;
#3038 = ORIENTED_EDGE ( 'NONE', *, *, #3006, .F. ) ;
#3039 = DIRECTION ( 'NONE',  ( 0.000000000000000000, 0.000000000000000000, -1.000000000000000000 ) ) ;
#3040 = DIRECTION ( 'NONE',  ( 0.000000000000000000, 1.000000000000000000, 0.000000000000000000 ) ) ;
#3041 = CARTESIAN_POINT ( 'NONE',  ( 41.46870134679145536, 2.000000000000000000, -23.61245673476621931 ) ) ;
#3042 = ORIENTED_EDGE ( 'NONE', *, *, #388, .F. ) ;
#3043 = LINE ( 'NONE', #674, #1994 ) ;
#3044 = CARTESIAN_POINT ( 'NONE',  ( -42.00000000000000000, 0.000000000000000000, -49.99999999999999289 ) ) ;
#3045 = ORIENTED_EDGE ( 'NONE', *, *, #1378, .F. ) ;
#3046 = SURFACE_SIDE_STYLE ('',( #1944 ) ) ;
#3047 = EDGE_CURVE ( 'NONE', #1668, #3329, #1678, .T. ) ;
#3048 = FACE_BOUND ( 'NONE', #3125, .T. ) ;
#3049 = EDGE_CURVE ( 'NONE', #1151, #220, #3242, .T. ) ;
#3050 = ORIENTED_EDGE ( 'NONE', *, *, #1758, .T. ) ;
#3051 = ADVANCED_FACE ( 'NONE', ( #3272, #1407, #1371, #2432, #1421, #2475, #83, #1701, #1125, #2741, #2209, #1142, #612, #881, #3288, #1175, #1436 ), #2174, .T. ) ;
#3052 = DIRECTION ( 'NONE',  ( 0.000000000000000000, 0.000000000000000000, -1.000000000000000000 ) ) ;
#3053 = DIRECTION ( 'NONE',  ( -0.000000000000000000, -1.000000000000000000, -0.000000000000000000 ) ) ;
#3054 = CARTESIAN_POINT ( 'NONE',  ( -29.63023121364311052, 2.000000000000000000, 18.64474049546982926 ) ) ;
#3055 = FACE_OUTER_BOUND ( 'NONE', #488, .T. ) ;
#3056 = DIRECTION ( 'NONE',  ( 0.5866369676933700372, 0.000000000000000000, 0.8098500281752959440 ) ) ;
#3057 = ORIENTED_EDGE ( 'NONE', *, *, #1714, .T. ) ;
#3058 = ORIENTED_EDGE ( 'NONE', *, *, #2619, .F. ) ;
#3059 = DIRECTION ( 'NONE',  ( 0.000000000000000000, 0.000000000000000000, 1.000000000000000000 ) ) ;
#3060 = FACE_OUTER_BOUND ( 'NONE', #3246, .T. ) ;
#3061 = VECTOR ( 'NONE', #2328, 1000.000000000000000 ) ;
#3062 = EDGE_LOOP ( 'NONE', ( #3058, #1689, #336, #1882, #1851, #2149, #449, #780, #3025 ) ) ;
#3063 = CARTESIAN_POINT ( 'NONE',  ( -31.00418501571298435, 2.000000000000000000, -18.30049045133075580 ) ) ;
#3064 = CARTESIAN_POINT ( 'NONE',  ( 47.93577849517377842, 2.000000000000000000, 32.04320155179978258 ) ) ;
#3065 = EDGE_CURVE ( 'NONE', #3182, #68, #372, .T. ) ;
#3066 = VECTOR ( 'NONE', #1275, 1000.000000000000000 ) ;
#3067 = AXIS2_PLACEMENT_3D ( 'NONE', #172, #2264, #950 ) ;
#3068 = CARTESIAN_POINT ( 'NONE',  ( 37.70979698305706762, 0.000000000000000000, 54.83101805263485318 ) ) ;
#3069 = DIRECTION ( 'NONE',  ( 0.000000000000000000, 1.000000000000000000, 0.000000000000000000 ) ) ;
#3070 = ORIENTED_EDGE ( 'NONE', *, *, #1915, .F. ) ;
#3071 = CIRCLE ( 'NONE', #2574, 8.500000000000000000 ) ;
#3072 = DIRECTION ( 'NONE',  ( 0.000000000000000000, 0.000000000000000000, -1.000000000000000000 ) ) ;
#3073 = CONICAL_SURFACE ( 'NONE', #1627, 2.549999999999968736, 0.7853981633974426169 ) ;
#3074 = ORIENTED_EDGE ( 'NONE', *, *, #1652, .F. ) ;
#3075 = CARTESIAN_POINT ( 'NONE',  ( 46.37644612199552796, 0.000000000000000000, -31.31607292457775671 ) ) ;
#3076 = CONICAL_SURFACE ( 'NONE', #2298, 2.549999999999968736, 0.7853981633974426169 ) ;
#3077 = CARTESIAN_POINT ( 'NONE',  ( 42.00000000000000000, 2.000000000000000000, -50.00000000000000000 ) ) ;
#3078 = ORIENTED_EDGE ( 'NONE', *, *, #1100, .F. ) ;
#3079 = VERTEX_POINT ( 'NONE', #1684 ) ;
#3080 = DIRECTION ( 'NONE',  ( -0.000000000000000000, -1.000000000000000000, -0.000000000000000000 ) ) ;
#3081 = CARTESIAN_POINT ( 'NONE',  ( 19.01468478763709058, 0.000000000000000000, 30.56084154097699823 ) ) ;
#3082 = EDGE_CURVE ( 'NONE', #1857, #1277, #1947, .T. ) ;
#3083 = VECTOR ( 'NONE', #2331, 1000.000000000000000 ) ;
#3084 = DIRECTION ( 'NONE',  ( 0.000000000000000000, 0.000000000000000000, -1.000000000000000000 ) ) ;
#3085 = CARTESIAN_POINT ( 'NONE',  ( 18.08055958075299685, 2.000000000000000000, 30.91778705203399724 ) ) ;
#3086 = VERTEX_POINT ( 'NONE', #2452 ) ;
#3087 = EDGE_CURVE ( 'NONE', #871, #797, #3124, .T. ) ;
#3088 = LINE ( 'NONE', #1468, #2499 ) ;
#3089 = DIRECTION ( 'NONE',  ( -0.9063077870366512689, 0.000000000000000000, 0.4226182617406969433 ) ) ;
#3090 = EDGE_CURVE ( 'NONE', #1575, #1315, #135, .T. ) ;
#3091 = AXIS2_PLACEMENT_3D ( 'NONE', #3225, #873, #1149 ) ;
#3092 = VERTEX_POINT ( 'NONE', #1970 ) ;
#3093 = DIRECTION ( 'NONE',  ( 0.000000000000000000, 0.000000000000000000, 1.000000000000000000 ) ) ;
#3094 = LINE ( 'NONE', #2291, #2800 ) ;
#3095 = VERTEX_POINT ( 'NONE', #667 ) ;
#3096 = LINE ( 'NONE', #1540, #3061 ) ;
#3097 = DIRECTION ( 'NONE',  ( 0.000000000000000000, 0.000000000000000000, 1.000000000000000000 ) ) ;
#3098 = ORIENTED_EDGE ( 'NONE', *, *, #3106, .T. ) ;
#3099 = ORIENTED_EDGE ( 'NONE', *, *, #2496, .T. ) ;
#3100 = CARTESIAN_POINT ( 'NONE',  ( -31.99999999999997868, 0.000000000000000000, 40.45000000000001705 ) ) ;
#3101 = DIRECTION ( 'NONE',  ( -0.000000000000000000, -1.000000000000000000, -0.000000000000000000 ) ) ;
#3102 = VERTEX_POINT ( 'NONE', #404 ) ;
#3103 = ADVANCED_FACE ( 'NONE', ( #2508 ), #103, .F. ) ;
#3104 = FACE_OUTER_BOUND ( 'NONE', #3256, .T. ) ;
#3105 = DIRECTION ( 'NONE',  ( 0.000000000000000000, 1.000000000000000000, -0.000000000000000000 ) ) ;
#3106 = EDGE_CURVE ( 'NONE', #2893, #1330, #1523, .T. ) ;
#3107 = ORIENTED_EDGE ( 'NONE', *, *, #3151, .F. ) ;
#3108 = ORIENTED_EDGE ( 'NONE', *, *, #1029, .F. ) ;
#3109 = CYLINDRICAL_SURFACE ( 'NONE', #1026, 37.42950504792256794 ) ;
#3110 = FACE_BOUND ( 'NONE', #307, .T. ) ;
#3111 = AXIS2_PLACEMENT_3D ( 'NONE', #606, #1905, #2991 ) ;
#3112 = AXIS2_PLACEMENT_3D ( 'NONE', #78, #841, #3269 ) ;
#3113 = VERTEX_POINT ( 'NONE', #681 ) ;
#3114 = CIRCLE ( 'NONE', #2227, 1.550000000000002709 ) ;
#3115 = DIRECTION ( 'NONE',  ( 0.000000000000000000, 0.000000000000000000, -1.000000000000000000 ) ) ;
#3116 = DIRECTION ( 'NONE',  ( 0.000000000000000000, 0.000000000000000000, -1.000000000000000000 ) ) ;
#3117 = AXIS2_PLACEMENT_3D ( 'NONE', #66, #101, #82 ) ;
#3118 = ORIENTED_EDGE ( 'NONE', *, *, #1034, .F. ) ;
#3119 = DIRECTION ( 'NONE',  ( 0.000000000000000000, 0.000000000000000000, -1.000000000000000000 ) ) ;
#3120 = DIRECTION ( 'NONE',  ( -0.000000000000000000, -1.000000000000000000, -0.000000000000000000 ) ) ;
#3121 = AXIS2_PLACEMENT_3D ( 'NONE', #203, #2827, #3097 ) ;
#3122 = CARTESIAN_POINT ( 'NONE',  ( 15.94915935882295877, 0.000000000000000000, -43.92113534891822013 ) ) ;
#3123 = CARTESIAN_POINT ( 'NONE',  ( 0.8098500281752928354, 2.000000000000000000, -5.009235022023394102 ) ) ;
#3124 = CIRCLE ( 'NONE', #2065, 8.500000000000000000 ) ;
#3125 = EDGE_LOOP ( 'NONE', ( #1977, #2053, #687, #2776, #592, #2689, #2398, #1031, #2602 ) ) ;
#3126 = EDGE_CURVE ( 'NONE', #1528, #1074, #3094, .T. ) ;
#3127 = ORIENTED_EDGE ( 'NONE', *, *, #805, .T. ) ;
#3128 = AXIS2_PLACEMENT_3D ( 'NONE', #894, #331, #625 ) ;
#3129 = ORIENTED_EDGE ( 'NONE', *, *, #3276, .T. ) ;
#3130 = CARTESIAN_POINT ( 'NONE',  ( 47.89998255393119564, 2.000000000000000000, -52.63339765602871978 ) ) ;
#3131 = DIRECTION ( 'NONE',  ( -0.000000000000000000, -1.000000000000000000, -0.000000000000000000 ) ) ;
#3132 = AXIS2_PLACEMENT_3D ( 'NONE', #149, #1173, #649 ) ;
#3133 = ORIENTED_EDGE ( 'NONE', *, *, #1329, .T. ) ;
#3134 = CARTESIAN_POINT ( 'NONE',  ( 41.46870134679145536, -0.01000000000000000021, -29.02755395162992968 ) ) ;
#3135 = CYLINDRICAL_SURFACE ( 'NONE', #1838, 0.9999999999999974465 ) ;
#3136 = ORIENTED_EDGE ( 'NONE', *, *, #2253, .T. ) ;
#3137 = DIRECTION ( 'NONE',  ( 0.000000000000000000, 1.000000000000000000, -0.000000000000000000 ) ) ;
#3138 = VERTEX_POINT ( 'NONE', #1781 ) ;
#3139 = ORIENTED_EDGE ( 'NONE', *, *, #1803, .T. ) ;
#3140 = DIRECTION ( 'NONE',  ( 3.469446951953611033E-15, 0.000000000000000000, -1.000000000000000000 ) ) ;
#3141 = LINE ( 'NONE', #774, #2176 ) ;
#3142 = VERTEX_POINT ( 'NONE', #724 ) ;
#3143 = ORIENTED_EDGE ( 'NONE', *, *, #2234, .F. ) ;
#3144 = DIRECTION ( 'NONE',  ( 0.000000000000000000, 1.000000000000000000, 0.000000000000000000 ) ) ;
#3145 = DIRECTION ( 'NONE',  ( 0.000000000000000000, 0.000000000000000000, -1.000000000000000000 ) ) ;
#3146 = ORIENTED_EDGE ( 'NONE', *, *, #3330, .F. ) ;
#3147 = EDGE_CURVE ( 'NONE', #2077, #3407, #424, .T. ) ;
#3148 = ORIENTED_EDGE ( 'NONE', *, *, #844, .T. ) ;
#3149 = CARTESIAN_POINT ( 'NONE',  ( -42.00000000000000000, 0.000000000000000000, -52.54999999999996163 ) ) ;
#3150 = DIRECTION ( 'NONE',  ( 0.000000000000000000, 1.000000000000000000, -0.000000000000000000 ) ) ;
#3151 = EDGE_CURVE ( 'NONE', #60, #1151, #931, .T. ) ;
#3152 = ADVANCED_FACE ( 'NONE', ( #2261 ), #420, .F. ) ;
#3153 = ORIENTED_EDGE ( 'NONE', *, *, #1595, .F. ) ;
#3154 = LINE ( 'NONE', #1806, #1855 ) ;
#3155 = ORIENTED_EDGE ( 'NONE', *, *, #236, .F. ) ;
#3156 = DIRECTION ( 'NONE',  ( 0.000000000000000000, 1.000000000000000000, 0.000000000000000000 ) ) ;
#3157 = CIRCLE ( 'NONE', #185, 1.549999999999999378 ) ;
#3158 = LINE ( 'NONE', #2658, #1280 ) ;
#3159 = ORIENTED_EDGE ( 'NONE', *, *, #646, .T. ) ;
#3160 = CARTESIAN_POINT ( 'NONE',  ( 42.00000000000000000, 2.000000000000000000, -50.00000000000000000 ) ) ;
#3161 = LINE ( 'NONE', #1065, #2912 ) ;
#3162 = VERTEX_POINT ( 'NONE', #2860 ) ;
#3163 = CARTESIAN_POINT ( 'NONE',  ( 42.00000000000000000, 2.000000000000000000, -50.00000000000000000 ) ) ;
#3164 = CARTESIAN_POINT ( 'NONE',  ( -27.99999999999970157, 2.000000000000000000, -29.55000000000028848 ) ) ;
#3165 = PLANE ( 'NONE',  #474 ) ;
#3166 = ADVANCED_FACE ( 'NONE', ( #711, #198, #1507, #1220, #486, #3308, #2597, #3110, #944, #3334, #182, #3048, #1235, #3369, #2578, #996, #3060 ), #2274, .F. ) ;
#3167 = VECTOR ( 'NONE', #608, 1000.000000000000114 ) ;
#3168 = EDGE_LOOP ( 'NONE', ( #1856, #2838, #3375, #1486 ) ) ;
#3169 = EDGE_CURVE ( 'NONE', #2874, #1589, #3071, .T. ) ;
#3170 = CARTESIAN_POINT ( 'NONE',  ( 29.63023121364310697, 0.000000000000000000, -18.64474049546982926 ) ) ;
#3171 = AXIS2_PLACEMENT_3D ( 'NONE', #901, #933, #3052 ) ;
#3172 = AXIS2_PLACEMENT_3D ( 'NONE', #2895, #767, #2639 ) ;
#3173 = CARTESIAN_POINT ( 'NONE',  ( -46.37644612199555638, 2.000000000000000000, 31.31607292457774250 ) ) ;
#3174 = CYLINDRICAL_SURFACE ( 'NONE', #2338, 0.9999999999999974465 ) ;
#3175 = CIRCLE ( 'NONE', #468, 5.932910046942935445 ) ;
#3176 = ORIENTED_EDGE ( 'NONE', *, *, #2144, .F. ) ;
#3177 = ORIENTED_EDGE ( 'NONE', *, *, #176, .F. ) ;
#3178 = FACE_OUTER_BOUND ( 'NONE', #1771, .T. ) ;
#3179 = AXIS2_PLACEMENT_3D ( 'NONE', #2017, #714, #1495 ) ;
#3180 = CARTESIAN_POINT ( 'NONE',  ( 47.89998255393119564, 2.000000000000000000, 52.63339765602871978 ) ) ;
#3181 = VECTOR ( 'NONE', #573, 1000.000000000000000 ) ;
#3182 = VERTEX_POINT ( 'NONE', #1747 ) ;
#3183 = EDGE_LOOP ( 'NONE', ( #548, #2927, #2091, #2617 ) ) ;
#3184 = CLOSED_SHELL ( 'NONE', ( #448, #2058, #2757, #2424, #2537, #2297, #1482, #986, #618, #3360, #745, #409, #1632, #2210, #2693, #2034, #1258, #1236, #261, #3304, #1114, #3103, #492, #645, #3191, #3166, #3051, #779, #1887, #2127, #1509, #2859, #848, #3316, #286, #1753, #1008, #2357, #3152, #1256, #2273, #2729, #882, #361, #238, #1218, #1146, #1742, #789, #943, #719, #96, #866, #2709, #2795, #3199, #2794, #123, #804, #2105, #2063, #2663, #1358, #1804, #2832, #324, #426, #556, #199, #3342, #1996, #139, #1699, #2079, #3262, #2836, #663, #339, #2586, #945, #2003, #1819, #3189, #393, #735, #1674, #1216, #2421, #703, #987, #948, #2317, #2921, #3402, #2360, #1299, #257, #2535, #345 ) ) ;
#3185 = DIRECTION ( 'NONE',  ( 0.000000000000000000, 0.000000000000000000, -1.000000000000000000 ) ) ;
#3186 = DIRECTION ( 'NONE',  ( 0.000000000000000000, 1.000000000000000000, 0.000000000000000000 ) ) ;
#3187 = VECTOR ( 'NONE', #840, 1000.000000000000000 ) ;
#3188 = ORIENTED_EDGE ( 'NONE', *, *, #2214, .F. ) ;
#3189 = ADVANCED_FACE ( 'NONE', ( #215 ), #961, .F. ) ;
#3190 = CARTESIAN_POINT ( 'NONE',  ( 47.89998255393119564, 2.000000000000000000, -52.63339765602871978 ) ) ;
#3191 = ADVANCED_FACE ( 'NONE', ( #1998 ), #2180, .F. ) ;
#3192 = LINE ( 'NONE', #2318, #1594 ) ;
#3193 = EDGE_CURVE ( 'NONE', #2218, #2449, #534, .T. ) ;
#3194 = DIRECTION ( 'NONE',  ( -0.000000000000000000, -1.000000000000000000, 0.000000000000000000 ) ) ;
#3195 = EDGE_CURVE ( 'NONE', #464, #929, #169, .T. ) ;
#3196 = VERTEX_POINT ( 'NONE', #2809 ) ;
#3197 = EDGE_LOOP ( 'NONE', ( #3146, #2243, #536, #1107 ) ) ;
#3198 = VERTEX_POINT ( 'NONE', #2028 ) ;
#3199 = ADVANCED_FACE ( 'NONE', ( #2891 ), #828, .T. ) ;
#3200 = DIRECTION ( 'NONE',  ( -0.000000000000000000, -1.000000000000000000, -0.000000000000000000 ) ) ;
#3201 = DIRECTION ( 'NONE',  ( -0.000000000000000000, -1.000000000000000000, 0.000000000000000000 ) ) ;
#3202 = ORIENTED_EDGE ( 'NONE', *, *, #2554, .T. ) ;
#3203 = DIRECTION ( 'NONE',  ( 0.000000000000000000, 0.000000000000000000, 1.000000000000000000 ) ) ;
#3204 = DIRECTION ( 'NONE',  ( 0.000000000000000000, 0.000000000000000000, -1.000000000000000000 ) ) ;
#3205 = CARTESIAN_POINT ( 'NONE',  ( -28.00000000000019185, 0.000000000000000000, 26.44999999999980744 ) ) ;
#3206 = VERTEX_POINT ( 'NONE', #2325 ) ;
#3207 = LINE ( 'NONE', #2937, #798 ) ;
#3208 = VERTEX_POINT ( 'NONE', #2911 ) ;
#3209 = LINE ( 'NONE', #1376, #2665 ) ;
#3210 = DIRECTION ( 'NONE',  ( -8.163404592832032979E-16, 0.000000000000000000, -1.000000000000000000 ) ) ;
#3211 = EDGE_CURVE ( 'NONE', #2205, #2780, #3161, .T. ) ;
#3212 = VERTEX_POINT ( 'NONE', #1832 ) ;
#3213 = VERTEX_POINT ( 'NONE', #1555 ) ;
#3214 = CIRCLE ( 'NONE', #79, 1.000000000000000888 ) ;
#3215 = DIRECTION ( 'NONE',  ( 0.000000000000000000, 0.000000000000000000, -1.000000000000000000 ) ) ;
#3216 = CYLINDRICAL_SURFACE ( 'NONE', #2971, 1.550000000000002709 ) ;
#3217 = EDGE_CURVE ( 'NONE', #327, #1281, #1240, .T. ) ;
#3218 = CARTESIAN_POINT ( 'NONE',  ( -47.89998255393140170, 0.000000000000000000, -52.63339765602871978 ) ) ;
#3219 = VERTEX_POINT ( 'NONE', #1087 ) ;
#3220 = DIRECTION ( 'NONE',  ( -0.000000000000000000, -1.000000000000000000, -0.000000000000000000 ) ) ;
#3221 = CARTESIAN_POINT ( 'NONE',  ( -49.96870134679143405, 2.000000000000000000, -23.61245673476619444 ) ) ;
#3222 = CARTESIAN_POINT ( 'NONE',  ( 27.99999999999999645, 0.000000000000000000, -28.00000000000000000 ) ) ;
#3223 = ORIENTED_EDGE ( 'NONE', *, *, #2645, .T. ) ;
#3224 = DIRECTION ( 'NONE',  ( -0.5866369676933700372, 0.000000000000000000, -0.8098500281752959440 ) ) ;
#3225 = CARTESIAN_POINT ( 'NONE',  ( 42.00000000000000000, 0.000000000000000000, 50.00000000000000000 ) ) ;
#3226 = AXIS2_PLACEMENT_3D ( 'NONE', #2589, #2104, #221 ) ;
#3227 = DIRECTION ( 'NONE',  ( -0.000000000000000000, -1.000000000000000000, -0.000000000000000000 ) ) ;
#3228 = AXIS2_PLACEMENT_3D ( 'NONE', #2451, #846, #3185 ) ;
#3229 = EDGE_LOOP ( 'NONE', ( #684, #3411, #1388, #1172 ) ) ;
#3230 = VERTEX_POINT ( 'NONE', #3384 ) ;
#3231 = DIRECTION ( 'NONE',  ( -0.4226182617406970543, 0.000000000000000000, -0.9063077870366511579 ) ) ;
#3232 = CARTESIAN_POINT ( 'NONE',  ( 42.00000000000000000, 2.000000000000000000, -50.00000000000000000 ) ) ;
#3233 = EDGE_CURVE ( 'NONE', #233, #920, #264, .T. ) ;
#3234 = AXIS2_PLACEMENT_3D ( 'NONE', #2162, #360, #836 ) ;
#3235 = DIRECTION ( 'NONE',  ( -0.000000000000000000, -1.000000000000000000, 0.000000000000000000 ) ) ;
#3236 = VECTOR ( 'NONE', #363, 1000.000000000000000 ) ;
#3237 = AXIS2_PLACEMENT_3D ( 'NONE', #1497, #2566, #2518 ) ;
#3238 = EDGE_LOOP ( 'NONE', ( #3392, #1991, #3050, #401, #2116, #2201, #1529, #1510, #298 ) ) ;
#3239 = ORIENTED_EDGE ( 'NONE', *, *, #1404, .F. ) ;
#3240 = EDGE_CURVE ( 'NONE', #1162, #2874, #2343, .T. ) ;
#3241 = DIRECTION ( 'NONE',  ( 0.000000000000000000, 0.000000000000000000, -1.000000000000000000 ) ) ;
#3242 = LINE ( 'NONE', #2704, #2237 ) ;
#3243 = AXIS2_PLACEMENT_3D ( 'NONE', #876, #623, #3009 ) ;
#3244 = AXIS2_PLACEMENT_3D ( 'NONE', #2528, #695, #978 ) ;
#3245 = ORIENTED_EDGE ( 'NONE', *, *, #1524, .F. ) ;
#3246 = EDGE_LOOP ( 'NONE', ( #2158, #407, #2485, #2762, #3338, #9, #3078, #1230, #500, #1226, #792, #3306, #1156, #1796, #712, #1648, #2825, #2781, #2553, #155, #2509, #2352, #2990, #2667, #2038, #1913, #405 ) ) ;
#3247 = DIRECTION ( 'NONE',  ( -0.000000000000000000, -1.000000000000000000, 0.000000000000000000 ) ) ;
#3248 = AXIS2_PLACEMENT_3D ( 'NONE', #1729, #195, #3093 ) ;
#3249 = CARTESIAN_POINT ( 'NONE',  ( 42.00000000000000000, 0.000000000000000000, 52.54999999999996874 ) ) ;
#3250 = DIRECTION ( 'NONE',  ( 0.000000000000000000, 1.000000000000000000, 0.000000000000000000 ) ) ;
#3251 = ORIENTED_EDGE ( 'NONE', *, *, #2476, .F. ) ;
#3252 = EDGE_LOOP ( 'NONE', ( #2132, #3345, #1600, #3045 ) ) ;
#3253 = CARTESIAN_POINT ( 'NONE',  ( 31.93407053192019873, 2.000000000000000000, 17.93264139703263282 ) ) ;
#3254 = DIRECTION ( 'NONE',  ( 0.000000000000000000, 1.000000000000000000, 0.000000000000000000 ) ) ;
#3255 =( LENGTH_UNIT ( ) NAMED_UNIT ( * ) SI_UNIT ( .MILLI., .METRE. ) );
#3256 = EDGE_LOOP ( 'NONE', ( #2543, #1876, #127, #1821 ) ) ;
#3257 = CARTESIAN_POINT ( 'NONE',  ( 47.89998255393119564, 2.000000000000000000, -52.63339765602871978 ) ) ;
#3258 = CARTESIAN_POINT ( 'NONE',  ( 47.93577849517377132, -0.01000000000000000021, 32.04320155179977547 ) ) ;
#3259 = EDGE_CURVE ( 'NONE', #1277, #3336, #1961, .T. ) ;
#3260 = ORIENTED_EDGE ( 'NONE', *, *, #1583, .F. ) ;
#3261 = DIRECTION ( 'NONE',  ( 0.000000000000000000, 0.000000000000000000, -1.000000000000000000 ) ) ;
#3262 = ADVANCED_FACE ( 'NONE', ( #813 ), #1854, .T. ) ;
#3263 = CYLINDRICAL_SURFACE ( 'NONE', #3321, 1.549999999999995826 ) ;
#3264 = CARTESIAN_POINT ( 'NONE',  ( 18.64474049546984347, 2.000000000000000000, -29.63023121364310342 ) ) ;
#3265 = EDGE_LOOP ( 'NONE', ( #1777, #1475, #2501, #3251 ) ) ;
#3266 = ORIENTED_EDGE ( 'NONE', *, *, #487, .F. ) ;
#3267 = CARTESIAN_POINT ( 'NONE',  ( -28.00000000000019185, 2.000000000000000000, 27.99999999999980460 ) ) ;
#3268 = DIRECTION ( 'NONE',  ( 0.000000000000000000, 1.000000000000000000, -0.000000000000000000 ) ) ;
#3269 = DIRECTION ( 'NONE',  ( 0.000000000000000000, 0.000000000000000000, -1.000000000000000000 ) ) ;
#3270 = ORIENTED_EDGE ( 'NONE', *, *, #1652, .T. ) ;
#3271 = LINE ( 'NONE', #721, #1776 ) ;
#3272 = FACE_BOUND ( 'NONE', #682, .T. ) ;
#3273 = AXIS2_PLACEMENT_3D ( 'NONE', #1215, #3328, #990 ) ;
#3274 = VERTEX_POINT ( 'NONE', #764 ) ;
#3275 = FACE_OUTER_BOUND ( 'NONE', #1257, .T. ) ;
#3276 = EDGE_CURVE ( 'NONE', #1575, #2978, #1798, .T. ) ;
#3277 = DIRECTION ( 'NONE',  ( -0.000000000000000000, -1.000000000000000000, -0.000000000000000000 ) ) ;
#3278 = CARTESIAN_POINT ( 'NONE',  ( 36.00000000000000711, 0.000000000000000000, -43.00000000000000000 ) ) ;
#3280 = ORIENTED_EDGE ( 'NONE', *, *, #2945, .F. ) ;
#3279 = AXIS2_PLACEMENT_3D ( 'NONE', #2605, #2049, #3119 ) ;
#3281 = DIRECTION ( 'NONE',  ( 0.000000000000000000, 0.000000000000000000, -1.000000000000000000 ) ) ;
#3282 = CARTESIAN_POINT ( 'NONE',  ( 29.63023121364310697, 2.000000000000000000, -18.64474049546982926 ) ) ;
#3283 =( NAMED_UNIT ( * ) PLANE_ANGLE_UNIT ( ) SI_UNIT ( $, .RADIAN. ) );
#3284 = ORIENTED_EDGE ( 'NONE', *, *, #1164, .T. ) ;
#3285 = CARTESIAN_POINT ( 'NONE',  ( -31.99999999999997868, 2.000000000000000000, 42.00000000000001421 ) ) ;
#3286 = AXIS2_PLACEMENT_3D ( 'NONE', #2609, #2887, #1827 ) ;
#3287 = CARTESIAN_POINT ( 'NONE',  ( -27.99999999999970157, 2.000000000000000000, -26.45000000000029772 ) ) ;
#3288 = FACE_BOUND ( 'NONE', #1920, .T. ) ;
#3289 = AXIS2_PLACEMENT_3D ( 'NONE', #2816, #3346, #1480 ) ;
#3290 = ORIENTED_EDGE ( 'NONE', *, *, #1590, .F. ) ;
#3291 = CYLINDRICAL_SURFACE ( 'NONE', #2229, 1.550000000000002709 ) ;
#3292 = VECTOR ( 'NONE', #285, 1000.000000000000000 ) ;
#3293 = AXIS2_PLACEMENT_3D ( 'NONE', #558, #1586, #2664 ) ;
#3294 = EDGE_CURVE ( 'NONE', #2309, #1640, #1621, .T. ) ;
#3295 = LINE ( 'NONE', #1425, #1473 ) ;
#3296 = VERTEX_POINT ( 'NONE', #503 ) ;
#3297 = DIRECTION ( 'NONE',  ( 0.000000000000000000, 1.000000000000000000, 0.000000000000000000 ) ) ;
#3298 = VECTOR ( 'NONE', #2244, 1000.000000000000000 ) ;
#3299 = ORIENTED_EDGE ( 'NONE', *, *, #2754, .F. ) ;
#3300 = EDGE_CURVE ( 'NONE', #3142, #1872, #2524, .T. ) ;
#3301 = ORIENTED_EDGE ( 'NONE', *, *, #1443, .T. ) ;
#3302 = CARTESIAN_POINT ( 'NONE',  ( -44.34352327037802155, 2.000000000000000000, -39.74681774161137326 ) ) ;
#3303 = DIRECTION ( 'NONE',  ( 0.000000000000000000, 0.000000000000000000, -1.000000000000000000 ) ) ;
#3304 = ADVANCED_FACE ( 'NONE', ( #1607 ), #2634, .F. ) ;
#3305 = EDGE_CURVE ( 'NONE', #3079, #1675, #158, .T. ) ;
#3306 = ORIENTED_EDGE ( 'NONE', *, *, #551, .T. ) ;
#3307 = CARTESIAN_POINT ( 'NONE',  ( -29.63023121364311052, 2.000000000000000000, 18.64474049546982926 ) ) ;
#3308 = FACE_BOUND ( 'NONE', #1767, .T. ) ;
#3309 = EDGE_LOOP ( 'NONE', ( #2857, #2285 ) ) ;
#3310 = DIRECTION ( 'NONE',  ( 0.000000000000000000, 1.000000000000000000, -0.000000000000000000 ) ) ;
#3311 = DIRECTION ( 'NONE',  ( -0.000000000000000000, -0.000000000000000000, 1.000000000000000000 ) ) ;
#3312 = DIRECTION ( 'NONE',  ( -0.000000000000000000, -1.000000000000000000, -0.000000000000000000 ) ) ;
#3313 = ORIENTED_EDGE ( 'NONE', *, *, #982, .F. ) ;
#3314 = PLANE ( 'NONE',  #1171 ) ;
#3315 = CARTESIAN_POINT ( 'NONE',  ( 18.64474049546983636, 2.000000000000000000, 29.63023121364310697 ) ) ;
#3316 = ADVANCED_FACE ( 'NONE', ( #1313 ), #7, .F. ) ;
#3317 = ORIENTED_EDGE ( 'NONE', *, *, #3397, .F. ) ;
#3318 = CARTESIAN_POINT ( 'NONE',  ( -42.00000000000000000, 2.000000000000000000, -56.46100436089236752 ) ) ;
#3319 = DIRECTION ( 'NONE',  ( -0.000000000000000000, -1.000000000000000000, -0.000000000000000000 ) ) ;
#3320 = ORIENTED_EDGE ( 'NONE', *, *, #2397, .T. ) ;
#3321 = AXIS2_PLACEMENT_3D ( 'NONE', #72, #57, #1863 ) ;
#3322 = DIRECTION ( 'NONE',  ( 0.000000000000000000, 0.000000000000000000, -1.000000000000000000 ) ) ;
#3323 = CYLINDRICAL_SURFACE ( 'NONE', #472, 5.932910046942935445 ) ;
#3324 = DIRECTION ( 'NONE',  ( 0.000000000000000000, -0.7071067811865515695, -0.7071067811865434649 ) ) ;
#3325 = ORIENTED_EDGE ( 'NONE', *, *, #646, .F. ) ;
#3326 = CIRCLE ( 'NONE', #1490, 2.549999999999968736 ) ;
#3327 = DIRECTION ( 'NONE',  ( 0.000000000000000000, 1.000000000000000000, 0.000000000000000000 ) ) ;
#3328 = DIRECTION ( 'NONE',  ( -0.000000000000000000, -1.000000000000000000, -0.000000000000000000 ) ) ;
#3329 = VERTEX_POINT ( 'NONE', #1573 ) ;
#3330 = EDGE_CURVE ( 'NONE', #2206, #2417, #2650, .T. ) ;
#3331 = APPLICATION_CONTEXT ( 'automotive_design' ) ;
#3332 = DIRECTION ( 'NONE',  ( 0.000000000000000000, 1.000000000000000000, 0.000000000000000000 ) ) ;
#3333 = AXIS2_PLACEMENT_3D ( 'NONE', #1598, #872, #2985 ) ;
#3334 = FACE_BOUND ( 'NONE', #2647, .T. ) ;
#3335 = EDGE_CURVE ( 'NONE', #979, #412, #3399, .T. ) ;
#3336 = VERTEX_POINT ( 'NONE', #295 ) ;
#3337 = AXIS2_PLACEMENT_3D ( 'NONE', #2980, #1646, #1665 ) ;
#3338 = ORIENTED_EDGE ( 'NONE', *, *, #2096, .T. ) ;
#3339 = CARTESIAN_POINT ( 'NONE',  ( 52.10545143312076277, 2.000000000000000000, -43.21127602486693320 ) ) ;
#3340 = CYLINDRICAL_SURFACE ( 'NONE', #2515, 6.461004360892371068 ) ;
#3341 = AXIS2_PLACEMENT_3D ( 'NONE', #1918, #2988, #889 ) ;
#3342 = ADVANCED_FACE ( 'NONE', ( #1326 ), #1907, .F. ) ;
#3343 = EDGE_CURVE ( 'NONE', #2140, #1039, #2399, .T. ) ;
#3344 = CARTESIAN_POINT ( 'NONE',  ( 27.99999999999999645, 0.000000000000000000, -28.00000000000000000 ) ) ;
#3345 = ORIENTED_EDGE ( 'NONE', *, *, #1138, .F. ) ;
#3346 = DIRECTION ( 'NONE',  ( 0.000000000000000000, 1.000000000000000000, -0.000000000000000000 ) ) ;
#3347 = VECTOR ( 'NONE', #1334, 1000.000000000000000 ) ;
#3348 = CARTESIAN_POINT ( 'NONE',  ( -42.00000000000000000, 0.000000000000000000, -49.99999999999999289 ) ) ;
#3349 = DIRECTION ( 'NONE',  ( 0.000000000000000000, 0.000000000000000000, 1.000000000000000000 ) ) ;
#3350 = PRODUCT_CONTEXT ( 'NONE', #3331, 'mechanical' ) ;
#3351 = VECTOR ( 'NONE', #2555, 1000.000000000000000 ) ;
#3352 = VERTEX_POINT ( 'NONE', #1349 ) ;
#3353 = CYLINDRICAL_SURFACE ( 'NONE', #810, 8.500000000000000000 ) ;
#3354 = DIRECTION ( 'NONE',  ( -0.4075833274418365071, 0.000000000000000000, -0.9131680191462252516 ) ) ;
#3355 = ORIENTED_EDGE ( 'NONE', *, *, #2190, .F. ) ;
#3356 = LINE ( 'NONE', #453, #1229 ) ;
#3357 = CARTESIAN_POINT ( 'NONE',  ( -33.11069557317927092, 0.000000000000000000, -13.83997312679163194 ) ) ;
#3358 = CIRCLE ( 'NONE', #59, 1.000000000000000888 ) ;
#3359 = EDGE_CURVE ( 'NONE', #3196, #2941, #1942, .T. ) ;
#3360 = ADVANCED_FACE ( 'NONE', ( #367 ), #2733, .F. ) ;
#3361 = CARTESIAN_POINT ( 'NONE',  ( 46.37644612199551375, 2.000000000000000000, 31.31607292457774960 ) ) ;
#3362 = LINE ( 'NONE', #985, #696 ) ;
#3363 = EDGE_LOOP ( 'NONE', ( #1556, #833, #2622, #84 ) ) ;
#3364 = DIRECTION ( 'NONE',  ( 0.000000000000000000, 0.000000000000000000, -1.000000000000000000 ) ) ;
#3365 = LINE ( 'NONE', #3036, #1445 ) ;
#3366 = CIRCLE ( 'NONE', #934, 48.75000000000000000 ) ;
#3367 = VERTEX_POINT ( 'NONE', #2412 ) ;
#3368 = DIRECTION ( 'NONE',  ( 0.000000000000000000, 1.000000000000000000, 0.000000000000000000 ) ) ;
#3369 = FACE_BOUND ( 'NONE', #865, .T. ) ;
#3370 = AXIS2_PLACEMENT_3D ( 'NONE', #495, #786, #3391 ) ;
#3371 = ORIENTED_EDGE ( 'NONE', *, *, #1564, .F. ) ;
#3372 = DIRECTION ( 'NONE',  ( 0.5866369676933702593, -0.000000000000000000, -0.8098500281752958330 ) ) ;
#3373 = CARTESIAN_POINT ( 'NONE',  ( -42.00000000000000000, 0.000000000000000000, -49.99999999999999289 ) ) ;
#3374 = CIRCLE ( 'NONE', #1930, 1.549999999999999378 ) ;
#3375 = ORIENTED_EDGE ( 'NONE', *, *, #2963, .F. ) ;
#3376 = EDGE_CURVE ( 'NONE', #2568, #1122, #756, .T. ) ;
#3377 = FACE_OUTER_BOUND ( 'NONE', #2142, .T. ) ;
#3378 = EDGE_LOOP ( 'NONE', ( #1852, #3223 ) ) ;
#3379 = CARTESIAN_POINT ( 'NONE',  ( -35.99999999999999289, 2.000000000000000000, -42.99999999999999289 ) ) ;
#3380 = DIRECTION ( 'NONE',  ( 0.000000000000000000, 1.000000000000000000, -0.000000000000000000 ) ) ;
#3381 = DIRECTION ( 'NONE',  ( 0.000000000000000000, 0.000000000000000000, -1.000000000000000000 ) ) ;
#3382 = ORIENTED_EDGE ( 'NONE', *, *, #2493, .T. ) ;
#3383 = FACE_OUTER_BOUND ( 'NONE', #170, .T. ) ;
#3384 = CARTESIAN_POINT ( 'NONE',  ( -37.70979698305702499, 0.000000000000000000, -54.83101805263483897 ) ) ;
#3385 = ORIENTED_EDGE ( 'NONE', *, *, #1418, .F. ) ;
#3386 = CIRCLE ( 'NONE', #1328, 1.550000000000002709 ) ;
#3387 = LINE ( 'NONE', #1283, #3012 ) ;
#3388 = CARTESIAN_POINT ( 'NONE',  ( -35.99999999999999289, 2.000000000000000000, -42.99999999999999289 ) ) ;
#3389 = CIRCLE ( 'NONE', #2335, 37.42950504792256083 ) ;
#3390 = ORIENTED_EDGE ( 'NONE', *, *, #1885, .F. ) ;
#3391 = DIRECTION ( 'NONE',  ( 0.000000000000000000, 0.000000000000000000, 1.000000000000000000 ) ) ;
#3392 = ORIENTED_EDGE ( 'NONE', *, *, #2220, .F. ) ;
#3393 = CIRCLE ( 'NONE', #3289, 2.549999999999968736 ) ;
#3394 = CARTESIAN_POINT ( 'NONE',  ( 42.00000000000000000, 0.000000000000000000, -50.00000000000000000 ) ) ;
#3395 = CARTESIAN_POINT ( 'NONE',  ( 42.00000000000000000, 2.000000000000000000, 51.55000000000000426 ) ) ;
#3396 = VECTOR ( 'NONE', #391, 1000.000000000000000 ) ;
#3397 = EDGE_CURVE ( 'NONE', #2718, #2848, #1439, .T. ) ;
#3398 = CIRCLE ( 'NONE', #2242, 8.500000000000000000 ) ;
#3399 = CIRCLE ( 'NONE', #3293, 1.550000000000002709 ) ;
#3400 = ORIENTED_EDGE ( 'NONE', *, *, #176, .T. ) ;
#3401 = CARTESIAN_POINT ( 'NONE',  ( -0.8098500281752997187, 0.000000000000000000, 5.009235022023404760 ) ) ;
#3402 = ADVANCED_FACE ( 'NONE', ( #1400 ), #2993, .F. ) ;
#3403 = DIRECTION ( 'NONE',  ( -1.734723475976807094E-15, 0.000000000000000000, -1.000000000000000000 ) ) ;
#3404 = CIRCLE ( 'NONE', #2918, 1.550000000000002709 ) ;
#3405 = EDGE_CURVE ( 'NONE', #3182, #1208, #2469, .T. ) ;
#3406 = VECTOR ( 'NONE', #928, 1000.000000000000114 ) ;
#3407 = VERTEX_POINT ( 'NONE', #1626 ) ;
#3408 = ORIENTED_EDGE ( 'NONE', *, *, #1636, .F. ) ;
#3409 = DIRECTION ( 'NONE',  ( 0.000000000000000000, 0.000000000000000000, -1.000000000000000000 ) ) ;
#3410 = LINE ( 'NONE', #1038, #3347 ) ;
#3411 = ORIENTED_EDGE ( 'NONE', *, *, #3233, .T. ) ;
#3412 = PLANE ( 'NONE',  #2384 ) ;
#3413 = EDGE_LOOP ( 'NONE', ( #1143, #19, #1834, #2211 ) ) ;
ENDSEC;
END-ISO-10303-21;
